,name,type,address,lng,lat,province,city,district,Unnamed: 8
0,芳庭潘园,商务住宅;住宅区;住宅小区,芳庭路68,118.728905,32.219022,江苏省,南京市,六合区,
1,晓山北村(芳庭路),商务住宅;住宅区;住宅小区,晓山北村52,118.732068,32.214227,江苏省,南京市,六合区,
2,仁锦苑,商务住宅;住宅区;住宅小区,葛中南路西50米,118.72521,32.221016,江苏省,南京市,六合区,
3,芳庭潘园(东门),商务住宅;商务住宅相关;商务住宅相关,六合大道西50米,118.731414,32.218558,江苏省,南京市,六合区,
4,晓山路59号住宅,商务住宅;住宅区;住宅区,六合晓山路59号,118.741,32.219355,江苏省,南京市,六合区,
5,海棠花园,商务住宅;住宅区;住宅小区,新华西路68-1号,118.741196,32.216761,江苏省,南京市,六合区,
6,瑞凯国际,商务住宅;楼宇;商住两用楼宇,晓山路101号,118.73897,32.219844,江苏省,南京市,六合区,
7,腾泰雅苑,商务住宅;住宅区;住宅小区,草芳路118号,118.739166,32.217481,江苏省,南京市,六合区,
8,草芳新苑,商务住宅;住宅区;住宅小区,草芳路69号,118.735513,32.217971,江苏省,南京市,六合区,
9,晓山北村(晓山路),商务住宅;住宅区;住宅小区,晓山路151号,118.734486,32.220522,江苏省,南京市,六合区,
10,晓山一村,商务住宅;住宅区;住宅小区,新华西路76-3号,118.738083,32.215432,江苏省,南京市,六合区,
11,新广厦小区,商务住宅;住宅区;住宅小区,晓山一村,118.740765,32.218331,江苏省,南京市,六合区,
12,开阳苑,商务住宅;住宅区;住宅小区,晓山路70号附近,118.736981,32.221923,江苏省,南京市,六合区,
13,圣得山庄,商务住宅;住宅区;住宅小区,杨新路195号,118.739822,32.215058,江苏省,南京市,六合区,
14,荣盛水景城小区,商务住宅;住宅区;住宅小区,芳草路213号,118.739528,32.223667,江苏省,南京市,六合区,
15,草芳晓山,商务住宅;住宅区;住宅区,六合草芳晓山,118.739193,32.220075,江苏省,南京市,六合区,
16,开阳苑(西南门),商务住宅;商务住宅相关;商务住宅相关,晓山路70号附近,118.736899,32.221728,江苏省,南京市,六合区,
17,摇光苑,商务住宅;商务住宅相关;商务住宅相关,晓山路104号,118.738722,32.221135,江苏省,南京市,六合区,
18,海棠花园休闲广场,商务住宅;商务住宅相关;商务住宅相关,新华西路与芳庭路交叉口西北200米,118.74008,32.21561,江苏省,南京市,六合区,
19,天权苑,商务住宅;商务住宅相关;商务住宅相关,晓山路102号,118.738999,32.220746,江苏省,南京市,六合区,
20,玉衡苑,商务住宅;商务住宅相关;商务住宅相关,草芳路213号,118.741502,32.222371,江苏省,南京市,六合区,
21,阿尔卡迪亚(西门),商务住宅;商务住宅相关;商务住宅相关,晓山路102,118.73586,32.221226,江苏省,南京市,六合区,
22,阿尔卡迪亚三期新天地B座,商务住宅;商务住宅相关;商务住宅相关,晓山路166号附近,118.73529,32.22149,江苏省,南京市,六合区,
23,邮电大楼,商务住宅;住宅区;住宅小区,健民路189号,118.748091,32.221767,江苏省,南京市,六合区,
24,烟草大厦,商务住宅;楼宇;商务写字楼,健民路200号,118.74677,32.223179,江苏省,南京市,六合区,
25,三丰公寓,商务住宅;住宅区;住宅小区,新华路129号,118.747547,32.223718,江苏省,南京市,六合区,
26,永利晶华城,商务住宅;住宅区;住宅区,健民路与新华路交叉口南50米,118.74693,32.222198,江苏省,南京市,六合区,
27,化建大厦,商务住宅;楼宇;商务写字楼,新华路162号附近,118.748379,32.223158,江苏省,南京市,六合区,
28,永利公寓,商务住宅;住宅区;住宅小区,健民路189号,118.748124,32.221581,江苏省,南京市,六合区,
29,新华西路小区,商务住宅;住宅区;住宅小区,新华西路,118.74807,32.21999,江苏省,南京市,六合区,
30,新华六村小区,商务住宅;住宅区;住宅小区,新华路,118.74403,32.222407,江苏省,南京市,六合区,
31,山潘村,商务住宅;住宅区;住宅区,葛关路山潘村,118.74478,32.22129,江苏省,南京市,六合区,
32,都市1819,商务住宅;住宅区;住宅区,健民路211号,118.748298,32.221421,江苏省,南京市,六合区,
33,新红旗村,商务住宅;楼宇;商住两用楼宇|商务住宅;住宅区;住宅区,健民路4号附近,118.744981,32.224024,江苏省,南京市,六合区,
34,潼恩国际,商务住宅;商务住宅相关;商务住宅相关,大厂街道新华路218号,118.74988,32.22398,江苏省,南京市,六合区,
35,新华四村(南门),商务住宅;商务住宅相关;商务住宅相关,健民路与旭东路交叉口东北100米,118.751233,32.22064,江苏省,南京市,六合区,
36,南京证券大厦,商务住宅;楼宇;商务写字楼,新华路139号,118.748131,32.223659,江苏省,南京市,六合区,
37,电影院宿舍楼,商务住宅;住宅区;宿舍,西厂门街附近,118.760902,32.216547,江苏省,南京市,六合区,
38,周洼新村25号楼,商务住宅;商务住宅相关;商务住宅相关,旭东路389号附近,118.757197,32.223232,江苏省,南京市,六合区,
39,周洼新村,商务住宅;住宅区;住宅小区,沿江工业开发区西厂门街道旭东路上,118.757251,32.22401,江苏省,南京市,六合区,
40,新华四村,商务住宅;住宅区;住宅小区,沿江工业开发区新华路,118.754894,32.221168,江苏省,南京市,六合区,
41,凤西路社区,商务住宅;住宅区;住宅小区,凤凰北路与凤凰南路交叉口西南100米,118.761099,32.215977,江苏省,南京市,六合区,
42,太子山小区,商务住宅;住宅区;住宅小区,太子山路南50米,118.756126,32.214858,江苏省,南京市,六合区,
43,小门,商务住宅;住宅区;住宅区,凤凰东路与毕洼路交叉口北150米,118.763337,32.220041,江苏省,南京市,六合区,
44,周洼新村23号楼,商务住宅;商务住宅相关;商务住宅相关,旭东路北150米附近,118.757269,32.224161,江苏省,南京市,六合区,
45,南京沿江科创中心6号楼,商务住宅;楼宇;商务写字楼,沿江工业开发区葛关路108号,118.767312,32.224191,江苏省,南京市,六合区,
46,东盛大厦,商务住宅;住宅区;住宅区,葛关路42号,118.768779,32.222711,江苏省,南京市,六合区,
47,永元公寓,商务住宅;住宅区;住宅小区,凤凰东路,118.765014,32.222773,江苏省,南京市,六合区,
48,医院公寓,商务住宅;住宅区;宿舍|商务住宅;住宅区;住宅小区,玉带镇,118.908486,32.222492,江苏省,南京市,六合区,
49,润玉水苑2期,商务住宅;住宅区;住宅区,润玉路88,118.91206,32.223861,江苏省,南京市,六合区,
50,润玉水苑1期,商务住宅;住宅区;住宅区,润玉路79,118.91443,32.224121,江苏省,南京市,六合区,
51,盘城新居,商务住宅;住宅区;住宅区,盘城后街38号,118.707928,32.208282,江苏省,南京市,浦口区,
52,南京信息工程大学教师公寓,商务住宅;住宅区;住宅小区,盘城后街南200米,118.712749,32.204995,江苏省,南京市,浦口区,
53,南京信息工程大学文园16幢,商务住宅;住宅区;宿舍,,118.707818,32.205176,江苏省,南京市,浦口区,
54,南京信息工程大学文园13幢,商务住宅;住宅区;宿舍,,118.708102,32.204897,江苏省,南京市,浦口区,
55,南京信息工程大学文园15幢,商务住宅;住宅区;宿舍,,118.707791,32.204947,江苏省,南京市,浦口区,
56,南京信息工程大学文园14幢,商务住宅;住宅区;宿舍,,118.70814,32.205231,江苏省,南京市,浦口区,
57,南京信息工程大学文园12幢,商务住宅;住宅区;宿舍,,118.707762,32.204491,江苏省,南京市,浦口区,
58,南京信息工程大学文园17幢,商务住宅;住宅区;宿舍,,118.706297,32.205301,江苏省,南京市,浦口区,
59,盘城新居北园,商务住宅;住宅区;住宅区,盘城后街38号,118.711698,32.208512,江苏省,南京市,浦口区,
60,盘锦花园,商务住宅;住宅区;住宅小区,盘城镇南京气象学院北大门对面,118.71942,32.208308,江苏省,南京市,浦口区,
61,盘城公寓,商务住宅;住宅区;住宅小区,盘城镇盘城中街10号(苏果超市旁),118.714071,32.211567,江苏省,南京市,浦口区,
62,盘欣家园,商务住宅;住宅区;住宅小区,盘新路88号(公交车站),118.721603,32.207473,江苏省,南京市,浦口区,
63,儒林学士府,商务住宅;住宅区;住宅小区,盘城新街108号,118.716393,32.207058,江苏省,南京市,浦口区,
64,南京信息工程大学晖园,商务住宅;住宅区;宿舍,盘城新街与盘新路交叉口东南200米,118.720022,32.205806,江苏省,南京市,浦口区,
65,南京信息工程大学留学生公寓,商务住宅;住宅区;宿舍,宁六路219号南京信息工程大学,118.715795,32.205309,江苏省,南京市,浦口区,
66,教师家属宿舍15幢,商务住宅;住宅区;宿舍,,118.714326,32.204332,江苏省,南京市,浦口区,
67,教师家属宿舍1幢,商务住宅;住宅区;宿舍,,118.715047,32.204992,江苏省,南京市,浦口区,
68,家属宿舍2幢,商务住宅;住宅区;宿舍,盘城后街,118.715097,32.204736,江苏省,南京市,浦口区,
69,教师家属宿舍10幢,商务住宅;住宅区;宿舍,盘城后街东200米,118.715013,32.20563,江苏省,南京市,浦口区,
70,盘锦花园(西门),商务住宅;商务住宅相关;商务住宅相关,盘新路26号,118.717823,32.208038,江苏省,南京市,浦口区,
71,南京信息工程大学晖园北区,商务住宅;住宅区;宿舍,盘城新街附近,118.719985,32.205846,江苏省,南京市,浦口区,
72,南京信息工程大学晖园南区,商务住宅;住宅区;宿舍,盘城新街附近,118.72023,32.205143,江苏省,南京市,浦口区,
73,教师家属宿舍4幢,商务住宅;住宅区;宿舍,盘城后街,118.715016,32.204286,江苏省,南京市,浦口区,
74,教师家属宿舍3幢,商务住宅;住宅区;宿舍,盘城后街,118.715011,32.204495,江苏省,南京市,浦口区,
75,徐窑花园,商务住宅;住宅区;住宅小区,六合大厂区徐窑花园,118.714529,32.213619,江苏省,南京市,浦口区,
76,鑫庭雅苑,商务住宅;住宅区;住宅小区,盘城镇杨新路5号,118.730695,32.209884,江苏省,南京市,浦口区,
77,福基瑞景园,商务住宅;住宅区;住宅小区,杨新路66号(公交车站),118.731995,32.207275,江苏省,南京市,六合区,
78,福基紫景园,商务住宅;住宅区;住宅小区,杨新路77号(公交车站),118.731616,32.209228,江苏省,南京市,六合区,
79,宝润花园(泰亿步行街),商务住宅;住宅区;住宅小区,新华西路76-3号,118.733936,32.214166,江苏省,南京市,六合区,
80,鑫港大厦,商务住宅;楼宇;商务写字楼,杨新路与江北大道快速路交叉口东150米,118.729877,32.208454,江苏省,南京市,浦口区,
81,福基国际花园,商务住宅;住宅区;住宅小区,杨新路60号,118.73141,32.2077,江苏省,南京市,六合区,
82,徐窑小区,商务住宅;住宅区;住宅小区,盘城街道宁六路298号,118.731537,32.212369,江苏省,南京市,浦口区,
83,杨庄西村小区,商务住宅;住宅区;住宅小区,大厂扬新路,118.732661,32.209396,江苏省,南京市,六合区,
84,南钢三村,商务住宅;楼宇;商住两用楼宇|商务住宅;住宅区;住宅区,盘新路84号附近,118.727659,32.209473,江苏省,南京市,浦口区,
85,福基紫景园北区,商务住宅;住宅区;住宅小区,杨新路77号,118.731743,32.208268,江苏省,南京市,六合区,
86,桂馨园(杨新路),商务住宅;住宅区;住宅小区,新华西路326号,118.734215,32.206824,江苏省,南京市,六合区,
87,湖滨村(旭东路),商务住宅;住宅区;住宅小区,大厂镇凤南街,118.739962,32.204526,江苏省,南京市,六合区,
88,新庄东村,商务住宅;住宅区;住宅小区,沿江工业开发区杨新路151号,118.735964,32.209006,江苏省,南京市,六合区,
89,化建新一村,商务住宅;住宅区;住宅小区,杨新路229号,118.740606,32.210381,江苏省,南京市,六合区,
90,杨庄南村,商务住宅;住宅区;住宅小区,杨新路(公交车站),118.735592,32.210193,江苏省,南京市,六合区,
91,杨庄北村小区,商务住宅;住宅区;住宅小区,杨庄北村,118.738097,32.211609,江苏省,南京市,六合区,
92,湖滨新寓,商务住宅;住宅区;住宅小区,湖滨路,118.739757,32.204397,江苏省,南京市,六合区,
93,新庄西村,商务住宅;住宅区;住宅区,新庄西村(杨新路147号旁),118.734758,32.207616,江苏省,南京市,六合区,
94,风南小区,商务住宅;住宅区;住宅小区,杨新路252号,118.742241,32.208393,江苏省,南京市,六合区,
95,杨庄新村东苑,商务住宅;住宅区;住宅小区,杨庄新村生活区东苑附近,118.73771,32.213095,江苏省,南京市,六合区,
96,杨庄新村西苑,商务住宅;住宅区;住宅小区,沿江工业开发区,118.734336,32.212873,江苏省,南京市,六合区,
97,凤南园,商务住宅;住宅区;住宅区,杨新路400号(公交车站),118.748601,32.206586,江苏省,南京市,六合区,
98,凤南公寓1号,商务住宅;住宅区;宿舍,杨新路398号,118.748798,32.206437,江苏省,南京市,六合区,
99,凤南路小区,商务住宅;住宅区;住宅小区,凤南路,118.74658,32.205848,江苏省,南京市,六合区,
100,五村宿舍,商务住宅;住宅区;宿舍,凤滨路与杨新路交叉口西南100米,118.750717,32.204683,江苏省,南京市,六合区,
101,凤滨嘉园,商务住宅;住宅区;住宅小区,凤滨路18号(九龙公园对面),118.745189,32.205161,江苏省,南京市,六合区,
102,吴家洼,商务住宅;住宅区;住宅小区,凤凰南路,118.7582,32.2128,江苏省,南京市,六合区,
103,悦力产业大楼,商务住宅;楼宇;商务写字楼,凤凰南路西200米,118.755455,32.209283,江苏省,南京市,六合区,
104,百悦家花园,商务住宅;住宅区;住宅小区,育英路299号,118.756242,32.212574,江苏省,南京市,六合区,
105,沿江工业开发区百阅家园,商务住宅;住宅区;住宅区,沿江工业开发区百阅家园4栋608室,118.75573,32.21193,江苏省,南京市,六合区,
106,龙袍镇长江社区,商务住宅;住宅区;住宅小区,水杉路,118.992327,32.206023,江苏省,南京市,六合区,
107,南京信息工程大学沁园,商务住宅;住宅区;宿舍,龙山北路西200米,118.713284,32.201146,江苏省,南京市,浦口区,
108,南京信息工程大学文园,商务住宅;住宅区;宿舍,龙山北路,118.707628,32.202915,江苏省,南京市,浦口区,
109,南京信息工程大学文园5幢,商务住宅;住宅区;宿舍,龙山北路南京信息工程大学文园附近,118.707335,32.20258,江苏省,南京市,浦口区,
110,南京信息工程大学文园19幢,商务住宅;住宅区;宿舍,,118.706495,32.202177,江苏省,南京市,浦口区,
111,南京信息工程大学文园18幢,商务住宅;住宅区;宿舍,,118.708065,32.203943,江苏省,南京市,浦口区,
112,南京信息工程大学文园6-7幢,商务住宅;住宅区;宿舍,盘城南路,118.707282,32.203076,江苏省,南京市,浦口区,
113,南京信息工程大学文园3-4幢,商务住宅;住宅区;宿舍,盘城南路,118.706433,32.202558,江苏省,南京市,浦口区,
114,南京信息工程大学文园11幢,商务住宅;住宅区;宿舍,,118.707187,32.204145,江苏省,南京市,浦口区,
115,陆楼14号,商务住宅;商务住宅相关;商务住宅相关,盘城新街与丁永线交叉口西行100米路北南信台球城3楼,118.719292,32.202147,江苏省,南京市,浦口区,
116,臻善一号,商务住宅;商务住宅相关;商务住宅相关,龙山北路11号(南京信息工程大学中苑南门向东),118.718939,32.201751,江苏省,南京市,浦口区,
117,教师家属宿舍14幢,商务住宅;住宅区;宿舍,,118.714401,32.204071,江苏省,南京市,浦口区,
118,教师家属宿舍12幢,商务住宅;住宅区;宿舍,,118.714469,32.203537,江苏省,南京市,浦口区,
119,教师家属宿舍11幢,商务住宅;住宅区;宿舍,,118.714515,32.203313,江苏省,南京市,浦口区,
120,教师家属宿舍6幢,商务住宅;住宅区;宿舍,盘城后街,118.71507,32.203891,江苏省,南京市,浦口区,
121,教师家属宿舍7幢,商务住宅;住宅区;宿舍,盘城后街,118.71507,32.203655,江苏省,南京市,浦口区,
122,南信大教师公寓,商务住宅;商务住宅相关;商务住宅相关,盘城新街114号,118.720178,32.203112,江苏省,南京市,浦口区,
123,盘金华府,商务住宅;住宅区;住宅小区,新华西路458号(新华路西侧),118.732068,32.203262,江苏省,南京市,浦口区,
124,盘龙山庄,商务住宅;住宅区;住宅小区,水上高新宁六路268号,118.729626,32.199418,江苏省,南京市,浦口区,
125,盘金华府2期,商务住宅;住宅区;住宅区,新华西路458号(公交车站),118.733556,32.202492,江苏省,南京市,浦口区,
126,盘金华府1期,商务住宅;住宅区;住宅区,新华西路454号,118.733624,32.202526,江苏省,南京市,六合区,
127,小区(凤南街),商务住宅;住宅区;住宅小区,凤滨路与凤南街交汇处,118.739987,32.200211,江苏省,南京市,六合区,
128,湖滨村(湖滨路),商务住宅;住宅区;住宅小区,杨庄湖滨村(公交车站),118.740498,32.199567,江苏省,南京市,六合区,
129,湖滨小区,商务住宅;住宅区;住宅小区,湖滨路12号,118.738808,32.200897,江苏省,南京市,六合区,
130,凤南小区(凤南街),商务住宅;住宅区;住宅小区,杨新路252号,118.740491,32.200398,江苏省,南京市,六合区,
131,湖滨六号院,商务住宅;住宅区;住宅区,凤滨路南100米,118.73869,32.201465,江苏省,南京市,六合区,
132,湖滨七号院,商务住宅;住宅区;住宅小区,凤南街与凤滨路交叉口西南200米,118.739322,32.201865,江苏省,南京市,六合区,
133,南钢三村小区,商务住宅;住宅区;住宅小区,南钢三村,118.741855,32.198087,江苏省,南京市,六合区,
134,北山坡宿舍2幢,商务住宅;住宅区;宿舍,幸福路与康乐路交叉口西北150米,118.742435,32.198459,江苏省,南京市,六合区,
135,九龙洼,商务住宅;住宅区;住宅小区,南钢湖傧路九龙洼(公交车站),118.741286,32.196628,江苏省,南京市,六合区,
136,金鹏公寓,商务住宅;住宅区;宿舍,大厂街道卸甲甸街道,118.743047,32.19928,江苏省,南京市,六合区,
137,湖滨村8号院,商务住宅;住宅区;住宅小区,凤滨路181号附近,118.73923,32.202851,江苏省,南京市,六合区,
138,南钢四村2号院,商务住宅;住宅区;住宅小区,康乐路35号附近,118.74301,32.200954,江苏省,南京市,六合区,
139,南钢四村小区,商务住宅;住宅区;住宅小区,卸甲甸大厂村,118.74368,32.199539,江苏省,南京市,六合区,
140,湖滨九号院,商务住宅;住宅区;住宅区,凤滨路157号附近,118.740119,32.203146,江苏省,南京市,六合区,
141,南钢一村小区,商务住宅;住宅区;住宅小区,幸福路与环山路交叉口东南100米,118.743927,32.196927,江苏省,南京市,六合区,
142,卸甲山庄,商务住宅;住宅区;住宅小区,凤滨路158号,118.741822,32.203509,江苏省,南京市,六合区,
143,南钢六村小区,商务住宅;住宅区;住宅小区,凤滨路附近,118.735889,32.203502,江苏省,南京市,六合区,
144,创业街A区55号,商务住宅;商务住宅相关;商务住宅相关,凤南街62号附近,118.740884,32.201375,江苏省,南京市,六合区,
145,创业街A区56号,商务住宅;商务住宅相关;商务住宅相关,凤南街62号附近,118.741032,32.201447,江苏省,南京市,六合区,
146,创业街A区54号,商务住宅;商务住宅相关;商务住宅相关,凤南街60号附近,118.740737,32.201304,江苏省,南京市,六合区,
147,创业街A区53号,商务住宅;商务住宅相关;商务住宅相关,凤南街58号附近,118.740589,32.201232,江苏省,南京市,六合区,
148,南刚科技楼,商务住宅;楼宇;商务写字楼,凤滨路51号,118.747174,32.203431,江苏省,南京市,六合区,
149,南钢五村,商务住宅;住宅区;住宅区,卸甲甸南钢五村,118.751217,32.204197,江苏省,南京市,六合区,
150,南钢二村,商务住宅;住宅区;住宅区,近郊幸福路,118.747752,32.202194,江苏省,南京市,六合区,
151,光明社区,商务住宅;住宅区;住宅小区,跃进路东50米,118.836363,32.197652,江苏省,南京市,栖霞区,
152,太华园,商务住宅;住宅区;住宅小区,西街28号,118.950082,32.195896,江苏省,南京市,六合区,
153,龙袍中心转盘,商务住宅;商务住宅相关;商务住宅相关,青玉线,118.952984,32.197071,江苏省,南京市,六合区,
154,园心园,商务住宅;商务住宅相关;商务住宅相关,龙江路3号,118.954006,32.196946,江苏省,南京市,六合区,
155,六合茉莉花园,商务住宅;商务住宅相关;商务住宅相关,洲滩渡假村南,118.993771,32.199697,江苏省,南京市,六合区,
156,雅居乐林语城,商务住宅;住宅区;住宅区,汊河新城,118.592895,32.189862,江苏省,南京市,浦口区,
157,朗诗未来街区,商务住宅;住宅区;住宅小区,星火北路新锦湖路交叉口,118.712419,32.186666,江苏省,南京市,浦口区,
158,绿地悦峰公馆,商务住宅;商务住宅相关;商务住宅相关,何庄路,118.728172,32.18799,江苏省,南京市,浦口区,
159,南钢集团(十四号门),商务住宅;商务住宅相关;商务住宅相关,A8路与B1路交叉口西50米,118.731296,32.186771,江苏省,南京市,浦口区,
160,家春秋,商务住宅;住宅区;住宅小区,八卦洲街86号(八卦洲小城镇长江路以北),118.809211,32.189283,江苏省,南京市,栖霞区,
161,家春秋,商务住宅;住宅区;住宅小区,栖霞八卦洲小城镇,118.814402,32.190843,江苏省,南京市,栖霞区,
162,幸福家园,商务住宅;住宅区;住宅小区,跃进西路与跃进路交叉口南200米,118.831923,32.18591,江苏省,南京市,栖霞区,
163,绿水湾小区,商务住宅;住宅区;住宅小区,国余线附近,118.5939,32.183833,江苏省,南京市,浦口区,
164,埔义生态园办公楼,商务住宅;楼宇;商务写字楼,中心西街5号,118.61212,32.18408,江苏省,南京市,浦口区,
165,南京信息工程大学滨江学院花旗营校区女生公寓,商务住宅;住宅区;宿舍,,118.681637,32.176867,江苏省,南京市,浦口区,
166,南京信息工程大学滨江学院花旗营校区男生公寓,商务住宅;住宅区;宿舍,,118.681542,32.1765,江苏省,南京市,浦口区,
167,裕民家园,商务住宅;住宅区;住宅小区,龙泰路22号,118.686383,32.177852,江苏省,南京市,浦口区,
168,永丰公寓,商务住宅;住宅区;住宅小区,永锦路1号,118.688188,32.17449,江苏省,南京市,浦口区,
169,南京生物医药谷研发楼,商务住宅;楼宇;商务写字楼,新锦湖路3-1号附近,118.69491,32.18293,江苏省,南京市,浦口区,
170,新城·香溢紫郡,商务住宅;住宅区;住宅小区,星火北路8号,118.698761,32.176846,江苏省,南京市,浦口区,
171,新城香槟广场,商务住宅;住宅区;住宅小区,学府路(星火路口),118.698087,32.174716,江苏省,南京市,浦口区,
172,新城·香溢紫郡南区,商务住宅;住宅区;住宅小区,学府路与星火路交汇处新城·香溢紫郡附近,118.698876,32.176539,江苏省,南京市,浦口区,
173,新城香溢紫郡雅苑,商务住宅;住宅区;住宅小区,新锦湖路南200米,118.699346,32.181023,江苏省,南京市,浦口区,
174,香溢紫郡雅苑2期,商务住宅;商务住宅相关;商务住宅相关,星火路,118.698427,32.178455,江苏省,南京市,浦口区,
175,弘阳时光里,商务住宅;住宅区;住宅小区,蓝海路与高新北路交汇处,118.710982,32.181569,江苏省,南京市,浦口区,
176,亚泰山语湖,商务住宅;住宅区;住宅小区,永新路与蓝海路交汇处,118.706094,32.183479,江苏省,南京市,浦口区,
177,新城花漾紫郡,商务住宅;住宅区;住宅小区,新锦湖路南京朗诗未来街区东南侧,118.711793,32.184063,江苏省,南京市,浦口区,
178,招商兰溪谷,商务住宅;住宅区;住宅小区,新锦湖路,118.70756,32.184026,江苏省,南京市,浦口区,
179,绿地悦峰公馆,商务住宅;住宅区;住宅小区,新锦湖路,118.713464,32.181528,江苏省,南京市,浦口区,
180,弘阳G68地块,商务住宅;住宅区;住宅区,高新区高新北路以西、南大浦口校区以东(3-5)地块,118.710084,32.178009,江苏省,南京市,浦口区,
181,招商·兰溪谷Ⅱ期,商务住宅;住宅区;住宅小区,新锦湖路东200米,118.708884,32.184001,江苏省,南京市,浦口区,
182,南京大学浦口校区3栋宿舍,商务住宅;住宅区;宿舍,育英路附近,118.705964,32.177736,江苏省,南京市,浦口区,
183,富乐盛学府路项目,商务住宅;住宅区;住宅区,南京高新技术开发区,118.71543,32.174583,江苏省,南京市,浦口区,
184,绿地新里·悦峰公馆,商务住宅;住宅区;住宅小区,地铁S8号线高新站2号出口向西500米,118.719209,32.177696,江苏省,南京市,浦口区,
185,旭日学府,商务住宅;住宅区;住宅区,"宁六路75号(高新技术开发区内,宁六公路西侧,学府路北侧)",118.717838,32.175811,江苏省,南京市,浦口区,
186,墩子61号,商务住宅;商务住宅相关;商务住宅相关,学府路54号附近,118.714713,32.176527,江苏省,南京市,浦口区,
187,南京艺之行艺术学校-宿舍楼,商务住宅;住宅区;宿舍,宁王线东50米,118.724608,32.183118,江苏省,南京市,浦口区,
188,丽岛新城(西门),商务住宅;商务住宅相关;商务住宅相关,集镇北路,118.813655,32.174632,江苏省,南京市,栖霞区,
189,丽岛新城,商务住宅;住宅区;住宅小区,鹂岛路86号,118.815696,32.174353,江苏省,南京市,栖霞区,
190,南京软件园15号研发楼,商务住宅;楼宇;商务写字楼,新科二路18号,118.712066,32.170582,江苏省,南京市,浦口区,
191,爱信诺大厦,商务住宅;楼宇;商务写字楼,新科四路与高科四路交叉口东南50米,118.711024,32.16469,江苏省,南京市,浦口区,
192,南京山泉青年公馆,商务住宅;住宅区;住宅小区|住宿服务;旅馆招待所;旅馆招待所,高科五路3号30栋,118.707702,32.168907,江苏省,南京市,浦口区,
193,三号公寓A,商务住宅;住宅区;住宅小区,高科六路3,118.706837,32.168284,江苏省,南京市,浦口区,
194,北园大厦,商务住宅;楼宇;商务写字楼,高新区高科一路2-2号,118.714975,32.16519,江苏省,南京市,浦口区,
195,天晴花园,商务住宅;住宅区;住宅小区,沿江镇泰冯路92号,118.719086,32.164924,江苏省,南京市,浦口区,
196,东苑小区(天晴路),商务住宅;住宅区;住宅小区,泰冯路东苑小区,118.720371,32.165153,江苏省,南京市,浦口区,
197,绿尔德天大楼,商务住宅;商务住宅相关;商务住宅相关,泰冯路98号,118.718699,32.166204,江苏省,南京市,浦口区,
198,南京高新2号公寓,商务住宅;住宅区;住宅小区,高科一路22号,118.71633,32.170276,江苏省,南京市,浦口区,
199,浦源小区,商务住宅;住宅区;住宅小区,泰冯路117号,118.719393,32.16761,江苏省,南京市,浦口区,
200,海润枫景家园(北门),商务住宅;商务住宅相关;商务住宅相关,焦冯路与金庄河南路交叉口南100米,118.725679,32.164842,江苏省,南京市,浦口区,
201,浦口区沿江街道新化社区,商务住宅;住宅区;住宅小区,南浦路东50米,118.743125,32.164489,江苏省,南京市,浦口区,
202,丽岛花园(集镇南路),商务住宅;住宅区;住宅小区,鹂岛路51号,118.821404,32.170808,江苏省,南京市,栖霞区,
203,丽岛花园(东2门),商务住宅;商务住宅相关;商务住宅相关,集镇南路53号附近,118.823064,32.170855,江苏省,南京市,栖霞区,
204,金翔大厦(新港大道),商务住宅;楼宇;商务写字楼,新港经济技术开发区新港大道7号,118.893433,32.167606,江苏省,南京市,栖霞区,
205,臣功2期,商务住宅;商务住宅相关;商务住宅相关,新港大道20号,118.891302,32.168284,江苏省,南京市,栖霞区,
206,韩家桥,商务住宅;住宅区;住宅区,南石线,118.942921,32.165625,江苏省,南京市,栖霞区,
207,高家庄小区,商务住宅;住宅区;住宅小区,高家庄,118.96824,32.1658,江苏省,南京市,栖霞区,
208,涧畔居,商务住宅;商务住宅相关;商务住宅相关,虹余线,118.584167,32.154676,江苏省,南京市,浦口区,
209,捷顺达大厦,商务住宅;楼宇;商务写字楼,浦泗路与解放路交叉口向东,118.677112,32.164107,江苏省,南京市,浦口区,
210,中泰大厦,商务住宅;楼宇;商务写字楼,工地路与浦泗路交叉口东150米,118.676208,32.164052,江苏省,南京市,浦口区,
211,泰山街道流动人口天景中心公寓,商务住宅;住宅区;住宅小区,浦泗路南200米,118.682518,32.163308,江苏省,南京市,浦口区,
212,筛王桥公寓,商务住宅;住宅区;住宅小区,浦泗路29号附近,118.675667,32.163889,江苏省,南京市,浦口区,
213,国电南自高新能源B楼,商务住宅;楼宇;商务写字楼,惠达路西150米,118.691318,32.161586,江苏省,南京市,浦口区,
214,国电南自高新能源A楼,商务住宅;楼宇;商务写字楼,惠达路南150米,118.692779,32.160825,江苏省,南京市,浦口区,
215,国电南自高新能源C楼,商务住宅;楼宇;商务写字楼,惠达路西50米,118.691461,32.162473,江苏省,南京市,浦口区,
216,国电南自高新能源E楼,商务住宅;楼宇;商务写字楼,惠达路西150米,118.690883,32.161542,江苏省,南京市,浦口区,
217,国电南自高新能源D楼,商务住宅;楼宇;商务写字楼,惠达路西100米,118.691218,32.162116,江苏省,南京市,浦口区,
218,动漫大厦(星火路),商务住宅;楼宇;商务写字楼,星火路11号,118.697354,32.160466,江苏省,南京市,浦口区,
219,北斗大厦(惠达路),商务住宅;楼宇;商务写字楼,惠达路6号附近,118.698688,32.161925,江苏省,南京市,浦口区,
220,100大厦,商务住宅;楼宇;商务写字楼,惠达路与星火路交汇处,118.696054,32.160527,江苏省,南京市,浦口区,
221,软件大厦,商务住宅;楼宇;商务写字楼,星火路9号,118.697356,32.162224,江苏省,南京市,浦口区,
222,人才大厦,商务住宅;楼宇;商务写字楼,星火路10号,118.69485,32.160859,江苏省,南京市,浦口区,
223,南京软件园2号研发楼,商务住宅;楼宇;商务写字楼,丽景路20号,118.701331,32.162983,江苏省,南京市,浦口区,
224,星火E方,商务住宅;楼宇;商务写字楼|商务住宅;住宅区;住宅小区,泰山街道星火路9号,118.6959,32.154843,江苏省,南京市,浦口区,
225,艾菲国际,商务住宅;住宅区;住宅小区,丽景路与惠达路交汇处,118.703151,32.159215,江苏省,南京市,浦口区,
226,高新花苑,商务住宅;住宅区;住宅小区,丽景路6号,118.711947,32.160245,江苏省,南京市,浦口区,
227,中国航空工业第六零九研究所综合服务楼,商务住宅;楼宇;商务写字楼,创业新村57,118.709368,32.159118,江苏省,南京市,浦口区,
228,创业新村小区,商务住宅;住宅区;住宅小区,高新路6号,118.709909,32.159712,江苏省,南京市,浦口区,
229,高新区人才公寓,商务住宅;住宅区;住宅小区,丽景路与兰卉路交叉口东150米,118.707343,32.159703,江苏省,南京市,浦口区,
230,高新别墅,商务住宅;住宅区;别墅,桐雨路与流芳路交叉口南150米,118.705213,32.162851,江苏省,南京市,浦口区,
231,南京软件研发大厦A座,商务住宅;楼宇;商务写字楼,宁六公路与江北大道快速路入口交叉口西100米,118.712845,32.158972,江苏省,南京市,浦口区,
232,焦点科技大厦,商务住宅;楼宇;商务写字楼,丽景路11号附近,118.706217,32.159095,江苏省,南京市,浦口区,
233,南京软件研发大厦B座,商务住宅;楼宇;商务写字楼,丽景路2号,118.712709,32.158526,江苏省,南京市,浦口区,
234,文创台海,商务住宅;商务住宅相关;商务住宅相关,丽景路1号,118.711646,32.157415,江苏省,南京市,浦口区,
235,东南大学成贤学院学生公寓12舍,商务住宅;住宅区;宿舍,书院路,118.705855,32.156228,江苏省,南京市,浦口区,
236,南京软件园研发大厦,商务住宅;楼宇;商务写字楼,丽景路2号,118.712706,32.158522,江苏省,南京市,浦口区,
237,东南大学成贤学院学生公寓16舍,商务住宅;住宅区;宿舍,书苑路与高新路交叉口西北100米,118.707107,32.155328,江苏省,南京市,浦口区,
238,东南大学成贤学院学生公寓15舍,商务住宅;住宅区;宿舍,书苑路与高新路交叉口西北100米,118.707107,32.155328,江苏省,南京市,浦口区,
239,东南大学成贤学院南校区学生公寓14舍13舍,商务住宅;住宅区;宿舍,东大路6号,118.706546,32.155261,江苏省,南京市,浦口区,
240,东南大学成贤学院南校区学生公寓17舍18舍,商务住宅;住宅区;宿舍,书苑路与书院路交叉口东150米,118.705995,32.155447,江苏省,南京市,浦口区,
241,天华硅谷,商务住宅;住宅区;住宅小区,泰冯路59号,118.716835,32.155954,江苏省,南京市,浦口区,
242,天华绿谷庄园,商务住宅;住宅区;住宅小区,泰冯路69号(南京高新技术开发区对面),118.716487,32.160229,江苏省,南京市,浦口区,
243,金陵公寓,商务住宅;住宅区;住宅小区,泰冯路65号,118.718606,32.159237,江苏省,南京市,浦口区,
244,浦洲花园,商务住宅;住宅区;住宅小区,沿江街道泰冯路90号,118.719391,32.162653,江苏省,南京市,浦口区,
245,泰冯路小区,商务住宅;住宅区;住宅小区,泰冯路(公交车站),118.718938,32.159684,江苏省,南京市,浦口区,
246,南京弘扬连锁公寓天华硅谷一期南区,商务住宅;商务住宅相关;商务住宅相关,天华硅谷一期南区,118.715512,32.155071,江苏省,南京市,浦口区,
247,弘扬连锁公寓天华硅谷一期北区,商务住宅;商务住宅相关;商务住宅相关,天华硅谷一期43栋,118.7163,32.15747,江苏省,南京市,浦口区,
248,南京江北连锁公寓天华硅谷二期南区,商务住宅;商务住宅相关;商务住宅相关,天华硅谷二期21栋,118.71672,32.15644,江苏省,南京市,浦口区,
249,浦洲花园(南门),商务住宅;商务住宅相关;商务住宅相关,复兴路90号,118.719526,32.162445,江苏省,南京市,浦口区,
250,海润枫景家园,商务住宅;住宅区;住宅小区,沿江浦洲路5号,118.726199,32.162919,江苏省,南京市,浦口区,
251,苏宁天润城十四街区,商务住宅;住宅区;住宅小区,天华北路6号,118.730691,32.157801,江苏省,南京市,浦口区,
252,天润城十六街区北区,商务住宅;住宅区;住宅区,天华北路西50米,118.72838,32.155973,江苏省,南京市,浦口区,
253,苏宁天润城十三街区,商务住宅;住宅区;住宅小区,沿江街道京新路628号(浦口浦洲路南侧),118.735913,32.155707,江苏省,南京市,浦口区,
254,江岸水城,商务住宅;住宅区;住宅小区,南浦路323号,118.738759,32.155036,江苏省,南京市,浦口区,
255,复兴社区,商务住宅;住宅区;住宅小区,浦洲路,118.736747,32.158736,江苏省,南京市,浦口区,
256,江岸水城(东门),商务住宅;商务住宅相关;商务住宅相关,南浦路西50米,118.740413,32.154491,江苏省,南京市,浦口区,
257,南京润泰花园,商务住宅;住宅区;住宅小区,江山路,118.747321,32.154349,江苏省,南京市,浦口区,
258,金融贸易楼,商务住宅;楼宇;商务写字楼,新港大道89号,118.86949,32.163638,江苏省,南京市,栖霞区,
259,人才大厦,商务住宅;楼宇;商务写字楼,司储运贸易公司附近,118.871614,32.162666,江苏省,南京市,栖霞区,
260,新港金融中心,商务住宅;楼宇;商务写字楼,尧新大道与新港大道交叉口东150米,118.868717,32.162869,江苏省,南京市,栖霞区,
261,翠屏水晶广场,商务住宅;楼宇;商务写字楼,尧新大道416号,118.867809,32.163225,江苏省,南京市,栖霞区,
262,金融区员工公寓,商务住宅;住宅区;宿舍,尧新大道附近,118.869982,32.16233,江苏省,南京市,栖霞区,
263,紫金(新港)科技人才公寓,商务住宅;住宅区;宿舍,新港大道82-2号,118.871248,32.16289,江苏省,南京市,栖霞区,
264,新生圩港员工公寓,商务住宅;住宅区;宿舍,山北横一路与惠新路交叉口西南200米,118.870733,32.16331,江苏省,南京市,栖霞区,
265,永和苑(恒谊路),商务住宅;住宅区;住宅小区,经济技术开发区lg路,118.894648,32.156551,江苏省,南京市,栖霞区,
266,伊达公寓,商务住宅;商务住宅相关;商务住宅相关,尧化街道新港大道9号,118.89448,32.16397,江苏省,南京市,栖霞区,
267,南炼二村小区,商务住宅;住宅区;住宅小区,纬一路与经三路交叉口西50米,118.933837,32.154753,江苏省,南京市,栖霞区,
268,五福家园,商务住宅;住宅区;住宅小区,栖霞镇金家庄(公交车站),118.94949,32.15528,江苏省,南京市,栖霞区,
269,五福家园枫苑,商务住宅;住宅区;住宅小区,,118.948125,32.154876,江苏省,南京市,栖霞区,
270,五福家园柳苑,商务住宅;住宅区;住宅小区,栖石路西200米,118.950452,32.154672,江苏省,南京市,栖霞区,
271,五福家园竹苑,商务住宅;住宅区;住宅小区,,118.947237,32.155904,江苏省,南京市,栖霞区,
272,五福家园-荷苑,商务住宅;住宅区;住宅区,,118.948433,32.156217,江苏省,南京市,栖霞区,
273,银矿新村东区,商务住宅;住宅区;住宅小区,栖霞街133号附近,118.954519,32.154578,江苏省,南京市,栖霞区,
274,地质新村小区,商务住宅;住宅区;住宅小区,栖霞街134号华东地堪810队,118.954937,32.155781,江苏省,南京市,栖霞区,
275,锰矿新村,商务住宅;住宅区;住宅小区,栖霞街与202县道交叉口东50米,118.956264,32.15855,江苏省,南京市,栖霞区,
276,宝华山一方,商务住宅;楼宇;商住两用楼宇|商务住宅;住宅区;住宅区,汤龙路西100米,119.049476,32.163623,江苏省,南京市,栖霞区,
277,星智汇商务花园,商务住宅;住宅区;住宅小区,星火路东50米,118.696827,32.15275,江苏省,南京市,浦口区,
278,碧泉嘉园,商务住宅;住宅区;住宅小区,东门左所大街503号,118.694812,32.149847,江苏省,南京市,浦口区,
279,景福家园,商务住宅;住宅区;住宅区,泰山镇,118.697505,32.144557,江苏省,南京市,浦口区,
280,华侨绿洲,商务住宅;住宅区;住宅小区,泰西路18号,118.707881,32.14869,江苏省,南京市,浦口区,
281,华侨绿洲2期,商务住宅;住宅区;住宅小区,东大路与高新路交叉口西南200米,118.707169,32.150083,江苏省,南京市,浦口区,
282,东南大学浦口校区东校区教师公寓,商务住宅;住宅区;宿舍,东大路2号,118.709376,32.151305,江苏省,南京市,浦口区,
283,东南大学成贤学院教师公寓,商务住宅;住宅区;宿舍,东大路6号东南大学成贤学院,118.708931,32.151455,江苏省,南京市,浦口区,
284,后河沿小区,商务住宅;住宅区;住宅小区,泰西路18号,118.709922,32.14684,江苏省,南京市,浦口区,
285,桃园八舍,商务住宅;住宅区;宿舍,文昌路与桃园中路交叉口东南100米,118.707206,32.152043,江苏省,南京市,浦口区,
286,东南大学成贤学院桃园宿舍,商务住宅;住宅区;宿舍,东大路6号东南大学成贤学院东南大学浦口校区内(近中大路),118.706203,32.15155,江苏省,南京市,浦口区,
287,桃园12舍,商务住宅;住宅区;宿舍,文昌路与桃园中路交叉口西南150米,118.706143,32.151521,江苏省,南京市,浦口区,
288,桃园11舍,商务住宅;住宅区;宿舍,文昌路与桃园中路交叉口西南100米,118.706302,32.151912,江苏省,南京市,浦口区,
289,东南大学成贤学院学生公寓(桃园11舍),商务住宅;住宅区;宿舍,东大路6号东南大学成贤学院,118.706148,32.151928,江苏省,南京市,浦口区,
290,浦东花园(东大路),商务住宅;住宅区;住宅小区,宁六路1号,118.713032,32.147993,江苏省,南京市,浦口区,
291,桃园6舍,商务住宅;住宅区;宿舍,东大路6号,118.707161,32.152909,江苏省,南京市,浦口区,
292,桃园3舍,商务住宅;住宅区;宿舍,文昌路与桃园中路交叉口西北100米,118.706314,32.152732,江苏省,南京市,浦口区,
293,桃园五舍,商务住宅;住宅区;宿舍,文昌路与桃园中路交叉口东北150米,118.707245,32.153199,江苏省,南京市,浦口区,
294,泰山花苑,商务住宅;住宅区;住宅小区,泰西路10号11栋202室,118.711938,32.145742,江苏省,南京市,浦口区,
295,桃园2舍,商务住宅;住宅区;宿舍,文昌路与桃园中路交叉口西北100米,118.706334,32.153084,江苏省,南京市,浦口区,
296,桃园四舍,商务住宅;住宅区;宿舍,文昌路与桃园中路交叉口北150米,118.707143,32.153542,江苏省,南京市,浦口区,
297,泰来苑,商务住宅;住宅区;住宅小区,泰西路28号(泰山新村转盘西侧500米),118.705949,32.144949,江苏省,南京市,浦口区,
298,东南大学成贤学院C座,商务住宅;楼宇;商务写字楼,东大路2号,118.71104,32.151469,江苏省,南京市,浦口区,
299,浦东大厦,商务住宅;楼宇;商务写字楼,泰山街道泰西路2号浦东大厦美食街18号,118.713899,32.145472,江苏省,南京市,浦口区,
300,金泰商务,商务住宅;楼宇;商务写字楼,泰西路3号,118.714638,32.144514,江苏省,南京市,浦口区,
301,天润城十六街区,商务住宅;住宅区;住宅小区,天华南路3号,118.723256,32.145822,江苏省,南京市,浦口区,
302,天润城十六街区南区,商务住宅;住宅区;住宅小区,天华南路西150米,118.723757,32.14635,江苏省,南京市,浦口区,
303,苏宁天润城十二街区,商务住宅;住宅区;住宅小区,京新路628号,118.731367,32.153626,江苏省,南京市,浦口区,
304,天润城六街区,商务住宅;住宅区;住宅小区,天润城(第五街区)附近,118.729611,32.14473,江苏省,南京市,浦口区,
305,天润城七街区,商务住宅;住宅区;住宅小区,天华南路,118.726386,32.144899,江苏省,南京市,浦口区,
306,天润城第十街区,商务住宅;住宅区;住宅小区,,118.728933,32.148032,江苏省,南京市,浦口区,
307,天润城12街区,商务住宅;住宅区;住宅区,天华北路2号,118.728783,32.15417,江苏省,南京市,浦口区,
308,天润城十二街区,商务住宅;住宅区;住宅小区,天华北路东50米,118.728677,32.15394,江苏省,南京市,浦口区,
309,万润嘉园,商务住宅;住宅区;住宅小区,天华南路11号,118.725727,32.150806,江苏省,南京市,浦口区,
310,天润城五六七街区,商务住宅;住宅区;住宅小区,沿江街道京新628号,118.73012,32.144717,江苏省,南京市,浦口区,
311,强盛国际广场,商务住宅;楼宇;商务写字楼,天华南路与百润西路交叉口东北50米,118.726109,32.147481,江苏省,南京市,浦口区,
312,苏宁天润城第九街区,商务住宅;住宅区;住宅小区,沿江街道,118.732398,32.149396,江苏省,南京市,浦口区,
313,南京弘扬连锁公寓天润城十三街区南区,商务住宅;商务住宅相关;商务住宅相关,天润城十三街区,118.733876,32.153812,江苏省,南京市,浦口区,
314,天润城第九街区(北门),商务住宅;商务住宅相关;商务住宅相关,百润路7号15幢附近,118.73243,32.150486,江苏省,南京市,浦口区,
315,南京苏宁天润城,商务住宅;商务住宅相关;商务住宅相关,大桥北路77号(红太阳装饰城8号门对面),118.732446,32.150601,江苏省,南京市,浦口区,
316,天润城第九街区07号,商务住宅;商务住宅相关;商务住宅相关,百润路,118.732073,32.1492,江苏省,南京市,浦口区,
317,天润城十街区(西门),商务住宅;商务住宅相关;商务住宅相关,天华南路20号,118.727629,32.14928,江苏省,南京市,浦口区,
318,南京尚禾家庭公寓(天润城第四街区北区),商务住宅;商务住宅相关;商务住宅相关,天润城第四街区34栋,118.733905,32.146992,江苏省,南京市,浦口区,
319,润富花园,商务住宅;住宅区;住宅小区,南浦路321号,118.737415,32.151808,江苏省,南京市,浦口区,
320,天润城第一街区,商务住宅;住宅区;住宅小区,南浦路311号,118.738373,32.145007,江苏省,南京市,浦口区,
321,天润城第二街区,商务住宅;住宅区;住宅小区,南浦路313号,118.738532,32.147762,江苏省,南京市,浦口区,
322,天润城第三街区,商务住宅;住宅区;住宅小区,百润西路238,118.735264,32.146069,江苏省,南京市,浦口区,
323,天润城第四街区,商务住宅;住宅区;住宅小区,京新路,118.734116,32.145934,江苏省,南京市,浦口区,
324,春辉商业广场,商务住宅;楼宇;商务写字楼,南浦路西200米,118.738381,32.150426,江苏省,南京市,浦口区,
325,天润城十一街区,商务住宅;住宅区;住宅区,百润路7号,118.734063,32.149233,江苏省,南京市,浦口区,
326,天润城4街区,商务住宅;住宅区;住宅区,天华北路6号,118.735023,32.15106,江苏省,南京市,浦口区,
327,南京弘扬连锁公寓天润城二街区北区,商务住宅;商务住宅相关;商务住宅相关,天润城二街区东,118.740126,32.146921,江苏省,南京市,浦口区,
328,南京遇尚9号公寓天润城第四街区南区,商务住宅;商务住宅相关;商务住宅相关,南京天润城第四街区22栋,118.73395,32.146454,江苏省,南京市,浦口区,
329,苏宁天润城十一街区北区,商务住宅;住宅区;住宅小区,润浦路南100米,118.737756,32.151527,江苏省,南京市,浦口区,
330,苏宁天润城十一街区南区,商务住宅;住宅区;住宅小区,百润路4号,118.735877,32.149167,江苏省,南京市,浦口区,
331,江岸水城(南门),商务住宅;商务住宅相关;商务住宅相关,润浦路,118.73808,32.152482,江苏省,南京市,浦口区,
332,苏宁天润城十一街区南区(北门),商务住宅;商务住宅相关;商务住宅相关,南浦路,118.737633,32.150554,江苏省,南京市,浦口区,
333,润富花园(东门),商务住宅;商务住宅相关;商务住宅相关,南浦路69号附近,118.740249,32.150757,江苏省,南京市,浦口区,
334,天润城十一街区北区(南门),商务住宅;商务住宅相关;商务住宅相关,百润路2号77附近,118.735316,32.148312,江苏省,南京市,浦口区,
335,天润城十一街区北区(东门),商务住宅;商务住宅相关;商务住宅相关,百润路2号77附近,118.735316,32.148312,江苏省,南京市,浦口区,
336,苏宁天润城十一街区南区(东门),商务住宅;商务住宅相关;商务住宅相关,百润路4号苏宁天润城十一街区南区附近,118.735877,32.149167,江苏省,南京市,浦口区,
337,苏宁环球综合楼,商务住宅;楼宇;商务写字楼,天华东路98号22附近,118.749686,32.147327,江苏省,南京市,浦口区,
338,威尼斯水城,商务住宅;住宅区;住宅小区,柳洲东路199号,118.752411,32.144383,江苏省,南京市,浦口区,
339,威尼斯水城第七街区,商务住宅;住宅区;住宅小区,天华东路100号,118.752711,32.146411,江苏省,南京市,浦口区,
340,威尼斯水城第八街区,商务住宅;住宅区;住宅小区,浦珠北路威尼斯温泉会所,118.74996,32.145753,江苏省,南京市,浦口区,
341,威尼斯水城第六街区,商务住宅;住宅区;住宅小区,柳洲东路199号,118.75235,32.144399,江苏省,南京市,浦口区,
342,润泰花园2期,商务住宅;住宅区;住宅小区,江山路附近,118.74796,32.149433,江苏省,南京市,浦口区,
343,威尼斯水城·13街区,商务住宅;住宅区;住宅小区,天华东路99号,118.750467,32.149961,江苏省,南京市,浦口区,
344,威尼斯水城十四街区,商务住宅;住宅区;住宅小区,,118.753338,32.149585,江苏省,南京市,浦口区,
345,威尼斯8街区,商务住宅;商务住宅相关;商务住宅相关,天华东路98号,118.748885,32.146174,江苏省,南京市,浦口区,
346,威尼斯水城十街区,商务住宅;住宅区;住宅小区,浦珠路威尼斯水城,118.75621,32.144942,江苏省,南京市,浦口区,
347,威尼斯水城15街区,商务住宅;住宅区;住宅小区,天华东路103号,118.757358,32.149482,江苏省,南京市,浦口区,
348,威尼斯水城16街区,商务住宅;住宅区;住宅小区,天华东路附近,118.760292,32.147678,江苏省,南京市,浦口区,
349,北外滩水城十四街区,商务住宅;住宅区;住宅区,天华东路101-1号,118.754593,32.149608,江苏省,南京市,浦口区,
350,南京北外滩水城十二街区,商务住宅;住宅区;住宅小区,滨江大道,118.760725,32.144949,江苏省,南京市,浦口区,
351,南京北外滩水城十六街区,商务住宅;住宅区;住宅小区,滨江大道附近,118.761897,32.148532,江苏省,南京市,浦口区,
352,北外滩水城第15街区,商务住宅;商务住宅相关;商务住宅相关,天华东路103号,118.756236,32.148528,江苏省,南京市,浦口区,
353,南京幸福公寓威尼斯第十街区店,商务住宅;商务住宅相关;商务住宅相关,威尼斯第十街区14栋,118.755556,32.144525,江苏省,南京市,浦口区,
354,威尼斯水城第十八街区,商务住宅;楼宇;商住两用楼宇|商务住宅;住宅区;住宅区,浦珠北路北外滩1号,118.755514,32.151904,江苏省,南京市,浦口区,
355,北外滩水城十四街区(东门),商务住宅;商务住宅相关;商务住宅相关,观江路西50米,118.755278,32.15025,江苏省,南京市,浦口区,
356,北外滩水城十四街区(南门),商务住宅;商务住宅相关;商务住宅相关,天华东路,118.756236,32.148528,江苏省,南京市,浦口区,
357,威尼斯水城15街区(西入口),商务住宅;商务住宅相关;商务住宅相关,天华东路103号,118.756236,32.148528,江苏省,南京市,浦口区,
358,和平街小区,商务住宅;住宅区;住宅小区,和平街(公交车站),118.817863,32.145092,江苏省,南京市,栖霞区,
359,笆斗西里75号,商务住宅;住宅区;住宅区,笆斗西里77号附近,118.830803,32.147832,江苏省,南京市,栖霞区,
360,笔斗西里54号,商务住宅;住宅区;住宅区,笆斗西里52号附近,118.831887,32.148455,江苏省,南京市,栖霞区,
361,笆斗东里16号,商务住宅;住宅区;住宅区,笆斗东里11号附近,118.833355,32.149501,江苏省,南京市,栖霞区,
362,笔斗西里2号,商务住宅;住宅区;住宅区,笆斗东里与笆斗西里交叉口西南50米,118.832267,32.149218,江苏省,南京市,栖霞区,
363,笆斗西里63号,商务住宅;住宅区;住宅区,笆斗西里69号附近,118.831483,32.148076,江苏省,南京市,栖霞区,
364,笔斗西里49号,商务住宅;住宅区;住宅区,笆斗西里47号附近,118.831926,32.148238,江苏省,南京市,栖霞区,
365,笔斗西里40号,商务住宅;住宅区;住宅区,笆斗东里与笆斗西里交叉口东50米,118.832511,32.14939,江苏省,南京市,栖霞区,
366,笆斗东里2号,商务住宅;住宅区;住宅区,太新路与笆斗东里交叉口西150米,118.836018,32.150735,江苏省,南京市,栖霞区,
367,高通园区,商务住宅;商务住宅相关;商务住宅相关,恒达路3号,118.855612,32.148793,江苏省,南京市,栖霞区,
368,熊猫科技园基板资材,商务住宅;商务住宅相关;商务住宅相关,新港开发区恒通大道1号熊猫科技园,118.854691,32.145885,江苏省,南京市,栖霞区,
369,江苏凤凰印务有限公司生活区,商务住宅;住宅区;宿舍,新港经济开发区尧新大道399号,118.864623,32.152065,江苏省,南京市,栖霞区,
370,美欣泰,商务住宅;楼宇;商务写字楼,恒通大道50-8号,118.88287,32.145249,江苏省,南京市,栖霞区,
371,金陵石化炼油厂生活区,商务住宅;住宅区;住宅小区,炼油厂经三路,118.933541,32.152085,江苏省,南京市,栖霞区,
372,南炼三村,商务住宅;住宅区;住宅小区,纬一路与7号路交叉口东南200米,118.93032,32.153159,江苏省,南京市,栖霞区,
373,南炼生活区,商务住宅;住宅区;住宅小区,甘家巷,118.929937,32.147253,江苏省,南京市,栖霞区,
374,蔡巷100号,商务住宅;住宅区;住宅区,甘家巷3号附近,118.928573,32.145968,江苏省,南京市,栖霞区,
375,菜巷小区,商务住宅;住宅区;住宅小区,菜巷100号,118.928936,32.146435,江苏省,南京市,栖霞区,
376,南炼新村社区文体活动中心(3号路),商务住宅;住宅区;社区中心,甘家巷394号附近,118.926636,32.148487,江苏省,南京市,栖霞区,
377,南炼商业广场(西门),商务住宅;商务住宅相关;商务住宅相关,纬五路与纬四路交叉口东50米,118.933443,32.15203,江苏省,南京市,栖霞区,
378,新合小区(纬五路),商务住宅;住宅区;住宅小区,甘家巷新民村500号,118.934801,32.15261,江苏省,南京市,栖霞区,
379,栖化新村,商务住宅;住宅区;住宅区,栖霞大道北150米,118.939024,32.147462,江苏省,南京市,栖霞区,
380,金陵石化公司栖化生活区,商务住宅;住宅区;宿舍,栖霞大道北150米,118.937362,32.147446,江苏省,南京市,栖霞区,
381,栖化新村(北门),商务住宅;商务住宅相关;商务住宅相关,栖霞大道162号附近,118.937783,32.146793,江苏省,南京市,栖霞区,
382,保公堂45号,商务住宅;商务住宅相关;商务住宅相关,G25长深高速附近,118.94379,32.153712,江苏省,南京市,栖霞区,
383,桃苑,商务住宅;住宅区;住宅区,,118.947703,32.153528,江苏省,南京市,栖霞区,
384,凤祥小区,商务住宅;住宅区;住宅小区,芦干圩159号,118.946642,32.146348,江苏省,南京市,栖霞区,
385,银矿新村西南区,商务住宅;住宅区;住宅小区,栖霞街115号,118.95324,32.151594,江苏省,南京市,栖霞区,
386,水站新邨,商务住宅;住宅区;住宅小区,戴家库166号,118.945408,32.145948,江苏省,南京市,栖霞区,
387,银矿新村,商务住宅;住宅区;住宅小区,栖霞街115号,118.953694,32.152102,江苏省,南京市,栖霞区,
388,凤翔秀苑,商务住宅;商务住宅相关;商务住宅相关,戴家库166号,118.945333,32.145719,江苏省,南京市,栖霞区,
389,保公堂43号,商务住宅;商务住宅相关;商务住宅相关,G25长深高速附近,118.94394,32.153776,江苏省,南京市,栖霞区,
390,东巷口商住楼,商务住宅;住宅区;住宅区,栖霞街60-1号,118.955326,32.148192,江苏省,南京市,栖霞区,
391,中陆岛国际山庄,商务住宅;住宅区;住宅小区,泰山街道黄姚社区北门路1号,118.689004,32.136866,江苏省,南京市,浦口区,
392,黄姚北门二期拆迁安置房,商务住宅;住宅区;住宅区,泰工路西50米,118.69909,32.14347,江苏省,南京市,浦口区,
393,景福家园(南门),商务住宅;商务住宅相关;商务住宅相关,泰工路西100米,118.698013,32.144205,江苏省,南京市,浦口区,
394,南京农业大学浦口校区学生公寓07栋,商务住宅;住宅区;宿舍,点将台路40号南京农业大学浦口校区,118.698243,32.13587,江苏省,南京市,浦口区,
395,南京农业大学浦口校区学生公寓09栋,商务住宅;住宅区;宿舍,点将台路40号南京农业大学浦口校区,118.698273,32.135492,江苏省,南京市,浦口区,
396,南京农业大学浦口校区学生公寓03栋,商务住宅;住宅区;宿舍,点将台路40号南京农业大学浦口校区,118.698159,32.1368,江苏省,南京市,浦口区,
397,南京农业大学浦口校区学生公寓13栋,商务住宅;住宅区;宿舍,点将台路40号南京农业大学浦口校区,118.697715,32.135423,江苏省,南京市,浦口区,
398,南京农业大学浦口校区学生公寓01栋,商务住宅;住宅区;宿舍,点将台路40号,118.698098,32.137056,江苏省,南京市,浦口区,
399,南京农业大学浦口校区学生公寓14栋,商务住宅;住宅区;宿舍,点将台路40号南京农业大学浦口校区,118.697593,32.135041,江苏省,南京市,浦口区,
400,南京农业大学浦口校区学生公寓04栋,商务住宅;住宅区;宿舍,点将台路40号南京农业大学浦口校区,118.69776,32.136755,江苏省,南京市,浦口区,
401,南京农业大学浦口校区学生公寓10栋,商务住宅;住宅区;宿舍,点将台路40号南京农业大学浦口校区,118.698785,32.135505,江苏省,南京市,浦口区,
402,南京农业大学浦口校区学生公寓05栋,商务住宅;住宅区;宿舍,点将台路40号南京农业大学浦口校区,118.698235,32.136248,江苏省,南京市,浦口区,
403,南京农业大学浦口校区学生公寓02栋,商务住宅;住宅区;宿舍,点将台路40号南京农业大学浦口校区,118.697555,32.13702,江苏省,南京市,浦口区,
404,南京农业大学浦口校区学生公寓08栋,商务住宅;住宅区;宿舍,点将台路40号南京农业大学浦口校区,118.698785,32.135886,江苏省,南京市,浦口区,
405,南京农业大学浦口校区学生公寓06栋,商务住宅;住宅区;宿舍,点将台路40号南京农业大学浦口校区,118.698663,32.136232,江苏省,南京市,浦口区,
406,南京农业大学浦口校区学生公寓15栋,商务住宅;住宅区;宿舍,点将台路40号南京农业大学浦口校区,118.697215,32.134609,江苏省,南京市,浦口区,
407,南京农业大学浦口校区工学院学生公寓,商务住宅;住宅区;宿舍,,118.697004,32.134494,江苏省,南京市,浦口区,
408,玫瑰花园,商务住宅;住宅区;住宅小区,泰西路26号(公交车站),118.707546,32.143321,江苏省,南京市,浦口区,
409,铁桥小区,商务住宅;住宅区;住宅小区,泰山街道泰西路32号,118.71121,32.139334,江苏省,南京市,浦口区,
410,泰山天然居,商务住宅;住宅区;住宅小区,泰西路5-1号(泰山新村转盘道西侧),118.713586,32.143222,江苏省,南京市,浦口区,
411,泰福新寓,商务住宅;住宅区;住宅小区,火炬南路附近,118.712232,32.14284,江苏省,南京市,浦口区,
412,弘阳·泰山,商务住宅;住宅区;住宅小区,柳园路西150米,118.713251,32.136922,江苏省,南京市,浦口区,
413,弘阳·爱上城,商务住宅;住宅区;住宅小区,高新区泰山街道123地块,118.713633,32.137953,江苏省,南京市,浦口区,
414,新桥家园东区,商务住宅;住宅区;住宅小区,柳新路28,118.708885,32.134319,江苏省,南京市,浦口区,
415,毛纺厂宿舍(泰西路),商务住宅;住宅区;宿舍,泰西路30号,118.708378,32.141635,江苏省,南京市,浦口区,
416,浦阳大厦,商务住宅;楼宇;商务写字楼,大桥北路83号,118.715899,32.143637,江苏省,南京市,浦口区,
417,旭日爱上城5期,商务住宅;住宅区;住宅小区,大桥北路57号,118.722052,32.137174,江苏省,南京市,浦口区,
418,金城丽景北区,商务住宅;住宅区;住宅小区,大桥北路33号,118.723065,32.135285,江苏省,南京市,浦口区,
419,苏宁天润城十六街区,商务住宅;住宅区;住宅小区,天华南路,118.721636,32.142533,江苏省,南京市,浦口区,
420,弘阳时代中心,商务住宅;楼宇;商务写字楼,柳州路与大桥北路交汇处,118.720131,32.137368,江苏省,南京市,浦口区,
421,杏林北苑,商务住宅;住宅区;住宅区,柳园路8号(泰山街道办事处后),118.715673,32.136662,江苏省,南京市,浦口区,
422,金城丽景2期,商务住宅;住宅区;住宅区,泰达路与火炬南路交叉口东北200米,118.723176,32.135107,江苏省,南京市,浦口区,
423,弘阳.旭日爱上城4区,商务住宅;商务住宅相关;商务住宅相关,柳州北路8号,118.718825,32.136655,江苏省,南京市,浦口区,
424,旭日爱上城北区,商务住宅;商务住宅相关;商务住宅相关,大桥北路59号-2,118.721936,32.13778,江苏省,南京市,浦口区,
425,福地太平宝邸,商务住宅;住宅区;住宅小区,大桥北路83号-1,118.715093,32.143209,江苏省,南京市,浦口区,
426,弘阳旭日爱上城VOHO4.8II,商务住宅;商务住宅相关;商务住宅相关,大桥北路69号(大桥北路和柳州路交汇处西南角),118.720487,32.139337,江苏省,南京市,浦口区,
427,新一城(西门),商务住宅;商务住宅相关;商务住宅相关,大桥北路58号,118.722264,32.140495,江苏省,南京市,浦口区,
428,弘阳·旭日爱上城第5区,商务住宅;住宅区;住宅小区,近郊星火南路2号,118.7227,32.136907,江苏省,南京市,浦口区,
429,金都汇广场,商务住宅;楼宇;商住两用楼宇|商务住宅;住宅区;住宅区,大桥北路西侧33号(弘阳广场正对面),118.722616,32.136548,江苏省,南京市,浦口区,
430,雅士居(弘阳广场),商务住宅;住宅区;住宅区,大桥北路48号B1层,118.728135,32.136909,江苏省,南京市,浦口区,
431,弘扬旭日上城公寓,商务住宅;商务住宅相关;商务住宅相关,沿江江苏省南京市浦口区沿江街道,118.732442,32.138244,江苏省,南京市,浦口区,
432,弘阳·旭日上城,商务住宅;住宅区;住宅小区,南浦路301号,118.725509,32.14101,江苏省,南京市,浦口区,
433,弘阳壹号,商务住宅;住宅区;住宅区,大桥北路48号(大洋百货东侧),118.72495,32.139723,江苏省,南京市,浦口区,
434,金色维也纳,商务住宅;住宅区;住宅小区,大桥北路弘阳广场家居馆3层,118.727021,32.1357,江苏省,南京市,浦口区,
435,弘阳广场c2馆,商务住宅;住宅区;住宅区,大桥北路48号弘阳广场,118.724149,32.139262,江苏省,南京市,浦口区,
436,南京弘扬连锁公寓天润城十五街区北区,商务住宅;商务住宅相关;商务住宅相关,天润城十五街区,118.733867,32.140383,江苏省,南京市,浦口区,
437,弘阳广场城市中央商圈,商务住宅;商务住宅相关;商务住宅相关,大桥北路42号附近,118.728058,32.134681,江苏省,南京市,浦口区,
438,天润城第五街区,商务住宅;住宅区;住宅小区,沿江街道京新628号,118.731949,32.143878,江苏省,南京市,浦口区,
439,苏宁环球天润广场,商务住宅;楼宇;商务写字楼|购物服务;商场;购物中心,天华南路与柳洲东路交叉口东北150米,118.724299,32.143525,江苏省,南京市,浦口区,
440,弘阳旭日上城二期(南门),商务住宅;商务住宅相关;商务住宅相关,,118.729785,32.137733,江苏省,南京市,浦口区,
441,弘阳.欢乐世界(东门),商务住宅;商务住宅相关;商务住宅相关,G328(大桥北路),118.727328,32.137541,江苏省,南京市,浦口区,
442,弘阳家居·弘阳广场店A1馆(西门),商务住宅;商务住宅相关;商务住宅相关,大桥北路48号,118.72845,32.135861,江苏省,南京市,浦口区,
443,弘阳生活荟(东3门),商务住宅;商务住宅相关;商务住宅相关,大桥北路46号附近,118.7282,32.135509,江苏省,南京市,浦口区,
444,弘阳家居·弘阳广场店A1馆(南门),商务住宅;商务住宅相关;商务住宅相关,大桥北路48号,118.72907,32.134832,江苏省,南京市,浦口区,
445,天润城(百润路),商务住宅;住宅区;住宅小区,柳洲东路9-102号,118.734322,32.143663,江苏省,南京市,浦口区,
446,苏宁天润城八街区,商务住宅;住宅区;住宅小区,柳洲东路19号,118.735963,32.142483,江苏省,南京市,浦口区,
447,旭日家园(柳洲东路),商务住宅;住宅区;住宅小区,柳州路(地铁站),118.737851,32.140238,江苏省,南京市,浦口区,
448,浦泰·和天下3期,商务住宅;住宅区;住宅小区,江山路9号,118.739452,32.135115,江苏省,南京市,浦口区,
449,弘阳.旭日上城1区,商务住宅;住宅区;住宅小区,大桥北路69号,118.735197,32.139052,江苏省,南京市,浦口区,
450,老周的公寓,商务住宅;商务住宅相关;商务住宅相关,东路南浦路交叉口,118.73608,32.13963,江苏省,南京市,浦口区,
451,弘阳商管保安生活区,商务住宅;住宅区;住宅小区,大桥北路28号,118.73743,32.134312,江苏省,南京市,浦口区,
452,幸福美地花园(北门),商务住宅;商务住宅相关;商务住宅相关,南浦路东50米,118.742171,32.13664,江苏省,南京市,浦口区,
453,弘阳旭日上城二期(北门),商务住宅;商务住宅相关;商务住宅相关,柳洲东路,118.735202,32.139045,江苏省,南京市,浦口区,
454,旭日家园104幢,商务住宅;商务住宅相关;商务住宅相关,南浦路与柳洲东路交叉口西南150米,118.738567,32.140057,江苏省,南京市,浦口区,
455,旭日家园103幢,商务住宅;商务住宅相关;商务住宅相关,南浦路与柳洲东路交叉口西南150米,118.738491,32.140211,江苏省,南京市,浦口区,
456,旭日家园105幢,商务住宅;商务住宅相关;商务住宅相关,南浦路与柳洲东路交叉口南150米,118.738588,32.139912,江苏省,南京市,浦口区,
457,威尼斯水城第一街区,商务住宅;住宅区;住宅小区,柳州东路198号,118.748573,32.138897,江苏省,南京市,浦口区,
458,威尼斯水城第二街区,商务住宅;住宅区;住宅小区,浦珠北路,118.751262,32.137773,江苏省,南京市,浦口区,
459,威尼斯水城第五街区,商务住宅;住宅区;住宅小区,柳州东路199号,118.751857,32.142177,江苏省,南京市,浦口区,
460,威尼斯水城第四街区,商务住宅;住宅区;住宅小区,柳州路199号,118.749343,32.141968,江苏省,南京市,浦口区,
461,威尼斯水城,商务住宅;住宅区;住宅小区,浦珠北路北外滩1号(柳州东路198号),118.750352,32.138384,江苏省,南京市,浦口区,
462,京新社区,商务住宅;住宅区;社区中心,柳洲东路与江山路交叉口西南150米,118.745735,32.139357,江苏省,南京市,浦口区,
463,南京华景家庭公寓威尼斯水城第一街区店,商务住宅;商务住宅相关;商务住宅相关,威尼斯水城第一街区23栋(临近江山路),118.747926,32.138215,江苏省,南京市,浦口区,
464,威尼斯水城第一街区(南门),商务住宅;商务住宅相关;商务住宅相关,,118.748535,32.136567,江苏省,南京市,浦口区,
465,威尼斯水城九街区,商务住宅;住宅区;住宅小区,柳州东路205号,118.754949,32.141714,江苏省,南京市,浦口区,
466,威尼斯水城三街区,商务住宅;住宅区;住宅小区,柳洲东路201号,118.753998,32.137277,江苏省,南京市,浦口区,
467,威尼斯水城北外滩第十一街区,商务住宅;住宅区;住宅小区,柳洲东路与滨江大道交叉口,118.757516,32.140917,江苏省,南京市,浦口区,
468,威尼斯水城第十一街区,商务住宅;住宅区;住宅小区,柳州东路211号,118.756781,32.140423,江苏省,南京市,浦口区,
469,威尼斯水城-九街区(南门),商务住宅;商务住宅相关;商务住宅相关,柳洲东路205号02栋附近,118.75453,32.141239,江苏省,南京市,浦口区,
470,吉祥山庄(化新路),商务住宅;住宅区;住宅小区,化新路东50米,118.81345,32.135214,江苏省,南京市,栖霞区,
471,太平村小区,商务住宅;住宅区;住宅小区,太平南路太平村,118.813566,32.135211,江苏省,南京市,栖霞区,
472,十四化建二村,商务住宅;住宅区;住宅小区,和燕路太平村,118.813722,32.136478,江苏省,南京市,栖霞区,
473,化工新村(化新路),商务住宅;住宅区;住宅小区,栖霞和燕路化工新村,118.818711,32.13816,江苏省,南京市,栖霞区,
474,太瓷桥,商务住宅;住宅区;住宅小区,太新路3号,118.822773,32.137641,江苏省,南京市,栖霞区,
475,吉祥山庄(联珠路),商务住宅;住宅区;住宅小区,化新路,118.81447,32.135125,江苏省,南京市,栖霞区,
476,电瓷社区胜利一村,商务住宅;住宅区;住宅小区,和燕路太平村,118.82142,32.134594,江苏省,南京市,栖霞区,
477,金燕新村,商务住宅;住宅区;住宅小区,和燕路522号,118.821313,32.137943,江苏省,南京市,栖霞区,
478,胜利一村小区,商务住宅;住宅区;住宅小区,和燕路西200米,118.820285,32.134664,江苏省,南京市,栖霞区,
479,十四化建一村,商务住宅;住宅区;住宅小区,化新路3号,118.817353,32.1368,江苏省,南京市,栖霞区,
480,化工新村茉莉花地45-49幢,商务住宅;住宅区;住宅小区,化新路3号,118.816641,32.136907,江苏省,南京市,栖霞区,
481,化工四村,商务住宅;住宅区;住宅区,化新路化工新村(北2门)附近,118.818281,32.137499,江苏省,南京市,栖霞区,
482,南化新村社区,商务住宅;住宅区;住宅小区,化新路3号,118.81958,32.137849,江苏省,南京市,栖霞区,
483,化工新村小区28-31幢,商务住宅;住宅区;住宅小区,和燕路705号附近,118.81929,32.135808,江苏省,南京市,栖霞区,
484,化工新村南区,商务住宅;住宅区;住宅区,化新路与南苑路交叉口西南50米,118.818987,32.137689,江苏省,南京市,栖霞区,
485,燕子矶街道山泉科技创新园(南门),商务住宅;商务住宅相关;商务住宅相关,和燕路508,118.82228,32.135519,江苏省,南京市,栖霞区,
486,钟化村社区胜利二村(西2门),商务住宅;商务住宅相关;商务住宅相关,富民路南50米,118.818783,32.135388,江苏省,南京市,栖霞区,
487,化工新村北区,商务住宅;住宅区;住宅小区,和燕路544号,118.820595,32.138721,江苏省,南京市,栖霞区,
488,公园里,商务住宅;住宅区;住宅小区,太新路54号附近,118.828973,32.138715,江苏省,南京市,栖霞区,
489,燕江府,商务住宅;住宅区;住宅小区,太新路44号附近,118.827582,32.138168,江苏省,南京市,栖霞区,
490,金浦·紫御东方,商务住宅;住宅区;住宅小区,太新路78号附近,118.831377,32.139524,江苏省,南京市,栖霞区,
491,融创玉兰公馆,商务住宅;住宅区;住宅小区,,118.8312,32.136717,江苏省,南京市,栖霞区,
492,中航国际社区(建设中),商务住宅;住宅区;住宅小区,太新路北100米,118.828298,32.140066,江苏省,南京市,栖霞区,
493,弘阳燕江府,商务住宅;住宅区;住宅小区,太新路51-1号,118.829535,32.138949,江苏省,南京市,栖霞区,
494,燕子矶新城,商务住宅;住宅区;住宅区,经五路西50米,118.83376,32.13744,江苏省,南京市,栖霞区,
495,融创玉兰公馆(建设中),商务住宅;住宅区;住宅小区,太新路,118.830193,32.137571,江苏省,南京市,栖霞区,
496,电瓷新村,商务住宅;住宅区;住宅区,太新路63号,118.830589,32.140322,江苏省,南京市,栖霞区,
497,石化村,商务住宅;住宅区;住宅区,燕子矶石化一村,118.839575,32.141442,江苏省,南京市,栖霞区,
498,樊甸89号,商务住宅;住宅区;住宅区,G36宁洛高速附近,118.84927,32.139279,江苏省,南京市,栖霞区,
499,樊甸108号,商务住宅;住宅区;住宅区,G36宁洛高速附近,118.849403,32.138525,江苏省,南京市,栖霞区,
500,樊甸99号,商务住宅;住宅区;住宅区,G36宁洛高速附近,118.850017,32.138462,江苏省,南京市,栖霞区,
501,樊甸65号,商务住宅;住宅区;住宅区,,118.847754,32.138491,江苏省,南京市,栖霞区,
502,伏家场101号,商务住宅;住宅区;住宅区,,118.848408,32.137941,江苏省,南京市,栖霞区,
503,扶家场189号,商务住宅;住宅区;住宅区,,118.848973,32.137772,江苏省,南京市,栖霞区,
504,伏家场34号,商务住宅;住宅区;住宅区,,118.8474,32.138586,江苏省,南京市,栖霞区,
505,伏家场14号,商务住宅;住宅区;住宅区,,118.847823,32.138035,江苏省,南京市,栖霞区,
506,伏家场87号,商务住宅;住宅区;住宅区,,118.847852,32.137883,江苏省,南京市,栖霞区,
507,伏家场71号,商务住宅;住宅区;住宅区,,118.848108,32.13773,江苏省,南京市,栖霞区,
508,伏家场45号,商务住宅;住宅区;住宅区,,118.847925,32.137696,江苏省,南京市,栖霞区,
509,伏家场100号,商务住宅;住宅区;住宅区,,118.848346,32.137516,江苏省,南京市,栖霞区,
510,樊甸103号,商务住宅;住宅区;住宅区,,118.848644,32.13729,江苏省,南京市,栖霞区,
511,伏家场102号,商务住宅;住宅区;住宅区,,118.846808,32.138321,江苏省,南京市,栖霞区,
512,伏家场99号,商务住宅;住宅区;住宅区,,118.848446,32.137199,江苏省,南京市,栖霞区,
513,伏家场83号,商务住宅;住宅区;住宅区,,118.84678,32.138186,江苏省,南京市,栖霞区,
514,伏家场72号,商务住宅;住宅区;住宅区,,118.848344,32.137176,江苏省,南京市,栖霞区,
515,伏家场64号,商务住宅;住宅区;住宅区,,118.846851,32.138027,江苏省,南京市,栖霞区,
516,伏家场22号,商务住宅;住宅区;住宅区,,118.846943,32.137754,江苏省,南京市,栖霞区,
517,伏家场11号,商务住宅;住宅区;住宅区,,118.847845,32.136931,江苏省,南京市,栖霞区,
518,伏家场10号,商务住宅;住宅区;住宅区,,118.847659,32.136843,江苏省,南京市,栖霞区,
519,伏家场7号,商务住宅;住宅区;住宅区,燕子矶伏家场,118.847501,32.136768,江苏省,南京市,栖霞区,
520,伏家场148号,商务住宅;住宅区;住宅区,,118.84751,32.136332,江苏省,南京市,栖霞区,
521,伏家场2号,商务住宅;住宅区;住宅区,,118.846786,32.136376,江苏省,南京市,栖霞区,
522,伏家场146号,商务住宅;住宅区;住宅区,,118.846825,32.135962,江苏省,南京市,栖霞区,
523,伏家场36号,商务住宅;住宅区;住宅区,,118.846518,32.136098,江苏省,南京市,栖霞区,
524,樊甸100号,商务住宅;住宅区;住宅区,,118.84968,32.135504,江苏省,南京市,栖霞区,
525,燕子矶新城保障性住房,商务住宅;住宅区;住宅小区,,118.84971,32.135419,江苏省,南京市,栖霞区,
526,樊甸51号,商务住宅;住宅区;住宅区,,118.845702,32.136508,江苏省,南京市,栖霞区,
527,樊甸50号,商务住宅;住宅区;住宅区,,118.845547,32.136448,江苏省,南京市,栖霞区,
528,樊甸23号,商务住宅;住宅区;住宅区,,118.845928,32.13607,江苏省,南京市,栖霞区,
529,樊甸57号,商务住宅;住宅区;住宅区,,118.845662,32.13622,江苏省,南京市,栖霞区,
530,樊甸81号,商务住宅;住宅区;住宅区,,118.846504,32.13559,江苏省,南京市,栖霞区,
531,樊甸80号,商务住宅;住宅区;住宅区,,118.846935,32.135119,江苏省,南京市,栖霞区,
532,余冲188号,商务住宅;住宅区;住宅区,,118.84532,32.134767,江苏省,南京市,栖霞区,
533,吴庄39号,商务住宅;商务住宅相关;商务住宅相关,,118.845199,32.136382,江苏省,南京市,栖霞区,
534,吴庄6号,商务住宅;商务住宅相关;商务住宅相关,,118.845381,32.13639,江苏省,南京市,栖霞区,
535,吴庄29号,商务住宅;商务住宅相关;商务住宅相关,,118.846114,32.135069,江苏省,南京市,栖霞区,
536,吴庄37号,商务住宅;商务住宅相关;商务住宅相关,,118.845333,32.136857,江苏省,南京市,栖霞区,
537,吴庄35号,商务住宅;商务住宅相关;商务住宅相关,,118.845535,32.136714,江苏省,南京市,栖霞区,
538,新港研发大楼,商务住宅;楼宇;商务写字楼,兴智路与恒发路交叉口东北200米,118.878909,32.13593,江苏省,南京市,栖霞区,
539,紫金新港科技创业特别社区,商务住宅;住宅区;住宅小区,兴智路6-3号,118.87812,32.136429,江苏省,南京市,栖霞区,
540,新港研发大楼A座,商务住宅;商务住宅相关;商务住宅相关,恒竞路附近,118.87877,32.13806,江苏省,南京市,栖霞区,
541,出口加工区综合大楼,商务住宅;商务住宅相关;商务住宅相关,兴智路6-3号,118.878115,32.136427,江苏省,南京市,栖霞区,
542,亚东花园城.半山苑,商务住宅;住宅区;住宅区,刘宇一艺术中心旁边,118.927924,32.140626,江苏省,南京市,栖霞区,
543,九乡河小区,商务住宅;住宅区;住宅小区,九乡河西路红枫街12号,118.94708,32.137655,江苏省,南京市,栖霞区,
544,红枫新村,商务住宅;住宅区;住宅小区,红枫街7号,118.947921,32.141628,江苏省,南京市,栖霞区,
545,红梅村社区,商务住宅;住宅区;住宅小区,栖霞大道南100米红梅村社区居委会附近,118.982535,32.14317,江苏省,南京市,栖霞区,
546,熊猫汇智家园,商务住宅;住宅区;住宅小区,天佑路28,118.991623,32.134906,江苏省,南京市,栖霞区,
547,天佑苑,商务住宅;住宅区;住宅小区,经天路36号,118.993491,32.137874,江苏省,南京市,栖霞区,
548,晶都茗苑,商务住宅;住宅区;住宅小区,天佐路与天佑路交汇处西200米,118.993504,32.140528,江苏省,南京市,栖霞区,
549,中电熊猫液晶-人才公寓,商务住宅;商务住宅相关;商务住宅相关,南京经济技术开发区,118.990781,32.13563,江苏省,南京市,栖霞区,
550,步青苑,商务住宅;住宅区;住宅小区,竹丝西路,118.998116,32.138195,江苏省,南京市,栖霞区,
551,齐东苑,商务住宅;住宅区;住宅小区,竹丝西路,118.99735,32.140379,江苏省,南京市,栖霞区,
552,观梅苑西区,商务住宅;住宅区;住宅小区,摄山路与竹丝中路交叉口西南150米,119.002801,32.139339,江苏省,南京市,栖霞区,
553,闻兰苑,商务住宅;住宅区;住宅小区,仙林大学城摄山星城小区,119.001854,32.141782,江苏省,南京市,栖霞区,
554,观梅苑西区(东1门),商务住宅;商务住宅相关;商务住宅相关,摄山路与竹丝中路交叉口西南50米,119.003621,32.139812,江苏省,南京市,栖霞区,
555,赏菊苑,商务住宅;住宅区;住宅小区,尤山路与朝阳路交叉口西南150米,119.008625,32.142199,江苏省,南京市,栖霞区,
556,尤山苑,商务住宅;住宅区;住宅小区,尤山路2号,119.011375,32.140224,江苏省,南京市,栖霞区,
557,摄山星城小区,商务住宅;住宅区;住宅小区,宁镇公路与摄山路交汇处,119.006067,32.143862,江苏省,南京市,栖霞区,
558,听竹苑(朝阳路),商务住宅;住宅区;住宅小区,当山路与朝阳路交汇处,119.006414,32.143899,江苏省,南京市,栖霞区,
559,观梅苑,商务住宅;住宅区;住宅小区,摄山星城观梅苑,119.00686,32.139514,江苏省,南京市,栖霞区,
560,观梅苑东区,商务住宅;住宅区;住宅小区,经天路29号,119.005474,32.139169,江苏省,南京市,栖霞区,
561,欣棉花苑,商务住宅;住宅区;住宅小区,勤业路北100米,118.570007,32.130504,江苏省,南京市,浦口区,
562,永宁侯冲生态小区,商务住宅;住宅区;住宅小区,候冲路99号(公交车站),118.56505,32.131985,江苏省,南京市,浦口区,
563,傅云小区,商务住宅;住宅区;住宅小区,侯冲路与勤业路交叉口东南150米,118.56806,32.1281,江苏省,南京市,浦口区,
564,张云小区,商务住宅;住宅区;住宅小区,永宁镇侯冲路(公交车站),118.565494,32.130128,江苏省,南京市,浦口区,
565,永宁镇侯冲村街南农民集中居住区,商务住宅;住宅区;住宅区,勤业路与真相路交叉口南150米,118.573513,32.132976,江苏省,南京市,浦口区,
566,永宁别墅区,商务住宅;住宅区;住宅小区,侉刘附近,118.58826,32.131872,江苏省,南京市,浦口区,
567,绿城玫瑰园,商务住宅;住宅区;别墅,珍珠泉旅游度假区,118.67126,32.129872,江苏省,南京市,浦口区,
568,永泰楼,商务住宅;商务住宅相关;商务住宅相关,八一新村珍珠泉东侧,118.68159,32.1277,江苏省,南京市,浦口区,
569,安泰楼,商务住宅;商务住宅相关;商务住宅相关,八一新村珍珠泉东侧,118.680659,32.127088,江苏省,南京市,浦口区,
570,康泰楼,商务住宅;商务住宅相关;商务住宅相关,八一新村珍珠泉东侧,118.680491,32.127577,江苏省,南京市,浦口区,
571,昌泰楼,商务住宅;商务住宅相关;商务住宅相关,八一新村珍珠泉东侧,118.68131,32.127234,江苏省,南京市,浦口区,
572,浦厂二村,商务住宅;住宅区;住宅小区,沿山大道东150米,118.683509,32.126479,江苏省,南京市,浦口区,
573,浦厂一村,商务住宅;住宅区;住宅区,顶山街道龙虎巷,118.68731,32.12467,江苏省,南京市,浦口区,
574,工会街社区,商务住宅;住宅区;住宅小区,工会街36号附近,118.691709,32.124996,江苏省,南京市,浦口区,
575,建设二村小区,商务住宅;住宅区;住宅小区,工会街附近,118.691759,32.128734,江苏省,南京市,浦口区,
576,建设一村小区,商务住宅;住宅区;住宅小区,工会街附近,118.69166,32.127572,江苏省,南京市,浦口区,
577,新城花漾紫郡,商务住宅;商务住宅相关;商务住宅相关,高新区丹霞路与侨谊路交汇处,118.687827,32.132537,江苏省,南京市,浦口区,
578,点将台花园,商务住宅;住宅区;住宅小区,金汤街171号,118.694235,32.12732,江苏省,南京市,浦口区,
579,铭人丽岛,商务住宅;住宅区;住宅小区,星火南路16号,118.713229,32.130409,江苏省,南京市,浦口区,
580,新桥家园(星火南路),商务住宅;住宅区;住宅小区,大桥北路,118.708352,32.133289,江苏省,南京市,浦口区,
581,新桥家园西区,商务住宅;住宅区;住宅小区,柳新路29,118.706931,32.134012,江苏省,南京市,浦口区,
582,高新区泰山150亩保障性住房,商务住宅;住宅区;住宅区,泰西路55号附近,118.706107,32.132491,江苏省,南京市,浦口区,
583,金城丽景,商务住宅;住宅区;住宅小区,大桥北路33号(距离长江大桥仅500米),118.72349,32.133974,江苏省,南京市,浦口区,
584,旭日爱上城四区,商务住宅;住宅区;住宅小区,丽岛路21号,118.715657,32.130248,江苏省,南京市,浦口区,
585,莱特光学大厦,商务住宅;楼宇;商务写字楼,柳洲北路22号附近,118.717216,32.124706,江苏省,南京市,浦口区,
586,弘阳·旭日爱上城第6区,商务住宅;住宅区;住宅小区,柳洲路东侧,118.719879,32.131601,江苏省,南京市,浦口区,
587,旭日爱上城星岛园,商务住宅;住宅区;住宅小区,星火南路2号,118.723787,32.129079,江苏省,南京市,浦口区,
588,弘阳·旭日爱上城(第三区),商务住宅;住宅区;住宅小区,丽岛路10号附近,118.723279,32.127883,江苏省,南京市,浦口区,
589,弘阳·旭日爱上城第四区南区,商务住宅;住宅区;住宅小区,丽岛路西150米,118.716011,32.129062,江苏省,南京市,浦口区,
590,旭日爱上城1期,商务住宅;住宅区;住宅小区,火炬南路,118.723932,32.126405,江苏省,南京市,浦口区,
591,弘阳·旭日爱上城第四区北区,商务住宅;住宅区;住宅小区,丽岛路21号,118.715582,32.131123,江苏省,南京市,浦口区,
592,金城丽景南区,商务住宅;住宅区;住宅小区,大桥北路33号,118.723322,32.133247,江苏省,南京市,浦口区,
593,旭日爱上城第四区北区(东门),商务住宅;商务住宅相关;商务住宅相关,丽岛路与柳洲北路交叉口北200米,118.717691,32.13086,江苏省,南京市,浦口区,
594,弘阳·旭日爱上城第四区南区(东1门),商务住宅;商务住宅相关;商务住宅相关,丽岛路与柳洲北路交叉口西150米,118.716935,32.129137,江苏省,南京市,浦口区,
595,圣荷西02-1-102,商务住宅;商务住宅相关;商务住宅相关,丽岛路与火炬南路交叉口东150米,118.723259,32.128842,江苏省,南京市,浦口区,
596,旭日爱上城1-4区,商务住宅;楼宇;商住两用楼宇|商务住宅;住宅区;住宅区,丽岛路东200米,118.716208,32.131691,江苏省,南京市,浦口区,
597,旭日华庭中央公园,商务住宅;住宅区;住宅区,大桥北路9号,118.72873,32.129931,江苏省,南京市,浦口区,
598,弘阳·旭日华庭南区,商务住宅;住宅区;住宅小区,旭日华庭,118.72788,32.130412,江苏省,南京市,浦口区,
599,金棕榈小区,商务住宅;住宅区;住宅小区,大桥北路9号旭日华庭10栋,118.728053,32.131181,江苏省,南京市,浦口区,
600,弘阳骏馆,商务住宅;住宅区;住宅区,大桥北路9号(大桥北路和柳州路交汇处西南角),118.728219,32.131591,江苏省,南京市,浦口区,
601,旭日华庭骏馆,商务住宅;住宅区;住宅区,大桥北路9号,118.72803,32.131601,江苏省,南京市,浦口区,
602,弘阳·旭日华庭东区,商务住宅;住宅区;住宅小区,大桥北路9号,118.72751,32.131925,江苏省,南京市,浦口区,
603,中浦家园,商务住宅;住宅区;住宅小区,大桥北路1号(公交车站),118.725411,32.128797,江苏省,南京市,浦口区,
604,华侨城,商务住宅;住宅区;住宅小区,大桥北路1号(公交车站),118.726926,32.1264,江苏省,南京市,浦口区,
605,华侨城3期,商务住宅;住宅区;住宅小区,丽岛路附近,118.725298,32.127779,江苏省,南京市,浦口区,
606,江畔明珠广场,商务住宅;住宅区;住宅小区,大桥北路20号(近长途客运北站),118.733085,32.129183,江苏省,南京市,浦口区,
607,枫情居(金盛国际家居),商务住宅;商务住宅相关;商务住宅相关,大桥北路24号F4层,118.730708,32.132146,江苏省,南京市,浦口区,
608,丁香居(金盛国际家居),商务住宅;商务住宅相关;商务住宅相关,大桥北路24号F4层,118.730535,32.132417,江苏省,南京市,浦口区,
609,康居(金盛国际家居),商务住宅;商务住宅相关;商务住宅相关,大桥北路24号金盛国际家居F4,118.73059,32.132408,江苏省,南京市,浦口区,
610,柏雅居(金盛国际家居),商务住宅;商务住宅相关;商务住宅相关,大桥北路24号金盛国际家居(桥北店)2层,118.730535,32.132467,江苏省,南京市,浦口区,
611,丁香园,商务住宅;商务住宅相关;商务住宅相关,大桥北路24号金盛国际家居(桥北店)4层,118.729177,32.132986,江苏省,南京市,浦口区,
612,美汀海岸,商务住宅;商务住宅相关;商务住宅相关,大桥北路24号金盛国际家居(桥北店)3层,118.730725,32.132753,江苏省,南京市,浦口区,
613,华侨城216幢A楼,商务住宅;商务住宅相关;商务住宅相关,大桥北路1号华侨城216幢华侨银座A座附近,118.727678,32.125421,江苏省,南京市,浦口区,
614,弘阳爱上城11号,商务住宅;商务住宅相关;商务住宅相关,丽岛路15-101号附近,118.724131,32.128976,江苏省,南京市,浦口区,
615,弘阳·旭日华庭西区,商务住宅;住宅区;住宅小区,桥北路9号,118.724428,32.130763,江苏省,南京市,浦口区,
616,华侨银座,商务住宅;住宅区;住宅区,大桥北路1号华侨城216幢,118.72743,32.125227,江苏省,南京市,浦口区,
617,华侨城216幢B楼,商务住宅;商务住宅相关;商务住宅相关,华侨城216幢华侨银座B座附近,118.727292,32.125142,江苏省,南京市,浦口区,
618,中央公园区,商务住宅;住宅区;住宅小区,,118.724329,32.131104,江苏省,南京市,浦口区,
619,金盛国际家居南京·大桥北路广场三号厅(北门),商务住宅;商务住宅相关;商务住宅相关,毛纺厂路,118.73226,32.132502,江苏省,南京市,浦口区,
620,金象朗诗红树林(建设中),商务住宅;住宅区;住宅小区,江山路6号,118.733463,32.126535,江苏省,南京市,浦口区,
621,春江阁,商务住宅;住宅区;住宅小区,大桥北路24号金盛装饰城内(近毛纺厂路),118.733317,32.132164,江苏省,南京市,浦口区,
622,欣悦湾,商务住宅;商务住宅相关;商务住宅相关,浦珠北路西100米,118.726072,32.124612,江苏省,南京市,浦口区,
623,旭日爱上城16区,商务住宅;住宅区;住宅小区,浦珠北路2号,118.725936,32.124357,江苏省,南京市,浦口区,
624,弘阳·旭日爱上城,商务住宅;住宅区;住宅小区,红太阳销售中心大桥北路69号,118.724067,32.125423,江苏省,南京市,浦口区,
625,海德北岸城(西南门),商务住宅;商务住宅相关;商务住宅相关,南京长江大桥北引桥东侧,118.73297,32.12475,江苏省,南京市,浦口区,
626,金盛毛线城综合楼三号厅,商务住宅;楼宇;商务写字楼,大桥北路336号附近,118.731667,32.132167,江苏省,南京市,浦口区,
627,华侨广场,商务住宅;楼宇;商务写字楼|购物服务;商场;购物中心,泰山街道大桥北路1号,118.728882,32.128332,江苏省,南京市,浦口区,
628,泰百购物中心,购物服务;商场;购物中心|商务住宅;住宅区;住宅小区,大桥北路20号,118.732153,32.127333,江苏省,南京市,浦口区,
629,弘阳大厦,商务住宅;楼宇;商务写字楼,大桥北路9号(大桥北路和柳州路交汇处西南角),118.728036,32.131718,江苏省,南京市,浦口区,
630,浦泰·和天下(南浦路),商务住宅;住宅区;住宅小区,"浦口江山路9号(江山路北侧,海德北岸对)",118.736519,32.129473,江苏省,南京市,浦口区,
631,幸福美地,商务住宅;住宅区;住宅区,近浦珠北路(公交车站),118.740574,32.131186,江苏省,南京市,浦口区,
632,浦泰·和天下2期,商务住宅;住宅区;住宅小区,南浦路,118.73868,32.131959,江苏省,南京市,浦口区,
633,江畔明珠广场2期,商务住宅;住宅区;住宅小区,大桥北路20号,118.735234,32.128522,江苏省,南京市,浦口区,
634,明发滨江新城二期西区,商务住宅;住宅区;住宅小区,江山路18号,118.743197,32.129043,江苏省,南京市,浦口区,
635,金象·朗诗红树林,商务住宅;住宅区;住宅小区,江山路附近,118.735002,32.127613,江苏省,南京市,浦口区,
636,江北人家,商务住宅;住宅区;住宅区,江山路南50米,118.73496,32.12766,江苏省,南京市,浦口区,
637,桥北新村,商务住宅;住宅区;住宅小区,大桥北路毛纺厂路,118.736085,32.132403,江苏省,南京市,浦口区,
638,明发外滩中心,商务住宅;商务住宅相关;商务住宅相关,长江大桥北堡公园滨江大道1号,118.742756,32.131516,江苏省,南京市,浦口区,
639,浦泰和天下1期,商务住宅;住宅区;住宅小区,大桥北路江山路9号,118.739218,32.133206,江苏省,南京市,浦口区,
640,明发滨江新城南区,商务住宅;住宅区;住宅区,,118.73989,32.124796,江苏省,南京市,浦口区,
641,明发滨江新城(北2门),商务住宅;商务住宅相关;商务住宅相关,明新路与明江路交叉口西南50米,118.742125,32.127369,江苏省,南京市,浦口区,
642,明发外滩广场(2号门),商务住宅;商务住宅相关;商务住宅相关,滨江大道1号,118.742475,32.131382,江苏省,南京市,浦口区,
643,明发外滩广场(4号门),商务住宅;商务住宅相关;商务住宅相关,滨江大道1号,118.742475,32.131382,江苏省,南京市,浦口区,
644,明发滨江新城一期,商务住宅;住宅区;住宅小区,长江大桥北堡公园滨江大道,118.743648,32.126711,江苏省,南京市,浦口区,
645,幸福美地花园,商务住宅;住宅区;住宅小区,江山路15号,118.740727,32.133716,江苏省,南京市,浦口区,
646,明发滨江新城,商务住宅;住宅区;住宅小区,长江大桥北堡公园滨江大道1号(长江北侧、长江大桥引桥东侧),118.745083,32.129838,江苏省,南京市,浦口区,
647,明发滨江新城二期南区,商务住宅;住宅区;住宅小区,明春路与明滨路交叉口东南200米,118.74522,32.130899,江苏省,南京市,浦口区,
648,明发滨江新城三期,商务住宅;住宅区;住宅小区,江山路,118.749203,32.133872,江苏省,南京市,浦口区,
649,明发滨江新城二期北区,商务住宅;住宅区;住宅小区,明春路与明江路交叉口西北200米,118.745734,32.132584,江苏省,南京市,浦口区,
650,明发滨江新城二期,商务住宅;住宅区;住宅小区,明发滨江新城二期255栋,118.744874,32.130626,江苏省,南京市,浦口区,
651,明发顶山项目,商务住宅;住宅区;住宅小区,明滨路与江山路交叉口东100米,118.744129,32.133135,江苏省,南京市,浦口区,
652,明发滨江新城二期东区,商务住宅;住宅区;住宅小区,明春路与明江路交叉口东南150米,118.747664,32.130849,江苏省,南京市,浦口区,
653,南京鹤轩公寓滨江新城三期南区店,商务住宅;商务住宅相关;商务住宅相关,明发滨江新城二期293栋(明江路西),118.746073,32.130169,江苏省,南京市,浦口区,
654,金鸡园,商务住宅;住宅区;住宅小区,联珠村86-2号,118.807533,32.12588,江苏省,南京市,栖霞区,
655,吉祥铜业小区,商务住宅;住宅区;住宅小区,联珠村188号,118.810573,32.126396,江苏省,南京市,栖霞区,
656,金陵科技学院教工宿舍,商务住宅;住宅区;宿舍,中心村130号,118.813738,32.125361,江苏省,南京市,栖霞区,
657,金陵科技学院教工宿舍6幢,商务住宅;住宅区;宿舍,,118.813305,32.124307,江苏省,南京市,栖霞区,
658,南艺大件学生宿舍518寝室,商务住宅;住宅区;宿舍,南艺后街南艺84号学生宿舍,118.81341,32.124629,江苏省,南京市,栖霞区,
659,四棵柳小区,商务住宅;住宅区;住宅小区,和燕路465号,118.820275,32.130385,江苏省,南京市,栖霞区,
660,西联二村,商务住宅;商务住宅相关;商务住宅相关,和燕路439号,118.820779,32.128418,江苏省,南京市,栖霞区,
661,新联二村,商务住宅;住宅区;住宅小区,栖霞迈皋桥新联二村,118.81724,32.12809,江苏省,南京市,栖霞区,
662,联珠村小区,商务住宅;住宅区;住宅小区,联珠村路与联珠路交叉口西150米,118.817926,32.130814,江苏省,南京市,栖霞区,
663,和燕路463号院,商务住宅;住宅区;住宅区,栖霞和燕路463号,118.821451,32.130327,江苏省,南京市,栖霞区,
664,和燕路465号院,商务住宅;住宅区;住宅区,和燕路465号,118.821317,32.130804,江苏省,南京市,栖霞区,
665,吉祥花园(联珠村路),商务住宅;住宅区;住宅小区,栖霞和燕路吉祥花园,118.816206,32.130697,江苏省,南京市,栖霞区,
666,胜利村(联珠路),商务住宅;住宅区;住宅小区,和燕路,118.818779,32.132372,江苏省,南京市,栖霞区,
667,幕人山庄,商务住宅;住宅区;住宅区,幕府山庄,118.81631,32.12634,江苏省,南京市,栖霞区,
668,南京城市职业学院学生公寓,商务住宅;住宅区;宿舍,和燕路与富贵路交叉口东150米,118.823004,32.127286,江苏省,南京市,栖霞区,
669,阅江花苑,商务住宅;住宅区;住宅小区,水吉路(晓庄师范斜对面),118.816827,32.125541,江苏省,南京市,栖霞区,
670,胜利三村,商务住宅;住宅区;住宅小区,和燕路太平村,118.820808,32.13327,江苏省,南京市,栖霞区,
671,化工新村小区51-62幢,商务住宅;住宅区;住宅小区,和燕路468号附近,118.817421,32.133565,江苏省,南京市,栖霞区,
672,太平小区化工新村,商务住宅;住宅区;住宅小区,晓庄附近,118.817362,32.134022,江苏省,南京市,栖霞区,
673,胜利二村,商务住宅;住宅区;住宅小区,和燕路491-3号附近,118.821461,32.1342,江苏省,南京市,栖霞区,
674,住建大厦(和燕路),商务住宅;楼宇;商务写字楼,和燕路365号,118.820146,32.124384,江苏省,南京市,栖霞区,
675,栖霞劳动大厦,商务住宅;楼宇;商务写字楼,和燕路417号,118.820641,32.125702,江苏省,南京市,栖霞区,
676,吴家庄88号,商务住宅;商务住宅相关;商务住宅相关,博爱大道北200米,118.830132,32.129786,江苏省,南京市,栖霞区,
677,南京特殊教育职业技术学院-培训中心公寓,商务住宅;商务住宅相关;商务住宅相关,特教学院内,118.82763,32.1281,江苏省,南京市,栖霞区,
678,祥和雅苑(燕春路),商务住宅;住宅区;住宅小区,神农路5号,118.82602,32.128726,江苏省,南京市,栖霞区,
679,南京特殊教育职业技术学院学生公寓,商务住宅;住宅区;宿舍,特教学院内,118.832269,32.128578,江苏省,南京市,栖霞区,
680,吴庄89号,商务住宅;商务住宅相关;商务住宅相关,燕尧路西50米,118.830376,32.132083,江苏省,南京市,栖霞区,
681,吴庄44号,商务住宅;住宅区;住宅区,燕尧路南100米,118.828698,32.132402,江苏省,南京市,栖霞区,
682,吴庄34号,商务住宅;商务住宅相关;商务住宅相关,燕尧路东100米,118.832495,32.131489,江苏省,南京市,栖霞区,
683,晓庄师范小区,商务住宅;住宅区;住宅小区,神农路17号,118.824638,32.128131,江苏省,南京市,栖霞区,
684,吴庄1号,商务住宅;商务住宅相关;商务住宅相关,燕尧路东100米,118.832725,32.13136,江苏省,南京市,栖霞区,
685,南京晓庄学院-家属区,商务住宅;住宅区;住宅区,神农路17号,118.824435,32.128498,江苏省,南京市,栖霞区,
686,樊甸68号,商务住宅;住宅区;住宅区,燕尧路东100米,118.83288,32.131312,江苏省,南京市,栖霞区,
687,樊甸21号,商务住宅;住宅区;住宅区,燕尧路东100米,118.83304,32.13123,江苏省,南京市,栖霞区,
688,樊甸20号,商务住宅;住宅区;住宅区,燕尧路东100米,118.833139,32.131516,江苏省,南京市,栖霞区,
689,吴庄9号,商务住宅;商务住宅相关;商务住宅相关,经五路西150米,118.833715,32.131526,江苏省,南京市,栖霞区,
690,樊甸66号,商务住宅;住宅区;住宅区,燕尧路东200米,118.833039,32.132359,江苏省,南京市,栖霞区,
691,吴庄18号,商务住宅;商务住宅相关;商务住宅相关,经五路西150米,118.833846,32.13138,江苏省,南京市,栖霞区,
692,三金燕语庭,商务住宅;住宅区;住宅小区,和燕路480号,118.824071,32.131769,江苏省,南京市,栖霞区,
693,城市绿洲花园3期,商务住宅;住宅区;住宅小区,寅春西路北50米,118.827161,32.124418,江苏省,南京市,栖霞区,
694,城市绿洲花园-北苑,商务住宅;住宅区;住宅区,寅春西路北50米,118.826801,32.124219,江苏省,南京市,栖霞区,
695,燕澜湾,商务住宅;住宅区;住宅小区,和燕路498号(苏果超市和燕路店东南侧),118.823948,32.134055,江苏省,南京市,栖霞区,
696,新合56号,商务住宅;住宅区;住宅区,,118.839254,32.131898,江苏省,南京市,栖霞区,
697,南京化纤股份有限公司集体宿舍,商务住宅;住宅区;宿舍,寅春西路与纬化路交叉口北150米,118.83705,32.126687,江苏省,南京市,栖霞区,
698,新合49号,商务住宅;住宅区;住宅区,,118.839599,32.132267,江苏省,南京市,栖霞区,
699,新合55号,商务住宅;住宅区;住宅区,,118.839718,32.132349,江苏省,南京市,栖霞区,
700,海赋尚城,商务住宅;住宅区;住宅小区,燕子矶街道经五路与神农路交汇处,118.836673,32.131809,江苏省,南京市,栖霞区,
701,新合60号,商务住宅;住宅区;住宅区,,118.839468,32.132537,江苏省,南京市,栖霞区,
702,化纤新村(纬化路),商务住宅;住宅区;住宅小区,寅春西路附近,118.838117,32.125813,江苏省,南京市,栖霞区,
703,燕江新城山水苑,商务住宅;住宅区;住宅小区,迈化路附近,118.842534,32.130981,江苏省,南京市,栖霞区,
704,余冲28号,商务住宅;住宅区;住宅区,经五路东150米,118.836458,32.132074,江苏省,南京市,栖霞区,
705,余冲30号,商务住宅;住宅区;住宅区,,118.837159,32.132498,江苏省,南京市,栖霞区,
706,余冲2号,商务住宅;住宅区;住宅区,,118.837371,32.132602,江苏省,南京市,栖霞区,
707,山水苑(1934南京第九区东),商务住宅;住宅区;住宅小区,春树路附近,118.843132,32.130035,江苏省,南京市,栖霞区,
708,余冲25号,商务住宅;住宅区;住宅区,,118.837512,32.132687,江苏省,南京市,栖霞区,
709,余冲3号,商务住宅;住宅区;住宅区,经五路东200米,118.836969,32.132671,江苏省,南京市,栖霞区,
710,余冲178号,商务住宅;住宅区;住宅区,,118.838198,32.13301,江苏省,南京市,栖霞区,
711,新合1号,商务住宅;住宅区;住宅区,新合村1号,118.84133,32.132484,江苏省,南京市,栖霞区,
712,余冲8号,商务住宅;住宅区;住宅区,经五路东150米,118.836277,32.132337,江苏省,南京市,栖霞区,
713,余冲6号,商务住宅;住宅区;住宅区,经五路东150米,118.836603,32.132557,江苏省,南京市,栖霞区,
714,余冲31号,商务住宅;住宅区;住宅区,经五路东100米,118.835834,32.132084,江苏省,南京市,栖霞区,
715,余冲9号,商务住宅;住宅区;住宅区,经五路东100米,118.836088,32.132303,江苏省,南京市,栖霞区,
716,万鑫世纪苑,商务住宅;住宅区;住宅小区,进取村151号,118.840975,32.125588,江苏省,南京市,栖霞区,
717,樊甸38号,商务住宅;住宅区;住宅区,燕尧路与经五路交叉口西北200米,118.834424,32.130591,江苏省,南京市,栖霞区,
718,万鑫嘉苑,商务住宅;住宅区;住宅小区,寅春西路与纬化路交叉口东南100米,118.837329,32.124539,江苏省,南京市,栖霞区,
719,新合27号,商务住宅;住宅区;住宅区,,118.840808,32.133822,江苏省,南京市,栖霞区,
720,新合15号,商务住宅;住宅区;住宅区,,118.841796,32.13382,江苏省,南京市,栖霞区,
721,新合26号,商务住宅;住宅区;住宅区,,118.841029,32.134159,江苏省,南京市,栖霞区,
722,新合30号,商务住宅;住宅区;住宅区,,118.842031,32.133844,江苏省,南京市,栖霞区,
723,新合5号,商务住宅;住宅区;住宅区,,118.842231,32.133891,江苏省,南京市,栖霞区,
724,新合12号,商务住宅;住宅区;住宅区,,118.842233,32.134116,江苏省,南京市,栖霞区,
725,新合10号,商务住宅;住宅区;住宅区,,118.842378,32.134061,江苏省,南京市,栖霞区,
726,吴庄11号,商务住宅;商务住宅相关;商务住宅相关,经五路西100米,118.83436,32.131525,江苏省,南京市,栖霞区,
727,吴庄15号,商务住宅;商务住宅相关;商务住宅相关,经五路西100米,118.83434,32.131935,江苏省,南京市,栖霞区,
728,吴庄36号,商务住宅;商务住宅相关;商务住宅相关,经五路西50米,118.834595,32.131726,江苏省,南京市,栖霞区,
729,吴庄12号,商务住宅;商务住宅相关;商务住宅相关,经五路西100米,118.834015,32.131387,江苏省,南京市,栖霞区,
730,吴庄10号,商务住宅;商务住宅相关;商务住宅相关,经五路西100米,118.834,32.131557,江苏省,南京市,栖霞区,
731,余冲189号,商务住宅;住宅区;住宅区,,118.837692,32.133922,江苏省,南京市,栖霞区,
732,乐居雅小区,商务住宅;住宅区;住宅小区,迈尧路611号(绕城公路),118.847786,32.131065,江苏省,南京市,栖霞区,
733,洛悦府,商务住宅;住宅区;住宅小区,燕子矶,118.852575,32.132599,江苏省,南京市,栖霞区,
734,江山苑,商务住宅;住宅区;住宅小区,壮举路,118.844014,32.127911,江苏省,南京市,栖霞区,
735,中电建洺悦府(在建),商务住宅;住宅区;住宅小区,迈化路,118.85052,32.131827,江苏省,南京市,栖霞区,
736,沁苑二村,商务住宅;住宅区;住宅小区,进取村153号,118.844333,32.124291,江苏省,南京市,栖霞区,
737,伏家场118号,商务住宅;住宅区;住宅区,盛春街与迈化路交叉口西南150米,118.849235,32.128285,江苏省,南京市,栖霞区,
738,伏家场138号,商务住宅;住宅区;住宅区,壮举路与迈化路交叉口东150米,118.846979,32.127476,江苏省,南京市,栖霞区,
739,燕子矶保障性住房,商务住宅;住宅区;住宅区,壮举路与迈化路交叉口西150米,118.844473,32.127379,江苏省,南京市,栖霞区,
740,电建洺悦府,商务住宅;楼宇;商住两用楼宇|商务住宅;住宅区;住宅区,迈尧路611号(迈尧路与恒竞路交汇处),118.849409,32.130336,江苏省,南京市,栖霞区,
741,乐居雅花园北区,商务住宅;住宅区;住宅小区,迈尧路611号,118.84729,32.132125,江苏省,南京市,栖霞区,
742,乐居雅花园南区,商务住宅;住宅区;住宅小区,迈化路北200米,118.8485,32.12982,江苏省,南京市,栖霞区,
743,乐居雅花园2期,商务住宅;住宅区;住宅区,迈尧路611号,118.847573,32.130947,江苏省,南京市,栖霞区,
744,东城世家,商务住宅;住宅区;住宅小区,尧化街道尧辰路3号东城世家6幢105室,118.883763,32.124683,江苏省,南京市,栖霞区,
745,青田雅居,商务住宅;住宅区;住宅小区,尧化街道南京市栖霞区金尧路11号靑田雅居31幢403室,118.874877,32.125547,江苏省,南京市,栖霞区,
746,弘阳·旭日雅筑,商务住宅;住宅区;住宅小区,新尧新城规划五号路和五号街的交(公交车站),118.88238,32.130624,江苏省,南京市,栖霞区,
747,尧辰路经济适用房,商务住宅;住宅区;住宅小区,新城路附近,118.880243,32.130365,江苏省,南京市,栖霞区,
748,尧安新村社区,商务住宅;住宅区;住宅小区,新尧路与金尧路交汇处,118.877973,32.12444,江苏省,南京市,栖霞区,
749,碧水苑,商务住宅;住宅区;住宅小区,尧化门,118.881057,32.124593,江苏省,南京市,栖霞区,
750,南京新港开发区职工宿舍,商务住宅;住宅区;宿舍,新尧路28号,118.879277,32.13066,江苏省,南京市,栖霞区,
751,新尧路22号院(北门),商务住宅;商务住宅相关;商务住宅相关,金尧路南50米,118.878268,32.125003,江苏省,南京市,栖霞区,
752,尧化街道青田雅居社区人口文化园,商务住宅;商务住宅相关;商务住宅相关,金尧路北100米,118.87398,32.124359,江苏省,南京市,栖霞区,
753,新城金郡(尧顺路),商务住宅;住宅区;住宅小区,尧顺路9号,118.893449,32.131434,江苏省,南京市,栖霞区,
754,翠林山庄,商务住宅;住宅区;住宅小区,尧化门街道金尧路北侧、新尧路以东,118.885944,32.128246,江苏省,南京市,栖霞区,
755,盈嘉·香榴湾,商务住宅;住宅区;住宅小区,翠林路2号,118.888885,32.127598,江苏省,南京市,栖霞区,
756,新城邻里,商务住宅;住宅区;住宅小区,尧辰路3号(尧化门尧林仙居东侧),118.884454,32.124899,江苏省,南京市,栖霞区,
757,金地·明悦和苑,商务住宅;住宅区;住宅小区,前塘路18,118.886632,32.132241,江苏省,南京市,栖霞区,
758,金尧华府,商务住宅;住宅区;住宅小区,尧化街道金尧路18号,118.886185,32.125371,江苏省,南京市,栖霞区,
759,珑璟庭,商务住宅;住宅区;住宅小区,尧辰路与栖霞大道交界处(翠林山庄南侧),118.884071,32.131145,江苏省,南京市,栖霞区,
760,金地明悦,商务住宅;住宅区;住宅小区,栖霞大道十月广场西,118.89063,32.132764,江苏省,南京市,栖霞区,
761,尧顺佳园,商务住宅;住宅区;住宅小区,尧顺路与新城路交汇处东南150米,118.892637,32.127656,江苏省,南京市,栖霞区,
762,华润幸福里(建设中),商务住宅;住宅区;住宅小区,尧顺路与新城路交叉口西北200米,118.890178,32.129543,江苏省,南京市,栖霞区,
763,华润·幸福里,商务住宅;住宅区;住宅小区,尧化街道前塘路9号(翠林北路与前塘路交汇处),118.889165,32.131542,江苏省,南京市,栖霞区,
764,尧顺佳园南区,商务住宅;住宅区;住宅小区,尧佳路75号,118.891237,32.126126,江苏省,南京市,栖霞区,
765,德胜G67地块,商务住宅;住宅区;住宅区,"尧化街道尧佳路以北地块,东至金尧路",118.889018,32.125156,江苏省,南京市,栖霞区,
766,尧顺佳园东区,商务住宅;住宅区;住宅区,新城路69号附近,118.892534,32.127429,江苏省,南京市,栖霞区,
767,尧顺佳园北区,商务住宅;住宅区;住宅小区,尧顺路8号,118.89407,32.128527,江苏省,南京市,栖霞区,
768,金港科创02,商务住宅;楼宇;商务写字楼,甘家边东108号,118.90761,32.124408,江苏省,南京市,栖霞区,
769,金港科创08,商务住宅;楼宇;商务写字楼,甘家边东108号,118.905829,32.124281,江苏省,南京市,栖霞区,
770,栖霞区金港科创园,商务住宅;商务住宅相关;商务住宅相关,甘家边101-7,118.910073,32.124214,江苏省,南京市,栖霞区,
771,栖霞街道红枫人才大厦,商务住宅;楼宇;商务写字楼,广月路9号附近,118.91501,32.127803,江苏省,南京市,栖霞区,
772,紫金科技创业特别社区,商务住宅;住宅区;住宅小区,文成路5号附近,118.92231,32.12454,江苏省,南京市,栖霞区,
773,仙林·学仕风华,商务住宅;住宅区;住宅小区,仙林大学城仙境路29号,118.92778,32.124669,江苏省,南京市,栖霞区,
774,南京理工大学紫金学院-D区宿舍楼,商务住宅;住宅区;宿舍,文澜路89号,118.93264,32.126182,江苏省,南京市,栖霞区,
775,西区学生公寓C6号,商务住宅;住宅区;宿舍,文成路附近,118.932704,32.128156,江苏省,南京市,栖霞区,
776,西区学生公寓C7号,商务住宅;住宅区;宿舍,文成路附近,118.932495,32.127872,江苏省,南京市,栖霞区,
777,西区学生公寓C8号,商务住宅;住宅区;宿舍,文成路附近,118.932404,32.127552,江苏省,南京市,栖霞区,
778,南京理工大学紫金学院-行政办公2,商务住宅;商务住宅相关;商务住宅相关,仙境路与文宗路交叉口东北100米,118.93214,32.124588,江苏省,南京市,栖霞区,
779,西区学生公寓d2,商务住宅;住宅区;宿舍,仙境路与文宗路交叉口北200米,118.931458,32.125641,江苏省,南京市,栖霞区,
780,南京信息职业技术学院宿舍,商务住宅;商务住宅相关;商务住宅相关,文澜路99号信息学院内,118.939201,32.130264,江苏省,南京市,栖霞区,
781,南京大学仙林校区学生公寓18幢,商务住宅;住宅区;宿舍,仙林大道163号南京大学仙林校区,118.951479,32.124227,江苏省,南京市,栖霞区,
782,南京大学仙林校区学生公寓19幢,商务住宅;住宅区;宿舍,仙林街道仙林大道163号,118.952282,32.124323,江苏省,南京市,栖霞区,
783,南京大学仙林校区学生公寓20幢,商务住宅;住宅区;宿舍,,118.953017,32.124386,江苏省,南京市,栖霞区,
784,南京大学仙林校区学生公寓21幢,商务住宅;住宅区;宿舍,九乡河东路,118.953805,32.124495,江苏省,南京市,栖霞区,
785,智慧园6,商务住宅;楼宇;商务写字楼,纬地路南150米,118.961245,32.128327,江苏省,南京市,栖霞区,
786,智慧园2,商务住宅;楼宇;商务写字楼,元化路西100米,118.963759,32.127078,江苏省,南京市,栖霞区,
787,中国游戏数码港,商务住宅;楼宇;商务写字楼,元化路8号南大科技园C号路附近,118.958575,32.127908,江苏省,南京市,栖霞区,
788,南京大学仙林校区学生公寓25幢,商务住宅;住宅区;宿舍,,118.95892,32.124757,江苏省,南京市,栖霞区,
789,协同创新大厦,商务住宅;楼宇;商务写字楼,元化路8号南大科技园C号路,118.964143,32.125583,江苏省,南京市,栖霞区,
790,智慧园1,商务住宅;楼宇;商务写字楼,元化路8号南大科技园C号路附近,118.963961,32.126795,江苏省,南京市,栖霞区,
791,金地湖城艺境,商务住宅;住宅区;住宅小区,守敬路与纬地路交汇处,118.980102,32.127418,江苏省,南京市,栖霞区,
792,保利·罗兰春天,商务住宅;住宅区;住宅小区,学森路199号(仙林湖西北角),118.978834,32.131996,江苏省,南京市,栖霞区,
793,枫情水岸(经天路),商务住宅;住宅区;住宅小区,纬地路19号,118.975573,32.129762,江苏省,南京市,栖霞区,
794,保利罗兰春天12号,商务住宅;商务住宅相关;商务住宅相关,仙林湖学森路199号,118.979397,32.132888,江苏省,南京市,栖霞区,
795,星叶枫情水岸,商务住宅;住宅区;住宅小区,经天路与纬地路交汇处,118.974518,32.129064,江苏省,南京市,栖霞区,
796,新城香悦澜山,商务住宅;住宅区;住宅小区,,118.975563,32.126385,江苏省,南京市,栖霞区,
797,万科金色领域,商务住宅;住宅区;住宅小区,仙林守敬路1号,118.983482,32.133166,江苏省,南京市,栖霞区,
798,保利·罗兰香谷,商务住宅;住宅区;住宅小区,仙林湖以北1号,118.985589,32.131106,江苏省,南京市,栖霞区,
799,中电熊猫倒班宿舍,商务住宅;住宅区;宿舍,,118.991044,32.132881,江苏省,南京市,栖霞区,
800,老山林场住宅,商务住宅;住宅区;住宅区,老山林场,118.58362,32.1176,江苏省,南京市,浦口区,
801,森林一村,商务住宅;住宅区;住宅小区,老山森林公园,118.583193,32.115163,江苏省,南京市,浦口区,
802,老山青峰居,商务住宅;住宅区;住宅小区,岔路口西路12,118.581581,32.115257,江苏省,南京市,浦口区,
803,绿之苑,商务住宅;住宅区;住宅小区,张冲路54号附近,118.584167,32.118118,江苏省,南京市,浦口区,
804,明发珍珠泉9号,商务住宅;住宅区;住宅区,珍珠街178-1号(珍珠泉公园),118.662051,32.119254,江苏省,南京市,浦口区,
805,南车南京浦镇车辆有限公司单身楼,商务住宅;住宅区;宿舍,工会街附近,118.691149,32.124032,江苏省,南京市,浦口区,
806,丁圩小区,商务住宅;住宅区;住宅小区,兴浦路与浦江线交叉口西150米,118.693676,32.114947,江苏省,南京市,浦口区,
807,铁工新区小区,商务住宅;住宅区;住宅小区,工会街附近,118.690576,32.123746,江苏省,南京市,浦口区,
808,龙虎巷社区,商务住宅;住宅区;社区中心,龙虎巷18号附近,118.690001,32.122088,江苏省,南京市,浦口区,
809,鼎泰家园,商务住宅;住宅区;住宅小区,小柳路9号(公交车站),118.700366,32.118633,江苏省,南京市,浦口区,
810,山水云房,商务住宅;住宅区;住宅小区,浦珠北路122号,118.698924,32.114531,江苏省,南京市,浦口区,
811,丽都嘉园2期,商务住宅;住宅区;住宅小区,小柳路325号附近,118.697266,32.114767,江苏省,南京市,浦口区,
812,鼎泰家园(南门),商务住宅;商务住宅相关;商务住宅相关,新鼎路北50米,118.70067,32.116597,江苏省,南京市,浦口区,
813,鼎泰家园(东门),商务住宅;商务住宅相关;商务住宅相关,东笆路与新鼎路交叉口北200米,118.70331,32.118359,江苏省,南京市,浦口区,
814,明发科技商务城,商务住宅;楼宇;商务写字楼,小柳路北50米,118.706516,32.120157,江苏省,南京市,浦口区,
815,江苏总部基地,商务住宅;楼宇;商务写字楼,浦东北路5号明发集团,118.706185,32.118171,江苏省,南京市,浦口区,
816,明发江苏总部基地(3号门),商务住宅;商务住宅相关;商务住宅相关,新鼎路,118.706258,32.117371,江苏省,南京市,浦口区,
817,乐美颂,商务住宅;住宅区;住宅小区,柳洲南路7号,118.720483,32.117543,江苏省,南京市,浦口区,
818,桂美颂,商务住宅;住宅区;住宅小区,浦珠北路59号,118.723134,32.118927,江苏省,南京市,浦口区,
819,爱美颂,商务住宅;住宅区;住宅小区,柳洲南路2号,118.718889,32.117373,江苏省,南京市,浦口区,
820,大华锦绣华城·柳州苑,商务住宅;住宅区;住宅小区,浦珠路59号(浦珠北路和柳州南路交汇处),118.717259,32.116346,江苏省,南京市,浦口区,
821,大华锦绣华城A块6期,商务住宅;住宅区;住宅小区,沿口路与浦珠北路交叉口西南200米,118.723145,32.121569,江苏省,南京市,浦口区,
822,家乐福乐透小公馆,商务住宅;住宅区;住宅区,乐华路与浦珠北路交叉口东南50米,118.72092,32.119839,江苏省,南京市,浦口区,
823,桂美颂西区,商务住宅;住宅区;住宅区,柳州路7号,118.720929,32.117874,江苏省,南京市,浦口区,
824,大华锦绣华城·香榭美颂(东北门),商务住宅;商务住宅相关;商务住宅相关,泰山街道浦珠北路59号,118.721546,32.115508,江苏省,南京市,浦口区,
825,桥工新村,商务住宅;住宅区;住宅小区,迎江路38号,118.729573,32.115355,江苏省,南京市,浦口区,
826,榴美颂,商务住宅;住宅区;住宅小区,浦口浦珠北路59号,118.724919,32.115852,江苏省,南京市,浦口区,
827,彩虹雅苑,商务住宅;住宅区;住宅小区,迎江路38-2号,118.727101,32.117649,江苏省,南京市,浦口区,
828,南京大桥4处,商务住宅;住宅区;住宅区,滨江大道与滨江路交叉口北100米,118.733727,32.114704,江苏省,南京市,浦口区,
829,桥工新村(北门),商务住宅;商务住宅相关;商务住宅相关,迎江路38-2号附近,118.7285,32.116461,江苏省,南京市,浦口区,
830,海德北岸城,商务住宅;住宅区;住宅小区,迎江路59号(长江大桥北引桥东侧),118.73489,32.123439,江苏省,南京市,浦口区,
831,明发滨江新城售楼中心,商务住宅;商务住宅相关;商务住宅相关,滨江大道附近,118.73936,32.120701,江苏省,南京市,浦口区,
832,钢铁交易数码港3号楼,商务住宅;楼宇;商务写字楼,江元路附近,118.766027,32.116775,江苏省,南京市,鼓楼区,
833,数码港大厦(下燕路),商务住宅;楼宇;商务写字楼,燕江路201号,118.765306,32.115839,江苏省,南京市,鼓楼区,
834,上元里42号,商务住宅;住宅区;住宅区,中央北路与江元路交叉口西北200米,118.768831,32.116945,江苏省,南京市,鼓楼区,
835,上元里48号,商务住宅;住宅区;住宅区,江元路附近,118.768172,32.118319,江苏省,南京市,鼓楼区,
836,弘阳·旭日景城,商务住宅;住宅区;住宅小区,幕府东路55号,118.784279,32.114412,江苏省,南京市,鼓楼区,
837,盛世新寓,商务住宅;住宅区;住宅小区,幕府东路99号盛世新寓,118.793841,32.114263,江苏省,南京市,鼓楼区,
838,云谷山庄,商务住宅;住宅区;住宅小区,幕府东路57号,118.789252,32.115933,江苏省,南京市,鼓楼区,
839,江雁·德水香林,商务住宅;住宅区;住宅小区,幕府东路57号,118.786681,32.11681,江苏省,南京市,鼓楼区,
840,黄方村42号院,商务住宅;住宅区;住宅区,黄方村42号,118.792014,32.116512,江苏省,南京市,鼓楼区,
841,幕府山东营区,商务住宅;住宅区;住宅小区,黄方村42,118.792652,32.116477,江苏省,南京市,鼓楼区,
842,沁景佳园,商务住宅;住宅区;住宅小区,黄方村118号,118.795639,32.114688,江苏省,南京市,鼓楼区,
843,紫金(下关)科技创业特别社区人才公寓,商务住宅;住宅区;住宅小区,水吉路附近,118.802609,32.120241,江苏省,南京市,鼓楼区,
844,田园美居综合楼,商务住宅;住宅区;住宅小区,幕府东路233号,118.809547,32.116863,江苏省,南京市,栖霞区,
845,田园美居,商务住宅;住宅区;住宅小区,幕府东路233号,118.809833,32.117891,江苏省,南京市,栖霞区,
846,望燕名居,商务住宅;住宅区;住宅小区,栖霞幕府东路236号,118.809271,32.115303,江苏省,南京市,栖霞区,
847,大地·伊丽雅特湾,商务住宅;住宅区;住宅小区,和燕路329号,118.812527,32.114854,江苏省,南京市,栖霞区,
848,龙虎山庄,商务住宅;住宅区;住宅小区,晓庄村96号,118.80849,32.117251,江苏省,南京市,栖霞区,
849,晓庄村42号院,商务住宅;住宅区;住宅小区|地名地址信息;门牌信息;楼栋号,晓庄村42号(彩虹广场),118.811293,32.117253,江苏省,南京市,栖霞区,
850,南京卫生学校生活区,商务住宅;住宅区;宿舍,晓庄卫校便道与行知路交叉口西南150米,118.811618,32.119278,江苏省,南京市,栖霞区,
851,金陵科技学院教工宿舍9幢,商务住宅;住宅区;宿舍,,118.813802,32.123721,江苏省,南京市,栖霞区,
852,金陵科技学院教工宿舍8幢,商务住宅;住宅区;宿舍,,118.813728,32.123797,江苏省,南京市,栖霞区,
853,金陵科技学院教工宿舍7幢,商务住宅;住宅区;宿舍,,118.813516,32.124096,江苏省,南京市,栖霞区,
854,金陵科技学院教工宿舍10幢,商务住宅;住宅区;宿舍,,118.813879,32.12366,江苏省,南京市,栖霞区,
855,大地·伊丽雅特湾(西门),商务住宅;商务住宅相关;商务住宅相关,幕府东路与栖霞大道交叉口西南200米,118.811332,32.115712,江苏省,南京市,栖霞区,
856,南京卫生学校生活区沁香园,商务住宅;住宅区;宿舍,晓庄卫校便道,118.812146,32.119752,江苏省,南京市,栖霞区,
857,南京卫生学校生活区劲松苑,商务住宅;住宅区;宿舍,中央门外晓庄村40号附近,118.811283,32.119009,江苏省,南京市,栖霞区,
858,南铁宿舍7幢,商务住宅;住宅区;宿舍,和燕路379-11号附近,118.818318,32.119609,江苏省,南京市,栖霞区,
859,南铁宿舍8幢,商务住宅;住宅区;宿舍,和燕路422号院附近,118.817765,32.119368,江苏省,南京市,栖霞区,
860,晓庄国际公寓,商务住宅;住宅区;住宅小区,和燕路408号,118.819941,32.118395,江苏省,南京市,栖霞区,
861,南铁宿舍5幢,商务住宅;住宅区;宿舍,和燕路与宇锦路交叉口西150米,118.817243,32.119307,江苏省,南京市,栖霞区,
862,晓庄国际广场,商务住宅;住宅区;住宅区,和燕路408号,118.819903,32.117948,江苏省,南京市,栖霞区,
863,魔方公寓(文浚街),商务住宅;住宅区;宿舍|住宿服务;旅馆招待所;旅馆招待所,和燕路371号(晓庄行知园东南大学科技园内),118.817284,32.120111,江苏省,南京市,栖霞区,
864,中心村80号,商务住宅;住宅区;住宅小区,栖霞晓庄中心村80号,118.817676,32.12086,江苏省,南京市,栖霞区,
865,中心村78号,商务住宅;住宅区;住宅小区,晓庄中心村78号,118.816521,32.121027,江苏省,南京市,栖霞区,
866,晓园三舍,商务住宅;住宅区;宿舍,,118.815727,32.120317,江苏省,南京市,栖霞区,
867,宁东创业公寓,商务住宅;住宅区;宿舍,行知路东南大学国家科技园内,118.815727,32.120442,江苏省,南京市,栖霞区,
868,晓园四舍,商务住宅;住宅区;宿舍,,118.815732,32.120509,江苏省,南京市,栖霞区,
869,晓庄铁医宿舍,商务住宅;住宅区;宿舍,晓庄村47号,118.81511,32.118609,江苏省,南京市,栖霞区,
870,晓庄村40号小区,商务住宅;住宅区;住宅小区,晓庄村40号,118.81513,32.118131,江苏省,南京市,栖霞区,
871,晓庄小区,商务住宅;住宅区;住宅小区,和燕路404号,118.817979,32.115306,江苏省,南京市,栖霞区,
872,省安装公司小区,商务住宅;住宅区;住宅小区,和燕路349号,118.816568,32.11573,江苏省,南京市,栖霞区,
873,晓庄47号小区,商务住宅;住宅区;住宅小区,栖霞幕府东路晓庄村47号,118.814212,32.119635,江苏省,南京市,栖霞区,
874,城市绿洲花园,商务住宅;住宅区;住宅小区,和燕路440号(迈稿桥),118.820409,32.123123,江苏省,南京市,栖霞区,
875,幕府山庄,商务住宅;住宅区;住宅小区,和燕路403号幕府山庄,118.817161,32.123232,江苏省,南京市,栖霞区,
876,锦绣庭院,商务住宅;住宅区;住宅区,栖霞和燕路440号,118.820416,32.123357,江苏省,南京市,栖霞区,
877,和燕路400号小区,商务住宅;住宅区;住宅小区,和燕路400号,118.817243,32.114675,江苏省,南京市,栖霞区,
878,安邦公寓,商务住宅;商务住宅相关;商务住宅相关,栖霞行知路金陵科技学院,118.813979,32.12258,江苏省,南京市,栖霞区,
879,金陵科技学院教工宿舍13幢,商务住宅;住宅区;宿舍,,118.814052,32.123501,江苏省,南京市,栖霞区,
880,金陵科技学院教工宿舍12幢,商务住宅;住宅区;宿舍,,118.813989,32.123551,江苏省,南京市,栖霞区,
881,金陵科技学院教工宿舍11幢,商务住宅;住宅区;宿舍,,118.813947,32.123611,江苏省,南京市,栖霞区,
882,质监大厦(和燕路),商务住宅;楼宇;商务写字楼,和燕路405号,118.819866,32.123593,江苏省,南京市,栖霞区,
883,高力文化大厦,商务住宅;楼宇;商务写字楼,栖霞大道8号,118.822916,32.114936,江苏省,南京市,栖霞区,
884,阳光雅居(万兴路),商务住宅;住宅区;住宅小区,经五路,118.833432,32.117775,江苏省,南京市,栖霞区,
885,燕华花园,商务住宅;住宅区;住宅小区,栖霞大道98号(公交车站),118.829938,32.120581,江苏省,南京市,栖霞区,
886,城市绿洲花园2期,商务住宅;住宅区;住宅小区,和燕路438,118.825771,32.122764,江苏省,南京市,栖霞区,
887,栖霞民政大厦,商务住宅;楼宇;商务写字楼,栖霞大道9号6层,118.824031,32.117234,江苏省,南京市,栖霞区,
888,万寿花苑,商务住宅;住宅区;住宅小区,迈尧路340附近,118.829938,32.114242,江苏省,南京市,栖霞区,
889,依云华府,商务住宅;住宅区;住宅小区,栖霞大道15号附近,118.833004,32.122207,江苏省,南京市,栖霞区,
890,青秀城,商务住宅;住宅区;住宅小区,迈尧路弘阳家居对面,118.832057,32.115773,江苏省,南京市,栖霞区,
891,城市绿洲花园3区,商务住宅;住宅区;住宅区,寅春西路北50米,118.82655,32.124007,江苏省,南京市,栖霞区,
892,招商1872,商务住宅;楼宇;商住两用楼宇,经五路与宜春路交汇处,118.832611,32.122182,江苏省,南京市,栖霞区,
893,中铁G72地块,商务住宅;商务住宅相关;商务住宅相关,"阳光雅居小区,南至迈化路,西至案号划拨地块,北至栖霞大道",118.830367,32.11648,江苏省,南京市,栖霞区,
894,乐庭(高力国际家具港),商务住宅;商务住宅相关;商务住宅相关,栖霞大道8号F1层,118.824965,32.115335,江苏省,南京市,栖霞区,
895,名都汇,商务住宅;商务住宅相关;商务住宅相关,经五路1-2号,118.83324,32.11553,江苏省,南京市,栖霞区,
896,燕华花园(南一门),商务住宅;商务住宅相关;商务住宅相关,栖霞大道23号附近,118.830469,32.118857,江苏省,南京市,栖霞区,
897,燕华花园(西门),商务住宅;商务住宅相关;商务住宅相关,栖霞大道17号附近,118.82957,32.11869,江苏省,南京市,栖霞区,
898,森雅居(高力国际家具港),商务住宅;商务住宅相关;商务住宅相关,栖霞大道8号F2层,118.824856,32.115998,江苏省,南京市,栖霞区,
899,次中庭(高力国际家具港),商务住宅;商务住宅相关;商务住宅相关,栖霞大道8号F1层,118.824801,32.115724,江苏省,南京市,栖霞区,
900,国景明博(高力国际家具港),商务住宅;商务住宅相关;商务住宅相关,栖霞大道8号F4层,118.824673,32.115582,江苏省,南京市,栖霞区,
901,金山花苑,商务住宅;住宅区;住宅小区,万寿村8号,118.840327,32.114692,江苏省,南京市,栖霞区,
902,怡园小区(怡圆路),商务住宅;住宅区;住宅小区,栖霞怡园小区进取村150号,118.839352,32.12299,江苏省,南京市,栖霞区,
903,万丰苑,商务住宅;住宅区;住宅小区,进取村157号,118.84314,32.121853,江苏省,南京市,栖霞区,
904,精优教辅中心,商务住宅;楼宇;商务写字楼,1号路附近,118.839184,32.116937,江苏省,南京市,栖霞区,
905,东方兰园,商务住宅;住宅区;住宅小区,经五路与迈尧路交汇处,118.835266,32.116469,江苏省,南京市,栖霞区,
906,进取村(迈化路),商务住宅;住宅区;住宅小区,进取村154号,118.840714,32.120961,江苏省,南京市,栖霞区,
907,沁苑一村2期,商务住宅;住宅区;住宅区,迈化路B幢6-2号,118.84219,32.12186,江苏省,南京市,栖霞区,
908,沁苑一村,商务住宅;住宅区;住宅小区,迈尧路152-59号,118.841065,32.122819,江苏省,南京市,栖霞区,
909,万丰苑(北1门),商务住宅;商务住宅相关;商务住宅相关,寅春路f3-28号附近,118.843056,32.122586,江苏省,南京市,栖霞区,
910,燕舞园,商务住宅;住宅区;住宅小区,瑞平北街,118.853609,32.115744,江苏省,南京市,栖霞区,
911,燕舞园北区,商务住宅;住宅区;住宅区,燕春路与瑞丽路交叉口南150米,118.852781,32.116471,江苏省,南京市,栖霞区,
912,燕平园,商务住宅;住宅区;住宅小区,瑞平街与瑞平路交叉口北,118.857332,32.119105,江苏省,南京市,栖霞区,
913,金山花苑(燕尧路),商务住宅;住宅区;住宅小区,燕尧路65号附近,118.855601,32.121538,江苏省,南京市,栖霞区,
914,银贡山庄A区,商务住宅;住宅区;住宅小区,华电北路银贡山庄,118.86367,32.114327,江苏省,南京市,栖霞区,
915,燕歌园,商务住宅;住宅区;住宅小区,华银路19号,118.856947,32.114936,江苏省,南京市,栖霞区,
916,燕舞园(中区),商务住宅;住宅区;住宅小区,瑞丽路与瑞平北街交叉口南150米,118.85403,32.115272,江苏省,南京市,栖霞区,
917,南京国资新城,商务住宅;住宅区;住宅小区,燕尧路东50米,118.856885,32.121167,江苏省,南京市,栖霞区,
918,燕歌园4园,商务住宅;住宅区;住宅区,瑞丽路与瑞平北街交叉口东北150米,118.855425,32.117152,江苏省,南京市,栖霞区,
919,燕歌园北1区,商务住宅;住宅区;住宅小区,瑞平北街附近,118.854868,32.117651,江苏省,南京市,栖霞区,
920,燕歌园(中区),商务住宅;住宅区;住宅小区,瑞丽路与瑞平南街交叉口北150米,118.85718,32.115126,江苏省,南京市,栖霞区,
921,燕歌园北2区,商务住宅;住宅区;住宅小区,华银路19号燕歌园附近,118.856613,32.116089,江苏省,南京市,栖霞区,
922,燕歌园东区,商务住宅;住宅区;住宅小区,华银路19号附近,118.857949,32.114327,江苏省,南京市,栖霞区,
923,艺郡临枫,商务住宅;住宅区;住宅小区,尧化门金尧路2号(苏果超市旁),118.871045,32.121393,江苏省,南京市,栖霞区,
924,金尧新村,商务住宅;住宅区;住宅小区,尧化门尧新大道66号,118.872013,32.118605,江苏省,南京市,栖霞区,
925,紫金北郡山庄,商务住宅;住宅区;住宅小区,燕尧路9号,118.868601,32.114673,江苏省,南京市,栖霞区,
926,金尧山庄,商务住宅;住宅区;住宅小区,尧化门尧新大道11号,118.870364,32.115593,江苏省,南京市,栖霞区,
927,计算新村,商务住宅;住宅区;住宅区,尧化门尧新大道68号,118.87245,32.11963,江苏省,南京市,栖霞区,
928,赞成·佳邻美居,商务住宅;住宅区;住宅小区,尧新大道16,118.872629,32.117385,江苏省,南京市,栖霞区,
929,月桂圆2期,商务住宅;住宅区;住宅小区,尧和西路2号,118.870743,32.117153,江苏省,南京市,栖霞区,
930,尧化新村北区,商务住宅;住宅区;住宅小区,尧佳路5号,118.873498,32.115777,江苏省,南京市,栖霞区,
931,月桂园,商务住宅;住宅区;住宅小区,尧和西路2号,118.867848,32.117816,江苏省,南京市,栖霞区,
932,尧化新村1区,商务住宅;住宅区;住宅区,尧佳路5号,118.873689,32.115211,江苏省,南京市,栖霞区,
933,江苏输油管理处家属院,商务住宅;住宅区;住宅小区,栖霞尧新大道尧化新村101号,118.871591,32.115329,江苏省,南京市,栖霞区,
934,南京上铁张华村职工集资房,商务住宅;住宅区;住宅区,尧和路与尧新大道交叉口西100米,118.87036,32.117674,江苏省,南京市,栖霞区,
935,永园旗,商务住宅;商务住宅相关;商务住宅相关,金尧路11-1号附近,118.8738,32.12364,江苏省,南京市,栖霞区,
936,紫金北郡山庄2期,商务住宅;住宅区;住宅区,燕尧路9号,118.867762,32.115353,江苏省,南京市,栖霞区,
937,银河湾·卓苑(西门),商务住宅;商务住宅相关;商务住宅相关,尧景路与邻安路交叉口北50米,118.872569,32.120189,江苏省,南京市,栖霞区,
938,新城佳园(新尧路),商务住宅;住宅区;住宅小区,新尧路16号(公交车站),118.879805,32.119366,江苏省,南京市,栖霞区,
939,银辰新苑,商务住宅;住宅区;住宅小区,尧化新尧路5号,118.877699,32.118313,江苏省,南京市,栖霞区,
940,尧安新村100号南院,商务住宅;住宅区;住宅小区,新尧路西150米,118.87842,32.117621,江苏省,南京市,栖霞区,
941,尧化村小庙山118号,商务住宅;住宅区;住宅区,新尧路10-10号附近,118.880736,32.117158,江苏省,南京市,栖霞区,
942,尧林仙居,商务住宅;住宅区;住宅小区,彭家洼尧佳路23号,118.881577,32.120674,江苏省,南京市,栖霞区,
943,尧建新村小区,商务住宅;住宅区;住宅小区,尧华门新尧路18号,118.878889,32.121882,江苏省,南京市,栖霞区,
944,尧化门教师楼,商务住宅;住宅区;住宅区,尧化门,118.881656,32.11771,江苏省,南京市,栖霞区,
945,港尧新村,商务住宅;住宅区;住宅小区,尧辰村尧化门,118.880321,32.116283,江苏省,南京市,栖霞区,
946,尧华教师公寓,商务住宅;住宅区;宿舍,新尧路东150米,118.882038,32.117419,江苏省,南京市,栖霞区,
947,上城风景,商务住宅;住宅区;住宅小区,尧佳路18号,118.875492,32.117394,江苏省,南京市,栖霞区,
948,上城北苑,商务住宅;商务住宅相关;商务住宅相关,尧佳路7号,118.876605,32.116183,江苏省,南京市,栖霞区,
949,青山苑,商务住宅;住宅区;住宅区,尧佳路西200米,118.882507,32.121235,江苏省,南京市,栖霞区,
950,尧医职工住宅,商务住宅;住宅区;住宅小区,尧化门街227号(近栖霞医院),118.882453,32.116547,江苏省,南京市,栖霞区,
951,银城新苑,商务住宅;商务住宅相关;商务住宅相关,新尧路9号,118.876626,32.122812,江苏省,南京市,栖霞区,
952,尧石二村(西门),商务住宅;商务住宅相关;商务住宅相关,太龙路227号附近,118.882685,32.116498,江苏省,南京市,栖霞区,
953,银河湾卓苑,商务住宅;住宅区;住宅小区,尧景路1,118.874506,32.121306,江苏省,南京市,栖霞区,
954,中建安装人才公寓,商务住宅;住宅区;住宅小区,新尧路9号,118.87644,32.123169,江苏省,南京市,栖霞区,
955,尧安新村100号北院,商务住宅;住宅区;住宅区,尧佳路尧安新村,118.87716,32.123549,江苏省,南京市,栖霞区,
956,上城风景(尧佳路),商务住宅;住宅区;住宅小区,尧化街道尧辰采石场,118.878151,32.114387,江苏省,南京市,栖霞区,
957,尧化一村,商务住宅;住宅区;住宅小区,尧化门尧佳路,118.876474,32.114626,江苏省,南京市,栖霞区,
958,金尧花园,商务住宅;住宅区;住宅小区,金尧路8号,118.873952,32.122341,江苏省,南京市,栖霞区,
959,栖霞区北门办公楼,商务住宅;楼宇;商务写字楼,尧化门街189号南京市栖霞区北门办公楼2层,118.87808,32.11613,江苏省,南京市,栖霞区,
960,高庙80号,商务住宅;住宅区;住宅区,尧化门街解放村附近,118.889023,32.119099,江苏省,南京市,栖霞区,
961,高庙170号,商务住宅;住宅区;住宅区,太龙路东100米,118.889249,32.118704,江苏省,南京市,栖霞区,
962,高庙64号,商务住宅;住宅区;住宅区,太龙路东50米,118.888891,32.120058,江苏省,南京市,栖霞区,
963,高庙50号,商务住宅;住宅区;住宅区,太龙路东50米,118.888286,32.118455,江苏省,南京市,栖霞区,
964,高庙188号,商务住宅;住宅区;住宅区,太龙路东50米,118.889099,32.120398,江苏省,南京市,栖霞区,
965,南京东车辆段宿舍,商务住宅;住宅区;宿舍,高庙90号南京东站派出所附近,118.89091,32.120604,江苏省,南京市,栖霞区,
966,尧石二村,商务住宅;住宅区;住宅小区,尧佳路100号,118.88615,32.119471,江苏省,南京市,栖霞区,
967,南京东机班公寓,商务住宅;住宅区;宿舍,金尧路西200米,118.891396,32.120509,江苏省,南京市,栖霞区,
968,栖霞区后新塘地块经济适用房,商务住宅;住宅区;住宅区,太龙路与尧佳路交叉口东南200米,118.890624,32.122326,江苏省,南京市,栖霞区,
969,前新塘西128号,商务住宅;住宅区;住宅区,太龙路与尧佳路交叉口东南100米,118.889925,32.122805,江苏省,南京市,栖霞区,
970,熙景和苑,商务住宅;住宅区;住宅区,金尧路,118.891193,32.122727,江苏省,南京市,栖霞区,
971,紫金上品苑,商务住宅;住宅区;住宅小区,金尧路29号(金尧路与尧佳路交汇处),118.892399,32.122487,江苏省,南京市,栖霞区,
972,下曹西26号,商务住宅;住宅区;住宅区,,118.89212,32.115416,江苏省,南京市,栖霞区,
973,翠林苑小区,商务住宅;住宅区;住宅小区,兴后路附近,118.884584,32.122192,江苏省,南京市,栖霞区,
974,下曹东27号,商务住宅;住宅区;住宅区,,118.893001,32.11555,江苏省,南京市,栖霞区,
975,下曹东28号,商务住宅;住宅区;住宅区,,118.892783,32.115352,江苏省,南京市,栖霞区,
976,高庙10号,商务住宅;住宅区;住宅区,太龙路东200米,118.885882,32.114684,江苏省,南京市,栖霞区,
977,下曹西21号,商务住宅;住宅区;住宅区,,118.892833,32.11499,江苏省,南京市,栖霞区,
978,高庙12号,商务住宅;住宅区;住宅区,太龙路东200米,118.885833,32.114371,江苏省,南京市,栖霞区,
979,王子楼西16号,商务住宅;住宅区;住宅区,,118.896107,32.1198,江苏省,南京市,栖霞区,
980,王子楼西22号,商务住宅;住宅区;住宅区,,118.895697,32.119425,江苏省,南京市,栖霞区,
981,王子楼西29号,商务住宅;住宅区;住宅区,,118.895282,32.119151,江苏省,南京市,栖霞区,
982,王子西楼42号,商务住宅;住宅区;住宅区,,118.897776,32.117708,江苏省,南京市,栖霞区,
983,王子西楼48号,商务住宅;住宅区;住宅区,,118.898294,32.118013,江苏省,南京市,栖霞区,
984,王子西楼49号,商务住宅;住宅区;住宅区,,118.898494,32.117869,江苏省,南京市,栖霞区,
985,下曹东队25号,商务住宅;商务住宅相关;商务住宅相关,,118.89597,32.115163,江苏省,南京市,栖霞区,
986,下曹东队12号,商务住宅;商务住宅相关;商务住宅相关,,118.89578,32.114883,江苏省,南京市,栖霞区,
987,南京师范大学中北独立校区C栋学生公寓,商务住宅;住宅区;宿舍,宁镇公路附近,118.909653,32.117297,江苏省,南京市,栖霞区,
988,南京师范大学中北独立校区B栋学生公寓,商务住宅;住宅区;宿舍,,118.909627,32.116716,江苏省,南京市,栖霞区,
989,南京师范大学中北独立校区D栋学生公寓,商务住宅;住宅区;宿舍,,118.90931,32.116638,江苏省,南京市,栖霞区,
990,南京师范大学中北独立校区A栋学生公寓,商务住宅;住宅区;宿舍,,118.909667,32.116063,江苏省,南京市,栖霞区,
991,金港科创03,商务住宅;楼宇;商务写字楼,甘家边东108号,118.90628,32.12264,江苏省,南京市,栖霞区,
992,金港科创04,商务住宅;楼宇;商务写字楼,甘家边东108号,118.90601,32.12293,江苏省,南京市,栖霞区,
993,金港科技创综合楼,商务住宅;楼宇;商务写字楼,甘家边东108号,118.906784,32.123637,江苏省,南京市,栖霞区,
994,321国际人才创业大厦,商务住宅;楼宇;商务写字楼,甘家边东108号,118.906789,32.123637,江苏省,南京市,栖霞区,
995,金港科创01,商务住宅;楼宇;商务写字楼,甘家边东108号,118.90814,32.124052,江苏省,南京市,栖霞区,
996,金港科创05,商务住宅;楼宇;商务写字楼,甘家边东108号,118.905519,32.123301,江苏省,南京市,栖霞区,
997,金港科创07,商务住宅;楼宇;商务写字楼,甘家边东108号,118.90624,32.123901,江苏省,南京市,栖霞区,
998,金港科创06,商务住宅;楼宇;商务写字楼,甘家边东108号,118.90514,32.12359,江苏省,南京市,栖霞区,
999,南京师范大学仙林校区北苑35栋学生公寓,商务住宅;住宅区;宿舍,北区一号路与北区二号路交叉口东南50米,118.913846,32.114732,江苏省,南京市,栖霞区,
1000,南京技师学院学生公寓1幢,商务住宅;住宅区;宿舍,学海路29号,118.91681,32.120656,江苏省,南京市,栖霞区,
1001,南京技师学院学生公寓2幢,商务住宅;住宅区;宿舍,学海路29号,118.916742,32.120791,江苏省,南京市,栖霞区,
1002,南京技师学院学生公寓4幢,商务住宅;住宅区;宿舍,学海路29号,118.916355,32.120732,江苏省,南京市,栖霞区,
1003,南京技师学院学生公寓3幢,商务住宅;住宅区;宿舍,学海路29号,118.916493,32.121188,江苏省,南京市,栖霞区,
1004,南京技师学院-学生公寓5幢,商务住宅;住宅区;宿舍,宁镇公路南150米,118.915934,32.120866,江苏省,南京市,栖霞区,
1005,南京技师学院教师公寓,商务住宅;住宅区;宿舍,宁镇公路南200米,118.91538,32.120439,江苏省,南京市,栖霞区,
1006,南京财经大学仙林校区-北苑学舍11,商务住宅;住宅区;宿舍,北苑路与文澜路交叉口南100米,118.922592,32.116108,江苏省,南京市,栖霞区,
1007,南京财经大学仙林校区北苑学舍12,商务住宅;住宅区;宿舍,北苑路与文澜路交叉口西南150米,118.921754,32.115477,江苏省,南京市,栖霞区,
1008,南京财经大学仙林校区北苑学舍15,商务住宅;住宅区;宿舍,北苑路,118.921484,32.115308,江苏省,南京市,栖霞区,
1009,鸿运嘉园(学海路),商务住宅;住宅区;住宅小区,学海路28号(金鹰天地向北1000米),118.923808,32.121339,江苏省,南京市,栖霞区,
1010,南京财经大学仙林校区北苑学舍9,商务住宅;住宅区;宿舍,北苑路与文澜路交叉口东南100米,118.922981,32.116073,江苏省,南京市,栖霞区,
1011,南京财经大学仙林校区北苑学舍16,商务住宅;住宅区;宿舍,文澜路东100米,118.920702,32.114767,江苏省,南京市,栖霞区,
1012,南京财经大学仙林校区北苑学舍10,商务住宅;住宅区;宿舍,北苑路,118.921949,32.115246,江苏省,南京市,栖霞区,
1013,南京财经大学仙林校区北苑学舍13,商务住宅;住宅区;宿舍,文澜路东100米,118.921657,32.11509,江苏省,南京市,栖霞区,
1014,南京财经大学仙林校区北苑学舍14,商务住宅;住宅区;宿舍,文澜路东100米,118.920856,32.114596,江苏省,南京市,栖霞区,
1015,南京财经大学仙林校区北苑学舍07,商务住宅;住宅区;宿舍,北苑路与文澜路交叉口东南150米,118.923299,32.115734,江苏省,南京市,栖霞区,
1016,南京财经大学仙林校区北苑学舍08,商务住宅;住宅区;宿舍,文澜路东150米,118.922441,32.114953,江苏省,南京市,栖霞区,
1017,南京师范大学仙林校区北苑37栋学生公寓,商务住宅;住宅区;宿舍,北区一号路与北区三号路交叉口东南50米,118.914846,32.115328,江苏省,南京市,栖霞区,
1018,南京财经大学仙林校区-北苑学舍06,商务住宅;住宅区;宿舍,北苑路,118.922798,32.115006,江苏省,南京市,栖霞区,
1019,南京财经大学仙林校区北苑学舍05,商务住宅;住宅区;宿舍,北苑路,118.923478,32.115475,江苏省,南京市,栖霞区,
1020,南京师范大学仙林校区北苑36栋学生公寓,商务住宅;住宅区;宿舍,北区一号路与北区三号路交叉口西南50米,118.914429,32.115333,江苏省,南京市,栖霞区,
1021,南京财经大学仙林校区北苑学舍04,商务住宅;住宅区;宿舍,北苑路,118.923721,32.115253,江苏省,南京市,栖霞区,
1022,中天·铭廷,商务住宅;住宅区;住宅小区,学海路和文成路交汇处,118.923069,32.123723,江苏省,南京市,栖霞区,
1023,南京师范大学仙林校区北苑34栋学生公寓,商务住宅;住宅区;宿舍,北区一号路与北区二号路交叉口东南100米,118.913978,32.114609,江苏省,南京市,栖霞区,
1024,南京我爱我家住宅公寓鸿雁名居店,商务住宅;商务住宅相关;商务住宅相关,学海路28号鸿雁名居22栋,118.922605,32.120451,江苏省,南京市,栖霞区,
1025,高科荣域,商务住宅;住宅区;住宅小区,仙林大学城文宗路8号,118.929428,32.121811,江苏省,南京市,栖霞区,
1026,南京邮电大学荷苑,商务住宅;住宅区;宿舍,仙境路,118.932032,32.118663,江苏省,南京市,栖霞区,
1027,南京邮电大学教师公寓3幢,商务住宅;住宅区;宿舍,文澜路与鸿雁路交叉口西南200米,118.926034,32.118084,江苏省,南京市,栖霞区,
1028,南京邮电大学教师公寓8幢,商务住宅;住宅区;宿舍,文澜路南150米,118.926043,32.117204,江苏省,南京市,栖霞区,
1029,南京邮电大学教师公寓11幢,商务住宅;住宅区;宿舍,学海路东150米,118.926168,32.116903,江苏省,南京市,栖霞区,
1030,南京邮电大学学生公寓43幢,商务住宅;住宅区;宿舍,仙境路西200米,118.933007,32.119002,江苏省,南京市,栖霞区,
1031,南京邮电大学学生公寓41幢,商务住宅;住宅区;宿舍,仙境路与践行路交叉口西200米,118.933114,32.118839,江苏省,南京市,栖霞区,
1032,南京邮电大学学生公寓45幢,商务住宅;住宅区;宿舍,仙境路与践行路交叉口西150米,118.933279,32.119455,江苏省,南京市,栖霞区,
1033,南京邮电大学教师公寓7幢(文澜路),商务住宅;住宅区;宿舍,学海路与文澜路交叉口东南200米,118.925397,32.116892,江苏省,南京市,栖霞区,
1034,南京邮电大学桂苑,商务住宅;住宅区;宿舍,仙境路与践行路交叉口西150米,118.933462,32.119097,江苏省,南京市,栖霞区,
1035,南京邮电大学国际生公寓10幢,商务住宅;住宅区;宿舍,学海路与文澜路交叉口东南200米,118.925541,32.116631,江苏省,南京市,栖霞区,
1036,南京邮电大学学生公寓44幢,商务住宅;住宅区;宿舍,仙境路与践行路交叉口西100米,118.933669,32.119379,江苏省,南京市,栖霞区,
1037,南京邮电大学学生公寓40幢,商务住宅;住宅区;宿舍,仙境路与践行路交叉口西南150米,118.93373,32.118758,江苏省,南京市,栖霞区,
1038,南京邮电大学学生公寓37幢,商务住宅;住宅区;宿舍,仙境路,118.9336,32.118081,江苏省,南京市,栖霞区,
1039,南京邮电大学学生公寓42幢,商务住宅;住宅区;宿舍,仙境路与践行路交叉口西100米,118.933814,32.119147,江苏省,南京市,栖霞区,
1040,南京邮电大学学生公寓39幢,商务住宅;住宅区;宿舍,仙境路与践行路交叉口西南150米,118.93386,32.118506,江苏省,南京市,栖霞区,
1041,南京邮电大学学生公寓35幢,商务住宅;住宅区;宿舍,仙境路,118.933753,32.117834,江苏省,南京市,栖霞区,
1042,南京邮电大学学生公寓27幢,商务住宅;住宅区;宿舍,仙境路,118.933302,32.116754,江苏省,南京市,栖霞区,
1043,学士风华园小区,商务住宅;住宅区;住宅小区,仙境路29号,118.929298,32.123919,江苏省,南京市,栖霞区,
1044,诚品承小区,商务住宅;住宅区;住宅小区,仙境路29号,118.929298,32.123919,江苏省,南京市,栖霞区,
1045,文澜社区,商务住宅;住宅区;住宅小区,仙境路29号,118.929298,32.123919,江苏省,南京市,栖霞区,
1046,南京邮电大学桃苑,商务住宅;住宅区;宿舍,仙境路,118.933531,32.11645,江苏省,南京市,栖霞区,
1047,南京邮电大学学生公寓26幢,商务住宅;住宅区;宿舍,仙境路,118.933919,32.116771,江苏省,南京市,栖霞区,
1048,南京邮电大学学生公寓22幢,商务住宅;住宅区;宿舍,仙境路,118.933721,32.116141,江苏省,南京市,栖霞区,
1049,南京财经大学仙林校区-北苑学舍02,商务住宅;住宅区;宿舍,北苑路与文澜路交叉口东南200米南京财经大学仙林校区-北苑学舍03附近,118.924418,32.115526,江苏省,南京市,栖霞区,
1050,南京财经大学仙林校区-北苑学舍01,商务住宅;住宅区;宿舍,北苑路,118.924555,32.115384,江苏省,南京市,栖霞区,
1051,南京财经大学仙林校区-北苑学舍03,商务住宅;住宅区;宿舍,北苑路与文澜路交叉口东南200米,118.924089,32.115747,江苏省,南京市,栖霞区,
1052,南邮广场学生公寓,商务住宅;商务住宅相关;商务住宅相关,仙境路高科荣域,118.928236,32.121355,江苏省,南京市,栖霞区,
1053,南京邮电大学青教公寓,商务住宅;商务住宅相关;商务住宅相关,邮电大学仙林校区北门,118.926852,32.118287,江苏省,南京市,栖霞区,
1054,凤凰山庄(预订点),商务住宅;商务住宅相关;商务住宅相关,仙境路29号(近邮电大学北门),118.93028,32.123739,江苏省,南京市,栖霞区,
1055,学仕风华苑(西门),商务住宅;商务住宅相关;商务住宅相关,鸿雁路,118.930037,32.123972,江苏省,南京市,栖霞区,
1056,南京邮电大学杏苑,商务住宅;商务住宅相关;商务住宅相关,仙境路,118.932034,32.118654,江苏省,南京市,栖霞区,
1057,南京鸿雁名居怡心园公寓,商务住宅;商务住宅相关;商务住宅相关,鸿雁名居18栋,118.92558,32.121598,江苏省,南京市,栖霞区,
1058,栖霞区亚东新城,商务住宅;商务住宅相关;商务住宅相关,文苑路9号,118.927505,32.119007,江苏省,南京市,栖霞区,
1059,南京工业职业技术学院学生公寓9号楼,商务住宅;住宅区;宿舍,仙境路附近,118.934914,32.120615,江苏省,南京市,栖霞区,
1060,南京工业职业技术学院学生公寓7号楼,商务住宅;住宅区;宿舍,践行路附近,118.935434,32.119998,江苏省,南京市,栖霞区,
1061,南京邮电大学李苑,商务住宅;住宅区;宿舍,仙境路西100米,118.9347,32.117027,江苏省,南京市,栖霞区,
1062,星叶羊山湖花园,商务住宅;住宅区;住宅小区,仙境路与羊山北路交汇处向北330米路东,118.93771,32.11666,江苏省,南京市,栖霞区,
1063,南京邮电大学柳苑,商务住宅;住宅区;宿舍|商务住宅;住宅区;住宅小区,仙境路,118.934134,32.11806,江苏省,南京市,栖霞区,
1064,南京邮电大学学生公寓33幢,商务住宅;住宅区;宿舍,仙境路西150米,118.934524,32.117366,江苏省,南京市,栖霞区,
1065,南京邮电大学学生公寓24幢,商务住宅;住宅区;宿舍,仙境路,118.934049,32.116592,江苏省,南京市,栖霞区,
1066,南京邮电大学学生公寓34幢,商务住宅;住宅区;宿舍,仙境路西100米,118.934443,32.117699,江苏省,南京市,栖霞区,
1067,南京邮电大学学生公寓36幢,商务住宅;住宅区;宿舍,仙境路与践行路交叉口南150米,118.934494,32.118164,江苏省,南京市,栖霞区,
1068,南京邮电大学学生公寓38幢,商务住宅;住宅区;宿舍,仙境路与践行路交叉口南150米,118.934303,32.118426,江苏省,南京市,栖霞区,
1069,南京邮电大学学生公寓28幢,商务住宅;住宅区;宿舍,仙境路西100米,118.934883,32.116684,江苏省,南京市,栖霞区,
1070,南京邮电大学学生公寓30幢,商务住宅;住宅区;宿舍,仙境路西100米,118.934975,32.117088,江苏省,南京市,栖霞区,
1071,南京邮电大学学生公寓29幢,商务住宅;住宅区;宿舍,仙境路西150米,118.934516,32.116829,江苏省,南京市,栖霞区,
1072,南京邮电大学学生公寓32幢,商务住宅;住宅区;宿舍,仙境路西100米,118.934875,32.117348,江苏省,南京市,栖霞区,
1073,南京邮电大学学生公寓31幢,商务住宅;住宅区;宿舍,仙境路西150米,118.934401,32.117031,江苏省,南京市,栖霞区,
1074,南京工业职业技术学院-2号教师公寓,商务住宅;住宅区;宿舍,任之路与践行路交叉口南200米,118.936817,32.118762,江苏省,南京市,栖霞区,
1075,南京大学仙林校区学生公寓05幢,商务住宅;住宅区;宿舍,九乡河东路,118.953875,32.114849,江苏省,南京市,栖霞区,
1076,南京大学仙林校区学生公寓24幢,商务住宅;住宅区;宿舍,,118.953322,32.122785,江苏省,南京市,栖霞区,
1077,南京大学仙林校区学生公寓23幢,商务住宅;住宅区;宿舍,,118.953475,32.123767,江苏省,南京市,栖霞区,
1078,南京大学仙林校区学生公寓16幢,商务住宅;住宅区;宿舍,九乡河东路东100米,118.951341,32.12251,江苏省,南京市,栖霞区,
1079,南京大学仙林校区学生公寓17幢,商务住宅;住宅区;宿舍,九乡河东路东100米,118.951388,32.123387,江苏省,南京市,栖霞区,
1080,南京大学仙林校区学生公寓22幢,商务住宅;住宅区;宿舍,九乡河东路,118.952355,32.123892,江苏省,南京市,栖霞区,
1081,南京大学仙林校区学生公寓05幢B区,商务住宅;住宅区;宿舍,仙林大道163号南京大学仙林校区,118.953767,32.115049,江苏省,南京市,栖霞区,
1082,南京大学仙林校区学生公寓,商务住宅;住宅区;宿舍,仙林大道163号南京大学仙林校区,118.956635,32.115568,江苏省,南京市,栖霞区,
1083,南京大学仙林校区学生公寓04幢,商务住宅;住宅区;宿舍,九乡河东路,118.954712,32.114658,江苏省,南京市,栖霞区,
1084,南京大学仙林校区学生公寓11幢,商务住宅;住宅区;宿舍,仙林大道163号南京大学仙林校区内,118.955948,32.116973,江苏省,南京市,栖霞区,
1085,南京大学仙林校区学生公寓09幢,商务住宅;住宅区;宿舍,仙林大道163号南京大学仙林校区,118.955929,32.115765,江苏省,南京市,栖霞区,
1086,南京大学仙林校区学生公寓10幢,商务住宅;住宅区;宿舍,远东大道,118.95638,32.116192,江苏省,南京市,栖霞区,
1087,南京大学仙林校区学生公寓08幢,商务住宅;住宅区;宿舍,远东大道,118.957133,32.115569,江苏省,南京市,栖霞区,
1088,南京大学仙林校区学生公寓07幢,商务住宅;住宅区;宿舍,仙林大道163号南京大学仙林校区,118.956278,32.114692,江苏省,南京市,栖霞区,
1089,南京大学仙林校区学生公寓06幢,商务住宅;住宅区;宿舍,仙林大道163号南京大学仙林校区,118.957713,32.115073,江苏省,南京市,栖霞区,
1090,南京大学仙林校区学生公寓12幢,商务住宅;住宅区;宿舍,仙林大道163号,118.96183,32.11454,江苏省,南京市,栖霞区,
1091,南京大学仙林校区学生公寓15幢,商务住宅;住宅区;宿舍,仙林大道163号,118.963335,32.115508,江苏省,南京市,栖霞区,
1092,南京大学仙林校区学生公寓14幢,商务住宅;住宅区;宿舍,仙林大道163号,118.962539,32.115707,江苏省,南京市,栖霞区,
1093,南京大学仙林校区学生公寓13幢,商务住宅;住宅区;宿舍,仙林大道163号,118.961567,32.115637,江苏省,南京市,栖霞区,
1094,南京大学仙林校区学生公寓04幢B区,商务住宅;住宅区;宿舍,仙林大道163号南京大学仙林校区,118.954195,32.115254,江苏省,南京市,栖霞区,
1095,南京大学仙林校区学生公寓05幢A区,商务住宅;住宅区;宿舍,仙林大道163号南京大学仙林校区,118.954025,32.114508,江苏省,南京市,栖霞区,
1096,南京大学仙林校区学生公寓04幢A区,商务住宅;住宅区;宿舍,仙林大道163号南京大学仙林校区,118.95448,32.114674,江苏省,南京市,栖霞区,
1097,江苏省体育局训练中心运动员公寓,商务住宅;住宅区;宿舍,经天路附近,118.973437,32.118646,江苏省,南京市,栖霞区,
1098,南京体育学院仙林校区大学生公寓B,商务住宅;住宅区;宿舍,元化路东150米,118.965471,32.117424,江苏省,南京市,栖霞区,
1099,南京体育学院仙林校区大学生公寓C,商务住宅;住宅区;宿舍,元化路东150米,118.965478,32.117839,江苏省,南京市,栖霞区,
1100,南京体育学院仙林校区大学生公寓A,商务住宅;住宅区;宿舍,元化路东150米,118.965503,32.117165,江苏省,南京市,栖霞区,
1101,高科荣境,商务住宅;住宅区;别墅,守敬路313(仙林大道与经天路交汇处2号线经天路站),118.98095,32.12225,江苏省,南京市,栖霞区,
1102,高科荣境·桂山堂,商务住宅;住宅区;住宅小区,经天路,118.975376,32.123437,江苏省,南京市,栖霞区,
1103,高科荣境1期,商务住宅;住宅区;住宅小区,守敬路313,118.981078,32.122062,江苏省,南京市,栖霞区,
1104,高科荣境2期,商务住宅;住宅区;别墅|商务住宅;住宅区;住宅小区,经天路,118.977084,32.121331,江苏省,南京市,栖霞区,
1105,高科荣境(南门),商务住宅;商务住宅相关;商务住宅相关,仙林大道,118.978126,32.117876,江苏省,南京市,栖霞区,
1106,新运动鞋公寓,商务住宅;商务住宅相关;商务住宅相关,仙林大道169号,118.974163,32.118873,江苏省,南京市,栖霞区,
1107,南京万达茂·御湖仕家,商务住宅;住宅区;住宅小区,仙林宝华镇仙林大道与守敬路交汇处,118.987807,32.121771,江苏省,南京市,栖霞区,
1108,南京万达茂,商务住宅;住宅区;住宅小区,仙林大道与守敬路交汇处,118.985501,32.121057,江苏省,南京市,栖霞区,
1109,仙林国际花园,商务住宅;住宅区;住宅区,仙林东路6号(仙林大道与七乡河交),119.01096,32.121991,江苏省,南京市,栖霞区,
1110,仙林国际花园2期,商务住宅;住宅区;住宅小区,仙林大道2号,119.010728,32.121622,江苏省,南京市,栖霞区,
1111,融创桃花源,商务住宅;商务住宅相关;商务住宅相关,佛珍七路9号,118.646004,32.109397,江苏省,南京市,浦口区,
1112,商城小区(浦珠中路),商务住宅;住宅区;住宅小区,北圩商城内,118.682425,32.107981,江苏省,南京市,浦口区,
1113,珍珠花苑(花园路),商务住宅;住宅区;住宅小区,临泉村(公交车站),118.678297,32.107392,江苏省,南京市,浦口区,
1114,盛泉新城,商务住宅;住宅区;住宅小区,顶山街道临泉村花园88号,118.680206,32.109956,江苏省,南京市,浦口区,
1115,世茂荣里,商务住宅;住宅区;住宅小区,浦镇大街与浦珠中路交汇处北,118.679442,32.104814,江苏省,南京市,浦口区,
1116,南京茂荣里1期,商务住宅;住宅区;住宅小区,浦珠中路270号附近,118.681673,32.106437,江苏省,南京市,浦口区,
1117,南苑社区,商务住宅;住宅区;住宅小区,G312(浦珠中路),118.692553,32.11182,江苏省,南京市,浦口区,
1118,浦厂南苑,商务住宅;住宅区;住宅小区,浦珠中路208号,118.69188,32.113544,江苏省,南京市,浦口区,
1119,正源尚峰尚水,商务住宅;住宅区;别墅,浦珠中路219号附近,118.688916,32.108853,江苏省,南京市,浦口区,
1120,恒辉假日广场,商务住宅;住宅区;住宅小区,珍珠南路1号(明发新城中心对面),118.688746,32.105661,江苏省,南京市,浦口区,
1121,中车南京浦镇车辆有限公司单身楼(3),商务住宅;住宅区;宿舍,浦江线附近,118.692434,32.112943,江苏省,南京市,浦口区,
1122,东浦厂小区,商务住宅;住宅区;住宅小区,珍珠南路2号,118.686506,32.106769,江苏省,南京市,浦口区,
1123,明发·城市广场,商务住宅;住宅区;住宅小区,珍珠南路2号,118.686113,32.105064,江苏省,南京市,浦口区,
1124,南京金阳光青年公寓服装城店,商务住宅;商务住宅相关;商务住宅相关,珍珠南路明发城市广场33栋(浦口服装城对面),118.686921,32.104753,江苏省,南京市,浦口区,
1125,浦厂南苑(南门),商务住宅;商务住宅相关;商务住宅相关,浦珠北路浦厂医院分院附近,118.693115,32.111225,江苏省,南京市,浦口区,
1126,浦厂南苑(北门),商务住宅;商务住宅相关;商务住宅相关,浦江线附近,118.691417,32.113989,江苏省,南京市,浦口区,
1127,丽都雅苑,商务住宅;住宅区;住宅小区,浦珠中路202号(公交车站),118.694503,32.112646,江苏省,南京市,浦口区,
1128,浦欣家园,商务住宅;住宅区;住宅小区,泰山街道新马路175号,118.702571,32.106827,江苏省,南京市,浦口区,
1129,丽都鸿图阁,商务住宅;住宅区;住宅小区,扑浦珠北路120号,118.701292,32.11379,江苏省,南京市,浦口区,
1130,万江·共和新城,商务住宅;住宅区;住宅小区,浦珠北路139号,118.702463,32.11013,江苏省,南京市,浦口区,
1131,万江·共和新城人和苑,商务住宅;住宅区;住宅小区,万江共和新城人和苑23幢,118.703195,32.111587,江苏省,南京市,浦口区,
1132,红公馆,商务住宅;住宅区;住宅小区,近郊浦珠路139号,118.702104,32.109967,江苏省,南京市,浦口区,
1133,珍珠雅苑,商务住宅;住宅区;住宅小区,,118.694578,32.10624,江苏省,南京市,浦口区,
1134,澳林购物广场,商务住宅;楼宇;商务写字楼,浦珠北路126号,118.69916,32.11221,江苏省,南京市,浦口区,
1135,恒辉翡翠花园,商务住宅;住宅区;住宅小区,浦珠北路110号(浦珠北路北侧),118.703201,32.113869,江苏省,南京市,浦口区,
1136,六号公馆,商务住宅;楼宇;商住两用楼宇,泰山街道浦珠北路126号澳林广场,118.698418,32.112718,江苏省,南京市,浦口区,
1137,丽都嘉园,商务住宅;住宅区;住宅区,浦珠路126号(公交车站),118.697904,32.112666,江苏省,南京市,浦口区,
1138,丽都雅苑(南门),商务住宅;商务住宅相关;商务住宅相关,浦珠中路202号,118.69395,32.111206,江苏省,南京市,浦口区,
1139,南京丽都嘉园B区,商务住宅;住宅区;住宅区,新马路与点将台路交叉口东北50米,118.697903,32.112663,江苏省,南京市,浦口区,
1140,恒辉翡翠家园(东南门),商务住宅;商务住宅相关;商务住宅相关,浦珠北路110号,118.702744,32.112815,江苏省,南京市,浦口区,
1141,澳林广场2期(东门),商务住宅;商务住宅相关;商务住宅相关,浦珠北路126号,118.699471,32.112518,江苏省,南京市,浦口区,
1142,万江共和新城人和苑(西门),商务住宅;商务住宅相关;商务住宅相关,地和路与浦珠北路交叉口南200米,118.703087,32.111179,江苏省,南京市,浦口区,
1143,南京铁道职业技术学院人才公寓,商务住宅;住宅区;宿舍,珍珠南路65号,118.697133,32.105756,江苏省,南京市,浦口区,
1144,滨河御景,商务住宅;住宅区;住宅小区,浦珠北路129号(公交车站),118.707983,32.112937,江苏省,南京市,浦口区,
1145,锦汇苑,商务住宅;住宅区;住宅小区,浦东路21号(浦珠路与浦东路的交会处),118.709155,32.108534,江苏省,南京市,浦口区,
1146,浦东村(新马路),商务住宅;住宅区;住宅小区,浦东路13号(公交车站),118.713631,32.108031,江苏省,南京市,浦口区,
1147,万江共和新城地和苑,商务住宅;住宅区;住宅小区,浦珠北路139号,118.705881,32.108548,江苏省,南京市,浦口区,
1148,万江·共和新城天和苑,商务住宅;住宅区;住宅小区,浦东路与浦珠路交汇处浦珠路139号,118.707423,32.110474,江苏省,南京市,浦口区,
1149,锦城社区,商务住宅;住宅区;住宅小区,浦东路西100米,118.711229,32.107245,江苏省,南京市,浦口区,
1150,宜馨苑小区,商务住宅;住宅区;住宅小区,浦东路111号,118.709226,32.112296,江苏省,南京市,浦口区,
1151,浦东村(南京市浦口区健康教育所西南),商务住宅;住宅区;住宅小区,浦东路附近,118.71355,32.107485,江苏省,南京市,浦口区,
1152,利都嘉园,商务住宅;商务住宅相关;商务住宅相关,浦珠北路125号,118.708993,32.113526,江苏省,南京市,浦口区,
1153,万江·共和新城天和苑西区,商务住宅;住宅区;住宅小区,共和路与浦苑路交叉口西150米,118.706687,32.110976,江苏省,南京市,浦口区,
1154,锦汇苑北门(南京),商务住宅;商务住宅相关;商务住宅相关,浦东路21号,118.709487,32.10905,江苏省,南京市,浦口区,
1155,万江·共和新城天和苑东区,商务住宅;住宅区;住宅小区,浦东路,118.708358,32.109972,江苏省,南京市,浦口区,
1156,浦东路6号住宅,商务住宅;住宅区;住宅区,浦东路6号,118.71689,32.1082,江苏省,南京市,浦口区,
1157,香榭美颂,商务住宅;住宅区;住宅小区,浦园北路59号,118.722365,32.113812,江苏省,南京市,浦口区,
1158,浦东路4号,商务住宅;住宅区;住宅小区,浦东路4号,118.719449,32.107096,江苏省,南京市,浦口区,
1159,津浦新村,商务住宅;住宅区;住宅小区,浦东路,118.714899,32.106927,江苏省,南京市,浦口区,
1160,香榭美墅,商务住宅;住宅区;别墅,浦园北路西50米,118.723258,32.110583,江苏省,南京市,浦口区,
1161,浦东二村(柳浦线),商务住宅;住宅区;住宅小区,浦东路(公交车站),118.719002,32.108908,江苏省,南京市,浦口区,
1162,宁港二村,商务住宅;住宅区;住宅小区,浦东路(公交车站),118.721136,32.106251,江苏省,南京市,浦口区,
1163,江月府,商务住宅;住宅区;住宅小区,泰山街道北河以南文浦路以东和浦路以北浦园路,118.720424,32.108396,江苏省,南京市,浦口区,
1164,香鸢美颂,商务住宅;住宅区;住宅小区,华美路,118.720478,32.111597,江苏省,南京市,浦口区,
1165,大华锦绣华城·临江苑,商务住宅;住宅区;住宅小区,华美路西100米,118.716793,32.112723,江苏省,南京市,浦口区,
1166,浦园村小区,商务住宅;住宅区;住宅小区,浦东路实验小学旁,118.717958,32.105448,江苏省,南京市,浦口区,
1167,浦建村,商务住宅;住宅区;住宅区,涌东路浦建村,118.71575,32.108108,江苏省,南京市,浦口区,
1168,宁港一村,商务住宅;住宅区;住宅区,浦口浦东路河西街,118.7209,32.10475,江苏省,南京市,浦口区,
1169,飞浦小区,商务住宅;住宅区;住宅小区,浦东路6号,118.71726,32.10805,江苏省,南京市,浦口区,
1170,香邑美颂,商务住宅;住宅区;住宅小区,浦园北路6号,118.722839,32.107874,江苏省,南京市,浦口区,
1171,煤炭设计研究院家属小区,商务住宅;住宅区;住宅小区,浦东路20号,118.714866,32.113578,江苏省,南京市,浦口区,
1172,大华锦绣华城·临江苑(西门),商务住宅;商务住宅相关;商务住宅相关,华美路西100米,118.716618,32.113563,江苏省,南京市,浦口区,
1173,大华锦绣华城·阅江山(建设中),商务住宅;住宅区;住宅小区,浦园北路22号附近,118.727486,32.112633,江苏省,南京市,浦口区,
1174,和记洋行,商务住宅;楼宇;商务写字楼,宝塔桥西街155号,118.747692,32.106006,江苏省,南京市,鼓楼区,
1175,锦绣华府,商务住宅;楼宇;商住两用楼宇|商务住宅;住宅区;住宅区,龙江路(南京西站西侧),118.748966,32.108175,江苏省,南京市,鼓楼区,
1176,金陵新四村15号,商务住宅;住宅区;住宅小区,宝燕中路与金象路交叉口西150米,118.760117,32.108795,江苏省,南京市,鼓楼区,
1177,金陵新九村,商务住宅;住宅区;住宅小区,燕江路60号,118.759522,32.110455,江苏省,南京市,鼓楼区,
1178,宝塔桥东街社区,商务住宅;住宅区;住宅小区|地名地址信息;普通地名;村庄级地名,宝塔桥东街72号,118.758038,32.110619,江苏省,南京市,鼓楼区,
1179,金陵小区20号大院,商务住宅;住宅区;住宅小区,宝塔桥东街20号,118.756732,32.109766,江苏省,南京市,鼓楼区,
1180,宝塔桥东街16号大院,商务住宅;住宅区;住宅小区,宝塔桥东街16号,118.756361,32.109032,江苏省,南京市,鼓楼区,
1181,宝象花园,商务住宅;住宅区;住宅小区,金陵村100号,118.758924,32.106998,江苏省,南京市,鼓楼区,
1182,燕禾园,商务住宅;住宅区;住宅小区,金陵村96号,118.762675,32.107405,江苏省,南京市,鼓楼区,
1183,金陵五村,商务住宅;住宅区;住宅区,燕江路金陵小区,118.76265,32.11114,江苏省,南京市,鼓楼区,
1184,金陵新二村,商务住宅;住宅区;住宅小区,燕江路,118.756463,32.105983,江苏省,南京市,鼓楼区,
1185,金陵新六村,商务住宅;住宅区;住宅区,燕江路东100米,118.7631,32.110868,江苏省,南京市,鼓楼区,
1186,金陵新三村,商务住宅;住宅区;住宅区,金陵小区金陵新三村,118.763147,32.110845,江苏省,南京市,鼓楼区,
1187,金陵小区(燕江路),商务住宅;住宅区;住宅小区,宝塔桥派出所旁边,118.763417,32.110816,江苏省,南京市,鼓楼区,
1188,金陵新八村(燕江路),商务住宅;住宅区;住宅小区,燕江路54号,118.763125,32.112287,江苏省,南京市,鼓楼区,
1189,金陵船厂集体宿舍楼,商务住宅;住宅区;宿舍,宝塔桥东街东50米,118.762494,32.112953,江苏省,南京市,鼓楼区,
1190,金陵一村,商务住宅;住宅区;住宅小区,回龙桥附近,118.755756,32.10511,江苏省,南京市,鼓楼区,
1191,燕江园小区(金燕路),商务住宅;住宅区;住宅小区,金燕路附近,118.763515,32.105504,江苏省,南京市,鼓楼区,
1192,新建综合楼,商务住宅;楼宇;商务写字楼,金陵新三村中铁大桥局二公司综合楼附近,118.75662,32.107555,江苏省,南京市,鼓楼区,
1193,中铁大桥局二公司综合楼,商务住宅;楼宇;楼宇相关,金陵新三村,118.75661,32.107513,江苏省,南京市,鼓楼区,
1194,金陵船厂办公大楼,商务住宅;楼宇;商务写字楼,燕江路55号,118.760485,32.111877,江苏省,南京市,鼓楼区,
1195,金陵村68号大院,商务住宅;住宅区;住宅小区,金陵村68号,118.767851,32.108558,江苏省,南京市,鼓楼区,
1196,金陵村小区,商务住宅;住宅区;住宅小区,金燕路40号,118.766538,32.10955,江苏省,南京市,鼓楼区,
1197,江雁·依山郡,商务住宅;住宅区;住宅小区,幕府西路88号,118.769709,32.106968,江苏省,南京市,鼓楼区,
1198,燕康园,商务住宅;住宅区;住宅小区,金燕路金陵村40号,118.76591,32.110583,江苏省,南京市,鼓楼区,
1199,山水雅苑(宝燕南路),商务住宅;住宅区;住宅小区,宝燕南路8号,118.765831,32.107869,江苏省,南京市,鼓楼区,
1200,幕府佳园,商务住宅;住宅区;住宅小区,幕府西路28号,118.772504,32.109215,江苏省,南京市,鼓楼区,
1201,金陵新四村,商务住宅;住宅区;住宅区,燕江路上元门,118.765004,32.110212,江苏省,南京市,鼓楼区,
1202,金陵新七村,商务住宅;住宅区;住宅小区,燕江路金陵小区,118.763961,32.108955,江苏省,南京市,鼓楼区,
1203,依山郡社区,商务住宅;住宅区;住宅小区,宝燕南路与幕府西路交叉口西北150米,118.76858,32.1048,江苏省,南京市,鼓楼区,
1204,燕归园(双燕路),商务住宅;住宅区;住宅小区,宝燕南路20号,118.765451,32.105631,江苏省,南京市,鼓楼区,
1205,江雁依山郡花园,商务住宅;住宅区;住宅小区,鼓楼幕府西路88号,118.768888,32.104517,江苏省,南京市,鼓楼区,
1206,上元里,商务住宅;住宅区;住宅小区,中央北路249号,118.773808,32.112248,江苏省,南京市,鼓楼区,
1207,金域中央街区2(南门),商务住宅;商务住宅相关;商务住宅相关,幕府西路33号,118.771927,32.10458,江苏省,南京市,鼓楼区,
1208,金域中央街区1栋,商务住宅;住宅区;住宅小区,幕府西路33号,118.773508,32.105364,江苏省,南京市,鼓楼区,
1209,金域中央街区2西区,商务住宅;住宅区;住宅小区,幕府西路33号,118.771682,32.104259,江苏省,南京市,鼓楼区,
1210,金陵船厂公寓楼,商务住宅;住宅区;宿舍,宝塔桥东街与燕江路交叉口西北150米,118.764591,32.113753,江苏省,南京市,鼓楼区,
1211,金城中央1街区,商务住宅;商务住宅相关;商务住宅相关,幕府西路33号,118.773152,32.104516,江苏省,南京市,鼓楼区,
1212,金域中央广场,商务住宅;楼宇;商住两用楼宇,幕府西路29号,118.772495,32.106127,江苏省,南京市,鼓楼区,
1213,盛景园,商务住宅;住宅区;住宅小区,中央北路168号,118.779374,32.109402,江苏省,南京市,鼓楼区,
1214,五塘村,商务住宅;住宅区;住宅小区,五塘集贸市场2楼(五塘车站),118.778704,32.108105,江苏省,南京市,鼓楼区,
1215,幕府一村,商务住宅;住宅区;住宅小区,中央北路143号(五塘广场地铁站),118.777656,32.108854,江苏省,南京市,鼓楼区,
1216,盛景园2期,商务住宅;住宅区;住宅小区,中央北路156号附近,118.780577,32.108195,江苏省,南京市,鼓楼区,
1217,美景雅苑,商务住宅;住宅区;住宅小区,中央北路141号,118.779412,32.107071,江苏省,南京市,鼓楼区,
1218,五塘和园,商务住宅;住宅区;住宅小区,幕旭西路幕府东路交汇处,118.781159,32.11071,江苏省,南京市,鼓楼区,
1219,星河翠庭,商务住宅;住宅区;住宅小区,幕府西路9号,118.775858,32.108413,江苏省,南京市,鼓楼区,
1220,幕府三村,商务住宅;住宅区;住宅小区,鼓楼中央北路附近幕府三村,118.777488,32.111786,江苏省,南京市,鼓楼区,
1221,五塘新村南汽一村,商务住宅;住宅区;住宅小区,五塘新村1号,118.78221,32.108318,江苏省,南京市,鼓楼区,
1222,云燕园小区,商务住宅;住宅区;住宅小区,鼓楼五塘新村89号,118.778379,32.106216,江苏省,南京市,鼓楼区,
1223,金福润食品有限公司五塘男工公寓,商务住宅;住宅区;住宅小区,伍佰村路1号,118.78179,32.106562,江苏省,南京市,鼓楼区,
1224,五塘新村1号小区,商务住宅;住宅区;住宅小区,五塘新村1号01-03幢,118.782634,32.107184,江苏省,南京市,鼓楼区,
1225,汽轮五村,商务住宅;住宅区;住宅小区,伍佰村路,118.781847,32.106273,江苏省,南京市,鼓楼区,
1226,五塘新村二段,商务住宅;住宅区;住宅小区,五塘新村28号,118.783443,32.108249,江苏省,南京市,鼓楼区,
1227,伍佰村1-9临,商务住宅;商务住宅相关;商务住宅相关,五塘村96号5幢1室-17室附近,118.782478,32.106319,江苏省,南京市,鼓楼区,
1228,五塘新村,商务住宅;住宅区;住宅小区,伍佰村路,118.783756,32.110249,江苏省,南京市,鼓楼区,
1229,伍佰村2-9临,商务住宅;商务住宅相关;商务住宅相关,五百村路与幕盛路交叉口东北100米,118.783684,32.107876,江苏省,南京市,鼓楼区,
1230,伍佰村2-10临,商务住宅;商务住宅相关;商务住宅相关,五百村路与幕盛路交叉口东北100米,118.783699,32.107853,江苏省,南京市,鼓楼区,
1231,中央北路126号院,商务住宅;住宅区;住宅区,中央北路126号,118.781221,32.105374,江苏省,南京市,鼓楼区,
1232,白云雅居(幕云路),商务住宅;住宅区;住宅小区,幕府东路,118.77826,32.113538,江苏省,南京市,鼓楼区,
1233,张王庙148号,商务住宅;住宅区;住宅区,张王庙路北100米,118.778872,32.104843,江苏省,南京市,鼓楼区,
1234,栖霞公路管理站宿舍,商务住宅;住宅区;宿舍,中央北路130号,118.781467,32.105379,江苏省,南京市,鼓楼区,
1235,吾家99公寓,商务住宅;住宅区;住宅小区,伍佰村2号,118.783806,32.107486,江苏省,南京市,鼓楼区,
1236,格林西苑,商务住宅;住宅区;住宅区,鼓楼伍佰村2号,118.783839,32.10752,江苏省,南京市,鼓楼区,
1237,张王庙41号,商务住宅;住宅区;住宅区,张王庙路150号附近,118.778928,32.104645,江苏省,南京市,鼓楼区,
1238,白云新寓,商务住宅;住宅区;住宅小区,中央北路226号,118.775944,32.113075,江苏省,南京市,鼓楼区,
1239,星河广场,商务住宅;楼宇;商住两用楼宇,幕府西路11-9号,118.774034,32.107624,江苏省,南京市,鼓楼区,
1240,赛城国际大厦,商务住宅;楼宇;商务写字楼,中央北路185号,118.777488,32.109679,江苏省,南京市,鼓楼区,
1241,绿地·缤纷广场,商务住宅;楼宇;商住两用楼宇|购物服务;商场;商场,五塘广场地铁站1号口东北200米,118.779075,32.111362,江苏省,南京市,鼓楼区,
1242,上元里180号,商务住宅;商务住宅相关;商务住宅相关,中央北路211号附近,118.774119,32.111925,江苏省,南京市,鼓楼区,
1243,伍佰村2-7临,商务住宅;商务住宅相关;商务住宅相关,五百村路与幕盛路交叉口东北150米,118.783775,32.108044,江苏省,南京市,鼓楼区,
1244,格林东苑,商务住宅;住宅区;住宅小区,伍佰村3-2号,118.78663,32.109527,江苏省,南京市,鼓楼区,
1245,五百村大院,商务住宅;住宅区;住宅小区,五百村路与幕盛路交叉口东150米,118.787806,32.11145,江苏省,南京市,鼓楼区,
1246,五百村5号小区,商务住宅;住宅区;住宅小区,五百村路5号,118.785965,32.109809,江苏省,南京市,鼓楼区,
1247,伍佰村7-4临,商务住宅;商务住宅相关;商务住宅相关,五百村路与幕盛路交叉口西南150米,118.785894,32.109819,江苏省,南京市,鼓楼区,
1248,伍佰村7-3临,商务住宅;商务住宅相关;商务住宅相关,五百村路与幕盛路交叉口西南200米,118.785713,32.109844,江苏省,南京市,鼓楼区,
1249,石城家园,商务住宅;住宅区;住宅小区,五百村路3号,118.78568,32.108407,江苏省,南京市,鼓楼区,
1250,幕府花园,商务住宅;住宅区;住宅小区,幕府东路74附近,118.788584,32.112079,江苏省,南京市,鼓楼区,
1251,伍佰村5号大院,商务住宅;住宅区;住宅区,鼓楼中央北路五佰村,118.785528,32.109366,江苏省,南京市,鼓楼区,
1252,伍佰村路小区,商务住宅;住宅区;住宅区,幕府东路与幕盛路交叉口东南150米,118.786655,32.112086,江苏省,南京市,鼓楼区,
1253,五塘新村南汽三村小区,商务住宅;住宅区;住宅小区,五百村路与幕盛路交叉口西150米,118.785103,32.110615,江苏省,南京市,鼓楼区,
1254,五百新寓,商务住宅;住宅区;住宅小区,幕府东路84号,118.788487,32.113171,江苏省,南京市,鼓楼区,
1255,黄方村1号小区,商务住宅;住宅区;住宅小区,黄方村1,118.789479,32.113313,江苏省,南京市,鼓楼区,
1256,伍佰村2-3临,商务住宅;商务住宅相关;商务住宅相关,五百村路2号附近,118.783989,32.108177,江苏省,南京市,鼓楼区,
1257,伍佰村2-2临,商务住宅;商务住宅相关;商务住宅相关,五百村路2号附近,118.783989,32.108177,江苏省,南京市,鼓楼区,
1258,伍佰村2-1临,商务住宅;商务住宅相关;商务住宅相关,五百村路与幕盛路交叉口东北150米,118.784027,32.108036,江苏省,南京市,鼓楼区,
1259,伍佰村2-5临,商务住宅;商务住宅相关;商务住宅相关,五百村路与幕盛路交叉口东北150米,118.784019,32.107933,江苏省,南京市,鼓楼区,
1260,伍佰村2-6临,商务住宅;商务住宅相关;商务住宅相关,五百村路与幕盛路交叉口东北150米,118.783966,32.107868,江苏省,南京市,鼓楼区,
1261,北崮戎院,商务住宅;住宅区;住宅小区,中央门安怀村460号,118.790525,32.104792,江苏省,南京市,鼓楼区,
1262,金伦小区,商务住宅;住宅区;住宅小区,黄坊村83号,118.793109,32.112522,江苏省,南京市,鼓楼区,
1263,盛世花园(幕府东路),商务住宅;住宅区;住宅小区,幕府东路96号,118.791919,32.113398,江苏省,南京市,鼓楼区,
1264,人民日报社宿舍,商务住宅;住宅区;宿舍,下关幕府东路黄方村83号,118.793712,32.113277,江苏省,南京市,鼓楼区,
1265,绿苑,商务住宅;住宅区;住宅小区,安怀村468号,118.799297,32.11066,江苏省,南京市,鼓楼区,
1266,新都国际公寓,商务住宅;住宅区;住宅小区,安怀东路8号,118.79957,32.104295,江苏省,南京市,鼓楼区,
1267,文景花园(安怀村路),商务住宅;住宅区;住宅小区,窑上村16号,118.799716,32.108705,江苏省,南京市,鼓楼区,
1268,窑上村经适房,商务住宅;住宅区;住宅区,幕府东路与水吉路交叉口南50米,118.799001,32.11354,江苏省,南京市,鼓楼区,
1269,复地新都国际3期,商务住宅;住宅区;住宅小区,北崮山路北50米,118.799266,32.104248,江苏省,南京市,鼓楼区,
1270,江苏弘盛,商务住宅;住宅区;住宅区,幕府东路与水吉路交叉口西南200米,118.79827,32.112539,江苏省,南京市,鼓楼区,
1271,南汽宿舍1幢,商务住宅;住宅区;宿舍,迈皋桥街3号1幢附近,118.809796,32.108416,江苏省,南京市,栖霞区,
1272,南汽宿舍2幢,商务住宅;住宅区;宿舍,迈皋桥街3号1幢附近,118.810232,32.108466,江苏省,南京市,栖霞区,
1273,南汽宿舍4幢,商务住宅;住宅区;宿舍,迈皋桥街3号1幢附近,118.810165,32.1083,江苏省,南京市,栖霞区,
1274,跃进公司宿舍,商务住宅;住宅区;宿舍,迈皋桥街2号,118.810375,32.108319,江苏省,南京市,栖霞区,
1275,南汽宿舍3幢,商务住宅;住宅区;宿舍,迈皋桥老街2-2号附近,118.810622,32.10843,江苏省,南京市,栖霞区,
1276,教工新村(迈皋桥街),商务住宅;住宅区;住宅小区,迈皋桥街3号,118.810145,32.107842,江苏省,南京市,栖霞区,
1277,南汽宿舍5幢,商务住宅;住宅区;宿舍,迈皋桥街2号附近,118.810611,32.108176,江苏省,南京市,栖霞区,
1278,跃进公司集体宿舍1幢,商务住宅;住宅区;宿舍,和燕路1-2号附近,118.811262,32.109491,江苏省,南京市,栖霞区,
1279,合班村5号小区,商务住宅;住宅区;住宅小区,栖霞迈皋桥合班村5号,118.811295,32.109793,江苏省,南京市,栖霞区,
1280,南京新港中等专业学校学生公寓,商务住宅;住宅区;宿舍,迈皋桥街6号,118.807785,32.106871,江苏省,南京市,栖霞区,
1281,合班村(和燕路),商务住宅;住宅区;住宅小区,迈皋桥和燕路305号,118.81198,32.110023,江苏省,南京市,栖霞区,
1282,迈皋桥街18号小区,商务住宅;住宅区;住宅小区,栖霞迈皋桥街18号,118.80907,32.106468,江苏省,南京市,栖霞区,
1283,迈皋桥街22号小区,商务住宅;住宅区;住宅区,栖霞迈皋桥街22号,118.809813,32.106389,江苏省,南京市,栖霞区,
1284,南天园,商务住宅;住宅区;住宅小区,迈皋桥街42号,118.809568,32.106325,江苏省,南京市,栖霞区,
1285,北城世家,商务住宅;住宅区;住宅区,和燕路356号(公交车站),118.812434,32.109399,江苏省,南京市,栖霞区,
1286,和燕路合班村17号住宅小区,商务住宅;住宅区;住宅小区,和燕路合班村17号,118.811582,32.111545,江苏省,南京市,栖霞区,
1287,南砖新村,商务住宅;住宅区;住宅小区,迈皋桥和燕路353号,118.812425,32.108498,江苏省,南京市,栖霞区,
1288,电建公司宿舍,商务住宅;住宅区;宿舍,迈皋桥街22号,118.80969,32.10625,江苏省,南京市,栖霞区,
1289,宁欣苑小区,商务住宅;住宅区;住宅小区,迈皋桥合班村32号,118.811982,32.111169,江苏省,南京市,栖霞区,
1290,和燕路293号院,商务住宅;住宅区;住宅小区,和燕路293,118.81015,32.105933,江苏省,南京市,栖霞区,
1291,迈苑小区,商务住宅;住宅区;住宅小区,迈皋桥街50号,118.808568,32.105428,江苏省,南京市,栖霞区,
1292,馨怡园,商务住宅;住宅区;住宅小区,和燕路356号,118.813783,32.109527,江苏省,南京市,栖霞区,
1293,和燕花苑,商务住宅;住宅区;住宅小区,和燕路迈皋桥街256号,118.806256,32.105567,江苏省,南京市,栖霞区,
1294,泰悦大厦,商务住宅;住宅区;住宅区,迈皋桥和燕路285号,118.80967,32.104871,江苏省,南京市,栖霞区,
1295,迈皋桥街184号院,商务住宅;住宅区;住宅区,迈皋桥街184号,118.808516,32.104836,江苏省,南京市,栖霞区,
1296,长营缘,商务住宅;住宅区;住宅小区,栖霞长营村28号,118.812405,32.105619,江苏省,南京市,栖霞区,
1297,迈尧路18,商务住宅;住宅区;住宅小区,迈尧路18号,118.81331,32.106358,江苏省,南京市,栖霞区,
1298,林景·瑞园,商务住宅;住宅区;住宅小区,和燕路319号(沃尔玛超市),118.812993,32.112391,江苏省,南京市,栖霞区,
1299,长营村34幢小区,商务住宅;住宅区;住宅小区,华电路与迈尧路交叉口南100米,118.811573,32.10501,江苏省,南京市,栖霞区,
1300,长营村33幢小区,商务住宅;住宅区;住宅小区,华电路34-1号附近,118.812118,32.105185,江苏省,南京市,栖霞区,
1301,长营村北区,商务住宅;住宅区;住宅小区,长营村28号,118.812183,32.105214,江苏省,南京市,栖霞区,
1302,长营村20号小区,商务住宅;住宅区;住宅小区,迈皋桥,118.813118,32.105855,江苏省,南京市,栖霞区,
1303,长营村十五号小区,商务住宅;住宅区;住宅小区,迈皋桥长营村15号,118.813914,32.106375,江苏省,南京市,栖霞区,
1304,长营村29号小区,商务住宅;住宅区;住宅小区,长营村29号,118.812598,32.10501,江苏省,南京市,栖霞区,
1305,迈街社区,商务住宅;住宅区;住宅小区,迈皋桥街260号,118.804564,32.105115,江苏省,南京市,栖霞区,
1306,长营村98号小区,商务住宅;住宅区;住宅小区,栖霞华电路长营村98号,118.81286,32.10463,江苏省,南京市,栖霞区,
1307,泰悦大厦商务中心,商务住宅;楼宇;商住两用楼宇,迈皋桥和燕路285号,118.80938,32.104995,江苏省,南京市,栖霞区,
1308,和燕路289号锦华大厦(和燕路),商务住宅;楼宇;商住两用楼宇,和燕路289号,118.809796,32.105236,江苏省,南京市,栖霞区,
1309,迈皋桥18号大院,商务住宅;商务住宅相关;商务住宅相关,迈皋桥街18号附近,118.809018,32.106528,江苏省,南京市,栖霞区,
1310,锦华大厦,商务住宅;商务住宅相关;商务住宅相关,和燕路285号,118.80967,32.105179,江苏省,南京市,栖霞区,
1311,枫桥雅筑,商务住宅;住宅区;住宅小区,合班村210号(沃尔玛超市),118.819133,32.108255,江苏省,南京市,栖霞区,
1312,金浦御龙湾洋房,商务住宅;住宅区;别墅,和燕路390号,118.815557,32.110368,江苏省,南京市,栖霞区,
1313,方圆绿茵小区,商务住宅;住宅区;住宅小区,华电路长营村99号(地铁站),118.817213,32.105868,江苏省,南京市,栖霞区,
1314,迈燕新城,商务住宅;住宅区;住宅区,迈化路与迈尧路交叉口东北200米,118.82211,32.111809,江苏省,南京市,栖霞区,
1315,和美小区,商务住宅;住宅区;住宅小区,和燕路388号(公交车站),118.81536,32.112007,江苏省,南京市,栖霞区,
1316,仙踪林苑左右阳光,商务住宅;住宅区;住宅小区,迈尧路18号,118.814865,32.106869,江苏省,南京市,栖霞区,
1317,兰亭雅苑(网板路),商务住宅;住宅区;住宅小区,迈皋桥网板路16号,118.820366,32.105143,江苏省,南京市,栖霞区,
1318,名都花园(栖霞大道),商务住宅;住宅区;住宅小区,和燕路396,118.820228,32.113374,江苏省,南京市,栖霞区,
1319,和燕路388号小区,商务住宅;住宅区;住宅小区,和燕路388号,118.815054,32.112115,江苏省,南京市,栖霞区,
1320,南塑新村(迈尧路),商务住宅;住宅区;住宅小区,迈化路南塑新村,118.814026,32.107734,江苏省,南京市,栖霞区,
1321,弘燕名居,商务住宅;住宅区;住宅小区,和燕路386号(迈稿桥),118.814219,32.111138,江苏省,南京市,栖霞区,
1322,金浦御龙湾,商务住宅;住宅区;住宅小区,和燕路390号,118.815678,32.112769,江苏省,南京市,栖霞区,
1323,苏宁环球·名都汇,商务住宅;住宅区;住宅小区,和燕路东侧合班村69号,118.819558,32.114105,江苏省,南京市,栖霞区,
1324,林锦瑞园,商务住宅;住宅区;住宅区,迈皋桥地铁口,118.813956,32.112274,江苏省,南京市,栖霞区,
1325,长营村145号小区,商务住宅;住宅区;住宅小区,栖霞迈皋桥长营村145号,118.816301,32.104407,江苏省,南京市,栖霞区,
1326,金纺园,商务住宅;住宅区;住宅小区,网板路14号,118.821817,32.104458,江苏省,南京市,栖霞区,
1327,南塑新村,商务住宅;住宅区;住宅小区,,118.822801,32.113622,江苏省,南京市,栖霞区,
1328,保利朗诗蔚蓝(在建中),商务住宅;住宅区;住宅小区,迈尧路,118.823927,32.113436,江苏省,南京市,栖霞区,
1329,方圆·兰庭,商务住宅;住宅区;住宅小区,网板路12号,118.823142,32.104263,江苏省,南京市,栖霞区,
1330,和燕路小区,商务住宅;住宅区;住宅小区,和燕路325,118.814033,32.113787,江苏省,南京市,栖霞区,
1331,长营村南区,商务住宅;住宅区;住宅小区,华电西路与华电路交叉口北200米,118.814282,32.104328,江苏省,南京市,栖霞区,
1332,左右阳光,商务住宅;楼宇;商务写字楼,华电路与华电西路交汇处(地铁站),118.814863,32.106876,江苏省,南京市,栖霞区,
1333,合班家园,商务住宅;住宅区;住宅小区,栖霞电建路16号,118.827781,32.109724,江苏省,南京市,栖霞区,
1334,合班佳园,商务住宅;住宅区;住宅小区,电建路18号,118.828883,32.110572,江苏省,南京市,栖霞区,
1335,北城嘉园,商务住宅;住宅区;住宅小区,电建路20,118.827948,32.11093,江苏省,南京市,栖霞区,
1336,省电力公司宿舍,商务住宅;住宅区;宿舍,电建路8号,118.82986,32.10695,江苏省,南京市,栖霞区,
1337,合班村省电宿舍,商务住宅;住宅区;宿舍,电建路8号迈皋桥,118.830015,32.106904,江苏省,南京市,栖霞区,
1338,省电建宿舍,商务住宅;住宅区;宿舍,电建路,118.829069,32.106712,江苏省,南京市,栖霞区,
1339,迈皋桥流动人口公寓,商务住宅;住宅区;住宅小区,电建路附近,118.826783,32.111435,江苏省,南京市,栖霞区,
1340,壹城,商务住宅;住宅区;住宅区,栖霞经五路合作村91号,118.833027,32.10827,江苏省,南京市,栖霞区,
1341,新城尚座,商务住宅;住宅区;住宅小区,迈尧路318号,118.825467,32.111979,江苏省,南京市,栖霞区,
1342,兴卫村,商务住宅;住宅区;住宅小区,迈皋桥合作村90号,118.833416,32.107295,江苏省,南京市,栖霞区,
1343,兴都晴轩,商务住宅;住宅区;住宅区,万兴路西50米,118.833916,32.108494,江苏省,南京市,栖霞区,
1344,祥和佳园,商务住宅;住宅区;住宅小区,栖霞营苑北路8号,118.828851,32.104892,江苏省,南京市,栖霞区,
1345,南京凯翔宿舍,商务住宅;住宅区;宿舍,迈尧路324号,118.826795,32.113327,江苏省,南京市,南京市,
1346,金盛百货南京·迈皋桥店公寓楼,商务住宅;住宅区;宿舍,迈化路与迈尧路交叉口西南100米,118.82668,32.113295,江苏省,南京市,栖霞区,
1347,美达浅草明苑,商务住宅;住宅区;住宅小区,营苑北路2号(近建行),118.83274,32.105912,江苏省,南京市,栖霞区,
1348,保利&朗诗蔚蓝,商务住宅;住宅区;住宅小区,迈皋桥街道迈化路376号(迈化路与逸文路交汇处),118.825316,32.113029,江苏省,南京市,栖霞区,
1349,合班村电建公司宿舍,商务住宅;住宅区;宿舍,合班村303号,118.826914,32.113864,江苏省,南京市,栖霞区,
1350,通宇·林景御园,商务住宅;住宅区;住宅小区,万兴路39,118.833523,32.112785,江苏省,南京市,栖霞区,
1351,壹城东区,商务住宅;住宅区;住宅小区,合作村91号,118.835896,32.111092,江苏省,南京市,栖霞区,
1352,兴卫花园,商务住宅;住宅区;住宅小区,兴兴路与兴都花园路交叉口北150米,118.84272,32.105489,江苏省,南京市,栖霞区,
1353,嘉誉山,商务住宅;住宅区;住宅小区,兴贤路19号附近,118.840627,32.10621,江苏省,南京市,栖霞区,
1354,兴卫山庄(经五路),商务住宅;住宅区;住宅小区,合作村89号,118.835587,32.108003,江苏省,南京市,栖霞区,
1355,江苏兴厦,商务住宅;楼宇;商务写字楼,万兴路26号附近,118.835094,32.113558,江苏省,南京市,栖霞区,
1356,兴贤佳园-近贤苑,商务住宅;住宅区;住宅小区,营苑北路,118.838946,32.104811,江苏省,南京市,栖霞区,
1357,上城名苑,商务住宅;住宅区;住宅小区,兴贤路100号,118.843698,32.105932,江苏省,南京市,栖霞区,
1358,兴贤佳园近贤苑东区,商务住宅;住宅区;住宅小区,兴贤路46号附近,118.841122,32.105213,江苏省,南京市,栖霞区,
1359,兴贤佳园近贤苑西区,商务住宅;住宅区;住宅小区,兴贤路与汇贤路交叉口西150米,118.839531,32.10445,江苏省,南京市,栖霞区,
1360,兴都花园,商务住宅;住宅区;住宅小区,兴卫村87号,118.84424,32.104533,江苏省,南京市,栖霞区,
1361,兴都花园87号,商务住宅;住宅区;住宅小区,兴卫村87号,118.847819,32.105093,江苏省,南京市,栖霞区,
1362,兴都花园86号,商务住宅;住宅区;住宅小区,兴卫村86号,118.846051,32.106316,江苏省,南京市,栖霞区,
1363,兴都花园85号,商务住宅;住宅区;住宅小区,兴卫村85号,118.846855,32.109043,江苏省,南京市,栖霞区,
1364,兴卫一队13号,商务住宅;商务住宅相关;商务住宅相关,,118.852601,32.105448,江苏省,南京市,栖霞区,
1365,兴卫一队12号,商务住宅;商务住宅相关;商务住宅相关,,118.852305,32.105232,江苏省,南京市,栖霞区,
1366,兴卫一队5号,商务住宅;商务住宅相关;商务住宅相关,,118.851599,32.105189,江苏省,南京市,栖霞区,
1367,兴卫一队3号,商务住宅;商务住宅相关;商务住宅相关,兴兴路东150米,118.851244,32.106105,江苏省,南京市,栖霞区,
1368,栖霞区330科技创业大厦,商务住宅;楼宇;商务写字楼,迈皋桥创业园寅春路18号,118.852955,32.107671,江苏省,南京市,栖霞区,
1369,兴都花园(东苑),商务住宅;住宅区;住宅小区,,118.84416,32.104795,江苏省,南京市,栖霞区,
1370,兴都花园86号(北门),商务住宅;商务住宅相关;商务住宅相关,兴卫村86号,118.846589,32.106974,江苏省,南京市,栖霞区,
1371,汇杰新城西区,商务住宅;住宅区;住宅小区,迈进路附近,118.85966,32.110498,江苏省,南京市,栖霞区,
1372,燕升园,商务住宅;住宅区;住宅小区,,118.859979,32.110884,江苏省,南京市,栖霞区,
1373,燕升园3园,商务住宅;住宅区;住宅小区,瑞丽路与瑞安南街交叉口北100米,118.8609,32.110139,江苏省,南京市,栖霞区,
1374,迈皋桥创业园12A号,商务住宅;住宅区;住宅区,尖山南路东50米,118.859519,32.106694,江苏省,南京市,栖霞区,
1375,迈皋桥创业园12号,商务住宅;住宅区;住宅区,尖山南路东100米,118.859073,32.106284,江苏省,南京市,栖霞区,
1376,薪加德,商务住宅;住宅区;住宅小区,迈皋桥创业园迈越路28号,118.862857,32.108544,江苏省,南京市,栖霞区,
1377,迈皋瑞福城,商务住宅;住宅区;住宅小区,华电北路附近,118.85775,32.112643,江苏省,南京市,栖霞区,
1378,燕歌园4号,商务住宅;住宅区;住宅区,华电北路与瑞丽路交叉口西北100米,118.857959,32.112901,江苏省,南京市,栖霞区,
1379,燕歌园南区,商务住宅;住宅区;住宅小区,瑞丽路与瑞平南街交叉口东150米,118.858448,32.113818,江苏省,南京市,栖霞区,
1380,嘉实工地生活区,商务住宅;住宅区;宿舍,寅春路6号,118.856602,32.104917,江苏省,南京市,栖霞区,
1381,燕舞园-2园,商务住宅;住宅区;住宅区,瑞丽路与瑞平南街交叉口西南150米,118.856026,32.113388,江苏省,南京市,栖霞区,
1382,燕舞园南区,商务住宅;住宅区;住宅小区,瑞丽路与瑞平南街交叉口西150米,118.855516,32.113525,江苏省,南京市,栖霞区,
1383,银贡山庄,商务住宅;住宅区;住宅小区,华电北路,118.863171,32.113512,江苏省,南京市,栖霞区,
1384,燕歌园3号(南门),商务住宅;商务住宅相关;商务住宅相关,华电北路与燕尧路交叉口西150米,118.859117,32.11347,江苏省,南京市,栖霞区,
1385,汇杰新城(东门),商务住宅;商务住宅相关;商务住宅相关,瑞丽路与瑞安街交叉口北50米,118.86004,32.11078,江苏省,南京市,栖霞区,
1386,三元祠,商务住宅;住宅区;住宅小区,太龙路西50米,118.868415,32.10769,江苏省,南京市,栖霞区,
1387,熙景福苑,商务住宅;住宅区;住宅小区,瑞霞路东侧,118.866506,32.109439,江苏省,南京市,栖霞区,
1388,银贡山庄B区,商务住宅;住宅区;住宅小区,华电北路银贡山庄,118.864454,32.112711,江苏省,南京市,栖霞区,
1389,煤医物测小区,商务住宅;住宅区;住宅小区,尧新大道4号尧化新村102号,118.873857,32.112305,江苏省,南京市,栖霞区,
1390,尧化门里9号,商务住宅;住宅区;住宅区,太龙路西150米附近,118.871662,32.109134,江苏省,南京市,栖霞区,
1391,南京输油处南院,商务住宅;住宅区;住宅小区,尧新大道6号,118.873393,32.113092,江苏省,南京市,栖霞区,
1392,尧化新寓小区,商务住宅;住宅区;住宅小区,太龙路尧化新寓,118.870345,32.110768,江苏省,南京市,栖霞区,
1393,南京新港职校尧化校区学生公寓,商务住宅;住宅区;宿舍,尧新大道1,118.871321,32.11145,江苏省,南京市,栖霞区,
1394,尧化新村,商务住宅;住宅区;住宅小区,尧佳路6号(公交车站),118.875454,32.113413,江苏省,南京市,栖霞区,
1395,枫林新寓,商务住宅;住宅区;住宅小区,尧化街道尧新大道,118.874117,32.110985,江苏省,南京市,栖霞区,
1396,门里218号,商务住宅;住宅区;住宅区,尧马路东150米,118.876365,32.109488,江苏省,南京市,栖霞区,
1397,门里91号,商务住宅;住宅区;住宅区,门里71附近,118.876588,32.108693,江苏省,南京市,栖霞区,
1398,门里158号,商务住宅;住宅区;住宅区,尧马路东150米,118.877163,32.108788,江苏省,南京市,栖霞区,
1399,门里288号,商务住宅;住宅区;住宅区,太龙路东150米,118.876823,32.109635,江苏省,南京市,栖霞区,
1400,小庙山108号,商务住宅;住宅区;住宅区,尧马路东100米,118.877512,32.10834,江苏省,南京市,栖霞区,
1401,聚宝山工园,商务住宅;商务住宅相关;商务住宅相关,玄武大道96号,118.873964,32.106315,江苏省,南京市,栖霞区,
1402,尧化新村2区,商务住宅;住宅区;住宅区,尧佳路6号,118.87512,32.113699,江苏省,南京市,栖霞区,
1403,上曹1号,商务住宅;住宅区;住宅区,,118.887221,32.110349,江苏省,南京市,栖霞区,
1404,上曹6号,商务住宅;住宅区;住宅区,,118.887011,32.110159,江苏省,南京市,栖霞区,
1405,上曹5号,商务住宅;住宅区;住宅区,,118.887033,32.11038,江苏省,南京市,栖霞区,
1406,马家园100号,商务住宅;住宅区;住宅区,马家园68号附近,118.891467,32.109143,江苏省,南京市,栖霞区,
1407,上曹10号,商务住宅;住宅区;住宅区,,118.886489,32.110295,江苏省,南京市,栖霞区,
1408,上曹40号,商务住宅;住宅区;住宅区,,118.88573,32.110627,江苏省,南京市,栖霞区,
1409,马家园2号,商务住宅;住宅区;住宅区,马家园东50米,118.89268,32.110232,江苏省,南京市,栖霞区,
1410,中曹106号,商务住宅;住宅区;住宅区,,118.887207,32.112541,江苏省,南京市,栖霞区,
1411,马家园53号,商务住宅;住宅区;住宅区,马家园西150米,118.893179,32.108496,江苏省,南京市,栖霞区,
1412,马家园5号,商务住宅;住宅区;住宅区,马家园东50米,118.893033,32.110421,江苏省,南京市,栖霞区,
1413,马家园45号,商务住宅;住宅区;住宅区,马家园46号附近,118.893236,32.108672,江苏省,南京市,栖霞区,
1414,马家园54号,商务住宅;住宅区;住宅区,马家园西150米,118.893194,32.108286,江苏省,南京市,栖霞区,
1415,马家园66号,商务住宅;住宅区;住宅区,,118.893147,32.108088,江苏省,南京市,栖霞区,
1416,马家园67号,商务住宅;住宅区;住宅区,,118.893129,32.107889,江苏省,南京市,栖霞区,
1417,马家园46号,商务住宅;住宅区;住宅区,马家园西100米,118.893375,32.108649,江苏省,南京市,栖霞区,
1418,马家园52号,商务住宅;住宅区;住宅区,马家园西150米,118.893349,32.108466,江苏省,南京市,栖霞区,
1419,马家园17号,商务住宅;住宅区;住宅区,马家园16-1号附近,118.893354,32.109979,江苏省,南京市,栖霞区,
1420,马家园55号,商务住宅;住宅区;住宅区,马家园西150米,118.893333,32.108275,江苏省,南京市,栖霞区,
1421,马家园78号,商务住宅;住宅区;住宅区,,118.893107,32.10769,江苏省,南京市,栖霞区,
1422,马家园68号,商务住宅;住宅区;住宅区,马家园67号附近,118.89326,32.107892,江苏省,南京市,栖霞区,
1423,马家园65号,商务住宅;住宅区;住宅区,,118.893332,32.108068,江苏省,南京市,栖霞区,
1424,马家园47号,商务住宅;住宅区;住宅区,马家园西100米,118.893532,32.108631,江苏省,南京市,栖霞区,
1425,马家园51号,商务住宅;住宅区;住宅区,马家园西150米,118.893511,32.108447,江苏省,南京市,栖霞区,
1426,马家园56号,商务住宅;住宅区;住宅区,马家园西150米,118.893479,32.108249,江苏省,南京市,栖霞区,
1427,马家园77号,商务住宅;住宅区;住宅区,,118.893264,32.107678,江苏省,南京市,栖霞区,
1428,中曹108号,商务住宅;住宅区;住宅区,中曹107号附近,118.886982,32.112828,江苏省,南京市,栖霞区,
1429,马家园7号,商务住宅;住宅区;住宅区,马家园东100米,118.893369,32.110552,江苏省,南京市,栖霞区,
1430,中曹23号,商务住宅;住宅区;住宅区,,118.888136,32.113151,江苏省,南京市,栖霞区,
1431,马家园19号,商务住宅;住宅区;住宅区,马家园东50米,118.893562,32.110031,江苏省,南京市,栖霞区,
1432,马家园69号,商务住宅;住宅区;住宅区,,118.89341,32.107868,江苏省,南京市,栖霞区,
1433,马家园64号,商务住宅;住宅区;住宅区,马家园西150米,118.893514,32.108053,江苏省,南京市,栖霞区,
1434,中曹16号,商务住宅;住宅区;住宅区,,118.888796,32.113284,江苏省,南京市,栖霞区,
1435,马家园57号,商务住宅;住宅区;住宅区,马家园西150米,118.893616,32.108246,江苏省,南京市,栖霞区,
1436,中曹19号,商务住宅;住宅区;住宅区,,118.888413,32.113268,江苏省,南京市,栖霞区,
1437,马家园50号,商务住宅;住宅区;住宅区,马家园西150米,118.893682,32.108429,江苏省,南京市,栖霞区,
1438,马家园24号,商务住宅;住宅区;住宅区,马家园东50米,118.893754,32.109608,江苏省,南京市,栖霞区,
1439,马家园22号,商务住宅;住宅区;住宅区,,118.893743,32.109709,江苏省,南京市,栖霞区,
1440,马家园76号,商务住宅;住宅区;住宅区,,118.893446,32.10765,江苏省,南京市,栖霞区,
1441,中曹107号,商务住宅;住宅区;住宅区,,118.887339,32.113138,江苏省,南京市,栖霞区,
1442,马家园70号,商务住宅;住宅区;住宅区,,118.893581,32.107842,江苏省,南京市,栖霞区,
1443,马家园11号,商务住宅;住宅区;住宅区,马家园东100米,118.893719,32.110241,江苏省,南京市,栖霞区,
1444,马家园10号,商务住宅;住宅区;住宅区,马家园东100米,118.893702,32.110364,江苏省,南京市,栖霞区,
1445,马家园63号,商务住宅;住宅区;住宅区,马家园西150米,118.893693,32.108024,江苏省,南京市,栖霞区,
1446,马家园58号,商务住宅;住宅区;住宅区,马家园西150米,118.893763,32.108228,江苏省,南京市,栖霞区,
1447,马家园49号,商务住宅;住宅区;住宅区,马家园西100米,118.893843,32.108418,江苏省,南京市,栖霞区,
1448,马家园75号,商务住宅;住宅区;住宅区,,118.893607,32.107642,江苏省,南京市,栖霞区,
1449,马家园71号,商务住宅;住宅区;住宅区,,118.893756,32.107838,江苏省,南京市,栖霞区,
1450,马家园59号,商务住宅;住宅区;住宅区,马家园西150米,118.893907,32.108222,江苏省,南京市,栖霞区,
1451,马家园62号,商务住宅;住宅区;住宅区,马家园西150米,118.893871,32.108012,江苏省,南京市,栖霞区,
1452,马家园74号,商务住宅;住宅区;住宅区,,118.893815,32.107613,江苏省,南京市,栖霞区,
1453,上曹16号,商务住宅;住宅区;住宅区,,118.885219,32.112509,江苏省,南京市,栖霞区,
1454,上曹15号,商务住宅;住宅区;住宅区,,118.88539,32.112929,江苏省,南京市,栖霞区,
1455,高庙13号,商务住宅;住宅区;住宅区,尧化门高庙11-1号尧化门派出所对面附近,118.885538,32.114014,江苏省,南京市,栖霞区,
1456,马家园109号,商务住宅;住宅区;住宅区,玄武大道与马家园交叉口北100米,118.896803,32.109041,江苏省,南京市,栖霞区,
1457,马家园44号,商务住宅;住宅区;住宅区,玄武大道与马家园交叉口西150米,118.895593,32.108623,江苏省,南京市,栖霞区,
1458,马家园43号,商务住宅;住宅区;住宅区,马家园42号附近,118.895425,32.108673,江苏省,南京市,栖霞区,
1459,马家园42号,商务住宅;住宅区;住宅区,,118.895358,32.108795,江苏省,南京市,栖霞区,
1460,马家园41号,商务住宅;住宅区;住宅区,,118.895252,32.10902,江苏省,南京市,栖霞区,
1461,马家园40号,商务住宅;住宅区;住宅区,马家园东50米,118.894959,32.108979,江苏省,南京市,栖霞区,
1462,马家园38号,商务住宅;住宅区;住宅区,马家园33号附近,118.89485,32.109203,江苏省,南京市,栖霞区,
1463,马家园34号,商务住宅;住宅区;住宅区,马家园东100米,118.894705,32.109527,江苏省,南京市,栖霞区,
1464,马家园30号,商务住宅;住宅区;住宅区,马家园东100米,118.894721,32.109758,江苏省,南京市,栖霞区,
1465,马家园33号,商务住宅;住宅区;住宅区,马家园34号附近,118.894604,32.109605,江苏省,南京市,栖霞区,
1466,马家园36号,商务住宅;住宅区;住宅区,马家园31号附近,118.894413,32.109272,江苏省,南京市,栖霞区,
1467,马家园32号,商务住宅;住宅区;住宅区,马家园东50米,118.894339,32.109516,江苏省,南京市,栖霞区,
1468,马家园27号,商务住宅;住宅区;住宅区,马家园东150米,118.894446,32.110235,江苏省,南京市,栖霞区,
1469,马家园26号,商务住宅;住宅区;住宅区,马家园东150米,118.894343,32.110305,江苏省,南京市,栖霞区,
1470,马家园31号,商务住宅;住宅区;住宅区,马家园32号附近,118.894128,32.109549,江苏省,南京市,栖霞区,
1471,马家园14号,商务住宅;住宅区;住宅区,马家园东100米,118.89419,32.110201,江苏省,南京市,栖霞区,
1472,马家园60号,商务住宅;住宅区;住宅区,马家园西150米,118.89423,32.107968,江苏省,南京市,栖霞区,
1473,马家园12号,商务住宅;住宅区;住宅区,马家园东100米,118.894084,32.110251,江苏省,南京市,栖霞区,
1474,马家园48号,商务住宅;住宅区;住宅区,马家园西100米,118.894004,32.108401,江苏省,南京市,栖霞区,
1475,马家园61号,商务住宅;住宅区;住宅区,马家园西150米,118.894058,32.107997,江苏省,南京市,栖霞区,
1476,马家园23号,商务住宅;住宅区;住宅区,马家园东100米,118.893948,32.110069,江苏省,南京市,栖霞区,
1477,马家园73号,商务住宅;住宅区;住宅区,马家园西150米,118.894116,32.107803,江苏省,南京市,栖霞区,
1478,马家园72号,商务住宅;住宅区;住宅区,马家园73号附近,118.893945,32.107813,江苏省,南京市,栖霞区,
1479,山居十六院,商务住宅;住宅区;别墅,仙隐北路7号,118.896686,32.105008,江苏省,南京市,栖霞区,
1480,恒基·玲珑翠谷,商务住宅;住宅区;住宅小区,玄武大道与学林路的交汇处,118.904897,32.113541,江苏省,南京市,栖霞区,
1481,恒基·富荟山,商务住宅;住宅区;住宅小区,学林路2号,118.905012,32.110811,江苏省,南京市,栖霞区,
1482,南京师范大学仙林校区北苑32栋学生公寓,商务住宅;住宅区;宿舍,北区七号路与北区四号路交叉口西北150米,118.913934,32.112747,江苏省,南京市,栖霞区,
1483,南京森林警察学院学生公寓F楼,商务住宅;住宅区;宿舍,环校西路附近,118.919884,32.10902,江苏省,南京市,栖霞区,
1484,南京森林警察学院学生公寓D楼,商务住宅;住宅区;宿舍,环校西路附近,118.919977,32.108324,江苏省,南京市,栖霞区,
1485,南京森林警察学院学生公寓C楼,商务住宅;住宅区;宿舍,文澜路28号,118.920014,32.107836,江苏省,南京市,栖霞区,
1486,南京财经大学仙林校区中苑学舍17,商务住宅;住宅区;宿舍,环校西路附近,118.921058,32.109217,江苏省,南京市,栖霞区,
1487,南京财经大学仙林校区中苑学舍18,商务住宅;住宅区;宿舍,环校北路与环校西路交叉口南200米,118.921057,32.10936,江苏省,南京市,栖霞区,
1488,南京财经大学仙林校区中苑学舍13,商务住宅;住宅区;宿舍,环校西路附近,118.921035,32.108718,江苏省,南京市,栖霞区,
1489,南京财经大学仙林校区中苑学舍12,商务住宅;住宅区;宿舍,环校西路附近,118.921034,32.108473,江苏省,南京市,栖霞区,
1490,南京森林警察学院学生公寓B楼,商务住宅;住宅区;宿舍,环校西路附近,118.919985,32.107344,江苏省,南京市,栖霞区,
1491,南京财经大学仙林校区中苑学舍07,商务住宅;住宅区;宿舍,文澜路,118.921025,32.108178,江苏省,南京市,栖霞区,
1492,南京财经大学仙林校区中苑学舍06,商务住宅;住宅区;宿舍,环校西路附近,118.92102,32.10792,江苏省,南京市,栖霞区,
1493,南京财经大学仙林校区西苑学舍06,商务住宅;住宅区;宿舍,环校西路附近,118.921125,32.107949,江苏省,南京市,栖霞区,
1494,南京财经大学仙林校区中苑7号站4栋,商务住宅;住宅区;宿舍,文苑路,118.921023,32.107743,江苏省,南京市,栖霞区,
1495,南京财经大学仙林校区西苑学舍05,商务住宅;住宅区;宿舍,环校西路附近,118.921461,32.108044,江苏省,南京市,栖霞区,
1496,南京财经大学仙林校区-中苑学舍05,商务住宅;住宅区;宿舍,环校西路附近,118.921461,32.108044,江苏省,南京市,栖霞区,
1497,南京森林警察学院学生公寓A楼,商务住宅;住宅区;宿舍,环校西路附近,118.919881,32.106757,江苏省,南京市,栖霞区,
1498,南京财经大学仙林校区中苑学舍09,商务住宅;住宅区;宿舍,环校西路附近,118.921899,32.108656,江苏省,南京市,栖霞区,
1499,南京财经大学仙林校区-中苑学舍14,商务住宅;住宅区;宿舍,环校西路附近,118.922042,32.109178,江苏省,南京市,栖霞区,
1500,南京财经大学仙林校区-中苑学舍10,商务住宅;住宅区;宿舍,环校西路附近,118.92208,32.108888,江苏省,南京市,栖霞区,
1501,南京财经大学仙林校区中苑学舍03,商务住宅;住宅区;宿舍,环校西路附近,118.921874,32.108141,江苏省,南京市,栖霞区,
1502,南京财经大学仙林校区中苑学舍08,商务住宅;住宅区;宿舍,环校西路附近,118.922064,32.108568,江苏省,南京市,栖霞区,
1503,南京财经大学仙林校区中苑学舍02,商务住宅;住宅区;宿舍,环校西路附近,118.921886,32.108036,江苏省,南京市,栖霞区,
1504,南京财经大学仙林校区中苑学舍01,商务住宅;住宅区;宿舍,环校西路附近,118.921895,32.107827,江苏省,南京市,栖霞区,
1505,南京财经大学仙林校区西苑学舍03,商务住宅;住宅区;宿舍,环校西路附近,118.922155,32.108247,江苏省,南京市,栖霞区,
1506,南京财经大学仙林校区-中苑学舍16,商务住宅;住宅区;宿舍,环校西路附近,118.922195,32.109444,江苏省,南京市,栖霞区,
1507,南京财经大学仙林校区中苑学舍15,商务住宅;住宅区;宿舍,环校西路附近,118.922762,32.109227,江苏省,南京市,栖霞区,
1508,南京财经大学仙林校区员工公寓,商务住宅;住宅区;宿舍,环校西路附近,118.920601,32.106159,江苏省,南京市,栖霞区,
1509,南京财经大学仙林校区-西苑学舍28,商务住宅;住宅区;宿舍,环校西路附近,118.919422,32.10577,江苏省,南京市,栖霞区,
1510,南京财经大学仙林校区中苑学舍11,商务住宅;住宅区;宿舍,,118.923034,32.108838,江苏省,南京市,栖霞区,
1511,南京森林警察学院青年教师公寓南楼,商务住宅;住宅区;宿舍,文澜路28号,118.917264,32.112449,江苏省,南京市,栖霞区,
1512,南京财经大学仙林校区-西苑学舍27,商务住宅;住宅区;宿舍,文澜路,118.91898,32.105624,江苏省,南京市,栖霞区,
1513,南京森林警察学院青年教师公寓北楼,商务住宅;住宅区;宿舍,文澜路28号,118.917514,32.112683,江苏省,南京市,栖霞区,
1514,南京财经大学仙林校区-西苑学舍26,商务住宅;住宅区;宿舍,环校西路附近,118.91865,32.105506,江苏省,南京市,栖霞区,
1515,南京财经大学仙林校区-西苑学舍25,商务住宅;住宅区;宿舍,环校西路附近,118.919498,32.105522,江苏省,南京市,栖霞区,
1516,南京财经大学仙林校区-西苑学舍24,商务住宅;住宅区;宿舍,环校西路附近,118.919086,32.105384,江苏省,南京市,栖霞区,
1517,南京财经大学仙林校区西苑学舍22,商务住宅;住宅区;宿舍,环校西路附近,118.919673,32.105316,江苏省,南京市,栖霞区,
1518,南京财经大学仙林校区-西苑学舍23,商务住宅;住宅区;宿舍,文澜路22号附近,118.918757,32.105265,江苏省,南京市,栖霞区,
1519,南京财经大学仙林校区西苑学舍19,商务住宅;住宅区;宿舍,文澜路22号附近,118.918299,32.10529,江苏省,南京市,栖霞区,
1520,南京财经大学仙林校区-西苑学舍21,商务住宅;住宅区;宿舍,环校西路附近,118.919193,32.105084,江苏省,南京市,栖霞区,
1521,南京财经大学仙林校区西苑学舍17,商务住宅;住宅区;宿舍,环校西路附近,118.918356,32.105137,江苏省,南京市,栖霞区,
1522,南京财经大学仙林校区西苑学舍20,商务住宅;住宅区;宿舍,环校西路附近,118.917753,32.105082,江苏省,南京市,栖霞区,
1523,南京财经大学仙林校区西苑学舍13,商务住宅;住宅区;宿舍,文澜路东200米,118.917424,32.105034,江苏省,南京市,栖霞区,
1524,南京财经大学仙林校区西苑学舍18,商务住宅;住宅区;宿舍,环校西路附近,118.917847,32.104871,江苏省,南京市,栖霞区,
1525,南京财经大学仙林校区西苑学舍10,商务住宅;住宅区;宿舍,文澜路东200米,118.917481,32.10489,江苏省,南京市,栖霞区,
1526,南京财经大学仙林校区-西苑学舍14,商务住宅;住宅区;宿舍,敏行路与文澜路交叉口东200米,118.916925,32.104961,江苏省,南京市,栖霞区,
1527,南京财经大学仙林校区西苑学舍07,商务住宅;住宅区;宿舍,环校西路附近,118.917538,32.104768,江苏省,南京市,栖霞区,
1528,南京财经大学仙林校区西苑学舍16,商务住宅;住宅区;宿舍,环校西路附近,118.917949,32.104611,江苏省,南京市,栖霞区,
1529,南京财经大学仙林校区-西苑学舍11,商务住宅;住宅区;宿舍,文澜路东200米,118.917055,32.104701,江苏省,南京市,栖霞区,
1530,南京师范大学仙林校区北苑31栋学生公寓,商务住宅;住宅区;宿舍,北区七号路与北区四号路交叉口北100米,118.914593,32.112378,江苏省,南京市,栖霞区,
1531,南京财经大学仙林校区-西苑学舍15,商务住宅;住宅区;宿舍,敏行路与文澜路交叉口东150米,118.916445,32.104803,江苏省,南京市,栖霞区,
1532,南京财经大学仙林校区西苑学舍04,商务住宅;住宅区;宿舍,环校西路附近,118.917671,32.104429,江苏省,南京市,栖霞区,
1533,南京财经大学仙林校区-西苑学舍08,商务住宅;住宅区;宿舍,文澜路东200米,118.917163,32.104446,江苏省,南京市,栖霞区,
1534,南京财经大学仙林校区西苑学舍12,商务住宅;住宅区;宿舍,敏行路与文澜路交叉口东150米,118.916505,32.104466,江苏省,南京市,栖霞区,
1535,南京师范大学仙林校区东苑,商务住宅;住宅区;宿舍,文苑路1号,118.914321,32.105704,江苏省,南京市,栖霞区,
1536,南京师范大学仙林校区北苑33栋学生公寓,商务住宅;住宅区;宿舍,北区三号路与北区四号路交叉口南100米,118.914613,32.113016,江苏省,南京市,栖霞区,
1537,南京财经大学仙林校区外教楼,商务住宅;住宅区;宿舍,三江路与笃学路交叉口东100米,118.916091,32.104389,江苏省,南京市,栖霞区,
1538,南京财经大学仙林校区西苑学舍09,商务住宅;住宅区;宿舍,三江路与笃学路交叉口东150米,118.91666,32.104224,江苏省,南京市,栖霞区,
1539,南京邮电大学学生公寓5幢,商务住宅;住宅区;宿舍,仙境路西200米,118.932887,32.109581,江苏省,南京市,栖霞区,
1540,南京邮电大学学生公寓3幢,商务住宅;住宅区;宿舍,仙境路西200米,118.932944,32.109365,江苏省,南京市,栖霞区,
1541,南京邮电大学学生公寓9幢,商务住宅;住宅区;宿舍,仙境路西200米,118.932839,32.11051,江苏省,南京市,栖霞区,
1542,南京邮电大学学生公寓11幢,商务住宅;住宅区;宿舍,仙境路西150米,118.933049,32.110755,江苏省,南京市,栖霞区,
1543,南京邮电大学学生公寓6幢,商务住宅;住宅区;宿舍,仙境路西150米南京邮电大学梅苑附近,118.933454,32.109821,江苏省,南京市,栖霞区,
1544,南京邮电大学梅苑,商务住宅;住宅区;宿舍,仙境路西150米,118.933531,32.109428,江苏省,南京市,栖霞区,
1545,南京邮电大学学生公寓1幢,商务住宅;住宅区;宿舍,仙境路西150米南京邮电大学梅苑附近,118.933576,32.109115,江苏省,南京市,栖霞区,
1546,南京邮电大学学生公寓7幢,商务住宅;住宅区;宿舍,仙境路西150米南京邮电大学兰苑附近,118.933415,32.110252,江苏省,南京市,栖霞区,
1547,南京邮电大学兰苑,商务住宅;住宅区;宿舍,仙境路西150米,118.933415,32.110664,江苏省,南京市,栖霞区,
1548,青年教师公共租赁住房,商务住宅;住宅区;宿舍,北苑路与环校北路交叉口西200米,118.92451,32.110918,江苏省,南京市,栖霞区,
1549,南京邮电大学学生公寓4幢,商务住宅;住宅区;宿舍,仙境路西150米南京邮电大学梅苑附近,118.933782,32.109513,江苏省,南京市,栖霞区,
1550,南京邮电大学学生公寓2幢,商务住宅;住宅区;宿舍,仙境路西100米,118.933828,32.109261,江苏省,南京市,栖霞区,
1551,南京邮电大学学生公寓12幢,商务住宅;住宅区;宿舍,仙境路西100米,118.933477,32.111011,江苏省,南京市,栖霞区,
1552,南京邮电大学学生公寓8幢,商务住宅;住宅区;宿舍,仙境路西100米,118.933851,32.110505,江苏省,南京市,栖霞区,
1553,南京邮电大学学生公寓10幢,商务住宅;住宅区;宿舍,仙境路西150米南京邮电大学兰苑附近,118.933859,32.110771,江苏省,南京市,栖霞区,
1554,南京邮电大学学生公寓13幢,商务住宅;住宅区;宿舍,仙境路西100米,118.933774,32.111448,江苏省,南京市,栖霞区,
1555,南京邮电大学学生公寓14幢,商务住宅;住宅区;宿舍,仙境路西100米,118.933767,32.111736,江苏省,南京市,栖霞区,
1556,南京邮电大学学生公寓15幢,商务住宅;住宅区;宿舍,仙境路西100米,118.933768,32.112025,江苏省,南京市,栖霞区,
1557,南京邮电大学学生公寓18幢,商务住宅;住宅区;宿舍,仙境路西150米,118.933166,32.112892,江苏省,南京市,栖霞区,
1558,南京邮电大学学生公寓16幢,商务住宅;住宅区;宿舍,仙境路与羊山北路交叉口西南200米南京邮电大学菊苑附近,118.933774,32.112581,江苏省,南京市,栖霞区,
1559,南京邮电大学学生公寓20幢,商务住宅;住宅区;宿舍,仙境路西150米,118.933246,32.11313,江苏省,南京市,栖霞区,
1560,南京邮电大学学生公寓21幢,商务住宅;住宅区;宿舍,仙境路西200米,118.933291,32.113262,江苏省,南京市,栖霞区,
1561,南京邮电大学菊苑,商务住宅;住宅区;宿舍,仙境路与羊山北路交叉口西南200米,118.933882,32.112987,江苏省,南京市,栖霞区,
1562,南京邮电大学-国防生楼,商务住宅;商务住宅相关;商务住宅相关,文苑路9号南京邮电大学仙林校区,118.934031,32.113309,江苏省,南京市,栖霞区,
1563,栖园北区,商务住宅;住宅区;住宅小区,杉湖东路18号,118.934094,32.104456,江苏省,南京市,栖霞区,
1564,南京邮电大学竹苑,商务住宅;住宅区;宿舍,仙境路西100米,118.93395,32.111797,江苏省,南京市,栖霞区,
1565,南京邮电大学学生公寓19幢,商务住宅;住宅区;宿舍,仙境路与羊山北路交叉口西南150米,118.934333,32.113095,江苏省,南京市,栖霞区,
1566,南京邮电大学学生公寓17幢,商务住宅;住宅区;宿舍,仙境路与羊山北路交叉口西南200米,118.934226,32.112755,江苏省,南京市,栖霞区,
1567,唐仲英科技楼,商务住宅;楼宇;商务写字楼,仙林大道138号南京中医药大学,118.946659,32.104857,江苏省,南京市,栖霞区,
1568,南大和园,商务住宅;住宅区;住宅小区,仙林大道168号(近南京大学仙林校区),118.960822,32.105448,江苏省,南京市,栖霞区,
1569,南京大学仙林校区01宿舍楼,商务住宅;住宅区;宿舍,体育馆对面,118.954648,32.112486,江苏省,南京市,栖霞区,
1570,南京大学仙林校区学生公寓02幢,商务住宅;住宅区;宿舍,九乡河东路东200米,118.954937,32.113615,江苏省,南京市,栖霞区,
1571,Q房子,商务住宅;商务住宅相关;商务住宅相关,仙林大道,118.959019,32.108185,江苏省,南京市,栖霞区,
1572,南京大学仙林校区学生公寓03幢B区,商务住宅;住宅区;宿舍,仙林大道163号南京大学仙林校区,118.954339,32.113927,江苏省,南京市,栖霞区,
1573,南京大学仙林校区学生公寓02幢B区,商务住宅;住宅区;宿舍,仙林大道163号南京大学仙林校区,118.954769,32.114106,江苏省,南京市,栖霞区,
1574,南京大学仙林校区学生公寓01幢B区,商务住宅;住宅区;宿舍,仙林大道163号南京大学仙林校区,118.954907,32.112757,江苏省,南京市,栖霞区,
1575,南京大学仙林校区学生公寓02幢A区,商务住宅;住宅区;宿舍,仙林大道163号南京大学仙林校区,118.95506,32.113516,江苏省,南京市,栖霞区,
1576,南京大学仙林校区学生公寓03幢A区,商务住宅;住宅区;宿舍,徐岗头南京大学仙林校区,118.954597,32.113341,江苏省,南京市,栖霞区,
1577,南京大学仙林校区学生公寓01幢A区,商务住宅;住宅区;宿舍,南京大学仙林校区,118.955157,32.112116,江苏省,南京市,栖霞区,
1578,南京大学仙林校区学生公寓03幢,商务住宅;住宅区;宿舍,仙林大道163号南京大学仙林校区,118.954441,32.113632,江苏省,南京市,栖霞区,
1579,尚东商业区,商务住宅;商务住宅相关;商务住宅相关,仙林大道188号,118.966455,32.109815,江苏省,南京市,栖霞区,
1580,桦墅东,商务住宅;商务住宅相关;商务住宅相关,花塘路,119.017728,32.10859,江苏省,南京市,栖霞区,
1581,桦墅双行,商务住宅;商务住宅相关;商务住宅相关,开发区西岗街道,119.03052,32.110351,江苏省,南京市,栖霞区,
1582,楼庄50号,商务住宅;商务住宅相关;商务住宅相关,蒲马路东100米,118.663633,32.094351,江苏省,南京市,浦口区,
1583,锦程大厦(王楼路),商务住宅;楼宇;商务写字楼,沿山大道165号,118.655379,32.095708,江苏省,南京市,浦口区,
1584,锦程大厦报告厅,商务住宅;楼宇;商务写字楼,王楼路附近,118.655388,32.095309,江苏省,南京市,浦口区,
1585,江苏警官学院学生公寓C座,商务住宅;住宅区;宿舍,王楼路,118.655966,32.095128,江苏省,南京市,浦口区,
1586,江苏警官学院学生公寓F座,商务住宅;住宅区;宿舍,蒲马路西200米,118.66051,32.094459,江苏省,南京市,浦口区,
1587,江苏警官学院学生公寓A座,商务住宅;住宅区;宿舍,王楼路,118.656818,32.094456,江苏省,南京市,浦口区,
1588,江苏警官学院学生公寓B座,商务住宅;住宅区;宿舍,王楼路,118.655949,32.094673,江苏省,南京市,浦口区,
1589,浦口区顶山街道石佛社区,商务住宅;住宅区;住宅小区,平江大街与浦珠中路交叉口东北150米,118.670529,32.095963,江苏省,南京市,浦口区,
1590,阳光帝景,商务住宅;住宅区;住宅小区,"顶山街道吉庆路6号(纬三路隧道口,珍珠南路南侧)",118.682812,32.103245,江苏省,南京市,浦口区,
1591,观山悦,商务住宅;住宅区;住宅小区,浦珠中路与浦镇大街交叉口附近,118.676517,32.102856,江苏省,南京市,浦口区,
1592,乐府江南,商务住宅;住宅区;住宅小区,珍珠南路85号,118.701483,32.097322,江苏省,南京市,浦口区,
1593,大新华府北区,商务住宅;住宅区;住宅小区,华府路31号,118.703178,32.096278,江苏省,南京市,浦口区,
1594,大新华府,商务住宅;住宅区;住宅小区,华府路31号(近珍珠南路),118.703285,32.09491,江苏省,南京市,浦口区,
1595,南京铁道职业技术学院学生公寓,商务住宅;住宅区;宿舍,,118.695997,32.103063,江苏省,南京市,浦口区,
1596,南京铁道职业技术学院青年教师公寓,商务住宅;住宅区;宿舍,,118.696001,32.103107,江苏省,南京市,浦口区,
1597,南京铁道职业技术学院青年教师公租房,商务住宅;住宅区;宿舍,,118.696002,32.103081,江苏省,南京市,浦口区,
1598,大新华府南区,商务住宅;住宅区;住宅小区,华府路32号,118.705425,32.094285,江苏省,南京市,浦口区,
1599,浦铁一村小区,商务住宅;住宅区;住宅小区,新马路299号附近,118.71362,32.102348,江苏省,南京市,浦口区,
1600,跃进新村小区,商务住宅;住宅区;住宅小区,兴浦路,118.713151,32.094966,江苏省,南京市,浦口区,
1601,浦口公寓,商务住宅;住宅区;住宅小区,兴浦路239号,118.707295,32.101697,江苏省,南京市,浦口区,
1602,新江雅苑,商务住宅;住宅区;住宅小区,华府路43号,118.704475,32.100145,江苏省,南京市,浦口区,
1603,新马路小区,商务住宅;住宅区;住宅小区,新马路9号(公交车站),118.716513,32.101167,江苏省,南京市,浦口区,
1604,铁路单身宿舍,商务住宅;住宅区;宿舍,津浦路28号,118.719113,32.0978,江苏省,南京市,浦口区,
1605,南京铁路浦口单身公寓,商务住宅;住宅区;宿舍,兴浦路49号附近,118.719686,32.097313,江苏省,南京市,浦口区,
1606,明远里19号,商务住宅;商务住宅相关;商务住宅相关,大马路62号附近,118.720299,32.098068,江苏省,南京市,浦口区,
1607,中冶盛世滨江,商务住宅;住宅区;住宅小区,宝塔桥西街155号,118.741281,32.095589,江苏省,南京市,鼓楼区,
1608,深业滨江半岛,商务住宅;住宅区;住宅小区,龙江路30号,118.738954,32.097198,江苏省,南京市,鼓楼区,
1609,南京西铁路单身公寓,商务住宅;住宅区;住宅小区,兴安路6号,118.742365,32.096431,江苏省,南京市,鼓楼区,
1610,中建八局员工宿舍,商务住宅;住宅区;宿舍,老江口26号附近,118.742174,32.098443,江苏省,南京市,鼓楼区,
1611,上海铁路局南京电务段西站单身宿舍,商务住宅;住宅区;宿舍,热河路与郑和北路交叉口北100米,118.74281,32.095045,江苏省,南京市,鼓楼区,
1612,方家营265,商务住宅;住宅区;住宅小区,桥街道方家营,118.753615,32.10318,江苏省,南京市,鼓楼区,
1613,卢龙山庄,商务住宅;住宅区;住宅小区,建宁路178,118.753736,32.095162,江苏省,南京市,鼓楼区,
1614,南堡新寓,商务住宅;住宅区;住宅小区,方家营800号,118.750053,32.101226,江苏省,南京市,鼓楼区,
1615,大桥新村(方家营路),商务住宅;住宅区;住宅小区,水关桥,118.75127,32.102646,江苏省,南京市,鼓楼区,
1616,铁路小区,商务住宅;住宅区;住宅小区,城河北路,118.753419,32.09861,江苏省,南京市,鼓楼区,
1617,煤炭港小区,商务住宅;住宅区;住宅小区,煤炭港60号,118.74865,32.102083,江苏省,南京市,鼓楼区,
1618,滨江花园(西园),商务住宅;住宅区;住宅小区,四平路晓街,118.75271,32.097415,江苏省,南京市,鼓楼区,
1619,方家营80号,商务住宅;住宅区;住宅区,幕府西路与方家营路交叉口西南200米,118.753596,32.098638,江苏省,南京市,鼓楼区,
1620,方家营82号,商务住宅;住宅区;住宅区,城河南路北150米,118.75236,32.098778,江苏省,南京市,鼓楼区,
1621,南堡新寓(东门),商务住宅;商务住宅相关;商务住宅相关,方家营路南50米,118.751511,32.101513,江苏省,南京市,鼓楼区,
1622,煤炭港60号,商务住宅;住宅区;住宅小区,水关桥,118.749063,32.10223,江苏省,南京市,鼓楼区,
1623,水关桥432号,商务住宅;住宅区;住宅区,幕府西路与郑和北路交叉口西南150米,118.758606,32.098422,江苏省,南京市,鼓楼区,
1624,水关桥442号,商务住宅;住宅区;住宅区,燕江路5号附近,118.759842,32.098814,江苏省,南京市,鼓楼区,
1625,水关桥443号,商务住宅;住宅区;住宅区,幕府西路115-1号附近,118.760216,32.09897,江苏省,南京市,鼓楼区,
1626,水关桥小区,商务住宅;住宅区;住宅小区,幕府西路132号,118.758337,32.100227,江苏省,南京市,鼓楼区,
1627,水关桥油运小区,商务住宅;住宅区;住宅小区,水关桥401-431号,118.760017,32.098459,江苏省,南京市,鼓楼区,
1628,水关桥431号,商务住宅;住宅区;住宅区,幕府西路与郑和北路交叉口西南200米,118.758572,32.098073,江苏省,南京市,鼓楼区,
1629,水关桥429号,商务住宅;住宅区;住宅区,幕府西路与郑和北路交叉口南200米,118.759206,32.098024,江苏省,南京市,鼓楼区,
1630,水关桥430号,商务住宅;住宅区;住宅区,幕府西路与郑和北路交叉口南200米,118.758965,32.097997,江苏省,南京市,鼓楼区,
1631,置信雅苑,商务住宅;住宅区;住宅区,鼓楼幕府西路132号,118.758345,32.100343,江苏省,南京市,鼓楼区,
1632,金帆北苑,商务住宅;住宅区;住宅小区,幕府西路130号,118.759778,32.100455,江苏省,南京市,鼓楼区,
1633,水关桥426号,商务住宅;住宅区;住宅区,幕府西路与郑和北路交叉口东南200米,118.760251,32.097834,江苏省,南京市,鼓楼区,
1634,物资公司集资房,商务住宅;住宅区;住宅小区,幕府西路132号,118.758725,32.10134,江苏省,南京市,鼓楼区,
1635,桥景苑,商务住宅;住宅区;住宅小区,方家营58号,118.756495,32.098355,江苏省,南京市,鼓楼区,
1636,桥南一村,商务住宅;住宅区;住宅区,回龙桥与幕府西路交叉口东北50米,118.75614,32.099799,江苏省,南京市,鼓楼区,
1637,象山和园,商务住宅;住宅区;住宅小区,幕府西路109号,118.761756,32.098009,江苏省,南京市,鼓楼区,
1638,金川新寓,商务住宅;住宅区;住宅小区,水关桥121/122号,118.757699,32.102127,江苏省,南京市,鼓楼区,
1639,义民新村,商务住宅;住宅区;住宅小区,下关建宁路义民新村,118.758754,32.096108,江苏省,南京市,鼓楼区,
1640,方家营70号小区,商务住宅;住宅区;住宅小区,宝塔桥街,118.75504,32.098868,江苏省,南京市,鼓楼区,
1641,甜水湾小区,商务住宅;住宅区;住宅小区,幕府西路西头方家营78号,118.754921,32.098793,江苏省,南京市,鼓楼区,
1642,四平苑,商务住宅;住宅区;住宅小区,四平路78号,118.757775,32.095839,江苏省,南京市,鼓楼区,
1643,紫金江景苑,商务住宅;住宅区;住宅小区,四平路66号(四平路与幕府西路交汇处),118.756381,32.095921,江苏省,南京市,鼓楼区,
1644,象山新寓,商务住宅;住宅区;住宅小区,幕府西路122号,118.763347,32.100731,江苏省,南京市,鼓楼区,
1645,象山雅苑,商务住宅;住宅区;住宅小区,幕府西路99号,118.763725,32.099462,江苏省,南京市,鼓楼区,
1646,四平二路小区,商务住宅;住宅区;住宅小区,义民路与四平路交叉口东150米,118.75853,32.09517,江苏省,南京市,鼓楼区,
1647,滨江花园,商务住宅;住宅区;住宅小区,建宁路晓街3-2号附近,118.75476,32.09711,江苏省,南京市,鼓楼区,
1648,晓街小区,商务住宅;住宅区;住宅小区,四平路33号附近,118.754724,32.097032,江苏省,南京市,鼓楼区,
1649,方家营,商务住宅;住宅区;住宅小区,水关桥,118.754283,32.101167,江苏省,南京市,鼓楼区,
1650,四平路65号院,商务住宅;住宅区;住宅区,四平路65号,118.756631,32.095368,江苏省,南京市,鼓楼区,
1651,锦绣江山花园,商务住宅;住宅区;住宅小区,方家营路,118.754212,32.101216,江苏省,南京市,鼓楼区,
1652,滨江东苑,商务住宅;住宅区;住宅区,晓街31号,118.75426,32.09579,江苏省,南京市,鼓楼区,
1653,漫领域,商务住宅;楼宇;商务写字楼|商务住宅;楼宇;商住两用楼宇,郑和北路,118.759508,32.099208,江苏省,南京市,鼓楼区,
1654,工农新村318号,商务住宅;商务住宅相关;商务住宅相关,建宁路100号附近,118.761379,32.096159,江苏省,南京市,鼓楼区,
1655,金达花园,商务住宅;住宅区;住宅小区,金达路2,118.768072,32.098921,江苏省,南京市,鼓楼区,
1656,幕府西路83号小区,商务住宅;住宅区;住宅小区,幕府西路83号,118.766006,32.099996,江苏省,南京市,鼓楼区,
1657,大庙村17号小区,商务住宅;住宅区;住宅小区,大庙村17号,118.766198,32.097489,江苏省,南京市,鼓楼区,
1658,易盛家园,商务住宅;住宅区;住宅小区,幕府南路230号,118.772367,32.099903,江苏省,南京市,鼓楼区,
1659,南京铁路大庙村单身公寓,商务住宅;住宅区;住宅小区,大庙村17号,118.765984,32.097549,江苏省,南京市,鼓楼区,
1660,幕府西路85号小区,商务住宅;住宅区;住宅小区,幕府西路85号,118.765386,32.099123,江苏省,南京市,鼓楼区,
1661,恒盛嘉园,商务住宅;住宅区;住宅小区,幕府西路55号,118.771081,32.101968,江苏省,南京市,鼓楼区,
1662,孙家凹,商务住宅;住宅区;住宅小区,孙家凹78号,118.77287,32.100601,江苏省,南京市,鼓楼区,
1663,郭家山30号,商务住宅;住宅区;住宅区,孙家洼路与郭家山路交叉口东南100米,118.773504,32.098579,江苏省,南京市,鼓楼区,
1664,恒茂家园,商务住宅;住宅区;住宅小区,幕府西路100号,118.767172,32.102919,江苏省,南京市,鼓楼区,
1665,森林湾花园,商务住宅;住宅区;住宅小区,幕府西路103号,118.764177,32.09834,江苏省,南京市,鼓楼区,
1666,孙家洼2期,商务住宅;住宅区;住宅区,拥军路,118.77307,32.101368,江苏省,南京市,鼓楼区,
1667,金域中央街区2,商务住宅;住宅区;住宅小区,幕府西路33号,118.772051,32.103984,江苏省,南京市,鼓楼区,
1668,金陵一村,商务住宅;住宅区;住宅小区,金陵一村190-314号,118.764879,32.103697,江苏省,南京市,鼓楼区,
1669,市政综合楼,商务住宅;楼宇;商务写字楼,幕府南路199号,118.772681,32.098469,江苏省,南京市,鼓楼区,
1670,工农新村130号,商务住宅;商务住宅相关;商务住宅相关,建宁路129-5号附近,118.766129,32.09572,江苏省,南京市,鼓楼区,
1671,大庙村地块经济适用房,商务住宅;商务住宅相关;商务住宅相关,宝塔桥街道幕府西路(京沪铁路与郭家山铁路交汇处),118.767758,32.10012,江苏省,南京市,鼓楼区,
1672,城市贵族公寓,商务住宅;商务住宅相关;商务住宅相关,幕府南路227号,118.7722,32.09855,江苏省,南京市,鼓楼区,
1673,丁香花园,商务住宅;住宅区;住宅小区,中央门张王庙1号,118.778792,32.098998,江苏省,南京市,鼓楼区,
1674,张王庙社区,商务住宅;住宅区;住宅小区,郭家山路与金碧路交叉口西南150米,118.778856,32.100051,江苏省,南京市,鼓楼区,
1675,新华印刷厂宿舍,商务住宅;住宅区;宿舍,张王庙82号,118.77691,32.09881,江苏省,南京市,鼓楼区,
1676,郭家山20号,商务住宅;住宅区;住宅区,郭家山路25号附近,118.776561,32.099298,江苏省,南京市,鼓楼区,
1677,尊园,商务住宅;住宅区;住宅小区,中央北路83号,118.779896,32.101301,江苏省,南京市,鼓楼区,
1678,金碧花园,商务住宅;住宅区;住宅小区,张王庙38号,118.77716,32.101283,江苏省,南京市,鼓楼区,
1679,花样年·喜年中心,商务住宅;住宅区;住宅小区,中央北路河路道1号,118.780167,32.096762,江苏省,南京市,鼓楼区,
1680,华洋宿舍,商务住宅;住宅区;宿舍,河路道社区张王庙45-53号,118.779908,32.101757,江苏省,南京市,鼓楼区,
1681,郭家山二十九号大院,商务住宅;住宅区;住宅小区,郭家山29号,118.775792,32.098045,江苏省,南京市,鼓楼区,
1682,千禧苑小区,商务住宅;住宅区;住宅小区,中央北路53号,118.782806,32.099517,江苏省,南京市,鼓楼区,
1683,张王庙32号,商务住宅;住宅区;住宅区,孙家洼路与金碧路交叉口北100米,118.779162,32.102543,江苏省,南京市,鼓楼区,
1684,铁古庙小区,商务住宅;住宅区;住宅小区,幕府南路铁古庙,118.776909,32.096201,江苏省,南京市,鼓楼区,
1685,郭家山27号,商务住宅;住宅区;住宅区,郭家山路29-1号附近,118.774954,32.098875,江苏省,南京市,鼓楼区,
1686,电建中储·泛悦广场(建设中),商务住宅;住宅区;住宅小区,小市新村路附近,118.779149,32.095634,江苏省,南京市,鼓楼区,
1687,郭家山26号,商务住宅;住宅区;住宅区,孙家洼路与戎军路交叉口东南150米,118.774587,32.098745,江苏省,南京市,鼓楼区,
1688,汽轮六村,商务住宅;住宅区;住宅小区,中央北路87号,118.780963,32.102583,江苏省,南京市,鼓楼区,
1689,郭家山28号,商务住宅;住宅区;住宅区,孙家洼路与戎军路交叉口南150米,118.774443,32.098714,江苏省,南京市,鼓楼区,
1690,汽轮四村,商务住宅;住宅区;住宅小区,鼓楼中央北路汽轮四村,118.783508,32.098623,江苏省,南京市,鼓楼区,
1691,幕府南路208号小区,商务住宅;住宅区;住宅小区,幕府南路208号,118.775436,32.096492,江苏省,南京市,鼓楼区,
1692,中央北路小区,商务住宅;住宅区;住宅小区,中央北路112-6号,118.78184,32.10394,江苏省,南京市,鼓楼区,
1693,小市新村,商务住宅;住宅区;住宅小区,,118.782669,32.094483,江苏省,南京市,鼓楼区,
1694,亚健康科技大厦,商务住宅;楼宇;商务写字楼,中央北路与郭家山路交叉口西南150米,118.781886,32.100878,江苏省,南京市,鼓楼区,
1695,南京台兴科研培训综合大厦,商务住宅;楼宇;商务写字楼,中央北路73号,118.782615,32.100897,江苏省,南京市,鼓楼区,
1696,燕语华庭商务楼,商务住宅;楼宇;商住两用楼宇,和燕路5号,118.788427,32.095687,江苏省,南京市,鼓楼区,
1697,东门街小区(和燕路),商务住宅;住宅区;住宅小区,东门街140-148号,118.786426,32.096478,江苏省,南京市,鼓楼区,
1698,燕语华庭,商务住宅;住宅区;住宅小区,和燕路5号,118.788088,32.096396,江苏省,南京市,鼓楼区,
1699,和燕园,商务住宅;住宅区;住宅小区,和燕路180号,118.789317,32.096612,江苏省,南京市,鼓楼区,
1700,安怀村社区,商务住宅;住宅区;住宅小区,安怀村路附近,118.789984,32.096826,江苏省,南京市,鼓楼区,
1701,北城新天地,商务住宅;住宅区;住宅小区,和燕路25号北城新天地,118.789598,32.095569,江苏省,南京市,鼓楼区,
1702,汽轮七村小区,商务住宅;住宅区;住宅小区,北崮山路与安怀村路交叉口南150米,118.793305,32.101605,江苏省,南京市,鼓楼区,
1703,欣芝园,商务住宅;住宅区;住宅小区,中央北路8号,118.784198,32.095372,江苏省,南京市,鼓楼区,
1704,东门街138号小区,商务住宅;住宅区;住宅小区,东门街138号,118.786984,32.096591,江苏省,南京市,鼓楼区,
1705,汽轮贰邨,商务住宅;住宅区;住宅小区,中央北路44号,118.785087,32.098176,江苏省,南京市,鼓楼区,
1706,南京汽轮电机厂集体宿舍,商务住宅;住宅区;宿舍,安怀村250号,118.790382,32.098031,江苏省,南京市,鼓楼区,
1707,安怀村,地名地址信息;普通地名;村庄级地名|商务住宅;商务住宅相关;商务住宅相关,东门街与和燕路交叉口东北150米,118.790335,32.09712,江苏省,南京市,鼓楼区,
1708,安怀村455号小区,商务住宅;住宅区;住宅小区,安怀村455号,118.790849,32.103284,江苏省,南京市,鼓楼区,
1709,安怀村450号公寓区,商务住宅;住宅区;住宅小区,鼓楼安怀村450号小区,118.791237,32.10312,江苏省,南京市,鼓楼区,
1710,东井二村,商务住宅;住宅区;住宅小区,东井亭100号,118.799319,32.099375,江苏省,南京市,鼓楼区,
1711,紫霞公寓,商务住宅;住宅区;住宅小区,东井亭100号,118.800697,32.100208,江苏省,南京市,鼓楼区,
1712,燕庭公寓,商务住宅;住宅区;住宅小区,东井村3号,118.800175,32.097678,江苏省,南京市,鼓楼区,
1713,东井一村,商务住宅;住宅区;住宅区,迈皋桥东井-村(和燕路与黄家圩路交叉口向北150米),118.797424,32.097847,江苏省,南京市,鼓楼区,
1714,小市村,商务住宅;住宅区;住宅小区,和燕路与燕亭路交叉口西北150米,118.798937,32.097064,江苏省,南京市,鼓楼区,
1715,东井新村,商务住宅;住宅区;住宅小区,东井村3号,118.80132,32.098286,江苏省,南京市,鼓楼区,
1716,东井亭社区,商务住宅;住宅区;住宅小区|地名地址信息;普通地名;村庄级地名,和燕路168号,118.796797,32.097681,江苏省,南京市,鼓楼区,
1717,陶瓷厂宿舍,商务住宅;住宅区;宿舍,安怀村366-430号,118.796309,32.101041,江苏省,南京市,鼓楼区,
1718,东井村20号小区,商务住宅;住宅区;住宅小区,栖霞和燕路东井村20号,118.802373,32.099876,江苏省,南京市,鼓楼区,
1719,安怀新村,商务住宅;住宅区;住宅小区,鼓楼小市安怀新村,118.795379,32.099148,江苏省,南京市,鼓楼区,
1720,东井村3号小区,商务住宅;住宅区;住宅小区,和燕路东井村3号,118.80169,32.097806,江苏省,南京市,鼓楼区,
1721,复地新都国际,商务住宅;住宅区;住宅小区,安怀东路8号(东井村路与安怀东路),118.799007,32.10227,江苏省,南京市,鼓楼区,
1722,金宁新村小区,商务住宅;住宅区;住宅小区,栖霞迈皋桥金宁新村,118.802541,32.10093,江苏省,南京市,栖霞区,
1723,和燕路252号小高层住宅,商务住宅;住宅区;住宅区,和燕路252号,118.800631,32.095604,江苏省,南京市,栖霞区,
1724,南汽宿舍441号院,商务住宅;住宅区;住宅小区,安怀村,118.796521,32.102267,江苏省,南京市,鼓楼区,
1725,南昌大厦(安怀东路),商务住宅;楼宇;商务写字楼,和燕路东井村3号,118.803486,32.099471,江苏省,南京市,鼓楼区,
1726,红山山庄,商务住宅;住宅区;住宅小区,和燕路260号红山山庄,118.803177,32.097748,江苏省,南京市,栖霞区,
1727,金港大厦A座,商务住宅;楼宇;商务写字楼,和燕路251号,118.803749,32.099797,江苏省,南京市,栖霞区,
1728,恒基·金满庭,商务住宅;住宅区;住宅小区,安怀东路与和燕路交汇处,118.801707,32.102781,江苏省,南京市,栖霞区,
1729,东宁村,商务住宅;住宅区;住宅小区,和燕路,118.803705,32.100702,江苏省,南京市,栖霞区,
1730,恒基九珑天誉,商务住宅;住宅区;住宅小区,东井村40号,118.80162,32.10288,江苏省,南京市,栖霞区,
1731,线路新村社区,商务住宅;住宅区;住宅小区|地名地址信息;普通地名;村庄级地名,和燕路63号,118.794962,32.096464,江苏省,南京市,鼓楼区,
1732,黄家圩公寓,商务住宅;住宅区;住宅小区,黄家圩189-1,118.80198,32.094769,江苏省,南京市,玄武区,
1733,警苑小区(北崮山路),商务住宅;住宅区;住宅小区,迈皋桥街262-2号,118.803557,32.104034,江苏省,南京市,栖霞区,
1734,复地新都荟s8B,商务住宅;商务住宅相关;商务住宅相关,燕亭路2号6栋附近,118.798138,32.100091,江苏省,南京市,鼓楼区,
1735,东井村41号小区,商务住宅;住宅区;住宅小区,栖霞迈皋桥东井村41号,118.807543,32.100335,江苏省,南京市,栖霞区,
1736,高家村小区,商务住宅;住宅区;住宅区,栖霞迈皋桥高家村,118.810421,32.100445,江苏省,南京市,栖霞区,
1737,十字街70号小区(十字街),商务住宅;住宅区;住宅小区,十字街70号,118.80868,32.097365,江苏省,南京市,栖霞区,
1738,十字街71号小区,商务住宅;住宅区;住宅小区,十字街71号,118.807856,32.097589,江苏省,南京市,栖霞区,
1739,杰海新寓,商务住宅;住宅区;住宅区,十字街71号,118.808201,32.097349,江苏省,南京市,栖霞区,
1740,东井村44号小区,商务住宅;住宅区;住宅小区,栖霞迈皋桥东井村44号,118.808157,32.101164,江苏省,南京市,栖霞区,
1741,华电一宿舍,商务住宅;住宅区;宿舍,华西路与红山路交叉口东南150米,118.810554,32.097451,江苏省,南京市,栖霞区,
1742,东井村39号小区,商务住宅;住宅区;住宅小区|地名地址信息;门牌信息;楼栋号,和燕路东井村39-2号,118.806202,32.099641,江苏省,南京市,栖霞区,
1743,十字街70号(红山路),商务住宅;住宅区;住宅小区,十字街与红山路交叉口东北100米,118.809549,32.096861,江苏省,南京市,栖霞区,
1744,红山动物园职工宿舍,商务住宅;住宅区;宿舍,十字街2号1栋,118.807159,32.097171,江苏省,南京市,玄武区,
1745,十字街2号小区,商务住宅;住宅区;住宅小区,十字街2号,118.807419,32.096962,江苏省,南京市,玄武区,
1746,十字街110号小区,商务住宅;住宅区;住宅小区,十字街110号,118.812034,32.099151,江苏省,南京市,栖霞区,
1747,十字街3号小区,商务住宅;住宅区;住宅小区,十字街3号,118.808497,32.096454,江苏省,南京市,玄武区,
1748,雍璟府,商务住宅;住宅区;住宅小区,华西路南100米,118.811923,32.097719,江苏省,南京市,栖霞区,
1749,高家村42号,商务住宅;住宅区;住宅小区,高家村42-55号,118.810597,32.101945,江苏省,南京市,栖霞区,
1750,十字街1号小区,商务住宅;住宅区;住宅小区,十字街小区1栋,118.806808,32.096364,江苏省,南京市,玄武区,
1751,碧玉苑,商务住宅;住宅区;住宅小区,红山路161号,118.806983,32.095907,江苏省,南京市,玄武区,
1752,东井村48号院,商务住宅;住宅区;住宅小区,和燕路282号,118.805905,32.101879,江苏省,南京市,栖霞区,
1753,国贸小区,商务住宅;住宅区;住宅小区,迈皋桥国贸小区,118.807897,32.103271,江苏省,南京市,栖霞区,
1754,红山韵致居,商务住宅;住宅区;住宅小区,红山路192号,118.810247,32.094931,江苏省,南京市,玄武区,
1755,幸福家园(迈皋桥街),商务住宅;住宅区;住宅小区,栖霞迈皋桥老街99号,118.808367,32.103786,江苏省,南京市,栖霞区,
1756,东井村五十号小区,商务住宅;住宅区;住宅小区,栖霞迈皋桥东井村50号,118.806286,32.103271,江苏省,南京市,栖霞区,
1757,江南公寓,商务住宅;住宅区;住宅小区,红山路177号,118.808561,32.094402,江苏省,南京市,玄武区,
1758,御林山庄,商务住宅;住宅区;住宅小区,红山路159号,118.807017,32.09451,江苏省,南京市,玄武区,
1759,华电新村,商务住宅;住宅区;住宅小区,华电路1号,118.811396,32.103742,江苏省,南京市,栖霞区,
1760,迈皋桥街258号小区,商务住宅;住宅区;住宅小区,栖霞迈皋桥街258号,118.805466,32.104038,江苏省,南京市,栖霞区,
1761,中电·颐和家园,商务住宅;住宅区;住宅小区,南京华电路1号(华电集团大门内),118.813645,32.094763,江苏省,南京市,玄武区,
1762,百通公寓,商务住宅;楼宇;商住两用楼宇,富家村43,118.809368,32.101208,江苏省,南京市,栖霞区,
1763,金港大厦,商务住宅;楼宇;商务写字楼,和燕路251号,118.804366,32.100244,江苏省,南京市,栖霞区,
1764,白领公寓,商务住宅;商务住宅相关;商务住宅相关,栖霞地铁一号线迈皋桥站出口南面,118.809491,32.102357,江苏省,南京市,栖霞区,
1765,中电颐和府邸,商务住宅;楼宇;商住两用楼宇|商务住宅;住宅区;住宅区,华飞路1号(华飞路与恒嘉路交汇处),118.813458,32.100379,江苏省,南京市,栖霞区,
1766,颐和家园西区,商务住宅;住宅区;住宅区,言和路西50米,118.81296,32.098026,江苏省,南京市,栖霞区,
1767,北苑小区(北苑西路),商务住宅;住宅区;住宅小区,北苑西路7号,118.820093,32.10007,江苏省,南京市,玄武区,
1768,中海玄武公馆(建设中),商务住宅;住宅区;住宅小区,恒嘉路与华飞路交汇处,118.819077,32.097438,江苏省,南京市,玄武区,
1769,颐和家园·睿域,商务住宅;住宅区;住宅小区,华电路85号,118.817185,32.098062,江苏省,南京市,栖霞区,
1770,北苑小区(华飞路),商务住宅;住宅区;住宅小区,华飞路8号,118.82076,32.100454,江苏省,南京市,玄武区,
1771,三星小区,商务住宅;住宅区;住宅小区,华飞路8号,118.821342,32.100907,江苏省,南京市,玄武区,
1772,中海玄武公馆,商务住宅;住宅区;住宅小区,恒嘉路与腾子路交叉口东北100米,118.818574,32.096159,江苏省,南京市,玄武区,
1773,北苑之星,商务住宅;住宅区;住宅小区,华飞路8号,118.822437,32.100961,江苏省,南京市,玄武区,
1774,北苑一村,商务住宅;住宅区;住宅小区,北苑西路与网板路交汇处东南,118.820401,32.102446,江苏省,南京市,玄武区,
1775,中电·颐和家园北区,商务住宅;住宅区;住宅小区,华电路99号,118.815062,32.101102,江苏省,南京市,栖霞区,
1776,颐和家园·尚璟,商务住宅;住宅区;住宅小区,迈皋桥,118.814627,32.098239,江苏省,南京市,栖霞区,
1777,华电宿舍一至三宿舍,商务住宅;住宅区;宿舍,网板路,118.816887,32.102603,江苏省,南京市,栖霞区,
1778,颐和府邸,商务住宅;住宅区;住宅小区,华电路1号,118.814191,32.099116,江苏省,南京市,栖霞区,
1779,华电三宿舍,商务住宅;住宅区;宿舍|商务住宅;住宅区;住宅小区,栖霞迈皋桥华电路1号,118.817015,32.103087,江苏省,南京市,栖霞区,
1780,颐和家园·尚玄,商务住宅;住宅区;住宅小区,恒嘉路77号,118.81619,32.095115,江苏省,南京市,玄武区,
1781,北苑三村网板宿舍,商务住宅;住宅区;宿舍,红山街道网板路,118.822369,32.102938,江苏省,南京市,玄武区,
1782,北苑新村,商务住宅;住宅区;住宅小区,玄武迈皋桥北苑新村,118.822064,32.103277,江苏省,南京市,玄武区,
1783,长营村101号小区,商务住宅;住宅区;住宅小区,栖霞长营村101号,118.814866,32.103379,江苏省,南京市,栖霞区,
1784,中电熊猫晶体公寓,商务住宅;住宅区;住宅小区,华电路长营村100号,118.814086,32.10316,江苏省,南京市,栖霞区,
1785,电工照明大楼,商务住宅;楼宇;商务写字楼,华电东路与华电西路交叉口东50米,118.814525,32.10265,江苏省,南京市,栖霞区,
1786,中国颐和家园售楼中心,商务住宅;商务住宅相关;商务住宅相关,华电东路与华电西路交叉口南50米,118.814209,32.102555,江苏省,南京市,栖霞区,
1787,月苑小区,商务住宅;住宅区;住宅小区,营苑南路3号,118.828113,32.100491,江苏省,南京市,玄武区,
1788,沙宣造型(月苑南路店),商务住宅;住宅区;住宅小区,月苑南路3号,118.830815,32.098232,江苏省,南京市,玄武区,
1789,南京路都,商务住宅;商务住宅相关;商务住宅相关,营苑西村7栋306室,118.8274,32.101687,江苏省,南京市,玄武区,
1790,紫萝苑,商务住宅;住宅区;住宅小区,营苑南路2号,118.831976,32.100509,江苏省,南京市,玄武区,
1791,北城新风,商务住宅;住宅区;住宅小区,墨香路与月苑南路交叉口西北150米,118.83226,32.099948,江苏省,南京市,玄武区,
1792,营苑西村(营苑南路),商务住宅;住宅区;住宅小区,营苑南路108号附近,118.827518,32.102623,江苏省,南京市,玄武区,
1793,恒大翡翠华庭,商务住宅;住宅区;住宅小区,华飞路1号,118.825159,32.101006,江苏省,南京市,玄武区,
1794,营苑新寓,商务住宅;住宅区;住宅小区,营苑南路营苑新寓,118.83033,32.103259,江苏省,南京市,玄武区,
1795,雯锦雅苑,商务住宅;住宅区;住宅小区,营苑南路1号,118.832943,32.10205,江苏省,南京市,玄武区,
1796,恒大翡翠华庭园区,商务住宅;商务住宅相关;商务住宅相关,网板路8号,118.825405,32.103219,江苏省,南京市,玄武区,
1797,墨香山庄(西门),商务住宅;商务住宅相关;商务住宅相关,墨香路30号,118.83382,32.100835,江苏省,南京市,玄武区,
1798,营苑西村北区,商务住宅;住宅区;住宅小区,北苑东路与营苑北路交叉口东北100米,118.827162,32.104083,江苏省,南京市,栖霞区,
1799,何家村8号小区,商务住宅;住宅区;住宅小区,栖霞网板路8号,118.825934,32.103827,江苏省,南京市,栖霞区,
1800,营苑东村,商务住宅;住宅区;住宅小区,营苑南路,118.832483,32.103771,江苏省,南京市,玄武区,
1801,瑜憬湾,商务住宅;住宅区;住宅小区,迈皋桥街道网板路8号,118.825153,32.103662,江苏省,南京市,栖霞区,
1802,网板路2号宿舍,商务住宅;住宅区;宿舍,玄武网板路2号,118.825912,32.104096,江苏省,南京市,栖霞区,
1803,星叶瑜憬湾,商务住宅;住宅区;住宅小区,北苑东路与营苑北路交叉口西150米,118.825206,32.103966,江苏省,南京市,栖霞区,
1804,景虹园,商务住宅;住宅区;住宅小区,迈皋桥网板路10号,118.824233,32.103799,江苏省,南京市,栖霞区,
1805,尚贤苑,商务住宅;住宅区;住宅小区,兴贤路与汇贤路交叉口东150米,118.838781,32.101629,江苏省,南京市,栖霞区,
1806,墨香山庄,商务住宅;住宅区;住宅小区,墨香路30号,118.83542,32.100414,江苏省,南京市,玄武区,
1807,兴卫二队44号,商务住宅;商务住宅相关;商务住宅相关,,118.842034,32.101235,江苏省,南京市,栖霞区,
1808,兴卫三队40号,商务住宅;商务住宅相关;商务住宅相关,兴都花园路南150米,118.841867,32.101716,江苏省,南京市,栖霞区,
1809,兴贤佳园1期,商务住宅;住宅区;住宅小区,兴贤路8号,118.84072,32.102489,江苏省,南京市,栖霞区,
1810,兴卫二队43号,商务住宅;商务住宅相关;商务住宅相关,兴都花园路南200米,118.842133,32.101614,江苏省,南京市,栖霞区,
1811,兴卫二队42号,商务住宅;商务住宅相关;商务住宅相关,兴都花园路东200米,118.842243,32.101514,江苏省,南京市,栖霞区,
1812,兴卫二队41号,商务住宅;商务住宅相关;商务住宅相关,兴都花园路东200米,118.842323,32.101783,江苏省,南京市,栖霞区,
1813,兴卫二队39号,商务住宅;商务住宅相关;商务住宅相关,兴都花园路东200米,118.842455,32.101679,江苏省,南京市,栖霞区,
1814,紫金墨香苑,商务住宅;住宅区;住宅小区,月香路6号,118.834719,32.09749,江苏省,南京市,玄武区,
1815,兴卫二队36号,商务住宅;商务住宅相关;商务住宅相关,兴都花园路东200米,118.842709,32.101689,江苏省,南京市,栖霞区,
1816,兴卫二队38号,商务住宅;商务住宅相关;商务住宅相关,兴都花园路东200米,118.84255,32.101981,江苏省,南京市,栖霞区,
1817,兴卫二队31号,商务住宅;商务住宅相关;商务住宅相关,兴都花园路东200米,118.842858,32.101875,江苏省,南京市,栖霞区,
1818,兴贤家园,商务住宅;住宅区;住宅区,迈皋桥街道兴卫村,118.84119,32.10303,江苏省,南京市,栖霞区,
1819,兴卫二队30号,商务住宅;商务住宅相关;商务住宅相关,兴都花园路东200米,118.842898,32.102335,江苏省,南京市,栖霞区,
1820,兴卫二队27号,商务住宅;商务住宅相关;商务住宅相关,兴兴路南200米,118.843139,32.102174,江苏省,南京市,栖霞区,
1821,修贤苑,商务住宅;住宅区;住宅小区,兴贤路6号,118.835993,32.1032,江苏省,南京市,玄武区,
1822,兴都花园(西苑南区),商务住宅;住宅区;住宅小区,兴卫村89号,118.842472,32.103328,江苏省,南京市,栖霞区,
1823,兴卫二队22号,商务住宅;商务住宅相关;商务住宅相关,兴兴路与兴都花园路交叉口南200米,118.843476,32.102897,江苏省,南京市,栖霞区,
1824,兴都花园(西苑北区),商务住宅;住宅区;住宅小区,兴卫村89号,118.841886,32.104203,江苏省,南京市,栖霞区,
1825,兴卫二队1号,商务住宅;商务住宅相关;商务住宅相关,兴兴路20号附近,118.843934,32.102893,江苏省,南京市,栖霞区,
1826,兴都花园88号,商务住宅;住宅区;住宅区,迈皋桥,118.84378,32.104156,江苏省,南京市,栖霞区,
1827,兴都花园89号,商务住宅;住宅区;住宅区,兴卫村,118.842164,32.104155,江苏省,南京市,栖霞区,
1828,兴卫二队18号,商务住宅;商务住宅相关;商务住宅相关,兴兴路东50米,118.844762,32.10392,江苏省,南京市,栖霞区,
1829,阳光聚宝山庄(太龙路),商务住宅;住宅区;住宅小区,玄武大道88号,118.86133,32.095112,江苏省,南京市,玄武区,
1830,海棠,商务住宅;住宅区;住宅小区,阳光聚宝山庄,118.86237,32.094479,江苏省,南京市,玄武区,
1831,苏宁环球钟山朝阳府,商务住宅;住宅区;住宅小区,太龙路附近,118.857897,32.096783,江苏省,南京市,玄武区,
1832,苏宁钟山朝阳府,商务住宅;住宅区;住宅小区,玄武大道与太龙路交叉口,118.858015,32.095943,江苏省,南京市,玄武区,
1833,百合街区,商务住宅;住宅区;住宅小区,阳光聚宝山庄,118.862983,32.095355,江苏省,南京市,玄武区,
1834,杜英百合,商务住宅;住宅区;住宅小区,阳光聚宝山庄,118.861081,32.096313,江苏省,南京市,玄武区,
1835,阳光聚宝山庄(西门),商务住宅;商务住宅相关;商务住宅相关,太龙路东100米附近,118.860507,32.095221,江苏省,南京市,玄武区,
1836,阳光聚宝山庄-杜英街区,商务住宅;住宅区;住宅区,阳光聚宝山庄,118.861622,32.096071,江苏省,南京市,玄武区,
1837,红豆,商务住宅;住宅区;住宅小区,阳光聚宝山庄,118.864977,32.094913,江苏省,南京市,玄武区,
1838,阳光聚宝山庄臻园,商务住宅;住宅区;住宅小区,玄武大道88号(玄武大道与环陵路交汇处),118.868764,32.096692,江苏省,南京市,玄武区,
1839,美林墅,商务住宅;住宅区;别墅,玄武大道88号阳光聚宝山庄二期,118.867082,32.096095,江苏省,南京市,玄武区,
1840,臻园西区,商务住宅;住宅区;住宅小区,玄武大道90号,118.86868,32.094905,江苏省,南京市,玄武区,
1841,海子口129号,商务住宅;住宅区;住宅区,仙尧路与尧马路交叉口东南150米,118.882933,32.103754,江苏省,南京市,栖霞区,
1842,东杨坊128号,商务住宅;住宅区;住宅区,玄武大道108号附近,118.881202,32.096988,江苏省,南京市,玄武区,
1843,东杨坊100号,商务住宅;住宅区;住宅区,玄武大道南150米,118.880145,32.094793,江苏省,南京市,玄武区,
1844,东杨坊130号,商务住宅;住宅区;住宅区,玄武大道辅路北150米,118.881144,32.097666,江苏省,南京市,玄武区,
1845,东杨坊103号,商务住宅;住宅区;住宅区,玄武大道辅路北150米,118.881771,32.097778,江苏省,南京市,玄武区,
1846,徐庄行政楼,商务住宅;楼宇;商务写字楼,玄武大道699-1号,118.88453,32.096209,江苏省,南京市,玄武区,
1847,三味,商务住宅;住宅区;住宅小区,仙隐北路2号,118.893886,32.100774,江苏省,南京市,栖霞区,
1848,徐庄软件产业基地大厦,商务住宅;楼宇;商务写字楼,玄武大道699号,118.88425,32.096261,江苏省,南京市,玄武区,
1849,苏宁紫金嘉悦(建设中),商务住宅;住宅区;住宅小区,徐庄软件园内(玄武紫金科创特别社区斜对面),118.886356,32.096411,江苏省,南京市,玄武区,
1850,西码头一队100号,商务住宅;住宅区;住宅区,尧马路附近,118.887151,32.101905,江苏省,南京市,栖霞区,
1851,南京师范大学仙林校区教工住宅楼,商务住宅;住宅区;宿舍,中大路与五号路交叉口西北150米,118.902056,32.100819,江苏省,南京市,栖霞区,
1852,南京师范大学茶苑,商务住宅;住宅区;住宅小区,鹤鸣路东150米,118.89981,32.10027,江苏省,南京市,栖霞区,
1853,雁鸣山庄,商务住宅;住宅区;住宅小区,仙隐北路8号,118.899354,32.097103,江苏省,南京市,栖霞区,
1854,金陵家天下,商务住宅;住宅区;住宅小区,仙隐北路6号(公交车站),118.895474,32.096802,江苏省,南京市,栖霞区,
1855,沁兰雅筑,商务住宅;住宅区;住宅小区,仙隐北路15号,118.901429,32.098764,江苏省,南京市,栖霞区,
1856,仙鹤山庄西区,商务住宅;住宅区;住宅小区,仙隐北路4号,118.894939,32.098891,江苏省,南京市,栖霞区,
1857,香溪月园西区,商务住宅;住宅区;住宅小区,燕西线,118.899593,32.095463,江苏省,南京市,栖霞区,
1858,亚东花园城半山苑,商务住宅;住宅区;住宅区,文苑路(公交车站),118.903629,32.095959,江苏省,南京市,栖霞区,
1859,亚东时代公寓,商务住宅;商务住宅相关;商务住宅相关,仙隐北路2号,118.89423,32.100595,江苏省,南京市,栖霞区,
1860,仙鹤山庄北区,商务住宅;住宅区;住宅区,仙隐北路3号,118.896477,32.099874,江苏省,南京市,栖霞区,
1861,仙鹤山庄别墅区,商务住宅;住宅区;住宅区,仙隐北路3号,118.896174,32.099729,江苏省,南京市,栖霞区,
1862,金陵家天下(东门),商务住宅;商务住宅相关;商务住宅相关,听泉路南50米,118.899945,32.095563,江苏省,南京市,栖霞区,
1863,汇金园,商务住宅;商务住宅相关;商务住宅相关,仙隐北路6号,118.895704,32.096568,江苏省,南京市,栖霞区,
1864,香榭园,商务住宅;商务住宅相关;商务住宅相关,南京仙林大学城南京仙林大学城仙隐北路6号家天下,118.895704,32.096568,江苏省,南京市,栖霞区,
1865,依山苑,商务住宅;商务住宅相关;商务住宅相关,仙隐北路3号,118.896167,32.099727,江苏省,南京市,栖霞区,
1866,仙鹤山庄-北区(西南门),商务住宅;商务住宅相关;商务住宅相关,仙隐北路3号,118.895985,32.099313,江苏省,南京市,栖霞区,
1867,南京师范大学仙林校区博士生公寓,商务住宅;住宅区;宿舍,中大路与五号路交叉口西北150米,118.902082,32.100785,江苏省,南京市,栖霞区,
1868,南京师范大学仙林校区西苑12幢,商务住宅;住宅区;宿舍,南师大西苑12栋,118.908324,32.101159,江苏省,南京市,栖霞区,
1869,康桥圣菲商铺,商务住宅;住宅区;住宅小区,仙林大学城文苑路,118.906757,32.098171,江苏省,南京市,栖霞区,
1870,南京师范大学仙林校区西苑14幢,商务住宅;住宅区;宿舍,厚生路与金大路交叉口东北150米,118.907125,32.100698,江苏省,南京市,栖霞区,
1871,南京师大仙林校区西苑,商务住宅;住宅区;宿舍,文苑路1号,118.907865,32.101182,江苏省,南京市,栖霞区,
1872,十街区(东城汇),商务住宅;商务住宅相关;商务住宅相关,文苑路8号B1层,118.909132,32.097016,江苏省,南京市,栖霞区,
1873,人才公寓,商务住宅;商务住宅相关;商务住宅相关,天佑路(摄山星城附近),118.90959,32.09705,江苏省,南京市,栖霞区,
1874,南京师大仙林校区南区学生公寓,商务住宅;住宅区;宿舍,文苑路1号,118.911541,32.098808,江苏省,南京市,栖霞区,
1875,南京师范大学仙林校区西苑11幢,商务住宅;住宅区;宿舍,文苑路1号,118.908108,32.101641,江苏省,南京市,栖霞区,
1876,咏梅山庄,商务住宅;住宅区;住宅小区,文苑路2号,118.906627,32.095963,江苏省,南京市,栖霞区,
1877,仙林新村,商务住宅;住宅区;住宅区,仙林大学城(地铁口),118.911989,32.096103,江苏省,南京市,栖霞区,
1878,倚竹园,商务住宅;住宅区;住宅区,文苑路,118.905096,32.096305,江苏省,南京市,栖霞区,
1879,东城汇(2号门),商务住宅;商务住宅相关;商务住宅相关,文苑路8号,118.908446,32.097736,江苏省,南京市,栖霞区,
1880,东城汇(3号门),商务住宅;商务住宅相关;商务住宅相关,文苑路8号,118.90802,32.097152,江苏省,南京市,栖霞区,
1881,仙林新村南区,商务住宅;住宅区;住宅小区,文枢东路2号,118.912392,32.095353,江苏省,南京市,栖霞区,
1882,亚东花园城听泉山庄,商务住宅;住宅区;住宅小区,仙隐北路10号,118.904213,32.094525,江苏省,南京市,栖霞区,
1883,康桥圣菲,商务住宅;住宅区;住宅小区,文范路9号,118.913512,32.09434,江苏省,南京市,栖霞区,
1884,赛世香樟园,商务住宅;住宅区;住宅小区,选择地区南京仙林大学城杉湖西路9号(南财大对面),118.920013,32.100307,江苏省,南京市,栖霞区,
1885,东方天郡,商务住宅;住宅区;住宅小区,仙林大学城杉湖西路8号,118.92141,32.098291,江苏省,南京市,栖霞区,
1886,南京财经大学仙林校区西苑学舍01,商务住宅;住宅区;宿舍,文澜路东150米,118.917202,32.103521,江苏省,南京市,栖霞区,
1887,南京财经大学仙林校区教工宿舍01,商务住宅;住宅区;宿舍,三江路与笃学路交叉口东南200米,118.916654,32.103348,江苏省,南京市,栖霞区,
1888,南京财经大学仙林校区西苑学舍03,商务住宅;住宅区;宿舍,文澜路东150米,118.917032,32.103714,江苏省,南京市,栖霞区,
1889,南京财经大学仙林校区教工宿舍02,商务住宅;住宅区;宿舍,三江路与笃学路交叉口东150米,118.916514,32.103594,江苏省,南京市,栖霞区,
1890,南京财经大学仙林校区-西苑学舍02,商务住宅;住宅区;宿舍,文澜路东200米,118.917513,32.103912,江苏省,南京市,栖霞区,
1891,南京财经大学仙林校区西苑学舍06,商务住宅;住宅区;宿舍,敏行路与文澜路交叉口东南200米,118.916829,32.103947,江苏省,南京市,栖霞区,
1892,南京财经大学仙林校区教工宿舍03,商务住宅;住宅区;宿舍,三江路与笃学路交叉口东150米,118.916333,32.103856,江苏省,南京市,栖霞区,
1893,南京财经大学仙林校区-西苑学舍05,商务住宅;住宅区;宿舍,文澜路东200米,118.9173,32.104175,江苏省,南京市,栖霞区,
1894,南京市栖霞区昊昊鲜花园艺店,商务住宅;商务住宅相关;商务住宅相关,仙林街道文苑路108号仙林大学城大成名店一楼东大厅(小吃旁),118.921903,32.101732,江苏省,南京市,栖霞区,
1895,康桥圣菲(东门),商务住宅;商务住宅相关;商务住宅相关,文苑路9号,118.91477,32.095511,江苏省,南京市,栖霞区,
1896,创客公寓南京,商务住宅;住宅区;住宅区,康桥圣菲6幢四楼,118.914874,32.095037,江苏省,南京市,栖霞区,
1897,南京财经大学仙林校区教工宿舍04,商务住宅;住宅区;宿舍,三江路与笃学路交叉口东150米,118.916197,32.10413,江苏省,南京市,栖霞区,
1898,爱尚街区(西门),商务住宅;商务住宅相关;商务住宅相关,文苑路9号,118.914868,32.094765,江苏省,南京市,栖霞区,
1899,中建大厦(文澜路),商务住宅;楼宇;商务写字楼,仙林街道,118.921362,32.096429,江苏省,南京市,栖霞区,
1900,高科G14地块,商务住宅;楼宇;商务写字楼,学津路与文范路交叉口南100米,118.923438,32.096917,江苏省,南京市,栖霞区,
1901,高科中心,商务住宅;楼宇;商务写字楼,学津路与文范路交叉口西南100米,118.923028,32.09704,江苏省,南京市,栖霞区,
1902,仙林商务办公中心,商务住宅;楼宇;商务写字楼,文苑路118号,118.929149,32.103857,江苏省,南京市,栖霞区,
1903,教学楼A(东门),商务住宅;商务住宅相关;商务住宅相关,文范路3号,118.92588,32.1041,江苏省,南京市,栖霞区,
1904,南京沧溪汇杰文庭2期,商务住宅;住宅区;住宅小区,仙林街道仙林大道128号,118.93362,32.096938,江苏省,南京市,栖霞区,
1905,万山庭院(北门),商务住宅;商务住宅相关;商务住宅相关,仙林大道与学典路交叉口西南150米,118.933364,32.099043,江苏省,南京市,栖霞区,
1906,万山庭院(西门),商务住宅;商务住宅相关;商务住宅相关,学子路与风华路交叉口北150米,118.931687,32.096723,江苏省,南京市,栖霞区,
1907,汇杰文庭,商务住宅;住宅区;住宅小区,仙林大道128号(仙林大学城仙林大道与学子路交界处),118.933183,32.097035,江苏省,南京市,栖霞区,
1908,仙林国际,商务住宅;楼宇;商务写字楼,文苑路南100米,118.929396,32.104061,江苏省,南京市,栖霞区,
1909,万山庭院,商务住宅;住宅区;住宅小区,仙林大道128号(南外中学部西侧),118.93504,32.097842,江苏省,南京市,栖霞区,
1910,栖园南区,商务住宅;住宅区;住宅小区,杉湖东路东100米,118.935761,32.102732,江苏省,南京市,栖霞区,
1911,南京中医药大学-研究生宿舍,商务住宅;住宅区;宿舍,仙林大道138号南京中医药大学,118.943587,32.097696,江苏省,南京市,栖霞区,
1912,南京中医药大学-学生宿舍一号站,商务住宅;住宅区;宿舍,仙林大道138号南京中医药大学,118.943782,32.099707,江苏省,南京市,栖霞区,
1913,南京中医药大学东苑,商务住宅;住宅区;宿舍,仙林大道138号南京中医药大学,118.952533,32.102277,江苏省,南京市,栖霞区,
1914,南京中医药大学-学生宿舍五号站,商务住宅;住宅区;宿舍,仙林大道138号南京中医药大学,118.950453,32.102056,江苏省,南京市,栖霞区,
1915,南京中医药大学-学生宿舍八号站,商务住宅;住宅区;宿舍,仙林大道138号南京中医药大学,118.950194,32.101415,江苏省,南京市,栖霞区,
1916,南京中医药大学-学生宿舍四号站,商务住宅;住宅区;宿舍,仙林大道138号南京中医药大学,118.948641,32.102354,江苏省,南京市,栖霞区,
1917,南京中医药大学-学生宿舍六号站,商务住宅;住宅区;宿舍,仙林大道138号,118.95108,32.103513,江苏省,南京市,栖霞区,
1918,南京中医药大学-学生宿舍七号站,商务住宅;住宅区;宿舍,仙林大道138号南京中医药大学,118.951596,32.10215,江苏省,南京市,栖霞区,
1919,南京中医药大学-学生宿舍二号站,商务住宅;住宅区;宿舍,仙林大道138号南京中医药大学,118.945198,32.100304,江苏省,南京市,栖霞区,
1920,南京中医药大学-学生宿舍三号站,商务住宅;住宅区;宿舍,仙林大道138号南京中医药大学,118.946385,32.100484,江苏省,南京市,栖霞区,
1921,南大和园D区,商务住宅;住宅区;住宅小区,九乡河东路东150米,118.959055,32.102734,江苏省,南京市,栖霞区,
1922,南大和园F区,商务住宅;住宅区;住宅小区,仙林大道南大和园,118.962199,32.10294,江苏省,南京市,栖霞区,
1923,自然天城,商务住宅;住宅区;住宅小区,江浦街道沿山东路188号,118.630431,32.093393,江苏省,南京市,浦口区,
1924,国信自然天城(东2门),商务住宅;商务住宅相关;商务住宅相关,沿山大道188号,118.630431,32.093393,江苏省,南京市,浦口区,
1925,工业大学青年教师公共租赁住房,商务住宅;商务住宅相关;商务住宅相关,,118.633337,32.088732,江苏省,南京市,浦口区,
1926,亚青村,商务住宅;住宅区;宿舍,浦口大道100号,118.632938,32.086734,江苏省,南京市,浦口区,
1927,飞龙山庄,商务住宅;住宅区;住宅小区,七里路飞龙山庄附近,118.642763,32.088146,江苏省,南京市,浦口区,
1928,通宇林景熙园,商务住宅;住宅区;住宅小区,七里路与沿山大道交汇处,118.643473,32.091504,江苏省,南京市,浦口区,
1929,南京工业大学江浦校区-檀香苑,商务住宅;住宅区;住宅区,浦珠南路30号(近南京工业大学),118.636172,32.08687,江苏省,南京市,浦口区,
1930,涌泉山庄,商务住宅;住宅区;宿舍,江浦街道浦珠南路30号,118.642176,32.086292,江苏省,南京市,浦口区,
1931,象山苑学生公寓,商务住宅;住宅区;宿舍,南京工业大学江浦校区,118.635531,32.086488,江苏省,南京市,浦口区,
1932,檀香苑学生公寓,商务住宅;住宅区;宿舍,,118.636354,32.087009,江苏省,南京市,浦口区,
1933,学府苑,商务住宅;住宅区;宿舍,七里路,118.641481,32.089468,江苏省,南京市,浦口区,
1934,国信自然天城(东1门),商务住宅;商务住宅相关;商务住宅相关,沿山大道与202县道交叉口西北50米,118.634727,32.092043,江苏省,南京市,浦口区,
1935,象山苑学生公寓4幢,商务住宅;住宅区;宿舍,,118.634772,32.086615,江苏省,南京市,浦口区,
1936,象山苑学生公寓14幢,商务住宅;住宅区;宿舍,,118.63463,32.087938,江苏省,南京市,浦口区,
1937,象山苑学生公寓10幢,商务住宅;住宅区;宿舍,,118.635432,32.087349,江苏省,南京市,浦口区,
1938,象山苑学生公寓9幢,商务住宅;住宅区;宿舍,亚青路,118.634475,32.086983,江苏省,南京市,浦口区,
1939,象山苑学生公寓1幢,商务住宅;住宅区;宿舍,浦口大道,118.635376,32.086383,江苏省,南京市,浦口区,
1940,金地浅山艺境,商务住宅;住宅区;住宅小区,顶山街道七里桥北路1号,118.652979,32.090577,江苏省,南京市,浦口区,
1941,林景熙园1期,商务住宅;住宅区;住宅小区,七里路东150米,118.644751,32.08825,江苏省,南京市,浦口区,
1942,明发悦庭(建设中),商务住宅;住宅区;住宅小区,七里路中庄东北侧,118.647908,32.085963,江苏省,南京市,浦口区,
1943,香漫山,商务住宅;住宅区;住宅小区,七里路东150米,118.645485,32.085581,江苏省,南京市,浦口区,
1944,江苏警官学院学生公寓D座,商务住宅;住宅区;宿舍,蒲马路西150米,118.660532,32.094014,江苏省,南京市,浦口区,
1945,江苏警官学院青年教师公寓,商务住宅;住宅区;宿舍,蒲马路西150米,118.660723,32.093984,江苏省,南京市,浦口区,
1946,石佛寺农场家属区,商务住宅;住宅区;住宅小区,西经二路东100米,118.673445,32.091106,江苏省,南京市,浦口区,
1947,石佛寺驾校学生公寓,商务住宅;住宅区;宿舍,浦珠中路359号,118.673568,32.090053,江苏省,南京市,浦口区,
1948,北岸新城,商务住宅;住宅区;住宅区,胜利圩滨江地块(金浦海德卫城对岸),118.691048,32.088223,江苏省,南京市,浦口区,
1949,华润国际社区,商务住宅;住宅区;住宅小区,广西埂大街100号,118.684573,32.08951,江苏省,南京市,浦口区,
1950,顺河里18号,商务住宅;商务住宅相关;商务住宅相关,浦新路30号附近,118.710969,32.087061,江苏省,南京市,浦口区,
1951,顺河里16号,商务住宅;商务住宅相关;商务住宅相关,浦新路30号附近,118.710694,32.08691,江苏省,南京市,浦口区,
1952,顺河里17号,商务住宅;商务住宅相关;商务住宅相关,浦新路30号附近,118.710831,32.086986,江苏省,南京市,浦口区,
1953,顺河里40号,商务住宅;商务住宅相关;商务住宅相关,浦新路33-31号附近,118.71266,32.08871,江苏省,南京市,浦口区,
1954,顺河里19号,商务住宅;商务住宅相关;商务住宅相关,浦新路30号附近,118.711106,32.087137,江苏省,南京市,浦口区,
1955,下关大厦,商务住宅;楼宇;商务写字楼,中山北路540号,118.739675,32.088397,江苏省,南京市,鼓楼区,
1956,南京市鼓楼区政府办公楼A座,商务住宅;楼宇;商务写字楼,中山北路540号,118.739564,32.088271,江苏省,南京市,鼓楼区,
1957,下关江边路以西1号地,商务住宅;商务住宅相关;商务住宅相关,"江边路以西1号地(东至热河路,西至江边路,南至中山北路)",118.736761,32.088513,江苏省,南京市,鼓楼区,
1958,中山北路603号小区,商务住宅;住宅区;住宅小区,中山北路603号,118.738372,32.087048,江苏省,南京市,鼓楼区,
1959,恒大滨江,商务住宅;住宅区;住宅小区,江边路和中山北路交叉口,118.737072,32.087603,江苏省,南京市,鼓楼区,
1960,中山北路607号院,商务住宅;住宅区;住宅区,中山北路607号,118.737657,32.087138,江苏省,南京市,鼓楼区,
1961,龙湖·春江紫宸紫悦府,商务住宅;住宅区;住宅小区,建宁路357号附近,118.738475,32.091923,江苏省,南京市,鼓楼区,
1962,张家圩小区,商务住宅;住宅区;住宅小区,中山北路605-607号,118.73755,32.086623,江苏省,南京市,鼓楼区,
1963,惠纺园大厦,商务住宅;楼宇;商住两用楼宇,中山北路591号-593号,118.740653,32.086693,江苏省,南京市,鼓楼区,
1964,百合华府,商务住宅;住宅区;住宅小区,中山北路611号、609号,118.736546,32.087019,江苏省,南京市,鼓楼区,
1965,龙湖·金街1899,商务住宅;楼宇;楼宇相关,建宁路365-1号,118.737219,32.091998,江苏省,南京市,鼓楼区,
1966,边城V时代广场,商务住宅;住宅区;住宅区,热河路与中山北路交汇处(渡江胜利纪念碑旁),118.741601,32.086446,江苏省,南京市,鼓楼区,
1967,惠纺园小区,商务住宅;住宅区;住宅小区,中山北路591,118.740493,32.085878,江苏省,南京市,鼓楼区,
1968,杨家花园15号,商务住宅;住宅区;住宅区,热河路88号附近,118.743087,32.089946,江苏省,南京市,鼓楼区,
1969,杨家花园19号,商务住宅;住宅区;住宅区,热河路88号附近,118.743174,32.089919,江苏省,南京市,鼓楼区,
1970,龙湖·春江紫宸,商务住宅;住宅区;住宅小区,建宁路与江边路交汇处,118.735918,32.092001,江苏省,南京市,鼓楼区,
1971,阅江广场,商务住宅;楼宇;商住两用楼宇,热河路50号(近渡江纪念碑),118.743397,32.088622,江苏省,南京市,鼓楼区,
1972,证大大拇指广场,商务住宅;楼宇;商住两用楼宇,建宁路与热河路交汇处(大观天地MALL西侧),118.741474,32.092467,江苏省,南京市,鼓楼区,
1973,大唐南京发电厂生产科研及调度指挥综合楼,商务住宅;楼宇;商务写字楼,唐山路15号附近,118.735054,32.086944,江苏省,南京市,鼓楼区,
1974,南京西乘务员公寓,商务住宅;住宅区;住宅小区,大马路58号,118.740183,32.093451,江苏省,南京市,鼓楼区,
1975,江苏省航运大楼创业园,商务住宅;楼宇;商务写字楼,中山北路509-3号,118.74333,32.086617,江苏省,南京市,鼓楼区,
1976,江苏省航运大楼管委会,商务住宅;楼宇;楼宇相关,中山北路507江苏省航运大楼创业园8层,118.743332,32.086612,江苏省,南京市,鼓楼区,
1977,中国边城,商务住宅;住宅区;别墅,热河南路2-3号,118.741965,32.085333,江苏省,南京市,鼓楼区,
1978,南京复兴大厦,商务住宅;楼宇;商务写字楼,热河南路9号附近,118.74204,32.085294,江苏省,南京市,鼓楼区,
1979,长江峰景,商务住宅;住宅区;住宅小区,中山北路699号(近中山码头),118.733941,32.086227,江苏省,南京市,鼓楼区,
1980,中山北路小区,商务住宅;住宅区;住宅小区,姜家园2-4号,118.743426,32.085481,江苏省,南京市,鼓楼区,
1981,姜家园46号,商务住宅;住宅区;住宅区,,118.74365,32.085506,江苏省,南京市,鼓楼区,
1982,热河南路小区,商务住宅;住宅区;住宅小区,热河南路19-25号,118.742815,32.084747,江苏省,南京市,鼓楼区,
1983,姜家园55号,商务住宅;商务住宅相关;商务住宅相关,姜家园56-58号附近,118.743515,32.085611,江苏省,南京市,鼓楼区,
1984,姜家园57号,商务住宅;商务住宅相关;商务住宅相关,姜家园56-58号附近,118.743435,32.085594,江苏省,南京市,鼓楼区,
1985,姜家园54号,商务住宅;商务住宅相关;商务住宅相关,姜家园56-58号附近,118.743505,32.085664,江苏省,南京市,鼓楼区,
1986,姜家园53号,商务住宅;商务住宅相关;商务住宅相关,姜家园56-58号附近,118.743513,32.085714,江苏省,南京市,鼓楼区,
1987,南京西站公寓,商务住宅;商务住宅相关;商务住宅相关,兴安路6号,118.740183,32.093451,江苏省,南京市,鼓楼区,
1988,杨家花园51号,商务住宅;商务住宅相关;商务住宅相关,承德路与热河路交叉口东北150米,118.743495,32.090269,江苏省,南京市,鼓楼区,
1989,杨家花园49号,商务住宅;商务住宅相关;商务住宅相关,热河路106号附近,118.743319,32.0902,江苏省,南京市,鼓楼区,
1990,杨家花园48号,商务住宅;商务住宅相关;商务住宅相关,热河路106号附近,118.743301,32.090159,江苏省,南京市,鼓楼区,
1991,杨家花园47号,商务住宅;商务住宅相关;商务住宅相关,热河路106号附近,118.743283,32.090119,江苏省,南京市,鼓楼区,
1992,盐西街小区,商务住宅;住宅区;住宅小区,大桥南路盐仓桥19号,118.749402,32.089272,江苏省,南京市,鼓楼区,
1993,北祖师庵13号,商务住宅;住宅区;住宅区,北祖师庵9-1号附近,118.75004,32.08957,江苏省,南京市,鼓楼区,
1994,盐仓桥住宅,商务住宅;住宅区;住宅区,大桥南路盐仓桥11号,118.750307,32.088449,江苏省,南京市,鼓楼区,
1995,盐仓桥11号小区,商务住宅;住宅区;住宅小区,盐仓桥11号,118.750126,32.08839,江苏省,南京市,鼓楼区,
1996,盐仓桥17号,商务住宅;住宅区;住宅区,北祖师庵与盐仓桥交叉口南50米,118.750343,32.088685,江苏省,南京市,鼓楼区,
1997,北祖师庵4号,商务住宅;住宅区;住宅区,北祖师庵与盐仓桥交叉口北50米,118.750482,32.089412,江苏省,南京市,鼓楼区,
1998,北祖师庵32-40号小区,商务住宅;住宅区;住宅小区,北祖师庵32-40号,118.750237,32.090119,江苏省,南京市,鼓楼区,
1999,中山北路348号小区,商务住宅;住宅区;住宅小区,中山北路348号,118.748519,32.087587,江苏省,南京市,鼓楼区,
2000,驴子巷8号小区,商务住宅;住宅区;住宅小区,驴子巷8号,118.748529,32.090879,江苏省,南京市,鼓楼区,
2001,北祖师庵52-60号小区,商务住宅;住宅区;住宅小区,北祖师庵52-60号,118.749929,32.090732,江苏省,南京市,鼓楼区,
2002,盐仓桥东街23号小区,商务住宅;住宅区;住宅小区,盐仓桥东街23号,118.751026,32.088849,江苏省,南京市,鼓楼区,
2003,盐仓桥40号,商务住宅;住宅区;住宅区,盐仓桥与盐仓桥东街交叉口东南100米,118.751022,32.088793,江苏省,南京市,鼓楼区,
2004,驴子巷6号小区,商务住宅;住宅区;住宅小区,驴子巷6号,118.748428,32.091088,江苏省,南京市,鼓楼区,
2005,阅江楼街道多伦路社区,商务住宅;住宅区;住宅小区,盐仓桥东街24-38号,118.751437,32.088853,江苏省,南京市,鼓楼区,
2006,于家巷小区,商务住宅;住宅区;住宅小区,盐仓桥与于家巷交叉口东100米,118.750583,32.091029,江苏省,南京市,鼓楼区,
2007,盐东街小区,商务住宅;住宅区;住宅小区,多伦路与新民门交叉口西南100米,118.751699,32.089152,江苏省,南京市,鼓楼区,
2008,盐仓桥东街22号小区,商务住宅;住宅区;住宅小区,盐仓桥东街22号,118.751902,32.089503,江苏省,南京市,鼓楼区,
2009,于家巷26号小区,商务住宅;住宅区;住宅小区,于家巷26号之1-10,118.750549,32.09141,江苏省,南京市,鼓楼区,
2010,电厂宿舍(多伦路),商务住宅;住宅区;宿舍,多伦路41号,118.752359,32.088521,江苏省,南京市,鼓楼区,
2011,盐仓桥4号,商务住宅;住宅区;住宅区,盐仓桥4-5临附近,118.751857,32.087223,江苏省,南京市,鼓楼区,
2012,铁路宿舍(多伦路),商务住宅;住宅区;宿舍,水关桥,118.752425,32.090597,江苏省,南京市,鼓楼区,
2013,盐仓桥4-6号小区,商务住宅;住宅区;住宅小区,盐仓桥4-6号,118.751995,32.087228,江苏省,南京市,鼓楼区,
2014,新民门社区,商务住宅;住宅区;住宅小区|地名地址信息;普通地名;村庄级地名,多伦路70号附近,118.752839,32.090286,江苏省,南京市,鼓楼区,
2015,花家桥5号小区,商务住宅;住宅区;住宅小区,花家桥5号,118.752189,32.086863,江苏省,南京市,鼓楼区,
2016,邮局宿舍,商务住宅;住宅区;宿舍,多伦路54号,118.753185,32.088417,江苏省,南京市,鼓楼区,
2017,光夏新村,商务住宅;住宅区;住宅小区,多伦路42号附近,118.753399,32.089363,江苏省,南京市,鼓楼区,
2018,多伦路150号小区,商务住宅;住宅区;住宅小区,多伦路150号,118.751883,32.092101,江苏省,南京市,鼓楼区,
2019,建宁新村(建宁路),商务住宅;住宅区;住宅小区,于家巷与多伦路交叉口东100米,118.752575,32.091512,江苏省,南京市,鼓楼区,
2020,南京铁路单身公寓,商务住宅;住宅区;住宅小区,花家桥8号,118.752634,32.086987,江苏省,南京市,鼓楼区,
2021,油运公司宿舍(多伦路),商务住宅;住宅区;宿舍,多伦路48号,118.752943,32.087238,江苏省,南京市,鼓楼区,
2022,嘉乐村,商务住宅;住宅区;住宅区,大桥南路嘉乐村,118.751039,32.085349,江苏省,南京市,鼓楼区,
2023,朝阳公寓(戴家巷),商务住宅;住宅区;住宅小区,龙池庵8号附近,118.751459,32.085436,江苏省,南京市,鼓楼区,
2024,北城居(建宁路),商务住宅;住宅区;住宅小区,建宁路259号,118.752651,32.092349,江苏省,南京市,鼓楼区,
2025,龙池庵小区,商务住宅;住宅区;住宅小区,盐仓桥广场,118.752003,32.085344,江苏省,南京市,鼓楼区,
2026,南祖师庵7号后座小区,商务住宅;住宅区;住宅小区,龙池庵,118.751541,32.08458,江苏省,南京市,鼓楼区,
2027,天正桃源,商务住宅;住宅区;住宅小区,姜家园99号,118.744844,32.0854,江苏省,南京市,鼓楼区,
2028,挹景楼,商务住宅;住宅区;住宅小区,姜家园2号-4号,118.743971,32.086156,江苏省,南京市,鼓楼区,
2029,姜家园8号,商务住宅;住宅区;住宅区,姜家园99-2号附近,118.744035,32.085724,江苏省,南京市,鼓楼区,
2030,姜家园10号,商务住宅;住宅区;住宅区,姜家园99-3号附近,118.744125,32.08545,江苏省,南京市,鼓楼区,
2031,姜家园12号,商务住宅;住宅区;住宅区,姜家园99-4号附近,118.744126,32.085107,江苏省,南京市,鼓楼区,
2032,姜家园86号小区,商务住宅;住宅区;住宅小区,姜家园86号,118.74402,32.084335,江苏省,南京市,鼓楼区,
2033,江苏石油大厦,商务住宅;楼宇;商务写字楼,挹江门街道中山北路395号,118.751409,32.085844,江苏省,南京市,鼓楼区,
2034,油运大厦,商务住宅;楼宇;商务写字楼,中山北路324号,118.753587,32.085935,江苏省,南京市,鼓楼区,
2035,晶典国际大厦,商务住宅;楼宇;商务写字楼,大桥南路1号(国美电器旁),118.753314,32.086304,江苏省,南京市,鼓楼区,
2036,一江大厦,商务住宅;楼宇;商务写字楼,建宁路263号,118.751178,32.091858,江苏省,南京市,鼓楼区,
2037,万江大厦,商务住宅;楼宇;商务写字楼,中山北路426,118.744146,32.087091,江苏省,南京市,鼓楼区,
2038,晶典国际公寓,商务住宅;楼宇;商住两用楼宇,多伦路与花家桥交叉口南50米,118.753436,32.086515,江苏省,南京市,鼓楼区,
2039,蓝晶国际,商务住宅;商务住宅相关;商务住宅相关,多伦路16号,118.753141,32.086477,江苏省,南京市,鼓楼区,
2040,北祖师庵8号,商务住宅;住宅区;住宅区,北祖师庵8-1号附近,118.750285,32.089813,江苏省,南京市,鼓楼区,
2041,金川花苑,商务住宅;住宅区;住宅小区,金川门外街18号,118.759134,32.088811,江苏省,南京市,鼓楼区,
2042,林景·嘉园,商务住宅;住宅区;住宅小区,新民村31号,118.757355,32.088967,江苏省,南京市,鼓楼区,
2043,新民村,商务住宅;住宅区;住宅小区,铁路北街,118.757808,32.087913,江苏省,南京市,鼓楼区,
2044,头所村,商务住宅;住宅区;住宅小区,五所村10号,118.759374,32.090986,江苏省,南京市,鼓楼区,
2045,南京工业大学家属区,商务住宅;住宅区;住宅小区,金川门外街5号,118.760887,32.090026,江苏省,南京市,鼓楼区,
2046,铁路北街177号小区,商务住宅;住宅区;住宅小区,铁路北街177号,118.758294,32.087211,江苏省,南京市,鼓楼区,
2047,新民路110号小区,商务住宅;住宅区;住宅小区,新民路110号,118.75747,32.091062,江苏省,南京市,鼓楼区,
2048,金川雅苑,商务住宅;住宅区;住宅小区,铁路北街182-4号附近,118.760942,32.087578,江苏省,南京市,鼓楼区,
2049,南京财经大学教师宿舍楼,商务住宅;住宅区;宿舍,铁路北街146-162号,118.759217,32.086784,江苏省,南京市,鼓楼区,
2050,五所村小区,商务住宅;住宅区;住宅小区,新民路146号,118.761098,32.091243,江苏省,南京市,鼓楼区,
2051,新民路30号,商务住宅;住宅区;住宅区,新民路30-2号附近,118.755641,32.09027,江苏省,南京市,鼓楼区,
2052,佳乐福新寓,商务住宅;住宅区;住宅小区,大桥南路18号,118.755278,32.089705,江苏省,南京市,鼓楼区,
2053,康居新寓,商务住宅;住宅区;住宅小区,鼓楼四平路14号,118.757853,32.092302,江苏省,南京市,鼓楼区,
2054,大桥南路小区,商务住宅;住宅区;住宅小区,大桥南路18号,118.75503,32.08949,江苏省,南京市,鼓楼区,
2055,仙鹿雅居,商务住宅;住宅区;住宅小区,建宁路161号,118.760019,32.092427,江苏省,南京市,鼓楼区,
2056,新民路21号小区,商务住宅;住宅区;住宅小区,新民路21号,118.755473,32.091025,江苏省,南京市,鼓楼区,
2057,南京财经大学学生公寓3,商务住宅;住宅区;宿舍,洪庙巷西150米,118.761582,32.086501,江苏省,南京市,鼓楼区,
2058,东妙峰庵小区,商务住宅;住宅区;住宅小区,东妙峰庵1号,118.757513,32.085592,江苏省,南京市,鼓楼区,
2059,长江南京航道工程局宿舍,商务住宅;住宅区;宿舍,大桥南路28-1号,118.755196,32.091133,江苏省,南京市,鼓楼区,
2060,明城华贵园,商务住宅;住宅区;住宅小区,四平路2号,118.758685,32.092973,江苏省,南京市,鼓楼区,
2061,中北汽车公司宿舍,商务住宅;住宅区;宿舍,东妙峰庵60-64号,118.756006,32.086327,江苏省,南京市,鼓楼区,
2062,建宁路135号院,商务住宅;住宅区;住宅小区,建宁路135号,118.759464,32.093021,江苏省,南京市,鼓楼区,
2063,南京财经大学成教院宿舍,商务住宅;住宅区;宿舍,洪庙一巷10号附近,118.763422,32.087659,江苏省,南京市,鼓楼区,
2064,大桥南路6号小区,商务住宅;住宅区;住宅小区,大桥南路6号,118.754975,32.086836,江苏省,南京市,鼓楼区,
2065,建宁路141号,商务住宅;住宅区;住宅小区,建宁路235号附近,118.759514,32.093332,江苏省,南京市,鼓楼区,
2066,大桥南路9号小区,商务住宅;住宅区;住宅小区,大桥南路9号,118.754022,32.088918,江苏省,南京市,鼓楼区,
2067,洪庙巷14号教舍,商务住宅;住宅区;宿舍,洪庙巷14号,118.762729,32.08647,江苏省,南京市,鼓楼区,
2068,家乐福小区,商务住宅;住宅区;住宅小区,大桥南路与金川门外小街交叉口西南150米,118.753955,32.088349,江苏省,南京市,鼓楼区,
2069,建宁路143-147号院,商务住宅;住宅区;住宅小区,建宁路143-147号,118.759867,32.093451,江苏省,南京市,鼓楼区,
2070,华东电力公司宿舍,商务住宅;住宅区;宿舍,大桥南路40号,118.755666,32.092569,江苏省,南京市,鼓楼区,
2071,西妙峰庵小区,商务住宅;住宅区;住宅小区,西妙峰庵3号-9号,118.756712,32.084768,江苏省,南京市,鼓楼区,
2072,萨家湾49号小区,商务住宅;住宅区;住宅小区,萨家湾49号,118.757314,32.084387,江苏省,南京市,鼓楼区,
2073,安乐村,商务住宅;住宅区;住宅小区,建宁路121号,118.763796,32.092186,江苏省,南京市,鼓楼区,
2074,南京财经大学学生公寓7,商务住宅;住宅区;宿舍,洪庙巷10号附近,118.762431,32.085036,江苏省,南京市,鼓楼区,
2075,中海凯旋门,商务住宅;住宅区;住宅小区,中山北路288号,118.755001,32.085163,江苏省,南京市,鼓楼区,
2076,三所村,商务住宅;住宅区;住宅区,鼓楼建宁路与四平路交叉口,118.756228,32.094047,江苏省,南京市,鼓楼区,
2077,港宁园小区,商务住宅;住宅区;住宅小区,福建路洪庙巷6号,118.763412,32.085386,江苏省,南京市,鼓楼区,
2078,洪庙巷12号小区,商务住宅;住宅区;住宅小区,洪庙巷12号,118.761954,32.084432,江苏省,南京市,鼓楼区,
2079,明城大厦,商务住宅;楼宇;商住两用楼宇,建宁路241号明城大厦,118.757625,32.093387,江苏省,南京市,鼓楼区,
2080,中铁大厦(鲁民路),商务住宅;楼宇;商务写字楼,建宁路139号,118.759362,32.092681,江苏省,南京市,鼓楼区,
2081,建宁路社区科教基地,商务住宅;商务住宅相关;商务住宅相关,建宁路159号,118.75942,32.093641,江苏省,南京市,鼓楼区,
2082,钟阜路小区,商务住宅;住宅区;住宅小区,钟阜路2号,118.767462,32.087591,江苏省,南京市,鼓楼区,
2083,五岳国际公寓,商务住宅;住宅区;住宅小区,黑龙江路35号,118.771466,32.0882,江苏省,南京市,鼓楼区,
2084,绿城花园,商务住宅;住宅区;住宅小区,鼓楼建宁路57号,118.770794,32.091244,江苏省,南京市,鼓楼区,
2085,建宁路55号院,商务住宅;住宅区;住宅区,建宁路55号,118.77116,32.09095,江苏省,南京市,鼓楼区,
2086,金陵大公馆,商务住宅;住宅区;住宅小区,南瑞路79号,118.770964,32.087137,江苏省,南京市,鼓楼区,
2087,鸟巢单身公寓,商务住宅;住宅区;住宅小区,建宁路65号金川科技园(近长途汽车站),118.767227,32.091507,江苏省,南京市,鼓楼区,
2088,中央金地,商务住宅;住宅区;住宅小区,建宁路61号(建宁路与钟阜路交汇处),118.769515,32.092025,江苏省,南京市,鼓楼区,
2089,南京长江医院集团办公楼,商务住宅;楼宇;商务写字楼,黑龙江路30号,118.772362,32.088607,江苏省,南京市,鼓楼区,
2090,新门口18号院,商务住宅;住宅区;住宅小区,新门口18号,118.767851,32.086346,江苏省,南京市,鼓楼区,
2091,金润公寓,商务住宅;住宅区;住宅小区,民生街65号,118.766661,32.091532,江苏省,南京市,鼓楼区,
2092,黑龙江路28号院,商务住宅;住宅区;住宅区,黑龙江路28号,118.772495,32.088227,江苏省,南京市,鼓楼区,
2093,金阜雅苑,商务住宅;住宅区;住宅小区,钟阜路30号,118.765342,32.088182,江苏省,南京市,鼓楼区,
2094,朗驰大厦,商务住宅;楼宇;商务写字楼,建宁路45号,118.772241,32.090984,江苏省,南京市,鼓楼区,
2095,绿洲大厦,商务住宅;楼宇;商住两用楼宇,建宁路57-2号,118.77113,32.091967,江苏省,南京市,鼓楼区,
2096,南京市新门口十四号家属院,商务住宅;住宅区;住宅小区,钟阜路5号-7号,118.76728,32.08619,江苏省,南京市,鼓楼区,
2097,新亚苑,商务住宅;住宅区;住宅小区,钟阜路5-8号,118.766383,32.086569,江苏省,南京市,鼓楼区,
2098,金桥管理办公楼,商务住宅;楼宇;商务写字楼,建宁路30,118.769826,32.092936,江苏省,南京市,鼓楼区,
2099,钟阜路28号院,商务住宅;住宅区;住宅小区,钟阜路28号,118.765688,32.08654,江苏省,南京市,鼓楼区,
2100,建宁路华茂广场,商务住宅;楼宇;商务写字楼,建宁路37,118.77311,32.091075,江苏省,南京市,鼓楼区,
2101,龙门居,商务住宅;住宅区;住宅小区,南瑞路80号,118.773702,32.088189,江苏省,南京市,鼓楼区,
2102,新门口16号院(东),商务住宅;住宅区;住宅区,南瑞路与黑龙江路交叉口东南100米,118.773297,32.087233,江苏省,南京市,鼓楼区,
2103,黑龙江路21号院,商务住宅;住宅区;住宅区,黑龙江路21号,118.773155,32.086707,江苏省,南京市,鼓楼区,
2104,南铁院住宅区,商务住宅;住宅区;住宅小区,建宁路107号附近,118.764799,32.092372,江苏省,南京市,鼓楼区,
2105,亚都大厦,商务住宅;楼宇;商务写字楼,建宁路22号,118.773193,32.092278,江苏省,南京市,鼓楼区,
2106,洪庙一巷4号院,商务住宅;住宅区;住宅小区,洪庙一巷4号,118.764342,32.086524,江苏省,南京市,鼓楼区,
2107,黑龙江路11号院,商务住宅;住宅区;住宅区,黑龙江路11号,118.773866,32.087017,江苏省,南京市,鼓楼区,
2108,紫竹苑小区(南瑞路),商务住宅;住宅区;住宅小区,南瑞路29号,118.771855,32.085132,江苏省,南京市,鼓楼区,
2109,安乐村(东2门),商务住宅;商务住宅相关;商务住宅相关,建宁路107号附近,118.764517,32.092182,江苏省,南京市,鼓楼区,
2110,南京新门口商务办公综合楼,商务住宅;楼宇;商务写字楼,三牌楼新门口5-9号近福建路,118.766221,32.084699,江苏省,南京市,鼓楼区,
2111,洪庙一巷3号院,商务住宅;住宅区;住宅小区,洪庙一巷3号,118.764367,32.08626,江苏省,南京市,鼓楼区,
2112,金川科技园3,商务住宅;商务住宅相关;商务住宅相关,建宁路111号附近,118.765038,32.092946,江苏省,南京市,鼓楼区,
2113,安乐村(东1门),商务住宅;商务住宅相关;商务住宅相关,建宁路南150米,118.764562,32.092854,江苏省,南京市,鼓楼区,
2114,亚都锦园,商务住宅;住宅区;住宅小区,建宁路22-26号亚都锦园,118.77337,32.092979,江苏省,南京市,鼓楼区,
2115,民生街小区,商务住宅;住宅区;住宅小区,建宁路民生街,118.764961,32.093289,江苏省,南京市,鼓楼区,
2116,紫竹林(南瑞路),商务住宅;住宅区;住宅小区,紫竹林28号,118.773695,32.085513,江苏省,南京市,鼓楼区,
2117,新门口35号,商务住宅;住宅区;住宅区,广东路与玉兰路交叉口西50米,118.766411,32.084208,江苏省,南京市,鼓楼区,
2118,泰润公寓,商务住宅;住宅区;住宅小区,福建路12号,118.764428,32.085239,江苏省,南京市,鼓楼区,
2119,建宁路11号大院,商务住宅;住宅区;住宅小区,建宁路11-14号,118.778434,32.089845,江苏省,南京市,鼓楼区,
2120,中央大厦(金贸大街),商务住宅;楼宇;商务写字楼,建宁路7号,118.779356,32.090038,江苏省,南京市,鼓楼区,
2121,城河路社区,商务住宅;住宅区;住宅小区,建宁路23号,118.777525,32.089399,江苏省,南京市,鼓楼区,
2122,黑龙江路八巷小区,商务住宅;住宅区;住宅小区,黑龙江路8巷18-20号,118.779045,32.087669,江苏省,南京市,鼓楼区,
2123,紫苑,商务住宅;住宅区;住宅小区,黑龙江路16号,118.777634,32.087628,江苏省,南京市,鼓楼区,
2124,汇林绿洲(一至三期),商务住宅;住宅区;住宅区,黑龙江路15号,118.778168,32.087055,江苏省,南京市,鼓楼区,
2125,金盛国际家居A座,商务住宅;楼宇;商务写字楼,建宁路31号,118.776445,32.09011,江苏省,南京市,鼓楼区,
2126,星星美墅,商务住宅;住宅区;别墅,建宁路31号金盛财智广场7层,118.77657,32.090401,江苏省,南京市,鼓楼区,
2127,蓝山国际公寓,商务住宅;住宅区;住宅小区,黑龙江路2号,118.781327,32.087577,江苏省,南京市,鼓楼区,
2128,金盛财智广场,商务住宅;楼宇;商务写字楼,建宁路31号,118.775909,32.089915,江苏省,南京市,鼓楼区,
2129,建宁路10号院4楼,商务住宅;住宅区;住宅区,,118.779842,32.091884,江苏省,南京市,鼓楼区,
2130,金桥市场A楼,商务住宅;住宅区;住宅区,建宁路北200米,118.778977,32.092339,江苏省,南京市,鼓楼区,
2131,金盛国际家居B座,商务住宅;楼宇;商务写字楼,建宁路31号,118.775365,32.090262,江苏省,南京市,鼓楼区,
2132,汇林绿洲上林苑,商务住宅;住宅区;住宅小区,黑龙江路17号,118.776986,32.08645,江苏省,南京市,鼓楼区,
2133,盛世东方,商务住宅;住宅区;住宅小区,建宁路31号金盛国际家居中央门店5层,118.775526,32.090636,江苏省,南京市,鼓楼区,
2134,金桥市场B楼,商务住宅;住宅区;住宅区,小市新村路南200米,118.779252,32.092584,江苏省,南京市,鼓楼区,
2135,汇林绿洲广林苑,商务住宅;住宅区;住宅小区,黑龙江路15号,118.778965,32.085841,江苏省,南京市,鼓楼区,
2136,汇林绿洲3期,商务住宅;住宅区;住宅区,黑龙江路15号,118.779846,32.085903,江苏省,南京市,鼓楼区,
2137,天正湖滨2期,商务住宅;住宅区;住宅小区,中央路399号,118.781105,32.086184,江苏省,南京市,鼓楼区,
2138,黑龙江路26号小区,商务住宅;住宅区;住宅小区,黑龙江路26号,118.774999,32.087752,江苏省,南京市,鼓楼区,
2139,玉桥国际公寓,商务住宅;楼宇;商住两用楼宇,"区建宁路8号(西至金桥市场,南至玉桥市场,北至沪宁铁路)",118.781221,32.092464,江苏省,南京市,鼓楼区,
2140,先锋广场(黑龙江路),商务住宅;楼宇;商务写字楼,中央路417号先锋广场,118.783233,32.087613,江苏省,南京市,鼓楼区,
2141,中电熊猫贸易发展有限公司综合楼,商务住宅;楼宇;商务写字楼,建宁路18号,118.774798,32.091542,江苏省,南京市,鼓楼区,
2142,建宁路十八号小区,商务住宅;住宅区;住宅小区,建宁路18,118.775239,32.092172,江苏省,南京市,鼓楼区,
2143,长江新村9号,商务住宅;住宅区;住宅小区,紫竹林路东100米,118.776592,32.085379,江苏省,南京市,鼓楼区,
2144,天正湖滨,商务住宅;住宅区;住宅小区,中央路397号天正湖滨,118.782455,32.086014,江苏省,南京市,鼓楼区,
2145,汇林绿洲怡林苑,商务住宅;住宅区;住宅小区,黑龙江路19号汇林绿州二期,118.775324,32.086085,江苏省,南京市,鼓楼区,
2146,天正国际广场,商务住宅;楼宇;商务写字楼,中央路399号,118.783392,32.085993,江苏省,南京市,鼓楼区,
2147,天正湖滨君悦阁,商务住宅;楼宇;商务写字楼,中央路399号(香格里拉酒店),118.783075,32.085664,江苏省,南京市,鼓楼区,
2148,紫竹林1号小区,商务住宅;住宅区;住宅小区,鼓楼黑龙江路紫竹林1号,118.775417,32.085033,江苏省,南京市,鼓楼区,
2149,小市新村18号小区,商务住宅;住宅区;住宅小区,鼓楼小市新村18号,118.78237,32.093659,江苏省,南京市,鼓楼区,
2150,紫竹林2号,商务住宅;住宅区;住宅小区,紫竹林路11号附近,118.775404,32.084751,江苏省,南京市,鼓楼区,
2151,紫竹林边2号小区,商务住宅;住宅区;住宅小区,紫竹林2号,118.775608,32.084304,江苏省,南京市,鼓楼区,
2152,凤凰和鸣B区,商务住宅;住宅区;住宅区,中央路389号,118.78261,32.084261,江苏省,南京市,鼓楼区,
2153,凤凰国际大厦(四川路),商务住宅;楼宇;商务写字楼,中央路389号(近四川路),118.783192,32.084305,江苏省,南京市,鼓楼区,
2154,教师住宅(西2门),商务住宅;商务住宅相关;商务住宅相关,紫竹林路1-2号附近,118.77617,32.08498,江苏省,南京市,鼓楼区,
2155,中央门地区商务楼宇综治办(站),商务住宅;商务住宅相关;商务住宅相关,中央路417号先锋广场5层,118.782971,32.08753,江苏省,南京市,鼓楼区,
2156,玉桥商业广场3期,商务住宅;商务住宅相关;商务住宅相关,建宁路,118.78106,32.091775,江苏省,南京市,鼓楼区,
2157,美墅福邸,商务住宅;商务住宅相关;商务住宅相关,建宁路31号金盛国际家居中央门店1层,118.775526,32.090636,江苏省,南京市,鼓楼区,
2158,金盛国际家居中央门店B座(北门),商务住宅;商务住宅相关;商务住宅相关,建宁路南100米,118.775394,32.090255,江苏省,南京市,鼓楼区,
2159,和平大沟,商务住宅;住宅区;住宅小区,龙溪巷与龙蟠路交叉口西南150米,118.788848,32.088109,江苏省,南京市,玄武区,
2160,韶山路246号院,商务住宅;住宅区;住宅小区,韶山路246号,118.790793,32.089214,江苏省,南京市,玄武区,
2161,湖景花园,商务住宅;住宅区;住宅小区,龙蟠路6号,118.790664,32.087357,江苏省,南京市,玄武区,
2162,小市街98号小区,商务住宅;住宅区;住宅小区,小市街98号,118.790499,32.091234,江苏省,南京市,鼓楼区,
2163,小市街96号小区,商务住宅;住宅区;住宅小区,小市街96号,118.790403,32.091836,江苏省,南京市,鼓楼区,
2164,小市街50号小区,商务住宅;住宅区;住宅小区,小市街50号,118.789358,32.092168,江苏省,南京市,鼓楼区,
2165,小市街100号小区,商务住宅;住宅区;住宅小区,小市街100号,118.790943,32.09174,江苏省,南京市,鼓楼区,
2166,小市街88号小区,商务住宅;住宅区;住宅小区,小市街88号,118.791513,32.092161,江苏省,南京市,鼓楼区,
2167,小市街121号小区,商务住宅;住宅区;住宅小区,小市街121号,118.789304,32.092993,江苏省,南京市,鼓楼区,
2168,金基翠城,商务住宅;住宅区;住宅小区,下关和燕路58号,118.792958,32.092027,江苏省,南京市,鼓楼区,
2169,小市街144号社区,商务住宅;住宅区;住宅小区,小市街144号,118.789965,32.093602,江苏省,南京市,鼓楼区,
2170,泰和园(和燕路),商务住宅;住宅区;住宅小区,和燕路52号,118.7918,32.093162,江苏省,南京市,鼓楼区,
2171,大全实业有限责任公司职工公寓,商务住宅;住宅区;宿舍,廖家巷18号,118.785148,32.084659,江苏省,南京市,玄武区,
2172,廖家巷社区,商务住宅;住宅区;住宅小区,中央路282号附近,118.785179,32.084586,江苏省,南京市,玄武区,
2173,兴隆大厦,商务住宅;楼宇;商务写字楼,南京中央门龙蟠路9号,118.786696,32.090738,江苏省,南京市,玄武区,
2174,复兴国际青年公寓,商务住宅;商务住宅相关;商务住宅相关,小市街与红山南路交叉口西北150米,118.787935,32.091885,江苏省,南京市,鼓楼区,
2175,万科红郡,商务住宅;住宅区;住宅小区,黄家圩路41-1号,118.798334,32.094006,江苏省,南京市,鼓楼区,
2176,中国邮政大楼,商务住宅;楼宇;商务写字楼,环湖路与龙蟠路交叉口东北200米,118.798496,32.085322,江苏省,南京市,玄武区,
2177,黄家圩小区,商务住宅;住宅区;住宅小区,黄家圩路西50米,118.795439,32.093148,江苏省,南京市,鼓楼区,
2178,莱蒙都会(建设中),商务住宅;楼宇;商住两用楼宇,红山南路与黄家圩路交叉口东南150米,118.795468,32.089504,江苏省,南京市,鼓楼区,
2179,红山创意工厂A3-2,商务住宅;商务住宅相关;商务住宅相关,黄家圩41号-b-6幢-102室,118.797545,32.092516,江苏省,南京市,鼓楼区,
2180,黄家圩41号,商务住宅;住宅区;住宅区,黄家圩路59号附近,118.796179,32.092171,江苏省,南京市,鼓楼区,
2181,韶山路288号小区,商务住宅;住宅区;住宅小区,韶山路288号,118.800275,32.084687,江苏省,南京市,玄武区,
2182,黄家圩39号小区,商务住宅;住宅区;住宅小区,黄家圩39号,118.795883,32.094127,江苏省,南京市,鼓楼区,
2183,黄家圩38号小区,商务住宅;住宅区;住宅小区,黄家圩路38号,118.795682,32.094181,江苏省,南京市,鼓楼区,
2184,黄家圩32号小区,商务住宅;住宅区;住宅小区,黄家圩32号,118.794798,32.09237,江苏省,南京市,鼓楼区,
2185,黄家圩31号小区,商务住宅;住宅区;住宅小区,黄家圩路31号,118.794707,32.091657,江苏省,南京市,鼓楼区,
2186,黄家圩35号,商务住宅;住宅区;住宅小区,黄家圩路,118.795468,32.093039,江苏省,南京市,鼓楼区,
2187,黄家圩37号小区,商务住宅;住宅区;住宅小区,黄家圩37号,118.795822,32.093548,江苏省,南京市,鼓楼区,
2188,凤凰山庄,商务住宅;住宅区;别墅,红山路与黄曹路交汇处,118.806798,32.088603,江苏省,南京市,玄武区,
2189,天然居,商务住宅;住宅区;住宅小区,红山路151号,118.807598,32.091078,江苏省,南京市,玄武区,
2190,跃进汽车集团公司黑墨营集体宿舍,商务住宅;住宅区;宿舍|商务住宅;住宅区;住宅小区,红山路附近,118.810665,32.090942,江苏省,南京市,玄武区,
2191,红山美居,商务住宅;住宅区;住宅小区,红山路115号,118.808527,32.091899,江苏省,南京市,玄武区,
2192,曹后村30号小区,商务住宅;住宅区;住宅小区,曹后村30号,118.807951,32.086287,江苏省,南京市,玄武区,
2193,质监大厦,商务住宅;住宅区;住宅区,玄武红山路164号,118.80965,32.09268,江苏省,南京市,玄武区,
2194,曹后一村小区,商务住宅;住宅区;住宅小区,新庄立交附近,118.808582,32.085526,江苏省,南京市,玄武区,
2195,邮局宿舍18幢,商务住宅;住宅区;宿舍,红山南路附近,118.805186,32.086722,江苏省,南京市,玄武区,
2196,红森公寓,商务住宅;住宅区;住宅小区,红山路175号,118.808415,32.09337,江苏省,南京市,玄武区,
2197,曹后村9号小区,商务住宅;住宅区;住宅小区,曹后村9号,118.806271,32.085693,江苏省,南京市,玄武区,
2198,邮局宿舍16幢,商务住宅;住宅区;宿舍,曹后村邮局宿舍16幢,118.805207,32.086449,江苏省,南京市,玄武区,
2199,红山路157号小区,商务住宅;住宅区;住宅小区,红山路157号,118.807199,32.093189,江苏省,南京市,玄武区,
2200,红山路173号小区,商务住宅;住宅区;住宅小区,红山路173号,118.80786,32.093385,江苏省,南京市,玄武区,
2201,邮局宿舍14幢,商务住宅;住宅区;宿舍,曹后村邮局宿舍14幢,118.805251,32.086218,江苏省,南京市,玄武区,
2202,曹后村南汽宿舍,商务住宅;住宅区;宿舍,红山南路北100米,118.806696,32.085163,江苏省,南京市,玄武区,
2203,邮局宿舍12幢,商务住宅;住宅区;宿舍,曹后村邮局宿舍12幢,118.805105,32.085973,江苏省,南京市,玄武区,
2204,邮局宿舍15幢,商务住宅;住宅区;宿舍,曹后村邮局宿舍15幢,118.804716,32.08633,江苏省,南京市,玄武区,
2205,红山机电花园,商务住宅;住宅区;住宅小区,红山路158号,118.811371,32.093404,江苏省,南京市,玄武区,
2206,十字街小区,商务住宅;住宅区;住宅小区,红山路190号,118.809838,32.093867,江苏省,南京市,玄武区,
2207,邮局宿舍10幢,商务住宅;住宅区;宿舍,曹后村邮局宿舍10幢,118.805095,32.085746,江苏省,南京市,玄武区,
2208,邮局宿舍11幢,商务住宅;住宅区;宿舍,曹后村邮局宿舍11幢,118.804636,32.085971,江苏省,南京市,玄武区,
2209,曹后村邮电宿舍,商务住宅;住宅区;宿舍,红山路曹后村邮局小区,118.804837,32.085717,江苏省,南京市,玄武区,
2210,邮局宿舍8幢,商务住宅;住宅区;宿舍,黄曹路2号,118.804988,32.085502,江苏省,南京市,玄武区,
2211,曹后二三村,商务住宅;住宅区;住宅小区,红山南路北50米,118.806548,32.084626,江苏省,南京市,玄武区,
2212,邮局宿舍6幢,商务住宅;住宅区;宿舍,曹后村邮局宿舍6幢,118.805084,32.085261,江苏省,南京市,玄武区,
2213,邮局宿舍9幢,商务住宅;住宅区;宿舍,曹后村邮局宿舍9幢,118.804467,32.085752,江苏省,南京市,玄武区,
2214,邮局宿舍17幢,商务住宅;住宅区;宿舍,黄曹路8号,118.804597,32.08552,江苏省,南京市,玄武区,
2215,南京依维柯员工公寓,商务住宅;住宅区;住宅小区,红山路118号-417号,118.813639,32.092573,江苏省,南京市,玄武区,
2216,邮局宿舍7幢,商务住宅;住宅区;宿舍,红山南路与龙蟠路交叉口东南200米,118.804321,32.085319,江苏省,南京市,玄武区,
2217,邮局宿舍4幢,商务住宅;住宅区;宿舍,红山南路北50米,118.804737,32.084987,江苏省,南京市,玄武区,
2218,南京玄武常发广场(红山路),商务住宅;楼宇;商务写字楼,红山路88号,118.810285,32.08547,江苏省,南京市,玄武区,
2219,常发广场营销中心,商务住宅;商务住宅相关;商务住宅相关,红山路88号,118.809698,32.084972,江苏省,南京市,玄武区,
2220,御林山庄(南门),商务住宅;商务住宅相关;商务住宅相关,红山路157号院附近,118.807531,32.09357,江苏省,南京市,玄武区,
2221,曹后村铁路宿舍,商务住宅;住宅区;宿舍,黄曹路,118.804397,32.085065,江苏省,南京市,玄武区,
2222,阳光嘉园(恒嘉路),商务住宅;住宅区;住宅小区,恒嘉路(原黑墨营路)98号,118.819245,32.089648,江苏省,南京市,玄武区,
2223,南京依维柯办公大楼,商务住宅;楼宇;商务写字楼,腾子路西150米,118.82095,32.093406,江苏省,南京市,玄武区,
2224,红山社区,商务住宅;住宅区;住宅小区,恒嘉璐,118.817534,32.087296,江苏省,南京市,玄武区,
2225,黑墨营96号,商务住宅;住宅区;住宅区,恒嘉路108号附近,118.817776,32.088082,江苏省,南京市,玄武区,
2226,南京林业大学学生公寓,商务住宅;住宅区;宿舍,花园路33号附近,118.820617,32.084394,江苏省,南京市,玄武区,
2227,南京林业大学学生公寓21幢,商务住宅;住宅区;宿舍,花园路70号10幢附近,118.819729,32.084223,江苏省,南京市,玄武区,
2228,采菊东篱,商务住宅;住宅区;住宅小区,樱花路99号,118.832706,32.0864,江苏省,南京市,玄武区,
2229,樱铁村小区(玄武大道),商务住宅;住宅区;住宅小区,樱驼花园樱铁村,118.827637,32.086198,江苏省,南京市,玄武区,
2230,樱驼花园永康园,商务住宅;住宅区;住宅小区,山北麓经五立交桥西南角,118.831347,32.084598,江苏省,南京市,玄武区,
2231,樱海公寓,商务住宅;住宅区;住宅小区,蒋王庙街樱海公寓,118.831503,32.086275,江苏省,南京市,玄武区,
2232,华康苑,商务住宅;住宅区;住宅小区,华新路与樱花路交叉口南100米,118.829815,32.084952,江苏省,南京市,玄武区,
2233,跃新园小区,商务住宅;住宅区;住宅小区,樱驼花园樱花路,118.832852,32.085353,江苏省,南京市,玄武区,
2234,藤子村124号,商务住宅;住宅区;住宅区,黑墨营易境路北50米,118.824297,32.089341,江苏省,南京市,玄武区,
2235,东方城旭日园,商务住宅;住宅区;住宅小区,宁栖路,118.833829,32.085891,江苏省,南京市,玄武区,
2236,森林公安学校学生宿舍2幢,商务住宅;住宅区;宿舍,华新西路与华新路交叉口西北100米,118.825838,32.084976,江苏省,南京市,玄武区,
2237,森林公安学校学生宿舍1幢,商务住宅;住宅区;宿舍,华新西路与华新路交叉口西北100米,118.825946,32.084711,江苏省,南京市,玄武区,
2238,南京森林警察学院青年教师宿舍14幢,商务住宅;住宅区;宿舍,华新西路与华新路交叉口西北150米,118.825326,32.08483,江苏省,南京市,玄武区,
2239,华侨新村(北门),商务住宅;商务住宅相关;商务住宅相关,华新路与樱花路交叉口南100米,118.829881,32.084906,江苏省,南京市,玄武区,
2240,南京森林警察学院青年教师宿舍13幢,商务住宅;住宅区;宿舍,森林警察学院花园路校区,118.825455,32.084565,江苏省,南京市,玄武区,
2241,青山居综合楼,商务住宅;楼宇;商务写字楼,东方城88号,118.838144,32.087499,江苏省,南京市,玄武区,
2242,尚达综艺办公楼,商务住宅;商务住宅相关;商务住宅相关,东方路99号,118.838743,32.086397,江苏省,南京市,玄武区,
2243,东方城(宁栖路),商务住宅;住宅区;住宅小区,樱驼村(经五立交桥附近),118.835642,32.086547,江苏省,南京市,玄武区,
2244,汇景佳园,商务住宅;住宅区;住宅小区,玄武大道299号王家湾,118.842613,32.089474,江苏省,南京市,玄武区,
2245,龙悦山庄,商务住宅;住宅区;住宅小区,蒋王庙街101号,118.839876,32.087941,江苏省,南京市,玄武区,
2246,松林谷花园3期,商务住宅;住宅区;住宅区,东方城100号,118.840134,32.086523,江苏省,南京市,玄武区,
2247,松林谷花园小区,商务住宅;住宅区;住宅小区,东方城100号,118.840365,32.086681,江苏省,南京市,玄武区,
2248,建发紫庐,商务住宅;住宅区;住宅小区,蒋王庙98号,118.841911,32.087962,江苏省,南京市,玄武区,
2249,汇景佳园(南门),商务住宅;商务住宅相关;商务住宅相关,蒋王庙街279号附近,118.84322,32.087981,江苏省,南京市,玄武区,
2250,汇景佳园(北门),商务住宅;商务住宅相关;商务住宅相关,玄武大道229号,118.842613,32.089474,江苏省,南京市,玄武区,
2251,东方城朝霞园,商务住宅;住宅区;住宅区,樱驼花园东方城,118.837436,32.086158,江苏省,南京市,玄武区,
2252,东方城-晨曦园,商务住宅;住宅区;住宅区,樱驼花园东方城,118.835893,32.085769,江苏省,南京市,玄武区,
2253,东方城-启明园,商务住宅;住宅区;住宅区,樱花路东方城启明园,118.835605,32.0865,江苏省,南京市,玄武区,
2254,东方城99号,商务住宅;住宅区;住宅区,东方路97号附近,118.838865,32.086446,江苏省,南京市,玄武区,
2255,东方城89号,商务住宅;住宅区;住宅区,东方路90号附近,118.83841,32.08718,江苏省,南京市,玄武区,
2256,紫晶园,商务住宅;住宅区;住宅区,环陵路7号,118.872049,32.08714,江苏省,南京市,玄武区,
2257,西杨坊68号,商务住宅;住宅区;住宅区,西扬坊68号附近,118.870797,32.093463,江苏省,南京市,玄武区,
2258,南京市徐庄软件产业基地管委会,政府机构及社会团体;政府机关;政府机关相关|商务住宅;商务住宅相关;商务住宅相关,玄武大道6991号,118.877853,32.092393,江苏省,南京市,玄武区,
2259,双创企业孵化器,商务住宅;楼宇;商务写字楼,苏园路6号院6栋,118.889344,32.086949,江苏省,南京市,玄武区,
2260,智汇大厦,商务住宅;楼宇;商务写字楼,环园西路附近,118.886616,32.087397,江苏省,南京市,玄武区,
2261,苏宁易购总部楼,商务住宅;楼宇;商务写字楼,徐庄软件园苏宁大道1号,118.89268,32.088147,江苏省,南京市,玄武区,
2262,徐庄软件园研发三区5栋(B),商务住宅;楼宇;商务写字楼,玄武大道6998号附近,118.891885,32.091555,江苏省,南京市,玄武区,
2263,徐庄软件园研发三区7号楼03区,商务住宅;楼宇;商务写字楼,玄武大道6998号,118.892255,32.091457,江苏省,南京市,玄武区,
2264,徐庄软件园研发三区7号楼02区,商务住宅;楼宇;商务写字楼,玄武大道6998号,118.892113,32.091812,江苏省,南京市,玄武区,
2265,徐庄软件园研发三区1栋E,商务住宅;楼宇;商务写字楼,玄武大道699-27号附近,118.893477,32.090993,江苏省,南京市,玄武区,
2266,途牛大厦,商务住宅;楼宇;商务写字楼,玄武大道699-32号,118.887766,32.084496,江苏省,南京市,玄武区,
2267,创业社区,商务住宅;住宅区;住宅小区,玄武大道699-18号,118.887156,32.088236,江苏省,南京市,玄武区,
2268,紫苏园,商务住宅;住宅区;住宅小区,环园东路附近,118.891867,32.092807,江苏省,南京市,玄武区,
2269,苏宁易购集团公司二区(东北1门),商务住宅;商务住宅相关;商务住宅相关,环园东路,118.892951,32.085659,江苏省,南京市,玄武区,
2270,苏宁大学(A5门),商务住宅;商务住宅相关;商务住宅相关,苏中路与苏宁大道交叉口北150米,118.893589,32.08507,江苏省,南京市,玄武区,
2271,紫宁园,商务住宅;住宅区;住宅小区,徐庄软件园环园西路,118.890418,32.093173,江苏省,南京市,玄武区,
2272,仙居雅苑,商务住宅;住宅区;住宅小区,鹤鸣路59号,118.896702,32.091649,江苏省,南京市,玄武区,
2273,仙居花园,商务住宅;住宅区;住宅小区,仙鹤门2号(公交车站),118.900295,32.084601,江苏省,南京市,玄武区,
2274,翠屏·紫气钟山,商务住宅;住宅区;住宅小区,环园东路,118.895658,32.085995,江苏省,南京市,玄武区,
2275,仙居华庭,商务住宅;住宅区;住宅小区,仙鹤门二号路,118.898758,32.087785,江苏省,南京市,玄武区,
2276,仙鹤茗苑,商务住宅;住宅区;住宅小区,鹤鸣路52号,118.902005,32.088805,江苏省,南京市,玄武区,
2277,香溪月园(听泉路),商务住宅;住宅区;住宅小区,文枢西路6号(公交车站),118.90367,32.09299,江苏省,南京市,栖霞区,
2278,骋望·云邸,商务住宅;住宅区;住宅小区,鹤鸣路68号,118.899569,32.091565,江苏省,南京市,玄武区,
2279,紫金东郡3期,商务住宅;住宅区;住宅小区,苏宁大道附近,118.89628,32.08422,江苏省,南京市,玄武区,
2280,南京雅苑商务中心,商务住宅;商务住宅相关;商务住宅相关,仙居雅苑60号,118.897967,32.092069,江苏省,南京市,玄武区,
2281,仙鹤新天地广场(西门),商务住宅;商务住宅相关;商务住宅相关,鹤鸣路6号仙鹤新天地广场F1,118.9035,32.085098,江苏省,南京市,玄武区,
2282,仙鹤新天地广场(南门),商务住宅;商务住宅相关;商务住宅相关,鹤鸣路6号仙鹤新天地广场F1,118.903923,32.084897,江苏省,南京市,玄武区,
2283,仙居华庭18,商务住宅;商务住宅相关;商务住宅相关,仙鹤门二号路西200米,118.899303,32.086757,江苏省,南京市,玄武区,
2284,仙龙湾山庄,商务住宅;住宅区;住宅小区,仙隐南路2号,118.912607,32.085496,江苏省,南京市,玄武区,
2285,中豪天禄,商务住宅;住宅区;住宅区,仙隐南路2号(毗邻地铁二号线仙鹤门站出口),118.912185,32.085941,江苏省,南京市,玄武区,
2286,亚东城,商务住宅;住宅区;住宅小区,学思路与文范路交叉口南200米,118.912157,32.091254,江苏省,南京市,栖霞区,
2287,奥克斯钟山府,商务住宅;住宅区;住宅小区,文枢西路与燕西路交汇处(亚东城二期西面),118.906319,32.089956,江苏省,南京市,玄武区,
2288,半月湾,商务住宅;住宅区;住宅区,文枢西路45-7号附近,118.906333,32.091273,江苏省,南京市,栖霞区,
2289,丽景雅苑5期,商务住宅;住宅区;住宅区,仙隐北路18号(地铁站),118.910805,32.090398,江苏省,南京市,栖霞区,
2290,中豪花园,商务住宅;住宅区;住宅区,仙隐南路西至土城头路北至仙林大道南至灵山北路,118.912185,32.085599,江苏省,南京市,玄武区,
2291,亚东城西区,商务住宅;住宅区;住宅小区,仙隐北路,118.909395,32.090133,江苏省,南京市,栖霞区,
2292,亚东城东区,商务住宅;住宅区;住宅小区,仙林街道仙隐北路21号,118.913638,32.091477,江苏省,南京市,栖霞区,
2293,仙林新村南区(西1门),商务住宅;商务住宅相关;商务住宅相关,学思路,118.911308,32.094005,江苏省,南京市,栖霞区,
2294,依云溪谷,商务住宅;住宅区;住宅小区,汇通路8号(仙林大道南与仙霞路交汇处),118.922073,32.089565,江苏省,南京市,栖霞区,
2295,仙林亚东城2期,商务住宅;住宅区;住宅小区,学衡路,118.915647,32.092634,江苏省,南京市,栖霞区,
2296,亚东城(南门),商务住宅;商务住宅相关;商务住宅相关,学则路地铁站1号口西南150米,118.914911,32.09031,江苏省,南京市,栖霞区,
2297,九霄梦天地售楼中心,商务住宅;商务住宅相关;商务住宅相关,学衡路2号,118.917528,32.092043,江苏省,南京市,栖霞区,
2298,娇兰嘉苑,商务住宅;商务住宅相关;商务住宅相关,学衡路5号1栋37室1楼,118.916266,32.093798,江苏省,南京市,栖霞区,
2299,学海馨苑,商务住宅;住宅区;住宅区,仙隐北路21号亚东城,118.914384,32.092923,江苏省,南京市,栖霞区,
2300,翡翠谷,商务住宅;住宅区;住宅区,仙林大学城南侧,118.925229,32.09305,江苏省,南京市,栖霞区,
2301,东墅山庄,商务住宅;住宅区;住宅小区,学子路与灵山北路交界处,118.930014,32.092855,江苏省,南京市,栖霞区,
2302,招商·依云溪谷雅苑,商务住宅;住宅区;住宅小区,仙林汇通路8号,118.924484,32.088892,江苏省,南京市,栖霞区,
2303,绿城东方玉园,商务住宅;住宅区;住宅小区,栖霞灵山北路与风华路交汇处,118.931562,32.087916,江苏省,南京市,栖霞区,
2304,朗诗保利麓院,商务住宅;住宅区;住宅小区,东至国有空地、西至汇通路和灵山北路,118.929762,32.087537,江苏省,南京市,栖霞区,
2305,尚东花园别墅区,商务住宅;住宅区;别墅,仙林大道汇通路,118.927449,32.0936,江苏省,南京市,栖霞区,
2306,保利礼墅,商务住宅;住宅区;别墅,灵山北路汇通路交汇处,118.928416,32.087148,江苏省,南京市,栖霞区,
2307,新城·尚东花园,商务住宅;住宅区;住宅小区,仙林大道118号,118.92555,32.093047,江苏省,南京市,栖霞区,
2308,英郡华府,商务住宅;住宅区;住宅区,仙林大道南侧(学子路与灵山北路交界处),118.930149,32.092323,江苏省,南京市,栖霞区,
2309,仙林风华园,商务住宅;住宅区;住宅小区,新城尚东区南侧汇通路9号,118.927291,32.089686,江苏省,南京市,栖霞区,
2310,新城尚东区,商务住宅;住宅区;住宅区,仙林大道118号,118.927485,32.09359,江苏省,南京市,栖霞区,
2311,英郡华府东墅山庄2期,商务住宅;住宅区;住宅小区,灵山北路9号,118.929722,32.092407,江苏省,南京市,栖霞区,
2312,九乡雅苑,商务住宅;住宅区;住宅小区,袁家边村,118.962081,32.092318,江苏省,南京市,江宁区,
2313,恒大龙珺(建设中),商务住宅;住宅区;住宅小区,九乡雅苑对面,118.959835,32.090822,江苏省,南京市,江宁区,
2314,西岗果牧场宿舍,商务住宅;住宅区;宿舍,,118.986048,32.084614,江苏省,南京市,栖霞区,
2315,华府国际3期,商务住宅;住宅区;住宅区,沿山大道东150米,118.60312,32.075688,江苏省,南京市,浦口区,
2316,华府国际,商务住宅;住宅区;住宅小区,江浦街道沿山大道88号,118.60548,32.074496,江苏省,南京市,浦口区,
2317,明发香山郡,商务住宅;住宅区;住宅小区,江浦街道沿山大道与财八路交叉口,118.605739,32.077447,江苏省,南京市,浦口区,
2318,香山珺,商务住宅;商务住宅相关;商务住宅相关,X303(黄山岭路),118.610974,32.077416,江苏省,南京市,浦口区,
2319,江苏建康职业学院学生公寓3幢,商务住宅;住宅区;宿舍,建康职业学院学生公寓3幢,118.609521,32.075678,江苏省,南京市,浦口区,
2320,江苏建康职业学院学生公寓2幢,商务住宅;住宅区;宿舍,建康职业学院学生公寓2幢,118.609542,32.075618,江苏省,南京市,浦口区,
2321,九月森林,商务住宅;住宅区;别墅,江浦街道象山路29号(黄山岭路和沿山大道交汇处),118.617051,32.076455,江苏省,南京市,浦口区,
2322,香山湖一号,商务住宅;住宅区;别墅,象山路19号,118.619821,32.076551,江苏省,南京市,浦口区,
2323,融侨观邸,商务住宅;住宅区;住宅小区,海院路88号(象山南路与海院路交汇处),118.629562,32.078991,江苏省,南京市,浦口区,
2324,东方熙龙山院,商务住宅;住宅区;住宅小区,江浦街道白马路90号,118.628251,32.082289,江苏省,南京市,浦口区,
2325,银城白马澜山,商务住宅;住宅区;住宅小区,江浦街道,118.628047,32.076055,江苏省,南京市,浦口区,
2326,浦口国有资产G87地块,商务住宅;楼宇;商务写字楼,江浦街道雨山西路和广电南路交汇处,118.62548,32.079368,江苏省,南京市,浦口区,
2327,通宇·林景雅园(象山路),商务住宅;住宅区;住宅小区,象山路18号,118.624384,32.077334,江苏省,南京市,浦口区,
2328,林景雅园北区,商务住宅;住宅区;住宅区,海院路西200米,118.62431,32.08094,江苏省,南京市,浦口区,
2329,白马澜山苑,商务住宅;住宅区;住宅小区,海院路与狮山路交叉口西150米,118.626772,32.076189,江苏省,南京市,浦口区,
2330,融侨观邸左岸,商务住宅;住宅区;住宅小区,狮山路北200米,118.6331,32.080465,江苏省,南京市,浦口区,
2331,濮院钻石公馆,商务住宅;商务住宅相关;商务住宅相关,白马路附近,118.6329,32.075,江苏省,南京市,浦口区,
2332,白马村新民组100-10,商务住宅;商务住宅相关;商务住宅相关,狮山路南200米,118.625635,32.074603,江苏省,南京市,浦口区,
2333,新民组居民区,商务住宅;住宅区;住宅小区,,118.62601,32.074263,江苏省,南京市,浦口区,
2334,揽月山庄(北门),商务住宅;商务住宅相关;商务住宅相关,狮山路东100米,118.632739,32.077697,江苏省,南京市,浦口区,
2335,南京工业大学-桂苑学生公寓南楼,商务住宅;住宅区;宿舍,浦口大道,118.640294,32.075031,江苏省,南京市,浦口区,
2336,南京工业大学-桂苑学生公寓北楼,商务住宅;住宅区;宿舍,浦珠南路30号,118.640111,32.075351,江苏省,南京市,浦口区,
2337,揽月山庄,商务住宅;住宅区;住宅小区,江浦街道白马居委会大村组揽月山庄,118.635289,32.076894,江苏省,南京市,浦口区,
2338,新南苑,商务住宅;住宅区;宿舍,南京工业大学江浦校区,118.639417,32.07467,江苏省,南京市,浦口区,
2339,南京工业大学江浦校区东苑,商务住宅;住宅区;宿舍,浦口大道,118.640082,32.078254,江苏省,南京市,浦口区,
2340,南京工业大学-景斋学生公寓,商务住宅;住宅区;宿舍,浦珠南路30号,118.640494,32.074223,江苏省,南京市,浦口区,
2341,南京工业大学江浦校区-西苑学生公寓,商务住宅;住宅区;宿舍,浦口大道东150米,118.638484,32.076924,江苏省,南京市,浦口区,
2342,明发云庭,商务住宅;住宅区;住宅小区,七里路与浦马路交汇处(南京工业大学东侧),118.647551,32.083505,江苏省,南京市,浦口区,
2343,南京工业大学-浦江宿舍06幢,商务住宅;住宅区;宿舍,七里路,118.646157,32.079969,江苏省,南京市,浦口区,
2344,南京工业大学-浦江宿舍01幢,商务住宅;住宅区;宿舍,七里路,118.64582,32.080378,江苏省,南京市,浦口区,
2345,南京工业大学-浦江宿舍05幢,商务住宅;住宅区;宿舍,,118.646333,32.079255,江苏省,南京市,浦口区,
2346,南京工业大学-浦江宿舍03幢,商务住宅;住宅区;宿舍,,118.647748,32.079877,江苏省,南京市,浦口区,
2347,南京工业大学-浦江宿舍04幢,商务住宅;住宅区;宿舍,七里路,118.647249,32.079542,江苏省,南京市,浦口区,
2348,南京工业大学-浦江宿舍02幢,商务住宅;住宅区;宿舍,,118.646869,32.080063,江苏省,南京市,浦口区,
2349,南京工业大学-浦江学生公寓,商务住宅;住宅区;宿舍,七里路南200米,118.646782,32.080097,江苏省,南京市,浦口区,
2350,综合办公楼,商务住宅;商务住宅相关;商务住宅相关,前圩路与南京扬子江隧道交叉口西南150米,118.705244,32.083798,江苏省,南京市,浦口区,
2351,南空江滨公寓,商务住宅;住宅区;住宅小区,唐山路120号,118.73318,32.082093,江苏省,南京市,鼓楼区,
2352,二板桥住宅,商务住宅;住宅区;住宅区,热河南路二板桥,118.73912,32.07923,江苏省,南京市,鼓楼区,
2353,宁惠新寓,商务住宅;住宅区;住宅小区,鼓楼二板桥402号,118.738949,32.08024,江苏省,南京市,鼓楼区,
2354,白云小区,商务住宅;住宅区;住宅小区,热河南路112号,118.740344,32.07845,江苏省,南京市,鼓楼区,
2355,热河南路五段小区,商务住宅;住宅区;住宅小区,热河南路62号,118.740595,32.07991,江苏省,南京市,鼓楼区,
2356,鼓楼区热河南路街道白云亭社区,商务住宅;住宅区;社区中心,南通路与惠民路交叉口东南100米,118.73752,32.078179,江苏省,南京市,鼓楼区,
2357,二板桥473号,商务住宅;住宅区;住宅区,二板桥与南惠路交叉口东50米,118.740113,32.080658,江苏省,南京市,鼓楼区,
2358,边城世家,商务住宅;住宅区;住宅小区,惠民路与南通路交汇处,118.737681,32.077303,江苏省,南京市,鼓楼区,
2359,润开华府,商务住宅;住宅区;住宅小区,二板桥351-471号(热河南路下关体校西对面),118.740577,32.081432,江苏省,南京市,鼓楼区,
2360,世茂外滩99,商务住宅;住宅区;住宅区,南通路3号,118.735722,32.079224,江苏省,南京市,鼓楼区,
2361,白云亭小区(白云亭路),商务住宅;住宅区;住宅小区,二板桥561号白云亭小区,118.739295,32.076203,江苏省,南京市,鼓楼区,
2362,世茂外滩新城,商务住宅;住宅区;住宅小区,南通路88号,118.735281,32.080007,江苏省,南京市,鼓楼区,
2363,姜家圩住宅,商务住宅;住宅区;住宅区,鼓楼姜家圩77号,118.742862,32.080713,江苏省,南京市,鼓楼区,
2364,姜家圩54号小区,商务住宅;住宅区;住宅小区,鼓楼姜家圩54号,118.742773,32.078215,江苏省,南京市,鼓楼区,
2365,江海大院,商务住宅;住宅区;住宅小区,二板桥574号,118.73732,32.076006,江苏省,南京市,鼓楼区,
2366,姜家圩53号小区,商务住宅;住宅区;住宅小区,鼓楼姜家圩53号,118.743097,32.078247,江苏省,南京市,鼓楼区,
2367,二板桥349号,商务住宅;住宅区;住宅区,二板桥与新兴路交叉口东南100米,118.740931,32.082681,江苏省,南京市,鼓楼区,
2368,南京世茂外滩新城二期(惠民路),商务住宅;住宅区;住宅小区,惠民路与郑和中路交叉口西南100米,118.738715,32.083122,江苏省,南京市,鼓楼区,
2369,姜家圩51号,商务住宅;住宅区;住宅区,姜家园路与姜家圩交叉口西南50米,118.743933,32.079047,江苏省,南京市,鼓楼区,
2370,世茂滨江新城(南通路),商务住宅;住宅区;住宅小区,南通路99号(江边),118.734211,32.077412,江苏省,南京市,鼓楼区,
2371,姜圩路小区,商务住宅;住宅区;住宅小区,姜圩路130号,118.743361,32.081651,江苏省,南京市,鼓楼区,
2372,栗树园住宅,商务住宅;住宅区;住宅区,"姜家圩路(南接姜家圩路,西至察哈尔路,北到热河南路)",118.74299,32.07553,江苏省,南京市,鼓楼区,
2373,皇冠钻石双星,商务住宅;住宅区;住宅小区,淮滨路2号,118.736918,32.074674,江苏省,南京市,鼓楼区,
2374,东风厂宿舍,商务住宅;住宅区;宿舍,热河南路31号,118.742197,32.08318,江苏省,南京市,鼓楼区,
2375,桃清苑,商务住宅;住宅区;住宅小区,察哈尔路136号,118.742665,32.075376,江苏省,南京市,鼓楼区,
2376,热河南路310号,商务住宅;住宅区;住宅区,淮滨路与热河南路交叉口北100米,118.74044,32.074327,江苏省,南京市,鼓楼区,
2377,姜家园102号,商务住宅;住宅区;住宅区,姜家园102-1号附近,118.743629,32.082539,江苏省,南京市,鼓楼区,
2378,凯鸿隽府,商务住宅;住宅区;住宅小区,热河南路31号,118.743278,32.083244,江苏省,南京市,鼓楼区,
2379,姜家圩77号,商务住宅;住宅区;住宅区,姜家圩72号附近,118.7432,32.074239,江苏省,南京市,鼓楼区,
2380,江河彭城商务楼,商务住宅;楼宇;商务写字楼,热河南路195号,118.740798,32.074217,江苏省,南京市,鼓楼区,
2381,唐山路120号综合楼,商务住宅;楼宇;商务写字楼,唐山路120号,118.73409,32.083,江苏省,南京市,鼓楼区,
2382,国贸丝绸综合楼,商务住宅;商务住宅相关;商务住宅相关,热河南路130号,118.73982,32.07754,江苏省,南京市,鼓楼区,
2383,华扬大厦,商务住宅;楼宇;商务写字楼,热河南路37号,118.742035,32.081858,江苏省,南京市,鼓楼区,
2384,海天大厦(热河南路),商务住宅;楼宇;商务写字楼,热河南路154-308号,118.740124,32.075693,江苏省,南京市,鼓楼区,
2385,运政大厦,商务住宅;楼宇;商务写字楼,热河南路101附近,118.740942,32.075108,江苏省,南京市,鼓楼区,
2386,归云堂26号,商务住宅;住宅区;住宅区,归云堂西50米,118.748672,32.078971,江苏省,南京市,鼓楼区,
2387,宏业村1-1临,商务住宅;商务住宅相关;商务住宅相关,归云堂南50米,118.749474,32.078983,江苏省,南京市,鼓楼区,
2388,宏业村2-2临,商务住宅;商务住宅相关;商务住宅相关,归云堂南50米,118.749405,32.078865,江苏省,南京市,鼓楼区,
2389,宏业村3-1临,商务住宅;商务住宅相关;商务住宅相关,归云堂南50米,118.749382,32.078835,江苏省,南京市,鼓楼区,
2390,宏业村2-1临,商务住宅;商务住宅相关;商务住宅相关,归云堂南50米,118.749414,32.078831,江苏省,南京市,鼓楼区,
2391,宏业村3-2临,商务住宅;商务住宅相关;商务住宅相关,归云堂南50米,118.749296,32.078745,江苏省,南京市,鼓楼区,
2392,宏业村1-2临,商务住宅;商务住宅相关;商务住宅相关,归云堂南50米,118.749463,32.07887,江苏省,南京市,鼓楼区,
2393,归云堂28号,商务住宅;住宅区;住宅区,归云堂西100米,118.748082,32.07928,江苏省,南京市,鼓楼区,
2394,归云堂34号,商务住宅;住宅区;住宅区,归云堂西150米,118.74799,32.079436,江苏省,南京市,鼓楼区,
2395,宏业村小区,商务住宅;住宅区;住宅小区,虎踞北路53号宏业村,118.749612,32.078243,江苏省,南京市,鼓楼区,
2396,城中莜苑,商务住宅;住宅区;住宅小区,归云堂15号,118.749626,32.080148,江苏省,南京市,鼓楼区,
2397,金城花园,商务住宅;住宅区;住宅小区,察哈尔路丁山香格里拉旁,118.747666,32.078197,江苏省,南京市,鼓楼区,
2398,花香季雨园,商务住宅;住宅区;住宅小区,戴家巷11号,118.74917,32.080664,江苏省,南京市,鼓楼区,
2399,港口小区,商务住宅;住宅区;住宅小区,戴家巷港口小区,118.750341,32.080337,江苏省,南京市,鼓楼区,
2400,丁山桂墅园,商务住宅;住宅区;别墅,鼓楼戴家巷归云堂1号,118.750236,32.081027,江苏省,南京市,鼓楼区,
2401,镇江路59号小区,商务住宅;住宅区;住宅小区,镇江路59号,118.751463,32.079469,江苏省,南京市,鼓楼区,
2402,丁山公寓楼,商务住宅;住宅区;住宅小区,察哈尔路90号,118.749322,32.07692,江苏省,南京市,鼓楼区,
2403,镇江路61号小区,商务住宅;住宅区;住宅小区,镇江路61号,118.751633,32.080285,江苏省,南京市,鼓楼区,
2404,镇江路51号小区,商务住宅;住宅区;住宅小区,镇江路51号,118.752038,32.079345,江苏省,南京市,鼓楼区,
2405,镇江路47号小区,商务住宅;住宅区;住宅小区,镇江路47号,118.752172,32.078866,江苏省,南京市,鼓楼区,
2406,华严岗一号,商务住宅;商务住宅相关;商务住宅相关,中国华严岗1号a座8楼,118.748332,32.076489,江苏省,南京市,鼓楼区,
2407,丁山楼,商务住宅;住宅区;住宅小区,察哈尔路90号,118.749975,32.076309,江苏省,南京市,鼓楼区,
2408,戴家巷88号小区,商务住宅;住宅区;住宅小区,戴家巷88号,118.751656,32.081027,江苏省,南京市,鼓楼区,
2409,镇江路43号小区,商务住宅;住宅区;住宅小区,镇江路43号,118.752363,32.078551,江苏省,南京市,鼓楼区,
2410,镇江路49号小区,商务住宅;住宅区;住宅小区,戴家巷与镇江路交叉口南100米,118.752455,32.079608,江苏省,南京市,鼓楼区,
2411,原铁道部职工宿舍,商务住宅;住宅区;宿舍,虎踞北路镇江路47号,118.75248,32.07885,江苏省,南京市,鼓楼区,
2412,镇江路41号小区,商务住宅;住宅区;住宅小区,镇江路41号,118.75252,32.078262,江苏省,南京市,鼓楼区,
2413,戴家巷39-41号小区,商务住宅;住宅区;住宅小区,戴家巷39-41号,118.751553,32.081754,江苏省,南京市,鼓楼区,
2414,太古山庄,商务住宅;住宅区;住宅小区,虎踞北路181-2号,118.752571,32.081034,江苏省,南京市,鼓楼区,
2415,四维新村,商务住宅;住宅区;住宅区,大桥南路四维新村,118.750268,32.082612,江苏省,南京市,鼓楼区,
2416,利群村,商务住宅;住宅区;住宅小区,戴家巷19号,118.750379,32.082602,江苏省,南京市,鼓楼区,
2417,丁山别墅,商务住宅;住宅区;别墅,察哈尔路90号丁山花园大酒店,118.752335,32.077017,江苏省,南京市,鼓楼区,
2418,百花小区,商务住宅;住宅区;住宅小区,热河南路姜家园189号,118.744629,32.078077,江苏省,南京市,鼓楼区,
2419,姜家园121号,商务住宅;住宅区;住宅区,姜圩路与姜家园交叉口南150米,118.745057,32.0813,江苏省,南京市,鼓楼区,
2420,姜家园169号,商务住宅;住宅区;住宅区,姜家圩与姜家巷交叉口北100米,118.7443,32.078533,江苏省,南京市,鼓楼区,
2421,鼓楼区挹江门街道戴家巷社区,商务住宅;住宅区;社区中心,戴家巷16号附近,118.751039,32.082755,江苏省,南京市,鼓楼区,
2422,丁山社区,商务住宅;住宅区;住宅小区,虎踞北路75号,118.753192,32.077152,江苏省,南京市,鼓楼区,
2423,华严岗住宅,商务住宅;住宅区;住宅区,虎踞路华严岗,118.747634,32.07482,江苏省,南京市,鼓楼区,
2424,桃花源居(姜家园),商务住宅;住宅区;住宅小区,姜家园115号,118.745479,32.082303,江苏省,南京市,鼓楼区,
2425,戴家巷小区,商务住宅;住宅区;住宅小区,大桥南路戴家巷36号,118.751521,32.083187,江苏省,南京市,鼓楼区,
2426,航道局宿舍,商务住宅;住宅区;住宅小区,虎踞北路183号,118.753178,32.082234,江苏省,南京市,鼓楼区,
2427,未来域白领公寓,商务住宅;住宅区;住宅小区,归云堂与戴家巷交叉口北150米,118.750097,32.083811,江苏省,南京市,鼓楼区,
2428,察哈尔路71号小区,商务住宅;住宅区;住宅小区,察哈尔路71号,118.751438,32.0749,江苏省,南京市,鼓楼区,
2429,劳工新村,商务住宅;住宅区;住宅小区,鼓楼姜家园115号,118.744801,32.082557,江苏省,南京市,鼓楼区,
2430,文里安17号,商务住宅;住宅区;住宅区,戴家巷10号附近,118.751556,32.083552,江苏省,南京市,鼓楼区,
2431,察哈尔路69号小区,商务住宅;住宅区;住宅小区,察哈尔路69号,118.751578,32.074804,江苏省,南京市,鼓楼区,
2432,锋尚国际公寓北区,商务住宅;住宅区;住宅小区,姜家园路299号,118.744342,32.075995,江苏省,南京市,鼓楼区,
2433,察哈尔路六十七号小区,商务住宅;住宅区;住宅小区,察哈尔路67号,118.752962,32.075259,江苏省,南京市,鼓楼区,
2434,姜家园96号小区,商务住宅;住宅区;住宅小区,姜家园96号,118.74419,32.082594,江苏省,南京市,鼓楼区,
2435,久安里,商务住宅;住宅区;住宅区,大桥南路,118.751308,32.084141,江苏省,南京市,鼓楼区,
2436,姜家园92号,商务住宅;住宅区;住宅区,姜家园95号附近,118.744343,32.083048,江苏省,南京市,鼓楼区,
2437,虎踞北路53号小区,商务住宅;住宅区;住宅小区,虎踞北路53号,118.752603,32.074551,江苏省,南京市,鼓楼区,
2438,鼎鑫都市姜家园(北门),商务住宅;商务住宅相关;商务住宅相关,姜家园90号,118.74445,32.08352,江苏省,南京市,鼓楼区,
2439,南祖师庵5号小区,商务住宅;住宅区;住宅小区,南祖师庵与虎踞北路交叉口西100米,118.752912,32.084081,江苏省,南京市,鼓楼区,
2440,南京友好大厦,商务住宅;楼宇;商务写字楼,虎踞北路185号,118.752145,32.083424,江苏省,南京市,鼓楼区,
2441,虎踞大厦,商务住宅;楼宇;商务写字楼,虎踞北路122号,118.753906,32.08208,江苏省,南京市,鼓楼区,
2442,金源大厦(虎踞北路),商务住宅;楼宇;商务写字楼,虎踞北路181号金源太古山庄(近模范路),118.753079,32.080777,江苏省,南京市,鼓楼区,
2443,牛顿公园,商务住宅;楼宇;商务写字楼,虎踞北路79号,118.753448,32.077916,江苏省,南京市,鼓楼区,
2444,归云堂住宅,商务住宅;楼宇;商住两用楼宇|商务住宅;住宅区;住宅区,归云堂13号附近,118.749511,32.080533,江苏省,南京市,鼓楼区,
2445,太古山庄3,商务住宅;商务住宅相关;商务住宅相关,双门楼与戴家巷交叉口东北50米,118.752028,32.081408,江苏省,南京市,鼓楼区,
2446,电信物业287大楼,商务住宅;楼宇;商务写字楼,中山北路287号,118.760119,32.079137,江苏省,南京市,鼓楼区,
2447,鲁迅园小区,商务住宅;住宅区;住宅小区,中山北路283号,118.759712,32.078339,江苏省,南京市,鼓楼区,
2448,中山北路283号小区(电信物业287大楼东),商务住宅;住宅区;住宅小区,中山北路283号,118.760463,32.07872,江苏省,南京市,鼓楼区,
2449,旅服大厦,商务住宅;楼宇;商务写字楼,中山北路240号,118.760141,32.080232,江苏省,南京市,鼓楼区,
2450,天和大厦(中山北路),商务住宅;楼宇;商务写字楼,中山北路216号北四楼,118.761094,32.079411,江苏省,南京市,鼓楼区,
2451,一号办公大楼,商务住宅;楼宇;商务写字楼,中山北路283号,118.760827,32.078019,江苏省,南京市,鼓楼区,
2452,天和园(中山北路),商务住宅;住宅区;住宅小区,中山北路212号,118.761616,32.079331,江苏省,南京市,鼓楼区,
2453,建邺邨,商务住宅;住宅区;住宅小区,"南师附中后门口,三牌楼虹桥中心背后",118.759426,32.076911,江苏省,南京市,鼓楼区,
2454,同达大厦,商务住宅;楼宇;商务写字楼,中央门街道中山北路212-8号,118.761744,32.078772,江苏省,南京市,鼓楼区,
2455,福建路85号小区,商务住宅;住宅区;住宅小区,福建路85号,118.761323,32.080725,江苏省,南京市,鼓楼区,
2456,江苏物资大厦,商务住宅;楼宇;商务写字楼,中山北路283-1号,118.761622,32.078033,江苏省,南京市,鼓楼区,
2457,永昌大厦(中山北路),商务住宅;楼宇;商务写字楼,中山北路212号,118.76205,32.078381,江苏省,南京市,鼓楼区,
2458,雅舍办公楼,商务住宅;楼宇;商务写字楼,中山北路212号雅舍办公楼,118.762388,32.078318,江苏省,南京市,鼓楼区,
2459,察哈尔路十二新村(察哈尔路),商务住宅;住宅区;住宅区,察哈尔路与察哈尔路十二巷交叉口西北150米,118.755481,32.078559,江苏省,南京市,鼓楼区,
2460,察哈尔路商住楼,商务住宅;住宅区;住宅区,察哈尔路16号6栋,118.75527,32.078264,江苏省,南京市,鼓楼区,
2461,颂德里交通一村,商务住宅;住宅区;住宅小区,三牌楼大街与颂德里交叉口西100米,118.762279,32.080744,江苏省,南京市,鼓楼区,
2462,南师附中十二新村教工宿舍,商务住宅;住宅区;宿舍|商务住宅;住宅区;住宅小区,察哈尔路十二新村11-17号,118.755229,32.078308,江苏省,南京市,鼓楼区,
2463,新城市·虹桥中心2栋B区,商务住宅;楼宇;商务写字楼,中山北路281,118.76233,32.077437,江苏省,南京市,鼓楼区,
2464,三牌楼大街211-215号院,商务住宅;住宅区;住宅小区,三牌楼大街211-215号,118.761882,32.081505,江苏省,南京市,鼓楼区,
2465,中山北路212-2号A3楼,商务住宅;楼宇;商务写字楼,中山北路212-2号,118.76296,32.078023,江苏省,南京市,鼓楼区,
2466,楼子巷一三一巷小区,商务住宅;住宅区;住宅小区,楼子巷131巷50,118.763057,32.080008,江苏省,南京市,鼓楼区,
2467,金鼎湾·如院,商务住宅;住宅区;住宅小区,中山北路279号,118.761432,32.076273,江苏省,南京市,鼓楼区,
2468,南京政治学院离休干部经济适用住房,商务住宅;住宅区;住宅区,萨家湾与铁路北街交叉口东南50米,118.760619,32.082606,江苏省,南京市,鼓楼区,
2469,核工桂花园,商务住宅;住宅区;住宅小区,察哈尔路16号,118.755007,32.077293,江苏省,南京市,鼓楼区,
2470,钟阜大厦,商务住宅;楼宇;商住两用楼宇,三牌楼大街238号,118.762362,32.081798,江苏省,南京市,鼓楼区,
2471,回龙桥8号院,商务住宅;住宅区;住宅小区,回龙桥8号,118.75697,32.075669,江苏省,南京市,鼓楼区,
2472,金川雅居,商务住宅;住宅区;住宅小区,萨家湾39号,118.759822,32.083139,江苏省,南京市,鼓楼区,
2473,察哈尔路39号院,商务住宅;住宅区;住宅小区,察哈尔路39号,118.755401,32.076433,江苏省,南京市,鼓楼区,
2474,新城市·虹桥中心02幢A区,商务住宅;楼宇;商务写字楼,中山北路281号,118.762843,32.076528,江苏省,南京市,鼓楼区,
2475,回龙桥11号,商务住宅;住宅区;住宅区,镇江路38号附近,118.758122,32.07504,江苏省,南京市,鼓楼区,
2476,福建路63-65号院,商务住宅;住宅区;住宅小区,三牌楼大街230-234号,118.762758,32.081967,江苏省,南京市,鼓楼区,
2477,萨家湾小区,商务住宅;住宅区;住宅小区,萨家湾9号,118.761419,32.082948,江苏省,南京市,鼓楼区,
2478,镇江路10号院,商务住宅;住宅区;住宅小区,镇江路10号,118.75575,32.075855,江苏省,南京市,鼓楼区,
2479,萨家湾花苑,商务住宅;住宅区;住宅小区,福建路萨家湾41号,118.759495,32.083626,江苏省,南京市,鼓楼区,
2480,镇江路8号-1,商务住宅;住宅区;住宅区,镇江路8-1号,118.755421,32.075777,江苏省,南京市,鼓楼区,
2481,镇江路8号院,商务住宅;住宅区;住宅小区,镇江路8-1号,118.755674,32.075566,江苏省,南京市,鼓楼区,
2482,察哈尔路社区,商务住宅;住宅区;住宅小区|地名地址信息;普通地名;村庄级地名,虎踞北路86号,118.754284,32.076837,江苏省,南京市,鼓楼区,
2483,西瓜圃桥1号,商务住宅;住宅区;住宅区,三牌楼大街220号附近,118.76325,32.082009,江苏省,南京市,鼓楼区,
2484,镇江路6号院,商务住宅;住宅区;住宅小区,镇江路6号,118.755947,32.075274,江苏省,南京市,鼓楼区,
2485,新城市·虹桥中心1幢,商务住宅;楼宇;商务写字楼,中山北路281号,118.763275,32.076238,江苏省,南京市,鼓楼区,
2486,回龙桥13号院,商务住宅;住宅区;住宅小区,回龙桥13号,118.757334,32.074686,江苏省,南京市,鼓楼区,
2487,中山北路313号院,商务住宅;住宅区;住宅区,中山北路313号,118.755362,32.082942,江苏省,南京市,鼓楼区,
2488,和会街115号院,商务住宅;住宅区;住宅区,和会街115号,118.763893,32.076772,江苏省,南京市,鼓楼区,
2489,双门楼小区,商务住宅;住宅区;住宅小区,虎踞北路和中山北路交叉口,118.754872,32.082849,江苏省,南京市,鼓楼区,
2490,金川门小区,商务住宅;住宅区;住宅小区,福建路金川门外街6-20号,118.759481,32.0841,江苏省,南京市,鼓楼区,
2491,南京航仪厂宿舍,商务住宅;住宅区;宿舍,虎踞北路122号,118.754021,32.081801,江苏省,南京市,鼓楼区,
2492,西瓜圃桥9号,商务住宅;住宅区;住宅区,三牌楼大街220号附近,118.763741,32.08206,江苏省,南京市,鼓楼区,
2493,镇江路4号院,商务住宅;住宅区;住宅小区,镇江路4号,118.756408,32.074716,江苏省,南京市,鼓楼区,
2494,鼓楼区铁路北街教师楼,商务住宅;住宅区;住宅区,铁路北街150号,118.757517,32.084104,江苏省,南京市,鼓楼区,
2495,福建新村,商务住宅;住宅区;住宅小区,福建路福建新村2号,118.763296,32.082648,江苏省,南京市,鼓楼区,
2496,镇江路13号院,商务住宅;住宅区;住宅区,镇江路13号,118.755513,32.074813,江苏省,南京市,鼓楼区,
2497,陵村小区,商务住宅;住宅区;住宅小区,萨家湾59-87号小区,118.756439,32.084155,江苏省,南京市,鼓楼区,
2498,镇江路17号院,商务住宅;住宅区;住宅小区,镇江路17号,118.754875,32.07508,江苏省,南京市,鼓楼区,
2499,江苏民政康复医院家属院,商务住宅;住宅区;住宅小区,洪庙巷1号,118.7625,32.08364,江苏省,南京市,鼓楼区,
2500,南艺邮电学生公寓,商务住宅;住宅区;宿舍,挹江门街道镇江路13号,118.755219,32.074836,江苏省,南京市,鼓楼区,
2501,洪庙巷小区,商务住宅;住宅区;住宅小区,福建路20号旁,118.762826,32.083665,江苏省,南京市,鼓楼区,
2502,回龙桥社区,商务住宅;住宅区;住宅小区,校门口1号17-22幢小区,118.762194,32.074367,江苏省,南京市,鼓楼区,
2503,西妙峰庵16号,商务住宅;住宅区;住宅区,中山北路与西妙峰庵交叉口东50米,118.75566,32.084074,江苏省,南京市,鼓楼区,
2504,福建路14号院,商务住宅;住宅区;住宅小区,福建路14号,118.763267,32.083545,江苏省,南京市,鼓楼区,
2505,中山骏景,商务住宅;楼宇;商住两用楼宇,中山北路333,118.754484,32.083899,江苏省,南京市,鼓楼区,
2506,虎踞北路小区,商务住宅;住宅区;住宅小区,虎踞北路,118.754661,32.074415,江苏省,南京市,鼓楼区,
2507,福建路10号院,商务住宅;住宅区;住宅小区,福建路10号,118.763396,32.084015,江苏省,南京市,鼓楼区,
2508,虹桥新城市广场,商务住宅;商务住宅相关;商务住宅相关,中山北路281号虹桥新城市广场(近和会街),118.762474,32.076801,江苏省,南京市,鼓楼区,
2509,颂德里,地名地址信息;交通地名;道路名|商务住宅;住宅区;住宅小区,福建路颂德里,118.760951,32.080013,江苏省,南京市,鼓楼区,
2510,交通一村2-3临,商务住宅;商务住宅相关;商务住宅相关,三牌楼大街与颂德里交叉口北50米,118.763306,32.08091,江苏省,南京市,鼓楼区,
2511,校门口1号(西门),商务住宅;商务住宅相关;商务住宅相关,,118.761281,32.074238,江苏省,南京市,鼓楼区,
2512,交通一村14号5临,商务住宅;商务住宅相关;商务住宅相关,三牌楼大街与颂德里交叉口北50米,118.763137,32.081216,江苏省,南京市,鼓楼区,
2513,交通一村24号5临,商务住宅;商务住宅相关;商务住宅相关,三牌楼大街218-5临附近,118.762914,32.081411,江苏省,南京市,鼓楼区,
2514,交通一村24号6临,商务住宅;商务住宅相关;商务住宅相关,三牌楼大街218-5临附近,118.762906,32.081419,江苏省,南京市,鼓楼区,
2515,南京邮电大学教工宿舍第15幢,商务住宅;住宅区;宿舍,广东路38-19号附近,118.769269,32.079543,江苏省,南京市,鼓楼区,
2516,模范新村,商务住宅;住宅区;住宅小区,模范新村24,118.769461,32.07878,江苏省,南京市,鼓楼区,
2517,开元新寓,商务住宅;住宅区;住宅小区,模范马路130号,118.768773,32.078426,江苏省,南京市,鼓楼区,
2518,南京邮电大学教工宿舍第9幢,商务住宅;住宅区;宿舍,广东路38号9幢,118.76851,32.079897,江苏省,南京市,鼓楼区,
2519,模范马路小区(模范马路),商务住宅;住宅区;住宅小区,模范马路129号-199号,118.769185,32.077834,江苏省,南京市,鼓楼区,
2520,西流湾家园,商务住宅;住宅区;住宅小区,三牌楼大街10号,118.767008,32.078584,江苏省,南京市,鼓楼区,
2521,三牌楼大街47号小区,商务住宅;住宅区;住宅小区,三牌楼大街47号,118.76762,32.077748,江苏省,南京市,鼓楼区,
2522,青创空间,商务住宅;商务住宅相关;商务住宅相关,中央门街道新模范马路66号南邮大厦,118.770306,32.077795,江苏省,南京市,鼓楼区,
2523,狗耳巷小区,商务住宅;住宅区;住宅小区,三牌楼大街与和会街交叉口,118.766986,32.077149,江苏省,南京市,鼓楼区,
2524,南京农业大学宿舍区,商务住宅;住宅区;宿舍,和会街25号,118.766447,32.077619,江苏省,南京市,鼓楼区,
2525,东柏果园,商务住宅;住宅区;住宅小区,南瑞路紫竹林16号,118.772063,32.078909,江苏省,南京市,鼓楼区,
2526,南京邮电大学(东2门),商务住宅;商务住宅相关;商务住宅相关,南瑞路9号附近,118.771952,32.080103,江苏省,南京市,鼓楼区,
2527,三牌楼小区,商务住宅;住宅区;住宅小区,三牌楼大街138号,118.765716,32.080444,江苏省,南京市,鼓楼区,
2528,和会街40号院,商务住宅;住宅区;住宅小区,和会街40号,118.765739,32.078245,江苏省,南京市,鼓楼区,
2529,君和家园,商务住宅;住宅区;住宅小区,新门口2号,118.768632,32.082102,江苏省,南京市,鼓楼区,
2530,宏景公寓,商务住宅;住宅区;住宅小区,新模范马路17号,118.770872,32.076531,江苏省,南京市,鼓楼区,
2531,经典家园(三牌楼大街),商务住宅;住宅区;住宅小区,三牌楼大街109号,118.765157,32.079174,江苏省,南京市,鼓楼区,
2532,和会街四十九巷小区,商务住宅;住宅区;住宅小区,三牌楼和会街51-7号,118.765525,32.077686,江苏省,南京市,鼓楼区,
2533,铁路南街49号小区,商务住宅;住宅区;住宅小区,铁路南街49号,118.77023,32.076041,江苏省,南京市,鼓楼区,
2534,南瑞产业楼,商务住宅;商务住宅相关;商务住宅相关,南瑞路8号,118.77294,32.081105,江苏省,南京市,鼓楼区,
2535,新门口10号家属院,商务住宅;住宅区;住宅小区,新门口10号,118.767762,32.082915,江苏省,南京市,鼓楼区,
2536,南汽宿舍,商务住宅;住宅区;宿舍,司背后2号,118.772095,32.076396,江苏省,南京市,鼓楼区,
2537,娄子巷小区,商务住宅;住宅区;住宅小区,三牌楼大街156号,118.764821,32.080979,江苏省,南京市,鼓楼区,
2538,将军庙40号,商务住宅;住宅区;住宅区,马台街40-6号楼附近,118.770343,32.075443,江苏省,南京市,鼓楼区,
2539,南京邮电大学学生宿舍,商务住宅;住宅区;宿舍,南瑞路12临附近,118.77203,32.082203,江苏省,南京市,鼓楼区,
2540,南京工业大学虹桥学生公寓,商务住宅;住宅区;宿舍,中山北路200号实验楼107室,118.76708,32.075465,江苏省,南京市,鼓楼区,
2541,宁和新寓(三牌楼大街),商务住宅;住宅区;住宅小区,和会街90号,118.764104,32.078709,江苏省,南京市,鼓楼区,
2542,新门口社区,商务住宅;住宅区;住宅小区,钟阜路18号,118.766379,32.082989,江苏省,南京市,鼓楼区,
2543,将军庙38号小区,商务住宅;住宅区;住宅小区,将军庙38号,118.770653,32.075016,江苏省,南京市,鼓楼区,
2544,铁路南街41号小区,商务住宅;住宅区;住宅小区,铁路南街41号,118.771269,32.075211,江苏省,南京市,鼓楼区,
2545,中山北路202-1号,商务住宅;商务住宅相关;商务住宅相关,中山北路与狗耳巷交叉口东北100米,118.76496,32.076259,江苏省,南京市,鼓楼区,
2546,西瓜圃桥小区,商务住宅;住宅区;住宅小区,三牌楼大街,118.764573,32.081866,江苏省,南京市,鼓楼区,
2547,中山北路200-2号小区,商务住宅;住宅区;住宅小区,中山北路200-2号,118.769918,32.074673,江苏省,南京市,鼓楼区,
2548,东瓜圃桥33-37号院,商务住宅;住宅区;住宅小区,东瓜圃桥33-37号,118.764809,32.082408,江苏省,南京市,鼓楼区,
2549,将军庙36号小区,商务住宅;住宅区;住宅小区,将军庙36号,118.770827,32.074685,江苏省,南京市,鼓楼区,
2550,虹桥小区,商务住宅;住宅区;住宅小区,中山北路204号,118.76423,32.07644,江苏省,南京市,鼓楼区,
2551,蔡家巷,商务住宅;住宅区;住宅小区,蔡家巷22号,118.773597,32.082205,江苏省,南京市,鼓楼区,
2552,新模范马路九号小区,商务住宅;住宅区;住宅小区,新模范马路9号,118.77376,32.076393,江苏省,南京市,鼓楼区,
2553,南京饭店商务楼,商务住宅;商务住宅相关;商务住宅相关,中山北路259-5号附近,118.764511,32.075328,江苏省,南京市,鼓楼区,
2554,工行新寓,商务住宅;住宅区;住宅小区,将军庙28号,118.771396,32.074576,江苏省,南京市,鼓楼区,
2555,公行新寓8号,商务住宅;住宅区;住宅区,马台街16号附近,118.771448,32.074387,江苏省,南京市,鼓楼区,
2556,紫竹林21号小区,商务住宅;住宅区;住宅小区,紫竹林21号,118.773432,32.082996,江苏省,南京市,鼓楼区,
2557,华富园,商务住宅;住宅区;住宅小区,福建路31号,118.764078,32.083044,江苏省,南京市,鼓楼区,
2558,中南园,商务住宅;住宅区;住宅小区,福建路23号,118.765064,32.084085,江苏省,南京市,鼓楼区,
2559,锦南商务楼,商务住宅;楼宇;商务写字楼,中山北路259号,118.7646,32.075501,江苏省,南京市,鼓楼区,
2560,帝博商务楼,商务住宅;楼宇;商务写字楼,三牌楼大街151-1号,118.764215,32.079906,江苏省,南京市,鼓楼区,
2561,华富大厦(福建路),商务住宅;楼宇;商务写字楼,福建路31号华富园1号华富大厦,118.764034,32.083432,江苏省,南京市,鼓楼区,
2562,江苏工人大厦,商务住宅;楼宇;商务写字楼,中山北路202,118.765698,32.075843,江苏省,南京市,鼓楼区,
2563,南邮大厦,商务住宅;楼宇;商务写字楼,新模范马路66号,118.770306,32.077795,江苏省,南京市,鼓楼区,
2564,苏海大厦,商务住宅;楼宇;商务写字楼,新模范马路90号,118.768999,32.077029,江苏省,南京市,鼓楼区,
2565,天将孝门,商务住宅;楼宇;商住两用楼宇,将军庙40号(新模范马路与将军庙交汇处),118.769541,32.076282,江苏省,南京市,鼓楼区,
2566,天福园53号,商务住宅;商务住宅相关;商务住宅相关,厚德路与金川河路交叉口西150米,118.773496,32.075279,江苏省,南京市,鼓楼区,
2567,天福园54号,商务住宅;商务住宅相关;商务住宅相关,厚德路与金川河路交叉口西150米,118.773465,32.075272,江苏省,南京市,鼓楼区,
2568,品弈棋牌单身公寓,商务住宅;商务住宅相关;商务住宅相关,广东路新门口2号,118.767581,32.08131,江苏省,南京市,鼓楼区,
2569,工人新村(南昌路),商务住宅;住宅区;住宅小区,南昌路附近,118.779109,32.079573,江苏省,南京市,鼓楼区,
2570,青石村小区,商务住宅;住宅区;住宅小区,内环北线与内环北线入口交叉口西北50米,118.77802,32.077736,江苏省,南京市,鼓楼区,
2571,芦席营70号小区,商务住宅;住宅区;住宅小区,三牌楼芦席营70号,118.780973,32.079369,江苏省,南京市,鼓楼区,
2572,芦席营80号,商务住宅;住宅区;住宅区,南昌路与芦席营交叉口东南100米,118.780697,32.080771,江苏省,南京市,鼓楼区,
2573,长江新村5号院,商务住宅;住宅区;住宅小区,长江新村5号,118.776944,32.080827,江苏省,南京市,鼓楼区,
2574,南京工业大学宿舍,商务住宅;住宅区;宿舍,新模范马路30号,118.775981,32.078412,江苏省,南京市,鼓楼区,
2575,长江电子信息集团公司集体宿舍,商务住宅;住宅区;宿舍,南昌路长江新村16号,118.777611,32.081784,江苏省,南京市,鼓楼区,
2576,新金贸花园,商务住宅;住宅区;住宅小区,芦席营97号,118.779076,32.082139,江苏省,南京市,鼓楼区,
2577,芦席营23号,商务住宅;商务住宅相关;商务住宅相关,三牌楼芦席营23号,118.780733,32.076719,江苏省,南京市,鼓楼区,
2578,先髋二病区,商务住宅;商务住宅相关;商务住宅相关,南昌路32号,118.781362,32.081359,江苏省,南京市,鼓楼区,
2579,芦苇营小区,商务住宅;住宅区;住宅小区,芦席营40号,118.780712,32.07661,江苏省,南京市,鼓楼区,
2580,丁家桥学生公寓,商务住宅;住宅区;宿舍,新模范马路30号,118.775742,32.077827,江苏省,南京市,鼓楼区,
2581,芦蓆营小区,商务住宅;住宅区;住宅小区,芦席营21-23,118.780018,32.076225,江苏省,南京市,鼓楼区,
2582,南瑞大院,商务住宅;住宅区;住宅区,长江新村二号,118.776009,32.081098,江苏省,南京市,鼓楼区,
2583,青石村,商务住宅;住宅区;住宅小区,新模范马路,118.775413,32.08031,江苏省,南京市,鼓楼区,
2584,南京工业大学模范马路校区外籍教师公寓,商务住宅;住宅区;宿舍,新模范马路30号,118.775163,32.079164,江苏省,南京市,鼓楼区,
2585,南京工业大学模范马路校区博士后公寓,商务住宅;住宅区;宿舍,南昌路与紫竹林路交叉口西南200米,118.775178,32.079574,江苏省,南京市,鼓楼区,
2586,劝业路社区,商务住宅;住宅区;住宅小区,新模范马路7号,118.77592,32.07711,江苏省,南京市,鼓楼区,
2587,长江新村四十号(南昌路),商务住宅;住宅区;住宅小区,长江新村40号,118.776762,32.082105,江苏省,南京市,鼓楼区,
2588,芦席营21号,商务住宅;商务住宅相关;商务住宅相关,三牌楼芦席营21号,118.780764,32.076163,江苏省,南京市,鼓楼区,
2589,南昌路34-36号,商务住宅;商务住宅相关;商务住宅相关,鼓楼南昌路34-36号,118.781127,32.082164,江苏省,南京市,鼓楼区,
2590,芦席营82号小区,商务住宅;住宅区;住宅小区,芦席营82号,118.780804,32.082358,江苏省,南京市,鼓楼区,
2591,医平村,商务住宅;住宅区;住宅小区,新模范马路7号,118.775673,32.076973,江苏省,南京市,鼓楼区,
2592,新模范马路34号院,商务住宅;住宅区;住宅区,新模范马路34号,118.7746,32.077699,江苏省,南京市,鼓楼区,
2593,安利中心,商务住宅;商务住宅相关;商务住宅相关,中央路323号利奥大厦19层1915室,118.78288,32.077021,江苏省,南京市,鼓楼区,
2594,南京江北都市经济园,商务住宅;商务住宅相关;商务住宅相关,中央路323号利奥大厦21层2119室,118.78288,32.077014,江苏省,南京市,鼓楼区,
2595,长江新村,商务住宅;住宅区;住宅小区,长江新村2-4号,118.775079,32.081825,江苏省,南京市,鼓楼区,
2596,观音里19号,商务住宅;住宅区;住宅区,芦席营附近,118.781997,32.075423,江苏省,南京市,鼓楼区,
2597,建设新村小区,商务住宅;住宅区;住宅小区,许府巷9号,118.783133,32.082239,江苏省,南京市,鼓楼区,
2598,人才公寓,商务住宅;住宅区;住宅小区,丁家桥与铁医路交叉口东南50米,118.77774,32.074498,江苏省,南京市,鼓楼区,
2599,观音里21号,商务住宅;住宅区;住宅区,芦席营附近,118.782002,32.075144,江苏省,南京市,鼓楼区,
2600,芦席营十四号小区,商务住宅;住宅区;住宅小区,三牌楼芦席营14号,118.781519,32.074769,江苏省,南京市,鼓楼区,
2601,观音里23号,商务住宅;住宅区;住宅区,芦席营14号1幢附近,118.781963,32.074893,江苏省,南京市,鼓楼区,
2602,凤凰和鸣西区,商务住宅;住宅区;住宅小区,中央路389号,118.781269,32.084004,江苏省,南京市,鼓楼区,
2603,观音里小区,商务住宅;住宅区;住宅小区,中央路321号,118.7834,32.075672,江苏省,南京市,鼓楼区,
2604,观音里31号,商务住宅;住宅区;住宅区,观音里1号109室附近,118.782306,32.07482,江苏省,南京市,鼓楼区,
2605,观音里25号,商务住宅;住宅区;住宅区,芦席营14号1幢附近,118.781965,32.074645,江苏省,南京市,鼓楼区,
2606,观音里9号,商务住宅;住宅区;住宅区,中央路与马家街交叉口西北200米,118.782682,32.074994,江苏省,南京市,鼓楼区,
2607,观音里33号,商务住宅;住宅区;住宅区,芦席营与马家街43巷交叉口东北150米,118.782296,32.074588,江苏省,南京市,鼓楼区,
2608,观音里27号,商务住宅;住宅区;住宅区,马家街30-2临附近,118.781953,32.074412,江苏省,南京市,鼓楼区,
2609,观音里1号,商务住宅;住宅区;住宅区,马家街22号附近,118.782373,32.074373,江苏省,南京市,鼓楼区,
2610,许府巷小区,商务住宅;住宅区;住宅小区,许府巷16-20号,118.783433,32.083596,江苏省,南京市,鼓楼区,
2611,机械公寓,商务住宅;住宅区;住宅小区,许府巷16-20号,118.783405,32.083509,江苏省,南京市,鼓楼区,
2612,凤凰和鸣东区,商务住宅;住宅区;住宅小区,中央路389号,118.782632,32.084161,江苏省,南京市,鼓楼区,
2613,紫竹林3号小区,商务住宅;住宅区;住宅小区,紫竹林2号,118.774329,32.083996,江苏省,南京市,鼓楼区,
2614,天福园,商务住宅;住宅区;住宅小区,平安里79号,118.773949,32.074435,江苏省,南京市,鼓楼区,
2615,南汽商务大厦,商务住宅;楼宇;商务写字楼,湖南路街道芦席营68号,118.781159,32.078376,江苏省,南京市,鼓楼区,
2616,利奥大厦,商务住宅;楼宇;商务写字楼,中央路323号,118.783206,32.077029,江苏省,南京市,鼓楼区,
2617,长江新村14临,商务住宅;商务住宅相关;商务住宅相关,紫竹林路与许府巷交叉口东南150米,118.776778,32.082458,江苏省,南京市,鼓楼区,
2618,中央路262号住宅小区,商务住宅;住宅区;住宅小区,中央路262号,118.785353,32.080301,江苏省,南京市,玄武区,
2619,江南大厦(中央路),商务住宅;楼宇;商务写字楼,中央路258号,118.784525,32.076645,江苏省,南京市,玄武区,
2620,东升花苑,商务住宅;住宅区;住宅小区,中央路238号,118.784956,32.07531,江苏省,南京市,玄武区,
2621,锦盈大厦,商务住宅;楼宇;商务写字楼,中央路258号,118.784572,32.078466,江苏省,南京市,玄武区,
2622,新立基大厦,商务住宅;楼宇;商务写字楼,中央路258-27号,118.784618,32.077977,江苏省,南京市,玄武区,
2623,江苏省电信局电信大厦,商务住宅;楼宇;商务写字楼,中央路260号,118.785046,32.079445,江苏省,南京市,玄武区,
2624,易发五洲大厦,商务住宅;楼宇;商务写字楼,中央路276-1号,118.784607,32.081523,江苏省,南京市,玄武区,
2625,德汇文化广场,商务住宅;楼宇;商务写字楼,中央路224号,118.785689,32.076058,江苏省,南京市,玄武区,
2626,金陵药业大厦,商务住宅;楼宇;商务写字楼,中央路238号,118.784395,32.074881,江苏省,南京市,玄武区,
2627,后大树根小区,商务住宅;住宅区;住宅小区,中央路256号,118.784934,32.07662,江苏省,南京市,玄武区,
2628,国展·中央花园,商务住宅;住宅区;住宅区,玄武中央路278号,118.785351,32.08173,江苏省,南京市,玄武区,
2629,国展·中央花园(东门),商务住宅;商务住宅相关;商务住宅相关,中央路278号,118.78566,32.081611,江苏省,南京市,玄武区,
2630,城湖饭店世凹大院(城湖店),商务住宅;商务住宅相关;商务住宅相关,中央路278-2号附近,118.78448,32.08256,江苏省,南京市,玄武区,
2631,红星美凯龙国际家居广场(北门),商务住宅;商务住宅相关;商务住宅相关,大树根,118.785389,32.075144,江苏省,南京市,玄武区,
2632,新立基大厦(东门),商务住宅;商务住宅相关;商务住宅相关,中央路248-27号,118.784918,32.078075,江苏省,南京市,玄武区,
2633,南京农垦大厦,商务住宅;楼宇;楼宇相关,中央路258-8号,118.784603,32.07712,江苏省,南京市,南京市,
2634,新庄村小区,商务住宅;住宅区;住宅小区,新庄村,118.80358,32.08112,江苏省,南京市,玄武区,
2635,新庄村53号小区,商务住宅;住宅区;住宅小区,新庄村53号,118.803696,32.081434,江苏省,南京市,玄武区,
2636,紫金联合立方广场,商务住宅;楼宇;商务写字楼,龙蟠路155号(东临新庄花卉市场西临赞成湖畔居),118.808189,32.079458,江苏省,南京市,玄武区,
2637,御湖国际大厦1号,商务住宅;楼宇;商务写字楼,龙蟠路153号,118.806646,32.07986,江苏省,南京市,玄武区,
2638,新庄花园(龙蟠路),商务住宅;住宅区;住宅小区,新庄路,118.807617,32.081097,江苏省,南京市,玄武区,
2639,南京林业大学-学生公寓3区,商务住宅;住宅区;宿舍,龙蟠路159号,118.811633,32.079233,江苏省,南京市,玄武区,
2640,御湖国际公寓,商务住宅;楼宇;商务写字楼,龙蟠路153号御湖国际大厦2幢2009室(南京站东500米),118.806321,32.07994,江苏省,南京市,玄武区,
2641,御湖国际大厦2号,商务住宅;住宅区;住宅区,龙蟠路153号2,118.80611,32.08008,江苏省,南京市,玄武区,
2642,南京林业大学学生公寓27幢,商务住宅;住宅区;宿舍,,118.812025,32.079736,江苏省,南京市,玄武区,
2643,南京林业大学研究生大楼C幢,商务住宅;住宅区;宿舍,玄武大道与红山路交叉口东南200米,118.811949,32.078214,江苏省,南京市,玄武区,
2644,湖畔居商务楼,商务住宅;楼宇;商务写字楼,龙蟠路151-1号,118.805297,32.080417,江苏省,南京市,玄武区,
2645,南京林业大学研究生大楼A幢,商务住宅;住宅区;宿舍,南京林业大学内,118.812013,32.077787,江苏省,南京市,玄武区,
2646,南京林业大学研究生大楼B幢,商务住宅;住宅区;宿舍,树人路与求知路交叉口西北200米,118.812345,32.078275,江苏省,南京市,玄武区,
2647,南京林业大学学生公寓26幢,商务住宅;住宅区;宿舍,树人路与求知路交叉口西北150米,118.81224,32.07794,江苏省,南京市,玄武区,
2648,金陵石化大厦,商务住宅;楼宇;商务写字楼,龙蟠路151号,118.80475,32.080799,江苏省,南京市,玄武区,
2649,南京林业大学教职工之家,商务住宅;住宅区;宿舍,园丁路与水杉路交叉口西150米,118.812382,32.075769,江苏省,南京市,玄武区,
2650,赞成湖畔居,商务住宅;住宅区;住宅小区,龙蟠路149,118.804761,32.08217,江苏省,南京市,玄武区,
2651,铁路小区,商务住宅;住宅区;住宅小区,曹后村,118.806965,32.083551,江苏省,南京市,玄武区,
2652,曹后村宁东机宿舍,商务住宅;住宅区;宿舍,曹后村,118.807188,32.083784,江苏省,南京市,玄武区,
2653,锁金村80号院(北门),商务住宅;商务住宅相关;商务住宅相关,新庄立交桥与龙蟠路交叉口东150米,118.811988,32.074972,江苏省,南京市,玄武区,
2654,南京林业大学一村25幢,商务住宅;住宅区;宿舍,园丁路与水杉路交叉口西50米,118.813511,32.075821,江苏省,南京市,玄武区,
2655,锁金村,商务住宅;住宅区;住宅小区,锁金村80号,118.812317,32.074749,江苏省,南京市,玄武区,
2656,湖畔居11,商务住宅;商务住宅相关;商务住宅相关,铁新巷附近,118.804001,32.082878,江苏省,南京市,玄武区,
2657,南京林业大学-二村5幢,商务住宅;住宅区;宿舍,朝阳路与翠竹路交叉口西南150米,118.819383,32.07786,江苏省,南京市,玄武区,
2658,青教公寓18幢,商务住宅;住宅区;宿舍,朝阳路与求知路交叉口北200米,118.817016,32.079912,江苏省,南京市,玄武区,
2659,南林二村,商务住宅;住宅区;住宅区,龙蟠路新庄南林二村(朝阳路与翠竹路交叉口向西20米),118.82025,32.077519,江苏省,南京市,玄武区,
2660,南京林业大学学生公寓4区23,商务住宅;住宅区;宿舍,,118.81786,32.0815,江苏省,南京市,玄武区,
2661,林化所,商务住宅;住宅区;住宅区,锁金五村16号,118.81972,32.07655,江苏省,南京市,玄武区,
2662,青年教工宿舍B幢,商务住宅;住宅区;宿舍,朝阳路与求知路交叉口南200米,118.816972,32.076879,江苏省,南京市,玄武区,
2663,青教公寓19幢,商务住宅;住宅区;宿舍,创新路附近,118.816713,32.076932,江苏省,南京市,玄武区,
2664,南京林业大学-留学生公寓,商务住宅;住宅区;宿舍,南京林业大学内,118.815304,32.07858,江苏省,南京市,玄武区,
2665,南大山公寓,商务住宅;住宅区;住宅小区,,118.820993,32.076102,江苏省,南京市,玄武区,
2666,南京林业大学引进人才周转房,商务住宅;住宅区;宿舍,南大山公寓3幢,118.821135,32.076063,江苏省,南京市,玄武区,
2667,东方花园(花园路),商务住宅;住宅区;住宅小区,花园路88号,118.822218,32.081858,江苏省,南京市,玄武区,
2668,樱驼山庄,商务住宅;住宅区;住宅小区,花园路70号,118.820164,32.082895,江苏省,南京市,玄武区,
2669,锁金五村北院,商务住宅;住宅区;住宅小区,锁金北路北100米,118.819728,32.075332,江苏省,南京市,玄武区,
2670,南林公寓12幢,商务住宅;住宅区;宿舍,学子路与翠竹路交叉口西南150米,118.815105,32.081439,江苏省,南京市,玄武区,
2671,花园路70号小区,商务住宅;住宅区;住宅小区,花园路70号,118.821082,32.082729,江苏省,南京市,玄武区,
2672,花园路78号小区,商务住宅;住宅区;住宅小区,花园路78号小区高层4L附近,118.817352,32.083073,江苏省,南京市,玄武区,
2673,江南小野田宾馆·公寓,商务住宅;住宅区;住宅小区,花园路18号,118.823786,32.080281,江苏省,南京市,玄武区,
2674,东方城拂晓园,商务住宅;住宅区;住宅区,樱驼花园东方城,118.823166,32.081558,江苏省,南京市,玄武区,
2675,南京林业大学竹楼,商务住宅;住宅区;宿舍,学子路与翠竹路交叉口北100米,118.816111,32.082892,江苏省,南京市,玄武区,
2676,南京林业大学学生公寓19幢,商务住宅;住宅区;宿舍,玄武大道南50米,118.818285,32.083627,江苏省,南京市,玄武区,
2677,花园路22号,商务住宅;住宅区;住宅小区,花园路52号附近,118.82138,32.08322,江苏省,南京市,玄武区,
2678,南京林业大学学生公寓20幢,商务住宅;住宅区;宿舍,花园路70号15幢附近,118.819047,32.083918,江苏省,南京市,玄武区,
2679,翠岭居,商务住宅;住宅区;住宅小区,板仓街130号,118.821327,32.074843,江苏省,南京市,玄武区,
2680,锁金三村,商务住宅;住宅区;住宅小区,锁金北路锁金三村,118.815918,32.075067,江苏省,南京市,玄武区,
2681,锁金五村小区,商务住宅;住宅区;住宅小区,锁金五村林化所,118.81954,32.074296,江苏省,南京市,玄武区,
2682,花园路15号小区,商务住宅;住宅区;住宅小区,花园路15号,118.823751,32.082338,江苏省,南京市,玄武区,
2683,南京林业大学一村21幢,商务住宅;住宅区;宿舍,园丁路与水杉路交叉口东南150米,118.81462,32.075351,江苏省,南京市,玄武区,
2684,板仓街130号小区,商务住宅;住宅区;住宅小区,板仓街130号,118.823119,32.074973,江苏省,南京市,玄武区,
2685,南林一村,商务住宅;住宅区;住宅小区,龙蟠路新庄,118.81428,32.074926,江苏省,南京市,玄武区,
2686,蒋王庙街8号小区,商务住宅;住宅区;住宅小区,蒋王庙街8号,118.827854,32.079703,江苏省,南京市,玄武区,
2687,宁栖园,商务住宅;住宅区;住宅小区,钟山山庄7号,118.829618,32.077947,江苏省,南京市,玄武区,
2688,钟山山庄,商务住宅;住宅区;住宅小区,蒋王庙街东150米,118.831334,32.079831,江苏省,南京市,玄武区,
2689,南京四站厂宿舍区,商务住宅;住宅区;宿舍,蒋王庙街2号,118.829119,32.076819,江苏省,南京市,玄武区,
2690,中国医学科学院皮肤病医院研究所住宅区,商务住宅;住宅区;住宅小区,蒋王庙街14-2号,118.827908,32.081744,江苏省,南京市,玄武区,
2691,财大小区,商务住宅;住宅区;住宅小区,花园路5号,118.826009,32.079921,江苏省,南京市,玄武区,
2692,玄武湖街道保洁员公寓,商务住宅;住宅区;宿舍,宁栖路与蒋王庙街交叉口西南150米,118.831239,32.080958,江苏省,南京市,玄武区,
2693,中科院天仪公司宿舍,商务住宅;住宅区;宿舍,花园路1号,118.825971,32.078266,江苏省,南京市,玄武区,
2694,樱驼花园承乐园,商务住宅;住宅区;住宅小区,樱花西路8号,118.830149,32.081747,江苏省,南京市,玄武区,
2695,花园路5号小区,商务住宅;住宅区;住宅小区,花园路5号,118.825927,32.080291,江苏省,南京市,玄武区,
2696,紫玉山庄,商务住宅;住宅区;住宅小区,花园路1-89号,118.826946,32.076927,江苏省,南京市,玄武区,
2697,华瑞苑1号,商务住宅;住宅区;住宅区,华新西路与樱花西路交叉口东北50米,118.828511,32.082372,江苏省,南京市,玄武区,
2698,樱驼花园颂和园,商务住宅;住宅区;住宅小区,樱花西路8樱驼花园,118.831155,32.081823,江苏省,南京市,玄武区,
2699,华瑞苑2号,商务住宅;住宅区;住宅区,华新西路25号附近,118.828641,32.08245,江苏省,南京市,玄武区,
2700,板仓公寓,商务住宅;住宅区;住宅小区,板仓街290号-292号,118.828367,32.075966,江苏省,南京市,玄武区,
2701,华瑞苑3号,商务住宅;住宅区;住宅区,华新西路25号附近,118.828763,32.082522,江苏省,南京市,玄武区,
2702,华瑞苑4号,商务住宅;住宅区;住宅区,华新西路25号附近,118.828896,32.082593,江苏省,南京市,玄武区,
2703,中国科技院研究生公寓,商务住宅;商务住宅相关;商务住宅相关,板仓街花园路6-10,118.825183,32.077576,江苏省,南京市,玄武区,
2704,中国科学院南京分院研究生公寓,商务住宅;住宅区;宿舍,花园路6-10号,118.825183,32.077576,江苏省,南京市,玄武区,
2705,花园路7号小区,商务住宅;住宅区;住宅小区,花园路7号,118.824992,32.080734,江苏省,南京市,玄武区,
2706,虎踞龙盘,商务住宅;住宅区;住宅小区,板仓街与花园路交界处,118.830775,32.075477,江苏省,南京市,玄武区,
2707,华泰苑,商务住宅;住宅区;住宅小区,山北麓经五立交桥西南角南邻宁栖公路西有华新西路北毗312国道,118.827848,32.083575,江苏省,南京市,玄武区,
2708,樱驼花园,商务住宅;住宅区;住宅小区,樱花西路8号,118.830886,32.083534,江苏省,南京市,玄武区,
2709,华侨新村,商务住宅;住宅区;住宅小区,樱花西路,118.829235,32.084139,江苏省,南京市,玄武区,
2710,樱驼花园怡静园,商务住宅;住宅区;住宅小区,樱驼花园附近,118.831163,32.083767,江苏省,南京市,玄武区,
2711,樱驼花园思立园,商务住宅;住宅区;住宅小区,樱花西路8樱驼花园,118.832494,32.083483,江苏省,南京市,玄武区,
2712,板仓街188号,商务住宅;住宅区;住宅小区,板仓街104号附近,118.82558,32.074217,江苏省,南京市,玄武区,
2713,宣传中心考核楼,商务住宅;楼宇;商务写字楼,花园路9号,118.8247,32.082059,江苏省,南京市,玄武区,
2714,仕高大厦,商务住宅;楼宇;商务写字楼,花园路2号(华润苏果对面),118.826546,32.075529,江苏省,南京市,玄武区,
2715,玄武区法检大厦,商务住宅;楼宇;商务写字楼,花园路6-10号,118.825444,32.078214,江苏省,南京市,玄武区,
2716,天仪大厦(花园路),商务住宅;楼宇;商务写字楼,花园路6-10号,118.825245,32.077396,江苏省,南京市,玄武区,
2717,紫沁园,商务住宅;楼宇;商住两用楼宇|商务住宅;住宅区;住宅区,樱花西路8号,118.830231,32.083549,江苏省,南京市,玄武区,
2718,紫金公寓,商务住宅;商务住宅相关;商务住宅相关,板仓街与华新西路交叉口,118.828867,32.081556,江苏省,南京市,玄武区,
2719,钟山高尔夫别墅,商务住宅;住宅区;别墅,环陵路9号,118.873235,32.082518,江苏省,南京市,玄武区,
2720,帝豪花园别墅,商务住宅;住宅区;别墅,中山陵环陵路8号,118.865387,32.083106,江苏省,南京市,玄武区,
2721,紫楠园,商务住宅;商务住宅相关;商务住宅相关,环陵路7号,118.871158,32.082445,江苏省,南京市,玄武区,
2722,钟山高尔夫别墅A片区,商务住宅;住宅区;别墅,环陵路7号,118.87121,32.08245,江苏省,南京市,玄武区,
2723,苏宁公寓,商务住宅;住宅区;住宅小区,徐庄软件园紫气路,118.883105,32.082458,江苏省,南京市,玄武区,
2724,紫榛园,商务住宅;住宅区;住宅区,玄武湖街道环陵路9号钟山高尔夫别墅5期,118.878324,32.077079,江苏省,南京市,玄武区,
2725,钟山国际高尔夫别墅,商务住宅;住宅区;别墅,环陵路7号(紫金山东麓),118.879565,32.076844,江苏省,南京市,玄武区,
2726,紫气路9号院,商务住宅;住宅区;住宅区,紫气路,118.886771,32.082656,江苏省,南京市,玄武区,
2727,紫气路9号院(东门),商务住宅;商务住宅相关;商务住宅相关,紫气路,118.886655,32.083051,江苏省,南京市,玄武区,
2728,紫气路9号院(北门),商务住宅;商务住宅相关;商务住宅相关,紫气路,118.886655,32.083051,江苏省,南京市,玄武区,
2729,紫金东郡,商务住宅;住宅区;住宅小区,徐庄软件园苏宁大道8号,118.895876,32.082442,江苏省,南京市,玄武区,
2730,紫金东郡别墅,商务住宅;住宅区;别墅,"徐庄软件园南端(数码路与东来路交汇处,仙林大道以北)",118.89567,32.08384,江苏省,南京市,玄武区,
2731,紫金东郡2期,商务住宅;住宅区;住宅小区,仙林大道与紫气路交口北,118.895359,32.081075,江苏省,南京市,玄武区,
2732,仙居花园(东门),商务住宅;商务住宅相关;商务住宅相关,仙林大道附近,118.901806,32.084158,江苏省,南京市,玄武区,
2733,紫金东郡(东2门),商务住宅;商务住宅相关;商务住宅相关,仙林大道西100米,118.89801,32.081642,江苏省,南京市,栖霞区,
2734,保利·紫晶山,商务住宅;住宅区;住宅区,紫东路18,118.908168,32.08281,江苏省,南京市,玄武区,
2735,未来墅,商务住宅;住宅区;住宅小区,大庄5,118.905127,32.079726,江苏省,南京市,栖霞区,
2736,朗诗·钟山绿郡,商务住宅;住宅区;住宅小区,紫东路9号,118.904278,32.081215,江苏省,南京市,栖霞区,
2737,紫金科技创业特别社区,商务住宅;住宅区;住宅小区,紫东路1号-紫东国际创意园,118.907165,32.078225,江苏省,南京市,栖霞区,
2738,保利·紫晶山(东门),商务住宅;商务住宅相关;商务住宅相关,紫东路18,118.908196,32.083105,江苏省,南京市,玄武区,
2739,朗诗·钟山绿郡(西门),商务住宅;商务住宅相关;商务住宅相关,马土路,118.904983,32.081491,江苏省,南京市,栖霞区,
2740,朗诗·钟山绿郡(南门),商务住宅;商务住宅相关;商务住宅相关,灵山北路与紫东路交叉口西北100米,118.906028,32.080391,江苏省,南京市,栖霞区,
2741,国浩钟山晶典,商务住宅;楼宇;商住两用楼宇|商务住宅;住宅区;住宅区,燕西线附近,118.920974,32.074521,江苏省,南京市,江宁区,
2742,万科金色半山,商务住宅;住宅区;住宅小区,江浦街道沿山大道229号,118.600969,32.072524,江苏省,南京市,浦口区,
2743,万科璞悦山,商务住宅;住宅区;住宅小区,沿山大道附近,118.598191,32.069795,江苏省,南京市,浦口区,
2744,万科(光明路),商务住宅;住宅区;住宅小区,光明路与沿山大道交叉口东北100米,118.597323,32.069562,江苏省,南京市,浦口区,
2745,沁园(西门),商务住宅;商务住宅相关;商务住宅相关,金专路附近,118.613491,32.065128,江苏省,南京市,浦口区,
2746,润园(润园路),商务住宅;住宅区;宿舍,欢喜岭附近,118.607969,32.067393,江苏省,南京市,浦口区,
2747,碧云山庄(象山路),商务住宅;住宅区;住宅小区,象山路1号(公交车站),118.621996,32.068087,江苏省,南京市,浦口区,
2748,白马湖山庄,商务住宅;住宅区;住宅小区,象山路9号,118.619672,32.070643,江苏省,南京市,浦口区,
2749,钱塘·望景花园,商务住宅;住宅区;住宅小区,江浦街道象山路11号,118.618264,32.072961,江苏省,南京市,浦口区,
2750,珠江村向阳组78号,商务住宅;住宅区;住宅区,黄山岭路附近,118.619972,32.065247,江苏省,南京市,浦口区,
2751,珠江村向阳组80号,商务住宅;住宅区;住宅区,公园北路附近,118.620084,32.065148,江苏省,南京市,浦口区,
2752,盛景苑,商务住宅;住宅区;住宅区,象山路11号,118.616549,32.073711,江苏省,南京市,浦口区,
2753,九三小区,商务住宅;住宅区;住宅小区,象山路6号,118.623369,32.069464,江苏省,南京市,浦口区,
2754,颐景苑,商务住宅;住宅区;住宅小区,江浦街道象山路11号钱塘·望景花园附近,118.618473,32.072955,江苏省,南京市,浦口区,
2755,珠江村向阳组79号,商务住宅;住宅区;住宅区,雨山西路与黄山岭路交叉口东北200米,118.620002,32.065194,江苏省,南京市,浦口区,
2756,碧云山庄-C幢别墅,商务住宅;住宅区;别墅,碧云山庄C幢,118.622146,32.066675,江苏省,南京市,浦口区,
2757,碧云山庄-A幢别墅,商务住宅;住宅区;别墅,碧云山庄A幢,118.622372,32.066177,江苏省,南京市,浦口区,
2758,凤悦天晴花园(南2门),商务住宅;商务住宅相关;商务住宅相关,象山路7号附近,118.623602,32.069262,江苏省,南京市,浦口区,
2759,沁园(南门),商务住宅;商务住宅相关;商务住宅相关,金专路,118.614137,32.064412,江苏省,南京市,浦口区,
2760,凯莱花园,商务住宅;住宅区;住宅小区,公园北路6号,118.632266,32.065032,江苏省,南京市,浦口区,
2761,江城人家,商务住宅;住宅区;住宅小区,象山路3号,118.624645,32.065258,江苏省,南京市,浦口区,
2762,凤悦天晴,商务住宅;住宅区;住宅小区,象山路6号(浦口中医院北部),118.624206,32.06989,江苏省,南京市,浦口区,
2763,领域花园,商务住宅;住宅区;住宅小区,江浦街道珠海路1号(地铁站),118.63011,32.065625,江苏省,南京市,浦口区,
2764,金叶小区,商务住宅;住宅区;住宅小区,公园北路3-5号附近,118.633481,32.064351,江苏省,南京市,浦口区,
2765,白马村新民组102-32,商务住宅;商务住宅相关;商务住宅相关,,118.627411,32.073833,江苏省,南京市,浦口区,
2766,君禾大厦,商务住宅;商务住宅相关;商务住宅相关,象山路3号,118.625572,32.065788,江苏省,南京市,浦口区,
2767,凤悦天晴花园(南门),商务住宅;商务住宅相关;商务住宅相关,象山路6号,118.625265,32.067666,江苏省,南京市,浦口区,
2768,凯莱花园(西门),商务住宅;商务住宅相关;商务住宅相关,珠海路8号附近,118.63149,32.065169,江苏省,南京市,浦口区,
2769,金盛田·阳光青城,商务住宅;住宅区;住宅小区,龙华路8号(龙华路与浦口大道交汇处),118.638917,32.069628,江苏省,南京市,浦口区,
2770,职校宿舍楼,商务住宅;住宅区;宿舍,龙华路,118.637864,32.067992,江苏省,南京市,浦口区,
2771,阅景龙华公寓2、3期,商务住宅;住宅区;住宅区,珠江镇龙华路10号,118.638227,32.07093,江苏省,南京市,浦口区,
2772,海都嘉园,商务住宅;住宅区;住宅小区,龙华路,118.636153,32.070553,江苏省,南京市,浦口区,
2773,鼎业情缘,商务住宅;住宅区;住宅小区,康华路1号,118.638847,32.066158,江苏省,南京市,浦口区,
2774,南京永业花卉大道安置房,商务住宅;住宅区;住宅小区,浦口大道西100米,118.638486,32.072316,江苏省,南京市,浦口区,
2775,南京工业大学-南苑学生公寓4幢,商务住宅;住宅区;宿舍,南京工业大学学生公寓南苑4幢,118.639976,32.07281,江苏省,南京市,浦口区,
2776,南京工业大学-南苑学生公寓3幢,商务住宅;住宅区;宿舍,南京工业大学学生公寓南苑3幢,118.639966,32.072865,江苏省,南京市,浦口区,
2777,金盛田铂宫,商务住宅;住宅区;住宅小区,龙华路26号,118.635269,32.066468,江苏省,南京市,浦口区,
2778,九二小区,商务住宅;住宅区;住宅小区,白马路,118.634917,32.071805,江苏省,南京市,浦口区,
2779,国信阅景龙华,商务住宅;住宅区;住宅小区,龙华路10号(公交车站),118.637055,32.073524,江苏省,南京市,浦口区,
2780,康华新村,商务住宅;住宅区;住宅小区,江浦街道康华路12号,118.642912,32.065738,江苏省,南京市,浦口区,
2781,南京工业大学-怡斋学生公寓,商务住宅;住宅区;宿舍,浦珠南路30号,118.640675,32.074062,江苏省,南京市,浦口区,
2782,雍雅园,商务住宅;住宅区;住宅小区,珠江镇珠江路7号,118.636471,32.064271,江苏省,南京市,浦口区,
2783,南京工业大学江浦校区如斋,商务住宅;住宅区;宿舍,,118.642641,32.073772,江苏省,南京市,浦口区,
2784,南京工业大学江浦校区明斋,商务住宅;住宅区;宿舍,浦珠南路30号南京工业大学江浦校区,118.642756,32.073916,江苏省,南京市,浦口区,
2785,航运综合楼,商务住宅;商务住宅相关;商务住宅相关,龙华路21号,118.636454,32.065253,江苏省,南京市,浦口区,
2786,金盛田大厦,商务住宅;楼宇;商务写字楼,龙华路8号,118.640448,32.068861,江苏省,南京市,浦口区,
2787,金汇花园南苑,商务住宅;楼宇;商住两用楼宇|商务住宅;住宅区;住宅区,海都路14号附近,118.63912,32.069183,江苏省,南京市,浦口区,
2788,康华家园,商务住宅;住宅区;住宅小区,康华路33号,118.645902,32.06649,江苏省,南京市,浦口区,
2789,新城金融大厦,商务住宅;楼宇;商务写字楼,迎宾大道地铁三号线浦口大道站,118.650176,32.064627,江苏省,南京市,浦口区,
2790,新城总部大厦A座,商务住宅;楼宇;商务写字楼,浦口大道1号,118.647344,32.065975,江苏省,南京市,浦口区,
2791,新城总部大厦B座,商务住宅;楼宇;商务写字楼,光明路与新浦路交叉口北150米,118.647717,32.065417,江苏省,南京市,浦口区,
2792,新城总部大厦,商务住宅;楼宇;商务写字楼,浦口大道18号,118.64744,32.065519,江苏省,南京市,浦口区,
2793,明发新城中心,商务住宅;楼宇;商住两用楼宇,江浦街道浦口大道37号,118.649528,32.065654,江苏省,南京市,浦口区,
2794,紫晶唐,商务住宅;住宅区;住宅小区,浦珠南路26号,118.645859,32.073412,江苏省,南京市,浦口区,
2795,东方万汇城,商务住宅;住宅区;住宅小区,浦口大道明发财富中心西北侧70米,118.657134,32.064652,江苏省,南京市,浦口区,
2796,东方万汇城北区,商务住宅;住宅区;住宅小区,浦口大道,118.656741,32.06429,江苏省,南京市,浦口区,
2797,福中·智慧城,商务住宅;楼宇;商务写字楼,望江路1号,118.667929,32.07176,江苏省,南京市,浦口区,
2798,正荣润锦城,商务住宅;住宅区;住宅小区,临江路附近,118.673639,32.069225,江苏省,南京市,浦口区,
2799,上河苑,商务住宅;住宅区;住宅小区,郑和南路88号,118.733901,32.067328,江苏省,南京市,鼓楼区,
2800,民佳园,商务住宅;住宅区;住宅小区,郑和南路三汊河大街渡江路,118.733411,32.073666,江苏省,南京市,鼓楼区,
2801,恒盛金陵湾北区,商务住宅;住宅区;住宅小区,郑和南路8号,118.733032,32.068923,江苏省,南京市,鼓楼区,
2802,迎江园小区,商务住宅;住宅区;住宅小区,扬子江大道与郑和南路交叉口西北150米,118.73321,32.071696,江苏省,南京市,鼓楼区,
2803,恒盛金陵湾南区(建设中),商务住宅;住宅区;住宅小区,扬子江大道、定淮门大街交叉口,118.731591,32.066004,江苏省,南京市,鼓楼区,
2804,定淮门大街32号小区,商务住宅;住宅区;住宅小区,定淮门大街32号,118.733566,32.065073,江苏省,南京市,鼓楼区,
2805,清江西苑,商务住宅;住宅区;住宅小区,江东北路418号,118.739473,32.067779,江苏省,南京市,鼓楼区,
2806,河西新河一村(新和园西北),商务住宅;住宅区;住宅小区,有恒路与江东北路交叉口西北150米,118.736319,32.069505,江苏省,南京市,鼓楼区,
2807,新河一村小区北区,商务住宅;住宅区;住宅小区,新河一村4号,118.736172,32.069499,江苏省,南京市,鼓楼区,
2808,新东南商务公寓,商务住宅;住宅区;住宅小区,新河一村4号9,118.735756,32.070158,江苏省,南京市,鼓楼区,
2809,百合果园,商务住宅;住宅区;住宅小区,江东北路421号附近,118.736428,32.070967,江苏省,南京市,鼓楼区,
2810,新和园,商务住宅;住宅区;住宅小区,江东北路417号,118.736675,32.066917,江苏省,南京市,鼓楼区,
2811,明月园(郑淮路),商务住宅;住宅区;住宅小区,定淮门大街2号,118.74272,32.067985,江苏省,南京市,鼓楼区,
2812,江苏省物资大厦住户楼,商务住宅;住宅区;住宅小区,定淮门大街12号,118.739542,32.065629,江苏省,南京市,鼓楼区,
2813,金陵湾,商务住宅;住宅区;住宅小区,郑和南路8号,118.734706,32.069906,江苏省,南京市,鼓楼区,
2814,逸沁园,商务住宅;住宅区;住宅小区,定淮门大街6号,118.741245,32.066122,江苏省,南京市,鼓楼区,
2815,清江花苑,商务住宅;住宅区;住宅小区,定淮门大街2号清江花苑,118.742795,32.067306,江苏省,南京市,鼓楼区,
2816,新河一村小区8号,商务住宅;住宅区;住宅小区,江东北路1号附近,118.736103,32.068139,江苏省,南京市,鼓楼区,
2817,苏宁璞邸花园,商务住宅;住宅区;住宅小区,郑和南路111号,118.736679,32.065918,江苏省,南京市,鼓楼区,
2818,恒盛尚海湾,商务住宅;住宅区;住宅区,"三汊河片,定淮门大街北侧",118.73427,32.06829,江苏省,南京市,鼓楼区,
2819,定淮门大街18号小区,商务住宅;住宅区;住宅小区,定淮门大街18号,118.737333,32.065361,江苏省,南京市,鼓楼区,
2820,定淮门大街小区,商务住宅;住宅区;住宅小区,定淮门大街与江东北路交叉口西100米,118.737103,32.065109,江苏省,南京市,鼓楼区,
2821,二板桥835号,商务住宅;住宅区;住宅区,二板桥与淮滨路交叉口东北50米,118.738132,32.073577,江苏省,南京市,鼓楼区,
2822,正泰大厦写字楼,商务住宅;住宅区;住宅小区,定淮门大街15号,118.740105,32.064407,江苏省,南京市,鼓楼区,
2823,二板桥568号,商务住宅;住宅区;住宅区,二板桥与淮滨路交叉口北100米,118.737873,32.073989,江苏省,南京市,鼓楼区,
2824,热南308小区,商务住宅;住宅区;住宅小区,热河南路308号,118.739302,32.074155,江苏省,南京市,鼓楼区,
2825,新河二村小区,商务住宅;住宅区;住宅小区,郑和南路128号,118.734123,32.066393,江苏省,南京市,鼓楼区,
2826,正泰花苑(定淮门大街),商务住宅;住宅区;住宅小区,定淮门大街15号,118.740361,32.06435,江苏省,南京市,鼓楼区,
2827,舸舫西园,商务住宅;住宅区;住宅小区,定淮门大街26号,118.735144,32.065249,江苏省,南京市,鼓楼区,
2828,定淮门大街28号小区,商务住宅;住宅区;住宅小区,定淮门大街28号,118.73429,32.065369,江苏省,南京市,鼓楼区,
2829,三汊河111号,商务住宅;住宅区;住宅区,扬子江大道与江东北路交叉口西北150米,118.734081,32.072886,江苏省,南京市,鼓楼区,
2830,锋尚,商务住宅;住宅区;住宅区,,118.743519,32.073357,江苏省,南京市,鼓楼区,
2831,华景阁,商务住宅;住宅区;住宅小区,龙津街7,118.742892,32.064513,江苏省,南京市,鼓楼区,
2832,正泰大厦(江东北路),商务住宅;楼宇;商住两用楼宇,江东北路388号,118.739652,32.064509,江苏省,南京市,鼓楼区,
2833,江苏林业大厦,商务住宅;楼宇;商务写字楼,定淮门大街22号,118.73615,32.065177,江苏省,南京市,鼓楼区,
2834,商会大厦,商务住宅;楼宇;商住两用楼宇|商务住宅;住宅区;住宅区,定淮门大街11号附近,118.740404,32.064822,江苏省,南京市,鼓楼区,
2835,定淮门3号小区,商务住宅;住宅区;住宅小区,定淮门3号,118.749038,32.069275,江苏省,南京市,鼓楼区,
2836,定淮门7号小区,商务住宅;住宅区;住宅小区,定淮门7号,118.748308,32.069185,江苏省,南京市,鼓楼区,
2837,定淮门5号小区,商务住宅;住宅区;住宅小区,定淮门5号,118.748374,32.068959,江苏省,南京市,鼓楼区,
2838,定准门社区,商务住宅;住宅区;住宅小区,模范西路东100米,118.749629,32.068633,江苏省,南京市,鼓楼区,
2839,定淮门9-11号小区,商务住宅;住宅区;住宅小区,定淮门9-11号,118.748047,32.069433,江苏省,南京市,鼓楼区,
2840,定淮门23-25号小区,商务住宅;住宅区;住宅小区,定淮门23-25号,118.748223,32.070009,江苏省,南京市,鼓楼区,
2841,定淮门10号,商务住宅;住宅区;住宅小区,定淮门大街与模范西路交叉口东100米,118.748607,32.06795,江苏省,南京市,鼓楼区,
2842,定淮门六号小区,商务住宅;住宅区;住宅小区,定淮门大街6号,118.749817,32.067983,江苏省,南京市,鼓楼区,
2843,定淮门19号小区,商务住宅;住宅区;住宅小区,定淮门19号,118.748009,32.070763,江苏省,南京市,鼓楼区,
2844,第十四研究所小区,商务住宅;住宅区;住宅小区,古平岗24号,118.750981,32.069806,江苏省,南京市,鼓楼区,
2845,定淮门二号小区,商务住宅;住宅区;住宅小区,定淮门2号,118.751054,32.068788,江苏省,南京市,鼓楼区,
2846,双楼集团生活区,商务住宅;住宅区;宿舍,定淮门27号3单元,118.747584,32.071003,江苏省,南京市,鼓楼区,
2847,古平岗24号,商务住宅;住宅区;住宅区,模范西路东100米,118.751381,32.069783,江苏省,南京市,鼓楼区,
2848,沁林雅苑,商务住宅;住宅区;住宅小区,定淮门7号,118.748261,32.071301,江苏省,南京市,鼓楼区,
2849,晏公庙东8号,商务住宅;住宅区;住宅小区,定淮门大街与晏公庙交叉口南100米,118.747199,32.067333,江苏省,南京市,鼓楼区,
2850,十四所古平岗22号小区,商务住宅;住宅区;住宅小区,古平岗22-1号,118.750976,32.070948,江苏省,南京市,鼓楼区,
2851,石头城115号,商务住宅;住宅区;住宅区,石头城路109号附近,118.748021,32.066784,江苏省,南京市,鼓楼区,
2852,古平岗37号,商务住宅;住宅区;住宅区,鼓楼古平岗37号,118.752105,32.069479,江苏省,南京市,鼓楼区,
2853,十四所研究生集体宿舍,商务住宅;住宅区;宿舍,古平岗定淮门2号,118.752094,32.069606,江苏省,南京市,鼓楼区,
2854,石头城109号,商务住宅;住宅区;住宅区,石头城路109号附近,118.74854,32.066474,江苏省,南京市,鼓楼区,
2855,定淮门4号,商务住宅;住宅区;住宅区,古平岗37号附近,118.752426,32.068878,江苏省,南京市,鼓楼区,
2856,佳盛花园,商务住宅;住宅区;住宅小区,晏公庙东5号,118.745274,32.069417,江苏省,南京市,鼓楼区,
2857,南京信息职业技术学院家属区,商务住宅;住宅区;宿舍,古平岗37号,118.752683,32.068854,江苏省,南京市,鼓楼区,
2858,古平岗35号,商务住宅;住宅区;住宅区,鼓楼古平岗35号,118.752859,32.069468,江苏省,南京市,鼓楼区,
2859,华严岗5号,商务住宅;住宅区;住宅区,,118.747253,32.072449,江苏省,南京市,鼓楼区,
2860,晏公庙东10号,商务住宅;住宅区;住宅区,,118.748082,32.065663,江苏省,南京市,鼓楼区,
2861,古平岗20号院,商务住宅;住宅区;住宅区,模范西路,118.753034,32.070534,江苏省,南京市,鼓楼区,
2862,古平岗27号,商务住宅;住宅区;住宅区,古平岗与模范西路交叉口南50米,118.753673,32.070347,江苏省,南京市,鼓楼区,
2863,嘉和园(郑淮路),商务住宅;住宅区;住宅小区,东风西路148号,118.744497,32.066793,江苏省,南京市,鼓楼区,
2864,紫金模范路科技创业特别社区,商务住宅;住宅区;住宅小区,古平岗4号,118.75334,32.071949,江苏省,南京市,鼓楼区,
2865,石头城114号,商务住宅;住宅区;住宅区,石头城路112号附近,118.7502,32.064418,江苏省,南京市,鼓楼区,
2866,模范西路社区,商务住宅;住宅区;住宅小区,察哈尔路77号附近,118.747972,32.074106,江苏省,南京市,鼓楼区,
2867,石头城112号,商务住宅;住宅区;住宅区,石头城路112号附近,118.75039,32.06424,江苏省,南京市,鼓楼区,
2868,圣淘沙·花城,商务住宅;住宅区;住宅小区,虎踞北路39-41号,118.75323,32.073815,江苏省,南京市,鼓楼区,
2869,朗晴名居,商务住宅;住宅区;住宅小区,龙腾街与龙鼎街交叉口北100米,118.744468,32.064697,江苏省,南京市,鼓楼区,
2870,丽晶国际(石头城路),商务住宅;楼宇;商务写字楼|住宿服务;宾馆酒店;宾馆酒店,石头城117号世纪大夏,118.747889,32.067644,江苏省,南京市,鼓楼区,
2871,世纪大厦,商务住宅;楼宇;商住两用楼宇,石头城路117号,118.747831,32.06758,江苏省,南京市,鼓楼区,
2872,顺天院,商务住宅;商务住宅相关;商务住宅相关,模范西路,118.746972,32.07008,江苏省,南京市,鼓楼区,
2873,锦.瑟,商务住宅;商务住宅相关;商务住宅相关,石头城路西50米,118.749086,32.065363,江苏省,南京市,鼓楼区,
2874,世界之窗软件园(西门),商务住宅;商务住宅相关;商务住宅相关,定淮门大街与模范西路交叉口北50米,118.7477,32.068489,江苏省,南京市,鼓楼区,
2875,江苏省行政学院学员公寓,商务住宅;住宅区;宿舍,内环西线与古平岗立交交叉口东南200米,118.758844,32.068225,江苏省,南京市,鼓楼区,
2876,童家山2号小区,商务住宅;住宅区;住宅小区,童家山2号,118.758761,32.070454,江苏省,南京市,鼓楼区,
2877,水佑岗22号小区,商务住宅;住宅区;住宅小区,水佑岗路22号,118.760358,32.068186,江苏省,南京市,鼓楼区,
2878,水佑岗23号小区,商务住宅;住宅区;住宅小区,水佑岗路23号,118.760084,32.067517,江苏省,南京市,鼓楼区,
2879,水佑岗20号小区,商务住宅;住宅区;住宅小区,水佑岗路20号,118.761181,32.068225,江苏省,南京市,鼓楼区,
2880,水佐岗40号,商务住宅;住宅区;住宅区,内环北线与康藏路交叉口西南150米,118.761151,32.070481,江苏省,南京市,鼓楼区,
2881,江苏城市职业学院学生公寓1幢,商务住宅;住宅区;宿舍,古平岗35-1,118.755965,32.068428,江苏省,南京市,鼓楼区,
2882,水佑岗10号小区,商务住宅;住宅区;住宅小区,水佑岗路10号,118.761946,32.068376,江苏省,南京市,鼓楼区,
2883,江苏城市职业学院学生公寓3幢,商务住宅;住宅区;宿舍,古平岗35-1,118.755633,32.069161,江苏省,南京市,鼓楼区,
2884,水佑岗17号小区,商务住宅;住宅区;住宅小区,水佑岗路17号,118.761972,32.067878,江苏省,南京市,鼓楼区,
2885,江苏城市职业学院学生公寓2幢,商务住宅;住宅区;宿舍,古平岗35-1,118.755499,32.068149,江苏省,南京市,鼓楼区,
2886,天津新村,商务住宅;住宅区;住宅小区,虎踞北路18号,118.75793,32.066044,江苏省,南京市,鼓楼区,
2887,江苏城市职业学院学生公寓6幢,商务住宅;住宅区;宿舍,古平岗35-1,118.755249,32.068149,江苏省,南京市,鼓楼区,
2888,江苏城市职业学院学生公寓5幢,商务住宅;住宅区;宿舍,古平岗35-1,118.755249,32.068149,江苏省,南京市,鼓楼区,
2889,马鞍山2号小区,商务住宅;住宅区;住宅小区,宁夏路与珞珈路交叉口北150米,118.761684,32.066787,江苏省,南京市,鼓楼区,
2890,康藏路小区,商务住宅;住宅区;住宅小区,康藏路5号,118.76266,32.070542,江苏省,南京市,鼓楼区,
2891,古平岗1号,商务住宅;住宅区;住宅区,古平岗,118.755077,32.070433,江苏省,南京市,鼓楼区,
2892,水佐岗39号,商务住宅;住宅区;住宅区,水佐岗26号附近,118.76307,32.069552,江苏省,南京市,鼓楼区,
2893,马鞍山11号,商务住宅;住宅区;住宅区,马鞍山路附近,118.759833,32.065756,江苏省,南京市,鼓楼区,
2894,马鞍山1号院,商务住宅;住宅区;住宅区,宁夏路与珞珈路交叉口西100米,118.761182,32.066045,江苏省,南京市,鼓楼区,
2895,江苏城市职业学院学生公寓4幢,商务住宅;住宅区;宿舍,古平岗35-1号江苏城市职业学院,118.754489,32.069752,江苏省,南京市,鼓楼区,
2896,机关宿舍,商务住宅;住宅区;住宅小区,马鞍山4-6号,118.761491,32.066025,江苏省,南京市,鼓楼区,
2897,马鞍山路小区,商务住宅;住宅区;住宅小区,马鞍山路10号,118.758425,32.065392,江苏省,南京市,鼓楼区,
2898,星汉城市花园,商务住宅;住宅区;住宅小区,水佐岗路35号,118.763532,32.068852,江苏省,南京市,鼓楼区,
2899,水佐岗37号,商务住宅;住宅区;住宅区,水佐岗与水佐岗48巷交叉口南100米,118.763834,32.069402,江苏省,南京市,鼓楼区,
2900,马鞍山一号大院,商务住宅;住宅区;住宅小区,马鞍山路1号,118.761166,32.065472,江苏省,南京市,鼓楼区,
2901,波兰大使馆旧址星汉别墅,商务住宅;住宅区;别墅,水佐岗39号,118.76387,32.069569,江苏省,南京市,鼓楼区,
2902,马鞍山12号,商务住宅;住宅区;住宅区,马鞍山路1-1号附近,118.760955,32.065363,江苏省,南京市,鼓楼区,
2903,宁夏路十八号住宅小区,商务住宅;住宅区;住宅小区,宁夏路18号,118.762996,32.066246,江苏省,南京市,鼓楼区,
2904,水佐岗67号小区,商务住宅;住宅区;住宅小区,水佐岗路67号,118.763357,32.071292,江苏省,南京市,鼓楼区,
2905,水佐岗19号,商务住宅;住宅区;住宅区,水佐岗与水佑岗路交叉口南100米,118.763767,32.067722,江苏省,南京市,鼓楼区,
2906,古平岗十四所,商务住宅;住宅区;住宅区,古平岗与虎踞北路交叉口西南50米,118.755166,32.072241,江苏省,南京市,鼓楼区,
2907,三步两桥小区,商务住宅;住宅区;住宅小区,水佐岗77号,118.761985,32.072895,江苏省,南京市,鼓楼区,
2908,晚市5号,商务住宅;住宅区;住宅区,晚市1号巷附近,118.757356,32.073539,江苏省,南京市,鼓楼区,
2909,晚市3号,商务住宅;住宅区;住宅区,晚市1号巷附近,118.75727,32.073523,江苏省,南京市,鼓楼区,
2910,晚市1号,商务住宅;住宅区;住宅区,晚市1号巷附近,118.757178,32.073501,江苏省,南京市,鼓楼区,
2911,镇江路晚市1号巷6号院,商务住宅;住宅区;住宅小区,镇江路晚市1号巷6号,118.75744,32.073683,江苏省,南京市,鼓楼区,
2912,水佐岗73号院,商务住宅;住宅区;住宅区,江苏省南京市鼓楼区水佐岗73号院,118.763047,32.0724,江苏省,南京市,鼓楼区,
2913,宁夏路23号小区,商务住宅;住宅区;住宅小区,宁夏路23号,118.762412,32.065516,江苏省,南京市,鼓楼区,
2914,晚市9号,商务住宅;住宅区;住宅区,回龙桥与镇江路交叉口东南50米,118.756951,32.07363,江苏省,南京市,鼓楼区,
2915,三步两桥17号,商务住宅;住宅区;住宅区,内环北线43号附近,118.762907,32.072564,江苏省,南京市,鼓楼区,
2916,晚市11号,商务住宅;住宅区;住宅区,回龙桥与镇江路交叉口东南50米,118.75675,32.073701,江苏省,南京市,鼓楼区,
2917,虎踞北路64号院,商务住宅;住宅区;住宅小区,虎踞北路64号,118.755564,32.073227,江苏省,南京市,鼓楼区,
2918,三步两桥15号,商务住宅;住宅区;住宅区,水佐岗与水佐岗路交叉口西北50米,118.763324,32.072699,江苏省,南京市,鼓楼区,
2919,晚市14-18,商务住宅;住宅区;住宅区,回龙桥与晚市交叉口西南50米,118.7561,32.073733,江苏省,南京市,鼓楼区,
2920,校门口1号小区,商务住宅;住宅区;住宅区,校门口1号,118.760663,32.074198,江苏省,南京市,鼓楼区,
2921,回龙桥15号,商务住宅;住宅区;住宅区,回龙桥与镇江路交叉口东北50米,118.756862,32.074117,江苏省,南京市,鼓楼区,
2922,三步两桥18号院,商务住宅;住宅区;住宅小区,三步两桥18号,118.763101,32.073074,江苏省,南京市,鼓楼区,
2923,南艺家属区,商务住宅;住宅区;住宅区,鼓楼虎踞北路15号,118.755759,32.064232,江苏省,南京市,鼓楼区,
2924,西康新村,商务住宅;住宅区;住宅小区,西康路41号,118.76346,32.064673,江苏省,南京市,鼓楼区,
2925,咨询楼,商务住宅;楼宇;商务写字楼,虎踞北路12号,118.756567,32.065133,江苏省,南京市,鼓楼区,
2926,虎踞北路12号综合楼南楼,商务住宅;楼宇;商务写字楼,虎踞北路12号,118.756506,32.064615,江苏省,南京市,鼓楼区,
2927,省委党校励学大厦,商务住宅;楼宇;商务写字楼,虎踞北路50号,118.758244,32.067969,江苏省,南京市,鼓楼区,
2928,圣淘沙·花城(南门),商务住宅;商务住宅相关;商务住宅相关,虎踞北路39号附近,118.75406,32.07389,江苏省,南京市,鼓楼区,
2929,马鞍山2号院(西门),商务住宅;商务住宅相关;商务住宅相关,水佑岗路21号附近,118.760607,32.067497,江苏省,南京市,鼓楼区,
2930,人和街29-35号小区,商务住宅;住宅区;住宅小区,人和街29-35号,118.769189,32.068761,江苏省,南京市,鼓楼区,
2931,虎啸花园,商务住宅;住宅区;住宅小区,湖南路祁家桥2号,118.768297,32.069661,江苏省,南京市,鼓楼区,
2932,玉麒麟雅苑,商务住宅;住宅区;住宅小区,山西路四卫头88号,118.769246,32.068231,江苏省,南京市,鼓楼区,
2933,老菜市7号小区,商务住宅;住宅区;住宅小区,老菜市7号,118.767888,32.068524,江苏省,南京市,鼓楼区,
2934,雅典花园(人和街),商务住宅;住宅区;住宅小区,人和街8号,118.770358,32.069359,江苏省,南京市,鼓楼区,
2935,中商万豪·峰彩,商务住宅;楼宇;商务写字楼,中山北路215-1号,118.770062,32.070001,江苏省,南京市,鼓楼区,
2936,人和佳园,商务住宅;住宅区;住宅小区,人和街11-13号,118.770338,32.06845,江苏省,南京市,鼓楼区,
2937,龙吟广场,商务住宅;楼宇;商务写字楼,鼓楼中山北路217号,118.769564,32.070678,江苏省,南京市,鼓楼区,
2938,三乐电子大厦,商务住宅;楼宇;商务写字楼,中山北路215号,118.770577,32.07012,江苏省,南京市,鼓楼区,
2939,四卫头小区,商务住宅;住宅区;住宅小区,山西路四卫头62号,118.76951,32.067507,江苏省,南京市,鼓楼区,
2940,龙府里,商务住宅;住宅区;住宅小区,中山北路215号(近人和街),118.77058,32.070282,江苏省,南京市,鼓楼区,
2941,龙吟广场-6号通道办公副(入口),商务住宅;楼宇;商务写字楼,中山北路217,118.76948,32.07085,江苏省,南京市,鼓楼区,
2942,三乐·八号公馆,商务住宅;楼宇;商务写字楼,老菜市路8号,118.766684,32.069025,江苏省,南京市,鼓楼区,
2943,北四卫头5号,商务住宅;住宅区;住宅区,北四卫头13号附近,118.768414,32.071062,江苏省,南京市,鼓楼区,
2944,竹林新村,商务住宅;住宅区;住宅小区,山西路祁家桥2号,118.766659,32.069665,江苏省,南京市,鼓楼区,
2945,宏图大厦(中山北路),商务住宅;楼宇;商务写字楼,中山北路219号(近华江饭店),118.769187,32.071223,江苏省,南京市,鼓楼区,
2946,人和街4号小区,商务住宅;住宅区;住宅小区,人和街4号,118.771337,32.0694,江苏省,南京市,鼓楼区,
2947,华江商务楼,商务住宅;楼宇;商务写字楼,中山北路178号,118.770128,32.07148,江苏省,南京市,鼓楼区,
2948,北四卫头3号,商务住宅;住宅区;住宅区,北四卫头5号附近,118.76842,32.071272,江苏省,南京市,鼓楼区,
2949,祁家桥4号,商务住宅;住宅区;住宅区,北四卫头与祁家桥交叉口东南50米,118.767089,32.070804,江苏省,南京市,鼓楼区,
2950,南京师范大学计算机学院学生公寓,商务住宅;住宅区;宿舍,水佐岗48巷与祁家桥交叉口西北50米,118.766759,32.070472,江苏省,南京市,鼓楼区,
2951,兴源商务中心,商务住宅;楼宇;商务写字楼,山西路68号颐和商厦1层,118.771222,32.067417,江苏省,南京市,鼓楼区,
2952,北四卫头36号小区,商务住宅;住宅区;住宅小区,北四卫头36号,118.767922,32.071397,江苏省,南京市,鼓楼区,
2953,北四卫头1号,商务住宅;住宅区;住宅区,中山北路与虹龙巷交叉口南150米,118.768361,32.071506,江苏省,南京市,鼓楼区,
2954,西流湾8号小区,商务住宅;住宅区;住宅小区,西流湾8号,118.770832,32.070946,江苏省,南京市,鼓楼区,
2955,颐和商厦,商务住宅;楼宇;商务写字楼,山西路68号(近湖南路),118.771407,32.06794,江苏省,南京市,鼓楼区,
2956,三乐电子信息产业集团有限公司江南单身公寓,商务住宅;住宅区;宿舍,水佐岗48巷与祁家桥交叉口西北50米,118.766563,32.070573,江苏省,南京市,鼓楼区,
2957,祁家桥10号小区,商务住宅;住宅区;住宅小区,祁家桥10号,118.767321,32.071374,江苏省,南京市,鼓楼区,
2958,祁家桥住宅,商务住宅;住宅区;住宅区,中山北路祁家桥,118.766956,32.071592,江苏省,南京市,鼓楼区,
2959,祁家桥9号,商务住宅;住宅区;住宅区,北四卫头与祁家桥交叉口西南50米,118.766671,32.070981,江苏省,南京市,鼓楼区,
2960,江苏成套大厦,商务住宅;楼宇;商务写字楼,山西路120号,118.77068,32.067016,江苏省,南京市,鼓楼区,
2961,金山大厦(人和街),商务住宅;楼宇;商务写字楼,山西路8-24号,118.772111,32.068515,江苏省,南京市,鼓楼区,
2962,千秋公寓,商务住宅;住宅区;住宅小区,水佐岗32巷26、27、28幢,118.765776,32.070056,江苏省,南京市,鼓楼区,
2963,建达大厦(中山北路),商务住宅;楼宇;商务写字楼,中山北路223号,118.768312,32.072066,江苏省,南京市,鼓楼区,
2964,和泰国际大厦,商务住宅;楼宇;商务写字楼,鼓楼山西路128号,118.76921,32.066301,江苏省,南京市,鼓楼区,
2965,祁家桥14号,商务住宅;住宅区;住宅区,北四卫头与祁家桥交叉口北50米,118.766954,32.071595,江苏省,南京市,鼓楼区,
2966,鼓楼大厦(山西路),商务住宅;楼宇;商务写字楼,山西路124号,118.76979,32.066336,江苏省,南京市,鼓楼区,
2967,祁家桥11号,商务住宅;住宅区;住宅区,北四卫头与祁家桥交叉口西100米,118.766109,32.070931,江苏省,南京市,鼓楼区,
2968,华丰大厦,商务住宅;楼宇;商务写字楼,鼓楼虹桥北四卫头8号,118.76747,32.071971,江苏省,南京市,鼓楼区,
2969,北四卫头4号,商务住宅;住宅区;住宅区,中山北路与虹龙巷交叉口西南100米,118.767821,32.07208,江苏省,南京市,鼓楼区,
2970,水佐岗48巷5号院,商务住宅;住宅区;住宅小区,水佐岗四十八巷5号,118.766027,32.071018,江苏省,南京市,鼓楼区,
2971,祁家桥17号,商务住宅;住宅区;住宅区,北四卫头与祁家桥交叉口西北50米,118.766417,32.071434,江苏省,南京市,鼓楼区,
2972,祁家桥15号,商务住宅;住宅区;住宅区,祁家桥13号a附近,118.766116,32.071269,江苏省,南京市,鼓楼区,
2973,江苏华侨大厦,商务住宅;楼宇;商务写字楼,中山北路241号1楼,118.767766,32.072259,江苏省,南京市,鼓楼区,
2974,西流湾9号小区,商务住宅;住宅区;住宅小区,西流湾9号,118.771321,32.071714,江苏省,南京市,鼓楼区,
2975,祁家桥19号,商务住宅;住宅区;住宅区,祁佐巷与祁家桥交叉口南50米,118.766607,32.071858,江苏省,南京市,鼓楼区,
2976,长发蜂巢生活馆,商务住宅;楼宇;商住两用楼宇,仇勇中山北路188号,118.768864,32.072602,江苏省,南京市,鼓楼区,
2977,工贸大厦,商务住宅;楼宇;商务写字楼,山西路57号,118.771172,32.066303,江苏省,南京市,鼓楼区,
2978,赤壁路4号小区,商务住宅;住宅区;住宅小区,赤壁路4号,118.766863,32.066244,江苏省,南京市,鼓楼区,
2979,银河大厦,商务住宅;楼宇;商务写字楼,山西路1号苏宁银河国际购物广场(近湖南路),118.772548,32.067572,江苏省,南京市,鼓楼区,
2980,宁夏路1-7号小区,商务住宅;住宅区;住宅小区,宁夏路1-7号,118.766372,32.066473,江苏省,南京市,鼓楼区,
2981,苏宁银河国际购物广场,商务住宅;楼宇;商务写字楼,山西路1号,118.772677,32.067592,江苏省,南京市,鼓楼区,
2982,西流湾22号,商务住宅;住宅区;住宅区,西流湾16号附近,118.77113,32.072218,江苏省,南京市,鼓楼区,
2983,西流湾小区,商务住宅;住宅区;住宅小区,西流湾12-40号,118.771194,32.072262,江苏省,南京市,鼓楼区,
2984,西流湾24号,商务住宅;住宅区;住宅区,西流湾14号附近,118.771261,32.072264,江苏省,南京市,鼓楼区,
2985,西流湾10号,商务住宅;住宅区;住宅区,西流湾28号附近,118.771111,32.072346,江苏省,南京市,鼓楼区,
2986,西流湾19号,商务住宅;住宅区;住宅区,虹龙巷与西流湾交叉口西南100米,118.770223,32.072694,江苏省,南京市,鼓楼区,
2987,赤壁路3号小区,商务住宅;住宅区;住宅小区,赤壁路3号,118.767072,32.065908,江苏省,南京市,鼓楼区,
2988,电工新村社区,商务住宅;住宅区;住宅小区|地名地址信息;普通地名;村庄级地名,水佐岗路44号,118.764609,32.069714,江苏省,南京市,鼓楼区,
2989,西流湾26号,商务住宅;住宅区;住宅区,虹龙巷与西流湾交叉口东南150米,118.771351,32.072292,江苏省,南京市,鼓楼区,
2990,老菜市38号,商务住宅;住宅区;住宅区,水佐岗与老菜市交叉口东北50米,118.76458,32.068665,江苏省,南京市,鼓楼区,
2991,北四卫头29号小区,商务住宅;住宅区;住宅小区,北四卫头29,118.766969,32.072607,江苏省,南京市,鼓楼区,
2992,世界贸易大厦A1座,商务住宅;楼宇;商务写字楼,山西路67号,118.77012,32.06552,江苏省,南京市,鼓楼区,
2993,世贸中心大厦A幢,商务住宅;楼宇;商住两用楼宇,山西路67号,118.770101,32.065476,江苏省,南京市,鼓楼区,
2994,秦盛公司员工公寓,商务住宅;住宅区;宿舍,祁佐巷与祁家桥交叉口西北50米,118.766294,32.072337,江苏省,南京市,鼓楼区,
2995,世界贸易大厦A2座,商务住宅;楼宇;商务写字楼,山西路67号,118.76997,32.06544,江苏省,南京市,鼓楼区,
2996,水佐岗44号,商务住宅;住宅区;住宅区,水佐岗与水佐岗48巷交叉口东南50米,118.764327,32.069781,江苏省,南京市,鼓楼区,
2997,虹桥十一号二村,商务住宅;住宅区;住宅小区,中山北路200号,118.768765,32.073162,江苏省,南京市,鼓楼区,
2998,西流湾21号,商务住宅;住宅区;住宅区,虹龙巷与西流湾交叉口西南50米,118.770543,32.072928,江苏省,南京市,鼓楼区,
2999,中环国际广场商务楼,商务住宅;楼宇;商务写字楼,中山北路105号军人俱乐部内(近山西路),118.772959,32.066523,江苏省,南京市,鼓楼区,
3000,西流湾40号,商务住宅;住宅区;住宅区,西流湾32号附近,118.77105,32.07278,江苏省,南京市,鼓楼区,
3001,西流湾38号,商务住宅;住宅区;住宅区,西流湾32号附近,118.77105,32.07278,江苏省,南京市,鼓楼区,
3002,祁家桥18号,商务住宅;住宅区;住宅区,祁家桥26号附近,118.766642,32.072709,江苏省,南京市,鼓楼区,
3003,祁家桥41号,商务住宅;住宅区;住宅区,祁家桥38号附近,118.766324,32.072557,江苏省,南京市,鼓楼区,
3004,西流湾42号,商务住宅;住宅区;住宅区,虹龙巷与西流湾交叉口东南50米,118.77106,32.07283,江苏省,南京市,鼓楼区,
3005,南京邮电大学宿舍,商务住宅;住宅区;宿舍,中山北路243号,118.767087,32.072963,江苏省,南京市,鼓楼区,
3006,世贸中心大厦,商务住宅;楼宇;商住两用楼宇,山西路67号(近江苏路),118.770322,32.065303,江苏省,南京市,鼓楼区,
3007,水佐岗48巷3号小区,商务住宅;住宅区;住宅小区,水佐岗四十八巷3号,118.76443,32.070722,江苏省,南京市,鼓楼区,
3008,马台街137号小区,商务住宅;住宅区;住宅小区,马台街137号,118.771929,32.072439,江苏省,南京市,鼓楼区,
3009,银通大厦(湖南路),商务住宅;楼宇;商务写字楼,中山北路124号,118.773704,32.068437,江苏省,南京市,鼓楼区,
3010,中环国际广场,商务住宅;楼宇;商务写字楼,中山北路105号军人俱乐部内,118.772949,32.066726,江苏省,南京市,鼓楼区,
3011,马台街125号小区,商务住宅;住宅区;住宅小区,马台街125号,118.772527,32.072086,江苏省,南京市,鼓楼区,
3012,虹桥5号小区,商务住宅;住宅区;住宅小区,西流湾,118.770001,32.073317,江苏省,南京市,鼓楼区,
3013,虹桥7号,商务住宅;住宅区;住宅区,中山北路200-7号附近,118.769749,32.073396,江苏省,南京市,鼓楼区,
3014,祁家桥43号,商务住宅;住宅区;住宅区,三步两桥与祁家桥交叉口南50米,118.766266,32.07283,江苏省,南京市,鼓楼区,
3015,水佐岗25号,商务住宅;住宅区;住宅区,水佐岗与水佑岗路交叉口南50米,118.763995,32.068117,江苏省,南京市,鼓楼区,
3016,山西南村小区,商务住宅;住宅区;住宅小区,江苏路60-10号附近,118.771268,32.065324,江苏省,南京市,鼓楼区,
3017,时尚空间,商务住宅;楼宇;商务写字楼,马台街137-3号,118.772138,32.072727,江苏省,南京市,鼓楼区,
3018,世贸中心大厦B幢,商务住宅;楼宇;商住两用楼宇,江苏路60号世贸中心大厦B楼,118.770648,32.065014,江苏省,南京市,鼓楼区,
3019,水佐岗21号,商务住宅;住宅区;住宅区,水佐岗与水佑岗路交叉口南100米,118.764009,32.067717,江苏省,南京市,鼓楼区,
3020,祁家桥22号,商务住宅;住宅区;住宅区,三步两桥与祁家桥交叉口东南50米,118.766461,32.073186,江苏省,南京市,鼓楼区,
3021,中山北路200-5号小区,商务住宅;住宅区;住宅小区,中山北路200-5号,118.769473,32.073709,江苏省,南京市,鼓楼区,
3022,三步两桥3号小区,商务住宅;住宅区;住宅小区,三步两桥3号,118.765735,32.072953,江苏省,南京市,鼓楼区,
3023,三步两桥七号小区,商务住宅;住宅区;住宅小区,三步两桥7号,118.764861,32.072381,江苏省,南京市,鼓楼区,
3024,三步两桥5号小区,商务住宅;住宅区;住宅小区,三步两桥5号,118.765465,32.072837,江苏省,南京市,鼓楼区,
3025,水佐岗13号,商务住宅;住宅区;住宅区,宁夏路与水佐岗交叉口北150米,118.764032,32.066989,江苏省,南京市,鼓楼区,
3026,三步两桥6号,商务住宅;住宅区;住宅区,三步两桥与祁家桥交叉口北50米,118.766284,32.073387,江苏省,南京市,鼓楼区,
3027,世贸中心大厦C幢,商务住宅;楼宇;商住两用楼宇,江苏路60号世贸中心大厦C楼,118.770809,32.064703,江苏省,南京市,鼓楼区,
3028,傅佐路小区,商务住宅;住宅区;住宅小区,傅佐路,118.772473,32.065321,江苏省,南京市,鼓楼区,
3029,金建大厦,商务住宅;楼宇;商务写字楼,水佐岗路64号,118.764166,32.071884,江苏省,南京市,鼓楼区,
3030,南京工业大学虹桥校区宿舍区,商务住宅;住宅区;宿舍,中山北路200-2号,118.769993,32.074079,江苏省,南京市,鼓楼区,
3031,天福里7号,商务住宅;住宅区;住宅区,马台街80-5号附近,118.772956,32.072883,江苏省,南京市,鼓楼区,
3032,马台街90号小区,商务住宅;住宅区;住宅小区,马台街90号,118.772315,32.07335,江苏省,南京市,鼓楼区,
3033,天福园南区,商务住宅;住宅区;住宅小区,平安里79号,118.773288,32.072735,江苏省,南京市,鼓楼区,
3034,天福园3期,商务住宅;住宅区;住宅区,天福里9号,118.77284,32.073084,江苏省,南京市,鼓楼区,
3035,泰顺佳园(大方巷),商务住宅;住宅区;住宅小区,大方巷66号,118.771619,32.064568,江苏省,南京市,鼓楼区,
3036,苏宁碧瑰园,商务住宅;住宅区;住宅小区,傅佐路5号,118.772281,32.064861,江苏省,南京市,鼓楼区,
3037,平安里76号,商务住宅;住宅区;住宅区,平安里与童家巷交叉口西南50米,118.773846,32.072831,江苏省,南京市,鼓楼区,
3038,三步两桥10号,商务住宅;住宅区;住宅区,水佐岗与水佐岗路交叉口东北100米,118.764306,32.073119,江苏省,南京市,鼓楼区,
3039,宁夏路13号院,商务住宅;住宅区;住宅区,宁夏路13号,118.76402,32.065455,江苏省,南京市,鼓楼区,
3040,西康路54号-2,商务住宅;住宅区;住宅区,西康路37号附近,118.76515,32.06448,江苏省,南京市,鼓楼区,
3041,华章新苑,商务住宅;住宅区;住宅小区,大方巷26号,118.773518,32.064513,江苏省,南京市,鼓楼区,
3042,琅琊新村,商务住宅;住宅区;住宅小区,西康路41号,118.764155,32.064557,江苏省,南京市,鼓楼区,
3043,模范中路小区,商务住宅;住宅区;住宅小区,模范中路,118.764454,32.074194,江苏省,南京市,鼓楼区,
3044,12号办公楼,商务住宅;楼宇;商务写字楼,湖南路12号,118.779219,32.069338,江苏省,南京市,鼓楼区,
3045,华阳大厦(湖南路),商务住宅;楼宇;商务写字楼,湖南路115号,118.777961,32.06879,江苏省,南京市,鼓楼区,
3046,广厦大楼,商务住宅;楼宇;商务写字楼,裴家桥29号,118.779958,32.068497,江苏省,南京市,鼓楼区,
3047,裴家桥小区,商务住宅;住宅区;住宅小区,湖南路107号,118.779226,32.068084,江苏省,南京市,鼓楼区,
3048,金狮公寓,商务住宅;住宅区;住宅小区,湖南路狮子桥32号,118.778042,32.068334,江苏省,南京市,鼓楼区,
3049,湖南路47号大楼,商务住宅;楼宇;商务写字楼,湖南路47号,118.780658,32.068726,江苏省,南京市,鼓楼区,
3050,汇鸿国际商厦,商务住宅;楼宇;商务写字楼,湖南路181号,118.77707,32.068722,江苏省,南京市,鼓楼区,
3051,童家巷小区,商务住宅;住宅区;住宅小区,湖南路童家巷,118.778581,32.071108,江苏省,南京市,鼓楼区,
3052,天鹤文云商务大厦,商务住宅;楼宇;商务写字楼,云南北路83号,118.78074,32.067354,江苏省,南京市,鼓楼区,
3053,文云小区,商务住宅;住宅区;住宅小区,高云岭53号,118.781434,32.068699,江苏省,南京市,鼓楼区,
3054,狮子桥3号,商务住宅;住宅区;住宅区,狮子桥步行街5号附近,118.777812,32.067084,江苏省,南京市,鼓楼区,
3055,高云岭45号前、后楼,商务住宅;住宅区;住宅小区,高云岭47-1号,118.781291,32.067957,江苏省,南京市,鼓楼区,
3056,湖北路85号综合办公楼(湖北路),商务住宅;楼宇;商务写字楼,湖北路85号,118.776315,32.06829,江苏省,南京市,鼓楼区,
3057,童家巷40号小区,商务住宅;住宅区;住宅小区,童家巷38-40号,118.778388,32.071561,江苏省,南京市,鼓楼区,
3058,和信商务中心(湖南路),商务住宅;楼宇;商务写字楼,湖南路6-3号,118.782098,32.069508,江苏省,南京市,鼓楼区,
3059,天狮百盛商厦(湖北路),商务住宅;楼宇;商务写字楼,狮子桥步行街1号,118.777791,32.066946,江苏省,南京市,鼓楼区,
3060,高云岭51号,商务住宅;住宅区;住宅区,文云巷与高云岭交叉口西北100米,118.781793,32.068431,江苏省,南京市,鼓楼区,
3061,平安里42号,商务住宅;住宅区;住宅区,平安里与童家巷交叉口东北50米,118.776376,32.07074,江苏省,南京市,鼓楼区,
3062,微分商务中心,商务住宅;楼宇;商务写字楼,云南北路28号,118.778825,32.066256,江苏省,南京市,鼓楼区,
3063,南泰大厦(云南北路),商务住宅;楼宇;商务写字楼,云南北路77号,118.780171,32.066739,江苏省,南京市,鼓楼区,
3064,社会公益创新园,商务住宅;住宅区;住宅区,云南北路79号,118.78059,32.06687,江苏省,南京市,鼓楼区,
3065,平安里44号,商务住宅;住宅区;住宅区,平安里与童家巷交叉口北50米,118.776286,32.070832,江苏省,南京市,鼓楼区,
3066,平安里46号,商务住宅;住宅区;住宅区,平安里与童家巷交叉口北50米,118.776262,32.070854,江苏省,南京市,鼓楼区,
3067,狮子桥小区,商务住宅;住宅区;住宅小区,湖北路狮子桥(湖南路),118.778294,32.066411,江苏省,南京市,鼓楼区,
3068,中国药科大学-女生宿舍,商务住宅;住宅区;宿舍,童家巷20号-3,118.780841,32.071598,江苏省,南京市,鼓楼区,
3069,丁家桥小区,商务住宅;住宅区;住宅小区,丁家桥26号,118.777756,32.07206,江苏省,南京市,鼓楼区,
3070,湖北路87-89小区,商务住宅;住宅区;住宅小区,湖北路87-89号,118.775664,32.068252,江苏省,南京市,鼓楼区,
3071,平安里1号,商务住宅;住宅区;住宅区,平安里3-3号附近,118.775815,32.070874,江苏省,南京市,鼓楼区,
3072,高云岭56号,商务住宅;住宅区;住宅区,文云巷与文云巷东段交叉口西北100米,118.782663,32.06828,江苏省,南京市,鼓楼区,
3073,中国药科大学玄武门校区学生宿舍3号楼,商务住宅;住宅区;宿舍,童家巷24号中国药科大学玄武门校区,118.7812,32.071915,江苏省,南京市,鼓楼区,
3074,新泉里小区,商务住宅;住宅区;住宅小区,湖北路21号,118.777579,32.066081,江苏省,南京市,鼓楼区,
3075,平安里7号,商务住宅;住宅区;住宅区,平安里7-2临附近,118.775549,32.070964,江苏省,南京市,鼓楼区,
3076,平安里9号,商务住宅;住宅区;住宅区,平安里7-2临附近,118.775405,32.07088,江苏省,南京市,鼓楼区,
3077,高云岭52号,商务住宅;住宅区;住宅区,高云岭50号附近,118.782378,32.067387,江苏省,南京市,鼓楼区,
3078,高云岭50号,商务住宅;住宅区;住宅区,文云巷与高云岭交叉口南100米,118.782383,32.067352,江苏省,南京市,鼓楼区,
3079,高云岭48号,商务住宅;住宅区;住宅区,高云岭50号附近,118.782397,32.067307,江苏省,南京市,鼓楼区,
3080,开元大厦(湖北路),商务住宅;楼宇;商务写字楼,湖北路3号,118.778206,32.065738,江苏省,南京市,鼓楼区,
3081,凤凰广场,商务住宅;楼宇;商务写字楼,湖南路1号(近中央路靠南京优优宝贝儿童摄影玄武门旗舰店),118.783077,32.068679,江苏省,南京市,鼓楼区,
3082,中国药科大学玄武门校区学生宿舍4号楼,商务住宅;住宅区;宿舍,童家巷24号中国药科大学玄武门校区,118.781203,32.072185,江苏省,南京市,鼓楼区,
3083,天星翠琅大厦,商务住宅;楼宇;商务写字楼,云南北路49号,118.779447,32.065651,江苏省,南京市,鼓楼区,
3084,中国药科大学-学生宿舍,商务住宅;住宅区;宿舍,童家巷12-1号,118.781375,32.072104,江苏省,南京市,鼓楼区,
3085,高云岭46号,商务住宅;住宅区;住宅区,文云巷与高云岭交叉口南100米,118.782451,32.067153,江苏省,南京市,鼓楼区,
3086,红妆别墅,商务住宅;住宅区;别墅,湖南路78号,118.774617,32.069202,江苏省,南京市,鼓楼区,
3087,中共江苏省委党校综合楼,商务住宅;楼宇;商务写字楼,湖北路42号,118.779156,32.065446,江苏省,南京市,鼓楼区,
3088,中国药科大学玄武门校区学生宿舍5号楼,商务住宅;住宅区;宿舍,童家巷24号中国药科大学玄武门校区,118.78123,32.072426,江苏省,南京市,鼓楼区,
3089,高云岭38号,商务住宅;住宅区;住宅区,青云巷与高云岭交叉口北100米,118.782631,32.067112,江苏省,南京市,鼓楼区,
3090,中大医院办公楼,商务住宅;楼宇;商务写字楼,丁家桥87号,118.77719,32.072837,江苏省,南京市,鼓楼区,
3091,建伟大厦,商务住宅;楼宇;商务写字楼,中山北路86号太平洋百货内(近湖南路),118.774712,32.067777,江苏省,南京市,鼓楼区,
3092,青云巷社区,商务住宅;住宅区;住宅小区,云南北路,118.780494,32.065599,江苏省,南京市,鼓楼区,
3093,中国药科大学玄武门校区学生宿舍7号楼,商务住宅;住宅区;宿舍,童家巷24号中国药科大学玄武门校区,118.781551,32.072444,江苏省,南京市,鼓楼区,
3094,建伟大厦B座,商务住宅;楼宇;商务写字楼,中山北路88号建伟大厦,118.774657,32.067794,江苏省,南京市,鼓楼区,
3095,凤凰广场A楼,商务住宅;楼宇;商务写字楼,湖南路1号,118.783498,32.068125,江苏省,南京市,鼓楼区,
3096,江苏中江种业大厦,商务住宅;楼宇;商务写字楼,中山北路34号,118.777917,32.065367,江苏省,南京市,鼓楼区,
3097,童家巷大院,商务住宅;住宅区;住宅小区,童家巷10号,118.782583,32.071692,江苏省,南京市,鼓楼区,
3098,凤凰广场C楼,商务住宅;楼宇;商务写字楼,中央路165号,118.78377,32.068966,江苏省,南京市,鼓楼区,
3099,青云巷小区1号3号5号小区,商务住宅;住宅区;住宅小区,青云巷与高云岭交叉口西50米,118.78205,32.066191,江苏省,南京市,鼓楼区,
3100,青云巷小区,商务住宅;住宅区;住宅小区,青云巷31号,118.781998,32.066046,江苏省,南京市,鼓楼区,
3101,碧水湾,商务住宅;住宅区;住宅小区,青云巷37号,118.780123,32.065215,江苏省,南京市,鼓楼区,
3102,出版大厦,商务住宅;楼宇;商务写字楼,中央路165,118.78388,32.069041,江苏省,南京市,鼓楼区,
3103,勤益里小区,商务住宅;住宅区;住宅小区,湖南路,118.774084,32.068398,江苏省,南京市,鼓楼区,
3104,青云巷小区鼓楼,商务住宅;住宅区;住宅区,青云巷与高云岭交叉口西南50米,118.782253,32.066039,江苏省,南京市,鼓楼区,
3105,湖北路42号院,商务住宅;住宅区;住宅小区,湖北路42号,118.77973,32.065022,江苏省,南京市,鼓楼区,
3106,金茂广场南塔写字楼,商务住宅;楼宇;商务写字楼,童家巷10号,118.782946,32.071888,江苏省,南京市,鼓楼区,
3107,高云岭30号,商务住宅;住宅区;住宅区,青云巷与高云岭交叉口东南50米,118.782715,32.066071,江苏省,南京市,鼓楼区,
3108,青教公寓,商务住宅;住宅区;宿舍,峨眉岭20号,118.777238,32.073574,江苏省,南京市,鼓楼区,
3109,江苏议事园大厦,商务住宅;楼宇;商务写字楼,中山北路95号(江苏议事园旁),118.775981,32.065228,江苏省,南京市,鼓楼区,
3110,傅厚岗36号,商务住宅;住宅区;住宅小区,傅厚岗与青云巷交叉口东100米,118.781032,32.06487,江苏省,南京市,鼓楼区,
3111,马家街小区,商务住宅;住宅区;住宅小区,马家街33号,118.782055,32.073249,江苏省,南京市,鼓楼区,
3112,傅厚岗28号,商务住宅;住宅区;住宅区,青云巷与高云岭交叉口南100米,118.782528,32.065544,江苏省,南京市,鼓楼区,
3113,高云岭5号,商务住宅;住宅区;住宅区,青云巷与高云岭交叉口东南100米,118.782801,32.065708,江苏省,南京市,鼓楼区,
3114,中山北路101大院,商务住宅;住宅区;住宅区,中山北路101号,118.775006,32.065754,江苏省,南京市,鼓楼区,
3115,东南大学丁家桥校区青年公寓,商务住宅;住宅区;宿舍,丁家桥87号东南大学丁家桥校区,118.777261,32.073951,江苏省,南京市,鼓楼区,
3116,平安里74号,商务住宅;住宅区;住宅区,平安里70-72号附近,118.774916,32.072738,江苏省,南京市,鼓楼区,
3117,平安公寓,商务住宅;住宅区;住宅小区,平安里70-72号,118.774599,32.072573,江苏省,南京市,鼓楼区,
3118,傅厚岗31号院,商务住宅;住宅区;住宅区,傅厚岗与青云巷交叉口东南100米,118.781099,32.06449,江苏省,南京市,鼓楼区,
3119,怡景公寓,商务住宅;住宅区;住宅小区,中央路201号玄武湖·金茂广场,118.783407,32.072677,江苏省,南京市,鼓楼区,
3120,傅厚岗小区,商务住宅;住宅区;住宅小区,傅厚岗与高云岭交叉口西北50米,118.7825,32.064908,江苏省,南京市,鼓楼区,
3121,傅厚岗29号,商务住宅;住宅区;住宅区,傅厚岗33号附近,118.78146,32.064519,江苏省,南京市,鼓楼区,
3122,新联创业园软件楼,商务住宅;楼宇;商务写字楼,平安里74号,118.774283,32.072709,江苏省,南京市,鼓楼区,
3123,华安新村,商务住宅;住宅区;住宅小区,大方巷,118.775127,32.065036,江苏省,南京市,鼓楼区,
3124,波波魔火大厦,商务住宅;楼宇;商务写字楼,平安里74号,118.774282,32.072709,江苏省,南京市,鼓楼区,
3125,傅厚岗26号,商务住宅;住宅区;住宅区,傅厚岗与高云岭交叉口北50米,118.78294,32.065097,江苏省,南京市,鼓楼区,
3126,金茂广场2期,商务住宅;楼宇;商住两用楼宇,马家街20号附近,118.782524,32.073636,江苏省,南京市,鼓楼区,
3127,乾宁公寓,商务住宅;住宅区;住宅小区,马家街28号,118.781661,32.074057,江苏省,南京市,鼓楼区,
3128,御景华府(马家街),商务住宅;住宅区;住宅小区,中央路201号玄武湖·金茂广场,118.783234,32.073308,江苏省,南京市,鼓楼区,
3129,傅厚岗19号,商务住宅;住宅区;住宅区,傅厚岗与高云岭交叉口西南50米,118.782733,32.064677,江苏省,南京市,鼓楼区,
3130,傅厚岗24号小区,商务住宅;住宅区;住宅小区,傅厚岗24号,118.783416,32.064931,江苏省,南京市,鼓楼区,
3131,南京国际广场北塔,商务住宅;楼宇;商务写字楼,中央路201号,118.783298,32.073657,江苏省,南京市,鼓楼区,
3132,宁乐新苑,商务住宅;住宅区;住宅小区,大方巷18号,118.774256,32.064998,江苏省,南京市,鼓楼区,
3133,高云岭29号,商务住宅;住宅区;住宅区,傅厚岗与高云岭交叉口西南100米,118.782526,32.064265,江苏省,南京市,鼓楼区,
3134,玄武英郡,商务住宅;住宅区;住宅区,中央路马家街2号中央路和湖南路的交汇处,118.783273,32.073965,江苏省,南京市,鼓楼区,
3135,百盛国际大厦,商务住宅;楼宇;商务写字楼,中央路233,118.783538,32.074163,江苏省,南京市,鼓楼区,
3136,百子亭后小区,商务住宅;住宅区;住宅小区,玄武门街道百子亭,118.786907,32.067008,江苏省,南京市,玄武区,
3137,百子亭42号,商务住宅;住宅区;住宅区,文云巷东段与百子亭交叉口东50米,118.785705,32.068056,江苏省,南京市,玄武区,
3138,昆仑路18-36号大院,商务住宅;住宅区;住宅区,台城路与昆仑路交叉口西北50米,118.787759,32.065841,江苏省,南京市,玄武区,
3139,百子亭2号,商务住宅;住宅区;住宅区,昆仑路30号附近,118.787237,32.065651,江苏省,南京市,玄武区,
3140,玄武湖公园宿舍,商务住宅;住宅区;宿舍,北西家大塘36号-38号,118.7885,32.065112,江苏省,南京市,玄武区,
3141,大树根小区,商务住宅;住宅区;住宅小区,玄武门,118.786033,32.07254,江苏省,南京市,玄武区,
3142,万和尊邸,商务住宅;楼宇;商务写字楼,鼓楼中央路70号(玄武湖西侧),118.784489,32.067475,江苏省,南京市,玄武区,
3143,百子亭19号,商务住宅;住宅区;住宅区,百子亭与高楼门交叉口西北150米,118.785505,32.066053,江苏省,南京市,玄武区,
3144,百子亭10号,商务住宅;住宅区;住宅区,百子亭6-1号附近,118.786701,32.06513,江苏省,南京市,玄武区,
3145,百新大厦,商务住宅;楼宇;商住两用楼宇,鼓楼湖南路百子亭6号,118.786454,32.065126,江苏省,南京市,玄武区,
3146,百子亭8号,商务住宅;住宅区;住宅区,百子亭与高楼门交叉口东北50米,118.786293,32.065129,江苏省,南京市,玄武区,
3147,省军招综合楼B楼,商务住宅;楼宇;商务写字楼,高楼门62号,118.785591,32.064763,江苏省,南京市,玄武区,
3148,傅厚岗6号,商务住宅;住宅区;住宅区,傅厚岗与高楼门交叉口西100米,118.785117,32.06501,江苏省,南京市,玄武区,
3149,富昇大厦,商务住宅;楼宇;商住两用楼宇,傅厚岗1、5、7、9、11号,118.785707,32.064523,江苏省,南京市,玄武区,
3150,傅厚岗1号,商务住宅;住宅区;住宅区,傅厚岗a-3号附近,118.785529,32.064602,江苏省,南京市,玄武区,
3151,高楼门69号,商务住宅;住宅区;住宅区,傅厚岗与高楼门交叉口南100米,118.785902,32.06421,江苏省,南京市,玄武区,
3152,傅厚岗11号,商务住宅;住宅区;住宅区,傅厚岗7-11号附近,118.784488,32.064462,江苏省,南京市,玄武区,
3153,傅厚岗7号,商务住宅;住宅区;住宅区,中央路26号附近,118.78448,32.064423,江苏省,南京市,玄武区,
3154,百康世家,商务住宅;商务住宅相关;商务住宅相关,是玄武区中央路224号红星美凯龙国际家居广场(名品馆)2层,118.784931,32.073612,江苏省,南京市,玄武区,
3155,金思维3号楼,商务住宅;楼宇;商务写字楼,锁金北路78号附近,118.813388,32.072647,江苏省,南京市,玄武区,
3156,盛世华庭,商务住宅;住宅区;住宅小区,龙蟠路98,118.811601,32.071037,江苏省,南京市,玄武区,
3157,公用金卡大厦,商务住宅;楼宇;商务写字楼,龙蟠路165号-2号,118.812093,32.073542,江苏省,南京市,玄武区,
3158,金思维大厦,商务住宅;楼宇;商务写字楼,龙蟠路171-175号,118.813798,32.071965,江苏省,南京市,玄武区,
3159,锁金村80号,商务住宅;住宅区;住宅小区,龙蟠路169号,118.812643,32.073582,江苏省,南京市,玄武区,
3160,锁金六村,商务住宅;住宅区;住宅小区,锁金北路80号(紫金山),118.819073,32.069376,江苏省,南京市,玄武区,
3161,紫鑫城,商务住宅;住宅区;住宅小区,板仓街9号,118.819167,32.067708,江苏省,南京市,玄武区,
3162,南京电影制片厂宿舍,商务住宅;住宅区;宿舍,锁金中路与锁金南路交叉口西南100米,118.817144,32.070365,江苏省,南京市,玄武区,
3163,锁金村3号小区,商务住宅;住宅区;住宅小区,板仓街与龙蟠路交叉口西北150米,118.816662,32.067518,江苏省,南京市,玄武区,
3164,新世界花园(板仓街),商务住宅;住宅区;住宅小区,板仓街3号,118.818926,32.066612,江苏省,南京市,玄武区,
3165,锁金村68号院,商务住宅;住宅区;住宅区,锁金村68号,118.81686,32.071079,江苏省,南京市,玄武区,
3166,锁金村5号小区,商务住宅;住宅区;住宅小区,龙蟠路177号,118.815802,32.068606,江苏省,南京市,玄武区,
3167,新世纪花园(板仓街),商务住宅;住宅区;住宅小区,板仓街1-1附近,118.817,32.06703,江苏省,南京市,玄武区,
3168,板仓街49号小区,商务住宅;住宅区;住宅小区,板仓街49号院,118.822105,32.069761,江苏省,南京市,玄武区,
3169,锁金村4号小区,商务住宅;住宅区;住宅小区,龙蟠路187-2号,118.816036,32.06768,江苏省,南京市,玄武区,
3170,无庶,商务住宅;住宅区;住宅小区,锁金村9号,118.815127,32.069597,江苏省,南京市,玄武区,
3171,锁二社区(锁金南路),商务住宅;住宅区;住宅小区,锁金中路与锁金南路交叉口西南150米,118.81557,32.071048,江苏省,南京市,玄武区,
3172,锁金村4-1号院,商务住宅;住宅区;住宅区,龙蟠路185号附近,118.815146,32.06777,江苏省,南京市,玄武区,
3173,锁金一村,商务住宅;住宅区;住宅小区,锁金中路与锁金南路交叉口西南150米,118.815135,32.070949,江苏省,南京市,玄武区,
3174,锁一社区(锁金南路),商务住宅;住宅区;住宅小区,锁金中路与锁金南路交叉口西南100米,118.815489,32.071454,江苏省,南京市,玄武区,
3175,板仓街57号,商务住宅;住宅区;住宅小区,板仓街55号附近,118.82314,32.070863,江苏省,南京市,玄武区,
3176,东南大学公寓,商务住宅;住宅区;宿舍,锁金二村22栋,118.815553,32.071935,江苏省,南京市,玄武区,
3177,南师大板仓校园学生公寓1幢,商务住宅;住宅区;宿舍,板仓街84号附近,118.822538,32.072121,江苏省,南京市,玄武区,
3178,南师大板仓校园学生公寓2幢,商务住宅;住宅区;宿舍,板仓街80号附近,118.822306,32.072342,江苏省,南京市,玄武区,
3179,锁金四村,商务住宅;住宅区;住宅小区,,118.816755,32.073113,江苏省,南京市,玄武区,
3180,南京大学公寓,商务住宅;住宅区;宿舍,锁金二村21幢,118.815398,32.072677,江苏省,南京市,玄武区,
3181,女生公寓,商务住宅;住宅区;宿舍,龙蟠中路159号,118.822579,32.072627,江苏省,南京市,玄武区,
3182,南京师范大学24、26幢学生公寓,商务住宅;住宅区;宿舍,板仓街西100米,118.82279,32.072486,江苏省,南京市,玄武区,
3183,南京师范大学紫金校区学生公寓,商务住宅;住宅区;宿舍,板仓街西100米,118.822908,32.072488,江苏省,南京市,玄武区,
3184,南京师范大学紫金校区教工宿舍,商务住宅;住宅区;宿舍,板仓街78号,118.820896,32.07375,江苏省,南京市,玄武区,
3185,岗子村63号,商务住宅;住宅区;住宅小区,北安门街与龙蟠路交叉口东150米,118.817464,32.064504,江苏省,南京市,玄武区,
3186,板仓校园教工宿舍6幢,商务住宅;住宅区;宿舍,锁金北路,118.821574,32.073615,江苏省,南京市,玄武区,
3187,锁金二村,商务住宅;住宅区;住宅小区,龙蟠路,118.814662,32.072714,江苏省,南京市,玄武区,
3188,板仓校园教工宿舍2幢,商务住宅;住宅区;宿舍,板仓街,118.821997,32.073568,江苏省,南京市,玄武区,
3189,钟麓花园,商务住宅;住宅区;住宅小区,锁金村板仓街100号钟麓花园,118.823763,32.073635,江苏省,南京市,玄武区,
3190,蔬科大厦,商务住宅;楼宇;商务写字楼,龙蟠路189号,118.815354,32.067427,江苏省,南京市,玄武区,
3191,板仓街49号院(西1门),商务住宅;商务住宅相关;商务住宅相关,板仓街49号,118.820924,32.068956,江苏省,南京市,玄武区,
3192,郭家大院南院,商务住宅;商务住宅相关;商务住宅相关,锁金东路与锁金北路交叉口南50米,118.817743,32.074089,江苏省,南京市,玄武区,
3193,南京邮电大学锁金校区(西门),商务住宅;商务住宅相关;商务住宅相关,龙蟠路177号西门,118.814436,32.070097,江苏省,南京市,玄武区,
3194,金陵石油化工公司科技开发公司大楼,商务住宅;楼宇;工业大厦建筑物,锁金四村6号,118.816436,32.071581,江苏省,南京市,玄武区,
3195,板仓街109号小区,商务住宅;住宅区;住宅小区,,118.824873,32.070865,江苏省,南京市,玄武区,
3196,观山阁,商务住宅;住宅区;住宅区,板仓街102-2号,118.824543,32.073197,江苏省,南京市,玄武区,
3197,欣昇大楼,商务住宅;楼宇;商务写字楼,马群街道黄马路6号,118.891598,32.069555,江苏省,南京市,栖霞区,
3198,欧异大楼,商务住宅;商务住宅相关;商务住宅相关,黄马路6号,118.891382,32.06921,江苏省,南京市,栖霞区,
3199,钟山高尔夫别墅B片区,商务住宅;住宅区;别墅,环陵路9号,118.886859,32.06491,江苏省,南京市,栖霞区,
3200,科技创业园商务楼,商务住宅;商务住宅相关;商务住宅相关,青马路2号,118.897447,32.071525,江苏省,南京市,栖霞区,
3201,正祺公寓,商务住宅;住宅区;住宅小区,神马路8号附近,118.898909,32.065507,江苏省,南京市,栖霞区,
3202,马群321人才大厦,商务住宅;楼宇;商务写字楼,仙林大道18号,118.897025,32.070208,江苏省,南京市,栖霞区,
3203,钟山晶典苑,商务住宅;住宅区;住宅小区,金马路19号,118.910808,32.067882,江苏省,南京市,栖霞区,
3204,紫金·上林苑,商务住宅;住宅区;住宅小区,金马路16号,118.910391,32.065427,江苏省,南京市,栖霞区,
3205,世茂招商语山,商务住宅;住宅区;住宅小区,金马路与石狮路交汇处,118.908682,32.065174,江苏省,南京市,栖霞区,
3206,钟山美庐,商务住宅;住宅区;住宅小区,麓金马路18号,118.914011,32.065766,江苏省,南京市,栖霞区,
3207,上庄190号,商务住宅;住宅区;住宅区,燕西线东50米,118.922838,32.073801,江苏省,南京市,江宁区,
3208,上庄192号,商务住宅;住宅区;住宅区,燕西线附近,118.923464,32.074194,江苏省,南京市,江宁区,
3209,上庄188号,商务住宅;商务住宅相关;商务住宅相关,燕西线东50米,118.922702,32.074141,江苏省,南京市,江宁区,
3210,东山下23号,商务住宅;住宅区;住宅区,拥军大道与029县道交叉口西100米,118.933726,32.066346,江苏省,南京市,江宁区,
3211,东山下888号,商务住宅;住宅区;住宅区,G42沪蓉高速附近,118.933542,32.068912,江苏省,南京市,江宁区,
3212,东山下24号,商务住宅;住宅区;住宅区,拥军大道与029县道交叉口西150米,118.933497,32.066257,江苏省,南京市,江宁区,
3213,东山下11号,商务住宅;住宅区;住宅区,拥军大道南50米,118.932761,32.065534,江苏省,南京市,江宁区,
3214,东山下5号,商务住宅;住宅区;住宅区,拥军大道与029县道交叉口西南150米,118.933591,32.06601,江苏省,南京市,江宁区,
3215,东山下12号,商务住宅;住宅区;住宅区,拥军大道南50米,118.932479,32.065576,江苏省,南京市,江宁区,
3216,小李家22号,商务住宅;住宅区;住宅区,,118.926405,32.072425,江苏省,南京市,江宁区,
3217,马家桥72号,商务住宅;住宅区;住宅区,029县道北150米,118.939976,32.07048,江苏省,南京市,江宁区,
3218,群盛北江豪庭,商务住宅;住宅区;住宅小区,雨山西路89号,118.611822,32.05468,江苏省,南京市,浦口区,
3219,雨山美地,商务住宅;住宅区;住宅小区,江浦街道雨山西路95号,118.606996,32.056328,江苏省,南京市,浦口区,
3220,心青年别墅聚会轰趴派对(浦口店),商务住宅;住宅区;住宅区,江浦街道雨山西路95号雨山美地小区18栋107,118.60755,32.055818,江苏省,南京市,浦口区,
3221,群盛北江豪庭(西门),商务住宅;商务住宅相关;商务住宅相关,雨山西路65号附近,118.608952,32.055736,江苏省,南京市,浦口区,
3222,北江豪庭(东门),商务住宅;商务住宅相关;商务住宅相关,雨山西路89号,118.612744,32.055088,江苏省,南京市,浦口区,
3223,润园1站,商务住宅;商务住宅相关;商务住宅相关,雨山西路86号,118.611529,32.063606,江苏省,南京市,浦口区,
3224,雨山美地(东门),商务住宅;商务住宅相关;商务住宅相关,雨山西路95号附近,118.609241,32.05687,江苏省,南京市,浦口区,
3225,东关楼工商局宿舍,商务住宅;住宅区;宿舍,南京市浦口区江浦街道中圣街,118.62057,32.05917,江苏省,南京市,浦口区,
3226,文昌苑(文昌路),商务住宅;住宅区;住宅小区,文昌路99号附近,118.623495,32.057888,江苏省,南京市,浦口区,
3227,雨山新村,商务住宅;住宅区;住宅小区,珠江镇文昌路38号,118.620344,32.057193,江苏省,南京市,浦口区,
3228,北门新村小区,商务住宅;住宅区;住宅小区,中圣北街2号,118.622121,32.059197,江苏省,南京市,浦口区,
3229,中圣街小区,商务住宅;住宅区;住宅小区,浦口中圣街21号,118.620394,32.060948,江苏省,南京市,浦口区,
3230,红叶小区,商务住宅;住宅区;住宅小区,江浦街道文昌路,118.622979,32.056763,江苏省,南京市,浦口区,
3231,南江新寓,商务住宅;住宅区;住宅小区,江浦街道中圣北街3号,118.621087,32.058199,江苏省,南京市,浦口区,
3232,瑞慈花园,商务住宅;住宅区;住宅小区,雨山路10号,118.619666,32.057554,江苏省,南京市,浦口区,
3233,南江新寓北区(北门),商务住宅;商务住宅相关;商务住宅相关,康宁路与雨山路交叉口东50米,118.620127,32.059578,江苏省,南京市,浦口区,
3234,雨山新村(北门),商务住宅;商务住宅相关;商务住宅相关,雨山路41号附近,118.620167,32.057776,江苏省,南京市,浦口区,
3235,江城人家(南门),商务住宅;商务住宅相关;商务住宅相关,公向巷与公园北路交叉口东150米,118.623926,32.064022,江苏省,南京市,浦口区,
3236,金水岸花园(河滨路),商务住宅;住宅区;住宅小区,文德路5号,118.629567,32.058321,江苏省,南京市,浦口区,
3237,二条巷住宅,商务住宅;住宅区;住宅区,南京市浦口区二条巷,118.6272,32.058428,江苏省,南京市,浦口区,
3238,文德巷1号,商务住宅;住宅区;住宅区,中圣南街31-11号附近,118.62781,32.057649,江苏省,南京市,浦口区,
3239,怡园巷50号,商务住宅;住宅区;住宅区,凤凰台路与凤凰大街交叉口东北150米,118.62903,32.057179,江苏省,南京市,浦口区,
3240,浦口公安局宿舍,商务住宅;住宅区;宿舍,二条巷与文昌路交叉口东北100米,118.62606,32.06049,江苏省,南京市,浦口区,
3241,鼎业国际花园2期,商务住宅;住宅区;住宅小区,江浦街道文德东路24号,118.630756,32.06203,江苏省,南京市,浦口区,
3242,珠江镇烈士塔社区,商务住宅;住宅区;住宅小区,江浦街道公园南路,118.625163,32.060174,江苏省,南京市,浦口区,
3243,城市花园(河滨路),商务住宅;住宅区;住宅小区,江浦街道河滨路55号,118.63085,32.056237,江苏省,南京市,浦口区,
3244,天凤国际,商务住宅;住宅区;住宅小区,凤凰台路1号,118.627823,32.055807,江苏省,南京市,浦口区,
3245,鑫海新寓,商务住宅;住宅区;住宅小区,浦口江浦街道文昌路2号,118.627546,32.062801,江苏省,南京市,浦口区,
3246,环岛公寓,商务住宅;住宅区;住宅小区,公园北路19号,118.629497,32.063049,江苏省,南京市,浦口区,
3247,凤凰花园(文昌路),商务住宅;住宅区;住宅小区,江浦街道文昌路10号,118.624672,32.060872,江苏省,南京市,浦口区,
3248,东门新村,商务住宅;住宅区;住宅小区,同心路3号,118.633555,32.060264,江苏省,南京市,浦口区,
3249,凡星新寓,商务住宅;住宅区;住宅区,凤凰台,118.62413,32.0585,江苏省,南京市,浦口区,
3250,公教村,商务住宅;住宅区;住宅小区,公园北路22号附近,118.625932,32.063046,江苏省,南京市,浦口区,
3251,恒信缔景名苑,商务住宅;住宅区;住宅小区,城东路10,118.632511,32.055661,江苏省,南京市,浦口区,
3252,鼎业国际花园1期,商务住宅;住宅区;住宅小区,文德东路15号,118.63332,32.062401,江苏省,南京市,浦口区,
3253,宁浦.海都嘉园销售中心,商务住宅;商务住宅相关;商务住宅相关,文德东路15-2附近,118.633074,32.062667,江苏省,南京市,浦口区,
3254,供电局小区(中圣南街),商务住宅;住宅区;住宅小区,中圣南街80号,118.627159,32.054368,江苏省,南京市,浦口区,
3255,象山花园,商务住宅;住宅区;住宅小区,公园北路26号,118.625574,32.063916,江苏省,南京市,浦口区,
3256,江浦县民政局综合楼,商务住宅;楼宇;商务写字楼,文德路10号,118.628429,32.059231,江苏省,南京市,浦口区,
3257,文化大楼,商务住宅;楼宇;商务写字楼,凤凰大街3-2号,118.626817,32.056926,江苏省,南京市,浦口区,
3258,烟草大厦(文昌路),商务住宅;楼宇;商务写字楼,凤凰大街18号,118.62467,32.059812,江苏省,南京市,浦口区,
3259,鼎业国际花园3期,商务住宅;楼宇;商住两用楼宇,河滨路41号,118.631036,32.058486,江苏省,南京市,浦口区,
3260,鼎峰文化大厦,商务住宅;楼宇;商务写字楼,凤凰大街10-1号,118.625176,32.059241,江苏省,南京市,浦口区,
3261,劳动大厦(珠江路),商务住宅;楼宇;商务写字楼,珠江路5,118.637576,32.063439,江苏省,南京市,浦口区,
3262,珠泉花园,商务住宅;住宅区;住宅小区,同心路1号,118.63478,32.058858,江苏省,南京市,浦口区,
3263,盛景华庭北苑,商务住宅;住宅区;住宅小区,康华路98号,118.639761,32.056341,江苏省,南京市,浦口区,
3264,鼎业花苑,商务住宅;住宅区;住宅小区,珠江镇珠泉路15号,118.634727,32.05484,江苏省,南京市,浦口区,
3265,环宇家园,商务住宅;住宅区;住宅小区,珠江路18,118.636213,32.062056,江苏省,南京市,浦口区,
3266,浦珠花园,商务住宅;住宅区;住宅小区,珠泉路3号,118.63668,32.05839,江苏省,南京市,浦口区,
3267,盛景华庭南苑,商务住宅;住宅区;住宅小区,新浦路127号,118.642632,32.054955,江苏省,南京市,浦口区,
3268,常发广场(康盛路),商务住宅;楼宇;商务写字楼,江浦街道新浦路,118.639273,32.054865,江苏省,南京市,浦口区,
3269,越宁地产大厦,商务住宅;楼宇;商务写字楼,珠泉路11号,118.6357,32.05678,江苏省,南京市,浦口区,
3270,盛景华庭,商务住宅;住宅区;住宅小区,扬子路(公交车站),118.64165,32.055619,江苏省,南京市,浦口区,
3271,同心佳园,商务住宅;住宅区;住宅小区,新浦路122号,118.640748,32.059064,江苏省,南京市,浦口区,
3272,浦珠花园北区,商务住宅;住宅区;住宅区,江浦街道珠泉路,118.637598,32.059811,江苏省,南京市,浦口区,
3273,东门小区,商务住宅;住宅区;住宅小区,珠泉路(公交车站),118.642407,32.057459,江苏省,南京市,浦口区,
3274,珠泉小区,商务住宅;住宅区;住宅小区,河滨路39-1号附近,118.63415,32.057016,江苏省,南京市,浦口区,
3275,圣源居小区,商务住宅;住宅区;住宅小区,珠泉路9号,118.636038,32.05647,江苏省,南京市,浦口区,
3276,江浦帝景名苑,商务住宅;商务住宅相关;商务住宅相关,城东路与珠泉路交叉口南50米,118.634238,32.056147,江苏省,南京市,浦口区,
3277,浦珠花园(北门),商务住宅;商务住宅相关;商务住宅相关,同心路与珠泉东路交叉口南50米,118.63651,32.059046,江苏省,南京市,浦口区,
3278,力标赞城,商务住宅;楼宇;商住两用楼宇|商务住宅;住宅区;住宅区,江浦街道花莲路和荣庄路交汇处,118.638469,32.06116,江苏省,南京市,浦口区,
3279,城南新村,商务住宅;住宅区;住宅小区,新浦路125号,118.64483,32.057468,江苏省,南京市,浦口区,
3280,江佑铂庭,商务住宅;住宅区;住宅小区,新浦路105号(公交车站),118.648595,32.06232,江苏省,南京市,浦口区,
3281,明发金融城,商务住宅;楼宇;商务写字楼,光明路与新浦路交叉口东150米,118.649222,32.063969,江苏省,南京市,浦口区,
3282,南京中建国熙台(建设中),商务住宅;住宅区;住宅小区,康安路附近,118.646646,32.060232,江苏省,南京市,浦口区,
3283,城南新村(北2门),商务住宅;商务住宅相关;商务住宅相关,江浦街道珠泉东路浦珠花园3162栋南京宁珠传媒广告有限公司附近,118.644892,32.059031,江苏省,南京市,浦口区,
3284,明发财富中心,商务住宅;楼宇;商务写字楼,凤滁路与镇南河路交叉口东南200米,118.659769,32.063293,江苏省,南京市,浦口区,
3285,东方·万汇城南区1期,商务住宅;住宅区;住宅小区,浦口万汇城地铁站3号口西南200米,118.655083,32.061135,江苏省,南京市,浦口区,
3286,万汇城南区,商务住宅;住宅区;住宅区,浦口万汇城地铁站3号口南150米,118.65568,32.06133,江苏省,南京市,浦口区,
3287,雅居乐滨江国际,商务住宅;住宅区;住宅小区,天浦路96号,118.669308,32.062698,江苏省,南京市,浦口区,
3288,正荣·润江城,商务住宅;住宅区;住宅小区,镇南河路99号,118.673056,32.057994,江苏省,南京市,浦口区,
3289,雅居乐·滨江国际北区,商务住宅;住宅区;住宅小区,,118.6734,32.060948,江苏省,南京市,浦口区,
3290,雅居乐·滨江国际西区,商务住宅;住宅区;住宅小区,天浦路北200米,118.669756,32.063669,江苏省,南京市,浦口区,
3291,正荣·润江城1期,商务住宅;住宅区;住宅小区,镇南河路,118.673751,32.058892,江苏省,南京市,浦口区,
3292,南京正荣房地产,商务住宅;商务住宅相关;商务住宅相关,镇南河路西北,118.674883,32.057986,江苏省,南京市,浦口区,
3293,甲壳虫公寓,商务住宅;住宅区;住宅小区,草场门大街147-1号,118.731248,32.057187,江苏省,南京市,鼓楼区,
3294,银城·宝船听涛,商务住宅;住宅区;住宅小区,草场门大街288号,118.732735,32.059001,江苏省,南京市,鼓楼区,
3295,江苏教育报刊总社A楼,商务住宅;住宅区;住宅区,草场门大街133号,118.732624,32.057367,江苏省,南京市,鼓楼区,
3296,华保新寓,商务住宅;住宅区;住宅小区,草场门大街147,118.731372,32.055925,江苏省,南京市,鼓楼区,
3297,高教新村,商务住宅;住宅区;住宅小区,草场门大街137号,118.733697,32.057101,江苏省,南京市,鼓楼区,
3298,金湾花园(中保街),商务住宅;住宅区;住宅小区,鼓楼漓江路中保村,118.73347,32.056235,江苏省,南京市,鼓楼区,
3299,江滨新寓,商务住宅;住宅区;住宅小区,银城街与摈江大道交汇处,118.730971,32.054289,江苏省,南京市,鼓楼区,
3300,海德卫城,商务住宅;住宅区;住宅小区,定淮门大街99号(南邻宝船公园),118.733064,32.063135,江苏省,南京市,鼓楼区,
3301,江景园(银城街),商务住宅;住宅区;住宅小区,草场门大街147号,118.732459,32.054545,江苏省,南京市,鼓楼区,
3302,辰龙新境界商业,商务住宅;住宅区;住宅区,银城街与沅江路交汇处(丁字河畔),118.733816,32.054456,江苏省,南京市,鼓楼区,
3303,辰龙雅苑,商务住宅;楼宇;商住两用楼宇,沅江路62号,118.733511,32.0549,江苏省,南京市,鼓楼区,
3304,滨江公寓(江东北路),商务住宅;住宅区;住宅小区,江东北路307号,118.738894,32.05944,江苏省,南京市,鼓楼区,
3305,滨江新寓,商务住宅;住宅区;住宅区,江东北路307号,118.738993,32.058744,江苏省,南京市,鼓楼区,
3306,滨江广场,商务住宅;楼宇;商务写字楼,江东街道江东北路301号,118.738608,32.058561,江苏省,南京市,鼓楼区,
3307,江苏省农业检测中心大楼,商务住宅;楼宇;商务写字楼,草场门大街124号,118.738063,32.058325,江苏省,南京市,鼓楼区,
3308,阅景龙江国际公寓,商务住宅;住宅区;住宅小区,江东北路311号,118.738839,32.060488,江苏省,南京市,鼓楼区,
3309,宁工新寓二村,商务住宅;住宅区;住宅小区,草场门大街128号,118.737261,32.059714,江苏省,南京市,鼓楼区,
3310,草场门住宅,商务住宅;住宅区;住宅区,草场门,118.739391,32.057199,江苏省,南京市,鼓楼区,
3311,金盛郑和国际广场,商务住宅;楼宇;商住两用楼宇,江东北路319号,118.738859,32.060978,江苏省,南京市,鼓楼区,
3312,龙江大厦(草场门大街),商务住宅;楼宇;商务写字楼,北京西路草场门大街107号,118.738398,32.057276,江苏省,南京市,鼓楼区,
3313,文荟大厦,商务住宅;楼宇;商务写字楼,草场门大街101号,118.740216,32.057356,江苏省,南京市,鼓楼区,
3314,力导大厦,商务住宅;楼宇;商住两用楼宇,草场门大街99号龙江新城市广场内(近江东北路),118.741558,32.058529,江苏省,南京市,鼓楼区,
3315,新城市花园(龙园西路),商务住宅;住宅区;住宅小区,草场门大街100号-5,118.741617,32.05872,江苏省,南京市,鼓楼区,
3316,梁溪楼,商务住宅;楼宇;商务写字楼,漓江路51号,118.735945,32.059527,江苏省,南京市,鼓楼区,
3317,阳光金峰阁,商务住宅;楼宇;商住两用楼宇,江东北路300号,118.740705,32.056854,江苏省,南京市,鼓楼区,
3318,华泰大厦(漓江路),商务住宅;楼宇;商务写字楼,草场门大街109号,118.736023,32.057335,江苏省,南京市,鼓楼区,
3319,蟠龙综合楼B区,商务住宅;住宅区;住宅区,江东北路298号,118.74029,32.056258,江苏省,南京市,鼓楼区,
3320,阳光锦绣阁,商务住宅;楼宇;商住两用楼宇,江东北路298号,118.740405,32.056303,江苏省,南京市,鼓楼区,
3321,宝苑新寓,商务住宅;住宅区;住宅小区,漓江路53号,118.73515,32.059612,江苏省,南京市,鼓楼区,
3322,中青园,商务住宅;住宅区;住宅小区,龙园西路中青园(龙园中路与龙园西路交叉口向南50米),118.742802,32.059588,江苏省,南京市,鼓楼区,
3323,中青园7号,商务住宅;住宅区;住宅区,龙园西路附近,118.742845,32.059567,江苏省,南京市,鼓楼区,
3324,中青大厦,商务住宅;楼宇;商住两用楼宇,草场门大街96号中青大厦,118.742888,32.058777,江苏省,南京市,鼓楼区,
3325,草场门大街123大院,商务住宅;住宅区;住宅小区,草场门大街123号,118.735696,32.057165,江苏省,南京市,鼓楼区,
3326,金陵御沁园(龙园北路),商务住宅;住宅区;住宅小区,江东北路380号,118.740556,32.062447,江苏省,南京市,鼓楼区,
3327,金海园(龙园西路),商务住宅;住宅区;住宅小区,湛江路金润发旁边,118.741965,32.056539,江苏省,南京市,鼓楼区,
3328,航道大厦,商务住宅;楼宇;商务写字楼,江东北路397号,118.738674,32.062952,江苏省,南京市,鼓楼区,
3329,宁工新寓,商务住宅;住宅区;住宅小区,草场门大街168号,118.734576,32.058386,江苏省,南京市,鼓楼区,
3330,长阳家园,商务住宅;住宅区;住宅区,江东北路与江东快速路交叉口西南100米,118.73877,32.05532,江苏省,南京市,鼓楼区,
3331,天平新村,商务住宅;住宅区;住宅小区,川江街与漓江路交叉口东北150米,118.737051,32.062792,江苏省,南京市,鼓楼区,
3332,中保绿苑,商务住宅;住宅区;住宅小区,漓江路48号,118.738196,32.055315,江苏省,南京市,鼓楼区,
3333,江苏农林大厦,商务住宅;楼宇;商务写字楼,月光广场8号,118.743581,32.059572,江苏省,南京市,鼓楼区,
3334,江苏建设大厦,商务住宅;楼宇;商务写字楼,草场门大街88号-东门,118.743644,32.058876,江苏省,南京市,鼓楼区,
3335,西苑公寓,商务住宅;住宅区;住宅小区,中保街1号,118.735404,32.0565,江苏省,南京市,鼓楼区,
3336,江苏教育报刊总社B楼,商务住宅;住宅区;住宅区,草场门大街153号附近,118.734427,32.057455,江苏省,南京市,鼓楼区,
3337,黄河大厦(行健路),商务住宅;楼宇;商务写字楼,龙江体育馆北侧,118.743294,32.057253,江苏省,南京市,鼓楼区,
3338,银城广场,商务住宅;楼宇;商务写字楼,江东北路287号,118.738995,32.055032,江苏省,南京市,鼓楼区,
3339,宝地园,商务住宅;住宅区;住宅小区,龙园西路104号附近,118.743399,32.061194,江苏省,南京市,鼓楼区,
3340,舸舫园小区,商务住宅;住宅区;住宅小区,定淮门大街,118.737464,32.063393,江苏省,南京市,鼓楼区,
3341,江苏盐业大厦,商务住宅;楼宇;工业大厦建筑物,江东北路386号,118.739869,32.063544,江苏省,南京市,鼓楼区,
3342,漓江雅苑,商务住宅;住宅区;住宅小区,漓江路42号,118.737174,32.055035,江苏省,南京市,鼓楼区,
3343,鼓教新村,商务住宅;住宅区;住宅小区,漓江路168号,118.736513,32.063405,江苏省,南京市,鼓楼区,
3344,晶元雅居,商务住宅;住宅区;住宅小区,龙园西路59号,118.74078,32.063636,江苏省,南京市,鼓楼区,
3345,宁西公寓,商务住宅;住宅区;住宅小区,中保街130号,118.734556,32.056301,江苏省,南京市,鼓楼区,
3346,闻涛公寓,商务住宅;住宅区;住宅小区,,118.735489,32.055292,江苏省,南京市,鼓楼区,
3347,刘家湾小区,商务住宅;住宅区;住宅小区,刘家湾2号,118.743309,32.055977,江苏省,南京市,鼓楼区,
3348,魔方城市贵族公馆,商务住宅;住宅区;住宅区,中保街130号宁西公寓5号楼,118.734223,32.056171,江苏省,南京市,鼓楼区,
3349,金陵名人居,商务住宅;住宅区;住宅小区,龙园西路120号,118.742867,32.063179,江苏省,南京市,鼓楼区,
3350,芳町园,商务住宅;住宅区;住宅小区,龙园西路17号,118.741923,32.05468,江苏省,南京市,鼓楼区,
3351,中保华庭,商务住宅;住宅区;住宅小区,中保街10号,118.734701,32.055175,江苏省,南京市,鼓楼区,
3352,海德卫城别墅,商务住宅;住宅区;别墅,定淮门大街99号,118.735553,32.064113,江苏省,南京市,鼓楼区,
3353,白云园小区,商务住宅;住宅区;住宅小区,龙江小区白云园30-4号(近龙园西路),118.743711,32.055169,江苏省,南京市,鼓楼区,
3354,金浦海德卫城御景阁A座,商务住宅;商务住宅相关;商务住宅相关,,118.733982,32.06275,江苏省,南京市,鼓楼区,
3355,宁工新寓156,商务住宅;商务住宅相关;商务住宅相关,草场门大街54号附近,118.737984,32.059551,江苏省,南京市,鼓楼区,
3356,金陵御庆园,商务住宅;商务住宅相关;商务住宅相关,江东北路380号,118.740328,32.06195,江苏省,南京市,鼓楼区,
3357,苑竹龙,商务住宅;商务住宅相关;商务住宅相关,草场门大街99号龙江新城市广场内(近江东北路)新城市广场流行街区3层,118.74231,32.05562,江苏省,南京市,鼓楼区,
3358,龙江白云园小区北片(南门),商务住宅;商务住宅相关;商务住宅相关,龙园西路6号附近,118.743325,32.054631,江苏省,南京市,鼓楼区,
3359,西江月,商务住宅;商务住宅相关;商务住宅相关,龙园西路72号附近,118.742611,32.059225,江苏省,南京市,鼓楼区,
3360,白云园120号,商务住宅;商务住宅相关;商务住宅相关,丽江路与龙园西路交叉口东南50米,118.74291,32.054218,江苏省,南京市,鼓楼区,
3361,新城市广场酒吧街,商务住宅;楼宇;商住两用楼宇|商务住宅;住宅区;住宅区,鼓楼草场门大街99号,118.741004,32.057707,江苏省,南京市,鼓楼区,
3362,郑和国际,商务住宅;楼宇;商住两用楼宇|商务住宅;住宅区;住宅区,鼓楼江东北路303号(滨江广场东侧一楼),118.73889,32.058839,江苏省,南京市,鼓楼区,
3363,港龙园(龙园北路),商务住宅;住宅区;住宅小区,龙园东路港龙园,118.747493,32.061068,江苏省,南京市,鼓楼区,
3364,石头城公寓,商务住宅;住宅区;住宅小区,石头城71号,118.750969,32.057606,江苏省,南京市,鼓楼区,
3365,南京大学港龙园公寓,商务住宅;住宅区;住宅小区,龙园北路80号,118.747414,32.061484,江苏省,南京市,鼓楼区,
3366,江苏教育学院学生公寓,商务住宅;住宅区;宿舍,石头城路77号,118.751539,32.057574,江苏省,南京市,鼓楼区,
3367,月光广场,商务住宅;住宅区;住宅小区,宝地园龙园中路,118.745547,32.059454,江苏省,南京市,鼓楼区,
3368,腾飞园,商务住宅;住宅区;住宅小区,宝地园龙园中路,118.746135,32.060823,江苏省,南京市,鼓楼区,
3369,石头城84,商务住宅;住宅区;住宅区,石头城84号,118.75125,32.061356,江苏省,南京市,鼓楼区,
3370,水木秦淮B区,商务住宅;住宅区;住宅小区,石头城路86号附近,118.750964,32.061614,江苏省,南京市,鼓楼区,
3371,南艺大件学生宿舍,商务住宅;住宅区;宿舍,石头城路86号附近,118.75114,32.061687,江苏省,南京市,鼓楼区,
3372,古林社区,商务住宅;住宅区;住宅小区,北京西路76号,118.75283,32.059567,江苏省,南京市,鼓楼区,
3373,阳光广场(龙园中路),商务住宅;住宅区;住宅小区,草场门大街南侧,118.745569,32.057251,江苏省,南京市,鼓楼区,
3374,江苏第二师范学院教工宿舍,商务住宅;住宅区;宿舍,北京西路79号,118.75309,32.058618,江苏省,南京市,鼓楼区,
3375,47中教工宿舍,商务住宅;住宅区;宿舍,茶山路严韵街5号,118.753244,32.058651,江苏省,南京市,鼓楼区,
3376,龙江小区,商务住宅;住宅区;住宅小区,草场门大街2号,118.74491,32.057463,江苏省,南京市,鼓楼区,
3377,南京九九公寓,商务住宅;住宅区;住宅小区,北京西路99号,118.752938,32.05722,江苏省,南京市,鼓楼区,
3378,碧树园北片,商务住宅;住宅区;住宅小区,龙云路与龙树路交叉口北150米,118.746598,32.055632,江苏省,南京市,鼓楼区,
3379,石头城社区,商务住宅;住宅区;住宅小区,石头城路64号附近,118.751349,32.055651,江苏省,南京市,鼓楼区,
3380,芳草园(龙园东路),商务住宅;住宅区;住宅小区,龙园东路,118.747978,32.055031,江苏省,南京市,鼓楼区,
3381,南京艺术学院附中宿舍楼,商务住宅;住宅区;宿舍,虎踞北路15号,118.751806,32.062892,江苏省,南京市,鼓楼区,
3382,南京大学大学外语部学生公寓,商务住宅;住宅区;宿舍,石头城68号江苏省工会职业技术学校,118.751115,32.055032,江苏省,南京市,鼓楼区,
3383,石头城新村(石头城路),商务住宅;住宅区;住宅小区,石头城69号,118.752256,32.055519,江苏省,南京市,鼓楼区,
3384,金陵名座,商务住宅;住宅区;住宅小区,龙园西路裕顺雅苑,118.746663,32.063584,江苏省,南京市,鼓楼区,
3385,百市西苑,商务住宅;住宅区;住宅小区,龙园北路与龙腾街交叉口东北150米,118.745374,32.063098,江苏省,南京市,鼓楼区,
3386,树人斋,商务住宅;住宅区;宿舍,石头城路东200米,118.753728,32.056274,江苏省,南京市,鼓楼区,
3387,江苏第二师范学院教工公寓,商务住宅;住宅区;宿舍,北京西路草场门桥79号,118.753428,32.055473,江苏省,南京市,鼓楼区,
3388,裕顺雅苑,商务住宅;住宅区;住宅小区,龙腾街21号,118.745366,32.063709,江苏省,南京市,鼓楼区,
3389,碧树园南片,商务住宅;住宅区;住宅小区,龙云路,118.745486,32.054458,江苏省,南京市,鼓楼区,
3390,白云园36号,商务住宅;住宅区;住宅区,龙园西路26号附近,118.744092,32.054337,江苏省,南京市,鼓楼区,
3391,水木秦淮C区,商务住宅;商务住宅相关;商务住宅相关,石头城路西50米,118.750405,32.063061,江苏省,南京市,鼓楼区,
3392,白云园60号,商务住宅;商务住宅相关;商务住宅相关,龙园中路42号附近,118.743949,32.055194,江苏省,南京市,鼓楼区,
3393,白云园61号,商务住宅;商务住宅相关;商务住宅相关,行健路与龙云路交叉口西南100米,118.743943,32.0553,江苏省,南京市,鼓楼区,
3394,华瑰园,商务住宅;住宅区;住宅小区,北京西路69-1号,118.758509,32.059815,江苏省,南京市,鼓楼区,
3395,华荟商务大厦,商务住宅;楼宇;商务写字楼,北京西路69号,118.759094,32.060562,江苏省,南京市,鼓楼区,
3396,金星公寓,商务住宅;楼宇;商住两用楼宇,北京西路73号,118.757309,32.060257,江苏省,南京市,鼓楼区,
3397,华东饭店员工宿舍区,商务住宅;住宅区;宿舍,北京西路南200米,118.762128,32.059006,江苏省,南京市,鼓楼区,
3398,西康路3号小区,商务住宅;住宅区;住宅小区,西康路3号,118.762495,32.058193,江苏省,南京市,鼓楼区,
3399,江苏教育技术大厦,商务住宅;楼宇;商务写字楼,虎踞路179号,118.755499,32.05732,江苏省,南京市,鼓楼区,
3400,江苏省化工小区,商务住宅;住宅区;住宅小区,虎踞北路4号,118.756958,32.062236,江苏省,南京市,鼓楼区,
3401,河海大学研究生宿舍,商务住宅;住宅区;宿舍,西康路1号河海大学内环西线112号附近,118.756771,32.055566,江苏省,南京市,鼓楼区,
3402,南京艺术学院国际学生公寓,商务住宅;住宅区;宿舍,石头城路77号,118.755198,32.061859,江苏省,南京市,鼓楼区,
3403,河海大学留学生公寓,商务住宅;住宅区;宿舍,河海路附近,118.762343,32.056237,江苏省,南京市,鼓楼区,
3404,河海大学研1舍,商务住宅;住宅区;宿舍,西康路1号河海大学华水路附近,118.762923,32.056722,江苏省,南京市,鼓楼区,
3405,河海大学学生3舍,商务住宅;住宅区;宿舍,西康路1号河海大学内环西线108-111号附近,118.75704,32.055286,江苏省,南京市,鼓楼区,
3406,虎踞北路10号小区,商务住宅;住宅区;住宅小区,虎踞北路10号,118.757375,32.063284,江苏省,南京市,鼓楼区,
3407,河海大学研2舍,商务住宅;住宅区;宿舍,西康路1号河海大学,118.763316,32.056663,江苏省,南京市,鼓楼区,
3408,河海大学学生2舍,商务住宅;住宅区;宿舍,西康路1号河海大学内环西线108号附近,118.757063,32.05496,江苏省,南京市,鼓楼区,
3409,江苏第二师范学院教工宿舍12幢,商务住宅;住宅区;宿舍,虎踞路,118.754216,32.057051,江苏省,南京市,鼓楼区,
3410,河海大厦,商务住宅;楼宇;商住两用楼宇,西康路1-8号,118.76387,32.057237,江苏省,南京市,鼓楼区,
3411,南京艺术学院45号公寓,商务住宅;住宅区;宿舍,内环西线附近,118.755244,32.062606,江苏省,南京市,鼓楼区,
3412,河海大学研东楼,商务住宅;住宅区;宿舍,西康路1号河海大学国际教育学院附近,118.763289,32.056107,江苏省,南京市,鼓楼区,
3413,河海大学学生1舍,商务住宅;住宅区;宿舍,西康路1号河海大学,118.757171,32.05467,江苏省,南京市,鼓楼区,
3414,河海大学教职5舍,商务住宅;住宅区;宿舍,西康路1号河海大学仙霞路35附近,118.763868,32.056649,江苏省,南京市,鼓楼区,
3415,省级机关接待车队商务楼,商务住宅;楼宇;商务写字楼,虎踞北路10-2号,118.756349,32.063965,江苏省,南京市,鼓楼区,
3416,河海大学教职1舍,商务住宅;住宅区;宿舍,西康路1号河海大学,118.763757,32.056289,江苏省,南京市,鼓楼区,
3417,长征大厦,商务住宅;楼宇;商务写字楼|商务住宅;住宅区;住宅小区,虎踞北路10-2号,118.756683,32.063969,江苏省,南京市,鼓楼区,
3418,南京艺术学院9号公寓西,商务住宅;住宅区;宿舍,虎踞北路15号,118.754694,32.062994,江苏省,南京市,鼓楼区,
3419,南京艺术学院教工之家,商务住宅;住宅区;宿舍,内环西线附近,118.754204,32.062678,江苏省,南京市,鼓楼区,
3420,江苏第二师范学院女生宿舍,商务住宅;住宅区;宿舍,虎踞路175号-2,118.753958,32.055812,江苏省,南京市,鼓楼区,
3421,场门口小区,商务住宅;住宅区;住宅小区,虎踞路137-1号,118.7552,32.054699,江苏省,南京市,鼓楼区,
3422,南京艺术学院43号公寓,商务住宅;住宅区;宿舍,虎踞北路15号,118.754441,32.063495,江苏省,南京市,鼓楼区,
3423,南京市清凉山体育运动学校运动员公寓,商务住宅;住宅区;宿舍,虎踞路97号,118.754175,32.054329,江苏省,南京市,鼓楼区,
3424,南艺公寓管理中心,商务住宅;商务住宅相关;商务住宅相关,内环西线附近,118.755287,32.063453,江苏省,南京市,鼓楼区,
3425,久久公寓,商务住宅;商务住宅相关;商务住宅相关,石头城公园,118.75745,32.063149,江苏省,南京市,鼓楼区,
3426,天目华庭,商务住宅;住宅区;住宅小区,天目路17号,118.767407,32.058562,江苏省,南京市,鼓楼区,
3427,苏州路社区,商务住宅;住宅区;住宅小区,苏州路(苏宁),118.767252,32.058947,江苏省,南京市,鼓楼区,
3428,宁海大厦来访接待处,商务住宅;商务住宅相关;商务住宅相关,北京西路30号,118.770785,32.059884,江苏省,南京市,鼓楼区,
3429,扬州路小区,商务住宅;住宅区;住宅小区,天目路与玉泉路交叉口西100米,118.76636,32.05896,江苏省,南京市,鼓楼区,
3430,鼓楼新村,商务住宅;住宅区;住宅小区,鼓楼新村附近,118.770521,32.0613,江苏省,南京市,鼓楼区,
3431,匡芦花园,商务住宅;住宅区;住宅小区,匡庐路17号,118.76934,32.056358,江苏省,南京市,鼓楼区,
3432,三省里11号,商务住宅;住宅区;住宅区,北京西路与北阴阳营交叉口东南100米,118.772401,32.058903,江苏省,南京市,鼓楼区,
3433,仙霞公寓,商务住宅;住宅区;住宅小区,仙霞路40-46号,118.765651,32.057171,江苏省,南京市,鼓楼区,
3434,石钟路小区,商务住宅;住宅区;住宅小区,石钟路与虎丘路交叉口西南50米,118.765022,32.057544,江苏省,南京市,鼓楼区,
3435,华新巷小区,商务住宅;住宅区;住宅小区,华新巷15号,118.772513,32.056917,江苏省,南京市,鼓楼区,
3436,匡庐新村,商务住宅;住宅区;住宅小区,汉口西路与宁海路交界处(南师大),118.770984,32.055739,江苏省,南京市,鼓楼区,
3437,龚德柏寓所,商务住宅;住宅区;住宅小区,北京西路66号,118.764616,32.06057,江苏省,南京市,鼓楼区,
3438,宁海路26号院,商务住宅;住宅区;住宅区,宁海路26号,118.768985,32.063136,江苏省,南京市,鼓楼区,
3439,颐和路公馆,商务住宅;商务住宅相关;商务住宅相关,江苏路5-1号,118.77005,32.06314,江苏省,南京市,鼓楼区,
3440,开元公寓,商务住宅;住宅区;住宅小区,宁海路23-1号,118.769688,32.063176,江苏省,南京市,鼓楼区,
3441,江苏国际预科学院男生宿舍,商务住宅;住宅区;宿舍,江苏国际预科学院6,118.773161,32.057296,江苏省,南京市,鼓楼区,
3442,西桥花苑,商务住宅;住宅区;住宅小区,云南路西桥23号(山西路),118.773145,32.061415,江苏省,南京市,鼓楼区,
3443,江苏国际预科学女生宿舍,商务住宅;住宅区;宿舍,三省里6附近,118.77332,32.057271,江苏省,南京市,鼓楼区,
3444,汉口西路124号院,商务住宅;住宅区;住宅区,匡芦路与汉口西路交叉口西150米,118.769139,32.054883,江苏省,南京市,鼓楼区,
3445,西桥公寓,商务住宅;住宅区;住宅小区,西桥128号,118.772277,32.062505,江苏省,南京市,鼓楼区,
3446,仙霞路35号院,商务住宅;住宅区;住宅区,仙霞路与石钟路交叉口西50米,118.764702,32.056701,江苏省,南京市,鼓楼区,
3447,南京大学北阴阳营8号小区,商务住宅;住宅区;住宅小区,云南路北阴阳营8号(山西路),118.773885,32.060533,江苏省,南京市,鼓楼区,
3448,汉口西路200号小区,商务住宅;住宅区;住宅小区,汉口西路200号,118.765193,32.055927,江苏省,南京市,鼓楼区,
3449,一号8舍,商务住宅;商务住宅相关;商务住宅相关,西康路1号8,118.764114,32.057098,江苏省,南京市,鼓楼区,
3450,山阴路小区,商务住宅;住宅区;住宅小区,山阴路32号,118.766612,32.055004,江苏省,南京市,鼓楼区,
3451,西桥12号,商务住宅;住宅区;住宅区,西桥10-11号附近,118.77317,32.062193,江苏省,南京市,鼓楼区,
3452,西桥23号,商务住宅;住宅区;住宅区,西桥23号1室附近,118.773729,32.06152,江苏省,南京市,鼓楼区,
3453,大富里,商务住宅;住宅区;住宅区,鼓楼大方新村大富里,118.772141,32.063016,江苏省,南京市,鼓楼区,
3454,南阴阳营小区南区,商务住宅;住宅区;住宅小区,南阴阳营与宁海路交叉口东50米,118.772332,32.055449,江苏省,南京市,鼓楼区,
3455,南阴阳营小区,商务住宅;住宅区;住宅小区,宁海路与汉口西路交叉口,118.773086,32.055989,江苏省,南京市,鼓楼区,
3456,南京师范大学随园校区学生宿舍2号楼,商务住宅;住宅区;宿舍,宁海路122号南京师范大学随园校区,118.766659,32.054549,江苏省,南京市,鼓楼区,
3457,汇银乐虎汇银智慧社区,商务住宅;住宅区;住宅小区,南阴阳营9号,118.772779,32.055361,江苏省,南京市,鼓楼区,
3458,汉口西路30-34号小区,商务住宅;住宅区;住宅小区,汉口西路30号附近,118.772873,32.055161,江苏省,南京市,鼓楼区,
3459,大方新村小区,商务住宅;住宅区;住宅小区,大方巷83号,118.772103,32.063759,江苏省,南京市,鼓楼区,
3460,南京师范大学随园校区学生宿舍12号楼,商务住宅;住宅区;宿舍,山阴路与汉口西路交叉口东南100米,118.766399,32.054315,江苏省,南京市,鼓楼区,
3461,南京市军代局商住楼,商务住宅;商务住宅相关;商务住宅相关,汉口西路21号,118.772602,32.054463,江苏省,南京市,鼓楼区,
3462,五条巷小区西院,商务住宅;住宅区;住宅小区,鼓楼五条巷,118.773549,32.063306,江苏省,南京市,鼓楼区,
3463,博爱佳苑,商务住宅;住宅区;住宅小区,汉口西路21号,118.772597,32.054366,江苏省,南京市,鼓楼区,
3464,牯岭路17号小区,商务住宅;住宅区;住宅小区,牯岭路17,118.7654,32.06416,江苏省,南京市,鼓楼区,
3465,大都市,商务住宅;住宅区;住宅区,汉口西路21号,118.772621,32.054303,江苏省,南京市,鼓楼区,
3466,西康路35号小区,商务住宅;住宅区;住宅小区,西康路35号,118.764666,32.064133,江苏省,南京市,鼓楼区,
3467,南京师范大学随园校区研究生公寓,商务住宅;住宅区;宿舍,汉口西路67号,118.764432,32.054396,江苏省,南京市,鼓楼区,
3468,江苏教育大厦商务中心,商务住宅;楼宇;商务写字楼,三省里9号附近,118.771864,32.058415,江苏省,南京市,鼓楼区,
3469,宁海路80号综合楼,商务住宅;楼宇;商务写字楼,宁海路80号,118.770549,32.05753,江苏省,南京市,鼓楼区,
3470,江苏教育大厦,商务住宅;楼宇;商务写字楼,北京西路15-2号,118.772148,32.058851,江苏省,南京市,鼓楼区,
3471,江苏省电力大厦,商务住宅;楼宇;商务写字楼,上海路215号北京西路路口江,118.773892,32.058392,江苏省,南京市,鼓楼区,
3472,天目大厦,商务住宅;楼宇;商务写字楼,北京西路63号,118.764806,32.059884,江苏省,南京市,鼓楼区,
3473,江苏化工大厦,商务住宅;楼宇;商务写字楼,北京西路17号,118.77151,32.058974,江苏省,南京市,鼓楼区,
3474,京西大厦,商务住宅;楼宇;商务写字楼,北京西路24号,118.7724,32.05963,江苏省,南京市,鼓楼区,
3475,南秀大厦,商务住宅;楼宇;商住两用楼宇,汉口西路1号(儿童医院),118.773385,32.054565,江苏省,南京市,鼓楼区,
3476,同德大厦,商务住宅;楼宇;商务写字楼,匡芦新村8号,118.770665,32.055459,江苏省,南京市,鼓楼区,
3477,宁海大厦(宁海路),商务住宅;楼宇;商务写字楼,宁海路63号(近汉口西路),118.77068,32.059823,江苏省,南京市,鼓楼区,
3478,苏安大厦,商务住宅;楼宇;商务写字楼,北京西路15-1号,118.772796,32.058828,江苏省,南京市,鼓楼区,
3479,仙霞路住宅,商务住宅;楼宇;商住两用楼宇|商务住宅;住宅区;住宅区,石钟路与虎丘路交叉口东南50米,118.765461,32.057306,江苏省,南京市,鼓楼区,
3480,剑阁路小区,商务住宅;住宅区;住宅小区,剑阁路(公交车站),118.768535,32.055594,江苏省,南京市,鼓楼区,
3481,北阴阳营21号,商务住宅;商务住宅相关;商务住宅相关,北阴阳营24号附近,118.772448,32.060883,江苏省,南京市,鼓楼区,
3482,北阴阳营20号,商务住宅;商务住宅相关;商务住宅相关,北阴阳营24号附近,118.772364,32.060743,江苏省,南京市,鼓楼区,
3483,北阴阳营19号,商务住宅;商务住宅相关;商务住宅相关,北阴阳营12号附近,118.77228,32.060602,江苏省,南京市,鼓楼区,
3484,北阴阳营18号,商务住宅;商务住宅相关;商务住宅相关,北阴阳营10号附近,118.772197,32.060461,江苏省,南京市,鼓楼区,
3485,北阴阳营17号,商务住宅;商务住宅相关;商务住宅相关,北阴阳营10号附近,118.772113,32.060321,江苏省,南京市,鼓楼区,
3486,三省里7号楼,商务住宅;商务住宅相关;商务住宅相关,三省里9号附近,118.77183,32.058365,江苏省,南京市,鼓楼区,
3487,二条巷小区,商务住宅;住宅区;住宅小区,渊声巷(公交车站),118.779102,32.05973,江苏省,南京市,鼓楼区,
3488,中江国际,商务住宅;楼宇;商务写字楼,北京西路5号,118.77972,32.058755,江苏省,南京市,鼓楼区,
3489,二号新村小区,商务住宅;住宅区;住宅小区,北京西路2号,118.778069,32.059686,江苏省,南京市,鼓楼区,
3490,南园,商务住宅;住宅区;住宅小区,鼓楼二条巷9号,118.78009,32.059925,江苏省,南京市,鼓楼区,
3491,新村新村,商务住宅;住宅区;住宅区,北京西路2号,118.7807,32.059351,江苏省,南京市,鼓楼区,
3492,龙泉花园办公楼,商务住宅;楼宇;商务写字楼,北京西路8号,118.77705,32.059249,江苏省,南京市,鼓楼区,
3493,龙全花园,商务住宅;住宅区;住宅小区,北京西路8号02幢,118.777045,32.059484,江苏省,南京市,鼓楼区,
3494,华阳大厦(鼓楼街),商务住宅;楼宇;商务写字楼,鼓楼街5号,118.780954,32.059935,江苏省,南京市,鼓楼区,
3495,南大附中学生宿舍,商务住宅;住宅区;宿舍,二条巷26号,118.777409,32.060809,江苏省,南京市,鼓楼区,
3496,双菱大厦,商务住宅;楼宇;商务写字楼,二条巷26号02幢,118.777448,32.061048,江苏省,南京市,鼓楼区,
3497,鼓楼四条巷2号院,商务住宅;住宅区;住宅小区,鼓楼四条巷1-2号,118.776882,32.060567,江苏省,南京市,鼓楼区,
3498,苏富特大厦,商务住宅;楼宇;商务写字楼,金银街8号,118.777144,32.057552,江苏省,南京市,鼓楼区,
3499,绿地广场国际商务中心,商务住宅;楼宇;商务写字楼,鼓楼街88号,118.781837,32.060204,江苏省,南京市,鼓楼区,
3500,北京西路10号院,商务住宅;住宅区;住宅小区,北京西路10号,118.776272,32.059971,江苏省,南京市,鼓楼区,
3501,消防大厦,商务住宅;楼宇;商务写字楼,北京西路1号,118.78153,32.057973,江苏省,南京市,鼓楼区,
3502,湖南路街道文化站,商务住宅;住宅区;社区中心,渊声巷41号,118.777829,32.061592,江苏省,南京市,鼓楼区,
3503,翠峰大厦,商务住宅;楼宇;商务写字楼,中山北路1号,118.782029,32.059959,江苏省,南京市,鼓楼区,
3504,苏兴大厦,商务住宅;楼宇;商务写字楼,中山北路285号,118.775316,32.059471,江苏省,南京市,鼓楼区,
3505,苏建大厦(云南路),商务住宅;楼宇;商务写字楼,云南路31-1号,118.775245,32.059985,江苏省,南京市,鼓楼区,
3506,新晨国际大厦,商务住宅;楼宇;商务写字楼,中山北路26号西门,118.78179,32.061459,江苏省,南京市,鼓楼区,
3507,鼓楼紫寓,商务住宅;住宅区;住宅区,中山北路28号(鼓楼),118.780893,32.062112,江苏省,南京市,鼓楼区,
3508,云峰大厦(车站东巷),商务住宅;楼宇;商务写字楼,湖南路街道中山北路8号,118.782161,32.061087,江苏省,南京市,鼓楼区,
3509,江苏商厦,商务住宅;楼宇;商务写字楼,中山北路28号,118.781523,32.061723,江苏省,南京市,鼓楼区,
3510,鼓楼四条巷1-3号院,商务住宅;住宅区;住宅小区,鼓楼四条巷1-3号,118.775426,32.060754,江苏省,南京市,鼓楼区,
3511,南京大学国际学生公寓西苑楼,商务住宅;住宅区;宿舍,金银街20号附近,118.775167,32.057967,江苏省,南京市,鼓楼区,
3512,南京大学国际学生公寓曾宪梓楼,商务住宅;住宅区;宿舍,金银街20号附近,118.775193,32.057948,江苏省,南京市,鼓楼区,
3513,华美达怡华写字楼,商务住宅;楼宇;商务写字楼,中山北路45号,118.77909,32.062671,江苏省,南京市,鼓楼区,
3514,车站东巷住宅,商务住宅;住宅区;住宅区,中山北路与湖北路交叉口东100米,118.78167,32.06213,江苏省,南京市,鼓楼区,
3515,江苏机械大厦,商务住宅;楼宇;商务写字楼,中山北路49号,118.778881,32.062732,江苏省,南京市,鼓楼区,
3516,车站东巷14号,商务住宅;住宅区;住宅区,车站东巷14-3号附近,118.781632,32.062063,江苏省,南京市,鼓楼区,
3517,紫峰大厦,商务住宅;楼宇;商务写字楼,中山北路2号紫峰大厦72楼,118.782981,32.060591,江苏省,南京市,鼓楼区,
3518,中山北路30号,商务住宅;住宅区;住宅区,鼓楼中山北路30号,118.78098,32.062539,江苏省,南京市,鼓楼区,
3519,名人城市广场,商务住宅;楼宇;商务写字楼,湖南路街道中山北路30号,118.780818,32.062642,江苏省,南京市,鼓楼区,
3520,金银街小区,商务住宅;住宅区;住宅小区,上海路160号,118.775142,32.057229,江苏省,南京市,鼓楼区,
3521,南秀村小区2幢,商务住宅;住宅区;住宅小区,汉口路22号南京大学鼓楼校区南秀村小区,118.776654,32.055938,江苏省,南京市,鼓楼区,
3522,江苏工人报社办公楼,商务住宅;楼宇;商务写字楼,上海路156号,118.774988,32.057111,江苏省,南京市,鼓楼区,
3523,三条巷小区(鼓楼三条巷),商务住宅;住宅区;住宅小区,云南路与鼓楼四条巷交叉口东150米,118.776901,32.062908,江苏省,南京市,鼓楼区,
3524,鼓楼四条巷38号小区,商务住宅;住宅区;住宅小区,鼓楼四条巷38号,118.776058,32.062403,江苏省,南京市,鼓楼区,
3525,云南路25号院,商务住宅;住宅区;住宅区,云南路25号,118.774745,32.061134,江苏省,南京市,鼓楼区,
3526,鼓楼四条巷40号院,商务住宅;住宅区;住宅小区,鼓楼四条巷40号,118.776353,32.062731,江苏省,南京市,鼓楼区,
3527,厚载村,商务住宅;住宅区;住宅小区,厚载巷31-35号,118.781937,32.062596,江苏省,南京市,鼓楼区,
3528,鼓楼四条巷3号院,商务住宅;住宅区;住宅小区,鼓楼四条巷3号,118.775432,32.062238,江苏省,南京市,鼓楼区,
3529,南秀村小区3幢,商务住宅;住宅区;住宅小区,汉口路22号南京大学鼓楼校区南秀村小区,118.777278,32.05518,江苏省,南京市,鼓楼区,
3530,南秀村小区10幢,商务住宅;住宅区;住宅小区,南秀村10号,118.775826,32.055738,江苏省,南京市,鼓楼区,
3531,江苏国税大厦,商务住宅;楼宇;商务写字楼,中山北路55号,118.778089,32.063609,江苏省,南京市,鼓楼区,
3532,北阴阳营小区,商务住宅;住宅区;住宅小区,北京西路与云南路路口,118.773957,32.060659,江苏省,南京市,鼓楼区,
3533,南北秀村小区,商务住宅;住宅区;住宅小区,上海路152号(南师大),118.775039,32.056178,江苏省,南京市,鼓楼区,
3534,煌炳商务楼,商务住宅;楼宇;商务写字楼,云南路7号,118.776235,32.063482,江苏省,南京市,鼓楼区,
3535,云岭居,商务住宅;住宅区;住宅小区,丁家桥厚载巷29号,118.782815,32.062312,江苏省,南京市,鼓楼区,
3536,南京大学鼓楼校区职工宿舍,商务住宅;住宅区;宿舍,汉口路22号南京大学鼓楼校区南秀村7号,118.776513,32.055148,江苏省,南京市,鼓楼区,
3537,南京大学-住宅小区,商务住宅;住宅区;住宅小区,汉口路52-2号,118.776608,32.054697,江苏省,南京市,鼓楼区,
3538,南秀村小区7幢,商务住宅;住宅区;住宅小区,汉口路22号南京大学鼓楼校区南秀村小区,118.77644,32.055147,江苏省,南京市,鼓楼区,
3539,上海路154号院,商务住宅;住宅区;住宅区,上海路与金银街交叉口南150米,118.774393,32.056721,江苏省,南京市,鼓楼区,
3540,南京大学鼓楼校区华龙楼,商务住宅;住宅区;住宅小区,平仓巷1号,118.77801,32.054458,江苏省,南京市,鼓楼区,
3541,厚载巷50号,商务住宅;住宅区;住宅区,厚载巷50,118.781759,32.063324,江苏省,南京市,鼓楼区,
3542,湖北路18号乙楼,商务住宅;住宅区;住宅区,湖北路18号甲附近,118.780233,32.063857,江苏省,南京市,鼓楼区,
3543,五条巷小区,商务住宅;住宅区;住宅小区,五条巷与西桥交叉口西北50米,118.774231,32.062074,江苏省,南京市,鼓楼区,
3544,南大宿舍,商务住宅;住宅区;宿舍,北秀村1号,118.774546,32.055975,江苏省,南京市,鼓楼区,
3545,南京大学鼓楼校区住宅小区,商务住宅;住宅区;宿舍,汉口路22号南京大学鼓楼校区,118.776442,32.054537,江苏省,南京市,鼓楼区,
3546,金峰大厦(厚载巷),商务住宅;楼宇;商务写字楼,中央路19号,118.783544,32.062201,江苏省,南京市,鼓楼区,
3547,南秀村小区11幢,商务住宅;住宅区;住宅小区,汉口路22号南京大学鼓楼校区南秀村小区,118.775857,32.055076,江苏省,南京市,鼓楼区,
3548,南京大学鼓楼校区协同创新中心人才公寓,商务住宅;住宅区;宿舍,平仓巷1号,118.77783,32.054327,江苏省,南京市,鼓楼区,
3549,鼓房大厦,商务住宅;楼宇;商务写字楼,云南路24-1号,118.775045,32.063053,江苏省,南京市,鼓楼区,
3550,南秀村小区8幢,商务住宅;住宅区;住宅小区,汉口路22号南京大学鼓楼校区南秀村小区,118.776416,32.054533,江苏省,南京市,鼓楼区,
3551,鸿德大厦,商务住宅;楼宇;商务写字楼,云南路20-1号,118.775397,32.063462,江苏省,南京市,鼓楼区,
3552,汉口路52-1号,商务住宅;住宅区;住宅小区,汉口路22号,118.7769,32.054248,江苏省,南京市,鼓楼区,
3553,厚载巷38号院,商务住宅;住宅区;住宅小区,原载巷38号,118.781993,32.063806,江苏省,南京市,鼓楼区,
3554,高云岭小区西区,商务住宅;住宅区;住宅小区,高云岭23号附近,118.782471,32.063824,江苏省,南京市,鼓楼区,
3555,挹华里,商务住宅;住宅区;住宅区,五条巷13号,118.774019,32.063044,江苏省,南京市,鼓楼区,
3556,五条巷小区东区,商务住宅;住宅区;住宅小区,五条巷与大方巷交叉口东南100米,118.774455,32.063558,江苏省,南京市,鼓楼区,
3557,鼓楼四条巷25号院,商务住宅;住宅区;住宅小区,鼓楼四条巷25号,118.775079,32.063989,江苏省,南京市,鼓楼区,
3558,高云岭小区,商务住宅;住宅区;住宅小区,高云岭12号,118.783472,32.06381,江苏省,南京市,鼓楼区,
3559,新城·香悦澜山,商务住宅;住宅区;住宅小区,小粉桥与汉口路交叉口北50米,118.782793,32.054231,江苏省,南京市,鼓楼区,
3560,陶谷新村,商务住宅;住宅区;住宅小区,陶谷新村10-1号,118.774825,32.054336,江苏省,南京市,鼓楼区,
3561,1920楼,商务住宅;商务住宅相关;商务住宅相关,中山路321,118.783299,32.05693,江苏省,南京市,鼓楼区,
3562,1917楼,商务住宅;商务住宅相关;商务住宅相关,中山路321,118.783429,32.056961,江苏省,南京市,鼓楼区,
3563,惠众教育3号楼,商务住宅;商务住宅相关;商务住宅相关,上海路152号附近,118.774672,32.056198,江苏省,南京市,鼓楼区,
3564,紫峰大厦观光层,商务住宅;商务住宅相关;商务住宅相关,中央路1号紫峰大厦72层(近中山北路),118.78345,32.060117,江苏省,南京市,鼓楼区,
3565,紫癜大厦,商务住宅;商务住宅相关;商务住宅相关,中山北路2号,118.783192,32.060748,江苏省,南京市,鼓楼区,
3566,云南路48-1号,商务住宅;商务住宅相关;商务住宅相关,五条巷与西桥交叉口西南100米,118.77416,32.06144,江苏省,南京市,鼓楼区,
3567,工艺美术大楼(北京东路),商务住宅;楼宇;商住两用楼宇,北京东路31号工艺美术大楼,118.789549,32.058488,江苏省,南京市,玄武区,
3568,北极西村,商务住宅;住宅区;住宅小区,鼓楼北极西村10号,118.788953,32.060788,江苏省,南京市,玄武区,
3569,高楼门6号,商务住宅;住宅区;住宅区,大钟亭与安仁街交叉口东北50米,118.787233,32.060229,江苏省,南京市,玄武区,
3570,进香河路33号住宅区,商务住宅;住宅区;住宅小区,进香河路33号,118.789661,32.057103,江苏省,南京市,玄武区,
3571,峨嵋路8号院住宅,商务住宅;住宅区;住宅区,峨嵋路8号,118.788527,32.061397,江苏省,南京市,玄武区,
3572,高楼门20号,商务住宅;住宅区;住宅区,高楼门20-1号1幢附近,118.787449,32.060773,江苏省,南京市,玄武区,
3573,高楼门18号,商务住宅;住宅区;住宅区,高楼门20-1号附近,118.787177,32.060636,江苏省,南京市,玄武区,
3574,多媒体大楼,商务住宅;楼宇;商务写字楼,北极西村步道与安仁街交叉口西南50米,118.786519,32.059708,江苏省,南京市,玄武区,
3575,东南大学博士后公寓,商务住宅;住宅区;住宅小区,双龙巷与石婆婆巷交叉口东150米,118.788851,32.057046,江苏省,南京市,玄武区,
3576,高楼门5号,商务住宅;住宅区;住宅区,北极西村步道与安仁街交叉口西100米,118.786162,32.060223,江苏省,南京市,玄武区,
3577,高楼门22号,商务住宅;住宅区;住宅区,峨嵋路与高楼门交叉口东南50米,118.787073,32.061294,江苏省,南京市,玄武区,
3578,峨嵋新村,商务住宅;住宅区;住宅小区,鸡鸣山庄附近,118.790087,32.061611,江苏省,南京市,玄武区,
3579,时代华府,商务住宅;楼宇;商住两用楼宇,进香河路33-5号,118.79042,32.056839,江苏省,南京市,玄武区,
3580,高楼门21号,商务住宅;住宅区;住宅区,峨嵋路与高楼门交叉口西南100米,118.786541,32.061107,江苏省,南京市,玄武区,
3581,江苏广电城2期,商务住宅;楼宇;商务写字楼,北京东路4号江苏广电城大厦群楼一楼(鼓楼地铁站),118.78592,32.05813,江苏省,南京市,玄武区,
3582,高楼门11号,商务住宅;住宅区;住宅区,高楼门9号附近,118.785984,32.060634,江苏省,南京市,玄武区,
3583,高楼门35号,商务住宅;住宅区;住宅区,峨嵋路与高楼门交叉口西南50米,118.786488,32.061295,江苏省,南京市,玄武区,
3584,江苏省广播电视总台集团(北门),商务住宅;楼宇;楼宇相关|通行设施;临街院门;临街院门,北京东路4号,118.785731,32.058192,江苏省,南京市,玄武区,
3585,峨嵋路大院,商务住宅;住宅区;住宅小区,峨嵋路23-1号,118.789108,32.062138,江苏省,南京市,玄武区,
3586,江苏省气象局宿舍,商务住宅;住宅区;宿舍,天山路28号,118.789399,32.062214,江苏省,南京市,玄武区,
3587,东南大学四牌楼校区留学生宿舍,商务住宅;住宅区;宿舍,四牌楼2号东南大学四牌楼校区,118.791394,32.056944,江苏省,南京市,玄武区,
3588,大钟新村,商务住宅;住宅区;住宅小区,大钟新村50号,118.785826,32.060867,江苏省,南京市,玄武区,
3589,高楼门13号,商务住宅;住宅区;住宅区,高楼门9号附近,118.78575,32.060885,江苏省,南京市,玄武区,
3590,荔枝广场,商务住宅;楼宇;商务写字楼,北京东路4号江苏省广播电视总台(江苏电视台)北广场(近鼓楼广场),118.78529,32.058178,江苏省,南京市,玄武区,
3591,北极山村,商务住宅;住宅区;住宅小区,天山路8号,118.788688,32.062511,江苏省,南京市,玄武区,
3592,鸡鸣山庄,商务住宅;住宅区;住宅小区,峨眉路,118.791077,32.06196,江苏省,南京市,玄武区,
3593,鼓楼1929,商务住宅;住宅区;住宅区,高楼门24-34号(东邻住宅小区),118.78702,32.062329,江苏省,南京市,玄武区,
3594,石婆婆巷小区,商务住宅;住宅区;住宅小区,丹凤街8号,118.787696,32.055864,江苏省,南京市,玄武区,
3595,高楼门39-41号小区,商务住宅;住宅区;住宅小区,高楼门39-41号,118.786151,32.061829,江苏省,南京市,玄武区,
3596,峨嵋公寓,商务住宅;住宅区;住宅小区,高楼门38号附近,118.787051,32.06242,江苏省,南京市,玄武区,
3597,邮政大厦(中山路),商务住宅;楼宇;商务写字楼,中山路366号,118.785201,32.057447,江苏省,南京市,玄武区,
3598,尖角营小区,商务住宅;住宅区;住宅小区,玄武丹凤街尖角营75-1号附近,118.786531,32.055952,江苏省,南京市,玄武区,
3599,天山路45-75号小区,商务住宅;住宅区;住宅小区,天山路45-75号,118.789884,32.063035,江苏省,南京市,玄武区,
3600,东南大学群英楼学生公寓,商务住宅;住宅区;宿舍,丹凤街东南大学四牌楼校区,118.788193,32.055266,江苏省,南京市,玄武区,
3601,兴江公寓,商务住宅;住宅区;住宅小区,高楼门51号,118.78618,32.062453,江苏省,南京市,玄武区,
3602,东南大学四牌楼校区学府二舍学生公寓,商务住宅;住宅区;宿舍,新安里东南大学四牌楼校区,118.789069,32.055195,江苏省,南京市,玄武区,
3603,高楼门38号小区,商务住宅;住宅区;住宅小区,高楼门38号,118.78721,32.06294,江苏省,南京市,玄武区,
3604,天山汇景园,商务住宅;住宅区;住宅小区,天山路8号,118.788138,32.063214,江苏省,南京市,玄武区,
3605,东南大学荟萃楼学生公寓,商务住宅;住宅区;宿舍|商务住宅;住宅区;住宅小区,新街口街道进香河路35号,118.78847,32.055104,江苏省,南京市,玄武区,
3606,双龙大厦A座,商务住宅;楼宇;商住两用楼宇,双龙巷5号,118.785366,32.056454,江苏省,南京市,玄武区,
3607,江苏省军招综合楼,商务住宅;楼宇;商务写字楼,高楼门54号,118.786755,32.062983,江苏省,南京市,玄武区,
3608,双龙大厦B座,商务住宅;楼宇;商务写字楼,双龙巷5号,118.785267,32.05644,江苏省,南京市,玄武区,
3609,丰盛·商汇,商务住宅;楼宇;商务写字楼,中央路与车站东巷交叉口东南50米,118.784431,32.061264,江苏省,南京市,玄武区,
3610,省军招综合楼A楼,商务住宅;楼宇;商务写字楼,高楼门60号,118.786582,32.063168,江苏省,南京市,玄武区,
3611,高楼门53号,商务住宅;住宅区;住宅区,厚载巷与高楼门交叉口西50米,118.786133,32.062942,江苏省,南京市,玄武区,
3612,厚载巷19号小区,商务住宅;住宅区;住宅小区,厚载巷19号,118.78502,32.062295,江苏省,南京市,玄武区,
3613,天山路17号大院,商务住宅;住宅区;住宅区,天山路17号,118.788552,32.063818,江苏省,南京市,玄武区,
3614,大石桥小区(大石桥街),商务住宅;住宅区;住宅小区,丹凤街4号,118.787784,32.054571,江苏省,南京市,玄武区,
3615,高楼门57号,商务住宅;住宅区;住宅区,厚载巷10号附近,118.786031,32.063207,江苏省,南京市,玄武区,
3616,桓基中心公寓,商务住宅;住宅区;宿舍,丹凤街71号附近,118.786903,32.054861,江苏省,南京市,玄武区,
3617,中信大厦(双龙巷),商务住宅;楼宇;商务写字楼,湖南路街道办事处中山路348号,118.784666,32.056094,江苏省,南京市,玄武区,
3618,西家大塘,商务住宅;住宅区;住宅小区,北西家大塘35号,118.792553,32.062875,江苏省,南京市,玄武区,
3619,联通大厦(厚载巷),商务住宅;楼宇;商务写字楼,中央路32号,118.784505,32.062223,江苏省,南京市,玄武区,
3620,大石桥6号小区,商务住宅;住宅区;住宅小区,大石桥街12号附近,118.788769,32.054362,江苏省,南京市,玄武区,
3621,东南大学-教工宿舍,商务住宅;住宅区;宿舍,大石桥街2-4号,118.790065,32.05446,江苏省,南京市,玄武区,
3622,高楼门61号,商务住宅;住宅区;住宅区,厚载巷与高楼门交叉口西北100米,118.78607,32.063521,江苏省,南京市,玄武区,
3623,高楼门公寓,商务住宅;住宅区;住宅小区,高楼门66号,118.786769,32.063835,江苏省,南京市,玄武区,
3624,恒基中心公寓B座,商务住宅;楼宇;商住两用楼宇,丹凤街29号,118.786509,32.054593,江苏省,南京市,玄武区,
3625,苏粮国际大厦,商务住宅;楼宇;商务写字楼,中山路338号,118.784602,32.055472,江苏省,南京市,玄武区,
3626,羲和,商务住宅;楼宇;商住两用楼宇,中山路300号,118.785128,32.054722,江苏省,南京市,玄武区,
3627,江苏省商务厅(北门),商务住宅;商务住宅相关;商务住宅相关,北京东路,118.788681,32.05876,江苏省,南京市,玄武区,
3628,江苏省商务厅(西门),商务住宅;商务住宅相关;商务住宅相关,丹凤街与安仁街交叉口东150米,118.788321,32.058481,江苏省,南京市,玄武区,
3629,南京杨公馆,商务住宅;商务住宅相关;商务住宅相关,石婆婆巷18号,118.788122,32.056793,江苏省,南京市,玄武区,
3630,天翼广场(西3门),商务住宅;商务住宅相关;商务住宅相关,大钟亭,118.784469,32.0598,江苏省,南京市,玄武区,
3631,江苏广播电视大厦(东门),商务住宅;商务住宅相关;商务住宅相关,北京东路2号荔枝广场F1,118.786623,32.05731,江苏省,南京市,玄武区,
3632,台城办公楼,商务住宅;楼宇;商务写字楼,北京东路43-2号,118.798298,32.058281,江苏省,南京市,玄武区,
3633,北京东路57号商务楼,商务住宅;楼宇;商务写字楼,北京东路57号,118.801059,32.057696,江苏省,南京市,玄武区,
3634,和平大厦,商务住宅;楼宇;商务写字楼,梅园新村街道北京东路22号,118.798466,32.057033,江苏省,南京市,玄武区,
3635,南京人才大厦,商务住宅;楼宇;商务写字楼,北京东路63号,118.80201,32.057767,江苏省,南京市,玄武区,
3636,东南大学四牌楼校区新一舍,商务住宅;住宅区;宿舍,太平北路136号附近,118.799034,32.056122,江苏省,南京市,玄武区,
3637,和平新村,商务住宅;住宅区;住宅小区,北京东路69号,118.802496,32.058252,江苏省,南京市,玄武区,
3638,东南大学四牌楼校区新二舍,商务住宅;住宅区;宿舍,太平北路136号附近,118.798995,32.055866,江苏省,南京市,玄武区,
3639,东南大学四牌楼校区新三舍,商务住宅;住宅区;宿舍,太平北路136号203,118.798942,32.05563,江苏省,南京市,玄武区,
3640,南京科技中心,商务住宅;楼宇;商务写字楼,,118.797107,32.055976,江苏省,南京市,玄武区,
3641,东南大学四牌楼校区新四舍,商务住宅;住宅区;宿舍,兰园附近,118.798833,32.055386,江苏省,南京市,玄武区,
3642,北京东路30号院,商务住宅;住宅区;住宅区,北京东路30号,118.800152,32.055493,江苏省,南京市,玄武区,
3643,土壤研究所宿舍12幢,商务住宅;住宅区;宿舍,北京东路与演武新村交叉口东北150米,118.803374,32.058303,江苏省,南京市,玄武区,
3644,土壤研究所宿舍11幢,商务住宅;住宅区;宿舍,北京东路与演武新村交叉口东北150米,118.803445,32.05853,江苏省,南京市,玄武区,
3645,东南大学四牌楼校区文昌十五舍,商务住宅;住宅区;宿舍,太平北路136-4附近,118.798243,32.055358,江苏省,南京市,玄武区,
3646,土壤研究所宿舍10幢,商务住宅;住宅区;宿舍,北京东路北150米,118.803508,32.058762,江苏省,南京市,玄武区,
3647,土壤研究所宿舍4幢,商务住宅;住宅区;宿舍,环湖路,118.803577,32.059673,江苏省,南京市,玄武区,
3648,东南大学四牌楼校区新五舍,商务住宅;住宅区;宿舍,兰园附近,118.798698,32.055159,江苏省,南京市,玄武区,
3649,土壤研究所宿舍8幢,商务住宅;住宅区;宿舍,北京东路北200米,118.803711,32.059168,江苏省,南京市,玄武区,
3650,土壤研究所宿舍5幢,商务住宅;住宅区;宿舍,北京东路北200米,118.803728,32.059378,江苏省,南京市,玄武区,
3651,土壤研究所宿舍2幢,商务住宅;住宅区;宿舍,环湖路,118.803679,32.05991,江苏省,南京市,玄武区,
3652,北京东路71号院,商务住宅;住宅区;住宅区,北京东路71号,118.803464,32.057762,江苏省,南京市,玄武区,
3653,东南大学四牌楼校区文昌十三舍,商务住宅;住宅区;宿舍,太平北路136-2附近,118.798178,32.055035,江苏省,南京市,玄武区,
3654,土壤研究所宿舍3幢,商务住宅;住宅区;宿舍,,118.803929,32.059598,江苏省,南京市,玄武区,
3655,土壤研究所宿舍16幢,商务住宅;住宅区;宿舍,北京东路104号附近,118.8039,32.058027,江苏省,南京市,玄武区,
3656,华英大厦(北京东路),商务住宅;楼宇;商务写字楼,北京东路40-1号,118.803597,32.057192,江苏省,南京市,玄武区,
3657,兰园,商务住宅;住宅区;住宅小区,北京东路兰园小区,118.800725,32.054878,江苏省,南京市,玄武区,
3658,成贤街112号大院,商务住宅;住宅区;住宅小区,成贤街112号,118.79639,32.05485,江苏省,南京市,玄武区,
3659,太平北路132号小区,商务住宅;住宅区;住宅小区,太平北路132号,118.797778,32.05444,江苏省,南京市,玄武区,
3660,台城花园,商务住宅;住宅区;住宅小区,鸡鸣寺路西家大塘,118.794523,32.062678,江苏省,南京市,玄武区,
3661,演武新村,商务住宅;住宅区;住宅小区,北京东路,118.802032,32.054675,江苏省,南京市,玄武区,
3662,东南大学四牌楼校区文昌八舍,商务住宅;住宅区;宿舍,太平北路附近,118.794098,32.05594,江苏省,南京市,玄武区,
3663,公教一村,地名地址信息;交通地名;道路名|商务住宅;住宅区;住宅小区,北京东路51号42栋,118.800481,32.059377,江苏省,南京市,玄武区,
3664,我家山水,商务住宅;楼宇;商住两用楼宇|商务住宅;住宅区;住宅区,北京东路41-40号楼附近,118.796453,32.058344,江苏省,南京市,玄武区,
3665,北京东路43号院33楼,商务住宅;住宅区;住宅区,北京东路与太平北路交叉口西北100米,118.797791,32.058502,江苏省,南京市,玄武区,
3666,九华山42号,商务住宅;住宅区;住宅区,九华山18-1号1幢附近,118.807478,32.059153,江苏省,南京市,玄武区,
3667,金桥商务楼(北京东路),商务住宅;楼宇;商务写字楼,北京东路77号-2,118.807477,32.058026,江苏省,南京市,玄武区,
3668,金陵御花园,商务住宅;住宅区;住宅区,太平门街6号金陵御花园,118.810484,32.05924,江苏省,南京市,玄武区,
3669,九华山18号,商务住宅;住宅区;住宅区,,118.80678,32.058679,江苏省,南京市,玄武区,
3670,佳源公寓,商务住宅;住宅区;住宅小区,太平门街2号,118.810431,32.057754,江苏省,南京市,玄武区,
3671,九华山公寓,商务住宅;住宅区;住宅小区,北京东路,118.8064,32.059396,江苏省,南京市,玄武区,
3672,小河(南京)服饰有限公司写字楼,商务住宅;楼宇;商务写字楼,太平门街6号F幢,118.811621,32.05887,江苏省,南京市,玄武区,
3673,洲城根43号,商务住宅;住宅区;住宅区,内环东线与环湖路交叉口东150米,118.810205,32.06119,江苏省,南京市,玄武区,
3674,苏菜大厦,商务住宅;楼宇;商务写字楼,太平门街81号,118.809027,32.056907,江苏省,南京市,玄武区,
3675,九华山11号,商务住宅;住宅区;住宅区,11号,118.806084,32.058472,江苏省,南京市,玄武区,
3676,九华山17号,商务住宅;住宅区;住宅区,九华山与北京东路交叉口北150米,118.805971,32.058549,江苏省,南京市,玄武区,
3677,九华山19号,商务住宅;住宅区;住宅区,19号,118.806025,32.058365,江苏省,南京市,玄武区,
3678,太平花园(龙蟠路),商务住宅;住宅区;住宅小区,太平门街10号,118.811715,32.057847,江苏省,南京市,玄武区,
3679,万润达综合楼,商务住宅;楼宇;商务写字楼,北京东路42-2号,118.808008,32.056475,江苏省,南京市,玄武区,
3680,九华山15号,商务住宅;住宅区;住宅区,15号,118.80587,32.058042,江苏省,南京市,玄武区,
3681,龙蟠中路15号小区,商务住宅;住宅区;住宅小区,龙蟠中路15号,118.807446,32.056402,江苏省,南京市,玄武区,
3682,惠联大楼,商务住宅;楼宇;商务写字楼,北京东路,118.804649,32.058843,江苏省,南京市,玄武区,
3683,太平门东街小区,商务住宅;住宅区;住宅小区,太平门东街4号,118.8135,32.05811,江苏省,南京市,玄武区,
3684,新月公寓,商务住宅;住宅区;住宅小区,太平门街7号,118.812621,32.056706,江苏省,南京市,玄武区,
3685,月新花园,商务住宅;住宅区;住宅小区,太平门街7号,118.812037,32.056146,江苏省,南京市,玄武区,
3686,太平门住宅,商务住宅;住宅区;住宅区,太平门,118.812775,32.055839,江苏省,南京市,玄武区,
3687,土壤研究所小区,商务住宅;住宅区;住宅小区,北京东路71号北京东路73号,118.804065,32.057724,江苏省,南京市,玄武区,
3688,斯亚花园,商务住宅;住宅区;住宅小区,太平门东街2号,118.813772,32.0572,江苏省,南京市,玄武区,
3689,月新公寓,商务住宅;住宅区;住宅小区,太平门街89号,118.812525,32.055462,江苏省,南京市,玄武区,
3690,太平门街89号院,商务住宅;住宅区;住宅区,农场巷南50米,118.813346,32.05549,江苏省,南京市,玄武区,
3691,太平新村(农场巷),商务住宅;住宅区;住宅小区,太平新村3号,118.813468,32.054814,江苏省,南京市,玄武区,
3692,九华山21号,商务住宅;住宅区;住宅区,九华山西50米,118.806432,32.059171,江苏省,南京市,玄武区,
3693,白马山庄,商务住宅;住宅区;住宅小区,锁金村(公交车站),118.817076,32.063404,江苏省,南京市,玄武区,
3694,富贵山,商务住宅;住宅区;住宅小区|地名地址信息;自然地名;山,,118.820345,32.056963,江苏省,南京市,玄武区,
3695,白马山庄1号,商务住宅;住宅区;住宅区,白马山庄1幢,118.817348,32.062881,江苏省,南京市,玄武区,
3696,天泓山庄,商务住宅;住宅区;住宅小区,环陵路1号,118.892026,32.057246,江苏省,南京市,栖霞区,
3697,天悦园(陶家营街),商务住宅;住宅区;住宅小区,马群新街89号-2,118.893732,32.055258,江苏省,南京市,栖霞区,
3698,漫花园别墅,商务住宅;住宅区;别墅,仙林大道6号,118.8915,32.063838,江苏省,南京市,栖霞区,
3699,天泓山庄别墅,商务住宅;住宅区;别墅,马群环陵路1号,118.89007,32.05652,江苏省,南京市,栖霞区,
3700,金马花园(马群新街),商务住宅;住宅区;住宅小区,马群新街110号,118.895062,32.055043,江苏省,南京市,栖霞区,
3701,紫金新寓,商务住宅;住宅区;住宅小区,栖霞马群新街116号,118.895002,32.055603,江苏省,南京市,栖霞区,
3702,紫金海岸,商务住宅;住宅区;住宅小区,马群新街102-1号,118.894117,32.054248,江苏省,南京市,栖霞区,
3703,紫金新寓(东门),商务住宅;商务住宅相关;商务住宅相关,马群新街116东门,118.89548,32.05553,江苏省,南京市,栖霞区,
3704,芝嘉花园,商务住宅;住宅区;住宅小区,百水桥村150号,118.910332,32.055181,江苏省,南京市,栖霞区,
3705,狮子坝97号,商务住宅;住宅区;住宅区,宁芝路97号附近,118.910157,32.061426,江苏省,南京市,栖霞区,
3706,狮子坝138号,商务住宅;住宅区;住宅区,宁芝路131号附近,118.908573,32.062064,江苏省,南京市,栖霞区,
3707,狮子坝98号,商务住宅;住宅区;住宅区,宁芝路98号附近,118.909957,32.061585,江苏省,南京市,栖霞区,
3708,狮子坝126号,商务住宅;住宅区;住宅区,宁芝路129号附近,118.908714,32.061755,江苏省,南京市,栖霞区,
3709,狮子坝128号,商务住宅;住宅区;住宅区,石狮路与G42沪蓉高速交叉口南200米,118.908899,32.061572,江苏省,南京市,栖霞区,
3710,百水桥111号,商务住宅;住宅区;住宅区,宁芝路西150米,118.911106,32.059012,江苏省,南京市,栖霞区,
3711,百水东苑,商务住宅;住宅区;住宅小区,宁芝路3号,118.913475,32.055356,江苏省,南京市,栖霞区,
3712,麒麟职中教师楼,商务住宅;住宅区;住宅区,麒西路68号,118.920129,32.056226,江苏省,南京市,江宁区,
3713,504地质队家属楼,商务住宅;住宅区;住宅小区,麒麟门504地质队家属院,118.92358,32.05936,江苏省,南京市,江宁区,
3714,芝嘉东苑,商务住宅;住宅区;住宅小区,芝嘉北路1号,118.915085,32.058292,江苏省,南京市,栖霞区,
3715,白水桥中心村小区,商务住宅;住宅区;住宅小区,栖霞芝嘉北路1号,118.915553,32.058472,江苏省,南京市,栖霞区,
3716,百水桥123号,商务住宅;住宅区;住宅区,宁杭公路辅路北50米,118.91684,32.054706,江苏省,南京市,江宁区,
3717,狮子坝168号,商务住宅;住宅区;住宅区,宁芝路20号附近,118.914243,32.058424,江苏省,南京市,栖霞区,
3718,百水桥99号,商务住宅;住宅区;住宅区,宁芝路东150米,118.91555,32.056238,江苏省,南京市,栖霞区,
3719,江宁麒麟科技创业园经济适用房,商务住宅;住宅区;住宅区,麒西路与燕西线交汇处,118.92261,32.05574,江苏省,南京市,江宁区,
3720,其林甫21号,商务住宅;住宅区;住宅区,拥军大道东50米,118.926474,32.061434,江苏省,南京市,江宁区,
3721,其林甫1号,商务住宅;住宅区;住宅区,拥军大道东50米,118.927841,32.062277,江苏省,南京市,江宁区,
3722,其林甫30号,商务住宅;住宅区;住宅区,拥军大道西50米,118.926137,32.061524,江苏省,南京市,江宁区,
3723,北景雅居,商务住宅;商务住宅相关;商务住宅相关,宝山路1号,118.929991,32.055503,江苏省,南京市,江宁区,
3724,北城雅居,商务住宅;商务住宅相关;商务住宅相关,宝山路1号,118.929991,32.055503,江苏省,南京市,江宁区,
3725,北晨雅居,商务住宅;住宅区;住宅小区,麒麟镇宝山路1号,118.930658,32.055571,江苏省,南京市,江宁区,
3726,锦绣花园(麒东路),商务住宅;住宅区;住宅小区,麒麟东路138号,118.933375,32.057629,江苏省,南京市,江宁区,
3727,和谐家园(宝山路),商务住宅;住宅区;住宅小区,麒东路109号,118.929424,32.054387,江苏省,南京市,江宁区,
3728,友朋·别墅轰趴聚会派对(旗舰店),商务住宅;住宅区;住宅区,麒东路138号锦绣花园茶花苑251栋,118.932263,32.055043,江苏省,南京市,江宁区,
3729,芒果派轰趴派对别墅,商务住宅;住宅区;别墅,麒东路138号,118.932635,32.055215,江苏省,南京市,江宁区,
3730,来派吧私人别墅,商务住宅;住宅区;别墅|住宿服务;宾馆酒店;宾馆酒店,麒麟东路138号附近,118.932744,32.05495,江苏省,南京市,江宁区,
3731,麒麟苑,商务住宅;住宅区;住宅小区,麒麟门麒麟镇燕西线,118.924315,32.055521,江苏省,南京市,江宁区,
3732,天涯公寓(宁杭公路辅路),商务住宅;住宅区;住宅小区,麒麟门,118.924265,32.055003,江苏省,南京市,江宁区,
3733,麒麟浦66号,商务住宅;住宅区;住宅区,浦66号,118.92514,32.064172,江苏省,南京市,江宁区,
3734,南京锦绣花园别墅,商务住宅;住宅区;别墅,麒东路138号锦绣家园别墅(近秦盈路、锦绣花园),118.938039,32.059836,江苏省,南京市,江宁区,
3735,锦绣花园-金桂园,商务住宅;住宅区;住宅区,宁杭公路辅路附近,118.934406,32.05568,江苏省,南京市,江宁区,
3736,锦绣花园-兰馨园,商务住宅;住宅区;住宅区,,118.938556,32.058782,江苏省,南京市,江宁区,
3737,锦绣花园-茶花园,商务住宅;住宅区;住宅区,麒麟街道锦绣花园别墅区257栋附近,118.937393,32.061866,江苏省,南京市,江宁区,
3738,自由空间别墅聚会,商务住宅;住宅区;住宅区,铁心桥街道春江路28熹园13栋(翘楚城/三江学院/新街口/鼓楼/安德门),118.939344,32.058029,江苏省,南京市,江宁区,
3739,东郊小镇第三街区,商务住宅;住宅区;住宅小区,麒麟街道麒麟东路777号,118.951044,32.059789,江苏省,南京市,江宁区,
3740,银亿东城,商务住宅;住宅区;住宅小区,麒东路777号,118.946199,32.063957,江苏省,南京市,江宁区,
3741,东郊小镇第六街区,商务住宅;住宅区;住宅区,汤山街道麒麟镇麒东路777号,118.949929,32.058487,江苏省,南京市,江宁区,
3742,东郊小镇第七街区,商务住宅;住宅区;住宅区,麒麟东路777号,118.948728,32.059321,江苏省,南京市,江宁区,
3743,东郊小镇第四街区,商务住宅;住宅区;住宅区,汤山街道麒麟镇麒东路777号,118.950316,32.055146,江苏省,南京市,江宁区,
3744,南京东郊小镇第八街区,商务住宅;住宅区;住宅小区,麒麟街道麒东路777号,118.946988,32.056827,江苏省,南京市,江宁区,
3745,东郊小镇第五街区,商务住宅;住宅区;住宅区,麒麟枢纽附近,118.951353,32.061866,江苏省,南京市,江宁区,
3746,锁石村小区,商务住宅;住宅区;住宅小区,新锁路与122省道交叉口西北100米,118.984969,32.058796,江苏省,南京市,江宁区,
3747,阳明山庄(技校路),商务住宅;住宅区;住宅小区,汤山街道古泉社区,118.998466,32.062528,江苏省,南京市,江宁区,
3748,云栖山庄,商务住宅;住宅区;别墅,阳明路99号,118.998734,32.063914,江苏省,南京市,江宁区,
3749,松林山庄,商务住宅;住宅区;住宅区,汤山镇海泽路,119.049964,32.063118,江苏省,南京市,江宁区,
3750,中交锦兰荟,商务住宅;住宅区;住宅小区,环城西路与华山路交汇处,118.598559,32.04868,江苏省,南京市,浦口区,
3751,金地格林格林(新北路),商务住宅;住宅区;住宅小区,新北路附近,118.596976,32.049457,江苏省,南京市,浦口区,
3752,北江锦城,商务住宅;住宅区;住宅小区,环城西路,118.607532,32.05404,江苏省,南京市,浦口区,
3753,路易庄园,商务住宅;商务住宅相关;商务住宅相关,雨山路89号(南京审计学院南门),118.61097,32.054121,江苏省,南京市,浦口区,
3754,华光社区,商务住宅;住宅区;住宅小区,光明路附近,118.612325,32.047064,江苏省,南京市,浦口区,
3755,金珠花苑,商务住宅;住宅区;住宅小区,文德西路12号,118.622446,32.054029,江苏省,南京市,浦口区,
3756,西水湾家园,商务住宅;住宅区;住宅小区,江浦街道,118.623126,32.045473,江苏省,南京市,浦口区,
3757,西城花园小区,商务住宅;住宅区;住宅小区,团结路西城花园,118.619005,32.047896,江苏省,南京市,浦口区,
3758,金盛田·锦上,商务住宅;住宅区;住宅小区,江浦街道锦上路1号,118.621756,32.051086,江苏省,南京市,浦口区,
3759,中海·万锦熙岸北区,商务住宅;住宅区;住宅小区,张墩路与雨花路交叉口西150米,118.623778,32.050838,江苏省,南京市,浦口区,
3760,中海万锦熙岸2期,商务住宅;住宅区;住宅小区,张墩路与雨花路交汇处,118.62392,32.050558,江苏省,南京市,浦口区,
3761,融创臻园(建设中),商务住宅;住宅区;住宅小区,雨山西路,118.616104,32.051106,江苏省,南京市,浦口区,
3762,珠江村雨山组54号,商务住宅;住宅区;住宅区,文德西路与124省道交叉口西北200米,118.618596,32.052384,江苏省,南京市,浦口区,
3763,雨泉家园小区,商务住宅;住宅区;住宅小区,文昌路8号,118.618217,32.050743,江苏省,南京市,浦口区,
3764,江浦县邮电局宿舍,商务住宅;住宅区;宿舍,文德西路14号,118.621578,32.052735,江苏省,南京市,浦口区,
3765,西水湾家园东区,商务住宅;住宅区;住宅区,团结路20号附近,118.621724,32.04644,江苏省,南京市,浦口区,
3766,西水湾家园2期(南门),商务住宅;商务住宅相关;商务住宅相关,北花园路与西水湾路交叉口北200米,118.62247,32.044838,江苏省,南京市,浦口区,
3767,西水湾家园东区(南门),商务住宅;商务住宅相关;商务住宅相关,北花园路与西水湾路交叉口西北200米,118.62209,32.044517,江苏省,南京市,浦口区,
3768,西水湾家园东区(西1门),商务住宅;商务住宅相关;商务住宅相关,西水湾路1号附近,118.621799,32.044244,江苏省,南京市,浦口区,
3769,浦口区教师发展中心(北门),商务住宅;商务住宅相关;商务住宅相关,宁乌线附近,118.618722,32.045882,江苏省,南京市,浦口区,
3770,中海万锦熙岸,商务住宅;住宅区;住宅小区,江浦街道团结村2号(珠泉西路和团结路交汇处),118.625116,32.048977,江苏省,南京市,浦口区,
3771,新理想佳园,商务住宅;住宅区;住宅小区,珠泉西路10号,118.628137,32.05169,江苏省,南京市,浦口区,
3772,亚东滨江和园,商务住宅;住宅区;住宅小区,团结路,118.632148,32.044562,江苏省,南京市,浦口区,
3773,珠泉路,商务住宅;住宅区;住宅区,上河街111号附近,118.632077,32.053227,江苏省,南京市,浦口区,
3774,明发珠江国际,商务住宅;住宅区;住宅小区,文德西路附近,118.625611,32.053268,江苏省,南京市,浦口区,
3775,西水湾B组团2期,商务住宅;住宅区;住宅小区,珠泉西路与西水湾路交叉口西200米,118.624469,32.046521,江苏省,南京市,浦口区,
3776,想理想佳园小区出新现场办公室,商务住宅;商务住宅相关;商务住宅相关,雨花路附近,118.627992,32.051555,江苏省,南京市,浦口区,
3777,新理想佳园2期,商务住宅;住宅区;住宅区,珠江镇珠泉西路10号,118.629373,32.050121,江苏省,南京市,浦口区,
3778,中海·万锦熙岸南区,商务住宅;住宅区;住宅小区,张墩路与雨花路交叉口南200米,118.625385,32.04961,江苏省,南京市,浦口区,
3779,金盛田.锦上(东南门),商务住宅;商务住宅相关;商务住宅相关,张墩路与雨花路交叉口西南150米,118.624191,32.050471,江苏省,南京市,浦口区,
3780,新理想佳园(南门),商务住宅;商务住宅相关;商务住宅相关,珠泉西路与雨花路交叉口西北200米,118.62703,32.050249,江苏省,南京市,浦口区,
3781,香山湖一号,商务住宅;楼宇;商住两用楼宇|商务住宅;住宅区;住宅区,宁合高速附近,118.63176,32.04993,江苏省,南京市,浦口区,
3782,南京市浦口区中心医院行政办公楼,商务住宅;楼宇;商务写字楼,上河街203号附近,118.636217,32.049975,江苏省,南京市,浦口区,
3783,升龙公园道C区(建设中),商务住宅;住宅区;住宅小区,葡园路,118.713394,32.046264,江苏省,南京市,建邺区,
3784,公园道北区,商务住宅;商务住宅相关;商务住宅相关,葡园路东150米,118.714999,32.04528,江苏省,南京市,建邺区,
3785,长阳花园,商务住宅;住宅区;住宅小区,清凉门大街298号,118.73048,32.048371,江苏省,南京市,鼓楼区,
3786,长江之家,商务住宅;住宅区;住宅小区,湘江路18号长江之家小区商铺,118.731254,32.050554,江苏省,南京市,鼓楼区,
3787,苏宁馨瑰园,商务住宅;住宅区;住宅小区,清凉门大街296-2号,118.73259,32.047761,江苏省,南京市,鼓楼区,
3788,银城花园,商务住宅;住宅区;住宅小区,银城农贸市场附近,118.73108,32.052846,江苏省,南京市,鼓楼区,
3789,百步滨江,商务住宅;住宅区;住宅小区,湘江路7号,118.733761,32.049102,江苏省,南京市,鼓楼区,
3790,银城·锦一方,商务住宅;住宅区;住宅小区,清凉门大街与锦江路交叉路口锦江路99号,118.732611,32.046339,江苏省,南京市,鼓楼区,
3791,辰龙绿苑,商务住宅;住宅区;住宅小区,锦江路95号,118.733067,32.046078,江苏省,南京市,鼓楼区,
3792,南医大学生公寓,商务住宅;住宅区;宿舍,清江路89-4号,118.730864,32.044347,江苏省,南京市,鼓楼区,
3793,育才公寓,商务住宅;住宅区;住宅小区,育才公寓18号,118.73047,32.045531,江苏省,南京市,鼓楼区,
3794,湘江路18号院(西门),商务住宅;商务住宅相关;商务住宅相关,湘江路18号,118.729391,32.049932,江苏省,南京市,鼓楼区,
3795,湘江路18号院(南门),商务住宅;商务住宅相关;商务住宅相关,湘江路18号,118.729911,32.049803,江苏省,南京市,鼓楼区,
3796,南京福彩大厦,商务住宅;楼宇;商务写字楼,江东北路191号,118.738817,32.048576,江苏省,南京市,鼓楼区,
3797,春光大厦,商务住宅;楼宇;商务写字楼,江东北路191号,118.738732,32.048522,江苏省,南京市,鼓楼区,
3798,民政局小区,商务住宅;住宅区;住宅小区,江东北路193号,118.738269,32.048619,江苏省,南京市,鼓楼区,
3799,江东北路193号小区,商务住宅;住宅区;住宅小区,江东北路193号,118.73851,32.04838,江苏省,南京市,鼓楼区,
3800,江东北路196号,商务住宅;住宅区;住宅小区,江东北路196号-1幢,118.740102,32.049696,江苏省,南京市,鼓楼区,
3801,雅瑰园,商务住宅;住宅区;住宅小区,湘江路1号,118.737467,32.048839,江苏省,南京市,鼓楼区,
3802,西城晶华,商务住宅;楼宇;商住两用楼宇,江东北路196号,118.740151,32.050162,江苏省,南京市,鼓楼区,
3803,永嘉年华,商务住宅;楼宇;商住两用楼宇,江东北路209号,118.738871,32.050855,江苏省,南京市,鼓楼区,
3804,银城·聚福园(东园),商务住宅;住宅区;住宅小区,漓江路6号,118.737277,32.050238,江苏省,南京市,鼓楼区,
3805,金舟花园,商务住宅;住宅区;住宅小区,江东北路330号,118.737824,32.05123,江苏省,南京市,鼓楼区,
3806,新时空大厦,商务住宅;楼宇;商务写字楼,江东北路211号,118.738903,32.051572,江苏省,南京市,鼓楼区,
3807,苏宁千秋情缘·知音园,商务住宅;住宅区;住宅小区,湛江路75号附近,118.74212,32.049661,江苏省,南京市,鼓楼区,
3808,汇贤居(湛江路),商务住宅;住宅区;住宅小区,"江东北路208号旁边,湛江路79号",118.7418,32.050666,江苏省,南京市,鼓楼区,
3809,丁香园(清凉门大街),商务住宅;住宅区;住宅小区,清凉门大街168号,118.741856,32.047197,江苏省,南京市,鼓楼区,
3810,华茂大厦,商务住宅;楼宇;商住两用楼宇,江东北路199号,118.738914,32.052457,江苏省,南京市,鼓楼区,
3811,汇文居,商务住宅;住宅区;住宅小区,清凉门大街201号,118.737739,32.046034,江苏省,南京市,鼓楼区,
3812,聚福园社区活动室,商务住宅;住宅区;社区中心,江东北路269号华茂大厦A幢1301、1402室,118.739148,32.052531,江苏省,南京市,鼓楼区,
3813,苏宁·千秋情缘花园,商务住宅;住宅区;住宅小区,湛江路69号,118.742633,32.047936,江苏省,南京市,鼓楼区,
3814,辰龙广场,商务住宅;住宅区;住宅小区,江东北路145号,118.738352,32.045491,江苏省,南京市,鼓楼区,
3815,宏图·香榭里(银城街),商务住宅;住宅区;住宅小区,银城街31号,118.737799,32.05295,江苏省,南京市,鼓楼区,
3816,新城市·青年公寓,商务住宅;住宅区;住宅小区,龙园西路9号,118.740476,32.052961,江苏省,南京市,鼓楼区,
3817,银城·聚福园(西园),商务住宅;住宅区;住宅小区,漓江路1号,118.734611,32.050811,江苏省,南京市,鼓楼区,
3818,银城街小区,商务住宅;住宅区;住宅小区,银城街银城花园40号,118.736758,32.05293,江苏省,南京市,鼓楼区,
3819,苏城北苑,商务住宅;住宅区;住宅小区,湛江路98号,118.743567,32.050609,江苏省,南京市,鼓楼区,
3820,新城市·城市假日,商务住宅;住宅区;住宅小区,龙园西路9号,118.74138,32.053022,江苏省,南京市,鼓楼区,
3821,清江苏宁广场写字楼,商务住宅;楼宇;商务写字楼,江东北路与清凉门大街交界处南侧南侧250米,118.741058,32.045209,江苏省,南京市,鼓楼区,
3822,瑞园(银城街),商务住宅;住宅区;住宅小区,闽江路18号,118.734836,32.052859,江苏省,南京市,鼓楼区,
3823,辰龙绿苑东区,商务住宅;住宅区;住宅小区,清凉门大街291号,118.734329,32.045939,江苏省,南京市,鼓楼区,
3824,浦江大厦(浦江路),商务住宅;楼宇;商务写字楼,浦江路26号,118.735538,32.044508,江苏省,南京市,鼓楼区,
3825,龙江·元隆府邸,商务住宅;住宅区;住宅区,银城街48号,118.73581,32.054079,江苏省,南京市,鼓楼区,
3826,清江公寓,商务住宅;住宅区;住宅小区,锦江路28号,118.734317,32.04487,江苏省,南京市,鼓楼区,
3827,苏宁天启花园,商务住宅;住宅区;住宅小区,湛江路59号,118.742675,32.044235,江苏省,南京市,鼓楼区,
3828,银嘉公寓,商务住宅;住宅区;住宅小区,银城街54号,118.734218,32.054202,江苏省,南京市,鼓楼区,
3829,东宝路28号大院,商务住宅;住宅区;住宅小区,东宝路28号,118.73398,32.044356,江苏省,南京市,鼓楼区,
3830,嘉华商务楼,商务住宅;商务住宅相关;商务住宅相关,江东北路209号,118.739106,32.050615,江苏省,南京市,鼓楼区,
3831,大萝卜公寓,商务住宅;商务住宅相关;商务住宅相关,清凉门大街201号,118.737705,32.045759,江苏省,南京市,鼓楼区,
3832,长阳花园3期,商务住宅;商务住宅相关;商务住宅相关,湘江路15-3号,118.734461,32.049403,江苏省,南京市,鼓楼区,
3833,白云园119号,商务住宅;商务住宅相关;商务住宅相关,丽江路与龙园西路交叉口东南50米,118.742866,32.054144,江苏省,南京市,鼓楼区,
3834,白云园29号,商务住宅;商务住宅相关;商务住宅相关,龙园中路30号附近,118.743816,32.053497,江苏省,南京市,鼓楼区,
3835,白云园118号,商务住宅;商务住宅相关;商务住宅相关,丽江街与横六路交叉口东南50米,118.742822,32.054071,江苏省,南京市,鼓楼区,
3836,花开园小区(嫩江路),商务住宅;住宅区;住宅小区,清凉门桥嫩江路28号,118.749011,32.048746,江苏省,南京市,鼓楼区,
3837,花开四季,商务住宅;住宅区;住宅小区,嫩江路28号,118.750404,32.049167,江苏省,南京市,鼓楼区,
3838,曲水文华苑,商务住宅;住宅区;住宅小区,凤凰东街52号(近花开四季),118.74882,32.050716,江苏省,南京市,鼓楼区,
3839,杏聚村(清凉门大街),商务住宅;住宅区;住宅小区,清凉门大街48号,118.749928,32.047412,江苏省,南京市,鼓楼区,
3840,西城风尚,商务住宅;住宅区;住宅小区,凤凰东街66号,118.747727,32.050936,江苏省,南京市,鼓楼区,
3841,金信花园,商务住宅;住宅区;住宅小区,清凉门大街68号,118.746486,32.048407,江苏省,南京市,鼓楼区,
3842,里圩社区,商务住宅;住宅区;住宅小区,清凉门大街60号,118.748118,32.047119,江苏省,南京市,鼓楼区,
3843,辰龙紫苑,商务住宅;住宅区;住宅小区,清凉门大街56号,118.748898,32.04695,江苏省,南京市,鼓楼区,
3844,鼓馨阳光家园,商务住宅;住宅区;住宅小区,嫩江路55号,118.747742,32.047067,江苏省,南京市,鼓楼区,
3845,南京中医药大学教工宿舍(清凉门大街),商务住宅;住宅区;宿舍,清凉门大街48号,118.749565,32.046762,江苏省,南京市,鼓楼区,
3846,苏城苑社区,商务住宅;住宅区;住宅小区,湛江路,118.745646,32.049275,江苏省,南京市,鼓楼区,
3847,龙凤花园(汉江路),商务住宅;住宅区;住宅小区,汉江路16号,118.745826,32.050383,江苏省,南京市,鼓楼区,
3848,石头城5号,商务住宅;住宅区;住宅区,凤凰东街与嫩江路交叉口东北200米,118.751169,32.051927,江苏省,南京市,鼓楼区,
3849,西城岚湾花苑,商务住宅;住宅区;住宅小区,清凉门大街8号,118.752774,32.047112,江苏省,南京市,鼓楼区,
3850,汇银智慧社区,商务住宅;住宅区;住宅小区,北圩路139号附近,118.75125,32.045834,江苏省,南京市,鼓楼区,
3851,苏城南苑,商务住宅;住宅区;住宅小区,湛江路88号,118.744725,32.047431,江苏省,南京市,鼓楼区,
3852,苏宁乐瑰园,商务住宅;住宅区;住宅小区,北圩路151号,118.750679,32.045412,江苏省,南京市,鼓楼区,
3853,苏宁·紫金朝阳府,商务住宅;住宅区;住宅小区,湛江路59号苏宁银河·天启花园,118.74417,32.048655,江苏省,南京市,鼓楼区,
3854,石头城15号,商务住宅;住宅区;住宅区,石头城路22号附近,118.75179,32.05255,江苏省,南京市,鼓楼区,
3855,蓝天园,商务住宅;住宅区;住宅小区,龙江小区蓝天园,118.747335,32.053298,江苏省,南京市,鼓楼区,
3856,石头城28号,商务住宅;住宅区;住宅区,石头城路28号附近,118.752337,32.052835,江苏省,南京市,鼓楼区,
3857,石头城6号,商务住宅;住宅区;住宅区,"临近省委省政府,与龙江隔河相望",118.751612,32.053286,江苏省,南京市,鼓楼区,
3858,华阳佳园(清凉门大街),商务住宅;住宅区;住宅小区,凤凰街道清凉门大街113号,118.74634,32.044777,江苏省,南京市,鼓楼区,
3859,中海大厦(清凉门大街),商务住宅;楼宇;商务写字楼,凤凰西街104-16号,118.752389,32.045752,江苏省,南京市,鼓楼区,
3860,汉都汇,商务住宅;商务住宅相关;商务住宅相关,石头城财智中心1号楼,118.750229,32.052707,江苏省,南京市,鼓楼区,
3861,清凉新村,商务住宅;住宅区;住宅小区,虎踞路77号,118.75818,32.048345,江苏省,南京市,鼓楼区,
3862,清凉雅苑,商务住宅;住宅区;住宅小区,清凉门6号广州路虎踞路石头城公园古城墙清凉门内,118.757082,32.048718,江苏省,南京市,鼓楼区,
3863,虎踞路67-1,商务住宅;住宅区;住宅小区,内环西线与内环西线入口交叉口西50米,118.75963,32.047604,江苏省,南京市,鼓楼区,
3864,清凉山83号,商务住宅;住宅区;住宅区,广州路与清凉山路交叉口西北50米,118.761361,32.048498,江苏省,南京市,鼓楼区,
3865,虎踞路86号小区,商务住宅;住宅区;住宅小区,虎踞路86号,118.758389,32.051625,江苏省,南京市,鼓楼区,
3866,河海大学学生7舍,商务住宅;住宅区;宿舍,西康路1号河海大学,118.758574,32.052023,江苏省,南京市,鼓楼区,
3867,河海大学学生10舍,商务住宅;住宅区;宿舍,西康路1号河海大学内环西线广州路入口附近,118.759077,32.052122,江苏省,南京市,鼓楼区,
3868,河海大学-研七舍,商务住宅;住宅区;宿舍,内环西线86-3号附近,118.758343,32.052137,江苏省,南京市,鼓楼区,
3869,河海大学学生4舍,商务住宅;住宅区;宿舍,西康路1号河海大学虎踞路86号小区(西门)附近,118.757742,32.052062,江苏省,南京市,鼓楼区,
3870,河海大学学生8舍,商务住宅;住宅区;宿舍,西康路1号河海大学,118.758589,32.052317,江苏省,南京市,鼓楼区,
3871,清凉山庄(内环西线辅路),商务住宅;住宅区;住宅小区,虎踞路62号,118.761771,32.047042,江苏省,南京市,鼓楼区,
3872,河海大学学生5舍,商务住宅;住宅区;宿舍,西康路1号河海大学,118.757742,32.05239,江苏省,南京市,鼓楼区,
3873,河海大学学生9舍,商务住宅;住宅区;宿舍,西康路1号河海大学学生8舍附近,118.758589,32.052657,江苏省,南京市,鼓楼区,
3874,河海大学学生6舍,商务住宅;住宅区;宿舍,西康路1号河海大学内环西线100号附近,118.757743,32.052705,江苏省,南京市,鼓楼区,
3875,水科院宿舍,商务住宅;住宅区;宿舍,广州路223号,118.763592,32.047846,江苏省,南京市,鼓楼区,
3876,虎踞关43号小区,商务住宅;住宅区;住宅小区,鼓楼虎踞关43号,118.762897,32.051718,江苏省,南京市,鼓楼区,
3877,鑫宏花园(凤凰东街),商务住宅;住宅区;住宅小区,凤凰东街48号,118.754341,32.046678,江苏省,南京市,鼓楼区,
3878,中海凤凰熙岸1期,商务住宅;住宅区;住宅小区,凤凰街与清凉门大街交叉口西南150米,118.755204,32.045046,江苏省,南京市,鼓楼区,
3879,龙蟠里5号,商务住宅;住宅区;住宅区,内环西线入口与虎踞南路交叉口北150米,118.763621,32.045763,江苏省,南京市,鼓楼区,
3880,南京师范大学随园校区学生宿舍8号楼,商务住宅;住宅区;宿舍,宁海路122号南京师范大学随园校区,118.763676,32.05328,江苏省,南京市,鼓楼区,
3881,中海凤凰熙岸写字楼,商务住宅;楼宇;商务写字楼,凤凰西街中海凤凰熙岸,118.75732,32.045219,江苏省,南京市,鼓楼区,
3882,虎距关1号综合楼,商务住宅;楼宇;商务写字楼,虎踞关东50米,118.763699,32.051552,江苏省,南京市,鼓楼区,
3883,宇田大厦,商务住宅;楼宇;商务写字楼,虎踞关1号,118.763784,32.051355,江苏省,南京市,鼓楼区,
3884,中海凤凰熙岸(东门),商务住宅;商务住宅相关;商务住宅相关,凤凰东街与裕盛路交叉口东南150米,118.75861,32.04443,江苏省,南京市,鼓楼区,
3885,紫府铭居,商务住宅;住宅区;住宅小区,广州路209号,118.770297,32.049685,江苏省,南京市,鼓楼区,
3886,天诚大厦(广州路),商务住宅;楼宇;商务写字楼,广州路199号,118.770684,32.05027,江苏省,南京市,鼓楼区,
3887,南京师范大学(随园校区)-留学生公寓,商务住宅;住宅区;宿舍,广州路258号8幢附近,118.768577,32.051072,江苏省,南京市,鼓楼区,
3888,南京师范大学随园校区丁楼(留学生公寓),商务住宅;住宅区;宿舍,宁海路122号南京师范大学随园校区,118.768883,32.051212,江苏省,南京市,鼓楼区,
3889,五环大厦(广州路),商务住宅;楼宇;商务写字楼,广州路191号,118.770868,32.050481,江苏省,南京市,鼓楼区,
3890,五台山体育中心行政楼,商务住宅;楼宇;商务写字楼,拉萨路东150米,118.771411,32.048945,江苏省,南京市,鼓楼区,
3891,江苏省人民医院宿舍(拉萨路),商务住宅;住宅区;宿舍,拉萨路18号,118.770128,32.047411,江苏省,南京市,鼓楼区,
3892,江苏省人民医院宿舍(广州路),商务住宅;住宅区;宿舍,广州路252号,118.770418,32.050967,江苏省,南京市,鼓楼区,
3893,南京师范大学丁楼留学生公寓,商务住宅;住宅区;宿舍,广州路西200米,118.768624,32.051435,江苏省,南京市,鼓楼区,
3894,南京市胸科医院宿舍区,商务住宅;住宅区;宿舍,峨嵋岭23号附近,118.769848,32.046961,江苏省,南京市,鼓楼区,
3895,百步坡,商务住宅;住宅区;住宅区,百步坡(中央路),118.771179,32.047448,江苏省,南京市,鼓楼区,
3896,数字城市大厦,商务住宅;楼宇;商务写字楼,广州路189号,118.771418,32.050933,江苏省,南京市,鼓楼区,
3897,南京民防大厦,商务住宅;楼宇;商务写字楼,广州路189号,118.77142,32.050985,江苏省,南京市,鼓楼区,
3898,峨嵋岭21号,商务住宅;住宅区;住宅区,峨嵋岭北50米,118.770231,32.04653,江苏省,南京市,鼓楼区,
3899,峨嵋岭10号小区,商务住宅;住宅区;住宅小区,峨嵋岭10号,118.770742,32.046342,江苏省,南京市,鼓楼区,
3900,南山专家楼东楼,商务住宅;楼宇;商务写字楼,宁海路122号南京师范大学随园校区(近五台山体育馆北门),118.771099,32.052085,江苏省,南京市,鼓楼区,
3901,虎踞关社区,商务住宅;住宅区;住宅小区,虎踞关(广州路),118.765047,32.050337,江苏省,南京市,鼓楼区,
3902,峨嵋岭19号小区,商务住宅;住宅区;住宅小区,鼓楼峨嵋岭19号,118.768974,32.045659,江苏省,南京市,鼓楼区,
3903,易发科技大厦,商务住宅;楼宇;商务写字楼,广州路228号,118.771974,32.051736,江苏省,南京市,鼓楼区,
3904,南京住建委大楼,商务住宅;楼宇;商务写字楼,广州路183,118.772765,32.050956,江苏省,南京市,鼓楼区,
3905,英伦国际,商务住宅;楼宇;商务写字楼,广州路177号-5楼,118.772956,32.05098,江苏省,南京市,鼓楼区,
3906,南冬瓜市20号民国建筑,商务住宅;住宅区;住宅区,南东瓜市20号,118.77205,32.05212,江苏省,南京市,鼓楼区,
3907,金鼎湾·今朝天下,商务住宅;住宅区;住宅小区,牌楼巷55号(鼓楼区牌楼巷与),118.772356,32.046236,江苏省,南京市,鼓楼区,
3908,峨嵋岭15号大院,商务住宅;住宅区;住宅小区,峨嵋岭15号,118.769535,32.044743,江苏省,南京市,鼓楼区,
3909,南东瓜市小区,商务住宅;住宅区;住宅小区,南东瓜市,118.77295,32.052226,江苏省,南京市,鼓楼区,
3910,五台山庄,商务住宅;住宅区;住宅小区,牌楼巷47号星月大厦(近汉中路),118.771578,32.04519,江苏省,南京市,鼓楼区,
3911,峨嵋岭12号大院,商务住宅;住宅区;住宅小区,鼓楼峨嵋岭12号,118.770383,32.044754,江苏省,南京市,鼓楼区,
3912,南京中国医药大学女生宿舍,商务住宅;住宅区;宿舍,汉中路282-18号楼附近,118.767566,32.044733,江苏省,南京市,鼓楼区,
3913,龙蟠里18号院,商务住宅;住宅区;住宅区,龙蟠里18号,118.764852,32.046117,江苏省,南京市,鼓楼区,
3914,宁海路122号西山西区,商务住宅;住宅区;住宅小区,宁海路122号南京师范大学随园校区,118.76532,32.052739,江苏省,南京市,鼓楼区,
3915,宁海路199-203号小区,商务住宅;住宅区;住宅小区,宁海路201号,118.772056,32.053092,江苏省,南京市,鼓楼区,
3916,星月大厦(牌楼巷),商务住宅;楼宇;商务写字楼,牌楼巷47号(近汉中路),118.772428,32.045408,江苏省,南京市,鼓楼区,
3917,牌楼巷小区,商务住宅;住宅区;住宅小区,汉中门牌楼巷,118.772278,32.045206,江苏省,南京市,鼓楼区,
3918,观园翔龙,商务住宅;住宅区;住宅小区,虎踞路26号,118.765984,32.044994,江苏省,南京市,鼓楼区,
3919,万源大厦(牌楼巷),商务住宅;楼宇;商务写字楼,牌楼巷47-1号,118.77215,32.045078,江苏省,南京市,鼓楼区,
3920,宁海路199号,商务住宅;住宅区;住宅小区,北东瓜市与宁海路交叉口东南50米,118.77187,32.05347,江苏省,南京市,鼓楼区,
3921,龙蟠里9号,商务住宅;住宅区;住宅区,,118.764298,32.046139,江苏省,南京市,鼓楼区,
3922,怡华大厦,商务住宅;住宅区;住宅小区,怡景花园27号,118.773322,32.04579,江苏省,南京市,鼓楼区,
3923,国华大厦,商务住宅;楼宇;商住两用楼宇,牌楼巷47号(近汉中路),118.772024,32.04474,江苏省,南京市,鼓楼区,
3924,南师大小区,商务住宅;住宅区;住宅小区,山阴路27号南师大小区,118.764556,32.052859,江苏省,南京市,鼓楼区,
3925,南京师范大学随园校区学生宿舍1号楼,商务住宅;住宅区;宿舍,宁海路122号南京师范大学随园校区(近五台山体育馆北门),118.766746,32.054141,江苏省,南京市,鼓楼区,
3926,南京师范大学随园校区学生宿舍7号楼,商务住宅;住宅区;宿舍,山阴路与汉口西路交叉口南200米,118.76546,32.05359,江苏省,南京市,鼓楼区,
3927,开元新居,商务住宅;住宅区;住宅小区,广州路龙蟠里14号,118.76452,32.045358,江苏省,南京市,鼓楼区,
3928,合群新村十二村,商务住宅;住宅区;住宅小区,北东瓜市附近,118.773331,32.053215,江苏省,南京市,鼓楼区,
3929,南京师范大学随园校区学生宿舍11号楼,商务住宅;住宅区;宿舍,宁海路122号南京师范大学随园校区(近五台山体育馆北门),118.765512,32.053882,江苏省,南京市,鼓楼区,
3930,南京师范大学随园校区博士生公寓,商务住宅;住宅区;宿舍,宁海路122号南京师范大学随园校区,118.765564,32.053884,江苏省,南京市,鼓楼区,
3931,南京师范大学随园校区学生宿舍6号楼,商务住宅;住宅区;宿舍,宁海路122号南京师范大学随园校区(近五台山体育馆北门),118.764863,32.053596,江苏省,南京市,鼓楼区,
3932,培德里小区,商务住宅;住宅区;住宅小区,宁海路197-5号,118.772059,32.05413,江苏省,南京市,鼓楼区,
3933,南京师范大学随园校区学生宿舍9号楼,商务住宅;住宅区;宿舍,宁海路122号南京师范大学随园校区,118.763998,32.053185,江苏省,南京市,鼓楼区,
3934,南京师范大学随园校区学生宿舍10号楼,商务住宅;住宅区;宿舍,宁海路122号南京师范大学随园校区(近五台山体育馆北门),118.764701,32.053849,江苏省,南京市,鼓楼区,
3935,南京师范大学随园校区学生宿舍3,商务住宅;住宅区;宿舍,宁海路122号南京师范大学随园校区(近五台山体育馆北门),118.764337,32.053577,江苏省,南京市,鼓楼区,
3936,北东瓜市小区,商务住宅;住宅区;住宅小区,北东瓜市12、13号,118.773269,32.053783,江苏省,南京市,鼓楼区,
3937,南京师范大学随园校区学生宿舍4,商务住宅;住宅区;宿舍,宁海路122号南京师范大学随园校区(近五台山体育馆北门),118.76443,32.05382,江苏省,南京市,鼓楼区,
3938,青教教公寓,商务住宅;商务住宅相关;商务住宅相关,峨眉岭20号,118.770093,32.046283,江苏省,南京市,鼓楼区,
3939,文体新村,商务住宅;住宅区;住宅区,宁海路与广州路交叉口南50米,118.771499,32.0513,江苏省,南京市,鼓楼区,
3940,天润城六街区,商务住宅;住宅区;住宅区,京新路628号,118.771568,32.051188,江苏省,南京市,鼓楼区,
3941,拉萨路住宅,商务住宅;楼宇;商住两用楼宇|商务住宅;住宅区;住宅区,拉萨路,118.771244,32.04766,江苏省,南京市,鼓楼区,
3942,海苑大厦(广州路),商务住宅;住宅区;住宅小区,广州路99号,118.77836,32.049749,江苏省,南京市,鼓楼区,
3943,广州路社区(广州路),商务住宅;住宅区;住宅小区,广州路39号,118.77982,32.049439,江苏省,南京市,鼓楼区,
3944,豆菜桥22-2,商务住宅;住宅区;住宅区,豆菜桥22-2号,118.779991,32.04908,江苏省,南京市,鼓楼区,
3945,乐灵教育大厦,商务住宅;楼宇;商务写字楼,上海路40-1号,118.777947,32.048302,江苏省,南京市,鼓楼区,
3946,江苏科技大厦,商务住宅;楼宇;商务写字楼,广州路37号,118.780017,32.049764,江苏省,南京市,鼓楼区,
3947,豆菜桥6号小区,商务住宅;住宅区;住宅小区,豆菜桥与豆菜巷交叉口西100米,118.7794,32.04822,江苏省,南京市,鼓楼区,
3948,豆菜桥20号小区,商务住宅;住宅区;住宅小区,豆菜桥20号,118.780105,32.048679,江苏省,南京市,鼓楼区,
3949,广海大厦(广州路),商务住宅;楼宇;商务写字楼,广州路101号,118.777454,32.049749,江苏省,南京市,鼓楼区,
3950,五台东苑,商务住宅;住宅区;住宅小区,上海路36号(广州路),118.777878,32.04793,江苏省,南京市,鼓楼区,
3951,豆菜桥4号小区,商务住宅;住宅区;住宅小区,豆菜桥4号,118.780215,32.048196,江苏省,南京市,鼓楼区,
3952,金陵中学教师宿舍,商务住宅;住宅区;住宅小区,干河沿前街90号,118.780743,32.048846,江苏省,南京市,鼓楼区,
3953,豆菜桥小区,商务住宅;住宅区;住宅小区,豆菜桥23号附近,118.779648,32.047601,江苏省,南京市,鼓楼区,
3954,银城·五台花园,商务住宅;住宅区;住宅小区,上海路21号(南师大),118.77655,32.048683,江苏省,南京市,鼓楼区,
3955,大地大厦(华侨路),商务住宅;楼宇;商务写字楼,华侨路56号,118.778005,32.047085,江苏省,南京市,鼓楼区,
3956,随园,商务住宅;住宅区;住宅小区,青岛路,118.77724,32.051011,江苏省,南京市,鼓楼区,
3957,南京大学鼓楼校区外教公寓,商务住宅;住宅区;宿舍,汉口路22号南京大学鼓楼校区,118.780654,32.051095,江苏省,南京市,鼓楼区,
3958,鼓楼区华侨路街道五台山社区,商务住宅;住宅区;社区中心,上海路16号附近,118.776777,32.047452,江苏省,南京市,鼓楼区,
3959,青岛路2号小区,商务住宅;住宅区;住宅小区,青岛路2号,118.778801,32.051795,江苏省,南京市,鼓楼区,
3960,五台山1号,商务住宅;住宅区;住宅区,华侨路与永庆巷交叉口西北50米,118.776918,32.047011,江苏省,南京市,鼓楼区,
3961,丰汇大厦,商务住宅;楼宇;商住两用楼宇,五台山1,118.776827,32.047,江苏省,南京市,鼓楼区,
3962,八一公寓(华侨路),商务住宅;住宅区;住宅小区,华侨路81-1号,118.777776,32.046446,江苏省,南京市,鼓楼区,
3963,君临国际,商务住宅;楼宇;商住两用楼宇,广州路5号,118.782429,32.049683,江苏省,南京市,鼓楼区,
3964,亚子宿舍,商务住宅;住宅区;宿舍,华侨路28号附近,118.780864,32.046708,江苏省,南京市,鼓楼区,
3965,南京大学鼓楼校区陶园03舍,商务住宅;住宅区;宿舍,汉口路22号南京大学鼓楼校区,118.78185,32.051269,江苏省,南京市,鼓楼区,
3966,南京大学鼓楼校区陶园3舍,商务住宅;住宅区;宿舍,汉口路22号南京大学鼓楼校区陶园3舍,118.781822,32.051275,江苏省,南京市,鼓楼区,
3967,南京大学鼓楼校区宿舍区,商务住宅;住宅区;宿舍,汉口路9南京大学宿舍,118.780914,32.052083,江苏省,南京市,鼓楼区,
3968,春风大厦,商务住宅;楼宇;商务写字楼,华侨路37号,118.780328,32.046046,江苏省,南京市,鼓楼区,
3969,南京大学鼓楼校区陶园2舍,商务住宅;住宅区;宿舍,汉口路22号南京大学鼓楼校区陶园2舍,118.781799,32.051743,江苏省,南京市,鼓楼区,
3970,兰之堂,商务住宅;住宅区;住宅小区,慈悲社5-2,118.779326,32.045603,江苏省,南京市,鼓楼区,
3971,新兴大厦(华侨路),商务住宅;楼宇;商务写字楼,华侨路26-3号,118.782018,32.046529,江苏省,南京市,鼓楼区,
3972,华侨路二十六号小区,商务住宅;住宅区;住宅小区,华侨路26号-2,118.78191,32.046463,江苏省,南京市,鼓楼区,
3973,金蓝山商务中心,商务住宅;楼宇;商住两用楼宇,汉口路47号,118.779089,32.053284,江苏省,南京市,鼓楼区,
3974,银城大厦,商务住宅;楼宇;商务写字楼,上海路15号,118.77638,32.046059,江苏省,南京市,鼓楼区,
3975,汉口路小区,商务住宅;住宅区;住宅小区,汉口路47号,118.779076,32.053064,江苏省,南京市,鼓楼区,
3976,苏宁环球大厦,商务住宅;楼宇;商务写字楼,广州路188号,118.7749,32.05104,江苏省,南京市,鼓楼区,
3977,银海大厦(华侨路),商务住宅;楼宇;商务写字楼,华侨路29号,118.781683,32.046093,江苏省,南京市,鼓楼区,
3978,青岛路10号院,商务住宅;住宅区;住宅区,青岛路,118.77844,32.053141,江苏省,南京市,鼓楼区,
3979,易发信息大厦,商务住宅;楼宇;商务写字楼,华侨路街道中山路179号,118.783584,32.049791,江苏省,南京市,鼓楼区,
3980,南京大学鼓楼校区陶园南楼,商务住宅;住宅区;宿舍,小粉桥3-4临附近,118.782947,32.051447,江苏省,南京市,鼓楼区,
3981,慈悲社20号,商务住宅;住宅区;住宅区,华侨路与慈悲社交叉口南150米,118.780212,32.045312,江苏省,南京市,鼓楼区,
3982,南京大学鼓楼校区陶园1舍,商务住宅;住宅区;宿舍,汉口路22号南京大学鼓楼校区,118.782609,32.051901,江苏省,南京市,鼓楼区,
3983,龙世中心,商务住宅;楼宇;商务写字楼,广州路2号(近中山路),118.783678,32.05077,江苏省,南京市,鼓楼区,
3984,南京大学鼓楼校区17舍,商务住宅;住宅区;宿舍,小粉桥附近,118.782435,32.05232,江苏省,南京市,鼓楼区,
3985,中南国际大厦,商务住宅;楼宇;商务写字楼,中山路129号,118.783657,32.047406,江苏省,南京市,鼓楼区,
3986,五台山体育中心商务楼,商务住宅;楼宇;商务写字楼,五台山1-6号五台山,118.774381,32.046383,江苏省,南京市,鼓楼区,
3987,南京大学鼓楼校区7舍,商务住宅;住宅区;宿舍,汉口路22号,118.782401,32.052594,江苏省,南京市,鼓楼区,
3988,管家桥87号,商务住宅;住宅区;住宅区,华侨路与平家巷交叉口东南50米,118.78253,32.045916,江苏省,南京市,鼓楼区,
3989,南京大学鼓楼校区南园,商务住宅;住宅区;宿舍,汉口路22号南京大学鼓楼校区,118.782999,32.05215,江苏省,南京市,鼓楼区,
3990,平家巷小区,商务住宅;住宅区;住宅小区,平家巷与管家桥交叉口西100米,118.7819,32.045306,江苏省,南京市,鼓楼区,
3991,南京大学鼓楼校区南园21舍,商务住宅;住宅区;宿舍,汉口路22号南京大学鼓楼校区,118.779644,32.053203,江苏省,南京市,鼓楼区,
3992,上海路B2号院,商务住宅;住宅区;住宅区,上海路82号5室附近,118.775777,32.052336,江苏省,南京市,鼓楼区,
3993,南京大学鼓楼校区南园20舍,商务住宅;住宅区;宿舍,汉口路22号南京大学鼓楼校区,118.780312,32.053257,江苏省,南京市,鼓楼区,
3994,汉口路41号,商务住宅;住宅区;住宅区,汉口路47-1号附近,118.779349,32.053419,江苏省,南京市,鼓楼区,
3995,南京大学鼓楼校区南园2舍,商务住宅;住宅区;宿舍,汉口路22号南京大学鼓楼校区,118.781635,32.052805,江苏省,南京市,鼓楼区,
3996,中山路99号,商务住宅;楼宇;商务写字楼,秦淮中山路99号,118.783591,32.046851,江苏省,南京市,鼓楼区,
3997,慈悲社5号,商务住宅;住宅区;住宅区,大锏银巷与沈举人巷交叉口北150米,118.779318,32.044666,江苏省,南京市,鼓楼区,
3998,华荣大厦,商务住宅;楼宇;商务写字楼,管家桥87号,118.782482,32.04571,江苏省,南京市,鼓楼区,
3999,南京大学鼓楼校区南园1舍,商务住宅;住宅区;宿舍,汉口路22号南京大学鼓楼校区,118.781616,32.053166,江苏省,南京市,鼓楼区,
4000,汉口路73号小区,商务住宅;住宅区;住宅小区,汉口路73号,118.777868,32.053696,江苏省,南京市,鼓楼区,
4001,永庆村小区,商务住宅;住宅区;住宅小区,永庆巷南侧,118.775413,32.045646,江苏省,南京市,鼓楼区,
4002,南京大学鼓楼校区南园18舍,商务住宅;住宅区;宿舍,汉口路22号南京大学鼓楼校区,118.78132,32.053388,江苏省,南京市,鼓楼区,
4003,中山商务楼(小粉桥二八巷),商务住宅;楼宇;商务写字楼,中山路243号,118.783727,32.052407,江苏省,南京市,鼓楼区,
4004,管家桥85号,商务住宅;住宅区;住宅区,平家巷与管家桥交叉口西北50米,118.78248,32.045596,江苏省,南京市,鼓楼区,
4005,南京大学鼓楼校区南园6舍,商务住宅;住宅区;宿舍,汉口路22号南京大学鼓楼校区,118.7823,32.052941,江苏省,南京市,鼓楼区,
4006,南京大学鼓楼校区南园19舍,商务住宅;住宅区;宿舍,汉口路22号南京大学鼓楼校区,118.781237,32.053498,江苏省,南京市,鼓楼区,
4007,江苏水务楼,商务住宅;楼宇;商务写字楼,上海路9号,118.776242,32.044885,江苏省,南京市,鼓楼区,
4008,汉口路40号,商务住宅;住宅区;住宅小区,汉口路16号附近,118.779,32.053968,江苏省,南京市,鼓楼区,
4009,明华清园,商务住宅;住宅区;住宅小区,华侨路街道明华新村8号,118.780837,32.044633,江苏省,南京市,鼓楼区,
4010,江苏省五台山体育中心宿舍,商务住宅;住宅区;宿舍,五台山1-6号,118.774167,32.046392,江苏省,南京市,鼓楼区,
4011,华夏大厦,商务住宅;楼宇;商务写字楼,新街口中山路81号,118.783554,32.046309,江苏省,南京市,鼓楼区,
4012,南京大学鼓楼校区南园5舍,商务住宅;住宅区;宿舍,汉口路南京大学鼓楼校区,118.782251,32.053275,江苏省,南京市,鼓楼区,
4013,江苏水利大厦,商务住宅;楼宇;商务写字楼,上海路5号,118.776281,32.044721,江苏省,南京市,鼓楼区,
4014,名人花园,商务住宅;住宅区;住宅小区,汉口路48号,118.777527,32.054155,江苏省,南京市,鼓楼区,
4015,原楼桐荪寓所,商务住宅;住宅区;住宅区,上海路88号,118.774991,32.053074,江苏省,南京市,鼓楼区,
4016,汉口路48号,商务住宅;住宅区;住宅小区,汉口路46号附近,118.777656,32.054173,江苏省,南京市,鼓楼区,
4017,梅花新村,商务住宅;住宅区;住宅小区,管家桥85号,118.782554,32.044981,江苏省,南京市,鼓楼区,
4018,南京大学鼓楼校区外国语学院国际项目学生公寓,商务住宅;住宅区;宿舍,汉口路81号,118.77651,32.054015,江苏省,南京市,鼓楼区,
4019,管家桥65号,商务住宅;住宅区;住宅区,管家桥69号附近,118.782468,32.044841,江苏省,南京市,鼓楼区,
4020,上海路新村小区,商务住宅;住宅区;住宅小区,上海路100号,118.77497,32.053469,江苏省,南京市,鼓楼区,
4021,明华新村,商务住宅;住宅区;住宅小区,平家巷8号,118.781961,32.044362,江苏省,南京市,鼓楼区,
4022,上海路上海新村10号小区,商务住宅;住宅区;住宅小区,上海路与北东瓜市交叉口东北150米,118.775281,32.053741,江苏省,南京市,鼓楼区,
4023,南京大学鼓楼校区宿舍,商务住宅;住宅区;宿舍,汉口路22号南京大学鼓楼校区,118.775835,32.054079,江苏省,南京市,鼓楼区,
4024,管家桥63号,商务住宅;住宅区;住宅区,延安路与管家桥交叉口西北50米,118.782394,32.044352,江苏省,南京市,鼓楼区,
4025,新世界中心,商务住宅;楼宇;商住两用楼宇,珠江路88号,118.788323,32.049448,江苏省,南京市,玄武区,
4026,北门桥路高层住宅小区,商务住宅;住宅区;住宅小区,北门桥路10号,118.788311,32.048622,江苏省,南京市,玄武区,
4027,希望商务中心,商务住宅;楼宇;商务写字楼,珠江路191号,118.788423,32.050134,江苏省,南京市,玄武区,
4028,长发科技大厦,商务住宅;楼宇;商务写字楼,珠江路222号,118.789827,32.049273,江苏省,南京市,玄武区,
4029,长发数码大厦,商务住宅;楼宇;商务写字楼,洪武北路188号,118.789743,32.048817,江苏省,南京市,玄武区,
4030,望江商务,商务住宅;楼宇;商务写字楼,珠江路110号,118.787844,32.049802,江苏省,南京市,玄武区,
4031,潮步国际,商务住宅;商务住宅相关;商务住宅相关,珠江路88号新世界中心B座2103(1号线珠江路地铁站),118.78801,32.049481,江苏省,南京市,玄武区,
4032,珠江路小区,商务住宅;住宅区;住宅小区,珠江路219-231号,118.78911,32.050305,江苏省,南京市,玄武区,
4033,绿光国际,商务住宅;商务住宅相关;商务住宅相关,珠江路88号新世界中心B座北厅27层,118.787629,32.04926,江苏省,南京市,玄武区,
4034,香榭美旗,商务住宅;商务住宅相关;商务住宅相关,珠江路88号新世界百货南京店F1层,118.788513,32.049469,江苏省,南京市,玄武区,
4035,新动互助中心,商务住宅;商务住宅相关;商务住宅相关,珠江路88号新世界中心B座33层,118.78763,32.049255,江苏省,南京市,玄武区,
4036,北门桥小区,商务住宅;住宅区;住宅小区,北门桥8号(公交车站),118.788278,32.047837,江苏省,南京市,玄武区,
4037,佳汇大厦,商务住宅;楼宇;商务写字楼,珠江路185号,118.787575,32.05024,江苏省,南京市,玄武区,
4038,北门桥路3号小区,商务住宅;住宅区;住宅小区,北门桥路3号,118.787997,32.047805,江苏省,南京市,玄武区,
4039,鱼市街小区,商务住宅;住宅区;住宅小区,鱼市街2-21号,118.78817,32.050717,江苏省,南京市,玄武区,
4040,红庙小区,商务住宅;住宅区;住宅小区,珠江路洪武北路安将军巷10号,118.790365,32.048021,江苏省,南京市,玄武区,
4041,北门桥路1号小区,商务住宅;住宅区;住宅小区,北门桥路1号,118.788646,32.04754,江苏省,南京市,玄武区,
4042,新月大厦(珠江路),商务住宅;楼宇;商务写字楼,珠江路48号,118.78698,32.049831,江苏省,南京市,玄武区,
4043,香港13座,商务住宅;商务住宅相关;商务住宅相关,新街口洪武北路137号,118.788921,32.04738,江苏省,南京市,玄武区,
4044,居安里,商务住宅;住宅区;住宅小区,进香河路,118.789273,32.051126,江苏省,南京市,玄武区,
4045,汇文里(汇文里),商务住宅;住宅区;住宅小区,北门桥路15号,118.78679,32.048763,江苏省,南京市,玄武区,
4046,进香河9号,商务住宅;住宅区;住宅区,进香河路9-109号附近,118.78953,32.051076,江苏省,南京市,玄武区,
4047,小纱帽巷小区,商务住宅;住宅区;住宅小区,珠江路小纱帽巷3号,118.791212,32.050081,江苏省,南京市,玄武区,
4048,长江花园,商务住宅;住宅区;住宅小区,长江路估衣廊西片,118.78673,32.047963,江苏省,南京市,玄武区,
4049,环保大楼(珠江路),商务住宅;楼宇;商务写字楼,珠江路260号环保大楼3层309室,118.791659,32.049044,江苏省,南京市,玄武区,
4050,通贤桥6号,商务住宅;住宅区;住宅区,观音阁与鸡鹅巷交叉口东北50米,118.791702,32.048488,江苏省,南京市,玄武区,
4051,华利国际大厦,商务住宅;楼宇;商务写字楼,珠江路67号,118.786499,32.050639,江苏省,南京市,玄武区,
4052,进香河路29号小区,商务住宅;住宅区;住宅小区,进香河路29号,118.789516,32.051699,江苏省,南京市,玄武区,
4053,大纱帽巷40号,商务住宅;住宅区;住宅区,珠江路大纱帽巷40号1幢403室,118.79174,32.050311,江苏省,南京市,玄武区,
4054,求雨居,商务住宅;商务住宅相关;商务住宅相关,珠江路5号,118.786317,32.050605,江苏省,南京市,玄武区,
4055,木马公寓,商务住宅;住宅区;住宅小区,鱼市街56号木马公寓C幢(近珠江路地铁站),118.78765,32.051637,江苏省,南京市,玄武区,
4056,香铺营小区,商务住宅;住宅区;住宅小区,安将军巷(公交车站),118.790106,32.046752,江苏省,南京市,玄武区,
4057,同仁电讯,商务住宅;楼宇;商务写字楼,鱼市街57号,118.786956,32.051302,江苏省,南京市,玄武区,
4058,陆家里13号,商务住宅;住宅区;住宅区,廊后街与陆家里交叉口西100米,118.786062,32.04813,江苏省,南京市,玄武区,
4059,新宁商务中心,商务住宅;楼宇;商务写字楼,杨将军巷46号,118.791337,32.046966,江苏省,南京市,玄武区,
4060,相府营小区,商务住宅;住宅区;住宅小区,珠江路网巾市安将军巷,118.789909,32.046619,江苏省,南京市,玄武区,
4061,估衣廊小区,商务住宅;住宅区;住宅小区,长江路估依廊,118.787277,32.046718,江苏省,南京市,玄武区,
4062,汇文里保洁员公寓,商务住宅;住宅区;宿舍,汇文里14号,118.785696,32.049467,江苏省,南京市,玄武区,
4063,观音阁,商务住宅;住宅区;住宅小区,珠江路观音阁,118.791775,32.047801,江苏省,南京市,玄武区,
4064,南京交通大厦,商务住宅;楼宇;商务写字楼,珠江路63-1号,118.786011,32.050636,江苏省,南京市,玄武区,
4065,珠江大厦,商务住宅;楼宇;商务写字楼,珠江路280号,118.792314,32.048861,江苏省,南京市,玄武区,
4066,同仁新寓,商务住宅;住宅区;住宅小区,珠江路鱼市街57号,118.786862,32.051664,江苏省,南京市,玄武区,
4067,卫巷2号院,商务住宅;住宅区;住宅区,老虎桥与进香河路交叉口西北50米,118.789963,32.052073,江苏省,南京市,玄武区,
4068,越时空通讯广场北区,商务住宅;商务住宅相关;商务住宅相关,鱼市街60号,118.78763,32.052004,江苏省,南京市,玄武区,
4069,苏苑大厦,商务住宅;楼宇;商住两用楼宇,洪武北路121号苏苑大厦内(近长江路),118.788465,32.046031,江苏省,南京市,玄武区,
4070,鸡鹅巷小区,商务住宅;住宅区;住宅小区,珠江路(新街口),118.79258,32.048362,江苏省,南京市,玄武区,
4071,长江花园南区,商务住宅;住宅区;住宅小区,估衣廊,118.786394,32.046789,江苏省,南京市,玄武区,
4072,老虎桥小区,商务住宅;住宅区;住宅小区,丹凤街(珠江路),118.791078,32.052053,江苏省,南京市,玄武区,
4073,创盛大厦,商务住宅;楼宇;商务写字楼,鱼市街59-1号,118.786834,32.051983,江苏省,南京市,玄武区,
4074,中山大厦(东门),商务住宅;商务住宅相关;商务住宅相关,珠江路2、4号,118.785179,32.050063,江苏省,南京市,玄武区,
4075,老虎桥18号,商务住宅;住宅区;住宅区,小纱帽巷与老虎桥交叉口南100米,118.79186,32.051273,江苏省,南京市,玄武区,
4076,丹凤新寓,商务住宅;住宅区;住宅小区,进香河路31号,118.789401,32.052566,江苏省,南京市,玄武区,
4077,中盈福邸家园,商务住宅;住宅区;住宅小区,长江路90号,118.787161,32.046168,江苏省,南京市,玄武区,
4078,肚带营,商务住宅;住宅区;住宅小区,长江路与洪武路交叉口,118.789382,32.045675,江苏省,南京市,玄武区,
4079,凯润金城北区,商务住宅;住宅区;住宅小区,中山路151号,118.784951,32.047953,江苏省,南京市,玄武区,
4080,一枝园,商务住宅;住宅区;住宅小区|地名地址信息;交通地名;道路名,珠江路,118.792978,32.048038,江苏省,南京市,玄武区,
4081,苏武写字楼,商务住宅;楼宇;商务写字楼,中山路178号,118.784629,32.048551,江苏省,南京市,玄武区,
4082,网巾市小区,商务住宅;住宅区;住宅小区,网巾市8-1号-2楼,118.791402,32.046222,江苏省,南京市,玄武区,
4083,如意里(南3门),商务住宅;商务住宅相关;商务住宅相关,如意里28号附近,118.792578,32.047259,江苏省,南京市,玄武区,
4084,丹凤新寓东区,商务住宅;住宅区;住宅小区,进香河路31号,118.789292,32.052881,江苏省,南京市,玄武区,
4085,一枝园南区,商务住宅;住宅区;住宅小区,网巾市,118.792847,32.047537,江苏省,南京市,玄武区,
4086,一枝园北区,商务住宅;住宅区;住宅小区,一枝园18号,118.793159,32.04819,江苏省,南京市,玄武区,
4087,珠江壹号大厦,商务住宅;楼宇;商务写字楼,珠江路1号,118.784909,32.050815,江苏省,南京市,玄武区,
4088,进香河住宅,商务住宅;住宅区;住宅区,玄武丹凤街进香河路,118.790624,32.053088,江苏省,南京市,玄武区,
4089,银鸿商务中心A座,商务住宅;楼宇;商务写字楼,珠江路350号,118.793789,32.048707,江苏省,南京市,玄武区,
4090,大纱帽巷38号大院,商务住宅;住宅区;住宅小区,大纱帽巷38号,118.793319,32.050322,江苏省,南京市,玄武区,
4091,香居美苑(进香河路),商务住宅;住宅区;住宅小区,珠江路进香河31号,118.789942,32.053011,江苏省,南京市,玄武区,
4092,将军巷39号院,商务住宅;住宅区;住宅区,将军巷39号,118.792945,32.051112,江苏省,南京市,玄武区,
4093,老虎桥32号小区,商务住宅;住宅区;住宅小区,老虎桥32号,118.791999,32.052209,江苏省,南京市,玄武区,
4094,相府吉邸,商务住宅;住宅区;住宅小区,网巾市11号,118.790251,32.045391,江苏省,南京市,玄武区,
4095,国信大厦,商务住宅;楼宇;商务写字楼,长江路88号,118.786626,32.045707,江苏省,南京市,玄武区,
4096,石婆婆庵小区,商务住宅;住宅区;住宅小区,长江路与珠江路交汇处(新街口),118.791222,32.045673,江苏省,南京市,玄武区,
4097,石婆婆庵18号,商务住宅;住宅区;住宅区,玄武网巾市石婆婆庵18号,118.792259,32.046292,江苏省,南京市,玄武区,
4098,唱经楼西街3、5、7号小区,商务住宅;住宅区;住宅小区,唱经楼西街3、5、7号,118.786558,32.052787,江苏省,南京市,玄武区,
4099,丹凤新寓西区,商务住宅;住宅区;住宅小区,大石桥街59号,118.787803,32.053188,江苏省,南京市,玄武区,
4100,凯润金城南区,商务住宅;住宅区;住宅小区,中山路122号,118.785133,32.046685,江苏省,南京市,玄武区,
4101,唱经楼小区,商务住宅;住宅区;住宅小区,唱经楼西街3-7号,118.786472,32.05292,江苏省,南京市,玄武区,
4102,凯润5号,商务住宅;楼宇;商务写字楼,中山路132号,118.784337,32.047915,江苏省,南京市,玄武区,
4103,新街口政务大厦-南楼,商务住宅;楼宇;商务写字楼,大石桥街19号附近,118.78927,32.053423,江苏省,南京市,玄武区,
4104,如意里南区,商务住宅;住宅区;住宅区,珠江路如意里,118.793146,32.046891,江苏省,南京市,玄武区,
4105,石婆婆庵12号,商务住宅;住宅区;住宅区,网巾市8-2号附近,118.791927,32.045779,江苏省,南京市,玄武区,
4106,如意里(如意里),商务住宅;住宅区;住宅小区,如意里5号,118.793375,32.047154,江苏省,南京市,玄武区,
4107,吉兆花园,商务住宅;住宅区;住宅小区,唱经楼西街59号(电视台),118.785725,32.052673,江苏省,南京市,玄武区,
4108,东南大学-后勤服务集团物业管理中心学府一舍,商务住宅;住宅区;住宅小区,大石桥街17号,118.790047,32.053517,江苏省,南京市,玄武区,
4109,新街口政务大厦,商务住宅;楼宇;商务写字楼,大石桥街19号,118.789104,32.053648,江苏省,南京市,玄武区,
4110,凯润金城,商务住宅;楼宇;商住两用楼宇,长江路2号,118.785205,32.046086,江苏省,南京市,玄武区,
4111,地铁大厦,商务住宅;楼宇;商务写字楼,中山路228号,118.784567,32.051829,江苏省,南京市,玄武区,
4112,双井巷九号小区,商务住宅;住宅区;住宅小区,双井巷9号,118.793521,32.051526,江苏省,南京市,玄武区,
4113,新街口政务大厦-北楼,商务住宅;楼宇;商务写字楼,大石桥街与新安里交叉口西南50米,118.788929,32.053823,江苏省,南京市,玄武区,
4114,蓁巷小区,商务住宅;住宅区;住宅小区,蓁巷1号,118.792985,32.052349,江苏省,南京市,玄武区,
4115,新安里9号,商务住宅;住宅区;住宅区,大石桥街与新安里交叉口西50米,118.788562,32.053776,江苏省,南京市,玄武区,
4116,四牌楼61号,商务住宅;住宅区;住宅区,四牌楼68号附近,118.792678,32.052617,江苏省,南京市,玄武区,
4117,德基大厦,商务住宅;楼宇;商务写字楼,长江路188号,118.790265,32.044715,江苏省,南京市,玄武区,
4118,虹飞大厦,商务住宅;楼宇;商务写字楼,大石桥街29号,118.787848,32.05377,江苏省,南京市,玄武区,
4119,保险大厦(北门),商务住宅;商务住宅相关;商务住宅相关,长江路69号,118.78627,32.045151,江苏省,南京市,玄武区,
4120,洛克·时代,商务住宅;商务住宅相关;商务住宅相关,长江路188号德基大厦26层26A-C,118.790469,32.04471,江苏省,南京市,玄武区,
4121,天创大厦,商务住宅;楼宇;商务写字楼,丹凤街都司巷1号,118.786991,32.053639,江苏省,南京市,玄武区,
4122,丹凤新寓西区(北门),商务住宅;商务住宅相关;商务住宅相关,大石桥街25号附近,118.788357,32.053924,江苏省,南京市,玄武区,
4123,艾尚天地(西门),商务住宅;商务住宅相关;商务住宅相关,中山路100号ist艾尚天地购物中心F1,118.78467,32.046141,江苏省,南京市,玄武区,
4124,长江贸易大楼,商务住宅;楼宇;商务写字楼,长江路99号,118.786798,32.044746,江苏省,南京市,玄武区,
4125,进香河路22号5楼,商务住宅;住宅区;住宅区,老虎桥324幢附近,118.79215,32.053183,江苏省,南京市,玄武区,
4126,花红园社区休闲苑,商务住宅;住宅区;住宅小区,花红园29号,118.799608,32.049199,江苏省,南京市,玄武区,
4127,花红园35号小区,商务住宅;住宅区;住宅小区,珠江路511号,118.799584,32.049479,江苏省,南京市,玄武区,
4128,文德里小区,商务住宅;住宅区;住宅小区,文德里72号,118.798473,32.0497,江苏省,南京市,玄武区,
4129,文德里村,商务住宅;住宅区;住宅小区,文德里村20号,118.798182,32.049118,江苏省,南京市,玄武区,
4130,雄狮国际大厦,商务住宅;楼宇;商务写字楼,珠江路499号,118.798632,32.048458,江苏省,南京市,玄武区,
4131,华能城市花园,商务住宅;住宅区;住宅小区,文德里66号,118.797405,32.050023,江苏省,南京市,玄武区,
4132,高宏未来广场,商务住宅;楼宇;商务写字楼,珠江路438号(雄师商城对面),118.798085,32.047776,江苏省,南京市,玄武区,
4133,东方大厦(珠江路),商务住宅;楼宇;商务写字楼,珠江路523号,118.800241,32.047964,江苏省,南京市,玄武区,
4134,未来城,商务住宅;楼宇;商务写字楼,珠江路588号,118.797849,32.047824,江苏省,南京市,玄武区,
4135,花红园,商务住宅;住宅区;住宅小区,花红园163号,118.797769,32.050662,江苏省,南京市,玄武区,
4136,华海大厦(太平北路),商务住宅;楼宇;商务写字楼,太平北路104号,118.796858,32.049082,江苏省,南京市,玄武区,
4137,华海3C广场,商务住宅;楼宇;商务写字楼,珠江路435号,118.796943,32.048596,江苏省,南京市,玄武区,
4138,杨家胡同85号,商务住宅;住宅区;住宅区,杨家胡同87号2栋附近,118.800876,32.048516,江苏省,南京市,玄武区,
4139,四牌楼商务中心,商务住宅;楼宇;商务写字楼,太平北路114号,118.796734,32.050131,江苏省,南京市,玄武区,
4140,华海大厦办公区,商务住宅;楼宇;商务写字楼,珠江路435号华海大厦1层,118.79653,32.04886,江苏省,南京市,玄武区,
4141,西大影壁,商务住宅;住宅区;住宅小区,珠江路575号,118.801337,32.048021,江苏省,南京市,玄武区,
4142,演武厅1号大院,商务住宅;住宅区;住宅小区,演武厅1号,118.800253,32.051302,江苏省,南京市,玄武区,
4143,红旗新村,商务住宅;住宅区;住宅小区,珠江路,118.799924,32.051632,江苏省,南京市,玄武区,
4144,太平桥南小区北区,商务住宅;住宅区;住宅小区,珠江路,118.799641,32.046719,江苏省,南京市,玄武区,
4145,长江后街5号小区,商务住宅;住宅区;住宅小区,长江后街5号,118.79722,32.047012,江苏省,南京市,玄武区,
4146,凤凰座商务写字楼,商务住宅;楼宇;商务写字楼,太平北路80号,118.796286,32.047269,江苏省,南京市,玄武区,
4147,长城大厦(太平北路),商务住宅;楼宇;商务写字楼,太平北路80号-5楼-7楼,118.796344,32.047499,江苏省,南京市,玄武区,
4148,长城大厦管理办公室,商务住宅;楼宇;楼宇相关,太平北路84号附近,118.796222,32.047537,江苏省,南京市,玄武区,
4149,成贤大厦,商务住宅;楼宇;商务写字楼,珠江路成贤街50号星汉成贤大厦,118.79559,32.049898,江苏省,南京市,玄武区,
4150,太平商务大厦,商务住宅;楼宇;商务写字楼,太平北路51号,118.795429,32.047731,江苏省,南京市,玄武区,
4151,谷阳世纪大厦,商务住宅;楼宇;商务写字楼,珠江路600号谷阳世纪大厦,118.80141,32.047025,江苏省,南京市,玄武区,
4152,太平北路122号小区,商务住宅;住宅区;住宅小区,太平北路122号,118.79776,32.052399,江苏省,南京市,玄武区,
4153,太平桥南小区,商务住宅;住宅区;住宅小区,玄武太平桥南35号,118.799179,32.045868,江苏省,南京市,玄武区,
4154,裕德里小区,商务住宅;住宅区;住宅小区,桥南15号附近,118.800457,32.045981,江苏省,南京市,玄武区,
4155,金桥·南京数码港,商务住宅;楼宇;商务写字楼,珠江路648号,118.802272,32.04708,江苏省,南京市,玄武区,
4156,东南大学四牌楼校区东住宅区,商务住宅;住宅区;宿舍,太平北路122号14幢附近,118.799325,32.05292,江苏省,南京市,玄武区,
4157,东南大学四牌楼校区文昌十舍,商务住宅;住宅区;宿舍,红旗新村附近,118.799393,32.052762,江苏省,南京市,玄武区,
4158,东大影壁小区,商务住宅;住宅区;住宅小区,珠江路603号,118.802775,32.047741,江苏省,南京市,玄武区,
4159,校东住宅区,商务住宅;住宅区;住宅小区,太平北路122号附近,118.797922,32.053107,江苏省,南京市,玄武区,
4160,东南大学四牌楼校区新九舍,商务住宅;住宅区;宿舍,红旗新村附近,118.799697,32.052849,江苏省,南京市,玄武区,
4161,太平北路43号小区,商务住宅;住宅区;住宅小区,太平北路43-1号,118.7953,32.047158,江苏省,南京市,玄武区,
4162,成贤公寓,商务住宅;住宅区;住宅小区,成贤街39号,118.794533,32.049694,江苏省,南京市,玄武区,
4163,竺桥新村,商务住宅;住宅区;住宅小区,珠江路,118.801806,32.046238,江苏省,南京市,玄武区,
4164,银鸿商务中心,商务住宅;楼宇;商务写字楼,珠江路350-362号,118.794056,32.048526,江苏省,南京市,玄武区,
4165,东南大学四牌楼校区-文昌十一舍,商务住宅;住宅区;宿舍,太平北路186号附近,118.798449,32.05309,江苏省,南京市,玄武区,
4166,天悦楼,商务住宅;楼宇;商务写字楼,东大影壁8-1号,118.803706,32.048322,江苏省,南京市,玄武区,
4167,东南大学成园研究生公寓,商务住宅;住宅区;宿舍,成贤街90号,118.796123,32.052431,江苏省,南京市,玄武区,
4168,珠江路650-652号小区,商务住宅;住宅区;住宅小区,珠江路650-652号,118.802786,32.046771,江苏省,南京市,玄武区,
4169,东南大学四牌楼校区-研究生宿舍,商务住宅;住宅区;宿舍,新街口街道成贤街90号,118.79616,32.052642,江苏省,南京市,玄武区,
4170,太平桥南9号,商务住宅;住宅区;住宅区,大悲巷与太平桥南交叉口西南50米,118.801719,32.045752,江苏省,南京市,玄武区,
4171,东南大学四牌楼校区文昌十二舍,商务住宅;住宅区;宿舍,太平北路128附近,118.798333,32.053467,江苏省,南京市,玄武区,
4172,总统府职员宿舍,商务住宅;住宅区;宿舍,长江路292号,118.797978,32.044985,江苏省,南京市,玄武区,
4173,商务楼,商务住宅;楼宇;商务写字楼,小营北路2-4号,118.80253,32.05304,江苏省,南京市,玄武区,
4174,东南大学四牌楼校区文昌十四舍,商务住宅;住宅区;宿舍,太平北路与文昌桥交叉口东150米,118.798412,32.053605,江苏省,南京市,玄武区,
4175,东南大学四牌楼校区文昌九舍,商务住宅;住宅区;宿舍,太平北路128号,118.798412,32.053605,江苏省,南京市,玄武区,
4176,沙塘园,商务住宅;住宅区;住宅小区,沙塘园9号,118.794278,32.05127,江苏省,南京市,玄武区,
4177,裕德里12号小区,商务住宅;住宅区;住宅小区,裕德里12号,118.800873,32.044872,江苏省,南京市,玄武区,
4178,文昌桥小区,商务住宅;住宅区;住宅小区,玄武成贤街文昌桥,118.79641,32.053441,江苏省,南京市,玄武区,
4179,东箭道小区-29号院,商务住宅;住宅区;住宅区,东箭道东50米,118.799219,32.04444,江苏省,南京市,玄武区,
4180,卓越大厦(珠江路),商务住宅;楼宇;商务写字楼,珠江路与龙蟠中路的交界处,118.803849,32.046785,江苏省,南京市,玄武区,
4181,东南大学四牌楼校区新六舍,商务住宅;住宅区;宿舍,兰园附近,118.7985,32.054022,江苏省,南京市,玄武区,
4182,成贤街社区,商务住宅;住宅区;住宅小区,成贤街92号,118.796106,32.053443,江苏省,南京市,玄武区,
4183,重庆新村,商务住宅;住宅区;住宅小区,太平桥南与桃源新村交叉口东北50米,118.80336,32.045973,江苏省,南京市,玄武区,
4184,兰园28号小区,商务住宅;住宅区;住宅小区,兰园28号,118.800465,32.053997,江苏省,南京市,玄武区,
4185,桃源新村,商务住宅;住宅区;住宅小区,珠江路桃源新村57号,118.803362,32.045207,江苏省,南京市,玄武区,
4186,南空综合楼,商务住宅;商务住宅相关;商务住宅相关,小营北路1-2号,118.803361,32.053266,江苏省,南京市,玄武区,
4187,高宏未来城广场A座,商务住宅;商务住宅相关;商务住宅相关,珠江路588号,118.798617,32.047655,江苏省,南京市,玄武区,
4188,民国印象桃源行馆公寓,商务住宅;商务住宅相关;商务住宅相关,桃源新村5号,118.803276,32.044807,江苏省,南京市,玄武区,
4189,珠江路511号院(北门),商务住宅;商务住宅相关;商务住宅相关,珠江路与花红园交叉口北100米,118.799199,32.048609,江苏省,南京市,玄武区,
4190,珠江路511号院(东门),商务住宅;商务住宅相关;商务住宅相关,徐家巷与珠江路交叉口北100米,118.79988,32.04838,江苏省,南京市,玄武区,
4191,装备部车队家属楼,商务住宅;住宅区;住宅小区,黄埔路3号,118.806874,32.047477,江苏省,南京市,玄武区,
4192,东来商务中心,商务住宅;楼宇;商务写字楼,龙蟠中路30号,118.808621,32.05236,江苏省,南京市,玄武区,
4193,东鼎大厦,商务住宅;楼宇;商务写字楼,珠江路699号,118.80717,32.045823,江苏省,南京市,玄武区,
4194,长城楼,商务住宅;楼宇;商务写字楼,东大影壁47号,118.804283,32.048791,江苏省,南京市,玄武区,
4195,东大影壁51号,商务住宅;住宅区;住宅区,东大影壁51-1号附近,118.804678,32.050594,江苏省,南京市,玄武区,
4196,百仕园,商务住宅;住宅区;住宅小区,龙蟠中路37号,118.806361,32.052558,江苏省,南京市,玄武区,
4197,东大影壁23号,商务住宅;住宅区;住宅区,东大影壁23-1号附近,118.804891,32.051302,江苏省,南京市,玄武区,
4198,龙蟠中路27号楼,商务住宅;楼宇;商务写字楼,内环东线27附近,118.807344,32.053064,江苏省,南京市,玄武区,
4199,东大楼,商务住宅;楼宇;商务写字楼,东大影壁12号,118.803959,32.049329,江苏省,南京市,玄武区,
4200,东大影壁7号,商务住宅;住宅区;住宅区,东大影壁43号附近,118.804156,32.048695,江苏省,南京市,玄武区,
4201,东大影壁16号,商务住宅;住宅区;住宅区,东大影壁16-1号附近,118.804208,32.050146,江苏省,南京市,玄武区,
4202,东大影壁14号,商务住宅;住宅区;住宅区,东大影壁14-1号附近,118.804076,32.049641,江苏省,南京市,玄武区,
4203,珠江路700-1小区(地质大厦西北),商务住宅;住宅区;住宅小区,珠江路700-1号,118.807408,32.045223,江苏省,南京市,玄武区,
4204,东大影壁12号,商务住宅;住宅区;住宅区,东大影壁12-4号附近,118.803956,32.049152,江苏省,南京市,玄武区,
4205,东大影壁55号,商务住宅;住宅区;住宅区,东大影壁58-1号附近,118.804634,32.05183,江苏省,南京市,玄武区,
4206,东大影壁58号,商务住宅;住宅区;住宅区,东大影壁与荷包套交叉口南50米,118.80521,32.052464,江苏省,南京市,玄武区,
4207,东来科技大厦,商务住宅;楼宇;商务写字楼,珠江路609号605室,118.803937,32.04733,江苏省,南京市,玄武区,
4208,发展大厦,商务住宅;楼宇;商务写字楼,珠江路696号,118.804504,32.046293,江苏省,南京市,玄武区,
4209,地质大厦(珠江路),商务住宅;楼宇;商务写字楼,珠江路700号,118.80723,32.044658,江苏省,南京市,玄武区,
4210,竺桥小区,商务住宅;住宅区;住宅小区,竺桥8号,118.804602,32.045694,江苏省,南京市,玄武区,
4211,黄埔路4号小区,商务住宅;住宅区;住宅小区,后宰门黄浦路4号小区,118.812424,32.04482,江苏省,南京市,玄武区,
4212,竺桥14号小区,商务住宅;住宅区;住宅小区,珠江路竺桥16号,118.803942,32.045867,江苏省,南京市,玄武区,
4213,雍园41号小区,商务住宅;住宅区;住宅小区,雍园41号,118.804295,32.044925,江苏省,南京市,玄武区,
4214,中国人民保险大厦,商务住宅;商务住宅相关;商务住宅相关,龙蟠中路69号3层,118.806933,32.052616,江苏省,南京市,玄武区,
4215,佛心桥44号,商务住宅;住宅区;住宅区,北安门街5号附近,118.81957,32.049405,江苏省,南京市,玄武区,
4216,城开御园,商务住宅;住宅区;住宅小区,北安门街佛心桥8号,118.817749,32.049646,江苏省,南京市,玄武区,
4217,佛心桥46号,商务住宅;住宅区;住宅区,富贵巷6号,118.820316,32.049069,江苏省,南京市,玄武区,
4218,后宰门西村43号院,商务住宅;住宅区;住宅小区,香林寺路后宰门西村43号,118.817934,32.04836,江苏省,南京市,玄武区,
4219,富贵山小区,商务住宅;住宅区;住宅小区,北安门街与富贵巷交叉口东北150米,118.820084,32.050137,江苏省,南京市,玄武区,
4220,佛心桥小区(北安门街),商务住宅;住宅区;住宅小区,佛心桥42号,118.818934,32.050805,江苏省,南京市,玄武区,
4221,佛心桥40号,商务住宅;住宅区;住宅区,玄武佛心桥40号,118.818444,32.050844,江苏省,南京市,玄武区,
4222,后宰门村43号,商务住宅;住宅区;住宅小区,香林寺路东50米,118.8171,32.04834,江苏省,南京市,玄武区,
4223,佛心桥47 48 49 50 51 52 53号,商务住宅;住宅区;住宅区,后半山园与富贵巷交叉口西北100米,118.821119,32.049969,江苏省,南京市,玄武区,
4224,佛心桥48号,商务住宅;住宅区;住宅区,后半山园附近,118.821264,32.049857,江苏省,南京市,玄武区,
4225,后宰门西村,商务住宅;住宅区;住宅小区,后宰门西村74号,118.818256,32.047131,江苏省,南京市,玄武区,
4226,富贵山3号小区,商务住宅;住宅区;住宅区,北安门街与富贵山路交叉口西南150米,118.81878,32.05137,江苏省,南京市,玄武区,
4227,佛心桥52号,商务住宅;住宅区;住宅区,后半山园附近,118.821588,32.0499,江苏省,南京市,玄武区,
4228,金陵石化公寓,商务住宅;住宅区;住宅小区,后宰门东村76号,118.821662,32.048733,江苏省,南京市,玄武区,
4229,佛心桥49号,商务住宅;住宅区;住宅区,后半山园19号附近,118.821551,32.050386,江苏省,南京市,玄武区,
4230,南京城市职业学院玄武分校生活区,商务住宅;住宅区;宿舍,后小巷与民福巷交叉口西南50米,118.819992,32.046741,江苏省,南京市,玄武区,
4231,富贵山6号,商务住宅;住宅区;住宅小区,北安门街与富贵山路交叉口东南200米,118.821203,32.051256,江苏省,南京市,玄武区,
4232,馨园,商务住宅;住宅区;住宅小区,富贵巷18号,118.822176,32.050027,江苏省,南京市,玄武区,
4233,富贵山4号,商务住宅;住宅区;住宅区,北安门街与富贵山路交叉口东南150米,118.820633,32.051972,江苏省,南京市,玄武区,
4234,佛心桥50号,商务住宅;住宅区;住宅区,后半山园17号附近,118.82235,32.050479,江苏省,南京市,玄武区,
4235,富贵山庄,商务住宅;住宅区;住宅小区,后宰门富贵山路,118.821803,32.051303,江苏省,南京市,玄武区,
4236,后半山园1号,商务住宅;住宅区;住宅区,后半山园与富贵巷交叉口东150米,118.82267,32.049685,江苏省,南京市,玄武区,
4237,富贵山2号,商务住宅;住宅区;住宅区,北安门街与富贵山路交叉口西50米,118.819227,32.052498,江苏省,南京市,玄武区,
4238,佛心桥51号,商务住宅;住宅区;住宅区,后半山园11号附近,118.822679,32.050416,江苏省,南京市,玄武区,
4239,富贵山10号,商务住宅;住宅区;住宅区,农场巷10-3号附近,118.819076,32.052614,江苏省,南京市,玄武区,
4240,后宰门东村,商务住宅;住宅区;住宅小区,后宰门东村84号,118.822907,32.048341,江苏省,南京市,玄武区,
4241,北安门社区,商务住宅;住宅区;住宅小区,后宰门街与后小巷交叉口西北100米,118.819812,32.045622,江苏省,南京市,玄武区,
4242,富贵山25号,商务住宅;住宅区;住宅区,北安门街与富贵山路交叉口东150米,118.821243,32.052346,江苏省,南京市,玄武区,
4243,富贵山8号,商务住宅;住宅区;住宅区,富贵山路东100米,118.822419,32.051493,江苏省,南京市,玄武区,
4244,后宰门西村小区,商务住宅;住宅区;住宅小区,后宰门东村84号,118.821116,32.045955,江苏省,南京市,玄武区,
4245,后宰门4号,商务住宅;住宅区;住宅区,后小巷与民福巷交叉口东北50米,118.822222,32.046637,江苏省,南京市,玄武区,
4246,富贵山27号,商务住宅;住宅区;住宅区,富贵山路北50米,118.822068,32.052349,江苏省,南京市,玄武区,
4247,富贵山9号,商务住宅;住宅区;住宅区,后半山园9号附近,118.823327,32.051126,江苏省,南京市,玄武区,
4248,清溪村小区,商务住宅;住宅区;住宅小区,后小巷与民福巷交叉口东150米,118.823416,32.047038,江苏省,南京市,玄武区,
4249,后宰门街32号小区,商务住宅;住宅区;住宅小区,后宰门街32号,118.82297,32.045696,江苏省,南京市,玄武区,
4250,清溪大厦,商务住宅;住宅区;住宅小区,后宰门街19号,118.822056,32.044814,江苏省,南京市,玄武区,
4251,后宰门街小区,商务住宅;住宅区;住宅小区,后宰门街36号,118.822694,32.045121,江苏省,南京市,玄武区,
4252,清溪路5号小区,商务住宅;住宅区;住宅小区,清溪路5号,118.823433,32.044569,江苏省,南京市,玄武区,
4253,富贵山(东门),商务住宅;商务住宅相关;商务住宅相关,富贵山小区,118.822524,32.050721,江苏省,南京市,玄武区,
4254,南京市蔬菜副食品集团有限公司第二分公司综合楼,商务住宅;楼宇;商务写字楼,佛心桥44号,118.819574,32.049063,江苏省,南京市,玄武区,
4255,熊猫集团家属区,商务住宅;商务住宅相关;商务住宅相关,清溪路5号,118.823367,32.044372,江苏省,南京市,玄武区,
4256,富贵园公寓,商务住宅;住宅区;住宅小区,后半山园3号,118.824327,32.050686,江苏省,南京市,玄武区,
4257,后半山园小区,商务住宅;住宅区;住宅小区,后宰门富贵山路,118.825306,32.051052,江苏省,南京市,玄武区,
4258,后半山园3号,商务住宅;住宅区;住宅区,后半山园3号3幢附近,118.824722,32.050685,江苏省,南京市,玄武区,
4259,德基紫金山庄,商务住宅;住宅区;别墅,中山陵6号,118.856303,32.047629,江苏省,南京市,玄武区,
4260,南京体育学院运动员公寓,商务住宅;住宅区;宿舍,奥运冠军大道,118.869316,32.045341,江苏省,南京市,玄武区,
4261,东景花园,商务住宅;住宅区;住宅小区,孝陵卫钟灵街五棵松128号,118.879293,32.044669,江苏省,南京市,栖霞区,
4262,五棵松48号,商务住宅;住宅区;住宅区,G42连接线与G42连接线出口交叉口东南200米,118.881784,32.046624,江苏省,南京市,栖霞区,
4263,钟山卫府,商务住宅;住宅区;住宅小区,中山门大街柳营99号3幢,118.875909,32.044385,江苏省,南京市,玄武区,
4264,马群街97号小区,商务住宅;住宅区;住宅小区,马群街97号,118.88743,32.048751,江苏省,南京市,栖霞区,
4265,紫园,商务住宅;住宅区;住宅小区,环陵路99号,118.888953,32.051599,江苏省,南京市,栖霞区,
4266,钟山职业技术学院学生公寓10,商务住宅;住宅区;宿舍,马群路169号钟山职业技术学院,118.888408,32.0468,江苏省,南京市,栖霞区,
4267,学生公寓10区,商务住宅;住宅区;宿舍,钟牛路东150米,118.888523,32.046783,江苏省,南京市,栖霞区,
4268,钟山职业技术学院学生公寓9,商务住宅;住宅区;宿舍,马群路169号钟山职业技术学院,118.888806,32.046687,江苏省,南京市,栖霞区,
4269,钟山职业技术学院学生公寓4区,商务住宅;住宅区;宿舍,马群路169号钟山职业技术学院,118.888821,32.046477,江苏省,南京市,栖霞区,
4270,钟山职业技术学院学生公寓12区,商务住宅;住宅区;宿舍,马群路169号,118.888454,32.046499,江苏省,南京市,栖霞区,
4271,军总东苑,商务住宅;住宅区;住宅小区,五棵松44号,118.886091,32.046966,江苏省,南京市,栖霞区,
4272,钟山职业技术学院教师公寓1区,商务住宅;住宅区;宿舍,马群街169号,118.888042,32.045924,江苏省,南京市,栖霞区,
4273,钟山职业技术学院教师公寓2区,商务住宅;住宅区;宿舍,马群街169号,118.888042,32.045924,江苏省,南京市,栖霞区,
4274,紫金佳苑(中山门大街),商务住宅;住宅区;住宅小区,中山门大街506号,118.88523,32.047597,江苏省,南京市,栖霞区,
4275,钟山职业技术学院学生公寓7,商务住宅;住宅区;宿舍,钟山学院马群校区学生公寓7栋,118.889922,32.045687,江苏省,南京市,栖霞区,
4276,马群99号小区,商务住宅;住宅区;住宅小区,栖霞马群街99号,118.891477,32.046228,江苏省,南京市,栖霞区,
4277,钟山职业技术学院学生公寓6,商务住宅;住宅区;宿舍,钟山学院马群校区学生公寓6栋,118.889922,32.045428,江苏省,南京市,栖霞区,
4278,钟山职业技术学院学生公寓5,商务住宅;住宅区;宿舍,钟山学院马群校区学生公寓5栋,118.889937,32.045194,江苏省,南京市,栖霞区,
4279,复地·御钟山(陶家营街),商务住宅;住宅区;住宅小区,环陵路101号,118.891547,32.052723,江苏省,南京市,栖霞区,
4280,钟山职业技术学院学生公寓1区,商务住宅;住宅区;宿舍,马群街西200米,118.890605,32.045243,江苏省,南京市,栖霞区,
4281,钟山职业技术学院学生公寓2区,商务住宅;住宅区;宿舍,马群街西200米,118.890605,32.045231,江苏省,南京市,栖霞区,
4282,钟山职业技术学院学生公寓4,商务住宅;住宅区;宿舍,钟山学院马群校区学生公寓4栋,118.889741,32.044909,江苏省,南京市,栖霞区,
4283,中垠·紫金观邸,商务住宅;住宅区;住宅小区,马群环陵路99号紫园2号楼(马群综合换乘中心),118.893844,32.047626,江苏省,南京市,栖霞区,
4284,钟山职业技术学院学生公寓3,商务住宅;住宅区;宿舍,钟山学院马群校区学生公寓3栋,118.889744,32.044673,江苏省,南京市,栖霞区,
4285,紫金东苑,商务住宅;住宅区;住宅小区,马群街道五棵松46-1号,118.884223,32.046304,江苏省,南京市,栖霞区,
4286,复地东郡,商务住宅;商务住宅相关;商务住宅相关,马群街2号,118.89321,32.049718,江苏省,南京市,栖霞区,
4287,五棵松45号,商务住宅;商务住宅相关;商务住宅相关,中山门大街南50米,118.883995,32.047368,江苏省,南京市,栖霞区,
4288,复地御钟山2期,商务住宅;楼宇;商住两用楼宇|商务住宅;住宅区;住宅区,马群街道马群街2号,118.89124,32.054043,江苏省,南京市,栖霞区,
4289,府军卫小区,商务住宅;住宅区;住宅小区,府军卫,118.89355,32.046951,江苏省,南京市,栖霞区,
4290,万家楼5号,商务住宅;住宅区;住宅区,G42沪蓉高速附近,118.899875,32.049025,江苏省,南京市,栖霞区,
4291,万家楼21号,商务住宅;住宅区;住宅区,G42沪蓉高速附近,118.899901,32.04923,江苏省,南京市,栖霞区,
4292,万家楼17号,商务住宅;住宅区;住宅区,万家楼立交桥与中山门大街交叉口西100米,118.899706,32.049885,江苏省,南京市,栖霞区,
4293,万家楼16号,商务住宅;住宅区;住宅区,万家楼立交桥与中山门大街交叉口西南50米,118.899771,32.049886,江苏省,南京市,栖霞区,
4294,万家楼13号,商务住宅;住宅区;住宅区,万家楼立交桥与中山门大街交叉口西南50米,118.89997,32.0497,江苏省,南京市,栖霞区,
4295,万家楼9号,商务住宅;住宅区;住宅区,万家楼立交桥与中山门大街交叉口西南50米,118.899887,32.049872,江苏省,南京市,栖霞区,
4296,万家楼4号,商务住宅;住宅区;住宅区,G42沪蓉高速附近,118.900182,32.048808,江苏省,南京市,栖霞区,
4297,万家楼7号,商务住宅;住宅区;住宅区,万家楼立交桥与中山门大街交叉口西南50米,118.900026,32.049879,江苏省,南京市,栖霞区,
4298,万家楼22号,商务住宅;住宅区;住宅区,G42沪蓉高速附近,118.900171,32.048663,江苏省,南京市,栖霞区,
4299,万家楼52号,商务住宅;住宅区;住宅区,万家楼立交桥附近,118.900333,32.049002,江苏省,南京市,栖霞区,
4300,万家楼50号,商务住宅;住宅区;住宅区,万家楼立交桥附近,118.900531,32.049325,江苏省,南京市,栖霞区,
4301,万家楼41号,商务住宅;住宅区;住宅区,万家楼立交桥与中山门大街交叉口东南50米,118.900406,32.04979,江苏省,南京市,栖霞区,
4302,万家楼25号,商务住宅;住宅区;住宅区,G42沪蓉高速附近,118.900326,32.048492,江苏省,南京市,栖霞区,
4303,万家楼64号,商务住宅;住宅区;住宅区,G42沪蓉高速附近,118.900487,32.048681,江苏省,南京市,栖霞区,
4304,万家楼77号,商务住宅;住宅区;住宅区,G42沪蓉高速附近,118.900457,32.048543,江苏省,南京市,栖霞区,
4305,万家楼45号,商务住宅;住宅区;住宅区,万家楼立交桥附近,118.900647,32.049474,江苏省,南京市,栖霞区,
4306,万家楼78号,商务住宅;住宅区;住宅区,G42沪蓉高速附近,118.900461,32.048436,江苏省,南京市,栖霞区,
4307,万家楼81号,商务住宅;住宅区;住宅区,G42沪蓉高速附近,118.900497,32.048321,江苏省,南京市,栖霞区,
4308,万家楼72号,商务住宅;住宅区;住宅区,万家楼立交桥附近,118.90077,32.04868,江苏省,南京市,栖霞区,
4309,万家楼82号,商务住宅;住宅区;住宅区,G42沪蓉高速附近,118.900526,32.048206,江苏省,南京市,栖霞区,
4310,万家楼79号,商务住宅;住宅区;住宅区,G42沪蓉高速附近,118.900755,32.04823,江苏省,南京市,栖霞区,
4311,万家楼26号,商务住宅;住宅区;住宅区,G42沪蓉高速附近,118.900355,32.047815,江苏省,南京市,栖霞区,
4312,万家楼83号,商务住宅;住宅区;住宅区,G42沪蓉高速附近,118.90061,32.047943,江苏省,南京市,栖霞区,
4313,万家楼28号,商务住宅;住宅区;住宅区,G42沪蓉高速附近,118.900394,32.047332,江苏省,南京市,栖霞区,
4314,万家楼90号,商务住宅;住宅区;住宅区,G42沪蓉高速附近,118.900729,32.047424,江苏省,南京市,栖霞区,
4315,万家楼32号,商务住宅;住宅区;住宅区,G42沪蓉高速附近,118.900301,32.047135,江苏省,南京市,栖霞区,
4316,马群公寓,商务住宅;住宅区;住宅小区,栖霞马群新街37号,118.89659,32.051993,江苏省,南京市,栖霞区,
4317,中垠·紫金观邸临时接待中心,商务住宅;住宅区;住宅小区,马群街31号附近,118.89427,32.04929,江苏省,南京市,栖霞区,
4318,太阳城天悦花园,商务住宅;住宅区;住宅小区,马群新街89-1号,118.897166,32.053237,江苏省,南京市,栖霞区,
4319,紫金尚园,商务住宅;住宅区;住宅小区,中山门大街699号(马群中山门大街以北),118.894453,32.052535,江苏省,南京市,栖霞区,
4320,百水芊城向水坊,商务住宅;住宅区;住宅小区,宁杭公路2号,118.903412,32.045134,江苏省,南京市,栖霞区,
4321,百水芊城阅水坊,商务住宅;住宅区;住宅小区,高康路附近,118.902542,32.044216,江苏省,南京市,栖霞区,
4322,花园城西门,商务住宅;商务住宅相关;商务住宅相关,中山门大街699号花园城F1,118.894182,32.050935,江苏省,南京市,栖霞区,
4323,南京花园城商业中心,商务住宅;商务住宅相关;商务住宅相关,新街28号,118.8955,32.050841,江苏省,南京市,栖霞区,
4324,百水家园(南门),商务住宅;商务住宅相关;商务住宅相关,,118.903629,32.046584,江苏省,南京市,栖霞区,
4325,百水家园,商务住宅;住宅区;住宅小区,百水桥村116号,118.904062,32.048473,江苏省,南京市,栖霞区,
4326,百水芊城西区,商务住宅;住宅区;住宅小区,百水桥南路北200米,118.904019,32.044418,江苏省,南京市,栖霞区,
4327,百水芊城,商务住宅;住宅区;住宅小区,百水桥村118号,118.9059,32.048944,江苏省,南京市,栖霞区,
4328,百水芊城上水坊上水坊,商务住宅;住宅区;住宅小区,马群街道百水芊城社区,118.905869,32.04866,江苏省,南京市,栖霞区,
4329,百水芊城春水坊,商务住宅;住宅区;住宅小区,百水桥村,118.904508,32.045177,江苏省,南京市,栖霞区,
4330,百水芊城云水坊,商务住宅;住宅区;住宅小区,百水桥路9,118.908606,32.04594,江苏省,南京市,栖霞区,
4331,百水芊城怡水坊,商务住宅;住宅区;住宅小区,百水桥路7,118.909262,32.047805,江苏省,南京市,栖霞区,
4332,白水桥30号,商务住宅;住宅区;住宅区,宁杭公路辅路北100米,118.910058,32.053368,江苏省,南京市,栖霞区,
4333,白水桥21号,商务住宅;住宅区;住宅区,宁杭公路辅路北100米,118.910191,32.053184,江苏省,南京市,栖霞区,
4334,白水桥16号,商务住宅;住宅区;住宅区,宁杭公路辅路北50米,118.910223,32.053084,江苏省,南京市,栖霞区,
4335,云水坊23,商务住宅;商务住宅相关;商务住宅相关,百水桥南路与百水桥路交叉口东北150米,118.907883,32.044971,江苏省,南京市,栖霞区,
4336,怡水坊-东区,商务住宅;住宅区;住宅区,,118.910593,32.047628,江苏省,南京市,栖霞区,
4337,银河湾.紫苑小区,商务住宅;住宅区;住宅小区,麒麟镇丹青路8号,118.920358,32.046304,江苏省,南京市,江宁区,
4338,麒麟紫荆城泉水苑东区,商务住宅;住宅区;住宅区,文荟路79号附近,118.921395,32.05171,江苏省,南京市,江宁区,
4339,文荟福邸,商务住宅;住宅区;住宅小区,悦民街9号麒麟文荟福邸,118.921848,32.051712,江苏省,南京市,江宁区,
4340,悦民公寓(悦民路),商务住宅;住宅区;住宅小区,悦民路133号,118.92287,32.050352,江苏省,南京市,江宁区,
4341,悦民二期小区,商务住宅;住宅区;住宅小区,丹青路与天和路交叉口北200米,118.923488,32.049121,江苏省,南京市,江宁区,
4342,悦民公寓北区,商务住宅;住宅区;住宅小区,麒麟门悦民路,118.923252,32.052203,江苏省,南京市,江宁区,
4343,麒麟紫荆城,商务住宅;住宅区;住宅小区,丹青路与天和路交叉口东150米,118.923907,32.045489,江苏省,南京市,江宁区,
4344,银河湾紫苑,商务住宅;楼宇;商住两用楼宇|商务住宅;住宅区;住宅区,悦民路133号,118.921645,32.047833,江苏省,南京市,江宁区,
4345,银河湾花园,商务住宅;住宅区;住宅小区,麒麟街道秦盈路,118.93029,32.050874,江苏省,南京市,江宁区,
4346,阳光之旅,商务住宅;住宅区;住宅小区,东郊麒麟门阳光之旅,118.9338,32.051264,江苏省,南京市,江宁区,
4347,新地雅苑,商务住宅;住宅区;住宅小区,汤山街道开城路99号,118.927854,32.050753,江苏省,南京市,江宁区,
4348,东方红郡,商务住宅;住宅区;住宅小区,麒麟派出所十字路口东,118.92966,32.048427,江苏省,南京市,江宁区,
4349,中南·麒麟锦城,商务住宅;住宅区;住宅小区,麒麟镇开城路188号,118.92509,32.04857,江苏省,南京市,江宁区,
4350,华汇康城3期,商务住宅;住宅区;住宅区,丹青路与华汇路交叉口东南150米,118.93066,32.046178,江苏省,南京市,江宁区,
4351,麒麟紫荆城长城苑,商务住宅;住宅区;住宅小区,G25长深高速开城路出口附近,118.932735,32.044261,江苏省,南京市,江宁区,
4352,麒麟紫荆城泉水苑,商务住宅;住宅区;住宅小区,丹青路与开城路交汇处西南角,118.924329,32.044569,江苏省,南京市,江宁区,
4353,华汇康城2期,商务住宅;住宅区;住宅区,麒麟街道华汇路,118.930949,32.04599,江苏省,南京市,江宁区,
4354,宇业·东方红郡天赋广场,商务住宅;楼宇;商住两用楼宇,悦民路128号,118.92698,32.04925,江苏省,南京市,江宁区,
4355,华汇康城南区,商务住宅;住宅区;住宅小区,麒麟门,118.932775,32.045974,江苏省,南京市,江宁区,
4356,华汇康城北区,商务住宅;住宅区;住宅小区,华汇路与悦民路交叉口东南150米,118.932994,32.048821,江苏省,南京市,江宁区,
4357,麒麟新村,商务住宅;住宅区;住宅区,开城路89号,118.92705,32.05187,江苏省,南京市,江宁区,
4358,麒麟科技创新园一期经济适用房A块,商务住宅;住宅区;住宅区,丹霞路与开城路交叉口西50米,118.925679,32.045299,江苏省,南京市,江宁区,
4359,华汇康城南区(西3门),商务住宅;商务住宅相关;商务住宅相关,丹青路与华汇路交叉口东150米,118.931456,32.046646,江苏省,南京市,江宁区,
4360,华汇康城(华汇路),商务住宅;住宅区;住宅小区,麒麟镇悦民东路华汇街1号,118.932971,32.047037,江苏省,南京市,江宁区,
4361,麒麟科技创新园一期经济适用房F地块,商务住宅;住宅区;住宅区,丹霞路与华汇路交叉口南100米,118.93005,32.04423,江苏省,南京市,江宁区,
4362,麒麟紫荆城晨光苑,商务住宅;住宅区;住宅小区,开城路和丹霞路的交叉口,118.92568,32.045298,江苏省,南京市,江宁区,
4363,麒麟山庄,商务住宅;住宅区;住宅小区,中山门外麒东路588号,118.93843,32.051229,江苏省,南京市,江宁区,
4364,麒麟山庄(北门),商务住宅;商务住宅相关;商务住宅相关,S122与靶场路交叉口西150米,118.938463,32.052461,江苏省,南京市,江宁区,
4365,东郊小镇第二街区,商务住宅;住宅区;住宅小区,汤山街道麒东路777号,118.952814,32.052889,江苏省,南京市,江宁区,
4366,东郊小镇·邻里中心,商务住宅;住宅区;住宅小区,宁杭公路辅路附近,118.951907,32.053273,江苏省,南京市,江宁区,
4367,东郊小镇,商务住宅;住宅区;住宅小区,麒东路777号,118.954945,32.053761,江苏省,南京市,江宁区,
4368,东郊小镇第一街区,商务住宅;住宅区;住宅小区,麒麟镇汤山街道麒东路777号,118.957929,32.053537,江苏省,南京市,江宁区,
4369,东郊小镇(商业),商务住宅;商务住宅相关;商务住宅相关,"麒麟镇宁杭公路北,沪宁高速公路南,锦绣花园东",118.954704,32.053715,江苏省,南京市,江宁区,
4370,江苏双龙集团江宁分公司宿舍楼,商务住宅;住宅区;宿舍,,118.972237,32.044219,江苏省,南京市,江宁区,
4371,绿城南京桃花源(建设中),商务住宅;住宅区;别墅,122省道,119.005914,32.045318,江苏省,南京市,江宁区,
4372,巴厘原墅,商务住宅;住宅区;别墅,古泉村侯家塘228号巴厘原墅,119.014593,32.045057,江苏省,南京市,江宁区,
4373,香樟华苹2期,商务住宅;住宅区;住宅小区,泉韵路东50米,119.046564,32.04433,江苏省,南京市,江宁区,
4374,西水湾家园西区,商务住宅;住宅区;住宅小区,江浦街道,118.620544,32.043582,江苏省,南京市,浦口区,
4375,巩固四号地块安置房小区,商务住宅;住宅区;住宅小区,G40(沪陕高速),118.62497,32.040353,江苏省,南京市,浦口区,
4376,江苏金胜楼,商务住宅;楼宇;商务写字楼,园创路与浦滨路交叉口东南50米,118.643873,32.04245,江苏省,南京市,浦口区,
4377,扬子科创中心B幢,商务住宅;楼宇;商务写字楼,浦滨路东100米,118.641189,32.038261,江苏省,南京市,浦口区,
4378,扬子科创中心A幢,商务住宅;楼宇;商务写字楼,云环街与团结路交叉口北100米,118.640703,32.037597,江苏省,南京市,浦口区,
4379,南京软件园孵鹰大厦D座,商务住宅;楼宇;商务写字楼,云环街与团结路交叉口东北150米,118.641639,32.037494,江苏省,南京市,浦口区,
4380,南京软件园孵鹰大厦B座,商务住宅;楼宇;商务写字楼,华创路与团结路交叉口北100米,118.642807,32.036538,江苏省,南京市,浦口区,
4381,南京软件园孵鹰大厦A座,商务住宅;楼宇;商务写字楼,华创路与团结路交叉口北150米,118.642362,32.036578,江苏省,南京市,浦口区,
4382,南京软件园孵鹰大厦C座,商务住宅;楼宇;商务写字楼,团结路东150米,118.642194,32.037658,江苏省,南京市,浦口区,
4383,南京软件园孵鹰大厦,商务住宅;楼宇;商务写字楼,团结路99号,118.642353,32.036953,江苏省,南京市,浦口区,
4384,南京软件园孵鹰大厦(4号门),商务住宅;商务住宅相关;商务住宅相关,云环街与团结路交叉口东100米,118.641651,32.03674,江苏省,南京市,浦口区,
4385,南京软件园孵鹰大厦(1号门),商务住宅;商务住宅相关;商务住宅相关,云环街与团结路交叉口东100米,118.641651,32.03674,江苏省,南京市,浦口区,
4386,南京软件园孵鹰大厦(2号门),商务住宅;商务住宅相关;商务住宅相关,云环街与团结路交叉口东100米,118.641651,32.03674,江苏省,南京市,浦口区,
4387,金衡大厦,商务住宅;楼宇;商务写字楼,华创路与园创路交叉口西南100米,118.646778,32.040039,江苏省,南京市,浦口区,
4388,弘昌大厦,商务住宅;楼宇;商务写字楼,南农北路与园创路交叉口东南200米,118.64854,32.039778,江苏省,南京市,浦口区,
4389,南京安防科技大厦,商务住宅;楼宇;商务写字楼,丰子河东匝道与园创路交汇处南150米,118.64571,32.040945,江苏省,南京市,浦口区,
4390,南京软件园腾飞大厦,商务住宅;楼宇;商务写字楼,华创路与江淼路交叉口西南100米,118.644487,32.038068,江苏省,南京市,浦口区,
4391,南京软件园儒商科技大厦,商务住宅;楼宇;商务写字楼,慧谷路与江淼路交汇处西北200米,118.64704,32.037709,江苏省,南京市,浦口区,
4392,南京软件园D2人才公寓,商务住宅;住宅区;宿舍,江浦街道团结路102号,118.64635,32.037239,江苏省,南京市,浦口区,
4393,保利·西江月,商务住宅;住宅区;住宅小区,城南河路与横江大道交汇处(青奥体育公园旁),118.659148,32.042153,江苏省,南京市,浦口区,
4394,长江世纪城项目,商务住宅;住宅区;住宅区,丰子河大道和镇南河路交汇处,118.65509,32.036001,江苏省,南京市,浦口区,
4395,旭辉&银城·白马澜山,商务住宅;住宅区;住宅小区,江心洲生态科技岛葡园路(葡园路与夹江大桥交汇处)保利紫荆公馆附近,118.707286,32.042255,江苏省,南京市,建邺区,
4396,长岛观澜·润园,商务住宅;住宅区;住宅小区,江心洲葡园路,118.711406,32.040908,江苏省,南京市,建邺区,
4397,长岛观澜汐园,商务住宅;住宅区;住宅小区,,118.705639,32.040039,江苏省,南京市,建邺区,
4398,长岛观澜银城沁园,商务住宅;住宅区;住宅小区,江心洲生态科技岛葡园路,118.70743,32.042409,江苏省,南京市,建邺区,
4399,保利·二十四院,商务住宅;住宅区;别墅,江心洲保利紫荆公馆旁,118.708734,32.044204,江苏省,南京市,建邺区,
4400,江心洲紫荆花苑,商务住宅;住宅区;住宅小区,银城长岛观澜附近,118.709035,32.040022,江苏省,南京市,建邺区,
4401,升龙公园道,商务住宅;住宅区;住宅小区,夹江大桥与葡园路交汇处,118.711047,32.042432,江苏省,南京市,建邺区,
4402,保利·紫荆公馆,商务住宅;住宅区;住宅小区,江心洲生态科技岛葡园路(葡园路与夹江大桥交汇处),118.709207,32.041339,江苏省,南京市,建邺区,
4403,银城长岛观澜,商务住宅;住宅区;住宅小区,,118.706527,32.040966,江苏省,南京市,建邺区,
4404,联创大厦A座,商务住宅;楼宇;商务写字楼,集慧路18号,118.722292,32.034284,江苏省,南京市,鼓楼区,
4405,中建一局生活区,商务住宅;住宅区;住宅小区,清河路,118.722618,32.035373,江苏省,南京市,鼓楼区,
4406,胜科星洲府,商务住宅;商务住宅相关;商务住宅相关,江堤路西150米,118.71633,32.043744,江苏省,南京市,建邺区,
4407,江菊绿园,商务住宅;商务住宅相关;商务住宅相关,清河路9号,118.721743,32.035204,江苏省,南京市,建邺区,
4408,艾志大厦,商务住宅;楼宇;商务写字楼,汉中门大街309号,118.729379,32.039111,江苏省,南京市,鼓楼区,
4409,天水滨江花园(清江路),商务住宅;住宅区;住宅小区,汉中门大街400号,118.72805,32.040379,江苏省,南京市,鼓楼区,
4410,水资源科技大厦,商务住宅;楼宇;商务写字楼,清江南路70号,118.731063,32.039029,江苏省,南京市,鼓楼区,
4411,河海水资源大厦,商务住宅;住宅区;住宅小区,汉中门大街与清江路交叉口,118.731056,32.038958,江苏省,南京市,鼓楼区,
4412,江苏绿建大厦,商务住宅;楼宇;商务写字楼,汉中门大街与清河路交叉口西南50米,118.726754,32.03956,江苏省,南京市,建邺区,
4413,苏宁睿城南区,商务住宅;楼宇;商务写字楼,江东门北街附近,118.727641,32.036842,江苏省,南京市,鼓楼区,
4414,苏宁睿城北区,商务住宅;楼宇;商务写字楼,江东门北街附近,118.72627,32.037792,江苏省,南京市,鼓楼区,
4415,广厦·天水滨江花园,商务住宅;住宅区;住宅小区,汉中门大街400号,118.731929,32.040133,江苏省,南京市,鼓楼区,
4416,长安西街一号商业,商务住宅;商务住宅相关;商务住宅相关,汉中门外大街与滨江大道交汇处,118.726248,32.040687,江苏省,南京市,鼓楼区,
4417,清河新寓二村,商务住宅;住宅区;住宅小区,清江路45号,118.72973,32.042013,江苏省,南京市,鼓楼区,
4418,清河新寓,商务住宅;住宅区;住宅区,清河路43号,118.731139,32.041942,江苏省,南京市,鼓楼区,
4419,政院新寓,商务住宅;住宅区;住宅小区,锦江路3号,118.732228,32.041187,江苏省,南京市,鼓楼区,
4420,南京国际服务外包大厦,商务住宅;楼宇;商务写字楼,汉中门大街301-303号,118.733059,32.038961,江苏省,南京市,鼓楼区,
4421,清河新寓一村,商务住宅;住宅区;住宅小区,清江路46号,118.731267,32.042147,江苏省,南京市,鼓楼区,
4422,临江新寓,商务住宅;住宅区;住宅小区,东宝路3号,118.728152,32.042846,江苏省,南京市,鼓楼区,
4423,乾和福邸公寓,商务住宅;住宅区;住宅小区,江东街道汉中门大街388号,118.733612,32.040262,江苏省,南京市,鼓楼区,
4424,天玺国际广场2期,商务住宅;住宅区;住宅小区,东宝路与清江路交叉口,118.730229,32.043361,江苏省,南京市,鼓楼区,
4425,嘉景苑(锦江路),商务住宅;住宅区;住宅小区,东宝路29号,118.732415,32.042455,江苏省,南京市,鼓楼区,
4426,锦江花苑,商务住宅;住宅区;住宅小区,汉中西路218,118.733639,32.041351,江苏省,南京市,鼓楼区,
4427,苏宁·天玺国际广场,商务住宅;住宅区;住宅小区,东宝路与清江路交汇处西北角,118.729862,32.043783,江苏省,南京市,鼓楼区,
4428,锦江大厦(锦江路),商务住宅;楼宇;商务写字楼,锦江路17号,118.733166,32.04218,江苏省,南京市,鼓楼区,
4429,滨江瑞景家园,商务住宅;住宅区;住宅小区,东宝路88号,118.728579,32.04417,江苏省,南京市,鼓楼区,
4430,望江新寓,商务住宅;住宅区;住宅小区,汉中门东宝路5号,118.733811,32.042517,江苏省,南京市,鼓楼区,
4431,裕华大厦,商务住宅;楼宇;商住两用楼宇,汉中门大街269号,118.739921,32.039355,江苏省,南京市,鼓楼区,
4432,天顺大厦,商务住宅;楼宇;商住两用楼宇,汉中门大街267号(近裕华名居),118.740191,32.039154,江苏省,南京市,鼓楼区,
4433,恒生·名仕嘉园,商务住宅;住宅区;住宅小区,江东中路1号,118.739433,32.038169,江苏省,南京市,建邺区,
4434,天顺苑,商务住宅;住宅区;住宅小区,汉中西路299号,118.74026,32.038578,江苏省,南京市,建邺区,
4435,江海楼,商务住宅;楼宇;商务写字楼,汉中门大街300号,118.73749,32.040215,江苏省,南京市,鼓楼区,
4436,裕华名居,商务住宅;住宅区;住宅小区,汉中西路298,118.740213,32.040223,江苏省,南京市,鼓楼区,
4437,典雅大厦,商务住宅;楼宇;商住两用楼宇,江东北路91号,118.738122,32.040582,江苏省,南京市,鼓楼区,
4438,典雅居,商务住宅;住宅区;住宅小区,汉中门大街281号,118.737204,32.038304,江苏省,南京市,建邺区,
4439,世纪之星,商务住宅;住宅区;住宅小区,江东北路93号,118.737611,32.041097,江苏省,南京市,鼓楼区,
4440,江汊里1号,商务住宅;住宅区;住宅区,江汊路19号附近,118.741573,32.039104,江苏省,南京市,鼓楼区,
4441,世纪花园,商务住宅;住宅区;住宅小区,江东北路97号,118.738352,32.041434,江苏省,南京市,鼓楼区,
4442,怡和佳苑,商务住宅;住宅区;住宅小区,凤凰西街230号,118.739661,32.041604,江苏省,南京市,鼓楼区,
4443,芙蓉里,商务住宅;住宅区;住宅区,江东门旧货大市场,118.741905,32.03878,江苏省,南京市,建邺区,
4444,鸿都大厦,商务住宅;楼宇;商住两用楼宇,江东北路97-9号,118.73825,32.041702,江苏省,南京市,鼓楼区,
4445,天马榕园,商务住宅;住宅区;住宅区,鼓楼凤凰西街230号,118.73946,32.04183,江苏省,南京市,鼓楼区,
4446,银城聚泽园,商务住宅;住宅区;住宅小区,"东宝路2号,凤凰西街222号",118.740887,32.041361,江苏省,南京市,鼓楼区,
4447,金陵世纪花园,商务住宅;住宅区;住宅小区,东宝路97号,118.736084,32.041392,江苏省,南京市,鼓楼区,
4448,康怡花园西区,商务住宅;住宅区;住宅小区,云锦路6号,118.742737,32.038494,江苏省,南京市,鼓楼区,
4449,江东大厦,商务住宅;楼宇;商务写字楼,江东北路101号,118.738007,32.042494,江苏省,南京市,鼓楼区,
4450,海棠里小区,商务住宅;住宅区;住宅小区,汉中门大街122号,118.742881,32.040275,江苏省,南京市,鼓楼区,
4451,凤凰花园城,商务住宅;住宅区;住宅小区,凤凰西街与江汊路交叉口东北150米,118.742335,32.041413,江苏省,南京市,鼓楼区,
4452,银城聚泽园(北园),商务住宅;住宅区;住宅小区,江东北路58号,118.740193,32.043,江苏省,南京市,鼓楼区,
4453,莺歌苑小区(东门),商务住宅;住宅区;住宅小区,云锦路6号,118.74385,32.037966,江苏省,南京市,建邺区,
4454,东宝大厦,商务住宅;楼宇;商住两用楼宇,江东北路111号东宝大厦,118.73845,32.043768,江苏省,南京市,鼓楼区,
4455,静幽园,商务住宅;住宅区;住宅小区,凤凰西街凤凰花园城1号,118.742538,32.042705,江苏省,南京市,鼓楼区,
4456,爱邦商业楼,商务住宅;楼宇;商务写字楼,湛江路55号,118.743451,32.042088,江苏省,南京市,鼓楼区,
4457,东宝花园,商务住宅;住宅区;住宅小区,龙江东宝花园东宝路6号,118.737636,32.043833,江苏省,南京市,鼓楼区,
4458,聚馨座,商务住宅;住宅区;住宅小区,东宝路8号1室附近,118.736023,32.043673,江苏省,南京市,鼓楼区,
4459,银城聚锦园,商务住宅;住宅区;住宅小区,东宝路2号银城聚锦园,118.736454,32.043923,江苏省,南京市,鼓楼区,
4460,时代天地广场,商务住宅;楼宇;商务写字楼,东宝路8号,118.735383,32.043664,江苏省,南京市,鼓楼区,
4461,江东二队129号,商务住宅;商务住宅相关;商务住宅相关,二队129号,118.734541,32.037144,江苏省,南京市,建邺区,
4462,江东二队121号,商务住宅;商务住宅相关;商务住宅相关,二队121号,118.73458,32.037141,江苏省,南京市,建邺区,
4463,凤凰三村,商务住宅;住宅区;住宅小区,汉中门大街凤凰三村,118.749479,32.03949,江苏省,南京市,鼓楼区,
4464,南京市人防宿舍,商务住宅;住宅区;宿舍,鼓楼凤凰西街263号,118.748313,32.040449,江苏省,南京市,鼓楼区,
4465,审计学院教师楼,商务住宅;住宅区;住宅区,鼓楼凤凰西街152号,118.749699,32.040866,江苏省,南京市,鼓楼区,
4466,City EDIFICE大厦,商务住宅;楼宇;商务写字楼,汉中门大街151号,118.747038,32.038205,江苏省,南京市,建邺区,
4467,凤凰三村21号小区,商务住宅;住宅区;住宅小区,3村21号,118.746735,32.039645,江苏省,南京市,鼓楼区,
4468,凤凰西街269-275号小区,商务住宅;住宅区;住宅小区,凤凰西街269-275号,118.747015,32.040384,江苏省,南京市,鼓楼区,
4469,南京晓庄学院留学生公寓,商务住宅;住宅区;宿舍,汉中门大街129号附近,118.750274,32.037562,江苏省,南京市,建邺区,
4470,西城广场(纪念馆东路),商务住宅;楼宇;商务写字楼,汉中门大街151号,118.746814,32.03811,江苏省,南京市,建邺区,
4471,南京晓庄学院学生宿舍02幢,商务住宅;住宅区;宿舍,梅花街与茶花巷交叉口北100米,118.75021,32.037215,江苏省,南京市,建邺区,
4472,知海大厦,商务住宅;楼宇;商务写字楼,汉中门大街123号,118.75138,32.037856,江苏省,南京市,建邺区,
4473,南京农业科技大厦,商务住宅;楼宇;商务写字楼,汉中门大街169号,118.745653,32.038466,江苏省,南京市,建邺区,
4474,茶西里,商务住宅;住宅区;住宅小区,北圩路,118.748668,32.036343,江苏省,南京市,建邺区,
4475,南京市政法干警宿舍,商务住宅;住宅区;宿舍,凤凰西街186号,118.746158,32.041161,江苏省,南京市,鼓楼区,
4476,审计学院教工楼,商务住宅;住宅区;住宅区,凤凰西街239号,118.751829,32.041252,江苏省,南京市,鼓楼区,
4477,江苏省人民医院宿舍区,商务住宅;住宅区;宿舍,凤凰西街140号,118.751192,32.041684,江苏省,南京市,鼓楼区,
4478,名城世纪园(嫩江路),商务住宅;住宅区;住宅小区,凤凰西街152号,118.747094,32.041946,江苏省,南京市,鼓楼区,
4479,茶花里小区,商务住宅;住宅区;住宅小区,梅花街茶花里,118.749545,32.036107,江苏省,南京市,建邺区,
4480,建威公寓,商务住宅;住宅区;住宅小区,汉中门大街58号,118.752597,32.038357,江苏省,南京市,鼓楼区,
4481,莫愁花园,商务住宅;住宅区;住宅小区,汉中门大街120号,118.744979,32.039918,江苏省,南京市,鼓楼区,
4482,商校小区,商务住宅;住宅区;住宅小区,凤凰西街150号,118.748341,32.04277,江苏省,南京市,鼓楼区,
4483,天安花园(云锦路),商务住宅;住宅区;住宅小区,汉中门大街189-1号,118.745049,32.037692,江苏省,南京市,建邺区,
4484,凤凰西街186-188号小区,商务住宅;住宅区;住宅小区,凤凰西街186-188号,118.745928,32.041816,江苏省,南京市,鼓楼区,
4485,南审教工宿舍,商务住宅;住宅区;宿舍,凤凰西街152号3幢303室,118.750863,32.04246,江苏省,南京市,鼓楼区,
4486,建筑节能示范服务大楼,商务住宅;住宅区;住宅区,裕盛东路与裕盛路交叉口东南50米,118.75029,32.042854,江苏省,南京市,鼓楼区,
4487,康怡花园(云锦路),商务住宅;住宅区;住宅小区,汉中门大街187号,118.744488,32.038355,江苏省,南京市,建邺区,
4488,新牡丹里,商务住宅;住宅区;住宅小区,凤凰西街,118.744573,32.040777,江苏省,南京市,鼓楼区,
4489,建威大厦(北圩路),商务住宅;楼宇;商务写字楼,汉中门大街56号,118.75356,32.038237,江苏省,南京市,鼓楼区,
4490,玉兰里24,商务住宅;住宅区;住宅小区,玉兰里小区24栋,118.75333,32.037674,江苏省,南京市,建邺区,
4491,玉兰里23,商务住宅;住宅区;住宅区,玉兰里小区23栋,118.753179,32.037409,江苏省,南京市,建邺区,
4492,梅花里小区,商务住宅;住宅区;住宅小区,梅花巷,118.751547,32.035788,江苏省,南京市,建邺区,
4493,水西门大街354号小区,商务住宅;住宅区;住宅小区,水西门大街354号,118.750465,32.035179,江苏省,南京市,建邺区,
4494,凤凰西街128-138号小区,商务住宅;住宅区;住宅小区,凤凰西街128-138号,118.752267,32.042428,江苏省,南京市,鼓楼区,
4495,江苏省中医院进修人员宿舍,商务住宅;住宅区;宿舍,凤凰西街150号-1,118.748814,32.04361,江苏省,南京市,鼓楼区,
4496,金地苑(裕盛东路),商务住宅;住宅区;住宅小区,凤凰西街188号,118.746115,32.043019,江苏省,南京市,鼓楼区,
4497,凤凰花园城金陵园,商务住宅;住宅区;住宅小区,凤凰西街180号,118.744715,32.042033,江苏省,南京市,鼓楼区,
4498,凤凰西街小区,商务住宅;住宅区;住宅小区,凤凰西街136号,118.752202,32.042958,江苏省,南京市,鼓楼区,
4499,玉兰里小区东区,商务住宅;住宅区;住宅小区,北圩路玉兰里小区,118.753526,32.036344,江苏省,南京市,建邺区,
4500,千峰彩翠大厦,商务住宅;楼宇;商务写字楼,建邺水西门大街245、247、249号,118.747377,32.034518,江苏省,南京市,建邺区,
4501,苏建集团大厦,商务住宅;楼宇;商务写字楼,水西门大街352号,118.750763,32.034598,江苏省,南京市,建邺区,
4502,华诚新村,商务住宅;住宅区;住宅区,凤凰西街118号,118.752932,32.042765,江苏省,南京市,鼓楼区,
4503,江苏交通科技大厦,商务住宅;楼宇;商务写字楼,水西门大街223号,118.750106,32.034237,江苏省,南京市,建邺区,
4504,玉兰里,商务住宅;住宅区;住宅小区,北圩路玉兰里小区,118.753245,32.035616,江苏省,南京市,建邺区,
4505,苏建城(水西门大街),商务住宅;住宅区;住宅小区,水西门大街344,118.751708,32.034571,江苏省,南京市,建邺区,
4506,清溪园15号,商务住宅;住宅区;住宅区,凤凰西街176号附近,118.744375,32.042697,江苏省,南京市,鼓楼区,
4507,教工新村,商务住宅;住宅区;住宅小区,北圩路与裕盛路交叉口西北150米,118.75155,32.043976,江苏省,南京市,鼓楼区,
4508,中海玺荟公寓,商务住宅;住宅区;住宅小区,北圩路与裕盛路交叉口北50米,118.752646,32.043844,江苏省,南京市,鼓楼区,
4509,茶亭巷小区,商务住宅;住宅区;住宅小区,北圩路4号附近,118.752805,32.034558,江苏省,南京市,建邺区,
4510,凤凰花园城清溪园,商务住宅;住宅区;住宅小区,凤凰西街凤凰花园城1号,118.744335,32.043373,江苏省,南京市,鼓楼区,
4511,枫亚苑,商务住宅;住宅区;住宅小区,湛江路68号,118.74439,32.04398,江苏省,南京市,鼓楼区,
4512,莫愁西园,商务住宅;住宅区;住宅小区,水西门大街276-1-2号,118.753578,32.034435,江苏省,南京市,建邺区,
4513,南京晓庄学院莫愁校区-3号楼(北门),商务住宅;商务住宅相关;商务住宅相关,北圩路41号,118.751201,32.03743,江苏省,南京市,建邺区,
4514,环宇城公寓,商务住宅;商务住宅相关;商务住宅相关,清凉门大街1号(清凉门大街与北圩路交叉口),118.75257,32.044049,江苏省,南京市,鼓楼区,
4515,胜棋里,商务住宅;住宅区;住宅小区,汉中门大街,118.758198,32.038777,江苏省,南京市,鼓楼区,
4516,涌泉里(郁金里东),商务住宅;住宅区;住宅小区,涌泉里28号三楼,118.757377,32.040053,江苏省,南京市,鼓楼区,
4517,华园,商务住宅;住宅区;住宅小区,建邺汉中门大街31号,118.760506,32.03825,江苏省,南京市,建邺区,
4518,水利设计院职工宿舍,商务住宅;住宅区;宿舍,汉北街8号,118.759315,32.040969,江苏省,南京市,鼓楼区,
4519,彩虹楼,商务住宅;住宅区;住宅区,汉北路附近,118.760047,32.040936,江苏省,南京市,鼓楼区,
4520,莫愁新寓荷花里,商务住宅;住宅区;住宅小区,胜棋街与郁金街交叉口南100米,118.756834,32.038309,江苏省,南京市,鼓楼区,
4521,劲顺花园小区,商务住宅;住宅区;住宅小区,汉中门大街26号,118.761095,32.040259,江苏省,南京市,鼓楼区,
4522,汉北街,商务住宅;住宅区;住宅小区,汉北街8号,118.758836,32.041561,江苏省,南京市,鼓楼区,
4523,金贸新寓,商务住宅;住宅区;住宅小区,汉中门大街21-23号,118.762005,32.039202,江苏省,南京市,建邺区,
4524,凤凰庄小区,商务住宅;住宅区;住宅小区,凤凰街,118.761064,32.04134,江苏省,南京市,鼓楼区,
4525,郁金里,商务住宅;住宅区;住宅小区,汉中门大街,118.755283,32.039835,江苏省,南京市,鼓楼区,
4526,莫愁新寓迎春里,商务住宅;住宅区;住宅小区,胜棋街与迎春街交汇处西南100米,118.755239,32.038539,江苏省,南京市,鼓楼区,
4527,凤凰新村(郁金街),商务住宅;住宅区;住宅小区,鼓楼凤凰西街凤凰新村,118.756905,32.042051,江苏省,南京市,鼓楼区,
4528,凤凰二村,商务住宅;住宅区;住宅小区,凤凰西街91号附近(公交车站),118.757256,32.042267,江苏省,南京市,鼓楼区,
4529,建华里小区,商务住宅;住宅区;住宅小区,北圩路30号附近,118.754758,32.039017,江苏省,南京市,鼓楼区,
4530,蔚蓝之都家园,商务住宅;住宅区;住宅小区,汉中门2号香港名店街内(近凤凰街),118.762472,32.041169,江苏省,南京市,鼓楼区,
4531,汉中门大街小区,商务住宅;住宅区;住宅小区,汉中门大街与莫愁湖东路交叉口西南150米,118.763,32.040266,江苏省,南京市,建邺区,
4532,裕华新邨,商务住宅;住宅区;住宅小区,汉中门大桥旁凤凰西街59号,118.758615,32.042842,江苏省,南京市,鼓楼区,
4533,龙凤玫瑰园(凤凰西街),商务住宅;住宅区;住宅小区,凤凰西街163号,118.755238,32.041329,江苏省,南京市,鼓楼区,
4534,漫城名苑,商务住宅;住宅区;住宅小区,汉中门凤凰街55号,118.759963,32.043057,江苏省,南京市,鼓楼区,
4535,莫愁家园,商务住宅;住宅区;住宅小区,汉中门大街1-1号,118.763862,32.040025,江苏省,南京市,建邺区,
4536,凤凰西街229号小区,商务住宅;住宅区;住宅小区,凤凰西街229号,118.754203,32.040749,江苏省,南京市,鼓楼区,
4537,凤凰街八十四号小区,商务住宅;住宅区;住宅小区,凤凰街84号,118.761243,32.043688,江苏省,南京市,鼓楼区,
4538,中海凤凰熙岸3期,商务住宅;住宅区;住宅小区,凤凰东街与裕盛路交叉口南150米,118.757777,32.04401,江苏省,南京市,鼓楼区,
4539,莫愁湖西路小区,商务住宅;住宅区;住宅小区,莫愁湖西路1-20号,118.75666,32.0345,江苏省,南京市,建邺区,
4540,中海凤凰熙岸2期,商务住宅;住宅区;住宅小区,凤凰西街与北圩路交叉口东北200米,118.754218,32.042994,江苏省,南京市,鼓楼区,
4541,金基唐城,商务住宅;住宅区;住宅小区,水西门大街270号,118.754765,32.034949,江苏省,南京市,建邺区,
4542,中北商务大厦,商务住宅;楼宇;商务写字楼,汉中门大街81号,118.755272,32.037471,江苏省,南京市,建邺区,
4543,甲壳虫,商务住宅;楼宇;商住两用楼宇,汉中门凤凰街2号凤凰水岸广场,118.763388,32.042086,江苏省,南京市,鼓楼区,
4544,圣鹰大厦,商务住宅;楼宇;商务写字楼,汉中门大街87号圣鹰大厦1层,118.754727,32.037601,江苏省,南京市,建邺区,
4545,悦庆凤凰水岸广场,商务住宅;楼宇;商务写字楼,凤凰街2号,118.763065,32.042202,江苏省,南京市,鼓楼区,
4546,金鹰·汉中新城,商务住宅;楼宇;商务写字楼,汉中门大街1号金鹰特惠中心内(近汉中门地铁站),118.763681,32.040556,江苏省,南京市,建邺区,
4547,南京嘉园公寓龙凤玫瑰园店,商务住宅;商务住宅相关;商务住宅相关,凤凰西街与北圩路交汇处东南角龙凤玫瑰园小区内,118.754551,32.041126,江苏省,南京市,鼓楼区,
4548,南京市莫愁新寓小学(西门),商务住宅;商务住宅相关;商务住宅相关,汉北街20号,118.756527,32.041388,江苏省,南京市,鼓楼区,
4549,Soho,商务住宅;商务住宅相关;商务住宅相关,汉中门大街1号金鹰特惠中心2层,118.763695,32.040828,江苏省,南京市,建邺区,
4550,桃李王巷小区,商务住宅;住宅区;住宅小区,朝天宫陶李王巷,118.768989,32.038699,江苏省,南京市,秦淮区,
4551,陶李王巷新苑,商务住宅;住宅区;住宅小区,柏果树14号附近,118.769572,32.039588,江苏省,南京市,秦淮区,
4552,环宇商务中心,商务住宅;楼宇;商务写字楼,朝天宫堂子街24号环宇商务楼,118.770426,32.038153,江苏省,南京市,秦淮区,
4553,罗廊巷7号,商务住宅;住宅区;住宅区,罗廊路与堂子街交叉口东北100米,118.770478,32.038723,江苏省,南京市,秦淮区,
4554,罗廊巷11号,商务住宅;住宅区;住宅区,罗廊巷11号临附近,118.77063,32.039025,江苏省,南京市,秦淮区,
4555,柏果树新寓,商务住宅;住宅区;住宅小区,鼓楼柏果树新寓47-51号,118.76768,32.040295,江苏省,南京市,秦淮区,
4556,金墙大厦,商务住宅;楼宇;商务写字楼,虎踞南路28-30号,118.76701,32.039332,江苏省,南京市,秦淮区,
4557,贝客公寓,商务住宅;住宅区;住宅小区,罗廊巷2号附近,118.770791,32.038714,江苏省,南京市,秦淮区,
4558,陶李王巷16-22号小区,商务住宅;住宅区;住宅小区,陶李王巷16-22号,118.76874,32.040903,江苏省,南京市,秦淮区,
4559,翔宇大厦,商务住宅;楼宇;商务写字楼,虎踞南路34-8号,118.767802,32.037801,江苏省,南京市,秦淮区,
4560,陶李王巷14号,商务住宅;住宅区;住宅区,石鼓路223号5幢附近,118.770379,32.04043,江苏省,南京市,秦淮区,
4561,环宇轩小区,商务住宅;住宅区;住宅小区,堂子街10-20号,118.770502,32.037896,江苏省,南京市,秦淮区,
4562,罗廊巷2号小区,商务住宅;住宅区;住宅小区,罗廊巷2号,118.771059,32.038408,江苏省,南京市,秦淮区,
4563,苏商大厦(内环西线辅路),商务住宅;楼宇;商务写字楼,虎踞南路7号,118.767257,32.040592,江苏省,南京市,秦淮区,
4564,石鼓路小区,商务住宅;住宅区;住宅小区,石鼓路201,118.770342,32.040858,江苏省,南京市,秦淮区,
4565,候家桥43-109号小区,商务住宅;住宅区;住宅小区,莫愁路,118.771339,32.03924,江苏省,南京市,秦淮区,
4566,罗廊巷21-27号小区,商务住宅;住宅区;住宅小区,罗廊巷21-27号,118.771035,32.0403,江苏省,南京市,秦淮区,
4567,工交党校片小区,商务住宅;住宅区;住宅小区,堂子街39-49号,118.770091,32.037329,江苏省,南京市,秦淮区,
4568,罗廊巷29-37号小区,商务住宅;住宅区;住宅小区,罗廊巷29-37号,118.77108,32.040543,江苏省,南京市,秦淮区,
4569,虎踞南路小区,商务住宅;住宅区;住宅小区,汉西门大街与陶李王巷交叉口西100米,118.76748,32.04114,江苏省,南京市,秦淮区,
4570,通宇大厦,商务住宅;楼宇;商务写字楼,堂子街41号,118.77044,32.037272,江苏省,南京市,秦淮区,
4571,侯家桥小区,商务住宅;住宅区;住宅小区,侯家桥43号95-101号,118.77189,32.03929,江苏省,南京市,秦淮区,
4572,汉中苑,商务住宅;住宅区;住宅小区,虎踞南路40-48号,118.768177,32.036677,江苏省,南京市,秦淮区,
4573,新城·逸境,商务住宅;住宅区;住宅小区,莫愁湖东路50号附近,118.766203,32.037695,江苏省,南京市,建邺区,
4574,朝天宫西街102号小区,商务住宅;住宅区;住宅小区,朝天宫西街102号,118.771289,32.037261,江苏省,南京市,秦淮区,
4575,兴宇大厦,商务住宅;楼宇;商住两用楼宇,虎踞南路2-18号,118.766162,32.040823,江苏省,南京市,秦淮区,
4576,沁水景苑,商务住宅;住宅区;住宅小区,虎踞南路2-18号,118.766162,32.040823,江苏省,南京市,秦淮区,
4577,双鸿小区,商务住宅;住宅区;住宅小区,石鼓路216号,118.769755,32.042048,江苏省,南京市,秦淮区,
4578,鸿发大厦,商务住宅;住宅区;住宅小区,石鼓路216号a幢,118.770705,32.041868,江苏省,南京市,秦淮区,
4579,鸿邺大厦,商务住宅;住宅区;住宅小区,石鼓路228号,118.770704,32.041867,江苏省,南京市,秦淮区,
4580,张公桥居住区,商务住宅;住宅区;住宅小区,张公桥2号附近,118.770506,32.036276,江苏省,南京市,秦淮区,
4581,鸿运大厦(汉中路),商务住宅;楼宇;商务写字楼,汉中路185号,118.770455,32.042269,江苏省,南京市,秦淮区,
4582,金丝利国际大厦,商务住宅;楼宇;商务写字楼,汉中路169号金丝利喜来登酒店内(近牌楼巷),118.771214,32.042008,江苏省,南京市,秦淮区,
4583,侯家里小区,商务住宅;住宅区;住宅小区,侯家桥9号附近,118.773082,32.038409,江苏省,南京市,秦淮区,
4584,银翔商务,商务住宅;楼宇;商务写字楼|商务住宅;住宅区;住宅小区,虎踞南路49-7号,118.769636,32.035069,江苏省,南京市,秦淮区,
4585,艺华商业广场,商务住宅;楼宇;商务写字楼,朝天宫西街69号,118.771631,32.036113,江苏省,南京市,秦淮区,
4586,朝天宫西街九十八号小区,商务住宅;住宅区;住宅小区,朝天宫西街98号,118.772059,32.036454,江苏省,南京市,秦淮区,
4587,侯家桥16号小区,商务住宅;住宅区;住宅小区,侯家桥16号,118.773492,32.039134,江苏省,南京市,秦淮区,
4588,艺华公寓,商务住宅;楼宇;商住两用楼宇,朝天宫西街69号艺华公寓,118.771465,32.035899,江苏省,南京市,秦淮区,
4589,汉中路小区,商务住宅;住宅区;住宅小区,汉中路140-280号,118.77054,32.04295,江苏省,南京市,鼓楼区,
4590,万科·金色家园,商务住宅;住宅区;住宅小区,邺莫愁湖东路1-11号(莫愁湖),118.766023,32.036003,江苏省,南京市,建邺区,
4591,几米空间,商务住宅;住宅区;住宅区,秦淮朝天宫西街69号,118.771788,32.035998,江苏省,南京市,秦淮区,
4592,银翔公寓,商务住宅;住宅区;住宅小区,止马营154号,118.769837,32.035208,江苏省,南京市,秦淮区,
4593,汉中大楼,商务住宅;楼宇;商务写字楼,汉中路159号,118.772415,32.042268,江苏省,南京市,秦淮区,
4594,莫愁湖东路108巷小区,商务住宅;住宅区;住宅小区,莫愁湖东路48-5-1号附近,118.766947,32.03536,江苏省,南京市,建邺区,
4595,中兴新村,商务住宅;住宅区;住宅小区,朝天宫西街57号,118.771844,32.035498,江苏省,南京市,秦淮区,
4596,止马村,商务住宅;住宅区;住宅小区,朝天宫建邺路止马村2-16号,118.770444,32.03491,江苏省,南京市,秦淮区,
4597,金鹏大厦,商务住宅;楼宇;商务写字楼,华侨路汉中路218号/牌楼巷27号,118.771484,32.043289,江苏省,南京市,鼓楼区,
4598,金泽大厦,商务住宅;楼宇;商住两用楼宇,汉中路159号金泽大厦,118.773169,32.042145,江苏省,南京市,秦淮区,
4599,星汉大厦,商务住宅;楼宇;商务写字楼,汉中路180号,118.77227,32.043085,江苏省,南京市,鼓楼区,
4600,南京中医药大学教工宿舍(汉中路),商务住宅;住宅区;宿舍,萍聚村5号,118.766083,32.043619,江苏省,南京市,鼓楼区,
4601,君园北区,商务住宅;住宅区;住宅小区,莫愁湖东路18号,118.766955,32.034433,江苏省,南京市,建邺区,
4602,文津桥28号公馆,商务住宅;住宅区;住宅小区,文津桥28号,118.771837,32.03475,江苏省,南京市,秦淮区,
4603,止马营56号,商务住宅;住宅区;住宅区,范家塘56号附近,118.771472,32.034501,江苏省,南京市,秦淮区,
4604,西止马营住宅,商务住宅;住宅区;住宅区,朝天宫西止马营,118.772413,32.034476,江苏省,南京市,秦淮区,
4605,黄鹂新村,商务住宅;住宅区;住宅小区,莫愁路与朝天宫西街交界处,118.773237,32.035377,江苏省,南京市,秦淮区,
4606,汉中翠庭,商务住宅;住宅区;住宅小区,汉中门外大街1-5号,118.764565,32.043057,江苏省,南京市,鼓楼区,
4607,南京医科大学西苑学生公寓,商务住宅;住宅区;宿舍,牌楼巷39号,118.771904,32.04403,江苏省,南京市,鼓楼区,
4608,止马营54号,商务住宅;住宅区;住宅区,范家塘54号附近,118.772044,32.03443,江苏省,南京市,秦淮区,
4609,止马营52号,商务住宅;住宅区;住宅区,范家塘52号附近,118.77213,32.034365,江苏省,南京市,秦淮区,
4610,怡景花园(牌楼巷),商务住宅;住宅区;住宅小区,牌楼巷,118.772843,32.043769,江苏省,南京市,鼓楼区,
4611,虎踞路7号办公楼,商务住宅;楼宇;商务写字楼,虎踞路7号3/4层,118.764043,32.043954,江苏省,南京市,鼓楼区,
4612,汉西门大街2-8号,商务住宅;商务住宅相关;商务住宅相关,汉西门大街与石鼓路交叉口东南50米,118.76864,32.04122,江苏省,南京市,秦淮区,
4613,石鼓路225号(北门),商务住宅;商务住宅相关;商务住宅相关,石鼓路225号,118.76949,32.04139,江苏省,南京市,秦淮区,
4614,柏果树2号,商务住宅;住宅区;住宅区,南卫巷与堂子街交叉口北100米,118.768547,32.039721,江苏省,南京市,秦淮区,
4615,三茅宫小区,商务住宅;住宅区;住宅小区,秦淮王府大街与石鼓路交界处,118.77907,32.03874,江苏省,南京市,秦淮区,
4616,三茅宫小区西区,商务住宅;住宅区;住宅小区,王府大街20附近,118.778922,32.038696,江苏省,南京市,秦淮区,
4617,天堂街小区,商务住宅;住宅区;住宅小区,石鼓路95-105号,118.778753,32.039715,江苏省,南京市,秦淮区,
4618,三茅宫小区北区,商务住宅;住宅区;住宅小区,俞家巷与王府大街交叉口西南50米,118.779357,32.038635,江苏省,南京市,秦淮区,
4619,江苏交通大厦,商务住宅;楼宇;商务写字楼,石鼓路69号,118.779714,32.03961,江苏省,南京市,秦淮区,
4620,天堂街小区南区,商务住宅;住宅区;住宅区,俞家巷与王府大街交叉口西南50米,118.77898,32.03839,江苏省,南京市,秦淮区,
4621,王府大街小区,商务住宅;住宅区;住宅小区,新街口王府大街42号,118.77989,32.03879,江苏省,南京市,秦淮区,
4622,三茅宫小区东区,商务住宅;住宅区;住宅小区,俞家巷与王府大街交叉口东南50米,118.77955,32.038265,江苏省,南京市,秦淮区,
4623,三茅宫小区南区,商务住宅;住宅区;住宅区,俞家巷与王府大街交叉口南50米,118.77949,32.038241,江苏省,南京市,秦淮区,
4624,阳光大厦写字楼,商务住宅;楼宇;商务写字楼,石鼓路98号14楼,118.779865,32.04009,江苏省,南京市,秦淮区,
4625,阳光大厦(石鼓路),商务住宅;楼宇;商务写字楼,石鼓路98号,118.779859,32.040183,江苏省,南京市,秦淮区,
4626,俞家巷小区,商务住宅;住宅区;住宅小区,石鼓路43、45、47、49、51号,118.780381,32.038939,江苏省,南京市,秦淮区,
4627,六度写字楼网,商务住宅;楼宇;商务写字楼,石鼓路98号阳光大厦4层,118.77966,32.040371,江苏省,南京市,秦淮区,
4628,中治置业,商务住宅;住宅区;住宅区,石鼓路98号阳光大厦11层,118.77966,32.040371,江苏省,南京市,秦淮区,
4629,华威大厦(石鼓路),商务住宅;楼宇;商务写字楼,石鼓路107号,118.777983,32.04034,江苏省,南京市,秦淮区,
4630,金鹰国际花园,商务住宅;住宅区;住宅小区,石鼓路100号(新街口),118.7792,32.040742,江苏省,南京市,秦淮区,
4631,新街口小区,商务住宅;住宅区;住宅小区,新街口,118.77856,32.040719,江苏省,南京市,秦淮区,
4632,测绘大厦(王府大街),商务住宅;楼宇;商务写字楼,王府大街8号,118.780158,32.0405,江苏省,南京市,秦淮区,
4633,中泰大厦,商务住宅;楼宇;商务写字楼,王府大街63号,118.77945,32.037483,江苏省,南京市,秦淮区,
4634,圣欧庭,商务住宅;住宅区;住宅小区,秦淮新街口俞家巷18号,118.780426,32.037854,江苏省,南京市,秦淮区,
4635,王府花园(南台巷),商务住宅;住宅区;住宅小区,王府大街71号,118.779034,32.037119,江苏省,南京市,秦淮区,
4636,宁检大厦,商务住宅;楼宇;商务写字楼,秣陵路108号8楼,118.77778,32.037369,江苏省,南京市,秦淮区,
4637,王府国际花园,商务住宅;住宅区;住宅小区,秣陵路118号,118.77691,32.037971,江苏省,南京市,秦淮区,
4638,桂苑公寓(南台巷),商务住宅;住宅区;住宅小区,秦淮新街口王府大街南台巷11号桂苑公寓,118.779966,32.037031,江苏省,南京市,秦淮区,
4639,南京金鹰国际3期,商务住宅;楼宇;商务写字楼,新街口汉中路与螺丝转弯交接处,118.778459,32.041642,江苏省,南京市,秦淮区,
4640,金鹰国际商城,商务住宅;楼宇;商务写字楼,新街口汉中路89号,118.780481,32.04137,江苏省,南京市,秦淮区,
4641,五星年华大厦住宅楼,商务住宅;住宅区;住宅小区,汉中路138号,118.776618,32.041275,江苏省,南京市,秦淮区,
4642,金鹰国际购物中心新街口店A座,商务住宅;楼宇;商务写字楼,汉中路89号金鹰国际商城1-6层,118.780554,32.04138,江苏省,南京市,秦淮区,
4643,东方名苑,商务住宅;楼宇;商住两用楼宇,秦淮新街口石鼓路33号,118.781931,32.038605,江苏省,南京市,秦淮区,
4644,净观心灵家园,商务住宅;商务住宅相关;商务住宅相关,石鼓路33号东方名苑东座24层2405室,118.78193,32.038601,江苏省,南京市,秦淮区,
4645,建华大厦,商务住宅;楼宇;商务写字楼,石鼓路42号,118.782102,32.039448,江苏省,南京市,秦淮区,
4646,秣陵路20号小区,商务住宅;住宅区;住宅区,秣陵路20号,118.77987,32.036643,江苏省,南京市,秦淮区,
4647,金鹰B座,商务住宅;楼宇;商务写字楼,汉中路与螺丝转湾交叉口东南50米,118.778606,32.041904,江苏省,南京市,秦淮区,
4648,民族公寓,商务住宅;住宅区;住宅小区,秦淮新街口丰富路163号民族公寓,118.781052,32.037145,江苏省,南京市,秦淮区,
4649,民族大厦(丰富路),商务住宅;楼宇;商务写字楼,丰富路163-8号,118.781007,32.036987,江苏省,南京市,秦淮区,
4650,秣陵路小区,商务住宅;住宅区;住宅小区,秦淮秣陵路143号,118.776535,32.037182,江苏省,南京市,秦淮区,
4651,自由港青年公寓,商务住宅;商务住宅相关;商务住宅相关,丰富路163号民族公寓(新街口地铁站15号出口大洋百货),118.78128,32.03713,江苏省,南京市,秦淮区,
4652,南京基督教大楼,商务住宅;楼宇;商务写字楼,莫愁路390号,118.775404,32.038918,江苏省,南京市,秦淮区,
4653,五星年华大厦办公楼,商务住宅;楼宇;商务写字楼,汉中路139号,118.776664,32.041636,江苏省,南京市,秦淮区,
4654,闪光点教育24F,商务住宅;商务住宅相关;商务住宅相关,石鼓路42号建华大厦24层,118.78252,32.039364,江苏省,南京市,秦淮区,
4655,五星年华大厦,商务住宅;楼宇;商务写字楼,汉中路139号(上海路口),118.776813,32.04176,江苏省,南京市,秦淮区,
4656,冶山道院,商务住宅;住宅区;住宅小区,秦淮新街口王府大街118号附近,118.777189,32.036268,江苏省,南京市,秦淮区,
4657,大锏银巷2号,商务住宅;住宅区;住宅小区,大锏银巷2号鼓楼学区房,118.778732,32.042614,江苏省,南京市,鼓楼区,
4658,陆家巷物业小区,商务住宅;住宅区;住宅小区,丰富路陆家巷,118.782696,32.037887,江苏省,南京市,秦淮区,
4659,秣陵路101村,商务住宅;住宅区;住宅小区,秣陵路101号,118.776099,32.03673,江苏省,南京市,秦淮区,
4660,南京8090青年求职公寓金轮大厦店,商务住宅;商务住宅相关;商务住宅相关,华侨路街道汉中路108号金轮大厦内,118.778355,32.04262,江苏省,南京市,鼓楼区,
4661,金轮大厦,商务住宅;楼宇;商务写字楼,汉中路108-112号,118.778205,32.042698,江苏省,南京市,鼓楼区,
4662,青华大厦,商务住宅;楼宇;商务写字楼,汉中路120号,118.777666,32.042565,江苏省,南京市,鼓楼区,
4663,金轮汇贤楼,商务住宅;楼宇;商务写字楼,汉中路112号,118.77848,32.042794,江苏省,南京市,鼓楼区,
4664,桃园小区,商务住宅;住宅区;住宅小区,莫愁路306号附近,118.775478,32.037032,江苏省,南京市,秦淮区,
4665,建华大厦(东大门),商务住宅;商务住宅相关;商务住宅相关,石鼓路42,118.782102,32.039448,江苏省,南京市,秦淮区,
4666,建华大厦北区,商务住宅;楼宇;商务写字楼,石鼓路42号,118.782289,32.039511,江苏省,南京市,秦淮区,
4667,建华大厦东区,商务住宅;楼宇;商务写字楼,石鼓路42,118.78252,32.03937,江苏省,南京市,秦淮区,
4668,建华大厦物管处,商务住宅;商务住宅相关;商务住宅相关,石鼓路42-9临建华大厦2楼,118.782516,32.039519,江苏省,南京市,秦淮区,
4669,青华大厦东楼(汉中路),商务住宅;楼宇;商务写字楼,汉中路120号,118.777472,32.042647,江苏省,南京市,鼓楼区,
4670,丰富路125号,商务住宅;住宅区;住宅小区,丰富路与秣陵路交叉口北50米,118.78072,32.03588,江苏省,南京市,秦淮区,
4671,省中杏苑,商务住宅;住宅区;住宅小区,石鼓路165号,118.775068,32.040949,江苏省,南京市,秦淮区,
4672,金轮国际广场,商务住宅;楼宇;商务写字楼,汉中路8号金轮国际广场33楼,118.78036,32.042772,江苏省,南京市,鼓楼区,
4673,天安国际大厦,商务住宅;楼宇;商住两用楼宇,中山南路98-100号,118.783352,32.038885,江苏省,南京市,秦淮区,
4674,青华大厦西楼,商务住宅;楼宇;商务写字楼,汉中路120号,118.777378,32.042805,江苏省,南京市,鼓楼区,
4675,悠然兰亭,商务住宅;商务住宅相关;商务住宅相关,汉中路8号金轮国际广场16层,118.780342,32.042774,江苏省,南京市,鼓楼区,
4676,王府大街117号,商务住宅;住宅区;住宅小区,石榴新村与王府大街交叉口东北50米,118.77799,32.035496,江苏省,南京市,秦淮区,
4677,南京国际金融中心(洪武路营业部),商务住宅;楼宇;商务写字楼,汉中路1号,118.782996,32.040865,江苏省,南京市,秦淮区,
4678,金驼华尔兹,商务住宅;商务住宅相关;商务住宅相关,汉中路8号,118.7803,32.04287,江苏省,南京市,鼓楼区,
4679,银环公寓,商务住宅;商务住宅相关;商务住宅相关,鼓楼大锏银巷66号,118.77894,32.04307,江苏省,南京市,鼓楼区,
4680,上海路,商务住宅;住宅区;住宅区,广州路173-213号附近,118.77603,32.04218,江苏省,南京市,秦淮区,
4681,汉西门社区,商务住宅;住宅区;住宅小区,侯家桥,118.774409,32.038726,江苏省,南京市,秦淮区,
4682,石榴园,商务住宅;住宅区;住宅小区,丰富路与秣陵路交叉口西南100米,118.780127,32.035446,江苏省,南京市,秦淮区,
4683,富春里小区,商务住宅;住宅区;住宅小区,丰富路秣陵路口,118.780113,32.035369,江苏省,南京市,秦淮区,
4684,苏豪大厦(南1门),商务住宅;商务住宅相关;商务住宅相关,中山南路8号,118.783376,32.040419,江苏省,南京市,秦淮区,
4685,明瓦廊131号,商务住宅;住宅区;住宅区,明瓦廊与陆家巷交叉口北50米,118.783209,32.037616,江苏省,南京市,秦淮区,
4686,福中大厦,商务住宅;楼宇;商务写字楼,石鼓路明瓦廊133号,118.783444,32.038033,江苏省,南京市,秦淮区,
4687,苏豪大厦,商务住宅;楼宇;商务写字楼,中山南路8号,118.783538,32.040209,江苏省,南京市,秦淮区,
4688,金轮·华尔兹,商务住宅;楼宇;商务写字楼,"沈举人巷7号(金轮新天地,新街口西站)",118.780472,32.04308,江苏省,南京市,鼓楼区,
4689,华新大厦办公楼,商务住宅;楼宇;商务写字楼,管家桥9号,118.781359,32.042853,江苏省,南京市,鼓楼区,
4690,国药大厦(沈举人巷),商务住宅;楼宇;商务写字楼,沈举人巷5号,118.781114,32.042913,江苏省,南京市,鼓楼区,
4691,自由空间别墅聚会,商务住宅;住宅区;住宅区,汉中路1号南京国际金融中心,118.783117,32.041283,江苏省,南京市,秦淮区,
4692,民信财富中心,商务住宅;商务住宅相关;商务住宅相关,汉中路1号,118.78325,32.0411,江苏省,南京市,秦淮区,
4693,舞彩国际棕榈湾,商务住宅;商务住宅相关;商务住宅相关,淮区中山南路2号南京国际金融中心29层,118.783248,32.041098,江苏省,南京市,秦淮区,
4694,候家桥2-8号安全院落,商务住宅;商务住宅相关;商务住宅相关,侯家桥8号,118.774086,32.038834,江苏省,南京市,秦淮区,
4695,华新大厦,商务住宅;楼宇;商住两用楼宇,新街口管家桥9号(金鹰百货对面),118.781484,32.042753,江苏省,南京市,鼓楼区,
4696,爱德商务中心,商务住宅;楼宇;商务写字楼,大锏银巷16号1幢,118.777523,32.04355,江苏省,南京市,鼓楼区,
4697,华新大厦办公楼(北门),商务住宅;商务住宅相关;商务住宅相关,管家桥9号,118.781455,32.042884,江苏省,南京市,鼓楼区,
4698,长发华辰大厦,商务住宅;楼宇;商务写字楼,秦淮新街口沈举人巷19号,118.77948,32.04343,江苏省,南京市,鼓楼区,
4699,管家桥9号,商务住宅;住宅区;住宅区,沈举人巷与管家桥交叉口西100米,118.781433,32.042945,江苏省,南京市,鼓楼区,
4700,大涧银巷16号,商务住宅;住宅区;住宅小区,大锏银巷16号,118.777743,32.043429,江苏省,南京市,鼓楼区,
4701,华辰大厦(西门),商务住宅;商务住宅相关;商务住宅相关,慈悲社55号附近,118.779442,32.043535,江苏省,南京市,鼓楼区,
4702,新华日报宿舍,商务住宅;住宅区;宿舍,大锏银巷11号,118.778168,32.043538,江苏省,南京市,鼓楼区,
4703,大锏银巷16号院(东门),商务住宅;商务住宅相关;商务住宅相关,大锏银巷与沈举人巷交叉口西50米,118.778811,32.04359,江苏省,南京市,鼓楼区,
4704,安心国际,商务住宅;商务住宅相关;商务住宅相关,新街口汉中路1号华新大厦办公楼4层,118.781509,32.043071,江苏省,南京市,鼓楼区,
4705,南京电大综合楼,商务住宅;商务住宅相关;商务住宅相关,红花街道游府西街46号,118.78874,32.039511,江苏省,南京市,秦淮区,
4706,劳动大厦(抄纸巷),商务住宅;楼宇;商务写字楼,游府西街53-2号,118.789153,32.038555,江苏省,南京市,秦淮区,
4707,有福家苑,商务住宅;住宅区;住宅小区,游府西街42号,118.789602,32.039565,江苏省,南京市,秦淮区,
4708,东方金融大厦(游府西街),商务住宅;楼宇;商务写字楼,洪武路29号东方金融大厦,118.788081,32.039393,江苏省,南京市,秦淮区,
4709,隆盛大厦(抄纸巷),商务住宅;楼宇;商务写字楼,洪武路23号,118.788559,32.040019,江苏省,南京市,秦淮区,
4710,高景·中央海岸,商务住宅;商务住宅相关;商务住宅相关,洪武路38号正洪大厦21层,118.787259,32.039889,江苏省,南京市,秦淮区,
4711,游府新村,商务住宅;住宅区;住宅小区,游府西街,118.790202,32.038007,江苏省,南京市,秦淮区,
4712,华泰证券大厦(洪武路),商务住宅;楼宇;商务写字楼,中山东路90号,118.788409,32.0408,江苏省,南京市,秦淮区,
4713,淮海路31号院,商务住宅;住宅区;住宅小区,淮海路31号,118.789048,32.03745,江苏省,南京市,秦淮区,
4714,南京金贸大厦,商务住宅;楼宇;商住两用楼宇,洪武路50号,118.786801,32.039041,江苏省,南京市,秦淮区,
4715,正洪大厦,商务住宅;楼宇;商务写字楼,洪武路38号,118.786852,32.039816,江苏省,南京市,秦淮区,
4716,白下科技创业社区,商务住宅;住宅区;住宅小区,中山集团南京中山电子城4-5层,118.787811,32.037588,江苏省,南京市,秦淮区,
4717,天丰大厦,商务住宅;楼宇;商务写字楼,洪武路26号,118.787406,32.040634,江苏省,南京市,秦淮区,
4718,江苏广播大厦,商务住宅;楼宇;商务写字楼,中山东路132号,118.790892,32.040205,江苏省,南京市,秦淮区,
4719,十二星座之射手座,商务住宅;商务住宅相关;商务住宅相关,新街口中山电子城1楼1B418室,118.787815,32.037456,江苏省,南京市,秦淮区,
4720,中央商务楼,商务住宅;楼宇;商务写字楼,正洪街61号,118.785925,32.039381,江苏省,南京市,秦淮区,
4721,东宇大厦,商务住宅;楼宇;商务写字楼,正洪街18号(近淮海路),118.786376,32.03907,江苏省,南京市,秦淮区,
4722,工人文化宫综合楼,商务住宅;楼宇;商务写字楼,中山东路54号,118.786551,32.040192,江苏省,南京市,秦淮区,
4723,天瑞地安(南京校区),商务住宅;商务住宅相关;商务住宅相关,洪武路东宇大厦27楼,118.786359,32.03874,江苏省,南京市,秦淮区,
4724,社团中心,商务住宅;商务住宅相关;商务住宅相关,中山东路56号南6楼,118.787706,32.041277,江苏省,南京市,秦淮区,
4725,蔡家花园6号,商务住宅;住宅区;住宅小区,延龄巷与蔡家花园交叉口西北100米,118.791664,32.039448,江苏省,南京市,秦淮区,
4726,新街口商业街社区,商务住宅;住宅区;住宅小区,双塘巷与游府西街交叉口南100米,118.791231,32.037851,江苏省,南京市,秦淮区,
4727,南京市总工会办公楼,商务住宅;楼宇;商务写字楼,中山东路105,118.789033,32.041652,江苏省,南京市,玄武区,
4728,南京图书发行大厦,商务住宅;楼宇;商务写字楼,中山东路56号,118.787383,32.041241,江苏省,南京市,秦淮区,
4729,太平洋大厦(抄纸巷),商务住宅;楼宇;商务写字楼,洪武路137号,118.787929,32.036876,江苏省,南京市,秦淮区,
4730,雨顺商务楼,商务住宅;商务住宅相关;商务住宅相关,延龄巷60号,118.792509,32.039211,江苏省,南京市,秦淮区,
4731,壹零壹座,商务住宅;楼宇;商住两用楼宇|商务住宅;住宅区;住宅小区,中山东路139号(中山东路与邓府街交汇处),118.789803,32.041895,江苏省,南京市,玄武区,
4732,淮海新村,商务住宅;住宅区;住宅小区,户部街26号,118.789073,32.036271,江苏省,南京市,秦淮区,
4733,内明中心,商务住宅;商务住宅相关;商务住宅相关,淮海路13号,118.790928,32.036779,江苏省,南京市,秦淮区,
4734,和点玉园(中央商场),商务住宅;商务住宅相关;商务住宅相关,中山南路79号F1层,118.785513,32.038556,江苏省,南京市,秦淮区,
4735,抄纸巷小区,商务住宅;住宅区;住宅小区,抄纸巷1-10号,118.787824,32.036285,江苏省,南京市,秦淮区,
4736,邓府巷3期,商务住宅;住宅区;住宅小区,中山东路,118.788984,32.042311,江苏省,南京市,玄武区,
4737,游府西街8号小区,商务住宅;住宅区;住宅小区,游府西街8号,118.792547,32.038262,江苏省,南京市,秦淮区,
4738,苏宁电器大厦,商务住宅;楼宇;商务写字楼,新街口淮海路68号,118.78608,32.037011,江苏省,南京市,秦淮区,
4739,南京中心,商务住宅;楼宇;商务写字楼,汉中路1号南京国际金融中心46层D,118.785385,32.040561,江苏省,南京市,秦淮区,
4740,中国人民银行南京分行宿舍,商务住宅;住宅区;宿舍,延龄巷135-145号,118.79258,32.040304,江苏省,南京市,秦淮区,
4741,长江路9号期,商务住宅;楼宇;商务写字楼,邓府巷与青石街交叉口西100米,118.788939,32.042511,江苏省,南京市,玄武区,
4742,延龄巷72号,商务住宅;住宅区;住宅区,延龄巷与祠堂巷交叉口东50米,118.792792,32.0398,江苏省,南京市,秦淮区,
4743,金淮海商务中心,商务住宅;楼宇;商务写字楼,淮海路2-3号,118.785129,32.037497,江苏省,南京市,秦淮区,
4744,南京国际贸易中心,商务住宅;楼宇;商务写字楼,新街口中山东路18号,118.785647,32.041226,江苏省,南京市,秦淮区,
4745,扬子大厦,商务住宅;楼宇;商务写字楼,淮海路50号,118.785487,32.037308,江苏省,南京市,秦淮区,
4746,中农里13号,商务住宅;住宅区;住宅区,小松涛巷与游府西街交叉口北100米,118.792968,32.038507,江苏省,南京市,秦淮区,
4747,25楼,商务住宅;商务住宅相关;商务住宅相关,中山东路18号国贸大厦25楼(近中山南路),118.785251,32.041085,江苏省,南京市,秦淮区,
4748,大行宫大厦,商务住宅;楼宇;商务写字楼,中山东路147号,118.792138,32.041613,江苏省,南京市,玄武区,
4749,商茂世纪广场,商务住宅;楼宇;商务写字楼,中山南路49号商茂世纪广场,118.784686,32.039573,江苏省,南京市,秦淮区,
4750,华盈国际大厦,商务住宅;楼宇;商务写字楼,新街口淮海路金銮巷9号,118.78584,32.03662,江苏省,南京市,秦淮区,
4751,青石花苑,商务住宅;住宅区;住宅小区,青石街11号,118.787391,32.042848,江苏省,南京市,玄武区,
4752,羊皮巷小区,商务住宅;住宅区;住宅小区,秦淮淮海路羊皮巷,118.786873,32.035761,江苏省,南京市,秦淮区,
4753,羊皮巷高层公寓,商务住宅;住宅区;住宅小区,洪武路160号,118.786702,32.035782,江苏省,南京市,秦淮区,
4754,商茂世纪广场(东1门),商务住宅;商务住宅相关;商务住宅相关,中山南路与新街口步行街交叉口东南100米,118.784839,32.039807,江苏省,南京市,秦淮区,
4755,长发银座(北门),商务住宅;商务住宅相关;商务住宅相关,洪武路199号,118.787639,32.035651,江苏省,南京市,秦淮区,
4756,中城国际广场,商务住宅;住宅区;住宅区,太平南路166号(淮海路与太平南路交叉口),118.791479,32.036071,江苏省,南京市,秦淮区,
4757,南京国际贸易中心(西门),商务住宅;商务住宅相关;商务住宅相关,中山东路18号,118.785307,32.041475,江苏省,南京市,秦淮区,
4758,南京国际小商城南京售楼中心,商务住宅;商务住宅相关;商务住宅相关,中山东路198号龙台国际大厦12层1201室,118.7933,32.040419,江苏省,南京市,秦淮区,
4759,新澳大厦,商务住宅;楼宇;商务写字楼,淮海路2-2号,118.784669,32.037442,江苏省,南京市,秦淮区,
4760,远洋国际中心北区,商务住宅;楼宇;商住两用楼宇,太平南路166号(太平南路与淮海路交汇处),118.792899,32.037115,江苏省,南京市,秦淮区,
4761,华庭(南京新百),商务住宅;商务住宅相关;商务住宅相关,中山南路3号F7层,118.784509,32.040457,江苏省,南京市,秦淮区,
4762,鑫之磊财富中心,商务住宅;商务住宅相关;商务住宅相关,新街口广场中山东路9号天时国际商贸中心天时国际商贸中心10层,118.785548,32.04195,江苏省,南京市,玄武区,
4763,天之都大厦,商务住宅;楼宇;商住两用楼宇,户部街33号(长发银座),118.788495,32.035208,江苏省,南京市,秦淮区,
4764,风尚城,商务住宅;商务住宅相关;商务住宅相关,淮海路50号(近羊皮巷),118.785431,32.036556,江苏省,南京市,秦淮区,
4765,东渡大厦商务楼(延龄巷),商务住宅;楼宇;商务写字楼,延龄巷2-1,118.791412,32.035415,江苏省,南京市,秦淮区,
4766,新街口昆贝拉开运眉绣眉中心,商务住宅;楼宇;商务写字楼,龙华东路9号天时商贸10楼G座(新街口),118.785414,32.041903,江苏省,南京市,玄武区,
4767,长发银座,商务住宅;楼宇;商务写字楼,洪武路199号(新街口),118.787683,32.035325,江苏省,南京市,秦淮区,
4768,力联大夏,商务住宅;楼宇;商务写字楼,户部街29号(西楼),118.789402,32.035165,江苏省,南京市,秦淮区,
4769,天时科技园,商务住宅;楼宇;商务写字楼,中山东路9号天时国际商贸中心,118.78547,32.042037,江苏省,南京市,玄武区,
4770,长江路九号街区,商务住宅;住宅区;住宅区,长江路111号,118.790159,32.04313,江苏省,南京市,玄武区,
4771,延龄巷5号院(南门),商务住宅;商务住宅相关;商务住宅相关,延龄巷与火瓦巷交叉口西100米,118.790322,32.035315,江苏省,南京市,秦淮区,
4772,力联大厦西楼,商务住宅;楼宇;商住两用楼宇,户部街29号,118.789372,32.035061,江苏省,南京市,秦淮区,
4773,哆咪咪艺术花园,商务住宅;商务住宅相关;商务住宅相关,户部街33号天之都大厦32层,118.78847,32.035141,江苏省,南京市,秦淮区,
4774,艾蕊尔创意花园,商务住宅;商务住宅相关;商务住宅相关,户部街33号天之都大厦8层,118.78847,32.035141,江苏省,南京市,秦淮区,
4775,长江路九号街区东区,商务住宅;商务住宅相关;商务住宅相关,邓府巷18号,118.79009,32.0432,江苏省,南京市,玄武区,
4776,长江路九号街区西区,商务住宅;住宅区;住宅区,邓府巷19号,118.78978,32.043281,江苏省,南京市,玄武区,
4777,力联大厦-东楼,商务住宅;楼宇;商务写字楼,户部街19号,118.789743,32.035025,江苏省,南京市,秦淮区,
4778,东渡大厦(延龄巷),商务住宅;楼宇;商务写字楼,延龄巷与火瓦巷交叉口东北50米,118.791224,32.035417,江苏省,南京市,秦淮区,
4779,长发银座A座,商务住宅;楼宇;商务写字楼,洪武路199号,118.787702,32.035136,江苏省,南京市,秦淮区,
4780,威海香水湾,商务住宅;商务住宅相关;商务住宅相关,户部街29-8号附近,118.789635,32.035091,江苏省,南京市,秦淮区,
4781,远洋国际中心,商务住宅;楼宇;商住两用楼宇,太平南路168号(太平南路与淮海路交汇处),118.792127,32.036043,江苏省,南京市,秦淮区,
4782,延龄巷5号院(东门),商务住宅;商务住宅相关;商务住宅相关,延龄巷5号,118.790944,32.035409,江苏省,南京市,秦淮区,
4783,长发银座B座,商务住宅;楼宇;商务写字楼,洪武路199号,118.787804,32.035111,江苏省,南京市,秦淮区,
4784,江苏文化大厦,商务住宅;楼宇;商务写字楼,中山南路89号(羊皮巷口),118.784549,32.037139,江苏省,南京市,秦淮区,
4785,龙台国际大厦,商务住宅;楼宇;商务写字楼,中山东路198号(太平南路口),118.793755,32.040438,江苏省,南京市,秦淮区,
4786,天羽美岸,商务住宅;商务住宅相关;商务住宅相关,洪武路199号长发银座A座6层,118.78757,32.035121,江苏省,南京市,秦淮区,
4787,远洋国际中心南区,商务住宅;楼宇;商住两用楼宇,太平南路168号,118.79248,32.036177,江苏省,南京市,秦淮区,
4788,洪武公馆,商务住宅;楼宇;商住两用楼宇,洪武路166号4层(近建设银行),118.786875,32.035245,江苏省,南京市,秦淮区,
4789,长江路九号2期,商务住宅;住宅区;住宅小区,双府巷18,118.790503,32.043337,江苏省,南京市,玄武区,
4790,斯亚·置地广场,商务住宅;楼宇;商务写字楼,洪武北路55号,118.787709,32.043474,江苏省,南京市,玄武区,
4791,长江路九号1期,商务住宅;住宅区;住宅小区,长江路109号,118.789271,32.043592,江苏省,南京市,玄武区,
4792,未来域白领公寓新街口旗舰店,商务住宅;住宅区;住宅小区,小火瓦巷48村12号,118.788354,32.034832,江苏省,南京市,秦淮区,
4793,杨公井25号,商务住宅;住宅区;住宅区,杨公井23号附近,118.791852,32.035563,江苏省,南京市,秦淮区,
4794,东屏湖9号市区接待中心,商务住宅;商务住宅相关;商务住宅相关,户部街与火瓦巷交叉口西100米,118.79032,32.03494,江苏省,南京市,秦淮区,
4795,斯亚·置地广场(西门),商务住宅;商务住宅相关;商务住宅相关,洪武北路55号,118.78758,32.04352,江苏省,南京市,玄武区,
4796,碑亭巷25号小区,商务住宅;住宅区;住宅小区,碑亭巷25号,118.792952,32.042078,江苏省,南京市,玄武区,
4797,户部街小区,商务住宅;住宅区;住宅小区,火瓦巷59号,118.790268,32.034859,江苏省,南京市,秦淮区,
4798,益乐苑,商务住宅;住宅区;住宅小区,小火瓦巷48村10号,118.788489,32.034711,江苏省,南京市,秦淮区,
4799,艺术大楼,商务住宅;楼宇;商务写字楼,中山南路101号,118.785054,32.035967,江苏省,南京市,秦淮区,
4800,洪武路小区,商务住宅;住宅区;住宅小区,碑亭巷10号,118.793621,32.041504,江苏省,南京市,玄武区,
4801,忠林坊,商务住宅;住宅区;住宅小区,中山东路21号,118.786296,32.043248,江苏省,南京市,玄武区,
4802,中山南路小区,商务住宅;住宅区;住宅小区,中山南路101号,118.78465,32.03618,江苏省,南京市,秦淮区,
4803,杨公井服务大楼,商务住宅;楼宇;商务写字楼,杨公井15-2号,118.792237,32.035479,江苏省,南京市,秦淮区,
4804,金銮大厦,商务住宅;楼宇;商务写字楼,中山南路101号,118.784578,32.036281,江苏省,南京市,秦淮区,
4805,火瓦巷59号院,商务住宅;住宅区;住宅区,火瓦巷59号,118.790444,32.034669,江苏省,南京市,秦淮区,
4806,长江9号大厦,商务住宅;楼宇;商务写字楼,长江路与洪武路的交汇处,118.789836,32.043914,江苏省,南京市,玄武区,
4807,青石街小区,商务住宅;住宅区;住宅小区,青石街42号(公交车站),118.785764,32.043161,江苏省,南京市,玄武区,
4808,杨公井15号,商务住宅;住宅区;住宅区,三十四标与杨公井交叉口西100米,118.792399,32.035437,江苏省,南京市,秦淮区,
4809,中国建设银行大厦,商务住宅;楼宇;商务写字楼,洪武路188号,118.786564,32.034788,江苏省,南京市,秦淮区,
4810,中山东路小区,商务住宅;住宅区;住宅小区,五老村街道普华巷11号,118.800035,32.039139,江苏省,南京市,秦淮区,
4811,新时代大厦(长白街),商务住宅;楼宇;商务写字楼,中山东路402号,118.798699,32.040399,江苏省,南京市,秦淮区,
4812,南京外贸口岸大楼,商务住宅;楼宇;商务写字楼,中山东路378号,118.798294,32.040418,江苏省,南京市,秦淮区,
4813,科巷70号,商务住宅;住宅区;住宅区,长白街,118.797676,32.038394,江苏省,南京市,秦淮区,
4814,江苏冶金大厦,商务住宅;楼宇;商务写字楼,中山东路412号,118.800096,32.040278,江苏省,南京市,秦淮区,
4815,长发中心,商务住宅;楼宇;商务写字楼,秦淮新街口中山东路300号,118.797261,32.039834,江苏省,南京市,秦淮区,
4816,坤驰房地产四条巷店,商务住宅;商务住宅相关;商务住宅相关,四条巷76号102室,118.79908,32.03761,江苏省,南京市,秦淮区,
4817,五老村小区,商务住宅;住宅区;住宅小区,秦淮常府街五老村,118.797753,32.037804,江苏省,南京市,秦淮区,
4818,物资大厦(普华巷),商务住宅;楼宇;商务写字楼,中山东路416号,118.800554,32.040339,江苏省,南京市,秦淮区,
4819,科巷68号公馆,商务住宅;住宅区;住宅小区,科巷68号,118.796915,32.038593,江苏省,南京市,秦淮区,
4820,南京大美天第,商务住宅;商务住宅相关;商务住宅相关,中山东路448号普华大厦14楼,118.800742,32.040257,江苏省,南京市,秦淮区,
4821,新巷小区,商务住宅;住宅区;住宅小区,新巷34号,118.796968,32.038253,江苏省,南京市,秦淮区,
4822,东甫嘉玉小区,商务住宅;住宅区;住宅小区,中山东路300号长发中心a栋12楼g座,118.79724,32.040559,江苏省,南京市,秦淮区,
4823,普华大厦,商务住宅;楼宇;商务写字楼,中山东路448号,118.800943,32.040258,江苏省,南京市,秦淮区,
4824,华一金阁,商务住宅;商务住宅相关;商务住宅相关,中山东路300号长发中心A座8层,118.797089,32.040571,江苏省,南京市,秦淮区,
4825,卧龙湖,商务住宅;商务住宅相关;商务住宅相关,中山东路300号长发中心A座16层,118.797089,32.040571,江苏省,南京市,秦淮区,
4826,云庭,商务住宅;商务住宅相关;商务住宅相关,中山东路300号长发中心A座26层,118.797089,32.040571,江苏省,南京市,秦淮区,
4827,逸仙SOHO公寓,商务住宅;住宅区;住宅小区,三条巷102号,118.801427,32.039162,江苏省,南京市,秦淮区,
4828,中央饭店-商务中心,商务住宅;商务住宅相关;商务住宅相关,中山东路237号中央饭店,118.79747,32.04129,江苏省,南京市,玄武区,
4829,仁义里,商务住宅;住宅区;住宅小区,四条巷74号附近,118.799171,32.036982,江苏省,南京市,秦淮区,
4830,科巷新寓,商务住宅;住宅区;住宅小区,长白街科巷39号,118.796224,32.039806,江苏省,南京市,秦淮区,
4831,良友里小区,商务住宅;住宅区;住宅小区,仁寿里与文昌巷交汇处东北100米,118.79929,32.036769,江苏省,南京市,秦淮区,
4832,中国人寿广场,商务住宅;楼宇;商务写字楼,中山东路298号大行宫,118.796356,32.040414,江苏省,南京市,秦淮区,
4833,魔方城市公寓,商务住宅;商务住宅相关;商务住宅相关,东白菜园7-1号(科巷菜场楼上),118.795873,32.03845,江苏省,南京市,秦淮区,
4834,三条巷小区(三条巷),商务住宅;住宅区;住宅小区,三条巷66号附近,118.801272,32.03721,江苏省,南京市,秦淮区,
4835,纺织大厦(英威街),商务住宅;楼宇;商务写字楼,中山东路482号,118.802113,32.039976,江苏省,南京市,秦淮区,
4836,六合里(三条巷),商务住宅;住宅区;住宅小区,三条巷与仁寿里交叉口北150米,118.800198,32.0366,江苏省,南京市,秦淮区,
4837,仁寿里24号,商务住宅;住宅区;住宅区,仁寿里与文昌巷交叉口东100米,118.799294,32.036256,江苏省,南京市,秦淮区,
4838,仁寿里18号,商务住宅;住宅区;住宅区,仁寿里12号附近,118.799564,32.036272,江苏省,南京市,秦淮区,
4839,东白菜园小区,商务住宅;住宅区;住宅小区,文昌巷35号附近,118.795718,32.037878,江苏省,南京市,秦淮区,
4840,仁寿里26号,商务住宅;住宅区;住宅区,仁寿里与文昌巷交叉口东50米,118.798846,32.036191,江苏省,南京市,秦淮区,
4841,汉府街37号小区,商务住宅;住宅区;住宅小区,玄武汉府街37号,118.800786,32.041847,江苏省,南京市,玄武区,
4842,仁寿里8号,商务住宅;住宅区;住宅区,三条巷与仁寿里交叉口西北100米,118.799867,32.036149,江苏省,南京市,秦淮区,
4843,联威置业,商务住宅;楼宇;商务写字楼,大行宫科巷10号,118.7952,32.03929,江苏省,南京市,秦淮区,
4844,新世纪广场A幢,商务住宅;楼宇;商务写字楼,中山东路288之2-3号,118.795339,32.040396,江苏省,南京市,秦淮区,
4845,钟岚里,商务住宅;住宅区;住宅小区,汉府街35号钟岚里,118.80146,32.041687,江苏省,南京市,玄武区,
4846,都市名园,商务住宅;楼宇;商住两用楼宇,大行宫西白菜园33号,118.795055,32.039051,江苏省,南京市,秦淮区,
4847,国际贵都,商务住宅;住宅区;住宅区,太平南路1号,118.79532,32.040415,江苏省,南京市,秦淮区,
4848,新世纪广场B幢,商务住宅;楼宇;商务写字楼,太平南路科巷1号,118.795125,32.039956,江苏省,南京市,秦淮区,
4849,汉府大厦,商务住宅;楼宇;商务写字楼,中山东路291号,118.802344,32.040913,江苏省,南京市,玄武区,
4850,万悦城招商中心,商务住宅;商务住宅相关;商务住宅相关,中山东路288号新世纪广场A幢11层,118.795409,32.0407,江苏省,南京市,秦淮区,
4851,天涯社区,商务住宅;住宅区;住宅小区,中山东路288号新世纪广场A幢36层,118.79541,32.0407,江苏省,南京市,秦淮区,
4852,二条巷小区,商务住宅;住宅区;住宅小区,二条巷31号,118.802086,32.037171,江苏省,南京市,秦淮区,
4853,逸仙名居,商务住宅;住宅区;住宅小区,头条巷50-58号(公交车站),118.803019,32.038759,江苏省,南京市,秦淮区,
4854,仁寿里4号,商务住宅;住宅区;住宅区,三条巷与仁寿里交叉口西北50米,118.800283,32.035934,江苏省,南京市,秦淮区,
4855,莫奈花园,商务住宅;商务住宅相关;商务住宅相关,太平南路1号大行宫新世纪广场B座1009室近中山南路,118.794849,32.03976,江苏省,南京市,秦淮区,
4856,秦淮区机关办公大楼,商务住宅;楼宇;商务写字楼,太平南路69号,118.7945,32.03899,江苏省,南京市,秦淮区,
4857,三一里,商务住宅;住宅区;住宅小区,三条巷与头条巷交叉口西50米,118.800151,32.035392,江苏省,南京市,秦淮区,
4858,水域景城,商务住宅;商务住宅相关;商务住宅相关,中山东路218号长安国际中心8层,118.79451,32.0406,江苏省,南京市,秦淮区,
4859,大杨村26号B座,商务住宅;商务住宅相关;商务住宅相关,文昌巷与新巷交叉口西南100米,118.796501,32.03575,江苏省,南京市,秦淮区,
4860,三条巷30号商务楼A座,商务住宅;楼宇;商务写字楼,三条巷30号,118.800843,32.036041,江苏省,南京市,秦淮区,
4861,四条巷32号院,商务住宅;住宅区;住宅区,仁寿里与文昌巷交叉口南50米,118.798531,32.035741,江苏省,南京市,秦淮区,
4862,翻糖壹号公馆,商务住宅;商务住宅相关;商务住宅相关,科巷1号新世纪广场B栋906室,118.794849,32.03976,江苏省,南京市,秦淮区,
4863,东白菜园84号,商务住宅;住宅区;住宅区,文昌巷与红花地交叉口东北50米,118.795535,32.037199,江苏省,南京市,秦淮区,
4864,爱若音符2915,商务住宅;商务住宅相关;商务住宅相关,太平南路1号新世纪大厦B座29楼2915室,118.794539,32.039391,江苏省,南京市,秦淮区,
4865,Commwicial Cenlei商务中心,商务住宅;商务住宅相关;商务住宅相关,太平南路2号日月大厦18层,118.79399,32.040111,江苏省,南京市,秦淮区,
4866,梅园新村31-33号民国住宅,商务住宅;商务住宅相关;商务住宅相关,梅园新村31号,118.801761,32.04283,江苏省,南京市,玄武区,
4867,红花地45号,商务住宅;住宅区;住宅区,东白菜园与文昌巷交叉口西南100米,118.795601,32.036235,江苏省,南京市,秦淮区,
4868,宝庆大厦,商务住宅;楼宇;商务写字楼,太平南路107号,118.79421,32.038185,江苏省,南京市,秦淮区,
4869,美好商务中心,商务住宅;楼宇;商务写字楼,太平南路137号,118.794,32.037274,江苏省,南京市,秦淮区,
4870,头条巷小区,商务住宅;住宅区;住宅小区,秦淮常府街二条巷,118.801589,32.035575,江苏省,南京市,秦淮区,
4871,日月大厦(铜井巷),商务住宅;楼宇;商务写字楼,太平南路2号,118.793983,32.04005,江苏省,南京市,秦淮区,
4872,梅园新村28-29号民国住宅,商务住宅;商务住宅相关;商务住宅相关,梅园新村28号,118.80222,32.04281,江苏省,南京市,玄武区,
4873,长安国际中心(太平南路),商务住宅;楼宇;商务写字楼,中山东路218长安国际中心29层,118.794115,32.040661,江苏省,南京市,秦淮区,
4874,红花地,商务住宅;住宅区;住宅小区,太平南路,118.794566,32.036813,江苏省,南京市,秦淮区,
4875,四条巷小区,商务住宅;住宅区;住宅小区,四条巷18号,118.79862,32.034792,江苏省,南京市,秦淮区,
4876,解放路6号小区,商务住宅;住宅区;住宅小区,中山东路520-1,118.809954,32.038942,江苏省,南京市,秦淮区,
4877,西华东村社区,商务住宅;住宅区;住宅小区|地名地址信息;普通地名;村庄级地名,中山东路518号,118.807702,32.038873,江苏省,南京市,秦淮区,
4878,五十五所宿舍区,商务住宅;住宅区;宿舍,中山东路522号8-2106,118.81145,32.039565,江苏省,南京市,秦淮区,
4879,解放路36号小区,商务住宅;住宅区;住宅小区,解放路36号,118.809885,32.036285,江苏省,南京市,秦淮区,
4880,熊猫中央广场项目,商务住宅;楼宇;商住两用楼宇,中山东路301号,118.806372,32.041372,江苏省,南京市,玄武区,
4881,瑞金北村(瑞北路),商务住宅;住宅区;住宅小区,瑞金路以北,118.812494,32.036348,江苏省,南京市,秦淮区,
4882,解放路42号综合楼,商务住宅;楼宇;商务写字楼,解放路42号,118.809907,32.035018,江苏省,南京市,秦淮区,
4883,江苏软件园二号馆,商务住宅;楼宇;商务写字楼,龙蟠中路168号,118.805616,32.0424,江苏省,南京市,玄武区,
4884,黄埔科技大厦,商务住宅;楼宇;商务写字楼,黄埔路2号汽摩大市场,118.811163,32.043209,江苏省,南京市,玄武区,
4885,黄埔花园(黄埔路),商务住宅;住宅区;住宅小区,黄埔路2号,118.812505,32.042486,江苏省,南京市,玄武区,
4886,瑞金北村二区,商务住宅;住宅区;住宅小区,瑞虹巷与解放路交叉口东北150米,118.81159,32.035203,江苏省,南京市,秦淮区,
4887,金城大厦,商务住宅;楼宇;商务写字楼,龙蟠中路216号,118.804435,32.036427,江苏省,南京市,秦淮区,
4888,建筑大厦(解放路),商务住宅;楼宇;商务写字楼,解放路44号,118.809929,32.034422,江苏省,南京市,秦淮区,
4889,金陵商标综合楼,商务住宅;楼宇;商务写字楼,解放路73号,118.810709,32.034496,江苏省,南京市,秦淮区,
4890,地质大厦测试楼,商务住宅;楼宇;商务写字楼,珠江路700号,118.807197,32.044205,江苏省,南京市,玄武区,
4891,江苏省地矿局机关服务中心综合办公楼,商务住宅;楼宇;商务写字楼,龙蟠中路118号,118.80604,32.044109,江苏省,南京市,玄武区,
4892,瑞金北村三区,商务住宅;住宅区;住宅小区,瑞虹巷10号附近,118.811577,32.034215,江苏省,南京市,秦淮区,
4893,汉府雅苑,商务住宅;住宅区;住宅小区,汉府街6号,118.804079,32.042846,江苏省,南京市,玄武区,
4894,幸福小区(瑞虹巷),商务住宅;住宅区;住宅小区,瑞虹巷16号附近,118.812194,32.0344,江苏省,南京市,秦淮区,
4895,瑞金北村四区,商务住宅;住宅区;住宅小区,解放路,118.813756,32.035193,江苏省,南京市,秦淮区,
4896,清河公寓,商务住宅;住宅区;住宅小区,大清河与瑞虹巷交叉口东100米,118.813594,32.034749,江苏省,南京市,秦淮区,
4897,梅园新村雍园6号,商务住宅;住宅区;住宅区,雍园6号,118.804379,32.043992,江苏省,南京市,玄武区,
4898,21广场商贸中心(北门),商务住宅;商务住宅相关;商务住宅相关,内环东线162号附近,118.805273,32.042898,江苏省,南京市,玄武区,
4899,和园,商务住宅;商务住宅相关;商务住宅相关,中山东路307-1号,118.812936,32.040811,江苏省,南京市,玄武区,
4900,中共江苏软件园委员会,商务住宅;商务住宅相关;商务住宅相关,龙蟠中路168号江苏软件园二号馆,118.805514,32.042241,江苏省,南京市,玄武区,
4901,中航金城1号,商务住宅;楼宇;商住两用楼宇|商务住宅;住宅区;住宅区,中山东路518号金城集团老厂区(龙蟠中路与瑞金路交汇处),118.805946,32.036321,江苏省,南京市,秦淮区,
4902,钟山颐府,商务住宅;楼宇;商住两用楼宇|商务住宅;住宅区;住宅区,中山东路301号,118.805592,32.041007,江苏省,南京市,玄武区,
4903,东宫大厦,商务住宅;楼宇;商务写字楼,中山东路311-1号,118.820593,32.039629,江苏省,南京市,玄武区,
4904,御道街小区,商务住宅;住宅区;住宅小区,秦淮中山东路526号,118.81586,32.038092,江苏省,南京市,秦淮区,
4905,五星控股大厦,商务住宅;楼宇;商务写字楼,中山东路311-2号,118.815584,32.040019,江苏省,南京市,玄武区,
4906,中山东路532号,商务住宅;住宅区;住宅区,中山东路532号-2,118.82174,32.037197,江苏省,南京市,秦淮区,
4907,清溪花园,商务住宅;住宅区;住宅小区,后宰门清溪路8号,118.821629,32.041393,江苏省,南京市,玄武区,
4908,迈腾商务中心,商务住宅;楼宇;商务写字楼,中山东路311-2号101/201/212,118.815221,32.041128,江苏省,南京市,玄武区,
4909,运动员公寓,商务住宅;住宅区;住宅小区,中山东路311-2号,118.815159,32.040526,江苏省,南京市,玄武区,
4910,曙光新村,商务住宅;住宅区;住宅小区,御道街28号,118.817115,32.036023,江苏省,南京市,秦淮区,
4911,五星控股综合楼,商务住宅;楼宇;商务写字楼,中山东路311-2,118.81522,32.041052,江苏省,南京市,玄武区,
4912,维景商务楼,商务住宅;楼宇;商务写字楼,中山东路319号,118.823322,32.041108,江苏省,南京市,玄武区,
4913,御道街28号小区,商务住宅;住宅区;住宅小区,秦淮光华门御道街28号,118.816058,32.035962,江苏省,南京市,秦淮区,
4914,南京博物院办公楼,商务住宅;楼宇;商务写字楼,清溪路1号,118.823026,32.041533,江苏省,南京市,玄武区,
4915,五十五所西华门宿舍区,商务住宅;住宅区;宿舍,中山东路524-1号,118.814064,32.039061,江苏省,南京市,秦淮区,
4916,南京博物院文保楼,商务住宅;楼宇;商务写字楼,清溪路1号,118.823014,32.041612,江苏省,南京市,玄武区,
4917,维景员工公寓,商务住宅;住宅区;宿舍,中山东路319号,118.823298,32.041127,江苏省,南京市,玄武区,
4918,李府街17号小区,商务住宅;住宅区;住宅小区,秦淮李府街17号,118.823656,32.037963,江苏省,南京市,秦淮区,
4919,政苑,商务住宅;住宅区;住宅小区,中山东路311-2号,118.814698,32.041795,江苏省,南京市,玄武区,
4920,李府街11号小区,商务住宅;住宅区;住宅小区,李府街11号,118.823711,32.036366,江苏省,南京市,秦淮区,
4921,明故宫经适房,商务住宅;住宅区;住宅区,中山东路311-2,118.81545,32.043279,江苏省,南京市,玄武区,
4922,清溪路3号小区,商务住宅;住宅区;住宅小区,清溪路3号,118.823492,32.042564,江苏省,南京市,玄武区,
4923,中山东路311-2号院,商务住宅;住宅区;住宅区,中山东路311-2,118.815438,32.043533,江苏省,南京市,玄武区,
4924,明故宫社区,商务住宅;住宅区;住宅小区,清溪路4号,118.823684,32.042786,江苏省,南京市,玄武区,
4925,南京航空航天大学明故宫校区b17幢公寓,商务住宅;住宅区;宿舍,御道街29号南京航空航天大学明故宫校区,118.82193,32.034477,江苏省,南京市,秦淮区,
4926,李府街小区,商务住宅;住宅区;住宅小区,李府街12-13号(近南航东门),118.823469,32.035324,江苏省,南京市,秦淮区,
4927,维罗商务楼,商务住宅;商务住宅相关;商务住宅相关,中山东路319号,118.823326,32.039673,江苏省,南京市,玄武区,
4928,俊宜东昇商务楼,商务住宅;商务住宅相关;商务住宅相关,中山东路311-2,118.81531,32.041209,江苏省,南京市,玄武区,
4929,紫金城,商务住宅;楼宇;商住两用楼宇|商务住宅;住宅区;住宅区,中山东路311-2号附近,118.814729,32.040931,江苏省,南京市,玄武区,
4930,紫金山水苑,商务住宅;住宅区;住宅小区,苜蓿园大街1号,118.830763,32.038686,江苏省,南京市,秦淮区,
4931,前半山园12号,商务住宅;住宅区;住宅区,后宰门前半山园12号,118.8268,32.039767,江苏省,南京市,玄武区,
4932,半山花园,商务住宅;住宅区;住宅小区,前半山园10号,118.827258,32.04106,江苏省,南京市,玄武区,
4933,紫金苑(苜蓿园大街),商务住宅;住宅区;住宅小区,苜蓿园大街5号,118.831302,32.037721,江苏省,南京市,秦淮区,
4934,中山门小区,商务住宅;住宅区;住宅小区,御道街,118.82582,32.037765,江苏省,南京市,秦淮区,
4935,江苏省·中科院植物研究所中山植物园宿舍区,商务住宅;住宅区;宿舍,苜蓿园东街28号,118.832389,32.038586,江苏省,南京市,秦淮区,
4936,长发公寓(中山门大街),商务住宅;住宅区;住宅小区,长发公寓卫岗西18号,118.832522,32.039377,江苏省,南京市,秦淮区,
4937,苜蓿新苑,商务住宅;住宅区;住宅小区,苜蓿园东街26号,118.832848,32.038434,江苏省,南京市,秦淮区,
4938,紫金城北区,商务住宅;住宅区;住宅小区,苜蓿园东街19号,118.832229,32.03721,江苏省,南京市,秦淮区,
4939,南京地质矿产研究所住宅区,商务住宅;住宅区;住宅小区,中山东路534-5-1,118.824933,32.0375,江苏省,南京市,秦淮区,
4940,紫金城(海月花园西),商务住宅;住宅区;住宅小区,苜蓿园大街29号,118.830747,32.03564,江苏省,南京市,秦淮区,
4941,月牙湖社区,商务住宅;住宅区;住宅小区,苜蓿园大街西50米,118.830951,32.035532,江苏省,南京市,秦淮区,
4942,凯祥花苑(苜卫路),商务住宅;住宅区;住宅小区,卫岗西16,118.833832,32.039409,江苏省,南京市,秦淮区,
4943,苜卫路39号小区,商务住宅;住宅区;住宅小区,苜卫路39号,118.833055,32.03684,江苏省,南京市,秦淮区,
4944,江苏省地震局东郊宾馆苜蓿园宿舍,商务住宅;住宅区;宿舍,苜卫路35号,118.833316,32.037129,江苏省,南京市,秦淮区,
4945,苜卫路35号小区,商务住宅;住宅区;住宅小区,苜卫路,118.833237,32.036942,江苏省,南京市,秦淮区,
4946,苜卫路小区,商务住宅;住宅区;住宅小区,卫桥苜卫路19号,118.833755,32.037772,江苏省,南京市,秦淮区,
4947,李府街16号小区,商务住宅;住宅区;住宅小区,李府街16号,118.824505,32.036542,江苏省,南京市,秦淮区,
4948,海月花园,商务住宅;住宅区;住宅小区,苜蓿园大街38号,118.832505,32.035399,江苏省,南京市,秦淮区,
4949,李府街14号小区,商务住宅;住宅区;住宅小区,李府街14号,118.82468,32.035991,江苏省,南京市,秦淮区,
4950,南京钟厂宿舍,商务住宅;住宅区;宿舍,苜军路16号,118.833639,32.035419,江苏省,南京市,秦淮区,
4951,苜军花苑,商务住宅;住宅区;住宅小区,苜军路18号,118.833558,32.035311,江苏省,南京市,秦淮区,
4952,苜军路小区,商务住宅;住宅区;住宅小区,苜中路与苜军路交叉口东北150米,118.833129,32.034425,江苏省,南京市,秦淮区,
4953,苜军路20号小区,商务住宅;住宅区;住宅小区,苜军路20号,118.833404,32.034245,江苏省,南京市,秦淮区,
4954,李府街12号小区,商务住宅;住宅区;住宅小区,李府街12号,118.823976,32.03451,江苏省,南京市,秦淮区,
4955,南京博物院办公楼,商务住宅;楼宇;商务写字楼,前半山园21号附近,118.825717,32.04231,江苏省,南京市,玄武区,
4956,卫岗公安局宿舍,商务住宅;住宅区;宿舍,卫岗西1号,118.838514,32.03956,江苏省,南京市,玄武区,
4957,卫桥新村,商务住宅;住宅区;住宅小区,中山门大街,118.83834,32.038665,江苏省,南京市,玄武区,
4958,卫岗西6号,商务住宅;住宅区;住宅区,中山门大街与陵园路交叉口东200米,118.837741,32.0394,江苏省,南京市,秦淮区,
4959,卫岗西小区,商务住宅;住宅区;住宅小区,卫岗西,118.837206,32.039597,江苏省,南京市,秦淮区,
4960,卫岗西1号小区,商务住宅;住宅区;住宅小区,卫岗西6号,118.837159,32.039582,江苏省,南京市,秦淮区,
4961,南航宿舍,商务住宅;住宅区;宿舍,卫岗西2号,118.837083,32.039666,江苏省,南京市,秦淮区,
4962,文华园(中山门大街),商务住宅;住宅区;住宅小区,卫岗55-19号,118.840137,32.040712,江苏省,南京市,玄武区,
4963,翠庭园,商务住宅;住宅区;住宅小区,卫岗28号,118.841716,32.038763,江苏省,南京市,玄武区,
4964,美林苑小区,商务住宅;住宅区;住宅小区,苜蓿园童卫路9号,118.8381,32.036557,江苏省,南京市,玄武区,
4965,熊猫宿舍,商务住宅;住宅区;宿舍,卫岗西12号,118.835604,32.039553,江苏省,南京市,秦淮区,
4966,南京无线电厂宿舍,商务住宅;住宅区;宿舍,卫岗西12号,118.835569,32.039611,江苏省,南京市,秦淮区,
4967,南京农业大学国际留学生2号公寓,商务住宅;住宅区;宿舍,童卫路6-22号附近,118.84186,32.037457,江苏省,南京市,玄武区,
4968,二十八所北区,商务住宅;住宅区;住宅小区,苜蓿园东街2号,118.836493,32.036885,江苏省,南京市,秦淮区,
4969,牛奶公司小区,商务住宅;住宅区;住宅小区,童卫路7号,118.839278,32.036086,江苏省,南京市,玄武区,
4970,南京农业大学外教公寓,商务住宅;住宅区;宿舍,童卫路78号附近,118.841457,32.036835,江苏省,南京市,玄武区,
4971,卫岗25号小区,商务住宅;住宅区;住宅小区,卫岗路26号,118.842729,32.03893,江苏省,南京市,玄武区,
4972,南京搪瓷总厂宿舍,商务住宅;住宅区;宿舍,苜卫路19号,118.834995,32.038969,江苏省,南京市,秦淮区,
4973,文华东园,商务住宅;住宅区;住宅小区,卫岗55号,118.8428,32.040285,江苏省,南京市,玄武区,
4974,紫金雅苑,商务住宅;住宅区;住宅小区,秦淮苜蓿园苜卫路21号紫金雅苑,118.834489,32.038459,江苏省,南京市,秦淮区,
4975,铁道医学院宿舍,商务住宅;住宅区;宿舍,苜卫路27号,118.834825,32.037583,江苏省,南京市,秦淮区,
4976,苜蓿园山庄,商务住宅;住宅区;住宅小区,苜蓿园东街4号,118.835211,32.03697,江苏省,南京市,秦淮区,
4977,卫岗21号小区,商务住宅;住宅区;住宅小区,中山门大街南50米,118.843556,32.038787,江苏省,南京市,玄武区,
4978,卫岗西16号,商务住宅;住宅区;住宅小区,中山门大街与苜卫路交叉口西南100米,118.834041,32.039549,江苏省,南京市,秦淮区,
4979,苜卫路29号小区,商务住宅;住宅区;住宅小区,苜卫路29号,118.834053,32.038028,江苏省,南京市,秦淮区,
4980,南京农业大学研究生宿舍六舍,商务住宅;住宅区;宿舍,卫岗1号,118.843028,32.036646,江苏省,南京市,玄武区,
4981,苜卫路31号小区,商务住宅;住宅区;住宅小区,苜卫路31号,118.833964,32.037804,江苏省,南京市,秦淮区,
4982,南京农业大学北苑1号公寓,商务住宅;住宅区;宿舍,卫岗1号南京农业大学,118.843576,32.036801,江苏省,南京市,玄武区,
4983,南京农业大学北苑4号公寓,商务住宅;住宅区;宿舍,卫岗1号,118.843497,32.036463,江苏省,南京市,玄武区,
4984,南京农业大学研究生宿舍一舍,商务住宅;住宅区;宿舍,卫岗1号,118.843883,32.036505,江苏省,南京市,玄武区,
4985,南京农业大学北苑5号公寓,商务住宅;住宅区;宿舍,卫岗1号南京农业大学,118.843923,32.036414,江苏省,南京市,玄武区,
4986,紫金城(苜中路),商务住宅;住宅区;住宅小区,苜中路4号(近苜蓿园大街),118.834448,32.03549,江苏省,南京市,秦淮区,
4987,南京农业大学研究生宿舍11舍,商务住宅;住宅区;宿舍,卫岗1号南京农业大学,118.843776,32.035738,江苏省,南京市,玄武区,
4988,苜中路1号小区,商务住宅;住宅区;住宅小区,苜蓿园苜中路1号,118.834994,32.034897,江苏省,南京市,秦淮区,
4989,苜中路3号小区,商务住宅;住宅区;住宅小区,秦淮苜蓿园苜中路3号,118.834873,32.034248,江苏省,南京市,秦淮区,
4990,南京农业大学北苑6号公寓,商务住宅;商务住宅相关;商务住宅相关,紫竹路附近,118.843065,32.036776,江苏省,南京市,玄武区,
4991,乳业大厦,商务住宅;商务住宅相关;商务住宅相关,童卫路5号建设银行楼上,118.841156,32.038146,江苏省,南京市,玄武区,
4992,卫岗西14号,商务住宅;商务住宅相关;商务住宅相关,中山门大街与苜卫路交叉口西南50米,118.83467,32.03965,江苏省,南京市,秦淮区,
4993,卫岗西15号,商务住宅;商务住宅相关;商务住宅相关,苜卫路7-1号附近,118.834381,32.039578,江苏省,南京市,秦淮区,
4994,童卫路18号,商务住宅;楼宇;商住两用楼宇|商务住宅;住宅区;住宅区,童卫路54号附近,118.841515,32.037973,江苏省,南京市,玄武区,
4995,君临紫金,商务住宅;住宅区;住宅小区,中山门大街99号,118.849556,32.038871,江苏省,南京市,玄武区,
4996,小卫街,商务住宅;住宅区;住宅区,胜利村路与铁匠营交叉口北150米,118.851263,32.038147,江苏省,南京市,玄武区,
4997,铁匠营1,商务住宅;住宅区;住宅小区,胜利村路与铁匠营交叉口东北150米,118.85162,32.037846,江苏省,南京市,玄武区,
4998,地震局宿舍,商务住宅;住宅区;宿舍,卫岗3号,118.846205,32.037915,江苏省,南京市,玄武区,
4999,樱花苑(中山门大街),商务住宅;住宅区;住宅小区,小卫街229号,118.849884,32.036524,江苏省,南京市,玄武区,
5000,东元山庄,商务住宅;住宅区;住宅小区,小卫街228号,118.84904,32.036196,江苏省,南京市,玄武区,
5001,东郊美树苑,商务住宅;住宅区;住宅小区,玄武卫岗小卫街218号,118.847289,32.036502,江苏省,南京市,玄武区,
5002,南京农业大学北苑9号公寓,商务住宅;住宅区;宿舍,卫岗1号南京农业大学,118.845961,32.037415,江苏省,南京市,玄武区,
5003,都市公社,商务住宅;住宅区;住宅区,小卫街20号,118.851444,32.036819,江苏省,南京市,玄武区,
5004,南京农业大学北苑8号公寓,商务住宅;住宅区;宿舍,卫岗1号南京农业大学,118.845802,32.036997,江苏省,南京市,玄武区,
5005,卫岗26号小区,商务住宅;住宅区;住宅小区,卫岗26号,118.844733,32.038155,江苏省,南京市,玄武区,
5006,南京农业大学北苑7号公寓,商务住宅;住宅区;宿舍,卫岗1号南京农业大学,118.845674,32.036624,江苏省,南京市,玄武区,
5007,卫岗3号,商务住宅;住宅区;住宅区,中山门大街南100米,118.844691,32.03774,江苏省,南京市,玄武区,
5008,都市山庄,商务住宅;住宅区;住宅小区,孝陵卫小卫街16号,118.852783,32.036943,江苏省,南京市,玄武区,
5009,南京农业大学北苑2号公寓,商务住宅;住宅区;宿舍,卫岗1号南京农业大学,118.844776,32.03649,江苏省,南京市,玄武区,
5010,南京农业大学北苑3号公寓,商务住宅;住宅区;宿舍,南京农业大学北苑3号公寓,118.844833,32.036158,江苏省,南京市,玄武区,
5011,南京农业大学研究生宿舍三舍,商务住宅;住宅区;宿舍,卫岗1号,118.84469,32.03617,江苏省,南京市,玄武区,
5012,南京农业大学研究生宿舍管理办公室,商务住宅;住宅区;宿舍,卫岗1号南京农业大学,118.844662,32.036176,江苏省,南京市,玄武区,
5013,南京农业大学学生宿舍物业部(北苑路),商务住宅;住宅区;宿舍|生活服务;生活服务场所;生活服务场所,卫岗1号南京农业大学,118.844206,32.036324,江苏省,南京市,玄武区,
5014,南京农业大学研究生宿舍5舍,商务住宅;住宅区;宿舍,卫岗1号,118.844047,32.0364,江苏省,南京市,玄武区,
5015,南京农业大学研究生宿舍十舍,商务住宅;住宅区;宿舍,卫岗1号南京农业大学,118.844492,32.03585,江苏省,南京市,玄武区,
5016,南京农业大学北苑10号公寓,商务住宅;住宅区;宿舍,卫岗1号南京农业大学,118.844248,32.035912,江苏省,南京市,玄武区,
5017,西园小区(孝陵卫街),商务住宅;住宅区;住宅小区,孝陵卫街200号,118.851778,32.0344,江苏省,南京市,玄武区,
5018,南京农业大学国际留学生3号公寓,商务住宅;住宅区;宿舍,卫岗1号南京农业大学,118.844214,32.035567,江苏省,南京市,玄武区,
5019,南京理工大学三号门宿舍,商务住宅;住宅区;宿舍,孝陵卫街200号南京理工大学545幢,118.853657,32.035487,江苏省,南京市,玄武区,
5020,华园小区(孝陵卫街),商务住宅;住宅区;住宅小区,孝陵卫街200号,118.85348,32.03488,江苏省,南京市,玄武区,
5021,罗汉巷小区,商务住宅;住宅区;住宅小区,罗汉巷16号,118.860193,32.034445,江苏省,南京市,玄武区,
5022,钟鼎山庄,商务住宅;住宅区;住宅小区,中山门大街299号,118.86239,32.037988,江苏省,南京市,玄武区,
5023,孝陵卫街21号院,商务住宅;住宅区;住宅小区,孝陵卫街21号,118.863471,32.035169,江苏省,南京市,玄武区,
5024,晏公庙1号小区,商务住宅;住宅区;住宅小区,孝陵卫与晏公庙交叉口西北100米,118.861332,32.034513,江苏省,南京市,玄武区,
5025,钟鼎山庄2期,商务住宅;住宅区;住宅小区,中山门大街299号,118.85879,32.038896,江苏省,南京市,玄武区,
5026,佳诚花园北区,商务住宅;住宅区;住宅小区,孝陵卫街101号附近,118.859266,32.035008,江苏省,南京市,玄武区,
5027,孝陵卫街179号院,商务住宅;住宅区;住宅小区,孝陵卫街179号,118.858195,32.034555,江苏省,南京市,玄武区,
5028,钟山医院宿舍,商务住宅;住宅区;宿舍,孝陵卫179号,118.85777,32.03515,江苏省,南京市,玄武区,
5029,孝陵卫街49号院,商务住宅;住宅区;住宅小区,孝陵卫街49号,118.861493,32.034641,江苏省,南京市,玄武区,
5030,江苏省农科院住宅小区,商务住宅;住宅区;住宅小区,孝陵卫钟灵街48号(公交车站),118.869134,32.035431,江苏省,南京市,玄武区,
5031,紫金时代,商务住宅;楼宇;商务写字楼,钟灵街50号,118.86925,32.0387,江苏省,南京市,玄武区,
5032,紫金大厦(柳营路),商务住宅;楼宇;商务写字楼,柳营西路与柳营路交叉口东南150米,118.873809,32.038926,江苏省,南京市,玄武区,
5033,灵谷寺路小区,商务住宅;住宅区;住宅小区,玄武中山门大街与灵谷寺路交汇处,118.865632,32.040075,江苏省,南京市,玄武区,
5034,灵谷寺路8号小区,商务住宅;住宅区;住宅小区,灵谷寺路8号,118.865486,32.04042,江苏省,南京市,玄武区,
5035,晏公庙54号院,商务住宅;住宅区;住宅小区,晏公庙54号5栋,118.864335,32.035324,江苏省,南京市,玄武区,
5036,钟灵街,商务住宅;住宅区;住宅区,孝陵卫东钟灵街54号,118.869417,32.038837,江苏省,南京市,玄武区,
5037,钟灵街105号院,商务住宅;住宅区;住宅小区,钟灵街105号,118.866763,32.036751,江苏省,南京市,玄武区,
5038,南京体育学院培训公寓,商务住宅;住宅区;宿舍,体育公园路与体院南路交叉口西100米,118.869023,32.040689,江苏省,南京市,玄武区,
5039,江苏农科院研究生宿舍,商务住宅;住宅区;宿舍,小区对面,118.869782,32.035509,江苏省,南京市,玄武区,
5040,农产品展示中心办公楼,商务住宅;楼宇;商务写字楼,柳营西路与柳营路交叉口东50米,118.873342,32.039526,江苏省,南京市,玄武区,
5041,紫金大厦(西门),商务住宅;商务住宅相关;商务住宅相关,中山门大街50-1号附近,118.873707,32.038814,江苏省,南京市,玄武区,
5042,钟灵街50号院内,商务住宅;住宅区;住宅区,,118.870657,32.034804,江苏省,南京市,玄武区,
5043,乌克里里,商务住宅;商务住宅相关;商务住宅相关,中山门大街301号森林摩尔商业街区B1,118.866455,32.038735,江苏省,南京市,玄武区,
5044,上逸园5幢楼,商务住宅;商务住宅相关;商务住宅相关,顾家营路,118.877357,32.043599,江苏省,南京市,玄武区,
5045,宏图上逸园,商务住宅;住宅区;住宅小区,柳营村108号(顾家营路与宁杭公路交界),118.87686,32.044094,江苏省,南京市,玄武区,
5046,峻峰大厦(中山门大街),商务住宅;楼宇;商住两用楼宇,柳营路100号,118.875223,32.043189,江苏省,南京市,玄武区,
5047,紫金华府,商务住宅;住宅区;住宅小区,顾家营路(中山门大街和顾家营路交会处往南400米),118.88049,32.04043,江苏省,南京市,玄武区,
5048,玲珑公社,商务住宅;商务住宅相关;商务住宅相关,顾家营路西200米,118.879027,32.039221,江苏省,南京市,玄武区,
5049,紫金华府3期,商务住宅;住宅区;住宅小区,钟牛路179号1栋附近,118.883453,32.041917,江苏省,南京市,栖霞区,
5050,紫金华府1期,商务住宅;住宅区;住宅小区,顾家营路附近,118.878934,32.038842,江苏省,南京市,玄武区,
5051,钟灵街社区,商务住宅;住宅区;住宅小区,余粮路与顾家营路交叉口西南100米,118.878491,32.041209,江苏省,南京市,玄武区,
5052,五矿晏山居,商务住宅;住宅区;住宅小区,钟灵街50号,118.876763,32.035509,江苏省,南京市,玄武区,
5053,宏图·逸街区,商务住宅;住宅区;住宅区,S122(宁杭公路),118.87629,32.044129,江苏省,南京市,玄武区,
5054,紫金柳苑小区,商务住宅;住宅区;住宅小区,钟灵街50号,118.875222,32.039836,江苏省,南京市,玄武区,
5055,佳源紫金华府(建设中),商务住宅;住宅区;住宅小区,顾家营,118.882803,32.038498,江苏省,南京市,栖霞区,
5056,汇通达大厦,商务住宅;楼宇;商务写字楼,柳营西路与柳营路交叉口东200米,118.874589,32.039095,江苏省,南京市,玄武区,
5057,五棵松128号,商务住宅;住宅区;住宅区,顾家营路东50米,118.878412,32.043765,江苏省,南京市,栖霞区,
5058,汇通达大厦(北门),商务住宅;商务住宅相关;商务住宅相关,柳营西路与柳营路交叉口东150米,118.874246,32.03953,江苏省,南京市,玄武区,
5059,南湾营馨康苑,商务住宅;住宅区;住宅小区,马群街道南湾营,118.89304,32.03555,江苏省,南京市,栖霞区,
5060,君颐东方,商务住宅;住宅区;住宅小区,钟牛路东50米,118.886285,32.039227,江苏省,南京市,栖霞区,
5061,牛王庙111号,商务住宅;住宅区;住宅区,钟牛路21号附近,118.88624,32.040255,江苏省,南京市,栖霞区,
5062,牛王庙73号,商务住宅;住宅区;住宅区,钟牛路23号附近,118.886421,32.040919,江苏省,南京市,栖霞区,
5063,牛王庙124号,商务住宅;住宅区;住宅区,钟牛路西50米,118.885867,32.039407,江苏省,南京市,栖霞区,
5064,牛王庙110号,商务住宅;住宅区;住宅区,钟牛路东50米,118.88625,32.040394,江苏省,南京市,栖霞区,
5065,融康苑,商务住宅;住宅区;住宅小区,百水桥南路,118.90036,32.04131,江苏省,南京市,栖霞区,
5066,南湾营文康苑,商务住宅;住宅区;住宅小区,百水桥南路6号,118.896016,32.038139,江苏省,南京市,栖霞区,
5067,幸福城,商务住宅;住宅区;住宅小区,百水桥南路附近,118.896828,32.036928,江苏省,南京市,栖霞区,
5068,花港·幸福城玫瑰园,商务住宅;住宅区;住宅小区,花港路15号,118.903473,32.03431,江苏省,南京市,栖霞区,
5069,西花港,商务住宅;住宅区;住宅区,花港路8号,118.90348,32.034593,江苏省,南京市,栖霞区,
5070,南湾营润康苑,商务住宅;住宅区;住宅小区,学康路,118.902812,32.039293,江苏省,南京市,栖霞区,
5071,熙康苑,商务住宅;住宅区;住宅区,百水桥南路17号,118.896362,32.035548,江苏省,南京市,栖霞区,
5072,南湾营润康苑(西门),商务住宅;商务住宅相关;商务住宅相关,学康路与高康路交叉口南150米,118.903839,32.039933,江苏省,南京市,栖霞区,
5073,南湾营融康苑(北门),商务住宅;商务住宅相关;商务住宅相关,吴家墩附近,118.899788,32.042109,江苏省,南京市,栖霞区,
5074,南湾营馨康苑(北门),商务住宅;商务住宅相关;商务住宅相关,学康路与百水桥南路交叉口西北150米,118.894226,32.03682,江苏省,南京市,栖霞区,
5075,宁康苑,商务住宅;住宅区;住宅小区,百水桥南路,118.905656,32.041638,江苏省,南京市,栖霞区,
5076,南湾营小区,商务住宅;住宅区;住宅小区,学康路与高康路交叉口东南150米,118.904402,32.040336,江苏省,南京市,栖霞区,
5077,中南·世纪雅苑,商务住宅;住宅区;住宅小区,土城头路以南,118.910041,32.036954,江苏省,南京市,栖霞区,
5078,百水芊城秀水坊,商务住宅;住宅区;住宅小区,百水桥村118号,118.904653,32.043577,江苏省,南京市,栖霞区,
5079,花港·幸福城金桂园(天泉路),商务住宅;住宅区;住宅小区,天泉路附近,118.912188,32.039171,江苏省,南京市,栖霞区,
5080,花港·幸福城金桂园(西2门),商务住宅;商务住宅相关;商务住宅相关,天泉路与花港北路交叉口东100米,118.910755,32.039496,江苏省,南京市,栖霞区,
5081,花港·幸福城茉莉园,商务住宅;住宅区;住宅小区,麒麟镇燕西线南,118.915602,32.041436,江苏省,南京市,江宁区,
5082,麒麟保障房,商务住宅;住宅区;住宅小区,天旺路与开城路交叉口西北200米,118.922769,32.038984,江苏省,南京市,江宁区,
5083,麒麟紫禁城建南苑,商务住宅;住宅区;住宅小区,天和路,118.921607,32.043078,江苏省,南京市,江宁区,
5084,悦民公寓南苑,商务住宅;住宅区;住宅小区,麒麟镇天和路银河湾紫苑东南,118.920642,32.041991,江苏省,南京市,江宁区,
5085,东花岗经济适用住房,商务住宅;住宅区;住宅小区,天旺路与花港北路交叉口东南150米,118.915481,32.041288,江苏省,南京市,江宁区,
5086,麒麟紫荆城锁石苑,商务住宅;住宅区;住宅小区,开城路东200米,118.927292,32.041985,江苏省,南京市,江宁区,
5087,麒麟紫荆城定林苑,商务住宅;住宅区;住宅小区,镇东路西200米,118.930985,32.041638,江苏省,南京市,江宁区,
5088,麒麟科技创新园一期经济适用住房d地块,商务住宅;住宅区;住宅区,开城路与G25长深高速入口交叉口南200米,118.925529,32.041741,江苏省,南京市,江宁区,
5089,麒麟科技创新园一期经济适用住房e地块,商务住宅;住宅区;住宅区,镇东路西100米,118.932291,32.041139,江苏省,南京市,江宁区,
5090,江苏飞园未情科技发展中华玩具礼品批发城飞园创业园教育基地,商务住宅;住宅区;住宅区,麒麟门青西村飞园路1号,118.94318,32.037299,江苏省,南京市,江宁区,
5091,苏果配送中心宿舍区,商务住宅;住宅区;宿舍,五号路东50米,118.942485,32.043255,江苏省,南京市,江宁区,
5092,绿城桃花源,商务住宅;住宅区;住宅区,龙尚路与122省道交叉口西北150米,119.001273,32.041424,江苏省,南京市,江宁区,
5093,汤山邑温德姆·豪生温泉度假别墅群,商务住宅;住宅区;别墅,泉都大街,119.05014,32.039867,江苏省,南京市,江宁区,
5094,华山山庄,商务住宅;住宅区;住宅区,江浦街道五华路9号,118.60349,32.033023,江苏省,南京市,浦口区,
5095,海科新寓·万翠园,商务住宅;住宅区;住宅小区,五华路西150米,118.602444,32.024801,江苏省,南京市,浦口区,
5096,海科新寓,商务住宅;住宅区;住宅区,花莲路附近,118.60101,32.025629,江苏省,南京市,浦口区,
5097,浦潮筑境,商务住宅;楼宇;商务写字楼,江城大道与行知路交汇处,118.605713,32.024228,江苏省,南京市,浦口区,
5098,西华公寓,商务住宅;住宅区;住宅小区,珠江镇华山桥西华公寓,118.606592,32.032673,江苏省,南京市,浦口区,
5099,艺莲苑(西门),商务住宅;商务住宅相关;商务住宅相关,园杰路与纬三路交叉口南150米,118.61386,32.024881,江苏省,南京市,浦口区,
5100,鼎业办公中心,商务住宅;楼宇;楼宇相关,宁乌公路与行知路交叉口东南150米,118.606298,32.026891,江苏省,南京市,浦口区,
5101,南京农业大学学生宿舍,商务住宅;住宅区;宿舍,南农路1号,118.627292,32.026686,江苏省,南京市,浦口区,
5102,国恒科技大厦,商务住宅;楼宇;商务写字楼,新民北路与新民路交叉口东北150米,118.647229,32.031394,江苏省,南京市,浦口区,
5103,洲岛家园,商务住宅;住宅区;住宅小区,江心洲红星路90号,118.695083,32.024972,江苏省,南京市,建邺区,
5104,洲岛家园悦江苑,商务住宅;住宅区;住宅小区,红星街,118.694342,32.025016,江苏省,南京市,建邺区,
5105,仁恒·绿洲新岛2期,商务住宅;住宅区;住宅小区,胜利街,118.700502,32.0266,江苏省,南京市,建邺区,
5106,仁恒·绿洲新岛,商务住宅;住宅区;住宅小区,"新生态科技岛中新大道东侧,地铁10号线江心洲站2号出口南侧",118.702031,32.027668,江苏省,南京市,建邺区,
5107,洲岛家园芳华苑,商务住宅;住宅区;住宅小区,中新大道附近,118.695685,32.024219,江苏省,南京市,建邺区,
5108,新纬壹科技城,商务住宅;商务住宅相关;商务住宅相关,南京江心洲,118.696385,32.024915,江苏省,南京市,建邺区,
5109,新加坡·南京生态科技岛科创中心,商务住宅;楼宇;商务写字楼,江心洲街道贤坤路1号,118.707481,32.030729,江苏省,南京市,建邺区,
5110,江岛华庭,商务住宅;住宅区;住宅区,林荫路与葡园路交汇处西北150米,118.70709,32.030087,江苏省,南京市,建邺区,
5111,新纬壹国际科技生态园B区,商务住宅;楼宇;楼宇相关,林荫路与葡园路交叉口西南100米,118.707218,32.028766,江苏省,南京市,建邺区,
5112,苏宁慧谷,商务住宅;楼宇;商务写字楼,集庆门大街268号,118.723205,32.031684,江苏省,南京市,鼓楼区,
5113,苏宁慧谷东区,商务住宅;楼宇;商务写字楼,清河路214号附近,118.72377,32.031974,江苏省,南京市,鼓楼区,
5114,联创大厦B座,商务住宅;楼宇;商务写字楼,集慧路18号,118.723306,32.033982,江苏省,南京市,鼓楼区,
5115,联创大厦,商务住宅;楼宇;商务写字楼,集慧路18号,118.722791,32.033981,江苏省,南京市,鼓楼区,
5116,越洋国际商务中心,商务住宅;楼宇;商务写字楼,清江南路7号,118.728059,32.031859,江苏省,南京市,鼓楼区,
5117,铂悦金陵,商务住宅;住宅区;住宅小区,乐山路88号,118.726501,32.024578,江苏省,南京市,建邺区,
5118,苏宁睿城,商务住宅;住宅区;住宅小区,集庆门大街与清江南路交汇处东北角,118.730659,32.030575,江苏省,南京市,鼓楼区,
5119,积贤雅苑,商务住宅;住宅区;住宅小区,河北大街53号,118.73159,32.027808,江苏省,南京市,建邺区,
5120,江东新村公寓·佳和园,商务住宅;住宅区;住宅小区,清江南路5号,118.727139,32.031032,江苏省,南京市,鼓楼区,
5121,苏宁睿城银河国际街区,商务住宅;住宅区;住宅小区,润江路3号,118.73007,32.031905,江苏省,南京市,鼓楼区,
5122,苏宁睿城银河国际街区西区,商务住宅;住宅区;住宅小区,润江路3号,118.730057,32.030796,江苏省,南京市,鼓楼区,
5123,河南一队11号,商务住宅;住宅区;住宅区,河北大街与河北路交叉口东200米,118.723972,32.0263,江苏省,南京市,建邺区,
5124,河南二队7号,商务住宅;住宅区;住宅区,应天大街与应天大街高架入口交叉口北50米,118.725022,32.024919,江苏省,南京市,建邺区,
5125,苏宁睿城银河国际街区东区,商务住宅;住宅区;住宅小区,润江路6号,118.732439,32.030507,江苏省,南京市,鼓楼区,
5126,积善一队7号,商务住宅;商务住宅相关;商务住宅相关,,118.728364,32.026023,江苏省,南京市,建邺区,
5127,佳和园(东门),商务住宅;商务住宅相关;商务住宅相关,集庆门大街254号附近,118.727618,32.031038,江苏省,南京市,鼓楼区,
5128,江东新村公寓·佳和园(东南门),商务住宅;商务住宅相关;商务住宅相关,清江南路5号,118.728487,32.031261,江苏省,南京市,鼓楼区,
5129,建邺区河北村八百亩地块经济适用房,商务住宅;住宅区;住宅区,河北大街与集庆门大街交叉口西南50米,118.7282,32.02924,江苏省,南京市,建邺区,
5130,澳美名居,商务住宅;商务住宅相关;商务住宅相关,江东中路118号德盈大厦2层,118.73846,32.02815,江苏省,南京市,建邺区,
5131,长发都市蓝瑟,商务住宅;住宅区;住宅区,江东中路87号,118.73986,32.030141,江苏省,南京市,建邺区,
5132,恒盈名居,商务住宅;住宅区;住宅小区,集庆门大街200号,118.740413,32.029139,江苏省,南京市,建邺区,
5133,蓝瑟公寓,商务住宅;住宅区;住宅小区,江东中路87,118.740265,32.02986,江苏省,南京市,建邺区,
5134,德盈大厦,商务住宅;楼宇;商务写字楼,临近奥体中心江东中路118号,118.738422,32.027909,江苏省,南京市,建邺区,
5135,南京万达广场万达中心,商务住宅;楼宇;商务写字楼,江东中路100号,118.737745,32.03041,江苏省,南京市,建邺区,
5136,利德家园,商务住宅;住宅区;住宅小区,集庆门大街198号,118.741165,32.029098,江苏省,南京市,建邺区,
5137,河西万达909,商务住宅;商务住宅相关;商务住宅相关,万达广场万达中心F座909室,118.737253,32.030548,江苏省,南京市,建邺区,
5138,叠彩丽庭,商务住宅;住宅区;住宅小区,集庆门大街北150米,118.741371,32.029978,江苏省,南京市,建邺区,
5139,南京万达中心C座(西门),商务住宅;商务住宅相关;商务住宅相关,江东中路108,118.7385,32.02917,江苏省,南京市,建邺区,
5140,南京万达广场丨万达中心d座(南门),商务住宅;商务住宅相关;商务住宅相关,江东中路112,118.73779,32.02911,江苏省,南京市,建邺区,
5141,金典社区,商务住宅;住宅区;住宅小区,集庆门大街218号6幢,118.735913,32.028989,江苏省,南京市,建邺区,
5142,万达西地二街区B区组团,商务住宅;住宅区;住宅小区,江东中路路98号南京万达广场内,118.736131,32.030386,江苏省,南京市,建邺区,
5143,万和源居,商务住宅;住宅区;住宅小区,江东中路128号,118.738279,32.026532,江苏省,南京市,建邺区,
5144,莺歌苑小区,商务住宅;住宅区;住宅小区,集庆门大街198号,118.742214,32.029214,江苏省,南京市,建邺区,
5145,万达西堤国际,商务住宅;住宅区;住宅小区,集庆门大街218号(万达广场),118.735496,32.030346,江苏省,南京市,建邺区,
5146,星雨华府(积贤街),商务住宅;住宅区;住宅小区,集庆门大街219号,118.735808,32.02715,江苏省,南京市,建邺区,
5147,银河湾·福苑,商务住宅;住宅区;住宅小区,云锦路88号,118.74247,32.030934,江苏省,南京市,建邺区,
5148,河西电信大厦,商务住宅;楼宇;商务写字楼,江东中路49号,118.73938,32.03267,江苏省,南京市,建邺区,
5149,万达广场西地贰街区9号,商务住宅;商务住宅相关;商务住宅相关,福园街139-2号附近,118.735751,32.0314,江苏省,南京市,建邺区,
5150,万达西地二街区A区组团,商务住宅;住宅区;住宅小区,江东中路路98号南京万达广场内,118.734764,32.030306,江苏省,南京市,建邺区,
5151,南苑街道鹭鸣苑社区,商务住宅;住宅区;社区中心,云锦路与集庆门大街交叉口南150米,118.742889,32.027208,江苏省,南京市,建邺区,
5152,群立大厦,商务住宅;商务住宅相关;商务住宅相关,集庆门大街190号,118.743597,32.028513,江苏省,南京市,建邺区,
5153,所街办公大楼,商务住宅;楼宇;商务写字楼,江东中路109号,118.740129,32.025249,江苏省,南京市,建邺区,
5154,江苏保险综合大厦,商务住宅;楼宇;商务写字楼,云景路129号,118.742906,32.026819,江苏省,南京市,建邺区,
5155,万达小区,商务住宅;住宅区;住宅小区,江东中路102号,118.741953,32.032508,江苏省,南京市,建邺区,
5156,万达广场西地贰街区8号,商务住宅;商务住宅相关;商务住宅相关,福园街141-4号附近,118.734789,32.031468,江苏省,南京市,建邺区,
5157,万达金街,商务住宅;住宅区;住宅区,建邺水西门大街287号,118.742501,32.03224,江苏省,南京市,建邺区,
5158,银轮花园,商务住宅;住宅区;住宅小区,集庆门大街189号,118.743797,32.027267,江苏省,南京市,建邺区,
5159,南京万达广场·东坊1栋办公楼(南门),商务住宅;商务住宅相关;商务住宅相关,云锦路与福园街交叉口西北50米,118.743337,32.031844,江苏省,南京市,建邺区,
5160,万达广场东坊,商务住宅;住宅区;住宅小区,云锦路58号,118.742638,32.032613,江苏省,南京市,建邺区,
5161,乐基广场,商务住宅;楼宇;商住两用楼宇,所街116号,118.741435,32.024776,江苏省,南京市,建邺区,
5162,易通电讯南京商务中心,商务住宅;商务住宅相关;商务住宅相关,水西门大街313号,118.74289,32.03392,江苏省,南京市,建邺区,
5163,丹桂居,商务住宅;住宅区;住宅小区,通江路1号,118.734397,32.024339,江苏省,南京市,建邺区,
5164,湖西庭园,商务住宅;住宅区;住宅小区,湖西街18号,118.749169,32.029825,江苏省,南京市,建邺区,
5165,湖西村,商务住宅;住宅区;住宅小区,湖西街,118.748876,32.028418,江苏省,南京市,建邺区,
5166,玉塘村(湖西街),商务住宅;住宅区;住宅小区,湖西街,118.751076,32.02939,江苏省,南京市,建邺区,
5167,中北英郡,商务住宅;住宅区;住宅小区,集庆门大街168号,118.746826,32.028477,江苏省,南京市,建邺区,
5168,兆园东小区,商务住宅;住宅区;住宅小区,湖西街兆园2号,118.75004,32.030971,江苏省,南京市,建邺区,
5169,福园小区,商务住宅;住宅区;住宅小区,茶南福园街113-6,118.747043,32.030474,江苏省,南京市,建邺区,
5170,兆园西小区,商务住宅;住宅区;住宅小区,兆园路与露园街交叉口西南100米,118.748639,32.031304,江苏省,南京市,建邺区,
5171,品阁(集庆门大街),商务住宅;住宅区;住宅小区,集庆门大街155号,118.747583,32.027007,江苏省,南京市,建邺区,
5172,天湖园,商务住宅;住宅区;住宅小区,湖西街7-1-2号,118.751409,32.030543,江苏省,南京市,建邺区,
5173,湖西街34号小区,商务住宅;住宅区;住宅小区,湖西街与集庆门大街交叉口西南100米,118.748478,32.026576,江苏省,南京市,建邺区,
5174,明园社区,商务住宅;住宅区;住宅小区|地名地址信息;普通地名;村庄级地名,仁园76-1号附近,118.747017,32.031528,江苏省,南京市,建邺区,
5175,露园小区南区,商务住宅;住宅区;住宅小区,湖西街与露园街交叉口西100米,118.750623,32.031864,江苏省,南京市,建邺区,
5176,弘辉缤纷家园,商务住宅;住宅区;住宅小区,去集庆门大街169号,118.745789,32.027219,江苏省,南京市,建邺区,
5177,明清园(茶南大街),商务住宅;住宅区;住宅小区,露园24幢,118.748551,32.032543,江苏省,南京市,建邺区,
5178,新禧家园,商务住宅;住宅区;住宅小区,湖西街44号,118.747111,32.026254,江苏省,南京市,建邺区,
5179,安民村,商务住宅;住宅区;住宅小区,湖西街51号,118.749784,32.025851,江苏省,南京市,建邺区,
5180,露园小区北区,商务住宅;住宅区;住宅区,露园西街与拓园路交叉口东100米,118.750038,32.032585,江苏省,南京市,建邺区,
5181,金贸新村,商务住宅;住宅区;住宅小区,玉塘街81号附近,118.752363,32.031285,江苏省,南京市,建邺区,
5182,凤栖苑小区,商务住宅;住宅区;住宅小区,集庆门大街182-11号附近,118.744718,32.029654,江苏省,南京市,建邺区,
5183,仁园小区,商务住宅;住宅区;住宅小区,水西门大街茶南小区,118.746993,32.032566,江苏省,南京市,建邺区,
5184,建盛丽庭,商务住宅;住宅区;住宅小区,建邺湖西街湖西街8号,118.750948,32.032539,江苏省,南京市,建邺区,
5185,沿河社区(沿河街),商务住宅;住宅区;住宅小区,集庆门大街,118.752298,32.02675,江苏省,南京市,建邺区,
5186,凤鸣苑(集庆门大街),商务住宅;住宅区;住宅小区,集庆门大街白鹭花园,118.744876,32.027345,江苏省,南京市,建邺区,
5187,江苏省淡水水产研究所宿舍,商务住宅;住宅区;宿舍,茶亭东街96号附近,118.753574,32.029202,江苏省,南京市,建邺区,
5188,湖西街小区,商务住宅;住宅区;住宅小区,水西门大街湖西街36号,118.747924,32.025141,江苏省,南京市,建邺区,
5189,白鹭花园凤栖苑,商务住宅;住宅区;住宅小区,集庆门大街与云锦路交叉处,118.74398,32.029274,江苏省,南京市,建邺区,
5190,安康小区(湖西街),商务住宅;住宅区;住宅小区,湖西街51-14号,118.750344,32.025173,江苏省,南京市,建邺区,
5191,露园小区,商务住宅;住宅区;住宅小区,水西门大街31号附近,118.750322,32.033326,江苏省,南京市,建邺区,
5192,湖西街48号小区,商务住宅;住宅区;住宅小区,湖西街48号5幢附近,118.74778,32.025028,江苏省,南京市,建邺区,
5193,蓓蕾村,商务住宅;住宅区;住宅小区,五塘街与玉塘街交叉口东100米,118.753774,32.030873,江苏省,南京市,建邺区,
5194,沿河四村,商务住宅;住宅区;住宅区,建邺集庆门大街与南湖路交叉口,118.752948,32.026338,江苏省,南京市,建邺区,
5195,拓园东小区,商务住宅;住宅区;住宅小区,水西门大街249号,118.74877,32.033824,江苏省,南京市,建邺区,
5196,湖心花园,商务住宅;住宅区;住宅小区,南湖街道水西门大街207号,118.752932,32.032757,江苏省,南京市,建邺区,
5197,沿河三村,商务住宅;住宅区;住宅区,集庆门大街上南湖沿河三村,118.753647,32.02637,江苏省,南京市,建邺区,
5198,金地名京,商务住宅;住宅区;住宅小区,云锦路139号,118.744658,32.025543,江苏省,南京市,建邺区,
5199,安国村,商务住宅;住宅区;住宅小区,南湖路22号,118.753148,32.02484,江苏省,南京市,建邺区,
5200,万达金街东坊,商务住宅;住宅区;住宅区,云锦路与水西门大街交叉口南150米,118.74447,32.03356,江苏省,南京市,建邺区,
5201,瑞阳尊邸,商务住宅;住宅区;住宅区,水西门大街276号,118.7537,32.033817,江苏省,南京市,建邺区,
5202,美高美大厦,商务住宅;楼宇;商务写字楼,水西门大街213-4号,118.751614,32.033773,江苏省,南京市,建邺区,
5203,安康村,商务住宅;住宅区;住宅小区,湖西街与集庆门大街交叉口南100米,118.74933,32.026574,江苏省,南京市,建邺区,
5204,名郡花园,商务住宅;商务住宅相关;商务住宅相关,集庆门大街170号,118.74622,32.028083,江苏省,南京市,建邺区,
5205,兆园44号,商务住宅;商务住宅相关;商务住宅相关,兆园路50号附近,118.748446,32.031638,江苏省,南京市,建邺区,
5206,兆园43号,商务住宅;商务住宅相关;商务住宅相关,兆园路54号附近,118.748631,32.031428,江苏省,南京市,建邺区,
5207,兆园42号,商务住宅;商务住宅相关;商务住宅相关,茶亭东街234号附近,118.748819,32.031268,江苏省,南京市,建邺区,
5208,兆园41号,商务住宅;商务住宅相关;商务住宅相关,兆园路62号附近,118.748999,32.03101,江苏省,南京市,建邺区,
5209,兆园40号,商务住宅;商务住宅相关;商务住宅相关,拓园路与福园街交叉口北50米,118.749184,32.0308,江苏省,南京市,建邺区,
5210,文体西村,商务住宅;住宅区;住宅小区,南湖路,118.75783,32.029478,江苏省,南京市,建邺区,
5211,文体村,商务住宅;住宅区;住宅小区,南湖东路与文体路交叉口,118.758767,32.02787,江苏省,南京市,建邺区,
5212,育英村,商务住宅;住宅区;住宅小区,,118.758032,32.028039,江苏省,南京市,建邺区,
5213,莫愁新村,商务住宅;住宅区;住宅小区,文体西路与莫愁新村路交叉口东南100米,118.760411,32.030067,江苏省,南京市,建邺区,
5214,艺苑村,商务住宅;住宅区;住宅小区,文体西路10号,118.758554,32.030797,江苏省,南京市,建邺区,
5215,南湖东路小区,商务住宅;住宅区;住宅小区,南湖东路与文体西路交叉口西100米,118.757365,32.027312,江苏省,南京市,建邺区,
5216,南湖小区,商务住宅;商务住宅相关;商务住宅相关,湖西街,118.759782,32.031504,江苏省,南京市,建邺区,
5217,蓓蕾小区,商务住宅;住宅区;住宅小区,南湖路14-2号附近,118.755897,32.029981,江苏省,南京市,建邺区,
5218,西街头小区,商务住宅;住宅区;住宅小区,水西门大街111号,118.761359,32.030969,江苏省,南京市,建邺区,
5219,自由寓,商务住宅;商务住宅相关;商务住宅相关,水西门大街153-6号,118.759667,32.032013,江苏省,南京市,建邺区,
5220,康福村,商务住宅;住宅区;住宅小区,南湖东路11号,118.756947,32.026827,江苏省,南京市,建邺区,
5221,车站村,商务住宅;住宅区;住宅区,南湖东路与南湖路交叉口西北50米,118.75579,32.02807,江苏省,南京市,建邺区,
5222,外贸小区,商务住宅;住宅区;住宅小区,建邺水西门大街外贸小区,118.758162,32.032078,江苏省,南京市,建邺区,
5223,车站小区(育英街),商务住宅;住宅区;住宅小区,育英街,118.755484,32.028739,江苏省,南京市,建邺区,
5224,水西门大街157号,商务住宅;住宅区;住宅小区,水西门大街157,118.75857,32.032216,江苏省,南京市,建邺区,
5225,利民小区(文体西路),商务住宅;住宅区;住宅小区,文体西街与沿河街交叉口东北150米,118.758495,32.026046,江苏省,南京市,建邺区,
5226,南湖边,商务住宅;住宅区;住宅小区,南湖边76号,118.762739,32.030419,江苏省,南京市,建邺区,
5227,玉塘东街四号小区,商务住宅;住宅区;住宅小区,南京市建邺区玉塘东街4号,118.754841,32.030021,江苏省,南京市,建邺区,
5228,车站南村,商务住宅;住宅区;住宅区,南湖东路20号,118.755421,32.02698,江苏省,南京市,建邺区,
5229,迎宾村,商务住宅;住宅区;住宅小区,南湖路25号,118.755935,32.032064,江苏省,南京市,建邺区,
5230,车站南小区,商务住宅;住宅区;住宅小区,南湖东路与玉塘东街交叉口南150米,118.75494,32.027348,江苏省,南京市,建邺区,
5231,长虹路131号小区,商务住宅;住宅区;住宅小区,长虹路131号,118.762763,32.026674,江苏省,南京市,建邺区,
5232,利民东村小区,商务住宅;住宅区;住宅小区,南湖东路,118.760388,32.025123,江苏省,南京市,建邺区,
5233,长虹路129号小区,商务住宅;住宅区;住宅小区,长虹路129号,118.763483,32.026689,江苏省,南京市,建邺区,
5234,园中园公寓,商务住宅;住宅区;住宅小区,水西门大街258号,118.756941,32.033725,江苏省,南京市,建邺区,
5235,茶亭村,商务住宅;住宅区;住宅小区,玉塘街208-5号,118.75448,32.032241,江苏省,南京市,建邺区,
5236,东升沿一小区,商务住宅;住宅区;住宅小区,文体路与集庆门大街交汇处,118.757091,32.024633,江苏省,南京市,建邺区,
5237,沿河社区东区,商务住宅;住宅区;住宅区,南湖路11号附近,118.75457,32.026119,江苏省,南京市,建邺区,
5238,沿河二村(沿河街),商务住宅;住宅区;住宅小区,南湖路与沿河街交叉口西南100米,118.754819,32.025505,江苏省,南京市,建邺区,
5239,莫园新寓,商务住宅;住宅区;住宅小区,莫园水西门大街226号,118.756003,32.033886,江苏省,南京市,建邺区,
5240,金茎唐城4期,商务住宅;商务住宅相关;商务住宅相关,水西门大街270号,118.7544,32.03381,江苏省,南京市,建邺区,
5241,君莱商务中心,商务住宅;楼宇;商务写字楼,南湖东路26-3号,118.76063,32.027047,江苏省,南京市,建邺区,
5242,莫愁大厦,商务住宅;楼宇;商住两用楼宇,水西门大街101号莫愁大厦,118.762984,32.031041,江苏省,南京市,建邺区,
5243,金基广场,商务住宅;楼宇;商务写字楼,水西门大街270号,118.754753,32.033827,江苏省,南京市,建邺区,
5244,茶亭东街,地名地址信息;交通地名;道路名|商务住宅;住宅区;住宅小区,水西门大街,118.75965,32.031602,江苏省,南京市,建邺区,
5245,利民村小区,商务住宅;住宅区;住宅小区,文体路与水西门大街交叉口西南50米,118.762651,32.031317,江苏省,南京市,建邺区,
5246,建宇大厦,商务住宅;楼宇;商务写字楼,虎踞南路100-102号,118.769171,32.030808,江苏省,南京市,秦淮区,
5247,长虹路住宅,商务住宅;住宅区;住宅区,集庆门大街长虹路29号,118.766633,32.029538,江苏省,南京市,建邺区,
5248,升州商务大楼,商务住宅;楼宇;商务写字楼,升州路385号,118.771436,32.028626,江苏省,南京市,秦淮区,
5249,新银都现代家庭商务广场,商务住宅;楼宇;商务写字楼,水西门大街2号,118.771197,32.030142,江苏省,南京市,秦淮区,
5250,西水门大街57号小区,商务住宅;住宅区;住宅小区,西水门大街57,118.76702,32.030308,江苏省,南京市,建邺区,
5251,来凤街社区活动室,商务住宅;住宅区;社区中心,仓巷与升州路交叉口西南200米,118.770852,32.0275,江苏省,南京市,秦淮区,
5252,韩家苑小区,商务住宅;住宅区;住宅小区,莫愁路97号,118.7708,32.031022,江苏省,南京市,秦淮区,
5253,左邻风度,商务住宅;住宅区;住宅小区,莫愁湖东路6号,118.767585,32.031554,江苏省,南京市,建邺区,
5254,虎踞南路98号小区,商务住宅;住宅区;住宅小区,虎踞南路98号,118.769203,32.031974,江苏省,南京市,秦淮区,
5255,长虹路三九五九巷小区(碧虹苑西南),商务住宅;住宅区;住宅小区,长虹路67号,118.765893,32.028193,江苏省,南京市,建邺区,
5256,西关头物业管理区,商务住宅;住宅区;住宅小区,凤台路16-21号(虹悦城),118.770432,32.026635,江苏省,南京市,秦淮区,
5257,紫金(秦淮)科技创业特别社区,商务住宅;住宅区;住宅小区,内环西线辅路东50米,118.769414,32.026284,江苏省,南京市,秦淮区,
5258,金陵商贸服务中心,商务住宅;楼宇;商务写字楼,升州路355号金陵商贸服务中心C201,118.772253,32.028168,江苏省,南京市,秦淮区,
5259,碧虹苑,商务住宅;住宅区;住宅小区,长虹路49号,118.765299,32.028909,江苏省,南京市,建邺区,
5260,南京社会保障服务大楼,商务住宅;楼宇;商务写字楼,水西门大街73号,118.765633,32.030703,江苏省,南京市,建邺区,
5261,建邺大厦(水西门大街),商务住宅;楼宇;商务写字楼,水西门大街58号,118.766319,32.031474,江苏省,南京市,建邺区,
5262,力生大厦,商务住宅;楼宇;商住两用楼宇,水西门大街77号,118.765559,32.030736,江苏省,南京市,建邺区,
5263,止马公馆,商务住宅;住宅区;住宅小区,虎踞南路75号,118.770179,32.0323,江苏省,南京市,秦淮区,
5264,仓巷39-45大院,商务住宅;住宅区;住宅小区,仓巷39号附近,118.772845,32.029975,江苏省,南京市,秦淮区,
5265,长虹路后街小区,商务住宅;住宅区;住宅小区,水西门大街85-4号,118.764983,32.030104,江苏省,南京市,建邺区,
5266,水西门大街126号,商务住宅;住宅区;住宅小区,建邺大厦右侧,118.765651,32.031371,江苏省,南京市,建邺区,
5267,南京德洋商贸中心,商务住宅;楼宇;商务写字楼,虎踞南路86号,118.769083,32.032828,江苏省,南京市,秦淮区,
5268,小庄子67号,商务住宅;住宅区;住宅区,长虹路19号附近,118.764668,32.029982,江苏省,南京市,建邺区,
5269,莫愁东寓小区,商务住宅;住宅区;住宅小区,莫愁湖东路12-1号,118.767559,32.032814,江苏省,南京市,建邺区,
5270,小庄子66号,商务住宅;住宅区;住宅区,长虹路19号附近,118.764491,32.029829,江苏省,南京市,建邺区,
5271,小庄子68号,商务住宅;住宅区;住宅区,长虹路19号附近,118.764492,32.03002,江苏省,南京市,建邺区,
5272,小庄子69号,商务住宅;住宅区;住宅区,长虹路19号附近,118.76448,32.030085,江苏省,南京市,建邺区,
5273,小庄子60号,商务住宅;住宅区;住宅区,水西门大街87号附近,118.764354,32.030129,江苏省,南京市,建邺区,
5274,小庄子64号,商务住宅;住宅区;住宅区,南湖边附近,118.764211,32.029895,江苏省,南京市,建邺区,
5275,水西门大街87号,商务住宅;住宅区;住宅小区,莫愁湖水西门大街,118.76442,32.030669,江苏省,南京市,建邺区,
5276,小庄子61号,商务住宅;住宅区;住宅区,南湖边4幢附近,118.764133,32.030172,江苏省,南京市,建邺区,
5277,通宇花园(建邺路),商务住宅;住宅区;住宅小区,建邺西路西止马营48号,118.770201,32.03343,江苏省,南京市,秦淮区,
5278,牌坊街小区,商务住宅;住宅区;住宅小区,建邺莫愁湖东路35号,118.765392,32.032473,江苏省,南京市,建邺区,
5279,君园,商务住宅;住宅区;住宅小区,建业区莫愁湖东路16号,118.767465,32.033585,江苏省,南京市,建邺区,
5280,南湖东路小区,商务住宅;住宅区;住宅小区,长虹路195号、249号,118.764801,32.026259,江苏省,南京市,建邺区,
5281,欢喜城,商务住宅;住宅区;住宅小区,长虹路105号(停车厂对面),118.764435,32.02667,江苏省,南京市,建邺区,
5282,长虹路197-199号小区,商务住宅;住宅区;住宅小区,长虹路197-199号,118.764752,32.026264,江苏省,南京市,建邺区,
5283,名湖雅居,商务住宅;住宅区;住宅小区,莫愁湖东路9-13号,118.765107,32.032623,江苏省,南京市,建邺区,
5284,凤凰峨眉小区,商务住宅;住宅区;住宅小区,长虹路199号,118.76449,32.02624,江苏省,南京市,建邺区,
5285,虎踞南路68号小区,商务住宅;住宅区;住宅小区,虎踞南路68号,118.768926,32.034046,江苏省,南京市,秦淮区,
5286,天一居,商务住宅;住宅区;住宅小区,丁家巷8号,118.773737,32.032079,江苏省,南京市,秦淮区,
5287,桃园人家,商务住宅;住宅区;住宅小区,升州路柳叶街3号桃园人家,118.772987,32.025466,江苏省,南京市,秦淮区,
5288,菱角市小区,商务住宅;住宅区;住宅小区,来凤街142号,118.772004,32.02472,江苏省,南京市,秦淮区,
5289,止马营小区,商务住宅;住宅区;住宅小区,止马营30-50、56号,118.772054,32.033788,江苏省,南京市,秦淮区,
5290,止马营社区,商务住宅;住宅区;住宅小区|地名地址信息;普通地名;村庄级地名,止马营30-50、56号,118.771756,32.033985,江苏省,南京市,秦淮区,
5291,集庆门来风街,商务住宅;住宅区;住宅小区,来风街,118.771895,32.024382,江苏省,南京市,秦淮区,
5292,毛家苑35号,商务住宅;住宅区;住宅区,来凤里48号附近,118.772048,32.024418,江苏省,南京市,秦淮区,
5293,长虹路130号北,商务住宅;商务住宅相关;商务住宅相关,南湖东路与长虹路交叉口东南100米,118.767341,32.025694,江苏省,南京市,建邺区,
5294,苏宁帮客(南京市冰峰雪制冷设备维修中心),商务住宅;商务住宅相关;商务住宅相关,施府桥48号,118.773449,32.024622,江苏省,南京市,秦淮区,
5295,评事街小区,商务住宅;住宅区;住宅小区,"鼎新路与升州路交叉口,建邺路南侧",118.779033,32.028675,江苏省,南京市,秦淮区,
5296,红土桥30号,商务住宅;住宅区;住宅区,千章巷18号附近,118.778326,32.02859,江苏省,南京市,秦淮区,
5297,红土桥28号,商务住宅;住宅区;住宅区,千章巷与鼎新路交叉口东北50米,118.778225,32.028297,江苏省,南京市,秦淮区,
5298,金鼎湾国际,商务住宅;住宅区;住宅小区,鼎新路88号,118.779001,32.030486,江苏省,南京市,秦淮区,
5299,金鼎湾2期,商务住宅;住宅区;住宅区,鼎新路88号,118.778347,32.030419,江苏省,南京市,秦淮区,
5300,红士桥22号,商务住宅;住宅区;住宅区,千章巷与鼎新路交叉口东南50米,118.778073,32.027907,江苏省,南京市,秦淮区,
5301,踹布坊21号,商务住宅;住宅区;住宅区,泥马巷15号1附近,118.780744,32.028528,江苏省,南京市,秦淮区,
5302,绒庄新村,商务住宅;住宅区;住宅小区,秦淮评事街208号附近,118.781191,32.029479,江苏省,南京市,秦淮区,
5303,大常巷,商务住宅;住宅区;住宅区,安品街大常巷,118.776494,32.02901,江苏省,南京市,秦淮区,
5304,鼎新苑,商务住宅;住宅区;住宅小区,七家湾鼎新苑39号,118.776801,32.030144,江苏省,南京市,秦淮区,
5305,金鼎湾私家花园(东门),商务住宅;商务住宅相关;商务住宅相关,鼎新路99号,118.7769,32.030679,江苏省,南京市,秦淮区,
5306,鸿信大厦,商务住宅;楼宇;商务写字楼,建邺路98-100号,118.780278,32.031221,江苏省,南京市,秦淮区,
5307,创联商务中心,商务住宅;商务住宅相关;商务住宅相关,建邺路98号8楼,118.780747,32.031404,江苏省,南京市,秦淮区,
5308,金鼎湾(鼎新路),商务住宅;住宅区;住宅小区,鼎新路99号,118.77709,32.031184,江苏省,南京市,秦淮区,
5309,建邺商务中心,商务住宅;楼宇;商务写字楼,建邺路80-3号,118.78185,32.030511,江苏省,南京市,秦淮区,
5310,明瓦廊小区,商务住宅;住宅区;住宅小区,新街口明瓦廊路,118.78072,32.031391,江苏省,南京市,秦淮区,
5311,天安·恒隆花园,商务住宅;住宅区;住宅小区,鼎新路1号,118.776455,32.02745,江苏省,南京市,秦淮区,
5312,福祥公寓,商务住宅;住宅区;住宅小区,白衣庵11、15,118.781939,32.027979,江苏省,南京市,秦淮区,
5313,古钵营小区,商务住宅;住宅区;住宅小区,古钵营,118.78198,32.02802,江苏省,南京市,秦淮区,
5314,福祥大厦,商务住宅;住宅区;住宅小区,白衣庵17号,118.781759,32.027528,江苏省,南京市,秦淮区,
5315,内桥湾小区,商务住宅;住宅区;住宅小区,内桥湾,118.782481,32.029115,江苏省,南京市,秦淮区,
5316,华信公寓,商务住宅;住宅区;住宅小区,中山南路白衣庵27号,118.78167,32.027164,江苏省,南京市,秦淮区,
5317,七家湾84号,商务住宅;住宅区;住宅区,建邺路与朝天宫交叉口东南150米,118.776306,32.031417,江苏省,南京市,秦淮区,
5318,金苑银府,商务住宅;住宅区;住宅区,秦淮建邺路92号,118.780971,32.03186,江苏省,南京市,秦淮区,
5319,朗诗·熙园,商务住宅;住宅区;住宅小区,丰富路18号,118.779821,32.032333,江苏省,南京市,秦淮区,
5320,鼎新大厦,商务住宅;楼宇;商住两用楼宇,建邺路七家湾84号,118.776222,32.031495,江苏省,南京市,秦淮区,
5321,程善坊1号,商务住宅;住宅区;住宅区,升州路228号附近,118.778182,32.026006,江苏省,南京市,秦淮区,
5322,程善坊3号,商务住宅;住宅区;住宅区,升州路228号附近,118.778304,32.025981,江苏省,南京市,秦淮区,
5323,南京电力电容商务中心,商务住宅;楼宇;商务写字楼,升州路292号a楼,118.776587,32.026268,江苏省,南京市,秦淮区,
5324,城市之星,商务住宅;楼宇;商住两用楼宇,升州路228号(公交车站),118.778113,32.025693,江苏省,南京市,秦淮区,
5325,七家湾98号,商务住宅;住宅区;住宅区,建邺路199号附近,118.775911,32.031666,江苏省,南京市,秦淮区,
5326,东沛大厦,商务住宅;楼宇;商务写字楼,建邺路199号,118.775842,32.031742,江苏省,南京市,秦淮区,
5327,建邺路住宅小区,商务住宅;住宅区;住宅小区,建邺路76-5号,118.783027,32.031166,江苏省,南京市,秦淮区,
5328,七家湾88号,商务住宅;住宅区;住宅区,丁家巷与仓巷交叉口东150米,118.775495,32.03149,江苏省,南京市,秦淮区,
5329,同坤大厦(中山南路),商务住宅;楼宇;商务写字楼,中山南路360号,118.783168,32.02821,江苏省,南京市,秦淮区,
5330,聚缘阁,商务住宅;商务住宅相关;商务住宅相关,南捕厅17号,118.781904,32.026481,江苏省,南京市,秦淮区,
5331,亚东名座,商务住宅;楼宇;商务写字楼,中山南路368号(三山街),118.782949,32.027656,江苏省,南京市,秦淮区,
5332,万科安品園舍,商务住宅;住宅区;住宅小区,安品街,118.774856,32.030698,江苏省,南京市,秦淮区,
5333,七家湾96号,商务住宅;住宅区;住宅区,建邺路199号附近,118.7757,32.031784,江苏省,南京市,秦淮区,
5334,张府园小区-西区,商务住宅;住宅区;住宅区,张府园38号附近,118.782361,32.031977,江苏省,南京市,秦淮区,
5335,外贸大厦,商务住宅;楼宇;商务写字楼,秦淮登隆巷19号,118.774186,32.028838,江苏省,南京市,秦淮区,
5336,瑜蔓宏逸商务楼,商务住宅;商务住宅相关;商务住宅相关,升州路161号,118.778766,32.024876,江苏省,南京市,秦淮区,
5337,张府园小区(张府园),商务住宅;住宅区;住宅小区,大香炉与木料市交叉口东150,118.782156,32.032274,江苏省,南京市,秦淮区,
5338,江隆邨,商务住宅;住宅区;住宅小区,登隆巷19号,118.774066,32.029043,江苏省,南京市,秦淮区,
5339,魔方公寓(升州路店),商务住宅;楼宇;商住两用楼宇,升州路289号,118.774921,32.026648,江苏省,南京市,秦淮区,
5340,张府园小区,商务住宅;住宅区;住宅小区,中山南路289号,118.782732,32.032015,江苏省,南京市,秦淮区,
5341,南通大楼,商务住宅;楼宇;商务写字楼,仓巷120号,118.774865,32.031837,江苏省,南京市,秦淮区,
5342,南捕厅15号,商务住宅;住宅区;住宅区,中山南路与南捕厅交叉口西100米,118.782196,32.025932,江苏省,南京市,秦淮区,
5343,渡船口小区,商务住宅;住宅区;住宅小区,渡船口1号-3号,118.775623,32.025933,江苏省,南京市,秦淮区,
5344,大香炉32号,商务住宅;住宅区;住宅区,大香炉与小板巷交叉口东南50米,118.781655,32.032758,江苏省,南京市,秦淮区,
5345,秦淮建设大楼,商务住宅;楼宇;商务写字楼,仙鹤街116号,118.77662,32.025304,江苏省,南京市,秦淮区,
5346,御苑赏石,商务住宅;商务住宅相关;商务住宅相关,南捕厅15号,118.781995,32.025569,江苏省,南京市,秦淮区,
5347,交通设计大厦(中山南路),商务住宅;楼宇;商务写字楼,中山南路342号,118.783577,32.03138,江苏省,南京市,秦淮区,
5348,曹都巷小区,商务住宅;住宅区;住宅小区,曹都巷30-31号,118.780741,32.033557,江苏省,南京市,秦淮区,
5349,建全大厦,商务住宅;楼宇;商务写字楼,升州路127-9号,118.779689,32.024594,江苏省,南京市,秦淮区,
5350,互联网金融大厦,商务住宅;商务住宅相关;商务住宅相关,中山南路342号,118.78386,32.031311,江苏省,南京市,秦淮区,
5351,交通设计大厦(东门),商务住宅;商务住宅相关;商务住宅相关,中山南路342号,118.783884,32.031347,江苏省,南京市,秦淮区,
5352,江苏苏贸大厦,商务住宅;楼宇;商务写字楼,中山南路288号,118.783246,32.032303,江苏省,南京市,秦淮区,
5353,南京砂珠巷小区日租公寓(西门),商务住宅;商务住宅相关;商务住宅相关,中山南路314号附近,118.782987,32.025684,江苏省,南京市,秦淮区,
5354,瑞华大厦(中山南路),商务住宅;楼宇;商务写字楼,中山南路315号,118.783258,32.025789,江苏省,南京市,秦淮区,
5355,丰富路小区,商务住宅;住宅区;住宅小区,丰富路61号(新街口),118.779314,32.034192,江苏省,南京市,秦淮区,
5356,出国金融中心,商务住宅;商务住宅相关;商务住宅相关,绒庄街35号附近,118.783118,32.025685,江苏省,南京市,秦淮区,
5357,大香炉,商务住宅;住宅区;住宅小区,大香炉双号6-16号、大香炉18-28号,118.782262,32.033391,江苏省,南京市,秦淮区,
5358,玉带园,商务住宅;住宅区;住宅小区,升州路179-4号,118.777498,32.024295,江苏省,南京市,秦淮区,
5359,小王府16号,商务住宅;住宅区;住宅区,小王府巷7号,118.777992,32.034191,江苏省,南京市,秦淮区,
5360,中国建设银行江苏省分行办公大楼,商务住宅;楼宇;商务写字楼,中山南路248号,118.78368,32.0323,江苏省,南京市,秦淮区,
5361,中国农业银行大楼,商务住宅;楼宇;商务写字楼,张府园32101号楼附近,118.78344,32.032742,江苏省,南京市,秦淮区,
5362,南京洪宇商务中心,商务住宅;楼宇;商务写字楼,白下路111号,118.789004,32.028971,江苏省,南京市,秦淮区,
5363,洪宇大厦,商务住宅;楼宇;商住两用楼宇,白下路113号,118.788889,32.028981,江苏省,南京市,秦淮区,
5364,路99号小区,商务住宅;住宅区;住宅小区,白下路99号,118.78828,32.02902,江苏省,南京市,秦淮区,
5365,斯亚·首府,商务住宅;住宅区;住宅小区,白下路166号(白下路与太平南路交界处),118.789014,32.028246,江苏省,南京市,秦淮区,
5366,糖果公寓,商务住宅;住宅区;住宅小区,白下路128-1号,118.787777,32.028743,江苏省,南京市,秦淮区,
5367,汇鸿大厦(广艺街),商务住宅;楼宇;商务写字楼,白下路89号(近福鑫国际大厦),118.787687,32.029517,江苏省,南京市,秦淮区,
5368,斯亚·财富中心,商务住宅;楼宇;商务写字楼,太平南路450号,118.789513,32.028204,江苏省,南京市,秦淮区,
5369,金盾公寓(广艺街),商务住宅;住宅区;住宅小区,洪武路广艺街8号,118.788818,32.030352,江苏省,南京市,秦淮区,
5370,乐山墅,商务住宅;住宅区;别墅,白下路87号汇鸿大厦B座1层,118.78764,32.029569,江苏省,南京市,秦淮区,
5371,中华公寓,商务住宅;住宅区;住宅小区,白下路128号,118.787461,32.028669,江苏省,南京市,秦淮区,
5372,白下路153号院,商务住宅;住宅区;住宅区,白下路153号,118.790445,32.028695,江苏省,南京市,秦淮区,
5373,西一新村高层,商务住宅;住宅区;住宅小区,太平南路四象桥西,118.788685,32.027601,江苏省,南京市,秦淮区,
5374,太平路394号院,商务住宅;住宅区;住宅区,太平路394号,118.790818,32.029772,江苏省,南京市,秦淮区,
5375,金宝花园,商务住宅;住宅区;住宅小区,马坡镇洪武路333号,118.787584,32.030506,江苏省,南京市,秦淮区,
5376,东王府园90号,商务住宅;住宅区;住宅区,白下路132号附近,118.787974,32.027711,江苏省,南京市,秦淮区,
5377,福鑫国际大厦,商务住宅;楼宇;商务写字楼,洪武路359号,118.78687,32.029811,江苏省,南京市,秦淮区,
5378,凤凰和睿大厦,商务住宅;楼宇;商务写字楼,太平南路389号,118.791331,32.029017,江苏省,南京市,秦淮区,
5379,龙吟大厦(洪武路),商务住宅;楼宇;商务写字楼,洪武路357号,118.786928,32.030351,江苏省,南京市,秦淮区,
5380,博苑综合楼住宅区,商务住宅;住宅区;住宅小区,西方巷26号,118.787587,32.031358,江苏省,南京市,秦淮区,
5381,观城国际,商务住宅;楼宇;商住两用楼宇,秦淮秦淮区中华路1号,118.786576,32.028181,江苏省,南京市,秦淮区,
5382,洪武高层(火瓦巷),商务住宅;住宅区;住宅小区,火瓦巷3-7号,118.788036,32.031354,江苏省,南京市,秦淮区,
5383,南京粮食大厦,商务住宅;楼宇;商务写字楼,太平南路371号,118.79162,32.029732,江苏省,南京市,秦淮区,
5384,五马街小区,商务住宅;住宅区;住宅小区,白下路228号,118.791161,32.027736,江苏省,南京市,秦淮区,
5385,西一新村,商务住宅;住宅区;住宅小区,中山南路357号,118.789641,32.026835,江苏省,南京市,秦淮区,
5386,天元大厦(白下路),商务住宅;楼宇;商务写字楼,洪武路396号,118.785997,32.029404,江苏省,南京市,秦淮区,
5387,火瓦巷28号院,商务住宅;住宅区;住宅区,火瓦巷28号,118.789889,32.0317,江苏省,南京市,秦淮区,
5388,外贸公寓,商务住宅;住宅区;住宅小区,火瓦巷,118.790079,32.031656,江苏省,南京市,秦淮区,
5389,邀贵井小区,商务住宅;住宅区;住宅小区,白下路路口,118.790556,32.02694,江苏省,南京市,秦淮区,
5390,王府园小区,商务住宅;住宅区;住宅小区,慧园街24号附近,118.787155,32.02687,江苏省,南京市,秦淮区,
5391,苏发大厦,商务住宅;楼宇;商务写字楼,洪武路336-342号,118.786144,32.03069,江苏省,南京市,秦淮区,
5392,南京超妍,商务住宅;楼宇;商务写字楼,太平南路马府街16号,118.792201,32.029763,江苏省,南京市,秦淮区,
5393,龙王庙小区,商务住宅;住宅区;住宅区,龙王庙7号,118.788838,32.032039,江苏省,南京市,秦淮区,
5394,西一巷,商务住宅;住宅区;住宅小区,太平南路四象桥,118.789417,32.026347,江苏省,南京市,秦淮区,
5395,六中老师宿舍,商务住宅;住宅区;住宅小区,马府街16号南京超妍2幢,118.792316,32.029353,江苏省,南京市,秦淮区,
5396,万里商务中心,商务住宅;楼宇;商务写字楼,白下路7-11号,118.785192,32.030048,江苏省,南京市,秦淮区,
5397,麟和里17号,商务住宅;住宅区;住宅区,太平南路349-1号附近,118.791897,32.030742,江苏省,南京市,秦淮区,
5398,白下路住宅,商务住宅;住宅区;住宅区,白下路201号,118.792626,32.02812,江苏省,南京市,秦淮区,
5399,金陵御景园商务大厦,商务住宅;楼宇;商务写字楼,太平南路333号(夫子庙),118.791964,32.031252,江苏省,南京市,秦淮区,
5400,马府街16号,商务住宅;住宅区;住宅区,白下路16号2幢附近,118.79243,32.029736,江苏省,南京市,秦淮区,
5401,银达雅居,商务住宅;住宅区;住宅小区,秦淮秦淮区中华路8号,118.785419,32.028561,江苏省,南京市,秦淮区,
5402,宁中里,商务住宅;住宅区;住宅小区,张府园宁中里,118.785619,32.0308,江苏省,南京市,秦淮区,
5403,娃娃桥,商务住宅;住宅区;住宅区,太平南路263号(夫子庙),118.79225,32.030594,江苏省,南京市,秦淮区,
5404,中华广场1号楼,商务住宅;楼宇;商住两用楼宇,中华路1号,118.786225,32.026914,江苏省,南京市,秦淮区,
5405,长江都市,商务住宅;住宅区;住宅小区,洪武路330-1号附近,118.786204,32.031512,江苏省,南京市,秦淮区,
5406,白下路2号商贸楼,商务住宅;楼宇;商务写字楼,白下路2号,118.784864,32.029192,江苏省,南京市,秦淮区,
5407,洪武公寓,商务住宅;住宅区;住宅小区,洪武路293号-297号,118.787729,32.032472,江苏省,南京市,秦淮区,
5408,小火瓦巷1号商务楼A座,商务住宅;楼宇;商务写字楼,太平南路330号,118.791567,32.03211,江苏省,南京市,秦淮区,
5409,中国银行江苏分行家属院,商务住宅;住宅区;住宅小区,九条巷6号,118.785976,32.031555,江苏省,南京市,秦淮区,
5410,白下路185号院,商务住宅;住宅区;住宅区,白下路与西八府塘交叉口西北50米,118.792894,32.028325,江苏省,南京市,秦淮区,
5411,白下路260号小区,商务住宅;住宅区;住宅小区,白下路与西八府塘交叉口西50米,118.792912,32.028036,江苏省,南京市,秦淮区,
5412,邀贵井17号,商务住宅;住宅区;住宅区,太平南路与西一巷交叉口东100米,118.790755,32.026799,江苏省,南京市,秦淮区,
5413,慧园里29号,商务住宅;住宅区;住宅区,旧王府与王府园交叉口东北150米,118.788199,32.026216,江苏省,南京市,秦淮区,
5414,慧园里30号,商务住宅;住宅区;住宅区,王府园11号附近,118.787977,32.026172,江苏省,南京市,秦淮区,
5415,慧园里25号,商务住宅;住宅区;住宅区,旧王府与王府园交叉口东北150米,118.788243,32.026071,江苏省,南京市,秦淮区,
5416,慧园里27号,商务住宅;住宅区;住宅区,旧王府与王府园交叉口东北150米,118.78811,32.026087,江苏省,南京市,秦淮区,
5417,慧园里28号,商务住宅;住宅区;住宅区,王府园13号附近,118.787907,32.026004,江苏省,南京市,秦淮区,
5418,龙王庙3号,商务住宅;住宅区;住宅区,火瓦巷与龙王庙交叉口北100米,118.789356,32.032518,江苏省,南京市,秦淮区,
5419,慧园里23号,商务住宅;住宅区;住宅区,旧王府与王府园交叉口东北150米,118.788099,32.02592,江苏省,南京市,秦淮区,
5420,宁中里3号,商务住宅;住宅区;住宅区,厅后街14号附近,118.785295,32.030574,江苏省,南京市,秦淮区,
5421,宁中里4号,商务住宅;住宅区;住宅区,厅后街16号附近,118.785309,32.030657,江苏省,南京市,秦淮区,
5422,慧园里22号,商务住宅;住宅区;住宅区,王府园13号附近,118.787906,32.025846,江苏省,南京市,秦淮区,
5423,慧园里24号,商务住宅;住宅区;住宅区,王府园13号附近,118.787871,32.025845,江苏省,南京市,秦淮区,
5424,慧园里21号,商务住宅;住宅区;住宅区,王府园附近,118.788084,32.025796,江苏省,南京市,秦淮区,
5425,慧园里20号,商务住宅;住宅区;住宅区,王府园附近,118.788148,32.025782,江苏省,南京市,秦淮区,
5426,中苑(小火瓦巷),商务住宅;住宅区;住宅小区,小火瓦巷5号,118.791108,32.032293,江苏省,南京市,秦淮区,
5427,慧园里17号,商务住宅;住宅区;住宅区,王府园13号附近,118.787983,32.025721,江苏省,南京市,秦淮区,
5428,王府园,商务住宅;住宅区;住宅小区|地名地址信息;交通地名;道路名,白下路,118.787256,32.025912,江苏省,南京市,秦淮区,
5429,慧园里16号,商务住宅;住宅区;住宅区,慧园街17临附近,118.788125,32.025687,江苏省,南京市,秦淮区,
5430,江苏银行总部大厦,商务住宅;楼宇;商务写字楼,中华路26号,118.785257,32.027385,江苏省,南京市,秦淮区,
5431,慧园里19号,商务住宅;住宅区;住宅区,王府园13号附近,118.787877,32.025701,江苏省,南京市,秦淮区,
5432,九条巷6号院,商务住宅;住宅区;住宅区,九条巷6号,118.785493,32.031405,江苏省,南京市,秦淮区,
5433,中检大厦(白下路),商务住宅;楼宇;商务写字楼,白下路1号,118.784627,32.029816,江苏省,南京市,秦淮区,
5434,森林警察学院家属大院,商务住宅;住宅区;住宅小区,洪武路320号,118.786349,32.032183,江苏省,南京市,秦淮区,
5435,慧园里13号,商务住宅;住宅区;住宅区,慧园街17临附近,118.787965,32.025588,江苏省,南京市,秦淮区,
5436,慧园里12号,商务住宅;住宅区;住宅区,慧园街17临附近,118.788096,32.025558,江苏省,南京市,秦淮区,
5437,儒林雅居,商务住宅;住宅区;住宅小区,太平南路邀贵井2-3号,118.792861,32.027522,江苏省,南京市,秦淮区,
5438,慧园里15号,商务住宅;住宅区;住宅区,慧园街17临附近,118.787842,32.02557,江苏省,南京市,秦淮区,
5439,慧园里,商务住宅;住宅区;住宅小区,慧园街24号附近(公交车站),118.78799,32.025506,江苏省,南京市,秦淮区,
5440,小火瓦巷1号商务楼B座,商务住宅;楼宇;商务写字楼,小火瓦巷1号,118.791668,32.032496,江苏省,南京市,秦淮区,
5441,儒林雅居北区,商务住宅;住宅区;住宅小区,西八府塘30号,118.792203,32.02656,江苏省,南京市,秦淮区,
5442,慧园里10号,商务住宅;住宅区;住宅区,慧园街17临附近,118.787943,32.025444,江苏省,南京市,秦淮区,
5443,慧园街四号小区,商务住宅;住宅区;住宅小区,慧园街4号,118.788908,32.025324,江苏省,南京市,秦淮区,
5444,龙庙小区,商务住宅;住宅区;住宅小区,秦淮小火瓦巷37号,118.789465,32.033054,江苏省,南京市,秦淮区,
5445,慧园里9号,商务住宅;住宅区;住宅区,慧园街17临附近,118.788037,32.025376,江苏省,南京市,秦淮区,
5446,慧园里8号,商务住宅;住宅区;住宅区,慧园街17临附近,118.78814,32.025356,江苏省,南京市,秦淮区,
5447,太平南路516号院,商务住宅;住宅区;住宅小区,太平南路与针巷交叉口北100米,118.789818,32.025296,江苏省,南京市,秦淮区,
5448,刘公巷,商务住宅;住宅区;住宅小区,建康路,118.790336,32.025377,江苏省,南京市,秦淮区,
5449,洪武大厦(洪武路),商务住宅;楼宇;商务写字楼,洪武路269号(小火瓦巷口),118.787615,32.033134,江苏省,南京市,秦淮区,
5450,儒林雅居南区,商务住宅;住宅区;住宅小区,西八府塘30号,118.791847,32.025993,江苏省,南京市,秦淮区,
5451,慧园里4号,商务住宅;住宅区;住宅区,慧园街17临附近,118.787891,32.025262,江苏省,南京市,秦淮区,
5452,慧园里2号,商务住宅;住宅区;住宅区,慧园街17临附近,118.787981,32.025234,江苏省,南京市,秦淮区,
5453,桃源村大厦,商务住宅;楼宇;商务写字楼,白下路264号,118.79344,32.027691,江苏省,南京市,秦淮区,
5454,京剧团宿舍,商务住宅;住宅区;宿舍,小火瓦巷20号,118.789615,32.033331,江苏省,南京市,秦淮区,
5455,八条巷小区,商务住宅;住宅区;住宅小区,新街口八条巷小区,118.7856,32.03242,江苏省,南京市,秦淮区,
5456,江苏省京剧院家属院,商务住宅;住宅区;住宅小区,小火瓦巷20号,118.789459,32.033513,江苏省,南京市,秦淮区,
5457,江苏省国际经贸大厦,商务住宅;楼宇;商务写字楼,中华路50号,118.784975,32.026429,江苏省,南京市,秦淮区,
5458,西八府塘30号,商务住宅;住宅区;住宅区,西八府塘15号附近,118.793109,32.026587,江苏省,南京市,秦淮区,
5459,益乐村小区,商务住宅;住宅区;住宅小区,小火瓦巷40号,118.78847,32.033651,江苏省,南京市,秦淮区,
5460,八方公寓,商务住宅;住宅区;住宅小区,八条巷2号,118.785694,32.032739,江苏省,南京市,秦淮区,
5461,王府东苑,商务住宅;住宅区;住宅小区,慧园街,118.788098,32.024659,江苏省,南京市,秦淮区,
5462,王府西苑小区,商务住宅;住宅区;住宅小区,王府园与锦绣坊交叉口南50米,118.786996,32.02483,江苏省,南京市,秦淮区,
5463,弘业大厦,商务住宅;楼宇;商务写字楼,中华路50号,118.784862,32.025991,江苏省,南京市,秦淮区,
5464,融寓,商务住宅;住宅区;住宅小区,中山南路239号,118.784663,32.032222,江苏省,南京市,秦淮区,
5465,盛天大厦,商务住宅;楼宇;商住两用楼宇,中山南路239号(建设银行),118.784542,32.032201,江苏省,南京市,秦淮区,
5466,盛天大厦(北门),商务住宅;楼宇;商务写字楼,中山南路239号,118.7848,32.032448,江苏省,南京市,秦淮区,
5467,综合办公写字楼,商务住宅;楼宇;商务写字楼,秦淮区中华路110号,118.785219,32.025501,江苏省,南京市,秦淮区,
5468,解放军第四五四医院家属院,商务住宅;住宅区;住宅小区,马路街32号,118.799103,32.029728,江苏省,南京市,秦淮区,
5469,琥珀巷高层小区,商务住宅;住宅区;住宅小区,白下路、建康路与龙蟠中路三岔路口,118.799915,32.027848,江苏省,南京市,秦淮区,
5470,棉鞋营小区,商务住宅;住宅区;住宅小区,瑞金路与常府街交界处,118.80035,32.03034,江苏省,南京市,秦淮区,
5471,复兴巷5号,商务住宅;住宅区;住宅区,文思巷5号附近,118.797609,32.02791,江苏省,南京市,秦淮区,
5472,申家巷39号,商务住宅;住宅区;住宅区,申家巷37号附近,118.797377,32.030529,江苏省,南京市,秦淮区,
5473,绣花巷小区,商务住宅;住宅区;住宅小区,绣花巷与马路街交叉口西北100米,118.79864,32.03107,江苏省,南京市,秦淮区,
5474,泰康人寿大厦(内环东线辅路),商务住宅;楼宇;商务写字楼,龙蟠中路323号,118.801359,32.029302,江苏省,南京市,秦淮区,
5475,五福新村,商务住宅;住宅区;住宅小区,五福巷和申家巷的交叉口附近,118.7964,32.029355,江苏省,南京市,秦淮区,
5476,绣花巷10号小区,商务住宅;住宅区;住宅小区,常府街绣花巷10号,118.798548,32.031343,江苏省,南京市,秦淮区,
5477,琥珀巷小区,商务住宅;住宅区;住宅小区,建康路与白下路交叉口北100米,118.799861,32.027119,江苏省,南京市,秦淮区,
5478,申家巷社区多功能活动室,商务住宅;住宅区;社区中心,申家巷65号,118.796288,32.029172,江苏省,南京市,秦淮区,
5479,达美御园(龙蟠中路),商务住宅;住宅区;住宅小区,龙蟠中路317号达美御园,118.801419,32.03007,江苏省,南京市,秦淮区,
5480,陶然苑,商务住宅;住宅区;住宅小区,龙蟠中路329号公园路40号,118.801108,32.02773,江苏省,南京市,秦淮区,
5481,五福巷33号小区,商务住宅;住宅区;住宅小区,五福巷33号,118.796089,32.028703,江苏省,南京市,秦淮区,
5482,达美御苑5号楼南楼,商务住宅;楼宇;商住两用楼宇,龙蟠中路317-2号,118.801692,32.030292,江苏省,南京市,秦淮区,
5483,申家巷20号,商务住宅;住宅区;住宅区,常府街申家巷45号,118.797571,32.031527,江苏省,南京市,秦淮区,
5484,申家巷48号小区,商务住宅;住宅区;住宅小区,申家巷48号,118.795814,32.029691,江苏省,南京市,秦淮区,
5485,文思苑,商务住宅;住宅区;住宅小区,白下路362号,118.797621,32.026732,江苏省,南京市,秦淮区,
5486,南京海关办公楼,商务住宅;楼宇;商务写字楼,白下路360号,118.7967,32.027097,江苏省,南京市,秦淮区,
5487,长白街332号小区,商务住宅;住宅区;住宅小区,长白街332号,118.795955,32.030442,江苏省,南京市,秦淮区,
5488,复成新村,商务住宅;住宅区;住宅小区,常府街与申家巷交叉口南150米,118.79875,32.032138,江苏省,南京市,秦淮区,
5489,东八府塘,商务住宅;住宅区;住宅区,东八府塘7号,118.796822,32.026844,江苏省,南京市,秦淮区,
5490,城佐营18号,商务住宅;住宅区;住宅区,城佐村与城佐营交叉口北100米,118.797173,32.031778,江苏省,南京市,秦淮区,
5491,菲呢克斯国际公寓,商务住宅;住宅区;住宅小区,龙潘中路313号(瑞金路金润发斜对面),118.80169,32.031201,江苏省,南京市,秦淮区,
5492,糖烟酒公司宿舍(马路街),商务住宅;住宅区;宿舍,马路街38号,118.800056,32.032124,江苏省,南京市,秦淮区,
5493,南京广电大厦(白下路),商务住宅;楼宇;商务写字楼,白下路358号,118.796154,32.027027,江苏省,南京市,秦淮区,
5494,中天商务,商务住宅;楼宇;商务写字楼,白下路209中天花园1幢,118.794773,32.028172,江苏省,南京市,秦淮区,
5495,长白街346号院-北楼,商务住宅;住宅区;住宅区,长白街346号北楼,118.796419,32.031787,江苏省,南京市,秦淮区,
5496,长白街346号院-南楼,商务住宅;住宅区;住宅区,长白街346号南楼,118.796179,32.03163,江苏省,南京市,秦淮区,
5497,棉鞋营68号院,商务住宅;住宅区;住宅小区,棉鞋营68号,118.800777,32.032144,江苏省,南京市,秦淮区,
5498,常府新寓,商务住宅;住宅区;住宅区,常府街37号,118.799341,32.032557,江苏省,南京市,秦淮区,
5499,中天花园(长白街),商务住宅;住宅区;住宅小区,区白下路209号,118.795016,32.028489,江苏省,南京市,秦淮区,
5500,常府风华苑,商务住宅;住宅区;住宅小区,常府街75号,118.797766,32.032486,江苏省,南京市,秦淮区,
5501,明龙雅居,商务住宅;住宅区;住宅小区,秦淮龙蟠中路336号,118.802867,32.028289,江苏省,南京市,秦淮区,
5502,长白街354号小区,商务住宅;住宅区;住宅小区,长白街354号,118.796729,32.032145,江苏省,南京市,秦淮区,
5503,东九儿园小区,商务住宅;住宅区;住宅小区,建康路470号,118.799516,32.025721,江苏省,南京市,秦淮区,
5504,文思新村,商务住宅;住宅区;住宅小区,建康路425号,118.797388,32.025782,江苏省,南京市,秦淮区,
5505,达美广场,商务住宅;楼宇;商务写字楼,龙蟠中路311号,118.801809,32.032003,江苏省,南京市,秦淮区,
5506,金龙蟠家苑,商务住宅;住宅区;住宅小区,秦淮瑞金路龙蟠中路318号,118.802817,32.031034,江苏省,南京市,秦淮区,
5507,南京海关大楼,商务住宅;楼宇;商务写字楼,龙蟠中路360号,118.802463,32.026835,江苏省,南京市,秦淮区,
5508,体育里7号,商务住宅;住宅区;住宅区,八宝前街与光大巷交叉口东北100米,118.803441,32.02813,江苏省,南京市,秦淮区,
5509,金汇大厦(白下路),商务住宅;楼宇;商务写字楼,白下路300号,118.79473,32.027378,江苏省,南京市,秦淮区,
5510,白玉兰公寓,商务住宅;住宅区;住宅小区,长白街265号,118.795678,32.032268,江苏省,南京市,秦淮区,
5511,新大都广场,商务住宅;楼宇;商务写字楼,长白街370号,118.797058,32.033161,江苏省,南京市,秦淮区,
5512,锦江丽舍,商务住宅;楼宇;商务写字楼|商务住宅;楼宇;商住两用楼宇,龙蟠中路(南京电视台旁)大光路188号,118.803296,32.027061,江苏省,南京市,秦淮区,
5513,公园新寓,商务住宅;住宅区;住宅小区,八宝前街40号,118.803826,32.02803,江苏省,南京市,秦淮区,
5514,马府新村,商务住宅;住宅区;住宅小区,长白街221号(近郑和公园),118.793959,32.030274,江苏省,南京市,秦淮区,
5515,复成大厦,商务住宅;楼宇;商务写字楼,常府街6号,118.801089,32.033292,江苏省,南京市,秦淮区,
5516,四条巷6号小区,商务住宅;住宅区;住宅小区,四条巷6号四条巷小区,118.798967,32.033682,江苏省,南京市,秦淮区,
5517,光大新寓,商务住宅;住宅区;住宅小区,大光路188号东渡锦江丽舍,118.803275,32.026424,江苏省,南京市,秦淮区,
5518,文思小区,商务住宅;住宅区;住宅小区,建康路205号,118.795807,32.025434,江苏省,南京市,秦淮区,
5519,福安里7号,商务住宅;住宅区;住宅区,常府街与长白街交叉口西南50米,118.796312,32.033326,江苏省,南京市,秦淮区,
5520,福安里3号,商务住宅;住宅区;住宅区,大杨村与常府街交叉口南50米,118.796062,32.033344,江苏省,南京市,秦淮区,
5521,万厦商务楼,商务住宅;楼宇;商务写字楼,五老村街道常府街58号,118.79639,32.034008,江苏省,南京市,秦淮区,
5522,东城水岸,商务住宅;住宅区;住宅小区,龙蟠中路399-1号,118.79968,32.024398,江苏省,南京市,秦淮区,
5523,南京报业大厦,商务住宅;楼宇;商务写字楼,龙蟠中路233号,118.802125,32.03328,江苏省,南京市,秦淮区,
5524,建康新村,商务住宅;住宅区;住宅小区,建康路与长白街交叉口东北100米,118.795792,32.025133,江苏省,南京市,秦淮区,
5525,海宇公寓,商务住宅;住宅区;住宅小区,秦淮常府街四条巷8号,118.798395,32.034129,江苏省,南京市,秦淮区,
5526,长白街98号小区,商务住宅;住宅区;住宅小区,长白街98号、265号、348号等,118.794902,32.025571,江苏省,南京市,秦淮区,
5527,凯悦·天琴花园,商务住宅;住宅区;住宅小区,龙蟠中路368号,118.802404,32.025074,江苏省,南京市,秦淮区,
5528,建康花苑,商务住宅;住宅区;住宅小区,建康路409号,118.795645,32.024579,江苏省,南京市,秦淮区,
5529,建康新村1幢办公楼,商务住宅;楼宇;商务写字楼,长白街88号,118.794395,32.025275,江苏省,南京市,秦淮区,
5530,天同苑,商务住宅;住宅区;住宅小区,龙蟠中路231号,118.80232,32.033862,江苏省,南京市,秦淮区,
5531,南京长白街建康大厦,商务住宅;住宅区;住宅小区,长白街,118.794837,32.024899,江苏省,南京市,秦淮区,
5532,常府商厦,商务住宅;楼宇;商务写字楼,常府街60-2号附近,118.795257,32.033853,江苏省,南京市,秦淮区,
5533,九莲塘小区,商务住宅;住宅区;住宅小区,太平南路常府街,118.794026,32.033436,江苏省,南京市,秦淮区,
5534,香悦邻里,商务住宅;住宅区;住宅小区,大光路167号,118.803706,32.024569,江苏省,南京市,秦淮区,
5535,公园里5号,商务住宅;商务住宅相关;商务住宅相关,龙蟠中路336号,118.802535,32.026975,江苏省,南京市,秦淮区,
5536,马路街38号院,商务住宅;商务住宅相关;商务住宅相关,棉鞋营43号4幢附近,118.799723,32.032192,江苏省,南京市,秦淮区,
5537,瑞鑫兰庭,商务住宅;住宅区;住宅小区|商务住宅;楼宇;商务写字楼,秦淮解放南路八宝东街300号,118.808546,32.029115,江苏省,南京市,秦淮区,
5538,金基·尚书里,商务住宅;住宅区;住宅小区,秦淮八宝东街9号(解放南路与八宝街交汇),118.808567,32.02813,江苏省,南京市,秦淮区,
5539,银通公寓,商务住宅;住宅区;住宅小区,解放路72号,118.809637,32.030275,江苏省,南京市,秦淮区,
5540,金网商务楼,商务住宅;楼宇;商务写字楼,解放南路78号,118.809989,32.027594,江苏省,南京市,秦淮区,
5541,尚书公寓,商务住宅;住宅区;住宅小区,秦淮解放南路尚书村78号,118.809843,32.027774,江苏省,南京市,秦淮区,
5542,五十三中教工宿舍,商务住宅;住宅区;宿舍,尚书里210-10号,118.809359,32.027611,江苏省,南京市,秦淮区,
5543,学府瑞苑,商务住宅;住宅区;住宅小区,瑞金路南150米,118.808132,32.030907,江苏省,南京市,秦淮区,
5544,尚书村,商务住宅;住宅区;住宅小区,大光路108号,118.807197,32.028117,江苏省,南京市,秦淮区,
5545,金鑫园小区,商务住宅;住宅区;住宅小区,解放路68号,118.809637,32.031006,江苏省,南京市,秦淮区,
5546,瑞金路8号小区,商务住宅;住宅区;住宅小区,瑞金路8号,118.808667,32.031552,江苏省,南京市,秦淮区,
5547,尚书巷小区,商务住宅;住宅区;住宅小区,瑞金路八宝前街尚书巷,118.80652,32.027932,江苏省,南京市,秦淮区,
5548,瑞金路小区,商务住宅;住宅区;住宅小区,瑞金路4号,118.808906,32.031659,江苏省,南京市,秦淮区,
5549,鸿福苑(明御河路),商务住宅;住宅区;住宅小区,解放南路大阳沟7号,118.811675,32.027807,江苏省,南京市,秦淮区,
5550,御河新村,商务住宅;住宅区;住宅区,御河新村(金城集团),118.808708,32.031942,江苏省,南京市,秦淮区,
5551,八宝前街72号院,商务住宅;住宅区;住宅小区,八宝前街72号,118.805571,32.028948,江苏省,南京市,秦淮区,
5552,瑞金新村,商务住宅;住宅区;住宅小区,瑞金路36号,118.812073,32.0304,江苏省,南京市,秦淮区,
5553,尚书里48号小区,商务住宅;住宅区;住宅小区,尚书里48号,118.811261,32.026835,江苏省,南京市,秦淮区,
5554,大光里小区,商务住宅;住宅区;住宅小区,解放南路尚书里,118.808069,32.025858,江苏省,南京市,秦淮区,
5555,御河苑(明御河路),商务住宅;住宅区;住宅小区,瑞金路大阳沟7号,118.812712,32.027769,江苏省,南京市,秦淮区,
5556,金城集团,商务住宅;住宅区;住宅小区,瑞金路1-58号,118.808874,32.032731,江苏省,南京市,秦淮区,
5557,公园路小区,商务住宅;住宅区;住宅小区,瑞金路1号-58-8,118.80452,32.02984,江苏省,南京市,秦淮区,
5558,瑞金路二号四号小区,商务住宅;住宅区;住宅小区,瑞金路4号,118.80509,32.031172,江苏省,南京市,秦淮区,
5559,金陵尚府,商务住宅;住宅区;住宅小区,大光路142号,118.805435,32.026734,江苏省,南京市,秦淮区,
5560,体育大厦,商务住宅;楼宇;商务写字楼,公园路42号4幢,118.804367,32.029404,江苏省,南京市,秦淮区,
5561,汇盈商都,商务住宅;楼宇;商务写字楼,解放路101号6楼,118.810812,32.032836,江苏省,南京市,秦淮区,
5562,友谊商务大厦(瑞金路),商务住宅;楼宇;商务写字楼,瑞金路街道瑞金路21号,118.812553,32.032487,江苏省,南京市,秦淮区,
5563,供销瑞鑫大厦,商务住宅;楼宇;商务写字楼,解放路101-1号,118.81065,32.033185,江苏省,南京市,秦淮区,
5564,瑞金北村南区,商务住宅;住宅区;住宅小区,瑞金路与解放路交叉口东北150米,118.811149,32.033009,江苏省,南京市,秦淮区,
5565,大光路50号大院,商务住宅;住宅区;住宅小区,大光路,118.810514,32.024787,江苏省,南京市,秦淮区,
5566,拓博商务楼,商务住宅;楼宇;商务写字楼,瑞金路25号310室,118.813438,32.032828,江苏省,南京市,秦淮区,
5567,御道园,商务住宅;住宅区;住宅小区,瑞金路御道街御道园,118.81374,32.026279,江苏省,南京市,秦淮区,
5568,香格里拉·箐英汇,商务住宅;楼宇;商务写字楼,大光路117号西侧,118.80546,32.025112,江苏省,南京市,秦淮区,
5569,长发东村,商务住宅;住宅区;住宅小区,大清河长发东村(清华公寓对面),118.812429,32.033455,江苏省,南京市,秦淮区,
5570,大阳沟57号,商务住宅;住宅区;住宅区,东大阳沟与御阳路交叉口南150米,118.813597,32.025553,江苏省,南京市,秦淮区,
5571,清华公寓,商务住宅;住宅区;住宅小区,瑞金路瑞金北村79幢清华公寓,118.813596,32.033541,江苏省,南京市,秦淮区,
5572,大清河12号,商务住宅;住宅区;住宅区,大清河15号附近,118.81306,32.034014,江苏省,南京市,秦淮区,
5573,香格里拉花园(大光路),商务住宅;住宅区;住宅小区,大光路117号,118.804306,32.024528,江苏省,南京市,秦淮区,
5574,小格里拉花园小区,商务住宅;住宅区;住宅小区,大光路117号,118.805561,32.025251,江苏省,南京市,秦淮区,
5575,菜市口,商务住宅;住宅区;住宅区,秦淮大光路菜市口,118.809057,32.024624,江苏省,南京市,秦淮区,
5576,老友记公寓,商务住宅;楼宇;商住两用楼宇|商务住宅;住宅区;住宅区,大光路与大光里交叉口东150米,118.808716,32.025356,江苏省,南京市,秦淮区,
5577,御通大厦,商务住宅;楼宇;商务写字楼,标营3号,118.81774,32.029339,江苏省,南京市,秦淮区,
5578,御通西苑,商务住宅;住宅区;住宅区,标营3号,118.8172,32.029019,江苏省,南京市,秦淮区,
5579,御通东苑,商务住宅;住宅区;住宅小区,标营2号,118.820485,32.027844,江苏省,南京市,秦淮区,
5580,大正投资大厦,商务住宅;楼宇;商务写字楼,御道街33号,118.817011,32.030723,江苏省,南京市,秦淮区,
5581,标营,商务住宅;住宅区;住宅区,明御河路与御道街交叉口东南150米,118.817227,32.02744,江苏省,南京市,秦淮区,
5582,后标营13号,商务住宅;住宅区;住宅区,后标营路13-10号附近,118.818868,32.0318,江苏省,南京市,秦淮区,
5583,后标营11号,商务住宅;住宅区;住宅小区,标营9号附近,118.818428,32.031815,江苏省,南京市,秦淮区,
5584,后标营25号,商务住宅;住宅区;住宅区,后标营25号-1,118.820267,32.031678,江苏省,南京市,秦淮区,
5585,蓝旗新村北区,商务住宅;住宅区;住宅小区,蓝旗街6号,118.819943,32.02652,江苏省,南京市,秦淮区,
5586,后标营3号,商务住宅;住宅区;住宅小区,月牙湖标营3号,118.81761,32.03192,江苏省,南京市,秦淮区,
5587,后标营27号,商务住宅;住宅区;住宅区,御道街后标营27号,118.821218,32.03162,江苏省,南京市,秦淮区,
5588,科苑花园,商务住宅;住宅区;住宅小区,后标营20号,118.822659,32.030047,江苏省,南京市,秦淮区,
5589,南京航空航天大学住宅楼,商务住宅;住宅区;住宅小区,御道街29-1号,118.817285,32.032555,江苏省,南京市,秦淮区,
5590,后标营29号,商务住宅;住宅区;住宅区,后标营路29-2临附近,118.821956,32.031578,江苏省,南京市,秦淮区,
5591,御道家园,商务住宅;住宅区;住宅小区,御道街54号,118.814923,32.027999,江苏省,南京市,秦淮区,
5592,南京航空航天大学青年教师公寓,商务住宅;住宅区;宿舍,御道街29号南京航空航天大学明故宫校区,118.821948,32.031968,江苏省,南京市,秦淮区,
5593,民航宿舍(瑞金路),商务住宅;住宅区;宿舍,瑞金路50号,118.815222,32.031319,江苏省,南京市,秦淮区,
5594,后标营31号小区,商务住宅;住宅区;住宅小区,后标营3-1号,118.822391,32.031573,江苏省,南京市,秦淮区,
5595,蓝旗新村,商务住宅;住宅区;住宅小区,御道街,118.818203,32.025341,江苏省,南京市,秦淮区,
5596,瑞金花苑,商务住宅;住宅区;住宅小区,瑞金路35号,118.8157,32.032068,江苏省,南京市,秦淮区,
5597,后标营28号,商务住宅;住宅区;住宅区,,118.823617,32.029406,江苏省,南京市,秦淮区,
5598,澳丽嘉园,商务住宅;住宅区;住宅小区,御道街56-1号,118.814914,32.027111,江苏省,南京市,秦淮区,
5599,御道街三十四号小区,商务住宅;住宅区;住宅小区,御道街34号西门,118.814182,32.029844,江苏省,南京市,秦淮区,
5600,南京航空航天大学明故宫校区b6幢公寓,商务住宅;住宅区;宿舍,御道街29号南京航空航天大学明故宫校区,118.82261,32.031873,江苏省,南京市,秦淮区,
5601,正阳大厦,商务住宅;楼宇;商务写字楼,御道街56号,118.815614,32.026161,江苏省,南京市,秦淮区,
5602,蓝旗街六号小区,商务住宅;住宅区;住宅小区,蓝旗街6号,118.821134,32.025467,江苏省,南京市,秦淮区,
5603,瑞阳小区(瑞阳街),商务住宅;住宅区;住宅小区,秦淮瑞阳街1号瑞阳小区,118.814343,32.030835,江苏省,南京市,秦淮区,
5604,清水雅居,商务住宅;住宅区;住宅区,苜蓿园后标营38号,118.82389,32.02952,江苏省,南京市,秦淮区,
5605,瑞金路33号小区,商务住宅;住宅区;住宅小区,瑞金路33号,118.815184,32.032098,江苏省,南京市,秦淮区,
5606,华岩大厦,商务住宅;楼宇;商务写字楼,御道街58-1号,118.815891,32.025625,江苏省,南京市,秦淮区,
5607,瑞金大厦(瑞阳街),商务住宅;楼宇;商务写字楼,瑞金路48号,118.814184,32.031555,江苏省,南京市,秦淮区,
5608,御都花苑,商务住宅;住宅区;住宅小区,御道街58-8号,118.814681,32.026253,江苏省,南京市,秦淮区,
5609,南京航空航天大学明故宫校区b9幢公寓,商务住宅;住宅区;宿舍,御道街29号南京航空航天大学明故宫校区,118.82266,32.032738,江苏省,南京市,秦淮区,
5610,明御大厦,商务住宅;楼宇;商务写字楼,御道街58-2号,118.815716,32.025293,江苏省,南京市,秦淮区,
5611,紫荆大厦(蓝旗街),商务住宅;楼宇;商务写字楼,御道街标营4号,118.823587,32.026343,江苏省,南京市,秦淮区,
5612,西苑(御道街),商务住宅;住宅区;住宅小区,秦淮御道街30号南航西苑,118.815803,32.033452,江苏省,南京市,秦淮区,
5613,南京航空航天大学明故宫校区b10幢公寓,商务住宅;住宅区;宿舍,御道街29号南京航空航天大学明故宫校区,118.82272,32.03303,江苏省,南京市,秦淮区,
5614,金基·月亮湾花园,商务住宅;住宅区;住宅小区,秦淮光华门光华东街8号,118.821102,32.024265,江苏省,南京市,秦淮区,
5615,御道街60号院,商务住宅;住宅区;住宅小区,御道街60号,118.815484,32.024615,江苏省,南京市,秦淮区,
5616,南京航空航天大学明故宫校区b18幢公寓,商务住宅;住宅区;宿舍,御道街29号南京航空航天大学明故宫校区,118.821659,32.034137,江苏省,南京市,秦淮区,
5617,南京航空航天大学社区委员会宿舍区,商务住宅;住宅区;宿舍,李府街8号,118.823925,32.033825,江苏省,南京市,秦淮区,
5618,南航东苑,商务住宅;住宅区;住宅区,李府街8号(紫金山),118.82368,32.034113,江苏省,南京市,秦淮区,
5619,金陵御庭园,商务住宅;住宅区;住宅小区,秦淮苜蓿园大街67号金陵御庭园,118.829128,32.028298,江苏省,南京市,秦淮区,
5620,锦湖大厦,商务住宅;楼宇;商务写字楼,苜蓿园大街88号,118.831766,32.029213,江苏省,南京市,秦淮区,
5621,月牙湖花园,商务住宅;住宅区;住宅小区,苜蓿园大街69号,118.829914,32.026535,江苏省,南京市,秦淮区,
5622,98阳光公寓,商务住宅;住宅区;住宅小区,苜蓿园大街198号九八公寓,118.832026,32.028205,江苏省,南京市,秦淮区,
5623,水缘居,商务住宅;住宅区;住宅区,后标营50号(月牙湖公园旁),118.825466,32.030666,江苏省,南京市,秦淮区,
5624,苜蓿园大街238号小区,商务住宅;住宅区;住宅小区,苜蓿园大街238号,118.831988,32.027127,江苏省,南京市,秦淮区,
5625,后标营小区,商务住宅;住宅区;住宅小区,后标营路50号-9,118.824792,32.029822,江苏省,南京市,秦淮区,
5626,独立小区,商务住宅;住宅区;住宅小区,后标营43号,118.825798,32.03146,江苏省,南京市,秦淮区,
5627,大邦花园,商务住宅;住宅区;住宅小区,苜蓿园大街59号(卫岗),118.829358,32.032731,江苏省,南京市,秦淮区,
5628,君安东苑,商务住宅;住宅区;住宅小区,苜蓿园大街242号,118.832078,32.026258,江苏省,南京市,秦淮区,
5629,梅花山庄丽景苑,商务住宅;住宅区;住宅区,苜蓿园大街66号(卫岗),118.831733,32.032435,江苏省,南京市,秦淮区,
5630,明湖山庄,商务住宅;住宅区;住宅小区,秦淮苜蓿园明湖山庄,118.827944,32.025054,江苏省,南京市,秦淮区,
5631,梅花山庄·湖畔之星,商务住宅;住宅区;住宅小区,苜蓿园大街66号梅花山庄内,118.833016,32.031749,江苏省,南京市,秦淮区,
5632,梅花山庄园中苑,商务住宅;住宅区;住宅区,苜蓿园大街66号,118.833931,32.031292,江苏省,南京市,秦淮区,
5633,戎苑山庄,商务住宅;住宅区;住宅小区,苜蓿园大街240号,118.833658,32.026152,江苏省,南京市,秦淮区,
5634,节能大厦(苜蓿园大街),商务住宅;楼宇;商务写字楼,苜蓿园大街52号,118.831869,32.033621,江苏省,南京市,秦淮区,
5635,雅舍园,商务住宅;住宅区;住宅小区,苜蓿园西12号苜蓿园大街,118.830766,32.034166,江苏省,南京市,秦淮区,
5636,八五一一研究所家属区,商务住宅;住宅区;住宅小区,李府街2号,118.824446,32.032954,江苏省,南京市,秦淮区,
5637,东庭公寓,商务住宅;住宅区;住宅小区,苜蓿园大街56号,118.833082,32.033732,江苏省,南京市,秦淮区,
5638,青年就业创业见习基地,商务住宅;商务住宅相关;商务住宅相关,光华东街1号-2号楼,118.824443,32.024463,江苏省,南京市,秦淮区,
5639,富丽山庄,商务住宅;住宅区;住宅小区,紫金路,118.834875,32.026721,江苏省,南京市,秦淮区,
5640,二十八所,商务住宅;住宅区;住宅小区,苜蓿园东街1-2号,118.837646,32.033834,江苏省,南京市,秦淮区,
5641,美林东苑,商务住宅;住宅区;住宅小区,童卫路19号,118.839325,32.031067,江苏省,南京市,玄武区,
5642,翰苑大厦,商务住宅;楼宇;商务写字楼,童卫路20号(近南京农业大学),118.838514,32.029593,江苏省,南京市,玄武区,
5643,大邦紫云阁,商务住宅;住宅区;住宅小区,苜蓿园大街58号,118.834508,32.033463,江苏省,南京市,秦淮区,
5644,童卫路18号公寓,商务住宅;住宅区;住宅小区,童卫路18号,118.839516,32.032088,江苏省,南京市,玄武区,
5645,海福巷小区,商务住宅;住宅区;住宅小区,东苑路,118.842942,32.024687,江苏省,南京市,秦淮区,
5646,戎泰山庄,商务住宅;住宅区;住宅小区,戎泰山庄后标营100号,118.843122,32.02682,江苏省,南京市,秦淮区,
5647,大邦云顶人家,商务住宅;住宅区;住宅小区,童卫路13-17号(卫岗),118.840125,32.033171,江苏省,南京市,玄武区,
5648,二十八所生活区,商务住宅;住宅区;住宅小区,苜蓿园东街1号,118.837698,32.031869,江苏省,南京市,秦淮区,
5649,二十八所南区,商务住宅;住宅区;住宅小区,苜蓿园东街1号,118.837175,32.033191,江苏省,南京市,秦淮区,
5650,南京农业大学南苑6舍,商务住宅;住宅区;宿舍,卫岗1号南京农业大学,118.847408,32.030782,江苏省,南京市,玄武区,
5651,钟山花园城博雅居,商务住宅;住宅区;住宅小区,后标营东路,118.846543,32.029963,江苏省,南京市,玄武区,
5652,南京农业大学学生宿舍7舍,商务住宅;住宅区;宿舍,卫岗1号南京农业大学,118.847478,32.031101,江苏省,南京市,玄武区,
5653,南京农业大学南苑七舍,商务住宅;住宅区;宿舍,卫岗1号,118.847347,32.031055,江苏省,南京市,玄武区,
5654,南京农业大学南苑4舍,商务住宅;住宅区;宿舍,卫岗1号,118.847072,32.030867,江苏省,南京市,玄武区,
5655,南京农业大学南苑八舍,商务住宅;住宅区;宿舍,卫岗1号,118.847451,32.0313,江苏省,南京市,玄武区,
5656,钟山花园城山水居,商务住宅;住宅区;住宅小区,下马坊胜利村路,118.8494,32.031647,江苏省,南京市,玄武区,
5657,南京农业大学学生宿舍4舍,商务住宅;住宅区;宿舍,卫岗1号南京农业大学,118.846661,32.030798,江苏省,南京市,玄武区,
5658,南京农业大学学生宿舍8舍,商务住宅;住宅区;宿舍,卫岗1号南京农业大学,118.847465,32.031404,江苏省,南京市,玄武区,
5659,南京农业大学南苑5舍,商务住宅;住宅区;宿舍,卫岗1号南京农业大学,118.84672,32.031116,江苏省,南京市,玄武区,
5660,南京农业大学南苑9舍,商务住宅;住宅区;宿舍,卫岗1号,118.847564,32.031694,江苏省,南京市,玄武区,
5661,南京农业大学学生宿舍9舍,商务住宅;住宅区;宿舍,卫岗1号南京农业大学,118.847503,32.031697,江苏省,南京市,玄武区,
5662,银城东苑,商务住宅;住宅区;住宅小区,卫岗纬五路,118.846788,32.026686,江苏省,南京市,玄武区,
5663,南京农业大学学生宿舍10舍,商务住宅;住宅区;宿舍,卫岗1号南京农业大学,118.847587,32.032143,江苏省,南京市,玄武区,
5664,南京农业大学南苑1舍,商务住宅;住宅区;宿舍,卫岗1号,118.845873,32.031007,江苏省,南京市,玄武区,
5665,南京理工大学204栋学生宿舍,商务住宅;住宅区;宿舍,孝陵卫街200号南京理工大学204幢,118.852673,32.028548,江苏省,南京市,玄武区,
5666,南京农业大学南苑2舍,商务住宅;住宅区;宿舍,卫岗1号,118.84588,32.031171,江苏省,南京市,玄武区,
5667,南京理工大学第二十五舍,商务住宅;住宅区;宿舍,孝陵卫街200号南京理工大学251幢,118.852658,32.028185,江苏省,南京市,玄武区,
5668,南京农业大学学生宿舍1舍,商务住宅;住宅区;宿舍,卫岗1号南京农业大学,118.845517,32.030866,江苏省,南京市,玄武区,
5669,南京农业大学南苑三舍,商务住宅;住宅区;宿舍,卫岗1号,118.845883,32.031376,江苏省,南京市,玄武区,
5670,南京理工大学住宅区,商务住宅;住宅区;宿舍,孝陵卫街200号南京理工大学,118.85296,32.02773,江苏省,南京市,玄武区,
5671,南京农业大学学生宿舍2舍,商务住宅;住宅区;宿舍,卫岗1号南京农业大学,118.845531,32.031186,江苏省,南京市,玄武区,
5672,长巷苑小区,商务住宅;住宅区;住宅小区,胜利村路50号,118.849801,32.025688,江苏省,南京市,玄武区,
5673,南京农业大学学生宿舍13舍,商务住宅;住宅区;宿舍,卫岗1号南京农业大学,118.84677,32.032384,江苏省,南京市,玄武区,
5674,南京农业大学学生宿舍3舍,商务住宅;住宅区;宿舍,卫岗1号南京农业大学,118.845533,32.031514,江苏省,南京市,玄武区,
5675,竹园小区(孝陵卫街),商务住宅;住宅区;住宅小区,孝陵卫街200号,118.851845,32.032146,江苏省,南京市,玄武区,
5676,南京农业大学南苑十三舍,商务住宅;住宅区;宿舍,卫岗1号,118.846672,32.032458,江苏省,南京市,玄武区,
5677,南京农业大学学生宿舍20舍,商务住宅;住宅区;宿舍,卫岗1号南京农业大学,118.845547,32.031731,江苏省,南京市,玄武区,
5678,钟山花园城陶然居,商务住宅;住宅区;住宅小区,龙宫东路与龙宫路交叉口南150米,118.84806,32.033001,江苏省,南京市,玄武区,
5679,南京农业大学南苑11舍,商务住宅;住宅区;宿舍,卫岗1号南京农业大学,118.846782,32.032754,江苏省,南京市,玄武区,
5680,南京理工大学第二舍,商务住宅;住宅区;宿舍,孝陵卫街200号南京理工大学240幢,118.853467,32.028108,江苏省,南京市,玄武区,
5681,南京农业大学学生宿舍19舍,商务住宅;住宅区;宿舍,卫岗1号南京农业大学,118.845615,32.032083,江苏省,南京市,玄武区,
5682,南京理工大学第四舍,商务住宅;住宅区;宿舍,孝陵卫街200号南京理工大学241幢,118.853476,32.027782,江苏省,南京市,玄武区,
5683,孝陵卫长巷200号,商务住宅;住宅区;住宅小区,紫金东路北200米,118.848526,32.025008,江苏省,南京市,玄武区,
5684,南京理工大学第六舍,商务住宅;住宅区;宿舍,孝陵卫街200号南京理工大学242幢,118.853449,32.027419,江苏省,南京市,玄武区,
5685,南京理工大学思源楼,商务住宅;住宅区;宿舍,孝陵卫街200号南京理工大学,118.853731,32.027782,江苏省,南京市,玄武区,
5686,南京农业大学南苑12舍,商务住宅;住宅区;宿舍,卫岗1号南京农业大学,118.846775,32.033125,江苏省,南京市,玄武区,
5687,南京理工大学第二十三舍B楼,商务住宅;住宅区;宿舍,孝陵卫街200号南京理工大学272幢,118.851757,32.025308,江苏省,南京市,玄武区,
5688,南京理工大学女生宿舍,商务住宅;住宅区;宿舍,孝陵卫街200号南京理工大学108幢,118.853633,32.031686,江苏省,南京市,玄武区,
5689,南京理工大学第二十三舍A楼,商务住宅;住宅区;宿舍,孝陵卫街200号南京理工大学274幢,118.851768,32.025028,江苏省,南京市,玄武区,
5690,南京理工大学第二十四舍B楼,商务住宅;住宅区;宿舍,孝陵卫街200号南京理工大学261幢,118.852607,32.025317,江苏省,南京市,玄武区,
5691,南京理工大学青年教工公寓,商务住宅;住宅区;宿舍,孝陵卫街200号南京理工大学,118.853556,32.032272,江苏省,南京市,玄武区,
5692,南京理工大学第八舍,商务住宅;住宅区;宿舍,孝陵卫街200号南京理工大学244幢,118.853464,32.025932,江苏省,南京市,玄武区,
5693,南京理工大学第二十一舍,商务住宅;住宅区;宿舍,孝陵卫街200号南京理工大学276幢,118.851768,32.024692,江苏省,南京市,玄武区,
5694,南京理工大学求真园,商务住宅;住宅区;宿舍,孝陵卫街200号南京理工大学,118.852269,32.024908,江苏省,南京市,玄武区,
5695,南京理工大学第十六舍C楼,商务住宅;住宅区;宿舍,孝陵卫街200号南京理工大学278幢,118.851891,32.024351,江苏省,南京市,玄武区,
5696,南京理工大学第二十二舍,商务住宅;住宅区;宿舍,孝陵卫街200号南京理工大学265幢,118.852582,32.024695,江苏省,南京市,玄武区,
5697,南京理工大学第九舍,商务住宅;住宅区;宿舍,孝陵卫街200号南京理工大学245幢,118.853748,32.02554,江苏省,南京市,玄武区,
5698,银城东苑西华园,商务住宅;住宅区;住宅小区,东苑路18号,118.844235,32.025333,江苏省,南京市,秦淮区,
5699,南京理工大学明理居,商务住宅;住宅区;宿舍,孝陵卫街200号南京理工大学,118.853921,32.025314,江苏省,南京市,玄武区,
5700,南京理工大学第十七舍C楼,商务住宅;住宅区;宿舍,孝陵卫街200号南京理工大学267幢,118.852687,32.024355,江苏省,南京市,玄武区,
5701,南京理工大学第十舍,商务住宅;住宅区;宿舍,孝陵卫街200号南京理工大学246幢,118.853798,32.025132,江苏省,南京市,玄武区,
5702,南京理工大学宁静轩,商务住宅;住宅区;宿舍,孝陵卫街200号南京理工大学,118.85379,32.024982,江苏省,南京市,玄武区,
5703,南京理工大学第二十舍C楼,商务住宅;住宅区;宿舍,孝陵卫街200号南京理工大学300幢,118.853545,32.02444,江苏省,南京市,玄武区,
5704,公交4路钟山花园城,商务住宅;商务住宅相关;商务住宅相关,钟山花园城,118.847525,32.033981,江苏省,南京市,玄武区,
5705,东园小区(一号路),商务住宅;住宅区;住宅小区,孝陵卫街200号163号163-1幢,118.860111,32.032173,江苏省,南京市,玄武区,
5706,科园小区,商务住宅;住宅区;住宅小区,孝陵卫街200号,118.857299,32.032649,江苏省,南京市,玄武区,
5707,紫园小区,商务住宅;住宅区;住宅小区,孝陵卫街200号,118.858807,32.032079,江苏省,南京市,玄武区,
5708,中山小区(孝陵卫街),商务住宅;住宅区;住宅小区,孝陵卫街200号,118.854524,32.033075,江苏省,南京市,玄武区,
5709,晏公庙新村,商务住宅;住宅区;住宅小区,孝陵卫晏公庙54号,118.862756,32.031982,江苏省,南京市,玄武区,
5710,晏公庙西村小区,商务住宅;住宅区;住宅小区,"宴公庙西村,双拜巷",118.861478,32.032225,江苏省,南京市,玄武区,
5711,佳诚花园,商务住宅;住宅区;住宅小区,罗汉巷24号,118.859085,32.033532,江苏省,南京市,玄武区,
5712,紫竹园,商务住宅;商务住宅相关;商务住宅相关,罗汉巷123号3幢,118.85949,32.033257,江苏省,南京市,玄武区,
5713,孝陵卫罗汉巷123号,商务住宅;住宅区;住宅区,罗汉巷2幢附近,118.859593,32.034183,江苏省,南京市,玄武区,
5714,双拜巷188号,商务住宅;住宅区;住宅区,双拜巷188号9,118.863701,32.02713,江苏省,南京市,玄武区,
5715,南京理工大学男生宿舍,商务住宅;住宅区;宿舍,孝陵卫街200号南京理工大学82幢,118.862824,32.030432,江苏省,南京市,玄武区,
5716,南京理工大学第十三舍,商务住宅;住宅区;宿舍,孝陵卫街200号237幢,118.854457,32.025958,江苏省,南京市,玄武区,
5717,南京理工大学第七舍,商务住宅;住宅区;宿舍,孝陵卫街200号236幢,118.853998,32.025936,江苏省,南京市,玄武区,
5718,南京理工大学第十二舍,商务住宅;住宅区;宿舍,孝陵卫街200号237-1幢,118.854473,32.025552,江苏省,南京市,玄武区,
5719,南京理工大学第十一舍,商务住宅;住宅区;宿舍,孝陵卫街200号南京理工大学,118.854486,32.025129,江苏省,南京市,玄武区,
5720,南京理工大学第五舍,商务住宅;住宅区;宿舍,孝陵卫街200号南京理工大学232幢,118.854195,32.027432,江苏省,南京市,玄武区,
5721,南京理工大学第三舍,商务住宅;住宅区;宿舍,孝陵卫街200号南京理工大学231幢,118.854197,32.02779,江苏省,南京市,玄武区,
5722,南京理工大学第一舍,商务住宅;住宅区;宿舍,孝陵卫街200号南京理工大学230幢,118.854202,32.028139,江苏省,南京市,玄武区,
5723,大发·融悦,商务住宅;住宅区;住宅小区,农业科学院和双拜岗路交汇处,118.868211,32.031144,江苏省,南京市,玄武区,
5724,中建八局,商务住宅;住宅区;住宅区,玄武双拜巷100号,118.87192,32.02881,江苏省,南京市,玄武区,
5725,晏公庙52号,商务住宅;住宅区;住宅区,玄武孝陵卫晏公庙52号,118.864955,32.033992,江苏省,南京市,玄武区,
5726,双拜巷192号,商务住宅;住宅区;住宅区,双拜巷46号1附近,118.865224,32.031157,江苏省,南京市,玄武区,
5727,双拜巷151号院,商务住宅;住宅区;住宅小区,孝陵卫双拜巷151号,118.865965,32.030438,江苏省,南京市,玄武区,
5728,双拜岗84号,商务住宅;住宅区;住宅区,双拜巷143号附近,118.869554,32.030073,江苏省,南京市,玄武区,
5729,双拜巷2号,商务住宅;住宅区;住宅区,玄武孝陵卫双拜巷2号,118.863956,32.032299,江苏省,南京市,玄武区,
5730,双拜巷1号院,商务住宅;住宅区;住宅小区,双拜巷1号,118.86481,32.03353,江苏省,南京市,玄武区,
5731,晏公庙53号院,商务住宅;住宅区;住宅小区,晏公庙53号,118.864689,32.033952,江苏省,南京市,玄武区,
5732,福康苑,商务住宅;住宅区;住宅小区,百水桥村118号,118.893755,32.032897,江苏省,南京市,栖霞区,
5733,盛和家园(马高路),商务住宅;住宅区;住宅小区,马高路318号,118.890061,32.033751,江苏省,南京市,玄武区,
5734,花港·幸福城海棠园,商务住宅;住宅区;住宅小区,花港路2号,118.898814,32.029201,江苏省,南京市,栖霞区,
5735,花港·幸福城杜鹃园,商务住宅;住宅区;住宅小区,花港路8号,118.903857,32.031268,江苏省,南京市,栖霞区,
5736,花港·幸福城玉兰园,商务住宅;住宅区;住宅小区,马群幸福城花港路6号玉兰园,118.90138,32.030115,江苏省,南京市,栖霞区,
5737,花港·幸福城芙蓉园,商务住宅;住宅区;住宅小区,花港路9号,118.899585,32.032384,江苏省,南京市,栖霞区,
5738,花港·幸福城牡丹园,商务住宅;住宅区;住宅小区,祈福中路与花港路交叉口北200米,118.901847,32.033523,江苏省,南京市,栖霞区,
5739,花港·幸福城(花港北路),商务住宅;住宅区;住宅小区,花港路,118.897755,32.031327,江苏省,南京市,栖霞区,
5740,幸福城居住区经济适用房,商务住宅;住宅区;住宅区,马群街道西花岗1号(土城头路以南、银河紫苑以西、向上村以东),118.899716,32.029195,江苏省,南京市,栖霞区,
5741,花港.幸福城(西南1门),商务住宅;商务住宅相关;商务住宅相关,祈福东路与花港路交叉口西北150米,118.903012,32.033915,江苏省,南京市,栖霞区,
5742,启迪方洲,商务住宅;住宅区;住宅小区,启迪大街188号,118.90626,32.026389,江苏省,南京市,江宁区,
5743,中海御山府,商务住宅;住宅区;住宅小区,东麒路与钟学北路交汇处(东侧),118.91355,32.027014,江苏省,南京市,江宁区,
5744,中海国际社区南区,商务住宅;住宅区;住宅小区,紫云大道附近,118.912774,32.026374,江苏省,南京市,江宁区,
5745,启迪·方洲南区,商务住宅;住宅区;住宅小区,,118.90756,32.027688,江苏省,南京市,江宁区,
5746,启迪方洲慧园,商务住宅;住宅区;住宅小区,小城路北100米,118.906643,32.027417,江苏省,南京市,江宁区,
5747,启迪方洲智园,商务住宅;住宅区;住宅小区,沧麒东路附近,118.906477,32.028504,江苏省,南京市,江宁区,
5748,中海国际社区,商务住宅;住宅区;住宅小区,南湾营路附近,118.91017,32.028452,江苏省,南京市,江宁区,
5749,中海国际社区2期,商务住宅;住宅区;住宅小区,智通路106号,118.909773,32.029545,江苏省,南京市,江宁区,
5750,花港·幸福城玫瑰园(西门),商务住宅;商务住宅相关;商务住宅相关,祈福东路与花港路交叉口东北100米,118.904412,32.033519,江苏省,南京市,栖霞区,
5751,五组,商务住宅;商务住宅相关;商务住宅相关,沿山路,118.943265,32.026109,江苏省,南京市,江宁区,
5752,赞城,商务住宅;住宅区;住宅小区,浦乌路老虎桥,118.597873,32.023132,江苏省,南京市,浦口区,
5753,杨柳新村,商务住宅;住宅区;住宅小区,,118.601285,32.023821,江苏省,南京市,浦口区,
5754,恒通国际小区,商务住宅;住宅区;住宅小区,行知路与西华路交叉口西50米,118.609476,32.023571,江苏省,南京市,浦口区,
5755,移动通信工程师公寓(建设中),商务住宅;住宅区;住宅小区,大华路2号,118.614643,32.017637,江苏省,南京市,浦口区,
5756,洲岛家园绿洲苑,商务住宅;住宅区;住宅小区,中新大道东150米,118.697787,32.022195,江苏省,南京市,建邺区,
5757,洲岛家园绿洲苑(南1门),商务住宅;商务住宅相关;商务住宅相关,永定街与红星街交叉口西150米,118.698739,32.02313,江苏省,南京市,建邺区,
5758,南京生态岛一期经济适用房,商务住宅;商务住宅相关;商务住宅相关,"江心洲街道西下村(江心洲的中部,东至夹江、北至夹江大桥)",118.698092,32.023059,江苏省,南京市,建邺区,
5759,新加坡·南京生态科技岛一期经济适用房二组团B地块,商务住宅;住宅区;住宅区,中新大道东50米,118.697227,32.023527,江苏省,南京市,建邺区,
5760,御江金城(南门),商务住宅;商务住宅相关;商务住宅相关,扬子江大道与梦都大街交叉口东150米,118.71332,32.01677,江苏省,南京市,建邺区,
5761,天正滨江,商务住宅;住宅区;住宅小区,"松花江西街66号(兴隆大街,月安街交汇处东南角)",118.717941,32.01956,江苏省,南京市,建邺区,
5762,静思苑,商务住宅;住宅区;住宅小区,苍山路29号,118.720842,32.018673,江苏省,南京市,建邺区,
5763,兴隆街道苍山路社区,商务住宅;住宅区;住宅小区|商务住宅;住宅区;社区中心,兴隆大街209号,118.721194,32.019733,江苏省,南京市,建邺区,
5764,滨江·奥城-西区,商务住宅;住宅区;住宅区,松花江西街与苍山路交叉口西南150米,118.718693,32.017121,江苏省,南京市,建邺区,
5765,滨江奥城观澜苑,商务住宅;住宅区;住宅小区,松花江西街69号观澜苑,118.717291,32.017446,江苏省,南京市,建邺区,
5766,青桐园,商务住宅;住宅区;住宅小区,苍山路18号,118.719617,32.021889,江苏省,南京市,建邺区,
5767,听雨苑,商务住宅;住宅区;住宅小区,松花江西街59号,118.720209,32.016264,江苏省,南京市,建邺区,
5768,御江金城,商务住宅;住宅区;住宅小区,梦都大街188号,118.714485,32.017737,江苏省,南京市,建邺区,
5769,滨江奥城,商务住宅;住宅区;住宅小区,,118.720404,32.015349,江苏省,南京市,建邺区,
5770,苏瑞·茗芳苑,商务住宅;住宅区;住宅小区,月安街南,118.722639,32.022129,江苏省,南京市,建邺区,
5771,汇锦国际·凌江府,商务住宅;住宅区;住宅小区,月安街56号,118.720777,32.024134,江苏省,南京市,建邺区,
5772,汇锦国际(月安街),商务住宅;住宅区;住宅小区,月安街50号(近乐山路),118.723546,32.023326,江苏省,南京市,建邺区,
5773,奥体新城紫薇园,商务住宅;住宅区;住宅小区,梦都大街158号(江东南路与上新河路交汇处),118.723537,32.015012,江苏省,南京市,建邺区,
5774,苍山路社区三楼,商务住宅;商务住宅相关;商务住宅相关,兴隆大街209号附近,118.72113,32.01982,江苏省,南京市,建邺区,
5775,金基汇锦国际,商务住宅;住宅区;住宅小区,乐山路、月安街交汇处,118.722144,32.023665,江苏省,南京市,建邺区,
5776,月安花园,商务住宅;住宅区;住宅小区,燕山路28号,118.730864,32.021732,江苏省,南京市,建邺区,
5777,海棠园,商务住宅;住宅区;住宅小区,兴隆大街197-199号,118.72478,32.0174,江苏省,南京市,建邺区,
5778,丹枫园,商务住宅;住宅区;住宅小区,兴隆大街169号(近清竹园),118.728107,32.016053,江苏省,南京市,建邺区,
5779,奥体新城,商务住宅;住宅区;住宅小区,奥体兴隆大街与燕山路交汇处(东南角),118.732406,32.018631,江苏省,南京市,建邺区,
5780,清竹园,商务住宅;住宅区;住宅小区,兴隆大街168号,118.729449,32.018674,江苏省,南京市,建邺区,
5781,翠杉园,商务住宅;住宅区;住宅小区,兴隆大街198号,118.72598,32.019731,江苏省,南京市,建邺区,
5782,丹桂园(燕山路),商务住宅;住宅区;住宅小区,燕山路149号,118.73153,32.015089,江苏省,南京市,建邺区,
5783,舒心苑(燕山路),商务住宅;住宅区;住宅小区,建邺应天大街燕山路128号,118.732651,32.023884,江苏省,南京市,建邺区,
5784,南京中北大厦,商务住宅;楼宇;商务写字楼,通江路16号,118.733639,32.022242,江苏省,南京市,建邺区,
5785,莱蒙·水榭春天(月安街),商务住宅;住宅区;住宅小区,月安街与乐山路交汇处,118.726886,32.022668,江苏省,南京市,建邺区,
5786,海玥名都,商务住宅;住宅区;住宅小区,月安街11号,118.732552,32.017352,江苏省,南京市,建邺区,
5787,中共奥体社区,商务住宅;住宅区;社区中心,兴隆大街186号附近,118.726917,32.018689,江苏省,南京市,建邺区,
5788,桃园居(南门),商务住宅;商务住宅相关;商务住宅相关,应天大街942号桃园居内,118.730733,32.023479,江苏省,南京市,建邺区,
5789,莱蒙水榭春天(南门),商务住宅;商务住宅相关;商务住宅相关,乐山路与月安街交叉口东150米,118.726354,32.022002,江苏省,南京市,建邺区,
5790,桃园居,商务住宅;住宅区;住宅小区,应天大街942号,118.73074,32.024135,江苏省,南京市,建邺区,
5791,悦达新寓,商务住宅;住宅区;住宅小区,江东中路142号,118.736971,32.019853,江苏省,南京市,建邺区,
5792,兴达新寓,商务住宅;住宅区;住宅小区,应天大街897号,118.741494,32.018442,江苏省,南京市,建邺区,
5793,鸿达新寓,商务住宅;住宅区;住宅小区,应天大街913,118.736912,32.020982,江苏省,南京市,建邺区,
5794,凤凰和熙,商务住宅;住宅区;住宅小区,云锦路186号,118.738615,32.016576,江苏省,南京市,建邺区,
5795,和熙翔苑,商务住宅;住宅区;住宅小区,云锦路186号,118.738528,32.016555,江苏省,南京市,建邺区,
5796,美丽嘉园,商务住宅;住宅区;住宅小区,月安街10,118.735794,32.020006,江苏省,南京市,建邺区,
5797,栖庭,商务住宅;住宅区;住宅小区,江东中路156号(月安街与江东中路交界口西南角),118.735888,32.017872,江苏省,南京市,建邺区,
5798,金陵世家,商务住宅;住宅区;住宅小区,应天大街885号,118.742393,32.019396,江苏省,南京市,建邺区,
5799,泰达新寓,商务住宅;住宅区;住宅小区,应天大街915号,118.736141,32.021418,江苏省,南京市,建邺区,
5800,宏图上水云锦1期,商务住宅;住宅区;住宅小区,云锦路与白鹭东街交叉口宏图上水云锦附近,118.740644,32.015729,江苏省,南京市,建邺区,
5801,宏图上水云锦,商务住宅;住宅区;住宅小区,云锦路与白鹭东街交叉口,118.74078,32.015574,江苏省,南京市,建邺区,
5802,凤凰和熙II期,商务住宅;住宅区;住宅区,兴隆大街与江东南路交叉口东北角,118.73793,32.015023,江苏省,南京市,建邺区,
5803,凤凰和熙2期,商务住宅;住宅区;住宅小区,兴隆大街与江东南路交叉口东北角,118.738657,32.014931,江苏省,南京市,建邺区,
5804,华隆新寓二期(庐山路),商务住宅;住宅区;住宅小区,庐山路54号附近,118.741546,32.015231,江苏省,南京市,建邺区,
5805,积善新寓睦和园东区,商务住宅;住宅区;住宅小区,江东南路128-1,118.737139,32.02358,江苏省,南京市,建邺区,
5806,和熙星苑,商务住宅;住宅区;住宅小区,云锦路188号,118.738123,32.014571,江苏省,南京市,建邺区,
5807,悦府,商务住宅;住宅区;住宅小区,所街169号,118.743758,32.022748,江苏省,南京市,建邺区,
5808,积善新寓,商务住宅;住宅区;住宅小区,江东南路128号,118.734727,32.023339,江苏省,南京市,建邺区,
5809,新悦天地,商务住宅;住宅区;住宅小区,云锦路与所街交叉口东南100米,118.742639,32.023694,江苏省,南京市,建邺区,
5810,月规矩小区,商务住宅;住宅区;住宅小区,应天大街912号,118.734114,32.022836,江苏省,南京市,建邺区,
5811,今日家园,商务住宅;住宅区;住宅小区,通江路1号,118.734068,32.023563,江苏省,南京市,建邺区,
5812,河西大厦,商务住宅;楼宇;商务写字楼,应天大街901,118.739074,32.020799,江苏省,南京市,建邺区,
5813,凤凰文化广场B座,商务住宅;楼宇;商务写字楼,江东中路215号,118.736826,32.014316,江苏省,南京市,建邺区,
5814,凤凰文化广场A座,商务住宅;楼宇;商务写字楼,江东中路211号,118.737239,32.015592,江苏省,南京市,建邺区,
5815,建邺区社会管理服务大厦,商务住宅;楼宇;商务写字楼,应天大街919,118.734895,32.021886,江苏省,南京市,建邺区,
5816,上纺大理聚福城,商务住宅;商务住宅相关;商务住宅相关,东山镇,118.743721,32.018269,江苏省,南京市,建邺区,
5817,南苑大厦,商务住宅;楼宇;商务写字楼,南湖路58号,118.749776,32.018626,江苏省,南京市,建邺区,
5818,江苏城市职业学院应天校区6幢宿舍楼,商务住宅;住宅区;宿舍,所街141号附近,118.748454,32.021111,江苏省,南京市,建邺区,
5819,城开怡家东园,商务住宅;住宅区;住宅小区,南湖路28号,118.750629,32.020712,江苏省,南京市,建邺区,
5820,弘瑞广场,商务住宅;楼宇;商务写字楼,应天大街132号,118.746635,32.01831,江苏省,南京市,建邺区,
5821,江苏福彩大厦,商务住宅;楼宇;商务写字楼,南湖路113号,118.750853,32.017743,江苏省,南京市,建邺区,
5822,江苏城市职业学院学生公寓5,商务住宅;住宅区;宿舍,城市职业学院5号学生公寓,118.747917,32.021236,江苏省,南京市,建邺区,
5823,江苏城市职业学院学生公寓2,商务住宅;住宅区;宿舍,应天大街832,118.747039,32.020906,江苏省,南京市,建邺区,
5824,江苏城市职业学院学生公寓3,商务住宅;住宅区;宿舍,应天大街832,118.746839,32.020756,江苏省,南京市,建邺区,
5825,香缇丽舍,商务住宅;住宅区;住宅小区,南湖路109号,118.751391,32.017741,江苏省,南京市,建邺区,
5826,城开怡家西园,商务住宅;住宅区;住宅小区,南湖路28号,118.74838,32.02171,江苏省,南京市,建邺区,
5827,江苏城市职业学院学生公寓1,商务住宅;住宅区;宿舍,应天大街832,118.746861,32.021046,江苏省,南京市,建邺区,
5828,江苏城市职业学院学生公寓4,商务住宅;住宅区;宿舍,城市职业学院4号学生公寓,118.74705,32.021614,江苏省,南京市,建邺区,
5829,天都芳庭,商务住宅;住宅区;住宅小区,南湖街道应天大街815号,118.750444,32.016244,江苏省,南京市,建邺区,
5830,金虹花园(康泰街),商务住宅;住宅区;住宅小区,南湖路28号,118.7514,32.021771,江苏省,南京市,建邺区,
5831,苏建豪庭,商务住宅;住宅区;住宅小区,庐山路1号,118.745249,32.018069,江苏省,南京市,建邺区,
5832,金陵机动车检测大厦,商务住宅;楼宇;商务写字楼,黄山路2号,118.74823,32.015833,江苏省,南京市,建邺区,
5833,利星公寓,商务住宅;住宅区;住宅小区,南湖路99号,118.752811,32.020552,江苏省,南京市,建邺区,
5834,安如村,商务住宅;住宅区;住宅小区,湖西街53号,118.749015,32.023171,江苏省,南京市,建邺区,
5835,虹苑新寓四村(嵩山路),商务住宅;住宅区;住宅小区,黄山路东150米,118.749951,32.015146,江苏省,南京市,建邺区,
5836,安和小区,商务住宅;住宅区;住宅小区,康泰东街与康泰街交叉口西北100米,118.749818,32.023314,江苏省,南京市,建邺区,
5837,省农机大院家属楼,商务住宅;住宅区;住宅区,南湖街97号,118.753195,32.021555,江苏省,南京市,建邺区,
5838,盛世公馆,商务住宅;楼宇;商住两用楼宇,黄山路12号(河西应天大街与黄山路交汇处),118.747321,32.01514,江苏省,南京市,建邺区,
5839,横塘西苑,商务住宅;住宅区;住宅小区,怡康街80号,118.746173,32.015472,江苏省,南京市,建邺区,
5840,吉庆家园(应天大街),商务住宅;住宅区;住宅小区,应天大街790号,118.753744,32.017425,江苏省,南京市,建邺区,
5841,虹苑四村五村,商务住宅;住宅区;住宅区,嵩山路22号附近,118.750748,32.015053,江苏省,南京市,建邺区,
5842,乐基广场东区,商务住宅;楼宇;商住两用楼宇,所街163号附近,118.745556,32.022747,江苏省,南京市,建邺区,
5843,虹苑四村,商务住宅;住宅区;住宅区,建邺应天西路虹苑四村,118.750874,32.014848,江苏省,南京市,建邺区,
5844,华隆新寓,商务住宅;住宅区;住宅小区,怡康街北100米,118.744483,32.016353,江苏省,南京市,建邺区,
5845,春晓大厦,商务住宅;楼宇;商务写字楼,南湖路27号,118.753441,32.022116,江苏省,南京市,建邺区,
5846,虹苑新寓五村(黄山路),商务住宅;住宅区;住宅小区,黄山路9号,118.74871,32.014324,江苏省,南京市,建邺区,
5847,安泰小区,商务住宅;住宅区;住宅小区,南湖路22号,118.75301,32.023629,江苏省,南京市,建邺区,
5848,虹苑新寓小区,商务住宅;住宅区;住宅小区,应天西路94号,118.752222,32.014259,江苏省,南京市,建邺区,
5849,南湖春晓,商务住宅;商务住宅相关;商务住宅相关,南湖路52号,118.753348,32.021889,江苏省,南京市,建邺区,
5850,虹苑五村,商务住宅;住宅区;住宅区,泰山路1-23号附近,118.75372,32.014385,江苏省,南京市,建邺区,
5851,健园小区,商务住宅;住宅区;住宅小区,集庆门大街,118.759789,32.018617,江苏省,南京市,建邺区,
5852,发园,商务住宅;住宅区;住宅小区,建邺集庆门大街南苑发园,118.758236,32.018418,江苏省,南京市,建邺区,
5853,南苑小区(集庆门大街),商务住宅;住宅区;住宅小区,集庆门大街41号,118.760379,32.019968,江苏省,南京市,建邺区,
5854,澄园,商务住宅;住宅区;住宅小区,文体路104号,118.757176,32.018895,江苏省,南京市,建邺区,
5855,晔园,商务住宅;住宅区;住宅小区,集庆门大街41南苑小区,118.760238,32.020851,江苏省,南京市,建邺区,
5856,真园小区,商务住宅;住宅区;住宅区,文体路,118.756601,32.019543,江苏省,南京市,建邺区,
5857,贡园小区,商务住宅;住宅区;住宅小区,所街16号,118.758135,32.017282,江苏省,南京市,建邺区,
5858,台园,商务住宅;住宅区;住宅小区,集庆门大街文体路71号,118.758645,32.021354,江苏省,南京市,建邺区,
5859,庆园(文体路),商务住宅;住宅区;住宅小区,文体路90号,118.756498,32.02092,江苏省,南京市,建邺区,
5860,尚文东苑,商务住宅;住宅区;住宅小区,集庆门大街文体路71号,118.759294,32.02214,江苏省,南京市,建邺区,
5861,金轮翡翠名园,商务住宅;住宅区;住宅小区,所街33号(北临所街西接文体路),118.757099,32.016639,江苏省,南京市,建邺区,
5862,话园小区,商务住宅;住宅区;住宅小区,南苑文体路3号附近,118.756975,32.022025,江苏省,南京市,建邺区,
5863,海苑华庭,商务住宅;住宅区;住宅小区,所街东路5号,118.759485,32.015733,江苏省,南京市,建邺区,
5864,云河湾(云河路),商务住宅;住宅区;住宅小区,集庆门大街36号,118.762199,32.021389,江苏省,南京市,建邺区,
5865,爱达花园紫藤园,商务住宅;住宅区;住宅小区,长虹路389号,118.761983,32.016704,江苏省,南京市,建邺区,
5866,未来域,商务住宅;住宅区;住宅小区,建邺应天西路所街29号,118.758376,32.015449,江苏省,南京市,建邺区,
5867,东升村,商务住宅;住宅区;住宅小区,文体路与集庆门大街交会处,118.758555,32.023079,江苏省,南京市,建邺区,
5868,思园,商务住宅;住宅区;住宅小区,所街26号,118.753966,32.019169,江苏省,南京市,建邺区,
5869,尚文西苑,商务住宅;住宅区;住宅小区,集庆门大街文体路70号,118.757136,32.023131,江苏省,南京市,建邺区,
5870,爱达花园,商务住宅;住宅区;住宅小区,长虹路389号,118.762016,32.015858,江苏省,南京市,建邺区,
5871,南湖春晓嘉怡苑,商务住宅;住宅区;住宅小区,南湖路29号3幢,118.754663,32.021735,江苏省,南京市,建邺区,
5872,电站村小区,商务住宅;住宅区;住宅小区,建业区文体路,118.760665,32.023516,江苏省,南京市,建邺区,
5873,铂领(应天大街),商务住宅;住宅区;住宅小区,应天大街770-17号,118.757978,32.014571,江苏省,南京市,建邺区,
5874,彩虹苑(彩虹路),商务住宅;住宅区;住宅小区,长虹路193-1号,118.7614,32.024058,江苏省,南京市,建邺区,
5875,宇园,商务住宅;住宅区;住宅小区,集庆门大街集庆门大街115号,118.755627,32.023698,江苏省,南京市,建邺区,
5876,云锦美地碧云居,商务住宅;住宅区;住宅小区,云河路9-3号附近,118.763421,32.02302,江苏省,南京市,建邺区,
5877,南京中医药大学职工宿舍,商务住宅;住宅区;宿舍,沿河一村49号,118.754683,32.023423,江苏省,南京市,建邺区,
5878,三层商务楼商业用房,商务住宅;商务住宅相关;商务住宅相关,集庆门大街36号3层,118.761446,32.022054,江苏省,南京市,建邺区,
5879,雨花大厦,商务住宅;楼宇;商务写字楼,应天大街782,118.755209,32.015487,江苏省,南京市,建邺区,
5880,七号公馆,商务住宅;楼宇;商务写字楼,集庆门大街36号7号,118.762613,32.022458,江苏省,南京市,建邺区,
5881,国信尚文苑,商务住宅;商务住宅相关;商务住宅相关,文体路7071号,118.758418,32.023196,江苏省,南京市,建邺区,
5882,来凤街一号小区,商务住宅;住宅区;住宅小区,集庆门来凤街1号,118.769295,32.019892,江苏省,南京市,秦淮区,
5883,豆腐坊,商务住宅;住宅区;住宅小区,集庆路237-241号,118.769518,32.01806,江苏省,南京市,秦淮区,
5884,工农兵公寓,商务住宅;住宅区;住宅小区,来凤街9号-1号,118.769324,32.020831,江苏省,南京市,秦淮区,
5885,凤游寺24号,商务住宅;住宅区;住宅区,凤游寺与豆腐坊交叉口西50米,118.770372,32.017786,江苏省,南京市,秦淮区,
5886,达来花苑,商务住宅;住宅区;住宅小区,来凤街9号,118.769606,32.021254,江苏省,南京市,秦淮区,
5887,金粟佳园,商务住宅;住宅区;住宅小区,双塘来凤街6号,118.771028,32.020904,江苏省,南京市,秦淮区,
5888,仓顶93号,商务住宅;住宅区;住宅区,集庆路与五福街交叉口东南50米,118.771672,32.020056,江苏省,南京市,秦淮区,
5889,仓顶91号,商务住宅;住宅区;住宅区,集庆路与五福街交叉口东南50米,118.771908,32.02004,江苏省,南京市,秦淮区,
5890,花北岗21号,商务住宅;住宅区;住宅区,花露北岗21号附近,118.771745,32.017635,江苏省,南京市,秦淮区,
5891,撮基巷,商务住宅;住宅区;住宅区,五福街与来凤里交叉口西100米,118.771237,32.021452,江苏省,南京市,秦淮区,
5892,来凤街住宅,商务住宅;住宅区;住宅区,来凤街与来凤里交叉口北150米,118.77056,32.022554,江苏省,南京市,秦淮区,
5893,高家苑18号,商务住宅;住宅区;住宅区,集庆路161号附近,118.772741,32.018253,江苏省,南京市,秦淮区,
5894,来凤新村,商务住宅;住宅区;住宅小区,来凤街50-73号,118.769926,32.022517,江苏省,南京市,秦淮区,
5895,五福花园,商务住宅;住宅区;住宅小区,五福街与来凤里交叉口东50米,118.772312,32.021137,江苏省,南京市,秦淮区,
5896,云锦美地绮云居,商务住宅;住宅区;住宅小区,云河路1-7号,118.765593,32.021386,江苏省,南京市,建邺区,
5897,二机宿舍大院,商务住宅;住宅区;宿舍,二机宿舍来凤街27号,118.770523,32.022556,江苏省,南京市,秦淮区,
5898,太平雅苑,商务住宅;住宅区;住宅小区,太平苑64-75号,118.772419,32.021411,江苏省,南京市,秦淮区,
5899,来凤小区,商务住宅;住宅区;住宅小区,仙鹤街52-8号,118.773115,32.02056,江苏省,南京市,秦淮区,
5900,江南名府(长虹路),商务住宅;住宅区;住宅小区,于海帘集庆门大街15号,118.76459,32.018223,江苏省,南京市,建邺区,
5901,来凤里小区,商务住宅;住宅区;住宅小区,来凤街和双塘路交叉处,118.7716,32.022635,江苏省,南京市,秦淮区,
5902,长虹路140,商务住宅;住宅区;住宅区,长虹路140号,118.76694,32.022967,江苏省,南京市,建邺区,
5903,长虹路社区,商务住宅;住宅区;住宅小区,长虹路134号,118.766967,32.02312,江苏省,南京市,建邺区,
5904,云锦美地丽云居,商务住宅;住宅区;住宅小区,长虹路251号,118.76558,32.022629,江苏省,南京市,建邺区,
5905,云锦美地6期,商务住宅;住宅区;住宅区,长虹路251号,118.76605,32.02295,江苏省,南京市,建邺区,
5906,西城映象,商务住宅;住宅区;住宅小区,长虹路297号,118.764496,32.016407,江苏省,南京市,建邺区,
5907,润花园(云河路),商务住宅;住宅区;住宅小区,集庆门大街20号,118.763971,32.021403,江苏省,南京市,建邺区,
5908,来凤小区东区,商务住宅;住宅区;住宅小区,双塘里64号附近,118.773237,32.022376,江苏省,南京市,秦淮区,
5909,毛家苑小区,商务住宅;住宅区;住宅小区,五福街与双塘路交叉口西北50米,118.77277,32.023636,江苏省,南京市,秦淮区,
5910,鸿仁名居,商务住宅;住宅区;住宅小区,长虹路301-303号,118.764253,32.015225,江苏省,南京市,建邺区,
5911,云锦美地,商务住宅;住宅区;住宅小区,云河路1号-5,118.764918,32.024136,江苏省,南京市,建邺区,
5912,享家度假公寓,商务住宅;商务住宅相关;商务住宅相关,集庆门大街15号,118.765213,32.019184,江苏省,南京市,建邺区,
5913,钓鱼台224-1临,商务住宅;商务住宅相关;商务住宅相关,钓鱼台与集庆路交叉口东北50米,118.77869,32.01874,江苏省,南京市,秦淮区,
5914,皇册家园三期南第,商务住宅;住宅区;住宅小区,秦准区双塘路19号,118.777766,32.019778,江苏省,南京市,秦淮区,
5915,牛市泰禾院子(建设中),商务住宅;住宅区;住宅小区,皇册路与船板巷交叉口东150米,118.779204,32.020844,江苏省,南京市,秦淮区,
5916,集庆路小区,商务住宅;住宅区;住宅小区,集庆路55-65号,118.777432,32.017871,江苏省,南京市,秦淮区,
5917,钓鱼台188-1临,商务住宅;商务住宅相关;商务住宅相关,钓鱼台与钓鱼台一二三巷交叉口北50米,118.778916,32.017344,江苏省,南京市,秦淮区,
5918,钓鱼台131-3临,商务住宅;商务住宅相关;商务住宅相关,钓鱼台与钓鱼台一二三巷交叉口西北50米,118.778656,32.01727,江苏省,南京市,秦淮区,
5919,胭脂巷,商务住宅;住宅区;住宅小区,集庆路98号902室,118.776468,32.01955,江苏省,南京市,秦淮区,
5920,达来佳园,商务住宅;住宅区;住宅小区,皇册路胭脂巷14号,118.776887,32.020301,江苏省,南京市,秦淮区,
5921,钓鱼台131-2临,商务住宅;商务住宅相关;商务住宅相关,钓鱼台与钓鱼台一二三巷交叉口西北50米,118.77868,32.017074,江苏省,南京市,秦淮区,
5922,一品丽庭,商务住宅;住宅区;住宅小区,集庆路98-104号,118.776393,32.018971,江苏省,南京市,秦淮区,
5923,钓鱼台131-1临,商务住宅;商务住宅相关;商务住宅相关,钓鱼台与钓鱼台一二三巷交叉口西50米,118.778685,32.017051,江苏省,南京市,秦淮区,
5924,钓鱼台129号,商务住宅;住宅区;住宅区,钓鱼台与钓鱼台一二三巷交叉口西50米,118.778482,32.01695,江苏省,南京市,秦淮区,
5925,钓鱼台182-1临,商务住宅;商务住宅相关;商务住宅相关,钓鱼台与钓鱼台一二三巷交叉口东南50米,118.779048,32.016822,江苏省,南京市,秦淮区,
5926,水斋庵41号,商务住宅;住宅区;住宅小区,殷高巷与高岗里交叉口北50米,118.77713,32.017296,江苏省,南京市,秦淮区,
5927,水斋庵39号,商务住宅;住宅区;住宅区,殷高巷与高岗里交叉口西北50米,118.77708,32.017215,江苏省,南京市,秦淮区,
5928,殷高巷小区,商务住宅;住宅区;住宅小区,集庆路83-97号,118.776161,32.018112,江苏省,南京市,秦淮区,
5929,水斋庵37号,商务住宅;住宅区;住宅区,殷高巷与高岗里交叉口西北50米,118.77709,32.017067,江苏省,南京市,秦淮区,
5930,达来公寓,商务住宅;住宅区;住宅小区,集庆路118号,118.775788,32.019165,江苏省,南京市,秦淮区,
5931,实辉巷小区,商务住宅;住宅区;住宅小区,秦淮中华路实辉巷1-7号,118.781809,32.017815,江苏省,南京市,秦淮区,
5932,水斋庵31号,商务住宅;住宅区;住宅区,殷高巷与高岗里交叉口西南50米,118.777083,32.016793,江苏省,南京市,秦淮区,
5933,仙鹤里,商务住宅;住宅区;住宅小区,仙鹤街仙鹤里小区,118.775659,32.020251,江苏省,南京市,秦淮区,
5934,孝顺里36号,商务住宅;住宅区;住宅区,殷高巷14号附近,118.776131,32.017395,江苏省,南京市,秦淮区,
5935,花族小镇,商务住宅;商务住宅相关;商务住宅相关,中山南路393号101服饰广场B1层,118.780523,32.021989,江苏省,南京市,秦淮区,
5936,水斋庵25号,商务住宅;住宅区;住宅区,高岗里25号附近,118.777006,32.016539,江苏省,南京市,秦淮区,
5937,金轮园,商务住宅;住宅区;住宅小区,集庆路120号,118.77517,32.019173,江苏省,南京市,秦淮区,
5938,皇册家园,商务住宅;住宅区;住宅小区,双塘路19号,118.776531,32.021735,江苏省,南京市,秦淮区,
5939,许家巷19号,商务住宅;住宅区;住宅区,秦状元里与许家巷交叉口南50米,118.782562,32.020279,江苏省,南京市,秦淮区,
5940,侨宁公寓,商务住宅;住宅区;住宅小区,金沙井96号,118.781561,32.02165,江苏省,南京市,秦淮区,
5941,许苑小区,商务住宅;住宅区;住宅小区,许家巷19号,118.782708,32.02004,江苏省,南京市,秦淮区,
5942,秦状元里小区,商务住宅;住宅区;住宅小区,三山街秦状元里65号,118.782253,32.021073,江苏省,南京市,秦淮区,
5943,江苏金坛万和国际商贸城,商务住宅;商务住宅相关;商务住宅相关,集庆路123号永丰大厦7层707室,118.775143,32.018224,江苏省,南京市,秦淮区,
5944,鞍辔坊小区,商务住宅;住宅区;住宅小区,实辉巷与张都堂巷交叉口南100米,118.781806,32.016866,江苏省,南京市,秦淮区,
5945,长乐公寓(实辉巷),商务住宅;住宅区;住宅小区,长乐路50号,118.782704,32.017977,江苏省,南京市,秦淮区,
5946,永丰国际公寓,商务住宅;商务住宅相关;商务住宅相关,集庆路123号永丰大厦15层,118.77509,32.01818,江苏省,南京市,秦淮区,
5947,小百花巷,商务住宅;住宅区;住宅区,璇子巷47号附近,118.781216,32.016407,江苏省,南京市,秦淮区,
5948,水斋庵19号,商务住宅;住宅区;住宅区,磨盘街37号附近,118.776958,32.016241,江苏省,南京市,秦淮区,
5949,钓鱼台99-3临,商务住宅;商务住宅相关;商务住宅相关,中山南路与钓鱼台交叉口南100米,118.779235,32.015776,江苏省,南京市,秦淮区,
5950,钓鱼台99-2临,商务住宅;商务住宅相关;商务住宅相关,钓鱼台99-3临附近,118.779246,32.01576,江苏省,南京市,秦淮区,
5951,磨盘街小区,商务住宅;住宅区;住宅区,磨盘街18号,118.777782,32.015783,江苏省,南京市,秦淮区,
5952,孝顺里13号,商务住宅;住宅区;住宅区,花露北岗与鸣羊街交叉口东南150米附近,118.775921,32.016641,江苏省,南京市,秦淮区,
5953,磨盘街18号院(南门),商务住宅;商务住宅相关;商务住宅相关,磨盘街与饮马巷交叉口东北150米,118.777732,32.015716,江苏省,南京市,秦淮区,
5954,荷花塘10号,商务住宅;住宅区;住宅区,高岗里17号附近,118.776557,32.016156,江苏省,南京市,秦淮区,
5955,仙鹤街小区,商务住宅;住宅区;住宅小区,仙鹤街20号,118.774651,32.02045,江苏省,南京市,秦淮区,
5956,水斋庵8号,商务住宅;住宅区;住宅区,高岗里15-1号附近,118.776822,32.015812,江苏省,南京市,秦淮区,
5957,弓箭坊高层住宅小区,商务住宅;住宅区;住宅小区,升州路南侧弓箭坊,118.779175,32.023362,江苏省,南京市,秦淮区,
5958,弓箭坊40号,商务住宅;住宅区;住宅区,弓箭坊与洋珠巷交叉口东北50米,118.780074,32.022972,江苏省,南京市,秦淮区,
5959,过街楼13,商务住宅;商务住宅相关;商务住宅相关,过街楼9-1号附近,118.781509,32.015869,江苏省,南京市,秦淮区,
5960,学智坊14号,商务住宅;住宅区;住宅区,花露北岗与鸣羊街交叉口东南150米,118.775502,32.016558,江苏省,南京市,秦淮区,
5961,钓鱼台91-3临,商务住宅;商务住宅相关;商务住宅相关,钓鱼台89-2号附近,118.779732,32.015312,江苏省,南京市,秦淮区,
5962,水斋庵9号,商务住宅;住宅区;住宅区,高岗里15号附近,118.776773,32.015679,江苏省,南京市,秦淮区,
5963,侨邻公寓,商务住宅;商务住宅相关;商务住宅相关,中山南路389号,118.78209,32.021804,江苏省,南京市,秦淮区,
5964,大学生科技创业见习基地,商务住宅;商务住宅相关;商务住宅相关,秦淮区中华路420号江苏省高新技术创业服务中心6层,118.78299,32.017681,江苏省,南京市,秦淮区,
5965,皇册家园1期,商务住宅;住宅区;住宅小区,双塘路21号附近,118.776494,32.022564,江苏省,南京市,秦淮区,
5966,皇册家园(一至3区),商务住宅;住宅区;住宅区,双塘路19号,118.776494,32.022564,江苏省,南京市,秦淮区,
5967,五福里4号,商务住宅;住宅区;住宅区,花露北岗与鸣羊街交叉口东南150米附近,118.775852,32.016173,江苏省,南京市,秦淮区,
5968,仓顶,商务住宅;住宅区;住宅小区,集庆门大街,118.774119,32.019786,江苏省,南京市,秦淮区,
5969,煤灰堆12,商务住宅;商务住宅相关;商务住宅相关,糖坊廊64号附近,118.780945,32.015442,江苏省,南京市,秦淮区,
5970,五福里6号,商务住宅;住宅区;住宅区,花露北岗与鸣羊街交汇处东南200米,118.775601,32.016188,江苏省,南京市,秦淮区,
5971,江苏通信大厦(南门),商务住宅;商务住宅相关;商务住宅相关,集庆路198号,118.773968,32.01882,江苏省,南京市,秦淮区,
5972,五福里14号,商务住宅;住宅区;住宅区,鸣羊街57号附近,118.775224,32.016344,江苏省,南京市,秦淮区,
5973,五福里3号,商务住宅;住宅区;住宅区,花露北岗与鸣羊街交叉口东南200米,118.775618,32.015943,江苏省,南京市,秦淮区,
5974,甘露巷住宅区,商务住宅;住宅区;住宅小区,中山南路与甘露巷交叉口东50米,118.77859,32.01457,江苏省,南京市,秦淮区,
5975,秦淮科技创业中心办公室,商务住宅;商务住宅相关;商务住宅相关,中华路278号秦淮科技创业中心504,118.783786,32.020561,江苏省,南京市,秦淮区,
5976,水斋庵1号,商务住宅;住宅区;住宅区,高岗里2-2号附近,118.77659,32.015233,江苏省,南京市,秦淮区,
5977,鹤望楼10号,商务住宅;住宅区;住宅区,升州路与黒廊巷交叉口西南150米,118.782549,32.022749,江苏省,南京市,秦淮区,
5978,五福里26号,商务住宅;住宅区;住宅区,鸣羊街57号附近,118.774787,32.016191,江苏省,南京市,秦淮区,
5979,鹤望楼8号,商务住宅;住宅区;住宅区,升州路与黒廊巷交叉口西南100米,118.782535,32.022816,江苏省,南京市,秦淮区,
5980,军师巷小区,商务住宅;住宅区;住宅小区,军师巷56号,118.783178,32.01604,江苏省,南京市,秦淮区,
5981,三山花园住宅小区业主委员会,商务住宅;商务住宅相关;商务住宅相关,金沙井12号,118.783682,32.022127,江苏省,南京市,秦淮区,
5982,罗马假日,商务住宅;住宅区;住宅小区,弓箭坊55号(公交车站),118.77968,32.023911,江苏省,南京市,秦淮区,
5983,铜坊苑小区,商务住宅;住宅区;住宅小区,双塘路12号,118.776267,32.023422,江苏省,南京市,秦淮区,
5984,鹤望楼4号,商务住宅;住宅区;住宅区,升州路与黒廊巷交叉口西南100米,118.782789,32.022827,江苏省,南京市,秦淮区,
5985,五福里11号,商务住宅;住宅区;住宅区,花露南岗与高岗里交叉口东北200米,118.775099,32.015687,江苏省,南京市,秦淮区,
5986,高岗里1号,商务住宅;住宅区;住宅区,磨盘街与饮马巷交叉口西50米,118.776681,32.014812,江苏省,南京市,秦淮区,
5987,高岗里4号,商务住宅;住宅区;住宅区,高岗里9-1号附近,118.776501,32.014798,江苏省,南京市,秦淮区,
5988,仙鹤雅居,商务住宅;住宅区;住宅小区,仙鹤街66号,118.774823,32.022649,江苏省,南京市,秦淮区,
5989,三山花园城,商务住宅;住宅区;住宅小区,升州路3号,118.783664,32.022094,江苏省,南京市,秦淮区,
5990,五福里13号,商务住宅;住宅区;住宅区,花露南岗与鸣羊街交叉口东北150米,118.775057,32.015511,江苏省,南京市,秦淮区,
5991,高岗里9号,商务住宅;住宅区;住宅区,高岗里11号附近,118.776585,32.014648,江苏省,南京市,秦淮区,
5992,金沙井20号,商务住宅;住宅区;住宅区,升州路与黒廊巷交叉口南100米,118.783268,32.022582,江苏省,南京市,秦淮区,
5993,高岗里11号,商务住宅;住宅区;住宅区,高岗里12号附近,118.776563,32.014564,江苏省,南京市,秦淮区,
5994,高岗里12号,商务住宅;住宅区;住宅区,磨盘街与饮马巷交叉口西100米,118.776446,32.014566,江苏省,南京市,秦淮区,
5995,谢公祠28号,商务住宅;住宅区;住宅区,高岗里24号附近,118.77502,32.01533,江苏省,南京市,秦淮区,
5996,商岗里24号,商务住宅;住宅区;住宅区,高岗里22号附近,118.775221,32.015112,江苏省,南京市,秦淮区,
5997,钓鱼台41-2临,商务住宅;商务住宅相关;商务住宅相关,钓鱼台52-3临附近,118.780647,32.014225,江苏省,南京市,秦淮区,
5998,高岗里15号,商务住宅;住宅区;住宅区,磨盘街与饮马巷交叉口西南100米,118.776298,32.014419,江苏省,南京市,秦淮区,
5999,宏图上福园,商务住宅;住宅区;住宅小区,马道街1-1号,118.783696,32.015592,江苏省,南京市,秦淮区,
6000,上福园骏广物业,商务住宅;商务住宅相关;商务住宅相关,马道街1-1号上福园,118.783696,32.015592,江苏省,南京市,秦淮区,
6001,高岗里18号,商务住宅;住宅区;住宅小区,高岗里19号附近,118.775488,32.014569,江苏省,南京市,秦淮区,
6002,谢公祠32号,商务住宅;住宅区;住宅区,花露南岗与鸣羊街交叉口北100米,118.77468,32.015082,江苏省,南京市,秦淮区,
6003,高岗里小区,商务住宅;住宅区;住宅小区,花露南岗与鸣羊街交叉口东150米,118.775563,32.01446,江苏省,南京市,秦淮区,
6004,中华路517号公寓,商务住宅;住宅区;住宅小区,中华路517号,118.782817,32.014576,江苏省,南京市,秦淮区,
6005,高岗里29号,商务住宅;住宅区;住宅区,花露南岗与鸣羊街交叉口东100米,118.775352,32.014415,江苏省,南京市,秦淮区,
6006,军师巷3号小区,商务住宅;住宅区;住宅小区,军师巷13号,118.783349,32.014851,江苏省,南京市,秦淮区,
6007,高岗里31号,商务住宅;住宅区;住宅区,花露南岗与鸣羊街交叉口东100米,118.775169,32.014409,江苏省,南京市,秦淮区,
6008,宏图·上福园北园,商务住宅;住宅区;住宅区,马道街1-1号附近,118.783836,32.015073,江苏省,南京市,秦淮区,
6009,高岗里33号,商务住宅;住宅区;住宅区,花露南岗与鸣羊街交叉口东50米,118.774963,32.014403,江苏省,南京市,秦淮区,
6010,军师巷13号小区,商务住宅;住宅区;住宅小区,江苏省南京市秦淮区军师巷13号,118.783385,32.014629,江苏省,南京市,秦淮区,
6011,高岗里37号,商务住宅;住宅区;住宅区,花露南岗与鸣羊街交叉口东50米,118.77482,32.014388,江苏省,南京市,秦淮区,
6012,高岗里39号,商务住宅;住宅区;住宅区,花露南岗与鸣羊街交叉口东50米,118.77465,32.014383,江苏省,南京市,秦淮区,
6013,新月楼,商务住宅;商务住宅相关;商务住宅相关,升州路18-6号附近,118.783664,32.024016,江苏省,南京市,秦淮区,
6014,胡家花园,商务住宅;住宅区;住宅小区,胡家花园1号,118.774319,32.014301,江苏省,南京市,秦淮区,
6015,中华园商住楼,商务住宅;楼宇;商住两用楼宇,秦淮秦淮区中华路363号,118.783938,32.019266,江苏省,南京市,秦淮区,
6016,秦淮区中华路办公楼,商务住宅;楼宇;商务写字楼,中华路465号,118.783419,32.016683,江苏省,南京市,秦淮区,
6017,投资大厦,商务住宅;楼宇;商务写字楼,中山南路414号,118.780838,32.022689,江苏省,南京市,秦淮区,
6018,永丰大厦(鸣羊街),商务住宅;楼宇;商务写字楼,集庆路123号,118.775072,32.01812,江苏省,南京市,秦淮区,
6019,宏安大厦,商务住宅;楼宇;商住两用楼宇,双塘集庆路127号,118.774382,32.017929,江苏省,南京市,秦淮区,
6020,通服大厦,商务住宅;楼宇;商务写字楼,中山南路501号,118.781181,32.02013,江苏省,南京市,秦淮区,
6021,西华大厦,商务住宅;楼宇;商住两用楼宇,秦淮区中华路302号,118.78333,32.019836,江苏省,南京市,秦淮区,
6022,盈嘉大厦,商务住宅;楼宇;商住两用楼宇,中山南路369号,118.782044,32.022966,江苏省,南京市,秦淮区,
6023,秦淮科创中心,商务住宅;楼宇;商务写字楼,中华路278号,118.783786,32.020561,江苏省,南京市,秦淮区,
6024,精锐SOHO,商务住宅;楼宇;商住两用楼宇,仙鹤街2号,118.774532,32.019494,江苏省,南京市,秦淮区,
6025,江苏省科技创业大厦,商务住宅;楼宇;商务写字楼,中华路420号,118.782951,32.017556,江苏省,南京市,秦淮区,
6026,长乐大厦(许家巷),商务住宅;楼宇;商务写字楼,中山南路499号(夫子庙地区三山街地铁口),118.781315,32.020924,江苏省,南京市,秦淮区,
6027,八零后时尚社区,商务住宅;住宅区;住宅小区,夫子庙贡院街188号4层(西牌旁),118.788,32.01947,江苏省,南京市,秦淮区,
6028,东牌楼2号,商务住宅;住宅区;住宅区,东牌楼4号附近,118.787276,32.018871,江苏省,南京市,秦淮区,
6029,大四福巷小区,商务住宅;住宅区;住宅小区,大四福巷24-29号,118.787749,32.02025,江苏省,南京市,秦淮区,
6030,南京航天管理干部学院家属区,商务住宅;住宅区;住宅小区,瞻园路126号,118.787131,32.020236,江苏省,南京市,秦淮区,
6031,一品嘉园(琵琶街),商务住宅;住宅区;住宅小区,大石坝街53号附近,118.791296,32.018864,江苏省,南京市,秦淮区,
6032,瞻园路126号小区,商务住宅;住宅区;住宅小区,秦淮瞻园路126号,118.78648,32.01994,江苏省,南京市,秦淮区,
6033,琵琶小区,商务住宅;住宅区;住宅小区,琵琶巷24-36号,118.790286,32.017124,江苏省,南京市,秦淮区,
6034,龙翔隐园,商务住宅;住宅区;住宅小区,乌衣巷26号,118.791448,32.018148,江苏省,南京市,秦淮区,
6035,东牌楼74号,商务住宅;住宅区;住宅区,东牌楼与党家巷交叉口西100米,118.786016,32.018332,江苏省,南京市,秦淮区,
6036,文晖阁,商务住宅;商务住宅相关;商务住宅相关,大石坝街39号,118.792011,32.01977,江苏省,南京市,秦淮区,
6037,糟坊园8号,商务住宅;住宅区;住宅区,乌衣巷17号附近,118.791479,32.017421,江苏省,南京市,秦淮区,
6038,闻建和颂中心,商务住宅;商务住宅相关;商务住宅相关,长乐路72-6号,118.78664,32.01715,江苏省,南京市,秦淮区,
6039,喜乐家园,商务住宅;住宅区;住宅区,钞库街与武定桥交叉口南50米,118.786462,32.01725,江苏省,南京市,秦淮区,
6040,全福小区,商务住宅;住宅区;住宅小区,三山街瞻园路大全福巷,118.786995,32.021953,江苏省,南京市,秦淮区,
6041,长乐路104号院,商务住宅;住宅区;住宅区,长乐路104号,118.788052,32.016192,江苏省,南京市,秦淮区,
6042,小西湖小区,商务住宅;住宅区;住宅小区,小西湖2-10号,118.787785,32.016237,江苏省,南京市,秦淮区,
6043,平江府路158号院,商务住宅;住宅区;住宅区,平江府路158号,118.792793,32.018494,江苏省,南京市,秦淮区,
6044,大油坊巷小区,商务住宅;住宅区;住宅小区,大油坊巷39-43号,118.786071,32.016583,江苏省,南京市,秦淮区,
6045,壮元境59号,商务住宅;住宅区;住宅区,教敷营与状元境交叉口东南50米,118.786738,32.022349,江苏省,南京市,秦淮区,
6046,林耀荟广场,商务住宅;商务住宅相关;商务住宅相关,教敷营38号,118.786639,32.022337,江苏省,南京市,秦淮区,
6047,白鹭芳洲,商务住宅;住宅区;住宅区,秦淮长乐路126号,118.79331,32.01926,江苏省,南京市,秦淮区,
6048,金轮新邨,商务住宅;住宅区;住宅小区,平江府路153号,118.793364,32.019068,江苏省,南京市,秦淮区,
6049,江苏省政协宿舍,商务住宅;住宅区;宿舍,西石坝街27号,118.793261,32.018266,江苏省,南京市,秦淮区,
6050,壮元境73号,商务住宅;住宅区;住宅区,教敷营与状元境交叉口东南50米,118.786563,32.022492,江苏省,南京市,秦淮区,
6051,壮元境38号,商务住宅;住宅区;住宅区,教敷营与状元境交叉口东50米,118.78678,32.02263,江苏省,南京市,秦淮区,
6052,教敷营38号,商务住宅;住宅区;住宅区,教敷营与状元境交叉口西南50米,118.786333,32.022414,江苏省,南京市,秦淮区,
6053,马道街小区,商务住宅;住宅区;住宅小区,夫子庙马道街,118.7896,32.0151,江苏省,南京市,秦淮区,
6054,新声巷住宅,商务住宅;住宅区;住宅区,小西湖与磊功巷交叉口西南100米,118.787897,32.014807,江苏省,南京市,秦淮区,
6055,水平方(南1门),商务住宅;商务住宅相关;商务住宅相关,大四福巷与建康路交叉口西北50米,118.78737,32.023166,江苏省,南京市,秦淮区,
6056,西湖里9号,商务住宅;住宅区;住宅区,小西湖23-5号附近,118.787341,32.015161,江苏省,南京市,秦淮区,
6057,箍桶巷19号,商务住宅;住宅区;住宅区,箍桶巷13-5号附近,118.788209,32.014891,江苏省,南京市,秦淮区,
6058,水佐营小区,商务住宅;住宅区;住宅小区,长乐路156-1号,118.791412,32.01529,江苏省,南京市,秦淮区,
6059,新姚家巷小区,商务住宅;住宅区;住宅小区,夫子庙贡院街44号,118.7925,32.022625,江苏省,南京市,秦淮区,
6060,夫子庙贡院街小区,商务住宅;住宅区;住宅小区,夫子庙贡院街30号,118.79301,32.022561,江苏省,南京市,秦淮区,
6061,建康路115号大院,商务住宅;住宅区;住宅小区,建康路115号,118.7881,32.02387,江苏省,南京市,秦淮区,
6062,宏图·上花园,商务住宅;住宅区;住宅小区,夫子庙马道街99号,118.789491,32.014448,江苏省,南京市,秦淮区,
6063,木匠营4号,商务住宅;住宅区;住宅区,木匠营与饮虹园交叉口南50米,118.790867,32.014721,江苏省,南京市,秦淮区,
6064,凤凰城,商务住宅;商务住宅相关;商务住宅相关,建康路1号鹏欣·水游城B1,118.786376,32.023496,江苏省,南京市,秦淮区,
6065,益仁巷小区,商务住宅;住宅区;住宅小区,太平南路与慧园街交叉口南100米,118.78973,32.024041,江苏省,南京市,秦淮区,
6066,木匠营10号,商务住宅;住宅区;住宅区,木匠营与饮虹园交叉口南50米,118.790815,32.014587,江苏省,南京市,秦淮区,
6067,润德里9号小区,商务住宅;住宅区;住宅小区,太平南路润德里9号,118.78855,32.02411,江苏省,南京市,秦淮区,
6068,蔡家苑,商务住宅;住宅区;住宅小区,蔡家苑20,118.790128,32.014284,江苏省,南京市,秦淮区,
6069,吉庆里,商务住宅;住宅区;住宅小区,建康路1号鹏欣·水游城F1,118.785645,32.023597,江苏省,南京市,秦淮区,
6070,饮虹园,商务住宅;住宅区;住宅区,长乐路与饮虹园交叉口西南50米,118.792339,32.01488,江苏省,南京市,秦淮区,
6071,莲子营小区,商务住宅;住宅区;住宅小区,长乐路157-5号附近,118.793507,32.015589,江苏省,南京市,秦淮区,
6072,中华路商务楼,商务住宅;住宅区;住宅小区,秦淮区中华路166号,118.78475,32.02401,江苏省,南京市,秦淮区,
6073,桃叶渡小区,商务住宅;住宅区;住宅小区,秦淮贡院街43号,118.793614,32.023225,江苏省,南京市,秦淮区,
6074,京隆国际公寓,商务住宅;住宅区;住宅小区,建康路253号,118.792662,32.024064,江苏省,南京市,秦淮区,
6075,信府河95号,商务住宅;住宅区;住宅区,信府河与军师巷交叉口东南50米,118.784483,32.014334,江苏省,南京市,秦淮区,
6076,瞻园商务楼,商务住宅;楼宇;商务写字楼,瞻园路201号,118.784571,32.020026,江苏省,南京市,秦淮区,
6077,瞻园铭楼,商务住宅;楼宇;商务写字楼,秦淮夫子庙瞻园路25号,118.785937,32.019503,江苏省,南京市,秦淮区,
6078,夫子庙商贸城,商务住宅;楼宇;商务写字楼,瞻园路9号,118.786915,32.019072,江苏省,南京市,秦淮区,
6079,瑞和楼,商务住宅;楼宇;商务写字楼,钞库街18号,118.787847,32.018202,江苏省,南京市,秦淮区,
6080,莲子营综合楼,商务住宅;楼宇;工业大厦建筑物,长乐路157-5号附近,118.792867,32.015862,江苏省,南京市,秦淮区,
6081,白鹭洲综合楼,商务住宅;楼宇;楼宇相关,平江府路191号,118.793011,32.016584,江苏省,南京市,秦淮区,
6082,澳亚大楼,商务住宅;楼宇;商务写字楼,瞻园路29号,118.785456,32.019152,江苏省,南京市,秦淮区,
6083,中天商厦(平江府路),商务住宅;楼宇;商务写字楼,平江府路18号,118.791152,32.022663,江苏省,南京市,秦淮区,
6084,瞻园商厦,商务住宅;楼宇;商务写字楼,中华路257号,118.784396,32.021075,江苏省,南京市,秦淮区,
6085,曙光天地,商务住宅;楼宇;商务写字楼,来燕路,118.788708,32.017411,江苏省,南京市,秦淮区,
6086,三七八巷,地名地址信息;交通地名;道路名|商务住宅;住宅区;住宅小区,长乐路378号,118.79099,32.015386,江苏省,南京市,秦淮区,
6087,蕴金广场,商务住宅;楼宇;商务写字楼,长乐路与平江府路交界口东北角,118.792884,32.016099,江苏省,南京市,秦淮区,
6088,茂业天地,商务住宅;楼宇;商务写字楼,中华路与健康路交汇处,118.785573,32.022746,江苏省,南京市,秦淮区,
6089,自由生活,商务住宅;楼宇;商住两用楼宇|商务住宅;住宅区;住宅区,秦淮建康路50号,118.786963,32.022755,江苏省,南京市,秦淮区,
6090,状元境46临,商务住宅;商务住宅相关;商务住宅相关,大四福巷与状元境交叉口东南50米,118.787739,32.022194,江苏省,南京市,秦淮区,
6091,龙蟠中路小区,商务住宅;住宅区;住宅小区,龙蟠中路480-484号,118.799002,32.018576,江苏省,南京市,秦淮区,
6092,武定门北巷小区,商务住宅;住宅区;住宅小区,长乐路与龙蟠中路交界,118.7977,32.019082,江苏省,南京市,秦淮区,
6093,武定门外小区,商务住宅;住宅区;住宅小区,七里街20号,118.797579,32.019151,江苏省,南京市,秦淮区,
6094,蓝天华门国际花园,商务住宅;住宅区;住宅小区,龙蟠中路459号(龙蟠中路与水秀路交汇处),118.801107,32.019727,江苏省,南京市,秦淮区,
6095,清雅苑,商务住宅;住宅区;住宅小区,龙蟠中路418号,118.799418,32.021131,江苏省,南京市,秦淮区,
6096,七里街77-79号小区,商务住宅;住宅区;住宅小区,内环东线辅路东50米,118.799706,32.017243,江苏省,南京市,秦淮区,
6097,枫丹·白露城市花园,商务住宅;住宅区;住宅小区,龙蟠中路459号,118.801075,32.017524,江苏省,南京市,秦淮区,
6098,七里街20号院,商务住宅;住宅区;住宅小区,,118.799606,32.021665,江苏省,南京市,秦淮区,
6099,南京酿造公司七里街96号168小区,商务住宅;住宅区;住宅小区,龙蟠中路542-564号,118.798422,32.016347,江苏省,南京市,秦淮区,
6100,水秀花园3号,商务住宅;住宅区;住宅区,水秀路东50米,118.802393,32.019427,江苏省,南京市,秦淮区,
6101,长白街2号院,商务住宅;住宅区;住宅区,长白街2号,118.795776,32.020919,江苏省,南京市,秦淮区,
6102,水秀花园2号,商务住宅;住宅区;住宅区,水秀路东100米,118.80269,32.01939,江苏省,南京市,秦淮区,
6103,白鹭小区,商务住宅;住宅区;住宅小区,丁官营27-28号,118.796578,32.021749,江苏省,南京市,秦淮区,
6104,枫丹·白露水秀花园,商务住宅;住宅区;住宅小区,水秀路东100米,118.80277,32.019751,江苏省,南京市,秦淮区,
6105,亚都公寓,商务住宅;住宅区;住宅小区,龙蟠中路530-5号,118.798278,32.015876,江苏省,南京市,秦淮区,
6106,水秀花园1号,商务住宅;住宅区;住宅区,扇骨营路35号附近,118.802603,32.020591,江苏省,南京市,秦淮区,
6107,枫丹·白露城市花园水秀苑,商务住宅;住宅区;住宅小区,龙蟠中路459号,118.802956,32.019885,江苏省,南京市,秦淮区,
6108,佳日雅苑,商务住宅;住宅区;住宅小区,龙蟠中路511号,118.7995,32.015738,江苏省,南京市,秦淮区,
6109,长白街1号院,商务住宅;住宅区;住宅区,长白街1号,118.795249,32.020774,江苏省,南京市,秦淮区,
6110,节制闸路小区,商务住宅;住宅区;住宅小区,节制闸路9号,118.800618,32.015989,江苏省,南京市,秦淮区,
6111,扇骨里35号大院,商务住宅;住宅区;住宅小区,扇骨里小区35幢,118.803224,32.021179,江苏省,南京市,秦淮区,
6112,扇骨营,商务住宅;住宅区;住宅小区,龙蟠中路扇骨营小区,118.802608,32.021953,江苏省,南京市,秦淮区,
6113,白鹭东苑,商务住宅;住宅区;住宅小区,龙蟠中路584号,118.797971,32.015072,江苏省,南京市,秦淮区,
6114,金陵闸小区,商务住宅;住宅区;住宅小区,长白街7-9号,118.794405,32.021017,江苏省,南京市,秦淮区,
6115,龙蟠和园,商务住宅;住宅区;住宅小区,象房村路50号,118.803122,32.021984,江苏省,南京市,秦淮区,
6116,钓鱼巷小区,商务住宅;住宅区;住宅小区,建康路与文思巷交叉口南150米,118.796571,32.023832,江苏省,南京市,秦淮区,
6117,白鹭新村,商务住宅;住宅区;住宅小区,长乐路与江宁路交叉口,118.795556,32.015172,江苏省,南京市,秦淮区,
6118,京门府,商务住宅;住宅区;住宅小区,龙蟠中路388号,118.802165,32.023714,江苏省,南京市,秦淮区,
6119,骂架桥3幢小区,商务住宅;住宅区;住宅小区,莲子营15号附近,118.794246,32.015433,江苏省,南京市,秦淮区,
6120,骂驾桥,商务住宅;住宅区;住宅小区,长乐路,118.794472,32.014945,江苏省,南京市,秦淮区,
6121,鸿意地产大厦,商务住宅;楼宇;商务写字楼,龙蟠中路526号,118.800054,32.018191,江苏省,南京市,秦淮区,
6122,中国太平洋财产保险大厦,商务住宅;楼宇;商务写字楼,龙蟠中路439号,118.800928,32.020558,江苏省,南京市,秦淮区,
6123,光华门中和桥30号,商务住宅;住宅区;住宅区,秦淮中和桥30号,118.810883,32.018355,江苏省,南京市,秦淮区,
6124,象房村小区,商务住宅;住宅区;住宅小区,象房村路,118.80683,32.018437,江苏省,南京市,秦淮区,
6125,金象园小区,商务住宅;住宅区;住宅小区,象房村路120号,118.81199,32.01986,江苏省,南京市,秦淮区,
6126,清水花苑,商务住宅;住宅区;住宅小区,扇骨营30-2,118.805096,32.019492,江苏省,南京市,秦淮区,
6127,象房新村,商务住宅;住宅区;住宅区,中和桥路2号,118.812729,32.020174,江苏省,南京市,秦淮区,
6128,宏鹰花园,商务住宅;住宅区;住宅小区,大光路49号,118.810359,32.022554,江苏省,南京市,秦淮区,
6129,中和桥路10号院,商务住宅;住宅区;住宅小区,秦淮光华路中和桥路10号,118.813262,32.019173,江苏省,南京市,秦淮区,
6130,南空光华小区,商务住宅;住宅区;住宅小区,大光路37号,118.811724,32.022345,江苏省,南京市,秦淮区,
6131,扇骨里小区,商务住宅;住宅区;住宅区,扇骨营路北100米,118.804692,32.021199,江苏省,南京市,秦淮区,
6132,五十五所扇骨营宿舍区,商务住宅;住宅区;宿舍,扇骨营路148号1-102附近,118.803989,32.020223,江苏省,南京市,秦淮区,
6133,大光路37号院,商务住宅;住宅区;住宅小区,大光路37号,118.812791,32.022074,江苏省,南京市,秦淮区,
6134,香格里拉东苑,商务住宅;住宅区;住宅小区,大光路55号,118.808263,32.023719,江苏省,南京市,秦淮区,
6135,白领易居,商务住宅;住宅区;住宅小区,大光路35号,118.812541,32.022542,江苏省,南京市,秦淮区,
6136,金陵雅颂居,商务住宅;住宅区;住宅小区,大光路,118.806948,32.02351,江苏省,南京市,秦淮区,
6137,乔虹苑小区,商务住宅;住宅区;住宅小区,秦虹路秦虹小区乔虹苑,118.807063,32.014691,江苏省,南京市,秦淮区,
6138,秦虹小区风虹苑,商务住宅;住宅区;住宅区,秦虹路373号,118.80959,32.014399,江苏省,南京市,秦淮区,
6139,豪门府第,商务住宅;住宅区;住宅小区,酒精厂路东100米,118.805459,32.023283,江苏省,南京市,秦淮区,
6140,凤虹苑小区,商务住宅;住宅区;住宅小区,秦虹路375号,118.809632,32.014214,江苏省,南京市,秦淮区,
6141,大光路38号小区,商务住宅;住宅区;住宅小区,,118.811963,32.023978,江苏省,南京市,秦淮区,
6142,大光路小区,地名地址信息;普通地名;村庄级地名|商务住宅;住宅区;住宅小区,解放南路与解放路交叉口东南150米,118.810189,32.023388,江苏省,南京市,秦淮区,
6143,光华大厦,商务住宅;楼宇;商务写字楼,大光路39号,118.811845,32.023342,江苏省,南京市,秦淮区,
6144,宏鹰大厦,商务住宅;楼宇;商务写字楼,大光路47号,118.810239,32.023752,江苏省,南京市,秦淮区,
6145,清水湾公馆,商务住宅;住宅区;住宅小区,扇骨营30-2号,118.804949,32.01982,江苏省,南京市,秦淮区,
6146,黄埔鑫园,商务住宅;住宅区;住宅小区,光华路2号,118.817566,32.018548,江苏省,南京市,秦淮区,
6147,东城雅筑,商务住宅;住宅区;住宅小区,光华路16号城东雅筑,118.820759,32.019386,江苏省,南京市,秦淮区,
6148,石门坎100号院,商务住宅;住宅区;住宅区,光华路18号附近,118.822081,32.019352,江苏省,南京市,秦淮区,
6149,鑫园凯旋城,商务住宅;住宅区;住宅小区,光华路10号,118.82155,32.017583,江苏省,南京市,秦淮区,
6150,光华门住宅,商务住宅;住宅区;住宅区,光华门,118.817176,32.021969,江苏省,南京市,秦淮区,
6151,友谊村中央商场宿舍大院,商务住宅;住宅区;宿舍,光华门,118.817223,32.021893,江苏省,南京市,秦淮区,
6152,友谊村,商务住宅;住宅区;住宅小区,秦淮光华门友谊村,118.820077,32.022286,江苏省,南京市,秦淮区,
6153,御道街115号小区,商务住宅;住宅区;住宅小区,御道街115号,118.816405,32.02193,江苏省,南京市,秦淮区,
6154,光华园,商务住宅;住宅区;住宅小区,光华东街1号,118.819584,32.02284,江苏省,南京市,秦淮区,
6155,南京五洲家居装饰广场商务楼,商务住宅;楼宇;商务写字楼,石门坎115号南京五洲家居装饰广场,118.823269,32.020685,江苏省,南京市,秦淮区,
6156,元发商务,商务住宅;楼宇;商务写字楼,御道街113-3,118.816374,32.022892,江苏省,南京市,秦淮区,
6157,中和桥小区,商务住宅;住宅区;住宅小区,中和桥,118.814254,32.018503,江苏省,南京市,秦淮区,
6158,御水湾小区东区,商务住宅;住宅区;住宅小区,御道街169号,118.817201,32.015408,江苏省,南京市,秦淮区,
6159,中和桥5号小区,商务住宅;住宅区;住宅小区,秦淮光华门中和桥5号,118.814209,32.018443,江苏省,南京市,秦淮区,
6160,光华东街14号院,商务住宅;住宅区;住宅区,光华东街14号,118.819182,32.023665,江苏省,南京市,秦淮区,
6161,中和桥北村,商务住宅;住宅区;住宅区,御水湾北路与御道街交叉口西100米,118.814251,32.01707,江苏省,南京市,秦淮区,
6162,观门口北村,商务住宅;住宅区;住宅小区,石门坎100-3号,118.823858,32.017238,江苏省,南京市,秦淮区,
6163,观门口小区,商务住宅;住宅区;住宅小区,石门坎,118.821639,32.01501,江苏省,南京市,秦淮区,
6164,光华东街18号小区,商务住宅;住宅区;住宅小区,光华东街18号,118.817263,32.023874,江苏省,南京市,秦淮区,
6165,御道街124号小区,商务住宅;住宅区;住宅小区,大光路御道街124号,118.814759,32.022627,江苏省,南京市,秦淮区,
6166,光华东街16号小区,商务住宅;住宅区;住宅小区,光华东街16号,118.818463,32.024176,江苏省,南京市,秦淮区,
6167,华御大厦,商务住宅;楼宇;商务写字楼,御道街69号,118.816433,32.023913,江苏省,南京市,秦淮区,
6168,御水湾小区西区,商务住宅;住宅区;住宅小区,御道街168号,118.814254,32.015867,江苏省,南京市,秦淮区,
6169,大光路20号院,商务住宅;住宅区;住宅小区,大光路20号,118.81504,32.023722,江苏省,南京市,秦淮区,
6170,华东大厦(大光路),商务住宅;楼宇;商务写字楼,大光路26号,118.814381,32.023838,江苏省,南京市,秦淮区,
6171,御水湾(西门),商务住宅;商务住宅相关;商务住宅相关,御道街169号,118.815303,32.015629,江苏省,南京市,秦淮区,
6172,藤煌阁,商务住宅;商务住宅相关;商务住宅相关,光华路2号石林家居广场(黄埔鑫园西北)5层,118.814929,32.019798,江苏省,南京市,秦淮区,
6173,鑫国森林海,商务住宅;商务住宅相关;商务住宅相关,秦淮月牙湖光华路2号,118.81665,32.019735,江苏省,南京市,秦淮区,
6174,金弘基大厦,商务住宅;楼宇;商务写字楼,光华路114号,118.829261,32.019176,江苏省,南京市,秦淮区,
6175,天堂村,商务住宅;住宅区;住宅区,海福巷1号,118.829512,32.019105,江苏省,南京市,秦淮区,
6176,石门坎110号小区,商务住宅;住宅区;住宅小区,石门坎110号,118.828002,32.01845,江苏省,南京市,秦淮区,
6177,天坛新寓,商务住宅;住宅区;住宅小区,"光华路与苜蓿园大街交叉口,光华路56号",118.828996,32.017884,江苏省,南京市,秦淮区,
6178,北京华联华东大区,商务住宅;楼宇;商务写字楼,苜蓿园大街99号附近,118.829631,32.020545,江苏省,南京市,秦淮区,
6179,东城新筑,商务住宅;楼宇;商务写字楼,光华路与苜蓿园大街交叉口南200米,118.829834,32.017861,江苏省,南京市,秦淮区,
6180,城开家园,商务住宅;住宅区;住宅小区,苜蓿园大街石门坎119号,118.828059,32.020787,江苏省,南京市,秦淮区,
6181,现代服务大厦,商务住宅;楼宇;商务写字楼,器石门坎104号,118.82655,32.018747,江苏省,南京市,秦淮区,
6182,天坛村小区,商务住宅;住宅区;住宅小区,军农路130号附近,118.831244,32.018453,江苏省,南京市,秦淮区,
6183,大地豪庭,商务住宅;住宅区;住宅小区,石门坎117号,118.826129,32.020612,江苏省,南京市,秦淮区,
6184,天苜雅园,商务住宅;住宅区;住宅小区,军农路附近,118.831287,32.016786,江苏省,南京市,秦淮区,
6185,紫金名门住宅楼,商务住宅;住宅区;住宅小区,苜蓿园大街89号,118.8299,32.022631,江苏省,南京市,秦淮区,
6186,紫金名门写字楼,商务住宅;楼宇;商务写字楼,苜蓿园大街79号-1-4楼,118.829536,32.022633,江苏省,南京市,秦淮区,
6187,天坛新村,商务住宅;住宅区;住宅区,光华路与军农路交叉口东南100米,118.83313,32.01848,江苏省,南京市,秦淮区,
6188,华鑫大厦,商务住宅;楼宇;商务写字楼,石门坎102号,118.824477,32.019147,江苏省,南京市,秦淮区,
6189,南京工业职业技术学院教工宿舍,商务住宅;住宅区;宿舍,石门坎天坛新村16号,118.83289,32.017396,江苏省,南京市,秦淮区,
6190,广汇商务,商务住宅;楼宇;商务写字楼,军农路2-6号,118.83197,32.015817,江苏省,南京市,秦淮区,
6191,工程兵学院家属院,商务住宅;住宅区;住宅小区,光华路附近,118.833289,32.020451,江苏省,南京市,秦淮区,
6192,富康新村(紫金西路),商务住宅;住宅区;住宅小区,紫金路,118.826818,32.023203,江苏省,南京市,秦淮区,
6193,南京工业职业技术学院学生公寓(4),商务住宅;住宅区;宿舍,光华路附近,118.833937,32.018064,江苏省,南京市,秦淮区,
6194,新天地花园,商务住宅;住宅区;住宅小区,苜蓿园大街73号,118.829389,32.023812,江苏省,南京市,秦淮区,
6195,天地花园西区,商务住宅;住宅区;住宅小区,紫苜路与苜蓿园大街交叉口西100米,118.82941,32.023826,江苏省,南京市,秦淮区,
6196,将军塘,商务住宅;住宅区;住宅小区,军农路,118.832811,32.015741,江苏省,南京市,秦淮区,
6197,光华商务B区,商务住宅;楼宇;商务写字楼,军农路3号附近,118.832626,32.014517,江苏省,南京市,秦淮区,
6198,光华商务C区,商务住宅;楼宇;商务写字楼,军农路8号附近,118.832818,32.014507,江苏省,南京市,秦淮区,
6199,天地花园(紫金路),商务住宅;住宅区;住宅小区,苜蓿园大街,118.833141,32.023656,江苏省,南京市,秦淮区,
6200,逸境东苑,商务住宅;住宅区;住宅小区,光华路108号,118.837938,32.018393,江苏省,南京市,秦淮区,
6201,海福巷92号小区,商务住宅;住宅区;住宅小区,海福巷92号,118.837378,32.018286,江苏省,南京市,秦淮区,
6202,海福巷28号,商务住宅;住宅区;住宅区,秦淮光华路海福巷28号,118.837467,32.018151,江苏省,南京市,秦淮区,
6203,四方新村,商务住宅;住宅区;住宅小区,光华路南京工业大学石门坎校区东侧,118.839484,32.016997,江苏省,南京市,秦淮区,
6204,四方新村(光华路),商务住宅;住宅区;住宅小区,光华路南100米,118.840266,32.017124,江苏省,南京市,秦淮区,
6205,银城东岳府,商务住宅;住宅区;住宅小区,光华路海福巷71号,118.841935,32.019904,江苏省,南京市,秦淮区,
6206,甲之美天堂小区加盟店,商务住宅;住宅区;住宅区,光华路南(人民解放军理工大学附近),118.834901,32.019266,江苏省,南京市,秦淮区,
6207,三金·福邸,商务住宅;住宅区;住宅小区,四方巷8号,118.835823,32.016328,江苏省,南京市,秦淮区,
6208,四方新村八村,商务住宅;住宅区;住宅小区,华新巷附近,118.841083,32.015698,江苏省,南京市,秦淮区,
6209,南京航空航天大学八村,商务住宅;住宅区;住宅小区,光华路,118.840781,32.015543,江苏省,南京市,秦淮区,
6210,南航学生宿舍,商务住宅;住宅区;宿舍,光华路海福巷天堂新村14号,118.834213,32.018247,江苏省,南京市,秦淮区,
6211,壹城南苑(建设中),商务住宅;住宅区;住宅小区,七桥瓮91号附近,118.8359,32.015018,江苏省,南京市,秦淮区,
6212,逸境南苑,商务住宅;住宅区;住宅小区,四方巷74号附近,118.83602,32.014883,江苏省,南京市,秦淮区,
6213,南京理工大学继续教育学院学生公寓,商务住宅;住宅区;宿舍,石杨路东200米,118.834746,32.015132,江苏省,南京市,秦淮区,
6214,保洁员公寓(友谊河路),商务住宅;住宅区;住宅小区,友谊河路西100米,118.843641,32.015075,江苏省,南京市,秦淮区,
6215,将军塘20号小区,商务住宅;住宅区;住宅小区,光华路将军塘20号,118.83414,32.015069,江苏省,南京市,秦淮区,
6216,南京麦风青年公寓,商务住宅;商务住宅相关;商务住宅相关,天堂新村14号,118.834115,32.018205,江苏省,南京市,秦淮区,
6217,康定里,商务住宅;住宅区;住宅小区,胜利村108号附近,118.849954,32.019643,江苏省,南京市,玄武区,
6218,华盛园(光华路),商务住宅;住宅区;住宅小区,秦淮海福巷华盛园,118.850055,32.018272,江苏省,南京市,秦淮区,
6219,胜利村108号院,商务住宅;住宅区;住宅区,秦淮胜利村108号,118.850523,32.018624,江苏省,南京市,玄武区,
6220,紫金南苑(紫金东路),商务住宅;住宅区;住宅小区,石门坎紫金东路2号,118.847926,32.021552,江苏省,南京市,秦淮区,
6221,庆盛园小区,商务住宅;住宅区;住宅小区,光华路,118.852238,32.019636,江苏省,南京市,秦淮区,
6222,金龙花园(友谊河路),商务住宅;住宅区;住宅小区,秦淮海福巷友谊河路1号,118.844358,32.018185,江苏省,南京市,秦淮区,
6223,联合村小区,商务住宅;住宅区;住宅小区,联合村胜利村路,118.853683,32.020117,江苏省,南京市,秦淮区,
6224,联合村1-1号小区,商务住宅;住宅区;住宅小区,联合村1-1号,118.85376,32.019833,江苏省,南京市,秦淮区,
6225,银城东苑紫荆园,商务住宅;住宅区;住宅小区,紫金东路北50米,118.849236,32.023846,江苏省,南京市,秦淮区,
6226,南京理工大学第十六舍A楼,商务住宅;住宅区;宿舍,孝陵卫街200号南京理工大学紫金东路附近,118.851922,32.023793,江苏省,南京市,玄武区,
6227,南京理工大学第十六舍B楼,商务住宅;住宅区;宿舍,孝陵卫街200号南京理工大学胜利村路附近,118.8519,32.024051,江苏省,南京市,玄武区,
6228,南京理工大学第十七舍A楼,商务住宅;住宅区;宿舍,孝陵卫街200号南京理工大学271幢,118.852687,32.023796,江苏省,南京市,玄武区,
6229,南京理工大学学生公寓第五小区知行驿,商务住宅;住宅区;宿舍,孝陵卫街200号南京理工大学,118.852201,32.024065,江苏省,南京市,玄武区,
6230,南京理工大学第十七舍B楼,商务住宅;住宅区;宿舍,孝陵卫街200号南京理工大学269幢,118.852694,32.024041,江苏省,南京市,玄武区,
6231,南京理工大学第二十舍A楼,商务住宅;住宅区;宿舍,孝陵卫街200号南京理工大学302幢,118.853536,32.023821,江苏省,南京市,玄武区,
6232,南京理工大学第二十舍B,商务住宅;住宅区;宿舍,孝陵卫街200号南京理工大学301幢,118.853294,32.0242,江苏省,南京市,玄武区,
6233,南京理工大学慧质阁,商务住宅;住宅区;宿舍,孝陵卫街200号南京理工大学,118.853615,32.024162,江苏省,南京市,玄武区,
6234,江苏有线大厦,商务住宅;商务住宅相关;商务住宅相关,友谊河路2号,118.845157,32.01655,江苏省,南京市,秦淮区,
6235,德基紫金南苑,商务住宅;楼宇;商住两用楼宇|商务住宅;住宅区;住宅区,东苑路5号附近,118.8492,32.023851,江苏省,南京市,玄武区,
6236,南京理工大学学生宿舍28舍,商务住宅;住宅区;宿舍,,118.858917,32.021189,江苏省,南京市,秦淮区,
6237,鸿信·清新家园,商务住宅;住宅区;住宅小区,光华路1号,118.860576,32.020854,江苏省,南京市,秦淮区,
6238,光华路158号A座,商务住宅;商务住宅相关;商务住宅相关,光华路158号,118.86148,32.019394,江苏省,南京市,秦淮区,
6239,南京理工大学-学生宿舍27舍,商务住宅;住宅区;宿舍,孝陵卫街200号615幢附近,118.85861,32.02168,江苏省,南京市,玄武区,
6240,南京理工大学-学生宿舍32舍,商务住宅;住宅区;宿舍,一号路与罗汉巷交叉口南200米,118.859311,32.02185,江苏省,南京市,秦淮区,
6241,南京理工大学高等职业技术学院11号宿舍,商务住宅;住宅区;宿舍,光华路北100米,118.855686,32.01845,江苏省,南京市,秦淮区,
6242,南京理工大学高等职业技术学院教工之家,商务住宅;住宅区;宿舍,光华路北200米,118.855557,32.019203,江苏省,南京市,秦淮区,
6243,南京理工大学高等职业技术学院9号宿舍,商务住宅;住宅区;宿舍,光华路北200米,118.855403,32.019049,江苏省,南京市,秦淮区,
6244,南京理工大学学生宿舍南区26舍,商务住宅;住宅区;宿舍,光华路135号,118.858466,32.02229,江苏省,南京市,玄武区,
6245,华光路160号A座,商务住宅;商务住宅相关;商务住宅相关,华光路160号,118.86257,32.01984,江苏省,南京市,秦淮区,
6246,南京理工大学高等职业技术学院12号宿舍,商务住宅;住宅区;宿舍,光华路北150米,118.855248,32.018454,江苏省,南京市,秦淮区,
6247,南京理工大学高等职业技术学院3号宿舍,商务住宅;住宅区;宿舍,胜利村路附近,118.855071,32.019579,江苏省,南京市,秦淮区,
6248,南京理工大学-学生宿舍31舍,商务住宅;住宅区;宿舍,罗汉巷附近,118.857699,32.022415,江苏省,南京市,玄武区,
6249,南京理工大学高等职业技术学院13A号宿舍,商务住宅;住宅区;宿舍,光华路北150米,118.854978,32.018451,江苏省,南京市,秦淮区,
6250,万达紫金明珠,商务住宅;住宅区;住宅小区,光华路星海路8号,118.85949,32.01572,江苏省,南京市,秦淮区,
6251,南京理工大学-学生宿舍30舍,商务住宅;住宅区;宿舍,紫金东路南100米,118.85677,32.022411,江苏省,南京市,玄武区,
6252,光华路160号B座,商务住宅;商务住宅相关;商务住宅相关,光华路160号,118.863287,32.020137,江苏省,南京市,秦淮区,
6253,南京理工大学-学生宿舍29舍,商务住宅;住宅区;宿舍,紫金东路南100米,118.85635,32.022403,江苏省,南京市,玄武区,
6254,南京理工大学高等职业技术学院1号宿舍,商务住宅;住宅区;宿舍,胜利村路与胜华路交叉口东南150米,118.854307,32.019468,江苏省,南京市,秦淮区,
6255,万达新村,商务住宅;住宅区;住宅小区,光华路与胜利村路交汇处,118.854481,32.017821,江苏省,南京市,秦淮区,
6256,鸿意星城,商务住宅;住宅区;住宅小区,光华路街道星海路6号,118.863539,32.017523,江苏省,南京市,秦淮区,
6257,必得科技大厦B座,商务住宅;楼宇;商务写字楼,光华路160号B座,118.863177,32.019924,江苏省,南京市,秦淮区,
6258,必得大厦,商务住宅;楼宇;商务写字楼,光华路158号,118.862774,32.019482,江苏省,南京市,秦淮区,
6259,星展大厦,商务住宅;楼宇;商务写字楼,光华路156号,118.86,32.018662,江苏省,南京市,秦淮区,
6260,STD电子商务大厦,商务住宅;楼宇;商务写字楼,永丰大道与紫霞路交叉口西200米,118.871351,32.019562,江苏省,南京市,秦淮区,
6261,首屏大厦B3,商务住宅;楼宇;商务写字楼,永丰大道与紫霞路交叉口西200米,118.871177,32.018447,江苏省,南京市,秦淮区,
6262,斯坦德大厦,商务住宅;楼宇;商务写字楼,永丰大道,118.871443,32.019361,江苏省,南京市,秦淮区,
6263,首屏大厦B2,商务住宅;楼宇;商务写字楼,永丰大道14号附近,118.871139,32.017959,江苏省,南京市,秦淮区,
6264,首屏大厦,商务住宅;楼宇;商务写字楼,永丰大道2号,118.871748,32.018271,江苏省,南京市,秦淮区,
6265,首屏大厦B1,商务住宅;楼宇;商务写字楼,永丰大道12号附近,118.871746,32.018226,江苏省,南京市,秦淮区,
6266,有料孵化产业中心,商务住宅;商务住宅相关;商务住宅相关,永丰大道2号首屏大厦一层,118.871791,32.018278,江苏省,南京市,秦淮区,
6267,锋晖大厦,商务住宅;楼宇;商务写字楼,高新科技园永丰大道8号,118.87211,32.01865,江苏省,南京市,秦淮区,
6268,孵化大楼,商务住宅;楼宇;商务写字楼,光华路1号南京理工大学科技园,118.867751,32.022339,江苏省,南京市,玄武区,
6269,白下高新创新园孵化楼A座,商务住宅;楼宇;商务写字楼,光华路1号,118.86775,32.022335,江苏省,南京市,玄武区,
6270,德兰大厦,商务住宅;楼宇;商务写字楼,光华路街道光华路166号,118.865559,32.020956,江苏省,南京市,秦淮区,
6271,秦淮电子商务示范基地,商务住宅;商务住宅相关;商务住宅相关,永丰大道8号,118.873155,32.019995,江苏省,南京市,秦淮区,
6272,斯坦德北楼,商务住宅;商务住宅相关;商务住宅相关,光华路街道光华路永丰大道8号,118.873155,32.019995,江苏省,南京市,秦淮区,
6273,江苏汇鸿国际集团分部大厦,商务住宅;楼宇;商务写字楼,光华路1号,118.86572,32.02173,江苏省,南京市,玄武区,
6274,江苏汇鸿国际集团分部大厦研发孵化综合楼A7,商务住宅;楼宇;商务写字楼,光华路1号,118.865815,32.021943,江苏省,南京市,玄武区,
6275,白下高新1886汽车智谷,商务住宅;楼宇;商务写字楼,光华路168号,118.864593,32.02084,江苏省,南京市,秦淮区,
6276,白下321大厦,商务住宅;楼宇;商务写字楼,光华路127号,118.864182,32.021506,江苏省,南京市,秦淮区,
6277,紫金社区,商务住宅;住宅区;住宅小区,双麒路与星海路交叉口西100米,118.864839,32.019898,江苏省,南京市,秦淮区,
6278,73681部队孝陵卫公寓,商务住宅;住宅区;住宅小区,,118.863975,32.024119,江苏省,南京市,玄武区,
6279,秦淮紫金人才公寓,商务住宅;住宅区;宿舍,永丰大道与紫光路交叉口西北150米,118.870744,32.01731,江苏省,南京市,秦淮区,
6280,二十八所东区,商务住宅;楼宇;商务写字楼,永智路1号,118.874415,32.015941,江苏省,南京市,秦淮区,
6281,波沧门大门西158号,商务住宅;住宅区;住宅区,环城公路南100米,118.880899,32.023703,江苏省,南京市,玄武区,
6282,科创园中央公园1期,商务住宅;住宅区;住宅小区,001县道附近,118.897223,32.015082,江苏省,南京市,江宁区,
6283,大泉水210号,商务住宅;住宅区;住宅区,G25长深高速附近,118.920352,32.022642,江苏省,南京市,江宁区,
6284,泉水新村咏泉园,商务住宅;住宅区;住宅小区,麒麟街道泉水社区,118.922678,32.018494,江苏省,南京市,江宁区,
6285,泉水小区(泉水路),商务住宅;住宅区;住宅小区,錤泉水村,118.930932,32.023339,江苏省,南京市,江宁区,
6286,龙泉山庄(差田观大路),商务住宅;住宅区;住宅小区,珠江镇高旺街道,118.578263,32.00802,江苏省,南京市,浦口区,
6287,白鹭苑(林荫路),商务住宅;住宅区;住宅小区,江心洲白鹭村,118.688188,32.008309,江苏省,南京市,建邺区,
6288,绿岛新村,商务住宅;住宅区;住宅小区,东寿218号,118.695706,32.008671,江苏省,南京市,建邺区,
6289,江心花苑小区,商务住宅;住宅区;住宅小区,江心洲,118.696198,32.006976,江苏省,南京市,建邺区,
6290,郦城御园,商务住宅;住宅区;住宅小区,奥体大街199-3号,118.712102,32.007745,江苏省,南京市,建邺区,
6291,碧瑶花园-熙苑,商务住宅;住宅区;住宅小区,乐山路189号,118.713149,32.005253,江苏省,南京市,建邺区,
6292,华江园,商务住宅;住宅区;住宅区,建邺奥体新城华江园,118.70951,32.011345,江苏省,南京市,建邺区,
6293,南京奥林匹克体育中心科技中心大楼,商务住宅;楼宇;商务写字楼,河西中央商务区江东中路222号,118.721961,32.007422,江苏省,南京市,建邺区,
6294,金马郦城A区,商务住宅;住宅区;住宅小区,奥体大街199号,118.715083,32.00636,江苏省,南京市,建邺区,
6295,金马郦城4期,商务住宅;住宅区;住宅区,乐山路与富春江西街交叉口东北100米,118.717005,32.006012,江苏省,南京市,建邺区,
6296,金马郦城东区,商务住宅;住宅区;住宅小区,奥体大街111号,118.717983,32.005919,江苏省,南京市,建邺区,
6297,金马郦城B区,商务住宅;住宅区;住宅小区,乐山路东,118.717945,32.005897,江苏省,南京市,建邺区,
6298,南京奥体中心科技中心,商务住宅;楼宇;商务写字楼,奥体中心南门附近,118.72202,32.007126,江苏省,南京市,建邺区,
6299,金马郦城西区,商务住宅;住宅区;住宅小区,乐山路与富春江西街交叉口西北,118.714408,32.007469,江苏省,南京市,建邺区,
6300,金马郦城2期,商务住宅;住宅区;住宅区,奥体大街111号,118.71681,32.006068,江苏省,南京市,建邺区,
6301,碧瑶花园熙苑(东门),商务住宅;商务住宅相关;商务住宅相关,乐山路与富春江西街交叉口西200米,118.714822,32.005794,江苏省,南京市,建邺区,
6302,金马郦城,商务住宅;住宅区;住宅小区,奥体大街111号,118.71808,32.005851,江苏省,南京市,建邺区,
6303,商业西区,商务住宅;商务住宅相关;商务住宅相关,江东中路222号,118.722419,32.008968,江苏省,南京市,建邺区,
6304,紫鑫商务花园,商务住宅;楼宇;商务写字楼,梦都大街132号,118.729869,32.011538,江苏省,南京市,建邺区,
6305,紫鑫国际公寓,商务住宅;住宅区;住宅小区,梦都大街130号,118.730385,32.011269,江苏省,南京市,建邺区,
6306,怡然居,商务住宅;住宅区;住宅区,梦都大街137号附近,118.729895,32.011548,江苏省,南京市,建邺区,
6307,紫檀雅居,商务住宅;住宅区;住宅小区,梦都大街126号,118.730649,32.012019,江苏省,南京市,建邺区,
6308,雨润国际广场,商务住宅;楼宇;商住两用楼宇,江东中路239号,118.732238,32.007309,江苏省,南京市,建邺区,
6309,紫鑫中华广场,商务住宅;住宅区;住宅小区,梦都大街126号-1,118.7305,32.012891,江苏省,南京市,建邺区,
6310,建筑师工社,商务住宅;楼宇;商务写字楼,梦都大街150号,118.727211,32.012846,江苏省,南京市,建邺区,
6311,新城大厦(牡丹江街),商务住宅;楼宇;商务写字楼,江东中路265号,118.731175,32.004882,江苏省,南京市,建邺区,
6312,仁恒国际公寓,商务住宅;住宅区;住宅小区,庐山路116号,118.733804,32.006342,江苏省,南京市,建邺区,
6313,华夏天成,商务住宅;楼宇;商务写字楼,梦都大街156号,118.72567,32.013478,江苏省,南京市,建邺区,
6314,木樨园,商务住宅;住宅区;住宅小区,华山路159号,118.726984,32.014116,江苏省,南京市,建邺区,
6315,宏普捷座,商务住宅;楼宇;商务写字楼,建邺江东中路186号,118.733754,32.012974,江苏省,南京市,建邺区,
6316,建邺大厦(新安江街),商务住宅;楼宇;商务写字楼,江东中路269号,118.732436,32.004332,江苏省,南京市,建邺区,
6317,阅江公馆,商务住宅;商务住宅相关;商务住宅相关,江东中路222号奥体中心内,118.725907,32.009241,江苏省,南京市,建邺区,
6318,新城大厦二期自行车租车点,商务住宅;商务住宅相关;商务住宅相关,江东中路259号,118.73236,32.005588,江苏省,南京市,建邺区,
6319,铂金商务,商务住宅;楼宇;商务写字楼,庐山路98号附近,118.736998,32.00986,江苏省,南京市,建邺区,
6320,欧洲城信达商务,商务住宅;楼宇;商务写字楼,江东中路227,118.734753,32.010916,江苏省,南京市,建邺区,
6321,银城西堤国际第一区,商务住宅;住宅区;住宅小区,恒山路122号,118.736338,32.005324,江苏省,南京市,建邺区,
6322,凯旋丽都花园,商务住宅;住宅区;住宅小区,兴隆大街115号,118.736091,32.012538,江苏省,南京市,建邺区,
6323,欧洲城铂金时代公寓,商务住宅;住宅区;住宅小区,松花江东街99号,118.735947,32.010545,江苏省,南京市,建邺区,
6324,兴隆新寓兴宏园,商务住宅;住宅区;住宅小区,隆大街139号,118.737523,32.012006,江苏省,南京市,南京市,
6325,兴隆新寓,商务住宅;住宅区;住宅小区,兴隆大街139号,118.737562,32.012702,江苏省,南京市,建邺区,
6326,凯旋城广场,商务住宅;楼宇;商务写字楼,江东路219号,118.734158,32.00893,江苏省,南京市,建邺区,
6327,紫荆中心,商务住宅;楼宇;商务写字楼,江东中路170号,118.73415,32.014023,江苏省,南京市,建邺区,
6328,宏普捷座广场A座,商务住宅;商务住宅相关;商务住宅相关,江东中路186,118.73406,32.013221,江苏省,南京市,建邺区,
6329,南京欧洲城,商务住宅;住宅区;住宅小区,江东中路219号,118.735065,32.009385,江苏省,南京市,建邺区,
6330,凯旋城广场B座,商务住宅;楼宇;商务写字楼,松花江东街附近,118.735294,32.010009,江苏省,南京市,建邺区,
6331,凯旋城广场A座,商务住宅;楼宇;商务写字楼,庐山路西150米,118.7358,32.009766,江苏省,南京市,建邺区,
6332,石家庄村三队20号,商务住宅;商务住宅相关;商务住宅相关,庐山路与白鹭东街交叉口东南100米,118.741452,32.013914,江苏省,南京市,建邺区,
6333,欧洲城·铂金时代,商务住宅;住宅区;住宅小区,江东中路(奥体),118.7349,32.010674,江苏省,南京市,建邺区,
6334,腾达雅苑(嵩山路),商务住宅;住宅区;住宅小区,怡康路29号,118.750159,32.011199,江苏省,南京市,建邺区,
6335,苏建艳阳居,商务住宅;住宅区;住宅小区,黄山路19号,118.747597,32.011941,江苏省,南京市,建邺区,
6336,天成苑,商务住宅;住宅区;住宅小区,黄山路22,118.746295,32.013851,江苏省,南京市,建邺区,
6337,怡康新寓,商务住宅;住宅区;住宅小区,应天西路与南苑路交叉口,118.753742,32.012018,江苏省,南京市,建邺区,
6338,南京城西纺织公寓,商务住宅;住宅区;住宅小区,应天巷28号,118.753679,32.00964,江苏省,南京市,建邺区,
6339,金隅紫京府,商务住宅;住宅区;住宅小区,兴隆大街与泰山路交汇处,118.750128,32.007751,江苏省,南京市,建邺区,
6340,招商·雍华府,商务住宅;住宅区;住宅小区,泰山路与怡康街交汇处,118.753005,32.011044,江苏省,南京市,建邺区,
6341,黄山社区泰山社区,商务住宅;住宅区;住宅小区,黄山路与嵩山路交叉口东南100米,118.74712,32.01163,江苏省,南京市,建邺区,
6342,苏星员工宿舍,商务住宅;住宅区;宿舍,泰山路8号附近,118.747426,32.006867,江苏省,南京市,建邺区,
6343,虹苑新寓二村,商务住宅;住宅区;住宅区,应天西路94号,118.753037,32.014058,江苏省,南京市,建邺区,
6344,兴业大厦,商务住宅;楼宇;商住两用楼宇|商务住宅;住宅区;住宅区,兴隆大街南50米,118.753114,32.005646,江苏省,南京市,建邺区,
6345,凤凰和美,商务住宅;住宅区;住宅小区,长虹路399号(凤台南路与长虹路交汇处),118.762912,32.006879,江苏省,南京市,雨花台区,
6346,东区综合楼楼层简介,商务住宅;商务住宅相关;商务住宅相关,应天大街604号附近,118.762845,32.012965,江苏省,南京市,建邺区,
6347,新百花园,商务住宅;住宅区;住宅小区,应天大街769号,118.754564,32.013328,江苏省,南京市,建邺区,
6348,和记黄埔涟城,商务住宅;住宅区;住宅小区,西城路1号(公交车站),118.756378,32.011312,江苏省,南京市,建邺区,
6349,兴隆纺织公寓,商务住宅;住宅区;住宅小区,兴隆大街16号,118.754555,32.006325,江苏省,南京市,建邺区,
6350,应天花园(应天大街),商务住宅;住宅区;住宅小区,应天大街695号,118.760392,32.011127,江苏省,南京市,雨花台区,
6351,禹洲吉庆里(建设中),商务住宅;住宅区;住宅小区,凤台南路40附近,118.759261,32.007572,江苏省,南京市,雨花台区,
6352,长虹新寓,商务住宅;住宅区;住宅小区,赛虹立交桥附近长虹路南段415号,118.763631,32.008678,江苏省,南京市,雨花台区,
6353,涟城,商务住宅;住宅区;住宅小区,怡康街与西城路交叉口西100米,118.757158,32.009235,江苏省,南京市,建邺区,
6354,德盈国际广场8幢,商务住宅;楼宇;商住两用楼宇,凤台南路1号,118.763521,32.008904,江苏省,南京市,雨花台区,
6355,双润居小区,商务住宅;住宅区;住宅小区,应天大街吉山路6号,118.755577,32.013594,江苏省,南京市,建邺区,
6356,和记黄浦·涟城北区,商务住宅;住宅区;住宅小区,西城路西50米,118.758348,32.011161,江苏省,南京市,建邺区,
6357,和记黄浦·涟城南区,商务住宅;住宅区;住宅小区,怡康街与西城路交叉口西100米涟城附近,118.757217,32.009313,江苏省,南京市,建邺区,
6358,应天花园(南门),商务住宅;商务住宅相关;商务住宅相关,西城路东200米,118.76001,32.009473,江苏省,南京市,雨花台区,
6359,吉庆里,商务住宅;住宅区;住宅小区,凤台南路38-8号,118.760419,32.00754,江苏省,南京市,雨花台区,
6360,德盈国际广场(西门),商务住宅;商务住宅相关;商务住宅相关,长虹路222号2栋附近,118.76353,32.00895,江苏省,南京市,雨花台区,
6361,德国花园,商务住宅;商务住宅相关;商务住宅相关,润泰市场立交桥,118.765544,32.009614,江苏省,南京市,雨花台区,
6362,亚东观樾,商务住宅;住宅区;住宅小区,南京长虹路东北侧,118.766355,32.007203,江苏省,南京市,雨花台区,
6363,德盈国际广场,商务住宅;楼宇;商住两用楼宇,长虹路222号(近凤台路),118.765427,32.008737,江苏省,南京市,雨花台区,
6364,亚东国际公寓2期,商务住宅;住宅区;住宅小区,观云路北150米,118.767254,32.006081,江苏省,南京市,雨花台区,
6365,环境质量监督站家属楼,商务住宅;住宅区;住宅小区,雨花西路90号,118.77216,32.0056,江苏省,南京市,雨花台区,
6366,亚东国际公寓,商务住宅;住宅区;住宅小区,雨花西路128号亚东国际公寓4栋,118.768192,32.004466,江苏省,南京市,雨花台区,
6367,五金厅南区,商务住宅;商务住宅相关;商务住宅相关,集合村路162号,118.764617,32.012673,江苏省,南京市,秦淮区,
6368,锦虹美苑,商务住宅;住宅区;住宅小区,长虹路439号,118.764988,32.005007,江苏省,南京市,雨花台区,
6369,南京火柴厂研发综合楼,商务住宅;楼宇;商务写字楼,雨花西路55号,118.772808,32.004539,江苏省,南京市,雨花台区,
6370,雨花西路100号,商务住宅;住宅区;住宅区,普德村路与雨花西路交叉口西100米,118.772477,32.005177,江苏省,南京市,雨花台区,
6371,西河沿1号,商务住宅;住宅区;住宅区,窑湾街南200米,118.778993,32.009732,江苏省,南京市,秦淮区,
6372,西河沿6号,商务住宅;住宅区;住宅区,上码头与窑湾街交叉口南200米,118.779035,32.010006,江苏省,南京市,秦淮区,
6373,西河沿9号,商务住宅;住宅区;住宅区,上码头与窑湾街交叉口西南150米,118.778695,32.010437,江苏省,南京市,秦淮区,
6374,西河沿11号,商务住宅;住宅区;住宅区,上码头与窑湾街交叉口西南150米,118.778631,32.010567,江苏省,南京市,秦淮区,
6375,水榭华庭,商务住宅;住宅区;住宅小区,中华门长干桥旁水榭华庭,118.779523,32.010606,江苏省,南京市,秦淮区,
6376,西河沿20号,商务住宅;住宅区;住宅区,上码头与窑湾街交叉口西南150米,118.778719,32.010739,江苏省,南京市,秦淮区,
6377,聚宝园,商务住宅;住宅区;住宅小区,秦淮中华门雨花路26号附近,118.780416,32.010173,江苏省,南京市,秦淮区,
6378,西河沿22号,商务住宅;住宅区;住宅区,上码头与窑湾街交叉口西南150米,118.778705,32.010839,江苏省,南京市,秦淮区,
6379,西河沿24号,商务住宅;住宅区;住宅区,上码头与窑湾街交叉口西南150米,118.778696,32.010861,江苏省,南京市,秦淮区,
6380,南宝塔根88号,商务住宅;住宅区;住宅区,雨花路103号附近,118.781256,32.008547,江苏省,南京市,秦淮区,
6381,美河园,商务住宅;住宅区;住宅小区,中山南路689号,118.77796,32.011632,江苏省,南京市,秦淮区,
6382,东小市口73号,商务住宅;住宅区;住宅区,应天大街506-2号附近,118.775849,32.008201,江苏省,南京市,秦淮区,
6383,南宝塔根83号,商务住宅;住宅区;住宅区,晨光大道与正学路交叉口南50米,118.782111,32.008044,江苏省,南京市,秦淮区,
6384,南宝塔根58号,商务住宅;住宅区;住宅区,晨光大道与正学路交叉口南100米,118.782125,32.007987,江苏省,南京市,秦淮区,
6385,南宝塔根121号,商务住宅;住宅区;住宅区,应天大街与雨花路交叉口北150米,118.781605,32.007256,江苏省,南京市,秦淮区,
6386,南宝塔根119号,商务住宅;住宅区;住宅区,应天大街与雨花路交叉口北100米,118.781572,32.007095,江苏省,南京市,秦淮区,
6387,黄泥塘47号,商务住宅;住宅区;住宅区,应天大街416号附近,118.781441,32.006979,江苏省,南京市,秦淮区,
6388,南宝塔根47号,商务住宅;住宅区;住宅区,晨光大道与正学路交叉口南100米,118.782223,32.007774,江苏省,南京市,秦淮区,
6389,南宝塔根53号,商务住宅;住宅区;住宅区,晨光大道与正学路交叉口东南100米,118.782371,32.00794,江苏省,南京市,秦淮区,
6390,黄泥塘38号,商务住宅;住宅区;住宅区,应天大街416号附近,118.781592,32.006865,江苏省,南京市,秦淮区,
6391,南宝塔根22号,商务住宅;住宅区;住宅区,晨光大道与正学路交叉口南100米,118.782359,32.007619,江苏省,南京市,秦淮区,
6392,黄泥塘30号,商务住宅;住宅区;住宅区,应天大街416号附近,118.781566,32.006725,江苏省,南京市,秦淮区,
6393,南宝塔根16号,商务住宅;住宅区;住宅区,晨光大道与正学路交叉口东南150米,118.782637,32.007516,江苏省,南京市,秦淮区,
6394,黄泥塘29号,商务住宅;住宅区;住宅区,应天大街与雨花路交叉口北50米,118.781641,32.006433,江苏省,南京市,秦淮区,
6395,六角井7号,商务住宅;住宅区;住宅区,东干长巷与西干长巷交叉口西北150米,118.780195,32.012904,江苏省,南京市,秦淮区,
6396,六角井5号,商务住宅;住宅区;住宅区,东干长巷与西干长巷交叉口西北150米,118.78025,32.012893,江苏省,南京市,秦淮区,
6397,六角井8号,商务住宅;住宅区;住宅区,中华路13号附近,118.780402,32.012865,江苏省,南京市,秦淮区,
6398,六角井6号,商务住宅;住宅区;住宅区,中华路7号附近,118.78064,32.012797,江苏省,南京市,秦淮区,
6399,六角井9号,商务住宅;住宅区;住宅区,东干长巷与西干长巷交叉口西北150米,118.780145,32.012942,江苏省,南京市,秦淮区,
6400,六角井13号,商务住宅;住宅区;住宅区,西干长巷2-1号附近,118.779965,32.012996,江苏省,南京市,秦淮区,
6401,六角井17号,商务住宅;住宅区;住宅区,西干长巷2-1号附近,118.779788,32.013073,江苏省,南京市,秦淮区,
6402,六角井31号,商务住宅;住宅区;住宅区,甘露巷与饮马巷交叉口南150米,118.779626,32.013104,江苏省,南京市,秦淮区,
6403,六角井19号,商务住宅;住宅区;住宅区,西干长巷2-1号附近,118.779737,32.013096,江苏省,南京市,秦淮区,
6404,六角井49号,商务住宅;住宅区;住宅区,甘露巷与饮马巷交叉口西南150米,118.778932,32.013199,江苏省,南京市,秦淮区,
6405,六角井51号,商务住宅;住宅区;住宅区,中山南路与西干长巷交叉口东150米,118.778788,32.013239,江苏省,南京市,秦淮区,
6406,晨光公寓,商务住宅;住宅区;住宅小区,中华门外正学路1号,118.783221,32.007144,江苏省,南京市,秦淮区,
6407,六角井40号,商务住宅;住宅区;住宅区,甘露巷与饮马巷交叉口西南100米,118.778886,32.013375,江苏省,南京市,秦淮区,
6408,六角井36号,商务住宅;住宅区;住宅区,甘露巷与饮马巷交叉口西南100米,118.779017,32.013407,江苏省,南京市,秦淮区,
6409,六角井61号,商务住宅;住宅区;住宅区,中山南路与西干长巷交叉口东100米,118.778334,32.013396,江苏省,南京市,秦淮区,
6410,六角井57号,商务住宅;住宅区;住宅区,中山南路与西干长巷交叉口东100米,118.778371,32.013454,江苏省,南京市,秦淮区,
6411,六角井42号,商务住宅;住宅区;住宅区,中山南路与西干长巷交叉口东100米,118.778508,32.013488,江苏省,南京市,秦淮区,
6412,六角井50号,商务住宅;住宅区;住宅区,中山南路附近,118.778385,32.01348,江苏省,南京市,秦淮区,
6413,六角井48号,商务住宅;住宅区;住宅区,中山南路与西干长巷交叉口东100米,118.778422,32.013548,江苏省,南京市,秦淮区,
6414,六角井34号,商务住宅;住宅区;住宅区,饮马巷53-1号附近,118.779151,32.013609,江苏省,南京市,秦淮区,
6415,雨花东路15号大院,商务住宅;住宅区;住宅小区,雨花路雨花东路15号,118.781405,32.005326,江苏省,南京市,雨花台区,
6416,雨花苑小区,商务住宅;住宅区;住宅小区,雨花西路16号,118.775608,32.005719,江苏省,南京市,雨花台区,
6417,钓鱼台19号,商务住宅;住宅区;住宅区,甘露巷与饮马巷交叉口东100米,118.780235,32.013723,江苏省,南京市,秦淮区,
6418,公正村,商务住宅;住宅区;住宅小区,晨光巷,118.782355,32.005159,江苏省,南京市,秦淮区,
6419,丁村小区,商务住宅;住宅区;住宅小区,应天大街408号,118.783729,32.006246,江苏省,南京市,秦淮区,
6420,城南芳邻,商务住宅;住宅区;住宅区,雨花西路11号,118.777092,32.004307,江苏省,南京市,雨花台区,
6421,陈家牌坊21号,商务住宅;住宅区;住宅区,磨盘街与饮马巷交叉口西南150米,118.776245,32.013866,江苏省,南京市,秦淮区,
6422,普德花园东区,商务住宅;住宅区;住宅小区,雨花西路19号,118.775312,32.004792,江苏省,南京市,雨花台区,
6423,陈家牌坊23号,商务住宅;住宅区;住宅区,花露南岗与鸣羊街交叉口东南150米,118.775684,32.013833,江苏省,南京市,秦淮区,
6424,苏博花雨公寓,商务住宅;住宅区;住宅小区,雨花西路33号附近,118.774379,32.005144,江苏省,南京市,雨花台区,
6425,陈家牌坊33号,商务住宅;住宅区;住宅区,高岗里附近,118.775384,32.01395,江苏省,南京市,秦淮区,
6426,陈家牌坊42号,商务住宅;住宅区;住宅区,高岗里附近,118.775131,32.013888,江苏省,南京市,秦淮区,
6427,晨光巷小区,商务住宅;住宅区;住宅小区,正学路1号(雨花东路和雨花路交界处),118.782907,32.0046,江苏省,南京市,秦淮区,
6428,陈家牌坊78号,商务住宅;住宅区;住宅区,高岗里29号附近,118.775376,32.014088,江苏省,南京市,秦淮区,
6429,陈家牌坊40号,商务住宅;住宅区;住宅区,高岗里29号附近,118.775225,32.014088,江苏省,南京市,秦淮区,
6430,绿竹园41号,商务住宅;住宅区;住宅区,花露南岗与鸣羊街交叉口南100米,118.774563,32.013697,江苏省,南京市,秦淮区,
6431,陈家牌坊38号,商务住宅;住宅区;住宅区,高岗里33号附近,118.775128,32.014076,江苏省,南京市,秦淮区,
6432,陈家牌坊44号,商务住宅;住宅区;住宅区,高岗里39号附近,118.774764,32.013939,江苏省,南京市,秦淮区,
6433,梅花村,商务住宅;住宅区;住宅小区,应天大街与正学路交叉口东南150米,118.783914,32.004994,江苏省,南京市,秦淮区,
6434,绿竹园57号,商务住宅;住宅区;住宅区,高岗里39号附近,118.77454,32.013944,江苏省,南京市,秦淮区,
6435,宏图上福园(南园),商务住宅;住宅区;住宅小区,马道街6-8号,118.783693,32.014166,江苏省,南京市,秦淮区,
6436,晨光商务楼,商务住宅;楼宇;商务写字楼,正学路1号,118.78381,32.007705,江苏省,南京市,秦淮区,
6437,华西证券大厦(雨花东路),商务住宅;楼宇;商务写字楼,雨花东路9号,118.781277,32.004817,江苏省,南京市,雨花台区,
6438,钓鱼台41-1临,商务住宅;商务住宅相关;商务住宅相关,糖坊廊与过街楼交叉口西南100米,118.780488,32.014132,江苏省,南京市,秦淮区,
6439,钓鱼台5-1临,商务住宅;商务住宅相关;商务住宅相关,中华路与钓鱼台交叉口北50米,118.78136,32.01358,江苏省,南京市,秦淮区,
6440,边营86号,商务住宅;住宅区;住宅区,转龙巷与边营交叉口西50米,118.790165,32.009935,江苏省,南京市,秦淮区,
6441,枫秦居(老虎头),商务住宅;住宅区;住宅小区,边营100-1号附近,118.791232,32.009556,江苏省,南京市,秦淮区,
6442,仁厚里小区,商务住宅;住宅区;住宅小区,江宁路,118.79167,32.00888,江苏省,南京市,秦淮区,
6443,积善里,商务住宅;住宅区;住宅小区,三条营与箍桶巷交叉口东南50米,118.787737,32.011502,江苏省,南京市,秦淮区,
6444,转龙车小区,商务住宅;住宅区;住宅小区,剪子巷南外对面,118.791447,32.010613,江苏省,南京市,秦淮区,
6445,双塘园小区,商务住宅;住宅区;住宅小区,双塘园2号,118.790023,32.011703,江苏省,南京市,秦淮区,
6446,剪子巷小区,商务住宅;住宅区;住宅小区,剪子巷110号,118.789573,32.012416,江苏省,南京市,秦淮区,
6447,老虎头小区,商务住宅;住宅区;住宅小区,江宁路转龙车,118.792821,32.009472,江苏省,南京市,秦淮区,
6448,金城公寓(江宁路),商务住宅;住宅区;宿舍,江宁路3-3号,118.792833,32.008082,江苏省,南京市,秦淮区,
6449,和园(东门),商务住宅;商务住宅相关;商务住宅相关,1865科技·创意产业园C-3,118.788265,32.006107,江苏省,南京市,秦淮区,
6450,剪子巷110号院(北门),商务住宅;商务住宅相关;商务住宅相关,剪子巷与双塘园交叉口西50米,118.789725,32.012558,江苏省,南京市,秦淮区,
6451,无为文化创意产业园B座,商务住宅;商务住宅相关;商务住宅相关,江宁路5号,118.79325,32.008761,江苏省,南京市,秦淮区,
6452,小心桥小区,商务住宅;住宅区;住宅小区,秦淮夫子庙长乐路,118.792771,32.01123,江苏省,南京市,秦淮区,
6453,南京市教育局老年教师公寓,商务住宅;住宅区;住宅小区,小心桥东街42号,118.792732,32.011387,江苏省,南京市,秦淮区,
6454,秦淮花园小区,商务住宅;住宅区;住宅小区,江宁路3号,118.79359,32.008304,江苏省,南京市,秦淮区,
6455,华静家园,商务住宅;住宅区;住宅区,秦淮马道街88号,118.790423,32.013114,江苏省,南京市,秦淮区,
6456,金陵制造居(南门),商务住宅;商务住宅相关;商务住宅相关,应天大街388号1865创意园,118.78591,32.00589,江苏省,南京市,秦淮区,
6457,杏花苑,商务住宅;住宅区;住宅小区,江宁路24号,118.793404,32.01133,江苏省,南京市,秦淮区,
6458,逸景园(西门),商务住宅;商务住宅相关;商务住宅相关,江宁路13号,118.793939,32.010766,江苏省,南京市,秦淮区,
6459,清清百合,商务住宅;商务住宅相关;商务住宅相关,水佐营与马道街交叉口西北50米,118.79106,32.013478,江苏省,南京市,秦淮区,
6460,双桥门28号,商务住宅;住宅区;住宅区,双桥门26号附近,118.793468,32.006325,江苏省,南京市,秦淮区,
6461,双桥门20号,商务住宅;住宅区;住宅区,双桥门24号附近,118.793475,32.00615,江苏省,南京市,秦淮区,
6462,雅莱格,商务住宅;住宅区;别墅,中华路与新民坊路交叉口东150米,118.784484,32.01247,江苏省,南京市,秦淮区,
6463,双桥门18号,商务住宅;住宅区;住宅区,应天大街与晨光立交桥交叉口东北150米,118.79342,32.005909,江苏省,南京市,秦淮区,
6464,银杏居,商务住宅;住宅区;住宅小区,小心桥东街61号附近,118.793698,32.012269,江苏省,南京市,秦淮区,
6465,蔡家苑20号,商务住宅;住宅区;住宅区,木匠营5号附近,118.790182,32.014162,江苏省,南京市,秦淮区,
6466,木匠营小区,商务住宅;住宅区;住宅小区,马道街119号木匠营小区,118.790954,32.01414,江苏省,南京市,秦淮区,
6467,双桥里,商务住宅;住宅区;住宅小区,双桥里15号02幢,118.793801,32.005879,江苏省,南京市,秦淮区,
6468,三条营小区,商务住宅;住宅区;住宅小区,马道街与江宁路交界处,118.79394,32.01246,江苏省,南京市,秦淮区,
6469,水佐营14号,商务住宅;住宅区;住宅区,水佐营与磊功巷交叉口南100米,118.791701,32.014093,江苏省,南京市,秦淮区,
6470,雅居乐·长乐渡(马道街),商务住宅;住宅区;别墅,马道街18-1号,118.785258,32.013678,江苏省,南京市,秦淮区,
6471,土城头1号小区(晨光路),商务住宅;住宅区;住宅小区,晨光路与江宁路交叉口西南100米,118.791705,32.004294,江苏省,南京市,秦淮区,
6472,信府河97号,商务住宅;住宅区;住宅区,信府河与军师巷交叉口南50米,118.784382,32.014176,江苏省,南京市,秦淮区,
6473,翡翠楼(双桥门),商务住宅;楼宇;商务写字楼,江宁路1号,118.792356,32.006251,江苏省,南京市,秦淮区,
6474,1865创意园E10楼,商务住宅;楼宇;商务写字楼,养虎巷西50米,118.7879,32.008177,江苏省,南京市,秦淮区,
6475,南京无为文化创意产业园,商务住宅;楼宇;商务写字楼,江宁路5号,118.79373,32.009008,江苏省,南京市,秦淮区,
6476,龢园,商务住宅;楼宇;商务写字楼,应天大街388南京晨光1865创意产业园C-3楼,118.787952,32.006595,江苏省,南京市,秦淮区,
6477,锦绣江苏迎盛会·工艺特展,商务住宅;商务住宅相关;商务住宅相关,边营26/28号,118.787969,32.010534,江苏省,南京市,秦淮区,
6478,南京雅居乐花园(秦虹路),商务住宅;住宅区;住宅小区,龙蟠南路33号(龙蟠南路与秦虹路交汇处),118.799118,32.009089,江苏省,南京市,秦淮区,
6479,精彩住宅,商务住宅;住宅区;住宅小区,秦虹路红花村25号,118.80022,32.011835,江苏省,南京市,秦淮区,
6480,蔚蓝星座,商务住宅;住宅区;住宅小区,龙蟠南路101号,118.798236,32.006444,江苏省,南京市,秦淮区,
6481,旭光里,商务住宅;住宅区;住宅小区,红花村2号,118.802503,32.008148,江苏省,南京市,秦淮区,
6482,仟居阁公寓,商务住宅;住宅区;住宅小区,应天大街268-270号,118.799975,32.005958,江苏省,南京市,秦淮区,
6483,文安里小区南区,商务住宅;住宅区;住宅小区,文安街,118.80243,32.010847,江苏省,南京市,秦淮区,
6484,龙蟠花苑南园,商务住宅;住宅区;住宅小区,秦红路80,118.801626,32.012366,江苏省,南京市,秦淮区,
6485,龙蟠花苑(秦虹路),商务住宅;住宅区;住宅小区,秦虹路41号,118.800731,32.012843,江苏省,南京市,秦淮区,
6486,文安里小区,商务住宅;住宅区;住宅小区,文安街,118.80275,32.01167,江苏省,南京市,秦淮区,
6487,江苏省水利厅职工宿舍,商务住宅;住宅区;宿舍,秦虹路41号附近,118.79997,32.013124,江苏省,南京市,秦淮区,
6488,文安里小区北区,商务住宅;住宅区;住宅小区,秦虹路,118.802647,32.011915,江苏省,南京市,秦淮区,
6489,逸景园(江宁路),商务住宅;住宅区;住宅小区,江宁路13-1号,118.794063,32.010034,江苏省,南京市,秦淮区,
6490,赞成领尚,商务住宅;住宅区;住宅小区,双桥门宏光路8号,118.799922,32.004528,江苏省,南京市,秦淮区,
6491,红花村,商务住宅;住宅区;住宅小区,文安街165号,118.802114,32.013663,江苏省,南京市,秦淮区,
6492,宇秦园,商务住宅;住宅区;住宅小区,宏光路,118.802788,32.005044,江苏省,南京市,秦淮区,
6493,长乐花园,商务住宅;住宅区;住宅小区,长乐路226号,118.79518,32.013512,江苏省,南京市,秦淮区,
6494,水利花苑(文安街),商务住宅;住宅区;住宅小区,秦虹路红花村165号,118.802348,32.014122,江苏省,南京市,秦淮区,
6495,秦虹商务中心,商务住宅;楼宇;商务写字楼,中牌楼西108号,118.800945,32.004646,江苏省,南京市,秦淮区,
6496,物业办公楼,商务住宅;楼宇;商务写字楼,旭光里2号58,118.801706,32.009195,江苏省,南京市,秦淮区,
6497,苏尧大厦,商务住宅;楼宇;商务写字楼,红花村165号-2,118.803252,32.014136,江苏省,南京市,秦淮区,
6498,双桥门,地名地址信息;交通地名;道路名|商务住宅;住宅区;住宅小区,土城头,118.794228,32.006508,江苏省,南京市,秦淮区,
6499,康安里住宅区,商务住宅;住宅区;住宅小区,秦虹南路,118.809032,32.009839,江苏省,南京市,秦淮区,
6500,岗虹苑小区,商务住宅;住宅区;住宅小区,秦虹南路56号,118.807475,32.010185,江苏省,南京市,秦淮区,
6501,商茂新园,商务住宅;住宅区;住宅小区,大明路118号(近怡馨花园),118.810895,32.009087,江苏省,南京市,秦淮区,
6502,康居里小区,商务住宅;住宅区;住宅小区,秦虹南路168号附近,118.808253,32.007456,江苏省,南京市,秦淮区,
6503,明通家园,商务住宅;住宅区;住宅小区,大明路120号,118.810783,32.008108,江苏省,南京市,秦淮区,
6504,怡馨花园(秦虹路),商务住宅;住宅区;住宅小区,秦虹路,118.810895,32.01073,江苏省,南京市,秦淮区,
6505,贸新园小区,商务住宅;住宅区;住宅小区,大明路118号,118.811623,32.008866,江苏省,南京市,秦淮区,
6506,良辰美景家园,商务住宅;住宅区;住宅区,秦虹南路150-10号,118.806281,32.008501,江苏省,南京市,秦淮区,
6507,康馨花园(秦虹南路),商务住宅;住宅区;住宅小区,秦虹南路18号,118.809203,32.011669,江苏省,南京市,秦淮区,
6508,大乐名府,商务住宅;商务住宅相关;商务住宅相关,大明路与怡居园路交叉口东南50米,118.812353,32.009241,江苏省,南京市,秦淮区,
6509,碧水云天(应天大街),商务住宅;住宅区;住宅小区,应天大街15,118.809909,32.00599,江苏省,南京市,秦淮区,
6510,康美里小区,商务住宅;住宅区;住宅小区,秦虹应天大街75号,118.8076,32.005947,江苏省,南京市,秦淮区,
6511,秦虹小区集虹苑,商务住宅;住宅区;住宅小区,秦虹路218号,118.807212,32.012426,江苏省,南京市,秦淮区,
6512,丁家园15号,商务住宅;住宅区;住宅区,康居西路西150米,118.804558,32.009067,江苏省,南京市,秦淮区,
6513,良城美景,商务住宅;住宅区;住宅小区,秦虹南路168号,118.804904,32.007613,江苏省,南京市,秦淮区,
6514,丁家园20号,商务住宅;住宅区;住宅区,康居西路西150米,118.804462,32.008941,江苏省,南京市,秦淮区,
6515,九龙盛世园,商务住宅;住宅区;住宅小区,秦虹路443号,118.811203,32.012571,江苏省,南京市,秦淮区,
6516,高虹苑小区,商务住宅;住宅区;住宅小区,秦虹路260号,118.808587,32.013259,江苏省,南京市,秦淮区,
6517,丁家园32号,商务住宅;住宅区;住宅区,康居西路西200米,118.804208,32.008542,江苏省,南京市,秦淮区,
6518,武定新村,商务住宅;住宅区;住宅小区,秦虹路98号,118.804827,32.011548,江苏省,南京市,秦淮区,
6519,大明宏苑,商务住宅;住宅区;住宅小区,宏光路276号,118.808032,32.005055,江苏省,南京市,秦淮区,
6520,新翠林,商务住宅;住宅区;住宅区,大明路79号,118.81181,32.005554,江苏省,南京市,秦淮区,
6521,虹苑(一至五村),商务住宅;住宅区;住宅区,应天大街94号,118.80448,32.006426,江苏省,南京市,秦淮区,
6522,康业里小区东区,商务住宅;住宅区;住宅小区,应天大街119号,118.806199,32.005099,江苏省,南京市,秦淮区,
6523,美达·上河明苑,商务住宅;住宅区;住宅小区,大明路28号,118.811685,32.01367,江苏省,南京市,秦淮区,
6524,康业里小区西区,商务住宅;住宅区;住宅小区,应天大街119号,118.804909,32.005114,江苏省,南京市,秦淮区,
6525,康业里小区,商务住宅;住宅区;住宅小区,应天大街119号,118.804808,32.005175,江苏省,南京市,秦淮区,
6526,莺虹苑小区,商务住宅;住宅区;住宅小区,秦虹路213号,118.804145,32.013679,江苏省,南京市,秦淮区,
6527,龙苑二村,商务住宅;楼宇;商住两用楼宇|商务住宅;住宅区;住宅区,秦虹路361-3号附近,118.807982,32.013999,江苏省,南京市,秦淮区,
6528,九龙雅苑3期,商务住宅;楼宇;商住两用楼宇|商务住宅;住宅区;住宅区,大明路与康居路交叉口西南50米,118.811436,32.007972,江苏省,南京市,秦淮区,
6529,龙苑新寓,商务住宅;住宅区;住宅小区,大明路与响水河之间,118.815144,32.010928,江苏省,南京市,秦淮区,
6530,怡水嘉园(金源路),商务住宅;住宅区;住宅小区,中和桥路59-8号,118.823159,32.010725,江苏省,南京市,秦淮区,
6531,东南花苑,商务住宅;住宅区;住宅小区,怡居路9号,118.813962,32.009698,江苏省,南京市,秦淮区,
6532,怡居园(怡居园路),商务住宅;住宅区;住宅小区,大明路,118.814225,32.008616,江苏省,南京市,秦淮区,
6533,戎兴苑,商务住宅;住宅区;住宅小区,中和桥路142-9号,118.822413,32.008479,江苏省,南京市,秦淮区,
6534,龙苑新寓四村,商务住宅;住宅区;住宅小区,大明路秦虹龙苑四村,118.814009,32.007584,江苏省,南京市,秦淮区,
6535,龙苑新寓二村,商务住宅;住宅区;住宅区,秦虹小区龙苑二村,118.8147,32.009285,江苏省,南京市,秦淮区,
6536,观门口28号,商务住宅;住宅区;住宅区,,118.822896,32.014073,江苏省,南京市,秦淮区,
6537,观门口127号,商务住宅;住宅区;住宅区,御水湾南路东150米,118.821174,32.013766,江苏省,南京市,秦淮区,
6538,观门口26号,商务住宅;住宅区;住宅区,观门口24号附近,118.822665,32.013887,江苏省,南京市,秦淮区,
6539,观门口31号,商务住宅;住宅区;住宅区,,118.822874,32.014194,江苏省,南京市,秦淮区,
6540,观门口23号,商务住宅;住宅区;住宅区,中和桥路北150米,118.822784,32.013742,江苏省,南京市,秦淮区,
6541,观门口30号,商务住宅;住宅区;住宅区,,118.822602,32.014174,江苏省,南京市,秦淮区,
6542,中和桥路59-8号,商务住宅;商务住宅相关;商务住宅相关,金源路北50米,118.8234,32.011519,江苏省,南京市,秦淮区,
6543,中和桥12号,商务住宅;楼宇;商住两用楼宇|商务住宅;住宅区;住宅区,秦淮光华路中和桥12号小区,118.819909,32.010574,江苏省,南京市,秦淮区,
6544,中和桥163号,商务住宅;住宅区;住宅区,中和桥路北50米,118.828361,32.007689,江苏省,南京市,秦淮区,
6545,中和桥157号,商务住宅;住宅区;住宅区,中和桥路155号附近,118.827934,32.007819,江苏省,南京市,秦淮区,
6546,中和桥155号,商务住宅;住宅区;住宅区,中和桥路151号七桥小学附近,118.82804,32.007737,江苏省,南京市,秦淮区,
6547,中和桥161号,商务住宅;住宅区;住宅区,中和桥路北50米,118.828197,32.007663,江苏省,南京市,秦淮区,
6548,中和桥165号,商务住宅;住宅区;住宅区,中和桥路北50米,118.828428,32.007583,江苏省,南京市,秦淮区,
6549,七桥瓮20号,商务住宅;住宅区;住宅区,七桥瓮与中和桥路交叉口东北100米,118.827019,32.008764,江苏省,南京市,秦淮区,
6550,中和桥167号,商务住宅;住宅区;住宅区,七桥瓮187号附近,118.828571,32.007494,江苏省,南京市,秦淮区,
6551,中和桥133号,商务住宅;住宅区;住宅区,七桥瓮与金源路交叉口南100米,118.827052,32.009922,江苏省,南京市,秦淮区,
6552,中和桥119号,商务住宅;住宅区;住宅区,七桥瓮187号附近,118.828798,32.007399,江苏省,南京市,秦淮区,
6553,七桥瓮102号,商务住宅;住宅区;住宅区,七桥瓮与中和桥路交叉口东北100米,118.826818,32.008808,江苏省,南京市,秦淮区,
6554,中和桥183号,商务住宅;住宅区;住宅区,七桥瓮187号附近,118.828892,32.007338,江苏省,南京市,秦淮区,
6555,七桥瓮187号,商务住宅;住宅区;住宅区,中和桥路北50米,118.82904,32.007326,江苏省,南京市,秦淮区,
6556,七桥瓮189号,商务住宅;住宅区;住宅区,中和桥路北50米,118.8292,32.007258,江苏省,南京市,秦淮区,
6557,七桥瓮34号,商务住宅;住宅区;住宅区,七桥瓮与中和桥路交叉口东北100米,118.826621,32.008858,江苏省,南京市,秦淮区,
6558,七桥瓮191号,商务住宅;住宅区;住宅区,中和桥路北50米,118.829355,32.007202,江苏省,南京市,秦淮区,
6559,七桥瓮72号,商务住宅;住宅区;住宅区,,118.827676,32.0074,江苏省,南京市,秦淮区,
6560,中和桥200号,商务住宅;住宅区;住宅区,中和桥路202号附近,118.828778,32.007099,江苏省,南京市,秦淮区,
6561,七桥瓮76号,商务住宅;住宅区;住宅区,七桥瓮与中和桥路交叉口东南150米,118.827453,32.007492,江苏省,南京市,秦淮区,
6562,七桥瓮96号,商务住宅;住宅区;住宅区,,118.827703,32.007267,江苏省,南京市,秦淮区,
6563,七桥瓮345号,商务住宅;住宅区;住宅区,七桥瓮与中和桥路交叉口东北50米,118.826452,32.008504,江苏省,南京市,秦淮区,
6564,七桥翁18号,商务住宅;住宅区;住宅区,七桥瓮2-2号附近,118.826338,32.008836,江苏省,南京市,秦淮区,
6565,七桥瓮80号,商务住宅;住宅区;住宅区,,118.827615,32.007276,江苏省,南京市,秦淮区,
6566,七桥瓮66号,商务住宅;住宅区;住宅区,七桥瓮与中和桥路交叉口东南100米,118.826884,32.007791,江苏省,南京市,秦淮区,
6567,七桥瓮110号,商务住宅;住宅区;住宅区,,118.827959,32.006907,江苏省,南京市,秦淮区,
6568,七桥瓮86号,商务住宅;住宅区;住宅区,,118.827456,32.007057,江苏省,南京市,秦淮区,
6569,七桥瓮128号,商务住宅;住宅区;住宅区,七桥瓮与中和桥路交叉口南100米,118.826517,32.00757,江苏省,南京市,秦淮区,
6570,七桥瓮88号,商务住宅;住宅区;住宅区,,118.827139,32.006967,江苏省,南京市,秦淮区,
6571,七桥瓮44号,商务住宅;住宅区;住宅区,七桥瓮与中和桥路交叉口西南50米,118.825977,32.008015,江苏省,南京市,秦淮区,
6572,七桥瓮90号,商务住宅;住宅区;住宅区,七桥翁90号,118.826197,32.007516,江苏省,南京市,秦淮区,
6573,七桥瓮12号,商务住宅;住宅区;住宅区,七桥瓮与中和桥路交叉口西南100米,118.825787,32.008008,江苏省,南京市,秦淮区,
6574,七桥瓮64号,商务住宅;住宅区;住宅区,七桥翁64号,118.826013,32.007568,江苏省,南京市,秦淮区,
6575,七桥瓮56号,商务住宅;住宅区;住宅区,中和桥路与金源路交叉口东150米,118.825263,32.009495,江苏省,南京市,秦淮区,
6576,七桥翁30号,商务住宅;住宅区;住宅区,七桥瓮30号,118.825214,32.009399,江苏省,南京市,秦淮区,
6577,七桥瓮114号,商务住宅;住宅区;住宅区,,118.826857,32.006508,江苏省,南京市,秦淮区,
6578,七桥翁3号,商务住宅;住宅区;住宅区,七桥瓮12号附近,118.825333,32.008048,江苏省,南京市,秦淮区,
6579,七桥翁14号,商务住宅;住宅区;住宅区,七桥瓮26号附近,118.825593,32.007572,江苏省,南京市,秦淮区,
6580,七桥瓮78号,商务住宅;住宅区;住宅区,中和桥路与金源路交叉口东150米,118.825012,32.009299,江苏省,南京市,秦淮区,
6581,七桥翁24号,商务住宅;住宅区;住宅区,七桥瓮28号附近,118.825375,32.00748,江苏省,南京市,秦淮区,
6582,七桥翁38号,商务住宅;住宅区;住宅区,七桥瓮36-1号附近,118.825436,32.007007,江苏省,南京市,秦淮区,
6583,七桥瓮94号,商务住宅;住宅区;住宅区,中和桥路与金源路交叉口北100米,118.824051,32.010006,江苏省,南京市,秦淮区,
6584,中和桥路142-10,商务住宅;商务住宅相关;商务住宅相关,中和桥路142-10号,118.82435,32.008609,江苏省,南京市,秦淮区,
6585,七桥瓮199号,商务住宅;住宅区;住宅区,中和桥路西50米,118.829445,32.007169,江苏省,南京市,秦淮区,
6586,万达江南明珠,商务住宅;住宅区;住宅小区,海福巷石扬路2号,118.839668,32.012687,江苏省,南京市,秦淮区,
6587,江南明珠小区,商务住宅;住宅区;住宅小区,海福巷石杨路2号,118.834062,32.013659,江苏省,南京市,秦淮区,
6588,银龙雅苑,商务住宅;住宅区;住宅小区,西桐路9号,118.845022,32.004598,江苏省,南京市,秦淮区,
6589,银龙花园三期,商务住宅;住宅区;住宅小区,石杨东路95号,118.860466,32.004627,江苏省,南京市,秦淮区,
6590,银龙花园(银龙花园一期小区南),商务住宅;住宅区;住宅小区,石杨路55号,118.855023,32.006176,江苏省,南京市,秦淮区,
6591,银龙东苑社区,商务住宅;住宅区;住宅小区,银龙路,118.858532,32.005704,江苏省,南京市,秦淮区,
6592,郑家营46号,商务住宅;住宅区;住宅区,G42沪蓉高速附近,118.863576,32.014155,江苏省,南京市,秦淮区,
6593,郑家营15号,商务住宅;住宅区;住宅区,G42沪蓉高速与G42沪蓉高速出口交叉口南150米,118.863747,32.013756,江苏省,南京市,秦淮区,
6594,紫杨佳园,商务住宅;住宅区;住宅小区,石杨路,118.854157,32.011692,江苏省,南京市,秦淮区,
6595,银龙花园一期小区,商务住宅;住宅区;住宅小区,石杨路50号,118.856394,32.007013,江苏省,南京市,秦淮区,
6596,银龙花园一期(北门),商务住宅;商务住宅相关;商务住宅相关,石杨路55号,118.856244,32.007463,江苏省,南京市,秦淮区,
6597,紫杨佳园(东门),商务住宅;商务住宅相关;商务住宅相关,星海路与蒋家街交叉口西北100米,118.8579,32.01316,江苏省,南京市,秦淮区,
6598,银龙花园一期北区(东门),商务住宅;商务住宅相关;商务住宅相关,石杨路与银龙路交叉口东北100米,118.858371,32.008052,江苏省,南京市,秦淮区,
6599,银龙花园一期北区,商务住宅;住宅区;住宅小区,石杨路50号,118.857635,32.008863,江苏省,南京市,秦淮区,
6600,南京天安数码城,商务住宅;楼宇;商务写字楼,永丰大道36号,118.869165,32.012273,江苏省,南京市,秦淮区,
6601,江苏省住建大厦,商务住宅;楼宇;商务写字楼,永丰大道附近,118.871567,32.00703,江苏省,南京市,秦淮区,
6602,南京生命源大厦,商务住宅;楼宇;商务写字楼,紫云大道18号,118.872891,32.00982,江苏省,南京市,秦淮区,
6603,南京智方总部大楼,商务住宅;楼宇;商务写字楼,永智路与紫云大道交叉口东南150米,118.87335,32.00977,江苏省,南京市,秦淮区,
6604,弘瑞大厦,商务住宅;楼宇;商务写字楼,永智路北150米附近,118.872342,32.013484,江苏省,南京市,秦淮区,
6605,秦淮紫金待区弘瑞总部,商务住宅;商务住宅相关;商务住宅相关,永丰大道,118.872344,32.01348,江苏省,南京市,秦淮区,
6606,世茂君望墅,商务住宅;住宅区;别墅,石杨路108号,118.867298,32.008299,江苏省,南京市,秦淮区,
6607,银龙鑫苑北苑,商务住宅;住宅区;住宅小区,石杨路107号,118.866628,32.004845,江苏省,南京市,秦淮区,
6608,富力城北区,商务住宅;住宅区;住宅小区,运粮河东路东200米,118.881083,32.010978,江苏省,南京市,江宁区,
6609,富力城南区,商务住宅;住宅区;住宅小区,紫云大道北200米,118.881214,32.010381,江苏省,南京市,江宁区,
6610,富力城2期,商务住宅;住宅区;住宅小区,运粮河东路东150米,118.880594,32.011287,江苏省,南京市,江宁区,
6611,富力十号,商务住宅;住宅区;住宅小区,麒麟科技创新园东麒路277号,118.882855,32.01324,江苏省,南京市,江宁区,
6612,富力城-西区,商务住宅;住宅区;住宅区,东麒路277号,118.881343,32.010071,江苏省,南京市,江宁区,
6613,富力城,商务住宅;住宅区;住宅小区|商务住宅;住宅区;别墅,科技创新园东麒路277号,118.884673,32.012103,江苏省,南京市,江宁区,
6614,东窦803号,商务住宅;住宅区;住宅区,宝善寺路与登峰路交叉口北150米,118.905659,32.010069,江苏省,南京市,江宁区,
6615,东窦801号,商务住宅;住宅区;住宅区,宝善寺路与登峰路交叉口东北100米,118.906148,32.009404,江苏省,南京市,江宁区,
6616,东窦804号,商务住宅;住宅区;住宅区,宝善寺路8号附近,118.904751,32.01093,江苏省,南京市,江宁区,
6617,东窦805号,商务住宅;住宅区;住宅区,宝善寺路8号附近,118.905028,32.011281,江苏省,南京市,江宁区,
6618,建南社区,政府机构及社会团体;政府机关;乡镇以下级政府及事业单位|商务住宅;住宅区;住宅小区,宝善寺路681号附近,118.907584,32.010185,江苏省,南京市,江宁区,
6619,假日花园(洲泰路),商务住宅;住宅区;住宅小区,洲泰路西100米,118.69154,32.000552,江苏省,南京市,建邺区,
6620,苏宁滨江壹号,商务住宅;住宅区;住宅小区,楠溪江西街111号,118.71134,32.003121,江苏省,南京市,建邺区,
6621,仁恒江湾城,商务住宅;住宅区;住宅小区,乐山路207号,118.711696,32.000043,江苏省,南京市,建邺区,
6622,仁恒江湾天成,商务住宅;住宅区;住宅小区,乐山路仁恒江湾城4期附近,118.711375,31.996803,江苏省,南京市,建邺区,
6623,建邺区双闸街道江湾社区,商务住宅;住宅区;住宅小区,乐山路198号,118.712193,31.998561,江苏省,南京市,建邺区,
6624,仁恒江湾城和苑,商务住宅;住宅区;住宅小区,白龙江西街60,118.711849,31.9948,江苏省,南京市,建邺区,
6625,仁恒江湾城4期,商务住宅;住宅区;住宅小区,乐山路,118.711874,31.997705,江苏省,南京市,建邺区,
6626,仁恒江湾城3期,商务住宅;住宅区;住宅小区,乐山路东50米,118.711127,31.995365,江苏省,南京市,建邺区,
6627,华新城1期,商务住宅;楼宇;商务写字楼,巴山路与楠溪江西街交叉口西150米,118.720104,31.999877,江苏省,南京市,建邺区,
6628,同进文化广场,商务住宅;楼宇;商务写字楼,河西大街与燕山路交叉口西北150米,118.71664,31.999972,江苏省,南京市,建邺区,
6629,华新城·璟园,商务住宅;住宅区;住宅小区,巴山路与富春江西街交汇处,118.72089,32.001096,江苏省,南京市,建邺区,
6630,同进大厦,商务住宅;楼宇;商务写字楼,河西大街198号,118.716029,32.000509,江苏省,南京市,建邺区,
6631,华新城·珺庭,商务住宅;住宅区;住宅小区,巴山路33号,118.722561,32.00019,江苏省,南京市,建邺区,
6632,融侨·中央花园玫瑰街区,商务住宅;住宅区;住宅小区,富春江西街29号,118.71862,32.002597,江苏省,南京市,建邺区,
6633,仁恒江湾城2期,商务住宅;住宅区;住宅小区,河西大街乐山路198号,118.714653,31.998389,江苏省,南京市,建邺区,
6634,仁恒江湾城兰苑,商务住宅;住宅区;住宅小区,白龙江西街60号,118.714494,31.998606,江苏省,南京市,建邺区,
6635,广发银行南京分行总部大楼,商务住宅;楼宇;商务写字楼,江东中路238号,118.723411,31.999179,江苏省,南京市,建邺区,
6636,融侨·中央花园,商务住宅;住宅区;住宅小区,富春江西街18号(奥体中心南门对面),118.722477,32.002934,江苏省,南京市,建邺区,
6637,碧瑶花园东园,商务住宅;住宅区;住宅小区,乐山路189号碧瑶花园,118.716764,32.003701,江苏省,南京市,建邺区,
6638,南京台湾名品城北区(东门),商务住宅;商务住宅相关;商务住宅相关,乐山路与楠溪江西街交叉口西南150米,118.71439,32.00236,江苏省,南京市,建邺区,
6639,融侨·中央花园枫树街区,商务住宅;住宅区;住宅小区,富春江西街31号,118.719829,32.004165,江苏省,南京市,建邺区,
6640,兴隆街道融侨社区,商务住宅;住宅区;住宅小区,燕山路169号附近,118.722046,32.004036,江苏省,南京市,建邺区,
6641,NJ国金中心,商务住宅;楼宇;商务写字楼,江东中路351号,118.722254,31.994426,江苏省,南京市,建邺区,
6642,嘉业·国际城,商务住宅;楼宇;商住两用楼宇,庐山路158号,118.72867,31.999891,江苏省,南京市,建邺区,
6643,胜科大楼,商务住宅;楼宇;商务写字楼,富春江东街与庐山路交叉口西100米,118.727538,31.998068,江苏省,南京市,建邺区,
6644,印象北美,商务住宅;商务住宅相关;商务住宅相关,江东中路313号齐家网建材馆3层,118.727403,32.000593,江苏省,南京市,建邺区,
6645,美郡·纯美蓝山,商务住宅;商务住宅相关;商务住宅相关,江东中路313号齐家网建材馆3层,118.726877,32.000188,江苏省,南京市,建邺区,
6646,东方夏威夷,商务住宅;商务住宅相关;商务住宅相关,江东中路313号齐家网建材馆4层,118.72713,32.000524,江苏省,南京市,建邺区,
6647,中泰国际广场,商务住宅;楼宇;商住两用楼宇,江东中路305、311、313号,118.727037,32.000859,江苏省,南京市,建邺区,
6648,注明非商务楼,商务住宅;商务住宅相关;商务住宅相关,江东中路313号,118.727287,32.001493,江苏省,南京市,建邺区,
6649,左岸尚东,商务住宅;商务住宅相关;商务住宅相关,江东中路313号齐家网建材馆4层,118.726426,32.000238,江苏省,南京市,建邺区,
6650,紫金.西区中央,商务住宅;楼宇;商务写字楼,庐山路118号,118.730652,32.001541,江苏省,南京市,建邺区,
6651,嘉业国际城购物中心(西门),商务住宅;商务住宅相关;商务住宅相关,富春江东街与庐山路交叉口西北200米,118.72767,31.999501,江苏省,南京市,建邺区,
6652,中泰国际广场-06幢(西南门),商务住宅;商务住宅相关;商务住宅相关,江东中路313,118.7262,32.000071,江苏省,南京市,建邺区,
6653,中泰国际广场05幢(北门),商务住宅;商务住宅相关;商务住宅相关,江东中路313号,118.727359,32.00163,江苏省,南京市,建邺区,
6654,艺藤居,商务住宅;商务住宅相关;商务住宅相关,江东中路313号齐家网建材馆3层,118.727556,32.001725,江苏省,南京市,建邺区,
6655,紫金西城中心,商务住宅;楼宇;商务写字楼,奥体大街118-5号,118.73015,32.001824,江苏省,南京市,建邺区,
6656,奇异花园,商务住宅;商务住宅相关;商务住宅相关,江东中路333号金奥国际购物中心F2,118.725306,31.99894,江苏省,南京市,建邺区,
6657,金奥国际中心,商务住宅;楼宇;商务写字楼,江东中路333号(近河西中央公园),118.725181,31.99861,江苏省,南京市,建邺区,
6658,新地中心,商务住宅;楼宇;商务写字楼,庐山路188号,118.726345,31.99688,江苏省,南京市,建邺区,
6659,紫金西城中心1幢(北门),商务住宅;商务住宅相关;商务住宅相关,庐山路118号,118.731133,32.002141,江苏省,南京市,建邺区,
6660,奥体名座,商务住宅;楼宇;商务写字楼,奥体大街130号,118.728536,32.002735,江苏省,南京市,建邺区,
6661,宋都·奥体名座大厦G座,商务住宅;楼宇;商务写字楼,江东中路299号,118.72938,32.003011,江苏省,南京市,建邺区,
6662,奥体中心(东门),商务住宅;商务住宅相关;商务住宅相关,新安江街与江东中路交叉口南150米,118.728596,32.003191,江苏省,南京市,建邺区,
6663,东渡新锐大厦,商务住宅;楼宇;商务写字楼,庐山路128号,118.731057,32.002871,江苏省,南京市,建邺区,
6664,招银大厦(楠溪江东街),商务住宅;楼宇;商务写字楼,楠溪江东街,118.727844,31.995125,江苏省,南京市,建邺区,
6665,华泰证券广场,商务住宅;楼宇;商务写字楼,江东中路与富春江西街交汇处西北面,118.724926,32.00212,江苏省,南京市,建邺区,
6666,河西CBD,商务住宅;楼宇;商务写字楼,庐山路117号附近,118.731042,32.003353,江苏省,南京市,建邺区,
6667,华泰奥体大街项目,商务住宅;商务住宅相关;商务住宅相关,"奥体大街与富春江西街之间,江东中路与巴山路之间",118.724718,32.002073,江苏省,南京市,建邺区,
6668,华泰证券总部大楼,商务住宅;楼宇;商务写字楼,"奥体大街与富春江西街之间,江东中路与巴山路之间",118.72407,32.001554,江苏省,南京市,建邺区,
6669,联强国际大厦,商务住宅;楼宇;商务写字楼,建邺江东中路289号,118.729448,32.00419,江苏省,南京市,建邺区,
6670,银城西堤国际第五区,商务住宅;住宅区;住宅小区,恒山路128号,118.732956,32.001128,江苏省,南京市,建邺区,
6671,新锐国际公寓,商务住宅;住宅区;住宅小区,新安江街99号庐山路128号,118.730995,32.002838,江苏省,南京市,建邺区,
6672,嘉业阳光城天景苑,商务住宅;住宅区;住宅小区,黄山路128号,118.732961,31.997204,江苏省,南京市,建邺区,
6673,拉德芳斯梧桐花园·南苑,商务住宅;住宅区;住宅小区,恒山路130号,118.729044,31.996271,江苏省,南京市,建邺区,
6674,拉德芳斯梧桐花园.北苑,商务住宅;住宅区;住宅小区,恒山路130号,118.730877,31.998579,江苏省,南京市,建邺区,
6675,沙洲街道中奥社区,商务住宅;住宅区;住宅小区,黄山路128号,118.732925,31.995909,江苏省,南京市,建邺区,
6676,嘉业阳光城云景苑,商务住宅;住宅区;住宅小区,富春江东街81号,118.731302,31.995203,江苏省,南京市,建邺区,
6677,梵思·豪宅,商务住宅;住宅区;别墅,商业文化旅游中心区江东中路311号月星家居F403,118.727559,32.001731,江苏省,南京市,建邺区,
6678,嘉业国际壹号公馆,住宿服务;住宿服务相关;住宿服务相关|商务住宅;住宅区;住宅小区,庐山路158号,118.72807,31.998927,江苏省,南京市,建邺区,
6679,苏瑞·沁园村,商务住宅;住宅区;住宅小区,奥体庐山路121号,118.733799,32.003412,江苏省,南京市,建邺区,
6680,东渡新锐大厦南裙楼,商务住宅;楼宇;商务写字楼,庐山路128号,118.731127,32.002311,江苏省,南京市,建邺区,
6681,金奥费尔蒙公寓,商务住宅;楼宇;商住两用楼宇|商务住宅;住宅区;住宅区,江东中路333号(江东中路与河西大街交汇处),118.725321,31.998079,江苏省,南京市,建邺区,
6682,中海·塞纳丽舍西苑,商务住宅;住宅区;住宅区,嵩山路126号(奥体),118.738935,32.000442,江苏省,南京市,建邺区,
6683,中海·塞纳丽舍西区,商务住宅;住宅区;住宅小区,嵩山路126号,118.73918,32.000682,江苏省,南京市,建邺区,
6684,万达华府西苑,商务住宅;住宅区;住宅小区,嵩山路128号,118.73744,31.998191,江苏省,南京市,建邺区,
6685,中海·塞纳丽舍东区,商务住宅;住宅区;住宅小区,新安江街60号,118.740937,31.999113,江苏省,南京市,建邺区,
6686,中海·塞纳丽舍东苑,商务住宅;住宅区;住宅小区,新安江街60号,118.741078,31.999139,江苏省,南京市,建邺区,
6687,万达华府东苑,商务住宅;住宅区;住宅小区,嵩山路129号,118.73941,31.996973,江苏省,南京市,建邺区,
6688,万科·光明城市西苑,商务住宅;住宅区;住宅小区,嵩山路122号,118.74067,32.002907,江苏省,南京市,建邺区,
6689,万科·光明城市,商务住宅;住宅区;住宅小区,嵩山路121号,118.743038,32.00169,江苏省,南京市,建邺区,
6690,银城西堤国际,商务住宅;住宅区;住宅小区,恒山路120号,118.735347,32.002758,江苏省,南京市,建邺区,
6691,西提国际1区,商务住宅;住宅区;住宅区,庐山路和新安江街交汇处(奥体),118.73512,32.002613,江苏省,南京市,建邺区,
6692,兴元嘉园,商务住宅;住宅区;住宅小区,嵩山路135号,118.737106,31.994469,江苏省,南京市,建邺区,
6693,银城西堤国际西堤坊,商务住宅;住宅区;住宅小区,银城新安江街80号,118.73465,32.00263,江苏省,南京市,建邺区,
6694,江苏中烟工业有限责任公司南京卷烟厂办公楼,商务住宅;楼宇;商务写字楼,梦都路28号,118.748829,32.002745,江苏省,南京市,建邺区,
6695,紫金(建邺科技创业特别社区),商务住宅;住宅区;住宅小区,云龙山路东200米,118.747441,31.997912,江苏省,南京市,建邺区,
6696,南区电子商务大楼,商务住宅;商务住宅相关;商务住宅相关,雨花南路51号,118.762717,31.997089,江苏省,南京市,雨花台区,
6697,龙福花园(雨花南路),商务住宅;住宅区;住宅小区,雨花南路53号,118.757902,31.998543,江苏省,南京市,雨花台区,
6698,君悦城市花园,商务住宅;住宅区;住宅小区,雨花南路51号,118.762844,31.997608,江苏省,南京市,雨花台区,
6699,枫情国度尚园,商务住宅;住宅区;住宅小区,雨花南路56号,118.761018,31.996334,江苏省,南京市,雨花台区,
6700,格林美地,商务住宅;住宅区;住宅区,雨花南路安德门,118.763585,31.995869,江苏省,南京市,雨花台区,
6701,V泊·赛虹创业大厦,商务住宅;楼宇;商务写字楼,凤台南路138号,118.754779,32.000137,江苏省,南京市,雨花台区,
6702,凤台南路小区,商务住宅;住宅区;住宅小区,凤台南路124号,118.755936,32.00178,江苏省,南京市,雨花台区,
6703,安德门66号,商务住宅;住宅区;住宅区,安德门北街与安德门北路交叉口南150米,118.758602,31.995748,江苏省,南京市,雨花台区,
6704,安德门10号,商务住宅;住宅区;住宅区,安德门大街20号附近,118.759139,31.995601,江苏省,南京市,雨花台区,
6705,安德门58号,商务住宅;住宅区;住宅区,安德门北街附近,118.760521,31.99445,江苏省,南京市,雨花台区,
6706,安德门54号,商务住宅;住宅区;住宅区,安德门北街36号附近,118.760808,31.994463,江苏省,南京市,雨花台区,
6707,安德门50号,商务住宅;住宅区;住宅区,安德门北街与安德门大街交叉口西北200米,118.761105,31.994585,江苏省,南京市,雨花台区,
6708,安德门60号,商务住宅;住宅区;住宅区,安德门北街附近,118.760527,31.994563,江苏省,南京市,雨花台区,
6709,龙福山庄,商务住宅;住宅区;住宅小区,雨花南路58号,118.759452,31.996221,江苏省,南京市,雨花台区,
6710,凤台南路124号院,商务住宅;住宅区;住宅区,凤台南路124号,118.75615,32.001719,江苏省,南京市,雨花台区,
6711,能仁里,商务住宅;住宅区;住宅小区,,118.769005,31.999975,江苏省,南京市,雨花台区,
6712,雨花西路206号小区,商务住宅;住宅区;住宅小区,雨花西路206号,118.768754,32.000753,江苏省,南京市,雨花台区,
6713,先锋青年公寓,商务住宅;住宅区;住宅小区,雨花西路123-1号,118.768662,31.997356,江苏省,南京市,雨花台区,
6714,紫淮公馆,商务住宅;住宅区;住宅小区,雨花西路111-2号,118.769766,32.000937,江苏省,南京市,雨花台区,
6715,安德公寓(雨花西路),商务住宅;住宅区;住宅小区,雨花西路212号,118.766624,31.99883,江苏省,南京市,雨花台区,
6716,四季阳光花园,商务住宅;住宅区;住宅小区,雨花西路121-1号,118.770197,31.997492,江苏省,南京市,雨花台区,
6717,电信局宿舍(长虹路),商务住宅;住宅区;宿舍,雨花西路206号,118.769171,32.001196,江苏省,南京市,雨花台区,
6718,能仁里一村小区,商务住宅;住宅区;住宅小区,雨花北路,118.771481,31.999395,江苏省,南京市,雨花台区,
6719,航天晨光股份有限公司单身公寓,商务住宅;住宅区;住宅小区,雨花北路58,118.771637,32.0005,江苏省,南京市,雨花台区,
6720,能仁新居,商务住宅;住宅区;住宅区,能仁里1号(地铁站),118.770352,32.001578,江苏省,南京市,雨花台区,
6721,长虹路449号小区,商务住宅;住宅区;住宅小区,长虹路449号,118.76818,32.00183,江苏省,南京市,雨花台区,
6722,安德新寓,商务住宅;住宅区;住宅小区,安德里20号,118.765606,31.999271,江苏省,南京市,雨花台区,
6723,共青团路二村,商务住宅;住宅区;住宅小区,区党校路与雨花北路交叉口西150米,118.772617,31.999371,江苏省,南京市,雨花台区,
6724,雨花新村二村,商务住宅;住宅区;住宅小区,共青团路66号,118.773072,31.998736,江苏省,南京市,雨花台区,
6725,能仁里二村,商务住宅;住宅区;住宅小区,共青团路56号,118.772869,32.00041,江苏省,南京市,雨花台区,
6726,玻纤院住宅区,商务住宅;住宅区;住宅小区,安德里30号,118.764432,31.998428,江苏省,南京市,雨花台区,
6727,飞龙大厦,商务住宅;住宅区;住宅小区,雨花西路126号,118.770285,32.003154,江苏省,南京市,雨花台区,
6728,雨虹雅苑,商务住宅;住宅区;住宅小区,长虹路294-298号,118.767748,32.003313,江苏省,南京市,雨花台区,
6729,钱家村16号小区,商务住宅;住宅区;住宅小区,钱家村16号,118.768833,32.003418,江苏省,南京市,雨花台区,
6730,绿岛华庭(长虹路),商务住宅;住宅区;住宅小区,长虹路441号,118.766317,32.00292,江苏省,南京市,雨花台区,
6731,邓府山庄,商务住宅;住宅区;住宅小区,雨花南路15号,118.768599,31.994494,江苏省,南京市,雨花台区,
6732,能仁里三村,商务住宅;住宅区;住宅小区,共青团路与军转干路交叉口西北150米,118.773886,32.001474,江苏省,南京市,雨花台区,
6733,广厦嘉苑,商务住宅;住宅区;住宅小区,雨花西路75号,118.772759,32.002859,江苏省,南京市,雨花台区,
6734,雨花西路120号院,商务住宅;住宅区;住宅区,雨花西路(地铁站),118.77114,32.0038,江苏省,南京市,雨花台区,
6735,明门公寓,商务住宅;住宅区;住宅小区,雨花街道雨花西路258号,118.764135,31.996268,江苏省,南京市,雨花台区,
6736,雨花新村五村,商务住宅;住宅区;住宅小区,雨花新村,118.772135,31.99491,江苏省,南京市,雨花台区,
6737,明门大厦,商务住宅;住宅区;住宅小区,雨花西路258号(雨花西路与雨花南路交界处),118.764181,31.996053,江苏省,南京市,雨花台区,
6738,钱家村,商务住宅;住宅区;住宅小区,雨花西路57号,118.772254,32.003882,江苏省,南京市,雨花台区,
6739,普德花园西区,商务住宅;住宅区;住宅小区,普德新村街道,118.773721,32.003382,江苏省,南京市,雨花台区,
6740,亚东观云国际,商务住宅;住宅区;住宅小区,窑岗村30号,118.764089,32.00387,江苏省,南京市,雨花台区,
6741,幸福村,商务住宅;商务住宅相关;商务住宅相关,雨花南路163号附近,118.773712,31.994315,江苏省,南京市,雨花台区,
6742,悦强商务,商务住宅;楼宇;商务写字楼,雨花西路222号,118.766471,31.997986,江苏省,南京市,雨花台区,
6743,苏缆大厦,商务住宅;楼宇;商务写字楼,雨花西路210号-1,118.76797,32.0,江苏省,南京市,雨花台区,
6744,淳天大厦,商务住宅;楼宇;商务写字楼,能仁里1号,118.77054,32.001458,江苏省,南京市,雨花台区,
6745,安德里28号,商务住宅;楼宇;商住两用楼宇|商务住宅;住宅区;住宅区,雨花西路280号附近,118.765078,31.998704,江苏省,南京市,雨花台区,
6746,窑岗村,商务住宅;住宅区;住宅区,窑岗村32号,118.764371,32.00406,江苏省,南京市,雨花台区,
6747,南汽亚泰花园,商务住宅;住宅区;住宅小区,雨花西路121号,118.767692,31.996306,江苏省,南京市,雨花台区,
6748,清源楼,商务住宅;住宅区;住宅小区,共青团路66号,118.774975,31.999754,江苏省,南京市,雨花台区,
6749,运维播控中心,商务住宅;商务住宅相关;商务住宅相关,共青团路62号2楼,118.775277,32.000495,江苏省,南京市,雨花台区,
6750,共青团路一村,商务住宅;住宅区;住宅小区,共青团路,118.774813,31.998379,江苏省,南京市,雨花台区,
6751,雨麓苑,商务住宅;住宅区;住宅小区,雨花西路3号,118.777668,32.003168,江苏省,南京市,雨花台区,
6752,北园,商务住宅;住宅区;住宅区,共青团路28号,118.775551,31.996295,江苏省,南京市,雨花台区,
6753,公寓短租,商务住宅;商务住宅相关;商务住宅相关,共青团路21附近,118.777375,32.003089,江苏省,南京市,雨花台区,
6754,职工住宅,商务住宅;住宅区;宿舍,雨花路215号雨花台风景区,118.776021,31.995291,江苏省,南京市,雨花台区,
6755,普德村,商务住宅;住宅区;住宅区,能仁里,118.775094,32.002471,江苏省,南京市,雨花台区,
6756,长发·诸公,商务住宅;住宅区;住宅小区,雨花南路5号,118.77761,31.994585,江苏省,南京市,雨花台区,
6757,共青团路51号大院,商务住宅;住宅区;住宅小区,共青团路51号,118.775932,31.995027,江苏省,南京市,雨花台区,
6758,普德村132号院(东门),商务住宅;商务住宅相关;商务住宅相关,共青团路41号附近,118.776613,32.0026,江苏省,南京市,雨花台区,
6759,雨花新村,商务住宅;住宅区;住宅小区,雨花新村一号路,118.774117,31.996418,江苏省,南京市,雨花台区,
6760,雨花台风景区管理局办公楼,商务住宅;商务住宅相关;商务住宅相关,雨花路215号雨花台风景区,118.780709,32.003962,江苏省,南京市,雨花台区,
6761,南山别墅(共青团路),商务住宅;住宅区;别墅,共青团路28号(公交车站),118.774574,31.995471,江苏省,南京市,雨花台区,
6762,普德村流动人口公寓,商务住宅;住宅区;住宅小区,普德村148号,118.775057,32.003473,江苏省,南京市,雨花台区,
6763,共青团路四村,商务住宅;住宅区;住宅小区,雨花南路13号附近,118.774484,31.994357,江苏省,南京市,雨花台区,
6764,雨花新村四村,商务住宅;住宅区;住宅小区,雨花台雨花新村,118.773965,31.994253,江苏省,南京市,雨花台区,
6765,普德18商务中心,商务住宅;楼宇;商务写字楼,共青团路18号,118.776856,32.003193,江苏省,南京市,雨花台区,
6766,普天公寓,商务住宅;住宅区;宿舍,普天路1号普天科技园附近,118.790427,31.999011,江苏省,南京市,秦淮区,
6767,养回红村五号小区(雨花东路),商务住宅;住宅区;住宅小区,养回红村5号,118.786911,31.998762,江苏省,南京市,雨花台区,
6768,养虎仓36号,商务住宅;住宅区;住宅区,养虎仓西100米,118.790477,32.000592,江苏省,南京市,秦淮区,
6769,养虎仓34号,商务住宅;住宅区;住宅区,养虎仓36号附近,118.790609,32.000501,江苏省,南京市,秦淮区,
6770,养虎仓30号,商务住宅;住宅区;住宅区,养虎仓西100米,118.79069,32.000898,江苏省,南京市,秦淮区,
6771,养虎仓31号,商务住宅;住宅区;住宅区,养虎仓西100米,118.790777,32.000843,江苏省,南京市,秦淮区,
6772,爱涛·逸珍公馆,商务住宅;住宅区;住宅小区,雨花东路55号(雨花风景区东大门对面),118.788453,31.996976,江苏省,南京市,雨花台区,
6773,养虎仓27号,商务住宅;住宅区;住宅区,养虎仓西50米,118.791055,32.00063,江苏省,南京市,秦淮区,
6774,养虎仓19号,商务住宅;住宅区;住宅区,,118.7903,32.00135,江苏省,南京市,秦淮区,
6775,机电花园,商务住宅;住宅区;住宅小区,雨花东路57号,118.788987,31.99675,江苏省,南京市,雨花台区,
6776,养虎仓6号,商务住宅;住宅区;住宅区,养虎仓西50米,118.791385,32.000776,江苏省,南京市,秦淮区,
6777,雨花东路小区,商务住宅;住宅区;住宅小区,雨花东路东50米,118.785918,31.999797,江苏省,南京市,秦淮区,
6778,养虎仓16号,商务住宅;住宅区;住宅区,,118.790728,32.001422,江苏省,南京市,秦淮区,
6779,花雨南庭,商务住宅;住宅区;住宅小区,雨花东路59号,118.790399,31.99658,江苏省,南京市,雨花台区,
6780,开源小区(普天路),商务住宅;住宅区;住宅小区,晨光路35号,118.792677,31.999241,江苏省,南京市,秦淮区,
6781,雨花街道雨花社区,商务住宅;住宅区;社区中心|政府机构及社会团体;政府机关;政府机关相关,雨花东路18号,118.78493,32.000047,江苏省,南京市,雨花台区,
6782,金墙花苑,商务住宅;住宅区;住宅小区,土城头76号,118.793036,32.000492,江苏省,南京市,秦淮区,
6783,雨花村,商务住宅;住宅区;住宅小区,秦淮南京市秦淮区晨光路31号,118.792175,32.0021,江苏省,南京市,秦淮区,
6784,土城头住宅,商务住宅;住宅区;住宅区,长乐路城头,118.792263,32.00349,江苏省,南京市,秦淮区,
6785,金运蜂鸟科创中心,商务住宅;楼宇;商务写字楼,土城头61号,118.793027,32.002831,江苏省,南京市,秦淮区,
6786,洪家园小区,商务住宅;住宅区;住宅小区,永乐路洪家园,118.799532,31.998021,江苏省,南京市,秦淮区,
6787,海鲸公寓,商务住宅;住宅区;住宅小区,永乐路107号,118.798507,31.997916,江苏省,南京市,秦淮区,
6788,春光里小区,商务住宅;住宅区;住宅小区,春光里1-81号,118.8011,31.998164,江苏省,南京市,秦淮区,
6789,双桥新村205宿舍,商务住宅;住宅区;宿舍,大明西路与永乐北路交叉口西北150米,118.801532,31.999826,江苏省,南京市,秦淮区,
6790,龙翔鸣翠苑,商务住宅;住宅区;住宅小区,永乐路8号,118.798294,31.996061,江苏省,南京市,秦淮区,
6791,双桥新村(宏光路),商务住宅;住宅区;住宅小区,秦淮洪家园双桥新村,118.800733,32.002441,江苏省,南京市,秦淮区,
6792,居易时代,商务住宅;住宅区;住宅小区,晨光路110号,118.79462,31.999782,江苏省,南京市,秦淮区,
6793,东瓜匙87号,商务住宅;住宅区;住宅区,明匙路与永乐南路交叉口东北150米,118.79953,31.995458,江苏省,南京市,秦淮区,
6794,东瓜匙100号,商务住宅;住宅区;住宅区,明匙路与永乐南路交叉口东北200米,118.800441,31.995588,江苏省,南京市,秦淮区,
6795,阳光里小区,商务住宅;住宅区;住宅小区,永乐北路43号,118.803191,31.997724,江苏省,南京市,秦淮区,
6796,路子铺小区,商务住宅;住宅区;住宅小区,龙蟠南路路子铺,118.79513,32.002287,江苏省,南京市,秦淮区,
6797,南城·美境,商务住宅;住宅区;住宅小区,晨光路108号,118.793983,32.001404,江苏省,南京市,秦淮区,
6798,晨光新苑,商务住宅;住宅区;住宅小区,宏光路77号(近育仁路),118.803491,32.002904,江苏省,南京市,秦淮区,
6799,金陵王榭,商务住宅;住宅区;住宅小区,路子铺19号,118.794403,32.003123,江苏省,南京市,秦淮区,
6800,杜克商务,商务住宅;楼宇;商务写字楼,明匙路108号,118.796808,31.995096,江苏省,南京市,秦淮区,
6801,万象都荟·潮荟,商务住宅;楼宇;商住两用楼宇,永乐路与龙蟠南路交叉口东南150米,118.797192,31.998617,江苏省,南京市,秦淮区,
6802,华悦广场(建设中),商务住宅;楼宇;商住两用楼宇,晨光立交桥与永乐路交叉口西北150米,118.795652,32.000321,江苏省,南京市,秦淮区,
6803,绿国万象都荟(在建中),商务住宅;楼宇;商住两用楼宇,龙蟠路与永乐路交汇处,118.796971,31.998102,江苏省,南京市,秦淮区,
6804,土城头开源小区,商务住宅;商务住宅相关;商务住宅相关,晨光路37号1附近,118.793967,31.998586,江苏省,南京市,秦淮区,
6805,西安阳光里,商务住宅;楼宇;商住两用楼宇|商务住宅;住宅区;住宅区,永乐路47号附近,118.803341,31.996837,江苏省,南京市,秦淮区,
6806,小教场12号,商务住宅;住宅区;住宅区,园民路与小教场路交叉口东50米,118.809083,31.99882,江苏省,南京市,秦淮区,
6807,小教场21号,商务住宅;住宅区;住宅区,园民路与小教场路交叉口东100米,118.809679,31.998704,江苏省,南京市,秦淮区,
6808,红花综合楼,商务住宅;楼宇;商务写字楼,大明路135-3号,118.810103,31.999531,江苏省,南京市,秦淮区,
6809,九龙新寓,商务住宅;住宅区;住宅小区,秦淮大明路147号,118.808252,31.99829,江苏省,南京市,秦淮区,
6810,九龙商务,商务住宅;楼宇;商务写字楼,大明路129号3楼,118.80946,32.000811,江苏省,南京市,秦淮区,
6811,继源·城南枫景,商务住宅;住宅区;住宅小区,大明路238号,118.807201,31.998877,江苏省,南京市,秦淮区,
6812,九龙雅苑,商务住宅;住宅区;住宅小区,大明路210号,118.807748,32.000463,江苏省,南京市,秦淮区,
6813,天华园,商务住宅;住宅区;住宅小区,富华路,118.811032,32.000479,江苏省,南京市,秦淮区,
6814,大明路小区,商务住宅;住宅区;住宅小区,大明路与富华路交叉口西北50米,118.809239,32.001637,江苏省,南京市,秦淮区,
6815,明都雅苑,商务住宅;住宅区;住宅小区,秦淮大明路168号,118.811322,31.997762,江苏省,南京市,秦淮区,
6816,曙光里,商务住宅;住宅区;住宅小区,大明路曙光里,118.806499,32.000658,江苏省,南京市,秦淮区,
6817,风光里小区,商务住宅;住宅区;住宅小区,大明路238号,118.805301,31.997275,江苏省,南京市,秦淮区,
6818,富华新寓,商务住宅;住宅区;住宅小区,富华路99号,118.812882,32.001076,江苏省,南京市,秦淮区,
6819,都市228,商务住宅;住宅区;住宅区,秦淮中牌楼东153号都市228,118.805812,32.002179,江苏省,南京市,秦淮区,
6820,秦淮教师公寓,商务住宅;住宅区;住宅小区|商务住宅;住宅区;宿舍,后江沿18,118.808377,32.003201,江苏省,南京市,秦淮区,
6821,育仁雅居,商务住宅;住宅区;住宅小区,育仁路121号,118.804533,32.001004,江苏省,南京市,秦淮区,
6822,霞光里小区,商务住宅;住宅区;住宅小区,秦淮洪家园霞光里79号,118.803971,31.999853,江苏省,南京市,秦淮区,
6823,晨光新苑(东门),商务住宅;商务住宅相关;商务住宅相关,中牌楼95号,118.804539,32.002084,江苏省,南京市,秦淮区,
6824,中牌楼东95号小区,商务住宅;住宅区;住宅小区,中牌楼东95号,118.804843,32.002739,江苏省,南京市,秦淮区,
6825,大明花园.风光里,商务住宅;商务住宅相关;商务住宅相关,大明路与永乐路交汇处,118.804771,31.995348,江苏省,南京市,秦淮区,
6826,美龄楼,商务住宅;楼宇;商务写字楼,大校场路1号-9号,118.820366,32.003441,江苏省,南京市,秦淮区,
6827,常家圩8号,商务住宅;住宅区;住宅区,,118.828779,32.004019,江苏省,南京市,秦淮区,
6828,常家圩10号,商务住宅;住宅区;住宅区,,118.828612,32.004047,江苏省,南京市,秦淮区,
6829,金家圩11号,商务住宅;住宅区;住宅区,丫洋路南50米,118.830412,31.994329,江苏省,南京市,秦淮区,
6830,常家圩20号,商务住宅;住宅区;住宅区,,118.831164,32.003695,江苏省,南京市,秦淮区,
6831,常家圩3号,商务住宅;住宅区;住宅区,,118.830209,32.003605,江苏省,南京市,秦淮区,
6832,金家圩16号,商务住宅;住宅区;住宅区,丫洋路南50米,118.830801,31.994307,江苏省,南京市,秦淮区,
6833,金家圩7号,商务住宅;住宅区;住宅区,丫洋路南50米,118.829937,31.994554,江苏省,南京市,秦淮区,
6834,常家圩1号,商务住宅;住宅区;住宅区,,118.829911,32.003589,江苏省,南京市,秦淮区,
6835,金家圩23号,商务住宅;住宅区;住宅区,丫洋路北50米,118.831017,31.994502,江苏省,南京市,秦淮区,
6836,金家圩13号,商务住宅;住宅区;住宅区,丫洋路北50米,118.830174,31.994578,江苏省,南京市,秦淮区,
6837,银龙景苑,商务住宅;住宅区;住宅小区,西桐路10号,118.843254,32.002997,江苏省,南京市,秦淮区,
6838,高桥地块经济适用房,商务住宅;住宅区;住宅小区,绕城公路与宁杭高速连接线交汇处北侧(银龙花园六期附近),118.843437,32.00374,江苏省,南京市,秦淮区,
6839,银龙花园2期,商务住宅;住宅区;住宅小区,石杨路55号,118.851053,32.001555,江苏省,南京市,秦淮区,
6840,银龙翠苑小区东院,商务住宅;住宅区;住宅小区,高桥村高桥门200,118.849007,31.99722,江苏省,南京市,秦淮区,
6841,桥西里10号,商务住宅;住宅区;住宅区,上高路与梅家廊路交叉口东50米,118.852964,31.995776,江苏省,南京市,秦淮区,
6842,桥西里27号,商务住宅;住宅区;住宅区,上高路与梅家廊路交叉口西南100米,118.852178,31.99507,江苏省,南京市,秦淮区,
6843,银龙翠苑小区(西院),商务住宅;住宅区;住宅小区,秦淮高桥村高桥门200号,118.84826,31.998792,江苏省,南京市,秦淮区,
6844,银龙花园4期,商务住宅;住宅区;住宅小区,友谊河路,118.848595,31.998558,江苏省,南京市,秦淮区,
6845,新桥24号,商务住宅;住宅区;住宅区,富康路与龙超路交叉口西北100米,118.863194,32.000967,江苏省,南京市,江宁区,
6846,十字河300号,商务住宅;住宅区;住宅区,十字河路东100米,118.859398,31.998461,江苏省,南京市,江宁区,
6847,后庄14号,商务住宅;住宅区;住宅区,富康路东100米,118.861701,31.996093,江苏省,南京市,江宁区,
6848,新桥22号,商务住宅;住宅区;住宅区,富康路与龙超路交叉口西北100米,118.862922,32.00107,江苏省,南京市,江宁区,
6849,新桥16号,商务住宅;住宅区;住宅区,富康路与龙超路交叉口北100米,118.863211,32.001227,江苏省,南京市,江宁区,
6850,高桥门280号,商务住宅;住宅区;住宅区,十字河路东100米,118.857458,31.997332,江苏省,南京市,江宁区,
6851,后庄7号,商务住宅;商务住宅相关;商务住宅相关,富康路东50米,118.860988,31.995452,江苏省,南京市,江宁区,
6852,小水关18号,商务住宅;住宅区;住宅区,环城公路60号附近,118.860349,32.001859,江苏省,南京市,秦淮区,
6853,小水关58号,商务住宅;住宅区;住宅区,环城公路东50米,118.861135,32.001788,江苏省,南京市,秦淮区,
6854,小水关16号,商务住宅;住宅区;住宅区,环城公路28号附近,118.860528,32.001155,江苏省,南京市,秦淮区,
6855,小水关31号,商务住宅;住宅区;住宅区,环城公路18号附近,118.860964,32.001661,江苏省,南京市,秦淮区,
6856,小水关12号,商务住宅;住宅区;住宅区,环城公路30号附近,118.860413,32.001048,江苏省,南京市,秦淮区,
6857,南京万汇新城,商务住宅;住宅区;住宅区,兴发路与永胜路交叉口东南50米,118.87221,31.996379,江苏省,南京市,江宁区,
6858,银龙鑫苑,商务住宅;住宅区;住宅小区,石杨路111号,118.865609,32.003532,江苏省,南京市,秦淮区,
6859,觅秀西园,商务住宅;住宅区;住宅小区,万福路与觅秀路交叉口东150米,118.872586,31.999998,江苏省,南京市,江宁区,
6860,银龙鑫苑南苑,商务住宅;住宅区;住宅小区,石杨路,118.865438,32.002783,江苏省,南京市,秦淮区,
6861,大里聚福城华庭南园,商务住宅;住宅区;住宅小区,润发路3号附近,118.872838,31.994324,江苏省,南京市,江宁区,
6862,银龙鑫苑北苑(南门),商务住宅;商务住宅相关;商务住宅相关,石杨路107号,118.867496,32.004145,江苏省,南京市,秦淮区,
6863,银龙鑫园5期,商务住宅;商务住宅相关;商务住宅相关,石杨路111号,118.864677,32.00214,江苏省,南京市,秦淮区,
6864,觅秀东园,商务住宅;住宅区;住宅小区,万福路,118.876193,31.998806,江苏省,南京市,江宁区,
6865,大里聚福城怡景园,商务住宅;住宅区;住宅小区,万福路与001县道交汇处,118.882481,31.998487,江苏省,南京市,江宁区,
6866,康居园(万福路),商务住宅;住宅区;住宅小区,万福路与丰泽路交叉口西南150米,118.880468,31.996,江苏省,南京市,江宁区,
6867,大里聚福城,商务住宅;住宅区;住宅区,润发路3号,118.874278,31.996306,江苏省,南京市,江宁区,
6868,南京万辉上坊保障房,商务住宅;住宅区;住宅小区,孙家头,118.87821,31.995382,江苏省,南京市,江宁区,
6869,中粮鸿云,商务住宅;住宅区;住宅小区,丰泽路118号,118.883491,31.995825,江苏省,南京市,江宁区,
6870,觅秀东园东区,商务住宅;住宅区;住宅小区,万福路与润发路交叉口西北200米,118.876679,31.998653,江苏省,南京市,江宁区,
6871,大里聚福城华庭北园,商务住宅;住宅区;住宅小区,永胜路东200米,118.874971,31.996455,江苏省,南京市,江宁区,
6872,沟西57号,商务住宅;住宅区;住宅区,G25长深高速附近,118.903914,32.002797,江苏省,南京市,江宁区,
6873,沟西73号,商务住宅;住宅区;住宅区,G25长深高速附近,118.90393,32.002154,江苏省,南京市,江宁区,
6874,沟西85号,商务住宅;住宅区;住宅区,G25长深高速附近,118.903383,32.001327,江苏省,南京市,江宁区,
6875,沟西65号,商务住宅;住宅区;住宅区,G25长深高速附近,118.904335,32.002193,江苏省,南京市,江宁区,
6876,沟西13号,商务住宅;住宅区;住宅区,G25长深高速附近,118.904378,32.003449,江苏省,南京市,江宁区,
6877,科技创新总部大厦,商务住宅;楼宇;商务写字楼,浦滨路与西江路交叉口北200米,118.601998,31.994184,江苏省,南京市,浦口区,
6878,青奥村,商务住宅;住宅区;住宅小区,青奥南路9,118.703551,31.988158,江苏省,南京市,建邺区,
6879,青奥城迎宾楼,商务住宅;楼宇;商务写字楼,乐山路附近,118.708007,31.992303,江苏省,南京市,建邺区,
6880,盛捷青奥国际社区,商务住宅;住宅区;住宅小区,邺城路与青奥北路交叉口西北150米,118.706218,31.988514,江苏省,南京市,建邺区,
6881,南京青奥中心,商务住宅;楼宇;商务写字楼,金沙江西街9号,118.709549,31.991372,江苏省,南京市,建邺区,
6882,中建三局生活区,商务住宅;住宅区;宿舍,金沙江西街16号,118.711547,31.990806,江苏省,南京市,建邺区,
6883,邺城路.青奥村东,商务住宅;商务住宅相关;商务住宅相关,扬子江大道,118.70608,31.989076,江苏省,南京市,建邺区,
6884,双闸社区中心(宜悦街),商务住宅;住宅区;社区中心,宜悦街19,118.706439,31.98611,江苏省,南京市,建邺区,
6885,南京青奥中心双塔楼,商务住宅;楼宇;商务写字楼,乐山路与金沙江西街交汇处南150米,118.709183,31.991596,江苏省,南京市,建邺区,
6886,青奥村(东门),商务住宅;商务住宅相关;商务住宅相关,邺城路与青奥北路交叉口西北100米,118.706472,31.98822,江苏省,南京市,建邺区,
6887,中国联通江苏分公司通信综合楼,商务住宅;楼宇;商务写字楼,嘉陵江东街与油棉路交叉口东100米,118.719889,31.989542,江苏省,南京市,建邺区,
6888,南京·金融城,商务住宅;楼宇;商务写字楼,江东中路371号,118.718071,31.988472,江苏省,南京市,建邺区,
6889,河西中央商务区,商务住宅;商务住宅相关;商务住宅相关,庐山路与嘉陵江东街交叉口东北面,118.72068,31.98933,江苏省,南京市,建邺区,
6890,新华报业传媒广场,商务住宅;楼宇;商务写字楼,河西中央商务区江东中路369号,118.71913,31.990651,江苏省,南京市,建邺区,
6891,新华报业传媒集团大厦,商务住宅;楼宇;商务写字楼,嘉陵江东街与油棉路交叉口北150米,118.719137,31.990927,江苏省,南京市,建邺区,
6892,南京证券新大楼,商务住宅;楼宇;商务写字楼,江东中路与雨润大街交叉口东150米,118.717179,31.98804,江苏省,南京市,建邺区,
6893,南京移动通信综合楼,商务住宅;楼宇;商务写字楼,中央商务区庐山路226号,118.72134,31.990302,江苏省,南京市,建邺区,
6894,南京报业传媒大厦,商务住宅;楼宇;商务写字楼,江东中路雨润大街交叉口,118.716442,31.987854,江苏省,南京市,建邺区,
6895,国睿大厦,商务住宅;楼宇;商务写字楼,江东中路359号,118.720298,31.992243,江苏省,南京市,建邺区,
6896,交银大厦,商务住宅;楼宇;商务写字楼,沙洲街道庐山路218号,118.721994,31.991191,江苏省,南京市,建邺区,
6897,朗诗·国际街区(北门),商务住宅;商务住宅相关;商务住宅相关,白龙江东街87号,118.721477,31.9881,江苏省,南京市,建邺区,
6898,江苏省农村信用社联合社综合楼,商务住宅;楼宇;商务写字楼,河西中央商务区江东中路395号,118.714781,31.986416,江苏省,南京市,建邺区,
6899,双和综合大楼,商务住宅;楼宇;商务写字楼,雨润大街99号,118.718728,31.984405,江苏省,南京市,建邺区,
6900,奥美大厦,商务住宅;楼宇;商务写字楼,庐山路与金沙江东街交叉口北100米,118.716416,31.984732,江苏省,南京市,建邺区,
6901,朗诗·国际街区(中园),商务住宅;住宅区;住宅小区,白龙江东街87号,118.723062,31.9892,江苏省,南京市,建邺区,
6902,朗诗·国际街区(南园),商务住宅;住宅区;住宅小区,嘉陵江东街87号,118.720713,31.986936,江苏省,南京市,建邺区,
6903,清和园,商务住宅;住宅区;住宅小区,雨润大街88号附近,118.721877,31.984287,江苏省,南京市,建邺区,
6904,德基世贸壹号,商务住宅;住宅区;住宅小区,庐山路208号,118.723699,31.992649,江苏省,南京市,建邺区,
6905,朗诗·国际街区,商务住宅;住宅区;住宅小区,河西大街87号,118.724877,31.991084,江苏省,南京市,建邺区,
6906,仁恒晶园G53公寓,商务住宅;住宅区;住宅小区,嵩山路136号(富春江东街以南、楠溪江东街以北),118.733201,31.993762,江苏省,南京市,建邺区,
6907,金润国际广场,商务住宅;楼宇;商住两用楼宇,楠溪江东街81号,118.729989,31.993731,江苏省,南京市,建邺区,
6908,宋都美域.锦园,商务住宅;住宅区;住宅小区,恒山路139号,118.724954,31.987949,江苏省,南京市,建邺区,
6909,缤润汇,商务住宅;楼宇;商务写字楼,楠溪江东街83号,118.730697,31.993002,江苏省,南京市,建邺区,
6910,宋都美域·沁园,商务住宅;住宅区;住宅小区,恒山路137号,118.72677,31.989899,江苏省,南京市,建邺区,
6911,万得大厦,商务住宅;楼宇;商务写字楼,云龙山路与康文路交叉口北150米,118.731811,31.984474,江苏省,南京市,建邺区,
6912,仁恒G53社区中心,商务住宅;楼宇;商务写字楼,朗诗嵩山路136号,118.733258,31.992631,江苏省,南京市,建邺区,
6913,朗诗·国际街区(北园),商务住宅;住宅区;住宅小区,,118.724778,31.991098,江苏省,南京市,建邺区,
6914,朗诗·国际街区北园(北门),商务住宅;商务住宅相关;商务住宅相关,河西大街93号,118.725599,31.992302,江苏省,南京市,建邺区,
6915,河西大街93号(南门),商务住宅;商务住宅相关;商务住宅相关,庐山路与河西大街交叉口南200米,118.72506,31.99216,江苏省,南京市,建邺区,
6916,朗诗·国际街区-北园(东南门),商务住宅;商务住宅相关;商务住宅相关,恒山路与河西大街交叉口西南150米,118.725892,31.991582,江苏省,南京市,建邺区,
6917,邮电设计大厦,商务住宅;楼宇;商务写字楼,楠溪江东街58号,118.73856,31.98947,江苏省,南京市,建邺区,
6918,建测大厦,商务住宅;楼宇;商务写字楼,创意路88号,118.7398,31.989142,江苏省,南京市,建邺区,
6919,烽火科技大厦,商务住宅;楼宇;商务写字楼,云龙山路88号,118.738166,31.99018,江苏省,南京市,建邺区,
6920,天泽信息科研楼,商务住宅;楼宇;商务写字楼,云龙山路80号,118.738588,31.990977,江苏省,南京市,建邺区,
6921,辐射环保生产综合楼,商务住宅;楼宇;商务写字楼,云龙山路75号,118.739961,31.99097,江苏省,南京市,建邺区,
6922,南京通信综合楼,商务住宅;楼宇;商务写字楼,富春江东街50号,118.740676,31.990795,江苏省,南京市,建邺区,
6923,方中大厦,商务住宅;楼宇;商务写字楼,富春江东街69号方中大厦1楼,118.738075,31.991323,江苏省,南京市,建邺区,
6924,旭建大厦,商务住宅;楼宇;商务写字楼,皖浙农贸楠溪江东街68号,118.736619,31.990622,江苏省,南京市,建邺区,
6925,河西1号街区,商务住宅;楼宇;商务写字楼,云龙山路与楠溪江东街交叉口西150米,118.736084,31.989048,江苏省,南京市,建邺区,
6926,徐矿明星国际商务中心,商务住宅;楼宇;商务写字楼,科技园楠溪江东街以南、云龙山路以西,118.735779,31.988718,江苏省,南京市,建邺区,
6927,江苏省辐射环境保护技术研发生产基地实验楼,商务住宅;楼宇;商务写字楼,云龙山路75号,118.740199,31.991492,江苏省,南京市,建邺区,
6928,徐矿明星商务中心A座,商务住宅;楼宇;商务写字楼,河西大街66号,118.735904,31.988246,江苏省,南京市,建邺区,
6929,南京欣网视讯研发大楼,商务住宅;楼宇;商务写字楼,泰山路附近,118.73761,31.99209,江苏省,南京市,建邺区,
6930,康苑新村,商务住宅;住宅区;住宅小区,小青路39,118.742373,31.987852,江苏省,南京市,建邺区,
6931,金洲苑小区,商务住宅;住宅区;住宅小区,小青路42号金洲苑小区,118.741053,31.986398,江苏省,南京市,建邺区,
6932,钟鼎雅居,商务住宅;住宅区;住宅小区,富春江东街9号中冶华天集团对面,118.742925,31.987863,江苏省,南京市,建邺区,
6933,苏交科科研设计大楼,商务住宅;楼宇;商务写字楼,富春江东街东50米,118.743619,31.988393,江苏省,南京市,建邺区,
6934,万科·金域缇香,商务住宅;住宅区;住宅小区,嵩山路139号,118.735211,31.992235,江苏省,南京市,建邺区,
6935,北纬国际中心B座,商务住宅;楼宇;商务写字楼,金洲路78号附近,118.736805,31.984661,江苏省,南京市,建邺区,
6936,瑞泰大厦,商务住宅;楼宇;商务写字楼,创智路2,118.735634,31.984865,江苏省,南京市,建邺区,
6937,江苏省建大厦,商务住宅;楼宇;商务写字楼,云龙山路99号,118.734786,31.985229,江苏省,南京市,建邺区,
6938,仁恒晶园,商务住宅;住宅区;住宅区,嵩山路136号,118.73419,31.993001,江苏省,南京市,建邺区,
6939,鑫信金融产业服务大厦,商务住宅;楼宇;商务写字楼,云龙山路与文广路交叉口南200米,118.734074,31.984431,江苏省,南京市,建邺区,
6940,新城科技园06幢B座,商务住宅;商务住宅相关;商务住宅相关,奥体大街69号06栋,118.739521,31.992053,江苏省,南京市,建邺区,
6941,时光澔韵,商务住宅;住宅区;住宅小区,小行路29号,118.752792,31.987175,江苏省,南京市,雨花台区,
6942,名城世家花园,商务住宅;住宅区;住宅小区,小行路58号,118.748008,31.987648,江苏省,南京市,雨花台区,
6943,柏悦澜庭,商务住宅;住宅区;住宅小区|商务住宅;住宅区;别墅,区县小行里姜家营小行路52号(小行路与规划道路交汇处),118.75352,31.989667,江苏省,南京市,雨花台区,
6944,时光澔韵华景园,商务住宅;住宅区;住宅小区,,118.751741,31.9846,江苏省,南京市,雨花台区,
6945,时光澔韵华盛园,商务住宅;住宅区;住宅小区,小行路附近,118.753913,31.987059,江苏省,南京市,雨花台区,
6946,华巨臣第3届南京茶博会,商务住宅;商务住宅相关;商务住宅相关,小行路37号,118.749744,31.987474,江苏省,南京市,雨花台区,
6947,名城世家2期,商务住宅;住宅区;住宅小区,小行路,118.750182,31.988809,江苏省,南京市,雨花台区,
6948,名城世家花园东区,商务住宅;住宅区;住宅小区,三合路西200米,118.750129,31.989771,江苏省,南京市,雨花台区,
6949,名城世家花园西区,商务住宅;住宅区;住宅小区,小行路58号,118.748164,31.987374,江苏省,南京市,雨花台区,
6950,火警宿舍,商务住宅;住宅区;宿舍,小行路25号康润园旁,118.757151,31.98988,江苏省,南京市,雨花台区,
6951,金蕊家苑,商务住宅;住宅区;住宅小区,小行路27号,118.756966,31.988831,江苏省,南京市,雨花台区,
6952,警察法学2区,商务住宅;商务住宅相关;商务住宅相关,小行路16号,118.759253,31.990942,江苏省,南京市,雨花台区,
6953,菁华园(建设中),商务住宅;住宅区;住宅小区,小行路,118.758031,31.987609,江苏省,南京市,雨花台区,
6954,安德门小区(散盘),商务住宅;住宅区;住宅小区,时光澔韵,118.75747,31.986949,江苏省,南京市,雨花台区,
6955,南京自由空间别墅轰趴(安德门店),商务住宅;住宅区;住宅区,安德门大街江苏警官学院东南侧160米,118.761251,31.99096,江苏省,南京市,雨花台区,
6956,德盈young,商务住宅;住宅区;住宅小区,菊花台公园与金蕊家园交汇处,118.755673,31.988285,江苏省,南京市,雨花台区,
6957,益居园小区,商务住宅;住宅区;住宅小区,小行路10号,118.760342,31.992434,江苏省,南京市,雨花台区,
6958,康润园,商务住宅;住宅区;住宅小区,小行路30号,118.754791,31.990631,江苏省,南京市,雨花台区,
6959,猫的天空之城青年公寓,商务住宅;商务住宅相关;商务住宅相关,"小行路27号康润园(地铁站1、10号线,安德门地铁站出300米)",118.754509,31.990516,江苏省,南京市,雨花台区,
6960,时光澔韵1期,商务住宅;住宅区;住宅区,三合路与小行路交叉口东南150米,118.754033,31.987471,江苏省,南京市,雨花台区,
6961,德安花园,商务住宅;住宅区;住宅小区,小行路2号,118.760699,31.993637,江苏省,南京市,雨花台区,
6962,时光澔韵华盛园(南门),商务住宅;商务住宅相关;商务住宅相关,小行路29-12号楼附近,118.754267,31.986209,江苏省,南京市,雨花台区,
6963,安德门10号租3号,商务住宅;住宅区;住宅区,小行路2-1号附近,118.761753,31.993758,江苏省,南京市,雨花台区,
6964,创E梦工场,商务住宅;楼宇;商务写字楼,小行路6号,118.761307,31.992401,江苏省,南京市,雨花台区,
6965,瑞尔大厦(雨花西路),商务住宅;楼宇;商务写字楼,安德门北街与安德门大街交叉口北100米,118.762307,31.993739,江苏省,南京市,雨花台区,
6966,邓府上农贸市场综合楼,商务住宅;住宅区;住宅区,雨花南路36号,118.76855,31.99393,江苏省,南京市,雨花台区,
6967,邓府山村,商务住宅;住宅区;住宅小区,雨花南路26号,118.770477,31.99346,江苏省,南京市,雨花台区,
6968,望江矶二号小区,商务住宅;住宅区;住宅小区,望江矶2号,118.773405,31.992587,江苏省,南京市,雨花台区,
6969,邓府苑,商务住宅;住宅区;住宅小区,雨花南路36号,118.768482,31.994073,江苏省,南京市,雨花台区,
6970,雨花南路小区,商务住宅;住宅区;住宅小区,雨花南路22号(公交车站),118.772858,31.993606,江苏省,南京市,雨花台区,
6971,坤欧集团,商务住宅;楼宇;商务写字楼,花神大道8号,118.773217,31.987642,江苏省,南京市,雨花台区,
6972,花神庙189号,商务住宅;住宅区;住宅区,,118.767337,31.985986,江苏省,南京市,雨花台区,
6973,阅城国际花园,商务住宅;住宅区;住宅小区,花神大道9号(原共青团路),118.776993,31.984897,江苏省,南京市,雨花台区,
6974,花好月苑,商务住宅;住宅区;住宅小区,雨花南路9号,118.775869,31.993923,江苏省,南京市,雨花台区,
6975,君悦湖滨商务中心,商务住宅;楼宇;商务写字楼,玉兰路19-17号,118.790794,31.984582,江苏省,南京市,雨花台区,
6976,康盛花园,商务住宅;住宅区;住宅小区,玉兰路1号,118.788636,31.990612,江苏省,南京市,雨花台区,
6977,仁恒翠竹园,商务住宅;住宅区;住宅小区,玉兰路5号,118.791845,31.988742,江苏省,南京市,雨花台区,
6978,君悦湖滨花园,商务住宅;住宅区;住宅小区,宁南新区玉兰路19号,118.791448,31.984288,江苏省,南京市,雨花台区,
6979,玉兰小区,商务住宅;住宅区;住宅小区,郁金香路16号(公交车站),118.793505,31.986715,江苏省,南京市,雨花台区,
6980,仁恒玉兰山庄,商务住宅;住宅区;住宅小区,玉兰路2号(公交车站),118.784305,31.990423,江苏省,南京市,雨花台区,
6981,君子兰花园,商务住宅;住宅区;住宅小区,宁南区郁金香路22号(公交车站),118.792613,31.985257,江苏省,南京市,雨花台区,
6982,泰龙家园,商务住宅;住宅区;住宅小区,郁金香路20号(公交车站),118.792019,31.986363,江苏省,南京市,雨花台区,
6983,菊香苑,商务住宅;住宅区;住宅小区,玉兰路与郁金香东路交叉口南150米,118.789488,31.984632,江苏省,南京市,雨花台区,
6984,国资大厦,商务住宅;楼宇;商务写字楼,玉兰路8号,118.788484,31.985893,江苏省,南京市,雨花台区,
6985,香水湾,商务住宅;住宅区;住宅小区,玉兰路2号,118.786226,31.990597,江苏省,南京市,雨花台区,
6986,紫荆国际公寓,商务住宅;楼宇;商住两用楼宇|住宿服务;宾馆酒店;宾馆酒店,雨花东路158紫荆广场·花漫里,118.793573,31.992867,江苏省,南京市,雨花台区,
6987,翠竹园社区,商务住宅;住宅区;住宅小区|地名地址信息;普通地名;村庄级地名,紫荆花东路26-1号附近,118.78882,31.988759,江苏省,南京市,雨花台区,
6988,仁恒翠竹园3期,商务住宅;住宅区;住宅区,宁南新区玉兰路5号,118.790126,31.989588,江苏省,南京市,雨花台区,
6989,紫荆广场·花漫里(2号门),商务住宅;商务住宅相关;商务住宅相关,雨花东路158号,118.793686,31.992331,江苏省,南京市,雨花台区,
6990,紫荆国际公寓,商务住宅;商务住宅相关;商务住宅相关,"紫荆花路与卡子门大街路口(宜家家居斜对面,紧邻仁恒翠竹园)",118.79307,31.991221,江苏省,南京市,雨花台区,
6991,乌金墅外,商务住宅;商务住宅相关;商务住宅相关,卡子门大街29号红星美凯龙全球家居生活广场(卡子门店)南门3层,118.799059,31.988789,江苏省,南京市,秦淮区,
6992,沃里,商务住宅;商务住宅相关;商务住宅相关,卡子门大街29号红星美凯龙全球家居生活广场(卡子门店)南门2层,118.799059,31.988789,江苏省,南京市,秦淮区,
6993,巴黎左岸,商务住宅;商务住宅相关;商务住宅相关,卡子门大街29号红星美凯龙全球家居生活广场(卡子门店)南门4层,118.799346,31.988542,江苏省,南京市,秦淮区,
6994,枫丹榭丽,商务住宅;商务住宅相关;商务住宅相关,卡子门大街38号月星国际家居4层,118.797445,31.988646,江苏省,南京市,雨花台区,
6995,春天家园,商务住宅;住宅区;住宅小区,东瓜匙路东100米,118.800378,31.99095,江苏省,南京市,秦淮区,
6996,映山菁华,商务住宅;住宅区;住宅小区,窨子山路99号,118.801489,31.991247,江苏省,南京市,秦淮区,
6997,窨子山23号,商务住宅;住宅区;住宅区,伦发路与大明路交叉口东150米,118.802969,31.987578,江苏省,南京市,秦淮区,
6998,美林·玛莎拉蒂(红星美凯龙),商务住宅;商务住宅相关;商务住宅相关,卡子门大街29号红星美凯龙全球家居生活广场(卡子门店)南门4层,118.79923,31.989379,江苏省,南京市,秦淮区,
6999,红星美凯龙(南2门),商务住宅;商务住宅相关;商务住宅相关,卡子门大街39号附近,118.798299,31.989716,江苏省,南京市,秦淮区,
7000,宝居乐柏尔家(红星美凯龙),商务住宅;商务住宅相关;商务住宅相关,卡子门大街29号F4层,118.798307,31.989811,江苏省,南京市,秦淮区,
7001,大公馆(红星美凯龙),商务住宅;商务住宅相关;商务住宅相关,卡子门大街29号F4层,118.799776,31.988674,江苏省,南京市,秦淮区,
7002,府上(红星美凯龙),商务住宅;商务住宅相关;商务住宅相关,卡子门大街29号B1层,118.798673,31.990246,江苏省,南京市,秦淮区,
7003,伯爵庄园(红星美凯龙),商务住宅;商务住宅相关;商务住宅相关,卡子门大街29号B1层,118.79814,31.990177,江苏省,南京市,秦淮区,
7004,盛世华庭(月星国际家居卡子门大街),商务住宅;商务住宅相关;商务住宅相关,卡子门大街38号月星国际家居B1层,118.79745,31.98865,江苏省,南京市,雨花台区,
7005,馨苑(红星美凯龙),商务住宅;商务住宅相关;商务住宅相关,卡子门大街29号F3层,118.798354,31.990521,江苏省,南京市,秦淮区,
7006,美伦公馆(红星美凯龙),商务住宅;商务住宅相关;商务住宅相关,卡子门大街29号F3层,118.798173,31.990871,江苏省,南京市,秦淮区,
7007,格林小镇(月星国际家居卡子门大街),商务住宅;商务住宅相关;商务住宅相关,卡子门大街38号F3层C010,118.79739,31.987665,江苏省,南京市,雨花台区,
7008,窨子山20号,商务住宅;住宅区;住宅区,伦发路与大明路交叉口东150米,118.802968,31.987164,江苏省,南京市,秦淮区,
7009,窨子山25号,商务住宅;住宅区;住宅区,伦发路与大明路交叉口东150米,118.803266,31.98737,江苏省,南京市,秦淮区,
7010,锦明家苑,商务住宅;住宅区;住宅小区,郁金香路12-2号,118.794616,31.987093,江苏省,南京市,雨花台区,
7011,雨花街道丁墙社区,商务住宅;住宅区;社区中心,盐业路与软件大道交叉口北50米,118.798196,31.984924,江苏省,南京市,雨花台区,
7012,石婆婆庙309号,商务住宅;住宅区;住宅区,明匙路93号附近,118.800236,31.993512,江苏省,南京市,秦淮区,
7013,软件大道2号,商务住宅;商务住宅相关;商务住宅相关,宁南大道2号,118.79898,31.98462,江苏省,南京市,雨花台区,
7014,迎春苑,商务住宅;住宅区;住宅小区,明匙路东瓜匙路,118.799271,31.99403,江苏省,南京市,秦淮区,
7015,城市魔方公馆,商务住宅;住宅区;住宅小区,明匙路99号,118.80019,31.993967,江苏省,南京市,秦淮区,
7016,郁金香花苑(盐业路),商务住宅;住宅区;住宅小区,软件大道3号,118.796463,31.984629,江苏省,南京市,雨花台区,
7017,大明路汽车商务中心,商务住宅;楼宇;商务写字楼,大明路282号,118.801342,31.988861,江苏省,南京市,秦淮区,
7018,郁金香软件大厦,商务住宅;楼宇;商务写字楼,郁金香路2号,118.797382,31.986732,江苏省,南京市,雨花台区,
7019,奥斯博恩庄园,商务住宅;楼宇;商住两用楼宇|商务住宅;住宅区;住宅区,秣陵街道宁溧路180号,118.79802,31.987844,江苏省,南京市,雨花台区,
7020,乐虎汇银智慧社区,商务住宅;住宅区;住宅小区,窨子山路93号附近,118.801643,31.990238,江苏省,南京市,秦淮区,
7021,汇吉苑,商务住宅;住宅区;住宅小区,汇景路36号,118.812859,31.984502,江苏省,南京市,秦淮区,
7022,汇景家园景富苑,商务住宅;住宅区;住宅小区,汇景北路137号附近,118.812235,31.98551,江苏省,南京市,秦淮区,
7023,丽景华庭(永乐路),商务住宅;住宅区;住宅小区,永乐路11号,118.804498,31.994147,江苏省,南京市,秦淮区,
7024,汇景家园景明苑,商务住宅;住宅区;住宅小区,汇景北路33号,118.810134,31.9846,江苏省,南京市,秦淮区,
7025,梁塘14号,商务住宅;住宅区;住宅区,东风桥路与汇景东路交叉口东南100米,118.809962,31.985262,江苏省,南京市,秦淮区,
7026,梁塘16号,商务住宅;住宅区;住宅区,东风桥路与汇景东路交叉口东南100米,118.810021,31.985283,江苏省,南京市,秦淮区,
7027,夹岗商业用房,商务住宅;商务住宅相关;商务住宅相关,汇景路57-105号、汇景南路51-92号,118.812792,31.985501,江苏省,南京市,秦淮区,
7028,刘家岗80号,商务住宅;住宅区;住宅区,东风桥路与佳营路交叉口东南200米,118.817791,31.988633,江苏省,南京市,秦淮区,
7029,刘家岗89号,商务住宅;住宅区;住宅区,东风桥路与佳营路交叉口东南100米,118.81692,31.98919,江苏省,南京市,秦淮区,
7030,刘家岗50号,商务住宅;住宅区;住宅区,佳营路北150米,118.820952,31.988723,江苏省,南京市,秦淮区,
7031,刘家岗43号,商务住宅;住宅区;住宅区,佳营中路与佳营路交叉口西北200米,118.821089,31.988069,江苏省,南京市,秦淮区,
7032,刘家岗90号,商务住宅;住宅区;住宅区,佳营中路与佳营路交叉口北150米,118.821749,31.987916,江苏省,南京市,秦淮区,
7033,刘家岗128号,商务住宅;住宅区;住宅区,康景路东200米,118.816422,31.986263,江苏省,南京市,秦淮区,
7034,翁家营152号,商务住宅;住宅区;住宅区,佳营东路西200米,118.823486,31.989237,江苏省,南京市,秦淮区,
7035,翁家营98号,商务住宅;住宅区;住宅区,佳营中路与佳营路交叉口东南50米,118.822379,31.986485,江苏省,南京市,秦淮区,
7036,翁家营111号,商务住宅;住宅区;住宅区,佳营东路与佳营中路交叉口西北200米,118.823707,31.987912,江苏省,南京市,秦淮区,
7037,翁家营125号,商务住宅;住宅区;住宅区,佳营路122号附近,118.823209,31.986893,江苏省,南京市,秦淮区,
7038,翁家营78号,商务住宅;住宅区;住宅区,佳营中路与佳营路交叉口东150米,118.823412,31.986356,江苏省,南京市,秦淮区,
7039,刘家岗12号,商务住宅;住宅区;住宅区,佳营路与柴园北路交叉口北100米,118.822143,31.985113,江苏省,南京市,秦淮区,
7040,汇景家园(景裕苑),商务住宅;住宅区;住宅小区,汇景北路195号附近,118.814105,31.986119,江苏省,南京市,秦淮区,
7041,刘家岗20号,商务住宅;住宅区;住宅区,康泰路与柴园北路交叉口东50米,118.821216,31.984423,江苏省,南京市,秦淮区,
7042,刘家岗23号,商务住宅;住宅区;住宅区,佳营路与柴园北路交叉口西50米,118.821861,31.984468,江苏省,南京市,秦淮区,
7043,刘家岗2号,商务住宅;住宅区;住宅区,佳营路与柴园北路交叉口东北150米,118.823167,31.985042,江苏省,南京市,秦淮区,
7044,刘家岗32号,商务住宅;住宅区;住宅区,佳营路与柴园北路交叉口西北50米,118.822146,31.984424,江苏省,南京市,秦淮区,
7045,汇景家园景乐苑,商务住宅;住宅区;住宅小区,柴园北路38号,118.814381,31.985202,江苏省,南京市,秦淮区,
7046,刘家岗34号,商务住宅;住宅区;住宅区,佳营路与柴园北路交叉口东50米,118.822569,31.984478,江苏省,南京市,秦淮区,
7047,刘家岗25号,商务住宅;住宅区;住宅区,佳营路与柴园北路交叉口东50米,118.822667,31.984489,江苏省,南京市,秦淮区,
7048,刘家岗33号,商务住宅;住宅区;住宅区,佳营路与柴园北路交叉口东100米,118.822784,31.984509,江苏省,南京市,秦淮区,
7049,金家圩29号,商务住宅;住宅区;住宅区,丫洋路南50米,118.83134,31.994139,江苏省,南京市,秦淮区,
7050,汤家坝179号,商务住宅;住宅区;住宅区,吴家山路与广盛路交叉口东北200米,118.827706,31.991118,江苏省,南京市,秦淮区,
7051,金家圩69号,商务住宅;住宅区;住宅区,广洋路西200米,118.8335,31.992442,江苏省,南京市,秦淮区,
7052,金家圩68号,商务住宅;住宅区;住宅区,丫洋路与广洋路交叉口西南200米,118.833938,31.993052,江苏省,南京市,秦淮区,
7053,赵史岗18号,商务住宅;住宅区;住宅区,广洋路与广盛路交叉口北200米,118.833143,31.986839,江苏省,南京市,秦淮区,
7054,翁家营104号,商务住宅;住宅区;住宅区,佳营东路与佳营中路交叉口西北150米,118.824321,31.987788,江苏省,南京市,秦淮区,
7055,翁家营66号,商务住宅;住宅区;住宅区,佳营中路56号附近,118.824284,31.986409,江苏省,南京市,秦淮区,
7056,翁家营105号,商务住宅;住宅区;住宅区,佳营东路与佳营中路交叉口西北150米,118.824088,31.987834,江苏省,南京市,秦淮区,
7057,汤家坝201号,商务住宅;住宅区;住宅区,丫洋路与吴家山路交叉口西南50米,118.82774,31.993161,江苏省,南京市,秦淮区,
7058,金家圩38号,商务住宅;住宅区;住宅区,丫洋路与吴家山路交叉口东北150米,118.828903,31.994025,江苏省,南京市,秦淮区,
7059,翁家营198号,商务住宅;住宅区;住宅区,吴家山路与广盛路交叉口西南150米,118.825685,31.988666,江苏省,南京市,秦淮区,
7060,翁家营168号,商务住宅;住宅区;住宅区,佳营东路与佳营中路交叉口东北150米,118.825665,31.98805,江苏省,南京市,秦淮区,
7061,翁家营199号,商务住宅;住宅区;住宅区,吴家山路与广盛路交叉口西150米,118.8256,31.989969,江苏省,南京市,秦淮区,
7062,汤家坝199号,商务住宅;住宅区;住宅区,吴家山路与广盛路交叉口北200米,118.8269,31.990994,江苏省,南京市,秦淮区,
7063,汇景和园,商务住宅;住宅区;住宅小区,吴家山路8号,118.83463,31.98457,江苏省,南京市,秦淮区,
7064,上坊桥经济适用房,商务住宅;住宅区;住宅小区,广洋路与广盛路交叉口东150米,118.834434,31.98553,江苏省,南京市,秦淮区,
7065,南圩62号,商务住宅;住宅区;住宅区,环城公路附近,118.84341,31.989027,江苏省,南京市,秦淮区,
7066,金家圩59号,商务住宅;住宅区;住宅区,丫洋路与广洋路交叉口西南150米,118.834857,31.992911,江苏省,南京市,秦淮区,
7067,金家圩60号,商务住宅;住宅区;住宅区,丫洋路与广洋路交叉口西100米,118.834794,31.99379,江苏省,南京市,秦淮区,
7068,金家圩58号,商务住宅;住宅区;住宅区,丫洋路与广洋路交叉口东南100米,118.835974,31.993314,江苏省,南京市,秦淮区,
7069,南圩108号,商务住宅;住宅区;住宅区,南圩168号灵龙工业园附近,118.847829,31.989953,江苏省,南京市,秦淮区,
7070,南圩36号,商务住宅;住宅区;住宅区,环城公路西100米,118.844379,31.988121,江苏省,南京市,秦淮区,
7071,南圩168号,商务住宅;住宅区;住宅区,环城公路东100米,118.847564,31.989322,江苏省,南京市,秦淮区,
7072,南圩126号,商务住宅;住宅区;住宅区,环城公路西50米,118.844691,31.98818,江苏省,南京市,秦淮区,
7073,江苏润桥电子科技有限公司研发楼,商务住宅;楼宇;商务写字楼,上高路与润发路交叉口西北150米,118.863456,31.98584,江苏省,南京市,江宁区,
7074,前庄31号,商务住宅;商务住宅相关;商务住宅相关,润麒路北200米,118.863292,31.993224,江苏省,南京市,江宁区,
7075,前庄18号,商务住宅;商务住宅相关;商务住宅相关,富康路东200米,118.861816,31.993799,江苏省,南京市,江宁区,
7076,前庄34号,商务住宅;商务住宅相关;商务住宅相关,润麒路北150米,118.863389,31.993064,江苏省,南京市,江宁区,
7077,前庄30号,商务住宅;商务住宅相关;商务住宅相关,润麒路北200米,118.863045,31.993232,江苏省,南京市,江宁区,
7078,祥宇大厦,商务住宅;楼宇;商务写字楼,市井路,118.868883,31.984691,江苏省,南京市,江宁区,
7079,南京申新智能科技有限公司研发楼,商务住宅;楼宇;商务写字楼,万泰路8号,118.88161,31.984909,江苏省,南京市,江宁区,
7080,华脉国际广场,商务住宅;楼宇;商务写字楼,丰泽路66号,118.875025,31.988221,江苏省,南京市,江宁区,
7081,中粮鸿云坊1期,商务住宅;住宅区;住宅小区,天临路东150米,118.882546,31.992488,江苏省,南京市,江宁区,
7082,中粮鸿云坊2期,商务住宅;住宅区;住宅小区,001县道西50米,118.884446,31.992414,江苏省,南京市,江宁区,
7083,云深处,商务住宅;住宅区;别墅,东山街道神凤路1169号,118.948684,31.993991,江苏省,南京市,江宁区,
7084,西江口社区,商务住宅;住宅区;住宅小区,张西路东50米,118.62002,31.9751,江苏省,南京市,浦口区,
7085,西江佳园,商务住宅;住宅区;住宅区,张西路东100米,118.61997,31.975678,江苏省,南京市,浦口区,
7086,云玺湾,商务住宅;住宅区;住宅小区,新亭街,118.683054,31.975845,江苏省,南京市,建邺区,
7087,海峡城第三街区,商务住宅;住宅区;住宅小区,扬子江大道399号,118.681628,31.975044,江苏省,南京市,建邺区,
7088,海峡城1期,商务住宅;住宅区;住宅小区,龙王大街附近,118.688618,31.97677,江苏省,南京市,建邺区,
7089,海峡城,商务住宅;住宅区;住宅小区,扬子江大道399号,118.686313,31.980887,江苏省,南京市,建邺区,
7090,云珑湾,商务住宅;住宅区;住宅小区,双龙路附近,118.685645,31.978855,江苏省,南京市,建邺区,
7091,云璟湾,商务住宅;住宅区;住宅小区,新亭街与邺城路交汇处,118.685348,31.976754,江苏省,南京市,建邺区,
7092,金地中心风华项目,商务住宅;住宅区;住宅区,河西南部淮河路与江东南路交汇处,118.68534,31.97629,江苏省,南京市,建邺区,
7093,海峡城2期,商务住宅;住宅区;住宅区,双闸路与淮河路交叉口西北150米,118.686313,31.980887,江苏省,南京市,建邺区,
7094,南京升龙汇金中心,商务住宅;楼宇;商住两用楼宇,江东南路,118.710906,31.981076,江苏省,南京市,建邺区,
7095,升龙·河西公馆,商务住宅;住宅区;住宅小区,庐山路附近,118.710941,31.978844,江苏省,南京市,建邺区,
7096,和熙臻苑,商务住宅;住宅区;住宅小区,保东路6号,118.705915,31.983961,江苏省,南京市,建邺区,
7097,和熙臻苑(南门),商务住宅;商务住宅相关;商务住宅相关,友谊街与支路三交叉口北100米,118.705452,31.983232,江苏省,南京市,建邺区,
7098,和熙臻苑(东门),商务住宅;商务住宅相关;商务住宅相关,保东路6号,118.706078,31.983765,江苏省,南京市,建邺区,
7099,保利·香槟国际(金沙江东街),商务住宅;住宅区;住宅小区,金沙江东街庐山路与交界,118.717494,31.981147,江苏省,南京市,建邺区,
7100,中和园,商务住宅;住宅区;住宅小区,金沙江东街18-3号,118.722823,31.97883,江苏省,南京市,建邺区,
7101,和府奥园,商务住宅;住宅区;住宅小区,"雨润大街79号(雨润大街以南,恒山路与黄山路之间)",118.72092,31.983601,江苏省,南京市,建邺区,
7102,恒山花苑,商务住宅;住宅区;住宅小区,恒山路199号,118.719633,31.982187,江苏省,南京市,建邺区,
7103,金沙雅苑,商务住宅;住宅区;住宅区,金沙江东街26号,118.72204,31.97982,江苏省,南京市,建邺区,
7104,双和园,商务住宅;住宅区;住宅小区,雨润大街19号,118.72321,31.982055,江苏省,南京市,建邺区,
7105,金沙江东路26号小区,商务住宅;住宅区;住宅小区,金沙江东街26号,118.721956,31.979876,江苏省,南京市,建邺区,
7106,双和园西区,商务住宅;住宅区;住宅小区,雨润大街19号,118.723114,31.98194,江苏省,南京市,建邺区,
7107,保利·香槟国际(北门),商务住宅;商务住宅相关;商务住宅相关,金沙江东街113号附近,118.717256,31.983106,江苏省,南京市,建邺区,
7108,京妆楼,商务住宅;楼宇;商务写字楼,广聚路31号安科大厦,118.73383,31.978987,江苏省,南京市,建邺区,
7109,双和园东区,商务住宅;住宅区;住宅小区,雨润大街19号,118.724832,31.980644,江苏省,南京市,建邺区,
7110,南京美展利研发大厦,商务住宅;楼宇;商务写字楼,云龙山路与康文路交叉口东北100米,118.732929,31.98379,江苏省,南京市,建邺区,
7111,卫检大厦,商务住宅;商务住宅相关;商务住宅相关,创智路39号,118.732915,31.980325,江苏省,南京市,建邺区,
7112,雨润公司第二公寓,商务住宅;住宅区;宿舍,雨润路10号,118.729563,31.98244,江苏省,南京市,建邺区,
7113,金浦·翡翠谷,商务住宅;住宅区;住宅小区,小行地铁南300米,118.739648,31.977239,江苏省,南京市,雨花台区,
7114,金浦小行G44地块,商务住宅;住宅区;住宅区,"国有空地,南至国有空地,西至宁芜铁路,北至中国人民解放军73912部队及国有空地",118.737291,31.976413,江苏省,南京市,雨花台区,
7115,中博信息技术研究院有限公司三号楼,商务住宅;楼宇;商务写字楼,小行路158号,118.741866,31.981226,江苏省,南京市,雨花台区,
7116,江苏第二师范学院女生宿舍,商务住宅;住宅区;宿舍,小行路附近,118.742707,31.97936,江苏省,南京市,雨花台区,
7117,顶健科技大厦,商务住宅;楼宇;商务写字楼,嘉陵江东街与广聚路交叉口东南150米,118.735044,31.979104,江苏省,南京市,建邺区,
7118,南京质监大厦,商务住宅;楼宇;商务写字楼,嘉陵江东街3号,118.734286,31.979406,江苏省,南京市,建邺区,
7119,君泰国际,商务住宅;楼宇;商务写字楼,,118.734332,31.978309,江苏省,南京市,建邺区,
7120,南京国际人才港,商务住宅;楼宇;商务写字楼,新城科技园嘉陵江东街18号南京国家广告产业园,118.735632,31.982266,江苏省,南京市,建邺区,
7121,南京朗睿软件科技有限公司,商务住宅;楼宇;楼宇相关,嘉陵江东街18号1栋4层,118.735159,31.981804,江苏省,南京市,建邺区,
7122,菊花二村,商务住宅;住宅区;住宅区,小行地铁口菊花二村,118.74383,31.981178,江苏省,南京市,雨花台区,
7123,南京国际广告大厦,商务住宅;楼宇;商务写字楼,广聚路31号附近,118.735057,31.982621,江苏省,南京市,建邺区,
7124,南河西岸,商务住宅;住宅区;住宅小区,河西大街与西城路交叉口北100米,118.741573,31.983885,江苏省,南京市,建邺区,
7125,北纬国际中心,商务住宅;楼宇;商务写字楼,创智路1号,118.736957,31.984207,江苏省,南京市,建邺区,
7126,龙家凹1号,商务住宅;住宅区;住宅区,,118.742997,31.9749,江苏省,南京市,雨花台区,
7127,南京建邺区嘉陵江东街18号6幢3楼,商务住宅;商务住宅相关;商务住宅相关,嘉陵江东街18号1栋附近,118.735132,31.981993,江苏省,南京市,建邺区,
7128,理想家青年公寓,商务住宅;商务住宅相关;商务住宅相关,小行街158号南京市公安局地铁分局后面,118.739898,31.978331,江苏省,南京市,雨花台区,
7129,菊花小区(菊花路),商务住宅;住宅区;住宅小区,小行里,118.746307,31.981483,江苏省,南京市,雨花台区,
7130,中南锦苑(建设中),商务住宅;住宅区;住宅小区,软件大道附近,118.748841,31.979446,江苏省,南京市,雨花台区,
7131,软件大道188号,商务住宅;商务住宅相关;商务住宅相关,软件大道188号b座附近,118.748487,31.977306,江苏省,南京市,雨花台区,
7132,菊花三村,商务住宅;住宅区;住宅区,小行路29-21(地铁站),118.74828,31.981899,江苏省,南京市,雨花台区,
7133,尤家凹,商务住宅;住宅区;住宅区,小行里尤家凹,118.746642,31.981955,江苏省,南京市,雨花台区,
7134,南京高精齿轮集团公司家属院,商务住宅;住宅区;住宅小区,尤家凹3号6,118.746743,31.977257,江苏省,南京市,雨花台区,
7135,恒大华府(软件大道),商务住宅;住宅区;住宅小区,软件大道与菊花路交汇处,118.747349,31.980027,江苏省,南京市,雨花台区,
7136,丰盛·商汇(软件大道),商务住宅;楼宇;商务写字楼,软件大道119号,118.761519,31.976317,江苏省,南京市,雨花台区,
7137,江苏科技金融大厦,商务住宅;楼宇;商务写字楼,安德门大街21号,118.76375,31.984183,江苏省,南京市,雨花台区,
7138,沈氏大厦,商务住宅;楼宇;商务写字楼,安德门大街与软件大道交叉口南100米,118.762689,31.974486,江苏省,南京市,雨花台区,
7139,丰盛商汇C地块,商务住宅;楼宇;商务写字楼,安德门大街31号附近,118.763045,31.980663,江苏省,南京市,雨花台区,
7140,丰盛·商汇(安德门大街),商务住宅;楼宇;商务写字楼,安德门大街49号附近,118.763913,31.976179,江苏省,南京市,雨花台区,
7141,雨花客厅,商务住宅;住宅区;住宅小区,安德门大街47号,118.763793,31.977034,江苏省,南京市,雨花台区,
7142,蓝筹谷,商务住宅;住宅区;住宅小区,软件大道108号(地铁站),118.770692,31.974788,江苏省,南京市,雨花台区,
7143,中兴物联研发大楼,商务住宅;楼宇;商务写字楼,花神大道,118.773376,31.974312,江苏省,南京市,雨花台区,
7144,望江矶小区,商务住宅;住宅区;住宅小区,花神大道(地铁站),118.773672,31.983003,江苏省,南京市,雨花台区,
7145,雨花台区检察院业务综合楼,商务住宅;楼宇;商务写字楼,郁金香路南200米,118.77935,31.97993,江苏省,南京市,雨花台区,
7146,宏图·上水园,商务住宅;住宅区;住宅小区,软件大道与花神大道交汇处东北角,118.778117,31.980432,江苏省,南京市,雨花台区,
7147,凯润大厦,商务住宅;楼宇;商务写字楼,文竹路8号,118.77774,31.974265,江苏省,南京市,雨花台区,
7148,华通大厦(文竹路),商务住宅;楼宇;商务写字楼,软件大道66号,118.776868,31.975617,江苏省,南京市,雨花台区,
7149,吉美思大厦,商务住宅;楼宇;商务写字楼,郁金香路30号,118.780876,31.981498,江苏省,南京市,雨花台区,
7150,国泰科创大厦,商务住宅;楼宇;商务写字楼,郁金香路36号,118.779798,31.981086,江苏省,南京市,雨花台区,
7151,宏图上水庭院,商务住宅;住宅区;住宅小区,花神大道11号(软件大道地铁站入口旁),118.777449,31.978241,江苏省,南京市,雨花台区,
7152,馨然园,商务住宅;住宅区;住宅区,花神大道附近,118.776618,31.983756,江苏省,南京市,雨花台区,
7153,国泰科创大厦B座,商务住宅;楼宇;商务写字楼,郁金香路36号,118.77943,31.980991,江苏省,南京市,雨花台区,
7154,国泰科创大厦A座,商务住宅;楼宇;商务写字楼,郁金香路36号,118.77943,31.980991,江苏省,南京市,雨花台区,
7155,翠岛花城(软件大道),商务住宅;住宅区;住宅小区,宁南新区丁墙村10号地郁金香路,118.787989,31.981061,江苏省,南京市,雨花台区,
7156,花神美境,商务住宅;住宅区;住宅小区,宁南大道9号(宁南新区玉兰路与宁南大道交汇处),118.793028,31.982508,江苏省,南京市,雨花台区,
7157,苏豪国际广场,商务住宅;楼宇;商务写字楼,软件大道48号,118.788855,31.976941,江苏省,南京市,雨花台区,
7158,花神大厦(软件大道),商务住宅;楼宇;商务写字楼,软件大道11号,118.793,31.981262,江苏省,南京市,雨花台区,
7159,本园有部分仓库、写字楼招租,商务住宅;商务住宅相关;商务住宅相关,玉兰路86-2号,118.792863,31.976219,江苏省,南京市,雨花台区,
7160,雅菊苑,商务住宅;住宅区;住宅区,翠岛西路与花城西路交叉口东南100米,118.786378,31.980897,江苏省,南京市,雨花台区,
7161,绿地玉晖晶舍,商务住宅;商务住宅相关;商务住宅相关,软件大道与玉兰路交汇处,118.791926,31.978309,江苏省,南京市,雨花台区,
7162,湖景独栋逼格别墅轰趴,商务住宅;商务住宅相关;商务住宅相关,锦绣花园菊香园178栋,118.790492,31.983653,江苏省,南京市,雨花台区,
7163,芳庭居,商务住宅;住宅区;住宅区,软件大道翠岛花城,118.790196,31.980671,江苏省,南京市,雨花台区,
7164,水芙苑,商务住宅;商务住宅相关;商务住宅相关,软件大道19号,118.788689,31.9793,江苏省,南京市,雨花台区,
7165,南研2区,商务住宅;商务住宅相关;商务住宅相关,软件大道50号,118.787532,31.975338,江苏省,南京市,雨花台区,
7166,苏豪国际广场B座,商务住宅;商务住宅相关;商务住宅相关,苏豪国际广场B幢,118.78873,31.976401,江苏省,南京市,雨花台区,
7167,苏豪国际广场(南门),商务住宅;商务住宅相关;商务住宅相关,中兴通讯对面,118.788855,31.976941,江苏省,南京市,雨花台区,
7168,苏豪国际广场A座,商务住宅;商务住宅相关;商务住宅相关,软件大道48号,118.789515,31.976945,江苏省,南京市,雨花台区,
7169,苏豪国际广场C座,商务住宅;商务住宅相关;商务住宅相关,软件大道48号,118.788331,31.976967,江苏省,南京市,雨花台区,
7170,苏豪国际广场(北门),商务住宅;商务住宅相关;商务住宅相关,软件大道48号,118.788855,31.976941,江苏省,南京市,雨花台区,
7171,金美家国际,商务住宅;商务住宅相关;商务住宅相关,卡子门大街88号家乐家5层,118.801626,31.98126,江苏省,南京市,雨花台区,
7172,智谷安卓大屏,商务住宅;商务住宅相关;商务住宅相关,宁南大道20号-1幢-115室,118.798162,31.980761,江苏省,南京市,雨花台区,
7173,丝瓜精品公寓,商务住宅;商务住宅相关;商务住宅相关,玉兰路99号,118.79617,31.978361,江苏省,南京市,雨花台区,
7174,宁南农花村经济适用房,商务住宅;住宅区;住宅区,宁南街道农花村(丁墙路与双龙大道交汇处),118.801153,31.980997,江苏省,南京市,雨花台区,
7175,华袖美景,商务住宅;商务住宅相关;商务住宅相关,软件大道9号,118.794146,31.981837,江苏省,南京市,雨花台区,
7176,爱上公寓,商务住宅;商务住宅相关;商务住宅相关,玉兰路明发商业广场2幢,118.79847,31.978994,江苏省,南京市,雨花台区,
7177,明发商业广场(丁墙路),购物服务;商场;普通商场|商务住宅;楼宇;商务写字楼,玉兰路99号,118.79774,31.977634,江苏省,南京市,雨花台区,
7178,明发商业广场(西门),商务住宅;商务住宅相关;商务住宅相关,丁墙路与玉兰路交叉口东150米,118.79488,31.97723,江苏省,南京市,雨花台区,
7179,石林·家乐家(北门),商务住宅;商务住宅相关;商务住宅相关,卡子门大街88号,118.800891,31.98127,江苏省,南京市,雨花台区,
7180,汇美苑,商务住宅;住宅区;住宅小区,汇景路145号,118.809264,31.981182,江苏省,南京市,秦淮区,
7181,下坞营128号,商务住宅;住宅区;住宅区,G42沪蓉高速附近,118.811929,31.98067,江苏省,南京市,秦淮区,
7182,汇景家园汇祥苑,商务住宅;住宅区;住宅小区,汇景东路1,118.811819,31.981388,江苏省,南京市,秦淮区,
7183,夹岗村经济适用住房综合楼,商务住宅;住宅区;住宅小区,汇景西路与汇景路交叉口东南100米,118.810274,31.982321,江苏省,南京市,秦淮区,
7184,保利·堂悦,商务住宅;住宅区;住宅小区,汇景北路南,118.806143,31.981639,江苏省,南京市,秦淮区,
7185,夹岗门78号,商务住宅;住宅区;住宅区,夹岗东路与柴园路交叉口东北50米,118.812867,31.978644,江苏省,南京市,秦淮区,
7186,汇满苑,商务住宅;住宅区;住宅小区,汇景西路33,118.808463,31.982636,江苏省,南京市,秦淮区,
7187,夹岗门77号,商务住宅;住宅区;住宅区,夹岗东路与柴园路交叉口东50米,118.813034,31.978666,江苏省,南京市,秦淮区,
7188,汇景家园汇幸苑,商务住宅;住宅区;住宅小区,汇景东路与汇景南路交汇处西150米,118.811553,31.982558,江苏省,南京市,秦淮区,
7189,夹岗门32号,商务住宅;住宅区;住宅区,双麒路与夹岗东路交叉口西50米,118.812809,31.97692,江苏省,南京市,秦淮区,
7190,夹岗门36号,商务住宅;住宅区;住宅区,双麒路与夹岗东路交叉口北50米,118.813028,31.97719,江苏省,南京市,秦淮区,
7191,夹岗门71号,商务住宅;住宅区;住宅区,夹岗东路与柴园路交叉口东100米,118.813719,31.978814,江苏省,南京市,秦淮区,
7192,夹岗门43号,商务住宅;住宅区;住宅区,双麒路与夹岗东路交叉口东北100米,118.81361,31.977535,江苏省,南京市,秦淮区,
7193,汇景家园景文苑,商务住宅;住宅区;住宅小区,汇景北路33号,118.807911,31.983438,江苏省,南京市,秦淮区,
7194,夹岗门41号,商务住宅;住宅区;住宅区,双麒路与夹岗东路交叉口东北100米,118.813523,31.977334,江苏省,南京市,秦淮区,
7195,复地·宴南都,商务住宅;住宅区;住宅小区,汇景北路与卡子门大街交汇处,118.805062,31.982628,江苏省,南京市,秦淮区,
7196,汇福苑,商务住宅;住宅区;住宅小区,汇景路78号,118.810786,31.983704,江苏省,南京市,秦淮区,
7197,汇景家园64号,商务住宅;住宅区;住宅区,汇景东路与汇景路交叉口东北50米,118.812153,31.983648,江苏省,南京市,秦淮区,
7198,张家板跳7号,商务住宅;住宅区;住宅区,伦发路与叶园路交叉口东200米,118.806287,31.983991,江苏省,南京市,秦淮区,
7199,汇平苑,商务住宅;住宅区;住宅小区,汇景南路15号,118.813904,31.982431,江苏省,南京市,秦淮区,
7200,张家板跳2号,商务住宅;住宅区;住宅区,伦发路与叶园路交叉口东150米,118.806041,31.983968,江苏省,南京市,秦淮区,
7201,汇安苑,商务住宅;住宅区;住宅小区,汇景南路44号,118.81346,31.983338,江苏省,南京市,秦淮区,
7202,长发荟邻中心,商务住宅;楼宇;商务写字楼,汇景南路与汇景西路交叉口北100米,118.810537,31.982123,江苏省,南京市,秦淮区,
7203,景泰苑,商务住宅;住宅区;住宅小区,柴园北路168号,118.816051,31.983069,江苏省,南京市,秦淮区,
7204,汇景家园(景泰苑),商务住宅;住宅区;住宅小区,康泰路26号,118.816022,31.98308,江苏省,南京市,秦淮区,
7205,汇景家园景康苑,商务住宅;住宅区;住宅小区,康景路26号,118.815394,31.984102,江苏省,南京市,秦淮区,
7206,柴家营58号,商务住宅;住宅区;住宅区,柴园东路与柴园北路交叉口西100米,118.818115,31.981364,江苏省,南京市,秦淮区,
7207,柴家营129号,商务住宅;住宅区;住宅区,柴园东路东50米,118.82148,31.981977,江苏省,南京市,秦淮区,
7208,柴家园37号,商务住宅;住宅区;住宅区,柴园东路与柴园北路交叉口东南50米,118.819283,31.981367,江苏省,南京市,秦淮区,
7209,柴家园32号,商务住宅;住宅区;住宅区,柴园东路与柴园北路交叉口东北100米,118.819565,31.981685,江苏省,南京市,秦淮区,
7210,柴家营77号,商务住宅;住宅区;住宅区,柴园东路与柴园北路交叉口西南100米,118.818435,31.981019,江苏省,南京市,秦淮区,
7211,柴家营47号,商务住宅;住宅区;住宅区,柴园东路与柴园北路交叉口西100米,118.818485,31.981193,江苏省,南京市,秦淮区,
7212,柴家营124号,商务住宅;住宅区;住宅区,柴园东路南50米,118.820922,31.982105,江苏省,南京市,秦淮区,
7213,柴家园26号,商务住宅;住宅区;住宅区,柴园东路与柴园北路交叉口东北150米,118.820128,31.981923,江苏省,南京市,秦淮区,
7214,柴家营17号,商务住宅;住宅区;住宅区,柴园东路与柴园北路交叉口东50米,118.819501,31.981283,江苏省,南京市,秦淮区,
7215,柴家营82号,商务住宅;住宅区;住宅区,柴园东路与柴园北路交叉口西南100米,118.818408,31.980815,江苏省,南京市,秦淮区,
7216,柴家园35号,商务住宅;住宅区;住宅区,柴园东路与柴园北路交叉口东100米,118.819693,31.981518,江苏省,南京市,秦淮区,
7217,明月港湾,商务住宅;住宅区;住宅小区,金盛路988号,118.833537,31.977224,江苏省,南京市,江宁区,
7218,金港花园(金盛路),商务住宅;住宅区;住宅小区,金盛路998号,118.832567,31.98006,江苏省,南京市,江宁区,
7219,金竹花园,商务住宅;住宅区;住宅小区,金盛路359号,118.830156,31.97918,江苏省,南京市,江宁区,
7220,天地新城天柱座小区,商务住宅;住宅区;住宅小区,金盛路,118.827028,31.976143,江苏省,南京市,江宁区,
7221,邵圣安置房,商务住宅;住宅区;住宅小区,双麒路南150米,118.82731,31.978819,江苏省,南京市,江宁区,
7222,汤家坝166号,商务住宅;住宅区;住宅区,双麒路南150米,118.825923,31.97903,江苏省,南京市,江宁区,
7223,天地新城天心座,商务住宅;住宅区;住宅小区,天地新城,118.823947,31.975073,江苏省,南京市,江宁区,
7224,汤家坝218号,商务住宅;住宅区;住宅区,佳营中路135号附近,118.824906,31.982717,江苏省,南京市,秦淮区,
7225,明月港湾彩云湾,商务住宅;住宅区;住宅区,中心路,118.834324,31.978419,江苏省,南京市,江宁区,
7226,前马场100号,商务住宅;住宅区;住宅区,澳东路西100米,118.841393,31.979206,江苏省,南京市,江宁区,
7227,前马场43号,商务住宅;住宅区;住宅区,澳东路西100米,118.841855,31.97919,江苏省,南京市,江宁区,
7228,后淹儿港46号,商务住宅;住宅区;住宅区,前淹儿巷东200米,118.838758,31.974513,江苏省,南京市,江宁区,
7229,前马场71号,商务住宅;住宅区;住宅区,澳东路西150米,118.841402,31.978417,江苏省,南京市,江宁区,
7230,前马场76号,商务住宅;住宅区;住宅区,澳东路西150米,118.840461,31.979942,江苏省,南京市,江宁区,
7231,后淹儿港45号,商务住宅;住宅区;住宅区,,118.839253,31.974254,江苏省,南京市,江宁区,
7232,后淹儿港47号,商务住宅;住宅区;住宅区,前淹儿巷东200米,118.838882,31.974472,江苏省,南京市,江宁区,
7233,后淹儿港43号,商务住宅;住宅区;住宅区,前淹儿巷东200米,118.838569,31.974553,江苏省,南京市,江宁区,
7234,后淹儿港44号,商务住宅;住宅区;住宅区,,118.839131,31.974222,江苏省,南京市,江宁区,
7235,后奥东49号,商务住宅;住宅区;住宅区,富民路南50米,118.850595,31.98032,江苏省,南京市,江宁区,
7236,后奥东8号,商务住宅;住宅区;住宅区,富民路西50米,118.849718,31.980269,江苏省,南京市,江宁区,
7237,卢家桥18号,商务住宅;住宅区;住宅区,富民路与石羊路交叉口东100米,118.861115,31.977518,江苏省,南京市,江宁区,
7238,卢家桥81号,商务住宅;住宅区;住宅区,富民路与石羊路交叉口南200米附近,118.859398,31.975916,江苏省,南京市,江宁区,
7239,卢家桥14号,商务住宅;住宅区;住宅区,富民路与石羊路交叉口东100米,118.860737,31.977404,江苏省,南京市,江宁区,
7240,润景国际,商务住宅;楼宇;商务写字楼,天行西路9号,118.869918,31.97576,江苏省,南京市,江宁区,
7241,润景国际2幢,商务住宅;楼宇;商务写字楼,天行路附近,118.868598,31.976065,江苏省,南京市,江宁区,
7242,南京平达投资管理有限公司研发楼,商务住宅;楼宇;商务写字楼,上高路与高上线交叉口北100米,118.876756,31.974876,江苏省,南京市,江宁区,
7243,金威国际广场,商务住宅;楼宇;商务写字楼,东麒路,118.87484,31.974547,江苏省,南京市,江宁区,
7244,平达国际广场,商务住宅;楼宇;商务写字楼,高上线和上高路的交叉口附近,118.876045,31.974895,江苏省,南京市,江宁区,
7245,东山国际企业研发园D座,商务住宅;楼宇;商务写字楼,临麒路东150米,118.879311,31.983151,江苏省,南京市,江宁区,
7246,东山国际企业研发园C座,商务住宅;楼宇;商务写字楼,东麒路33号B座附近,118.879733,31.982748,江苏省,南京市,江宁区,
7247,东山国际企业研发园B座,商务住宅;楼宇;商务写字楼,东麒路与临麒路交叉口西北150米,118.879529,31.982102,江苏省,南京市,江宁区,
7248,东山国际企业研发园载体平台项目管委会大楼,商务住宅;楼宇;商务写字楼,上高路与东麒路交叉口南50米,118.87426,31.975711,江苏省,南京市,江宁区,
7249,万汇新城经济适用房,商务住宅;住宅区;住宅区,上坊老镇东麟路东与104国道之间(万安北路两侧),118.88365,31.977789,江苏省,南京市,江宁区,
7250,桃园老年公寓,商务住宅;住宅区;住宅小区,桃园村156,118.903213,31.979465,江苏省,南京市,江宁区,
7251,兰花塘社区,商务住宅;住宅区;住宅小区,绕城公路东50米,118.572068,31.967482,江苏省,南京市,浦口区,
7252,中和村经济适用房4期,商务住宅;住宅区;住宅小区,高庙路附近,118.691057,31.967347,江苏省,南京市,建邺区,
7253,鲁能公馆,商务住宅;住宅区;住宅小区,河西南螺塘路南侧,118.688738,31.964479,江苏省,南京市,建邺区,
7254,招商雍和府,商务住宅;住宅区;住宅小区,双龙路69号,118.690302,31.968606,江苏省,南京市,建邺区,
7255,朗诗熙华府(在建中),商务住宅;住宅区;住宅小区,元前路附近,118.692322,31.967862,江苏省,南京市,建邺区,
7256,福建正荣2013G63地块,商务住宅;商务住宅相关;商务住宅相关,河西南部27-1号地块,118.700709,31.970169,江苏省,南京市,建邺区,
7257,南京升龙天汇,商务住宅;住宅区;住宅小区,江南东路,118.698698,31.964804,江苏省,南京市,建邺区,
7258,正荣润峰,商务住宅;住宅区;住宅小区,吴侯街与高庙路交叉口,118.695196,31.96576,江苏省,南京市,建邺区,
7259,崇文金城,商务住宅;住宅区;住宅小区,吴侯街158号,118.695678,31.968302,江苏省,南京市,建邺区,
7260,佳兆业城市广场,商务住宅;住宅区;住宅小区,元前路,118.702907,31.970508,江苏省,南京市,建邺区,
7261,五矿崇文金城B区,商务住宅;商务住宅相关;商务住宅相关,高庙路,118.695678,31.968302,江苏省,南京市,建邺区,
7262,佳兆业城市广场售楼处,商务住宅;商务住宅相关;商务住宅相关,太清路北50米,118.703872,31.967224,江苏省,南京市,建邺区,
7263,清辉园,商务住宅;住宅区;住宅小区,高庙路8号,118.70582,31.965857,江苏省,南京市,建邺区,
7264,金穗花园(中和路),商务住宅;住宅区;住宅小区,中和路99号,118.712554,31.967974,江苏省,南京市,建邺区,
7265,中和村经济适用住房3期,商务住宅;住宅区;住宅小区,中和路与太清路交叉口西南100米,118.70824,31.965673,江苏省,南京市,建邺区,
7266,沙洲街道金穗花园社区,商务住宅;住宅区;住宅小区,中河路101-12,118.710758,31.967951,江苏省,南京市,建邺区,
7267,金穗花园(西门),商务住宅;商务住宅相关;商务住宅相关,中和路99号8栋1单元2303,118.711183,31.968565,江苏省,南京市,建邺区,
7268,清荷园南园(西门),商务住宅;商务住宅相关;商务住宅相关,中和路东150米,118.713313,31.969945,江苏省,南京市,建邺区,
7269,中和村经济适用房,商务住宅;住宅区;住宅区,沙洲街道中和村(黄河路与渭河路交汇处),118.70929,31.96738,江苏省,南京市,建邺区,
7270,莲花新城北苑,商务住宅;住宅区;住宅小区,友谊街38号,118.719843,31.96883,江苏省,南京市,建邺区,
7271,竹柳新村,商务住宅;住宅区;住宅小区,西善桥北路40号,118.723712,31.967233,江苏省,南京市,雨花台区,
7272,天迈广场,商务住宅;楼宇;商务写字楼,莲池路,118.721266,31.966306,江苏省,南京市,建邺区,
7273,首创立方,商务住宅;住宅区;住宅小区,建邺地铁二号线天迈广场油坊桥站,118.722019,31.968131,江苏省,南京市,建邺区,
7274,清荷园小区,商务住宅;住宅区;住宅小区,中和村,118.715955,31.972283,江苏省,南京市,建邺区,
7275,铂悦公寓,商务住宅;住宅区;住宅小区,莲池路首创·天迈广场,118.720162,31.96552,江苏省,南京市,建邺区,
7276,莲花新城嘉园,商务住宅;住宅区;住宅小区,莲池路50号,118.71664,31.965181,江苏省,南京市,建邺区,
7277,竹柳南苑,商务住宅;住宅区;住宅小区,西善桥北路42路,118.722915,31.966357,江苏省,南京市,雨花台区,
7278,沙洲司法所莲花北苑社区,商务住宅;住宅区;住宅小区,友谊街46-3号附近,118.720029,31.969718,江苏省,南京市,建邺区,
7279,莲花新城,商务住宅;商务住宅相关;商务住宅相关,沙洲街道汾河路38号,118.71547,31.969798,江苏省,南京市,建邺区,
7280,清荷园北园,商务住宅;住宅区;住宅小区,中和路69号,118.71619,31.973409,江苏省,南京市,建邺区,
7281,嘉园公寓(南京莲花嘉园店),商务住宅;商务住宅相关;商务住宅相关,莲池路50号莲花嘉园18幢,118.714927,31.965561,江苏省,南京市,建邺区,
7282,友谊公寓93号,商务住宅;住宅区;住宅区,宁芜公路93-12号附近,118.721848,31.964316,江苏省,南京市,雨花台区,
7283,清荷园南园(东门),商务住宅;商务住宅相关;商务住宅相关,友谊路69号,118.71454,31.971171,江苏省,南京市,建邺区,
7284,南京市陌森精品连锁公寓油坊桥站,商务住宅;商务住宅相关;商务住宅相关,油坊桥地铁站2号口莲花嘉园17号楼,118.72131,31.966494,江苏省,南京市,建邺区,
7285,清荷园南园,商务住宅;住宅区;住宅区,友谊街65号附近,118.7144,31.970149,江苏省,南京市,建邺区,
7286,汪家8号,商务住宅;住宅区;住宅区,,118.730479,31.969622,江苏省,南京市,雨花台区,
7287,大众花园,商务住宅;住宅区;住宅小区,西善桥北路28号,118.72856,31.97117,江苏省,南京市,雨花台区,
7288,青山竹苑,商务住宅;住宅区;住宅小区,油坊村贾东村98号,118.730422,31.970767,江苏省,南京市,雨花台区,
7289,汪家50号,商务住宅;住宅区;住宅区,,118.73073,31.967878,江苏省,南京市,雨花台区,
7290,汪家58号,商务住宅;住宅区;住宅区,,118.73024,31.965973,江苏省,南京市,雨花台区,
7291,樊家洼54号,商务住宅;住宅区;住宅区,油坊中心路西200米,118.733149,31.967874,江苏省,南京市,雨花台区,
7292,樊家洼56号,商务住宅;住宅区;住宅区,油坊中心路西150米,118.733404,31.96753,江苏省,南京市,雨花台区,
7293,樊家洼55号,商务住宅;住宅区;住宅区,油坊中心路西150米,118.733154,31.967046,江苏省,南京市,雨花台区,
7294,朝发机电厂宿舍,商务住宅;住宅区;宿舍,油坊桥,118.731172,31.972984,江苏省,南京市,雨花台区,
7295,樊家洼8号,商务住宅;住宅区;住宅区,油坊中心路西100米,118.733169,31.966555,江苏省,南京市,雨花台区,
7296,明豪花园,商务住宅;住宅区;住宅小区,西善桥贾东村101号,118.73273,31.97244,江苏省,南京市,雨花台区,
7297,樊家洼7号,商务住宅;住宅区;住宅区,油坊中心路西100米,118.732329,31.965693,江苏省,南京市,雨花台区,
7298,樊家洼5号,商务住宅;住宅区;住宅区,油坊中心路西100米,118.732937,31.965996,江苏省,南京市,雨花台区,
7299,樊家洼4号,商务住宅;住宅区;住宅区,油坊中心路西100米,118.732855,31.965896,江苏省,南京市,雨花台区,
7300,樊家洼2号,商务住宅;住宅区;住宅区,油坊中心路西100米,118.732724,31.965753,江苏省,南京市,雨花台区,
7301,樊家洼1号,商务住宅;住宅区;住宅区,油坊中心路西100米,118.732567,31.96561,江苏省,南京市,雨花台区,
7302,贾西55号,商务住宅;住宅区;住宅区,油坊中心路西150米,118.730519,31.964542,江苏省,南京市,雨花台区,
7303,贾西63号,商务住宅;住宅区;住宅区,油坊中心路西150米,118.730192,31.964434,江苏省,南京市,雨花台区,
7304,贾西39号,商务住宅;住宅区;住宅区,油坊中心路西150米,118.729853,31.964282,江苏省,南京市,雨花台区,
7305,贾西107号,商务住宅;住宅区;住宅区,油坊中心路西50米贾西110号附近,118.732004,31.964949,江苏省,南京市,雨花台区,
7306,贾西104号,商务住宅;住宅区;住宅区,油坊中心路西50米,118.733646,31.9661,江苏省,南京市,雨花台区,
7307,贾西106号,商务住宅;住宅区;住宅区,油坊中心路西50米,118.732626,31.965174,江苏省,南京市,雨花台区,
7308,贾西58号,商务住宅;住宅区;住宅区,油坊中心路西100米,118.730839,31.964333,江苏省,南京市,雨花台区,
7309,贾西138号,商务住宅;住宅区;住宅区,油坊中心路西50米,118.732403,31.964955,江苏省,南京市,雨花台区,
7310,贾西110号,商务住宅;住宅区;住宅区,油坊中心路西50米,118.731979,31.964716,江苏省,南京市,雨花台区,
7311,贾西4号,商务住宅;住宅区;住宅区,油坊中心路西100米,118.731331,31.964395,江苏省,南京市,雨花台区,
7312,贾西105号,商务住宅;住宅区;住宅区,油坊中心路东50米,118.73282,31.964915,江苏省,南京市,雨花台区,
7313,7彩星城,商务住宅;住宅区;住宅小区,西善桥北路9-2号,118.724713,31.964967,江苏省,南京市,雨花台区,
7314,贾西103号,商务住宅;住宅区;住宅区,油坊桥贾西村103号附近,118.733791,31.96545,江苏省,南京市,雨花台区,
7315,贾西108号,商务住宅;住宅区;住宅区,油坊中心路东50米,118.733249,31.964827,江苏省,南京市,雨花台区,
7316,七彩星城国学府,商务住宅;住宅区;住宅小区,西善桥北路87号,118.72426,31.964663,江苏省,南京市,雨花台区,
7317,七彩幸福里,商务住宅;商务住宅相关;商务住宅相关,油坊桥汪家村9-13号(青山竹苑小区南侧),118.72688,31.967707,江苏省,南京市,雨花台区,
7318,海豚青年公寓,商务住宅;商务住宅相关;商务住宅相关,西善桥北路23号,118.726418,31.968855,江苏省,南京市,雨花台区,
7319,琥珀花园(西苑),商务住宅;住宅区;住宅小区,凤信路68号,118.737957,31.972204,江苏省,南京市,雨花台区,
7320,琥珀花园(东苑),商务住宅;住宅区;住宅小区,凤信路,118.741384,31.971405,江苏省,南京市,雨花台区,
7321,贾西101号,商务住宅;住宅区;住宅区,油坊中心路东50米,118.734127,31.965911,江苏省,南京市,雨花台区,
7322,贾西102号,商务住宅;住宅区;住宅区,油坊中心路东50米,118.733953,31.965984,江苏省,南京市,雨花台区,
7323,樊家洼58号,商务住宅;住宅区;住宅区,油坊中心路西100米,118.734059,31.967308,江苏省,南京市,雨花台区,
7324,樊家洼52号,商务住宅;住宅区;住宅区,油坊中心路西50米,118.734017,31.966529,江苏省,南京市,雨花台区,
7325,汇智大厦(宁双路),商务住宅;楼宇;商务写字楼,宁双路28号,118.753086,31.972501,江苏省,南京市,雨花台区,
7326,创智大厦(西春路),商务住宅;楼宇;商务写字楼,西春路1号,118.748586,31.969106,江苏省,南京市,雨花台区,
7327,中和大厦,商务住宅;楼宇;商务写字楼,西春路附近,118.74927,31.970242,江苏省,南京市,雨花台区,
7328,铁心桥服务区C座,商务住宅;商务住宅相关;商务住宅相关,铁心桥服务区与G42沪蓉高速交叉口东北150米,118.745731,31.967161,江苏省,南京市,雨花台区,
7329,铁心桥服务区B座,商务住宅;商务住宅相关;商务住宅相关,G42沪蓉高速入口与G42沪蓉高速出口交叉口西北100米,118.746565,31.967007,江苏省,南京市,雨花台区,
7330,邃密科技大厦,商务住宅;商务住宅相关;商务住宅相关,西春路,118.749243,31.970723,江苏省,南京市,雨花台区,
7331,龙家凹22号,商务住宅;住宅区;住宅区,武宁路东50米,118.745945,31.974061,江苏省,南京市,雨花台区,
7332,龙家凹99号,商务住宅;住宅区;住宅区,武宁路西100米,118.744798,31.973882,江苏省,南京市,雨花台区,
7333,雨花区小行小区,商务住宅;住宅区;住宅小区,尤家凹22号,118.745852,31.974046,江苏省,南京市,雨花台区,
7334,春江新城新河苑(北门),商务住宅;商务住宅相关;商务住宅相关,江艺路西150米,118.744105,31.964678,江苏省,南京市,雨花台区,
7335,雨花信息港,商务住宅;商务住宅相关;商务住宅相关,宁双路28号,118.753134,31.972028,江苏省,南京市,雨花台区,
7336,春江新城龙泉坊,商务住宅;住宅区;住宅小区,铁心桥街道,118.753045,31.96466,江苏省,南京市,雨花台区,
7337,凤翔新城2期,商务住宅;住宅区;住宅小区,宁双路7号,118.760284,31.969488,江苏省,南京市,雨花台区,
7338,凤翔新城,商务住宅;住宅区;住宅小区,宁双路7号,118.75743,31.969553,江苏省,南京市,雨花台区,
7339,曹梁复建房,商务住宅;住宅区;住宅区,近郊宁双路6号,118.759895,31.972,江苏省,南京市,雨花台区,
7340,民警附属及备勤综合用房,商务住宅;住宅区;住宅区,凤信路北50米,118.754903,31.968076,江苏省,南京市,雨花台区,
7341,凤翔花园,商务住宅;住宅区;住宅小区,,118.760583,31.965384,江苏省,南京市,雨花台区,
7342,九号别墅,商务住宅;住宅区;别墅,铁心桥街道凤翔山庄二四区38号,118.75646,31.964735,江苏省,南京市,雨花台区,
7343,凤翔山庄2、4区,商务住宅;住宅区;住宅小区,春江路52号,118.756967,31.964357,江苏省,南京市,雨花台区,
7344,饮溪坊,商务住宅;住宅区;住宅小区,铁心桥街道,118.754133,31.964702,江苏省,南京市,雨花台区,
7345,怡化中心,商务住宅;楼宇;商务写字楼,安德门大街50号,118.763027,31.972291,江苏省,南京市,雨花台区,
7346,楚翘城,商务住宅;楼宇;商住两用楼宇,安德门大街61号安德门大街与宁双路交汇处,118.764521,31.970549,江苏省,南京市,雨花台区,
7347,中兴人才公寓(宁双路),商务住宅;住宅区;住宅小区,安德门大街53号,118.76763,31.970805,江苏省,南京市,雨花台区,
7348,梁家洼8号,商务住宅;住宅区;住宅区,华为路与宁双路交叉口东北200米,118.76753,31.972695,江苏省,南京市,雨花台区,
7349,梁家洼6号,商务住宅;住宅区;住宅区,华为路与宁双路交叉口东北150米,118.767074,31.972726,江苏省,南京市,雨花台区,
7350,畅景苑,商务住宅;住宅区;住宅小区,景明佳园花神大道,118.778697,31.965385,江苏省,南京市,雨花台区,
7351,三江学院高等职业技术学院2号男生公寓,商务住宅;住宅区;宿舍,共青团路与花神大道交叉口西100米,118.774603,31.966143,江苏省,南京市,雨花台区,
7352,三江学院高等职业技术学院1号女生公寓,商务住宅;住宅区;宿舍,花神大道128号三江学院东校区附近,118.77453,31.965394,江苏省,南京市,雨花台区,
7353,京妆商务,商务住宅;楼宇;商务写字楼,花神大道23号,118.777549,31.97276,江苏省,南京市,雨花台区,
7354,泽天能源西楼,商务住宅;楼宇;商务写字楼,花神大道23号,118.77634,31.97284,江苏省,南京市,雨花台区,
7355,泽天能源东楼,商务住宅;楼宇;商务写字楼,花神大道23号,118.77655,31.97285,江苏省,南京市,雨花台区,
7356,德讯科技大厦,商务住宅;楼宇;商务写字楼,花神大道21号,118.775829,31.973621,江苏省,南京市,雨花台区,
7357,双龙嘉园,商务住宅;住宅区;住宅小区,石华街16号,118.788618,31.969126,江苏省,南京市,雨花台区,
7358,绿地之窗(锦绣街),商务住宅;住宅区;住宅小区|商务住宅;楼宇;商住两用楼宇,锦绣街,118.791056,31.967498,江苏省,南京市,雨花台区,
7359,双龙嘉园西区,商务住宅;住宅区;住宅小区,石华街7号附近,118.787111,31.969484,江苏省,南京市,雨花台区,
7360,双龙嘉园东区,商务住宅;住宅区;住宅小区,梅香路5号,118.787391,31.968239,江苏省,南京市,雨花台区,
7361,双龙嘉园南区,商务住宅;住宅区;住宅小区,石华街16号,118.79013,31.969281,江苏省,南京市,雨花台区,
7362,双龙嘉园居民活动室,商务住宅;住宅区;社区中心,石华街18号,118.788118,31.968639,江苏省,南京市,雨花台区,
7363,双龙嘉园北区,商务住宅;住宅区;住宅小区,石华街15号,118.789171,31.970231,江苏省,南京市,雨花台区,
7364,梅香路5号院,商务住宅;住宅区;住宅区,梅香路5号,118.786958,31.967686,江苏省,南京市,雨花台区,
7365,南京金轮星立方,商务住宅;楼宇;商务写字楼,明城大道与毓秀街交叉口西北150米,118.801243,31.972788,江苏省,南京市,雨花台区,
7366,万科九都荟,商务住宅;住宅区;住宅小区,金阳东街18号,118.806645,31.967197,江苏省,南京市,江宁区,
7367,九都荟B区,商务住宅;住宅区;住宅小区,金阳东街东150米,118.805866,31.969171,江苏省,南京市,江宁区,
7368,九都荟C区,商务住宅;住宅区;住宅小区,明城大道东200米,118.806694,31.9678,江苏省,南京市,江宁区,
7369,证大喜玛拉雅,商务住宅;住宅区;住宅区,金阳东街与明城大道交汇处100米(南京南站南广场旁),118.80415,31.965949,江苏省,南京市,江宁区,
7370,祥云苑,商务住宅;住宅区;住宅小区,双龙大道,118.813189,31.971748,江苏省,南京市,江宁区,
7371,天龙山庄(双龙大道辅路),商务住宅;住宅区;住宅小区,双龙大道464号,118.813464,31.968956,江苏省,南京市,江宁区,
7372,双龙别墅,商务住宅;住宅区;别墅,双龙大道322号,118.810635,31.971593,江苏省,南京市,江宁区,
7373,南京证大喜玛拉雅中心,商务住宅;楼宇;商住两用楼宇|商务住宅;楼宇;商务写字楼,六朝路与金阳东街交汇处,118.804367,31.967845,江苏省,南京市,江宁区,
7374,南京万科尚都荟花园,商务住宅;住宅区;住宅小区,金阳东街,118.807538,31.971644,江苏省,南京市,江宁区,
7375,铁投大厦,商务住宅;楼宇;商务写字楼,双龙大道286号,118.810296,31.972593,江苏省,南京市,江宁区,
7376,万科九都荟D区,商务住宅;住宅区;住宅小区,明城大道附近,118.808232,31.96607,江苏省,南京市,江宁区,
7377,万科九都荟G区,商务住宅;住宅区;住宅小区,明城大道,118.807161,31.96431,江苏省,南京市,江宁区,
7378,经纬城市花园,商务住宅;住宅区;住宅小区,岔路口金盛路69号,118.818565,31.96855,江苏省,南京市,江宁区,
7379,金盛花园(宏运大道),商务住宅;住宅区;住宅小区,岔路口宏运大道1901号,118.823243,31.966141,江苏省,南京市,江宁区,
7380,鑫泰国际广场,商务住宅;住宅区;住宅小区,双龙大道568号,118.815012,31.965463,江苏省,南京市,江宁区,
7381,名嘉佳园,商务住宅;住宅区;住宅小区,双龙大道577号(公交车站),118.820282,31.96695,江苏省,南京市,江宁区,
7382,紫薇花园,商务住宅;住宅区;住宅小区,岔路口金盛路50号,118.819475,31.967837,江苏省,南京市,江宁区,
7383,金盛大厦(金盛路),商务住宅;楼宇;商务写字楼,中水路2号,118.823701,31.96884,江苏省,南京市,江宁区,
7384,盈家春天花园,商务住宅;住宅区;住宅小区,岔路口金盛路175号,118.82266,31.970049,江苏省,南京市,江宁区,
7385,金盛南苑,商务住宅;住宅区;住宅小区,岔路口金盛路252号,118.823611,31.968106,江苏省,南京市,江宁区,
7386,武夷商城天骄阁,商务住宅;住宅区;住宅小区,东山街道宏运大道1813号,118.8206,31.965648,江苏省,南京市,江宁区,
7387,武夷商城风尚阁,商务住宅;住宅区;住宅区,双龙大道1783号附近,118.81821,31.96657,江苏省,南京市,江宁区,
7388,盈嘉·青春渡B座,商务住宅;楼宇;商住两用楼宇,金盛路175号,118.822448,31.969019,江苏省,南京市,江宁区,
7389,武夷商城凌云阁,商务住宅;住宅区;住宅小区,双龙大道626号,118.818046,31.965023,江苏省,南京市,江宁区,
7390,盈嘉·青春渡,商务住宅;住宅区;住宅小区,金盛路175号,118.822665,31.968823,江苏省,南京市,江宁区,
7391,盈家春天(南门),商务住宅;商务住宅相关;商务住宅相关,中水路15号附近,118.8231,31.969289,江苏省,南京市,江宁区,
7392,天地新城,商务住宅;住宅区;住宅小区,金盛路299号,118.827339,31.971355,江苏省,南京市,江宁区,
7393,碧水湾(金盛路),商务住宅;住宅区;住宅小区,金盛路518号,118.830666,31.968859,江苏省,南京市,江宁区,
7394,天水雅居,商务住宅;住宅区;住宅小区,金盛路328号,118.825685,31.968117,江苏省,南京市,江宁区,
7395,山水方舟,商务住宅;住宅区;住宅小区,岔路口宏运大道2199号(秦淮河畔),118.829451,31.96551,江苏省,南京市,江宁区,
7396,瀛洲湾花园,商务住宅;住宅区;住宅小区,金盛路800号,118.831517,31.971952,江苏省,南京市,江宁区,
7397,金盛公寓,商务住宅;住宅区;住宅小区,金盛路227号,118.824682,31.969608,江苏省,南京市,江宁区,
7398,三江学院东山校区-女生宿舍A楼,商务住宅;住宅区;宿舍,中水路58三江学院东三校区内,118.824713,31.970687,江苏省,南京市,江宁区,
7399,三江学院东山校区-男生宿舍B楼,商务住宅;住宅区;宿舍,中水路58三江学院东三校区内,118.825244,31.970596,江苏省,南京市,江宁区,
7400,邵圣社区,商务住宅;住宅区;住宅小区|地名地址信息;普通地名;村庄级地名,中水路18号,118.824649,31.969566,江苏省,南京市,江宁区,
7401,东秦新苑,商务住宅;住宅区;住宅小区,宏运大道1923号,118.824652,31.965488,江苏省,南京市,江宁区,
7402,天地新城·天1座,商务住宅;商务住宅相关;商务住宅相关,金盛路299号(公交车站),118.826617,31.968842,江苏省,南京市,江宁区,
7403,前淹儿港1号,商务住宅;住宅区;住宅区,,118.837979,31.970222,江苏省,南京市,江宁区,
7404,前淹儿港5号,商务住宅;住宅区;住宅区,,118.838157,31.970416,江苏省,南京市,江宁区,
7405,前淹儿港3号,商务住宅;住宅区;住宅区,,118.83789,31.970348,江苏省,南京市,江宁区,
7406,前淹儿港4号,商务住宅;住宅区;住宅区,,118.83798,31.970455,江苏省,南京市,江宁区,
7407,前淹儿港34号,商务住宅;住宅区;住宅区,土山路278号附近,118.837836,31.970901,江苏省,南京市,江宁区,
7408,前淹儿港87号,商务住宅;住宅区;住宅区,土山路284号附近,118.837566,31.970751,江苏省,南京市,江宁区,
7409,前淹儿港35号,商务住宅;住宅区;住宅区,土山路280号附近,118.837676,31.970858,江苏省,南京市,江宁区,
7410,前淹儿港13号,商务住宅;住宅区;住宅区,土山路284号附近,118.837489,31.970871,江苏省,南京市,江宁区,
7411,前淹儿港16号,商务住宅;住宅区;住宅区,前淹儿巷东200米,118.83721,31.970704,江苏省,南京市,江宁区,
7412,前淹儿港15号,商务住宅;住宅区;住宅区,前淹儿巷东200米,118.837358,31.970903,江苏省,南京市,江宁区,
7413,前淹儿港85号,商务住宅;住宅区;住宅区,土山路272号附近,118.838244,31.971343,江苏省,南京市,江宁区,
7414,前淹儿港25号,商务住宅;住宅区;住宅区,前淹儿巷东200米,118.837181,31.970896,江苏省,南京市,江宁区,
7415,前淹儿港64号,商务住宅;住宅区;住宅区,前淹儿巷东200米,118.837229,31.971126,江苏省,南京市,江宁区,
7416,前淹儿港51号,商务住宅;住宅区;住宅区,,118.838456,31.971584,江苏省,南京市,江宁区,
7417,前淹儿港63号,商务住宅;住宅区;住宅区,前淹儿巷东200米,118.837049,31.97111,江苏省,南京市,江宁区,
7418,前淹儿港50号,商务住宅;住宅区;住宅区,,118.837974,31.971835,江苏省,南京市,江宁区,
7419,前淹儿港74号,商务住宅;住宅区;住宅区,,118.83823,31.972008,江苏省,南京市,江宁区,
7420,前淹儿港8号,商务住宅;住宅区;住宅区,,118.838019,31.971999,江苏省,南京市,江宁区,
7421,后淹儿港87号,商务住宅;住宅区;住宅区,,118.838424,31.972347,江苏省,南京市,江宁区,
7422,后淹儿港23号,商务住宅;住宅区;住宅区,,118.838085,31.97246,江苏省,南京市,江宁区,
7423,后淹儿港22号,商务住宅;住宅区;住宅区,前淹儿巷东200米,118.838246,31.973135,江苏省,南京市,江宁区,
7424,后淹儿港65号,商务住宅;住宅区;住宅区,,118.838429,31.973309,江苏省,南京市,江宁区,
7425,后淹儿港75号,商务住宅;住宅区;住宅区,前淹儿巷东200米,118.838273,31.973457,江苏省,南京市,江宁区,
7426,后淹儿港20号,商务住宅;住宅区;住宅区,前淹儿巷东200米,118.838073,31.973457,江苏省,南京市,江宁区,
7427,后淹儿港83号,商务住宅;住宅区;住宅区,,118.839065,31.973651,江苏省,南京市,江宁区,
7428,后淹儿港19号,商务住宅;住宅区;住宅区,前淹儿巷东200米,118.83828,31.973633,江苏省,南京市,江宁区,
7429,后淹儿港33号,商务住宅;住宅区;住宅区,,118.838978,31.973669,江苏省,南京市,江宁区,
7430,后淹儿港9号,商务住宅;住宅区;住宅区,,118.839285,31.973665,江苏省,南京市,江宁区,
7431,后淹儿港31号,商务住宅;住宅区;住宅区,,118.839196,31.973755,江苏省,南京市,江宁区,
7432,后淹儿港71号,商务住宅;住宅区;住宅区,,118.838701,31.973763,江苏省,南京市,江宁区,
7433,后淹儿港8号,商务住宅;住宅区;住宅区,前淹儿巷东200米,118.838336,31.973784,江苏省,南京市,江宁区,
7434,后淹儿港59号,商务住宅;住宅区;住宅区,,118.840949,31.973497,江苏省,南京市,江宁区,
7435,后淹儿港53号,商务住宅;住宅区;住宅区,,118.840261,31.97369,江苏省,南京市,江宁区,
7436,后淹儿港52号,商务住宅;住宅区;住宅区,,118.840112,31.973732,江苏省,南京市,江宁区,
7437,后淹儿港60号,商务住宅;住宅区;住宅区,,118.841056,31.973487,江苏省,南京市,江宁区,
7438,后淹儿港7号,商务住宅;住宅区;住宅区,前淹儿巷东200米,118.838189,31.97382,江苏省,南京市,江宁区,
7439,后淹儿港35号,商务住宅;住宅区;住宅区,,118.83979,31.973807,江苏省,南京市,江宁区,
7440,后淹儿港3号,商务住宅;住宅区;住宅区,前淹儿巷东150米,118.837976,31.973814,江苏省,南京市,江宁区,
7441,后淹儿港32号,商务住宅;住宅区;住宅区,,118.83932,31.973881,江苏省,南京市,江宁区,
7442,后淹儿港86号,商务住宅;住宅区;住宅区,机场线附近,118.841778,31.973225,江苏省,南京市,江宁区,
7443,后淹儿港76号,商务住宅;住宅区;住宅区,,118.839018,31.973899,江苏省,南京市,江宁区,
7444,后淹儿港2号,商务住宅;住宅区;住宅区,前淹儿巷东150米,118.837721,31.973844,江苏省,南京市,江宁区,
7445,后淹儿港27号,商务住宅;住宅区;住宅区,前淹儿巷东200米,118.838412,31.973942,江苏省,南京市,江宁区,
7446,后淹儿港97号,商务住宅;住宅区;住宅区,,118.838905,31.973966,江苏省,南京市,江宁区,
7447,后淹儿港69号,商务住宅;住宅区;住宅区,,118.83949,31.97399,江苏省,南京市,江宁区,
7448,后淹儿港61号,商务住宅;住宅区;住宅区,机场线附近,118.841573,31.973473,江苏省,南京市,江宁区,
7449,后淹儿港41号,商务住宅;住宅区;住宅区,,118.839029,31.974062,江苏省,南京市,江宁区,
7450,后淹儿港96号,商务住宅;住宅区;住宅区,前淹儿巷东150米,118.837873,31.974032,江苏省,南京市,江宁区,
7451,后淹儿港62号,商务住宅;住宅区;住宅区,机场线附近,118.841898,31.973538,江苏省,南京市,江宁区,
7452,后淹儿港1号,商务住宅;住宅区;住宅区,前淹儿巷东100米,118.837372,31.97417,江苏省,南京市,江宁区,
7453,秦淮绿洲3期,商务住宅;住宅区;住宅区,宏运大道,118.834314,31.965725,江苏省,南京市,江宁区,
7454,秦淮绿洲89号,商务住宅;住宅区;住宅区,北沿路附近,118.835173,31.964373,江苏省,南京市,江宁区,
7455,秦淮绿洲北区,商务住宅;住宅区;住宅小区,岔路口宏运大道2299号,118.834111,31.964696,江苏省,南京市,江宁区,
7456,香樟园,商务住宅;商务住宅相关;商务住宅相关,中前社区东山香樟园共建路699号,118.843148,31.971316,江苏省,南京市,江宁区,
7457,紫峰公馆,商务住宅;住宅区;住宅小区,东山街道东新北路188号(华润苏果后面约50米),118.853925,31.964229,江苏省,南京市,江宁区,
7458,商贸小区,商务住宅;住宅区;住宅小区,东新北路与古庙北路交叉口东北150米,118.852522,31.966326,江苏省,南京市,江宁区,
7459,南空章村,商务住宅;住宅区;住宅小区,古庙北路,118.849497,31.965831,江苏省,南京市,江宁区,
7460,爱涛尚逸华府,商务住宅;住宅区;住宅小区,东山街道宏运大道4699号,118.863162,31.970892,江苏省,南京市,江宁区,
7461,青山湾花园,商务住宅;住宅区;住宅小区,宏运大道4618号,118.863192,31.966994,江苏省,南京市,江宁区,
7462,景祥北苑,商务住宅;住宅区;住宅小区,"天印大道以东,景祥佳园以北",118.858999,31.96981,江苏省,南京市,江宁区,
7463,安和家园,商务住宅;住宅区;住宅小区,湖西路108号,118.860355,31.970488,江苏省,南京市,江宁区,
7464,景祥大厦(宏运大道),商务住宅;楼宇;商务写字楼,宏运大道4597号,118.858302,31.966795,江苏省,南京市,江宁区,
7465,章村集团章建三处公寓,商务住宅;住宅区;住宅小区,石羊路6号下章村25,118.85653,31.966209,江苏省,南京市,江宁区,
7466,章村社区(天印大道),商务住宅;住宅区;住宅小区,天印大道660号,118.857222,31.964876,江苏省,南京市,江宁区,
7467,瑞祥佳苑,商务住宅;住宅区;住宅小区,湖西路与石羊路交叉口东50米,118.858824,31.972471,江苏省,南京市,江宁区,
7468,景祥佳园,商务住宅;住宅区;住宅小区,宏运大道4599号,118.860082,31.968827,江苏省,南京市,江宁区,
7469,南祥星际,商务住宅;住宅区;住宅小区,宏运大道4588号,118.860651,31.966383,江苏省,南京市,江宁区,
7470,宁杭高铁安置房,商务住宅;住宅区;住宅区,湖西路与石羊路交叉口东南150米,118.859144,31.971324,江苏省,南京市,江宁区,
7471,景祥佳园·竹园,商务住宅;住宅区;住宅小区,湖西路东150米,118.861235,31.969617,江苏省,南京市,江宁区,
7472,章村工业园1号,商务住宅;住宅区;住宅区,石羊路20号附近,118.854634,31.969729,江苏省,南京市,江宁区,
7473,武夷·水岸家园,商务住宅;住宅区;住宅小区,城东路与文靖路交界处,118.866502,31.964412,江苏省,南京市,江宁区,
7474,武夷水岸家园南区,商务住宅;住宅区;住宅小区,湖山北路95号,118.86731,31.965347,江苏省,南京市,江宁区,
7475,武夷水岸家园北区,商务住宅;住宅区;住宅小区,湖山北路95号,118.866249,31.967933,江苏省,南京市,江宁区,
7476,武夷水岸家园北区(东南门),通行设施;临街院门;临街院门|商务住宅;商务住宅相关;商务住宅相关,湖山北路95号,118.866835,31.966478,江苏省,南京市,江宁区,
7477,青山湾花园(东门),商务住宅;商务住宅相关;商务住宅相关,宏运大道4618号附近,118.86414,31.967009,江苏省,南京市,江宁区,
7478,东麒佳苑,商务住宅;住宅区;住宅小区,上坊镇,118.87803,31.970525,江苏省,南京市,江宁区,
7479,兰叶集团研发大楼,商务住宅;楼宇;商务写字楼,上高路与公园路交叉口西北100米,118.876797,31.973952,江苏省,南京市,江宁区,
7480,东麒雅苑,商务住宅;住宅区;住宅小区,上高路与公园路交叉口东100米,118.87705,31.972045,江苏省,南京市,江宁区,
7481,东城金茂悦(建设中),商务住宅;住宅区;住宅小区,上高路与文靖东路交口东南,118.87834,31.968154,江苏省,南京市,江宁区,
7482,祈泽佳苑,商务住宅;住宅区;住宅小区,文靖东路东150米,118.875537,31.966805,江苏省,南京市,江宁区,
7483,门前山1号,商务住宅;住宅区;住宅区,文靖东路与高上线交叉口东北200米,118.882191,31.971545,江苏省,南京市,江宁区,
7484,东麒佳苑(北门),商务住宅;商务住宅相关;商务住宅相关,上高路与公园路交叉口南100米,118.877103,31.972647,江苏省,南京市,江宁区,
7485,江宁殡仪馆(北门),商务住宅;商务住宅相关;商务住宅相关,,118.886806,31.972094,江苏省,南京市,江宁区,
7486,青龙山总部·经济岛,商务住宅;商务住宅相关;商务住宅相关,神风路西50米,118.92851,31.970497,江苏省,南京市,江宁区,
7487,悦峰小筑,商务住宅;商务住宅相关;商务住宅相关,S337与X303交叉口西南150米,119.01651,31.96776,江苏省,南京市,江宁区,
7488,鲁能公馆(建设中),商务住宅;住宅区;住宅小区,螺塘路附近,118.692193,31.964175,江苏省,南京市,建邺区,
7489,升龙天汇B区,商务住宅;住宅区;住宅小区,,118.699771,31.963677,江苏省,南京市,建邺区,
7490,南京升龙天汇C区(建设中),商务住宅;住宅区;住宅小区,螺塘路,118.697866,31.961649,江苏省,南京市,建邺区,
7491,清润园小区,商务住宅;住宅区;住宅小区,高庙路,118.705671,31.963631,江苏省,南京市,建邺区,
7492,先锋水岸,商务住宅;住宅区;住宅小区,新河街附近,118.705315,31.958056,江苏省,南京市,建邺区,
7493,清泽园,商务住宅;住宅区;住宅小区,高庙路,118.704018,31.963723,江苏省,南京市,建邺区,
7494,莲花新城南苑,商务住宅;住宅区;住宅小区,平良大街43号,118.713788,31.961798,江苏省,南京市,建邺区,
7495,南京河西南部市政,商务住宅;楼宇;商务写字楼,中和路与高庙路交叉口南50米,118.707412,31.963945,江苏省,南京市,建邺区,
7496,地勘新苑小区,商务住宅;住宅区;住宅小区,西善桥南路20号,118.707449,31.954728,江苏省,南京市,雨花台区,
7497,明华家园,商务住宅;住宅区;住宅小区,西善桥北路101号,118.719584,31.960393,江苏省,南京市,雨花台区,
7498,明华家园2期,商务住宅;住宅区;住宅小区,西善桥北路95号,118.720946,31.962612,江苏省,南京市,雨花台区,
7499,友谊公寓,商务住宅;住宅区;住宅小区,西善桥北路93号(近地铁2号线油坊桥站),118.721676,31.963709,江苏省,南京市,雨花台区,
7500,泰山花园,商务住宅;住宅区;住宅小区,陇西路(公交车站),118.722548,31.955887,江苏省,南京市,雨花台区,
7501,月和园,商务住宅;住宅区;住宅小区,宁芜公路与陇西路交叉口东南150米,118.718645,31.956949,江苏省,南京市,雨花台区,
7502,铁路安居房,商务住宅;住宅区;住宅小区,陇西路,118.719034,31.956383,江苏省,南京市,雨花台区,
7503,新西公寓,商务住宅;住宅区;住宅小区,西善桥北路74号,118.716081,31.957074,江苏省,南京市,雨花台区,
7504,上海铁路局南京西善桥铁路职工集,商务住宅;住宅区;住宅小区,陇西路南50米,118.720601,31.956464,江苏省,南京市,雨花台区,
7505,交通2期,商务住宅;楼宇;商住两用楼宇,西善桥北路64号,118.718796,31.960239,江苏省,南京市,雨花台区,
7506,西善公寓,商务住宅;住宅区;住宅小区,西善桥北路70号,118.717177,31.958096,江苏省,南京市,雨花台区,
7507,交通1期,商务住宅;楼宇;商住两用楼宇,西善桥北路64号,118.718202,31.959304,江苏省,南京市,雨花台区,
7508,西善花苑,商务住宅;楼宇;商住两用楼宇|商务住宅;住宅区;住宅区,新河街10号附近,118.716338,31.957479,江苏省,南京市,雨花台区,
7509,东升园(龙淮路),商务住宅;住宅区;住宅小区,龙西路193号,118.730645,31.958731,江苏省,南京市,雨花台区,
7510,贾西159号,商务住宅;住宅区;住宅区,油坊中心路东100米,118.729747,31.96152,江苏省,南京市,雨花台区,
7511,东升山庄,商务住宅;住宅区;住宅小区,龙西路199号,118.731848,31.957736,江苏省,南京市,雨花台区,
7512,油坊新村,商务住宅;住宅区;住宅小区,西善桥龙西路105号,118.728669,31.956284,江苏省,南京市,雨花台区,
7513,龙凤佳园,商务住宅;住宅区;住宅小区,龙西路99号,118.72742,31.956465,江苏省,南京市,雨花台区,
7514,东升裕园,商务住宅;住宅区;住宅小区,龙西路199号,118.73257,31.958858,江苏省,南京市,雨花台区,
7515,贾西156号,商务住宅;住宅区;住宅区,油坊中心路东50米,118.730102,31.962296,江苏省,南京市,雨花台区,
7516,贾西112号,商务住宅;住宅区;住宅区,油坊中心路西50米,118.730169,31.962768,江苏省,南京市,雨花台区,
7517,龙西路198号院,商务住宅;住宅区;住宅区,龙西路198号,118.731514,31.95613,江苏省,南京市,雨花台区,
7518,贾西168号,商务住宅;住宅区;住宅区,华新路北150米,118.73315,31.960467,江苏省,南京市,雨花台区,
7519,福润雅居四圩新村,商务住宅;住宅区;住宅小区,龙西路200附近,118.731721,31.956182,江苏省,南京市,雨花台区,
7520,油坊公寓,商务住宅;住宅区;住宅小区,龙西路100号,118.728938,31.955372,江苏省,南京市,雨花台区,
7521,贾西111号,商务住宅;住宅区;住宅区,油坊中心路东50米,118.730795,31.962796,江苏省,南京市,雨花台区,
7522,龙凤园(龙西路),商务住宅;住宅区;住宅小区,龙西路87号,118.725149,31.95684,江苏省,南京市,雨花台区,
7523,贾西16号,商务住宅;住宅区;住宅区,油坊中心路西100米,118.72979,31.963137,江苏省,南京市,雨花台区,
7524,贾西15号,商务住宅;住宅区;住宅区,油坊中心路西100米,118.729873,31.963159,江苏省,南京市,雨花台区,
7525,福润雅居翠竹园,商务住宅;住宅区;住宅小区,许家88号,118.730076,31.955266,江苏省,南京市,雨花台区,
7526,贾西14号,商务住宅;住宅区;住宅区,油坊中心路西50米,118.73051,31.963043,江苏省,南京市,雨花台区,
7527,贾西18号,商务住宅;住宅区;住宅区,油坊中心路西100米,118.729694,31.96329,江苏省,南京市,雨花台区,
7528,南京中骏,商务住宅;住宅区;住宅小区,龙西路98号,118.726917,31.955429,江苏省,南京市,雨花台区,
7529,贾西17号,商务住宅;住宅区;住宅区,油坊中心路西100米,118.729788,31.963297,江苏省,南京市,雨花台区,
7530,贾西40号,商务住宅;住宅区;住宅区,油坊中心路西50米,118.730331,31.963291,江苏省,南京市,雨花台区,
7531,贾西20号,商务住宅;住宅区;住宅区,油坊中心路西150米,118.729668,31.963466,江苏省,南京市,雨花台区,
7532,贾西116号,商务住宅;住宅区;住宅区,,118.733164,31.961712,江苏省,南京市,雨花台区,
7533,贾西73号,商务住宅;住宅区;住宅区,油坊中心路西100米,118.730254,31.96351,江苏省,南京市,雨花台区,
7534,贾西114号,商务住宅;住宅区;住宅区,油坊中心路东150米,118.732186,31.962789,江苏省,南京市,雨花台区,
7535,福润雅居樟香园14号,商务住宅;住宅区;住宅区,龙淮路19号附近,118.731097,31.955047,江苏省,南京市,雨花台区,
7536,贾西44号,商务住宅;住宅区;住宅区,油坊中心路西50米,118.73063,31.963592,江苏省,南京市,雨花台区,
7537,贾西31号,商务住宅;住宅区;住宅区,油坊中心路西100米,118.730095,31.963721,江苏省,南京市,雨花台区,
7538,贾西9号,商务住宅;住宅区;住宅区,油坊中心路西50米,118.730927,31.963526,江苏省,南京市,雨花台区,
7539,贾西115号,商务住宅;住宅区;住宅区,,118.733068,31.962247,江苏省,南京市,雨花台区,
7540,贾西26号,商务住宅;住宅区;住宅区,油坊中心路西150米,118.72945,31.963883,江苏省,南京市,雨花台区,
7541,贾西118号,商务住宅;住宅区;住宅区,,118.733914,31.961287,江苏省,南京市,雨花台区,
7542,小村1期,商务住宅;住宅区;住宅小区,龙西路,118.733271,31.956195,江苏省,南京市,雨花台区,
7543,贾西49号,商务住宅;住宅区;住宅区,油坊中心路西50米,118.730934,31.963778,江苏省,南京市,雨花台区,
7544,贾西38号,商务住宅;住宅区;住宅区,油坊中心路西150米,118.729873,31.964111,江苏省,南京市,雨花台区,
7545,梅苑小区,商务住宅;住宅区;住宅小区,泰山南路与龙西公路交汇处,118.726801,31.954418,江苏省,南京市,雨花台区,
7546,贾西51号,商务住宅;住宅区;住宅区,油坊中心路西100米,118.730894,31.964089,江苏省,南京市,雨花台区,
7547,贾西109号,商务住宅;住宅区;住宅区,油坊中心路东50米,118.732217,31.963923,江苏省,南京市,雨花台区,
7548,晓村和苑,商务住宅;住宅区;住宅小区,X301(燕西线),118.734476,31.955492,江苏省,南京市,雨花台区,
7549,贾西117号,商务住宅;住宅区;住宅区,,118.734009,31.961698,江苏省,南京市,雨花台区,
7550,贾西158号,商务住宅;住宅区;住宅区,华新路北150米,118.734004,31.960304,江苏省,南京市,雨花台区,
7551,贾西社区巴士(贾西-中和村),商务住宅;商务住宅相关;商务住宅相关,华新路北200米,118.734507,31.961169,江苏省,南京市,雨花台区,
7552,雨花台区小村地块经济适用住房,商务住宅;住宅区;住宅区,龙西路216号附近,118.73479,31.95618,江苏省,南京市,雨花台区,
7553,贾西新苑,商务住宅;住宅区;住宅小区,七贤街16号,118.735615,31.961638,江苏省,南京市,雨花台区,
7554,米多公寓,商务住宅;商务住宅相关;商务住宅相关,春园路8号,118.747573,31.958975,江苏省,南京市,雨花台区,
7555,升景坊,商务住宅;住宅区;住宅小区,春晓路南100米,118.747139,31.960027,江苏省,南京市,雨花台区,
7556,三江学院学生公寓(江泉路),商务住宅;住宅区;宿舍,江泉路与龙西路交叉口东北150米,118.749616,31.957339,江苏省,南京市,雨花台区,
7557,天隆坊,商务住宅;住宅区;住宅小区,铁心桥,118.74611,31.961848,江苏省,南京市,雨花台区,
7558,万嘉租房,商务住宅;商务住宅相关;商务住宅相关,江艺路3号附近,118.744765,31.958521,江苏省,南京市,雨花台区,
7559,将军坊,商务住宅;住宅区;住宅区,春江路铁心桥春江新城,118.751279,31.962369,江苏省,南京市,雨花台区,
7560,雨花台区铁心桥社区,商务住宅;住宅区;住宅小区,江艺路9-15号,118.744572,31.959814,江苏省,南京市,雨花台区,
7561,秦河坊13,商务住宅;商务住宅相关;商务住宅相关,江泉路北50米,118.74781,31.963245,江苏省,南京市,雨花台区,
7562,秦河坊103号,商务住宅;住宅区;住宅区,江艺路27-1号附近,118.750813,31.963276,江苏省,南京市,雨花台区,
7563,秦河坊106号,商务住宅;住宅区;住宅区,江艺路27-1号附近,118.751045,31.963295,江苏省,南京市,雨花台区,
7564,韩府坊,商务住宅;住宅区;住宅小区,江泉路23号,118.747509,31.963887,江苏省,南京市,雨花台区,
7565,牛首坊,商务住宅;住宅区;住宅小区,铁心桥春江路60号,118.752521,31.963276,江苏省,南京市,雨花台区,
7566,春江新城新河苑,商务住宅;住宅区;住宅小区,江艺路25号,118.744385,31.963147,江苏省,南京市,雨花台区,
7567,万科金色里程,商务住宅;住宅区;住宅小区,龙西路318号(铁心大厦西侧),118.760096,31.959628,江苏省,南京市,雨花台区,
7568,三江学院学生公寓23,商务住宅;住宅区;宿舍,江淮路与龙西路交叉口西北100米,118.758464,31.958093,江苏省,南京市,雨花台区,
7569,美轮一号,商务住宅;商务住宅相关;商务住宅相关,春熙路1号附近,118.75886,31.960651,江苏省,南京市,雨花台区,
7570,荔宅宅公寓,商务住宅;商务住宅相关;商务住宅相关,铁心桥大街36号,118.76072,31.960809,江苏省,南京市,雨花台区,
7571,爱国楼,商务住宅;商务住宅相关;商务住宅相关,龙西路10号,118.756343,31.958184,江苏省,南京市,雨花台区,
7572,蓝岸3G,商务住宅;住宅区;住宅小区,铁心桥大道36号,118.761056,31.961188,江苏省,南京市,雨花台区,
7573,蓝岸·尚城,商务住宅;住宅区;住宅小区,春江路49号,118.758402,31.961865,江苏省,南京市,雨花台区,
7574,春江社区,商务住宅;住宅区;住宅小区,春晓路与江淮路交叉口西北100米,118.75721,31.961899,江苏省,南京市,雨花台区,
7575,水文苑小区,商务住宅;住宅区;住宅小区,铁心桥龙西路9号,118.762741,31.960304,江苏省,南京市,雨花台区,
7576,春江佳园,商务住宅;住宅区;住宅小区,春晓路1号,118.754951,31.959848,江苏省,南京市,雨花台区,
7577,沁顺坊,商务住宅;住宅区;住宅小区,春江新城东南部江阳路西侧,118.755672,31.961471,江苏省,南京市,雨花台区,
7578,水文苑小区北区,商务住宅;住宅区;住宅小区,铁心桥大街43号,118.762826,31.961308,江苏省,南京市,雨花台区,
7579,正和坊,商务住宅;住宅区;住宅小区,春江路与江淮路交叉口西南100米,118.756135,31.962395,江苏省,南京市,雨花台区,
7580,摩登公寓,商务住宅;商务住宅相关;商务住宅相关,双联别墅092号A,118.75874,31.963383,江苏省,南京市,雨花台区,
7581,银河苑(北门),商务住宅;商务住宅相关;商务住宅相关,宁水路南100米,118.759534,31.955045,江苏省,南京市,雨花台区,
7582,双联别墅小区,商务住宅;住宅区;别墅,铁心桥春江路,118.758856,31.963566,江苏省,南京市,雨花台区,
7583,凤翔山庄,商务住宅;住宅区;住宅小区,春江路与江淮路交汇处北50米,118.756905,31.963324,江苏省,南京市,雨花台区,
7584,春江新城,商务住宅;住宅区;住宅小区,春江路59号,118.753955,31.961704,江苏省,南京市,雨花台区,
7585,怡园(春江路),商务住宅;住宅区;住宅小区,春江路6号,118.761164,31.963782,江苏省,南京市,雨花台区,
7586,隐龙坊,商务住宅;住宅区;住宅小区,春江路60号,118.754675,31.963467,江苏省,南京市,雨花台区,
7587,铁心大厦,商务住宅;楼宇;商务写字楼,铁心桥大街111号,118.762269,31.959909,江苏省,南京市,雨花台区,
7588,春江花园,商务住宅;楼宇;商住两用楼宇,铁心桥大街19号,118.763456,31.963335,江苏省,南京市,雨花台区,
7589,蓝岸Live科技青年街区,商务住宅;楼宇;商住两用楼宇,铁心桥街道铁心桥大街16号,118.761433,31.960777,江苏省,南京市,雨花台区,
7590,万科金色城品,商务住宅;楼宇;商住两用楼宇|商务住宅;住宅区;住宅区,铁心桥大道13号附近,118.760369,31.959752,江苏省,南京市,雨花台区,
7591,雅轩域精品公寓,商务住宅;商务住宅相关;商务住宅相关,铁心桥大街30-12号,118.761948,31.961817,江苏省,南京市,雨花台区,
7592,凤翔翠园-公寓楼,商务住宅;住宅区;住宅小区,龙西路17号,118.764779,31.9615,江苏省,南京市,雨花台区,
7593,凤翔翠园公寓楼附属房,商务住宅;住宅区;住宅小区,春熙路15号附近,118.764511,31.960854,江苏省,南京市,雨花台区,
7594,银杏山庄,商务住宅;住宅区;住宅小区,宁丹路5号,118.764156,31.955778,江苏省,南京市,雨花台区,
7595,凤翔公寓,商务住宅;住宅区;住宅小区,铁心桥,118.764939,31.961083,江苏省,南京市,雨花台区,
7596,凤翔翠园,商务住宅;住宅区;住宅小区,春熙路17,118.764939,31.961082,江苏省,南京市,雨花台区,
7597,凤翔翠园别墅区,商务住宅;住宅区;别墅,龙西路19号,118.766478,31.962044,江苏省,南京市,雨花台区,
7598,铁心桥水文所家属区,商务住宅;住宅区;住宅区,铁心桥街5号(三桥),118.764106,31.961468,江苏省,南京市,雨花台区,
7599,海通大厦,商务住宅;楼宇;商务写字楼,秦淮路100号,118.780644,31.9558,江苏省,南京市,江宁区,
7600,紫杉阁,商务住宅;住宅区;住宅区,秦淮路98号,118.781411,31.955989,江苏省,南京市,江宁区,
7601,左岸名苑-月桂阁,商务住宅;住宅区;住宅区,秦淮路北150米,118.78227,31.956199,江苏省,南京市,江宁区,
7602,湖滨大厦,商务住宅;商务住宅相关;商务住宅相关,秦淮路100号附近,118.780808,31.95571,江苏省,南京市,江宁区,
7603,宿舍十交规院监测中心,商务住宅;商务住宅相关;商务住宅相关,龙西路77号中铁三局项目部4楼宿舍,118.777219,31.961273,江苏省,南京市,雨花台区,
7604,左岸名苑,商务住宅;住宅区;住宅小区,秦淮路98号,118.784089,31.95564,江苏省,南京市,江宁区,
7605,石马新寓,商务住宅;住宅区;住宅小区,秦淮路88号,118.790568,31.954882,江苏省,南京市,江宁区,
7606,万科·新都荟,商务住宅;住宅区;住宅小区,梅香路22号,118.789048,31.962145,江苏省,南京市,江宁区,
7607,龙西新寓(建设中),商务住宅;住宅区;住宅小区,梅香路与金阳西街交叉口东南150米,118.790675,31.96285,江苏省,南京市,江宁区,
7608,旭辉铂悦秦淮,商务住宅;住宅区;住宅小区,宏运大道南100米,118.791379,31.959257,江苏省,南京市,江宁区,
7609,南京万科龙西,商务住宅;住宅区;住宅小区,宏运大道与花神庙枢纽交叉口东北150米,118.790247,31.961368,江苏省,南京市,江宁区,
7610,龙西社区拆迁安置保障房,商务住宅;住宅区;住宅小区,梅香路与金阳西街交叉口东100米,118.790162,31.96346,江苏省,南京市,江宁区,
7611,天龙湾花园,商务住宅;住宅区;住宅小区,秦淮路,118.796261,31.954702,江苏省,南京市,江宁区,
7612,中驰商都1号楼,商务住宅;楼宇;商务写字楼,中驰路67号,118.810981,31.961741,江苏省,南京市,江宁区,
7613,枫叶苑,商务住宅;住宅区;住宅小区,中驰路76号,118.810669,31.960318,江苏省,南京市,江宁区,
7614,中驰商都,商务住宅;楼宇;商务写字楼,中驰路67号,118.812694,31.959993,江苏省,南京市,江宁区,
7615,宏运国际村,商务住宅;住宅区;住宅小区,岔路口宏运大道1158号,118.809006,31.959687,江苏省,南京市,江宁区,
7616,宋艾新村,商务住宅;住宅区;住宅小区,宏运大道1160号(地铁站),118.807745,31.959368,江苏省,南京市,江宁区,
7617,中交锦致(建设中),商务住宅;楼宇;商住两用楼宇,宏运大道150号附近,118.806307,31.961989,江苏省,南京市,江宁区,
7618,左邻右里(中驰路),商务住宅;住宅区;住宅小区,宏运大道1188号(中驰汽车园西侧),118.810888,31.957678,江苏省,南京市,江宁区,
7619,天秀湾花园15A座,商务住宅;商务住宅相关;商务住宅相关,秦淮路20号,118.809291,31.954215,江苏省,南京市,江宁区,
7620,左邻右舍小区,商务住宅;住宅区;住宅小区,宏运大道1188号,118.811962,31.956558,江苏省,南京市,江宁区,
7621,南方花园,商务住宅;住宅区;住宅小区,双龙大道833号,118.820983,31.960898,江苏省,南京市,江宁区,
7622,铂金水岸,商务住宅;住宅区;住宅区,东山街道双龙大道958号,118.81894,31.956429,江苏省,南京市,江宁区,
7623,天印·天琴湾花园,商务住宅;住宅区;住宅小区,双龙大道1008号,118.814442,31.954263,江苏省,南京市,江宁区,
7624,秦淮园,商务住宅;住宅区;住宅小区,宏运大道1890号2幢,118.820511,31.964083,江苏省,南京市,江宁区,
7625,宋艾新村2期,商务住宅;住宅区;住宅小区,中驰路东150米,118.814076,31.958611,江苏省,南京市,江宁区,
7626,南方花园D组团,商务住宅;住宅区;住宅小区,双龙大道958号附近,118.817495,31.957136,江苏省,南京市,江宁区,
7627,水岸明珠,商务住宅;住宅区;住宅小区,双龙大道958号(欧尚超市对面),118.817661,31.956479,江苏省,南京市,江宁区,
7628,秦湾景园,商务住宅;住宅区;住宅小区,学院路与宏运大道交叉口东南200米,118.823854,31.963873,江苏省,南京市,江宁区,
7629,三钢生活小区,商务住宅;住宅区;住宅小区,东山镇双龙大道838号,118.815199,31.960082,江苏省,南京市,江宁区,
7630,南方花园西区,商务住宅;住宅区;住宅小区,双龙大道840号附近,118.816934,31.961322,江苏省,南京市,江宁区,
7631,南方花园枫彩园,商务住宅;住宅区;住宅小区,双龙大道833号,118.821565,31.958841,江苏省,南京市,江宁区,
7632,南方花园C组团,商务住宅;住宅区;住宅区,双龙大道833号,118.819417,31.961534,江苏省,南京市,江宁区,
7633,南方花园A组团,商务住宅;住宅区;住宅小区,双龙大道833-1号,118.82093,31.959763,江苏省,南京市,江宁区,
7634,南方花园B组团(北门),商务住宅;商务住宅相关;商务住宅相关,双龙大道地铁站3号口南150米,118.816978,31.962105,江苏省,南京市,江宁区,
7635,南方花园枫彩园(西门),商务住宅;商务住宅相关;商务住宅相关,,118.821431,31.961364,江苏省,南京市,江宁区,
7636,水岸明珠(东1门),商务住宅;商务住宅相关;商务住宅相关,双龙大道与映淮街交叉口西北150米,118.818568,31.957027,江苏省,南京市,江宁区,
7637,南方花园B组团,商务住宅;商务住宅相关;商务住宅相关,双龙大道833号,118.817621,31.960793,江苏省,南京市,江宁区,
7638,南方花园枫彩园北区,商务住宅;住宅区;住宅小区,双龙大道531号附近,118.822111,31.961466,江苏省,南京市,江宁区,
7639,爱秦湾,商务住宅;住宅区;住宅小区,东山街道河滨路1199号,118.82848,31.961679,江苏省,南京市,江宁区,
7640,武夷花园(文靖西路),商务住宅;住宅区;住宅小区,上元大街165号(地铁站),118.830295,31.957096,江苏省,南京市,江宁区,
7641,长青社区,商务住宅;住宅区;住宅小区,东山街道北沿路85-87号,118.833309,31.955257,江苏省,南京市,江宁区,
7642,秦淮绿洲二期北苑,商务住宅;住宅区;住宅小区,宏运大道2299号(近山水方洲),118.831383,31.96404,江苏省,南京市,江宁区,
7643,秦淮绿洲,商务住宅;住宅区;住宅小区,宏运大道2298号,118.83214,31.962198,江苏省,南京市,江宁区,
7644,杭怡花园,商务住宅;住宅区;住宅小区,北沿路165号,118.83328,31.95822,江苏省,南京市,江宁区,
7645,东山国际滨河街区,商务住宅;楼宇;商务写字楼,河滨路1199号,118.82644,31.957204,江苏省,南京市,江宁区,
7646,名境雅筑,商务住宅;住宅区;住宅区,北沿路225号,118.831209,31.961751,江苏省,南京市,江宁区,
7647,秦淮绿洲南区,商务住宅;住宅区;住宅小区,宏运大道2288号,118.831685,31.962281,江苏省,南京市,江宁区,
7648,武夷花园别墅,商务住宅;住宅区;别墅,东山镇大街西路武夷花园,118.83052,31.95621,江苏省,南京市,江宁区,
7649,秦淮绿洲西区,商务住宅;住宅区;住宅区,宏运大道2288号,118.831227,31.962638,江苏省,南京市,江宁区,
7650,文靖路,商务住宅;住宅区;住宅区,文靖西路与秋月路交叉口东150米,118.839311,31.959128,江苏省,南京市,江宁区,
7651,蓝鹰花园,商务住宅;住宅区;住宅小区,文靖西路76号,118.83788,31.960417,江苏省,南京市,江宁区,
7652,商住楼1幢102室,商务住宅;住宅区;住宅区,文靖路17号附近,118.841524,31.959994,江苏省,南京市,江宁区,
7653,靖雅居,商务住宅;住宅区;住宅小区,东山镇文靖西路80号,118.836925,31.96103,江苏省,南京市,江宁区,
7654,康馨花园(文靖路),商务住宅;住宅区;住宅小区,东山镇文靖路59号,118.841984,31.960881,江苏省,南京市,江宁区,
7655,北苑阁新村(文靖路),商务住宅;住宅区;住宅小区,文靖路60号,118.842578,31.958706,江苏省,南京市,江宁区,
7656,中前公寓,商务住宅;住宅区;住宅小区,北沿路180号,118.834997,31.959076,江苏省,南京市,江宁区,
7657,靖安里35号,商务住宅;住宅区;住宅区,靖安里36-1号附近,118.835053,31.958163,江苏省,南京市,江宁区,
7658,府后村,商务住宅;住宅区;住宅小区,上元路137号,118.841573,31.956528,江苏省,南京市,江宁区,
7659,靖安里34号,商务住宅;住宅区;住宅区,,118.834939,31.958103,江苏省,南京市,江宁区,
7660,东沟巷110号,商务住宅;住宅区;住宅区,东沟巷112号附近,118.843571,31.9596,江苏省,南京市,江宁区,
7661,东沟巷112号,商务住宅;住宅区;住宅区,东沟巷与文靖路交叉口东南50米,118.843609,31.959691,江苏省,南京市,江宁区,
7662,东沟巷102号,商务住宅;住宅区;住宅区,东沟巷102-2号附近,118.84366,31.95941,江苏省,南京市,江宁区,
7663,东沟巷98号,商务住宅;住宅区;住宅区,东沟巷与文靖路交叉口南150米,118.84373,31.958997,江苏省,南京市,江宁区,
7664,土山路70号院,商务住宅;住宅区;住宅区,土山路70幢,118.842708,31.956677,江苏省,南京市,江宁区,
7665,东沟巷78号,商务住宅;住宅区;住宅区,东沟巷88-3号附近,118.84382,31.95798,江苏省,南京市,江宁区,
7666,土山路88号院,商务住宅;住宅区;住宅区,土山路与芙阁路交叉口东南100米,118.842833,31.956405,江苏省,南京市,江宁区,
7667,戴家塘,商务住宅;住宅区;住宅小区,东山街道,118.840398,31.954929,江苏省,南京市,江宁区,
7668,秦淮绿洲东区,商务住宅;住宅区;住宅小区,北沿路,118.835173,31.962323,江苏省,南京市,江宁区,
7669,东沟巷58号,商务住宅;住宅区;住宅区,东沟巷58号,118.84376,31.956914,江苏省,南京市,江宁区,
7670,中宁巷65号院,商务住宅;住宅区;住宅小区,中宁巷63号,118.83606,31.954953,江苏省,南京市,江宁区,
7671,东沟巷28号,商务住宅;住宅区;住宅区,东沟巷与芙阁路交叉口南150米,118.843931,31.95619,江苏省,南京市,江宁区,
7672,中前社区科普活动室,商务住宅;住宅区;社区中心,中宁巷51号,118.83552,31.954587,江苏省,南京市,江宁区,
7673,本家润园,商务住宅;住宅区;住宅小区,文华街56号,118.843042,31.963495,江苏省,南京市,江宁区,
7674,秦淮绿洲82号,商务住宅;住宅区;住宅区,土山路附近,118.836118,31.964175,江苏省,南京市,江宁区,
7675,靖安里1号院,商务住宅;住宅区;住宅小区,靖安里1,118.834556,31.954944,江苏省,南京市,江宁区,
7676,秦淮绿洲83号,商务住宅;住宅区;住宅区,北沿路与宏运大道交叉口东200米,118.835092,31.964079,江苏省,南京市,江宁区,
7677,蓝园文院,商务住宅;住宅区;住宅小区,文华街57号,118.843045,31.964105,江苏省,南京市,江宁区,
7678,西城美苑,商务住宅;商务住宅相关;商务住宅相关,文靖路89号,118.843633,31.960888,江苏省,南京市,江宁区,
7679,芙蓉园,商务住宅;住宅区;住宅小区,文靖路138号,118.847933,31.959158,江苏省,南京市,江宁区,
7680,芙阁新村,商务住宅;住宅区;住宅小区,东新北路99号,118.849993,31.959409,江苏省,南京市,江宁区,
7681,江宁商业大厦,商务住宅;住宅区;住宅区,文靖路290号,118.8496,31.960109,江苏省,南京市,江宁区,
7682,芙蓉阁292号,商务住宅;住宅区;住宅区,芙阁路292-10号附近,118.849372,31.957892,江苏省,南京市,江宁区,
7683,青云巷29号院,商务住宅;住宅区;住宅小区,上元大街青云巷29号院,118.850459,31.957646,江苏省,南京市,江宁区,
7684,教工新寓(文靖路),商务住宅;住宅区;住宅小区,文靖路245号文华街50号,118.847516,31.960904,江苏省,南京市,江宁区,
7685,文靖新村,商务住宅;住宅区;住宅小区,文靖路321号(公交车站),118.848922,31.961321,江苏省,南京市,江宁区,
7686,顺达佳苑,商务住宅;住宅区;住宅小区,上元大街619号,118.849222,31.956915,江苏省,南京市,江宁区,
7687,东新北路小区,商务住宅;住宅区;住宅小区,东新北路14号,118.85134,31.95802,江苏省,南京市,江宁区,
7688,二小区,商务住宅;住宅区;住宅小区,东新北路与文靖路交叉口北100米,118.85152,31.96115,江苏省,南京市,江宁区,
7689,青云巷3号院,商务住宅;住宅区;住宅小区,青云巷3号,118.850483,31.9565,江苏省,南京市,江宁区,
7690,章村社区(东新北路),商务住宅;住宅区;住宅小区,东新北路128号,118.852022,31.961098,江苏省,南京市,江宁区,
7691,顺莲佳苑门面房2号,商务住宅;住宅区;住宅区,上元大街附近,118.848607,31.955787,江苏省,南京市,江宁区,
7692,江宁商厦新寓,商务住宅;住宅区;住宅小区,文靖路148号,118.84467,31.959677,江苏省,南京市,江宁区,
7693,芙阁路89号小区,商务住宅;住宅区;住宅小区,芙阁路89号,118.844862,31.957946,江苏省,南京市,江宁区,
7694,三新村,商务住宅;住宅区;住宅小区,三新村1号,118.853151,31.95765,江苏省,南京市,江宁区,
7695,江宁高级中学家属区,商务住宅;住宅区;住宅小区,东沟巷38号,118.845297,31.956825,江苏省,南京市,江宁区,
7696,汇景东园,商务住宅;住宅区;住宅区,东山街道东新北路128号,118.852453,31.961731,江苏省,南京市,江宁区,
7697,宁中巷小区,商务住宅;住宅区;住宅小区,上元大街,118.8494,31.955199,江苏省,南京市,江宁区,
7698,汇景居民小组活动室,商务住宅;住宅区;社区中心,东新北路134号附近,118.852528,31.961844,江苏省,南京市,江宁区,
7699,章村新寓,商务住宅;住宅区;住宅小区,文靖路457号,118.853142,31.961208,江苏省,南京市,江宁区,
7700,玉靖花园,商务住宅;住宅区;住宅小区,东新北路108号(公交车站),118.853721,31.959965,江苏省,南京市,江宁区,
7701,汇景新苑,商务住宅;住宅区;住宅小区,文靖路377号,118.849572,31.963412,江苏省,南京市,江宁区,
7702,东山社区宁中居民小组,商务住宅;住宅区;住宅小区,上元大街230号附近,118.846791,31.954979,江苏省,南京市,江宁区,
7703,瑶池巷小区,商务住宅;住宅区;住宅小区,瑶池巷8号,118.845973,31.955305,江苏省,南京市,江宁区,
7704,新光花园,商务住宅;住宅区;住宅小区,东沟巷20号,118.84506,31.955699,江苏省,南京市,江宁区,
7705,江宁物资大厦,商务住宅;楼宇;商务写字楼,上元大街737号,118.853933,31.956821,江苏省,南京市,江宁区,
7706,东沟巷38号,商务住宅;住宅区;住宅区,东沟巷32号附近,118.84434,31.956164,江苏省,南京市,江宁区,
7707,电机厂家属区,商务住宅;住宅区;住宅小区,上元大街618号,118.850655,31.954409,江苏省,南京市,江宁区,
7708,广都苑,商务住宅;住宅区;住宅小区,东山街道上元大街708号,118.853431,31.95566,江苏省,南京市,江宁区,
7709,瓯江华府B座,商务住宅;楼宇;商住两用楼宇,东新南路15号,118.852377,31.954849,江苏省,南京市,江宁区,
7710,瓯江华府A座,商务住宅;楼宇;商住两用楼宇,日光佳园斜对面,118.852537,31.954897,江苏省,南京市,江宁区,
7711,金瓴湾,商务住宅;住宅区;住宅小区,东新南路8号附近,118.852002,31.954368,江苏省,南京市,江宁区,
7712,瓯江华府C座,商务住宅;楼宇;商住两用楼宇,东新南路9号,118.852669,31.954312,江苏省,南京市,江宁区,
7713,华意泰富花苑,商务住宅;住宅区;住宅小区,东山镇上元大街485号,118.844281,31.954437,江苏省,南京市,江宁区,
7714,日光佳园,商务住宅;住宅区;住宅小区,东新南路199号,118.853628,31.95446,江苏省,南京市,江宁区,
7715,单身公寓,商务住宅;商务住宅相关;商务住宅相关,上元大街619,118.849939,31.955547,江苏省,南京市,江宁区,
7716,山水方舟雅苑,商务住宅;楼宇;商住两用楼宇|商务住宅;住宅区;住宅区,东新北路三新村14号东山小学附近,118.852371,31.958048,江苏省,南京市,江宁区,
7717,石羊小区,商务住宅;住宅区;住宅小区,天印大道709号,118.859134,31.959406,江苏省,南京市,江宁区,
7718,东山阳光新城,商务住宅;住宅区;住宅小区,天印大道837号,118.85975,31.957989,江苏省,南京市,江宁区,
7719,东城家园(上元大街),商务住宅;住宅区;住宅小区,上元大街863,118.857102,31.958684,江苏省,南京市,江宁区,
7720,时花公寓,商务住宅;住宅区;住宅小区,天印大道710号,118.856962,31.960102,江苏省,南京市,江宁区,
7721,同曦阳光新城,商务住宅;住宅区;住宅小区,东山街道天印大道837号,118.860645,31.957119,江苏省,南京市,江宁区,
7722,宁泉北苑,商务住宅;住宅区;住宅小区,天印大道794号,118.857995,31.956466,江苏省,南京市,江宁区,
7723,中国烟草综合大楼,商务住宅;楼宇;商务写字楼,东山街道同夏路20号,118.861987,31.957891,江苏省,南京市,江宁区,
7724,上元大街808号院,商务住宅;住宅区;住宅区,上元大街与长塘巷交叉口南50米,118.856354,31.957174,江苏省,南京市,江宁区,
7725,金发小区,商务住宅;住宅区;住宅小区,上元大街物资局旁,118.855589,31.957825,江苏省,南京市,江宁区,
7726,尚书云邸,商务住宅;住宅区;住宅小区,文靖路,118.855989,31.961169,江苏省,南京市,江宁区,
7727,天印大道796号,商务住宅;住宅区;住宅区,天印大道798-800号附近,118.859155,31.955985,江苏省,南京市,江宁区,
7728,江宁邮政生产综合楼,商务住宅;楼宇;商务写字楼,文靖东路5号附近,118.860069,31.962494,江苏省,南京市,江宁区,
7729,新瀚特,商务住宅;楼宇;商务写字楼,石羊路与通湖路交叉口东南150米,118.857343,31.962368,江苏省,南京市,江宁区,
7730,长塘佳苑,商务住宅;住宅区;住宅小区,长塘巷21号,118.854819,31.958809,江苏省,南京市,江宁区,
7731,粮食局大院,商务住宅;住宅区;住宅区,上元大街772号,118.855495,31.956969,江苏省,南京市,江宁区,
7732,宁泉南苑,商务住宅;住宅区;住宅小区,天印大道810号,118.858517,31.955304,江苏省,南京市,江宁区,
7733,金发公寓,商务住宅;住宅区;住宅小区,东山镇上元大街763号,118.854571,31.957681,江苏省,南京市,江宁区,
7734,岗山经济适用房生活区,商务住宅;住宅区;宿舍,文靖东路15号,118.862818,31.962041,江苏省,南京市,江宁区,
7735,利民小区(上元路),商务住宅;住宅区;住宅小区,上元路121号,118.85619,31.955487,江苏省,南京市,江宁区,
7736,东城风景,商务住宅;住宅区;住宅小区,天印大道840号,118.858956,31.954391,江苏省,南京市,江宁区,
7737,石羊新寓,商务住宅;住宅区;住宅小区,通湖路18,118.854217,31.96211,江苏省,南京市,江宁区,
7738,上元路小区,商务住宅;住宅区;住宅小区,上元大街与上元路交叉口东南150米,118.854811,31.955621,江苏省,南京市,江宁区,
7739,岗山村经济适用房,商务住宅;住宅区;住宅区,文靖东路北100米,118.8633,31.96317,江苏省,南京市,江宁区,
7740,利民新村(东门),商务住宅;商务住宅相关;商务住宅相关,天印大道796号,118.85754,31.95537,江苏省,南京市,江宁区,
7741,世纪东山,商务住宅;住宅区;住宅小区,万安西路168号,118.868575,31.961785,江苏省,南京市,江宁区,
7742,天鹅湖花园(湖山路),商务住宅;住宅区;住宅小区,上元大街1088号,118.866141,31.95638,江苏省,南京市,江宁区,
7743,东福金座,商务住宅;住宅区;住宅小区,东山街道万安西路73号,118.869868,31.959248,江苏省,南京市,江宁区,
7744,上善居,商务住宅;住宅区;住宅小区,万安西路65号,118.87322,31.958533,江苏省,南京市,江宁区,
7745,银安大厦,商务住宅;住宅区;住宅小区,天鹅湖花园西北部,118.8648,31.958618,江苏省,南京市,江宁区,
7746,天鹅湖花园(北门),通行设施;临街院门;临街院门|商务住宅;商务住宅相关;商务住宅相关,上元大街1088号,118.865589,31.95872,江苏省,南京市,江宁区,
7747,上善居(南门),商务住宅;商务住宅相关;商务住宅相关,兴业路9号附近,118.873317,31.956495,江苏省,南京市,江宁区,
7748,江苏区种子站大楼,商务住宅;商务住宅相关;商务住宅相关,万安西路120号,118.872995,31.959844,江苏省,南京市,江宁区,
7749,康馨公寓,商务住宅;住宅区;住宅小区,天云南街33号,118.882418,31.956496,江苏省,南京市,江宁区,
7750,新塘小区,商务住宅;住宅区;住宅小区,万安北路,118.883062,31.963131,江苏省,南京市,江宁区,
7751,远洋绿地云峰花园,商务住宅;住宅区;住宅小区,东山街道泉东路28号,118.877291,31.956986,江苏省,南京市,江宁区,
7752,融侨悦城(建设中),商务住宅;住宅区;住宅小区,东山街道万安南路9号,118.88016,31.957862,江苏省,南京市,江宁区,
7753,天云小区,商务住宅;住宅区;住宅小区,上坊镇上坊小学旁,118.88245,31.959229,江苏省,南京市,江宁区,
7754,天云小区南区,商务住宅;住宅区;住宅小区,上坊镇,118.882228,31.958587,江苏省,南京市,江宁区,
7755,天云小区北区,商务住宅;住宅区;住宅小区,万安西路65号,118.883748,31.961882,江苏省,南京市,江宁区,
7756,远洋绿地云峰公馆(建设中),商务住宅;住宅区;住宅小区,万安西路63号,118.875512,31.957882,江苏省,南京市,江宁区,
7757,天云小区南区(南门),商务住宅;商务住宅相关;商务住宅相关,泉东路,118.882255,31.957697,江苏省,南京市,江宁区,
7758,天云小区南区(北门),商务住宅;商务住宅相关;商务住宅相关,万安东路与天云南街交叉口西南150米,118.882234,31.958648,江苏省,南京市,江宁区,
7759,金建大厦,商务住宅;楼宇;商务写字楼,万安东路28号,118.888594,31.957447,江苏省,南京市,江宁区,
7760,朝阳园,商务住宅;住宅区;住宅小区,天宁路,118.886944,31.9569,江苏省,南京市,江宁区,
7761,天宁雅居,商务住宅;住宅区;住宅小区,上坊镇天云南路,118.884298,31.956127,江苏省,南京市,江宁区,
7762,上坊片区经济适用房一期I标段II标段,商务住宅;住宅区;住宅小区,天宁路40号附近,118.886049,31.956664,江苏省,南京市,江宁区,
7763,月花园39号,商务住宅;住宅区;住宅区,陈陵路25号附近,118.885253,31.960841,江苏省,南京市,江宁区,
7764,月花园29号,商务住宅;住宅区;住宅区,陈陵路21号附近,118.884971,31.960601,江苏省,南京市,江宁区,
7765,月花园17号,商务住宅;住宅区;住宅区,泉东路与万安东路交叉口东北150米,118.884596,31.960111,江苏省,南京市,江宁区,
7766,上坊经济适用房2期,商务住宅;住宅区;住宅区,万安东路与天宁路交叉口西南50米,118.886246,31.958174,江苏省,南京市,江宁区,
7767,上坊经济适用房二期Ⅱ标段C区,商务住宅;住宅区;住宅小区,天宁路26号附近,118.885846,31.957285,江苏省,南京市,江宁区,
7768,雨花经济开发区近华社区,商务住宅;住宅区;住宅小区,凤集大道20-3号附近,118.643321,31.94421,江苏省,南京市,雨花台区,
7769,南京金飞龙汽车贸易大厦,商务住宅;楼宇;商务写字楼,,118.653909,31.94507,江苏省,南京市,雨花台区,
7770,雨花开发区健康社区,商务住宅;住宅区;住宅小区,天保路与宝双路交叉口西南50米,118.678408,31.953858,江苏省,南京市,雨花台区,
7771,建宁一村,商务住宅;住宅区;住宅小区,宁芜公路40号附近,118.700742,31.951734,江苏省,南京市,雨花台区,
7772,岱山·齐修南苑,商务住宅;住宅区;住宅小区,白家凹街5,118.700456,31.945241,江苏省,南京市,雨花台区,
7773,明尚东苑,商务住宅;住宅区;住宅小区,西善桥西柿路11,118.697855,31.945187,江苏省,南京市,雨花台区,
7774,岱山·齐修北苑,商务住宅;住宅区;住宅小区,盛家岗街18,118.696436,31.947077,江苏省,南京市,雨花台区,
7775,岱善·润福城,商务住宅;住宅区;住宅小区,西善桥街道岱山西侧,118.69623,31.944545,江苏省,南京市,雨花台区,
7776,秦淮新苑,商务住宅;住宅区;住宅小区,西善桥南路40号,118.701103,31.951931,江苏省,南京市,雨花台区,
7777,岱善福润城,商务住宅;住宅区;住宅小区,岱山北路与G42沪蓉高速入口交叉口东150米,118.69976,31.946518,江苏省,南京市,雨花台区,
7778,建宁二村,商务住宅;住宅区;住宅小区,西善桥宁芜公路旁,118.703279,31.952785,江苏省,南京市,雨花台区,
7779,爱恩比宿舍,商务住宅;住宅区;宿舍,中国建设银行(南京岱山分理处)附近,118.694567,31.94426,江苏省,南京市,雨花台区,
7780,梅欣小区,商务住宅;住宅区;住宅小区,兴梅中路与油新线交叉口东150米,118.713324,31.952048,江苏省,南京市,雨花台区,
7781,兴梅雅苑,商务住宅;住宅区;住宅小区,吴家山口80,118.707356,31.947682,江苏省,南京市,雨花台区,
7782,梅欣社区(河滨南路),商务住宅;住宅区;住宅小区,,118.712878,31.952454,江苏省,南京市,雨花台区,
7783,兴梅中路苏果社区,商务住宅;住宅区;住宅小区,兴梅中路与油新线交叉口南50米,118.711901,31.951867,江苏省,南京市,雨花台区,
7784,副井集体宿舍3幢,商务住宅;住宅区;宿舍,油新线附近,118.709629,31.951466,江苏省,南京市,雨花台区,
7785,副井集体宿舍2幢,商务住宅;住宅区;宿舍,油新线附近,118.709643,31.951252,江苏省,南京市,雨花台区,
7786,副井集体宿舍1幢,商务住宅;住宅区;宿舍,油新线附近,118.709562,31.951046,江苏省,南京市,雨花台区,
7787,副井集体宿舍4幢,商务住宅;住宅区;宿舍,油新线附近,118.709632,31.951664,江苏省,南京市,雨花台区,
7788,副井集体宿舍0幢,商务住宅;住宅区;宿舍,西善桥南路19-1号,118.709514,31.950817,江苏省,南京市,雨花台区,
7789,建宁四村生活大院,商务住宅;住宅区;住宅区,西善桥南路21号附近,118.70836,31.9523,江苏省,南京市,雨花台区,
7790,梅欣社区西区,商务住宅;住宅区;住宅小区,双合路与油新线交叉口北150米,118.710502,31.952468,江苏省,南京市,雨花台区,
7791,梅岭小区(泰山南路),商务住宅;住宅区;住宅小区,西善桥龙西路,118.722134,31.953672,江苏省,南京市,雨花台区,
7792,点将台公寓,商务住宅;住宅区;住宅小区,上海梅山第二中学北梅山矿业有线电视台附近,118.718828,31.951082,江苏省,南京市,雨花台区,
7793,秦淮新寓,商务住宅;住宅区;住宅小区,曹家洼108号,118.721912,31.94946,江苏省,南京市,雨花台区,
7794,朱家32号,商务住宅;住宅区;住宅区,泰山南路东50米,118.723903,31.953867,江苏省,南京市,雨花台区,
7795,朱家30号,商务住宅;住宅区;住宅区,泰山南路东50米,118.723745,31.953912,江苏省,南京市,雨花台区,
7796,天虹山庄,商务住宅;住宅区;住宅小区,姚村1,118.729286,31.949116,江苏省,南京市,雨花台区,
7797,福润雅居樟香园,商务住宅;住宅区;住宅小区,西善桥,118.732748,31.953811,江苏省,南京市,雨花台区,
7798,福润雅居福润园,商务住宅;住宅区;住宅小区,龙淮路福润雅居许家88号(公交车站),118.732909,31.950763,江苏省,南京市,雨花台区,
7799,泰山公寓(泰山北路),商务住宅;住宅区;住宅小区,小刘村1号,118.727141,31.949565,江苏省,南京市,雨花台区,
7800,福润雅居南区,商务住宅;住宅区;住宅小区,许家88号,118.732288,31.948873,江苏省,南京市,雨花台区,
7801,世纪苑,商务住宅;住宅区;住宅小区,梅山,118.724243,31.953498,江苏省,南京市,雨花台区,
7802,建发善水湾花园,商务住宅;住宅区;住宅小区,西善桥街道许家89号(梅兴路以东),118.728874,31.951015,江苏省,南京市,雨花台区,
7803,雨花台区西善桥街道福润社区,商务住宅;住宅区;住宅小区,西善桥街道福润社区居委会附近,118.733408,31.952286,江苏省,南京市,雨花台区,
7804,建发善水湾花园西区,商务住宅;住宅区;住宅小区,泰山北路附近,118.72657,31.951206,江苏省,南京市,雨花台区,
7805,福润雅居福润园北区,商务住宅;住宅区;住宅小区,许家88,118.732175,31.950866,江苏省,南京市,雨花台区,
7806,福润雅居东区,商务住宅;住宅区;住宅小区,泰山北路北100米,118.733331,31.948909,江苏省,南京市,雨花台区,
7807,南京市钟山驾校综合楼,商务住宅;楼宇;商务写字楼,,118.739276,31.947376,江苏省,南京市,雨花台区,
7808,大定坊经纪适用房2期,商务住宅;住宅区;住宅小区,,118.743513,31.946765,江苏省,南京市,雨花台区,
7809,大定坊经济适用房2期A区,商务住宅;住宅区;住宅小区,牛首大道,118.74355,31.945771,江苏省,南京市,雨花台区,
7810,韩府雅苑,商务住宅;住宅区;住宅小区,大周路与管道路交叉口北150米,118.751878,31.944813,江苏省,南京市,雨花台区,
7811,牛首新城东区,商务住宅;住宅区;住宅区,福园路7,118.749013,31.945522,江苏省,南京市,雨花台区,
7812,定坊和苑西区,商务住宅;住宅区;住宅小区,福园路11,118.746045,31.945765,江苏省,南京市,雨花台区,
7813,定坊和苑东区,商务住宅;住宅区;住宅小区,福园路9,118.748509,31.94569,江苏省,南京市,雨花台区,
7814,牛首福园,商务住宅;住宅区;住宅小区,大定坊福园路7号,118.750704,31.945285,江苏省,南京市,雨花台区,
7815,定坊工业园18号,商务住宅;住宅区;住宅区,盛花路西100米,118.748792,31.947023,江苏省,南京市,雨花台区,
7816,定坊工业园1号,商务住宅;住宅区;住宅区,,118.752154,31.949026,江苏省,南京市,雨花台区,
7817,定坊工业园8号,商务住宅;住宅区;住宅区,盛花路东150米,118.750693,31.946557,江苏省,南京市,雨花台区,
7818,定坊工业园9号,商务住宅;住宅区;住宅区,盛花路东50米,118.749929,31.94677,江苏省,南京市,雨花台区,
7819,莱蒙·水榭阳光,商务住宅;住宅区;住宅小区,宁丹路,118.752933,31.947134,江苏省,南京市,雨花台区,
7820,牛首新城(西门),商务住宅;商务住宅相关;商务住宅相关,管道路北150米附近,118.747404,31.945732,江苏省,南京市,雨花台区,
7821,牛首新城西区,商务住宅;住宅区;住宅区,福园路9号,118.74901,31.945529,江苏省,南京市,雨花台区,
7822,翠岭银河,商务住宅;住宅区;住宅小区,宁丹路18号,118.75797,31.951799,江苏省,南京市,雨花台区,
7823,银河苑,商务住宅;住宅区;住宅小区,宁丹路18号,118.758325,31.953805,江苏省,南京市,雨花台区,
7824,江意山庄,商务住宅;住宅区;住宅小区,铁心桥王燕街88号,118.75701,31.952805,江苏省,南京市,雨花台区,
7825,翠岭苑(王燕街),商务住宅;住宅区;住宅小区,翠岭苑1,118.754685,31.951624,江苏省,南京市,雨花台区,
7826,嘉瑞山庄2期,商务住宅;住宅区;别墅,开元欣街附近,118.77332,31.94435,江苏省,南京市,江宁区,
7827,翠屏清华园,商务住宅;住宅区;住宅小区,将军大道10号,118.780249,31.94472,江苏省,南京市,江宁区,
7828,玛斯兰德,商务住宅;住宅区;别墅,将军大道8号(东起将军路、西傍韩府山),118.77672,31.948496,江苏省,南京市,江宁区,
7829,运盛美之国,商务住宅;住宅区;住宅小区,将军大道2号,118.774938,31.953928,江苏省,南京市,江宁区,
7830,美仕别墅,商务住宅;住宅区;别墅,将军大道8号,118.78121,31.94908,江苏省,南京市,江宁区,
7831,托乐嘉吉邻居,商务住宅;住宅区;住宅小区,将军大道9号托乐嘉4栋,118.783283,31.949381,江苏省,南京市,江宁区,
7832,美之国花园9组团,商务住宅;商务住宅相关;商务住宅相关,将军大道2号,118.781304,31.95115,江苏省,南京市,江宁区,
7833,美之国7组团,商务住宅;商务住宅相关;商务住宅相关,将军大道2号,118.781304,31.95115,江苏省,南京市,江宁区,
7834,美国6组团,商务住宅;商务住宅相关;商务住宅相关,将军大道2号,118.781304,31.95115,江苏省,南京市,江宁区,
7835,桃子街区,商务住宅;商务住宅相关;商务住宅相关,将军大道8号,118.782082,31.949526,江苏省,南京市,江宁区,
7836,辣椒街区,商务住宅;商务住宅相关;商务住宅相关,将军大道88号,118.782082,31.949526,江苏省,南京市,江宁区,
7837,托乐嘉街区,商务住宅;住宅区;住宅小区,将军大道9号,118.786719,31.946221,江苏省,南京市,江宁区,
7838,托乐嘉花园,商务住宅;住宅区;住宅小区,将军大道9号,118.785653,31.949195,江苏省,南京市,江宁区,
7839,翠屏东南,商务住宅;住宅区;住宅小区,将军大道1号(公交车站),118.784333,31.952879,江苏省,南京市,江宁区,
7840,托乐嘉单身公寓,商务住宅;住宅区;住宅小区,将军大道9号,118.786123,31.944335,江苏省,南京市,江宁区,
7841,托乐嘉友邻居,商务住宅;住宅区;住宅小区,将军大道9号,118.788442,31.946307,江苏省,南京市,江宁区,
7842,托乐嘉睦邻居,商务住宅;住宅区;住宅小区,将军大道9号,118.784958,31.945507,江苏省,南京市,江宁区,
7843,托乐嘉旺邻居,商务住宅;住宅区;住宅小区,将军大道9号,118.784891,31.948687,江苏省,南京市,江宁区,
7844,托乐嘉友邻居05,商务住宅;商务住宅相关;商务住宅相关,花神庙枢纽与顺翔西街交叉口西南200米,118.788445,31.945314,江苏省,南京市,江宁区,
7845,核心街区,商务住宅;商务住宅相关;商务住宅相关,将军大道9号,118.7853,31.946076,江苏省,南京市,江宁区,
7846,托乐嘉花园(东门),商务住宅;商务住宅相关;商务住宅相关,顺翔西街西50米,118.785653,31.949195,江苏省,南京市,江宁区,
7847,欧陆经典花园,商务住宅;住宅区;住宅小区,胜太西路28号,118.80367,31.945142,江苏省,南京市,江宁区,
7848,京状商务,商务住宅;楼宇;商务写字楼,胜利西路9号,118.805804,31.945514,江苏省,南京市,江宁区,
7849,仲景公寓,商务住宅;住宅区;住宅小区,胜太西路8号,118.806317,31.94471,江苏省,南京市,江宁区,
7850,碧水湾西园,商务住宅;住宅区;住宅小区,江宁开发区胜利西路18号,118.805708,31.94778,江苏省,南京市,江宁区,
7851,天琪雅居,商务住宅;住宅区;住宅小区,胜太西路19-6号,118.805281,31.944693,江苏省,南京市,江宁区,
7852,汇金新天地广场,商务住宅;楼宇;商住两用楼宇,胜利路18号,118.809711,31.94541,江苏省,南京市,江宁区,
7853,巴莱大厦,商务住宅;楼宇;商务写字楼,江宁开发区胜太路39号,118.811468,31.944561,江苏省,南京市,江宁区,
7854,银江苑,商务住宅;住宅区;住宅小区,开发区胜太路33号,118.810704,31.944586,江苏省,南京市,江宁区,
7855,天恒大厦(秦淮路),商务住宅;楼宇;商务写字楼,秦淮路68号隆仁大厦隔壁,118.806381,31.952901,江苏省,南京市,江宁区,
7856,和建大厦,商务住宅;楼宇;商务写字楼,胜利路38号,118.811306,31.946536,江苏省,南京市,江宁区,
7857,汇金新天地,商务住宅;楼宇;商住两用楼宇,胜太路11号(近胜太西路),118.809441,31.944719,江苏省,南京市,江宁区,
7858,水月秦淮,商务住宅;住宅区;住宅小区,秦淮路,118.804829,31.954073,江苏省,南京市,江宁区,
7859,隆仁大厦(秦淮路),商务住宅;楼宇;商务写字楼,秦淮路66号,118.806004,31.953049,江苏省,南京市,江宁区,
7860,河定桥宝色钛业单位房,商务住宅;住宅区;住宅区,江宁江宁开发区河定桥,118.81884,31.95008,江苏省,南京市,江宁区,
7861,金王府商业广场1号商务楼,商务住宅;楼宇;商住两用楼宇,双龙大道以东,118.820856,31.949435,江苏省,南京市,江宁区,
7862,金轮新都汇,商务住宅;楼宇;商住两用楼宇|商务住宅;住宅区;住宅小区,"江宁双龙大道1118号(河定桥地铁站,欧尚旁)",118.819557,31.950595,江苏省,南京市,江宁区,
7863,三色商务楼,商务住宅;楼宇;商务写字楼,双龙大道1229号,118.821116,31.948856,江苏省,南京市,江宁区,
7864,名家科技大厦,商务住宅;楼宇;商务写字楼,胜利路99号,118.817875,31.947381,江苏省,南京市,江宁区,
7865,金穗科技苑中心机房楼,商务住宅;楼宇;商务写字楼,胜利路100号,118.81896,31.947059,江苏省,南京市,江宁区,
7866,南京江宁支行办公楼,商务住宅;楼宇;商务写字楼,胜利路102号,118.82057,31.946949,江苏省,南京市,江宁区,
7867,金王府西区,商务住宅;住宅区;住宅小区,河定桥金王府商业街,118.821998,31.948744,江苏省,南京市,江宁区,
7868,新蕾公寓,商务住宅;住宅区;住宅小区,双龙大道辅路附近,118.82178,31.950648,江苏省,南京市,江宁区,
7869,双龙苑,商务住宅;住宅区;住宅小区,双龙大道1251号(地铁站),118.822104,31.947808,江苏省,南京市,江宁区,
7870,河定桥新苑,商务住宅;住宅区;住宅小区,严柳街,118.821509,31.95137,江苏省,南京市,江宁区,
7871,胜利路1号小区,商务住宅;住宅区;住宅小区,胜利路1号(公交车站),118.816007,31.947,江苏省,南京市,江宁区,
7872,金长城大厦,商务住宅;楼宇;商务写字楼,双龙大道1198号,118.820771,31.946167,江苏省,南京市,江宁区,
7873,胜利新村,商务住宅;住宅区;住宅小区,胜太路严柳街42号,118.822129,31.946925,江苏省,南京市,江宁区,
7874,双子星广场,商务住宅;楼宇;商务写字楼|商务住宅;楼宇;商住两用楼宇,上元大街与严柳街交叉口南50米,118.821384,31.952371,江苏省,南京市,江宁区,
7875,大才大厦(胜太路),商务住宅;楼宇;商务写字楼,开发区胜太路109号,118.820161,31.945139,江苏省,南京市,江宁区,
7876,悦恒君铂,商务住宅;楼宇;商住两用楼宇,双龙大道1341号,118.821916,31.945309,江苏省,南京市,江宁区,
7877,同曦·青春水岸,商务住宅;楼宇;商住两用楼宇,秦淮路4号,118.816517,31.953587,江苏省,南京市,江宁区,
7878,胜泰新寓,商务住宅;住宅区;住宅小区,江宁江宁开发区胜太路77号,118.815401,31.945357,江苏省,南京市,江宁区,
7879,胜利壹小区,商务住宅;住宅区;住宅小区,胜利新村1幢,118.823121,31.945717,江苏省,南京市,江宁区,
7880,青春水岸家园,商务住宅;住宅区;住宅小区,秦淮路4号同曦·青春水岸附近,118.816327,31.953741,江苏省,南京市,江宁区,
7881,江宁1号,商务住宅;住宅区;住宅区,双龙大道1222号(双龙大道与胜太路交汇处),118.820619,31.944253,江苏省,南京市,江宁区,
7882,胜利一村,商务住宅;住宅区;住宅区,同曦街与胜太东路交叉口东北150米,118.82371,31.94591,江苏省,南京市,江宁区,
7883,同曦大厦写字楼,商务住宅;楼宇;商务写字楼,胜太东路8号,118.822684,31.944658,江苏省,南京市,江宁区,
7884,亲水湾花园,商务住宅;住宅区;住宅小区,上元大街29号(河定桥地铁东北侧),118.822889,31.953587,江苏省,南京市,江宁区,
7885,同曦鸣城,商务住宅;楼宇;商务写字楼,江宁开发区胜太东路8号,118.822767,31.944638,江苏省,南京市,江宁区,
7886,同曦大厦,商务住宅;楼宇;商务写字楼,胜太东路8号,118.822255,31.94433,江苏省,南京市,江宁区,
7887,胜利二小区,商务住宅;住宅区;住宅小区,胜太路东(庄排路口),118.82209,31.94433,江苏省,南京市,江宁区,
7888,金轮第一城,商务住宅;住宅区;住宅小区,胜太路59-60号,118.81404,31.945317,江苏省,南京市,江宁区,
7889,瑞都购物广场B座,商务住宅;商务住宅相关;商务住宅相关,同曦步行街18号附近,118.819021,31.944468,江苏省,南京市,江宁区,
7890,瑞都购物广场A座,商务住宅;商务住宅相关;商务住宅相关,同曦步行街68号附近,118.820588,31.944308,江苏省,南京市,江宁区,
7891,瑞都购物中心BBunion国际早教中心,商务住宅;商务住宅相关;商务住宅相关,江宁开发区胜太路瑞都购物广场A座二楼,118.82076,31.944596,江苏省,南京市,江宁区,
7892,21世纪假日花园,商务住宅;住宅区;住宅小区,上元大街160号,118.829289,31.949138,江苏省,南京市,江宁区,
7893,梦蝶园,商务住宅;住宅区;住宅小区,胜太东路195号,118.830454,31.950335,江苏省,南京市,江宁区,
7894,金轮第一居,商务住宅;住宅区;住宅小区,明月路100号,118.83098,31.948828,江苏省,南京市,江宁区,
7895,金轮一居北院,商务住宅;住宅区;住宅小区,明月路64号,118.831148,31.949721,江苏省,南京市,江宁区,
7896,蓝色假日(胜太东路),商务住宅;住宅区;住宅小区,明月路62号,118.831464,31.950286,江苏省,南京市,江宁区,
7897,上海明珠花园,商务住宅;住宅区;住宅小区,明月路211号(公交车站),118.832754,31.949013,江苏省,南京市,江宁区,
7898,雅仕居,商务住宅;住宅区;住宅小区,招商街79号,118.832588,31.950586,江苏省,南京市,江宁区,
7899,金王府,商务住宅;住宅区;住宅小区,上元大街88号(地铁站),118.824154,31.949472,江苏省,南京市,江宁区,
7900,东虹园,商务住宅;住宅区;住宅小区,上元大街177号,118.82975,31.95329,江苏省,南京市,江宁区,
7901,一米阳光单身公寓,商务住宅;商务住宅相关;商务住宅相关,明月路1号国贸大厦4楼,118.833765,31.95126,江苏省,南京市,江宁区,
7902,鑫都公寓,商务住宅;住宅区;住宅小区,胜太东路50号,118.827098,31.944671,江苏省,南京市,江宁区,
7903,康达花园城,商务住宅;住宅区;住宅小区,河滨路27号,118.83337,31.952351,江苏省,南京市,江宁区,
7904,金辉金陵铭著(建设中),商务住宅;住宅区;住宅小区,胜太东路与严柳街交汇处东北角,118.824319,31.945386,江苏省,南京市,江宁区,
7905,枫林湾花园,商务住宅;住宅区;住宅小区,东山北沿路街道北沿路15号,118.833542,31.953347,江苏省,南京市,江宁区,
7906,胜泰华府,商务住宅;楼宇;商住两用楼宇,江宁开发区胜太东路36号(百家湖小学北侧),118.824667,31.944721,江苏省,南京市,江宁区,
7907,供销商厦(明月路),商务住宅;楼宇;商务写字楼,上元大街242号,118.832936,31.951594,江苏省,南京市,江宁区,
7908,明月贵都花园,商务住宅;住宅区;住宅小区,萃文路199号,118.83796,31.948577,江苏省,南京市,江宁区,
7909,银谷大厦,商务住宅;楼宇;商务写字楼,金箔路999号黄金海岸广场第一街区,118.836852,31.950776,江苏省,南京市,江宁区,
7910,黄金海岸广场,商务住宅;住宅区;住宅小区|购物服务;商场;普通商场,东山街道金箔路999号,118.836192,31.949846,江苏省,南京市,江宁区,
7911,黄金海岸二街区,商务住宅;住宅区;住宅区,翠文路与萃文路交叉口东南150米,118.835496,31.94892,江苏省,南京市,江宁区,
7912,南京江宁城建大厦,商务住宅;楼宇;商务写字楼,上元大街327号,118.838337,31.95218,江苏省,南京市,江宁区,
7913,国贸大厦(翠文路),商务住宅;楼宇;商务写字楼,上元大街298号,118.835254,31.950873,江苏省,南京市,江宁区,
7914,万达广场F座(府前东路),商务住宅;楼宇;商务写字楼,府前东路9号,118.84239,31.951147,江苏省,南京市,江宁区,
7915,东平雅苑,商务住宅;住宅区;住宅小区,金箔路713附近,118.843409,31.949403,江苏省,南京市,江宁区,
7916,万达广场E座(府前东路),商务住宅;楼宇;商务写字楼,竹山路59号江宁万达广场,118.842211,31.951829,江苏省,南京市,江宁区,
7917,万欣翠园,商务住宅;住宅区;住宅小区,竹山路86号,118.84257,31.94686,江苏省,南京市,江宁区,
7918,万达江宁府,商务住宅;住宅区;住宅小区,上元大街与竹山路交会处,118.843488,31.9501,江苏省,南京市,江宁区,
7919,建设大厦(河滨路),商务住宅;楼宇;商务写字楼,上元大街313号,118.835327,31.951744,江苏省,南京市,江宁区,
7920,香海大厦,商务住宅;楼宇;商务写字楼,明月路与萃文路交叉口东50米,118.83424,31.949405,江苏省,南京市,江宁区,
7921,明月Love生活广场,商务住宅;楼宇;商住两用楼宇,明月路与萃文路交叉口东50米,118.83424,31.949405,江苏省,南京市,江宁区,
7922,恒通大厦(上元大街),商务住宅;楼宇;商务写字楼,东山镇上元大街395号,118.841185,31.952959,江苏省,南京市,江宁区,
7923,一鸣花园,商务住宅;住宅区;住宅小区,上元大街一鸣花园,118.834094,31.950249,江苏省,南京市,江宁区,
7924,明月花园(明月路),商务住宅;住宅区;住宅小区,萃文路99号,118.834069,31.947617,江苏省,南京市,江宁区,
7925,万达广场D座(上元大街),商务住宅;楼宇;商务写字楼,府前东路与戴家塘交叉口东100米,118.842407,31.952776,江苏省,南京市,江宁区,
7926,南京江宁万达广场万达中心D座,商务住宅;商务住宅相关;商务住宅相关,上元大街420号,118.842385,31.952806,江苏省,南京市,江宁区,
7927,江宁万达金陵十二钗,商务住宅;商务住宅相关;商务住宅相关,府前东路万达广场,118.843776,31.951356,江苏省,南京市,江宁区,
7928,公园路11号,商务住宅;住宅区;住宅小区,秋月路与黄泥塘路交叉口西50米,118.838619,31.953894,江苏省,南京市,江宁区,
7929,江宁广电宿舍楼,商务住宅;住宅区;宿舍,北沿路128号,118.83515,31.952741,江苏省,南京市,江宁区,
7930,竹山公寓,商务住宅;住宅区;住宅小区,宁竹山路和金箔路交叉处,118.842499,31.945593,江苏省,南京市,江宁区,
7931,卫生大厦(戴家塘),商务住宅;楼宇;商务写字楼,上元大街397,118.841894,31.953223,江苏省,南京市,江宁区,
7932,南京江宁万达广场万达中心C座,商务住宅;商务住宅相关;商务住宅相关,万达广场,118.843727,31.951678,江苏省,南京市,江宁区,
7933,鲁能泰山7号院,商务住宅;商务住宅相关;商务住宅相关,竹山路68号万达广场F1,118.843439,31.95225,江苏省,南京市,江宁区,
7934,戴家塘15号,商务住宅;住宅区;住宅区,上元大街与戴家塘交叉口西北150米,118.840981,31.953825,江苏省,南京市,江宁区,
7935,天琪福苑,商务住宅;住宅区;住宅小区,东山镇竹新路,118.83627,31.944817,江苏省,南京市,江宁区,
7936,万达广场C座(上元大街),商务住宅;楼宇;商务写字楼,上元大街438号附近,118.843046,31.952949,江苏省,南京市,江宁区,
7937,上元大街319号院,商务住宅;住宅区;住宅小区,上元大街319号,118.835661,31.953747,江苏省,南京市,江宁区,
7938,城中大市口,商务住宅;住宅区;住宅区,土山路与竹山路交叉口西北50米,118.843532,31.953557,江苏省,南京市,江宁区,
7939,景祥家园,商务住宅;住宅区;住宅小区,东山镇宏运大道4399号,118.839979,31.952871,江苏省,南京市,江宁区,
7940,东瀛花园,商务住宅;住宅区;住宅区,金箔路619号,118.84791,31.94766,江苏省,南京市,江宁区,
7941,五小区,商务住宅;住宅区;住宅小区,金箔路579号,118.848724,31.947377,江苏省,南京市,江宁区,
7942,玉堂巷8号小区,商务住宅;住宅区;住宅小区,玉堂巷8号,118.847811,31.951411,江苏省,南京市,江宁区,
7943,玉堂花园,商务住宅;住宅区;住宅小区,竹山路与金箔路交叉口东100米,118.846167,31.948686,江苏省,南京市,江宁区,
7944,南京市江宁医院住宅区,商务住宅;住宅区;住宅小区,鼓山路222号,118.850843,31.951353,江苏省,南京市,江宁区,
7945,金箔路468号院,商务住宅;住宅区;住宅小区,金箔路468号,118.851965,31.949226,江苏省,南京市,江宁区,
7946,东银花园,商务住宅;住宅区;住宅小区,金箔路,118.848286,31.94666,江苏省,南京市,江宁区,
7947,桃园路18号院,商务住宅;住宅区;住宅小区,桃园路18号,118.852138,31.950035,江苏省,南京市,江宁区,
7948,志宁花园,商务住宅;住宅区;住宅小区,东山街道竹山路65号,118.845554,31.94989,江苏省,南京市,江宁区,
7949,中心花园,商务住宅;住宅区;住宅小区,东山镇玉堂巷4号,118.847645,31.95222,江苏省,南京市,江宁区,
7950,景福庭院,商务住宅;住宅区;住宅小区,桃园路51号,118.851996,31.951212,江苏省,南京市,江宁区,
7951,晓里社区企业退休人员之家,商务住宅;商务住宅相关;商务住宅相关,桃园路41号,118.85182,31.950741,江苏省,南京市,江宁区,
7952,江宁府(东门),商务住宅;商务住宅相关;商务住宅相关,竹山路59号,118.84681,31.951902,江苏省,南京市,江宁区,
7953,邮电公寓(桃园路),商务住宅;住宅区;住宅小区,桃园路36号,118.852669,31.950423,江苏省,南京市,江宁区,
7954,东山街道晓里社区,商务住宅;商务住宅相关;商务住宅相关,桃园路55-57号附近,118.85238,31.950934,江苏省,南京市,江宁区,
7955,恒达嘉园,商务住宅;住宅区;住宅小区,东山镇金箔路700号,118.844899,31.949212,江苏省,南京市,江宁区,
7956,东山发动机厂住宅楼,商务住宅;住宅区;住宅小区,竹山路99号,118.845614,31.946569,江苏省,南京市,江宁区,
7957,万达公馆,商务住宅;住宅区;住宅小区,竹山路59号,118.846349,31.952066,江苏省,南京市,江宁区,
7958,晓里村经济适用房,商务住宅;住宅区;住宅小区,鼓山路279号附近,118.851283,31.952428,江苏省,南京市,江宁区,
7959,城开·利民城,商务住宅;住宅区;住宅小区,新医路28-36号,118.84849,31.952979,江苏省,南京市,江宁区,
7960,苗圃路小区,商务住宅;住宅区;住宅小区,东山镇苗圃路5号,118.852293,31.946612,江苏省,南京市,江宁区,
7961,新医路小区,商务住宅;住宅区;住宅小区,近步行街,118.849057,31.953074,江苏省,南京市,江宁区,
7962,竹山大厦,商务住宅;楼宇;商务写字楼,竹山路88-4号,118.845196,31.946976,江苏省,南京市,江宁区,
7963,桃园新居,商务住宅;住宅区;住宅小区,桃园路40号(公交车站),118.853221,31.950698,江苏省,南京市,江宁区,
7964,东新城(北门),商务住宅;商务住宅相关;商务住宅相关,东新南路290号,118.85348,31.950298,江苏省,南京市,江宁区,
7965,山水大厦(新医路),商务住宅;楼宇;商务写字楼,新医路15-2号,118.849178,31.953322,江苏省,南京市,江宁区,
7966,嘉业广场,商务住宅;商务住宅相关;商务住宅相关,东山步行街东入口,118.848521,31.953309,江苏省,南京市,江宁区,
7967,南京市江宁万达广场B座云柜服务站,商务住宅;商务住宅相关;商务住宅相关,竹山路68号万达广场B座大门右侧,118.84455,31.95101,江苏省,南京市,江宁区,
7968,供电苑,商务住宅;住宅区;住宅小区,江宁科学园东新南路346号,118.853925,31.949952,江苏省,南京市,江宁区,
7969,江宁工商局住宅,商务住宅;住宅区;住宅区,东山镇苗圃路,118.852736,31.945774,江苏省,南京市,江宁区,
7970,万达中心B座(竹山路),商务住宅;楼宇;商务写字楼,东山街道竹山路59号,118.844359,31.951344,江苏省,南京市,江宁区,
7971,外港新村,商务住宅;住宅区;住宅小区,金箔路579号,118.84978,31.944811,江苏省,南京市,江宁区,
7972,南京化工技师学院金陵校区公寓楼4,商务住宅;住宅区;宿舍,竹山路与竹新路交叉口东北200米,118.846757,31.945123,江苏省,南京市,江宁区,
7973,莱茵达路6号住宅,商务住宅;住宅区;住宅区,莱茵达路6号,118.853707,31.946169,江苏省,南京市,江宁区,
7974,嘉顺时代广场,商务住宅;楼宇;商住两用楼宇,东山镇上元二街488号,118.850605,31.953796,江苏省,南京市,江宁区,
7975,绿野大厦,商务住宅;楼宇;商务写字楼,东山镇上元大街518号,118.847141,31.9539,江苏省,南京市,江宁区,
7976,长城大厦(上元大街),商务住宅;楼宇;商务写字楼,上元大街504,118.846371,31.953727,江苏省,南京市,江宁区,
7977,万达中心A座(竹山路),商务住宅;楼宇;商务写字楼,东山街道竹山路59号,118.844001,31.952146,江苏省,南京市,江宁区,
7978,管道学院,商务住宅;住宅区;住宅区,竹山路与竹新路交叉口东100米,118.846269,31.944404,江苏省,南京市,江宁区,
7979,南京化工技师学院金陵校区公寓楼3,商务住宅;住宅区;宿舍,竹山路与竹新路交叉口东50米,118.846023,31.944243,江苏省,南京市,江宁区,
7980,日光广场111号,商务住宅;住宅区;住宅区,东新南路239号附近,118.853763,31.952998,江苏省,南京市,江宁区,
7981,蚂蚁工坊B座,商务住宅;楼宇;商住两用楼宇,东新南路15号,118.853047,31.95396,江苏省,南京市,江宁区,
7982,瓯江大厦,商务住宅;楼宇;商务写字楼,东新南路9号,118.85329,31.953866,江苏省,南京市,江宁区,
7983,蚂蚁工坊A座,商务住宅;楼宇;商住两用楼宇,东新南路15号,118.853454,31.953905,江苏省,南京市,江宁区,
7984,凯旋国际,商务住宅;楼宇;商务写字楼,东山镇金箔路700号,118.844911,31.949175,江苏省,南京市,江宁区,
7985,金箔路287号院,商务住宅;住宅区;住宅区,金箔路287号,118.857467,31.948968,江苏省,南京市,江宁区,
7986,金陵天成,商务住宅;住宅区;住宅小区,金箔路1号(公交车站),118.859841,31.950709,江苏省,南京市,江宁区,
7987,明月新寓,商务住宅;住宅区;住宅小区,天印大道1088号,118.86135,31.948456,江苏省,南京市,江宁区,
7988,天宝新寓,商务住宅;住宅区;住宅小区,东新南路519号,118.858709,31.946413,江苏省,南京市,江宁区,
7989,丝织厂小区,商务住宅;住宅区;住宅小区,天印大道与金箔路交界处,118.861513,31.951455,江苏省,南京市,江宁区,
7990,阳光翠庭,商务住宅;住宅区;住宅小区,东山街道天印大道1089号,118.862445,31.95096,江苏省,南京市,江宁区,
7991,东新城,商务住宅;住宅区;住宅小区,东新南路398号,118.854833,31.948735,江苏省,南京市,江宁区,
7992,龙园小区,商务住宅;住宅区;住宅小区,天印大道与金箔路交叉口西南150米,118.85937,31.9527,江苏省,南京市,江宁区,
7993,东新南路313号院,商务住宅;住宅区;住宅区,东新南路313号,118.855034,31.950858,江苏省,南京市,江宁区,
7994,温州商业街小区,商务住宅;住宅区;住宅小区,东新南路281号,118.854942,31.950819,江苏省,南京市,江宁区,
7995,东方花园(东新南路),商务住宅;住宅区;住宅小区,东新南路518号,118.856614,31.945975,江苏省,南京市,江宁区,
7996,天印大道999号,商务住宅;住宅区;住宅区,天印大道东100米,118.862649,31.95131,江苏省,南京市,江宁区,
7997,馨绿园,商务住宅;住宅区;住宅小区,天印大道上元路598号,118.86016,31.945355,江苏省,南京市,江宁区,
7998,南京万达嘉华酒店员工之家,商务住宅;住宅区;宿舍,广汇街15号,118.855538,31.946388,江苏省,南京市,江宁区,
7999,国府大院326号,商务住宅;住宅区;住宅区,金箔路397号附近,118.85452,31.947482,江苏省,南京市,江宁区,
8000,时代雅居(天印大道),商务住宅;住宅区;住宅小区,天印大道1218号,118.862272,31.945865,江苏省,南京市,江宁区,
8001,乐超生活区,商务住宅;住宅区;住宅小区,上元路171号,118.856179,31.953046,江苏省,南京市,江宁区,
8002,玲珑华府,商务住宅;住宅区;住宅小区,东新南路与桃园路交叉口东50米,118.854121,31.951213,江苏省,南京市,江宁区,
8003,上元路151号院,商务住宅;住宅区;住宅小区,上元路151号,118.856215,31.953625,江苏省,南京市,江宁区,
8004,莱茵达路7号院,商务住宅;住宅区;住宅区,广汇街与莱茵达路交叉口北100米,118.854257,31.946045,江苏省,南京市,江宁区,
8005,新亭兰苑小区,商务住宅;住宅区;住宅小区,新亭东路123号,118.856294,31.944621,江苏省,南京市,江宁区,
8006,利民新村(上元路),商务住宅;住宅区;住宅小区,上元路136号,118.854691,31.952882,江苏省,南京市,江宁区,
8007,广汇花园,商务住宅;住宅区;住宅区,东山街道莱茵达路15号,118.8548,31.945221,江苏省,南京市,江宁区,
8008,日光广场,商务住宅;住宅区;住宅小区,东新南路253号,118.854578,31.953056,江苏省,南京市,江宁区,
8009,都市丽景家园(建设中),商务住宅;住宅区;住宅小区,莱茵达路,118.85419,31.944769,江苏省,南京市,江宁区,
8010,都市利景家园,商务住宅;住宅区;住宅小区,莱茵达路18-12号附近,118.854119,31.94469,江苏省,南京市,江宁区,
8011,金箔大楼,商务住宅;楼宇;商务写字楼,近金元宝大酒店,118.857106,31.952514,江苏省,南京市,江宁区,
8012,明月新家花园(东北门),商务住宅;商务住宅相关;商务住宅相关,天印大道1088号,118.862093,31.950274,江苏省,南京市,江宁区,
8013,明月新寓花园(南门),商务住宅;商务住宅相关;商务住宅相关,天印大道与昌宁路交叉口西100米,118.862695,31.947396,江苏省,南京市,江宁区,
8014,天元吉第城,商务住宅;住宅区;住宅小区,东山镇湖山路369号,118.872276,31.947801,江苏省,南京市,江宁区,
8015,西苑(天印大道),商务住宅;住宅区;住宅小区,天印大道1089号,118.86439,31.949178,江苏省,南京市,江宁区,
8016,成山公寓,商务住宅;住宅区;住宅小区,天印大道1255号,118.866699,31.946777,江苏省,南京市,江宁区,
8017,康桥公寓,商务住宅;住宅区;住宅小区,天印大道(江宁高级中学旁),118.865838,31.944294,江苏省,南京市,江宁区,
8018,金东城雅居,商务住宅;住宅区;住宅小区,秣陵街道湖山路189号,118.869701,31.952351,江苏省,南京市,江宁区,
8019,香江豪庭,商务住宅;住宅区;住宅小区,湖山路388号,118.868319,31.94439,江苏省,南京市,江宁区,
8020,泥塘新苑,商务住宅;住宅区;住宅小区,湖东路,118.871868,31.95186,江苏省,南京市,江宁区,
8021,天景山小区(L组团二期),商务住宅;住宅区;住宅小区,,118.871782,31.952217,江苏省,南京市,江宁区,
8022,湖山尊邸,商务住宅;住宅区;住宅小区,秣陵街道昌宁路99号,118.869878,31.950527,江苏省,南京市,江宁区,
8023,天景山公寓荣华苑西区,商务住宅;住宅区;住宅区,天景山路与新亭东路交叉口南150米,118.873926,31.944352,江苏省,南京市,江宁区,
8024,泥塘新寓,商务住宅;商务住宅相关;商务住宅相关,湖东路,118.87192,31.95208,江苏省,南京市,江宁区,
8025,西苑新寓,商务住宅;楼宇;商住两用楼宇|商务住宅;住宅区;住宅区,昌宁路5号附近,118.864149,31.947906,江苏省,南京市,江宁区,
8026,佳福苑,商务住宅;住宅区;住宅小区,湖山路419号,118.876949,31.947295,江苏省,南京市,江宁区,
8027,天景山公寓瑞庭苑,商务住宅;住宅区;住宅小区,湖东路,118.87849,31.950464,江苏省,南京市,江宁区,
8028,天景山公寓荣华苑,商务住宅;住宅区;住宅小区,湖东路59附近,118.875407,31.945256,江苏省,南京市,江宁区,
8029,天景山公寓(盛乐苑),商务住宅;住宅区;住宅小区,天景山盛乐苑,118.880855,31.948322,江苏省,南京市,江宁区,
8030,中航樾公馆,商务住宅;住宅区;住宅小区,泉东路58号,118.880461,31.95178,江苏省,南京市,江宁区,
8031,王墅社区,商务住宅;住宅区;住宅小区,天景山小区春秀苑附近,118.876221,31.952785,江苏省,南京市,江宁区,
8032,陵里社区,商务住宅;住宅区;住宅小区,秣陵街道,118.87596,31.952786,江苏省,南京市,江宁区,
8033,天景山公寓春秀苑,商务住宅;住宅区;住宅小区,湖山路,118.876352,31.953404,江苏省,南京市,江宁区,
8034,天景山公寓荣华苑东区,商务住宅;住宅区;住宅小区,新亭东路与石泉路交叉口东南150米,118.875653,31.945378,江苏省,南京市,江宁区,
8035,天景山公寓瑞庭苑(北门),商务住宅;商务住宅相关;商务住宅相关,万安南路西150米,118.878312,31.952224,江苏省,南京市,江宁区,
8036,天景山公寓盛乐苑(北2门),商务住宅;商务住宅相关;商务住宅相关,泉东路西50米,118.881718,31.949702,江苏省,南京市,江宁区,
8037,天景山公寓景秀苑,商务住宅;住宅区;住宅小区,天印路865号,118.884003,31.948225,江苏省,南京市,江宁区,
8038,天宁家园,商务住宅;住宅区;住宅小区,家园临近园中路,118.886495,31.953925,江苏省,南京市,江宁区,
8039,天景山公寓如意苑,商务住宅;住宅区;住宅小区,泉东路附近,118.884117,31.944582,江苏省,南京市,江宁区,
8040,怡居香汇园,商务住宅;商务住宅相关;商务住宅相关,,118.996621,31.946529,江苏省,南京市,江宁区,
8041,北柚08,商务住宅;住宅区;住宅小区,凤集大道西100米,118.642862,31.936419,江苏省,南京市,雨花台区,
8042,北柚18A,商务住宅;商务住宅相关;商务住宅相关,凤集大道西150米,118.642296,31.936308,江苏省,南京市,雨花台区,
8043,北柚01,商务住宅;楼宇;商务写字楼,凤集大道与龙翔路交叉口西50米,118.644465,31.935823,江苏省,南京市,雨花台区,
8044,明发.华东国际城商业小区,商务住宅;住宅区;住宅小区,凤集大道15号60附近,118.644246,31.935867,江苏省,南京市,雨花台区,
8045,盛世名嘉珍微晶,商务住宅;商务住宅相关;商务住宅相关,唐山路与永康西路交叉口西南50米,118.663782,31.940945,江苏省,南京市,雨花台区,
8046,弘阳装饰城办公楼,商务住宅;楼宇;商务写字楼,弘阳装饰城内,118.667688,31.940739,江苏省,南京市,雨花台区,
8047,美陶炫瓷别墅砖,商务住宅;住宅区;住宅区,二号路与永康东路交叉口西北150米,118.666965,31.938459,江苏省,南京市,雨花台区,
8048,雨花经济开发区保天社区,商务住宅;住宅区;社区中心,S001(滨江路),118.669866,31.94302,江苏省,南京市,雨花台区,
8049,恒永东苑,商务住宅;住宅区;住宅小区,周村街10号,118.692282,31.942316,江苏省,南京市,雨花台区,
8050,恒永西苑,商务住宅;住宅区;住宅小区,邱村街9号,118.687762,31.93933,江苏省,南京市,雨花台区,
8051,长盛东苑,商务住宅;住宅区;住宅小区,西善桥天保桥路8号,118.687523,31.942961,江苏省,南京市,雨花台区,
8052,西善花苑祥和园,商务住宅;住宅区;住宅小区,邱村69,118.691882,31.93855,江苏省,南京市,雨花台区,
8053,长盛西苑,商务住宅;住宅区;住宅小区,天保桥路7号,118.685602,31.941971,江苏省,南京市,雨花台区,
8054,恒永东苑(西门),商务住宅;商务住宅相关;商务住宅相关,徐村街与岱山北路交叉口东南150米,118.691384,31.942649,江苏省,南京市,雨花台区,
8055,西善花苑家和园,商务住宅;住宅区;住宅小区,尤庄街与梅山村路交叉口西北150米,118.694015,31.936198,江苏省,南京市,雨花台区,
8056,平治南苑,商务住宅;住宅区;住宅小区,梅山村路16,118.70033,31.938608,江苏省,南京市,雨花台区,
8057,乐业·东苑,商务住宅;住宅区;住宅小区,单家村街8号,118.698524,31.936594,江苏省,南京市,雨花台区,
8058,义德东苑,商务住宅;住宅区;住宅小区,西善桥西柿路12号,118.699075,31.943441,江苏省,南京市,雨花台区,
8059,明尚西苑,商务住宅;住宅区;住宅小区,西善桥西柿路9号,118.69474,31.943582,江苏省,南京市,雨花台区,
8060,义德西苑,商务住宅;住宅区;住宅小区,西柿路10,118.696905,31.941905,江苏省,南京市,雨花台区,
8061,平治北苑,商务住宅;住宅区;住宅小区,衡村街9号,118.698643,31.940036,江苏省,南京市,雨花台区,
8062,乐业西苑,商务住宅;住宅区;住宅小区,单家村街8号,118.696837,31.935378,江苏省,南京市,雨花台区,
8063,平治东苑,商务住宅;住宅区;住宅小区,梅山村路与盛家岗街交叉口北200米,118.700738,31.941516,江苏省,南京市,雨花台区,
8064,东来·奥南城,商务住宅;楼宇;商务写字楼,岱山中路4号,118.698121,31.938683,江苏省,南京市,雨花台区,
8065,西善花苑万福园,商务住宅;住宅区;住宅小区,邱村71,118.694181,31.940103,江苏省,南京市,雨花台区,
8066,岱山保障房项目,商务住宅;商务住宅相关;商务住宅相关,西善花苑北侧,118.697813,31.939898,江苏省,南京市,雨花台区,
8067,明尚西苑(南门),商务住宅;商务住宅相关;商务住宅相关,岱山中路与西柿路交叉口东北100米,118.694903,31.942262,江苏省,南京市,雨花台区,
8068,义德西苑(西门),商务住宅;商务住宅相关;商务住宅相关,岱山中路与西柿路交叉口东100米,118.694939,31.941825,江苏省,南京市,雨花台区,
8069,岱山新城,商务住宅;住宅区;住宅小区,西柿路9号,118.695172,31.94367,江苏省,南京市,雨花台区,
8070,西善花苑万兴园,商务住宅;住宅区;住宅小区,梅山村中心路9号,118.696322,31.938637,江苏省,南京市,雨花台区,
8071,南京西善花苑,商务住宅;住宅区;住宅小区,新湖大道,118.69469,31.938037,江苏省,南京市,雨花台区,
8072,紫金(雨花)科技创业特许社区东片区1期,商务住宅;住宅区;住宅小区,大周路51号附近,118.743932,31.939707,江苏省,南京市,雨花台区,
8073,韩府山庄,商务住宅;住宅区;住宅小区,宁丹路60号,118.752025,31.942378,江苏省,南京市,雨花台区,
8074,韩府新苑,商务住宅;住宅区;住宅小区,大周路西侧,118.749529,31.943291,江苏省,南京市,雨花台区,
8075,韩府茗苑,商务住宅;住宅区;住宅小区,,118.744723,31.943065,江苏省,南京市,雨花台区,
8076,新驱动大厦,商务住宅;楼宇;商务写字楼,大周路88号,118.745086,31.937407,江苏省,南京市,雨花台区,
8077,高家库工业园,商务住宅;住宅区;住宅小区,宁丹路西侧,118.750169,31.935492,江苏省,南京市,雨花台区,
8078,软件谷人才公寓,商务住宅;住宅区;宿舍,软件谷创业园软件谷,118.74659,31.939144,江苏省,南京市,雨花台区,
8079,韩府山庄门面房4号,商务住宅;住宅区;住宅区,宁丹路1幢附近,118.753431,31.943759,江苏省,南京市,雨花台区,
8080,嘉瑞山庄,商务住宅;住宅区;别墅|商务住宅;住宅区;住宅小区,将军大道开元欣街11号,118.772548,31.942087,江苏省,南京市,江宁区,
8081,香山美墅(开元欣街),商务住宅;住宅区;住宅小区,将军大道开元欣街9号,118.776669,31.944011,江苏省,南京市,江宁区,
8082,滟紫台,商务住宅;住宅区;住宅小区,将军大道韩府路18号(翠屏国际城北侧),118.781837,31.936889,江苏省,南京市,江宁区,
8083,翠屏国际城银杏苑,商务住宅;住宅区;住宅小区,将军中路88号,118.783188,31.935045,江苏省,南京市,江宁区,
8084,南京航空航天大学揽翠苑,商务住宅;住宅区;住宅小区,韩府路19号(近正德职业技术学院),118.781545,31.939789,江苏省,南京市,江宁区,
8085,翠屏紫气云谷,商务住宅;住宅区;住宅区,将军大道韩府路18号,118.781564,31.937049,江苏省,南京市,江宁区,
8086,正德职业技术学院学生公寓3幢,商务住宅;住宅区;宿舍,井头街,118.783041,31.941307,江苏省,南京市,江宁区,
8087,正德职业技术学院学生公寓2幢,商务住宅;住宅区;宿舍,将军大道与胜太西路交叉口西南200米,118.782969,31.941639,江苏省,南京市,江宁区,
8088,正德职业技术学院学生公寓1幢,商务住宅;住宅区;宿舍,井头路与韩府路交叉口东200米,118.782918,31.94178,江苏省,南京市,江宁区,
8089,学生工公寓,商务住宅;商务住宅相关;商务住宅相关,经济技术开发区将军大道18号北门,118.782425,31.942698,江苏省,南京市,江宁区,
8090,南京航空航天大学将军路校区东区学生宿舍,商务住宅;住宅区;宿舍,将军路29号南京航空航天大学将军路校区,118.787301,31.940813,江苏省,南京市,江宁区,
8091,翠屏新天地,商务住宅;楼宇;商务写字楼,将军大道20号,118.786201,31.936801,江苏省,南京市,江宁区,
8092,水岸香樟私人派对别墅,商务住宅;住宅区;别墅,将军大道20号翠屏国际城(翠屏山地铁站),118.78694,31.93574,江苏省,南京市,江宁区,
8093,紫檀苑,商务住宅;住宅区;住宅区,将军大道20号,118.787183,31.935331,江苏省,南京市,江宁区,
8094,中惠大厦,商务住宅;楼宇;商务写字楼,将军大道20号翠屏国际城,118.786958,31.935358,江苏省,南京市,江宁区,
8095,翠屏国际城,商务住宅;住宅区;住宅小区,将军大道20号,118.78543,31.936154,江苏省,南京市,江宁区,
8096,中惠国际,商务住宅;楼宇;商务写字楼,将军大道西50米,118.787066,31.934908,江苏省,南京市,江宁区,
8097,拖乐嘉小区,商务住宅;楼宇;商住两用楼宇|商务住宅;住宅区;住宅区,将军大道与胜太路交叉口东北100米,118.785065,31.943202,江苏省,南京市,江宁区,
8098,翠屏城,商务住宅;楼宇;商住两用楼宇|商务住宅;住宅区;住宅区,禄口镇宁溧路188号,118.78528,31.936023,江苏省,南京市,江宁区,
8099,南京航空航天大学将军路校区慧园学生公寓1号楼,商务住宅;住宅区;宿舍,将军路29号南京航空航天大学将军路校区慧园路,118.790868,31.940535,江苏省,南京市,江宁区,
8100,南京航空航天大学将军路校区怡园学生公寓16号楼,商务住宅;住宅区;宿舍,将军路29号,118.787291,31.940863,江苏省,南京市,江宁区,
8101,南京航空航天大学将军路校区慧园学生公寓2号楼,商务住宅;住宅区;宿舍,将军路29号,118.790725,31.94101,江苏省,南京市,江宁区,
8102,南京航空航天大学将军路校区怡园学生公寓19号楼,商务住宅;住宅区;宿舍,将军路29号南京航空航天大学将军路校区,118.786568,31.940822,江苏省,南京市,江宁区,
8103,南京航空航天大学将军路校区慧园学生公寓3号楼,商务住宅;住宅区;宿舍,将军路29号,118.790593,31.941387,江苏省,南京市,江宁区,
8104,南京航空航天大学将军路校区怡园学生公寓18号楼,商务住宅;住宅区;宿舍,将军路29号南京航空航天大学将军路校区,118.786115,31.940507,江苏省,南京市,江宁区,
8105,南京航空航天大学将军路校区怡园学生公寓17号楼,商务住宅;住宅区;宿舍,将军路29号南京航空航天大学将军路校区,118.787048,31.941519,江苏省,南京市,江宁区,
8106,南京航空航天大学将军路校区怡园学生公寓20号楼,商务住宅;住宅区;宿舍,将军路29号南京航空航天大学将军路校区,118.786468,31.941179,江苏省,南京市,江宁区,
8107,南京航空航天大学将军路校区慧园学生公寓4号楼,商务住宅;住宅区;宿舍,将军路29号南京航空航天大学将军路校区,118.79044,31.941796,江苏省,南京市,江宁区,
8108,南京航空航天大学将军路校区博园学生公寓10号楼,商务住宅;住宅区;宿舍,将军路29号南京航空航天大学将军路校区,118.788663,31.94223,江苏省,南京市,江宁区,
8109,南京航空航天大学将军路校区博园学生公寓8号楼,商务住宅;住宅区;宿舍,将军路29号南京航空航天大学将军路校区,118.789181,31.942252,江苏省,南京市,江宁区,
8110,南京航空航天大学将军路校区博园学生公寓12号楼,商务住宅;住宅区;宿舍,将军路29号,118.788122,31.942185,江苏省,南京市,江宁区,
8111,南京航空航天大学将军路校区博园学生公寓14号楼,商务住宅;住宅区;宿舍,将军路29号南京航空航天大学将军路校区,118.787589,31.942153,江苏省,南京市,江宁区,
8112,南京航空航天大学将军路校区博园学生公寓6号楼,商务住宅;住宅区;宿舍,将军路29号,118.789715,31.942305,江苏省,南京市,江宁区,
8113,南京航空航天大学将军路校区慧园学生公寓5号楼,商务住宅;住宅区;宿舍,将军路29号,118.790319,31.942265,江苏省,南京市,江宁区,
8114,南京航空航天大学将军路校区博园学生公寓11号楼,商务住宅;住宅区;宿舍,将军路29号南京航空航天大学将军路校区,118.788366,31.94256,江苏省,南京市,江宁区,
8115,南京航空航天大学将军路校区博园学生公寓9号楼,商务住宅;住宅区;宿舍,将军路29号南京航空航天大学将军路校区,118.788899,31.942606,江苏省,南京市,江宁区,
8116,南京航空航天大学将军路校区博园学生公寓13号楼,商务住宅;住宅区;宿舍,将军路29号南京航空航天大学将军路校区,118.787863,31.942528,江苏省,南京市,江宁区,
8117,南京航空航天大学将军路校区博园学生公寓7号楼,商务住宅;住宅区;宿舍,将军路29号南京航空航天大学将军路校区,118.789418,31.942647,江苏省,南京市,江宁区,
8118,南京航空航天大学将军路校区博园学生公寓15号楼,商务住宅;住宅区;宿舍,将军路29号南京航空航天大学将军路校区,118.787391,31.942506,江苏省,南京市,江宁区,
8119,南京航空航天大学将军路校区怡园学生公寓21号楼,商务住宅;住宅区;宿舍,将军路29号南京航空航天大学将军路校区,118.785653,31.941731,江苏省,南京市,江宁区,
8120,南京航空航天大学将军路校区怡园学生公寓22号楼,商务住宅;住宅区;宿舍,将军路29号南京航空航天大学将军路校区,118.786096,31.942178,江苏省,南京市,江宁区,
8121,南京航空航天大学将军路校区学生公寓32号楼,商务住宅;住宅区;宿舍,将军路29号南京航空航天大学将军路校区,118.793463,31.941072,江苏省,南京市,江宁区,
8122,南京航空航天大学将军路校区学生公寓33号楼,商务住宅;住宅区;宿舍,将军路29号南京航空航天大学将军路校区,118.793424,31.941715,江苏省,南京市,江宁区,
8123,南京航空航天大学将军路校区学生公寓34号楼,商务住宅;住宅区;宿舍,将军路29号南京航空航天大学将军路校区,118.793364,31.942295,江苏省,南京市,江宁区,
8124,南京航空航天大学将军路校区学生公寓31号楼,商务住宅;住宅区;宿舍,将军路29号南京航空航天大学将军路校区,118.793935,31.942373,江苏省,南京市,江宁区,
8125,太平商住楼,商务住宅;住宅区;住宅区,胜太西路59号,118.801119,31.943312,江苏省,南京市,江宁区,
8126,太平花苑南区,商务住宅;住宅区;住宅小区,通淮街28号,118.800936,31.93617,江苏省,南京市,江宁区,
8127,太平花苑北区,商务住宅;住宅区;住宅小区,通淮街18号,118.800212,31.941267,江苏省,南京市,江宁区,
8128,太平花苑,商务住宅;住宅区;住宅小区,通淮街18号,118.80143,31.934662,江苏省,南京市,江宁区,
8129,太平花苑北苑,商务住宅;住宅区;住宅小区,通淮街18号太平花苑,118.800259,31.940516,江苏省,南京市,江宁区,
8130,南京航空航天大学将军路校区学生公寓27号楼,商务住宅;住宅区;宿舍,将军路29号南京航空航天大学将军路校区,118.794651,31.941869,江苏省,南京市,江宁区,
8131,南京航空航天大学将军路校区学生公寓28号楼,商务住宅;住宅区;宿舍,将军路29号南京航空航天大学将军路校区,118.794651,31.942218,江苏省,南京市,江宁区,
8132,南京航空航天大学将军路校区学生公寓29号楼,商务住宅;住宅区;宿舍,将军路29号南京航空航天大学将军路校区,118.794636,31.942562,江苏省,南京市,江宁区,
8133,南京航空航天大学将军路校区学生公寓26号楼,商务住宅;住宅区;宿舍,将军路29号南京航空航天大学将军路校区,118.795375,31.942265,江苏省,南京市,江宁区,
8134,南京航空航天大学将军路校区学生公寓25号楼,商务住宅;住宅区;宿舍,将军路29号南京航空航天大学将军路校区,118.795398,31.941925,江苏省,南京市,江宁区,
8135,南京航空航天大学将军路校区学生公寓24号楼,商务住宅;住宅区;宿舍,将军路29号南京航空航天大学将军路校区,118.795345,31.941551,江苏省,南京市,江宁区,
8136,南京航空航天大学将军路校区学生公寓23号楼,商务住宅;住宅区;宿舍,将军路29号南京航空航天大学将军路校区,118.795261,31.941183,江苏省,南京市,江宁区,
8137,南京航空航天大学将军路校区学生公寓30号楼,商务住宅;住宅区;宿舍,将军路29号南京航空航天大学将军路校区,118.794004,31.941733,江苏省,南京市,江宁区,
8138,秋山苑,商务住宅;住宅区;住宅小区,利源中路附近,118.803932,31.940968,江苏省,南京市,江宁区,
8139,南京爱森公寓太平花苑一店,商务住宅;商务住宅相关;商务住宅相关,平泰街78号(近静淮街),118.800801,31.938524,江苏省,南京市,江宁区,
8140,环湖西路小区,商务住宅;住宅区;住宅小区,佳湖西路6号,118.810029,31.937915,江苏省,南京市,江宁区,
8141,百家湖西苑,商务住宅;住宅区;住宅小区,湖滨路18号,118.809964,31.941644,江苏省,南京市,江宁区,
8142,春水苑(通淮街),商务住宅;住宅区;住宅小区,胜太西路通淮街,118.805537,31.939929,江苏省,南京市,江宁区,
8143,佳湖绿岛,商务住宅;住宅区;住宅小区,佳湖西路9号,118.812064,31.937532,江苏省,南京市,江宁区,
8144,尚园(佳湖西路),商务住宅;住宅区;住宅小区,佳湖西路与湖滨路交叉口南100米,118.811848,31.941439,江苏省,南京市,江宁区,
8145,高尔夫国际花园(平泰街),商务住宅;住宅区;住宅小区,利源中路88号(百家湖畔西侧),118.806151,31.936816,江苏省,南京市,江宁区,
8146,瑞竹园,商务住宅;住宅区;住宅小区,湖滨路9号,118.809389,31.942574,江苏省,南京市,江宁区,
8147,南京世界村,商务住宅;住宅区;别墅,百家湖湖滨路15号,118.810591,31.942856,江苏省,南京市,江宁区,
8148,湖滨公寓商铺,商务住宅;商务住宅相关;商务住宅相关,湖滨路22号,118.812149,31.942029,江苏省,南京市,江宁区,
8149,百家湖花园,商务住宅;住宅区;住宅小区,江宁开发区利源中路99号(百家湖西湖畔),118.808789,31.934986,江苏省,南京市,江宁区,
8150,百家湖别墅花园,商务住宅;住宅区;别墅,江宁开发区湖滨路58号(地铁站),118.813685,31.94104,江苏省,南京市,江宁区,
8151,高尔夫西花园,商务住宅;住宅区;住宅小区,江宁开发区通淮街111号,118.804024,31.937287,江苏省,南京市,江宁区,
8152,LAKER国际公寓,商务住宅;商务住宅相关;商务住宅相关,胜太路16号,118.80976,31.943909,江苏省,南京市,江宁区,
8153,湖滨世纪花园,商务住宅;住宅区;住宅小区,利源中路20号,118.805081,31.942905,江苏省,南京市,江宁区,
8154,枫情佳园,商务住宅;住宅区;住宅小区,胜太路38号,118.811112,31.943889,江苏省,南京市,江宁区,
8155,颐秀居,商务住宅;住宅区;住宅小区,江宁开发区通淮街159号,118.804294,31.935523,江苏省,南京市,江宁区,
8156,湖滨公寓西区,商务住宅;住宅区;住宅小区,湖滨公寓(西区)21幢,118.813437,31.943084,江苏省,南京市,江宁区,
8157,汇金旗林大厦,商务住宅;楼宇;商务写字楼,胜太路6号,118.809126,31.943716,江苏省,南京市,江宁区,
8158,百家湖东花园,商务住宅;楼宇;商住两用楼宇,利源中路99号,118.808432,31.934943,江苏省,南京市,江宁区,
8159,江宁新街坊,商务住宅;楼宇;商务写字楼,百家湖大街爱德美幼儿园隔壁,118.807149,31.934938,江苏省,南京市,江宁区,
8160,湖滨公寓,商务住宅;住宅区;住宅小区|商务住宅;楼宇;商住两用楼宇,胜太路88号,118.81604,31.94348,江苏省,南京市,江宁区,
8161,新贵之都,商务住宅;住宅区;住宅小区,双龙大道1361号,118.82273,31.941058,江苏省,南京市,江宁区,
8162,静月花园,商务住宅;住宅区;住宅小区,胜太路双龙大道1280号,118.820825,31.942728,江苏省,南京市,江宁区,
8163,水竹苑,商务住宅;住宅区;住宅小区,湖滨路88号,118.819792,31.942762,江苏省,南京市,江宁区,
8164,宁湖园岚岛别墅,商务住宅;住宅区;别墅,双龙大道1368号假日百货对面,118.820736,31.940907,江苏省,南京市,江宁区,
8165,同曦国际广场,商务住宅;住宅区;住宅小区,双龙大道1222号,118.818971,31.943565,江苏省,南京市,江宁区,
8166,湖东音乐苑,商务住宅;住宅区;住宅小区,池田路1号,118.82236,31.940162,江苏省,南京市,江宁区,
8167,同曦步行街商铺,商务住宅;住宅区;住宅区,假日百货旁,118.823353,31.943558,江苏省,南京市,江宁区,
8168,天元国际大厦,商务住宅;楼宇;商务写字楼,双龙大道与西门子路交叉口东100米,118.822312,31.936226,江苏省,南京市,江宁区,
8169,招商中心,商务住宅;商务住宅相关;商务住宅相关,双龙大道1376#附近,118.821147,31.940702,江苏省,南京市,江宁区,
8170,湖滨公寓东区,商务住宅;住宅区;住宅小区,东山镇胜太西路,118.81636,31.94346,江苏省,南京市,江宁区,
8171,万尚城金吉鸟,商务住宅;商务住宅相关;商务住宅相关,双龙大道1355号(近同曦名城),118.8211,31.94358,江苏省,南京市,江宁区,
8172,方甲村,商务住宅;商务住宅相关;商务住宅相关,双龙大道1351号万尚城5层,118.822031,31.94266,江苏省,南京市,江宁区,
8173,胜利新寓,商务住宅;住宅区;住宅小区,庄庄排路39号,118.828375,31.942,江苏省,南京市,江宁区,
8174,龙池新寓,商务住宅;住宅区;住宅小区,开发区秣陵街道通用磨坊路,118.830864,31.938163,江苏省,南京市,江宁区,
8175,新区花苑(庄排路),商务住宅;住宅区;住宅小区,庄排路55号,118.828869,31.9404,江苏省,南京市,江宁区,
8176,艺术家园(池田路),商务住宅;住宅区;住宅小区,池田路9号,118.824963,31.940318,江苏省,南京市,江宁区,
8177,天平公寓,商务住宅;住宅区;住宅小区,庄排路13号,118.827602,31.943373,江苏省,南京市,江宁区,
8178,胜利新寓(南门),商务住宅;商务住宅相关;商务住宅相关,通用磨坊路附近,118.82885,31.939945,江苏省,南京市,江宁区,
8179,万欣花园,商务住宅;住宅区;住宅小区,竹山路378号,118.84301,31.934814,江苏省,南京市,江宁区,
8180,东城福园,商务住宅;住宅区;住宅小区,新亭西路158号,118.840703,31.943186,江苏省,南京市,江宁区,
8181,蓝天公寓(金山路),商务住宅;住宅区;住宅小区,竹山路,118.843691,31.936524,江苏省,南京市,江宁区,
8182,万欣北苑,商务住宅;住宅区;住宅小区,东山镇金山路58号,118.841716,31.936771,江苏省,南京市,江宁区,
8183,龙湖·春江郦城,商务住宅;住宅区;住宅小区,新亭西路,118.836555,31.942031,江苏省,南京市,江宁区,
8184,骆村新寓,商务住宅;住宅区;住宅小区,竹山路与新亭路交口向西100米南京东山宾馆对面,118.84307,31.94109,江苏省,南京市,江宁区,
8185,凯文公寓,商务住宅;商务住宅相关;商务住宅相关,竹山路与新亭路的交叉口,118.843518,31.942458,江苏省,南京市,江宁区,
8186,kelvin单身公寓,商务住宅;商务住宅相关;商务住宅相关,骆村新寓B1栋-807号近竹山路地铁站,118.8438,31.94183,江苏省,南京市,江宁区,
8187,骆村新寓A区,商务住宅;住宅区;住宅小区,新亭西路南200米,118.842468,31.94119,江苏省,南京市,江宁区,
8188,江宁技工学校教工宿舍搂,商务住宅;住宅区;宿舍,潭园西路南50米,118.848835,31.938879,江苏省,南京市,江宁区,
8189,江宁技师学院教师公寓,商务住宅;住宅区;宿舍,谭园西街137,118.848904,31.938718,江苏省,南京市,江宁区,
8190,煤气公司宿舍(潭园西路),商务住宅;住宅区;宿舍,潭园西路148号,118.847479,31.939371,江苏省,南京市,江宁区,
8191,谭园西路139号院,商务住宅;住宅区;住宅区,潭园西路139号,118.847472,31.938886,江苏省,南京市,江宁区,
8192,竹山雅居小区,商务住宅;住宅区;住宅小区,潭园西路141号,118.846888,31.938485,江苏省,南京市,江宁区,
8193,天泰北区,商务住宅;住宅区;住宅小区,兴民北路与天泰路交叉口西北150米,118.848529,31.936971,江苏省,南京市,江宁区,
8194,星韵座,商务住宅;住宅区;住宅小区,市政天元城星韵座4栋,118.849765,31.941619,江苏省,南京市,江宁区,
8195,天泰花园(天泰路),商务住宅;住宅区;住宅小区,竹山路与天泰路交接处,118.850729,31.937104,江苏省,南京市,江宁区,
8196,天泰北苑,商务住宅;住宅区;住宅区,天泰路128号,118.84871,31.936461,江苏省,南京市,江宁区,
8197,明珠小区,商务住宅;住宅区;住宅小区,东山镇明珠小区,118.847215,31.936706,江苏省,南京市,江宁区,
8198,秦淮花园,商务住宅;住宅区;住宅小区,天泰路,118.848214,31.936365,江苏省,南京市,江宁区,
8199,骆村社区,商务住宅;住宅区;宿舍,新亭路123号附近,118.848626,31.942121,江苏省,南京市,江宁区,
8200,三江学院竹山路校区女生宿舍,商务住宅;住宅区;宿舍,新亭路123号附近,118.848644,31.942117,江苏省,南京市,江宁区,
8201,南京工程学院02幢男生宿舍,商务住宅;住宅区;宿舍,竹山路181号,118.848314,31.942126,江苏省,南京市,江宁区,
8202,檀香座,商务住宅;住宅区;住宅小区,成墟路,118.852437,31.939608,江苏省,南京市,江宁区,
8203,椰树座,商务住宅;住宅区;住宅小区,新亭东路,118.851305,31.941666,江苏省,南京市,江宁区,
8204,天元城四期小区,商务住宅;住宅区;住宅小区,新亭路南50米,118.848591,31.942427,江苏省,南京市,江宁区,
8205,三江学院竹山路校区男生宿舍,商务住宅;住宅区;宿舍,新亭路129号附近,118.848272,31.942389,江苏省,南京市,江宁区,
8206,江山品阁,商务住宅;住宅区;住宅区,竹山路246号,118.845345,31.940487,江苏省,南京市,江宁区,
8207,天泰南苑,商务住宅;住宅区;住宅小区,东山镇天泰路,118.848904,31.935791,江苏省,南京市,江宁区,
8208,南京工程学院女生宿舍,商务住宅;住宅区;宿舍,竹山路181号,118.847243,31.942434,江苏省,南京市,江宁区,
8209,新亭路366号住宅,商务住宅;住宅区;住宅区,新亭路366号,118.846955,31.942876,江苏省,南京市,江宁区,
8210,新亭路330号院,商务住宅;住宅区;住宅区,新亭路330号,118.847541,31.942841,江苏省,南京市,江宁区,
8211,骆村新寓C区,商务住宅;住宅区;住宅小区,竹山路286号附近,118.844904,31.940905,江苏省,南京市,江宁区,
8212,宁电馨苑(兴民北路),商务住宅;住宅区;住宅小区,兴民北路1号(公交车站),118.850921,31.935414,江苏省,南京市,江宁区,
8213,工程学院家属区,商务住宅;住宅区;住宅小区,新亭路与竹山路交叉口,118.847115,31.943198,江苏省,南京市,江宁区,
8214,北京市东通州区燕郊经济开发区燕顺路中兴和园,商务住宅;商务住宅相关;商务住宅相关,新亭路51号,118.85257,31.942404,江苏省,南京市,江宁区,
8215,花语座,商务住宅;住宅区;住宅小区,天元东路123号,118.853,31.936351,江苏省,南京市,江宁区,
8216,科苑公寓,商务住宅;住宅区;住宅小区,百家湖兴民北路18号,118.849068,31.934673,江苏省,南京市,江宁区,
8217,天元府,商务住宅;住宅区;住宅小区,新亭路9号,118.853236,31.941945,江苏省,南京市,江宁区,
8218,骆村新寓B区,商务住宅;住宅区;住宅小区,新亭西路与辅竹路交叉口南150米,118.844051,31.941323,江苏省,南京市,江宁区,
8219,蓝天公寓东区,商务住宅;住宅区;住宅小区,科学园金山路,118.844505,31.936344,江苏省,南京市,江宁区,
8220,天元城,商务住宅;住宅区;住宅小区,新亭路9号,118.853413,31.942164,江苏省,南京市,江宁区,
8221,广兴花园,商务住宅;住宅区;住宅小区,新亭路120号附近,118.85251,31.943631,江苏省,南京市,江宁区,
8222,竹山路17号楼A座,商务住宅;楼宇;商务写字楼,竹山路246号,118.845312,31.941826,江苏省,南京市,江宁区,
8223,南京工程学院康尼学院办公楼,商务住宅;楼宇;商务写字楼,东山镇竹山路188号,118.84646,31.942435,江苏省,南京市,江宁区,
8224,南京工程学院竹山路校区办公楼,商务住宅;楼宇;商务写字楼,东山镇竹山路188号,118.846448,31.942426,江苏省,南京市,江宁区,
8225,江山大厦B幢,商务住宅;楼宇;商住两用楼宇,竹山路246号,118.844953,31.942168,江苏省,南京市,江宁区,
8226,江山大厦C幢,商务住宅;楼宇;商住两用楼宇,竹山路244号,118.844787,31.942079,江苏省,南京市,江宁区,
8227,骆村大厦,商务住宅;楼宇;商务写字楼,潭园西路128号,118.846715,31.939335,江苏省,南京市,江宁区,
8228,江山名座大厦,商务住宅;楼宇;商务写字楼,东山镇金山路1号,118.845162,31.935621,江苏省,南京市,江宁区,
8229,江山大厦A座,商务住宅;楼宇;商住两用楼宇,竹山路246号,118.845268,31.941905,江苏省,南京市,江宁区,
8230,市政天天城(熊猫快收),商务住宅;商务住宅相关;商务住宅相关,秣陵街道新亭路85号(菜鸟驿站),118.849223,31.942486,江苏省,南京市,江宁区,
8231,双赢花园,商务住宅;住宅区;住宅小区,科学园莱茵达路139号,118.85912,31.938984,江苏省,南京市,江宁区,
8232,双宁新村,商务住宅;住宅区;住宅小区,成墟路133号,118.857378,31.940347,江苏省,南京市,江宁区,
8233,风和日丽(天元东路辅路),商务住宅;住宅区;住宅小区,天元东路547号,118.861309,31.938016,江苏省,南京市,江宁区,
8234,南京江宁科技金融中心,商务住宅;楼宇;商务写字楼,天元东路391号,118.858455,31.936837,江苏省,南京市,江宁区,
8235,天元城摩登道,商务住宅;住宅区;住宅小区,莱茵达路98号,118.855595,31.93936,江苏省,南京市,江宁区,
8236,景致国际商务中心,商务住宅;楼宇;商务写字楼,天元东路555号,118.862362,31.937911,江苏省,南京市,江宁区,
8237,财富广场,商务住宅;住宅区;住宅区,天元东路228号,118.860822,31.936608,江苏省,南京市,江宁区,
8238,友邦公寓(天元路店),商务住宅;住宅区;住宅小区,天元东路228号莱茵小镇05幢,118.861129,31.936528,江苏省,南京市,江宁区,
8239,天印花园,商务住宅;住宅区;住宅小区,成墟路288号,118.855635,31.937247,江苏省,南京市,江宁区,
8240,金箔新村小区,商务住宅;住宅区;住宅小区,莱茵达路88号,118.855242,31.940628,江苏省,南京市,江宁区,
8241,莱茵铂郡大厦,商务住宅;楼宇;商住两用楼宇,天元东路228号(天印大道站附近100米),118.859456,31.935697,江苏省,南京市,江宁区,
8242,福信呼叫中心,商务住宅;商务住宅相关;商务住宅相关,莱茵铂郡1708室,118.85967,31.93569,江苏省,南京市,江宁区,
8243,莱·茵·铂·爵,商务住宅;商务住宅相关;商务住宅相关,天元东路228号莱茵铂郡12层1222室,118.85967,31.93569,江苏省,南京市,江宁区,
8244,莱茵小镇,商务住宅;住宅区;住宅小区,江宁科学园天元东路228号,118.86112,31.935968,江苏省,南京市,江宁区,
8245,财富广场2期,商务住宅;楼宇;商务写字楼,天元东路228号,118.86263,31.93716,江苏省,南京市,江宁区,
8246,莱茵·量子国际,商务住宅;楼宇;商务写字楼,科学园天元东路228号,118.862331,31.936526,江苏省,南京市,江宁区,
8247,书香名苑(天印大道),商务住宅;住宅区;住宅小区,天印路388号,118.863787,31.939806,江苏省,南京市,江宁区,
8248,书香名门,商务住宅;住宅区;住宅区,天印大道地铁一号线天印大道站,118.863666,31.940278,江苏省,南京市,江宁区,
8249,天印大道站商贸中心,商务住宅;楼宇;商务写字楼,淳化街道天印大道地铁站2号口西50米,118.863251,31.937146,江苏省,南京市,江宁区,
8250,世茂花园,商务住宅;商务住宅相关;商务住宅相关,成元路与天元东路交叉口东南100米,118.863529,31.937371,江苏省,南京市,江宁区,
8251,江宁城建园林高,商务住宅;住宅区;住宅小区,天印大道与谭园路交叉口西南150米,118.863648,31.941106,江苏省,南京市,江宁区,
8252,成墟路29号小区,商务住宅;住宅区;住宅小区,成墟路29号,118.856393,31.943143,江苏省,南京市,江宁区,
8253,市政天元城碧水座,商务住宅;住宅区;住宅区,莱茵达路28号,118.855503,31.942674,江苏省,南京市,江宁区,
8254,成墟路小区,商务住宅;住宅区;住宅小区,莱茵达路28号,118.855704,31.943126,江苏省,南京市,江宁区,
8255,莱茵东郡沁茵苑,商务住宅;住宅区;住宅区,天印大道,118.862932,31.935625,江苏省,南京市,江宁区,
8256,恒安嘉园-恒园,商务住宅;住宅区;住宅区,天元东路与莱茵达路交叉口西南200米,118.856647,31.934542,江苏省,南京市,江宁区,
8257,云栖苑,商务住宅;住宅区;住宅小区,江宁科学园天元东路230号,118.860375,31.93421,江苏省,南京市,江宁区,
8258,莱茵达路18号,商务住宅;住宅区;住宅小区,新亭东路与莱茵达路交叉口西北100米,118.854844,31.944036,江苏省,南京市,江宁区,
8259,广博苑,商务住宅;住宅区;住宅小区,秣陵街道天印大道1369号,118.866354,31.942889,江苏省,南京市,江宁区,
8260,天印慧谷,商务住宅;楼宇;商务写字楼,秣陵街道天印大道1299号,118.865249,31.942928,江苏省,南京市,江宁区,
8261,景枫科技大厦,商务住宅;楼宇;商务写字楼,天元东路与天印大道交叉口东南150米,118.866556,31.937328,江苏省,南京市,江宁区,
8262,永福苑,商务住宅;住宅区;住宅小区,湖山路419号,118.871117,31.94247,江苏省,南京市,江宁区,
8263,莱茵东郡·苹果都市,商务住宅;楼宇;商住两用楼宇,科学园天元东路228号,118.864934,31.937157,江苏省,南京市,江宁区,
8264,天景山公寓欣荣苑,商务住宅;住宅区;住宅小区,湖山路419号,118.873043,31.940426,江苏省,南京市,江宁区,
8265,莱茵东群·苹果都市C座,商务住宅;商务住宅相关;商务住宅相关,天元东路228号,118.865075,31.937129,江苏省,南京市,江宁区,
8266,友情公寓(欣荣苑23幢),商务住宅;商务住宅相关;商务住宅相关,天景山公寓欣荣苑23幢二单元503,118.871085,31.940718,江苏省,南京市,江宁区,
8267,莱茵东郡苹果都市A座,商务住宅;商务住宅相关;商务住宅相关,天元东路228号,118.864383,31.937091,江苏省,南京市,江宁区,
8268,安宇国际,商务住宅;商务住宅相关;商务住宅相关,广博苑3幢1314室,118.865395,31.942079,江苏省,南京市,江宁区,
8269,融侨世家,商务住宅;住宅区;住宅小区,兴苑路18号,118.876545,31.935236,江苏省,南京市,江宁区,
8270,城市之光大厦,商务住宅;楼宇;商住两用楼宇,天元东路388号,118.880154,31.939642,江苏省,南京市,江宁区,
8271,碧华苑,商务住宅;住宅区;住宅小区,天元中路,118.877983,31.941559,江苏省,南京市,江宁区,
8272,花锦苑,商务住宅;住宅区;住宅小区,东山镇湖山路419号,118.880807,31.943903,江苏省,南京市,江宁区,
8273,紫金银座(科苑路),商务住宅;住宅区;住宅小区,天元东路388号南京义乌小商品城D区2幢附近,118.878802,31.937979,江苏省,南京市,江宁区,
8274,义乌商品城D区,商务住宅;住宅区;住宅小区,义乌路与巨州街交叉口南100米,118.879017,31.937851,江苏省,南京市,江宁区,
8275,城市之光B座,商务住宅;楼宇;商住两用楼宇,江宁街附近,118.879943,31.93916,江苏省,南京市,江宁区,
8276,天景山公寓,商务住宅;住宅区;住宅小区|住宿服务;宾馆酒店;宾馆酒店,,118.8761,31.940987,江苏省,南京市,江宁区,
8277,朱姨公寓,商务住宅;商务住宅相关;商务住宅相关,天景山公寓碧华苑3幢4单元,118.87622,31.941324,江苏省,南京市,江宁区,
8278,狅龙电现城,商务住宅;商务住宅相关;商务住宅相关,天元东路861号附近,118.87477,31.939978,江苏省,南京市,江宁区,
8279,城市之光大厦A座,商务住宅;楼宇;商住两用楼宇,天元东路388号,118.88013,31.940127,江苏省,南京市,江宁区,
8280,江苏经贸职业技术学院江宁校区兰馨苑,商务住宅;住宅区;宿舍,龙眠大道180号,118.883103,31.934975,江苏省,南京市,江宁区,
8281,江宁高新园321人才创业大厦,商务住宅;楼宇;商务写字楼,天元东路1009号高新园区,118.881539,31.941528,江苏省,南京市,江宁区,
8282,明苑1幢南座,商务住宅;商务住宅相关;商务住宅相关,三号路与厚生路交叉口东北100米,118.890048,31.940135,江苏省,南京市,江宁区,
8283,南京医科大学江宁校区学生公寓1幢,商务住宅;住宅区;宿舍,三号路与厚生路交叉口北100米,118.889949,31.940243,江苏省,南京市,江宁区,
8284,明苑1幢北座,商务住宅;商务住宅相关;商务住宅相关,八号路与厚生路交叉口东100米,118.890162,31.940464,江苏省,南京市,江宁区,
8285,明苑2幢南座,商务住宅;商务住宅相关;商务住宅相关,八号路与厚生路交叉口东100米,118.890155,31.940696,江苏省,南京市,江宁区,
8286,南京医科大学江宁校区学生公寓2幢,商务住宅;住宅区;宿舍,八号路与厚生路交叉口东北100米,118.88998,31.940883,江苏省,南京市,江宁区,
8287,明苑2幢北座,商务住宅;商务住宅相关;商务住宅相关,八号路与厚生路交叉口东北100米,118.890106,31.941007,江苏省,南京市,江宁区,
8288,明苑3幢南座,商务住宅;商务住宅相关;商务住宅相关,厚生路与敏行路交叉口东100米,118.889718,31.941353,江苏省,南京市,江宁区,
8289,学生公寓03幢,商务住宅;住宅区;宿舍,厚生路与敏行路交叉口东北100米,118.889655,31.941484,江苏省,南京市,江宁区,
8290,南京医科大学江宁校区学生公寓3幢,商务住宅;住宅区;宿舍,敏行路附近,118.889621,31.941503,江苏省,南京市,江宁区,
8291,明苑5幢南座,商务住宅;商务住宅相关;商务住宅相关,三号路与五台路交叉口西北100米,118.891531,31.940103,江苏省,南京市,江宁区,
8292,明苑5幢北座,商务住宅;商务住宅相关;商务住宅相关,三号路与五台路交叉口西北100米,118.891604,31.940438,江苏省,南京市,江宁区,
8293,南京医科大学学生公寓5幢,商务住宅;住宅区;宿舍,三号路与五台路交叉口北100米,118.891747,31.940234,江苏省,南京市,江宁区,
8294,明苑6幢南座,商务住宅;商务住宅相关;商务住宅相关,三号路与五台路交叉口北150米,118.891683,31.940786,江苏省,南京市,江宁区,
8295,南京医科大学江宁校区学生公寓4幢,商务住宅;住宅区;宿舍,笃行路附近,118.889573,31.942098,江苏省,南京市,江宁区,
8296,南京医科大学学生公寓6幢,商务住宅;住宅区;宿舍,三号路与五台路交叉口北150米,118.891813,31.940941,江苏省,南京市,江宁区,
8297,明苑6幢北座,商务住宅;商务住宅相关;商务住宅相关,笃行路与颐贤路交叉口南150米,118.891739,31.941108,江苏省,南京市,江宁区,
8298,明苑7幢南座,商务住宅;商务住宅相关;商务住宅相关,笃行路与颐贤路交叉口南150米,118.891418,31.941429,江苏省,南京市,江宁区,
8299,明苑4幢北座,商务住宅;商务住宅相关;商务住宅相关,厚生路与笃行路交叉口东100米,118.889695,31.942269,江苏省,南京市,江宁区,
8300,南京医科大学学生公寓7幢,商务住宅;住宅区;宿舍,笃行路与颐贤路交叉口南100米,118.891687,31.94156,江苏省,南京市,江宁区,
8301,明苑7幢北座,商务住宅;商务住宅相关;商务住宅相关,笃行路与颐贤路交叉口南100米,118.891471,31.941739,江苏省,南京市,江宁区,
8302,南京医科大学江宁校区学生公寓8幢,商务住宅;住宅区;宿舍,和中路与笃行路交叉口东北100米,118.890843,31.942501,江苏省,南京市,江宁区,
8303,南医大后勤总公司江宁校区物业中心09幢宿舍管理站,商务住宅;商务住宅相关;商务住宅相关,和中路与笃行路交叉口北150米,118.890408,31.943165,江苏省,南京市,江宁区,
8304,南京医科大学学生公寓09幢,商务住宅;住宅区;宿舍,和中路与笃行路交叉口北150米,118.890408,31.943169,江苏省,南京市,江宁区,
8305,南京医科大学研究生公寓,商务住宅;住宅区;宿舍,三号路与和美路交叉口东南100米,118.893923,31.936826,江苏省,南京市,江宁区,
8306,南京医科大学江宁校区榴竹苑,商务住宅;住宅区;宿舍,三号路与和美路交叉口东南200米,118.894811,31.936302,江苏省,南京市,江宁区,
8307,南京医科大学江宁校区枇杷苑,商务住宅;住宅区;宿舍,三号路与和美路交叉口东南100米,118.893959,31.936741,江苏省,南京市,江宁区,
8308,梅龙湖住宅小区,商务住宅;住宅区;住宅小区,万安东路辅路南200米,118.928383,31.938032,江苏省,南京市,江宁区,
8309,迎湖花园,商务住宅;住宅区;住宅小区,淳关路18号,118.929289,31.940992,江苏省,南京市,江宁区,
8310,梅龙湖无界,商务住宅;住宅区;住宅小区,龙济路9号,118.933202,31.938699,江苏省,南京市,江宁区,
8311,淳东花园,商务住宅;住宅区;住宅小区,东月桥路39号,118.939637,31.934306,江苏省,南京市,江宁区,
8312,润盛花园,商务住宅;住宅区;住宅小区,淳化街道淳化镇,118.941383,31.937441,江苏省,南京市,江宁区,
8313,万宇汽车五金博览中心,商务住宅;商务住宅相关;商务住宅相关,淳化街道东月桥路29号,118.940753,31.940344,江苏省,南京市,江宁区,
8314,龙山云居,商务住宅;住宅区;住宅小区,淳化街道淳关路477号,118.944107,31.934971,江苏省,南京市,江宁区,
8315,龙魏小区,商务住宅;住宅区;住宅小区,东大路与青杜路交叉口东北150米,118.99486,31.943871,江苏省,南京市,江宁区,
8316,南京数字大厦,商务住宅;楼宇;商务写字楼,X303(凤汇大道),118.632913,31.931698,江苏省,南京市,雨花台区,
8317,艾塔楼,商务住宅;商务住宅相关;商务住宅相关,凤华路18号,118.638337,31.932865,江苏省,南京市,雨花台区,
8318,人才公寓,商务住宅;住宅区;住宅小区,风华路18号,118.634722,31.932155,江苏省,南京市,雨花台区,
8319,南莓07,商务住宅;楼宇;商务写字楼,龙盛路东150米,118.643743,31.933133,江苏省,南京市,雨花台区,
8320,南莓06,商务住宅;楼宇;商务写字楼,龙盛路东150米,118.643857,31.932952,江苏省,南京市,雨花台区,
8321,锦华新城(北门),商务住宅;商务住宅相关;商务住宅相关,龙藏大道95号附近,118.63843,31.925426,江苏省,南京市,雨花台区,
8322,软件谷·未来域人才公寓,商务住宅;住宅区;宿舍,紫金社区二号路与龙盛路交叉口东北150米,118.641781,31.933585,江苏省,南京市,雨花台区,
8323,江苏华商大厦,商务住宅;楼宇;商务写字楼,凤集大道东50米,118.65028,31.931759,江苏省,南京市,雨花台区,
8324,东橙02,商务住宅;楼宇;商务写字楼,凤集大道15号22附近,118.646776,31.933499,江苏省,南京市,雨花台区,
8325,南京锦都科技大厦(装修中),商务住宅;楼宇;商务写字楼,龙飞路20号,118.653212,31.927114,江苏省,南京市,雨花台区,
8326,金叶花园(龙飞路),商务住宅;住宅区;住宅小区,龙飞路8号,118.652119,31.924876,江苏省,南京市,雨花台区,
8327,创业创新园东橙区,商务住宅;商务住宅相关;商务住宅相关,凤集大道15号,118.645703,31.932064,江苏省,南京市,雨花台区,
8328,凤凰美地,商务住宅;住宅区;住宅小区,凤集大道与龙飞路交汇处(凤集大道解放军国际关系学院旁),118.656334,31.927465,江苏省,南京市,雨花台区,
8329,南奥新居,商务住宅;住宅区;住宅小区,风集大道6号,118.658925,31.928325,江苏省,南京市,雨花台区,
8330,石林大公园西区,商务住宅;住宅区;住宅区,龙飞路18号附近,118.657291,31.929403,江苏省,南京市,雨花台区,
8331,滨河城市花园,商务住宅;商务住宅相关;商务住宅相关,龙飞路18号,118.656437,31.929893,江苏省,南京市,雨花台区,
8332,安嘉·西苑,商务住宅;住宅区;住宅小区,夏家村街7号,118.693891,31.932944,江苏省,南京市,雨花台区,
8333,安嘉·东苑,商务住宅;住宅区;住宅小区,尤庄街7,118.695331,31.934045,江苏省,南京市,雨花台区,
8334,马家店社区,商务住宅;住宅区;社区中心,大周路东50米,118.739752,31.93287,江苏省,南京市,雨花台区,
8335,翠屏国际帝景天成,商务住宅;住宅区;别墅,将军大道20号帝景天成,118.783327,31.932631,江苏省,南京市,江宁区,
8336,翠屏国际城金榕苑,商务住宅;住宅区;住宅小区,将军大道20号,118.779825,31.931953,江苏省,南京市,江宁区,
8337,国睿科苑,商务住宅;商务住宅相关;商务住宅相关,秣陵街道将军大道39号,118.791121,31.929095,江苏省,南京市,江宁区,
8338,南京新华电脑专修学院学生公寓,商务住宅;住宅区;宿舍,南佑路与将军大道交叉口西南200米,118.787182,31.931504,江苏省,南京市,江宁区,
8339,挪威森林(南佑路),商务住宅;住宅区;住宅小区,将军大道33号挪威森林,118.790592,31.931822,江苏省,南京市,江宁区,
8340,现代苑小区,商务住宅;住宅区;住宅小区,翠屏山路南50米,118.78845,31.924816,江苏省,南京市,江宁区,
8341,名家花园,商务住宅;住宅区;住宅区,江宁开发区翠屏山8号,118.785455,31.925588,江苏省,南京市,江宁区,
8342,翠海名家园,商务住宅;住宅区;住宅区,翠屏山路8号(将军山公园门口),118.785452,31.92553,江苏省,南京市,江宁区,
8343,翠屏国际高品质私人派对别墅,商务住宅;住宅区;别墅,将军大道20号翠屏国际香樟园2栋1室,118.784472,31.933789,江苏省,南京市,江宁区,
8344,江宁千人创业大厦,商务住宅;楼宇;商务写字楼,南佑路东端,118.792225,31.932844,江苏省,南京市,江宁区,
8345,钱宝大厦,商务住宅;楼宇;商务写字楼,将军大道55号,118.791938,31.927455,江苏省,南京市,江宁区,
8346,中国海关,商务住宅;楼宇;商务写字楼,天元西路279号,118.792076,31.926092,江苏省,南京市,江宁区,
8347,帝景天成半岛阁别墅专区,商务住宅;住宅区;住宅区,,118.784808,31.931641,江苏省,南京市,江宁区,
8348,瑞景文华(北门),商务住宅;商务住宅相关;商务住宅相关,翠屏山路南50米,118.78885,31.924918,江苏省,南京市,江宁区,
8349,亚都天元大厦,商务住宅;楼宇;商务写字楼,天元西路,118.801406,31.928431,江苏省,南京市,江宁区,
8350,中航·樾府,商务住宅;住宅区;住宅小区,秣陵街道静淮街128号,118.797705,31.931479,江苏省,南京市,江宁区,
8351,亚都天元大厦A座,商务住宅;楼宇;商务写字楼,天元西路158号,118.800839,31.928463,江苏省,南京市,江宁区,
8352,亚都天元大厦B座,商务住宅;楼宇;商务写字楼,天元西路158亚都附近,118.80218,31.928618,江苏省,南京市,江宁区,
8353,中航·樾府3期,商务住宅;住宅区;住宅小区,静淮街附近,118.797628,31.932803,江苏省,南京市,江宁区,
8354,太平花苑东区,商务住宅;住宅区;住宅小区,通淮街82号,118.802508,31.934021,江苏省,南京市,江宁区,
8355,亚都天元居,商务住宅;住宅区;住宅小区,静淮街137号(静淮街与天元西路交界处),118.801235,31.929397,江苏省,南京市,江宁区,
8356,逸翠居,商务住宅;住宅区;住宅小区,江宁开发区石柱街10号,118.802071,31.932523,江苏省,南京市,江宁区,
8357,伦敦城,商务住宅;住宅区;住宅小区,利源中路168号,118.806342,31.9305,江苏省,南京市,江宁区,
8358,文化名园,商务住宅;住宅区;住宅小区,江宁开发区天元西路88号,118.810672,31.93006,江苏省,南京市,江宁区,
8359,海花苑,商务住宅;住宅区;住宅小区,江宁江宁开发区高湖路1号,118.805918,31.924928,江苏省,南京市,江宁区,
8360,百家湖西花园,商务住宅;住宅区;住宅小区,利源中路16-8号,118.805916,31.930683,江苏省,南京市,江宁区,
8361,百家湖利源国际公馆,商务住宅;住宅区;住宅小区,利源路230号,118.805618,31.928989,江苏省,南京市,江宁区,
8362,巴黎城(利源中路),商务住宅;住宅区;住宅小区,利源中路168号,118.805804,31.933339,江苏省,南京市,江宁区,
8363,凌波阁,商务住宅;住宅区;住宅小区,文化名园,118.809156,31.9316,江苏省,南京市,江宁区,
8364,烟波阁,商务住宅;住宅区;住宅小区,利源中路135号附近,118.808905,31.930839,江苏省,南京市,江宁区,
8365,百家湖艺术公馆,商务住宅;住宅区;住宅小区,伦敦城40幢,118.805461,31.932384,江苏省,南京市,江宁区,
8366,百家湖·印象威尼斯,商务住宅;住宅区;住宅小区,佳湖西路19号,118.811747,31.933164,江苏省,南京市,江宁区,
8367,牛首社区,地名地址信息;普通地名;村庄级地名|商务住宅;商务住宅相关;商务住宅相关,江宁区,118.809226,31.926083,江苏省,南京市,江宁区,
8368,文化名园-涵翠苑,商务住宅;住宅区;住宅区,天元西路与牧浦街交叉口西北150米,118.813722,31.928938,江苏省,南京市,江宁区,
8369,丽天花园,商务住宅;住宅区;别墅,秣陵街道通淮街377号,118.805594,31.926076,江苏省,南京市,江宁区,
8370,碧波阁,商务住宅;商务住宅相关;商务住宅相关,利源中路133号附近,118.808749,31.931295,江苏省,南京市,江宁区,
8371,文庄名园,商务住宅;商务住宅相关;商务住宅相关,天元西路88号,118.812438,31.928846,江苏省,南京市,江宁区,
8372,7墅,商务住宅;住宅区;别墅,天元西路88号(地铁站),118.811468,31.928783,江苏省,南京市,江宁区,
8373,怡胡干庭,商务住宅;商务住宅相关;商务住宅相关,天元西路16号,118.819195,31.928786,江苏省,南京市,江宁区,
8374,怡湖华庭,商务住宅;住宅区;住宅小区,天元西路16号(地铁站),118.818282,31.929261,江苏省,南京市,江宁区,
8375,怡湖华庭澜郡,商务住宅;楼宇;商住两用楼宇,天元西路16号,118.819668,31.928862,江苏省,南京市,江宁区,
8376,景枫凤凰台,商务住宅;住宅区;住宅小区,双龙大道1698号(百家湖地铁站1号出口旁),118.819775,31.928497,江苏省,南京市,江宁区,
8377,景枫广场,商务住宅;楼宇;商务写字楼,双龙大道与蓝帜路交叉口西150米,118.820083,31.929672,江苏省,南京市,江宁区,
8378,朗诗凤凰台,商务住宅;商务住宅相关;商务住宅相关,天元西路52号,118.816868,31.928631,江苏省,南京市,江宁区,
8379,蓝宝湾花园,商务住宅;住宅区;住宅小区,天元西路58号,118.815845,31.929305,江苏省,南京市,江宁区,
8380,东恒国际大厦,商务住宅;楼宇;商务写字楼,双龙大道1700号,118.821025,31.927175,江苏省,南京市,江宁区,
8381,21世纪现代城,商务住宅;住宅区;住宅小区,双龙大道1539号,118.82268,31.927023,江苏省,南京市,江宁区,
8382,腾龙阁(牧浦街),商务住宅;住宅区;住宅小区,天元西路与牧浦街交叉口西北150米,118.814156,31.92935,江苏省,南京市,江宁区,
8383,翠屏国际金融中心,商务住宅;楼宇;商务写字楼,双龙大道与菲尼克斯路交叉口西北100米,118.82108,31.932999,江苏省,南京市,江宁区,
8384,金鹰天地广场(菲尼克斯路),商务住宅;楼宇;商务写字楼,双龙大道与菲尼克斯路交叉口西北100米,118.821127,31.93314,江苏省,南京市,江宁区,
8385,科亚2期,商务住宅;住宅区;住宅小区,天元西路59号,118.814006,31.927739,江苏省,南京市,江宁区,
8386,水晶蓝湾售楼处,商务住宅;商务住宅相关;商务住宅相关,双龙大道1568号,118.82087,31.93359,江苏省,南京市,江宁区,
8387,颐心园,商务住宅;住宅区;住宅小区,高湖路61号,118.815914,31.924941,江苏省,南京市,江宁区,
8388,绿城·水晶蓝湾,商务住宅;住宅区;住宅小区,双龙大道1568号(凤凰广场南侧),118.820048,31.934137,江苏省,南京市,江宁区,
8389,瑞鸿名邸,商务住宅;住宅区;住宅小区,开发区庄排路179号(公交车站),118.827948,31.92901,江苏省,南京市,江宁区,
8390,紫元府,商务住宅;住宅区;住宅小区,天元中路与蓝帜路交叉口东北150米,118.826459,31.928933,江苏省,南京市,江宁区,
8391,紫御龙湾,商务住宅;住宅区;住宅小区,庄排路152号,118.826368,31.929001,江苏省,南京市,江宁区,
8392,太阳城招商中心,商务住宅;商务住宅相关;商务住宅相关,天元中路与庄排路交叉口西南100米,118.826787,31.927625,江苏省,南京市,江宁区,
8393,21世纪现代城东区,商务住宅;住宅区;住宅小区,双龙大道1539号,118.827934,31.926251,江苏省,南京市,江宁区,
8394,21世纪百家湖1号,商务住宅;商务住宅相关;商务住宅相关,双龙大道1539号(双龙大道与天元路交汇处),118.826351,31.926881,江苏省,南京市,江宁区,
8395,21世纪国际公寓西区,商务住宅;住宅区;住宅小区,双龙大道1539号,118.825961,31.927169,江苏省,南京市,江宁区,
8396,朗诗·玲珑屿,商务住宅;住宅区;住宅小区,天元中路与外秦淮河的交汇处(地铁1号线小龙湾站对面),118.831226,31.926383,江苏省,南京市,江宁区,
8397,江宁开发区科技产业园庄排路工业坊,商务住宅;商务住宅相关;商务住宅相关,庄排路109号,118.827412,31.932419,江苏省,南京市,江宁区,
8398,华祥苑东山镇天元中路店,商务住宅;商务住宅相关;商务住宅相关,东山镇天元中路128号诚基大厦2栋1010室,118.824549,31.928594,江苏省,南京市,江宁区,
8399,21世纪国际公寓,商务住宅;住宅区;住宅小区,双龙大道1539号(小龙湾地铁口路南),118.824756,31.92581,江苏省,南京市,江宁区,
8400,21世纪现代城西区,商务住宅;住宅区;住宅小区,庄排路北150米,118.824713,31.925804,江苏省,南京市,江宁区,
8401,21世纪世纪园,商务住宅;住宅区;住宅区,中新路189号,118.824548,31.92582,江苏省,南京市,江宁区,
8402,新城发展中心,商务住宅;楼宇;商务写字楼,秣陵街道天元中路126号,118.825677,31.928627,江苏省,南京市,江宁区,
8403,百家湖·诚基大厦,商务住宅;楼宇;商务写字楼,天元中路128号,118.82457,31.928384,江苏省,南京市,江宁区,
8404,诚基名苑,商务住宅;楼宇;商务写字楼,天元中路128号,118.824539,31.928666,江苏省,南京市,江宁区,
8405,合荣大厦,商务住宅;楼宇;商务写字楼,庄排路157号,118.82738,31.9313,江苏省,南京市,江宁区,
8406,东渡国际青年城(天元中路),商务住宅;住宅区;住宅小区,天元中路68号,118.838857,31.931924,江苏省,南京市,江宁区,
8407,武夷绿洲赏桂苑,商务住宅;住宅区;住宅小区,天元中路99号,118.83977,31.929338,江苏省,南京市,江宁区,
8408,武夷广场,商务住宅;楼宇;商务写字楼,天元中路,118.84205,31.930634,江苏省,南京市,江宁区,
8409,武夷绿洲品兰苑,商务住宅;住宅区;住宅小区,天元路99号,118.841794,31.925571,江苏省,南京市,江宁区,
8410,南京民光科技大厦,商务住宅;楼宇;商务写字楼,天元中路附近,118.842678,31.931168,江苏省,南京市,江宁区,
8411,武夷绿洲揽胜阁,商务住宅;住宅区;住宅小区,,118.839911,31.926455,江苏省,南京市,江宁区,
8412,武夷绿洲沁荷苑,商务住宅;住宅区;住宅小区,兴宁路西50米,118.84067,31.927853,江苏省,南京市,江宁区,
8413,武夷绿洲四期品兰苑,商务住宅;住宅区;住宅小区,兴宁路西150米,118.841737,31.925558,江苏省,南京市,江宁区,
8414,武夷绿洲品茗苑(西2门),商务住宅;商务住宅相关;商务住宅相关,兴宁路东50米,118.842576,31.927963,江苏省,南京市,江宁区,
8415,有志大厦,商务住宅;楼宇;商务写字楼,竹山南路555号,118.847863,31.927594,江苏省,南京市,江宁区,
8416,尚景公寓,商务住宅;住宅区;住宅小区,东山镇竹山南路499号,118.846794,31.930528,江苏省,南京市,江宁区,
8417,因泰莱大厦,商务住宅;楼宇;商务写字楼,天元东路52号,118.848984,31.932706,江苏省,南京市,江宁区,
8418,武夷绿洲,商务住宅;住宅区;住宅小区,秣陵街道天元中路99号(天元中路与秦淮河交叉东南角),118.844768,31.928411,江苏省,南京市,江宁区,
8419,武夷绿洲观竹苑,商务住宅;住宅区;住宅小区,竹山南路393号(天元中路与秦淮河交叉东南角),118.844598,31.928025,江苏省,南京市,江宁区,
8420,天元瑞沨名苑,商务住宅;住宅区;住宅小区,天元中路1号,118.84465,31.931067,江苏省,南京市,江宁区,
8421,江苏邮政电子商务中心,商务住宅;楼宇;商务写字楼,天元东路39号,118.848091,31.9335,江苏省,南京市,江宁区,
8422,瑞枫名苑,商务住宅;住宅区;住宅小区,秣陵街道天元中路1号,118.845034,31.931878,江苏省,南京市,江宁区,
8423,武夷绿洲品茗苑,商务住宅;住宅区;住宅小区,竹山路502-7号,118.845005,31.926605,江苏省,南京市,江宁区,
8424,天邦竹山华庭,商务住宅;住宅区;住宅小区,"天元东路19号(天元东路与竹山路交叉口东北侧,地铁1号线竹山路站)",118.847465,31.933544,江苏省,南京市,江宁区,
8425,金钥匙大厦,商务住宅;楼宇;商务写字楼,天元东路1号(竹山路),118.846184,31.933258,江苏省,南京市,江宁区,
8426,西门町国际广场,商务住宅;楼宇;商务写字楼,天元东路56号,118.851278,31.933565,江苏省,南京市,江宁区,
8427,南京旭辉九著坊,商务住宅;楼宇;商住两用楼宇,竹山路,118.850169,31.924498,江苏省,南京市,江宁区,
8428,致远大厦(天元东路辅路),商务住宅;楼宇;商务写字楼,天元东路58号,118.851888,31.93353,江苏省,南京市,江宁区,
8429,潭桥公寓北园,商务住宅;住宅区;住宅小区,竹山南路528号,118.846733,31.924217,江苏省,南京市,江宁区,
8430,天元大厦(天元东路辅路),商务住宅;楼宇;商务写字楼,天元东路118-2号,118.852189,31.933885,江苏省,南京市,江宁区,
8431,恒安嘉园,商务住宅;住宅区;住宅小区,东山镇莱茵达路,118.857646,31.931893,江苏省,南京市,江宁区,
8432,映霞苑,商务住宅;住宅区;住宅小区,天元东路228号,118.861034,31.932317,江苏省,南京市,江宁区,
8433,鸿意·万嘉,商务住宅;住宅区;住宅小区,"秣陵街道开源路9号(开源路以东,恒安嘉园以北)",118.85615,31.931781,江苏省,南京市,江宁区,
8434,江宁供销科技大厦,商务住宅;楼宇;商务写字楼,天元东路119号附近,118.854949,31.932745,江苏省,南京市,江宁区,
8435,莱茵东郡,商务住宅;住宅区;住宅小区,天元东路228号(公交车站),118.863639,31.933989,江苏省,南京市,江宁区,
8436,春晓·风荷苑,商务住宅;住宅区;住宅小区,科建路,118.863354,31.932857,江苏省,南京市,江宁区,
8437,汇鸿打样中心,商务住宅;商务住宅相关;商务住宅相关,莱茵达路699号4楼,118.862746,31.925645,江苏省,南京市,江宁区,
8438,银城林茵里别墅,商务住宅;楼宇;商住两用楼宇|商务住宅;住宅区;住宅区,开源路与科苑路交叉口东北200米,118.856447,31.93328,江苏省,南京市,江宁区,
8439,银城·林茵里,商务住宅;住宅区;住宅小区,科技园东至天印大道、南至科建路、西至莱茵达路、北侧紧邻莱茵东郡,118.864496,31.931213,江苏省,南京市,江宁区,
8440,莱茵东郡秋月苑,商务住宅;住宅区;住宅小区,,118.864392,31.933019,江苏省,南京市,江宁区,
8441,馨茵苑,商务住宅;住宅区;住宅区,,118.86517,31.931955,江苏省,南京市,江宁区,
8442,莱茵东郡花园(东2门),商务住宅;商务住宅相关;商务住宅相关,天印大道1529号附近,118.86626,31.932569,江苏省,南京市,江宁区,
8443,南京工程学院教工公寓,商务住宅;住宅区;宿舍,学海路与文萃路交叉口北150米,118.880116,31.927439,江苏省,南京市,江宁区,
8444,南京工程学院萃园,商务住宅;住宅区;住宅小区,日晖路西150米南京工程学院·萃园8幢公寓附近,118.88207,31.92936,江苏省,南京市,江宁区,
8445,江苏经贸职业技术学院江宁校区百合苑,商务住宅;住宅区;宿舍,善鉴路与日晖路交叉口东150米,118.881299,31.932111,江苏省,南京市,江宁区,
8446,江苏经贸职业技术学院江宁校区松竹苑,商务住宅;住宅区;宿舍,龙眠大道180号,118.882294,31.932063,江苏省,南京市,江宁区,
8447,江苏经贸职业技术学院玫瑰苑,商务住宅;住宅区;宿舍,善鉴路南150米,118.882018,31.932998,江苏省,南京市,江宁区,
8448,南京旅游职业学院-学生宿舍A,商务住宅;住宅区;宿舍,月华西路1号,118.888851,31.928131,江苏省,南京市,江宁区,
8449,紫薇苑,商务住宅;住宅区;宿舍,龙眠大道180号,118.88826,31.930285,江苏省,南京市,江宁区,
8450,桃李苑(丽泽路),商务住宅;住宅区;宿舍,日晖路与映心路交叉口东北200米,118.887441,31.928711,江苏省,南京市,江宁区,
8451,江苏经贸职业技术学院学生公寓F座管理站,商务住宅;住宅区;宿舍,龙眠大道180号紫薇苑附近,118.888288,31.930465,江苏省,南京市,江宁区,
8452,江苏经贸职业技术学院江宁校区樱花苑,商务住宅;住宅区;宿舍,龙眠大道180号,118.887326,31.929432,江苏省,南京市,江宁区,
8453,南京旅游职业学院-学生宿舍B,商务住宅;住宅区;宿舍,月华西路1号,118.889502,31.92777,江苏省,南京市,江宁区,
8454,江苏经贸职业技术学院江宁校区丹桂苑,商务住宅;住宅区;宿舍,龙眠大道180号,118.887314,31.93046,江苏省,南京市,江宁区,
8455,南京旅游职业学院-学生宿舍D,商务住宅;住宅区;宿舍,月华西路1号,118.888828,31.927286,江苏省,南京市,江宁区,
8456,银杏苑,商务住宅;住宅区;宿舍,日晖路与映心路交叉口北100米,118.886717,31.928136,江苏省,南京市,江宁区,
8457,南京旅游职业学院-学生宿舍E,商务住宅;住宅区;宿舍,月华西路1号,118.888806,31.92682,江苏省,南京市,江宁区,
8458,南京旅游职业学院-学生宿舍H,商务住宅;住宅区;宿舍,月华西路1号,118.889888,31.92679,江苏省,南京市,江宁区,
8459,南京旅游职业学院-学生宿舍F,商务住宅;住宅区;宿舍,月华西路1号,118.890758,31.926913,江苏省,南京市,江宁区,
8460,中航·樾广场,商务住宅;住宅区;住宅小区,龙眠大道与丽泽路交汇处以西,118.887265,31.932864,江苏省,南京市,江宁区,
8461,南京工程学院·润园9幢公寓,商务住宅;住宅区;宿舍,丽泽路附近,118.887655,31.924642,江苏省,南京市,江宁区,
8462,南京工程学院·润园10幢,商务住宅;住宅区;宿舍,映心路,118.887136,31.92448,江苏省,南京市,江宁区,
8463,南京工程学院·润园11幢公寓,商务住宅;住宅区;宿舍,云帆路与鸣翠路交叉口东100米,118.886122,31.924666,江苏省,南京市,江宁区,
8464,南京工程学院学生公寓11-A,商务住宅;住宅区;宿舍,云帆路与鸣翠路交叉口东100米,118.885838,31.924488,江苏省,南京市,江宁区,
8465,方山熙园,商务住宅;住宅区;住宅小区,至善路1号,118.902745,31.927353,江苏省,南京市,江宁区,
8466,商苑小区,商务住宅;住宅区;住宅小区,宋墅路1号,118.898982,31.925176,江苏省,南京市,江宁区,
8467,弘阳·上院,商务住宅;住宅区;住宅小区,龙眠大道与月华路交汇处,118.89864,31.927857,江苏省,南京市,江宁区,
8468,博学苑玉兰园,商务住宅;住宅区;住宅小区,至善路1号江宁大学城,118.900802,31.925474,江苏省,南京市,江宁区,
8469,博学苑,商务住宅;住宅区;住宅小区,樵歌路,118.900448,31.925618,江苏省,南京市,江宁区,
8470,南京愿望树上青年公寓海事学院店,商务住宅;商务住宅相关;商务住宅相关,至善路与宋墅路交叉口东行50米路北,118.902391,31.924923,江苏省,南京市,江宁区,
8471,丹桂园(至善路),商务住宅;住宅区;住宅小区,秣陵街道至善路8号,118.904369,31.924277,江苏省,南京市,江宁区,
8472,金斯瑞生物科技公司宿舍,商务住宅;住宅区;宿舍,宋墅社区附近,118.909498,31.930667,江苏省,南京市,江宁区,
8473,鸿裕华庭,商务住宅;住宅区;住宅小区,东月桥路246号,118.937906,31.934119,江苏省,南京市,江宁区,
8474,淳湖佳苑,商务住宅;住宅区;住宅小区,旺运花园对面,118.943444,31.930579,江苏省,南京市,江宁区,
8475,旺运花园,商务住宅;住宅区;住宅小区,淳化街道东月桥路332号,118.937396,31.931963,江苏省,南京市,江宁区,
8476,青龙山社区,商务住宅;住宅区;住宅小区,园岗路与104国道交叉口东南100米,118.965459,31.93051,江苏省,南京市,江宁区,
8477,教师公寓,商务住宅;商务住宅相关;商务住宅相关,,118.968174,31.9327,江苏省,南京市,江宁区,
8478,淳化街道索墅社区,商务住宅;住宅区;住宅小区,索墅路南50米,118.999437,31.928506,江苏省,南京市,江宁区,
8479,索墅新苑,商务住宅;住宅区;住宅小区,淳化街道索墅社区,119.002573,31.927643,江苏省,南京市,江宁区,
8480,锦华新城,商务住宅;住宅区;住宅区,凤汇大道19号,118.638741,31.923696,江苏省,南京市,雨花台区,
8481,明发浦泰梦幻家,商务住宅;住宅区;住宅小区,凤汇大道锦华新城东侧,118.641961,31.922207,江苏省,南京市,雨花台区,
8482,弘阳春上西江,商务住宅;住宅区;住宅小区,X303(凤汇大道),118.64039,31.919828,江苏省,南京市,雨花台区,
8483,雨花区锦华新城二期南片,商务住宅;住宅区;住宅区,凤锦路与龙藏大道交叉口南100米,118.63583,31.923159,江苏省,南京市,雨花台区,
8484,朝阳西苑,商务住宅;住宅区;住宅小区,雄风路169号,118.651205,31.918259,江苏省,南京市,雨花台区,
8485,静华公寓,商务住宅;住宅区;住宅小区,雄风路101号,118.653461,31.919267,江苏省,南京市,雨花台区,
8486,惠安新居,商务住宅;住宅区;住宅小区,振兴路111号,118.650299,31.923314,江苏省,南京市,雨花台区,
8487,正达公寓,商务住宅;住宅区;住宅小区,龙飞路6号,118.648724,31.923143,江苏省,南京市,雨花台区,
8488,金叶花园南门(南京),商务住宅;商务住宅相关;商务住宅相关,振兴路与青年路交叉口东50米,118.649968,31.9242,江苏省,南京市,雨花台区,
8489,凤凰山庄,商务住宅;住宅区;别墅,龙飞路88号消防训练基地,118.64789,31.920659,江苏省,南京市,雨花台区,
8490,近华新村小区,商务住宅;住宅区;住宅小区,板桥镇,118.650297,31.921144,江苏省,南京市,雨花台区,
8491,板桥新村,商务住宅;住宅区;住宅小区,板桥镇振兴路1号,118.660594,31.9212,江苏省,南京市,雨花台区,
8492,向阳雅居,商务住宅;住宅区;住宅小区,板桥镇振兴路1号,118.661636,31.923673,江苏省,南京市,雨花台区,
8493,胜利南苑,商务住宅;住宅区;住宅小区,雄风路40号,118.660062,31.919853,江苏省,南京市,雨花台区,
8494,板桥新村北区,商务住宅;住宅区;住宅小区,振兴路1-17号附近,118.659436,31.922494,江苏省,南京市,雨花台区,
8495,古雄大厦,商务住宅;楼宇;商务写字楼,宁谷路与新亭大街交叉口西50米,118.664911,31.918967,江苏省,南京市,雨花台区,
8496,蓝光公园1号(建设中),商务住宅;住宅区;住宅小区,新湖大道北,118.666793,31.919113,江苏省,南京市,雨花台区,
8497,和昌·湾景,商务住宅;住宅区;住宅小区,新亭大街与新湖大道交叉口东北角,118.668203,31.918262,江苏省,南京市,雨花台区,
8498,富力尚悦居,商务住宅;住宅区;住宅小区,新城新湖大道与荆雄路交汇处,118.674986,31.916664,江苏省,南京市,雨花台区,
8499,河海大学江宁校区宿舍20号楼,商务住宅;住宅区;宿舍,松辽路附近,118.782683,31.914393,江苏省,南京市,江宁区,
8500,九间堂1期,商务住宅;住宅区;别墅,南海路与康厚街交叉口北150米,118.780735,31.915132,江苏省,南京市,江宁区,
8501,揽翠山庄,商务住宅;住宅区;住宅区,将军大道康厚街6号,118.78162,31.91707,江苏省,南京市,江宁区,
8502,河海大学江宁校区女生公寓,商务住宅;住宅区;宿舍,佛城西路8号河海大学江宁校区,118.783481,31.916432,江苏省,南京市,江宁区,
8503,河海大学江宁校区17栋,商务住宅;住宅区;宿舍,康厚街附近,118.781904,31.915239,江苏省,南京市,江宁区,
8504,河海大学江宁校区四期学生公寓,商务住宅;住宅区;宿舍,佛城西路8号河海大学江宁校区,118.783092,31.915609,江苏省,南京市,江宁区,
8505,河海大学江宁校区-学生公寓11、12舍,商务住宅;住宅区;宿舍,太湖路与长江路交叉口西北50米,118.783715,31.915831,江苏省,南京市,江宁区,
8506,河海大学江宁校区-学生公寓15、16舍,商务住宅;住宅区;宿舍,松辽路与黄海路交叉口西南100米,118.782433,31.915801,江苏省,南京市,江宁区,
8507,河海大学江宁校区-学生公寓13、14舍,商务住宅;住宅区;宿舍,松辽路与黄海路交叉口西南50米,118.78281,31.915827,江苏省,南京市,江宁区,
8508,河海大学江宁校区宿舍11号楼,商务住宅;住宅区;宿舍,佛城西路8号河海大学江宁校区,118.78372,31.915805,江苏省,南京市,江宁区,
8509,河海大学江宁校区宿舍12号楼,商务住宅;住宅区;宿舍,佛城西路8号河海大学江宁校区,118.78372,31.915805,江苏省,南京市,江宁区,
8510,河海大学江宁校区宿舍15号楼,商务住宅;住宅区;宿舍,佛城西路8号河海大学江宁校区,118.782133,31.915938,江苏省,南京市,江宁区,
8511,河海大学学生江宁校区宿舍9号楼,商务住宅;住宅区;宿舍,佛城西路8号河海大学江宁校区,118.78373,31.91664,江苏省,南京市,江宁区,
8512,河海大学学生江宁校区宿舍10号楼,商务住宅;住宅区;宿舍,佛城西路8号河海大学江宁校区,118.783448,31.916396,江苏省,南京市,江宁区,
8513,河海大学学生江宁校区宿舍16号楼,商务住宅;住宅区;宿舍,佛城西路8号河海大学江宁校区,118.782028,31.915547,江苏省,南京市,江宁区,
8514,河海大学学生江宁校区宿舍13号楼,商务住宅;住宅区;宿舍,佛城西路8号河海大学江宁校区,118.782844,31.91595,江苏省,南京市,江宁区,
8515,河海大学学生江宁校区宿舍14号楼,商务住宅;住宅区;宿舍,佛城西路8号河海大学江宁校区,118.782814,31.915549,江苏省,南京市,江宁区,
8516,益社区,商务住宅;住宅区;住宅小区,将军大道58号附近,118.79022,31.919599,江苏省,南京市,江宁区,
8517,山水华门,商务住宅;住宅区;住宅小区,将军大道58号(近河海大学),118.786853,31.919215,江苏省,南京市,江宁区,
8518,河海大学江宁校区三期学生公寓,商务住宅;住宅区;宿舍,佛城西路8号河海大学江宁校区,118.787332,31.916864,江苏省,南京市,江宁区,
8519,河海大学江宁校区男生公寓,商务住宅;住宅区;宿舍,佛城西路8号河海大学江宁校区,118.784948,31.91756,江苏省,南京市,江宁区,
8520,翠湖花园(国检路),商务住宅;住宅区;住宅小区,将军大道109号,118.793603,31.91907,江苏省,南京市,江宁区,
8521,名家花园南区,商务住宅;住宅区;别墅,翠屏山路9号,118.787564,31.923281,江苏省,南京市,江宁区,
8522,瑞景文华,商务住宅;住宅区;住宅小区,秣陵街道将军大道50号,118.79022,31.923857,江苏省,南京市,江宁区,
8523,江南文枢苑,商务住宅;住宅区;住宅小区,将军大道99号,118.793084,31.923093,江苏省,南京市,江宁区,
8524,领秀1+1,商务住宅;楼宇;商务写字楼,江宁开发区将军大道50号,118.788244,31.923384,江苏省,南京市,江宁区,
8525,岭秀苑,商务住宅;商务住宅相关;商务住宅相关,将军大道58号,118.790536,31.91961,江苏省,南京市,江宁区,
8526,河海大学学生江宁校区宿舍4号楼,商务住宅;住宅区;宿舍,佛城西路8号河海大学江宁校区,118.78757,31.917503,江苏省,南京市,江宁区,
8527,河海大学学生江宁校区宿舍3号楼,商务住宅;住宅区;宿舍,佛城西路8号河海大学江宁校区,118.787503,31.917221,江苏省,南京市,江宁区,
8528,河海大学学生江宁校区宿舍5号楼,商务住宅;住宅区;宿舍,佛城西路8号河海大学江宁校区,118.78679,31.917546,江苏省,南京市,江宁区,
8529,河海大学学生江宁校区宿舍2号楼,商务住宅;住宅区;宿舍,佛城西路8号河海大学江宁校区,118.787351,31.916885,江苏省,南京市,江宁区,
8530,河海大学学生江宁校区宿舍6号楼,商务住宅;住宅区;宿舍,佛城西路8号河海大学江宁校区,118.786084,31.917513,江苏省,南京市,江宁区,
8531,河海大学江宁校区宿舍1号楼,商务住宅;住宅区;宿舍,佛城西路8号河海大学江宁校区,118.78724,31.916546,江苏省,南京市,江宁区,
8532,河海大学学生江宁校区宿舍7号楼,商务住宅;住宅区;宿舍,佛城西路8号,118.785456,31.917521,江苏省,南京市,江宁区,
8533,河海大学学生江宁校区宿舍8号楼,商务住宅;住宅区;宿舍,佛城西路8号,118.785116,31.917576,江苏省,南京市,江宁区,
8534,山水华门别墅园(南门),商务住宅;商务住宅相关;商务住宅相关,佛城西路8号河海大学江宁校区河海大学学生江宁校区宿舍4号楼附近,118.787507,31.917918,江苏省,南京市,江宁区,
8535,爱涛漪水园,商务住宅;住宅区;别墅,开发区爱涛路18号,118.799213,31.919052,江苏省,南京市,江宁区,
8536,水韵别墅,商务住宅;住宅区;别墅,佛城东路88号(地铁站),118.799883,31.915619,江苏省,南京市,江宁区,
8537,爱涛丽舍,商务住宅;住宅区;住宅小区,爱涛路18号,118.798109,31.921359,江苏省,南京市,江宁区,
8538,乐天湖畔别墅聚会派对,商务住宅;住宅区;住宅区,爱涛路18号听涛苑19栋,118.798746,31.921019,江苏省,南京市,江宁区,
8539,颐和美地西园,商务住宅;住宅区;住宅小区,开发区苏源大道8号,118.804916,31.921611,江苏省,南京市,江宁区,
8540,颐和公馆,商务住宅;住宅区;住宅小区,江宁开发区佛城东路98号,118.812073,31.920333,江苏省,南京市,江宁区,
8541,颐和美地东园,商务住宅;住宅区;住宅小区,江宁开发区苏源大道8号、9号,118.811678,31.922227,江苏省,南京市,江宁区,
8542,九龙湖别墅,商务住宅;住宅区;别墅,开发区清水亭西路188号(纺织工业园内),118.806604,31.914458,江苏省,南京市,江宁区,
8543,颐和美地美辰苑,商务住宅;住宅区;住宅小区,苏源大道,118.809864,31.922285,江苏省,南京市,江宁区,
8544,金聚龙大厦,商务住宅;楼宇;商务写字楼,高湖路9号,118.810114,31.92419,江苏省,南京市,江宁区,
8545,和畅居,商务住宅;住宅区;住宅小区,苏源大道9号,118.812971,31.92127,江苏省,南京市,江宁区,
8546,新城尚郡,商务住宅;住宅区;住宅区,九龙湖版块,118.80801,31.920792,江苏省,南京市,江宁区,
8547,颐合美地,商务住宅;商务住宅相关;商务住宅相关,秣陵街道苏源大道8号,118.808824,31.922553,江苏省,南京市,江宁区,
8548,颐和美的丰苑,商务住宅;商务住宅相关;商务住宅相关,苏源大道9号,118.808824,31.922553,江苏省,南京市,江宁区,
8549,何雅居,商务住宅;商务住宅相关;商务住宅相关,苏源大道8号,118.808242,31.921806,江苏省,南京市,江宁区,
8550,颐和美地(北门),商务住宅;商务住宅相关;商务住宅相关,颐和美地西园,118.804995,31.923786,江苏省,南京市,江宁区,
8551,姬和美地,商务住宅;商务住宅相关;商务住宅相关,苏源大道8号,118.808242,31.921806,江苏省,南京市,江宁区,
8552,美嘉苑,商务住宅;商务住宅相关;商务住宅相关,苏源大道8号,118.808242,31.921806,江苏省,南京市,江宁区,
8553,中国人家,商务住宅;住宅区;住宅小区,高湖路61号(公交车站),118.816543,31.922248,江苏省,南京市,江宁区,
8554,俊杰科创大厦,商务住宅;楼宇;商务写字楼,清水亭西路长亭街9号,118.823548,31.916199,江苏省,南京市,江宁区,
8555,玉登园,商务住宅;住宅区;住宅小区,马浦街,118.818768,31.921968,江苏省,南京市,江宁区,
8556,乐恵大厦(建设中),商务住宅;楼宇;商务写字楼,清水亭西路34号附近,118.816262,31.915317,江苏省,南京市,江宁区,
8557,玉鉴园,商务住宅;住宅区;住宅小区,马浦街,118.819229,31.922457,江苏省,南京市,江宁区,
8558,天目水秀府,商务住宅;住宅区;别墅,经济开发区牧浦街9号,118.814158,31.920476,江苏省,南京市,江宁区,
8559,代理点大象社区,商务住宅;住宅区;住宅小区,高湖路88号,118.822053,31.923808,江苏省,南京市,江宁区,
8560,水闲居,商务住宅;商务住宅相关;商务住宅相关,高湖路61号,118.815804,31.924025,江苏省,南京市,江宁区,
8561,风疏居,商务住宅;商务住宅相关;商务住宅相关,高湖路61号,118.815804,31.924025,江苏省,南京市,江宁区,
8562,殷巷打工楼,商务住宅;住宅区;住宅区,殷富街,118.830904,31.914586,江苏省,南京市,江宁区,
8563,万科·金域蓝湾(清水亭东路),商务住宅;住宅区;住宅小区,清水亭东路9号,118.833322,31.920654,江苏省,南京市,江宁区,
8564,殷富商业街2幢B楼,商务住宅;住宅区;住宅区,殷华街2208号附近,118.830691,31.914704,江苏省,南京市,江宁区,
8565,万科翡翠公园,商务住宅;住宅区;住宅小区,双龙大道1699号,118.82728,31.920542,江苏省,南京市,江宁区,
8566,银城·千花溪,商务住宅;住宅区;住宅小区,秣陵街道清水亭东路10号(清水亭东路与殷华街交汇处),118.83062,31.917307,江苏省,南京市,江宁区,
8567,润龙锦园,商务住宅;住宅区;住宅小区,殷华街36号,118.831148,31.916133,江苏省,南京市,江宁区,
8568,博琳大厦,商务住宅;楼宇;商务写字楼,双龙大道2188-1号,118.827096,31.915463,江苏省,南京市,江宁区,
8569,中榕大厦,商务住宅;楼宇;商务写字楼,双龙大道2188号,118.82729,31.915399,江苏省,南京市,江宁区,
8570,智员工之家,商务住宅;商务住宅相关;商务住宅相关,殷富商业街6栋03,118.831512,31.915287,江苏省,南京市,江宁区,
8571,殷富商业街2幢A楼,商务住宅;住宅区;住宅区,殷华街2208号附近,118.831105,31.914574,江苏省,南京市,江宁区,
8572,万科·金域蓝湾(西南门),商务住宅;商务住宅相关;商务住宅相关,清水亭东路9号68幢附近,118.833029,31.918919,江苏省,南京市,江宁区,
8573,南京恒大绿洲北区,商务住宅;住宅区;住宅小区,秣陵街道清水亭东路158号,118.842086,31.915379,江苏省,南京市,江宁区,
8574,骏景华庭(铺岗街),商务住宅;住宅区;住宅小区,经济技术开发区秣陵街道铺岗街28号,118.834242,31.917725,江苏省,南京市,江宁区,
8575,潭桥公寓西园,商务住宅;住宅区;住宅小区,科宁路128号,118.842739,31.922851,江苏省,南京市,江宁区,
8576,殷巷新寓东1区,商务住宅;住宅区;住宅小区,清水亭东路39号附近,118.837893,31.917251,江苏省,南京市,江宁区,
8577,骏景华庭2期,商务住宅;住宅区;住宅区,铺岗街西100米,118.8354,31.916881,江苏省,南京市,江宁区,
8578,殷巷新寓(242幢-297幢),商务住宅;住宅区;住宅区,铺岗街2631号附近,118.83618,31.91803,江苏省,南京市,江宁区,
8579,万科金域蓝湾2期,商务住宅;商务住宅相关;商务住宅相关,临河路,118.8366,31.920861,江苏省,南京市,江宁区,
8580,恒大绿洲东区,商务住宅;住宅区;住宅区,殷富街184号附近,118.840973,31.914575,江苏省,南京市,江宁区,
8581,银城.千花溪(西门),商务住宅;商务住宅相关;商务住宅相关,殷富街东100米,118.842255,31.915173,江苏省,南京市,江宁区,
8582,潭桥公寓,商务住宅;商务住宅相关;商务住宅相关,竹山路512-6号,118.8464,31.920701,江苏省,南京市,江宁区,
8583,潭桥公寓(南园),商务住宅;住宅区;住宅小区,科宁路128号,118.846741,31.920983,江苏省,南京市,江宁区,
8584,天泽苑(竹山路),商务住宅;住宅区;住宅小区,秣陵街道竹山路588号(彤天路与竹山南路交汇处),118.851282,31.9181,江苏省,南京市,江宁区,
8585,雍景园小区,商务住宅;住宅区;住宅小区,竹山南路618号,118.853337,31.914566,江苏省,南京市,江宁区,
8586,谭桥商业中心,商务住宅;商务住宅相关;商务住宅相关,科宁路169号,118.848319,31.923003,江苏省,南京市,江宁区,
8587,横岭小区,商务住宅;住宅区;住宅小区,天印大道与G2501南京绕城高速交叉口东南150米,118.869055,31.918637,江苏省,南京市,江宁区,
8588,印湖山庄,商务住宅;住宅区;住宅小区,秣陵街道印湖路39号,118.872929,31.915392,江苏省,南京市,江宁区,
8589,天祥家园,商务住宅;住宅区;住宅小区,天印大道2007号,118.869675,31.918155,江苏省,南京市,江宁区,
8590,印湖山庄2期,商务住宅;住宅区;住宅小区,海慧路9,118.871809,31.91537,江苏省,南京市,江宁区,
8591,印湖山庄(西门),商务住宅;商务住宅相关;商务住宅相关,印湖路南50米,118.872594,31.915706,江苏省,南京市,江宁区,
8592,方山体育训练基地运动员公寓,商务住宅;住宅区;宿舍,定林路,118.871513,31.91812,江苏省,南京市,江宁区,
8593,北区北九,商务住宅;商务住宅相关;商务住宅相关,弘景大道1号北区北9a619,118.877113,31.918831,江苏省,南京市,江宁区,
8594,南京工程学院·润园1幢公寓,商务住宅;住宅区;宿舍,丽泽路与荟萃路交叉口西北150米,118.888232,31.920438,江苏省,南京市,江宁区,
8595,南京工程学院·润园2幢公寓,商务住宅;住宅区;宿舍,丽泽路与荟萃路交叉口西北200米,118.888401,31.921029,江苏省,南京市,江宁区,
8596,南京工程学院润园3幢公寓,商务住宅;住宅区;宿舍,弘景大道870号附近,118.888058,31.921129,江苏省,南京市,江宁区,
8597,南京工程学院·润园4幢公寓,商务住宅;住宅区;宿舍,丽泽路与知行路交叉口西南200米,118.888381,31.921474,江苏省,南京市,江宁区,
8598,南京工程学院润园5幢公寓,商务住宅;住宅区;宿舍,丽泽路与知行路交叉口西南200米,118.888045,31.921701,江苏省,南京市,江宁区,
8599,南京工程学院-4号学生公寓,商务住宅;住宅区;宿舍,丽泽路与知行路交叉口西南200米,118.888429,31.921808,江苏省,南京市,江宁区,
8600,南京工程学院·润园6幢公寓,商务住宅;住宅区;宿舍,丽泽路与知行路交叉口西南150米,118.888312,31.922288,江苏省,南京市,江宁区,
8601,南京工程学院·润园7幢公寓,商务住宅;住宅区;宿舍,丽泽路与知行路交叉口西100米,118.888496,31.922972,江苏省,南京市,江宁区,
8602,南京工程学院·润园8幢公寓,商务住宅;住宅区;宿舍,丽泽路南京工程学院·润园08幢公寓附近,118.887703,31.924007,江苏省,南京市,江宁区,
8603,湖语山御山湖(北门),商务住宅;商务住宅相关;商务住宅相关,凤水路与知行路交叉口东150米,118.893627,31.922329,江苏省,南京市,江宁区,
8604,南京工程学院工业中心江宁校区(东门),商务住宅;商务住宅相关;商务住宅相关,荟萃路,118.888006,31.920273,江苏省,南京市,江宁区,
8605,南京文鼎广场(日租公寓),商务住宅;商务住宅相关;商务住宅相关,鹏山路与龙眠大道交叉口西北100米,118.899378,31.919082,江苏省,南京市,江宁区,
8606,东方·龙湖湾东湖苑,商务住宅;住宅区;住宅小区,龙眠大道588号,118.898339,31.919926,江苏省,南京市,江宁区,
8607,江苏海事职业技术学院澄园6号学生公寓,商务住宅;住宅区;宿舍,格致路309号,118.901594,31.918322,江苏省,南京市,江宁区,
8608,东方·龙湖湾,商务住宅;住宅区;住宅小区,江宁大学城龙眠大道588号,118.896191,31.920358,江苏省,南京市,江宁区,
8609,江苏海事职业技术学院-澄园7号学生公寓,商务住宅;住宅区;宿舍,格致路309号江苏海事职业技术学院,118.901601,31.917621,江苏省,南京市,江宁区,
8610,东方·龙湖湾南湖苑,商务住宅;住宅区;住宅小区,龙眠大道588号东方龙湖湾,118.895658,31.917996,江苏省,南京市,江宁区,
8611,江苏海事职业技术学院澄园4号学生公寓,商务住宅;住宅区;宿舍,格致路309号,118.90253,31.918826,江苏省,南京市,江宁区,
8612,湖语山,商务住宅;住宅区;住宅区,龙眠大道588号(地铁南京交院站往北500米),118.89695,31.916549,江苏省,南京市,江宁区,
8613,江苏海事职业技术学院澄园2号学生公寓,商务住宅;住宅区;宿舍,格致路309号,118.90254,31.918225,江苏省,南京市,江宁区,
8614,江苏海事职业技术学院澄园5号学生公寓,商务住宅;住宅区;宿舍,格致路309号,118.902821,31.919108,江苏省,南京市,江宁区,
8615,江苏海事职业技术学院澄园3号学生公寓,商务住宅;住宅区;宿舍,格致路309号,118.902813,31.918733,江苏省,南京市,江宁区,
8616,江苏海事职业技术学院澄园1号学生公寓,商务住宅;住宅区;宿舍,格致路309号,118.902736,31.917966,江苏省,南京市,江宁区,
8617,江苏海事职业技术学院学生公寓,商务住宅;住宅区;宿舍,海涵路与环海东路交叉口西200米,118.903109,31.918138,江苏省,南京市,江宁区,
8618,银杏园(至善路),商务住宅;住宅区;住宅小区,至善路1号,118.900321,31.922929,江苏省,南京市,江宁区,
8619,中粮祥云(建设中),商务住宅;住宅区;住宅小区,鹏山路28号,118.89692,31.915636,江苏省,南京市,江宁区,
8620,协众雅居,商务住宅;住宅区;住宅小区,秣陵街道龙眠大道618号,118.90118,31.91547,江苏省,南京市,江宁区,
8621,东方·龙湖湾西湖苑,商务住宅;住宅区;别墅,龙眠大道588号东方·龙湖湾,118.894131,31.920956,江苏省,南京市,江宁区,
8622,南京四金学生公寓协众雅居店,商务住宅;住宅区;宿舍,秣陵街道龙眠大道618号协众雅居10-1113室,118.90188,31.915371,江苏省,南京市,江宁区,
8623,文鼎广场(北门),商务住宅;商务住宅相关;商务住宅相关,格致路99号,118.897881,31.914667,江苏省,南京市,江宁区,
8624,协众财富广场,商务住宅;楼宇;商务写字楼,秣陵街道龙眠大道618号(地铁南京交院站西侧),118.902713,31.914806,江苏省,南京市,江宁区,
8625,文鼎广场2号,商务住宅;商务住宅相关;商务住宅相关,格致路99号6栋附近,118.898524,31.914316,江苏省,南京市,江宁区,
8626,学府风景花园,商务住宅;住宅区;住宅小区,樵歌路168号,118.906346,31.924052,江苏省,南京市,江宁区,
8627,江苏海事职业技术学院学生公寓,商务住宅;住宅区;宿舍,振海路与郑和路交叉口东100米,118.90897,31.922268,江苏省,南京市,江宁区,
8628,江苏海事职业技术学院沁园4号学生公寓,商务住宅;住宅区;宿舍,格致路309号,118.906576,31.921686,江苏省,南京市,江宁区,
8629,江苏海事职业技术学院沁园3号学生公寓,商务住宅;住宅区;宿舍,格致路309号江苏海事职业技术学院,118.908161,31.92274,江苏省,南京市,江宁区,
8630,江苏海事职业技术学院沁园2号学生公寓,商务住宅;住宅区;宿舍,格致路309号,118.908665,31.922179,江苏省,南京市,江宁区,
8631,江苏海事职业技术学院沁园1号学生公寓,商务住宅;住宅区;宿舍,格致路309号,118.908826,31.921166,江苏省,南京市,江宁区,
8632,学府风景花园7号,商务住宅;商务住宅相关;商务住宅相关,德诚大道与郑和路交叉口北150米,118.90626,31.923531,江苏省,南京市,江宁区,
8633,梅山有限公司培训中心安全教育大楼,商务住宅;楼宇;商务写字楼,北纬路与十四号路交叉口西北100米,118.633052,31.905613,江苏省,南京市,雨花台区,
8634,新林芳庭,商务住宅;住宅区;住宅小区,新亭大街69号,118.641625,31.905103,江苏省,南京市,雨花台区,
8635,板桥新城,商务住宅;商务住宅相关;商务住宅相关,新亭大街69-37号,118.64329,31.905659,江苏省,南京市,雨花台区,
8636,古雄新居(西门),商务住宅;商务住宅相关;商务住宅相关,古雄大道与湖景路交叉口西南100米,118.643169,31.907974,江苏省,南京市,雨花台区,
8637,金域华府,商务住宅;住宅区;住宅小区,板桥新城莲花湖西侧古雄新居旁(新林大道与湖景路交叉路口),118.64786,31.909066,江苏省,南京市,雨花台区,
8638,古雄新居,商务住宅;住宅区;住宅小区,新亭大街68号,118.644877,31.906744,江苏省,南京市,雨花台区,
8639,朗诗·绿色街区(西园),商务住宅;住宅区;住宅小区,湖景路南150米,118.649167,31.904913,江苏省,南京市,雨花台区,
8640,新林社区,商务住宅;住宅区;住宅小区,新亭大街,118.64508,31.905538,江苏省,南京市,雨花台区,
8641,金域华府2期,商务住宅;住宅区;住宅小区,新林大道西50米,118.650758,31.909832,江苏省,南京市,雨花台区,
8642,古雄新居33,商务住宅;商务住宅相关;商务住宅相关,湖景路南50米,118.645844,31.907362,江苏省,南京市,雨花台区,
8643,朗诗绿色街区1期(北门),商务住宅;商务住宅相关;商务住宅相关,湖景路66号,118.651674,31.904382,江苏省,南京市,雨花台区,
8644,花样年·花生唐(东北门),商务住宅;商务住宅相关;商务住宅相关,新湖大道附近,118.66061,31.907677,江苏省,南京市,雨花台区,
8645,金地自在城西2区,商务住宅;住宅区;住宅区,金地自在城五号街西200米,118.663121,31.906246,江苏省,南京市,雨花台区,
8646,金地自在城3期,商务住宅;住宅区;住宅小区,新湖大道9号,118.663486,31.906207,江苏省,南京市,雨花台区,
8647,金地自在城西1区,商务住宅;住宅区;住宅小区,新城大街与金地自在城五号街交叉口南150米,118.664469,31.907702,江苏省,南京市,雨花台区,
8648,宋都南郡国际,商务住宅;住宅区;住宅小区,雨花板桥新城莲花湖东北侧(新城大街与新湖大道交界处),118.666884,31.911395,江苏省,南京市,雨花台区,
8649,金地自在城4期,商务住宅;住宅区;住宅小区,城五号街南150米,118.665538,31.904932,江苏省,南京市,雨花台区,
8650,金地自在城1期,商务住宅;住宅区;住宅小区,新湖大道,118.663974,31.9078,江苏省,南京市,雨花台区,
8651,金地自在城东1区,商务住宅;住宅区;住宅小区,金地自在城五号街东150米,118.666773,31.906595,江苏省,南京市,雨花台区,
8652,金地自在城东2区,商务住宅;住宅区;住宅小区,胡福海板桥新城新湖大道8号,118.666193,31.904384,江苏省,南京市,雨花台区,
8653,南京家徳城业金地自在城中心店4期,商务住宅;住宅区;住宅小区,新湖大道8号附近,118.665464,31.90526,江苏省,南京市,雨花台区,
8654,金地自在城2期,商务住宅;住宅区;住宅小区,新城大街与新湖大道交汇处东南侧(公交车站),118.666893,31.906718,江苏省,南京市,雨花台区,
8655,宋都·南郡国际南区,商务住宅;住宅区;住宅小区,新湖大道10号,118.665964,31.910337,江苏省,南京市,雨花台区,
8656,宋都·南郡国际北区,商务住宅;住宅区;住宅小区,新湖大道东50米,118.666087,31.912288,江苏省,南京市,雨花台区,
8657,荆刘社区,商务住宅;住宅区;住宅小区,荆刘路与621乡道交叉口东南50米,118.691307,31.913297,江苏省,南京市,江宁区,
8658,复地·朗香,商务住宅;住宅区;住宅小区,江宁开发区佛城西路88号(佛城西路与将军大道交汇处),118.772539,31.911278,江苏省,南京市,江宁区,
8659,复地·朗香别墅(东南1门),商务住宅;住宅区;别墅,佛城西路88号,118.77248,31.909819,江苏省,南京市,江宁区,
8660,中电光伏宿舍,商务住宅;住宅区;宿舍,佛城西路北150米,118.767322,31.909828,江苏省,南京市,江宁区,
8661,科嘉花园,商务住宅;住宅区;住宅小区,诚信大道68号,118.783687,31.904525,江苏省,南京市,江宁区,
8662,香榭岛,商务住宅;住宅区;住宅区,经济开发区康后街10号,118.780397,31.912921,江苏省,南京市,江宁区,
8663,证大九间堂,商务住宅;住宅区;别墅,康厚街10号,118.780516,31.911138,江苏省,南京市,江宁区,
8664,诚基花园,商务住宅;住宅区;住宅小区,江宁开发区金智路11号,118.783159,31.907165,江苏省,南京市,江宁区,
8665,江南青年城汉楚门,商务住宅;住宅区;住宅小区,康厚街与金智路交叉口东150米,118.782683,31.9101,江苏省,南京市,江宁区,
8666,丹佛soho小公馆,商务住宅;住宅区;住宅区,金智路51号附近,118.78201,31.907791,江苏省,南京市,江宁区,
8667,江南青年城楚襄园,商务住宅;住宅区;住宅小区,金智路,118.783112,31.909356,江苏省,南京市,江宁区,
8668,诚基花园丹佛小镇(北门),商务住宅;住宅区;住宅小区,金智路附近,118.78227,31.90797,江苏省,南京市,江宁区,
8669,江南骏园,商务住宅;住宅区;住宅小区,佛城西路9号,118.788624,31.910499,江苏省,南京市,江宁区,
8670,江南青年城,商务住宅;住宅区;住宅小区,佛城西路11号江南青年城,118.786472,31.907107,江苏省,南京市,江宁区,
8671,翰海翠庭,商务住宅;住宅区;住宅小区,佛城西路6号,118.7893,31.912961,江苏省,南京市,江宁区,
8672,天泰青城苑,商务住宅;住宅区;住宅小区,将军大道62号,118.790512,31.91296,江苏省,南京市,江宁区,
8673,雍福龙庭,商务住宅;住宅区;住宅小区,将军大道129号,118.793764,31.908894,江苏省,南京市,江宁区,
8674,将军大道蓝湾,商务住宅;住宅区;住宅区,将军大道62号,118.790456,31.913125,江苏省,南京市,江宁区,
8675,金德茂花园,商务住宅;住宅区;住宅小区,佛城东路8号,118.793131,31.912243,江苏省,南京市,江宁区,
8676,翠屏湾花园城,商务住宅;住宅区;住宅小区,将军大道129号(航空航天大学),118.793712,31.906291,江苏省,南京市,江宁区,
8677,青年公社,商务住宅;商务住宅相关;商务住宅相关,佛城西路8号河海大学江宁校区,118.789413,31.911591,江苏省,南京市,江宁区,
8678,河海大学生活区,商务住宅;商务住宅相关;商务住宅相关,佛城西路9号-江南骏园,118.787579,31.911104,江苏省,南京市,江宁区,
8679,复地朗香别墅,商务住宅;楼宇;商住两用楼宇|商务住宅;住宅区;住宅区,将军大道62号1幢附近,118.790187,31.912531,江苏省,南京市,江宁区,
8680,雅居乐藏龙御景,商务住宅;住宅区;住宅小区,清水亭西路200号,118.799787,31.911625,江苏省,南京市,江宁区,
8681,水韵雨滴苑,商务住宅;住宅区;住宅小区,佛城东路88号,118.797062,31.914017,江苏省,南京市,江宁区,
8682,金德茂花园4号,商务住宅;住宅区;住宅区,佛城东路东150米,118.794675,31.912918,江苏省,南京市,江宁区,
8683,金德茂花园5号,商务住宅;住宅区;住宅区,S55宁宣高速附近,118.795041,31.913015,江苏省,南京市,江宁区,
8684,金德茂花园8号,商务住宅;住宅区;住宅区,佛城东路东150米,118.794682,31.912786,江苏省,南京市,江宁区,
8685,金德茂花园3号,商务住宅;住宅区;住宅区,佛城东路附近,118.79408,31.912961,江苏省,南京市,江宁区,
8686,苏源大厦,商务住宅;楼宇;商务写字楼,苏源大道58号,118.807031,31.905349,江苏省,南京市,江宁区,
8687,江南环保大厦,商务住宅;楼宇;商务写字楼,苏源大道和芳园南路的交叉口附近,118.80992,31.906507,江苏省,南京市,江宁区,
8688,苏源大厦(北门),商务住宅;商务住宅相关;商务住宅相关,芳园南路附近,118.807264,31.906833,江苏省,南京市,江宁区,
8689,九龙湖公寓,商务住宅;住宅区;住宅小区,九龙湖路与清水亭西路交叉口东南200米,118.818547,31.914037,江苏省,南京市,江宁区,
8690,颐和南园(长亭街),商务住宅;住宅区;别墅,"经济技术开发区九龙湖路1号(诚信大道以北,殷巷路以西)",118.820056,31.91119,江苏省,南京市,江宁区,
8691,颐和南园颐盛湾,商务住宅;住宅区;住宅小区,经济技术开发区九龙湖路1号,118.817683,31.908189,江苏省,南京市,江宁区,
8692,High趴别墅派对(俱乐部),商务住宅;住宅区;住宅区,九龙湖路1号(颐和南园颐嘉湾28-5),118.820073,31.911352,江苏省,南京市,江宁区,
8693,芒果派别墅轰趴(百家湖店),商务住宅;住宅区;住宅区,颐和南园颐泓湾16栋08座(地铁1号线百家湖站或3号线九龙湖站),118.819133,31.911192,江苏省,南京市,江宁区,
8694,新城玖珑湖,商务住宅;住宅区;住宅区,双龙大道南至九竹路西依九龙湖北至诚信大道,118.828692,31.9049,江苏省,南京市,江宁区,
8695,优尚天地A座,商务住宅;楼宇;商住两用楼宇,诚信大道990号,118.833874,31.908909,江苏省,南京市,江宁区,
8696,殷巷新寓西2区,商务住宅;住宅区;住宅小区,殷华街与集源街交叉口西北150米,118.831598,31.911693,江苏省,南京市,江宁区,
8697,珑湾花园2期,商务住宅;住宅区;住宅小区,双龙大道附近,118.828597,31.90528,江苏省,南京市,江宁区,
8698,殷巷新寓西1区,商务住宅;住宅区;住宅小区,殷华街262号,118.831216,31.91363,江苏省,南京市,江宁区,
8699,颐和南园颐泓湾,商务住宅;住宅区;住宅区,长亭街西100米,118.82421,31.9101,江苏省,南京市,江宁区,
8700,金轮星光名座,商务住宅;住宅区;住宅小区,道诚信大道998号,118.838389,31.909042,江苏省,南京市,江宁区,
8701,青源雅居,商务住宅;住宅区;住宅区,铺岗街与集源街交叉口东150米,118.837595,31.910933,江苏省,南京市,江宁区,
8702,合家春天,商务住宅;住宅区;住宅小区,诚信大道899号,118.841706,31.9119,江苏省,南京市,江宁区,
8703,uct优尚天地广场,商务住宅;商务住宅相关;商务住宅相关,殷华街与诚信大道交叉口东南150米,118.834188,31.909016,江苏省,南京市,江宁区,
8704,殷巷新寓,商务住宅;住宅区;住宅小区,殷华街367号,118.834133,31.907046,江苏省,南京市,江宁区,
8705,殷巷新寓,商务住宅;住宅区;住宅小区,铺岗街263号附近,118.836398,31.913521,江苏省,南京市,江宁区,
8706,南京恒大绿洲南区,商务住宅;住宅区;住宅小区,殷富街南100米,118.841141,31.91397,江苏省,南京市,江宁区,
8707,航信大厦(诚信大道),商务住宅;楼宇;商务写字楼,金轮·星光名座2-101,118.83815,31.909164,江苏省,南京市,江宁区,
8708,诚信大厦(前庄路),商务住宅;楼宇;商务写字楼,诚信大道885号,118.839163,31.910664,江苏省,南京市,江宁区,
8709,中冶天城,商务住宅;住宅区;住宅小区,秣陵街道殷富街375号,118.845176,31.912585,江苏省,南京市,江宁区,
8710,阳光翠堤小区,商务住宅;住宅区;住宅小区,诚信大道南50米,118.852701,31.91271,江苏省,南京市,江宁区,
8711,中冶天城(西2门),商务住宅;商务住宅相关;商务住宅相关,潭桥商业街10号附近,118.844093,31.913217,江苏省,南京市,江宁区,
8712,横岭新寓,商务住宅;住宅区;住宅小区,竹山南路方前大道,118.862133,31.907009,江苏省,南京市,江宁区,
8713,恒丰大厦,商务住宅;楼宇;商务写字楼,竹山路与诚信大道交叉口南200米,118.85508,31.912851,江苏省,南京市,江宁区,
8714,明月天珑湾,商务住宅;住宅区;住宅小区,竹山南路,118.854852,31.907375,江苏省,南京市,江宁区,
8715,南京·罗托鲁拉小镇,商务住宅;住宅区;住宅小区,竹山南路688号,118.856509,31.909277,江苏省,南京市,江宁区,
8716,伍声公馆,商务住宅;商务住宅相关;商务住宅相关,,118.856754,31.906586,江苏省,南京市,江宁区,
8717,横岭新寓(东门),商务住宅;商务住宅相关;商务住宅相关,兴民南路与天秣线交叉口西150米,118.864212,31.909369,江苏省,南京市,江宁区,
8718,横岭新寓(北门),商务住宅;商务住宅相关;商务住宅相关,东霞路88号,118.864715,31.909273,江苏省,南京市,江宁区,
8719,印湖山庄商铺,商务住宅;商务住宅相关;商务住宅相关,"印湖路39号,方山中学旁",118.869401,31.905237,江苏省,南京市,江宁区,
8720,伴山香槟园,商务住宅;住宅区;住宅小区,大学城格致路9号(江宁体育中心对面),118.889797,31.90756,江苏省,南京市,江宁区,
8721,五矿·九玺台,商务住宅;住宅区;住宅小区,丽泽路599号,118.885539,31.90985,江苏省,南京市,江宁区,
8722,同路人别墅轰趴,商务住宅;住宅区;住宅区,弘景大道2888号,118.890771,31.909063,江苏省,南京市,江宁区,
8723,芒果别墅派对轰趴,商务住宅;住宅区;住宅区,弘景大道2888号弘景雅墅26栋101(近文鼎广场),118.890807,31.909098,江苏省,南京市,江宁区,
8724,鲁能泰山7号院,商务住宅;住宅区;住宅小区,江宁科技园格致路与弘景大道交汇处,118.889838,31.906316,江苏省,南京市,江宁区,
8725,弘景·雅墅,商务住宅;住宅区;住宅小区|商务住宅;住宅区;别墅,科学园弘景大道2888号,118.889377,31.90985,江苏省,南京市,江宁区,
8726,文鼎大厦,商务住宅;楼宇;商务写字楼,格致路99号文鼎广场八栋F1层,118.900196,31.913183,江苏省,南京市,江宁区,
8727,天御溪岸花园,商务住宅;住宅区;住宅小区,玉树路9号,118.902889,31.90816,江苏省,南京市,江宁区,
8728,水岸风华,商务住宅;住宅区;住宅小区,秣陵街道龙眠大道618号,118.902051,31.913931,江苏省,南京市,江宁区,
8729,龙庭水岸家园西区,商务住宅;住宅区;住宅区,秣陵街道龙眠大道668号,118.903235,31.905057,江苏省,南京市,江宁区,
8730,金陵科技学院学生一宿舍,商务住宅;住宅区;宿舍,金陵北路附近,118.899486,31.907565,江苏省,南京市,江宁区,
8731,金陵科技学院宿舍北区07幢学生宿舍,商务住宅;住宅区;宿舍,玉兰路与金陵东路交叉口东北100米,118.901988,31.905202,江苏省,南京市,江宁区,
8732,金陵科技学院教职工宿舍,商务住宅;住宅区;宿舍,知行路金陵科技学院女生宿舍东苑幢附近,118.901988,31.905202,江苏省,南京市,江宁区,
8733,天正天御溪岸花园A区,商务住宅;住宅区;住宅小区,玉树路9号,118.902285,31.908983,江苏省,南京市,江宁区,
8734,文鼎广场(东门),商务住宅;商务住宅相关;商务住宅相关,格致路99号,118.899283,31.914107,江苏省,南京市,江宁区,
8735,文鼎雅苑,商务住宅;住宅区;住宅小区,秣陵街道玉树路88号,118.912284,31.909001,江苏省,南京市,江宁区,
8736,宜家国际公寓,商务住宅;住宅区;住宅小区,文博路1号(江宁大学城地铁南京交院站往南300米),118.909539,31.907076,江苏省,南京市,江宁区,
8737,天正·天御溪岸,商务住宅;住宅区;住宅小区,龙眠大道688号(地铁1号南延线南京交院站西面),118.905559,31.910348,江苏省,南京市,江宁区,
8738,文博苑,商务住宅;住宅区;住宅小区,秣陵街道文博路2号,118.911097,31.904851,江苏省,南京市,江宁区,
8739,万裕龙庭水岸家园,商务住宅;住宅区;住宅小区,龙眠大道668号,118.905205,31.90658,江苏省,南京市,江宁区,
8740,龙庭水岸家园1期,商务住宅;住宅区;住宅小区,龙眠大道,118.905808,31.906621,江苏省,南京市,江宁区,
8741,青春汇·聚别墅轰趴,商务住宅;住宅区;住宅区,大学城龙庭水岸别墅区35栋106(江宁大学城文鼎广场),118.905875,31.906822,江苏省,南京市,江宁区,
8742,王墅社区,商务住宅;住宅区;社区中心,文博路8号附近,118.910803,31.907129,江苏省,南京市,江宁区,
8743,四金学生公寓(天正二店),商务住宅;住宅区;宿舍,龙眠大道688号天正天御溪岸6-1601室,118.904261,31.911739,江苏省,南京市,江宁区,
8744,天正天御溪岸花园B区,商务住宅;住宅区;住宅小区,玉树路9号,118.906449,31.909925,江苏省,南京市,江宁区,
8745,南京文鼎雅苑单身公寓天御溪岸店,商务住宅;商务住宅相关;商务住宅相关,"龙眠大道688号(天御溪岸1-1901室,地铁1号南延线南京交院站西面)",118.905982,31.910217,江苏省,南京市,江宁区,
8746,中国药科大学江宁校区文德苑,商务住宅;住宅区;宿舍,龙眠大道639号中国药科大学江宁校区,118.9219103,31.90453351,江苏省,南京市,江宁区,
8747,南京交通职业技术学院学生公寓A座,商务住宅;住宅区;宿舍,龙眠大道629号,118.917061,31.910605,江苏省,南京市,江宁区,
8748,南京交通职业技术学院学生公寓H座,商务住宅;住宅区;宿舍,龙眠大道629号,118.915358,31.913854,江苏省,南京市,江宁区,
8749,南京交通职业技术学院学生公寓I座,商务住宅;住宅区;宿舍,龙眠大道629号,118.915542,31.913427,江苏省,南京市,江宁区,
8750,南京交通职业技术学院学生公寓E座,商务住宅;住宅区;宿舍,龙眠大道629号,118.917074,31.912163,江苏省,南京市,江宁区,
8751,南京交通职业技术学院学生公寓B座,商务住宅;住宅区;宿舍,龙眠大道629号,118.917089,31.911528,江苏省,南京市,江宁区,
8752,南京交通职业技术学院学生公寓C座,商务住宅;住宅区;宿舍,龙眠大道629号,118.916346,31.910654,江苏省,南京市,江宁区,
8753,南京交通职业技术学院学生公寓F座,商务住宅;住宅区;宿舍,龙眠大道629号,118.916547,31.913136,江苏省,南京市,江宁区,
8754,南京交通职业技术学院学生公寓D座,商务住宅;住宅区;宿舍,龙眠大道629号,118.915954,31.911036,江苏省,南京市,江宁区,
8755,江宁区淳化街道双岗社区,商务住宅;住宅区;住宅小区,东山镇淳化街道,118.939685,31.913182,江苏省,南京市,江宁区,
8756,文化大楼,商务住宅;楼宇;商务写字楼,梅山街道文化路与一号路交叉口附近,118.628491,31.899363,江苏省,南京市,雨花台区,
8757,上海梅山钢铁股份有限公司办公楼,商务住宅;楼宇;商务写字楼,梅山街道,118.628109,31.899625,江苏省,南京市,雨花台区,
8758,永安花苑,商务住宅;住宅区;住宅小区,雄风路518号,118.628584,31.894577,江苏省,南京市,雨花台区,
8759,梅苑新村(一号路),商务住宅;住宅区;住宅小区,雄风路488号,118.630163,31.896681,江苏省,南京市,雨花台区,
8760,汪海大厦,商务住宅;楼宇;商务写字楼,雄风路486号,118.630244,31.897728,江苏省,南京市,雨花台区,
8761,梅山灯光球场小区,商务住宅;住宅区;住宅小区,梅山生活区中兴路,118.627758,31.90193,江苏省,南京市,雨花台区,
8762,梅山中学新村小区,商务住宅;住宅区;住宅小区,新村东路与新村南路交叉口北100米,118.630334,31.903828,江苏省,南京市,雨花台区,
8763,英华园,商务住宅;住宅区;宿舍,二十一号路与二号路交叉口东南200米,118.624726,31.89812,江苏省,南京市,雨花台区,
8764,新建雅苑,商务住宅;住宅区;住宅小区,雄风路486号(公交车站),118.632299,31.898216,江苏省,南京市,雨花台区,
8765,风华园(十四号路),商务住宅;住宅区;住宅小区,14号路,118.628379,31.902847,江苏省,南京市,雨花台区,
8766,新建雅苑南区,商务住宅;住宅区;住宅小区,,118.63277,31.897089,江苏省,南京市,雨花台区,
8767,永安花苑南区,商务住宅;住宅区;住宅区,宁芜公路东100米,118.628155,31.895282,江苏省,南京市,雨花台区,
8768,梅怡新村,商务住宅;住宅区;住宅小区,梅山街道,118.624672,31.897991,江苏省,南京市,雨花台区,
8769,上怡新村南区,商务住宅;住宅区;住宅区,怡园路与静安路交叉口西北50米,118.633462,31.903295,江苏省,南京市,雨花台区,
8770,新建公寓,商务住宅;住宅区;住宅小区,辅机路178号,118.642224,31.90006,江苏省,南京市,雨花台区,
8771,新建一村,商务住宅;住宅区;住宅小区,板桥街道辅机路180号,118.640488,31.899961,江苏省,南京市,雨花台区,
8772,梅清苑,商务住宅;住宅区;住宅小区,,118.642802,31.903328,江苏省,南京市,雨花台区,
8773,上怡南苑,商务住宅;住宅区;住宅小区,梅山街道,118.637179,31.899194,江苏省,南京市,雨花台区,
8774,上怡二村,商务住宅;住宅区;住宅小区,健康路与绿洲路交叉口东北150米,118.637876,31.901827,江苏省,南京市,雨花台区,
8775,上怡新村,商务住宅;住宅区;住宅小区,板桥镇中兴路梅山街道,118.634732,31.902988,江苏省,南京市,雨花台区,
8776,绿洲南苑,商务住宅;住宅区;住宅小区,孙虞村路,118.64026,31.898592,江苏省,南京市,雨花台区,
8777,梅秀苑,商务住宅;住宅区;住宅小区,康健路北100米,118.639014,31.901561,江苏省,南京市,雨花台区,
8778,梅华苑,商务住宅;住宅区;住宅小区,古雄大道东150米,118.639906,31.903443,江苏省,南京市,雨花台区,
8779,新建二村,商务住宅;住宅区;住宅小区,辅机路182号,118.638527,31.898519,江苏省,南京市,雨花台区,
8780,新建二村(西门),商务住宅;商务住宅相关;商务住宅相关,辅机路182号,118.636209,31.898284,江苏省,南京市,雨花台区,
8781,建绿新苑,商务住宅;住宅区;住宅小区,辅机路181号,118.636902,31.896942,江苏省,南京市,雨花台区,
8782,雨花台区板桥永安绿洲南路经济适用房,商务住宅;住宅区;住宅小区,,118.63684,31.89516,江苏省,南京市,雨花台区,
8783,梅盛苑(康健路),商务住宅;住宅区;住宅小区,梅山生活区,118.641411,31.901641,江苏省,南京市,雨花台区,
8784,朗诗·绿色街区,商务住宅;住宅区;住宅小区,新亭大街66号,118.650578,31.904069,江苏省,南京市,雨花台区,
8785,朗诗·绿色街区(东园),商务住宅;住宅区;住宅小区,新亭大街66号,118.652152,31.903233,江苏省,南京市,雨花台区,
8786,朗诗·绿色街区东区,商务住宅;住宅区;住宅区,新亭大街66号附近,118.652489,31.903083,江苏省,南京市,雨花台区,
8787,绿洲新邨,商务住宅;住宅区;住宅小区,板桥街道绿洲路,118.646283,31.90168,江苏省,南京市,雨花台区,
8788,小盛店12,商务住宅;商务住宅相关;商务住宅相关,梅村路西200米,118.650475,31.896366,江苏省,南京市,雨花台区,
8789,金地自在城7期,商务住宅;住宅区;住宅小区,湖景路北100米,118.660462,31.902177,江苏省,南京市,雨花台区,
8790,金地自在城5期,商务住宅;住宅区;住宅小区,新湖大道东200米,118.66161,31.903998,江苏省,南京市,雨花台区,
8791,金地·艺境(新湖大道),商务住宅;住宅区;住宅区,新湖大道东200米,118.66187,31.90418,江苏省,南京市,雨花台区,
8792,金地自在城8期,商务住宅;住宅区;住宅小区,湖景路与石板路交叉口北200米,118.663726,31.900682,江苏省,南京市,雨花台区,
8793,板桥新城,商务住宅;住宅区;住宅区,新湖大道,118.661233,31.903611,江苏省,南京市,雨花台区,
8794,金地自在城,商务住宅;住宅区;住宅小区,湖景路附近,118.663337,31.904091,江苏省,南京市,雨花台区,
8795,金地自在城6期,商务住宅;住宅区;住宅小区,G4211宁芜高速附近,118.66477,31.902605,江苏省,南京市,雨花台区,
8796,金地自在城第六街区(东门),商务住宅;商务住宅相关;商务住宅相关,G4211宁芜高速附近,118.666259,31.902562,江苏省,南京市,雨花台区,
8797,谷里街道箭塘社区文化活动室,商务住宅;住宅区;社区中心,大谷路东50米,118.719943,31.895316,江苏省,南京市,江宁区,
8798,南瑞大厦,商务住宅;楼宇;商务写字楼,诚信大道19号,118.778487,31.902357,江苏省,南京市,江宁区,
8799,金智科技园B座,商务住宅;楼宇;商务写字楼,将军大道100号附近,118.789387,31.899989,江苏省,南京市,江宁区,
8800,苏源南园,商务住宅;住宅区;住宅小区,苏源大道与诚信大道交接处,118.810213,31.902017,江苏省,南京市,江宁区,
8801,马自达生活区,商务住宅;住宅区;宿舍,苏源大道,118.809151,31.895502,江苏省,南京市,江宁区,
8802,融园,商务住宅;住宅区;住宅小区,兰台街58号,118.816548,31.894923,江苏省,南京市,江宁区,
8803,康博花园康雅苑,商务住宅;住宅区;住宅小区,文心街附近,118.823316,31.896496,江苏省,南京市,江宁区,
8804,康博花园亲情公寓,商务住宅;住宅区;住宅小区,马村街南50米,118.827256,31.899385,江苏省,南京市,江宁区,
8805,保利中央公园,商务住宅;住宅区;住宅小区,九龙湖公园东南,118.829201,31.900892,江苏省,南京市,江宁区,
8806,兰台花园西苑,商务住宅;住宅区;住宅小区,马村街附近,118.82813,31.900848,江苏省,南京市,江宁区,
8807,中粮彩云居,商务住宅;住宅区;住宅小区,吉印大道2009号(同仁医院旁),118.829282,31.896352,江苏省,南京市,江宁区,
8808,康博花园,商务住宅;住宅区;住宅小区,秣陵街道文心街28号,118.824086,31.898042,江苏省,南京市,江宁区,
8809,康桥水岸,商务住宅;住宅区;住宅小区,吉印大道文心街28号(南师附中东门),118.82408,31.89795,江苏省,南京市,江宁区,
8810,龙湖文馨苑,商务住宅;住宅区;住宅小区,兰台街99号,118.824076,31.900879,江苏省,南京市,江宁区,
8811,新城珑湾花园1期,商务住宅;住宅区;住宅小区,双龙大道,118.828882,31.903933,江苏省,南京市,江宁区,
8812,德茂大厦,商务住宅;楼宇;商务写字楼,松岗街16,118.837268,31.900515,江苏省,南京市,江宁区,
8813,红星花园,商务住宅;住宅区;住宅小区,红星花园松岗街道,118.838696,31.901214,江苏省,南京市,江宁区,
8814,加州城,商务住宅;住宅区;别墅,弘景大道3888号,118.892301,31.900856,江苏省,南京市,江宁区,
8815,景枫你山,商务住宅;住宅区;别墅,科学园弘景大道3888号,118.891616,31.896556,江苏省,南京市,江宁区,
8816,加州城4期,商务住宅;住宅区;住宅小区,科学园弘景大道3888号,118.89375,31.894684,江苏省,南京市,江宁区,
8817,南京金陵科技学院学生公寓楼1幢,商务住宅;住宅区;宿舍,南苑路与金陵南路交叉口东南150米,118.903526,31.901247,江苏省,南京市,江宁区,
8818,景枫法兰谷,商务住宅;住宅区;住宅小区,弘景大道3888号,118.89587,31.898662,江苏省,南京市,江宁区,
8819,金陵科技学院宿舍10幢,商务住宅;住宅区;宿舍,南苑路与金陵南路交叉口南150米,118.902675,31.901037,江苏省,南京市,江宁区,
8820,金陵科技学院宿舍01幢,商务住宅;住宅区;宿舍,南苑路与金陵南路交叉口东南150米,118.903673,31.901297,江苏省,南京市,江宁区,
8821,金陵科技学院宿舍09幢,商务住宅;住宅区;宿舍,知行路,118.903032,31.900119,江苏省,南京市,江宁区,
8822,金陵科技学院宿舍06幢,商务住宅;住宅区;宿舍,力行路与清扬南路交叉口东100米,118.903105,31.898893,江苏省,南京市,江宁区,
8823,金陵科技学院宿舍07幢,商务住宅;住宅区;宿舍,力行路与清扬南路交叉口东北100米,118.902759,31.898838,江苏省,南京市,江宁区,
8824,金陵科技学院宿舍08幢,商务住宅;住宅区;宿舍,力行路与南苑路交叉口东北150米,118.902756,31.899678,江苏省,南京市,江宁区,
8825,南京晓庄学院F区学生公寓,商务住宅;住宅区;宿舍,力行路与芝兰路交叉口东南100米南京晓庄学院后勤楼附近,118.903056,31.897361,江苏省,南京市,江宁区,
8826,晓庄学院树惠苑学生宿舍15幢,商务住宅;住宅区;宿舍,吉祥路附近,118.903613,31.894406,江苏省,南京市,江宁区,
8827,南京晓庄学院滋兰苑学生公寓,商务住宅;住宅区;宿舍,宝善路与行知大道交叉口南150米,118.903438,31.895598,江苏省,南京市,江宁区,
8828,加州城(西门),商务住宅;商务住宅相关;商务住宅相关,弘景大道3888号(加州城别墅内)附近,118.89565,31.901571,江苏省,南京市,江宁区,
8829,晓庄学院学生公寓6幢,商务住宅;住宅区;宿舍,宝善路与行知大道交叉口南100米,118.903252,31.896,江苏省,南京市,江宁区,
8830,金陵科技学院学生宿舍2幢,商务住宅;住宅区;宿舍,金陵东路与金陵路交叉口南50米,118.90184,31.903737,江苏省,南京市,江宁区,
8831,晓庄学院树惠苑学生宿舍5幢,商务住宅;住宅区;宿舍,宝善路与行知大道交叉口西南100米,118.903167,31.896324,江苏省,南京市,江宁区,
8832,晓庄学院学生公寓2幢,商务住宅;住宅区;宿舍,宝善路与行知大道交叉口南200米,118.903657,31.895288,江苏省,南京市,江宁区,
8833,南京金陵科技学院学生公寓楼8幢,商务住宅;住宅区;宿舍,力行路与南苑路交叉口东北150米,118.902987,31.899754,江苏省,南京市,江宁区,
8834,紫金1号软通楼,商务住宅;楼宇;商务写字楼,文芳路与芝兰路交叉口东100米,118.908238,31.899386,江苏省,南京市,江宁区,
8835,紫金2号软通楼,商务住宅;楼宇;商务写字楼,淳化街道紫金2号软通楼,118.908735,31.898778,江苏省,南京市,江宁区,
8836,紫金3号斯泰潘楼,商务住宅;楼宇;商务写字楼,芝兰路18号附近,118.909293,31.89829,江苏省,南京市,江宁区,
8837,紫金5号泰融孵化楼,商务住宅;楼宇;商务写字楼,芝兰路与龙眠大道交叉口西南200米,118.909129,31.899463,江苏省,南京市,江宁区,
8838,紫金6号公共技术平台,商务住宅;楼宇;商务写字楼,龙眠大道西150米,118.909638,31.89906,江苏省,南京市,江宁区,
8839,万裕龙庭水岸家园3期,商务住宅;住宅区;住宅小区,知行路,118.906231,31.902895,江苏省,南京市,江宁区,
8840,紫金方山2期,商务住宅;住宅区;住宅小区,文芳路,118.907503,31.90176,江苏省,南京市,江宁区,
8841,金轮津桥华府,商务住宅;住宅区;住宅区,淳化街道修文路3号,118.91267,31.89625,江苏省,南京市,江宁区,
8842,龙庭水岸家园2期,商务住宅;住宅区;住宅区,龙眠大道668号,118.90451,31.902067,江苏省,南京市,江宁区,
8843,金陵科技学院宿舍02幢,商务住宅;住宅区;宿舍,知行路,118.903951,31.90066,江苏省,南京市,江宁区,
8844,金陵科技学院宿舍03幢,商务住宅;住宅区;宿舍,知行路,118.904244,31.90006,江苏省,南京市,江宁区,
8845,金陵科技学院宿舍4幢,商务住宅;住宅区;宿舍,知行路与芝兰路交叉口西150米,118.904493,31.899227,江苏省,南京市,江宁区,
8846,金陵科技学院宿舍5幢,商务住宅;住宅区;宿舍,知行路与芝兰路交叉口西200米,118.904199,31.899128,江苏省,南京市,江宁区,
8847,高家边小区,商务住宅;住宅区;住宅小区,龙眠大道西100米,118.917703,31.895018,江苏省,南京市,江宁区,
8848,高家边保障房,商务住宅;住宅区;住宅小区,龙眠大道附近,118.923051,31.895604,江苏省,南京市,江宁区,
8849,中国药科大学江宁校区文萃苑,商务住宅;住宅区;宿舍,龙眠大道639号中国药科大学江宁校区,118.91984,31.899439,江苏省,南京市,江宁区,
8850,中国药科大学江宁校区g组团,商务住宅;住宅区;宿舍,龙眠大道639号中国药科大学江宁校区,118.922072,31.903957,江苏省,南京市,江宁区,
8851,中国药科大学文翠苑,商务住宅;住宅区;宿舍,博识路附近,118.919907,31.899644,江苏省,南京市,江宁区,
8852,中国药科大学江宁校区文澜苑,商务住宅;住宅区;宿舍,龙眠大道639号中国药科大学江宁校区,118.919513,31.89831701,江苏省,南京市,江宁区,
8853,中国药科大学江宁校区文菁苑,商务住宅;住宅区;宿舍,龙眠大道639号中国药科大学江宁校区,118.918067,31.898599,江苏省,南京市,江宁区,
8854,中国药科大学江宁校区文轩苑,商务住宅;住宅区;宿舍,龙眠大道639号中国药科大学江宁校区,118.919014,31.899779,江苏省,南京市,江宁区,
8855,中国药科大学江宁校区文昌苑,商务住宅;住宅区;宿舍,淳溪路附近,118.9218713,31.9019666,江苏省,南京市,江宁区,
8856,中国药科大学江宁校区文思苑,商务住宅;住宅区;宿舍,龙眠大道639号中国药科大学江宁校区,118.922046,31.903715,江苏省,南京市,江宁区,
8857,中国药科大学江宁校区文枢苑,商务住宅;住宅区;宿舍,淳化街道龙眠大道639号中国药科大学江宁校区博识路附近,118.920549,31.902523,江苏省,南京市,江宁区,
8858,淳化咸田社区,商务住宅;住宅区;住宅小区,202县道附近,118.945719,31.901811,江苏省,南京市,江宁区,
8859,湖熟街道河北社区,商务住宅;住宅区;住宅小区,,118.991185,31.895111,江苏省,南京市,江宁区,
8860,瑞安·翠湖山,商务住宅;住宅区;别墅,牛首大道121号,118.718634,31.886763,江苏省,南京市,江宁区,
8861,禾浩大厦,商务住宅;楼宇;商务写字楼,水长街8号,118.767926,31.893928,江苏省,南京市,江宁区,
8862,华宝宿舍A区,商务住宅;住宅区;宿舍,长盛街8号,118.781182,31.887543,江苏省,南京市,江宁区,
8863,华宝宿舍B区,商务住宅;住宅区;宿舍,长平街9号,118.784197,31.884727,江苏省,南京市,江宁区,
8864,东南大学九龙湖校区橘园7舍,商务住宅;住宅区;宿舍,东南大学路2号,118.812545,31.884565,江苏省,南京市,江宁区,
8865,东南大学九龙湖校区青教公寓1,商务住宅;住宅区;宿舍,东南大学路2号,118.821725,31.891756,江苏省,南京市,江宁区,
8866,东南大学九龙湖校区桃园2D,商务住宅;住宅区;宿舍,苏源大道79东南大学九龙湖校区,118.827956,31.889251,江苏省,南京市,江宁区,
8867,东南大学九龙湖校区桃园1C,商务住宅;住宅区;宿舍,苏源大道79东南大学九龙湖校区,118.827946,31.888932,江苏省,南京市,江宁区,
8868,东南大学九龙湖校区桃园1D,商务住宅;住宅区;宿舍,苏源大道79东南大学九龙湖校区,118.827962,31.888698,江苏省,南京市,江宁区,
8869,东南大学九龙湖校区桃园3D,商务住宅;住宅区;宿舍,苏源大道79东南大学九龙湖校区,118.827988,31.889864,江苏省,南京市,江宁区,
8870,东南大学九龙湖校区桃园1舍-2舍,商务住宅;住宅区;宿舍,苏源大道79东南大学九龙湖校区,118.827585,31.889495,江苏省,南京市,江宁区,
8871,东南大学九龙湖校区桃园1A,商务住宅;住宅区;宿舍,苏源大道79东南大学九龙湖校区,118.827282,31.888882,江苏省,南京市,江宁区,
8872,东南大学九龙湖校区桃园4D,商务住宅;住宅区;宿舍,东南大学路2号东南大学九龙湖校区,118.82796,31.890436,江苏省,南京市,江宁区,
8873,东南大学九龙湖校区桃园2B,商务住宅;住宅区;宿舍,苏源大道79东南大学九龙湖校区,118.827148,31.889224,江苏省,南京市,江宁区,
8874,东南大学九龙湖校区桃园1B,商务住宅;住宅区;宿舍,东南大学路2号东南大学九龙湖校区,118.827181,31.888633,江苏省,南京市,江宁区,
8875,东南大学九龙湖校区桃园3舍-4舍,商务住宅;住宅区;宿舍,苏源大道79东南大学九龙湖校区,118.827607,31.89044,江苏省,南京市,江宁区,
8876,东南大学九龙湖校区桃园4C,商务住宅;住宅区;宿舍,东南大学路2号东南大学九龙湖校区,118.827823,31.890685,江苏省,南京市,江宁区,
8877,东南大学九龙湖校区桃园4B,商务住宅;住宅区;宿舍,苏源大道79东南大学九龙湖校区,118.827273,31.890414,江苏省,南京市,江宁区,
8878,东南大学九龙湖校区桃园5D,商务住宅;住宅区;宿舍,苏源大道79东南大学九龙湖校区,118.828033,31.891111,江苏省,南京市,江宁区,
8879,东南大学九龙湖校区桃园4A,商务住宅;住宅区;宿舍,苏源大道79东南大学九龙湖校区,118.827206,31.890658,江苏省,南京市,江宁区,
8880,南京东南大学桃园5B宿舍,商务住宅;住宅区;宿舍,双龙大道2684号附近,118.827359,31.891099,江苏省,南京市,江宁区,
8881,东南大学九龙湖校区桃园5C,商务住宅;住宅区;宿舍,苏源大道79东南大学九龙湖校区,118.827925,31.891407,江苏省,南京市,江宁区,
8882,东南大学九龙湖校区桃园5A,商务住宅;住宅区;宿舍,苏源大道79东南大学九龙湖校区,118.82728,31.891373,江苏省,南京市,江宁区,
8883,东南大学九龙湖校区桃园6D,商务住宅;住宅区;宿舍,苏源大道79东南大学九龙湖校区,118.827892,31.891711,江苏省,南京市,江宁区,
8884,东南大学九龙湖校区桃园5舍6舍,商务住宅;住宅区;宿舍,苏源大道79东南大学九龙湖校区,118.82765,31.891708,江苏省,南京市,江宁区,
8885,东南大学九龙湖校区桃园6B,商务住宅;住宅区;宿舍,苏源大道79东南大学九龙湖校区,118.827224,31.891701,江苏省,南京市,江宁区,
8886,东南大学九龙湖校区桃园6C,商务住宅;住宅区;宿舍,东南大学路2号东南大学九龙湖校区,118.827849,31.891996,江苏省,南京市,江宁区,
8887,东南大学九龙湖校区桃园7舍,商务住宅;住宅区;宿舍,苏源大道79号,118.826162,31.890998,江苏省,南京市,江宁区,
8888,东南大学九龙湖校区桃园6A,商务住宅;住宅区;宿舍,苏源大道79东南大学九龙湖校区,118.827167,31.891944,江苏省,南京市,江宁区,
8889,东南大学九龙湖校区教师公寓,商务住宅;住宅区;宿舍,苏源大道79东南大学九龙湖校区内,118.82722,31.893156,江苏省,南京市,江宁区,
8890,中国传媒大学南广学院教师公寓5-6,商务住宅;住宅区;宿舍,梧桐路与玉兰东路交叉口北150米,118.892583,31.888656,江苏省,南京市,江宁区,
8891,中国传媒大学南广学院教师公寓19-21,商务住宅;住宅区;宿舍,梧桐路与玉兰东路交叉口西南100米,118.891745,31.886908,江苏省,南京市,江宁区,
8892,中国传媒大学南广学院教师公寓17-18,商务住宅;住宅区;宿舍,梧桐路附近,118.892462,31.887086,江苏省,南京市,江宁区,
8893,中国传媒大学南广学院教师公寓3-4,商务住宅;住宅区;宿舍,玉兰东路与环行路交叉口东北100米,118.891839,31.886039,江苏省,南京市,江宁区,
8894,南广学院学生公寓,商务住宅;住宅区;宿舍,银杏路与香樟西路交叉口东北100米,118.887604,31.88512,江苏省,南京市,江宁区,
8895,中国传媒大学南广学院教师公寓1-2(玉兰东路),商务住宅;住宅区;宿舍,玉兰东路与环行路交叉口南50米,118.891381,31.885254,江苏省,南京市,江宁区,
8896,翰香苑,商务住宅;住宅区;住宅小区,弘景大道3699号翰香苑22-603号,118.896016,31.887673,江苏省,南京市,江宁区,
8897,世茂梦享家(建设中),商务住宅;住宅区;住宅小区,弘景大道(骋望骊都北侧),118.895253,31.885106,江苏省,南京市,江宁区,
8898,陶苑,商务住宅;住宅区;住宅小区,弘景大道齐武路2号,118.897782,31.886719,江苏省,南京市,江宁区,
8899,华菁水苑,商务住宅;住宅区;住宅小区,文鸿路9号,118.899745,31.885461,江苏省,南京市,江宁区,
8900,馨缘公寓,商务住宅;商务住宅相关;商务住宅相关,弘景大道齐武路2号陶苑11栋,118.89901,31.887338,江苏省,南京市,江宁区,
8901,树蕙苑,商务住宅;商务住宅相关;商务住宅相关,弘景大道3601号,118.89816,31.893804,江苏省,南京市,江宁区,
8902,多益善中心,商务住宅;商务住宅相关;商务住宅相关,弘景大道3601号,118.898154,31.893804,江苏省,南京市,江宁区,
8903,南京晓庄学院秋实苑学生公寓,商务住宅;住宅区;宿舍,行知大道附近,118.903118,31.890967,江苏省,南京市,江宁区,
8904,南京晓庄学院学生宿舍29幢,商务住宅;住宅区;宿舍,吉祥路与汇文路交叉口东南150米,118.902124,31.890794,江苏省,南京市,江宁区,
8905,南京四金学生公寓翰香苑店,商务住宅;住宅区;宿舍,弘景大道3699号翰香苑7-205室(近中国传媒大学南广学院),118.89522,31.886651,江苏省,南京市,江宁区,
8906,华菁水苑2期,商务住宅;住宅区;住宅小区,文鸿路9号,118.899937,31.885818,江苏省,南京市,江宁区,
8907,南京晓庄学院学生宿舍28幢,商务住宅;住宅区;宿舍,行知大道附近,118.902661,31.890579,江苏省,南京市,江宁区,
8908,晓庄学院树惠苑学生宿舍14幢,商务住宅;住宅区;宿舍,吉祥路与宝善路交叉口东南200米,118.90368,31.894037,江苏省,南京市,江宁区,
8909,晓庄学院学生宿舍秋宝苑24幢,商务住宅;住宅区;宿舍,行知大道附近,118.90338,31.89114,江苏省,南京市,江宁区,
8910,晓庄学院学生宿舍秋宝苑23幢,商务住宅;住宅区;宿舍,行知大道附近,118.90345,31.89149,江苏省,南京市,江宁区,
8911,晓庄学院树惠苑学生宿舍13幢,商务住宅;住宅区;宿舍,吉祥路,118.903812,31.893682,江苏省,南京市,江宁区,
8912,晓庄学院学生公寓楼9幢,商务住宅;住宅区;宿舍,知行路西150米,118.904965,31.894028,江苏省,南京市,江宁区,
8913,保利·梧桐语,商务住宅;住宅区;住宅小区,"秣陵街道修文路9号(地铁一号南延线中国药科大学站,龙眠大道以南)",118.911225,31.893743,江苏省,南京市,江宁区,
8914,保利·梧桐语二标段,商务住宅;住宅区;住宅小区,知行路东50米,118.907972,31.892433,江苏省,南京市,江宁区,
8915,晓庄学院春华苑学生宿舍,商务住宅;住宅区;宿舍,知行路西150米,118.905265,31.893663,江苏省,南京市,江宁区,
8916,南京晓庄学院春华苑学生公寓,商务住宅;住宅区;宿舍,吉祥路附近,118.90404,31.892603,江苏省,南京市,江宁区,
8917,南京晓庄学院E区学生公寓,商务住宅;住宅区;宿舍,知行路西100米,118.905806,31.893753,江苏省,南京市,江宁区,
8918,南京晓庄学院树蕙苑学生公寓,商务住宅;住宅区;宿舍,吉祥路,118.903971,31.894139,江苏省,南京市,江宁区,
8919,晓庄学院学生宿舍22幢,商务住宅;住宅区;宿舍,行知大道附近,118.90475,31.89193,江苏省,南京市,江宁区,
8920,晓庄学院春华苑学生宿舍9幢,商务住宅;住宅区;宿舍,知行路西150米,118.904891,31.894075,江苏省,南京市,江宁区,
8921,晓庄学院春华苑学生宿舍10幢,商务住宅;住宅区;宿舍,知行路西150米,118.90495,31.89373,江苏省,南京市,江宁区,
8922,晓庄学院春华苑学生宿舍19幢,商务住宅;住宅区;宿舍,行知大道附近,118.90472,31.89262,江苏省,南京市,江宁区,
8923,晓庄学院春华苑学生宿舍11幢,商务住宅;住宅区;宿舍,知行路西200米,118.90495,31.8934,江苏省,南京市,江宁区,
8924,竹园小区,商务住宅;住宅区;住宅小区,青龙山,118.954367,31.889073,江苏省,南京市,江宁区,
8925,南京碧桂园,商务住宅;住宅区;住宅小区,谷里街道庆兴路8号,118.703494,31.879039,江苏省,南京市,江宁区,
8926,九岛·梦都城,商务住宅;住宅区;别墅,庆兴路8号,118.706029,31.8818,江苏省,南京市,江宁区,
8927,中港大厦(庆兴路),商务住宅;楼宇;商务写字楼,庆兴路1号,118.705924,31.878769,江苏省,南京市,江宁区,
8928,晨光新区,商务住宅;住宅区;住宅小区,丹阳大道与康平街交叉口南150米,118.769675,31.884032,江苏省,南京市,江宁区,
8929,南京华宝B区宿舍,商务住宅;住宅区;宿舍,水长街27号,118.787667,31.88368,江苏省,南京市,江宁区,
8930,清水西苑,商务住宅;住宅区;住宅小区,苏源大道68-18号,118.811358,31.87692,江苏省,南京市,江宁区,
8931,九龙湖人才公寓,商务住宅;住宅区;住宅小区,苏源大道70号,118.812733,31.875599,江苏省,南京市,江宁区,
8932,东南大学九龙湖校区橘园5舍,商务住宅;住宅区;宿舍,东南大学路2号,118.812661,31.88396,江苏省,南京市,江宁区,
8933,东南大学九龙湖校区橘园1B,商务住宅;住宅区;宿舍,东南大学路2号,118.813538,31.881065,江苏省,南京市,江宁区,
8934,华宝员工宿舍,商务住宅;住宅区;宿舍,华宝联合超市附近,118.81127,31.876751,江苏省,南京市,江宁区,
8935,东南大学九龙湖校区橘园生活区,商务住宅;住宅区;宿舍,苏源大道79东南大学九龙湖校区,118.813819,31.881426,江苏省,南京市,江宁区,
8936,东南大学九龙湖校区橘园3C,商务住宅;住宅区;宿舍,东南大学路2号,118.81384,31.882474,江苏省,南京市,江宁区,
8937,东南大学九龙湖校区橘园3A,商务住宅;住宅区;宿舍,东南大学路2号,118.813196,31.882431,江苏省,南京市,江宁区,
8938,东南大学九龙湖校区橘园2A,商务住宅;住宅区;宿舍,东南大学路2号,118.813436,31.881877,江苏省,南京市,江宁区,
8939,东南大学九龙湖校区橘园1A,商务住宅;住宅区;宿舍,东南大学路2号,118.813523,31.881287,江苏省,南京市,江宁区,
8940,东南大学九龙湖校区橘园2B,商务住宅;住宅区;宿舍,东南大学路2号,118.813481,31.881562,江苏省,南京市,江宁区,
8941,东南大学九龙湖校区橘园4舍-7舍,商务住宅;住宅区;宿舍,苏源大道79东南大学九龙湖校区,118.813189,31.883634,江苏省,南京市,江宁区,
8942,东南大学九龙湖校区橘园1舍-3舍,商务住宅;住宅区;宿舍,苏源大道79东南大学九龙湖校区,118.813528,31.882281,江苏省,南京市,江宁区,
8943,苏源颐和美地别墅,商务住宅;楼宇;商住两用楼宇|商务住宅;住宅区;住宅区,苏源大道东50米,118.813854,31.87743,江苏省,南京市,江宁区,
8944,乐陶苑,商务住宅;住宅区;住宅小区,,118.817937,31.877533,江苏省,南京市,江宁区,
8945,东南大学九龙湖校区橘园3D,商务住宅;住宅区;宿舍,东南大学路2号,118.813988,31.88219,江苏省,南京市,江宁区,
8946,东南大学九龙湖校区橘园4舍,商务住宅;住宅区;宿舍,东南大学路2号,118.814082,31.880472,江苏省,南京市,江宁区,
8947,东南大学九龙湖校区橘园1C,商务住宅;住宅区;宿舍,东南大学路2号,118.814266,31.881352,江苏省,南京市,江宁区,
8948,东南大学九龙湖校区橘园1D,商务住宅;住宅区;宿舍,东南大学路2号,118.814218,31.881096,江苏省,南京市,江宁区,
8949,东南大学九龙湖校区橘园2C,商务住宅;住宅区;宿舍,东南大学路2号,118.813987,31.881909,江苏省,南京市,江宁区,
8950,东南大学九龙湖校区槁园2C,商务住宅;住宅区;宿舍,苏源大道79东南大学九龙湖校区,118.814059,31.881908,江苏省,南京市,江宁区,
8951,东南大学九龙湖校区橘园2D,商务住宅;住宅区;宿舍,东南大学路2号,118.814166,31.881625,江苏省,南京市,江宁区,
8952,东南大学九龙湖校区梅园5D,商务住宅;住宅区;宿舍,苏源大道79东南大学九龙湖校区,118.828104,31.881752,江苏省,南京市,江宁区,
8953,东南大学九龙湖校区梅园5B,商务住宅;住宅区;宿舍,苏源大道79东南大学九龙湖校区,118.827425,31.881698,江苏省,南京市,江宁区,
8954,东南大学九龙湖校区梅园5C,商务住宅;住宅区;宿舍,苏源大道79东南大学九龙湖校区,118.82811,31.882052,江苏省,南京市,江宁区,
8955,东南大学九龙湖校区梅园1D,商务住宅;住宅区;宿舍,苏源大道79东南大学九龙湖校区,118.826638,31.881687,江苏省,南京市,江宁区,
8956,东南大学九龙湖校区梅园7B,商务住宅;住宅区;宿舍,苏源大道79东南大学九龙湖校区,118.828078,31.882334,江苏省,南京市,江宁区,
8957,东南大学九龙湖校区梅园1C,商务住宅;住宅区;宿舍,苏源大道79东南大学九龙湖校区,118.826622,31.882004,江苏省,南京市,江宁区,
8958,东南大学九龙湖校区梅园7A,商务住宅;住宅区;宿舍,苏源大道79东南大学九龙湖校区,118.827941,31.88257,江苏省,南京市,江宁区,
8959,东南大学九龙湖校区梅园5舍-8舍,商务住宅;住宅区;宿舍,苏源大道79东南大学九龙湖校区,118.827786,31.882567,江苏省,南京市,江宁区,
8960,东南大学九龙湖校区梅园1B,商务住宅;住宅区;宿舍,苏源大道79东南大学九龙湖校区,118.825883,31.88166,江苏省,南京市,江宁区,
8961,东南大学九龙湖校区梅园3B,商务住宅;住宅区;宿舍,苏源大道79东南大学九龙湖校区,118.826608,31.882245,江苏省,南京市,江宁区,
8962,东南大学九龙湖校区梅园1A,商务住宅;住宅区;宿舍,苏源大道79东南大学九龙湖校区,118.826034,31.881967,江苏省,南京市,江宁区,
8963,东南大学九龙湖校区梅园8D,商务住宅;住宅区;宿舍,苏源大道79东南大学九龙湖校区,118.827935,31.882896,江苏省,南京市,江宁区,
8964,东南大学九龙湖校区梅园2B,商务住宅;住宅区;宿舍,苏源大道79东南大学九龙湖校区,118.8259,31.882188,江苏省,南京市,江宁区,
8965,东南大学九龙湖校区梅园3A,商务住宅;住宅区;宿舍,苏源大道79东南大学九龙湖校区,118.826467,31.882558,江苏省,南京市,江宁区,
8966,东南大学九龙湖校区梅园1舍-4舍,商务住宅;住宅区;宿舍,苏源大道79东南大学九龙湖校区,118.826122,31.882515,江苏省,南京市,江宁区,
8967,东南大学九龙湖校区梅园2A,商务住宅;住宅区;宿舍,苏源大道79东南大学九龙湖校区,118.825927,31.882494,江苏省,南京市,江宁区,
8968,东南大学九龙湖校区梅园4D,商务住宅;住宅区;宿舍,苏源大道79东南大学九龙湖校区,118.826557,31.882862,江苏省,南京市,江宁区,
8969,东南大学九龙湖校区梅园生活区,商务住宅;住宅区;宿舍,苏源大道79东南大学九龙湖校区,118.826167,31.882714,江苏省,南京市,江宁区,
8970,东南大学九龙湖校区梅园4B,商务住宅;住宅区;宿舍,苏源大道79东南大学九龙湖校区,118.825884,31.882778,江苏省,南京市,江宁区,
8971,东南大学九龙湖校区梅园9舍,商务住宅;住宅区;宿舍,苏源大道79东南大学九龙湖校区,118.827749,31.883578,江苏省,南京市,江宁区,
8972,东南大学九龙湖校区梅园9C,商务住宅;住宅区;宿舍,苏源大道79东南大学九龙湖校区,118.828042,31.883882,江苏省,南京市,江宁区,
8973,东南大学九龙湖校区梅园9A,商务住宅;住宅区;宿舍,苏源大道79东南大学九龙湖校区,118.827268,31.883847,江苏省,南京市,江宁区,
8974,武夷名仕园,商务住宅;住宅区;住宅小区,弘景大道,118.892461,31.881486,江苏省,南京市,江宁区,
8975,银城一方山,商务住宅;住宅区;住宅小区,弘景大道与吉印大道交汇处,118.891141,31.878992,江苏省,南京市,江宁区,
8976,银城·山语禧园,商务住宅;住宅区;住宅小区,吉印大道北50米,118.891828,31.877565,江苏省,南京市,江宁区,
8977,中国传媒大学南广学院学生公寓3-4,商务住宅;住宅区;宿舍,玉兰东路与银杏路交叉口南100米,118.890833,31.884073,江苏省,南京市,江宁区,
8978,中国传媒大学南广学院学生公寓1-2,商务住宅;住宅区;宿舍,玉兰东路与香樟东路交叉口东北50米,118.890539,31.883661,江苏省,南京市,江宁区,
8979,骋望·骊都,商务住宅;住宅区;住宅小区,弘景大道3889号,118.894817,31.883231,江苏省,南京市,江宁区,
8980,招商方山里,商务住宅;住宅区;住宅小区,弘景大道与吉印大道交汇处(南广学院对面),118.897433,31.879653,江苏省,南京市,江宁区,
8981,招商方山里花园,商务住宅;住宅区;住宅小区,淳化街道平和路18号,118.895911,31.877898,江苏省,南京市,江宁区,
8982,金宝湖熟商业广场综合楼,商务住宅;楼宇;商务写字楼,瑞泽路与202县道交叉口东北50米,118.970921,31.874474,江苏省,南京市,江宁区,
8983,梁台煦府,商务住宅;住宅区;住宅小区,337省道东50米,118.982381,31.878846,江苏省,南京市,江宁区,
8984,金城产业配套区,商务住宅;商务住宅相关;商务住宅相关,金阳路8号,118.975335,31.87877,江苏省,南京市,江宁区,
8985,盛江花苑石榴园,商务住宅;住宅区;住宅小区,,118.599794,31.864313,江苏省,南京市,江宁区,
8986,盛江花苑6期,商务住宅;住宅区;住宅小区,长兴大街298盛江花苑,118.600985,31.864559,江苏省,南京市,江宁区,
8987,司家小苑,商务住宅;住宅区;住宅区,江宁镇宁新路80号,118.600801,31.866798,江苏省,南京市,江宁区,
8988,府前小区,商务住宅;住宅区;住宅小区,宁桥南路与府前街交叉口东北100米,118.611055,31.864413,江苏省,南京市,江宁区,
8989,梅府花园小区,商务住宅;住宅区;住宅小区,江宁镇,118.610607,31.871797,江苏省,南京市,江宁区,
8990,谷里街道柏树社区文化活动室,商务住宅;住宅区;社区中心,新区路与朱山路交叉口东南200米,118.651096,31.868722,江苏省,南京市,江宁区,
8991,庆缘北路小区,商务住宅;住宅区;住宅小区,谷里街道庆缘北路,118.690983,31.869726,江苏省,南京市,江宁区,
8992,庆缘北路小区东区,商务住宅;住宅区;住宅小区,庆缘北路32号附近,118.691582,31.869016,江苏省,南京市,江宁区,
8993,谷里供销花苑,商务住宅;住宅区;住宅小区,莲花街与金牛街交叉口西100米,118.687655,31.86451,江苏省,南京市,江宁区,
8994,谷里复建四期经济适用房,商务住宅;商务住宅相关;商务住宅相关,谷里街道,118.689696,31.866251,江苏省,南京市,江宁区,
8995,金牛花苑(庆缘东街),商务住宅;住宅区;住宅小区,庆缘东街1,118.694773,31.867003,江苏省,南京市,江宁区,
8996,康居小区青青家园,商务住宅;住宅区;住宅小区,振容路1号,118.697923,31.86717,江苏省,南京市,江宁区,
8997,康居园(振容路),商务住宅;住宅区;住宅小区,振容路2号,118.698944,31.869097,江苏省,南京市,江宁区,
8998,中琅大厦,商务住宅;楼宇;商务写字楼,谷里街道邻里大道1号,118.702002,31.867806,江苏省,南京市,江宁区,
8999,青青家园(振容路),商务住宅;住宅区;住宅小区,谷里街道振容路203号,118.698134,31.867252,江苏省,南京市,江宁区,
9000,东虹花苑北苑,商务住宅;住宅区;住宅小区,秣周中路附近,118.773879,31.873337,江苏省,南京市,江宁区,
9001,东虹花苑西苑,商务住宅;住宅区;住宅小区,东善桥113栋103室附近,118.772592,31.871245,江苏省,南京市,江宁区,
9002,东虹花苑东屏苑,商务住宅;住宅区;住宅小区,,118.765545,31.872156,江苏省,南京市,江宁区,
9003,东虹花苑H区,商务住宅;住宅区;住宅小区,东宁街与西虹街交叉口西北150米,118.771309,31.867284,江苏省,南京市,江宁区,
9004,东善桥供销社福利房,商务住宅;住宅区;住宅区,东善桥岗山超市楼,118.77366,31.869467,江苏省,南京市,江宁区,
9005,东虹花苑,商务住宅;住宅区;住宅小区,东善桥西虹街131-205,118.774713,31.866528,江苏省,南京市,江宁区,
9006,东虹花苑东苑,商务住宅;住宅区;住宅小区,东善桥西虹街,118.775654,31.868303,江苏省,南京市,江宁区,
9007,东虹花苑-东区,商务住宅;住宅区;住宅区,东屏街与东虹街交叉口东南200米,118.775667,31.868313,江苏省,南京市,江宁区,
9008,东善供销大厦,商务住宅;楼宇;商务写字楼,东善桥镇东屏街,118.774237,31.869271,江苏省,南京市,江宁区,
9009,科技园南京宽带无线移动通信研发中心,商务住宅;商务住宅相关;商务住宅相关,秣周东路9号,118.821493,31.869414,江苏省,南京市,江宁区,
9010,悠谷2号楼,商务住宅;楼宇;商务写字楼,秣周东路南100米,118.826788,31.868386,江苏省,南京市,江宁区,
9011,悠谷1号楼,商务住宅;楼宇;商务写字楼,秣周东路12号,118.826514,31.868044,江苏省,南京市,江宁区,
9012,悠谷4号楼,商务住宅;楼宇;商务写字楼,秣周东路25号附近,118.828227,31.868397,江苏省,南京市,江宁区,
9013,悠谷3号楼,商务住宅;楼宇;商务写字楼,秣周东路南100米,118.827633,31.868106,江苏省,南京市,江宁区,
9014,悠谷5号楼,商务住宅;楼宇;商务写字楼,秣周东路25号附近,118.828372,31.868119,江苏省,南京市,江宁区,
9015,翠屏·诚园,商务住宅;住宅区;住宅小区,双龙大道3000号,118.83242,31.871236,江苏省,南京市,江宁区,
9016,风迅科技创业大厦,商务住宅;楼宇;商务写字楼,紫金二路西100米,118.829349,31.864477,江苏省,南京市,江宁区,
9017,人才公寓财富中心,商务住宅;楼宇;商务写字楼,砂之船路西100米,118.826801,31.866773,江苏省,南京市,江宁区,
9018,帝景天誉,商务住宅;住宅区;住宅小区,双龙大道与秣周路交叉口东南200米,118.83291,31.86795,江苏省,南京市,江宁区,
9019,翠屏·诚园北区,商务住宅;住宅区;住宅小区,双龙大道,118.832452,31.870521,江苏省,南京市,江宁区,
9020,悠谷1期,商务住宅;楼宇;商务写字楼,秣周东路南100米,118.827664,31.868364,江苏省,南京市,江宁区,
9021,翠屏·诚园南区,商务住宅;住宅区;住宅区,秣周东路地铁站4号口东200米,118.833596,31.867947,江苏省,南京市,江宁区,
9022,诚园2期,商务住宅;住宅区;住宅小区,,118.836301,31.871219,江苏省,南京市,江宁区,
9023,金城花园,商务住宅;住宅区;住宅小区,虎踞北路归云堂30号,118.972837,31.872001,江苏省,南京市,江宁区,
9024,金桥工业园管理办公室,商务住宅;商务住宅相关;商务住宅相关,金迎路东200米金桥工业园附近,118.967633,31.87244,江苏省,南京市,江宁区,
9025,恒业花园(灵顺北路),商务住宅;住宅区;住宅小区,灵顺北路211号,118.97833,31.867156,江苏省,南京市,江宁区,
9026,陶然·经典,商务住宅;住宅区;住宅小区,湖熟街道宝塔北路123号,118.976958,31.864877,江苏省,南京市,江宁区,
9027,绿野枫景花园东区,商务住宅;住宅区;住宅小区,湖熟镇,118.976805,31.871778,江苏省,南京市,江宁区,
9028,绿野枫景花园西区,商务住宅;住宅区;住宅小区,灵顺北路318号,118.975389,31.873766,江苏省,南京市,江宁区,
9029,银湖佳苑,商务住宅;住宅区;住宅小区,X202(宝塔北路),118.977597,31.865737,江苏省,南京市,江宁区,
9030,绿野枫景花园,商务住宅;住宅区;住宅小区,灵顺北路318号,118.97604,31.872831,江苏省,南京市,江宁区,
9031,金陵美域,商务住宅;住宅区;住宅区,湖熟街道灵顺北路211号,118.979002,31.867244,江苏省,南京市,江宁区,
9032,绿野枫景花园南区,商务住宅;住宅区;住宅区,宝塔北路与灵顺北路交叉口东50米,118.9755,31.87082,江苏省,南京市,江宁区,
9033,盛江花苑,商务住宅;住宅区;住宅小区,长兴大街298号,118.603596,31.855923,江苏省,南京市,江宁区,
9034,宝驰景秀苑,商务住宅;住宅区;住宅小区,经济开发区地秀路518号,118.59805,31.854429,江苏省,南京市,江宁区,
9035,盛江花苑7期A区,商务住宅;住宅区;住宅小区,G205(宁芜大道),118.600192,31.862619,江苏省,南京市,江宁区,
9036,新理想家,商务住宅;住宅区;住宅小区,地秀路,118.601498,31.855465,江苏省,南京市,江宁区,
9037,盛江花苑玉兰园,商务住宅;住宅区;住宅小区,地秀路附近,118.602389,31.860602,江苏省,南京市,江宁区,
9038,盛江花苑银杏园,商务住宅;住宅区;住宅小区,地秀路西150米,118.600718,31.857716,江苏省,南京市,江宁区,
9039,盛江花苑7期,商务住宅;住宅区;住宅区,,118.59941,31.863348,江苏省,南京市,江宁区,
9040,盛世嘉苑,商务住宅;住宅区;住宅小区,复建路,118.60563,31.859445,江苏省,南京市,江宁区,
9041,盛世嘉苑B区,商务住宅;住宅区;住宅小区,江宁街,118.607554,31.858022,江苏省,南京市,江宁区,
9042,中国铁建原香颂(建设中),商务住宅;住宅区;住宅小区,宁桥南路168号,118.608137,31.858702,江苏省,南京市,江宁区,
9043,盛世嘉苑A区,商务住宅;住宅区;住宅小区,复建路,118.607325,31.854651,江苏省,南京市,江宁区,
9044,荷塘月色售楼中心,商务住宅;商务住宅相关;商务住宅相关,长兴大街东50米,118.606119,31.85492,江苏省,南京市,江宁区,
9045,金谷家园(金牛街),商务住宅;住宅区;住宅小区,金牛街与金谷东街交叉口东南50米,118.688988,31.863214,江苏省,南京市,江宁区,
9046,庆缘花苑,商务住宅;住宅区;住宅小区,庆缘东街与新民街交叉口东北50米,118.694567,31.863924,江苏省,南京市,江宁区,
9047,新民花苑(南门),商务住宅;商务住宅相关;商务住宅相关,邻里南路东50米,118.703141,31.86129,江苏省,南京市,江宁区,
9048,新民花苑,商务住宅;住宅区;住宅小区,谷里镇邻里大道50号,118.704857,31.862891,江苏省,南京市,江宁区,
9049,国信慧谷山居,商务住宅;住宅区;住宅小区,江宁开发区吉山大道8号(省林科院对面),118.7663,31.855448,江苏省,南京市,江宁区,
9050,康和欣居,商务住宅;住宅区;住宅小区,东善桥镇丹阳大道,118.773327,31.860216,江苏省,南京市,江宁区,
9051,东润·逸品花园,商务住宅;住宅区;住宅小区,云台山河路与紫金路交叉口西南150米,118.830781,31.858047,江苏省,南京市,江宁区,
9052,南京紫金科技创业特别社区U湖未来科技交流中心筹备处,商务住宅;商务住宅相关;商务住宅相关,紫金三路东50米,118.8273,31.85819,江苏省,南京市,江宁区,
9053,水岸逸居,商务住宅;住宅区;住宅小区,云台山河路与爱陵路交叉口西150米,118.834157,31.8625,江苏省,南京市,江宁区,
9054,和进社区,商务住宅;住宅区;住宅小区,友谊路南50米,118.962052,31.857664,江苏省,南京市,江宁区,
9055,国府大院,商务住宅;住宅区;住宅小区,湖熟街道,118.967031,31.863113,江苏省,南京市,江宁区,
9056,瑞鑫苑,商务住宅;住宅区;住宅小区,汤铜路与337省道交叉口东南150米,118.969041,31.864166,江苏省,南京市,江宁区,
9057,湖鑫苑,商务住宅;住宅区;住宅小区,宝塔南路2-29号附近,118.978468,31.857382,江苏省,南京市,江宁区,
9058,姚西台,商务住宅;住宅区;住宅小区,灵顺南路12,118.983296,31.859175,江苏省,南京市,江宁区,
9059,家乐花园,商务住宅;住宅区;住宅小区,湖熟中学旁边的,118.980917,31.862968,江苏省,南京市,江宁区,
9060,卫星小区(河南西街),商务住宅;住宅区;住宅小区,河南西街26号,118.983933,31.858517,江苏省,南京市,江宁区,
9061,新燕公寓,商务住宅;住宅区;住宅小区,河南东街与灵顺南路交叉口西南150米,118.984045,31.85745,江苏省,南京市,江宁区,
9062,花园新寓,商务住宅;住宅区;住宅区,姚东大街8号,118.984566,31.8605,江苏省,南京市,江宁区,
9063,丹桂社区,商务住宅;住宅区;住宅小区,赤山路北50米,119.0285,31.861072,江苏省,南京市,江宁区,
9064,滨江智谷,商务住宅;住宅区;住宅区,飞鹰路南50米,118.56936,31.848095,江苏省,南京市,江宁区,
9065,绿地国际花都2期,商务住宅;住宅区;住宅小区,景明大街与锦文路交汇处东200米,118.590199,31.851974,江苏省,南京市,江宁区,
9066,朗诗未来家,商务住宅;住宅区;住宅区,江宁街道润寿北路1115号,118.59277,31.851546,江苏省,南京市,江宁区,
9067,南京绿地国际花都,商务住宅;住宅区;住宅小区,锦文路9号,118.594728,31.848925,江苏省,南京市,江宁区,
9068,禹洲弘阳滨湖里(建设中),商务住宅;住宅区;住宅小区,润寿北路599号,118.59409,31.853369,江苏省,南京市,江宁区,
9069,恒信珑湖国际,商务住宅;住宅区;住宅小区,滨江开发区地秀路99号,118.601649,31.853646,江苏省,南京市,江宁区,
9070,御境园,商务住宅;住宅区;住宅区,地秀路东100米,118.600475,31.854059,江苏省,南京市,江宁区,
9071,宝驰景秀苑南区,商务住宅;住宅区;住宅区,地秀路西150米,118.596579,31.852456,江苏省,南京市,江宁区,
9072,奥登金属大院,商务住宅;商务住宅相关;商务住宅相关,锦文路7号,118.595459,31.847065,江苏省,南京市,江宁区,
9073,盛江花苑牡丹园,商务住宅;住宅区;住宅小区,江宁镇复建路,118.608378,31.852358,江苏省,南京市,江宁区,
9074,滨江华苑,商务住宅;住宅区;住宅区,盛江路与长兴大街交叉口西南150米,118.604899,31.852333,江苏省,南京市,江宁区,
9075,碧湖天辰,商务住宅;住宅区;住宅小区,宁桥南路178号,118.607793,31.850577,江苏省,南京市,江宁区,
9076,盛江花苑玫瑰园,商务住宅;住宅区;住宅小区,复建路,118.606568,31.851022,江苏省,南京市,江宁区,
9077,碧湖天辰(南门),商务住宅;商务住宅相关;商务住宅相关,宁桥南路178号碧湖天辰附近,118.60814,31.850456,江苏省,南京市,江宁区,
9078,盛江花苑玫瑰园(西门),商务住宅;商务住宅相关;商务住宅相关,宁桥南路与盛江路交叉口南150米,118.608841,31.85191,江苏省,南京市,江宁区,
9079,碧桂园·湖光山色(建设中),商务住宅;住宅区;别墅,谷里街道正方中路,118.705049,31.849855,江苏省,南京市,江宁区,
9080,慧谷水轩,商务住宅;住宅区;住宅区,吉山大道东50米,118.76278,31.85407,江苏省,南京市,江宁区,
9081,叶泊蓝山,商务住宅;住宅区;住宅小区,"丹阳大道110号(开发区宁丹路以东,正方大道以北)",118.773417,31.84491,江苏省,南京市,江宁区,
9082,景瑞春风十里,商务住宅;住宅区;住宅小区,吉山大道8号,118.766377,31.853967,江苏省,南京市,江宁区,
9083,思围,商务住宅;住宅区;住宅区,丹阳大道88号(江苏软件园吉山基地内),118.766794,31.85359,江苏省,南京市,江宁区,
9084,荣平宿舍园区,商务住宅;住宅区;宿舍,望远路与蓝霞路交叉口东南200米,118.834149,31.848018,江苏省,南京市,江宁区,
9085,万安社区,商务住宅;住宅区;社区中心,龙葛路东50米,118.923348,31.848131,江苏省,南京市,江宁区,
9086,河南公寓,商务住宅;住宅区;住宅小区,灵顺南路168号,118.987061,31.852725,江苏省,南京市,江宁区,
9087,芭堤雅商业小区,商务住宅;住宅区;住宅小区,牛首大道与长兴大街交叉口西100米,118.601637,31.842153,江苏省,南京市,江宁区,
9088,青青家园,商务住宅;住宅区;住宅小区,谷里镇,118.774877,31.84257,江苏省,南京市,江宁区,
9089,江苏软件园宁丹路以西项目,商务住宅;住宅区;住宅区,正方大道和宁丹路交汇处,118.77679,31.83843,江苏省,南京市,江宁区,
9090,凤凰山新寓,商务住宅;住宅区;住宅区,将军大道550号,118.804053,31.836599,江苏省,南京市,江宁区,
9091,两港科创产业园1号科研楼,商务住宅;商务住宅相关;商务住宅相关,正方中路96号附近,118.82613,31.8426,江苏省,南京市,江宁区,
9092,欣旺花苑南区,商务住宅;住宅区;住宅小区,玉麟街13号附近,118.843185,31.835448,江苏省,南京市,江宁区,
9093,欣旺花苑西区,商务住宅;住宅区;住宅小区,秣陵街道秣陵镇,118.843223,31.835662,江苏省,南京市,江宁区,
9094,欣旺花苑2期,商务住宅;住宅区;住宅区,天秣路东150米,118.84222,31.840515,江苏省,南京市,江宁区,
9095,欣旺花苑北区,商务住宅;住宅区;住宅小区,秣欣路5,118.842872,31.840265,江苏省,南京市,江宁区,
9096,凤仪街16号院,商务住宅;住宅区;住宅区,凤仪街16号02幢附近,118.839839,31.837067,江苏省,南京市,江宁区,
9097,天禧公寓,商务住宅;住宅区;住宅小区,玉麟街与金龙街交叉口东北150米,118.838462,31.837083,江苏省,南京市,江宁区,
9098,宏健公寓,商务住宅;住宅区;住宅小区,秣陵街道正方路,118.838709,31.839114,江苏省,南京市,江宁区,
9099,欣旺花苑南区(东门),商务住宅;商务住宅相关;商务住宅相关,玉麟街13号附近,118.843185,31.835538,江苏省,南京市,江宁区,
9100,欣旺花苑,商务住宅;住宅区;住宅小区,秣陵街道,118.845383,31.836679,江苏省,南京市,江宁区,
9101,欣旺花苑东区,商务住宅;住宅区;住宅小区,兴旺路西100米,118.846496,31.837698,江苏省,南京市,江宁区,
9102,欣旺花苑3期,商务住宅;住宅区;住宅小区,兴旺路西50米,118.847125,31.835422,江苏省,南京市,江宁区,
9103,欣旺花苑三期(西门),商务住宅;商务住宅相关;商务住宅相关,秣陵街道欣旺花苑小区东门附近,118.84615,31.835049,江苏省,南京市,江宁区,
9104,虹南苑小区,商务住宅;住宅区;住宅小区,龙都镇南陵街,118.932953,31.836663,江苏省,南京市,江宁区,
9105,虹南苑10号,商务住宅;商务住宅相关;商务住宅相关,南陵街与陵园路交叉口东100米,118.932003,31.836158,江苏省,南京市,江宁区,
9106,虹南苑13号,商务住宅;商务住宅相关;商务住宅相关,南陵街与虹南路交叉口西150米,118.932836,31.836342,江苏省,南京市,江宁区,
9107,虹南苑11号,商务住宅;商务住宅相关;商务住宅相关,南陵街与陵园路交叉口东150米,118.93228,31.836204,江苏省,南京市,江宁区,
9108,虹南苑12号,商务住宅;商务住宅相关;商务住宅相关,南陵街与虹南路交叉口西150米,118.93256,31.836207,江苏省,南京市,江宁区,
9109,顺力大厦,商务住宅;楼宇;商务写字楼,滨江开发区飞鹰路2号,118.594241,31.833865,江苏省,南京市,江宁区,
9110,东吉大厦东方楼,商务住宅;楼宇;商务写字楼,东吉大道南100米,118.773456,31.829157,江苏省,南京市,江宁区,
9111,江苏软件园东方楼,商务住宅;楼宇;商务写字楼,东吉大道南100米,118.773408,31.829208,江苏省,南京市,江宁区,
9112,东吉大厦吉云楼,商务住宅;楼宇;商务写字楼,研发西路与联岛路交叉口东北100米,118.772018,31.827081,江苏省,南京市,江宁区,
9113,东吉大厦吉联楼,商务住宅;楼宇;商务写字楼,东吉大道南150米,118.771903,31.828317,江苏省,南京市,江宁区,
9114,东吉大厦B座,商务住宅;楼宇;商务写字楼,研发西路北150米,118.772561,31.827526,江苏省,南京市,江宁区,
9115,东吉大厦C座,商务住宅;楼宇;商务写字楼,研发西路北150米,118.773315,31.827564,江苏省,南京市,江宁区,
9116,东吉大厦A座,商务住宅;楼宇;商务写字楼,东吉大道南150米,118.772711,31.828769,江苏省,南京市,江宁区,
9117,甲骨文宝云大楼,商务住宅;楼宇;商务写字楼,东吉大道1号,118.77285,31.826824,江苏省,南京市,江宁区,
9118,江苏软件园大楼,商务住宅;楼宇;商务写字楼,东吉大道1号,118.773134,31.828351,江苏省,南京市,江宁区,
9119,东吉大厦东来楼,商务住宅;楼宇;商务写字楼,丹阳大道附近,118.774057,31.828383,江苏省,南京市,江宁区,
9120,南京南溪谷花园,商务住宅;住宅区;住宅小区,,118.781947,31.824309,江苏省,南京市,江宁区,
9121,梅家巷,商务住宅;住宅区;住宅小区,娘娘巷24号附近,118.837373,31.832253,江苏省,南京市,江宁区,
9122,虹南新寓,商务住宅;住宅区;住宅小区,虹南路188号,118.933231,31.831935,江苏省,南京市,江宁区,
9123,银城蓝溪郡,商务住宅;住宅区;住宅小区,丹阳大道,118.778614,31.823987,江苏省,南京市,江宁区,
9124,希泉新寓,商务住宅;住宅区;住宅小区,银杏湖大道,118.780438,31.818248,江苏省,南京市,江宁区,
9125,希泉新寓(北门),商务住宅;商务住宅相关;商务住宅相关,银杏湖大道南100米,118.78083,31.8194,江苏省,南京市,江宁区,
9126,白鹭湖山庄,商务住宅;住宅区;住宅小区,东善桥镇,118.719329,31.804398,江苏省,南京市,江宁区,
9127,周里新寓,商务住宅;住宅区;住宅小区,新宁路附近,118.847447,31.809252,江苏省,南京市,江宁区,
9128,绿杨社区,商务住宅;住宅区;住宅小区,绿东路与101县道交叉口西南150米,118.961612,31.807868,江苏省,南京市,江宁区,
9129,牧龙原墅,商务住宅;住宅区;别墅,江宁区江宁街道滨溪大道1000号,118.603741,31.795449,江苏省,南京市,江宁区,
9130,奥斯博恩庄园,商务住宅;住宅区;别墅,天禄大道1号,118.857902,31.79522,江苏省,南京市,江宁区,
9131,摩咔庄园,商务住宅;住宅区;住宅区,天禄大道一号奥斯博恩庄园御雅轩15栋05户,118.856489,31.79661,江苏省,南京市,江宁区,
9132,博恩花园4期,商务住宅;住宅区;住宅小区,,118.855664,31.798259,江苏省,南京市,江宁区,
9133,翠屏城,商务住宅;住宅区;住宅区,"天禄大道1号(宁溧路188号,机场高速禄口出口500米)",118.856569,31.796628,江苏省,南京市,江宁区,
9134,水岸香樟·品质派对别墅轰趴(凯轩店),商务住宅;商务住宅相关;商务住宅相关,天禄大道奥斯伯恩庄园御凯轩4栋04室,118.856516,31.795575,江苏省,南京市,江宁区,
9135,外侨花园别墅,商务住宅;住宅区;别墅,湖熟镇齐尚路88号,118.94313,31.795968,江苏省,南京市,江宁区,
9136,尚桥社区,商务住宅;住宅区;住宅小区,303县道东50米,118.937329,31.803105,江苏省,南京市,江宁区,
9137,建工商厦,商务住宅;楼宇;商务写字楼,三零三县道,118.947891,31.79625,江苏省,南京市,江宁区,
9138,云龙轩,商务住宅;住宅区;住宅区,陶吴镇西阳社区,118.766569,31.787924,江苏省,南京市,江宁区,
9139,大才大厦,商务住宅;楼宇;商务写字楼,陶建路28号,118.772571,31.785277,江苏省,南京市,江宁区,
9140,空港青年公寓,商务住宅;住宅区;住宅小区,越秀路,118.81263,31.787512,江苏省,南京市,江宁区,
9141,空港公寓B组团,商务住宅;住宅区;住宅小区,空港工业园,118.81266,31.792416,江苏省,南京市,江宁区,
9142,人才公寓,商务住宅;商务住宅相关;商务住宅相关,越秀路南50米,118.811114,31.789078,江苏省,南京市,江宁区,
9143,新城保利天地,商务住宅;商务住宅相关;商务住宅相关,乾清路与越秀路交接处,118.81527,31.791001,江苏省,南京市,江宁区,
9144,新城保利天地(建设中),商务住宅;住宅区;住宅小区,越秀路北150米,118.816329,31.79086,江苏省,南京市,江宁区,
9145,空港公寓D组团,商务住宅;住宅区;住宅小区,乾清路东200米,118.81662,31.794117,江苏省,南京市,江宁区,
9146,空港公寓,商务住宅;商务住宅相关;商务住宅相关,禄口乾清路,118.81397,31.791978,江苏省,南京市,江宁区,
9147,翠屏城,商务住宅;住宅区;住宅小区,马甫路44号附近,118.860387,31.79145,江苏省,南京市,江宁区,
9148,博思庄园,商务住宅;住宅区;住宅小区,马甫路北100米,118.859662,31.791496,江苏省,南京市,江宁区,
9149,君驰华庭,商务住宅;住宅区;住宅小区,禄口街道天禄大道45号,118.85822,31.789352,江苏省,南京市,江宁区,
9150,自由度,商务住宅;商务住宅相关;商务住宅相关,天禄大道139号,118.861535,31.786814,江苏省,南京市,江宁区,
9151,星汉国际广场,商务住宅;商务住宅相关;商务住宅相关,天禄大道139号,118.863364,31.785416,江苏省,南京市,江宁区,
9152,星汉城,商务住宅;住宅区;住宅小区,天禄大道139号,118.865236,31.785801,江苏省,南京市,江宁区,
9153,徐慕社区,商务住宅;住宅区;住宅小区,徐东路北50米,118.972599,31.793851,江苏省,南京市,江宁区,
9154,南山美苑,商务住宅;住宅区;住宅小区,杨石线附近,118.590445,31.782475,江苏省,南京市,江宁区,
9155,荷花社区,商务住宅;住宅区;住宅小区,山河线,118.640325,31.779819,江苏省,南京市,江宁区,
9156,沈春霞油画艺术创业中心,商务住宅;商务住宅相关;商务住宅相关,红星大道158号,118.746064,31.779429,江苏省,南京市,江宁区,
9157,金宁花园,商务住宅;住宅区;住宅区,金宁街与陶建路交叉口东100米,118.77588,31.780033,江苏省,南京市,江宁区,
9158,陶茂小区,商务住宅;住宅区;住宅小区,横溪镇陶吴社区,118.778695,31.776039,江苏省,南京市,江宁区,
9159,春华园14号,商务住宅;商务住宅相关;商务住宅相关,陶小路52号附近,118.77575,31.774414,江苏省,南京市,江宁区,
9160,同坤大厦,商务住宅;楼宇;商务写字楼,信诚大道北100米,118.822527,31.78032,江苏省,南京市,江宁区,
9161,南京空港枢纽经济区临空创造中心,商务住宅;楼宇;商务写字楼,信诚大道南50米,118.834067,31.778431,江苏省,南京市,江宁区,
9162,禄口空港研发大楼,商务住宅;楼宇;商务写字楼,禄口镇空港工业园飞天大道69号丰盛科技产业园,118.8351,31.778702,江苏省,南京市,江宁区,
9163,朗诗青春街区,商务住宅;住宅区;住宅小区,来凤路18号(禄口派出所对面),118.853768,31.776466,江苏省,南京市,江宁区,
9164,招商依云郡,商务住宅;住宅区;住宅小区,禄口街道信诚大道33号,118.846345,31.776882,江苏省,南京市,江宁区,
9165,百利华府,商务住宅;住宅区;住宅小区,正阳路,118.855928,31.776912,江苏省,南京市,江宁区,
9166,颐家春天花园,商务住宅;住宅区;住宅小区,来凤路,118.861325,31.781567,江苏省,南京市,江宁区,
9167,艳阳广场41,商务住宅;商务住宅相关;商务住宅相关,正阳路87-9号附近,118.858513,31.776646,江苏省,南京市,江宁区,
9168,空港城,商务住宅;商务住宅相关;商务住宅相关,蓝天路177号,118.857254,31.774625,江苏省,南京市,江宁区,
9169,艳阳广场53号,商务住宅;商务住宅相关;商务住宅相关,光明路与茅亭路交叉口东南50米,118.858808,31.777659,江苏省,南京市,江宁区,
9170,艳阳广场19号,商务住宅;商务住宅相关;商务住宅相关,康宁巷150号附近,118.859041,31.776802,江苏省,南京市,江宁区,
9171,艳阳广场78号,商务住宅;商务住宅相关;商务住宅相关,正阳路55号附近,118.85802,31.776903,江苏省,南京市,江宁区,
9172,艳阳广场54号,商务住宅;商务住宅相关;商务住宅相关,光明路与茅亭路交叉口东南50米,118.858805,31.777617,江苏省,南京市,江宁区,
9173,艳阳广场55号,商务住宅;商务住宅相关;商务住宅相关,茅亭路119号附近,118.858801,31.777574,江苏省,南京市,江宁区,
9174,颐家春天花园(南门),商务住宅;商务住宅相关;商务住宅相关,文轩路东50米,118.861607,31.779889,江苏省,南京市,江宁区,
9175,禄口住宅,商务住宅;住宅区;住宅区,禄口大街与藏家巷路交叉口东南100米,118.86523,31.774715,江苏省,南京市,江宁区,
9176,金禄雅居,商务住宅;住宅区;住宅小区,金禄路81号,118.865525,31.777959,江苏省,南京市,江宁区,
9177,天元新城,商务住宅;住宅区;住宅区,金玉路与金石路交叉口西100米,118.869361,31.77501,江苏省,南京市,江宁区,
9178,文豪花园,商务住宅;住宅区;住宅小区,禄口街道天禄路508号,118.874449,31.77743,江苏省,南京市,江宁区,
9179,宁徽小园,商务住宅;住宅区;住宅小区,杨石线附近,118.602186,31.766682,江苏省,南京市,江宁区,
9180,龙庵12号,商务住宅;商务住宅相关;商务住宅相关,云台街与陶杨路交叉口东200米,118.773803,31.773929,江苏省,南京市,江宁区,
9181,弘景新寓,商务住宅;住宅区;住宅小区,东方文理研修学院,118.779586,31.768004,江苏省,南京市,江宁区,
9182,狮子山花苑A区,商务住宅;住宅区;住宅小区,陶吴镇狮山路98号,118.780598,31.769974,江苏省,南京市,江宁区,
9183,狮子山花苑B区,商务住宅;住宅区;住宅小区,文理路与狮山路交叉口西南150米,118.778345,31.768164,江苏省,南京市,江宁区,
9184,大学生公寓,商务住宅;住宅区;住宅小区,石坝路东50米,118.785177,31.772579,江苏省,南京市,江宁区,
9185,学府佳园,商务住宅;住宅区;住宅小区,石坝路与西坝路交叉口东南100米,118.784255,31.773283,江苏省,南京市,江宁区,
9186,百丽明珠花园,商务住宅;住宅区;住宅小区,禄口街道信陵路448号,118.854503,31.770042,江苏省,南京市,江宁区,
9187,百利华府3期,商务住宅;住宅区;住宅小区,来凤路29号,118.85459,31.774139,江苏省,南京市,江宁区,
9188,祥福乐园,商务住宅;住宅区;住宅小区,正阳路175号,118.8607,31.773144,江苏省,南京市,江宁区,
9189,瑞祥假日,商务住宅;商务住宅相关;商务住宅相关,蓝天路320号附近,118.85421,31.77324,江苏省,南京市,江宁区,
9190,永欣新寓,商务住宅;住宅区;住宅小区,信陵路269号,118.864547,31.769406,江苏省,南京市,江宁区,
9191,里外城,商务住宅;住宅区;住宅小区,禄口街道金石路99号,118.868996,31.77371,江苏省,南京市,江宁区,
9192,玺禄苑,商务住宅;住宅区;住宅小区,信陵路59号,118.864802,31.772513,江苏省,南京市,江宁区,
9193,永欣新寓百合苑,商务住宅;住宅区;住宅小区,禄口大街西200米,118.870753,31.765991,江苏省,南京市,江宁区,
9194,百利华府,商务住宅;楼宇;商住两用楼宇|商务住宅;住宅区;住宅区,,118.865262,31.770411,江苏省,南京市,江宁区,
9195,绿都文化园,商务住宅;住宅区;住宅小区,高楼子路东150米,118.670803,31.760383,江苏省,南京市,江宁区,
9196,东日生华,商务住宅;住宅区;住宅区,高楼子路东100米,118.670459,31.760168,江苏省,南京市,江宁区,
9197,中浩·青溪庄园,商务住宅;住宅区;住宅小区|商务住宅;住宅区;别墅,横溪甘泉湖旅游度假区内(宁丹路与省337国道交汇处),118.720957,31.756095,江苏省,南京市,江宁区,
9198,台湾农民创业园花博园,商务住宅;商务住宅相关;商务住宅相关,横溪街道汤铜公路甘西社区(近宁丹公路),118.774105,31.761661,江苏省,南京市,江宁区,
9199,平安科技园,商务住宅;商务住宅相关;商务住宅相关,,118.834336,31.759651,江苏省,南京市,江宁区,
9200,海棠苑,商务住宅;住宅区;住宅小区,,118.860851,31.762036,江苏省,南京市,江宁区,
9201,紫荆苑,商务住宅;住宅区;住宅小区,永欣大道,118.860647,31.762793,江苏省,南京市,江宁区,
9202,七彩小贵族,商务住宅;楼宇;商住两用楼宇|商务住宅;住宅区;住宅区,汪余路附近,118.878736,31.762833,江苏省,南京市,江宁区,
9203,七彩星城国学府,商务住宅;楼宇;商住两用楼宇|商务住宅;住宅区;住宅区,汪余路附近,118.878736,31.762833,江苏省,南京市,江宁区,
