,num,name,lng,lat,address,province,city,area,detail,uid
0,0,芳庭潘园,118.735037,32.223989,芳庭路68号,江苏省,南京市,六合区,1,9534a89b411c91096cc02c16
1,1,晓山北村(芳庭路),118.741009,32.226258,江苏省南京市六合区晓山路151号,江苏省,南京市,六合区,1,d4e44599740675d5b6147fd9
2,2,仁锦苑,118.732565,32.227303,江苏省南京市六合区葛中南路,江苏省,南京市,六合区,1,8ed7e35b01e330abf8f0cb5b
3,3,芳庭潘园-东门,118.737488,32.224041,江苏省南京市六合区葛塘街道晓山路芳庭潘园东门,江苏省,南京市,六合区,1,b2b827349158010d4bcc4ab0
4,4,草芳新苑-晓山路111号1号楼,118.744376,32.225726,南京市六合区晓山路111号,江苏省,南京市,六合区,1,7c538d3c5a2afc24ae31e580
5,5,海棠花园,118.747804,32.222475,江苏省南京市江北新区新华西路68-1号,江苏省,南京市,六合区,1,5211d219fde2d4587dc876e1
6,6,南京瑞凯公寓,118.745791,32.225516,六合区晓山101号、111号、121、131号,江苏省,南京市,六合区,1,7d5f3a0a2442bc4b2cb908e1
7,7,腾泰雅苑,118.746053,32.223178,江苏省南京市六合区草芳路118号,江苏省,南京市,六合区,1,c6f6726e4baf2ffdbfa82225
8,8,草芳新苑,118.742071,32.22358,南京市六合区草芳路69号,江苏省,南京市,六合区,1,38e480374b0e1d49373a71e1
9,10,晓山一村,118.744753,32.221046,南京市六合区新华西路76-3号,江苏省,南京市,六合区,1,eb3675033bca0f1b00ec01e1
10,11,新广厦小区,118.747366,32.224062,大厂街道新广厦小区沿江工业开发区晓山一村,江苏省,南京市,六合区,1,e1c84756171e8e21a10464b9
11,12,荣盛水景城-开阳苑,118.74387,32.227622,南京市六合区晓山路106号,江苏省,南京市,六合区,1,3a0d3858930e1e0ee8e582e8
12,13,圣得山庄,118.746438,32.220697,江苏省南京市六合区新华路49栋,江苏省,南京市,六合区,1,9ee392b892ee563cbabd63a3
13,14,六合区荣盛水景城小区,118.746572,32.229611,南京市六合区草芳路213号,江苏省,南京市,六合区,1,3c3038a435e92b3bac04578e
14,17,摇光苑,118.744267,32.229013,江苏省南京市六合区晓山路104号,江苏省,南京市,六合区,1,6ad405fac96c1c1af4e73b22
15,18,海棠花园-休闲广场,118.746748,32.221265,江苏省南京市六合区大厂街道草芳路海棠花园(腾泰雅苑附近),江苏省,南京市,六合区,1,46483ff73dac4924d23ce34e
16,19,荣盛水景城-天权苑,118.74602,32.227478,江苏省南京市六合区江北新区宁六路,江苏省,南京市,六合区,1,acef333321586eb117948e8a
17,20,玉衡苑,118.74634,32.229528,江苏省南京市六合区草芳路213号,江苏省,南京市,六合区,1,49485fb49c73a6b62902e12f
18,21,荣盛阿尔卡迪亚,118.745871,32.229217,江苏省南京市六合区草芳路与健民路交叉口,江苏省,南京市,六合区,1,d7fd2ad3c0e767290accddbb
19,22,阿尔卡迪亚三期新天地-AB座,118.745858,32.226288,南京市六合区晓山路南京月茂新天地,江苏省,南京市,六合区,1,90807bf30574550c430245a4
20,23,邮电大楼,118.75464,32.227389,江苏省南京市六合区健民路189号,江苏省,南京市,六合区,1,1106a01c18720dfa95f08c4b
21,24,烟草大厦,118.753668,32.228892,南京市六合区健民路200号,江苏省,南京市,六合区,1,0c0c98c6285c010baeee7a25
22,25,三丰公寓,118.754303,32.229197,六合区新华路129号,江苏省,南京市,六合区,1,fd13a3f2511139fab1077de1
23,26,永利晶华城,118.753015,32.227497,江苏省南京市六合区新华路138号,江苏省,南京市,六合区,1,95bd553f21cbd13a17948e2c
24,27,化建大厦,118.75521,32.228672,南京市六合区新华路148号,江苏省,南京市,六合区,1,6dffa97dbbabd3a603ff2d7a
25,28,永利公寓,118.75473,32.227253,六合区大厂健民路189号,江苏省,南京市,六合区,1,8d96925c8f2f7a38c0f1cfbf
26,29,新华西路小区,118.75465,32.225664,南京市六合区健民路中大医院(江北院区),江苏省,南京市,六合区,1,e8702bb67d418a9f76e5b628
27,30,新华六村小区,118.750597,32.228047,江苏省南京市六合区草芳路(荣盛阿尔卡迪亚东侧约200米),江苏省,南京市,六合区,1,50adf3726f3d74ebdb131844
28,31,山潘村,118.751372,32.226945,江苏省南京市六合区新华路77号,江苏省,南京市,六合区,1,21123393430b12c35d0d0268
29,33,新庄东村,118.742852,32.214844,江苏省南京市江北新区杨新路151号,江苏省,南京市,六合区,1,9ee7cc78d821957016c905e1
30,34,潼恩国际,118.756778,32.229644,江苏省南京市六合区新华路218号5楼,江苏省,南京市,六合区,1,0ebed771ce187146b13c813c
31,35,新华四村,118.760608,32.229354,江苏省南京市六合区旭东路272号附近,江苏省,南京市,六合区,1,33fbfa83e51d8fc10bf5ebe1
32,36,南京证券大厦,118.754699,32.22948,南京市六合区新华路139号,江苏省,南京市,六合区,1,3a0a78bd0b083dfa631809e1
33,37,电影院宿舍楼,118.76745,32.222385,南京市六合区凤凰北路西厂门幼儿园东北侧约280米,江苏省,南京市,六合区,1,096a2083e4b1553d4afd3ffb
34,38,周洼新村-16号楼,118.763089,32.229828,江苏省南京市六合区旭东路周洼新村,江苏省,南京市,六合区,1,11c7244be918a62b4154d75a
35,39,周洼新村,118.763623,32.229769,南京市六合区旭东路419号,江苏省,南京市,六合区,1,61f634f64b4f33786b49f3e1
36,41,凤西路社区,118.767646,32.221818,南京市六合区凤凰南路西厂门幼儿园东北侧约260米,江苏省,南京市,六合区,1,dfe47927548a4145e81e97f4
37,42,太子山路小区,118.762861,32.220434,南京市六合区太子山路,江苏省,南京市,六合区,1,958a04c3385ea11d8936ee9b
38,43,小门浴室-西南门,118.769198,32.225708,南京市六合区沿江工业开发区毕洼路37号,江苏省,南京市,六合区,1,aaca9adcdf14fa7d6fa3ccd1
39,44,周洼新村32号楼,118.764008,32.229693,江苏省南京市六合区山潘周洼新村32幢(旭东路北),江苏省,南京市,六合区,1,f61b852c2f0c664e9968b450
40,45,南京沿江科创中心-6号楼,118.773862,32.230131,江苏省南京市六合区葛关路108号,江苏省,南京市,六合区,1,970cce4081554f6c0c0e6bd6
41,46,东盛大厦小区,118.775296,32.228626,江苏省南京市六合区葛关路42号,江苏省,南京市,六合区,1,4d9d4162f9341613ca1b9529
42,47,永元公寓,118.771592,32.228648,南京市六合区凤凰东路253号,江苏省,南京市,六合区,1,9a1d6a367b526bf1eddfca98
43,48,医院公寓,118.914873,32.228756,南京市六合区明珠路33号,江苏省,南京市,六合区,1,fb6f8687c976652146e27435
44,49,润玉水苑-二期,118.918468,32.230186,南京市六合区润玉路88号,江苏省,南京市,六合区,1,758ff9159d7a12c194031936
45,50,润玉水苑-一期,118.920833,32.230462,南京市六合区润玉路79号,江苏省,南京市,六合区,1,8bc5101dd2f93fc99d9d68d1
46,51,盘城新居,118.714393,32.214374,南京市浦口区盘城后街38号,江苏省,南京市,浦口区,1,f6ce3a17e56555f1601809e4
47,52,南京信息工程大学教师公寓,118.718254,32.210979,南京市浦口区盘城街道宁六路219号南京信息工程大学,江苏省,南京市,浦口区,1,8e84e4d96a6decdb9de32155
48,53,南京信息工程大学文园16幢,118.714331,32.211224,南京市浦口区南京信息工程大学,江苏省,南京市,浦口区,1,fc02875fb6ea42abe5073850
49,54,南京信息工程大学文园13幢,118.714726,32.21092,南京市浦口区南京信息工程大学,江苏省,南京市,浦口区,1,b0a6056ade9913765cbe8691
50,55,南京信息工程大学-文园15幢,118.714366,32.21119,江苏省南京市浦口区南京信息工程大学,江苏省,南京市,浦口区,1,7d177288cb42edb914b54b94
51,56,南京信息工程大学文园14幢,118.714711,32.211267,南京市浦口区南京信息工程大学,江苏省,南京市,浦口区,1,b3836b5d6d29aea3220220a9
52,57,南京信息工程大学文园12幢,118.714267,32.210604,南京市浦口区南京信息工程大学,江苏省,南京市,浦口区,1,f776d04635f90389a1d23065
53,58,南京信息工程大学文园17幢,118.713221,32.211513,江苏省南京市浦口区南京信息工程大学文园17幢,江苏省,南京市,浦口区,1,92a99e1af63b4469f8dc85e2
54,59,盘城新居-北园,118.714949,32.214002,南京市浦口区盘城后街38号,江苏省,南京市,浦口区,1,48296f52aac9649fb020a853
55,60,盘锦花园,118.72538,32.21415,南京市浦口区盘新路76号,江苏省,南京市,浦口区,1,22e11407730b0fb4d5b74eff
56,61,盘城公寓,118.720611,32.217519,南京市浦口区盘城镇盘城中街8号,江苏省,南京市,浦口区,1,d0ab62c5e44668270ab93a56
57,62,盘欣家园,118.727879,32.214712,江苏省南京市浦口区盘新路88号(公交车站),江苏省,南京市,浦口区,1,59966d3c8d8105d68bdb734b
58,63,儒林学士府,118.722925,32.21294,南京市浦口区盘城新街106号,江苏省,南京市,浦口区,1,5211d219fdf8d4587dc876ff
59,64,南京信息工程大学-晖园,118.727021,32.211038,江苏省南京市浦口区宁6路219号南京信息工程大学,江苏省,南京市,浦口区,1,5efe7e2371809ea9a7da39a2
60,65,南京信息工程大学滨江学院中苑-留学生公寓,118.722156,32.211295,江苏省南京市浦口区宁六路219号南京信息工程大学,江苏省,南京市,浦口区,1,8df1574e77c80bdabbbd6316
61,66,教师家属宿舍-15幢,118.72083,32.210108,南京市浦口区南京信息工程大学,江苏省,南京市,浦口区,1,2c7c45b3bc6e90f7220262c8
62,67,教师家属宿舍-12幢,118.721044,32.209454,南京市浦口区南京信息工程大学,江苏省,南京市,浦口区,1,41e990e6f813571832f71ddd
63,68,南京信息工程大学-家属宿舍2幢,118.72169,32.210622,江苏省南京市浦口区宁六路219号南京信息工程大学,江苏省,南京市,浦口区,1,78d6eda7181059f1047ce849
64,70,盘锦花园-西门,118.724323,32.21385,南京市浦口区盘新路26号,江苏省,南京市,浦口区,1,c33e06dd6cd55e5cf8221376
65,71,南京信息工程大学晖园-北区,118.726618,32.211639,南京市浦口区盘城新街南京信息工程大学,江苏省,南京市,浦口区,1,3cf212bb47b255fa344aaed1
66,72,南京信息工程大学晖园-南区,118.726852,32.210903,南京市浦口区盘城新街南京信息工程大学,江苏省,南京市,浦口区,1,e605e242c0da70db1e1d11e8
67,73,教师家属宿舍-6幢,118.721642,32.209525,江苏省南京市浦口区宁六路219号南京信息工程大学,江苏省,南京市,浦口区,1,7cfb337d420923391b11d58c
68,75,徐窑村,118.733315,32.215218,南京市浦口区盘新路,江苏省,南京市,浦口区,1,f633606a1b22ba4e0b69d9f2
69,76,鑫庭雅苑住宅,118.737227,32.215671,江苏省南京市六合区大厂街道杨新路5号,江苏省,南京市,六合区,1,0dccf6784654634889f15de1
70,77,福基瑞景园,118.73858,32.212948,江北新区杨新路66号,江苏省,南京市,六合区,1,08f1f1f58b2010ca88db73ff
71,78,福基紫景园,118.738214,32.214909,六合区大厂杨新路77号,江苏省,南京市,六合区,1,10d5633f97877b0bb05c6aa0
72,79,宝润花园(泰亿步行街),118.740949,32.219868,六合区新华西路76-3号,江苏省,南京市,六合区,1,803708f1b30a2679018972e1
73,80,鑫港大厦,118.736253,32.214315,南京市浦口区杨新路1号,江苏省,南京市,浦口区,1,158e12c246e3ae4eafee7ab1
74,81,福基国际花园,118.738009,32.213382,江苏省南京市六合区杨新路60号,江苏省,南京市,六合区,1,9073b270ab944c07c3364474
75,82,徐窑花园小区,118.738217,32.218064,江苏省南京市浦口区宁六路298号,江苏省,南京市,浦口区,1,1ff84861c8f5594d88f15ddb
76,83,杨庄西村小区,118.739345,32.215079,南京市六合区杨新路99号,江苏省,南京市,六合区,1,3c57bcfa8900d126d2f49e48
77,84,南钢三村小区,118.747814,32.203792,江苏省南京市六合区南钢三村,江苏省,南京市,六合区,1,1f4e366044072e402bd7ab91
78,85,福基紫景园-北区,118.738306,32.214785,南京市六合区杨新路77号,江苏省,南京市,六合区,1,803708f1b3102679018972ff
79,86,桂馨园,118.740817,32.212597,江苏省南京市六合区江北新区新华西路326号,江苏省,南京市,六合区,1,c5fa4cd20660ac4628d7abe8
80,87,湖滨村,118.745442,32.205985,南京市六合区湖滨路12号,江苏省,南京市,六合区,1,78d6e3c32c699cfe95ca072b
81,89,化建新一村,118.747323,32.216144,南京市六合区杨新路229号,江苏省,南京市,六合区,1,48eb005828f7bead2fe67be1
82,90,杨庄南村,118.742151,32.21587,江苏省南京市六合区杨新路(南京信息工程大学附属实验小学附近),江苏省,南京市,六合区,1,52053fd35125e2ff10882458
83,91,杨庄北村小区,118.744696,32.217254,江苏省南京市六合区新华西路,江苏省,南京市,六合区,1,dffdf09f7d368a72465726a1
84,92,湖滨新寓,118.746725,32.210556,江苏省南京市六合区湖滨路,江苏省,南京市,六合区,1,005861081aee3ea546e274e1
85,93,新庄西村,118.741267,32.21453,南京市六合区杨新路,江苏省,南京市,六合区,1,4e974140428a13009c09f7d9
86,94,风南小区,118.748848,32.214042,江苏省南京市六合区杨新路252号,江苏省,南京市,六合区,1,51bc0ade11145fc9fa0cad9f
87,95,杨庄新村-东苑,118.744302,32.218745,江苏省南京市六合区新华西路,江苏省,南京市,六合区,1,53349ee307848f13230262a3
88,96,杨庄新村-西苑,118.740935,32.218737,江苏省南京市六合区新华西路,江苏省,南京市,六合区,1,50f7d146c71820c472210be1
89,97,凤南园,118.755262,32.21192,南京市六合区杨新路398号,江苏省,南京市,六合区,1,083a55fa052d7904256e98ba
90,98,凤南园2号楼,118.754812,32.212166,江苏省南京市六合区卸甲甸杨新路凤南公寓1号凤南园2幢,江苏省,南京市,六合区,1,cc17d4c24462f2476d20b9bd
91,99,凤南路小区,118.753184,32.211516,南京市六合区凤滨路凤滨嘉园-东区,江苏省,南京市,六合区,1,043560a89564bf1ea7c756d0
92,100,五村宿舍,118.757249,32.210637,南京市六合区凤滨路南钢五村,江苏省,南京市,六合区,1,ae38a10c68d928b14bcc4a75
93,101,凤滨嘉园,118.751737,32.210851,江苏省南京市六合区大厂凤滨路18号(九龙公园对面),江苏省,南京市,六合区,1,bb9f21def11be3184c6d46a4
94,102,吴家洼,118.764707,32.218463,六合区西厂门太子山路,江苏省,南京市,六合区,1,0206e00e83a26706c2f1cfcd
95,103,江苏省巨顺钢铁物流有限公司(悦力产业大楼西南),118.76003,32.21272,南京市六合区凤凰南路南钢五村东北侧约280米,江苏省,南京市,六合区,1,93994fed8dcf4dc63417dc2a
96,104,百悦家花园,118.76261,32.218275,江苏省南京市六合区育英路299号,江苏省,南京市,六合区,1,f70e928773377229d6b74e36
97,105,沿江工业开发区百阅家园,118.762304,32.21769,江苏省南京市六合区沿江工业开发区百阅家园,江苏省,南京市,六合区,1,977ad07016a0226f22022020
98,106,长江社区居委会,118.99426,32.209866,江苏省南京市六合区龙袍街道水杉路长江社法制广场公共停车场内,江苏省,南京市,六合区,1,be3c8b8e1e616392f4e73b90
99,107,南京信息工程大学-沁园30栋,118.723088,32.207182,江苏省南京市江北新区宁六路219号南京信息工程大学,江苏省,南京市,浦口区,1,15f715b27480260703ec0194
100,109,南京信息工程大学文园-01幢,118.712424,32.208264,江苏省南京市浦口区南京信息工程大学文园01幢,江苏省,南京市,浦口区,1,b9a3ef188fec64426ca3ccb7
101,110,南京信息工程大学文园19幢,118.713222,32.208089,南京市浦口区南京信息工程大学,江苏省,南京市,浦口区,1,4830b856ba31b5f48415418a
102,111,南京信息工程大学文园-18幢,118.714589,32.210002,南京市浦口区南京信息工程大学,江苏省,南京市,浦口区,1,d2c8f2f6ea213d7a3b221c4d
103,112,南京信息工程大学-文园7幢,118.714353,32.209393,江苏省南京市浦口区南京信息工程大学,江苏省,南京市,浦口区,1,75a56b5033d69ae36240a9ef
104,113,南京信息工程大学-文园4幢,118.71297,32.208606,南京市浦口区南京信息工程大学,江苏省,南京市,浦口区,1,49727ac273f1b88c1d1d1125
105,115,陆楼,118.722276,32.208704,南京市浦口区,江苏省,南京市,浦口区,1,d5f93c0e3d37825ceddfcaf2
106,117,教师家属宿舍-14幢,118.720881,32.209947,江苏省南京市浦口区宁六路219号南京信息工程大学,江苏省,南京市,浦口区,1,2ada4558b50267c4da2f2837
107,119,教师家属宿舍-11幢,118.721098,32.209226,南京市浦口区南京信息工程大学,江苏省,南京市,浦口区,1,c71254bb6b948c8ecac3db07
108,123,盘金华府,118.738641,32.208983,南京市浦口区新华西路458号,江苏省,南京市,浦口区,1,1eeed54601073ef2b5147fe1
109,124,盘龙山庄,118.736254,32.20554,南京市浦口区宁六路268号,江苏省,南京市,浦口区,1,d219bb1d7d016c8bf50e77ff
110,126,盘金华府-一期,118.740231,32.208193,南京市浦口区新华西路盘金华府,江苏省,南京市,浦口区,1,d5fc86d114b9b04de91e9790
111,127,凤南街小区,118.746219,32.205356,南京市六合区凤南街,江苏省,南京市,六合区,1,a63b24aa5041248e26d2bb5e
112,129,湖滨小区,118.74543,32.206562,江苏省南京市六合区湖滨路12号,江苏省,南京市,六合区,1,fc9a8414e051e6d40d3ddac7
113,130,凤南小区(凤南街),118.747192,32.205982,江苏省南京市六合区凤南街22号,江苏省,南京市,六合区,1,99530c3c44626d0c84330483
114,131,湖滨村-6号院,118.745302,32.207119,江苏省南京市六合区卸甲甸湖滨六号院(凤滨路南70米),江苏省,南京市,六合区,1,71b82d52c1d8189d0f0a70ea
115,132,湖滨七号院,118.74602,32.207468,江苏省南京市六合区卸甲甸凤滨路湖滨村小区,江苏省,南京市,六合区,1,d6545632cf5792449ff7795f
116,134,北山坡宿舍-2幢,118.748964,32.204216,南京市六合区湖滨路北山坡宿舍,江苏省,南京市,六合区,1,2927a1659104049249fc8d5e
117,135,九龙洼,118.747723,32.200727,南京市六合区幸福路与湖滨路交叉口西南100米,江苏省,南京市,六合区,1,ff4eeac2b689f0025b10934b
118,136,金鹏西山公寓,118.748851,32.202802,南京市六合区康乐路38号,江苏省,南京市,六合区,1,d2eff11f80bafbebb5f42fba
119,137,湖滨村-8号院,118.745836,32.208476,江苏省南京市六合区卸甲甸湖滨村八号院(凤滨路北),江苏省,南京市,六合区,1,011be64bc3c098be11882417
120,138,南钢四村小区-2号院,118.749561,32.206449,南京市六合区凤滨路康乐路111号,江苏省,南京市,六合区,1,d5464cf89eb1a457fda778e1
121,139,南钢四村小区,118.7503,32.205174,南京市六合区康乐路57号,江苏省,南京市,六合区,1,e89e355b6f8e17e45b109374
122,140,湖滨村十号院,118.746131,32.209218,江苏省南京市六合区卸甲甸湖滨九号院(凤滨路北),江苏省,南京市,六合区,1,e65e900b34f5d091e011033f
123,141,南钢一村小区,118.750548,32.202552,南京市六合区幸福路与环山路交叉口东南100米,江苏省,南京市,六合区,1,538fb0e00034838c1b11d542
124,142,卸甲山庄,118.748452,32.20918,南京市六合区凤滨路158号,江苏省,南京市,六合区,1,8fde79ccbec999bf95ca07e1
125,143,南钢六村小区,118.742602,32.209351,江苏省南京市六合区大厂新华西路,江苏省,南京市,六合区,1,f20e1981eef0d3f85abbbc2a
126,144,创业街a区-12号楼,118.746347,32.205483,江苏省南京市六合区卸甲甸凤南街A区,江苏省,南京市,六合区,1,67eaf011b94cec97f8dc85ea
127,145,创业街a区-20号楼,118.746423,32.205726,江苏省南京市六合区卸甲甸凤南街A区,江苏省,南京市,六合区,1,4c2683c4fef5c9a5095cb340
128,148,南钢科技楼,118.753698,32.209036,南京市六合区凤滨路51号,江苏省,南京市,六合区,1,3c8b50bd8d6f5755d518b7bd
129,149,南钢五村,118.757569,32.210258,南京市六合区大厂街道,江苏省,南京市,六合区,1,312e150cf0f6892896ca07c0
130,150,南钢二村,118.754,32.208087,江苏省南京市六合区宁钢路68号,江苏省,南京市,六合区,1,b968cea302de1095132935e1
131,151,光明社区,118.842912,32.20354,南京市跃进路,江苏省,南京市,栖霞区,1,215c35fcc2b755f386420e98
132,152,太华园,118.956652,32.202005,南京市六合区西街28号,江苏省,南京市,六合区,1,d07e30aec8874c75fbf0cbc4
133,153,龙袍中心转盘,118.95952,32.203024,南京市六合区青玉线,江苏省,南京市,六合区,1,334d829c13e7bb702b11d19e
134,155,六合茉莉花园,119.000161,32.205546,江苏省南京市六合区洲滩度假村南,江苏省,南京市,六合区,1,01af2bc7e407141a4d55472a
135,157,朗诗未来街区,118.718954,32.192647,江苏省南京市浦口区朗山路1号,江苏省,南京市,浦口区,1,bb6442bae1eafc39cd04ef91
136,158,绿地悦峰公馆,118.719846,32.186589,江苏省南京市浦口区新锦湖路侨康路15号,江苏省,南京市,浦口区,1,17a574a48f31559df82213aa
137,159,南钢集团-14号门,118.737902,32.192456,南京市浦口区A8路与B1路交叉口西50米,江苏省,南京市,浦口区,1,6113ef774fe357148e7727f4
138,160,家春秋,118.815645,32.195604,江苏省南京市栖霞区八卦洲街86号a区,江苏省,南京市,栖霞区,1,373cf75787771f104354d706
139,162,幸福家园,118.83836,32.191816,南京市栖霞区新闸村路与跃进东路交叉路口往南约190米,江苏省,南京市,栖霞区,1,fa31d1ecf54ee736eb56fa34
140,163,绿水湾小区,118.600274,32.189185,江苏省南京市浦口区绿水湾小区(国余线南70米),江苏省,南京市,浦口区,1,e623e758304a1084c9fa5fc7
141,164,埔义生态园办公楼,118.618861,32.189293,南京市浦口区中心西街5号,江苏省,南京市,浦口区,1,0e028ec19e28840c2e4733b2
142,165,南京信息工程大学(滨江学院花旗营校区)-东南门,118.689758,32.182303,南京市浦口区龙泰路西50米,江苏省,南京市,浦口区,1,90c5707d5495e745a9f0cdff
143,167,裕民家园,118.692824,32.184268,江苏省南京市浦口区龙泰路22号,江苏省,南京市,浦口区,1,8fde79cc197e3abe95ca075b
144,168,永丰公寓,118.694378,32.180604,江苏省南京市浦口区永锦路1栋,江苏省,南京市,浦口区,1,8c71e9ac8b5d9875d518b7c9
145,169,南京生物医药谷研发楼,118.685082,32.19035,南京市浦口区新锦湖路3-1号,江苏省,南京市,浦口区,1,4b3294de5010746ac42ba124
146,170,新城·香溢紫郡,118.704963,32.183279,南京市浦口区星火北路8号,江苏省,南京市,浦口区,1,0737930479881176f603b80e
147,171,新城香槟广场,118.704544,32.180927,江苏省南京市浦口区学府路23号(星火路口),江苏省,南京市,浦口区,1,009db54145cbc1387bf79606
148,172,新城香溢紫郡-南区,118.705309,32.180935,江苏省南京市浦口区学府路,江苏省,南京市,浦口区,1,845aff861001e0d45d17c3d9
149,173,新城香溢紫郡-雅苑,118.705152,32.186253,江苏省南京市浦口区永强路8号,江苏省,南京市,浦口区,1,b493ec7326582b3c8f1a89c7
150,174,香溢紫郡雅苑-二期,118.704998,32.186307,永强路8号,江苏省,南京市,浦口区,1,4231a9b064fb1bcf62180982
151,175,弘阳时光里,118.718525,32.183702,学府路与高新路交汇处西北角,江苏省,南京市,浦口区,1,47a2ac21e72065b2a3d2305c
152,176,亚泰山语湖,118.710008,32.188246,南京市浦口区永新路与蓝海路交汇处,江苏省,南京市,浦口区,1,10a223812a514211fb221316
153,177,新城花漾紫郡,118.720743,32.189418,江苏省南京市浦口区侨康路16号,江苏省,南京市,浦口区,1,b6aa0ccc1c58983e3fe23126
154,178,招商·兰溪谷-二期,118.715397,32.190027,南京市浦口区侨谊路南京招商兰溪谷,江苏省,南京市,浦口区,1,e3e91e2a536d64c7f603b816
155,182,南京大学浦口校区3栋宿舍,118.712375,32.183861,南京市浦口区大学金陵学院03幢,江苏省,南京市,浦口区,1,988b7623da14d43ec1f1cf22
156,183,高新路·学府路,118.717853,32.180795,636路;663路;693路;697路,江苏省,南京市,浦口区,0,297b3e3bde722423734b871b
157,185,旭日学府,118.724363,32.181429,南京市浦口区宁六路75号,江苏省,南京市,浦口区,1,c5bb31a5986ed2fef503b883
158,186,墩子10号楼,118.720783,32.175565,南京市浦口区路西社区江北大道快速路旭日学府,江苏省,南京市,浦口区,1,7e26ddb6fbd66dd604026fb7
159,187,南京艺之行艺术学校-宿舍楼,118.730858,32.189313,南京市浦口区王家洼路,江苏省,南京市,浦口区,1,b3be0dda99480e8dfda778da
160,188,丽岛新城-西门,118.820095,32.180905,南京市栖霞区鹂岛路86-68号,江苏省,南京市,栖霞区,1,6a3e04beaaac0852d6b74e6b
161,189,丽岛新城,118.822293,32.180464,南京市栖霞区鹂岛路86号,江苏省,南京市,栖霞区,1,89fd4ea368cdd63ae4e965a3
162,190,南京软件园15号研发楼,118.71859,32.176354,江苏省南京市浦口区新科二路18号,江苏省,南京市,浦口区,1,352e50f8c1f109e6a5da398e
163,191,爱信诺大厦,118.718039,32.17068,南京市浦口区浦泗公路8-2号,江苏省,南京市,浦口区,1,8ed215c1514bc015ad0457c4
164,192,停车场(南京山泉青年公馆西南),118.713614,32.174273,南京市浦口区高科六路山泉青年公馆西南侧约90米,江苏省,南京市,浦口区,1,e599a79ba3ea9271940319a6
165,193,三号公寓A,118.713319,32.174341,南京市浦口区高科六路3号,江苏省,南京市,浦口区,1,6b4c97590e7b42c295f08c79
166,194,新居大厦,118.721512,32.171104,江苏省南京市浦口区高新区高科一路2-2号,江苏省,南京市,浦口区,1,2b23940835d7d89a09a8d471
167,195,天晴花园,118.725606,32.170831,南京市浦口区泰冯路92号(公交车站),江苏省,南京市,浦口区,1,11e52393b34583ecb64f5490
168,196,东苑小区,118.726824,32.171008,育贤路东苑小区,江苏省,南京市,浦口区,1,bff8fa7df1cb1ddec9213db8
169,197,绿尔德天大楼,118.725249,32.172055,南京市浦口区沿江街道泰冯路98号,江苏省,南京市,浦口区,1,a7c8082f11a44407eddfcac6
170,198,高新区2号公寓,118.722871,32.176163,江苏省南京市浦口区高科一路22号,江苏省,南京市,浦口区,1,440037eab975fe8915a190e6
171,199,浦源小区,118.725954,32.173426,南京市浦口区泰冯路117号,江苏省,南京市,浦口区,1,7dbaff2e42c23abf22f0171a
172,200,海润枫景家园-北门,118.732282,32.170735,南京市浦口区焦冯路与金庄河南路交叉口南100米,江苏省,南京市,浦口区,1,66449faf536ee3ae0c0e6b74
173,201,新化社区居委会,118.749897,32.170131,江苏省南京市浦口区沿江街道南浦路866号鼎梦产业园附近,江苏省,南京市,浦口区,1,d7d6b60c980aaeea9703195f
174,202,丽岛花园,118.827855,32.176967,南京市栖霞区鹂岛路51号,江苏省,南京市,栖霞区,1,fa835ce2d4321bb6e812e451
175,203,丽岛花园-东2门,118.829389,32.176802,南京市栖霞区鹂岛路51号,江苏省,南京市,栖霞区,1,178c1bed8e096ac30d3dda28
176,204,金翔大厦,118.900114,32.173754,南京市栖霞区尧化街道国家经济技术开发区新港大道7号,江苏省,南京市,栖霞区,1,d991e1161572e42b1e3894b5
177,205,臣功二期,118.897791,32.174357,南京市栖霞区新港大道20号,江苏省,南京市,栖霞区,1,f21d06ea6dda50acd7851f69
178,207,高家庄,118.969664,32.17085,南京市栖霞区,江苏省,南京市,栖霞区,1,edd64ce18ebfb1913fe2314b
179,209,捷顺达商务大厦,118.683472,32.17039,南京市浦口区浦泗路17号,江苏省,南京市,浦口区,1,7c4c16a1236190072fb908d6
180,210,中泰大厦,118.68278,32.170294,南京市浦口区浦泗路29号,江苏省,南京市,浦口区,1,294b458bed717547b11e3607
181,211,泰山街道流动人口天景中心公寓,118.689354,32.169676,南京市浦口区浦泗路15号,江苏省,南京市,浦口区,1,da991bb65d9edc719cec2b96
182,212,筛王桥公寓,118.68252,32.170311,南京市浦口区浦泗路中泰大厦,江苏省,南京市,浦口区,1,37963be9709f19dc246e9830
183,213,国电南自高新能源B楼,118.69774,32.167882,南京市浦口区惠达路南京软件园国电南自园区,江苏省,南京市,浦口区,1,7539585e178dacc595f08cc3
184,214,国电南自高新能源A楼,118.699206,32.167103,南京市浦口区汇贤路南京软件园国电南自园区,江苏省,南京市,浦口区,1,ee180eafa4f478c088b9881e
185,215,国电南自高新能源C楼,118.697512,32.168859,南京市浦口区惠达路南京软件园国电南自园区,江苏省,南京市,浦口区,1,e9fd07dbfdb05d1c0e3dda2d
186,216,国电南自高新能源E楼,118.697295,32.168116,南京市浦口区文景路南京软件园国电南自园区,江苏省,南京市,浦口区,1,ad4acc0a2fe53a07a7c756da
187,217,国电南自高新能源D楼,118.697608,32.168412,南京市浦口区惠达路南京软件园国电南自园区,江苏省,南京市,浦口区,1,286af616a7e8d162eddfca01
188,218,南京软件园动漫大厦-B座,118.703449,32.166383,江苏省南京市浦口区星火路11号,江苏省,南京市,浦口区,1,0be12ad7a6f4dfb225e0a0d7
189,219,北斗大厦,118.705247,32.168097,江苏省南京市浦口区惠达路,江苏省,南京市,浦口区,1,624181baa6cd9ea22b11d189
190,220,100大厦,118.702506,32.166777,南京市浦口区星火路人才大厦,江苏省,南京市,浦口区,1,b65bc9d2ccca30650189722d
191,221,南京软件园软件大厦-A座,118.703521,32.168261,南京市浦口区星火路9号,江苏省,南京市,浦口区,1,a7d5a576ebed827a8b2fb530
192,222,人才大厦,118.701663,32.166895,南京市浦口区星火路10号,江苏省,南京市,浦口区,1,f579a7a50448b6cb35b06c46
193,223,南京软件园2号研发楼-西门,118.70772,32.169134,南京市浦口区丽景路20号,江苏省,南京市,浦口区,1,1404d4da9b6bab028e77278e
194,224,星火E方西区,118.697073,32.166224,南京市浦口区文景路垠坤·创芯汇西侧约70米,江苏省,南京市,浦口区,1,94a7ad804b0d598c704b871b
195,225,艾菲国际-A区,118.709349,32.166274,南京市浦口区丽新路8号,江苏省,南京市,浦口区,1,7b930b1114287215b13c810f
196,226,高新花苑,118.718897,32.166528,江苏省南京市浦口区丽景路6号,江苏省,南京市,浦口区,1,34e48508f60504e2d8d891fc
197,227,中航工业南京伺服控制系统有限公司,118.713598,32.167791,江苏省南京市浦口区兰卉路6号,江苏省,南京市,浦口区,1,927d82d3cc525392cb213d21
198,228,创业新村,118.7164,32.165717,高新路6号,江苏省,南京市,浦口区,1,e85e25275efa495395f08cfc
199,229,南京软件园人才公寓,118.713766,32.165967,江苏省南京市浦口区丽景路8号,江苏省,南京市,浦口区,1,712193c240b49c4638e4a635
200,230,高新别墅,118.711787,32.168962,南京市浦口区桐雨路6号,江苏省,南京市,浦口区,1,0ed0e21b8694ddea40afe601
201,231,南京软件园研发大厦-B座,118.719242,32.164439,江苏省南京市浦口区丽景路2号,江苏省,南京市,浦口区,1,e20632b88ec3c1d05cd4fec4
202,232,焦点科技大厦,118.712703,32.165134,南京市浦口区丽景路7号,江苏省,南京市,浦口区,1,dc5606d887b156c316c9058d
203,235,东南大学成贤学院-南校区学生公寓12舍,118.71227,32.162377,南京市浦口区东大路6号东南大学成贤学院,江苏省,南京市,浦口区,1,ae52bdee8458498fc9e33cc2
204,236,南京软件园研发大厦,118.719763,32.164581,南京市浦口区丽景路2号,江苏省,南京市,浦口区,1,eeccd75956987cb9631c67a6
205,237,东南大学成贤学院学生公寓-16舍,118.713588,32.161381,南京市浦口区高新路东南大学成贤学院东门西北侧约70米,江苏省,南京市,浦口区,1,ab0a1a7d00f7d567621809bf
206,239,东南大学成贤学院-南校区学生公寓14舍,118.712976,32.161573,南京市浦口区东南大学(浦口校区)成贤学院桃园第十四学生宿舍,江苏省,南京市,浦口区,1,de6031f2566290a35cd4fe3c
207,240,东南大学成贤学院南校区学生公寓17舍18舍,118.71247,32.16152,南京市浦口区文景路东南大学成贤学院,江苏省,南京市,浦口区,1,52098bab6f6e13a61ef74db8
208,241,天华硅谷庄园,118.723505,32.161931,南京市浦口区泰冯路59号,江苏省,南京市,浦口区,1,78cc3fa35739eeb9be48427d
209,242,天华绿谷庄园,118.723001,32.16616,南京市浦口区泰冯路69号(南京高新技术开发区对面),江苏省,南京市,浦口区,1,b942e4763cda26b593114c1e
210,243,金陵公寓,118.725117,32.16514,江苏省南京市浦口区泰冯路65号,江苏省,南京市,浦口区,1,083a55fac0ef3a79246e98fc
211,244,浦洲花园小区,118.725856,32.16875,南京市浦口区沿江街道泰冯路90号,江苏省,南京市,浦口区,1,4edf9fbf16163994cc06a4fc
212,245,泰冯路小区,118.725345,32.165491,南京市浦口区泰冯路金陵公寓东北侧,江苏省,南京市,浦口区,1,c5d08b9403bd7c829222e0ad
213,246,南京弘扬连锁公寓天华硅谷一期-南区,118.722035,32.160968,天华硅谷一期南区,江苏省,南京市,浦口区,1,e5fb2eec5a6a2abf45e274f7
214,247,南京弘扬连锁公寓天华硅谷一期-北区,118.722833,32.163361,天华硅谷一期43栋,江苏省,南京市,浦口区,1,034bb4fa3e6e521d940319f9
215,248,南京江北连锁公寓天华硅谷二期-南区,118.723252,32.161596,江苏省南京市浦口区天华硅谷二期,江苏省,南京市,浦口区,1,a7c4e5e6b490960a8605bf65
216,249,浦洲花园小区-南门,118.72603,32.168588,南京市浦口区泰冯路90号,江苏省,南京市,浦口区,1,2c66ae95ba25e603bca822b9
217,250,海润枫景家园,118.732662,32.168515,江苏省南京市浦口区浦洲路5号,江苏省,南京市,浦口区,1,e2c734e461ecf95d15a190fc
218,251,苏宁天润城十四街区,118.73733,32.163604,江苏省南京市浦口区天华北路6号,江苏省,南京市,浦口区,1,1f7db1fcb58c93fa95f08cfb
219,252,天润城十六街区-北区,118.734624,32.162479,江苏省南京市浦口区天华南路西侧万润嘉园北侧,江苏省,南京市,浦口区,1,f43e88a0ef0c8431ca1b95aa
220,253,苏宁天润城十三街区,118.742447,32.161301,江苏省南京市浦口区百润路8号,江苏省,南京市,浦口区,1,3782b745780cf3f6734b878d
221,254,江岸水城,118.745581,32.160771,南京市浦口区南浦路323号,江苏省,南京市,浦口区,1,5d404120d21587bf1ce999be
222,255,复兴社区,118.753893,32.157455,江苏省南京市浦口区沿江街道,江苏省,南京市,浦口区,1,3a4febea267e380614c8f6ad
223,256,江岸水城-东门,118.747005,32.159953,南京市浦口区南浦路323号,江苏省,南京市,浦口区,1,864bcc6874b477bfeb12e48c
224,257,润泰花园-南苑,118.753484,32.156062,南京市浦口区天华东路95号,江苏省,南京市,浦口区,1,a3407575fc769fe0fd0eb0ad
225,258,金融贸易楼,118.876078,32.169326,南京市栖霞区新港大道89号,江苏省,南京市,栖霞区,1,ca2448319d14fbd208a8d41e
226,259,人才大厦,118.878128,32.168343,南京市栖霞区惠新路南京市公安局经济技术开发区分局新港派出所南侧约120米,江苏省,南京市,栖霞区,1,b1b45ac89620a6a1ca1b9533
227,260,新港金融中心,118.875181,32.168496,南京市栖霞区新港大道与尧新大道交叉路口往东约150米,江苏省,南京市,栖霞区,1,c6831c512ffbe0c25d17c37f
228,261,翠屏水晶广场,118.875131,32.168293,江苏省南京市栖霞区新港大道88号,江苏省,南京市,栖霞区,1,d0916db9979618ecf503b8a7
229,262,金融区员工公寓,118.87673,32.16783,南京市栖霞区新港大道82号,江苏省,南京市,栖霞区,1,0ed98c1280664842e0110395
230,263,紫金人才公寓,118.877751,32.169384,江苏省南京市栖霞区南京经济技术开发区经济开发区新港大道82号紫金人才公寓,江苏省,南京市,栖霞区,1,c662ba53a19d9286e956fa82
231,264,新生圩港员工公寓,118.877326,32.169023,南京市栖霞区新港大道80号,江苏省,南京市,栖霞区,1,ab9cce70fb97a2adb23c817d
232,265,永和苑,118.901141,32.162645,江苏省南京市栖霞区经济技术开发区永和苑(恒谊路),江苏省,南京市,栖霞区,1,1e0e1b3ab1c9249609b93a18
233,266,伊达公寓,118.900719,32.171199,尧化街道新港大道9号,江苏省,南京市,栖霞区,1,ec99c2c8355b95aaf62310b1
234,267,南炼二村小区,118.940279,32.161069,南京市栖霞区纬一路与经三路交叉口西50米,江苏省,南京市,栖霞区,1,50cf5b46ad2aecdab54f545d
235,268,五福家园-竹苑,118.953708,32.161995,南京市栖霞区五福家园,江苏省,南京市,栖霞区,1,1a72870ea82caf4ab2077d70
236,269,五福家园-枫苑,118.954612,32.160921,南京市栖霞区五福家园,江苏省,南京市,栖霞区,1,6779d0e878332841f02d833f
237,270,五福家园-柳苑,118.956956,32.160718,江苏省南京市栖霞区五福家园柳苑(栖石路西),江苏省,南京市,栖霞区,1,cc7082098c95bdfba1d230c5
238,272,五福家园-荷苑,118.955992,32.162739,江苏省南京市栖霞区南京绕城高速公路五福家园,江苏省,南京市,栖霞区,1,ba30798dca776361843304ed
239,273,银矿新村-东区,118.961449,32.160437,南京市栖霞区栖霞街地质新村小区南侧约100米,江苏省,南京市,栖霞区,1,e6eab892be3c9adb283a9f24
240,274,地质新村小区,118.961482,32.161688,南京市栖霞区栖霞街134号华东地堪810队,江苏省,南京市,栖霞区,1,8abba67cdb7142672fb908e5
241,275,锰矿新村,118.962831,32.164459,江苏省南京市栖霞区栖霞街89号,江苏省,南京市,栖霞区,1,344a4b537981a1eb2cb96da2
242,276,宝华医院,119.047724,32.154682,159路,江苏省,镇江市,句容市,0,55c4988143f2586e94ec84d6
243,277,星智汇商务花园,118.703491,32.159391,江苏省南京市浦口区星火路19号,江苏省,南京市,浦口区,1,27ee701a3ed89cbc80a00c8f
244,278,碧泉嘉园,118.701301,32.156159,南京市浦口区东门左所大街503号,江苏省,南京市,浦口区,1,2527be1e7a0b84b34afc8dfc
245,279,景福家园,118.704199,32.151038,南京市浦口区东大路10号,江苏省,南京市,浦口区,1,f4ece8ed8174ba378f55ecf4
246,280,华侨绿洲,118.714279,32.154785,江苏省南京市浦口区泰西路18号,江苏省,南京市,浦口区,1,d991e11656b021551f3894fc
247,281,华侨绿洲-二期,118.713694,32.156194,江苏省南京市浦口区泰西路18号,江苏省,南京市,浦口区,1,1e030b9428b0aaf658f6bebb
248,282,东南大学成贤学院教师公寓,118.715868,32.157319,江苏省南京市浦口区东大路2号,江苏省,南京市,浦口区,1,1285961030483b05f6c59ca2
249,284,好又多超市(后河沿店),118.71159,32.150812,泰山街道泰西路28号泰来苑79幢112室好又多杂货店,江苏省,南京市,浦口区,1,1d9de017047e2ea94e2fdf33
250,285,桃园八舍,118.713684,32.158093,南京市浦口区桃园中路东南大学成贤学院,江苏省,南京市,浦口区,1,a01e38a06ed338ef223bf259
251,286,东南大学成贤学院桃园宿舍,118.712676,32.157618,江苏省南京市浦口区东大路6号东南大学成贤学院东南大学浦口校区内(近中大路),江苏省,南京市,浦口区,1,48dc8a82f8144b9848cc4a76
252,287,桃园12舍,118.712615,32.15759,南京市浦口区东大路东南大学成贤学院,江苏省,南京市,浦口区,1,e90e1cf8b26ec9b294ec849e
253,289,东南大学成贤学院学生公寓(桃园11舍),118.712621,32.157997,泰山街道泰山新村东大路6号东南大学浦口校区,江苏省,南京市,浦口区,1,911105fc357aaea8eb56fa77
254,290,浦东花园,118.719236,32.153832,江苏省南京市浦口区宁六路1号,江苏省,南京市,浦口区,1,eef2d528c71dfca73be4a6fc
255,294,泰山花苑,118.718417,32.151799,江苏省南京市浦口区泰西路10号,江苏省,南京市,浦口区,1,6a0df845f4de7ac831f71d45
256,297,泰来苑,118.712301,32.151445,南京市浦口区泰西路28号(泰山新村转盘西侧500米),江苏省,南京市,浦口区,1,9a1e64ea2c48eb678b2fb51d
257,298,东南大学成贤学院-C座,118.718044,32.157493,南京市浦口区东大路2号,江苏省,南京市,浦口区,1,2ab5c91395aa49b0adee7ac2
258,299,浦东大厦,118.72053,32.151489,泰山街道泰山新村泰西路2号,江苏省,南京市,浦口区,1,eee5b292d78c8c12b320a8b9
259,300,金泰商务,118.721188,32.150323,江苏省南京市浦口区泰西路3号,江苏省,南京市,浦口区,1,35debf297f24b439a7da39b5
260,301,苏宁天润城十六街区,118.736179,32.150407,江苏省南京市浦口区沿江街道京新628号,江苏省,南京市,浦口区,1,a9edf69cc556a1a29ff779fd
261,302,天润城十六街区-南区,118.730621,32.153149,江苏省南京市浦口区天华南路5号,江苏省,南京市,浦口区,1,ba5d911931aa83904f2fdf79
262,303,苏宁天润城-第十二街区,118.738014,32.15921,南京市浦口区京新路628号,江苏省,南京市,浦口区,1,4663a5380770baef22f017c3
263,305,天润城57街区,118.7353,32.152074,南京市浦口区百润西路南京市天润城幼儿园南门东侧,江苏省,南京市,浦口区,1,0cf82de250a51a9a3586f44c
264,306,苏宁天润城-第十街区,118.735706,32.154599,江苏省南京市浦口区百润路628号,江苏省,南京市,浦口区,1,e061c329cbbfad0aca1b954a
265,309,万润嘉园,118.732296,32.156503,江苏省南京市浦口区天华南路11号,江苏省,南京市,浦口区,1,6e73bf0447e8169b95f08ce1
266,310,苏宁天润城五六七街区,118.739246,32.149817,南京市浦口区南浦路313号,江苏省,南京市,浦口区,1,669775d08cffc45bfd0eb0fc
267,311,强胜国际广场,118.732877,32.153256,南京市浦口区泰山街道天润城第十街区天华南路18号,江苏省,南京市,浦口区,1,96f45aa16ced9644aaf72933
268,312,苏宁天润城(第九街区),118.738953,32.155138,江苏省南京市浦口区京新路628号,江苏省,南京市,浦口区,1,cd885e75bbba82a296f08c44
269,313,南京弘扬连锁公寓天润城七街区-南区,118.732992,32.149024,江苏省南京市浦口区天润城二街区,江苏省,南京市,浦口区,1,3e9e5fca878c71381fe99945
270,314,苏宁天润城(第九街区)-北门,118.739037,32.15631,南京市浦口区百润路7号15幢附近,江苏省,南京市,浦口区,1,b2499e48c656d73f734b87f5
271,315,苏宁天润城,118.73495,32.149032,江苏省南京市浦口区京新路628号,江苏省,南京市,浦口区,1,5e53af1acaf4a4464151c019
272,316,天润城第九街区-07号,118.738653,32.154877,南京市浦口区百润路苏宁天润城,江苏省,南京市,浦口区,1,4cfdd00a4eac9ef69ee32199
273,317,天润城十二街区-西门,118.735399,32.159846,江苏省南京市浦口区桥北天华北路天润城十二街区西门,江苏省,南京市,浦口区,1,4b8522523ca932c77369d35c
274,318,南京弘扬连锁公寓天润城九街区北区,118.73978,32.154473,江苏省南京市浦口区天润城九街区北区,江苏省,南京市,浦口区,1,ea00975e4e1f33d0ed74f8d0
275,319,润富花园,118.743761,32.157263,南京市浦口区沿江街道复兴路600号,江苏省,南京市,浦口区,1,07f3c8b5360ba2636240a9fc
276,320,天润城(第一街区),118.744737,32.150213,南京市浦口区百润路2号,江苏省,南京市,浦口区,1,75d0881a2b02ec4d3a04b1fc
277,321,苏宁天润城-第二街区,118.745299,32.153264,南京市浦口区百润路2号,江苏省,南京市,浦口区,1,28e700f1c61ee801095cb3fc
278,322,天润城第三街区-18幢,118.741869,32.149621,江苏省南京市浦口区天润城1-4街区,江苏省,南京市,浦口区,1,bf8db41d0a646e5bab059d4c
279,324,浦厦商业广场,118.732822,32.153218,江苏省南京市浦口区天华南路浦厦商业广场,江苏省,南京市,浦口区,1,3eb2a5e2d1f0af3d4d776e9b
280,325,天润城十一街区,118.740645,32.154891,南京市浦口区百润路7号,江苏省,南京市,浦口区,1,3dd39305ec6b4befc91b959c
281,326,天润城-4街区,118.74062,32.149944,南京市浦口区百润路2号,江苏省,南京市,浦口区,1,e3a6ed6b45a62b753fe231ce
282,327,南京弘扬连锁公寓天润城一街区-北区,118.745921,32.150303,南京市浦口区南浦路311号,江苏省,南京市,浦口区,1,ff51a116de99d428b9df8fe8
283,328,天润城第十街区-40幢,118.734818,32.155051,江苏省南京市浦口区天润城910街区天润城第十街区40幢,江苏省,南京市,浦口区,1,ed262e7d3f86232d9cf779a8
284,329,苏宁天润城第十一街区-北区,118.744127,32.1564,江苏省南京市浦口区百润路4号,江苏省,南京市,浦口区,1,6efa4ec8968af0132a02e1a3
285,330,苏宁天润城十一街区-南区,118.742002,32.154974,南京市浦口区百润路4号,江苏省,南京市,浦口区,1,278dcba3cbda6b2000ff2d04
286,331,江岸水城-南门,118.744711,32.158167,江苏省南京市浦口区江岸水城(润浦路北),江苏省,南京市,浦口区,1,e267d3cdf3a8ae8832f71d49
287,332,苏宁天润城十一街区南区-北门,118.744193,32.155818,南京市浦口区百润路4号,江苏省,南京市,浦口区,1,24985e6a0cf99de10a69d9b4
288,333,润富花园-东门,118.746044,32.157652,南京市浦口区南浦路与天华东路交叉口北150米,江苏省,南京市,浦口区,1,65510d5b7e25a39bc9fa5f13
289,334,天润城十一街区北区-南门,118.744077,32.15633,江苏省南京市浦口区百润路2号,江苏省,南京市,浦口区,1,12e3abd90326f9ec14b54bd8
290,335,天润城十一街区北区-东门,118.746736,32.156129,南京市浦口区南浦路75号附近,江苏省,南京市,浦口区,1,fc78ff7e8f13e1ea3b221c4a
291,337,苏宁环球综合楼,118.75586,32.153444,南京市浦口区天华东路98号,江苏省,南京市,浦口区,1,e09b36d3e81dd27e79dbd266
292,338,威尼斯水城三街区2栋,118.758751,32.141145,南京市浦口区滨江大道北外滩水城-三街区,江苏省,南京市,浦口区,1,e53ca6020726ece28e772745
293,339,北外滩水城第七街区-10幢,118.760149,32.152656,威尼斯水城第七街区10幢,江苏省,南京市,浦口区,1,224103e28dc399c4f4c59cb3
294,340,北外滩水城第八街区-05幢,118.756994,32.150551,威尼斯水城第八街区05幢,江苏省,南京市,浦口区,1,184ff4346e5926f700ec0133
295,341,威尼斯水城,118.759758,32.149334,浦口区,江苏省,南京市,浦口区,1,73e82f2046f9dd432b201a2a
296,342,润泰花园2期,118.753757,32.156178,江苏省南京市浦口区润泰花园二期(江山路西100米),江苏省,南京市,浦口区,1,a573fc007574acd4af045749
297,343,威尼斯水城第十三街区-01幢,118.756505,32.154259,南京市浦口区威尼斯水城第十三街区01幢,江苏省,南京市,浦口区,1,0774eba15d174f640aa8d4b6
298,344,威尼斯水城十四街区4栋,118.760979,32.15458,南京市浦口区天华东路101号04幢,江苏省,南京市,浦口区,1,c63a8e1d8557f10aeedfca0e
299,345,威尼斯水城八街区15栋,118.756671,32.152299,南京市浦口区映江路北外滩水城-第八街区,江苏省,南京市,浦口区,1,039bea23bcdb70f94151c091
300,346,威尼斯水城第十街区-11幢,118.76152,32.149691,南京市浦口区天华东路102号,江苏省,南京市,浦口区,1,53e6a124469f9bbaebe582ad
301,348,浦口区威尼斯水城15街区-26栋,118.757686,32.150178,南京市浦口区威尼斯水城15街区26栋,江苏省,南京市,浦口区,1,0d7716ff06592042adb22aac
302,349,北外滩水城-十四街区,118.759979,32.155384,天华东路101号,江苏省,南京市,浦口区,1,ae11b0458a9ec00063180999
303,350,南京北外滩水城十二街区,118.765995,32.150174,天华东路104号,江苏省,南京市,浦口区,1,24493c6951cbc1c034b06c51
304,351,北外滩水城-十六街区,118.767319,32.154582,江苏省南京市浦口区天华东路105号,江苏省,南京市,浦口区,1,0c474d4943fd1c869868b466
305,353,菜鸟驿站(威尼斯十街区店),118.761474,32.151538,南京市浦口区观江路北外滩水城-十街区,江苏省,南京市,浦口区,1,558c6e472514afc35d0d02d8
306,354,威尼斯水城十三街区3幢,118.756546,32.154736,南京市浦口区天华东路北外滩水城-第十三街区,江苏省,南京市,浦口区,1,bf166ecb1e074f87d8ecedc9
307,355,北外滩水城十四街区-东门,118.761809,32.156093,江苏省南京市浦口区天华东路101-1号,江苏省,南京市,浦口区,1,5872eb1faf65a27a8bdb7347
308,356,北外滩水城十四街区-西1门,118.75818,32.154764,南京市浦口区天华东路101号,江苏省,南京市,浦口区,1,ac28c23d775ca1def7e73b5c
309,357,威尼斯水城15街区西入口一,118.762124,32.155054,江苏省南京市浦口区水城路,江苏省,南京市,浦口区,1,207830e54340c40b83a00c3d
310,358,和平街,118.825142,32.150408,江苏省南京市栖霞区,江苏省,南京市,栖霞区,0,c722bbf768b039602bfc4826
311,359,笆斗西里-75号,118.83715,32.153777,江苏省南京市栖霞区笆斗西里75号,江苏省,南京市,栖霞区,1,4a59507e30dd8f7c932ca398
312,360,笔斗西里-54号,118.8383,32.154489,江苏省南京市栖霞区笔斗西里54号,江苏省,南京市,栖霞区,1,332094b2bbeac18b2806ce3e
313,361,笆斗东里-16号,118.840034,32.155548,江苏省南京市栖霞区笆斗东里16号,江苏省,南京市,栖霞区,1,476ffbcc02faeea99f09f793
314,362,笔斗西里-40号,118.839014,32.155262,江苏省南京市栖霞区笔斗西里40号,江苏省,南京市,栖霞区,1,503e88919bc9621c32870a28
315,363,笆斗西里-63号,118.838031,32.154076,江苏省南京市栖霞区笆斗西里63号,江苏省,南京市,栖霞区,1,cd3d5f1e7c9c53110482c22d
316,364,笆斗西里-49号,118.838263,32.154047,江苏省南京市栖霞区笔斗西里49号,江苏省,南京市,栖霞区,1,e853325b15cf81526e20b9e6
317,366,笆斗东里-2号,118.842625,32.156686,江苏省南京市栖霞区笆斗东里2号,江苏省,南京市,栖霞区,1,2ca0b8f49c03d47642d63e9f
318,368,熊猫科技园-北门,118.862109,32.154161,南京市栖霞区恒达路,江苏省,南京市,栖霞区,1,3693361626a83587c27da2fa
319,369,江苏凤凰新华印务集团有限公司-生活区,118.871201,32.157781,南京市栖霞区新港经济开发区尧新大道399号,江苏省,南京市,栖霞区,1,13979918e5d6a7af14764384
320,370,美欣泰,118.889391,32.151116,江苏省南京市栖霞区恒通大道50-8号,江苏省,南京市,栖霞区,1,d839e6ea40f672417adbd282
321,371,金陵石化炼油厂生活区,118.938473,32.158554,南京市栖霞区栖霞街道甘家巷388号,江苏省,南京市,栖霞区,1,0aceafe2293dea61f503b8d3
322,372,南炼三村,118.9369,32.159466,江苏省南京市栖霞区南炼7号路东,江苏省,南京市,栖霞区,1,7999b6d49ac54857704b8710
323,373,南炼生活区,118.936347,32.153513,江苏省南京市栖霞区南炼生活区(7号路东),江苏省,南京市,栖霞区,1,8aaa8f0809492956adb22aad
324,374,蔡巷|100号|-2幢,118.935345,32.152765,南京市栖霞区南炼7号路菜巷小区,江苏省,南京市,栖霞区,1,fbf369434ef779f157bfff33
325,375,菜巷小区,118.935337,32.152796,南京市栖霞区菜巷100号,江苏省,南京市,栖霞区,1,616aac14ec6e653981a12e9a
326,376,南炼新村社区,118.936625,32.160428,南京市栖霞区,江苏省,南京市,栖霞区,1,8286d9f510f95ceacb213d53
327,377,南炼商业广场-西门,118.939732,32.158225,南京市栖霞区纬五路与纬四路交叉口东50米,江苏省,南京市,栖霞区,1,f0cf7c89cfb15a725fd4fe29
328,378,新合小区,118.941254,32.158862,南京市栖霞区甘家巷新民村500号,江苏省,南京市,栖霞区,1,f757e6ee8c9d5317260bd051
329,379,栖化新村,118.945873,32.153746,江苏省南京市栖霞区栖霞大道,江苏省,南京市,栖霞区,1,1c35a0572a5c809dd518b7b1
330,380,金陵石化公司栖化生活区,118.943818,32.153716,江苏省南京市栖霞区栖霞大道栖化新村旁,江苏省,南京市,栖霞区,1,3532d59ffd3ca199ed74f8d7
331,381,栖化新村-北门,118.944267,32.152802,南京市栖霞区栖霞大道162号附近,江苏省,南京市,栖霞区,1,52c7b03227da10a70f0a70a8
332,382,保公堂42号楼,118.950186,32.159876,G25(南京绕城高速),江苏省,南京市,栖霞区,1,2bca169c4894324fa2a93448
333,383,桃苑,118.954189,32.159568,五福家园,江苏省,南京市,栖霞区,1,a7c56ee0876febb3a3acc451
334,384,枫翔小区,118.953128,32.152364,芦干圩159号,江苏省,南京市,栖霞区,1,5ae9c180778918843a04b1eb
335,385,银矿新村-西南区,118.959748,32.157532,江苏省南京市栖霞区栖霞街115号,江苏省,南京市,栖霞区,1,84c311d3bb7e664284330400
336,386,水站新邨,118.951885,32.152047,南京市栖霞区戴家库166号,江苏省,南京市,栖霞区,1,6ee010209040b3ef52e5c551
337,387,银矿新村,118.960243,32.158012,江苏省南京市栖霞区栖霞街115号,江苏省,南京市,栖霞区,1,606ab0d0ffbd1b2a0e3dda51
338,388,凤翔秀苑,118.951697,32.151827,南京市栖霞区戴家库166号,江苏省,南京市,栖霞区,1,631541e3d1a7091942ab9ad7
339,389,保公堂46-3号,118.949858,32.159715,南京市栖霞区南京绕城高速,江苏省,南京市,栖霞区,1,f21adc679ccbc6ee34b06c44
340,390,东巷口商住楼,118.9612,32.154139,江苏省南京市栖霞区栖霞街60-1号,江苏省,南京市,栖霞区,1,54005e3c81ef46b4f5c59c81
341,391,中陆岛国际山庄,118.695332,32.143139,南京市浦口区泰山街道黄姚社区北门路1号,江苏省,南京市,浦口区,1,091268158d905dc4c16c1461
342,392,黄姚北门二期拆迁安置房,118.705534,32.148972,南京市浦口区泰工路,江苏省,南京市,浦口区,1,3338cc97a33d8bc3eb1e979b
343,393,景福家园-南门,118.704381,32.150362,江苏省南京市浦口区泰山街道天景社区盘汪线景福家园南门,江苏省,南京市,浦口区,1,afd73430401d122d7af7965d
344,394,南京农业大学浦口校区学生公寓-07栋,118.70466,32.141944,南京市浦口区点将台路40号南京农业大学浦口校区,江苏省,南京市,浦口区,1,a11bcc4d20f401968605bf00
345,395,南京农业大学浦口校区学生公寓-09栋,118.704699,32.141692,南京市浦口区点将台路40号南京农业大学浦口校区,江苏省,南京市,浦口区,1,670989267b221245c41b7590
346,396,南京农业大学(浦口校区)学生公寓-03栋,118.704585,32.143002,南京市浦口区点将台路40号南京农业大学浦口校区,江苏省,南京市,浦口区,1,e705a33a88ac56208bdb73d9
347,397,南京农业大学浦口校区学生公寓-13栋,118.70413,32.141515,南京市浦口区点将台路40号南京农业大学浦口校区,江苏省,南京市,浦口区,1,2d3d86d0da22ee441ef74d83
348,398,南京农业大学(浦口校区)学生公寓-01栋,118.704524,32.143259,南京市浦口区点将台路40号,江苏省,南京市,浦口区,1,0bedecefd8ec10c75b10933f
349,399,南京农业大学(浦口校区)学生公寓-14栋,118.704029,32.141199,南京市浦口区点将台路40号南京农业大学浦口校区,江苏省,南京市,浦口区,1,8565e1ee77ff5cee5b1093a0
350,400,南京农业大学(浦口校区)学生公寓-04栋,118.704041,32.142966,南京市浦口区点将台路40号南京农业大学浦口校区,江苏省,南京市,浦口区,1,8892bf49329312d117b54bcf
351,401,南京农业大学(浦口校区)学生公寓-10栋,118.705213,32.141697,南京市浦口区点将台路40号南京农业大学浦口校区,江苏省,南京市,浦口区,1,07c26d88629376e8e9f85371
352,402,南京农业大学浦口校区学生公寓-05栋,118.704661,32.142447,南京市浦口区点将台路40号南京农业大学浦口校区,江苏省,南京市,浦口区,1,3f04ad6d161d37b61f3894e7
353,403,南京农业大学(浦口校区)学生公寓-02栋,118.703978,32.143231,南京市浦口区点将台路40号南京农业大学浦口校区,江苏省,南京市,浦口区,1,cec9c4993b88913e5a3ac893
354,404,南京农业大学(浦口校区)学生公寓-08栋,118.705213,32.142078,南京市浦口区点将台路40号南京农业大学浦口校区,江苏省,南京市,浦口区,1,ab5df5b9704e93e83786f457
355,405,南京农业大学浦口校区学生公寓-06栋,118.705091,32.142425,南京市浦口区点将台路40号南京农业大学浦口校区,江苏省,南京市,浦口区,1,13d1fb25bab7842d3a04b130
356,406,南京农业大学(浦口校区)学生公寓-15栋,118.704022,32.140835,南京市浦口区点将台路40号南京农业大学浦口校区,江苏省,南京市,浦口区,1,140d9cfec60f72b8ed74f81a
357,407,南京农业大学浦口校区工学院学生公寓,118.703425,32.140713,南京市浦口区泰山街道点将台路40号,江苏省,南京市,浦口区,1,c9382766035b0adcd0ff2342
358,408,玫瑰花园,118.714129,32.149391,江苏省南京市浦口区泰西路26号,江苏省,南京市,浦口区,1,db1f39d4cf66826ff5c59cfc
359,409,铁桥小区-39幢,118.719078,32.145008,南京市浦口区弘泰路铁桥小区,江苏省,南京市,浦口区,1,514d626ec18f958c932ca379
360,410,泰山天然居,118.720169,32.14933,南京市浦口区泰西路5-1号,江苏省,南京市,浦口区,1,89e12419a1a2608ccac3dbc2
361,411,泰福新寓,118.718662,32.1484,江苏省南京市浦口区泰山天然居西(江北大道快速路南),江苏省,南京市,浦口区,1,2c07e595e7be13d00c0e6bf4
362,412,弘阳·泰山,118.719749,32.142857,南京市浦口区弘泰路弘阳爱上花园,江苏省,南京市,浦口区,1,39e10893feb16cf6c336441f
363,413,弘阳·爱上花园,118.716708,32.144015,江苏省南京市浦口区火炬南路,江苏省,南京市,浦口区,1,7c89baa8e0777f9a2fb908ed
364,414,新桥家园-东区,118.715351,32.140376,南京市浦口区柳新路28号,江苏省,南京市,浦口区,1,1cf97e9deeb964eccc06a405
365,415,毛纺厂宿舍(泰西路),118.714844,32.147673,南京市浦口区泰西路30号,江苏省,南京市,浦口区,1,fae81bb7252778b6e3110335
366,416,浦阳大厦,118.722335,32.149406,南京市浦口区大桥北路83号,江苏省,南京市,浦口区,1,b3aa435d6b0faf0b157643ff
367,417,弘阳·旭日爱上城-第五区,118.728897,32.142654,南京市浦口区大桥北路57号,江苏省,南京市,浦口区,1,350102b33c5bc3c1ae045766
368,418,金城丽景-北区,118.72974,32.141305,南京市浦口区大桥北路35号,江苏省,南京市,浦口区,1,251821a5ebe493fc455726cf
369,420,弘阳时代中心-一期,118.725762,32.142524,江苏省南京市浦口区桥北铁桥社区柳洲北路旭日爱上城,江苏省,南京市,浦口区,1,dc7d13409a4f69a80bccddbd
370,421,杏林北苑,118.722183,32.142553,南京市浦口区柳园路8号(泰山街道办事处后),江苏省,南京市,浦口区,1,1c503fc5e216bcc1a1d23064
371,422,金城丽景-二期,118.729722,32.140929,南京市浦口区大桥北路35号,江苏省,南京市,浦口区,1,81232b5a26155d26c03644c0
372,423,弘阳·旭日爱上城-第四区,118.722151,32.136828,江苏省南京市浦口区丽岛路21号,江苏省,南京市,浦口区,1,dfa3bdad4dd9b922a80dd8d3
373,424,弘阳旭日爱上城-北区,118.729716,32.133843,南京市浦口区星火南路2号,江苏省,南京市,浦口区,1,059ed79ff90fff43bb17e781
374,425,福地太平宝邸,118.721689,32.149187,南京市浦口区大桥北路83号-1号,江苏省,南京市,浦口区,1,c5fe62718ae5ea104e2fdf75
375,426,弘阳·旭日爱上城-第六区,118.726674,32.137567,南京市浦口区浦外路28号,江苏省,南京市,浦口区,1,29be786fa598563df50e77ff
376,427,新一城商场,118.729698,32.144853,江苏南京市浦口区大桥北路48号4楼,江苏省,南京市,浦口区,1,4747ad5e52025d8ed92f28e5
377,429,金都汇广场,118.731861,32.140688,江苏省南京市浦口区大桥北路37号弘阳广场对面,江苏省,南京市,浦口区,1,df0ac446331686539d9d68cf
378,430,弘阳广场,118.730547,32.1448,江苏省南京市江北新区大桥北路48号,江苏省,南京市,浦口区,1,eca1049dbb79b531d5b74ef1
379,431,弘扬旭日上城公寓,118.739013,32.143911,沿江江苏省南京市浦口区沿江街道,江苏省,南京市,浦口区,1,848da633bd0bf5ca250bd0af
380,432,弘阳·旭日上城,118.741747,32.144799,江苏省南京市浦口区柳洲东路69号,江苏省,南京市,浦口区,1,9ef670ebf45dcf4dc26c141d
381,433,弘阳壹号,118.731423,32.145415,南京市浦口区大桥北路48号(大洋百货东侧),江苏省,南京市,浦口区,1,57f443ff03d52bfaf8dc85bb
382,435,弘阳广场C2馆,118.730594,32.145128,江苏省南京市浦口区大桥北路48号,江苏省,南京市,浦口区,1,ea6876ec3a04125c1b11d52d
383,436,南京弘扬连锁公寓天润城十五街区北区,118.740432,32.146028,江苏省南京市浦口区天润城五街区北区,江苏省,南京市,浦口区,1,a3ee0f42685cad24715e8051
384,437,弘阳广场-城市中央商圈,118.734617,32.140387,南京市浦口区大桥北路弘阳广场西南1门西南侧,江苏省,南京市,浦口区,1,3477549f69887135abf729fc
385,438,天润城-第五街区,118.738561,32.149752,南京市浦口区沿江街道京新628号,江苏省,南京市,浦口区,1,881a28e702142b47f942b2fc
386,439,苏宁环球天润广场,118.730814,32.149322,南京市浦口区柳洲东路1号,江苏省,南京市,浦口区,1,ee12e2aa9b71df8d631809df
387,440,弘阳旭日上城二期-西门,118.734923,32.145134,江苏省南京市浦口区桥北旭日上城二区西门(柳洲东路南),江苏省,南京市,浦口区,1,510f1e7cecba34d92db908a1
388,441,弘阳欢乐世界-售票处,118.732213,32.144616,大桥北路48号,江苏省,南京市,浦口区,1,94d08b92b9bd8e360e3ddab0
389,442,弘阳家居·弘阳广场店A1馆(西门),118.734936,32.141648,南京市浦口区大桥北路48号弘阳家居建材馆F1,江苏省,南京市,浦口区,1,482f534299ce5ce097ec8446
390,443,弘阳商管保安生活区,118.744018,32.139983,南京市浦口区泰山街道大桥北路28号,江苏省,南京市,浦口区,1,5d44f9fa75a8655c9c09f7b1
391,444,弘阳家居·弘阳广场店A2馆13号门,118.736265,32.141924,南京市浦口区大桥北路48号弘阳家居建材馆F1,江苏省,南京市,浦口区,1,b4d90f41118fc1cd93114c5d
392,445,天润城1-4街区,118.743057,32.151798,江苏省南京市浦口区百润路2号,江苏省,南京市,浦口区,1,bb194b095a55edcb40afe67b
393,446,苏宁天润城-八街区,118.742519,32.14817,柳洲东路19号,江苏省,南京市,浦口区,1,881a28e7c5d3ee39f842b2b9
394,447,旭日家园(柳洲东路),118.744389,32.145909,南京市浦口区南浦路303号,江苏省,南京市,浦口区,1,a74481d6a9ec9746f503b8fc
395,448,浦泰·和天下-3期,118.745864,32.1409,南京市浦口区江山路9号,江苏省,南京市,浦口区,1,cb14d3d1c9958417b42655bf
396,449,弘阳·旭日上城-一区,118.741741,32.144748,南京市浦口区大桥北路69号,江苏省,南京市,浦口区,1,8537cf1de7aa5c873062123d
397,450,老周的公寓,118.742657,32.145277,南京市浦口区柳洲东路弘阳·旭日上城-一区,江苏省,南京市,浦口区,1,52fb7169b6a81d58bd48428b
398,452,幸福美地花园(北门),118.748559,32.142321,南京市浦口区小外江路与引水河路交叉口西南150米,江苏省,南京市,浦口区,1,2529fc11197f7a80eee4a517
399,453,弘阳·旭日上城2区(北门),118.736899,32.147488,江苏省南京市浦口区天润城五街区16栋附近,江苏省,南京市,浦口区,1,61f087b7e94e60d91ce999c7
400,454,旭日家园-104幢,118.745146,32.145692,南京市浦口区南浦路旭日家园(柳洲东路),江苏省,南京市,浦口区,1,12cd89699cb39048aecb66f3
401,455,旭日家园-103幢,118.744989,32.145509,南京市浦口区南浦路旭日家园(柳洲东路),江苏省,南京市,浦口区,1,8233b991e1f3d43226d2bb08
402,456,旭日家园-105幢,118.745164,32.145547,南京市浦口区南浦路旭日家园(柳洲东路),江苏省,南京市,浦口区,1,dc7062175e4b3e304d55472f
403,457,威尼斯水城一街区-7栋,118.754632,32.144184,江苏省南京市浦口区北外滩水城(老浦口1914商业街东北),江苏省,南京市,浦口区,1,5a7a5f339357fb68d22dd613
404,458,北外滩水城-第二街区,118.75817,32.143903,柳州东路200号,江苏省,南京市,浦口区,1,c6882dfd12857eca07026f3b
405,459,威尼斯水城第五街区-01幢,118.758977,32.146739,南京市浦口区威尼斯水城第五街区01幢,江苏省,南京市,浦口区,1,9286fd83d1a184dbbe484231
406,460,威尼斯水城第四街区4号楼,118.755405,32.146645,南京市浦口区柳州路199号,江苏省,南京市,浦口区,1,6b5491ad5d7b4df2c2f1cf6e
407,462,京新社区,118.7494,32.146712,江苏省南京市浦口区南浦路,江苏省,南京市,浦口区,1,12aa148b774b05e05fbe866f
408,463,华景家庭公寓南京威尼斯水城一街区店,118.758478,32.148049,威尼斯水城第一街区,江苏省,南京市,浦口区,1,603d96d7feaf651148cc4a98
409,464,北外滩水城第一街区-东南1门,118.756353,32.145382,南京市浦口区映江路与柳洲东路交叉口西南50米,江苏省,南京市,浦口区,1,ef07e52035c957368ab988b9
410,465,威尼斯水城九街区03号楼,118.760414,32.147019,江苏省南京市浦口区柳州东路205号,江苏省,南京市,浦口区,1,adf1a2b99c54876ed81318ba
411,466,威尼斯水城第三街区-03幢,118.759509,32.1418,南京市浦口区威尼斯水城第三街区03幢,江苏省,南京市,浦口区,1,52ea8ed3493acd1b5cbe863c
412,468,北外滩水城第十一街区-8栋,118.76383,32.147017,江苏省南京市浦口区威尼斯水城,江苏省,南京市,浦口区,1,862a9d3894bc6a7b71455bb6
413,470,吉祥山庄,118.819708,32.141648,南京市栖霞区化新路东50米,江苏省,南京市,栖霞区,1,9fbfeef28f14b838ece4a5a0
414,471,太平村小区,118.825249,32.142745,南京市栖霞区太平南路太平村,江苏省,南京市,栖霞区,1,6a7722649dcb01356018095a
415,472,十四化建二村,118.820164,32.14281,南京市栖霞区化新路,江苏省,南京市,栖霞区,1,83059eb40bb4ddca28d7abc4
416,473,化工新村,118.825144,32.144367,和燕路与化新路交叉口,江苏省,南京市,栖霞区,1,fe51bea1ddf0c2a4f842b2af
417,474,太瓷桥小区,118.829218,32.143833,南京市栖霞区太新路3号,江苏省,南京市,栖霞区,1,1bd64d766782a76040ab9a47
418,476,电瓷社区胜利一村-2栋,118.828228,32.140776,江苏省南京市栖霞区胜利一村2栋,江苏省,南京市,栖霞区,1,76cafcb63eb393fb40024576
419,477,金燕新村-10幢,118.828636,32.14357,江苏省南京市栖霞区燕子矶金燕新村10幢(太新路北),江苏省,南京市,栖霞区,1,6f237695e4eacf8200ec01ed
420,478,胜利一村小区,118.826712,32.140872,江苏省南京市栖霞区燕子矶胜利二村(和燕路西100米),江苏省,南京市,栖霞区,1,3da907f333fb2053b320a856
421,479,十四化建一村1幢,118.823883,32.143379,江苏省南京市栖霞区化建一村1幢,江苏省,南京市,栖霞区,1,54e685c847db72da3be4a685
422,480,化工新村-茉莉花地45-49幢,118.82236,32.1417,江苏省南京市栖霞区化新路3号,江苏省,南京市,栖霞区,1,cd4895821bed150d21f0177c
423,481,化工四村,118.824708,32.143699,南京市栖霞区化新路化工新村西南侧约40米,江苏省,南京市,栖霞区,1,a0ae63c7c41c3689fda77881
424,482,南化新村社区,118.826206,32.144057,南京市和燕路467号,江苏省,南京市,栖霞区,1,db1f39d4d0cc836ff5c59c56
425,483,化工新村小区28-31幢,118.825664,32.142638,江苏省南京市栖霞区燕子矶化工新村小区2831幢,江苏省,南京市,栖霞区,1,582fa0244710481c9703195a
426,484,化工新村-南区,118.82542,32.143884,南京市栖霞区化新路迈皋桥医院集团南京朗盛医院,江苏省,南京市,栖霞区,1,ce5c23c40f2709cd93114c04
427,485,燕子矶街道山泉科技创新园,118.829982,32.141829,江苏省南京市栖霞区和燕路508号,江苏省,南京市,栖霞区,1,c21db9e532eb1bfe00ff2d48
428,486,胜利二村钟化社区-西2门,118.825243,32.14171,江苏省南京市栖霞区燕西线胜利二村旁,江苏省,南京市,栖霞区,1,620270df17459417e215f9d8
429,487,化工新村-北区,118.826923,32.144997,南京市栖霞区和燕路544号,江苏省,南京市,栖霞区,1,4a9e7f2cf29f34a780a00cd0
430,489,弘阳燕江府,118.834021,32.14429,江苏省南京市栖霞区门坡街15号,江苏省,南京市,栖霞区,1,3b84c632766ee42c43afe6ca
431,490,金浦·紫御东方,118.84024,32.143413,江苏省南京市栖霞区太新路39-1号(经五路与太新路交汇处),江苏省,南京市,栖霞区,1,218d5911f6b3cff7c056ac94
432,491,融创玉兰公馆,118.834929,32.143177,江苏省南京市栖霞区门坡街,江苏省,南京市,栖霞区,1,5e256aed5fe9a941de1e52b7
433,492,中航国际,118.834082,32.146679,江苏南京市栖霞区太新路二期2栋,江苏省,南京市,栖霞区,1,b3b7071ccc08dbc2adee7a51
434,494,燕子矶新城,118.840261,32.143365,江苏省南京市栖霞区,江苏省,南京市,栖霞区,1,984de1e7d93599329d82ea75
435,496,电瓷新村,118.837073,32.147092,江苏省南京市栖霞区太新路63号,江苏省,南京市,栖霞区,1,4123e15ed0ee85799a005029
436,497,石化村,118.847194,32.147668,南京市栖霞区太新路92号,江苏省,南京市,栖霞区,1,8192cb9971d614b001294fb9
437,498,樊甸68号,118.839376,32.13725,江苏省南京市栖霞区樊甸68号,江苏省,南京市,栖霞区,1,34b315b3bb975924acee7a0f
438,502,伏家场10号,118.854218,32.142553,南京市栖霞区伏家场街燕归苑,江苏省,南京市,栖霞区,1,76ddcf2b25773b2a56bfffb6
439,503,扶家场189号,118.855546,32.14345,南京市栖霞区蓝燕路和伏家场街的交叉口附近,江苏省,南京市,栖霞区,1,9535d7232c07d6f6b9df8ff5
440,504,伏家场146号,118.853455,32.141725,南京市栖霞区笆斗山路燕归苑,江苏省,南京市,栖霞区,1,f9872635b0f61f05dc1e5221
441,508,伏家场-38号,118.855456,32.143282,江苏省南京市栖霞区伏家场38号,江苏省,南京市,栖霞区,1,bd40e760354b2c35dbd8917f
442,509,伏家场-120号,118.857176,32.13497,江苏省南京市栖霞区伏家场120号,江苏省,南京市,栖霞区,1,1438e8e62df5a7e08505bf3d
443,514,伏家场-72号,118.854905,32.142878,江苏省南京市栖霞区伏家场72号,江苏省,南京市,栖霞区,1,32c5a0e5bdcc6ca0e50738c1
444,517,伏家场-118号,118.855797,32.133978,南京市栖霞区迈化路,江苏省,南京市,栖霞区,1,318b33e39c4c390f6dc02c5b
445,525,燕子矶新城保障性住房,118.856045,32.141169,江苏省南京市栖霞区燕子矶街道南京市交管局高速公路二大队后门,江苏省,南京市,栖霞区,1,5cd3af63354683247bf79609
446,532,余冲8号,118.842743,32.138483,江苏省南京市栖霞区余冲8号,江苏省,南京市,栖霞区,1,3206d33745ea5ada22f01718
447,533,吴庄89号,118.83686,32.138072,江苏省南京市栖霞区吴庄89号,江苏省,南京市,栖霞区,1,eb3c0b76581b9742fb2213eb
448,534,吴庄36号,118.841129,32.137658,江苏省南京市栖霞区吴庄36号,江苏省,南京市,栖霞区,1,041940b5c995199db23c81d1
449,535,吴庄29号,118.852819,32.140671,江苏省南京市栖霞区吴庄29号,江苏省,南京市,栖霞区,1,f471d98593dae7b928d7abf5
450,536,吴庄44号,118.835271,32.138462,江苏省南京市栖霞区吴庄44号,江苏省,南京市,栖霞区,1,d7484adebde0f82e047ce8f2
451,538,新港研发大楼,118.885442,32.141729,南京市栖霞区恒发路兴智科技园,江苏省,南京市,栖霞区,1,2272a5d34ca4447b48cc4af2
452,540,新港研发大楼-A座,118.885345,32.14371,南京市栖霞区恒竞路兴智科技园,江苏省,南京市,栖霞区,1,9e756d6d59afbb76774ff1f5
453,541,南京出口加工区管理委员会综合管理局,118.8844,32.143573,南京市栖霞区兴智路10号,江苏省,南京市,栖霞区,1,5211d219fe52d5587dc87651
454,542,亚东花园城.半山苑,118.933462,32.146312,南京市栖霞区刘宇一艺术中心旁边,江苏省,南京市,栖霞区,1,85aad481edffd0b68d7727e2
455,543,九乡河小区,118.953584,32.143248,南京市栖霞区九乡河西路红枫街12号,江苏省,南京市,栖霞区,1,953832c312142f9adeee8b81
456,544,红枫新村,118.954395,32.147662,南京市栖霞区红枫街7号,江苏省,南京市,栖霞区,1,a3e8341cb99152954afd3f51
457,545,红梅村社区,118.989328,32.148733,南京市栖霞区栖霞大道南100米中共红梅村社区总支部委员会附近,江苏省,南京市,栖霞区,1,4fdaf3283576bf80f60e771f
458,546,熊猫汇智家园,118.996882,32.140518,南京市栖霞区天佑路28号,江苏省,南京市,栖霞区,1,c1e125a0456029c571210b1e
459,547,天佑苑,118.999984,32.143644,南京市栖霞区经天路36号,江苏省,南京市,栖霞区,1,a7630445088f80148b2fb535
460,548,晶都茗苑,118.999712,32.145981,江苏省南京市栖霞区齐民东路,江苏省,南京市,栖霞区,1,2a87fca7726b204ced74f877
461,549,中电熊猫液晶-人才公寓,118.997344,32.141323,南京市栖霞区经天路与天佑路交汇处,江苏省,南京市,栖霞区,1,bc27a2d7053549a715a190ca
462,550,步青苑,119.005025,32.144066,南京市栖霞区步青路4号,江苏省,南京市,栖霞区,1,c24e29ef8915739b80a00c32
463,551,齐东苑,119.004442,32.146444,南京市栖霞区步青路2号,江苏省,南京市,栖霞区,1,d5e823d10772f59af8dc855d
464,552,观梅苑-西区,119.008805,32.144714,南京市栖霞区摄山路与竹丝中路交叉口西南150米,江苏省,南京市,栖霞区,1,0fab88ad8e5dffeb88b98809
465,553,闻兰苑,119.008271,32.147685,江苏省南京市栖霞区步青路与齐民东路交汇处,江苏省,南京市,栖霞区,1,15a938100d3617bd14c8f651
466,554,观梅苑西区-东1门,119.010136,32.14569,南京市栖霞区摄山路与竹丝中路交叉口西南50米,江苏省,南京市,栖霞区,1,4a2efcb8e055edd9aeb22a26
467,555,赏菊苑,119.015116,32.148169,经天路29号,江苏省,南京市,栖霞区,1,e93761f6f5b9670c223bf251
468,556,尤山苑,119.018052,32.146213,南京市栖霞区尤山路2号,江苏省,南京市,栖霞区,1,1cea15a9fe5f25c507fef551
469,557,摄山星城小区,119.010619,32.149547,江苏省南京市栖霞区摄山路与宁镇公路交叉口,江苏省,南京市,栖霞区,1,53e7090b03a2df3d213bf2f2
470,558,听竹苑,119.012945,32.149851,南京市栖霞区朝阳路,江苏省,南京市,栖霞区,1,c879fa012a788c4ac909f051
471,559,观梅苑西区-18幢,119.008086,32.144,江苏省南京市栖霞区液晶谷观梅苑18幢(经天路北),江苏省,南京市,栖霞区,1,7ea9a7353ff6a693ca09f071
472,560,观梅苑-东区,119.012018,32.145129,南京市栖霞区经天路29号,江苏省,南京市,栖霞区,1,34f68ab0608b7b0a8f55ec51
473,561,欣棉花苑,118.575963,32.136886,江苏省南京市浦口区勤业路10号,江苏省,南京市,浦口区,1,9fbfeef26f34183bece4a583
474,562,永宁候冲生态小区,118.569768,32.136656,南京市浦口区候冲路99号,江苏省,南京市,浦口区,1,beabdbf408f328e57169d382
475,563,傅云小区,118.572943,32.133211,侯冲路与勤业路交叉口南50米,江苏省,南京市,浦口区,1,5b97da7be4e652818bfc062a
476,564,张云小区,118.570541,32.134563,江苏省南京市浦口区侯冲路89号,江苏省,南京市,浦口区,1,f036c33274b12494246e98bc
477,565,街南小区,118.579962,32.139123,江苏省南京市浦口区永宁镇新拥路29号,江苏省,南京市,浦口区,1,3e06f2332cfd18c017948ef7
478,566,永宁别墅区,118.594732,32.137894,江苏省南京市浦口区永宁别墅区(南京绕城高速公路北),江苏省,南京市,浦口区,1,18957d8f1aae1376d5b74ee1
479,567,绿城玫瑰园,118.677734,32.136285,江苏省南京市浦口区珍珠泉旅游度假区绿园路88号(紧邻珍珠泉公园),江苏省,南京市,浦口区,1,39d43f828137e486a8059dfc
480,568,昌泰楼,118.687997,32.133677,八一新村珍珠泉东侧,江苏省,南京市,浦口区,1,f8f8f43327f97f4c36b06ca6
481,572,浦厂二村,118.689315,32.133741,江苏省南京市浦口区龙虎巷5号,江苏省,南京市,浦口区,1,905b6b3fb4e004aa7ab55c8b
482,573,浦厂一村,118.692903,32.130264,南京市浦口区顶山街道龙虎巷5号,江苏省,南京市,浦口区,1,eeec69e726a04fa0344aaeaf
483,574,工会街社区,118.698112,32.131282,南京市浦口区工会街南京铁道车辆高级技校北侧约120米,江苏省,南京市,浦口区,1,dd30660697670744a1a93434
484,575,建设二村小区,118.698215,32.135323,泰山街道南门,江苏省,南京市,浦口区,1,499abfc5c0e464989fec2b35
485,576,建设一村小区,118.697671,32.134185,江苏省南京市浦口区建设一村小区(工会街北370米),江苏省,南京市,浦口区,1,b0c0bc813e7e32d942d63ed2
486,578,点将台花园,118.700668,32.13364,江苏省南京市浦口区金汤街171号,江苏省,南京市,浦口区,1,ae57551e4da9f12c1894c6e4
487,579,铭人丽岛,118.71984,32.136441,南京市浦口区星火南路16号,江苏省,南京市,浦口区,1,dc7a3c203e90bd24725e8093
488,581,新桥家园-西区,118.713528,32.14018,南京市浦口区柳新路29号,江苏省,南京市,浦口区,1,5949d13a8bc046062811d1b3
489,582,高新区泰山150亩保障性住房,118.712581,32.138552,南京市浦口区向阳路新桥家园-西区西南侧约130米,江苏省,南京市,浦口区,1,b8e7d020209f210e1ce99919
490,583,金城丽景二期-3幢,118.729345,32.140134,南京市浦口区大桥北路35号,江苏省,南京市,浦口区,1,7eb721884a025e98246e983b
491,585,莱特光学大厦,118.7227,32.132091,泰山街道柳州北路22号高新区小柳工业园,江苏省,南京市,浦口区,1,a1bcc587da90053cfb22137e
492,587,旭日爱上城-星岛园,118.729555,32.13495,南京市浦口区丽岛路15号,江苏省,南京市,浦口区,1,f69898bb4ad84bc6f11937f9
493,588,弘阳·旭日爱上城-第三区,118.72982,32.133867,江苏省南京市浦口区桥北柳新路弘阳·旭日爱上城第三区,江苏省,南京市,浦口区,1,ce475d2953d0d4db3517dcd6
494,589,弘阳·旭日爱上城第四区-南区,118.722526,32.134934,南京市浦口区丽岛路21号,江苏省,南京市,浦口区,1,5fdbc0cc499003790869d906
495,590,弘阳·旭日爱上城-一期,118.730481,32.132165,星火南路2号,江苏省,南京市,浦口区,1,54268e9a31886740f4e73b66
496,591,弘阳·旭日爱上城第四区-北区,118.722345,32.136869,江苏省南京市浦口区丽岛路21号,江苏省,南京市,浦口区,1,3d3f9c302f23a027100daaa3
497,592,金城丽景-南区,118.729838,32.139022,南京市浦口区大桥北路33号,江苏省,南京市,浦口区,1,e0ba3cc8a9345129eaf8534a
498,594,弘阳·旭日爱上城第四区南区(东1门),118.723425,32.135381,江苏省南京市浦口区桥北旭日爱上城(第四区南区),江苏省,南京市,浦口区,1,55e4609f1854f58dbca822c2
499,595,圣荷西园区-2幢,118.729649,32.135359,江苏省南京市浦口区柳新路弘阳·旭日华庭西区圣荷西园区,江苏省,南京市,浦口区,1,86c15a8312fd2d27a8f0cde3
500,597,旭日华庭中央公园,118.735291,32.135629,江苏省南京市浦口区大桥北路9号,江苏省,南京市,浦口区,1,e6e6d9cd0badffe7a2a934ae
501,598,弘阳旭华庭,118.734541,32.136415,大桥北路9号,江苏省,南京市,浦口区,1,63e0cd3f4f57f9e74afd3fd9
502,599,金棕榈小区,118.734797,32.137436,大桥北路9号旭日华庭,江苏省,南京市,浦口区,1,2db42b798b8092a8c17da215
503,600,弘阳骏馆,118.73449,32.136772,大桥北路9号(大桥北路和柳州路交汇处西南角),江苏省,南京市,浦口区,1,f345a01e74584dccdeee8bcb
504,601,旭日华庭骏馆,118.734589,32.137307,南京市浦口区大桥北路9号,江苏省,南京市,浦口区,1,e6c7d9d6aa9f9001a1d230a5
505,602,弘阳·旭日华庭-东区,118.734106,32.13764,南京市浦口区大桥北路9号,江苏省,南京市,浦口区,1,1020f16f14b449ee88b98814
506,603,中浦家园,118.731952,32.13457,南京市浦口区大桥北路1号(公交车站),江苏省,南京市,浦口区,1,435d7aea535204355abbbcfc
507,604,华侨城,118.733556,32.132141,大桥北路1号,江苏省,南京市,浦口区,1,29e6a9042df1b9fb59bbbc3f
508,605,华侨城3期310幢,118.732646,32.133677,江苏省南京市浦口区桥北华侨城三期(丽岛路南140米),江苏省,南京市,浦口区,1,7046a2a03b6aebe376e5b61e
509,606,江畔明珠广场,118.739707,32.135082,江苏省南京市浦口区大桥北路20号,江苏省,南京市,浦口区,1,5c8d32a9c93833ac70210b43
510,607,枫情居(金盛国际家居),118.737274,32.137826,江苏南京市浦口区大桥北路24号f4层,江苏省,南京市,浦口区,1,7974730082078fd51ef74dee
511,608,丁香居(金盛国际家居),118.737101,32.138098,南京市浦口区大桥北路24号F4层,江苏省,南京市,浦口区,1,5f8490571d7be0e70bccdd98
512,609,金盛国际家居(太平商场桥北店)-北1门,118.736306,32.139425,江苏省南京市浦口区大桥北路24号,江苏省,南京市,浦口区,1,e59568b3c863fef6d13ce3f2
513,610,乐雅居(金盛国际家居大桥北路店),118.737687,32.138076,江苏省南京市浦口区大桥北路24号金盛国际家居F4层,江苏省,南京市,浦口区,1,ac589dcc1f70b4f98bdb7375
514,611,丁香园,118.735739,32.13868,南京市浦口区大桥北路24号金盛国际家居(桥北店)4层,江苏省,南京市,浦口区,1,5e83a89bf74c91d0b11e3637
515,612,美汀海岸,118.737254,32.138385,南京市浦口区泰山街道大桥北路24号,江苏省,南京市,浦口区,1,b056adcc3883c21f276e9858
516,613,华侨城-216幢A楼,118.734018,32.131117,大桥北路1号华侨城,江苏省,南京市,浦口区,1,9f56fe52b8d31a22afee7ad5
517,614,弘阳爱上城-11号,118.730677,32.134731,南京市浦口区丽岛路弘阳·旭日爱上城-第三区,江苏省,南京市,浦口区,1,7a615eea266dd1acadcb6672
518,615,弘阳·旭日华庭西区,118.730993,32.136545,南京市浦口区桥北路9号,江苏省,南京市,浦口区,1,e9103ec72e082607aecb66b2
519,616,华侨银座,118.734076,32.131005,江苏省南京市浦口区大桥北路1号,江苏省,南京市,浦口区,1,4ff570a63ea420bcd12dd645
520,617,华侨城-216幢B楼,118.733322,32.131082,南京市浦口区大桥北路1号华侨城216幢华侨银座B座附近,江苏省,南京市,浦口区,1,82363825c9d030fe87420e7a
521,618,中央公园区,118.735292,32.135635,旭日华庭,江苏省,南京市,浦口区,1,d72ac5975f7e346d9d82ea80
522,619,金盛国际家居南京·大桥北路广场五金厅,118.739168,32.138466,江苏省南京市浦口区大桥北路金盛国际家居五金3号,江苏省,南京市,浦口区,1,68231e6f16a574e8b33c81d7
523,620,金象·朗诗红树林,118.741137,32.13137,南京市浦口区江山路6号,江苏省,南京市,浦口区,1,f949fcd28538cb4ef7b916b3
524,621,春江阁,118.73994,32.137733,南京市浦口区大桥北路24号金盛装饰城内(近毛纺厂路),江苏省,南京市,浦口区,1,e46da26602a18a24873304dd
525,625,海德北岸城-西南门,118.740088,32.128088,南京市浦口区迎江路59号,江苏省,南京市,浦口区,1,70c8fd5763c47ba2c17da22a
526,626,金盛毛线城综合楼三号厅,118.738236,32.13784,大桥北路3-62号附近,江苏省,南京市,浦口区,1,5814792ec049bcdbf03cbaf6
527,627,华侨广场,118.735346,32.133902,南京市浦口区大桥北路1号,江苏省,南京市,浦口区,1,d6c5d991c734119531169bbe
528,628,泰百购物中心-西南门,118.738649,32.132929,南京市浦口区大桥北路20号,江苏省,南京市,浦口区,1,bc672463c3371f9f23f0170c
529,629,弘阳大厦,118.734896,32.137236,南京市浦口区大桥北路9号,江苏省,南京市,浦口区,1,861db9940b1464d1c9291518
530,630,浦泰·和天下,118.743007,32.135166,南京市浦口区江山路9号,江苏省,南京市,浦口区,1,090ada8fd10e2f01400245df
531,631,幸福美地,118.747396,32.139312,江苏省南京市浦口区江山路15号,江苏省,南京市,浦口区,1,a6afb6b4d972572fdc1e5219
532,632,浦泰·和天下2期,118.745498,32.13783,江苏省南京市浦口区南浦路,江苏省,南京市,浦口区,1,1f7ef027c06de651276e9841
533,633,江畔明珠广场-2幢,118.740024,32.134599,江苏省南京市浦口区桥北江畔明珠广场,江苏省,南京市,浦口区,1,6887402bc62c2250d5b74ef3
534,634,明发滨江新城二期-西区,118.750084,32.134786,南京市浦口区江山路18号,江苏省,南京市,浦口区,1,b3bbe4038b287e7b76e5b64c
535,636,江北宴,118.742266,32.135313,江苏省南京市浦口区江山路9号2楼,江苏省,南京市,浦口区,1,b92a9fe629b5e4edb35c6af8
536,637,桥北新村,118.742815,32.137897,南京市浦口区毛纺厂路,江苏省,南京市,浦口区,1,cdef4edf665b024e28d7abfc
537,638,明发外滩中心小区,118.749554,32.136695,南京市浦口区长江大桥北堡公园滨江大道1号,江苏省,南京市,浦口区,1,1f4981d03a94a538715e80f2
538,639,浦泰和天下家园-1期,118.74223,32.135335,南京市浦口区大桥北路江山路9号,江苏省,南京市,浦口区,1,90868889da99a550a2d23002
539,640,明发滨江新城-南区,118.746827,32.13023,南京市浦口区明新路明发滨江新城一期-西园,江苏省,南京市,浦口区,1,d305db1fc830d33e932ca3fc
540,641,明发滨江新城,118.751507,32.13498,南京市浦口区滨江大道1号,江苏省,南京市,浦口区,1,b1f237d416ebb07ac2f1cf09
541,642,明发外滩广场(北三门),118.748988,32.136536,南京市浦口区明发滨江大道1号明发外滩广场F1,江苏省,南京市,浦口区,1,4815f695186a0f17f8221325
542,643,明发外滩广场-4号门,118.749738,32.137303,南京市浦口区明发滨江大道1号明发外滩广场F1,江苏省,南京市,浦口区,1,8975d87e3eff26bc6ec02c86
543,644,明发滨江新城-一期,118.751561,32.132755,南京市浦口区滨江大道1号,江苏省,南京市,浦口区,1,625625358cbda91a2db17e03
544,647,明发滨江新城二期-南区,118.751602,32.136692,江苏省南京市浦口区明发滨江新城2期附近,江苏省,南京市,浦口区,1,9ec28b121a6c7c8e83a00c09
545,648,明发滨江新城-三期,118.754405,32.139021,南京市浦口区滨江大道1号,江苏省,南京市,浦口区,1,f27a32ba8f7af5e688f15d8b
546,649,明发滨江新城二期-北区,118.752083,32.138385,明春路与明江路交叉口西北200米,江苏省,南京市,浦口区,1,daa01119ec75c94d100daaf5
547,650,明发滨江新城-二期,118.751537,32.136222,江苏省南京市浦口区明发滨江新城,江苏省,南京市,浦口区,1,900fee49e64b01de2efaa7b3
548,651,明发顶山项目,118.750704,32.138782,明滨路与江山路交叉口东北100米,江苏省,南京市,浦口区,1,f2e714a59c30e10a5fd4fedd
549,652,明发滨江新城二期-东区,118.75464,32.136407,明春路与明江路交叉口东南150米,江苏省,南京市,浦口区,1,8ba91cf5ed719a04d1f49ec1
550,654,金鸡园,118.813924,32.132202,南京市栖霞区联珠村86-2号,江苏省,南京市,栖霞区,1,f0375a2f53bc70543586f486
551,655,吉祥铜业小区,118.816703,32.132851,南京市栖霞区联珠村188号,江苏省,南京市,栖霞区,1,850815e10910c89b43e19256
552,656,金陵科技学院教工宿舍-6幢,118.819713,32.130575,江苏省南京市栖霞区晓庄中心村130号金陵科技学院(幕府校区),江苏省,南京市,栖霞区,1,e497524bed0798dcacee7af3
553,659,四棵柳小区,118.826759,32.136576,南京市栖霞区和燕路465号,江苏省,南京市,栖霞区,1,04bdf4a3f8562231354aae9c
554,660,新联二村,118.823516,32.134186,南京市栖霞区迈皋桥新联二村,江苏省,南京市,栖霞区,1,79b267d93ae22479373a71b8
555,662,联珠村小区,118.824374,32.136994,南京市栖霞区联珠村路南京市燕子矶中心小学南侧约60米,江苏省,南京市,栖霞区,1,cb4fd14688d014419d9d6848
556,663,和燕路463号院,118.827939,32.136539,南京市栖霞区和燕路463号,江苏省,南京市,栖霞区,1,bfa2583425b38b62ffa77865
557,664,和燕路465号院,118.828274,32.13691,南京市栖霞区和燕路465号,江苏省,南京市,栖霞区,1,a6da8817ca7a646e46572656
558,665,吉祥花园,118.822623,32.136927,南京市栖霞区联珠村路,江苏省,南京市,栖霞区,1,20316288e03e35f7ca213ddd
559,666,胜利村小区,118.828267,32.138625,南京市栖霞区联珠路东50米,江苏省,南京市,栖霞区,1,c7fb04bd969fb468fb0cada0
560,667,幕人山庄,118.822526,32.132384,江苏省南京市栖霞区幕府山庄,江苏省,南京市,栖霞区,1,d290d7849dcb4c72e011037f
561,668,南京城市职业学院学生公寓-北门,118.829435,32.13354,南京市栖霞区和燕路与富贵路交叉口东150米,江苏省,南京市,栖霞区,1,5b644bf2bba06892ab175ad5
562,669,阅江花苑,118.823239,32.131762,南京市栖霞区吉祥村139号,江苏省,南京市,栖霞区,1,64ff3be13daef9bb90114c51
563,670,胜利三村,118.827342,32.139093,南京市栖霞区和燕路太平村,江苏省,南京市,栖霞区,1,bda157cde9f33e0c07026f1f
564,671,化工新村小区51-62幢,118.823639,32.13969,江苏省南京市栖霞区燕子矶化工新村小区5162幢,江苏省,南京市,栖霞区,1,ef46ff46ec1e98a32cb17e4c
565,673,胜利二村,118.827895,32.140357,南京市栖霞区迈皋桥胜利二村,江苏省,南京市,栖霞区,1,8d120ac5d160faee00ff2d84
566,674,住建大厦(和燕路),118.826593,32.130664,南京市栖霞区燕子矶街道和燕路365号,江苏省,南京市,栖霞区,1,457f5a7ae9ccd87379dbd209
567,675,栖霞劳动大厦-停车场,118.827058,32.131826,江苏省南京市栖霞区和燕路419号,江苏省,南京市,栖霞区,1,f6d076f7f44be2c14e5547bf
568,676,吴家庄-88号,118.83647,32.13588,江苏省南京市栖霞区吴家庄88号,江苏省,南京市,栖霞区,1,b20075b615e4f5ff45e274af
569,677,南京特殊教育职业技术学院学生公寓-1幢,118.838234,32.135241,南京市栖霞区南京特殊教育师范学院学生公寓1幢,江苏省,南京市,栖霞区,1,72942d278af0fd720d3dda81
570,678,祥和雅苑,118.831948,32.134553,江苏省南京市栖霞区神农路5号,江苏省,南京市,栖霞区,1,101fcdd28858177174026930
571,682,吴庄34号,118.838987,32.13744,南京市栖霞区燕尧路南京师范大学附属燕子矶新城幼儿园东南侧约280米,江苏省,南京市,栖霞区,1,d1a0394e1a79a4a200ec0168
572,683,晓庄师范小区,118.831215,32.134635,南京市栖霞区神农路17号,江苏省,南京市,栖霞区,1,59e927da2af0746e4557260b
573,684,吴庄1号,118.839219,32.137304,江苏省南京市栖霞区吴庄1号,江苏省,南京市,栖霞区,1,d195a47080ffc671a8f0cd38
574,685,南京晓庄学院-家属区,118.830961,32.134578,南京市栖霞区燕子矶街道神农路17号,江苏省,南京市,栖霞区,1,563afc18149da22eb5147fa5
575,692,三金·燕语庭,118.830522,32.137873,和燕路480号,江苏省,南京市,栖霞区,1,8b8b0b2019193d394107c132
576,693,城市绿洲花园3期,118.83376,32.130524,江苏省南京市栖霞区寅春西路城市绿洲幼儿园旁,江苏省,南京市,栖霞区,1,69130523720f6308725e8056
577,694,城市绿洲花园-北苑,118.833625,32.13053,江苏省南京市栖霞区晓庄寅春西路城市绿洲花园三区,江苏省,南京市,栖霞区,1,050e6df3e870de544e55478e
578,695,大发燕澜湾9幢,118.831168,32.139008,南京市栖霞区大发燕澜湾9幢,江苏省,南京市,栖霞区,1,328183ed7945668604fef559
579,696,新合60号,118.846158,32.138422,江苏省南京市栖霞区新合60号,江苏省,南京市,栖霞区,1,0d9e96af1293dea481288ac1
580,697,南京化纤股份有限公司集体宿舍,118.843566,32.132553,南京市栖霞区寅春西路化纤新村,江苏省,南京市,栖霞区,1,8b61683d6d5f9c77e311039c
581,698,新合1号,118.847865,32.13828,江苏省南京市栖霞区新合村1号,江苏省,南京市,栖霞区,1,a0b5faf77f7bea0dea56fa70
582,700,海赋尚城,118.843167,32.13756,燕子矶街道经五路32号(经五路与神农路交汇处),江苏省,南京市,栖霞区,1,a25d3449a5c72d872a02e16a
583,702,化纤新村,118.84465,32.131651,江苏省南京市栖霞区寅春西路,江苏省,南京市,栖霞区,1,2527be1e7ba185b34afc8d56
584,703,燕江新城-山水苑,118.848808,32.135869,江苏省南京市栖霞区壮举路3号,江苏省,南京市,栖霞区,1,a1ab9fe14dc6ecb75fd4fe4e
585,704,余冲28号,118.84295,32.137996,江苏省南京市栖霞区余冲28号,江苏省,南京市,栖霞区,1,7c901631d7a492a117b54b7e
586,705,余冲30号,118.84342,32.138155,江苏省南京市栖霞区余冲30号,江苏省,南京市,栖霞区,1,938a723528f233b40bccddb6
587,706,余冲9号,118.842599,32.138191,江苏省南京市栖霞区余冲9号,江苏省,南京市,栖霞区,1,85281c4835c35df4adb22a94
588,707,山水苑9幢,118.848296,32.135549,南京市栖霞区壮举路燕江新城-山水苑,江苏省,南京市,栖霞区,1,f58cfdb7d7f0b27d33621212
589,708,余冲25号,118.844004,32.138509,江苏省南京市栖霞区余冲25号,江苏省,南京市,栖霞区,1,202059c0842beb6496f08c7b
590,710,余冲178号,118.844719,32.138856,江苏省南京市栖霞区余冲178号,江苏省,南京市,栖霞区,1,d1ca7cef50844c1ed4851f15
591,713,余冲6号,118.843117,32.138438,江苏省南京市栖霞区余冲6号,江苏省,南京市,栖霞区,1,df221720fe08bf8b7369d3ae
592,714,余冲31号,118.842345,32.137978,江苏省南京市栖霞区余冲31号,江苏省,南京市,栖霞区,1,7b8535266b795a6283a00c9f
593,716,万鑫世纪苑,118.847477,32.131584,南京市栖霞区进取村151号,江苏省,南京市,栖霞区,1,75d0881a2aa8ed4d3a04b156
594,718,万鑫嘉苑,118.843933,32.130559,南京市栖霞区进取村149号,江苏省,南京市,栖霞区,1,881a28e701be2a47f942b256
595,727,吴庄15号,118.840922,32.137974,江苏省南京市栖霞区吴庄15号,江苏省,南京市,栖霞区,1,7b08c1ff8fa6bffc6318090c
596,731,余冲189号,118.844449,32.139901,江苏省南京市栖霞区余冲189号,江苏省,南京市,栖霞区,1,30d92db8e14d283996f08c0d
597,732,乐居雅花园,118.854372,32.136641,南京市栖霞区迈尧路611号,江苏省,南京市,栖霞区,1,289a5fd84dd37b5b9e82eadd
598,733,洛悦府,118.857696,32.137427,南京市栖霞区春树街电建洺悦府,江苏省,南京市,栖霞区,1,93c0815d8792d0e4fd0eb02c
599,734,江山苑,118.850567,32.133659,江苏省南京市栖霞区江山苑(壮举路南),江苏省,南京市,栖霞区,1,7e6525f481b4f3ee79f79690
600,735,电建洺悦府,118.857895,32.136565,江苏省南京市栖霞区迈尧路611号,江苏省,南京市,栖霞区,1,a24197fae868c1cc9e95de16
601,736,沁苑二村,118.850949,32.130071,江苏省南京市栖霞区进取村153号,江苏省,南京市,栖霞区,1,d52831f9e4552ba72efaa756
602,738,伏家场-138号,118.853626,32.133276,江苏省南京市栖霞区伏家场138号,江苏省,南京市,栖霞区,1,0a115d0fba0c9fb1343a712d
603,739,燕子矶保障性住房,118.85009,32.133884,南京市栖霞区江山苑5栋,江苏省,南京市,栖霞区,1,aafcf0cf9986328878f79626
604,741,乐居雅花园-北区,118.854236,32.136803,南京市栖霞区盛春街与春树街交叉路口往西约100米(乐居雅花园),江苏省,南京市,栖霞区,1,84bad8b188283f1cc7f50de0
605,742,乐居雅花园-南区,118.855144,32.135345,栖霞区盛春街,江苏省,南京市,栖霞区,1,57da9e7d623754624c2fdfe6
606,744,东城世家,118.890264,32.130504,南京市栖霞区尧化街道尧辰路3号,江苏省,南京市,栖霞区,1,82fbe8a0d213ec3cf82d61aa
607,745,青田雅居,118.881402,32.13129,南京市栖霞区金尧路11号,江苏省,南京市,栖霞区,1,cdef4edf67f1034e28d7ab56
608,746,弘阳·旭日雅筑,118.88929,32.1363,南京市栖霞区尧辰路9号,江苏省,南京市,栖霞区,1,49a02a7a03aa593e2b201a55
609,747,尧辰路,118.891135,32.131983,江苏省南京市栖霞区,江苏省,南京市,栖霞区,0,3c63f33e7f6bf160f5b91636
610,748,尧安新村社区,118.883348,32.123614,江苏省南京市栖霞区新尧路22号8栋102,江苏省,南京市,栖霞区,1,a5ef940ae5b191125e0d0219
611,749,碧水苑-3幢,118.888661,32.130413,江苏省南京市栖霞区尧林仙居碧水苑3号楼,江苏省,南京市,栖霞区,1,f1496f75c93833b1f503b870
612,750,南京新港开发区职工宿舍-西门,118.884139,32.136756,江苏省南京市栖霞区新尧路28号,江苏省,南京市,栖霞区,1,a1a0790bf09b10392fe67b06
613,751,新尧路22号院-北门,118.884818,32.130825,南京市栖霞区金尧路,江苏省,南京市,栖霞区,1,79a90dc2bb0db6d8c26c1432
614,752,尧化街道青田雅居社区-人口文化园,118.880533,32.130089,江苏省南京市栖霞区尧化青田雅居(金尧路北80米),江苏省,南京市,栖霞区,1,8c63263e57b36d3835b06c29
615,753,新城金郡,118.899852,32.137788,南京市栖霞区尧顺路9号,江苏省,南京市,栖霞区,1,4226486b2b1cc4a19900509a
616,754,翠林山庄,118.892445,32.134166,南京市栖霞区金尧路19号,江苏省,南京市,栖霞区,1,1bf85b257309e4a4a1a93451
617,755,盈嘉香榴湾,118.895365,32.13359,南京市栖霞区翠林路2号,江苏省,南京市,栖霞区,1,8b61c41de874f537fbf0cba9
618,756,新城邻里,118.890958,32.130747,南京市栖霞区尧辰路3号(尧化门尧林仙居东侧),江苏省,南京市,栖霞区,1,221671108dc5a458bd4842d6
619,757,金地明悦,118.897053,32.138898,南京市栖霞区前塘路8号,江苏省,南京市,栖霞区,1,c9725c2e4a60580c5e0d0229
620,758,金尧华府,118.892685,32.131295,南京市栖霞区金尧路18号,江苏省,南京市,栖霞区,1,8e51737d1dd45e0af603b8d3
621,759,珑璟庭,118.890574,32.137062,南京市栖霞区尧辰路10号,江苏省,南京市,栖霞区,1,2d02509382e64b842cb17ed7
622,761,尧顺佳园,118.900678,32.134825,江苏省南京市栖霞区尧佳路93号,江苏省,南京市,栖霞区,1,4852fd497157daac8bdb7391
623,762,华润幸福里,118.897164,32.136097,江苏省南京市栖霞区尧化街道新城路19号,江苏省,南京市,栖霞区,1,667fcfbc041b1e5d49fc8d1c
624,764,尧顺佳园-南区,118.897725,32.132116,南京市栖霞区尧佳路75号,江苏省,南京市,栖霞区,1,d51031b2364af8adf72310cb
625,766,尧顺佳园-东区,118.898968,32.133533,新城路69号附近,江苏省,南京市,栖霞区,1,f746a567c88385589cf7790c
626,767,尧顺佳园-北区,118.900532,32.134563,江苏省南京市栖霞区尧顺路8号,江苏省,南京市,栖霞区,1,d0cb5a85e10e03066f4760b9
627,768,金港科创02,118.914251,32.130914,南京市栖霞区甘家边东108,江苏省,南京市,栖霞区,1,ed501f3c996f408df8221380
628,769,金港科创-06幢,118.911472,32.129933,江苏省南京市栖霞区甘家边东108号,江苏省,南京市,栖霞区,1,c7d151785ea2602deddfca8e
629,770,金港科创园,118.91426,32.128895,323路,江苏省,南京市,栖霞区,0,06052963ea7fd15bab0dd882
630,771,栖霞街道红枫人才大厦,118.921266,32.134103,江苏省南京市栖霞区仙林广月路十月公社科技创业园,江苏省,南京市,栖霞区,1,774b4df0116221c2b75f1eca
631,773,仙林·学仕风华,118.934218,32.130986,仙境路29号,江苏省,南京市,栖霞区,1,23017c7d6f4069d0eb12e464
632,774,南京理工大学紫金学院-D区宿舍楼,118.939045,32.132451,南京市栖霞区文澜路89号,江苏省,南京市,栖霞区,1,6bcbf104ae5b3b186cc02c03
633,775,南京理工大学紫金学院西区学生公寓-C6幢,118.939356,32.134644,南京市栖霞区仙林大学城文澜路89号,江苏省,南京市,栖霞区,1,267a6f66d13b818cb020a804
634,776,南京理工大学紫金学院西区学生公寓-C7幢,118.938882,32.134162,南京市栖霞区仙林大学城文澜路89号,江苏省,南京市,栖霞区,1,b94a4b9228e42a7deee4a5fb
635,777,南京理工大学紫金学院西区学生公寓-C8幢,118.938774,32.133849,南京市栖霞区仙林大学城文澜路89号,江苏省,南京市,栖霞区,1,ca6c5d4344e06630581093fc
636,778,南京理工大学紫金学院-行政楼,118.941882,32.129852,江苏省南京市栖霞区文澜路89号南京理工大学紫金学院,江苏省,南京市,栖霞区,1,182c7a174e685e4adeee8bda
637,779,南京理工大学紫金学院西区学生公寓-D5幢,118.937559,32.132968,江苏省南京市栖霞区文澜路89号南京理工大学紫金学院,江苏省,南京市,栖霞区,1,32100db80ccefec3a204640a
638,780,南京信息职业技术学院-宿舍,118.945629,32.136446,江苏省南京市栖霞区文澜路99号信息学院内,江苏省,南京市,栖霞区,1,f50b2c8dac2637cc9d9d68ad
639,781,南京大学仙林校区学生公寓-18幢,118.957949,32.130223,南京市栖霞区仙林大道163号南京大学仙林校区,江苏省,南京市,栖霞区,1,086b68877245f25e8505bfcc
640,782,南京大学仙林校区学生公寓-19幢,118.958775,32.130275,南京市栖霞区仙林街道仙林大道163号,江苏省,南京市,栖霞区,1,629038c8d5559232c03644b3
641,783,南京大学仙林校区学生公寓-20幢,118.959527,32.130318,江苏省南京市栖霞区仙林大道163号南京大学仙林校区内,江苏省,南京市,栖霞区,1,86057ae4d0756a5ba8f72994
642,784,南京大学仙林校区学生公寓-21幢,118.960304,32.130358,江苏省南京市栖霞区南京大学仙林校区学生公寓21幢,江苏省,南京市,栖霞区,1,3310b517a34619de100daac4
643,785,南京大学仙林校区科学园智慧园-6幢,118.967581,32.133974,南京市栖霞区南京大学仙林校区科学园智慧园6幢,江苏省,南京市,栖霞区,1,c60ef4362acd81a088fc06ab
644,786,南京大学仙林校区科学园智慧园-2幢,118.970198,32.132889,江苏省南京市栖霞区南京大学仙林校区智慧园,江苏省,南京市,栖霞区,1,02178d398cfffe61a1d2308a
645,787,中国游戏数码港,118.965519,32.133626,南京市栖霞区纬地路南京大学(仙林校区),江苏省,南京市,栖霞区,1,1ccce777c1a826042e473346
646,788,南京大学仙林校区学生公寓-25幢,118.965691,32.130861,江苏省南京市栖霞区仙林大道163号南京大学仙林校区内,江苏省,南京市,栖霞区,1,ca6b20eab0cf76f07adbd208
647,789,协同创新大厦,118.970613,32.131522,南京市栖霞区元化路8号南大科技园C号路,江苏省,南京市,栖霞区,1,6d494145e4e0b08d223bf2d8
648,790,南京大学仙林校区科学园智慧园-1幢,118.970505,32.132557,南京市栖霞区南京大学仙林校区科学园智慧园1幢,江苏省,南京市,栖霞区,1,757c11aa9628870d82288aa4
649,791,金地湖城艺境,118.987011,32.132853,江苏省南京市栖霞区纬地路28号,江苏省,南京市,栖霞区,1,d0982a237d57a647a0a93485
650,792,保利·罗兰春天,118.985323,32.137761,南京市栖霞区学森路199号(仙林湖西北角),江苏省,南京市,栖霞区,1,f682923f7ba911711b11d590
651,793,星叶枫情水岸(经天路),118.982259,32.135438,南京市栖霞区纬地路19号,江苏省,南京市,栖霞区,1,851d2eb69e8a0a7643afe660
652,794,保利罗兰春天-12号,118.985877,32.138488,南京市栖霞区仙林湖学森路199号,江苏省,南京市,栖霞区,1,051fbdcd76e3cdf1d13ce314
653,796,新城·香悦澜山,118.981487,32.132141,江苏省南京市栖霞区广志路,江苏省,南京市,栖霞区,1,099ca9b810f36536a5da39ce
654,797,万科金色领域,118.990136,32.13884,南京市栖霞区仙林守敬路1号,江苏省,南京市,栖霞区,1,33ce1b87783385320c0a70a2
655,798,保利·罗兰香谷,118.992232,32.136941,江苏省南京市栖霞区学森路200号,江苏省,南京市,栖霞区,1,9a026525cdd22b60f32d839b
656,799,中电熊猫倒班宿舍,118.997663,32.138918,江苏省南京市栖霞区经济技术开发区纬地路南京液晶谷,江苏省,南京市,栖霞区,1,0136ea51f70f8bbe734b87c8
657,800,老山林场住宅,118.590073,32.123713,南京市浦口区岔茅线绿之苑,江苏省,南京市,浦口区,1,add798905509bd372efaa7fa
658,801,森林一村,118.589676,32.121303,江苏省南京市浦口区岔路口西路8号,江苏省,南京市,浦口区,1,341c35de33cd5bbee60738fc
659,802,老山青峰居,118.588244,32.121806,南京市浦口区岔路口西路12号,江苏省,南京市,浦口区,1,029ca2bbbeacc1202bb97c4c
660,803,绿之苑,118.591216,32.124657,南京市浦口区张冲路54号附近,江苏省,南京市,浦口区,1,cba61797ee82eab3c9e33c8f
661,804,明发珍珠泉-9号,118.668478,32.12546,江苏省南京市浦口区珍珠街九号5号楼102室,江苏省,南京市,浦口区,1,ef0d1e04c7d9b81414948eb1
662,805,南车南京浦镇车辆有限公司单身楼-2栋,118.697522,32.130457,南京市浦口区顶山街道龙虎巷5号,江苏省,南京市,浦口区,1,731118621620aa76adcb66df
663,806,丁圩小区,118.700086,32.121279,南京市浦口区浦乌路与兴浦路交叉路口往西约140米,江苏省,南京市,浦口区,1,2e704a3f92c62896b54f5463
664,807,铁工新区小区,118.697036,32.129863,南京市浦口区顶山街道南门,江苏省,南京市,浦口区,1,da9dc484643eb6de7adbd227
665,808,龙虎巷社区,118.696409,32.12834,龙虎巷18号附近,江苏省,南京市,浦口区,1,9bfcdd5dbed38466f8f0cb58
666,809,鼎泰家园,118.706836,32.124781,江苏省南京市浦口区小柳路9号,江苏省,南京市,浦口区,1,f765dca73a9f5fdfb54f546f
667,810,山水云房,118.705541,32.120453,南京市浦口区浦珠北路122号(澳林广场西侧),江苏省,南京市,浦口区,1,65a9f25bff95b2311576434c
668,811,丽都嘉园,118.704379,32.118818,南京市浦口区浦珠北路126号,江苏省,南京市,浦口区,1,d1e338cae57fade02fb9080a
669,812,鼎泰家园-南门,118.707103,32.122706,江苏省南京市浦口区泰山街道新鼎路鼎泰家园南门,江苏省,南京市,浦口区,1,8074a0ef5b4eba0dc42ba19c
670,813,鼎泰家园-东门,118.709761,32.124477,江苏省南京市浦口区金汤街社区东芭路鼎泰家园东门,江苏省,南京市,浦口区,1,bf73db6cb863752017b54ba4
671,814,明发科技商务城,118.712665,32.125203,南京市浦口区浦东北路5号明发江苏总部基地8号楼一单元,江苏省,南京市,浦口区,1,c80584f77af3895432870a7f
672,815,江苏总部基地,118.71265,32.124237,南京市浦口区浦东北路5号明发集团,江苏省,南京市,浦口区,1,5c5faec26de405a4d518b7e7
673,816,明发总部(3号门),118.712678,32.122859,江苏省南京市浦口区新鼎路与浦东北路交叉口西北150米,江苏省,南京市,浦口区,1,5dbbfdb55e5a9bd7cafa5fa2
674,817,乐美颂,118.727018,32.123353,南京市浦口区柳洲南路7号,江苏省,南京市,浦口区,1,967c366a3609ec2908ccdd98
675,818,大华锦绣华城-桂美颂,118.729676,32.124672,南京市浦口区浦珠北路59号,江苏省,南京市,浦口区,1,db263e8d5ef596003010af39
676,819,爱美颂-1栋,118.725095,32.123635,江苏省南京市浦口区爱美颂(柳洲南路南),江苏省,南京市,浦口区,1,8c582ad81a30f13549cc4a87
677,820,大华·锦绣华城,118.724543,32.122347,浦口浦珠路59号(浦珠北路和柳州南路交汇处),江苏省,南京市,浦口区,1,22facce4a87f6d2279b55c01
678,821,大华锦绣华城A块6期,118.729718,32.127298,江苏省南京市浦口区浦珠北路36号,江苏省,南京市,浦口区,1,b98a202fa0717fcebda24003
679,822,家乐福乐透小公馆,118.727455,32.125639,南京市浦口区乐华路大华锦绣华城-桂美颂西北侧约30米,江苏省,南京市,浦口区,1,966a383c22257166b04c496d
680,823,桂美颂西区,118.727404,32.123662,南京市浦口区柳州路7号,江苏省,南京市,浦口区,1,4ceca1af4cded89645e274e7
681,824,大华锦绣华城香榭美颂-东北门,118.728141,32.120871,南京市浦口区泰山街道浦珠北路59号,江苏省,南京市,浦口区,1,611dca517ab3cacac81b9525
682,825,桥工新村,118.736128,32.120628,江苏省南京市浦口区迎江路38号,江苏省,南京市,浦口区,1,c8b5cdefb43b7303130daafc
683,826,榴美颂-21幢,118.728271,32.122482,南京市浦口区浦珠北路59号,江苏省,南京市,浦口区,1,d9b87634597f19037ec8767c
684,827,彩虹雅苑,118.733676,32.12339,江苏省南京市浦口区迎江路38-2号(公交车站),江苏省,南京市,浦口区,1,fc767524b06c7e874f776eb8
685,828,南京大桥4处,118.734478,32.122962,江苏省南京市浦口区滨江大道,江苏省,南京市,浦口区,1,4689f245fe37cc81128824e9
686,829,桥工新村-北门,118.735029,32.1222,南京市浦口区迎江路38-2号附近,江苏省,南京市,浦口区,1,f0849ba15cfcebf921f0173f
687,830,海德北岸城,118.740994,32.129097,南京市浦口区迎江路59号(长江大桥北引桥东侧),江苏省,南京市,浦口区,1,31dd6a6832c6587e9a0050ff
688,832,钢铁交易数码港-3号楼,118.772532,32.122697,江苏省南京市鼓楼区钢铁交易数码港3号楼(燕江路北),江苏省,南京市,鼓楼区,1,c762bc783859ca816fa3cc9c
689,833,数码港大厦,118.771843,32.121385,江苏省南京市鼓楼区燕江路201号,江苏省,南京市,鼓楼区,1,0343f79e1b7da8bac51e5150
690,834,上元里-42号,118.775283,32.122955,江苏省南京市鼓楼区上元里42号,江苏省,南京市,鼓楼区,1,ef05ce2e1e643f9bc909f031
691,835,上元里-248号楼,118.781131,32.118232,南京市鼓楼区中央北路上元里249号大院,江苏省,南京市,鼓楼区,1,09638f741e8eb1f75b109363
692,836,弘阳·旭日景城15栋,118.789296,32.119456,江苏省南京市鼓楼区旭日景城15栋,江苏省,南京市,鼓楼区,1,99f044ccfdcde6c9f503b89b
693,837,盛世新寓,118.800278,32.120572,江苏省南京市鼓楼区幕府东路99号,江苏省,南京市,鼓楼区,1,facae61e5f87e37f8d7727ff
694,838,云谷山庄,118.795863,32.121806,江苏省南京市鼓楼区幕府东路57号,江苏省,南京市,鼓楼区,1,d8853407decbc56c2b201a06
695,839,江雁·德水香林,118.795316,32.123482,南京市鼓楼区幕府东路57号,江苏省,南京市,鼓楼区,1,05daee84dd8f1ebed1f49ef4
696,840,黄方村-42号院,118.799529,32.123838,江苏省南京市鼓楼区黄方村42号,江苏省,南京市,鼓楼区,1,c0c1992ac8fdb567fb2d61a9
697,841,幕府山东营区,118.799048,32.122803,南京市鼓楼区黄方村42号,江苏省,南京市,鼓楼区,1,cca9690af4a5be17e856faa4
698,842,沁景佳园,118.802103,32.12131,江苏省南京市鼓楼区幕府东路99号-41-42号,江苏省,南京市,鼓楼区,1,58d351690212fedd82288ad3
699,843,人才公寓,118.809004,32.126643,南京市鼓楼区幕府东路199号,江苏省,南京市,鼓楼区,1,30243ba867b51ac64c3a59a7
700,844,田园美居,118.815879,32.123798,南京市栖霞区幕府东路233号,江苏省,南京市,栖霞区,1,c960b384029861b2c61b756d
701,846,望燕名居,118.815629,32.121786,江苏省南京市栖霞区幕府东路236号,江苏省,南京市,栖霞区,1,669775d08b55c55bfd0eb056
702,847,大地伊丽雅特湾,118.81862,32.121253,江苏省南京市栖霞区和燕路329号,江苏省,南京市,栖霞区,1,b848735aaef288cbc9fa5f9a
703,848,龙虎山庄,118.814812,32.123595,南京市栖霞区晓庄村96号,江苏省,南京市,栖霞区,1,0b95948fef87cde03b221cf3
704,849,晓庄村42号院,118.817652,32.123502,幕府东路289号北80米,江苏省,南京市,栖霞区,1,7e3fb8a094a06165d23ce335
705,850,南京卫生高等职业技术学校-生活区,118.817827,32.125651,南京市栖霞区晓庄村40号,江苏省,南京市,栖霞区,1,7ce19a947e5be39990114cb0
706,851,金陵科技学院教工宿舍-9幢,118.820211,32.129983,江苏省南京市栖霞区晓庄中心村130号金陵科技学院(幕府校区),江苏省,南京市,栖霞区,1,84dd4b31143f46a76240a9a6
707,852,金陵科技学院教工宿舍-7幢,118.819924,32.130362,江苏省南京市栖霞区晓庄中心村130号金陵科技学院(幕府校区),江苏省,南京市,栖霞区,1,143d3cdfd2ca30728733044e
708,854,金陵科技学院教工宿舍-10幢,118.820232,32.129902,江苏省南京市栖霞区晓庄中心村130号金陵科技学院(幕府校区),江苏省,南京市,栖霞区,1,b51c346cddf9081103ec0140
709,855,大地伊丽雅特湾-西门,118.817819,32.122049,南京市栖霞区幕府东路与栖霞大道交叉口西南200米,江苏省,南京市,栖霞区,1,e02e84e2e3143312593ac834
710,856,南京卫生学校生活区-沁香园,118.818706,32.125931,南京市栖霞区燕子矶街道南京卫生学校生活区南京卫生学校生活区,江苏省,南京市,栖霞区,1,db225a7c824bc4c6220262e3
711,857,南京卫生学校生活区劲松苑,118.817687,32.125301,中央门外晓庄村40号附近,江苏省,南京市,栖霞区,1,f1e4e40cce9fae43102935f4
712,858,南铁宿舍-7幢,118.824926,32.125799,和燕路379-11号附近,江苏省,南京市,栖霞区,1,7053ae0507e256c0e50738e4
713,859,南铁宿舍-8幢,118.824157,32.125578,南京市栖霞区宜春街铁合金村,江苏省,南京市,栖霞区,1,fd85cb0047fd1ab929b97cc1
714,860,晓庄国际公寓,118.8258,32.124769,南京市栖霞区和燕路408号彩虹广场F2,江苏省,南京市,栖霞区,1,ac743372482af7e0ab0dd813
715,861,南铁宿舍-5幢,118.823667,32.125521,南京市栖霞区宜春街东南大学国家大学科技园(栖霞),江苏省,南京市,栖霞区,1,68a9bf6798d8d111c7f025a3
716,862,晓庄国际广场,118.826413,32.124406,南京市栖霞区和燕路408号,江苏省,南京市,栖霞区,1,a61bba6d221a95c6cb213d9d
717,863,魔方公寓(晓庄店),118.823675,32.126462,江苏省南京市栖霞区和燕路371号(晓庄行知园东南大学科技园内),江苏省,南京市,栖霞区,1,9a8dd5d18fd84a1088b98865
718,864,中心村78号,118.82295,32.127246,南京市栖霞区和燕路与锦湖轮胎自备路交叉路口往西约250米,江苏省,南京市,栖霞区,1,f55bcf5e530e33e41f1d11bd
719,866,晓园三舍,118.821831,32.126498,江苏省南京市栖霞区晓园三舍,江苏省,南京市,栖霞区,1,af58603824f370dd3686f490
720,867,宁东创业公寓,118.822095,32.126552,南京市栖霞区燕子矶街道和燕路371号东南大学科技园内,江苏省,南京市,栖霞区,1,54b41f9849301c6b3f9a5e59
721,868,晓园四舍,118.821851,32.12683,江苏省南京市栖霞区晓园四舍,江苏省,南京市,栖霞区,1,acc1f31525ae0be39703193f
722,869,晓庄铁医宿舍,118.821526,32.124855,南京市栖霞区晓庄村47号,江苏省,南京市,栖霞区,1,664cbefdc3dbca7afda7786a
723,870,晓庄村40号小区,118.821548,32.124167,江苏省南京市栖霞区行知路29号,江苏省,南京市,栖霞区,1,82a45df28e18c5aef70e771e
724,871,晓庄小区,118.824488,32.121529,江苏省南京市栖霞区和燕路404号,江苏省,南京市,栖霞区,1,0dc3d82d63d8986c75e5b656
725,872,省安装公司小区,118.82282,32.122028,南京市栖霞区和燕路349号,江苏省,南京市,栖霞区,1,e7bd8cd818bafece87154172
726,873,晓庄47号小区,118.820695,32.125819,南京市栖霞区晓庄村47号,江苏省,南京市,栖霞区,1,6d75f748106b2290eddfcaaf
727,874,城市绿洲花园-二期,118.832299,32.128834,南京市栖霞区城市绿洲花园16号,江苏省,南京市,栖霞区,1,fa013da579787accfb2d61e7
728,875,幕府山庄,118.823605,32.129447,南京市栖霞区和燕路403号,江苏省,南京市,栖霞区,1,39d43f82809de586a8059d56
729,877,和燕路400号小区,118.823683,32.120938,南京市栖霞区和燕路400号,江苏省,南京市,栖霞区,1,400c0f5a6973f310c27da2f5
730,878,安邦公寓,118.820308,32.128875,江苏省南京市栖霞区晓庄安邦公寓(金陵科技学院东南),江苏省,南京市,栖霞区,1,9a7c6f16ac7083d9ce04efa7
731,879,金陵科技学院教工宿舍-13幢,118.820416,32.129763,江苏省南京市栖霞区水吉路金陵科技学院教工宿舍13幢,江苏省,南京市,栖霞区,1,62db4d96ffb29d4438221c86
732,880,金陵科技学院教工宿舍-12幢,118.82048,32.129839,金陵科技学院教工宿舍12幢,江苏省,南京市,栖霞区,1,99acf4248cb31892fa0cad61
733,881,金陵科技学院教工宿舍-11幢,118.820304,32.129838,江苏省南京市栖霞区晓庄中心村130号金陵科技学院(幕府校区),江苏省,南京市,栖霞区,1,cf0b84ecb2125104b21e3604
734,882,质监大厦,118.826256,32.129737,南京市栖霞区和燕路405号,江苏省,南京市,栖霞区,1,56e88cba6effa465a4c75651
735,883,栖霞区高力文化大厦,118.829646,32.121152,南京市栖霞区栖霞街道栖霞大道8号,江苏省,南京市,栖霞区,1,f1ba2f739f2275fc9868b4fb
736,884,阳光雅居(万兴路),118.839831,32.123828,南京市栖霞区迈尧路232号,江苏省,南京市,栖霞区,1,befdb292a1e5aee187154151
737,885,燕华花园,118.836532,32.126639,南京市栖霞区栖霞大道19号,江苏省,南京市,栖霞区,1,b292b3aa52129756be484251
738,887,南京市公安局玄武区分局-居民身份证受理点,118.815799,32.102305,南京市玄武区红山路196号,江苏省,南京市,玄武区,1,3f969f3a77936a7f1f3894cf
739,888,万寿花苑,118.836424,32.12024,南京市栖霞区迈尧路328号,江苏省,南京市,栖霞区,1,de99d7dde19e3bb34002453a
740,889,依云华府,118.839389,32.128819,江苏省南京市栖霞区燕城大道1号招商花园城F1,江苏省,南京市,栖霞区,1,f436763505f0de6a51e5c579
741,890,青秀城,118.836854,32.122469,南京市栖霞区迈尧路89号,江苏省,南京市,栖霞区,1,5393114b00db896de81e97f6
742,892,招商1872ipark公寓,118.840109,32.128529,寅春西路与怡宁路交叉口招商摩兜公寓(南京招商花园城店),江苏省,南京市,栖霞区,1,9be8960250f909af095cb34a
743,894,高力国际家居港,118.830419,32.122109,南京市栖霞区栖霞大道8号,江苏省,南京市,栖霞区,1,53cebd5024c152782b02e193
744,895,名都汇,118.826079,32.12038,南京市栖霞区和燕路396号,江苏省,南京市,栖霞区,1,a8ff3910d3176ce88505bf30
745,896,燕华花园-南1门,118.836836,32.124847,南京市栖霞区栖霞大道23号附近,江苏省,南京市,栖霞区,1,48fc629e43493889cb213d42
746,897,燕华花园-西门,118.836009,32.124625,江苏省南京市栖霞区栖霞大道98号,江苏省,南京市,栖霞区,1,d5ad170800fde01af72310b0
747,899,高力家具港-西门,118.828976,32.121957,南京市栖霞区栖霞大道8号,江苏省,南京市,栖霞区,1,8fde79ccbf7898bf95ca0756
748,901,金山花苑,118.847019,32.120665,江苏省南京市栖霞区万寿村8号,江苏省,南京市,栖霞区,1,cdef4edfc383673329d7aba0
749,902,怡园小区,118.845825,32.128866,江苏省南京市栖霞区进取村150号,江苏省,南京市,栖霞区,1,d4034eb3a27c07f6c0364451
750,903,万丰苑,118.849694,32.127621,进取村157号,江苏省,南京市,栖霞区,1,00f1c7fbfbf3191fc056ac56
751,904,精优教辅中心,118.846437,32.121523,南京市栖霞区金山花苑,江苏省,南京市,栖霞区,1,f1a6ece294f7688c871541a7
752,905,东方兰园,118.842673,32.12207,江苏省南京市栖霞区万寿村10号,江苏省,南京市,栖霞区,1,10e86cbbc716b73b3904b1cb
753,906,进取村(迈化路),118.847248,32.126767,进取村154号,江苏省,南京市,栖霞区,1,2848ffd6cd5ba30f48cc4a48
754,907,沁苑一村2期,118.847677,32.126892,江苏省南京市栖霞区进取村154号,江苏省,南京市,栖霞区,1,1524c3050b13d3f0eaf85383
755,908,沁苑一村,118.847599,32.12862,江苏省南京市栖霞区进取村152号,江苏省,南京市,栖霞区,1,9fbfeef22366dc45ede4a556
756,909,万丰苑-北1门,118.848915,32.128975,江苏省南京市栖霞区迈化路8号万寿购物中心F1,江苏省,南京市,栖霞区,1,c72e4eb8d07eb3609868b418
757,910,燕舞园,118.860722,32.120977,南京市栖霞区瑞平北街与瑞丽路交叉路口往南约100米,江苏省,南京市,栖霞区,1,639ed02a9c5fbe2e081cc7c8
758,911,燕舞园3园,118.860531,32.120597,燕舞园,江苏省,南京市,栖霞区,1,f2884dcc052237cd40e19249
759,912,燕平园,118.864003,32.124819,江苏省南京市栖霞区华银路29号燕平园,江苏省,南京市,栖霞区,1,3da112a19e14c8af52e5c587
760,914,银贡山庄-A区,118.870014,32.120119,南京市栖霞区华电北路银贡山庄,江苏省,南京市,栖霞区,1,e38915fd8ef622f232f71d3b
761,915,燕歌园-2园,118.863596,32.120341,燕歌园,江苏省,南京市,栖霞区,1,5bdc570c39527af0e8e58220
762,917,南京国资新城,118.863474,32.126869,南京市栖霞区栖梧路与瑞福大街交叉路口往西约150米,江苏省,南京市,栖霞区,1,25290db737491309da13184c
763,918,燕歌园-4园,118.862275,32.123072,南京市栖霞区迈皋桥创业园华银路19号,江苏省,南京市,栖霞区,1,37c779d0da69010c871541cf
764,919,燕歌园北-1区,118.861398,32.123285,南京市栖霞区瑞丽路与瑞平北街交叉路口往北约130米,江苏省,南京市,栖霞区,1,b93b46426bc917df7f29bdff
765,920,燕歌园-中区,118.86372,32.120741,南京市栖霞区瑞平街燕歌园-东区,江苏省,南京市,栖霞区,1,3453b08fc6e1519d0782c207
766,921,燕歌园北-2区,118.862545,32.122052,南京市栖霞区瑞丽路与瑞平街交叉路口往北约130米,江苏省,南京市,栖霞区,1,7a7a1f9f3cbc1af1ae080f37
767,923,艺郡临枫,118.877608,32.12709,南京市栖霞区尧化门金尧路2号(苏果超市旁),江苏省,南京市,栖霞区,1,e12c516e5fc6f32288db738c
768,924,金尧新村,118.878561,32.124291,南京市栖霞区尧化门尧新大道66号,江苏省,南京市,栖霞区,1,55fa2c0b3c8b342d1ce99956
769,925,紫金北郡山庄,118.875118,32.12039,南京市栖霞区燕子矶街道燕尧路9号,江苏省,南京市,栖霞区,1,87a1e59697e9d27231870a9e
770,926,金尧山庄,118.876924,32.121357,南京市栖霞区尧新大道11号(公交车站),江苏省,南京市,栖霞区,1,57cab544fad3db3bafee7aa9
771,927,计算新村,118.878275,32.125028,南京市栖霞区尧新大道68号,江苏省,南京市,栖霞区,1,88d8e08119d11fb78605bf81
772,928,赞成·佳邻美居,118.879225,32.123056,南京市栖霞区尧化门尧新大道16号,江苏省,南京市,栖霞区,1,8c40fc841047c37740024525
773,929,月桂园2期,118.877309,32.122847,南京市栖霞区尧和西路2号,江苏省,南京市,栖霞区,1,00d81d56cc16eda4a7c7561c
774,930,尧化新村-北区,118.880057,32.121501,江苏省南京市栖霞区尧佳路5号,江苏省,南京市,栖霞区,1,478f9b6d793267329de32192
775,931,上铁月桂园,118.874409,32.123573,南京市栖霞区尧和西路2号(公交车站),江苏省,南京市,栖霞区,1,0a74409c41adbf00bca82203
776,932,尧化新村102号-1幢,118.8801,32.118081,南京市栖霞区尧化新村102号1幢,江苏省,南京市,栖霞区,1,7b9e9ff64a5cd4addf1e52f9
777,933,江苏输油管理处家属院,118.878149,32.121032,南京市栖霞区尧新大道9号,江苏省,南京市,栖霞区,1,4eece8d0b8cc576178f796df
778,934,南京上铁张华村职工集资房,118.876927,32.123366,南京市栖霞区尧和西路2号,江苏省,南京市,栖霞区,1,bc7341ffd65a48d50189724f
779,936,紫金北郡山庄-二期,118.874356,32.120975,南京市栖霞区燕尧路9号,江苏省,南京市,栖霞区,1,b8eca97f32fd2e330e0e6b9d
780,937,银河湾·卓苑-西门,118.879129,32.125902,江苏省南京市栖霞区邻安路银河湾·卓苑西门(银河湾卓苑旁),江苏省,南京市,栖霞区,1,3062786fa239a60f475726a7
781,938,新城佳园(新尧路),118.88636,32.125186,江苏省南京市栖霞区尧化街道新尧路16号新城佳园,江苏省,南京市,栖霞区,1,e6ee2fd21ce436482b11d151
782,939,银辰新苑,118.885138,32.124669,南京市栖霞区新尧路5号,江苏省,南京市,栖霞区,1,49d95938d6c7ed3ec71e51a3
783,940,尧安新村100号南院,118.88496,32.123414,江苏省南京市栖霞区尧佳路7号,江苏省,南京市,栖霞区,1,8dd2ef7245567ea64d2fdf80
784,941,尧化村小庙山118号,118.887535,32.123187,江苏省南京市栖霞区尧化村小庙山118号,江苏省,南京市,栖霞区,1,2bd54025ab79267e41ab9a52
785,942,尧林仙居,118.888111,32.126639,南京市栖霞区尧佳路23号,江苏省,南京市,栖霞区,1,56f2f696548dda800aa8d451
786,943,尧建新村小区,118.885413,32.127735,江苏省南京市栖霞区尧华门新尧路18号,江苏省,南京市,栖霞区,1,385bf0f9d958a30f77e5b646
787,944,尧化门教师楼,118.887833,32.124149,尧化门,江苏省,南京市,栖霞区,1,86a88c0133a894f2eb1e9710
788,945,港尧新村,118.886835,32.122277,南京市栖霞区尧化街道183号,江苏省,南京市,栖霞区,1,95a4e36db154c894c27da2ee
789,946,尧华教师公寓,118.888561,32.123262,南京市栖霞区新尧路尧佳路教师楼东南侧,江苏省,南京市,栖霞区,1,3f8c69841cde3b4438221c8a
790,947,上城风景,118.884524,32.120202,江苏省南京市栖霞区尧佳路18号,江苏省,南京市,栖霞区,1,f757e6eee0397f16260bd0f4
791,948,上城风景北苑小区,118.882125,32.123287,南京市栖霞区尧佳路7号,江苏省,南京市,栖霞区,1,e92c1420cf7b0f7f38221ce4
792,949,青山苑-2幢,118.887502,32.125213,南京市栖霞区尧林仙居青山苑2幢,江苏省,南京市,栖霞区,1,0bd7511a44784af4b5147f8d
793,950,尧医职工住宅,118.889052,32.122425,栖霞区尧化门街227号,江苏省,南京市,栖霞区,1,b52fd65c91974cfb97ec8413
794,951,银城新苑,118.882981,32.128666,南京市栖霞区新尧路51号,江苏省,南京市,栖霞区,1,c4f2933dfea334a0230220b6
795,952,尧石二村-西门,118.891399,32.125458,江苏省南京市栖霞区尧化尧石二村9幢(尧佳路南),江苏省,南京市,栖霞区,1,f8fdbb9f21dc46c4f8f0cb33
796,953,银河湾·卓苑,118.882174,32.127741,江苏省南京市栖霞区尧景路1号,江苏省,南京市,栖霞区,1,1a37ed0792bc046e71455b9f
797,954,中建安装人才公寓,118.883001,32.128997,江苏省南京市栖霞区新尧路9号,江苏省,南京市,栖霞区,1,fedb1bb708c954c92202628c
798,955,尧安新村社区-100号北院,118.884273,32.129925,南京市栖霞区新尧路22号,江苏省,南京市,栖霞区,1,603e3933e68108298f1a89fa
799,957,尧化一村,118.883028,32.120386,尧化一村,江苏省,南京市,栖霞区,1,f696f3c291731aeb1b11d551
800,958,金尧花园,118.880644,32.128122,江苏省南京市栖霞区金尧路8号,江苏省,南京市,栖霞区,1,07f3c8b593d3c71e6340a9a0
801,959,栖霞区北门办公楼,118.884752,32.121786,南京市栖霞区尧化门街189号,江苏省,南京市,栖霞区,1,b5925785d42b071f38221cf9
802,960,高庙80号,118.895492,32.125115,江苏省南京市栖霞区高庙80号,江苏省,南京市,栖霞区,1,da71e048e5e85171d518b782
803,961,高庙170号,118.895737,32.124686,江苏省南京市栖霞区高庙170号,江苏省,南京市,栖霞区,1,96116b9884c4121a8c1a891b
804,962,高庙64号,118.895466,32.125913,江苏省南京市栖霞区高庙64号,江苏省,南京市,栖霞区,1,4fdbab7994aff9bd5bf6beef
805,963,高庙50号,118.894784,32.124394,江苏省南京市栖霞区高庙50号,江苏省,南京市,栖霞区,1,c622aa93bd366de809a8d4c3
806,964,高庙188号,118.895612,32.126457,江苏省南京市栖霞区高庙188号,江苏省,南京市,栖霞区,1,78e9aac1dcf354d7cbc3dbb5
807,965,南京东车辆段宿舍,118.897388,32.126616,高庙90号南京东站派出所附近,江苏省,南京市,栖霞区,1,519705f829c4c12f157643f7
808,966,尧石二村,118.892798,32.125102,栖霞区尧佳路100号,江苏省,南京市,栖霞区,1,3d12ed117149a5d4be4842d2
809,967,南京东公寓,118.898653,32.127055,江苏省南京市栖霞区尧化南京东机班公寓(金尧路西),江苏省,南京市,栖霞区,1,ec009f29dd5112a92d4733d9
810,968,后新塘,118.897699,32.13611,南京市栖霞区前塘路,江苏省,南京市,栖霞区,1,7524cb4fed1e5e3404026f48
811,969,前新塘,118.895636,32.133556,南京市栖霞区尧顺路,江苏省,南京市,栖霞区,1,f2f15ffb2c4ebe88631c6748
812,970,熙景和苑,118.897542,32.128146,江苏省南京市栖霞区金尧路28号,江苏省,南京市,栖霞区,1,d949a223f82a059f3ce231bc
813,971,紫金上品苑,118.89962,32.128811,南京市栖霞区金尧路29号,江苏省,南京市,栖霞区,1,8018803ca65c64cd931fc965
814,972,下曹西-26号,118.898731,32.121442,下曹西26号,江苏省,南京市,栖霞区,1,f4c9032353c173daadcb6619
815,973,翠林苑小区-1号楼,118.892607,32.128211,南京市栖霞区翠林苑01幢,江苏省,南京市,栖霞区,1,c845d905311ebce8740269a2
816,974,下曹东-27号,118.89929,32.121568,下曹东27号,江苏省,南京市,栖霞区,1,922ad8cb0a294d95d3ff238d
817,975,下曹东-28号,118.899275,32.121445,下曹东28号,江苏省,南京市,栖霞区,1,6adc9291f2a42d9d95ca07cc
818,976,高庙10号,118.892452,32.120553,江苏省南京市栖霞区高庙10号,江苏省,南京市,栖霞区,1,fba00f604f3570fb28d7abff
819,977,下曹西-21号,118.899132,32.120936,下曹西21号,江苏省,南京市,栖霞区,1,58f2949b62e2453379b55c78
820,978,高庙12号,118.892187,32.120369,江苏省南京市栖霞区高庙12号,江苏省,南京市,栖霞区,1,203a1001c5c4384028b97cc8
821,979,王子楼西-16号,118.902742,32.126054,王子楼西16号,江苏省,南京市,栖霞区,1,b9be7d57917288cb4e2fdf7d
822,980,王子楼西-22号,118.902071,32.125626,江苏省南京市栖霞区王子楼西22号,江苏省,南京市,栖霞区,1,8f72f39c794b5ee5704b875d
823,981,王子楼西-29号,118.901734,32.125198,江苏省南京市栖霞区王子楼西29号,江苏省,南京市,栖霞区,1,a0887175005f932107fef5bb
824,982,王子西楼-42号,118.904074,32.123737,江苏省南京市栖霞区王子西楼42号,江苏省,南京市,栖霞区,1,84b60b6545e9a2fa8e7727ac
825,983,王子西楼-48号,118.904813,32.124126,江苏省南京市栖霞区王子西楼48号,江苏省,南京市,栖霞区,1,dffbbf9f15a70f0f5cbe86c6
826,984,王子西楼-49号,118.905,32.123987,江苏省南京市栖霞区王子西楼49号,江苏省,南京市,栖霞区,1,e9c70c3338de4236a6da3982
827,985,下曹东队-25号,118.902203,32.121256,江苏省南京市栖霞区下曹东队25号,江苏省,南京市,栖霞区,1,98fe3ec5817cdf09ce04efba
828,986,下曹东队-12号,118.902385,32.120978,江苏省南京市栖霞区下曹东队12号,江苏省,南京市,栖霞区,1,9268e71c4df36480fbf0cbae
829,987,南京师范大学仙林校区新北区C栋学生公寓,118.916264,32.123701,南京市栖霞区学林路2号,江苏省,南京市,栖霞区,1,8c6643230ded1625d81318ce
830,988,南京师范大学新北区B栋学生公寓,118.917089,32.122814,南京市栖霞区北区一号路南京师范大学(仙林校区)-新北区,江苏省,南京市,栖霞区,1,7600f491b62a84ebbe484215
831,991,金港科创03,118.914716,32.130536,南京市栖霞区甘家边东108,江苏省,南京市,栖霞区,1,6f62655c39f1ab1cbc4842d6
832,992,金港科创04,118.912286,32.129191,南京市栖霞区甘家边东108,江苏省,南京市,栖霞区,1,90eda3efdf45f6091d1d1158
833,993,金港科技创综合楼,118.913851,32.129262,南京市栖霞区尧化街道甘家边东108号,江苏省,南京市,栖霞区,1,292801d44537c11908ccdd9f
834,994,321国际人才创业大厦,118.913197,32.129907,南京市栖霞区金港科技创业中心南京金港科技创业中心甘家边东108号,江苏省,南京市,栖霞区,1,b26c76f6817adb4cb6f42f76
835,996,金港科创-05幢,118.911861,32.129613,江苏省南京市栖霞区甘家边东108号,江苏省,南京市,栖霞区,1,c5fbe31c98732f78c51b758c
836,997,金港科创07,118.912648,32.130277,南京市栖霞区甘家边东108,江苏省,南京市,栖霞区,1,b049e49d535e3c5ac16c1479
837,999,南京师范大学仙林校区北苑35栋学生公寓,118.920002,32.121141,南京市栖霞区文苑路1号南京师范大学北区十三食堂北侧,江苏省,南京市,栖霞区,1,7a4cdf13ccf8b4f65e0d02e7
838,1000,南京技师学院学生公寓-01幢,118.923646,32.127084,南京市栖霞区学海路29号,江苏省,南京市,栖霞区,1,17ed5be9ab42536c9e9d68f3
839,1001,南京技师学院学生公寓-02幢,118.923421,32.127451,南京市栖霞区学海路29号,江苏省,南京市,栖霞区,1,0a1d774117790259c909f0fe
840,1002,南京技师学院学生公寓-04幢,118.922436,32.126978,南京市栖霞区学海路29号,江苏省,南京市,栖霞区,1,8d4848fe986d095dd518b78e
841,1003,南京技师学院学生公寓-03幢,118.923185,32.127816,南京市栖霞区学海路29号,江苏省,南京市,栖霞区,1,f72b2121417365ceb8bd636a
842,1004,南京技师学院学生公寓-5幢,118.922255,32.12735,南京市栖霞区宁镇公路附近南京技师学院学生公寓5幢,江苏省,南京市,栖霞区,1,8e34ca6a6b17b0f41f3894df
843,1005,南京技师学院-教师公寓,118.921704,32.126825,南京市栖霞区仙林大学城学海路29号,江苏省,南京市,栖霞区,1,36547029424999c394031914
844,1006,南京财经大学(仙林校区)-北苑学舍11栋,118.928931,32.122453,江苏省南京市栖霞区南京财经大学仙林校区北苑学舍14号楼,江苏省,南京市,栖霞区,1,e04c290867dc37c0d22dd621
845,1007,南京财经大学(仙林校区)-北苑学舍12栋,118.928443,32.122123,南京市栖霞区文澜路南京财经大学(仙林校区)北门西南侧约100米,江苏省,南京市,栖霞区,1,e8773e390ee220d04f6d464c
846,1008,南京财经大学(仙林校区)-北苑学舍15栋,118.927426,32.121362,南京市栖霞区仙林大学城文苑路3号,江苏省,南京市,栖霞区,1,8dbdbd0d56bc1d5986420e7a
847,1009,鸿运嘉园,118.93005,32.127804,江苏省南京市栖霞区学海路28号,江苏省,南京市,栖霞区,1,0a687837e7e2c0848b2fb5d3
848,1010,南京财经大学(仙林校区)北苑学舍-09栋,118.929188,32.122182,南京市栖霞区北苑路,江苏省,南京市,栖霞区,1,9e13dbbe354ebd022ad7ab62
849,1013,南京财经大学仙林校区北苑学舍13号楼,118.927837,32.121246,南京市栖霞区仙林大学城文苑路3号,江苏省,南京市,栖霞区,1,4a03a3f67d7d8a3e223bf213
850,1016,南京财经大学(仙林校区)-北苑学舍08栋,118.929015,32.121638,江苏省南京市栖霞区南京财经大学仙林校区北苑学舍08号,江苏省,南京市,栖霞区,1,cfb91df9404b289cf7e73b58
851,1018,南京财经大学(仙林校区)-北苑学舍06栋,118.929267,32.121365,南京市栖霞区仙林大学城文苑路3号,江苏省,南京市,栖霞区,1,76b1a15e776bfdb48c1a8978
852,1019,南京财经大学(仙林校区)-北苑学舍05栋,118.929774,32.121714,南京市栖霞区北苑路南京财经大学(仙林校区)北苑学舍05栋,江苏省,南京市,栖霞区,1,67aeccf3daad306bd12dd6e1
853,1020,南京师范大学仙林校区36栋学生公寓,118.920642,32.121795,南京市栖霞区北区一号路南京师范大学(仙林校区)-新北区,江苏省,南京市,栖霞区,1,14b65b42d1efa89197ec840d
854,1021,南京财经大学(仙林校区)-北苑学舍04栋,118.929947,32.12138,南京市栖霞区仙林大学城文苑路3号,江苏省,南京市,栖霞区,1,8d9759858b6e2ea730169b8f
855,1022,中天·铭廷,118.929431,32.130131,南京市栖霞区文成路8号,江苏省,南京市,栖霞区,1,babc3a456ac1dfd76240a92a
856,1024,鸿雁名居,118.931443,32.12866,江苏省南京市栖霞区学海路28号,江苏省,南京市,栖霞区,1,19cd1a5b9a206cd66fa3cc69
857,1025,高科荣域,118.935837,32.128142,南京市栖霞区仙林大学城文宗路8号,江苏省,南京市,栖霞区,1,c7eca12b2d302049e115f96f
858,1026,南京邮电大学-荷苑,118.93844,32.124939,江苏省南京市栖霞区仙境路南京邮电大学(仙林校区)荷苑,江苏省,南京市,栖霞区,1,82118a0564ff23763686f41b
859,1027,南京邮电大学教师公寓12幢,118.933213,32.123526,南京市栖霞区文苑路9号(近南京财经大学仙林校区),江苏省,南京市,栖霞区,1,a4f79d5a5bdffa52f8dc85ed
860,1029,南京邮电大学(仙林校区)教师公寓-11号楼,118.932654,32.123256,南京市栖霞区学海路附近南京邮电大学(仙林校区)教师公寓11号楼,江苏省,南京市,栖霞区,1,ea4c272b33bcd7e828b97c24
861,1030,南京邮电大学学生公寓-41幢,118.939529,32.125112,南京市栖霞区仙境路南京邮电大学(仙林校区),江苏省,南京市,栖霞区,1,caf88b68eb7ad51e9222e080
862,1033,南京邮电大学学生公寓7幢(文澜路),118.931776,32.123197,南京市栖霞区学海路南京邮电大学(仙林校区),江苏省,南京市,栖霞区,1,7d732b958b40138384330463
863,1034,南京邮电大学(仙林校区)-桂苑,118.939522,32.125404,南京市栖霞区仙境路南京邮电大学(仙林校区),江苏省,南京市,栖霞区,1,96772fa2242d7095a1d2308b
864,1035,南京邮电大学学生公寓-12幢,118.939893,32.11728,江苏省南京市栖霞区文苑路9号(近南京财经大学仙林校区),江苏省,南京市,栖霞区,1,91e9b6dee8016d169cec2b0b
865,1038,南京邮电大学学生公寓-6幢,118.939871,32.11609,南京市栖霞区文苑路9号(近南京财经大学仙林校区),江苏省,南京市,栖霞区,1,c916f6509b3b55da04026f7f
866,1042,南京邮电大学学生公寓27-107号,118.93953,32.122939,南京市栖霞区文苑路9号(近南京财经大学仙林校区),江苏省,南京市,栖霞区,1,7eacd407cb6adf7eb75f1e6d
867,1044,诚品城,118.934202,32.130958,南京市栖霞区仙境路29号,江苏省,南京市,栖霞区,1,083a55fa9e05f007256e988d
868,1045,文澜社区,118.935685,32.130229,南京市栖霞区仙境路29号,江苏省,南京市,栖霞区,1,ca879de1dcefb673aeb22add
869,1046,南京邮电大学(仙林校区)-桃苑,118.940022,32.122807,江苏省南京市栖霞区仙境路南京邮电大学(仙林校区)桃苑,江苏省,南京市,栖霞区,1,0625a0581e9c8f3143afe646
870,1049,南京财经大学仙林校区北苑学舍01,118.931,32.12155,南京市栖霞区北苑路南京财经大学(仙林校区),江苏省,南京市,栖霞区,1,552217a28dba8165c3f1cf58
871,1051,南京财经大学仙林校区北苑学舍3号楼,118.930481,32.122092,南京市栖霞区北苑路南京财经大学(仙林校区)北苑学舍03栋,江苏省,南京市,栖霞区,1,1e4a4a6637daf5bcd5b74ea8
872,1052,南京邮电大学学生公寓,118.938441,32.124914,南京市栖霞区鼎山东路南京邮电大学(仙林校区),江苏省,南京市,栖霞区,1,970a1455fe080ad1f8221398
873,1053,青教公寓,118.93282,32.1237,栖霞区邮电大学仙林校区北门,江苏省,南京市,栖霞区,1,da251bfbaeade2fcf13cbaff
874,1055,学仕风华苑-西门,118.931104,32.130045,南京市栖霞区鸿雁路,江苏省,南京市,栖霞区,1,910dd0db0a61bbb98a36eef1
875,1056,南京邮电大学-杏苑,118.938441,32.124944,南京市栖霞区鼎山东路南京邮电大学(仙林校区),江苏省,南京市,栖霞区,1,e979a8f697b8d740ad31e5da
876,1058,亚东新城,118.933935,32.125365,江苏省南京市栖霞区文苑路9号,江苏省,南京市,栖霞区,1,7dbdb37fe5d88c5ee215f94e
877,1059,南京工业职业技术学院学生公寓-16号楼,118.942469,32.127845,南京市栖霞区仙林大学城羊山北路1号,江苏省,南京市,栖霞区,1,6906a508bbd18e360f0a70eb
878,1061,南京邮电大学(仙林校区)-李苑,118.940778,32.123301,江苏省南京市栖霞区南京邮电大学李苑,江苏省,南京市,栖霞区,1,9150eec583930c2609b93af2
879,1062,星叶羊山湖花园-南门,118.945216,32.121919,江苏省南京市栖霞区仙境路18号,江苏省,南京市,栖霞区,1,e7d7366a2d199a25f82d61e5
880,1063,南京邮电大学学生宿舍柳苑,118.940489,32.124242,江苏省南京市栖霞区仙林街道文苑路9号,江苏省,南京市,栖霞区,1,2dd7d646d4ad5945f8f0cb52
881,1064,南京邮电大学学生公寓33幢,118.940938,32.123615,南京市栖霞区仙境路南京邮电大学(仙林校区)李苑学生公寓33号楼,江苏省,南京市,栖霞区,1,684852b00c81632b2efaa729
882,1074,南京工业职业技术学院2号教师公寓,118.942491,32.125137,江苏省南京市栖霞区仙境路南京工业职业技术学院1号教师公寓附近,江苏省,南京市,栖霞区,1,f60d4885ff63495914948e18
883,1075,南京大学仙林校区-学生公寓05幢,118.96019,32.120703,江苏省南京市栖霞区仙南京大学仙林校区学生公寓05幢,江苏省,南京市,栖霞区,1,e3a474f9db292434047ce8f5
884,1076,南京大学仙林校区学生公寓-24幢,118.960218,32.128739,江苏省南京市栖霞区仙林大道163号南京大学仙林校区内,江苏省,南京市,栖霞区,1,4d72d602a7a7e4a40e3dda2f
885,1077,南京大学仙林校区学生公寓-23幢,118.960244,32.129559,南京市栖霞区仙林街道仙林大道163号,江苏省,南京市,栖霞区,1,58f3690df739d09f71210b48
886,1078,南京大学仙林校区学生公寓-16幢,118.957811,32.128511,江苏省南京市栖霞区仙林大道163号南京大学仙林校区内,江苏省,南京市,栖霞区,1,4a3d399f8662079dcf06a415
887,1080,南京大学仙林校区学生公寓-22幢,118.958849,32.129842,南京市栖霞区仙林大道163号,江苏省,南京市,栖霞区,1,7c6e26ab927defa91d580006
888,1085,南京大学仙林校区-学生公寓09幢,118.962343,32.121516,南京市栖霞区仙林大道163号南京大学仙林校区,江苏省,南京市,栖霞区,1,39fa534b6756099695f08c8e
889,1086,南京大学(仙林校区)学生公寓-10幢,118.962897,32.121929,南京市栖霞区南京大学仙林校区学生公寓10幢,江苏省,南京市,栖霞区,1,c595d64de86ea45caecb668e
890,1088,南京大学仙林校区学生公寓-07幢,118.963261,32.120552,南京市栖霞区仙林大道163号南京大学仙林校区,江苏省,南京市,栖霞区,1,deffd2229dccb8d35fd4feb2
891,1089,南京大学仙林校区-学生公寓06幢,118.964597,32.121238,南京市栖霞区仙林大道163号南京大学仙林校区,江苏省,南京市,栖霞区,1,4d728c1819a9abdd7ab55cd7
892,1090,南京大学仙林校区学生公寓-12幢,118.968718,32.120573,南京市栖霞区南京大学仙林校区学生公寓12幢,江苏省,南京市,栖霞区,1,44bcb1eedeb1f607cafa5f99
893,1091,南京大学仙林校区学生公寓-15幢,118.969901,32.12133,江苏省南京市栖霞区仙林大道163号南京大学仙林校区内,江苏省,南京市,栖霞区,1,858b3f9413dd394972210be1
894,1093,南京大学仙林校区学生公寓-13幢,118.9678,32.121367,南京市栖霞区南京大学仙林校区学生公寓13幢,江苏省,南京市,栖霞区,1,8748e62abc022aa27269d369
895,1094,南京大学仙林校区-学生公寓04幢B区,118.960702,32.121173,南京市栖霞区仙林大道163号南京大学仙林校区内,江苏省,南京市,栖霞区,1,25cffc2aac5ed0f601294fff
896,1096,南京大学仙林校区-学生公寓04幢A区,118.960989,32.120587,南京市栖霞区仙林大道163号南京大学仙林校区,江苏省,南京市,栖霞区,1,531fa0cef08c7d62c929156e
897,1097,江苏省体育局-训练中心,118.975777,32.121724,江苏省南京市栖霞区仙林大道169号,江苏省,南京市,栖霞区,1,dcdd41acefe623c1eb12e44e
898,1098,南京体育学院仙林校区大学生公寓A,118.972058,32.122902,南京市栖霞区南京体育学院仙林校区-大学生公寓A幢,江苏省,南京市,栖霞区,1,feba99f9c776c44ebb17e7c6
899,1099,南京体育学院仙林校区大学生公寓C,118.972108,32.123567,南京市栖霞区仙林大道169号,江苏省,南京市,栖霞区,1,e3ec1e6951c9988788b988c5
900,1101,高科荣境,118.987337,32.128001,江苏省南京市栖霞区学森路8号,江苏省,南京市,栖霞区,1,389757b1ec90486c33621236
901,1102,高科荣境·桂山堂,118.982373,32.129745,江苏省南京市栖霞区高科荣境二期(广志路南50米),江苏省,南京市,栖霞区,1,5e5c4e1941dab75a62685810
902,1103,高科荣境-1期,118.987375,32.128007,南京市栖霞区守敬路313号,江苏省,南京市,栖霞区,1,c1ec5215f8e1589886420ed7
903,1104,高科荣境-2期,118.983657,32.126767,南京市栖霞区学森路8号,江苏省,南京市,栖霞区,1,17c6ad323bf0ee7980a00ca0
904,1106,新运动鞋公寓,118.980685,32.124447,南京市栖霞区仙林大道169号省体育局训练中中心运动员公寓,江苏省,南京市,栖霞区,1,edfd8108a711cb39f8dc857e
905,1107,南京万达茂御湖仕家,118.991231,32.126268,江苏省南京市栖霞区仙林大道与守敬路交汇处,江苏省,南京市,栖霞区,1,3ab87b188f394d5fc03644da
906,1108,南京万达茂,118.994333,32.127199,江苏省南京市栖霞区仙林大道181号,江苏省,南京市,栖霞区,1,ca4ed9daeedc2e6dad31e5f7
907,1109,仙林国际花园,119.016874,32.128293,江苏省镇江市句容市仙林东路2号,江苏省,镇江市,句容市,1,2f65899ac7cae03a8f55ec0a
908,1110,仙林国际花园-二期,119.017255,32.127216,江苏省镇江市句容市仙林大道2号,江苏省,镇江市,句容市,1,18415edd8616b0731b11d51b
909,1111,融创物业,118.651601,32.120056,江苏省南京市浦口区珍七路9号,江苏省,南京市,浦口区,1,95633c99aea9f3bea4c7566c
910,1112,商城小区,118.689304,32.114921,江苏省南京市浦口区浦珠南路与珍珠南路交叉口西北侧,江苏省,南京市,浦口区,1,481c63b46b939bfac61b7576
911,1113,珍珠花苑(花园路),118.682577,32.11501,江苏省南京市浦口区顶山街道浦珠南路盛泉新城西门,江苏省,南京市,浦口区,1,5003dc7b3dd7cb03efe4a51d
912,1114,盛泉新城,118.686705,32.116347,江苏省南京市浦口区浦珠中路236号(公交车站),江苏省,南京市,浦口区,1,aca56fc75d9c8c6a4054d708
913,1115,世茂荣里,118.685041,32.112044,江苏省南京市浦口区浦镇大街32号,江苏省,南京市,浦口区,1,bca740efcffa0f83a80dd84d
914,1116,世茂荣里一期(西门),118.684879,32.110542,江苏省南京市浦口区浦镇大街,江苏省,南京市,浦口区,1,a0e89f96aaf759222b3a9f42
915,1117,南苑社区,118.69605,32.120672,江苏省南京市浦口区浦厂南苑(浦珠中路北),江苏省,南京市,浦口区,1,7de75d69203ffe59ce04ef8c
916,1118,浦厂南苑-31幢,118.69848,32.120188,江苏省南京市浦口区浦珠中路208号浦厂南苑31幢,江苏省,南京市,浦口区,1,0379f793610feac15b109331
917,1120,恒辉假日广场,118.695849,32.112716,江苏省南京市浦口区珍珠南路1号,江苏省,南京市,浦口区,1,cb60eb4ca52abf66bfa82282
918,1121,中车南京浦镇车辆有限公司-南门,118.69529,32.121509,南京市浦口区浦乌路与浦厂路交叉口北50米,江苏省,南京市,浦口区,1,27e368689fa743840782c2c7
919,1122,东浦厂小区,118.692908,32.113183,南京市浦口区珍珠南路2号,江苏省,南京市,浦口区,1,66cb43b2e628ecfe7ab55c3b
920,1123,明发·城市广场,118.692543,32.111296,南京市浦口区珍珠南路2号,江苏省,南京市,浦口区,1,3aa62b7f13ff456e1fe99957
921,1124,南京铁道职业技术学院青年公寓,118.703567,32.111977,南京市浦口区珍珠南路65号,江苏省,南京市,浦口区,1,67e71e387fabc7b62b11d16b
922,1125,浦厂南苑-南门,118.69953,32.117497,南京市浦口区浦珠北路浦厂医院分院附近,江苏省,南京市,浦口区,1,80dd6ea572410c1f8d7727fa
923,1126,浦厂南苑(北门),118.697976,32.120153,南京市浦口区浦江线附近,江苏省,南京市,浦口区,1,1f33d57d8044744d26e0a085
924,1127,丽都雅苑,118.700884,32.118907,江苏省南京市浦口区浦珠中路202号(公交车站),江苏省,南京市,浦口区,1,3f826ed3e6deb946d1f49efc
925,1128,浦欣家园,118.708955,32.113007,南京市浦口区新马路175号,江苏省,南京市,浦口区,1,9fbfeef222ccdd45ede4a5fc
926,1129,丽都鸿图阁,118.707653,32.119999,浦珠北路120号,江苏省,南京市,浦口区,1,ef17e1ef6f754ee1e6073823
927,1130,万江·共和新城,118.713336,32.115665,江苏省南京市浦口区泰山街道万江共和新城天和苑,江苏省,南京市,浦口区,1,66f8f19d6e89c606f7b91632
928,1131,万江·共和新城人和苑,118.708512,32.116118,江苏省南京市浦口区浦珠北路139号,江苏省,南京市,浦口区,1,5c5af3851cf40f7a047ce818
929,1132,万江共和新城红公馆9号楼,118.709089,32.116322,南京市浦口区浦珠北路139号,江苏省,南京市,浦口区,1,478722bf705d516626e0a091
930,1133,珍珠雅苑,118.700889,32.112543,"珍珠南路158号,浦云路18号",江苏省,南京市,浦口区,1,6fad96642fb403d3882fb5a5
931,1134,澳林广场,118.705347,32.118729,江苏省南京市浦口区浦珠北路126号澳林广场F1,江苏省,南京市,浦口区,1,8e68a858c8a5b972c8213d2c
932,1135,恒辉翡翠花园,118.709136,32.119719,江苏省南京市浦口区浦珠北路110号,江苏省,南京市,浦口区,1,55d24f221f586dff901fc914
933,1136,六号公馆(澳林广场),118.704726,32.118702,江苏省南京市浦口区浦珠北路126号澳林广场F1澳林广场F1,江苏省,南京市,浦口区,1,901a2f6dbccf709e3010afb8
934,1138,丽都雅苑-南门,118.700195,32.117622,南京市浦口区浦珠中路202号,江苏省,南京市,浦口区,1,f0d6d8ccae2a9821343a7183
935,1139,南京丽都嘉园-B区,118.704258,32.118961,南京市浦口区点将台路澳林广场西侧,江苏省,南京市,浦口区,1,cfa20559686007357069d30a
936,1140,恒辉翡翠花园-东南门,118.709141,32.118933,南京市浦口区浦珠北路110号,江苏省,南京市,浦口区,1,24637320436f111a6f3e1b63
937,1141,澳林广场B区-东南2门,118.705393,32.118287,江苏省南京市浦口区浦珠北路126号,江苏省,南京市,浦口区,1,380c67cae398ec8c6d20b92c
938,1142,万江共和新城人和苑-西门,118.707713,32.115527,江苏省南京市浦口区新马路万江共和新城人和苑(红公馆旁),江苏省,南京市,浦口区,1,782c120dc145a6e4774ff173
939,1143,南京铁道职业技术学院人才公寓,118.702336,32.110252,江苏省南京市浦口区珍珠南路65号,江苏省,南京市,浦口区,1,b3f64f8b9909b4d1cb213dee
940,1144,滨河御景,118.714524,32.118966,南京市浦口区浦珠北路129号(公交车站),江苏省,南京市,浦口区,1,448c445178361579336212f2
941,1145,锦汇苑,118.715616,32.114539,南京市浦口区浦东路21号(浦珠路与浦东路的交会处),江苏省,南京市,浦口区,1,23580709aca6e7ebcb213d06
942,1146,浦东村,118.720177,32.113997,江苏省南京市浦口区浦东路13号,江苏省,南京市,浦口区,1,b14a3866259756d1364aae40
943,1147,万江共和新城-地和苑,118.712393,32.114814,江苏省南京市浦口区浦珠北路139号,江苏省,南京市,浦口区,1,0dc3d82d6072996c75e5b6fc
944,1149,锦城社区,118.717759,32.113225,南京市浦口区泰山街道浦东路17号,江苏省,南京市,浦口区,1,2c0bd6c5feb34ed742ab9abe
945,1150,宜馨苑小区,118.715802,32.118342,南京市浦口区浦东路111号,江苏省,南京市,浦口区,1,8fde79cc8ac495c395ca07ee
946,1151,南京市浦口区健康教育所(浦东路),118.720789,32.114681,南京市浦口区浦东路13号,江苏省,南京市,浦口区,1,eaa695f3d74fd08c88f15d0a
947,1153,万江·共和新城天和苑西区,118.713097,32.116922,江苏省南京市浦口区共和路与浦苑路交叉口西150米,江苏省,南京市,浦口区,1,43d0beb64afd2b7fa80dd859
948,1154,锦汇苑-北门,118.716714,32.116628,南京市浦口区浦东路21号,江苏省,南京市,浦口区,1,ef6f81fae330d1b13617dc4d
949,1155,万江·共和新城天和苑东区,118.714823,32.115972,天和苑东区,江苏省,南京市,浦口区,1,244d65fe8260c6162fb9089b
950,1156,浦东路6号住宅,118.723416,32.114072,江苏省南京市浦口区浦东路6号,江苏省,南京市,浦口区,1,0a52d8f7288274e49f09f77a
951,1157,大华锦绣华城香榭美颂-22栋,118.725892,32.120569,江苏省南京市浦口区乐华路大华锦绣华城·香榭美颂,江苏省,南京市,浦口区,1,c0bb67da326951fb3c9a5eaa
952,1159,津浦新村,118.720223,32.112962,浦东路,江苏省,南京市,浦口区,1,eef93d913ce2cde0e8f8532b
953,1160,香榭美墅,118.729809,32.116351,南京市浦口区浦园北路香鸢美颂,江苏省,南京市,浦口区,1,b0443f97ca5a7cf06240a9e3
954,1161,浦东二村(柳浦线),118.725528,32.114747,南京市浦口区浦东路浦东二村,江苏省,南京市,浦口区,1,513335ad58d1f61903ec010b
955,1162,宁港二村,118.727667,32.112046,宁港二村,江苏省,南京市,浦口区,1,209cbb7beb5f1b4bf80cad51
956,1163,江月府,118.726805,32.114218,南京市浦口区泰山街道浦园北路1号,江苏省,南京市,浦口区,1,9397b12a118352946fc02cd8
957,1164,香鸢美颂,118.726973,32.117406,江苏省南京市浦口区浦园北路5号,江苏省,南京市,浦口区,1,cc0c039f63b7219f48cc4a2d
958,1165,大华锦绣华城·临江苑,118.7232,32.118563,南京市浦口区浦珠北路59号,江苏省,南京市,浦口区,1,15e1e85ec4c352a2581093fc
959,1166,浦园村小区,118.724426,32.111231,南京市浦口区浦园路18号,江苏省,南京市,浦口区,1,099ada8c921f69d003ff2dd5
960,1167,浦建村,118.722946,32.113155,南京市浦口区浦东路7号,江苏省,南京市,浦口区,1,52e9d1ea3ace8daabca822d2
961,1168,宁港一村,118.72764,32.110204,江苏省南京市浦口区宁港一村(浦口公园北180米),江苏省,南京市,浦口区,1,4eef8713b61d9a4b6140a914
962,1169,飞浦小区,118.726183,32.110035,南京市浦口区浦东路6号,江苏省,南京市,浦口区,1,cf63dae020695f94c5effb12
963,1170,香邑美颂,118.729371,32.113614,江苏省南京市浦口区浦园北路6号,江苏省,南京市,浦口区,1,ab784ba78006b832364aae66
964,1171,煤炭设计研究院家属小区,118.721413,32.119505,南京市浦口区浦东路20号,江苏省,南京市,浦口区,1,d8cf5c5af0eef1c3ab059d76
965,1173,大华锦绣华城·香醍美颂,118.733547,32.117288,江苏省南京市浦口区柳洲南路18号,江苏省,南京市,浦口区,1,4a7a24ebbe785da16fa3cc75
966,1175,锦绣华府,118.753583,32.110945,南京市鼓楼区宝塔桥西街18号,江苏省,南京市,鼓楼区,1,05e69b4bb5fc26ae86420e07
967,1176,金陵新四村-15号,118.766656,32.114616,江苏省南京市鼓楼区金陵新四村15号,江苏省,南京市,鼓楼区,1,26f131ff01c3c9d688fc06c6
968,1177,金陵新-九村,118.767502,32.116965,江苏省南京市鼓楼区燕江路60号,江苏省,南京市,鼓楼区,1,70313efa2814551ad7851f6d
969,1178,宝塔桥东街社区,118.764029,32.116451,宝塔桥东街72号,江苏省,南京市,鼓楼区,1,060f5e533b0408d7091cc786
970,1179,金陵小区20号大院,118.763378,32.115615,南京市鼓楼区宝塔桥东街20号,江苏省,南京市,鼓楼区,1,4dfbbbe37eff519aa3acc4ea
971,1180,宝塔桥东街16号大院,118.762875,32.114874,南京市鼓楼区宝塔桥东街16号,江苏省,南京市,鼓楼区,1,dffd464219f108cf3c9a5e20
972,1181,宝象花园,118.76621,32.112169,南京市鼓楼区金陵村100号,江苏省,南京市,鼓楼区,1,958b68aa362a805fc7f50dc4
973,1182,燕禾园,118.76928,32.113304,江苏省南京市鼓楼区金陵村96号,江苏省,南京市,鼓楼区,1,1cea15a9ed9716b907fef515
974,1183,金陵五村,118.768824,32.11613,中央路258号,江苏省,南京市,鼓楼区,1,10174ff3c2a9e83933169b3c
975,1184,金陵新二村,118.763337,32.109741,南京市鼓楼区燕江路,江苏省,南京市,鼓楼区,1,12e0fa728d54ddcd36b06c84
976,1185,金陵新六村,118.771095,32.117145,江苏省南京市鼓楼区燕江路90号附近,江苏省,南京市,鼓楼区,1,87b6a20d6d1c2f24fb42b23e
977,1186,金陵新三村,118.764756,32.113906,江苏省南京市鼓楼区金陵新三村(燕江路南60米),江苏省,南京市,鼓楼区,1,6caf8e37dfa7b7f5ede4a52c
978,1187,金陵小区,118.769934,32.116716,南京市鼓楼区金象路与金燕路交叉路口往北约50米(金陵新五村),江苏省,南京市,鼓楼区,1,00f1c7fbc93ceb61c056ac1e
979,1188,金陵新八村(燕江路),118.769658,32.118168,南京市鼓楼区燕江路54号,江苏省,南京市,鼓楼区,1,32626cb7e9d7a06428d7aba9
980,1189,金陵船厂公寓楼,118.770617,32.119568,南京市鼓楼区,江苏省,南京市,鼓楼区,1,c901ede93e4f40f5bb17e76a
981,1190,金陵一村,118.771392,32.109614,江苏省南京市鼓楼区双燕路,江苏省,南京市,鼓楼区,1,f3c2373c52490b52d32dd686
982,1191,燕江园小区,118.770125,32.111369,南京市鼓楼区金燕路,江苏省,南京市,鼓楼区,1,161a0ed2c70b2a505dd4fe86
983,1192,新建综合楼,118.763317,32.113444,南京市鼓楼区金象路金陵新-三村,江苏省,南京市,鼓楼区,1,c9ecc08a7fee7a1288db7370
984,1193,中国中铁大桥局集团第二工程有限公司,118.763177,32.114222,江苏省南京市鼓楼区燕江路66号,江苏省,南京市,鼓楼区,1,551d352fc2c2809a25e0a0cd
985,1195,金陵村68号大院,118.774326,32.114503,江苏省南京市鼓楼区金陵村68号,江苏省,南京市,鼓楼区,1,382283d0fb5aa6ec8bdb736f
986,1197,江雁依山郡,118.776202,32.112995,南京市鼓楼区幕府西路88号,江苏省,南京市,鼓楼区,1,08017f7959fbb3611c389465
987,1198,燕康园,118.772436,32.116557,南京市鼓楼区金陵村40号,江苏省,南京市,鼓楼区,1,8fa14fc3d904e36ef6eafc86
988,1199,山水雅苑,118.772344,32.11379,南京市鼓楼区宝燕南路8号,江苏省,南京市,鼓楼区,1,d1e2550a8d0cb705873304bc
989,1200,幕府佳园,118.778884,32.115197,南京市鼓楼区幕府西路28号,江苏省,南京市,鼓楼区,1,b0d056f25e881e7ecbc3db86
990,1201,金陵新四村,118.766896,32.114984,中央路258号,江苏省,南京市,鼓楼区,1,4386e4669c638caaf82213a0
991,1202,金陵新-七村,118.770483,32.114842,中央路258号,江苏省,南京市,鼓楼区,1,09feacbd8c31fae1a2a9344d
992,1203,依山郡社区,118.775128,32.110806,宝塔桥街道幕府西路88号依山郡花园33幢,江苏省,南京市,鼓楼区,1,14883e15b2f46aac75e5b63e
993,1204,燕归园,118.772217,32.111447,南京市鼓楼区宝燕南路20号,江苏省,南京市,鼓楼区,1,c7eca12b605efd37e015f986
994,1206,上元里,118.780231,32.11836,南京市鼓楼区中央北路249号,江苏省,南京市,鼓楼区,1,637df60aa0f3be7241afe686
995,1207,金域中央二街区-2北门,118.778212,32.110825,南京市鼓楼区幕府西路29-19号附近,江苏省,南京市,鼓楼区,1,b4f88fe1d76e2c9bdb1318e3
996,1208,金域中央街区-1期,118.779998,32.111396,江苏省南京市鼓楼区金域中央街区,江苏省,南京市,鼓楼区,1,d305db1f6de8b643922ca3a0
997,1209,金域中央街区-2西区,118.778169,32.110289,南京市鼓楼区幕府西路33号,江苏省,南京市,鼓楼区,1,5591d0e62b206b478c55ecc9
998,1211,金域中央街区1期-3幢,118.780219,32.110945,江苏省南京市鼓楼区金域中央街区3栋,江苏省,南京市,鼓楼区,1,bda829ce174fed3103ec0121
999,1212,金域中央广场,118.778893,32.112118,江苏省南京市鼓楼区幕府西路29号(靠近五塘村广场),江苏省,南京市,鼓楼区,1,4bed87a44455b66480a12ea9
1000,1213,盛景园,118.785788,32.115165,南京市鼓楼区中央北路168号,江苏省,南京市,鼓楼区,1,101bc61b853952dec52ba1a0
1001,1214,五塘村社区,118.785428,32.114159,江苏省南京市鼓楼区幕府山街道,江苏省,南京市,鼓楼区,1,0a15c7ecd7afe8ffed74f81e
1002,1215,幕府一村,118.782562,32.113111,江苏省南京市鼓楼区中央北路143号(五塘广场地铁站),江苏省,南京市,鼓楼区,1,606ab0d0ffec1b2a0f3dda86
1003,1216,盛景园-二期,118.786711,32.114514,南京市鼓楼区中央北路168号,江苏省,南京市,鼓楼区,1,7c16442a0cb5d98b30621215
1004,1217,美景雅苑,118.785924,32.113258,南京市鼓楼区幕府山街道中央北路141号,江苏省,南京市,鼓楼区,1,56f2f69654dcda800ba8d486
1005,1218,五塘和园,118.7876,32.11697,五塘村99-177号,江苏省,南京市,鼓楼区,1,410e7956e2a822024f6d46e1
1006,1219,星河翠庭,118.78243,32.114523,南京市鼓楼区幕府西路9号,江苏省,南京市,鼓楼区,1,15a938101cfe24c114c8f615
1007,1220,幕府三村,118.78394,32.11792,南京市鼓楼区幕府东路1号,江苏省,南京市,鼓楼区,1,404001971b8931bcd72ce27b
1008,1221,五塘新村南汽一村-4幢,118.788635,32.114116,南京市鼓楼区五塘新村南汽一村4幢,江苏省,南京市,鼓楼区,1,e812cd8c4ec63e666240a9a0
1009,1222,南京市云燕园住宅小区,118.785099,32.112152,南京市鼓楼区五塘新村89号,江苏省,南京市,鼓楼区,1,0523a1415caa621db33c8186
1010,1223,金福润食品有限公司五塘男工公寓,118.788156,32.113117,南京市鼓楼区伍佰村路1号,江苏省,南京市,鼓楼区,1,955892908703c3c401897295
1011,1224,五塘新村1号小区,118.789104,32.113376,南京市鼓楼区五塘新村1号,江苏省,南京市,鼓楼区,1,35e7b8742a026984b54f5416
1012,1225,汽轮五村,118.788425,32.112561,南京市鼓楼区五佰村路96-2号,江苏省,南京市,鼓楼区,1,bd5046e8dec33a41d62ce286
1013,1226,五塘新村二段小区,118.789813,32.114533,江苏省南京市鼓楼区五佰村路2号西90米,江苏省,南京市,鼓楼区,1,3e67d13c220ca3924f6d46a2
1014,1227,伍佰村1-9临,118.788912,32.11253,五佰村路96-2号附近,江苏省,南京市,鼓楼区,1,7bbce164f481e252cac3dbf7
1015,1228,五塘新村,118.79014,32.116654,南京市鼓楼区五佰村路,江苏省,南京市,鼓楼区,1,2cc3c8e85a2d8dd64c2fdf86
1016,1229,伍佰村2-9临,118.789795,32.114118,南京市鼓楼区五佰村路五塘新村二段小区,江苏省,南京市,鼓楼区,1,2ede8f99dec5ca30c26c14fe
1017,1230,伍佰村2-10临,118.79012,32.113909,南京市鼓楼区五佰村路五塘新村二段小区东南侧,江苏省,南京市,鼓楼区,1,3ae3709f4834067af503b8f2
1018,1231,中央北路126号院,118.787649,32.111607,南京市鼓楼区中央北路126号,江苏省,南京市,鼓楼区,1,5b3db73d18401dd0b04c494b
1019,1232,白云雅居(幕云路),118.784757,32.119673,南京市鼓楼区幕府东路15号,江苏省,南京市,鼓楼区,1,6434877f3810616e9d9d68bc
1020,1233,张王庙-148号,118.785192,32.110899,江苏省南京市鼓楼区张王庙148号,江苏省,南京市,鼓楼区,1,c1680a96c066ee045e17c386
1021,1234,栖霞公路管理站宿舍,118.787838,32.111588,南京市鼓楼区中央北路130号,江苏省,南京市,鼓楼区,1,20820d6d1098ff5cdc1e522b
1022,1235,吾家99公寓,118.790413,32.113548,江苏省南京市鼓楼区伍佰村路2号吾家,江苏省,南京市,鼓楼区,1,d61be26c38aff851a7c7562f
1023,1236,格林西苑,118.790268,32.113754,南京市鼓楼区伍佰村路2号,江苏省,南京市,鼓楼区,1,8e1f937671903f579022e076
1024,1237,张王庙-41号,118.78541,32.110771,江苏省南京市鼓楼区张王庙41号,江苏省,南京市,鼓楼区,1,873f0fcd5b7a771e00ff2d72
1025,1238,白云新寓,118.782461,32.119307,南京市鼓楼区中央北路226号,江苏省,南京市,鼓楼区,1,5e53af1a7675185f4051c086
1026,1239,星河广场,118.780479,32.113714,南京市鼓楼区幕府西路9号,江苏省,南京市,鼓楼区,1,ab289d40024fc5a07e29bd38
1027,1240,赛城国际大厦,118.784036,32.115811,南京市鼓楼区中央北路185号,江苏省,南京市,鼓楼区,1,3ec0a560ec74997a9e9d6867
1028,1241,绿地·缤纷广场,118.785884,32.118065,江苏省南京市鼓楼区中央北路与幕府东路交汇处东北(地铁3号线五塘广场站2号出口),江苏省,南京市,鼓楼区,1,c3c21d178726739f26e0a042
1029,1242,上元里-180号,118.780587,32.117998,南京市鼓楼区中央北路南京市客运交通管理处从业资格管理中心五塘考点,江苏省,南京市,鼓楼区,1,a2141bc48452ddca118824d7
1030,1243,伍佰村2-7临,118.790417,32.114408,南京市鼓楼区五佰村路五塘新村二段小区,江苏省,南京市,鼓楼区,1,8b143246d468f4099cf77996
1031,1244,格林东苑,118.793047,32.115797,南京市鼓楼区伍佰村3-2号,江苏省,南京市,鼓楼区,1,5c0feaf5abf6f49b50e5c5da
1032,1245,五百村大院,118.794221,32.117723,南京市鼓楼区幕府东路与五佰村路交叉路口往南约230米,江苏省,南京市,鼓楼区,1,110737d0078aa8a55bf6be16
1033,1246,五百村5号小区,118.791865,32.115641,南京市鼓楼区伍佰村路5号,江苏省,南京市,鼓楼区,1,76ffd11a6abaf27680a00cb2
1034,1247,伍佰村7-4临,118.792224,32.116215,南京市鼓楼区五佰村路五百村5号小区,江苏省,南京市,鼓楼区,1,485e3cab6bd12a76774ff1fe
1035,1248,伍佰村7-3临,118.792057,32.115973,南京市鼓楼区五佰村路五百村5号小区,江苏省,南京市,鼓楼区,1,30b767a0debe541e57bfffff
1036,1249,石城家园,118.792102,32.114665,南京市鼓楼区伍佰村路3号,江苏省,南京市,鼓楼区,1,251374c989e5173fa01de986
1037,1250,幕府花园,118.795217,32.117368,南京市鼓楼区五佰村65号,江苏省,南京市,鼓楼区,1,c49c7116e3b458d0ee74f8e9
1038,1252,伍佰村路小区,118.79329,32.118639,南京市鼓楼区幕府东路与幕盛路交叉口东南150米,江苏省,南京市,鼓楼区,1,83ab727fd8249c06c51b7537
1039,1253,南汽三村小区,118.791577,32.116664,南京市鼓楼区幕盛路与五佰村路交叉路口往北约100米(南汽大二村南侧),江苏省,南京市,鼓楼区,1,f87e2b6d9bfff07f4f6d4673
1040,1254,五百新寓,118.794778,32.119337,南京市鼓楼区幕府东路84号,江苏省,南京市,鼓楼区,1,34f68ab060da7b0a8e55ec86
1041,1255,黄方村 1 号小区,118.795775,32.11951,南京市鼓楼区黄方村1号,江苏省,南京市,鼓楼区,1,90ead3c50756ed0cf32d8333
1042,1256,伍佰村2-3临,118.790411,32.114411,南京市鼓楼区五佰村路五塘新村二段小区,江苏省,南京市,鼓楼区,1,bd021ab4772a86f1d618b76a
1043,1260,伍佰村2-6临,118.790398,32.114106,南京市鼓楼区五佰村路吾家99公寓北侧,江苏省,南京市,鼓楼区,1,917be607adebd84295f08cb5
1044,1261,北崮戎院,118.795605,32.109306,江苏省南京市鼓楼区安怀村460号,江苏省,南京市,鼓楼区,1,85c7f44ee92d9e3c22f01707
1045,1263,盛世花园-5幢,118.799961,32.11982,南京市鼓楼区幕府东路96号盛世花园5幢,江苏省,南京市,鼓楼区,1,e135d9e96bfa4d7fcd04ef3b
1046,1264,人民日报社宿舍,118.800108,32.119611,南京市鼓楼区下关幕府东路黄方村83号,江苏省,南京市,鼓楼区,1,fa570bbc30bfb6993586f48f
1047,1265,绿苑,118.805994,32.11707,南京市鼓楼区安怀村468号,江苏省,南京市,鼓楼区,1,b30b473c567d82d695f08c50
1048,1266,南京新都国际公寓,118.805409,32.108625,东井村100号,江苏省,南京市,鼓楼区,1,0e8d5cf7936527646168587f
1049,1267,文景花园,118.806111,32.115059,南京市鼓楼区窑上村16号,江苏省,南京市,鼓楼区,1,adb1c86d487a47061288244e
1050,1268,窑上村,118.810019,32.124836,南京市鼓楼区,江苏省,南京市,鼓楼区,1,2c0bd6c530b30caa42ab9a82
1051,1269,复地新都国际公寓-三期,118.805,32.11111,安怀东路8号,江苏省,南京市,鼓楼区,1,bae1fd51f358410eadb22af4
1052,1270,旭日景城-41栋,118.792928,32.120385,江苏省南京市鼓楼区旭日景城41栋,江苏省,南京市,鼓楼区,1,8717ed11145e4d9d4afc8dde
1053,1271,南汽宿舍-1幢,118.816204,32.114724,南京市栖霞区迈皋桥街2号,江苏省,南京市,栖霞区,1,7999ed88120b11c5f32d83a3
1054,1272,南汽宿舍-2幢,118.816641,32.11477,南京市栖霞区迈皋桥街2号,江苏省,南京市,栖霞区,1,9b3341dc62ad9c49ad045786
1055,1273,南汽宿舍-4幢,118.816294,32.11474,南京市栖霞区迈皋桥街2号,江苏省,南京市,栖霞区,1,738fdb2df5b5a18303ff2d79
1056,1274,跃进公司宿舍,118.816751,32.114611,南京市栖霞区迈皋桥街2号,江苏省,南京市,栖霞区,1,034ac805ead5c1602b3a9f29
1057,1275,南汽宿舍-3幢,118.817032,32.11473,南京市栖霞区迈皋桥街2号,江苏省,南京市,栖霞区,1,ff9c0e4e06469c7e1894c62a
1058,1276,教工新村(迈皋桥街),118.816558,32.114093,南京市栖霞区迈皋桥街3号,江苏省,南京市,栖霞区,1,b4d4460f897b931436b06c77
1059,1277,南汽宿舍-5幢,118.817114,32.114485,南京市栖霞区迈皋桥街2号,江苏省,南京市,栖霞区,1,58df548c79cf966b7d29bdb8
1060,1278,跃进公司集体宿舍-1幢,118.817671,32.115783,南京市栖霞区迈皋桥街合班村,江苏省,南京市,栖霞区,1,a73cea78e04630dddbd89129
1061,1279,合班村5号院-6幢,118.817713,32.116286,江苏省南京市栖霞区合班村5号小区,江苏省,南京市,栖霞区,1,3d34aa6b03c2f6183fe2319a
1062,1280,南京新港中等专业学校学生公寓,118.81419,32.113196,南京市栖霞区迈皋桥街6号,江苏省,南京市,栖霞区,1,d6c187014d95dd944251c07e
1063,1281,合班村,118.818381,32.11626,南京市栖霞区迈皋桥和燕路305号,江苏省,南京市,栖霞区,1,108b1cea672d7aaf3586f41e
1064,1282,迈皋桥街18号小区,118.815469,32.112776,迈皋桥街18号,江苏省,南京市,栖霞区,1,43449bac1a60132314b54b7b
1065,1283,迈皋桥街22号小区,118.816223,32.112698,南京市栖霞区迈皋桥街22号,江苏省,南京市,栖霞区,1,98cb24a501c1a573a80dd855
1066,1284,南天园,118.815941,32.112535,南京市栖霞区迈皋桥街42号,江苏省,南京市,栖霞区,1,baf84b4e12c86ec9774ff1ad
1067,1285,北城世家,118.818848,32.11568,南京市栖霞区迈皋桥街道和燕路356号,江苏省,南京市,栖霞区,1,470e5ffc486a70d342d63e51
1068,1286,和燕路合班村17号住宅小区,118.817992,32.117833,江苏省南京市栖霞区和燕路合班村17号,江苏省,南京市,栖霞区,1,339c537fe838eefd1188247a
1069,1287,南砖新村,118.818909,32.114607,南京市栖霞区和燕路353号,江苏省,南京市,栖霞区,1,c93ccb550b43ec01afee7a08
1070,1288,电建公司宿舍,118.8161,32.11256,江苏省南京市栖霞区迈皋桥街22号,江苏省,南京市,栖霞区,1,f5930569a20a74bc15a1901d
1071,1289,宁欣苑小区,118.818386,32.117457,江苏省南京市栖霞区合班村32号,江苏省,南京市,栖霞区,1,bbcc183eebd005a15d0d0258
1072,1290,和燕路293号院,118.816569,32.112254,南京市栖霞区和燕路293号,江苏省,南京市,栖霞区,1,6619eecff2d667409122e079
1073,1291,迈苑小区,118.814961,32.111721,栖霞区迈皋桥街48号,江苏省,南京市,栖霞区,1,6955e6482826882f591093a1
1074,1292,馨怡园,118.819486,32.116058,南京市栖霞区和燕路356号,江苏省,南京市,栖霞区,1,28e700f1a3c78d7c085cb3a0
1075,1293,和燕花苑,118.81266,32.111972,江苏省南京市栖霞区迈皋桥街256号,江苏省,南京市,栖霞区,1,44207646aaab926bdeee8b56
1076,1294,泰悦大厦,118.815896,32.11126,南京市栖霞区迈皋桥和燕路285号,江苏省,南京市,栖霞区,1,8cba4bb06d96b484ad045751
1077,1295,迈皋桥街-184号院,118.814876,32.111152,南京市栖霞区迈皋桥街184号,江苏省,南京市,栖霞区,1,5bc2be749f54b15dc3364455
1078,1296,长营缘,118.818889,32.111852,长营村28号,江苏省,南京市,栖霞区,1,8eb48fa19f8dfba6f32d8356
1079,1297,迈尧路18,118.819638,32.112629,南京市栖霞区迈尧路18号,江苏省,南京市,栖霞区,1,59d4bbb83a7f85d14d2fdf2d
1080,1298,林景·瑞园,118.819154,32.118535,江苏省南京市栖霞区和燕路319号,江苏省,南京市,栖霞区,1,083a55fac7453b79246e9856
1081,1299,长营村34幢小区,118.818087,32.111419,江苏省南京市栖霞区华电路长营村34幢,江苏省,南京市,栖霞区,1,58ff21acda26c8e502897244
1082,1300,长营村北区-33幢,118.818597,32.111391,南京市栖霞区华电路341号,江苏省,南京市,栖霞区,1,af5d58ef017ff215260bd02a
1083,1301,长营村-北区,118.818468,32.111538,南京市栖霞区长营村28号,江苏省,南京市,栖霞区,1,870c102ced3a3b9892114c61
1084,1302,长营村20号小区,118.819586,32.112145,江苏省南京市栖霞区迈皋桥和燕路长营村20号小区,江苏省,南京市,栖霞区,1,99062b7cb23fc376a8175a65
1085,1303,长营村15号小区,118.820369,32.112592,江苏省南京市栖霞区长营村15号,江苏省,南京市,栖霞区,1,eef2d52868c599da3ae4a6a0
1086,1304,长营村29号小区,118.819123,32.111204,南京市栖霞区长营村29号,江苏省,南京市,栖霞区,1,f7e871c71f69dddbc8e33c93
1087,1305,迈街社区,118.810971,32.111465,南京市栖霞区迈皋桥街260号,江苏省,南京市,栖霞区,1,9917df3783072a7bae080f5a
1088,1306,长营村98号小区,118.819388,32.111003,南京市栖霞区迈皋桥长营村98号,江苏省,南京市,栖霞区,1,2a955b6a9a2d3845c8213dfe
1089,1307,泰悦大厦-商务中心,118.81579,32.111308,南京市栖霞区迈皋桥和燕路285号,江苏省,南京市,栖霞区,1,a4fae224f268360a7702693b
1090,1308,锦华大厦,118.816155,32.111631,南京市栖霞区和燕路289号,江苏省,南京市,栖霞区,1,50fb64ff1baecf5de9f85351
1091,1309,迈皋桥街18号小区-东门,118.815825,32.112882,南京市栖霞区迈皋桥街18号,江苏省,南京市,栖霞区,1,93ea17f398c0cdd422026233
1092,1311,枫桥雅筑,118.825999,32.114188,江苏省南京市栖霞区合班村210号,江苏省,南京市,栖霞区,1,bb2fb4a03473e5c54207c1a1
1093,1312,金浦御龙湾洋房,118.821994,32.11665,南京市栖霞区和燕路390号,江苏省,南京市,栖霞区,1,7d4c8b3b5296934740afe63a
1094,1313,绿茵小区,118.823704,32.112117,南京市栖霞区华电路长营村99号,江苏省,南京市,栖霞区,1,49d95938376fcc3ec61e510b
1095,1314,迈燕新城,118.828602,32.117466,江苏省南京市栖霞区迈皋桥(迈尧路北60米),江苏省,南京市,栖霞区,1,b1b905732b35298281a12ee8
1096,1315,和美小区,118.821781,32.118249,南京市栖霞区和燕路388号,江苏省,南京市,栖霞区,1,aeb898cbddf315948bf15d6c
1097,1316,仙踪林苑左右阳光,118.821264,32.113159,江苏省南京市栖霞区迈皋桥街道迈尧路18号,江苏省,南京市,栖霞区,1,6fa89ec10f97931dfa0cade4
1098,1317,兰亭雅苑,118.826959,32.111384,江苏省南京市栖霞区迈皋桥网板路16号,江苏省,南京市,栖霞区,1,90098a62d113acffa2d2307d
1099,1318,苏宁环球名都花园,118.826564,32.119318,南京市栖霞区和燕路396号,江苏省,南京市,栖霞区,1,07db0a2e8a5ec8f308f5eb44
1100,1319,和燕路388号小区,118.821498,32.118392,南京市栖霞区和燕路388号,江苏省,南京市,栖霞区,1,e96b4420af089f5982288a56
1101,1320,南塑新村(迈尧路),118.820624,32.113958,南京市栖霞区迈尧路123号,江苏省,南京市,栖霞区,1,c61bd3052a51d468c27da256
1102,1321,弘燕名居,118.820647,32.11737,南京市栖霞区和燕路386号(迈稿桥),江苏省,南京市,栖霞区,1,680fb7033225a99c8bb98856
1103,1322,金浦御龙湾-B区,118.822508,32.118807,南京市栖霞区青城路2号;丰清路9号,江苏省,南京市,栖霞区,1,32819e867341727b882fb5a1
1104,1325,长营村145号小区,118.822721,32.110673,南京市栖霞区长营村145号,江苏省,南京市,栖霞区,1,2c462fe6ae54821c9d82eadf
1105,1326,金纺园,118.828273,32.110604,南京市栖霞区网板路14号,江苏省,南京市,栖霞区,1,2ad32cc3661d1a8f9d95deef
1106,1328,保利朗诗蔚蓝,118.83035,32.119554,南京市栖霞区玉尚路11号,江苏省,南京市,栖霞区,1,5274f6c80b1fea22d3ff23f7
1107,1329,方圆兰庭,118.82961,32.11044,江苏省南京市栖霞区网板路12-16号,江苏省,南京市,栖霞区,1,dbf4d6ee27d1612a6fa3ccef
1108,1330,和燕路小区,118.821219,32.11979,南京市栖霞区和燕路325号,江苏省,南京市,栖霞区,1,785e74d31c96b810eedfca94
1109,1331,长营村-南区,118.819868,32.110419,南京市栖霞区华电路与华电东路交叉路口往北约100米,江苏省,南京市,栖霞区,1,fdb96b1fbe34390ad22dd6bb
1110,1333,合班家园,118.834708,32.115676,南京市栖霞区电建路16号,江苏省,南京市,栖霞区,1,e6ee2fd21d5e37482b11d1ef
1111,1335,北城嘉园,118.83436,32.116898,江苏省南京市栖霞区电建路20号,江苏省,南京市,栖霞区,1,12930b8cc22b803d0969d90f
1112,1336,省电力公司宿舍,118.836356,32.112933,江苏省南京市栖霞区电建路8号,江苏省,南京市,栖霞区,1,e033d8d0b6d5b01dd418b72f
1113,1337,合班村省电宿舍,118.836435,32.112905,南京市栖霞区迈皋桥电建路8号,江苏省,南京市,栖霞区,1,e08efcfee6d3fcef24d2bbed
1114,1338,省电建宿舍,118.835396,32.112684,南京市栖霞区电建路8号,江苏省,南京市,栖霞区,1,07f67155a97f4cb183a00c6d
1115,1339,迈皋桥流动人口公寓,118.833256,32.117493,南京市栖霞区黑墨营东路新城尚座东南侧约50米,江苏省,南京市,栖霞区,1,23e2a5b8077192b26b49f3c7
1116,1340,壹城,118.839534,32.114212,江苏省南京市栖霞区经五路合作村91号,江苏省,南京市,栖霞区,1,1d4a06fd9fafa2212b3a9fbd
1117,1341,新城尚座,118.831928,32.118136,南京市栖霞区迈皋桥街道迈尧路318号,江苏省,南京市,栖霞区,1,2ae2f3335849943d2bd7ab9d
1118,1342,兴卫村,118.842108,32.113935,南京市栖霞区合作村89号,江苏省,南京市,栖霞区,1,fa835ce2db881ab6e812e4ef
1119,1343,兴都晴轩,118.840427,32.114419,南京市栖霞区经五路,江苏省,南京市,栖霞区,1,951b98b9541e3e8482288a9e
1120,1344,祥和佳园,118.835301,32.110991,南京市玄武区营苑北路8号,江苏省,南京市,玄武区,1,ebe628afadac3c7ae0110379
1121,1345,南京凯翔宿舍,118.833266,32.119383,南京市栖霞区迈尧路324号,江苏省,南京市,栖霞区,1,ca486b757ef8a2da41afe682
1122,1346,金盛百货南京·迈皋桥店公寓楼(金盛百货·迈皋桥广场店),118.833151,32.119353,南京市栖霞区黑墨营东路与迈化路交叉路口西南侧,江苏省,南京市,栖霞区,1,e90fa20a9cb3e228c06c146d
1123,1347,美达浅草明苑,118.83921,32.111887,南京市栖霞区营苑北路2号,江苏省,南京市,栖霞区,1,8c3a0c26cae46e6595f08cb7
1124,1349,合班村电建公司宿舍,118.833399,32.119919,栖霞区合班村303号,江苏省,南京市,栖霞区,1,864e60ce9d8d4ae5882fb5ed
1125,1350,通宇·林景御园,118.839991,32.118862,南京市栖霞区万兴路39号,江苏省,南京市,栖霞区,1,02851c6005bfaa188f1a89cd
1126,1351,壹城东区-67幢,118.841248,32.117674,南京市栖霞区合作村91号壹城东区67幢,江苏省,南京市,栖霞区,1,86861ff9daa67a1245e274ce
1127,1352,兴卫花园,118.849077,32.110932,南京市栖霞区兴卫村90号,江苏省,南京市,栖霞区,1,881a28e765cd4e3af842b2a0
1128,1353,嘉华嘉誉山,118.84652,32.113433,南京市栖霞区兴贤路19号,江苏省,南京市,栖霞区,1,13ca8605a4298b768bb98839
1129,1355,江苏兴厦,118.841603,32.119416,南京市栖霞区经五路壹城东区70栋,江苏省,南京市,栖霞区,1,df179733394d4e99f90cadc4
1130,1356,兴贤佳园-近贤苑,118.84644,32.110144,南京市栖霞区兴贤路8号,江苏省,南京市,栖霞区,1,8e5b1cae4c69c84488db73b8
1131,1357,上城名苑,118.850081,32.112182,江苏省南京市栖霞区兴贤路100号,江苏省,南京市,栖霞区,1,09df3d74aba7d49717c8f613
1132,1358,兴贤佳园近贤苑-东区,118.847765,32.111066,兴贤路46号附近,江苏省,南京市,栖霞区,1,6d8ef921e8f6496fa1a934ff
1133,1359,兴贤佳园近贤苑-西区,118.846168,32.110286,南京市栖霞区兴贤路8号,江苏省,南京市,栖霞区,1,3057ba677cb08ed2ed74f8a6
1134,1360,兴都花园,118.849276,32.10948,江苏省南京市栖霞区兴卫村88号,江苏省,南京市,栖霞区,1,5c5461aee071fe5eaeee7abd
1135,1361,兴都花园87号小区,118.854362,32.110699,南京市栖霞区兴卫村87号,江苏省,南京市,栖霞区,1,c61bd305479b7b6bc27da21e
1136,1362,兴都花园86号小区,118.852758,32.112163,南京市栖霞区兴卫村86号,江苏省,南京市,栖霞区,1,a74481d6ae469646f503b856
1137,1363,兴都花园85号小区,118.853304,32.114931,南京市栖霞区兴卫村85号,江苏省,南京市,栖霞区,1,e3d7536e811396a6c33644e3
1138,1364,兴卫一队-13号,118.859184,32.111117,江苏省南京市栖霞区兴卫一队13号,江苏省,南京市,栖霞区,1,8d605461b25de149c9c3dbc4
1139,1365,兴卫一队-12号,118.859077,32.110871,南京市栖霞区兴兴路330度科技创业大厦南侧约240米,江苏省,南京市,栖霞区,1,3cc3f5067c10557dbda2403d
1140,1366,兴卫一队-5号,118.858131,32.110945,江苏省南京市栖霞区兴卫一队5号,江苏省,南京市,栖霞区,1,6248c8023907a7f835b06c8e
1141,1367,兴卫一队-3号,118.857854,32.111874,江苏省南京市栖霞区兴卫一队3号,江苏省,南京市,栖霞区,1,c2499c99ce38ce1e364aaef3
1142,1368,330度科技创业大厦,118.859436,32.113541,南京市栖霞区迈皋桥创业园寅春路18号,江苏省,南京市,栖霞区,1,7612ae12997d74ccb626554b
1143,1369,兴都花园-东苑,118.850775,32.11044,江苏省南京市栖霞区兴卫村88号,江苏省,南京市,栖霞区,1,422a8e315828fc5bb13c814d
1144,1370,兴都花园86号院-北门,118.852781,32.112851,南京市栖霞区兴卫村86号,江苏省,南京市,栖霞区,1,f4482b8c10919872cb213dd7
1145,1371,汇杰新城-西区,118.866246,32.116141,南京市栖霞区瑞安街燕升园-2园,江苏省,南京市,栖霞区,1,9913dd0e19e966642dfaa7f9
1146,1372,燕升园,118.866226,32.116032,南京市栖霞区瑞丽路与瑞安街交叉路口西南侧,江苏省,南京市,栖霞区,1,939ae835629405f804fef54e
1147,1373,燕升园(3园),118.867572,32.116434,丁家庄燕升园20-1号,江苏省,南京市,栖霞区,1,32f803c82c6e5df322f0175f
1148,1374,迈皋桥创业园-12A号,118.866148,32.112318,江苏省南京市栖霞区迈皋桥创业园12A号,江苏省,南京市,栖霞区,1,69a078dbf7f9c174a8f0cdbb
1149,1375,迈皋桥创业园-12号,118.86585,32.111985,江苏省南京市栖霞区迈皋桥创业园12号,江苏省,南京市,栖霞区,1,a392668b76efa431c61e51bf
1150,1376,薪加德,118.869531,32.114233,迈皋桥创业园迈越路28号,江苏省,南京市,栖霞区,1,7bfa08fc9b90e07f25d2bb56
1151,1377,座上客零食王国(迈皋瑞福城店),118.863141,32.119405,江苏省南京市栖霞区华银路20号八卦洲小城镇,江苏省,南京市,栖霞区,1,797893b2b5188f2cd2f49e08
1152,1379,燕歌园-南区,118.865126,32.119406,南京市栖霞区瑞平南街燕歌园-东区,江苏省,南京市,栖霞区,1,5d67218af33e01d05fbe8636
1153,1380,嘉实工地生活区,118.863217,32.110531,南京市栖霞区寅春路6号,江苏省,南京市,栖霞区,1,e6355ee81406b3f0102935d9
1154,1381,燕舞园-2园,118.86171,32.119622,江苏省南京市栖霞区燕舞园2号(瑞平街南80米),江苏省,南京市,栖霞区,1,0842a6ae1ad7a17a9122e077
1155,1383,银贡山庄,118.869722,32.11913,南京市栖霞区银贡山庄d区19-20号,江苏省,南京市,栖霞区,1,3be122e10a4880521ef74d51
1156,1384,燕歌园3号-南门,118.86322,32.121721,江苏省南京市栖霞区燕歌园北二区(瑞平街北),江苏省,南京市,栖霞区,1,5d131b3accdaed1ce215f91e
1157,1385,汇杰新城-东门,118.866626,32.116421,江苏省南京市栖霞区燕升园(1园),江苏省,南京市,栖霞区,1,c47dc2b3940f18a94e5547bd
1158,1386,三元祠,118.874465,32.113721,江苏省南京市栖霞区三元祠(二桥高速公路西200米),江苏省,南京市,栖霞区,1,3f826ed3e56db846d1f49e49
1159,1387,熙景福苑,118.872736,32.115789,江苏省南京市栖霞区尧化街道瑞霞路与银贡南路交汇处东北角,江苏省,南京市,栖霞区,1,27448efcfa33f4417369d367
1160,1388,银贡山庄-B区,118.870851,32.118939,华电北路银贡山庄,江苏省,南京市,栖霞区,1,14076deeff47c5f402294f51
1161,1389,煤医物测小区,118.880115,32.117888,"南京市栖霞区尧化新村102号,尧新大道4号",江苏省,南京市,栖霞区,1,2c94c3a1f712b5558c55ec71
1162,1390,尧化门里-9号,118.878232,32.114842,江苏省南京市栖霞区尧化门里9号,江苏省,南京市,栖霞区,1,9a73d418b223f4b031f71d0d
1163,1391,南京输油处南院,118.879946,32.118795,南京市栖霞区尧新大道6号,江苏省,南京市,栖霞区,1,a3e8341cfff910e84bfd3fb4
1164,1392,尧化新寓小区,118.876947,32.116406,南京市栖霞区尧化门街125号,江苏省,南京市,栖霞区,1,4eb3b533fc05d07543024551
1165,1393,南京新港职校,118.878526,32.117194,江苏省南京市栖霞区尧新大道1号,江苏省,南京市,栖霞区,1,e85e2527614c485395f08c52
1166,1394,尧化新村,118.881998,32.119201,尧佳路6号,江苏省,南京市,栖霞区,1,17384e2f25c08aba4c3a592e
1167,1395,枫林新寓,118.880851,32.116764,南京市栖霞区尧新大道2号,江苏省,南京市,栖霞区,1,764672e5a899cead94ec8456
1168,1396,门里70号楼,118.882846,32.114219,江苏省南京市栖霞区尧化街道海子口,江苏省,南京市,栖霞区,1,cb2b39feb299eba0e215f9fc
1169,1397,门里71-1号,118.88286,32.114066,南京市栖霞区尧马路枫林新寓东南侧约250米,江苏省,南京市,栖霞区,1,d5f40df8d5e126b1a2a93467
1170,1401,聚宝山公园,118.882072,32.106187,江苏省南京市玄武区玄武大道96号,江苏省,南京市,玄武区,1,3da907f36e318f50b320a81e
1171,1402,尧化新村-二区,118.881703,32.119444,南京市栖霞区尧佳路6号,江苏省,南京市,栖霞区,1,3dc9befda1dd5e16bea24051
1172,1403,上曹15号,118.891962,32.118943,江苏省南京市栖霞区上曹15号,江苏省,南京市,栖霞区,1,cfe9206021f418f525e0a031
1173,1404,上曹40号,118.892157,32.116718,江苏省南京市栖霞区上曹40号,江苏省,南京市,栖霞区,1,36336f24b83e124cafee7aa5
1174,1406,马家园,118.90307,32.114266,江苏省南京市栖霞区,江苏省,南京市,栖霞区,0,920e8420d139f925c82915fc
1175,1409,马家园-109号,118.903635,32.115033,江苏省南京市栖霞区马家园109号,江苏省,南京市,栖霞区,1,98745d0d6940d7c12fb96d42
1176,1410,中曹106号,118.893658,32.118462,江苏省南京市栖霞区中曹106号,江苏省,南京市,栖霞区,1,24ae5e8ccf8e3d3172210b8a
1177,1419,马家园-57号,118.90009,32.114312,江苏省南京市栖霞区马家园57号,江苏省,南京市,栖霞区,1,eaba6d0354d0ad704107c147
1178,1427,马家园77号,118.89974,32.113737,江苏省南京市栖霞区马家园77号,江苏省,南京市,栖霞区,1,9dce0f6bc9a2820a4d2fdfde
1179,1428,中曹108号,118.893641,32.118807,江苏省南京市栖霞区中曹108号,江苏省,南京市,栖霞区,1,8ca9cd97359fa57780a00cc5
1180,1430,中曹23号,118.894557,32.11918,江苏省南京市栖霞区中曹23号,江苏省,南京市,栖霞区,1,bec6c38334eeda4be5073814
1181,1434,中曹16号,118.895373,32.119433,江苏省南京市栖霞区中曹16号,江苏省,南京市,栖霞区,1,10d95e6ede992ec69e95de43
1182,1436,中曹19号,118.894837,32.119274,江苏省南京市栖霞区中曹19号,江苏省,南京市,栖霞区,1,ec3d5dd2e938fa6cc7f02546
1183,1441,中曹107号,118.893712,32.119121,江苏省南京市栖霞区中曹107号,江苏省,南京市,栖霞区,1,105c34f14466fd836cc02c40
1184,1442,马家园-70号,118.900055,32.113908,江苏省南京市栖霞区马家园70号,江苏省,南京市,栖霞区,1,fa66ce8bbff85448eb56fa73
1185,1448,马家园-75号,118.900081,32.113711,江苏省南京市栖霞区马家园75号,江苏省,南京市,栖霞区,1,4b86620ab95235698f1a89d4
1186,1455,高庙13号,118.892134,32.119787,江苏省南京市栖霞区高庙13号,江苏省,南京市,栖霞区,1,ed8ff7708c85b3963010afc2
1187,1479,山居十六院,118.903325,32.111122,江苏省南京市栖霞区仙隐北路7号,江苏省,南京市,栖霞区,1,0058610806f232d946e274f9
1188,1480,恒基·玲珑翠谷,118.911402,32.119821,南京市栖霞区文鼎路1号,江苏省,南京市,栖霞区,1,bbf74a26cca5c8366fa3ccb0
1189,1481,恒基·富荟山,118.910033,32.117839,南京市栖霞区文鼎路1号,江苏省,南京市,栖霞区,1,cb4bcbd0d3ffdb255abbbc18
1190,1482,南京师范大学仙林校区北苑33栋学生公寓,118.921005,32.119349,南京市栖霞区文苑路1号南京师范大学32栋宿舍东侧,江苏省,南京市,栖霞区,1,03a47ac4b79534d6eddfcaf3
1191,1483,南京森林警察学院学生公寓F楼,118.926279,32.115374,南京市栖霞区环校西路南京森林警察学院(仙林校区),江苏省,南京市,栖霞区,1,0070982d9d6834a0adb22aeb
1192,1484,南京森林警察学院学生公寓D楼,118.926373,32.114679,南京市栖霞区环校西路南京森林警察学院(仙林校区),江苏省,南京市,栖霞区,1,079e7da2d7f5c8231b94c616
1193,1485,南京森林警察学院学生公寓C楼,118.92641,32.114191,南京市栖霞区文澜路28号,江苏省,南京市,栖霞区,1,c6c0a333ed6f4ce13b04b18f
1194,1486,南京财经大学仙林校区中苑学舍17,118.927618,32.115486,南京市栖霞区仙林大学城文苑路3号,江苏省,南京市,栖霞区,1,9090931c479dfb3f2cb96db4
1195,1487,南京财经大学仙林校区中苑学舍15,118.929128,32.115515,南京市栖霞区仙林大学城文苑路3号,江苏省,南京市,栖霞区,1,676a7b6296239d9fc51e511a
1196,1488,南京财经大学(仙林校区)中苑学舍-13栋,118.927613,32.115167,江苏省南京市栖霞区仙林大学城文苑路3号,江苏省,南京市,栖霞区,1,d5e8f7269debf8134e776ec7
1197,1489,南京财经大学仙林校区中苑学舍-12号楼,118.927586,32.114867,江苏省南京市栖霞区仙林大学城文苑路3号,江苏省,南京市,栖霞区,1,cc0402ec4e8185bc306212bf
1198,1490,南京森林警察学院学生公寓B楼,118.926381,32.113699,南京市栖霞区环校西路南京森林警察学院(仙林校区),江苏省,南京市,栖霞区,1,067b16874c3b6862fbf0cb88
1199,1491,南京财经大学仙林校区中苑学舍06,118.927516,32.114304,南京市栖霞区仙林大学城文苑路3号,江苏省,南京市,栖霞区,1,eed31923972547ddd3ff23a3
1200,1494,南京财经大学仙林校区中苑7号站-4栋,118.927419,32.114097,江苏省南京市栖霞区南京财经大学仙林校区中苑学舍04号,江苏省,南京市,栖霞区,1,6fa6cf6d5c984388c8213d29
1201,1495,南京财经大学(仙林校区)西苑学舍-05栋,118.923732,32.110512,南京市栖霞区南京财经大学(仙林校区)西苑学舍05栋,江苏省,南京市,栖霞区,1,d125d59be1766980c9c3dbdc
1202,1496,南京财经大学仙林校区中苑学舍05,118.927941,32.114277,江苏省南京市栖霞区南京财经大学仙林校区中苑学舍07号,江苏省,南京市,栖霞区,1,23dc19b99dd6522e0f0a7082
1203,1497,南京森林警察学院学生公寓A楼,118.926278,32.113112,南京市栖霞区环校西路南京森林警察学院(仙林校区),江苏省,南京市,栖霞区,1,70a8cf4e05e155f4aecb669a
1204,1499,南京财经大学(仙林校区)中苑学舍-14栋,118.928436,32.115529,江苏省南京市栖霞区仙林大学城文苑路3号,江苏省,南京市,栖霞区,1,fc8a021bca1d59af48cc4a96
1205,1500,南京财经大学仙林校区中苑学舍-10号楼,118.928476,32.115238,南京市栖霞区仙林大学城文苑路三号,江苏省,南京市,栖霞区,1,f2750183f15f93ac8c1a8994
1206,1501,南京财经大学(仙林校区)中苑学舍-03栋,118.928646,32.114596,南京市栖霞区南京财经大学(仙林校区)中苑学舍03栋,江苏省,南京市,栖霞区,1,dc92259141739c77a7c75645
1207,1502,南京财经大学仙林校区中苑学舍08,118.928573,32.114972,南京市栖霞区仙林大学城文苑路3号,江苏省,南京市,栖霞区,1,545d43426f5bab3da8175a18
1208,1503,南京财经大学(仙林校区)-中苑学舍02栋,118.928551,32.114376,南京市栖霞区仙林大学城文苑路3号,江苏省,南京市,栖霞区,1,a7525d6618761977c42ba1fe
1209,1505,南京财经大学(仙林校区)西苑学舍-03栋,118.923571,32.110244,南京市栖霞区文澜路南京财经大学(仙林校区),江苏省,南京市,栖霞区,1,e2d9d1737a5d7e46102935da
1210,1508,南京财经大学仙林校区员工公寓,118.927038,32.112455,南京市栖霞区环校西路南京财经大学(仙林校区),江苏省,南京市,栖霞区,1,2cf743d16e2ca9f788f15d20
1211,1509,南京财经大学仙林校区西苑学舍28号楼,118.925764,32.112048,南京市栖霞区仙林大学城文苑路3号,江苏省,南京市,栖霞区,1,1ee15f1a935fb689c1f1cf22
1212,1510,南京财经大学(仙林校区)中苑学舍-11栋,118.929198,32.115208,南京市栖霞区南京财经大学(仙林校区)中苑学舍11栋,江苏省,南京市,栖霞区,1,a9637b1cf4fa6515eb12e4d8
1213,1511,南京森林警察学院青年教师公寓北楼,118.923907,32.119034,南京市栖霞区文澜路28号,江苏省,南京市,栖霞区,1,077a5922c90974a6c336446f
1214,1512,南京财经大学仙林校区西苑学舍27,118.925378,32.111979,南京财经大学(仙林校区)西苑学舍,江苏省,南京市,栖霞区,1,8c52eb2f072d2f5e724b87f0
1215,1514,南京财经大学(仙林校区)-西苑学舍26栋,118.924961,32.111843,江苏省南京市栖霞区仙林大学城文苑路3号,江苏省,南京市,栖霞区,1,a5e508293327deb4b3077dd0
1216,1515,南京财经大学(仙林校区)西苑学舍-25栋,118.925898,32.111875,江苏省南京市栖霞区仙林大学城文苑路3号,江苏省,南京市,栖霞区,1,73042fc172b74b4e2cb908b4
1217,1516,南京财经大学(仙林校区)西苑学舍-24栋,118.92552,32.111663,南京市栖霞区仙林大学城文苑路3号,江苏省,南京市,栖霞区,1,b173d667966a70a9fe0eb007
1218,1517,南京财经大学仙林校区西苑学舍22,118.926025,32.111515,南京市栖霞区仙林大学城文苑路3号,江苏省,南京市,栖霞区,1,e193383da667965957bfff3a
1219,1518,南京财经大学(仙林校区)-西苑学舍23栋,118.925156,32.111621,江苏省南京市栖霞区仙林大学城文苑路3号,江苏省,南京市,栖霞区,1,a129a8f7b4740501efdfca01
1220,1519,南京财经大学(仙林校区)-西苑学舍19栋,118.924617,32.111666,江苏省南京市栖霞区仙林大学城文苑路3号,江苏省,南京市,栖霞区,1,09953afd66283848c9fa5fbe
1221,1520,南京财经大学(仙林校区)西苑学舍-01栋,118.923697,32.109844,南京市栖霞区仙林大学城文苑路3号,江苏省,南京市,栖霞区,1,40736cc061d1941dadb22a52
1222,1522,南京财经大学(仙林校区)-西苑学舍20栋,118.924219,32.111553,南京市栖霞区仙林大学城文苑路3号,江苏省,南京市,栖霞区,1,d8986215e04f28dc4354d7cb
1223,1523,南京财经大学(仙林校区)西苑学舍-16栋,118.924467,32.111026,江苏省南京市栖霞区仙林大学城文苑路3号,江苏省,南京市,栖霞区,1,29a5edfb79c3f54fabf729ee
1224,1525,南京财经大学(仙林校区)西苑学舍-10栋,118.923874,32.111148,江苏省南京市栖霞区南京财经大学仙林校区宿管站3号,江苏省,南京市,栖霞区,1,a4f601774e702f7336b06c49
1225,1526,南京财经大学(仙林校区)-西苑学舍14栋,118.92337,32.11125,南京市栖霞区仙林大学城文苑路3号,江苏省,南京市,栖霞区,1,f74db549404f6433b13c8158
1226,1529,南京财经大学(仙林校区)西苑学舍-11栋,118.923494,32.110992,南京市栖霞区环校西路附近南京财经大学(仙林校区)西苑学舍11栋,江苏省,南京市,栖霞区,1,393aef5c80f05dd7611c6760
1227,1531,南京财经大学(仙林校区)-西苑学舍15栋,118.922904,32.11109,江苏省南京市栖霞区环校西路附近南京财经大学(仙林校区)西苑学舍15栋,江苏省,南京市,栖霞区,1,ac02b784ccd4a60c3b221c75
1228,1532,南京财经大学仙林校区西苑学舍04,118.924165,32.110552,南京市栖霞区仙林大学城文苑路3号,江苏省,南京市,栖霞区,1,92fac2f5e9f68b7315764387
1229,1533,南京财经大学(仙林校区)西苑学舍-08栋,118.923615,32.110749,南京市栖霞区环校西路附近南京财经大学(仙林校区)西苑学舍08栋,江苏省,南京市,栖霞区,1,436705f627e708c6d7851fb4
1230,1534,南京财经大学(仙林校区)西苑学舍-12栋,118.923015,32.110857,南京市栖霞区环校西路附近南京财经大学(仙林校区)西苑学舍12栋,江苏省,南京市,栖霞区,1,ee77bb540e9c61462e47336c
1231,1535,南京师范大学(仙林校区)东苑-02栋,118.921072,32.112463,南京市栖霞区文苑路1号南京师范大学东区勤工助学店北侧,江苏省,南京市,栖霞区,1,178b4aad614c760fc9291549
1232,1537,南京财经大学(仙林校区)-外教楼,118.922416,32.11059,南京市栖霞区仙林街道文苑路3号南京财经大学仙林校区西苑F5,江苏省,南京市,栖霞区,1,45f90e0f0abdfd2a5cbe8659
1233,1538,南京财经大学(仙林校区)西苑学舍-09栋,118.923226,32.110718,南京市栖霞区环校西路南京财经大学仙林校区大门东侧约90米,江苏省,南京市,栖霞区,1,6ddf04ac9700ae87b2077d86
1234,1544,南京邮电大学(仙林校区)-梅苑,118.939773,32.115627,江苏省南京市栖霞区文苑路南京邮电大学1栋,江苏省,南京市,栖霞区,1,f75f5083f67c0e350c0a70e4
1235,1547,南京邮电大学(仙林校区)-兰苑,118.939628,32.116936,江苏省南京市栖霞区文苑路9号南京邮电大学仙林校区,江苏省,南京市,栖霞区,1,e3fbaecbc064f59c5fbe8663
1236,1548,青年教师公共租赁住房,118.930906,32.117264,南京市栖霞区环校北路南京财经大学(仙林校区),江苏省,南京市,栖霞区,1,f8003fdce9cc006121f0170f
1237,1552,南京邮电大学学生公寓8幢(文澜路),118.932457,32.123558,江苏省南京市栖霞区文澜路南150米南京邮电大学(仙林校区)教师公寓8号楼,江苏省,南京市,栖霞区,1,d7fd063c11321bb808f5eb01
1238,1561,南京邮电大学(仙林校区)菊苑学生公寓-20号楼,118.93989,32.119332,南京市栖霞区,江苏省,南京市,栖霞区,1,bd7fcec266af936d3904b131
1239,1562,南京邮电大学-国防生楼,118.940366,32.11959,南京市栖霞区文苑路9号南京邮电大学仙林校区,江苏省,南京市,栖霞区,1,a0fb39cf71f9006cc5effb8a
1240,1563,栖园-北区,118.940523,32.110737,南京市栖霞区杉湖东路18号,江苏省,南京市,栖霞区,1,c7c83819ae0f5da9ab0dd877
1241,1564,南京邮电大学竹苑,118.940368,32.118057,江苏省南京市栖霞区文苑路9号南京邮电大学仙林校区,江苏省,南京市,栖霞区,1,a7f3d889e5c4f049fbf0cb85
1242,1567,南京中医药大学(仙林校区)-唐仲英科技楼,118.952923,32.111092,江苏省南京市栖霞区仙林大道138号南京中医药大学,江苏省,南京市,栖霞区,1,de51f1915fef1c9c7adbd211
1243,1568,南大和园,118.966893,32.11211,南京市栖霞区仙林大道168号,江苏省,南京市,栖霞区,1,44daa1fbd5c8acceb13c81c3
1244,1569,南京大学仙林校区01宿舍楼,118.961159,32.118397,南京市栖霞区九乡河东路南京大学(仙林校区),江苏省,南京市,栖霞区,1,8980ffe3389032f5cc06a4a1
1245,1570,南京大学仙林校区-学生公寓02幢,118.961551,32.119751,江苏省南京市栖霞区仙林校区学生公寓02幢,江苏省,南京市,栖霞区,1,168616f2c715be609e82ea2c
1246,1572,南京大学仙林校区-学生公寓03幢B区,118.960848,32.119843,南京市栖霞区仙林大道163号南京大学仙林校区内,江苏省,南京市,栖霞区,1,c8ffc585de70a5bcddee8bf9
1247,1573,南京大学仙林校区-学生公寓02幢B区,118.961272,32.119983,南京市栖霞区仙林大道163号南京大学仙林校区内,江苏省,南京市,栖霞区,1,a2414312400c7bc500ec0179
1248,1574,南京大学仙林校区学生公寓-01幢,118.961231,32.118268,江苏省南京市栖霞区仙林大道163号南京大学(仙林校区),江苏省,南京市,栖霞区,1,fad35427b079570e734b87fc
1249,1575,南京大学仙林校区-国际学院A区,118.961573,32.119419,南京大学仙林校区学生公寓,江苏省,南京市,栖霞区,1,b101e5095533ffb638e4a6d1
1250,1576,南京大学仙林校区学生公寓-03幢,118.960951,32.119546,南京市栖霞区仙林大道163号南京大学仙林校区,江苏省,南京市,栖霞区,1,1270458bb5e9e6a6c3f1cf59
1251,1577,南京大学仙林校区学生公寓01幢-A区,118.961664,32.118084,南京市栖霞区仙林大道163号南京大学仙林校区内,江苏省,南京市,栖霞区,1,99c1959f837ae9c988f15d6f
1252,1579,尚东商业区,118.973024,32.115548,南京市栖霞区仙林大道188号,江苏省,南京市,栖霞区,1,b479ee6b3f5f015131f71dd3
1253,1580,桦墅社区,119.034233,32.116558,江苏省南京市栖霞区西岗街道,江苏省,南京市,栖霞区,1,ac8de32c9f6c55114bcc4a8c
1254,1581,桦墅双行,119.036925,32.116667,南京市栖霞区开发区西岗街道,江苏省,南京市,栖霞区,1,d5b774d4ccf41cdbcbfa5f13
1255,1582,楼庄50号,118.670076,32.100593,江苏省南京市浦口区楼庄50号,江苏省,南京市,浦口区,1,9043d6431cc506cb9ee321e1
1256,1585,江苏警官学院学生公寓-C座,118.66244,32.101234,南京市浦口区梁溪路江苏警官学院(浦口校区),江苏省,南京市,浦口区,1,36973e582cbc31a03010afd7
1257,1589,南京市顶山街道石佛社区居民委员会,118.655288,32.103387,江苏省南京市浦口区沿山大道166号,江苏省,南京市,浦口区,1,5ffb1816222831226e476083
1258,1590,阳光帝景,118.689352,32.109883,江苏省南京市顶山街道吉庆路6号,江苏省,南京市,浦口区,1,1d1b2a925596785e96f08c68
1259,1591,观山悦,118.682915,32.109106,江苏省南京市浦口区荣悦路100号,江苏省,南京市,浦口区,1,2d2a2a90bc0886f684154175
1260,1592,乐府江南,118.707953,32.103628,南京市浦口区珍珠南路85号,江苏省,南京市,浦口区,1,6cacb46b7941896b6f47608f
1261,1593,大新华府-北区,118.70968,32.102418,江苏省南京市浦口区华府路31号,江苏省,南京市,浦口区,1,eb892b525d0a3784ca2915bb
1262,1594,大新华府-南区,118.711971,32.100376,南京市浦口区华府路32号,江苏省,南京市,浦口区,1,a5d63e90bf24e1df2b11d169
1263,1597,南京铁道职业技术学院青年教师公租房,118.704786,32.110902,南京市浦口区顶山街道珍珠南路65号,江苏省,南京市,浦口区,1,07d2817795dba9c4f7e73bbc
1264,1599,浦铁一村小区,118.720009,32.108181,江苏省南京市浦口区浦珠北路59号,江苏省,南京市,浦口区,1,5a7a1688fe9da984d7851fd7
1265,1600,跃进新村小区,118.719336,32.100981,江苏省南京市浦口区跃进路,江苏省,南京市,浦口区,1,e2a9f2e3e49d90e08605bfa6
1266,1601,浦口公寓,118.71378,32.107747,南京市浦口区泰山街道兴浦路239号,江苏省,南京市,浦口区,1,839420068c2a3b79ab0dd8c1
1267,1602,新江雅苑,118.711549,32.105713,南京市浦口区顶山街道华府路43号,江苏省,南京市,浦口区,1,c06bde711b23e98c14948e92
1268,1603,新马路小区,118.723044,32.107048,江苏省南京市浦口区新马路9号,江苏省,南京市,浦口区,1,9c24cff6f273e05e51e5c57b
1269,1604,铁路单身宿舍,118.725659,32.103643,南京市浦口区津浦路28号,江苏省,南京市,浦口区,1,224a6d4ec9a5fb17a8f0cdd3
1270,1606,明远里19号,118.726847,32.103867,南京市浦口区大马路博爱艺术幼儿园(东三巷)西南侧约140米,江苏省,南京市,浦口区,1,7bf4ad4e6bf1da1fc61b751a
1271,1607,中冶盛世滨江锦绣公馆-2期,118.748983,32.106149,江苏省南京市鼓楼区东炮台街21号,江苏省,南京市,鼓楼区,1,57f6f1fdab9472771e580082
1272,1608,深业滨江半岛,118.746087,32.103177,江苏省南京市鼓楼区龙江路30号,江苏省,南京市,鼓楼区,1,d35db5e0161ab279b13c81fb
1273,1609,南京铁路单身公寓,118.74898,32.102057,江苏省南京市鼓楼区兴安路６号,江苏省,南京市,鼓楼区,1,902686054f14523514c9055f
1274,1610,中建八局员工宿舍,118.748771,32.10409,南京市鼓楼区兴安路46号,江苏省,南京市,鼓楼区,1,5749d403c3ac1fc833870a5f
1275,1611,上海铁路局南京电务段西站单身宿舍,118.749452,32.100648,南京市鼓楼区郑和北路南京西站,江苏省,南京市,鼓楼区,1,5a60ee4b5bcd948c93114c5f
1276,1612,方家营265号住宅,118.760201,32.10885,南京市鼓楼区方家营265号,江苏省,南京市,鼓楼区,1,767a6c936c515695be4842f3
1277,1613,卢龙山庄,118.760571,32.100633,南京市鼓楼区建宁路178号,江苏省,南京市,鼓楼区,1,fa7da3e8afc1ea1e42d63ec3
1278,1614,南堡新寓,118.756857,32.106896,南京市鼓楼区方家营路与方家营南路交叉路口向西约200米,江苏省,南京市,鼓楼区,1,e3a7fd135ecc214b29b97cb9
1279,1615,大桥新村,118.75786,32.108278,方家营441号北90米,江苏省,南京市,鼓楼区,1,6ee010209011b3ef53e5c586
1280,1616,铁路小区,118.75992,32.104464,城河路68号,江苏省,南京市,鼓楼区,1,b7049a7b8e109584deee8bf1
1281,1617,煤炭港小区,118.755488,32.107741,南京市鼓楼区煤炭港60号,江苏省,南京市,鼓楼区,1,10534290c703cc130c0a7087
1282,1618,滨江花园-西园,118.759309,32.103086,南京市鼓楼区晓街11号,江苏省,南京市,鼓楼区,1,71e4e2eee081267ec9fa5fab
1283,1619,方家营-80号,118.759608,32.104599,江苏省南京市鼓楼区方家营80号,江苏省,南京市,鼓楼区,1,68ce65cb3e283f46931fc9c0
1284,1620,方家营-82号,118.759326,32.104579,江苏省南京市鼓楼区方家营82号,江苏省,南京市,鼓楼区,1,1c4f613d0ab174ec17c8f694
1285,1622,煤炭港-60号,118.755659,32.107856,煤炭港60号,江苏省,南京市,鼓楼区,1,4e69c3328fbebdcb01294fd8
1286,1623,水关桥-432号,118.765079,32.104216,江苏省南京市鼓楼区水关桥432号,江苏省,南京市,鼓楼区,1,dff2d2aa6d2bdb7458f6be27
1287,1624,水关桥-442号,118.766168,32.104577,江苏省南京市鼓楼区水关桥442号,江苏省,南京市,鼓楼区,1,e52bd5cc9308c08651e5c5c8
1288,1625,水关桥-443号,118.766859,32.10484,江苏省南京市鼓楼区水关桥443号,江苏省,南京市,鼓楼区,1,802e10619dc796d7c81b95f1
1289,1626,水关桥小区,118.764964,32.106287,江苏省南京市鼓楼区幕府西路132号,江苏省,南京市,鼓楼区,1,a4618ccc682b6272c7f02574
1290,1627,水关桥油运小区,118.766654,32.104315,南京市鼓楼区水关桥401-431号,江苏省,南京市,鼓楼区,1,72aa2513cfd7de47067ce886
1291,1628,水关桥-431号,118.765087,32.103866,江苏省南京市鼓楼区水关桥431号,江苏省,南京市,鼓楼区,1,5120bb039822dfae0c0e6b71
1292,1629,水关桥-429号,118.765716,32.103781,江苏省南京市鼓楼区水关桥429号,江苏省,南京市,鼓楼区,1,b057a92e2afe633d08ccdde7
1293,1630,水关桥-430号,118.765398,32.1038,江苏省南京市鼓楼区水关桥430号,江苏省,南京市,鼓楼区,1,d90930e6e37c973d90114c8b
1294,1631,置信雅苑,118.764874,32.105846,江苏省南京市鼓楼区幕府西路132号,江苏省,南京市,鼓楼区,1,2304af4a057bddf6f503b806
1295,1632,金帆北苑,118.766134,32.106591,南京市鼓楼区幕府西路130号,江苏省,南京市,鼓楼区,1,758275ade6050d62afee7a86
1296,1633,水关桥-426号,118.766901,32.103705,江苏省南京市鼓楼区水关桥426号,江苏省,南京市,鼓楼区,1,324143f9b9853d1fa8f0cdb9
1297,1634,金帆北苑-7栋,118.765561,32.107447,江苏省南京市鼓楼区幕府西路金帆北苑物资公司集资房,江苏省,南京市,鼓楼区,1,b27ced9cd873c1e14e5547d3
1298,1635,桥景苑,118.763084,32.104247,南京市鼓楼区方家营58号,江苏省,南京市,鼓楼区,1,739e171c1f87f065a8059dc1
1299,1636,桥南一村,118.762659,32.105543,南京市鼓楼区幕府西路与青年路交叉路口往东约50米,江苏省,南京市,鼓楼区,1,523380ea53ab7a06d72ce285
1300,1637,象山和园,118.768332,32.103958,南京市鼓楼区幕府西路109号,江苏省,南京市,鼓楼区,1,13d2c4467a82c1e64c3a59a5
1301,1638,金川新寓,118.764331,32.107883,"南京市鼓楼区水关桥121,122号",江苏省,南京市,鼓楼区,1,f352bbecf75e83f003ff2d50
1302,1639,义民新村,118.765307,32.101908,南京市鼓楼区建宁路120号,江苏省,南京市,鼓楼区,1,81ffb47d4c33526831870a8e
1303,1640,方家营70号小区,118.761606,32.10462,江苏省南京市鼓楼区方家营70号,江苏省,南京市,鼓楼区,1,4956b4af38e82ea5b04c4971
1304,1641,甜水湾小区,118.761491,32.10454,南京市鼓楼区幕府西路西头方家营78号,江苏省,南京市,鼓楼区,1,3e2cb3cf3472dd842902e128
1305,1642,四平苑,118.764127,32.101654,南京市鼓楼区四平路78号,江苏省,南京市,鼓楼区,1,96b672aa990d9975cf04ef86
1306,1643,紫金江景苑,118.762849,32.101553,江苏省南京市鼓楼区四平路67号,江苏省,南京市,鼓楼区,1,4e99475f0481b9993a04b100
1307,1644,象山新寓,118.770001,32.106298,南京市鼓楼区幕府西路122号,江苏省,南京市,鼓楼区,1,919bf1bcc2afedd8d3ff23c5
1308,1645,象山雅苑,118.770245,32.105333,南京市鼓楼区幕府西路99号,江苏省,南京市,鼓楼区,1,9f9754d40e7abc67f2193718
1309,1646,四平二路小区,118.765073,32.101069,南京市鼓楼区义民路四平苑,江苏省,南京市,鼓楼区,1,af373d3ec498c6caeddfcadb
1310,1647,滨江花园,118.759669,32.103022,江苏省南京市鼓楼区晓街25号,江苏省,南京市,鼓楼区,1,1020060fcb4d42a61994c686
1311,1648,晓街小区,118.761027,32.102784,南京市鼓楼区晓街33号,江苏省,南京市,鼓楼区,1,ef96a8df1316151fa2d230e7
1312,1650,四平路65号院,118.763361,32.1013,南京市鼓楼区四平路65号,江苏省,南京市,鼓楼区,1,dadb359faf0e207c38e4a662
1313,1651,锦绣江山花园,118.760251,32.107204,江苏省南京市鼓楼区方家营229号,江苏省,南京市,鼓楼区,1,e67dbfabfe736bd716764395
1314,1652,滨江东园,118.761453,32.102853,江苏省南京市鼓楼区晓街31号,江苏省,南京市,鼓楼区,1,f9708593105b15c9dbd891dc
1315,1653,漫领域公寓,118.765925,32.105111,江苏省南京市鼓楼区幕府西路121号,江苏省,南京市,鼓楼区,1,bff151624bd6937f250bd056
1316,1654,工农新村-318号,118.768476,32.102193,南京市鼓楼区,江苏省,南京市,鼓楼区,1,89601943f00af051bfa82285
1317,1655,金达花园,118.774589,32.104899,江苏省南京市鼓楼区金达路2号,江苏省,南京市,鼓楼区,1,9702c95d9860663a77026952
1318,1656,幕府西路83号小区,118.772627,32.105859,南京市鼓楼区幕府西路83号,江苏省,南京市,鼓楼区,1,d0c5b35c96402c0f0e0a705b
1319,1657,大庙村-17号小区,118.772696,32.103389,南京市鼓楼区大庙村17号,江苏省,南京市,鼓楼区,1,a87265320930ff82fda778ba
1320,1658,易盛家园,118.778959,32.106028,南京市鼓楼区幕府南路230号,江苏省,南京市,鼓楼区,1,9db55c83cba31bd64302459d
1321,1660,幕府西路85号小区,118.771793,32.105643,南京市鼓楼区幕府西路85号,江苏省,南京市,鼓楼区,1,7d547a167dd8b5acf02d8337
1322,1661,恒盛嘉园,118.777815,32.108118,南京市鼓楼区幕府西路55号,江苏省,南京市,鼓楼区,1,8d96925cc9113845c0f1cf86
1323,1662,孙家凹小区,118.779375,32.106723,南京市鼓楼区孙家洼路98号,江苏省,南京市,鼓楼区,1,dfc496b6cfb4c8af8836ee86
1324,1663,郭家山-30号,118.779988,32.104644,江苏省南京市鼓楼区郭家山30号,江苏省,南京市,鼓楼区,1,8fded485c5aab8be2a02e1d1
1325,1664,恒茂家园,118.773615,32.108838,南京市鼓楼区幕府西路100号,江苏省,南京市,鼓楼区,1,925c550f4ee7d1b25b3ac886
1326,1665,森林湾花园,118.770712,32.104316,江苏省南京市鼓楼区幕府西路103号,江苏省,南京市,鼓楼区,1,86a3a5639e61ac5372455ba6
1327,1666,孙家洼路,118.782072,32.106471,江苏省南京市鼓楼区,江苏省,南京市,鼓楼区,0,5da2e5f755192ee8dbd891a9
1328,1667,金域中央二街区,118.7785,32.110065,幕府西路33号,江苏省,南京市,鼓楼区,1,fc3e1a6de347b111100daa09
1329,1669,市政综合楼,118.779169,32.104519,南京市鼓楼区幕府南路199号,江苏省,南京市,鼓楼区,1,29df927cf1b3d9709df77986
1330,1670,工农新村-130号,118.772535,32.101696,江苏省南京市鼓楼区工农新村130号,江苏省,南京市,鼓楼区,1,d733bbc6cc8f31c10682c285
1331,1671,大庙村,118.773479,32.105725,南京市鼓楼区大庙村,江苏省,南京市,鼓楼区,1,e6a03c5e82cc4588d0ff2321
1332,1672,城市贵族公寓,118.77869,32.104591,江苏省南京市鼓楼区幕府南路227号,江苏省,南京市,鼓楼区,1,c0907dca810279ebd22dd6fe
1333,1673,丁香花园,118.785247,32.105174,江苏省南京市鼓楼区郭家山路23号,江苏省,南京市,鼓楼区,1,740f9d29fd2df2fad1f49efd
1334,1674,张王庙社区,118.783569,32.106824,江苏省南京市鼓楼区郭家山路23号东北60米,江苏省,南京市,鼓楼区,1,364d436d97524780c91b95c5
1335,1675,新华印刷厂宿舍,118.78338,32.104938,南京市鼓楼区中央门外张王庙82号,江苏省,南京市,鼓楼区,1,8f6c394d9a852724f02d8314
1336,1676,郭家山-20号,118.783063,32.105459,江苏省南京市鼓楼区郭家山20号,江苏省,南京市,鼓楼区,1,2a727dbb3c18beb2f33cba50
1337,1677,尊园,118.786343,32.107481,南京市鼓楼区张王庙55号,江苏省,南京市,鼓楼区,1,23116913d13d4cfd724b8786
1338,1678,金碧花园,118.783535,32.107323,南京市鼓楼区张王庙38号,江苏省,南京市,鼓楼区,1,d6ee872413887fe0a9f0cd86
1339,1679,花样年.喜年中心,118.786008,32.103815,南京市鼓楼区中央北路河路道1号,江苏省,南京市,鼓楼区,1,d26cba41590315b38bb988fc
1340,1680,华洋小区-西南门,118.785584,32.107947,南京市鼓楼区河路道社区张王庙45-53号,江苏省,南京市,鼓楼区,1,c38708c6543febe0ab0dd8b7
1341,1681,郭家山二十九号大院,118.782124,32.104266,南京市鼓楼区郭家山29号,江苏省,南京市,鼓楼区,1,61d454251eeb4dbb223bf282
1342,1682,千禧苑小区,118.78922,32.106,南京市鼓楼区中央北路53号,江苏省,南京市,鼓楼区,1,15ed53ce0e4eab549322e086
1343,1683,张王庙-32号,118.785713,32.108822,江苏省南京市鼓楼区张王庙32号,江苏省,南京市,鼓楼区,1,57514a2198d9d4228f55ecb7
1344,1684,铁古庙小区,118.783371,32.102328,江苏省南京市鼓楼区铁古庙小区(幕府南路北100米),江苏省,南京市,鼓楼区,1,96b672aa42973676ce04ef1e
1345,1685,郭家山-27号,118.78143,32.104967,江苏省南京市鼓楼区郭家山27号,江苏省,南京市,鼓楼区,1,3e15cc2ec4f90cfe0a5cb34b
1346,1686,电建中储·泛悦城市广场销售中心,118.786554,32.100259,江苏省南京市鼓楼区中央北路与幕府南路交汇处西300米(地铁3号线小市站),江苏省,南京市,鼓楼区,1,2df51b9e66513a3cca09f000
1347,1687,郭家山-26号,118.781037,32.104879,江苏省南京市鼓楼区郭家山26号,江苏省,南京市,鼓楼区,1,672d411ca73ac720dc1e52d9
1348,1688,汽轮六村,118.787481,32.108647,江苏省南京市鼓楼区中央北路87号,江苏省,南京市,鼓楼区,1,d7fd2ad382dd25540accdd86
1349,1689,郭家山-28号,118.780818,32.104791,江苏省南京市鼓楼区郭家山28号,江苏省,南京市,鼓楼区,1,393ab2ba0c7b76dad3ff23b3
1350,1690,汽轮四村,118.789878,32.104997,南京市鼓楼区中央北路,江苏省,南京市,鼓楼区,1,46e86fdd67e3c76fd03ce386
1351,1691,幕府南路208号小区-1栋,118.781567,32.102717,江苏省南京市鼓楼区幕府南路208号院1栋,江苏省,南京市,鼓楼区,1,0fe87751d6c904c531f71d80
1352,1692,中央北路小区,118.788292,32.110138,江苏省南京市鼓楼区中央北路112-6号,江苏省,南京市,鼓楼区,1,f9dd2cfd157a0bf77069d3b5
1353,1693,小市新村,118.789071,32.100892,幕府南路与金碧路交汇处东北侧,江苏省,南京市,鼓楼区,1,2b347dc7c274836e90114cac
1354,1694,江苏中和亚健康科技大厦,118.78832,32.10689,江苏省南京市鼓楼区中央北路73号,江苏省,南京市,鼓楼区,1,c704f6a1234ecc4f25e0a005
1355,1695,南京台兴科研培训综合大厦,118.788959,32.107222,南京市鼓楼区中央北路73号,江苏省,南京市,鼓楼区,1,fccc05530b6193be1ef74dca
1356,1696,燕语华庭,118.794482,32.102865,南京市鼓楼区和燕路5号,江苏省,南京市,鼓楼区,1,08fc93dfbb36e6889b68b4c7
1357,1697,和燕路/东门街(路口),118.79537,32.101392,南京市鼓楼区和燕路,江苏省,南京市,鼓楼区,1,8ab0dfc48950fe17d8ecedfe
1358,1699,和燕园,118.795055,32.103848,江苏省南京市鼓楼区和燕路180号,江苏省,南京市,鼓楼区,1,34c67ff02cf18d7241d63e33
1359,1700,安怀村社区,118.796817,32.103403,鼓楼区小市街道鼓楼东门街与和燕路交叉口东北150米,江苏省,南京市,鼓楼区,1,a9deb3a49dccfa4086154180
1360,1701,北城新天地,118.79602,32.101875,南京市鼓楼区和燕路25号北城新天地,江苏省,南京市,鼓楼区,1,e7fd9af5bcfedf0d3a13fd2e
1361,1702,汽轮七村小区,118.799715,32.107937,江苏省南京市鼓楼区汽轮七村(北崮山路东),江苏省,南京市,鼓楼区,1,6fddd7fd85cdc17f3417dc86
1362,1703,欣之园,118.790712,32.101676,江苏省南京市鼓楼区中央北路8号,江苏省,南京市,鼓楼区,1,3810c8793e1f048b9d09f786
1363,1704,东门街138号小区,118.793345,32.102906,南京市鼓楼区东门街138号,江苏省,南京市,鼓楼区,1,8b4a7ce33b2a5390b04c4923
1364,1705,汽轮二村,118.791537,32.104431,南京市鼓楼区中央北路40号,江苏省,南京市,鼓楼区,1,9c0595fea069f0cfeb1e9727
1365,1706,南京汽轮电机厂集体宿舍,118.796897,32.104191,南京市鼓楼区安怀村250号,江苏省,南京市,鼓楼区,1,51242a3a5f8b157febe58286
1366,1707,安怀村-48栋,118.796582,32.10382,南京市鼓楼区安怀路安怀村社区,江苏省,南京市,鼓楼区,1,f9a1f2545757462ff7eafcbf
1367,1708,安怀村455号小区,118.797465,32.109633,南京市鼓楼区安怀村455号,江苏省,南京市,鼓楼区,1,fce226f7655ae8d48f55ec00
1368,1709,安怀村450号公寓区-南门,118.797795,32.109312,江苏省南京市鼓楼区安怀村450号,江苏省,南京市,鼓楼区,1,cdc2dd9479761a4bc17da22f
1369,1710,东井二村-522幢,118.808223,32.10675,南京市鼓楼区东井二村522号,江苏省,南京市,鼓楼区,1,d70fdc8bf0de75dceee4a519
1370,1711,紫霞公寓,118.807099,32.10661,东井亭100号,江苏省,南京市,鼓楼区,1,69130523725f6308735e8086
1371,1712,燕庭公寓,118.80652,32.103853,南京市鼓楼区东井村3号,江苏省,南京市,鼓楼区,1,6af9f0a26b7632e314c8f6a8
1372,1713,东井一村,118.803591,32.104352,南京市鼓楼区迈皋桥东井一村(和燕路与黄家圩路交叉口向北150米),江苏省,南京市,鼓楼区,1,ac79c63ba125420672455baa
1373,1714,小市村,118.805382,32.103546,江苏省南京市鼓楼区和燕路121号,江苏省,南京市,鼓楼区,1,7800b40bb48cc33eeb1e9709
1374,1715,东井新村,118.807721,32.104638,南京市鼓楼区和燕路东井村3号,江苏省,南京市,鼓楼区,1,28d02cdbc06f7aff15764392
1375,1716,东井亭社区,118.803642,32.104068,和燕路101号,江苏省,南京市,鼓楼区,1,3c0ea7c5f6fefd9cfaf0cb86
1376,1718,东井村-20号小区,118.808717,32.106321,南京市鼓楼区和燕路东井村20号,江苏省,南京市,鼓楼区,1,75488db45d0fc4309122e005
1377,1719,安怀新村,118.801789,32.105563,江苏省南京市鼓楼区安怀东路,江苏省,南京市,鼓楼区,1,fa01e9370c727649774ff11e
1378,1720,东井村3号小区,118.808009,32.104587,江苏省南京市鼓楼区和燕路辅路东井村,江苏省,南京市,鼓楼区,1,581447040b48090d8c55ec82
1379,1722,金宁新村小区,118.80944,32.107098,江苏省南京市栖霞区和燕路金宁新村国营八九八幼儿园,江苏省,南京市,栖霞区,1,81d1b04131e66c8e8605bf48
1380,1723,和燕路252号小高层住宅,118.807149,32.101907,南京市鼓楼区和燕路252号,江苏省,南京市,鼓楼区,1,0960ea69cd00dd0a86420e4e
1381,1724,曹后村南汽宿舍,118.81312,32.091501,江苏省南京市玄武区曹后村9号,江苏省,南京市,玄武区,1,ee0cac14391c56baf82213af
1382,1725,南昌大厦,118.809949,32.105835,南京市鼓楼区和燕路东井村3号(红山动物园西侧),江苏省,南京市,鼓楼区,1,1002d7066caaab4008b93ab5
1383,1726,红山山庄,118.809547,32.104107,南京市栖霞区和燕路260号,江苏省,南京市,栖霞区,1,f3c2373c51a20a52d22dd6ef
1384,1727,金港大厦-A座,118.810392,32.106308,南京市栖霞区和燕路251号,江苏省,南京市,栖霞区,1,49801e0f37e698ea9eec2b5d
1385,1728,恒基·金满庭,118.808074,32.109392,南京市栖霞区安怀东路与和燕路交汇处,江苏省,南京市,栖霞区,1,2b7fbe5cab97b32aa1d230aa
1386,1729,东宁村,118.81023,32.107117,南京市栖霞区和燕路251号南京优耐特添加剂研究所附近,江苏省,南京市,栖霞区,1,fdb515b76941f08f43e19286
1387,1730,恒基九珑天誉,118.808033,32.109214,南京市栖霞区东井村40号,江苏省,南京市,栖霞区,1,45cd5fc15efa0b41e5073855
1388,1731,线路新村社区,118.801815,32.102336,江苏省南京市鼓楼区和燕路63号,江苏省,南京市,鼓楼区,1,1b3a5f005b8a6c497c29bdc5
1389,1732,黄家圩公寓,118.808607,32.10115,南京市玄武区黄家圩189-1号,江苏省,南京市,玄武区,1,3f604528f5ef3309d81318fc
1390,1733,警苑小区(北崮山路),118.809193,32.111243,南京市栖霞区迈皋桥262号,江苏省,南京市,栖霞区,1,8182ef423f8b4f6a354aae86
1391,1734,复地新都荟S8,118.8049,32.106786,南京市鼓楼区复昌路复地新都国际-南区,江苏省,南京市,鼓楼区,1,6b33232638052f8a2efaa7f7
1392,1735,东井村41号小区,118.813871,32.106752,南京市栖霞区东井村41号,江苏省,南京市,栖霞区,1,0edd7ffeb02bf97cbe4842ef
1393,1736,高家村小区,118.816838,32.106751,南京市栖霞区红山路40号,江苏省,南京市,栖霞区,1,31030e9638d59b449d95de87
1394,1737,十字街70号小区(十字街),118.815044,32.103696,十字街70号,江苏省,南京市,栖霞区,1,f40884091221db182806ce3d
1395,1738,十字街71号小区,118.814212,32.103942,南京市栖霞区十字街71号,江苏省,南京市,栖霞区,1,713f1321185bd60894ec84be
1396,1739,杰海新寓,118.815062,32.103668,南京市栖霞区迈皋桥街道十字街71号,江苏省,南京市,栖霞区,1,7d2cf47fce90f93008ccddf7
1397,1740,东井村44号小区,118.814539,32.107592,南京市栖霞区东井村44号,江苏省,南京市,栖霞区,1,0fffca800de3f5e40f0a706f
1398,1741,华电社区华电一宿舍,118.817005,32.103775,南京市栖霞区华西路与红山路交叉口东南150米,江苏省,南京市,栖霞区,1,03311fe59c5e5b682002205a
1399,1742,东井村39号小区,118.812419,32.105934,南京市栖霞区东井村39号,江苏省,南京市,栖霞区,1,68388adfc229a47d22f017df
1400,1743,十字街70号小区-06幢,118.816028,32.103225,南京市栖霞区红山路十字街70号06幢,江苏省,南京市,栖霞区,1,0a382e1e684f29b683288ab3
1401,1744,红山动物园职工宿舍,118.813572,32.103503,江苏省南京市栖霞区十字街2号-1栋,江苏省,南京市,栖霞区,1,e36f30cfbe953215a3acc4f4
1402,1745,十字街2号小区,118.813859,32.1033,江苏省南京市栖霞区红上路十字街2号,江苏省,南京市,栖霞区,1,bd206df20bfc3ff825d2bb1a
1403,1746,十字街110号居民小区,118.818477,32.105659,南京市栖霞区十字街110号,江苏省,南京市,栖霞区,1,53cebd50f51d83612a02e1ef
1404,1747,十字街3号小区,118.814961,32.10277,南京市玄武区十字街3号,江苏省,南京市,玄武区,1,8b47490b215b57df2d473314
1405,1748,雍璟府,118.818344,32.103992,南京市栖霞区言和路97号,江苏省,南京市,栖霞区,1,2c110ff0cf21aebed8eceddf
1406,1749,高家村-42号,118.816952,32.108131,南京市栖霞区高家村42-55号,江苏省,南京市,栖霞区,1,1d66a720d434e7f296ca07c4
1407,1750,十字街1号小区,118.813221,32.102699,十字街小区,江苏省,南京市,玄武区,1,53bf622ce5b066b52ce67b78
1408,1751,碧玉苑,118.813352,32.102284,南京市玄武区红山路161号,江苏省,南京市,玄武区,1,6ee0102091fab2ef52e5c5ef
1409,1752,东井村48号院,118.812081,32.108779,南京市栖霞区东井村48号,江苏省,南京市,栖霞区,1,945145d55563b909f03cbaa1
1410,1753,国贸小区,118.814199,32.109494,南京市栖霞区迈皋桥老街79号,江苏省,南京市,栖霞区,1,43018d15a0c79e527402690d
1411,1754,红山韵致居,118.816782,32.101234,南京市玄武区红山路192号(地铁站),江苏省,南京市,玄武区,1,f696f3c290c91beb1b11d5ef
1412,1755,幸福家园(迈皋桥街),118.814779,32.110112,南京市栖霞区迈皋桥老街99号,江苏省,南京市,栖霞区,1,8e37906a8b3658e35c17c358
1413,1756,东井村五十号小区,118.812899,32.109557,南京市栖霞区东井村路与迈皋桥街交叉路口往西北约50米(迈皋桥街258号小区东南侧),江苏省,南京市,栖霞区,1,7fd72311bc5de89f5cbe8656
1414,1757,江南公寓,118.815026,32.100783,南京市玄武区红山路177号,江苏省,南京市,玄武区,1,2cc3c8e85bc68cd64d2fdfef
1415,1758,御林山庄,118.813437,32.100919,南京市玄武区红山路159号,江苏省,南京市,玄武区,1,108b1ceadd5cd4ac3586f4ef
1416,1759,华电新村,118.818116,32.110097,南京市栖霞区华电路1号,江苏省,南京市,栖霞区,1,51713413f40a74512bb97cd2
1417,1760,迈皋桥街258号小区,118.811883,32.11039,南京市栖霞区迈皋桥街258号,江苏省,南京市,栖霞区,1,4c50b572b2bc7b924c3a5968
1418,1761,中电颐和家园东区一期-7幢,118.82111,32.100066,南京市玄武区华电路99号中电颐和家园东区一期7幢,江苏省,南京市,玄武区,1,a8143f5b6ee454c8081cc79b
1419,1762,南京百通国际公寓,118.81581,32.10758,南京市栖霞区高家村43号,江苏省,南京市,栖霞区,1,d81a737b363e7b1f374aae5e
1420,1763,金港大厦,118.810758,32.106595,栖霞区和燕路251号,江苏省,南京市,栖霞区,1,7fd72311bc0de89f5dbe8686
1421,1764,白领公寓,118.815582,32.108448,南京市栖霞区地铁一号线迈皋桥站出口南面,江苏省,南京市,栖霞区,1,2ed2eed91406393e28d7ab97
1422,1765,中电颐和府邸,118.821584,32.106104,江苏省南京市栖霞区南京华电路1号,江苏省,南京市,栖霞区,1,92174ea1e9b2eae43010af12
1423,1766,中电颐和家园-西区,118.819383,32.104322,南京市栖霞区言和路雍璟府东侧约40米,江苏省,南京市,栖霞区,1,f8b94756306ce8424151c0bd
1424,1767,北苑小区,118.827637,32.107603,南京市玄武区北苑西路7号,江苏省,南京市,玄武区,1,4709c6ec7f1f1f42e6e965b1
1425,1768,中海玄武公馆,118.828952,32.103804,南京市玄武区过街山路28号,江苏省,南京市,玄武区,1,3957ea265d976db131621284
1426,1769,颐和家园·睿域,118.82358,32.104243,南京市栖霞区华电路85号,江苏省,南京市,栖霞区,1,cdffa56e6637c9f65d0d0293
1427,1770,北苑小区-北苑二村,118.826679,32.106456,江苏省南京市玄武区华飞路8号,江苏省,南京市,玄武区,1,ffd6d40315c31ff217b54b6f
1428,1771,三星小区,118.827807,32.107065,南京市玄武区华飞路8号,江苏省,南京市,玄武区,1,e9bc9e497426013ec9c3db88
1429,1773,北苑之星,118.829069,32.107193,南京市玄武区华飞路8号,江苏省,南京市,玄武区,1,1020060fc8a643a61894c6ef
1430,1774,北苑一村,118.826946,32.108519,南京市玄武区北苑西路7号北苑小区,江苏省,南京市,玄武区,1,b963cc05d88ad4a613293550
1431,1776,颐和家园·尚璟,118.821099,32.10448,南京市栖霞区华电路87号,江苏省,南京市,栖霞区,1,ee5702904b89936b354aae8a
1432,1777,华电宿舍一至三宿舍,118.823285,32.10885,南京市栖霞区华三路华电三宿舍,江苏省,南京市,栖霞区,1,0a2d0668da829e87eddfcab7
1433,1779,华电三宿舍,118.823527,32.109308,南京市栖霞区迈皋桥华电路1号,江苏省,南京市,栖霞区,1,e23deaeabb7495e9d7b74e1a
1434,1780,颐和家园·尚玄,118.822834,32.100843,江苏省南京市玄武区恒嘉路77号,江苏省,南京市,玄武区,1,fa5341f3abf8cc88bbdf8fcb
1435,1781,北苑小区北苑三村网板宿舍-2幢,118.828488,32.109064,南京市玄武区北苑西路7号北苑小区北苑三村2幢,江苏省,南京市,玄武区,1,06bb1c4141a20eba08f5eb57
1436,1782,北苑新村,118.828518,32.109465,南京市玄武区网板路9号,江苏省,南京市,玄武区,1,0dde422394253e3cc356ac62
1437,1783,长营村101号小区,118.821127,32.109804,南京市栖霞区华电东路与华电路交叉路口往东北约50米,江苏省,南京市,栖霞区,1,34b7682c45baea5197031997
1438,1784,中电熊猫晶体公寓,118.820512,32.109423,江苏省南京市栖霞区华电路33号,江苏省,南京市,栖霞区,1,450bb813c2c9ec34c336447f
1439,1785,电工照明大楼,118.821179,32.109051,南京市栖霞区华电路1号,江苏省,南京市,栖霞区,1,6928b146518e9a377f29bd73
1440,1786,中电颐和家园-东门,118.820365,32.101176,南京市玄武区文四路与言和路交叉口南150米,江苏省,南京市,玄武区,1,14436cd7e2cee004f8dc85c0
1441,1787,月苑小区,118.834007,32.106121,南京市玄武区北苑东路1号,江苏省,南京市,玄武区,1,0ed20a150a194d9757bfffef
1442,1788,月苑南路,118.83582,32.104354,江苏省南京市玄武区,江苏省,南京市,玄武区,0,e999df5e0f3bd0acf02d8386
1443,1789,南京华厦,118.815374,32.099115,南京市玄武区红山路红森公寓,江苏省,南京市,玄武区,1,593e57a7530619d8deee8bac
1444,1790,紫萝苑小区,118.838239,32.106169,南京市玄武区营苑南路2号,江苏省,南京市,玄武区,1,d7ad3a21b5be7f63d23ce368
1445,1791,北城新风,118.838996,32.105935,南京市玄武区墨香路与月苑南路交叉路口向北约100米,江苏省,南京市,玄武区,1,5e53af1a719e195f4151c0ef
1446,1792,营苑西村,118.833979,32.108681,南京市玄武区营苑南路108号,江苏省,南京市,玄武区,1,c879fa012dc28d4ac909f0ef
1447,1793,恒大翡翠华庭,118.831596,32.107186,华飞路1号,江苏省,南京市,玄武区,1,1b4d5c7c5b5cc5264afc8df7
1448,1794,营苑新寓,118.836989,32.109406,南京市玄武区营苑南路29号,江苏省,南京市,玄武区,1,3810c8793ff4058b9c09f7ef
1449,1795,雯锦雅苑,118.83937,32.108056,南京市玄武区营苑南路1号,江苏省,南京市,玄武区,1,5ce2637d41fff951ae31e5ef
1450,1797,墨香山庄-西门,118.840212,32.106809,南京市玄武区墨香路30号,江苏省,南京市,玄武区,1,9bc48ab36e87b31900ff2dc8
1451,1798,营苑西村-北区,118.833714,32.110156,南京市玄武区北苑东路与营苑北路交叉路口往东北约90米,江苏省,南京市,玄武区,1,da8436361c55eee40a5cb36e
1452,1799,何家村48号,118.825041,32.108566,江苏省南京市栖霞区何家村48号,江苏省,南京市,栖霞区,1,54672373773dc798b05c6a1e
1453,1800,营苑东村,118.839,32.109676,南京市玄武区营苑南路72号,江苏省,南京市,玄武区,1,6ed3083a05c6a5ca2a3a9fa0
1454,1801,星叶瑜憬湾,118.831259,32.111792,江苏省南京市栖霞区网板路8号,江苏省,南京市,栖霞区,1,7b9329be7832ca5f2902e1f5
1455,1802,南京电子网板科技股份有限公司网板路2号宿舍,118.832722,32.110465,南京市栖霞区网板路2号,江苏省,南京市,栖霞区,1,19505ac8ca3cabd59d9d68d6
1456,1804,景虹园,118.8307,32.109963,南京市栖霞区迈皋桥网板路10号,江苏省,南京市,栖霞区,1,d7fd2ad3833624540bccddef
1457,1805,兴贤佳园-尚贤苑,118.845365,32.107528,南京市栖霞区汇贤路6号,江苏省,南京市,栖霞区,1,42f3ab6ecd295c9b88f15daf
1458,1806,墨香山庄,118.842031,32.106906,南京市玄武区墨香路30号,江苏省,南京市,玄武区,1,bd5046e8dd283b41d72ce2ef
1459,1807,兴卫二队36号,118.849267,32.107474,南京市栖霞区尧红路兴贤佳园-1期东南侧约90米,江苏省,南京市,栖霞区,1,8f0a7607ed297ff333169b11
1460,1808,兴卫三队-40号,118.848411,32.107528,江苏省南京市栖霞区兴卫三队40号,江苏省,南京市,栖霞区,1,9cae3e755920b9852fe67b6d
1461,1809,兴贤佳园-1期,118.847222,32.108391,南京市栖霞区兴贤路8号,江苏省,南京市,栖霞区,1,780197c3c29a145028d7ab8e
1462,1814,紫金墨香苑,118.841327,32.103428,江苏省南京市玄武区月香路6号,江苏省,南京市,玄武区,1,93b5c2134f83fe5dce04efbc
1463,1818,兴贤佳园,118.847388,32.108119,南京市栖霞区汇贤路6号,江苏省,南京市,栖霞区,1,445d0fc7ce2326c24002450a
1464,1821,兴贤佳园-修贤苑,118.842436,32.109119,南京市玄武区兴贤路6号,江苏省,南京市,玄武区,1,b12e33186c25adae601c67cc
1465,1822,兴都花园西苑-南区,118.848916,32.109263,南京市栖霞区兴卫村89号,江苏省,南京市,栖霞区,1,4cd7d04a11bed6e129d7abbf
1466,1824,兴都花园西苑-北区,118.848301,32.110122,南京市栖霞区兴卫村89号,江苏省,南京市,栖霞区,1,df9925ea78e7346825d2bb00
1467,1827,兴都花园-89号,118.848761,32.109424,南京市栖霞区兴卫村89号,江苏省,南京市,栖霞区,1,7aea43b7e6c64af87c29bd56
1468,1829,阳光聚宝山庄(太龙路),118.867281,32.100615,江苏省南京市玄武区玄武大道88号,江苏省,南京市,玄武区,1,8692fd4f11e8c9dca0acc4ff
1469,1830,海棠,118.869,32.10015,南京市玄武区玄武大道88号阳光聚宝山庄,江苏省,南京市,玄武区,1,3d67a3a409c952eb2806ceb2
1470,1831,钟山朝阳府售楼处,118.864652,32.101108,南京市玄武区朝阳山路苏宁紫金朝阳府,江苏省,南京市,玄武区,1,16bccdc8210a4944fea77842
1471,1832,钟山朝阳府,118.864591,32.101288,江苏省南京市玄武区朝阳山路1号,江苏省,南京市,玄武区,1,e751487e7a34abb608a8d450
1472,1833,百合街区,118.86919,32.101863,江苏省南京市玄武区阳光聚宝山庄,江苏省,南京市,玄武区,1,d6ee872412637ee0a8f0cdef
1473,1834,杜英百合,118.867702,32.101963,南京市玄武区阳光聚宝山庄,江苏省,南京市,玄武区,1,9cc1f515289e59e4bbbd6368
1474,1835,阳光聚宝山庄-西门,118.867287,32.100658,江苏省南京市玄武区阳光聚宝山庄西门(太龙路东),江苏省,南京市,玄武区,1,6b365f5c19a9a9449d9d6832
1475,1836,阳光聚宝山庄-杜英街区,118.868079,32.101755,南京市玄武区玄武大道88号,江苏省,南京市,玄武区,1,158716f94319659948fc8d49
1476,1837,红豆-8号楼,118.871271,32.100931,江苏省南京市玄武区阳光聚宝山庄红豆街区8栋,江苏省,南京市,玄武区,1,93177673c0d6efb7bd484215
1477,1838,阳光聚宝山庄臻园,118.876776,32.101291,南京市玄武区玄武大道90号,江苏省,南京市,玄武区,1,5299e21566f8a6c7f603b88d
1478,1839,臻园美林墅,118.876383,32.100156,南京市玄武区玄武大道88号,江苏省,南京市,玄武区,1,8065ec680bbbac384e2fdf5f
1479,1840,阳光聚宝山庄臻园-西区,118.875453,32.100348,南京市玄武区玄武大道90号,江苏省,南京市,玄武区,1,c7cb70b14e91aff26e20b912
1480,1841,海子口-129号,118.889238,32.109643,江苏省南京市栖霞区海子口129号,江苏省,南京市,栖霞区,1,9d3bf87826eb868fadb22ac1
1481,1842,东杨坊-100号,118.886698,32.100618,江苏省南京市玄武区东杨坊100号,江苏省,南京市,玄武区,1,81a439c0488499fa0b69d9c2
1482,1846,徐庄行政楼,118.890482,32.10202,南京市玄武区玄武大道699-1号,江苏省,南京市,玄武区,1,20a18d9416216217abf0cd5e
1483,1847,三味,118.900324,32.106862,南京市栖霞区仙林大学城仙林大学城仙隐北路2号,江苏省,南京市,栖霞区,1,83d151264938bf493a04b18b
1484,1848,徐庄软件产业基地大厦,118.890837,32.102163,南京市玄武区玄武大道江苏省南京徐庄高新技术产业开发区东南门北侧,江苏省,南京市,玄武区,1,e5293b6e8f67fc9943e192f5
1485,1849,苏宁·紫金嘉悦-3栋,118.892438,32.102536,南京市玄武区行辅路7号苏宁·紫金嘉悦3栋,江苏省,南京市,玄武区,1,7d3d625f8d9346ccb45f1e81
1486,1850,西码头一队-100号,118.893831,32.107629,江苏省南京市玄武区西码头一队100号,江苏省,南京市,玄武区,1,c2bba94f6ffb5d3e72455bf1
1487,1851,南京师范大学仙林校区教工住宅楼,118.908497,32.107069,南京市栖霞区中大路南京师范大学(仙林校区)5号门东北侧,江苏省,南京市,栖霞区,1,6fa8822c88ba1230fa42b2c8
1488,1852,南京师范大学(仙林校区)-茶苑,118.90635,32.106512,江苏省南京市栖霞区鹤鸣路南京师范大学茶苑,江苏省,南京市,栖霞区,1,3be122e1963be42f1ff74da3
1489,1853,雁鸣山庄,118.905872,32.103295,江苏省南京市栖霞区仙隐北路8号,江苏省,南京市,栖霞区,1,44207646ab10936bdeee8bef
1490,1854,金陵家天下,118.901984,32.103093,江苏省南京市栖霞区仙林街道仙鹤社区仙隐北路6号,江苏省,南京市,栖霞区,1,a1418eb45d54a37febe582ef
1491,1855,沁兰雅筑,118.907746,32.104986,南京市栖霞区仙隐北路15号,江苏省,南京市,栖霞区,1,be54cde9519b2b2678f79643
1492,1857,香溪月园-西区,118.906502,32.101213,南京市玄武区听泉路,江苏省,南京市,玄武区,1,12d6eaf7a075f3880482c240
1493,1858,亚东花园城,118.910798,32.100358,南京市栖霞区仙隐北路听泉山庄,江苏省,南京市,栖霞区,1,b1962bc3bed3e8bc9f09f7c3
1494,1860,仙鹤山庄,118.901359,32.104975,南京市栖霞区仙隐北路4号,江苏省,南京市,栖霞区,1,14076dee6334a18903294fa3
1495,1861,仙鹤山庄-别墅区,118.902583,32.105883,南京市栖霞区仙隐北路3号,江苏省,南京市,栖霞区,1,6913052375b46208725e80ef
1496,1862,金陵家天下-东北1门,118.902637,32.103179,南京市栖霞区仙隐北路6号,江苏省,南京市,栖霞区,1,3941acba2ff4d33b6fc02cf5
1497,1863,汇金园,118.901863,32.103247,南京市栖霞区仙隐北路6号,江苏省,南京市,栖霞区,1,f07f172fbb1a340bc9c3dbbf
1498,1864,香榭园,118.902637,32.103102,江苏省南京市栖霞区仙隐北路6号,江苏省,南京市,栖霞区,1,74ffd2eae77cfdf00bccdd49
1499,1865,依山苑,118.90264,32.105844,南京市栖霞区仙隐北路3号,江苏省,南京市,栖霞区,1,9c69c1335c2b54a5f6c59c20
1500,1866,仙鹤山庄(北区)-西南门,118.90199,32.105419,南京市栖霞区仙隐北路3号,江苏省,南京市,栖霞区,1,05f690dde0b2b8f228b97c20
1501,1867,南京师范大学(仙林校区)-博士生公寓,118.908718,32.107212,南京市栖霞区,江苏省,南京市,栖霞区,1,fa159ae713f09747c7f02581
1502,1868,南京师范大学仙林校区西苑12幢,118.914799,32.107466,江苏省南京市栖霞区南师大西苑12栋,江苏省,南京市,栖霞区,1,eb4d175f9d148a4d2bd7abd1
1503,1869,康桥圣菲,118.919988,32.10067,江苏省南京市栖霞区文范路9号,江苏省,南京市,栖霞区,1,22e11407ecd26ac9d4b74ea3
1504,1870,南京师范大学仙林校区西苑14幢,118.913493,32.107055,江苏省南京市栖霞区南京师范大学西苑14栋,江苏省,南京市,栖霞区,1,b9d4493c273e3564f60e7740
1505,1871,南京师大仙林校区西苑13幢,118.914147,32.107266,江苏省南京市栖霞区南京师范大学(仙林校区)西苑13栋,江苏省,南京市,栖霞区,1,9f43b6ca82501db63904b13f
1506,1872,东城汇,118.915411,32.103846,南京市栖霞区文苑路8号东城汇F2,江苏省,南京市,栖霞区,1,6e9e37fb0784b3c91d5800f9
1507,1873,人才公寓,118.916011,32.103357,南京市栖霞区文苑路8号东城汇F2东城汇F1,江苏省,南京市,栖霞区,1,6cd6e6b1a5057306f7eafc83
1508,1874,南京师大仙林校区南区学生公寓,118.917728,32.10485,南京市栖霞区文苑路44号,江苏省,南京市,栖霞区,1,485bd8eb2510144cad31e556
1509,1875,南京师范大学仙林校区-西苑11幢南楼,118.914859,32.107893,南京市栖霞区文苑路1号南京师范大学西区教育超市东侧,江苏省,南京市,栖霞区,1,b847351b9771f2b89fec2bda
1510,1876,咏梅山庄,118.913069,32.1022,江苏省南京市栖霞区仙林街道咏梅社区文苑路2号,江苏省,南京市,栖霞区,1,25c39cafe4e5efe8b75f1e01
1511,1877,仙林新村-南区,118.91885,32.101457,南京市栖霞区文枢东路2号,江苏省,南京市,栖霞区,1,beabdbf476a16a987069d351
1512,1878,倚竹园,118.911531,32.10256,南京市栖霞区文苑路2号,江苏省,南京市,栖霞区,1,02edccbb00afe079c4f025fb
1513,1879,东城汇-东南2门,118.914583,32.103142,南京市栖霞区文苑路8号,江苏省,南京市,栖霞区,1,cab74a46493ef58879dbd2d9
1514,1880,东城汇(东南门),118.916128,32.103468,南京市栖霞区文苑路8号东城汇F2东城汇F1,江苏省,南京市,栖霞区,1,70fbaebdb75bc66dd42ce245
1515,1882,亚东花园城.听泉山庄,118.910692,32.100706,南京市栖霞区仙林街道仙鹤社区仙隐北路10号,江苏省,南京市,栖霞区,1,f8537e60ee5ab22a72210b86
1516,1884,赛世香樟园,118.926415,32.106644,江苏省南京市栖霞区仙林街道杉湖路社区杉湖西路9号,江苏省,南京市,栖霞区,1,5e53af1a7624185f4151c051
1517,1885,东方天郡-西区,118.923394,32.102963,江苏省南京市栖霞区仙林街道杉湖路社区杉湖西路8号,江苏省,南京市,栖霞区,1,7bfa08fcd5fda20224d2bbbe
1518,1887,南京财经大学(仙林校区)教工宿舍-04栋,118.922605,32.110414,南京市栖霞区文澜路南京财经大学仙林校区大门南侧约60米,江苏省,南京市,栖霞区,1,d01e75878c08bc6cf5c59cc3
1519,1889,南京财经大学仙林校区教工宿舍02,118.922916,32.109944,南京市栖霞区文澜路南京财经大学(仙林校区)西门北侧约80米,江苏省,南京市,栖霞区,1,c75659b92ef1ce903a13fdbc
1520,1890,南京财经大学(仙林校区)西苑学舍-02栋,118.923957,32.110236,南京市栖霞区仙林大学城文苑路3号,江苏省,南京市,栖霞区,1,d6d552166041ca134d5547e0
1521,1894,南京市栖霞区商务局,118.93598,32.110476,江苏省南京市栖霞区文苑路118号,江苏省,南京市,栖霞区,1,818344cf8b7d025fa80dd852
1522,1895,康桥圣菲-东门,118.92125,32.101879,江苏省南京市栖霞区文苑路9号,江苏省,南京市,栖霞区,1,bcaebff875324e54c9e33c51
1523,1896,创客公寓南京,118.921286,32.101382,南京市栖霞区康桥圣菲6幢四楼,江苏省,南京市,栖霞区,1,6f1c2569f7bb06b32202207d
1524,1898,爱尚街区(文范路店)-东北门,118.921813,32.101038,南京市栖霞区仙林街道学衡路9号,江苏省,南京市,栖霞区,1,49311fbaeecd95fc54bfffd7
1525,1899,南京中建大厦,118.927483,32.102966,江苏省南京市栖霞区文澜路6号,江苏省,南京市,栖霞区,1,8d42f5ba5101fa49940319db
1526,1900,南京高科-北门,118.929325,32.103682,南京市栖霞区学津路与文范路交叉口西100米,江苏省,南京市,栖霞区,1,bae94ae00a147ef8bea24045
1527,1901,高科中心,118.929795,32.103466,江苏省南京市栖霞区学津路8号,江苏省,南京市,栖霞区,1,62b4e1881368d226ed74f8f2
1528,1902,仙林政务办公中心,118.936056,32.11034,文苑路118号,江苏省,南京市,栖霞区,1,06a4c780e8002483f33cbadc
1529,1903,南京审计大学金审学院教学楼-A栋,118.92149,32.093594,南京市栖霞区仙林大道100号南京审计大学金审学院,江苏省,南京市,栖霞区,1,6ee649fcb4b82f430bccdd2f
1530,1904,南京沧溪汇杰文庭-二期,118.940178,32.102808,江苏省南京市栖霞区仙林街道仙林大道128号,江苏省,南京市,栖霞区,1,c304d5b61360aa9b932ca32a
1531,1905,万山庭院-北门,118.939965,32.105278,江苏省南京市栖霞区仙林大道128号,江苏省,南京市,栖霞区,1,6ba5ac34f21c326307026f1f
1532,1906,万山庭院-西门,118.938094,32.103108,南京市栖霞区学子路与风华路交叉口北150米,江苏省,南京市,栖霞区,1,717e5d1fdd0b2a4747e274ea
1533,1907,汇杰文庭,118.939621,32.103228,南京市栖霞区仙林大道128号,江苏省,南京市,栖霞区,1,f1f5cac5b08e95e436b06ce4
1534,1908,仙林国际,118.935816,32.110374,南京市栖霞区文苑路仙林政务办公中心,江苏省,南京市,栖霞区,1,e6f48a631af391d501897230
1535,1909,万山庭院,118.941475,32.104095,南京市栖霞区仙林大道128号(南外中学部西侧),江苏省,南京市,栖霞区,1,37d67c763ab4f53a41d63e8a
1536,1910,栖园-南区,118.941683,32.109006,南京市栖霞区仙林街道杉湖东路18号,江苏省,南京市,栖霞区,1,997b45cb958fb6c016c8f638
1537,1911,南京中医药大学研究生宿舍,118.949763,32.104035,南京市栖霞区仙林大道138号南京中医药大学,江苏省,南京市,栖霞区,1,5340ebd706281df2c16c145e
1538,1912,南京中医药大学学生宿舍一号站,118.950365,32.105783,南京市栖霞区仙林大道138号南京中医药大学,江苏省,南京市,栖霞区,1,4af6201a516ca2b66fa3cc3d
1539,1913,南京中医药大学东苑,118.959043,32.108227,南京市栖霞区仙林大道138号南京中医药大学,江苏省,南京市,栖霞区,1,196f9fe60bd18fa5f60e7764
1540,1914,南京中医药大学学生宿舍-五号站,118.956955,32.10804,南京市栖霞区仙林大道138号南京中医药大学,江苏省,南京市,栖霞区,1,e5d4b1431ad51bcbf90cad5b
1541,1915,南京中医药大学学生宿舍八号站,118.956492,32.10749,南京市栖霞区仙林大道138号南京中医药大学,江苏省,南京市,栖霞区,1,edf2b9ff5ec745311329358a
1542,1916,南京中医药大学学生宿舍四号站,118.955132,32.108379,南京市栖霞区仙林大道138号南京中医药大学,江苏省,南京市,栖霞区,1,bbe1cdcb64db330cc056ac0b
1543,1917,南京中医药大学学生宿舍六号站,118.957542,32.109492,南京市栖霞区仙林街道仙林大道138号,江苏省,南京市,栖霞区,1,4888ff98e3952a142b3a9fd1
1544,1918,南京中医药大学学生宿舍七号站,118.958131,32.108063,南京市栖霞区仙林大道138号南京中医药大学,江苏省,南京市,栖霞区,1,985ccd6bf891b37a94ec8406
1545,1919,南京中医药大学学生宿舍-二号站,118.951674,32.106393,江苏省南京市栖霞区仙林大道138号南京中医药大学,江苏省,南京市,栖霞区,1,dbae64d83f29511ae215f96d
1546,1921,南大和园(D区),118.964745,32.108229,南京市栖霞区九乡河东路,江苏省,南京市,栖霞区,1,82faf946ecf528911de99922
1547,1922,南大和园-F区,118.96991,32.109328,江苏省南京市栖霞区仙林大道南大和园,江苏省,南京市,栖霞区,1,0a0362cc415acf5282a12e4e
1548,1923,自然天城,118.637022,32.099091,南京市浦口区沿山大道188号,江苏省,南京市,浦口区,1,2a01a91f2dfe4590f90cad69
1549,1925,工业大学青年教师公共租赁住房,118.639921,32.094462,南京市浦口区X202(盘汪线),江苏省,南京市,浦口区,1,b7546adc3c741ed3aaf0cd78
1550,1926,亚青村,118.639444,32.092529,江苏省南京市浦口区浦口大道100号,江苏省,南京市,浦口区,1,f1b81864f68fe52f9c09f731
1551,1927,飞龙山庄,118.649398,32.093848,江苏省南京市浦口区南京工业大学学府苑,江苏省,南京市,浦口区,1,c94846bb1b0f10473f9a5e60
1552,1928,通宇林景熙园,118.651427,32.096005,江苏省南京市浦口区顶山街道龚家洼路1号,江苏省,南京市,浦口区,1,05dfe387b4170d4a0bf5eb08
1553,1929,南京工业大学江浦校区-檀香苑,118.642748,32.092639,南京市浦口区浦珠南路30号(近南京工业大学),江苏省,南京市,浦口区,1,163d030e66c53fd2260bd081
1554,1930,涌泉山庄,118.649564,32.092376,江苏省南京市浦口区浦珠南路30号南京工业大学青教公寓5栋,江苏省,南京市,浦口区,1,46fced98fb8c12862a02e1e7
1555,1931,象山苑学生公寓,118.642172,32.091787,江苏省南京市浦口区南京工业大学江浦校区,江苏省,南京市,浦口区,1,94b8d30489e0e7bcb320a8ec
1556,1932,檀香苑学生公寓,118.642929,32.092779,南京市浦口区浦珠南路30号(近南京工业大学),江苏省,南京市,浦口区,1,160fcc3187905608d42ce221
1557,1933,学府苑,118.648719,32.094165,浦珠南路30号,江苏省,南京市,浦口区,1,eabf4519a9dcf70da21de96f
1558,1938,象山苑学生公寓-9幢,118.641011,32.092637,江苏省南京市浦口区南京工业大学学生公寓象山苑9幢,江苏省,南京市,浦口区,1,e817f9c9e9c7fabe25d2bbe4
1559,1939,象山苑学生公寓-1幢,118.641957,32.092149,江苏省南京市浦口区南京工业大学江浦校区象山苑1幢,江苏省,南京市,浦口区,1,f5f799f3add49cf186420e7d
1560,1940,金地浅山艺境,118.65787,32.09756,江苏省南京市浦口顶山街道七里桥北路19号,江苏省,南京市,浦口区,1,4738ebc362a826aed1f49eec
1561,1941,林景熙园1期,118.651938,32.093076,南京市浦口区龚家洼路与石婆路交叉路口往西北约130米,江苏省,南京市,浦口区,1,a68b60486deac4c54d776ecf
1562,1942,明发悦庭,118.654032,32.089461,南京市浦口区胡桥路9号(七里路与浦马路交汇处),江苏省,南京市,浦口区,1,41fdecad2faa1025c2f1cf82
1563,1943,美麟·香漫山,118.652578,32.090837,南京市浦口区胡桥路7号,江苏省,南京市,浦口区,1,2467fe6d36248879b5147f95
1564,1945,江苏警官学院青年教师公寓,118.667926,32.099778,江苏省南京市浦口区三宫48江苏警官学院浦口校区内,江苏省,南京市,浦口区,1,0cbfdd337b7b97a7940319c5
1565,1946,石佛寺农场家属区,118.679726,32.097402,南京市浦口区顶山街道浦珠中路359号,江苏省,南京市,浦口区,1,b788030c04a6ed6a6140a969
1566,1947,南京市石佛寺驾校-学生公寓,118.679987,32.096392,南京市浦口区浦珠中路359号,江苏省,南京市,浦口区,1,a9350da43c7800d897ec8470
1567,1949,华润国际社区,118.695772,32.0947,南京市浦口区广西埂大街100号,江苏省,南京市,浦口区,1,243c200a5ce5e8b25a3ac862
1568,1950,顺河里-38号楼,118.719122,32.094531,江苏省南京市浦口区顺河里38号楼(浦新路东),江苏省,南京市,浦口区,1,91a74e272ba1c92bd8d89175
1569,1951,顺河里-16号,118.717163,32.092856,南京市浦口区滨江大道与浦新路交叉路口往东南约170米,江苏省,南京市,浦口区,1,af59bce3a3b9bba028d7ab16
1570,1952,顺河里-17号,118.717343,32.09297,南京市浦口区滨江大道与浦新路交叉路口往东南约180米,江苏省,南京市,浦口区,1,37a96e7bdb65d94ec356acc3
1571,1953,顺河里-40号,118.719176,32.09466,南京市浦口区浦新路33-31号附近,江苏省,南京市,浦口区,1,31ff965a20653139364aae8c
1572,1954,顺河里-19号,118.717624,32.09312,南京市浦口区滨江大道与浦新路交叉路口往东约200米,江苏省,南京市,浦口区,1,dba702046c836ab745e27410
1573,1955,下关大厦,118.746023,32.09394,江苏省南京市鼓楼区中山北路540号,江苏省,南京市,鼓楼区,1,c8383fecbf3fb5ef48cc4a18
1574,1956,南京市鼓楼区政府办公楼-A座,118.746174,32.093922,南京市鼓楼区中山北路540号,江苏省,南京市,鼓楼区,1,1b85250271efb6ac1329358a
1575,1957,下关江边路以西1号地,118.743361,32.094204,南京市鼓楼区江边路以西1号地(东至热河路；西至江边路；南至中山北路),江苏省,南京市,鼓楼区,1,d1d96eb13ad9558525e0a053
1576,1958,中山北路603号小区,118.74488,32.092494,南京市鼓楼区中山北路603号,江苏省,南京市,鼓楼区,1,869ddc9357396cd5a3acc4e2
1577,1959,恒大滨江,118.743566,32.094163,阅江楼街道中山北路576号,江苏省,南京市,鼓楼区,1,ecf6347b41a3a8bf774ff1bf
1578,1960,中山北路607号院,118.744265,32.092788,南京市鼓楼区中山北路607号,江苏省,南京市,鼓楼区,1,326bcafb2871181b42d63e01
1579,1961,龙湖·春江紫宸-1-2栋,118.745157,32.097107,南京市鼓楼区建宁路355号,江苏省,南京市,鼓楼区,1,7ab8a0fa263987a2eb56fa15
1580,1962,张家圩小区,118.744151,32.092277,南京市鼓楼区中山北路605-607号,江苏省,南京市,鼓楼区,1,4cf8d24e02f5ede49df77986
1581,1963,惠纺园大厦,118.747099,32.091487,南京市鼓楼区中山北路591号,江苏省,南京市,鼓楼区,1,f5b0c6395df5c56914c8f665
1582,1964,百合华府,118.743055,32.092677,南京市鼓楼区中山北路619号,江苏省,南京市,鼓楼区,1,00586108150f3fa547e27486
1583,1965,龙湖·紫悦府-1栋,118.745182,32.097344,南京市鼓楼区建宁路355号龙湖·紫悦府1栋,江苏省,南京市,鼓楼区,1,002e9519eced5ade4bfc8dbe
1584,1966,边城V时代广场,118.747939,32.090148,江苏省南京市鼓楼区热河南路2-3号,江苏省,南京市,鼓楼区,1,5560488ef767deb6ee74f847
1585,1968,杨家花园35号楼,118.750248,32.095608,南京市鼓楼区建宁路绣球公园西门(阅江广场北),江苏省,南京市,鼓楼区,1,1bd86545c0278d1a52e5c54d
1586,1969,杨家花园49号,118.749916,32.095837,南京市鼓楼区热河路绣球公园西北侧约60米,江苏省,南京市,鼓楼区,1,4815a789d3e93b3bd7851fbb
1587,1970,龙湖·春江紫宸,118.743547,32.096468,南京市鼓楼区江边路15号,江苏省,南京市,鼓楼区,1,c2835a09fcdc7b4ac3364477
1588,1971,阅江广场,118.750025,32.094149,"南京市鼓楼区热河路50号(西临热河路,南临中山北路)",江苏省,南京市,鼓楼区,1,96b672aa419f316cce04ef6c
1589,1972,永宁街证大大拇指广场,118.74841,32.09842,南京市鼓楼区热河路185号,江苏省,南京市,鼓楼区,1,6b965689988e1a28a5da3918
1590,1974,南京西乘务员公寓,118.746804,32.099093,江苏省南京市鼓楼区大马路58号,江苏省,南京市,鼓楼区,1,ac796b2d30bbf612d12dd6e8
1591,1975,江苏省航运大楼,118.749878,32.092344,南京市鼓楼区中山北路507号,江苏省,南京市,鼓楼区,1,a8f171cb90395a586b49f337
1592,1976,江苏省航运大楼管委会,118.749939,32.092266,江苏省南京市鼓楼区中山北路507号江苏省航运大楼创业园8层,江苏省,南京市,鼓楼区,1,398eff42d29ca8bcca2915c1
1593,1977,边城世家,118.744341,32.082999,南京市鼓楼区郑和中路8号,江苏省,南京市,鼓楼区,1,1547369a45dabcbf5abbbc70
1594,1978,复兴大厦,118.748722,32.09099,热河南路9号附近,江苏省,南京市,鼓楼区,1,396c0b4aa6c021ff6ca3ccd6
1595,1979,长江峰景,118.740602,32.091805,南京市鼓楼区中山北路699号,江苏省,南京市,鼓楼区,1,783d79cf4a75667fe8e582d4
1596,1980,中山北路小区,118.75002,32.091168,南京市鼓楼区姜家园2-4号,江苏省,南京市,鼓楼区,1,a1418eb4a171df7eebe582d0
1597,1981,姜家园-46号,118.750246,32.091224,江苏省南京市鼓楼区姜家园46号,江苏省,南京市,鼓楼区,1,7f5d27f781ff4536465726eb
1598,1982,热河南路小区,118.749355,32.090386,南京市鼓楼区热河南路19-25号,江苏省,南京市,鼓楼区,1,b09c9c2b61d4409921026274
1599,1983,姜家园55号,118.750113,32.091264,姜家园56-58号附近,江苏省,南京市,鼓楼区,1,5f3fefb73d1cc4597bf7963e
1600,1984,姜家园57号,118.750042,32.091241,姜家园56-58号附近,江苏省,南京市,鼓楼区,1,04244a78e802d136f02d8305
1601,1985,姜家园52-54号,118.750148,32.091362,南京市鼓楼区姜家园2-4号,江苏省,南京市,鼓楼区,1,640634d78f31781aa5da39b1
1602,1986,姜家园-53号,118.750096,32.091364,姜家园56-58号附近,江苏省,南京市,鼓楼区,1,4620e7b7a2de04f1e5e96571
1603,1992,盐西街小区,118.756022,32.09497,南京市鼓楼区大桥南路盐仓桥19号,江苏省,南京市,鼓楼区,1,8eb48fa19fddfba6f22d8386
1604,1993,盐西街小区-13号楼,118.756375,32.095389,江苏省南京市鼓楼区北祖师庵13号,江苏省,南京市,鼓楼区,1,00a7beef6c58b1663586f4c4
1605,1994,盐仓桥住宅,118.757207,32.094151,南京市鼓楼区大桥南路盐仓桥11号,江苏省,南京市,鼓楼区,1,a78755f89cafca48ca2915b0
1606,1995,盐仓桥11号小区,118.756712,32.094117,南京市鼓楼区盐仓桥11号,江苏省,南京市,鼓楼区,1,3df5d4be53be5fde01294fcd
1607,1996,盐仓桥-17号院,118.756937,32.094385,江苏省南京市鼓楼区盐仓桥17号,江苏省,南京市,鼓楼区,1,2924a0e70fd9719dabf0cdc2
1608,1997,北祖师庵小区-4号楼,118.757302,32.095252,江苏省南京市鼓楼区北祖师庵4号,江苏省,南京市,鼓楼区,1,77932a0ff67446ee9ff7795e
1609,1998,北祖师庵-32-40号小区,118.756852,32.095804,南京市鼓楼区北祖师庵32-40号,江苏省,南京市,鼓楼区,1,a6cab9c735dd74c2f7eafc1a
1610,1999,中山北路348号小区,118.755069,32.093274,南京市鼓楼区中山北路348号,江苏省,南京市,鼓楼区,1,bf7dcc34a37f03824051c08e
1611,2000,驴子巷8号小区,118.755147,32.096565,南京市鼓楼区驴子巷8号,江苏省,南京市,鼓楼区,1,55fda9456b3588f72dfaa7f1
1612,2001,北祖师庵52-60号小区,118.756537,32.096416,南京市鼓楼区北祖师庵52-60号,江苏省,南京市,鼓楼区,1,d3c8848ff60402d8d72ce2a2
1613,2002,盐仓桥东街23号小区,118.757617,32.09455,南京市鼓楼区盐仓桥东街23号,江苏省,南京市,鼓楼区,1,dd178934bd17f0b815c90527
1614,2003,盐仓桥-44号楼,118.757536,32.094526,南京市鼓楼区盐仓桥44号楼,江苏省,南京市,鼓楼区,1,48e4486f10e1d370c07da250
1615,2004,驴子巷6号小区,118.755027,32.09674,南京市鼓楼区驴子巷6号,江苏省,南京市,鼓楼区,1,b67e8ed07ff6728332870a5c
1616,2005,多伦路150号小区,118.75844,32.09784,南京市鼓楼区多伦路150号,江苏省,南京市,鼓楼区,1,7150d3b4ab40a38b25e0a01f
1617,2006,于家巷小区,118.756224,32.096618,于家巷5号,江苏省,南京市,鼓楼区,1,9cbd25384a9bcc3432870adc
1618,2007,盐东街小区,118.758288,32.094863,南京市鼓楼区多伦路与新民门交叉口西南100米,江苏省,南京市,鼓楼区,1,48bf943c1f0b0730d2f49e75
1619,2008,盐仓桥东街22号小区,118.758484,32.095251,南京市鼓楼区盐仓桥东街22号,江苏省,南京市,鼓楼区,1,298524213e67df0579dbd23d
1620,2009,于家巷26号小区,118.757202,32.097152,南京市鼓楼区建宁路200号,江苏省,南京市,鼓楼区,1,166da1684baed590c91b950b
1621,2010,多伦路41号大院电厂宿舍,118.758979,32.094238,南京市鼓楼区阅江楼街道多伦路41号,江苏省,南京市,鼓楼区,1,7f410668d75f0283d6b74e10
1622,2012,铁路宿舍(多伦路),118.759016,32.096319,南京市鼓楼区多伦路79---19号,江苏省,南京市,鼓楼区,1,072bfc555326951fab059dac
1623,2013,盐仓桥4-1临,118.758543,32.092846,南京市鼓楼区盐仓桥路花家桥5号小区西北侧,江苏省,南京市,鼓楼区,1,f0f69d39c73044b2441a3299
1624,2014,新民门社区,118.759885,32.096704,南京市鼓楼区多伦路73号,江苏省,南京市,鼓楼区,1,29c2b4b9ec87e419f6c59c46
1625,2015,花家桥5号小区,118.758707,32.09269,南京市鼓楼区花家桥5号,江苏省,南京市,鼓楼区,1,c90a130d4d7fc70a9c09f716
1626,2016,邮局宿舍,118.759734,32.094243,南京市鼓楼区阅江楼街道多伦路48号,江苏省,南京市,鼓楼区,1,67ab79df2941369d9322e083
1627,2017,光夏新村,118.760058,32.095116,南京市鼓楼区多伦路42号,江苏省,南京市,鼓楼区,1,d5f93c0e3edb835cecdfca86
1628,2019,建宁新村(建宁路),118.759527,32.09739,江苏省南京市鼓楼区新民门社区(多伦路东100米),江苏省,南京市,鼓楼区,1,54762f33469af1d7c909f04c
1629,2021,油运公司宿舍(多伦路),118.75953,32.092964,南京市鼓楼区多伦路48号,江苏省,南京市,鼓楼区,1,d4b69e5a30f4e7f2ab059d76
1630,2022,嘉乐村,118.757329,32.090745,江苏省南京市鼓楼区中山北路399号,江苏省,南京市,鼓楼区,1,1ea7d0d3a3c72dda4457266d
1631,2023,朝阳公寓(戴家巷),118.757993,32.0912,江苏省南京市鼓楼区中山北路395号,江苏省,南京市,鼓楼区,1,d35cc8ca481ee28d6b49f382
1632,2024,北城居,118.759129,32.098137,南京市鼓楼区建宁路259号,江苏省,南京市,鼓楼区,1,3cc910d5730bcfb214948e9a
1633,2025,龙池庵戴家巷小区,118.758503,32.091056,江苏省南京市鼓楼区中山北路399号附近,江苏省,南京市,鼓楼区,1,f1e44a3744001a2e8f55ecaa
1634,2026,南祖师庵7号后楼小区,118.758412,32.09001,南京市鼓楼区龙池庵,江苏省,南京市,鼓楼区,1,90b07442e4ecefeaf02d8355
1635,2027,天正桃源,118.751481,32.091131,南京市鼓楼区姜家园99号,江苏省,南京市,鼓楼区,1,87c9d3e4aa913464d5b74ea4
1636,2028,中山北路小区-挹景楼,118.750523,32.09181,江苏省南京市鼓楼区姜家园2号,江苏省,南京市,鼓楼区,1,e4808c71c84e529d12882401
1637,2029,姜家园-8号,118.750642,32.091378,江苏省南京市鼓楼区姜家园8号,江苏省,南京市,鼓楼区,1,759d88749fb92b44430245ab
1638,2030,姜家园-10号,118.750732,32.091106,江苏省南京市鼓楼区姜家园10号,江苏省,南京市,鼓楼区,1,2cff777faea3c8b70b1cc7ec
1639,2031,姜家园-12号,118.750734,32.090763,江苏省南京市鼓楼区姜家园12号,江苏省,南京市,鼓楼区,1,2dda66e00cf85278d8d8913b
1640,2032,姜家园-64号楼,118.751042,32.089795,南京市鼓楼区姜家园64号楼,江苏省,南京市,鼓楼区,1,d0437ee6e55fd2959a005054
1641,2033,江苏石油大厦,118.758002,32.091553,南京市鼓楼区挹江门街道中山北路395号,江苏省,南京市,鼓楼区,1,2848ffd6cd41a30f49cc4aa2
1642,2034,油运大厦,118.760389,32.091707,南京市鼓楼区中山北路324号,江苏省,南京市,鼓楼区,1,44207646aafb926bdfee8b86
1643,2035,晶典国际大厦,118.7599,32.092034,南京市鼓楼区大桥南路1号(国美电器旁),江苏省,南京市,鼓楼区,1,ea0681ecfec69a5d1fe999ee
1644,2036,一江大厦,118.757766,32.097563,南京市鼓楼区建宁路263号,江苏省,南京市,鼓楼区,1,764672e5a8c9cead95ec8486
1645,2037,万江大厦,118.750747,32.092691,南京市鼓楼区中山北路426号,江苏省,南京市,鼓楼区,1,b4466c05590a2509b11e3604
1646,2038,晶典公寓,118.759857,32.09244,江苏省南京市鼓楼区大桥南路1号晶典公寓,江苏省,南京市,鼓楼区,1,28e7f652ff54e547b2077d0c
1647,2039,丽晶国际,118.754487,32.073311,南京市鼓楼区石头城路117号,江苏省,南京市,鼓楼区,1,a6f6a152fea6ceedfd0eb0f6
1648,2040,北祖师庵-8号,118.756707,32.095687,江苏省南京市鼓楼区北祖师庵8号,江苏省,南京市,鼓楼区,1,55424528b7be4daa32f71d4e
1649,2041,金川花苑,118.765694,32.094617,南京市鼓楼区金川门外18号,江苏省,南京市,鼓楼区,1,00f1c7fbfbfc191fc156aca3
1650,2042,林景嘉园,118.76401,32.094595,江苏省南京市鼓楼区新民村31号,江苏省,南京市,鼓楼区,1,6ea130e08e95a5a4ad080fa8
1651,2043,新民村-33号,118.764338,32.094328,南京市鼓楼区新民村33号楼,江苏省,南京市,鼓楼区,1,561a6d2b3a8be19c2b3a9fbe
1652,2044,头所村,118.765856,32.096924,五所村10号,江苏省,南京市,鼓楼区,1,2572fcfce760ca3c16a19049
1653,2045,南京工业大学家属区,118.767485,32.095862,南京市鼓楼区金川门外街5号,江苏省,南京市,鼓楼区,1,e00125eaffcbcfb9f13cbaeb
1654,2046,铁路北街177号小区,118.764835,32.093161,南京市鼓楼区铁路北街177号,江苏省,南京市,鼓楼区,1,21fbde09f5cc4349f33cbaf0
1655,2047,新民路110号小区,118.764051,32.096889,南京市鼓楼区新民路55号,江苏省,南京市,鼓楼区,1,ee104be9e657f0442afc48cf
1656,2048,金川雅苑,118.767362,32.093457,南京市鼓楼区铁路北街166号,江苏省,南京市,鼓楼区,1,e889a7448d9748b58705bfa0
1657,2049,南京财经大学-教师宿舍楼,118.765707,32.092433,南京市鼓楼区铁路北街146-162号,江苏省,南京市,鼓楼区,1,853df3d5d9a7e22b102935b4
1658,2050,五所村小区,118.767833,32.097199,江苏省南京市鼓楼区新民路146号,江苏省,南京市,鼓楼区,1,db1f39d46cbee712f4c59ca0
1659,2051,新民路21号小区,118.762048,32.096782,南京市鼓楼区新民路21号,江苏省,南京市,鼓楼区,1,b8f522fe7d59bdb94054d7cb
1660,2052,佳乐福新寓,118.761856,32.09544,南京市鼓楼区大桥南路18号,江苏省,南京市,鼓楼区,1,f4a33da9fbb225093110afa3
1661,2053,康居新寓,118.764517,32.09814,南京市鼓楼区四平路15号,江苏省,南京市,鼓楼区,1,669775d08b58c55bfc0eb0a3
1662,2054,大桥南路9号小区,118.760602,32.094692,南京市鼓楼区大桥南路9号,江苏省,南京市,鼓楼区,1,37b2930192d8a5caa2d2307f
1663,2055,仙鹿雅居,118.76655,32.098159,南京市鼓楼区建宁路161号,江苏省,南京市,鼓楼区,1,7aea43b7e6cb4af87d29bda3
1664,2057,南京财经大学福建路校区学生公寓-2号楼,118.769388,32.093948,江苏省南京市鼓楼区南京财经大学福建路校区学生公寓2号楼,江苏省,南京市,鼓楼区,1,60950f2465a331230f0a70ed
1665,2058,东妙峰庵小区,118.763825,32.091757,南京市鼓楼区大桥南路东妙峰庵1号,江苏省,南京市,鼓楼区,1,9406c62643bce4f9c356ac72
1666,2059,长江南京航道工程局-宿舍,118.761772,32.096886,江苏省南京市鼓楼区大桥南路28-1号,江苏省,南京市,鼓楼区,1,05e4f2a135f428c9f603b815
1667,2060,明城华贵园,118.765173,32.098668,江苏省南京市鼓楼区四平路2号,江苏省,南京市,鼓楼区,1,ea4a3dc904c0f52f4f5547a6
1668,2061,中北汽车公司宿舍,118.76256,32.092095,南京市鼓楼区东妙峰庵60-64号,江苏省,南京市,鼓楼区,1,c6f9c969b27e664329fc4818
1669,2062,建宁路135号院,118.766012,32.098832,江苏省南京市鼓楼区建宁路135号,江苏省,南京市,鼓楼区,1,f9d60bb1abfa6aeec62ba134
1670,2064,大桥南路6号小区,118.761562,32.092597,南京市鼓楼区大桥南路6号,江苏省,南京市,鼓楼区,1,319b667bf4287ae64bcc4a5c
1671,2065,建宁路141号,118.766071,32.099143,南京市鼓楼区建宁路137号,江苏省,南京市,鼓楼区,1,d37a91e0d44c0f08c9fa5fce
1672,2067,洪庙巷14号教舍,118.769277,32.092341,南京市鼓楼区洪庙巷14号,江苏省,南京市,鼓楼区,1,ac4a45b00a203c16a5da3962
1673,2069,建宁路143-147号院,118.766195,32.099273,南京市鼓楼区建宁路143-147号,江苏省,南京市,鼓楼区,1,20369b874aa43cffa30464b9
1674,2070,华东电力公司宿舍,118.762182,32.0981,南京市鼓楼区大桥南路40号,江苏省,南京市,鼓楼区,1,1326d77e7c01352dc41b75ba
1675,2071,西妙峰庵小区,118.763365,32.090563,南京市鼓楼区西妙峰庵3号-9号,江苏省,南京市,鼓楼区,1,7e08503a27c2cae22b201a68
1676,2072,萨家湾49号小区,118.76397,32.090161,南京市鼓楼区萨家湾49号,江苏省,南京市,鼓楼区,1,c1a0276aac1d0146a104648c
1677,2073,安乐村,118.770282,32.09813,南京市鼓楼区建宁路121号,江苏省,南京市,鼓楼区,1,d991e1164a952d291f3894df
1678,2074,南京财经大学学生公寓-7号楼,118.768924,32.090818,南京市鼓楼区洪庙巷南京财经大学(福建路校区),江苏省,南京市,鼓楼区,1,c4adb7419ea396c7c72ba1d2
1679,2075,中海·凯旋门,118.76174,32.091074,江苏省南京市鼓楼区中山北路288号盐仓桥广场,江苏省,南京市,鼓楼区,1,9a1056b4757744c148cc4aff
1680,2076,三所村2,118.762735,32.100164,江苏省南京市鼓楼区三所村2号,江苏省,南京市,鼓楼区,1,95af9d3ffcb7dbfc1ef74dac
1681,2077,港宁园小区,118.769954,32.091267,南京市鼓楼区洪庙巷6号,江苏省,南京市,鼓楼区,1,d52831f9e45a2ba72ffaa7a3
1682,2078,洪庙巷-12号院,118.768503,32.090006,江苏省南京市鼓楼区洪庙巷12号,江苏省,南京市,鼓楼区,1,2cc44795dc0fe8f39e82ea44
1683,2079,明城大厦,118.76419,32.099174,南京市鼓楼区建宁路241号明城大厦,江苏省,南京市,鼓楼区,1,14076deeff4ac5f403294fa2
1684,2080,中铁大厦,118.765937,32.098465,江苏省南京市鼓楼区建宁路139号,江苏省,南京市,鼓楼区,1,64ff3be13da3f9bb91114ca2
1685,2081,建宁路社区科教基地,118.765978,32.0995,南京市鼓楼区建宁路159号,江苏省,南京市,鼓楼区,1,c8ea579c45444525c8213d87
1686,2082,钟阜路小区,118.773991,32.093752,钟阜路2号,江苏省,南京市,鼓楼区,1,b3aa435d6aa8ae0b147643a2
1687,2083,五岳国际公寓-1号楼,118.777943,32.094226,江苏省南京市鼓楼区黑龙江路35号,江苏省,南京市,鼓楼区,1,cdb2c2c17c7c051ebadf8f7c
1688,2084,绿城花园,118.777355,32.097332,南京市鼓楼区建宁路57号,江苏省,南京市,鼓楼区,1,da9a5d44f403eeb099005012
1689,2085,建宁路55号院,118.777743,32.096955,南京市鼓楼区建宁路55号,江苏省,南京市,鼓楼区,1,b45b19d09a99fc4cc7f50d02
1690,2086,金陵大公馆,118.777525,32.093166,南京市鼓楼区南瑞路79号,江苏省,南京市,鼓楼区,1,75d0881a2aa5ed4d3b04b1a3
1691,2087,米巢公寓,118.769195,32.100615,南京市鼓楼区建宁路90号,江苏省,南京市,鼓楼区,1,ca12763992e0dcec2b3a9f9a
1692,2088,中央金地-1栋,118.775909,32.09812,南京市鼓楼区建宁路61号,江苏省,南京市,鼓楼区,1,396f26cd35f2d1b47f29bd36
1693,2089,南京长江医院集团办公楼,118.778838,32.09467,南京市鼓楼区黑龙江路30-1号1栋附近,江苏省,南京市,鼓楼区,1,22e1140770ac0eb4d4b74ea2
1694,2090,新门口-18号院,118.774376,32.092407,江苏省南京市鼓楼区新门口18号,江苏省,南京市,鼓楼区,1,d153226adf023a8c08a8d453
1695,2091,金润公寓,118.773186,32.097472,南京市鼓楼区民生街65号,江苏省,南京市,鼓楼区,1,9840dc283b3649ff38e4a638
1696,2092,黑龙江路28号院,118.779146,32.094309,南京市鼓楼区黑龙江路28号,江苏省,南京市,鼓楼区,1,d13971e9c56d7e6caecb6699
1697,2093,金阜雅苑,118.771885,32.094096,钟阜路30号,江苏省,南京市,鼓楼区,1,5f916aaf93697ffd14b54bc3
1698,2094,朗驰大厦,118.77875,32.097085,南京市鼓楼区建宁路45号,江苏省,南京市,鼓楼区,1,e3082848e59439bfb24c49a2
1699,2095,绿洲大厦停车场,118.777497,32.097837,建宁路57-2号,江苏省,南京市,鼓楼区,1,45e32fe2ff49efba077ce8a1
1700,2096,南京市新门口十四号家属院-23栋,118.774272,32.09203,南京市鼓楼区新门口14号23栋,江苏省,南京市,鼓楼区,1,c00f0e5104693eae8ab988b9
1701,2097,新亚苑,118.772996,32.092371,南京市鼓楼区钟阜路5号-8号,江苏省,南京市,鼓楼区,1,435d7aea4cf505355bbbbca3
1702,2098,停车场(金桥管理办公楼西北),118.774908,32.099968,南京市鼓楼区建宁路金桥装饰城,江苏省,南京市,鼓楼区,1,1094552d6bcedb9fadb22afb
1703,2099,钟阜路28号院,118.77225,32.092426,南京市鼓楼区钟阜路28号,江苏省,南京市,鼓楼区,1,fecae40449ada79704fef527
1704,2100,建宁路华茂广场,118.779478,32.09679,建宁路37号,江苏省,南京市,鼓楼区,1,4eb8095bd3912ae588db73bd
1705,2101,龙门居,118.78,32.09418,江苏省南京市鼓楼区黑龙江路28号,江苏省,南京市,鼓楼区,1,7bfa08fc9b9de07f24d2bba3
1706,2102,新门口16号院(东),118.777456,32.094538,新门口16号,江苏省,南京市,鼓楼区,1,13757ca08675a5c89ee321eb
1707,2103,黑龙江路21号院-1幢,118.780032,32.092163,江苏省南京市鼓楼区黑龙江路27号1幢,江苏省,南京市,鼓楼区,1,936ff1b738d0a97e80a00ca7
1708,2104,南铁院住宅区,118.771485,32.098092,南京市鼓楼区建宁路与民生街交叉路口往西南约190米,江苏省,南京市,鼓楼区,1,e4ce417e752ecf961ce999c1
1709,2105,亚都大厦,118.779685,32.098339,江苏省南京市鼓楼区建宁路22号,江苏省,南京市,鼓楼区,1,d1c68cbb462cb843d13ce3aa
1710,2106,洪庙一巷-4号院,118.770912,32.092422,南京市鼓楼区洪庙一巷4号,江苏省,南京市,鼓楼区,1,bd5205e2ea82b1c31a94c657
1711,2107,黑龙江路11号院,118.780299,32.093244,南京市鼓楼区黑龙江路11号,江苏省,南京市,鼓楼区,1,2b241f520413acce2cb17e42
1712,2108,紫竹苑小区(南瑞路),118.778359,32.09117,南京市鼓楼区南瑞路29号,江苏省,南京市,鼓楼区,1,4eb3b533fc08d075420245a2
1713,2109,安乐村-东2门,118.771179,32.098208,南京市鼓楼区建宁路107号附近,江苏省,南京市,鼓楼区,1,8ded321b6b74782c13882494
1714,2110,南京新门口商务办公综合楼,118.772432,32.090634,南京市鼓楼区三牌楼新门口5-9号近福建路,江苏省,南京市,鼓楼区,1,077954b0704bac4fae080f9a
1715,2111,洪庙一巷3号院,118.770953,32.09206,南京市鼓楼区洪庙一巷3号,江苏省,南京市,鼓楼区,1,ef77a8bcbaa73ea1acee7a67
1716,2112,金川科技园3,118.77187,32.098919,南京市鼓楼区建宁路65号铁道学院,江苏省,南京市,鼓楼区,1,5a39c00410ffbd1da1a934ff
1717,2113,安乐村-东1门,118.771096,32.098756,南京市鼓楼区建宁路,江苏省,南京市,鼓楼区,1,42b2555ec164cd1c3310af14
1718,2114,亚都锦园,118.779874,32.099037,江苏省南京市鼓楼区建宁路26号,江苏省,南京市,鼓楼区,1,a12baa40d995f156e956fa86
1719,2115,民生街小区,118.771493,32.099198,南京市鼓楼区安乐村(建宁路南),江苏省,南京市,鼓楼区,1,8955319639bb290fbb17e7f2
1720,2116,紫竹林(南瑞路),118.779746,32.091616,江苏省南京市鼓楼区中央门街道南瑞路紫竹林,江苏省,南京市,鼓楼区,1,efce05e4d7c1e96a00ff2dfe
1721,2117,新门口-35号,118.77294,32.090137,南京市鼓楼区广东路与福建路交叉路口向南约100米,江苏省,南京市,鼓楼区,1,6ee4ba063e00a49d2fe67b5e
1722,2118,泰润公寓,118.770708,32.090834,南京市鼓楼区福建路12号,江苏省,南京市,鼓楼区,1,e889a7448d9448b58705bfa3
1723,2119,建宁路11号大院,118.784977,32.096015,南京市鼓楼区建宁路11号,江苏省,南京市,鼓楼区,1,4f94120d529ed44e2bd7ab76
1724,2120,中央大厦(金贸大街),118.785877,32.096345,江苏省南京市鼓楼区建宁路7号,江苏省,南京市,鼓楼区,1,c697bdde537176c9354aaee7
1725,2121,建宁路街道城河村社区,118.783407,32.095382,江苏省南京市鼓楼区建宁路街道,江苏省,南京市,鼓楼区,1,58a0002f0085e451f7e73b6c
1726,2122,黑龙江路八巷小区2号楼,118.786009,32.093489,南京市鼓楼区黑龙江路八巷2号楼,江苏省,南京市,鼓楼区,1,e6784bc3fe6a2d080aa8d4e1
1727,2123,紫苑,118.78411,32.093773,南京市鼓楼区黑龙江路16号,江苏省,南京市,鼓楼区,1,18109d07acbe10b4abf0cd6f
1728,2124,汇林绿洲三期(广林苑),118.785307,32.092277,南京市鼓楼区黑龙江路汇林绿洲2号,江苏省,南京市,鼓楼区,1,4edf9fbf19b33894cd06a4a3
1729,2125,如家商旅酒店(南京火车站中央门金盛家居店),118.782714,32.096545,江苏省南京市鼓楼区建宁路31号金盛国际家居A栋1楼,江苏省,南京市,鼓楼区,1,ec0e49c5807f4618f2193711
1730,2126,南京市星星幼儿园,118.785156,32.085128,南京市鼓楼区工人新村49号,江苏省,南京市,鼓楼区,1,66487daa22a19c9140e1921f
1731,2127,蓝山国际公寓,118.787804,32.093806,南京市鼓楼区黑龙江路2号,江苏省,南京市,鼓楼区,1,0dc3d82d63d5986c74e5b6a3
1732,2128,金盛集团(金盛财智广场东南),118.781916,32.096172,江苏省南京市鼓楼区建宁路31号b区119号1楼,江苏省,南京市,鼓楼区,1,d9ddb5593d4b1c36c8213d4a
1733,2129,建宁路10号院-4号楼,118.786398,32.097965,江苏省南京市鼓楼区建宁路10号院4楼,江苏省,南京市,鼓楼区,1,927ee19183ae6d99a8059d82
1734,2130,金桥市场-A楼,118.785591,32.098474,江苏省南京市鼓楼区金桥市场A楼,江苏省,南京市,鼓楼区,1,2499838170d09846ae080fa4
1735,2131,古巷茶文化中心,118.781965,32.096563,江苏省南京市鼓楼区建宁路31号金盛国际家居b区7楼,江苏省,南京市,鼓楼区,1,58d4026b0568114016764372
1736,2132,汇林绿洲-上林苑,118.783506,32.092572,南京市鼓楼区黑龙江路17号,江苏省,南京市,鼓楼区,1,64f1fd6485f0749bc5effbb3
1737,2133,汽轮四村6号-16号楼,118.789181,32.103913,江苏省南京市鼓楼区小市中央北路东方开心幼儿园,江苏省,南京市,鼓楼区,1,e864fdfbb50e822307fef507
1738,2137,天正湖滨-2期,118.787626,32.092527,南京市鼓楼区中央路399号,江苏省,南京市,鼓楼区,1,7c1dccf1a37fbc0b54bfff3a
1739,2138,黑龙江路26号小区7幢,118.780441,32.093666,江苏省南京市鼓楼区黑龙江路26号院7幢,江苏省,南京市,鼓楼区,1,5ea02ae68b297e4702897253
1740,2139,玉桥国际公寓,118.787915,32.098621,南京市鼓楼区建宁路8号(建宁路玉桥市场后),江苏省,南京市,鼓楼区,1,e136626906700fdcc1f1cf26
1741,2140,先锋广场,118.789609,32.093884,江苏省南京市鼓楼区中央路417号,江苏省,南京市,鼓楼区,1,5a4470faee85c3a0e6073896
1742,2141,南京中电熊猫贸易发展有限公司-综合楼,118.781283,32.097633,江苏省南京市鼓楼区建宁路16号3楼,江苏省,南京市,鼓楼区,1,290a11f90fb67563843304a5
1743,2142,建宁路十八号小区,118.781841,32.098384,江苏省南京市鼓楼区建宁路18号,江苏省,南京市,鼓楼区,1,b0cbe87bac9727d8ab175a16
1744,2143,长江新村-9号,118.783745,32.091661,南京市鼓楼区,江苏省,南京市,鼓楼区,1,b7835d85ea56ddc854bfff22
1745,2144,天正湖滨,118.788972,32.092213,南京市鼓楼区中央路399号,江苏省,南京市,鼓楼区,1,dcc77d3f1ee7d6cb1df74d56
1746,2145,汇林绿洲-怡林苑,118.781751,32.092256,南京市鼓楼区黑龙江路19号,江苏省,南京市,鼓楼区,1,39d43f823cef81fba9059da0
1747,2146,天正国际广场,118.789711,32.092276,江苏省南京市鼓楼区中央路399号,江苏省,南京市,鼓楼区,1,e85e25273484e75095f08c04
1748,2147,天正湖滨君悦阁,118.789645,32.091879,南京市鼓楼区中央门街道中央路399号天正国际5号楼,江苏省,南京市,鼓楼区,1,5af346d8dda214c00782c244
1749,2148,紫竹林1号小区,118.781049,32.091715,南京市鼓楼区紫竹林1号,江苏省,南京市,鼓楼区,1,ea4a3dc9aabf5f2e4f5547a2
1750,2149,小市新村-18号小区,118.788902,32.099721,南京市鼓楼区幕府南路小市新村,江苏省,南京市,鼓楼区,1,015308a2b2bcf2409e82ea88
1751,2150,紫竹林-2号,118.781713,32.090809,南京市鼓楼区紫竹林1号,江苏省,南京市,鼓楼区,1,5fbc9d7604df849f3a04b123
1752,2152,凤凰和鸣-B区,118.789147,32.090422,南京市鼓楼区中央路389号,江苏省,南京市,鼓楼区,1,cda8226f61e9b7a80f0a7024
1753,2153,凤凰国际大厦（四川路）,118.789714,32.090519,南京市玄武区中央路389号,江苏省,南京市,玄武区,1,a1c70fa031ccd134b1077de6
1754,2154,教师住宅-西2门,118.782653,32.091097,江苏省南京市鼓楼区紫竹林1附近,江苏省,南京市,鼓楼区,1,c02c0351b5d53c2b4e5547bd
1755,2155,中央门地区商务楼宇综治办(站),118.789422,32.093758,南京市鼓楼区中央路417号先锋广场5层,江苏省,南京市,鼓楼区,1,8ce48310aaf05f49b54f5408
1756,2156,玉桥商业广场,118.787562,32.097406,江苏省南京市鼓楼区建宁路8号,江苏省,南京市,鼓楼区,1,862b03d2e7cb8076bda24015
1757,2158,中央门金盛家居店,118.782707,32.096287,南京市鼓楼区建宁路河图文化广场南侧约80米,江苏省,南京市,鼓楼区,1,f033a98736e7f1681c1d1118
1758,2159,和平大沟,118.795303,32.094239,江苏省南京市玄武区龙蟠路8号神策门公园(东门)附近,江苏省,南京市,玄武区,1,b01a657649ed50a700ec0127
1759,2160,韶山路246号院,118.797201,32.095559,南京市玄武区韶山路246号,江苏省,南京市,玄武区,1,a6293a2ede881346acee7a11
1760,2161,湖景花园,118.797179,32.094544,南京市玄武区龙蟠路6号,江苏省,南京市,玄武区,1,b0d056f25f631f7ecac3dbef
1761,2162,小市街98号小区,118.796904,32.097557,南京市鼓楼区小市街98号,江苏省,南京市,鼓楼区,1,876588217869d4f6018972af
1762,2163,小市街96号小区,118.796833,32.098153,南京市鼓楼区小市街96号,江苏省,南京市,鼓楼区,1,44eeef2cd7ca6b42aecb66ed
1763,2164,小市街50号小区,118.795808,32.098501,江苏省南京市鼓楼区小市街50号,江苏省,南京市,鼓楼区,1,51305f6a90c0257e734b87e0
1764,2165,小市街100号小区,118.797345,32.098056,南京市鼓楼区小市街100号,江苏省,南京市,鼓楼区,1,13fccf12aa231bf27ab55cc9
1765,2166,小市街88号小区,118.797865,32.098545,南京市鼓楼区小市街88号,江苏省,南京市,鼓楼区,1,a0118cf0055b87d5c909f0b7
1766,2167,小市街121号小区,118.795526,32.09937,小市街121号楼,江苏省,南京市,鼓楼区,1,ebdda11ec37f67dd09a8d40b
1767,2168,金基翠城,118.799383,32.098262,南京市鼓楼区和燕路58号,江苏省,南京市,鼓楼区,1,beabdbf476f06a987169d386
1768,2169,小市街144号社区,118.796379,32.099925,南京市鼓楼区小市街144号,江苏省,南京市,鼓楼区,1,f94f5f057266eff32811d110
1769,2170,泰和园,118.79837,32.099401,江苏省南京市鼓楼区和燕路52号,江苏省,南京市,鼓楼区,1,8ab0dfc428a89f16d9eced86
1770,2171,大全实业有限责任公司职工公寓,118.791814,32.090932,江苏省南京市玄武区廖家巷18号,江苏省,南京市,玄武区,1,972bf6e7360d485822026239
1771,2172,廖家巷社区,118.792117,32.092422,南京市玄武区中央路282号,江苏省,南京市,玄武区,1,6fddd7fd9a26c07f3517dcef
1772,2173,兴隆大厦,118.793132,32.097014,江苏省南京市玄武区龙蟠路9号,江苏省,南京市,玄武区,1,4fc3161ac127e6a93a13fdef
1773,2174,复兴·国际青年街区-1栋,118.794731,32.098094,江苏省南京市鼓楼区国际青年街区,江苏省,南京市,鼓楼区,1,95d881866caab2ca631809a5
1774,2175,万科红郡,118.804644,32.100367,江苏省南京市鼓楼区和燕路148号,江苏省,南京市,鼓楼区,1,e0eac47e7b3d134eeedfca76
1775,2176,中国邮政大楼,118.80498,32.091525,江苏省南京市玄武区南京市玄武区锁金村街道龙蟠路121号,江苏省,南京市,玄武区,1,428bf276dce1bcd1b1077d99
1776,2177,黄家圩住宅,118.801735,32.099255,江苏省南京市鼓楼区小市黄家圩,江苏省,南京市,鼓楼区,1,3f0e8b6aa263f08aa7c75683
1777,2178,龙湖紫都城(建设中),118.785708,32.099029,江苏省南京市鼓楼区建宁路与江西路交汇处北侧100米,江苏省,南京市,鼓楼区,1,49d91155a3cefc532b201a27
1778,2179,红山创意工厂A3-2,118.803549,32.098786,江苏省南京市鼓楼区黄家圩41号-b-6幢-102室,江苏省,南京市,鼓楼区,1,d8ecf666cc453daf6f3e1b11
1779,2180,黄家圩小区-41号,118.802472,32.09856,江苏省南京市鼓楼区黄家圩41号,江苏省,南京市,鼓楼区,1,d0b18389402105b8c4f025dd
1780,2181,韶山路288号小区,118.806267,32.091223,南京市玄武区韶山路288号,江苏省,南京市,玄武区,1,443811e2adcb94cd3ce2315d
1781,2182,黄家圩39号小区,118.802222,32.100624,江苏省南京市鼓楼区黄家圩39幢,江苏省,南京市,鼓楼区,1,2e706c747b3402c446e274fa
1782,2183,黄家圩38号小区,118.802097,32.100288,南京市鼓楼区黄家圩路38号,江苏省,南京市,鼓楼区,1,8a76b9c629e4da5f9cec2bce
1783,2184,黄家圩32号小区,118.801236,32.098719,南京市鼓楼区黄家圩路32号,江苏省,南京市,鼓楼区,1,66ad7204fb047d2ec9c3dbaf
1784,2185,黄家圩31号小区,118.801123,32.097985,南京市鼓楼区黄家圩路31号,江苏省,南京市,鼓楼区,1,b1a7a97b76b150a922f017f8
1785,2186,黄家圩-35号,118.801739,32.099072,江苏省南京市鼓楼区黄家圩路东小区35幢,江苏省,南京市,鼓楼区,1,806ba4c6b375d11fca09f058
1786,2187,黄家圩37号小区,118.802234,32.099898,南京市鼓楼区黄家圩37号,江苏省,南京市,鼓楼区,1,0c4ee92dacff8bb809a8d464
1787,2188,凤凰山庄,118.813202,32.095016,江苏省南京市玄武区曹后村28号,江苏省,南京市,玄武区,1,2e249aa2db4d930eeaf85387
1788,2189,天然居,118.813887,32.097607,红山路151号,江苏省,南京市,玄武区,1,04e51a3bcb5ec9ff88b9886a
1789,2190,跃进汽车集团南京汽车装备有限公司,118.818869,32.096655,江苏省南京市玄武区柯维璐,江苏省,南京市,玄武区,1,c8b394afe3df321cb05c6a70
1790,2191,红山美居,118.81501,32.09826,南京市玄武区红山街道红山路115-1号,江苏省,南京市,玄武区,1,50a3c23e54da390372455b06
1791,2192,曹后村9号小区,118.812906,32.092174,南京市玄武区曹后村9号,江苏省,南京市,玄武区,1,b8c9ea8dba5d0e344f3a59f1
1792,2193,质监大厦,118.816307,32.099006,江苏省南京市玄武区红山路164号,江苏省,南京市,玄武区,1,d31c6f76569687f91d58002e
1793,2194,曹后一村小区,118.815016,32.091834,南京市玄武区红山南路,江苏省,南京市,玄武区,1,3c0ea7c5f715fc9cfbf0cbef
1794,2195,邮局宿舍-18幢,118.81174,32.093042,曹后社区红山南路曹后村邮电宿舍,江苏省,南京市,玄武区,1,cfd965a4a92c4e6dc16c1473
1795,2196,红森公寓,118.814803,32.099674,南京市玄武区红山路175号,江苏省,南京市,玄武区,1,373cf757431bc36e4354d7ef
1796,2199,红山路157号小区,118.813691,32.099603,南京市玄武区红山路157号,江苏省,南京市,玄武区,1,360905d9351e024c3804b10f
1797,2200,红山路小区,118.814307,32.099817,南京市玄武区红山路173号,江苏省,南京市,玄武区,1,9b8481a9303c05732efaa7d1
1798,2201,邮局宿舍-14幢,118.811674,32.092587,南京市玄武区曹后村路曹后村邮电小区,江苏省,南京市,玄武区,1,3fe6bb7d148fbbb2430245b8
1799,2205,红山机电花园,118.817766,32.099769,南京市玄武区红山路158号,江苏省,南京市,玄武区,1,c8e8f633cc9f5c6cab0dd8ef
1800,2207,邮局宿舍-10幢,118.811531,32.092113,曹后村邮局宿舍10幢,江苏省,南京市,玄武区,1,56a000e5002f464f4c6d4680
1801,2209,曹后村邮电宿舍,118.811237,32.092216,南京市玄武区红山南路曹后村10号,江苏省,南京市,玄武区,1,d2a5c67d3e0ca9aac4f50db3
1802,2211,曹后二三村,118.81283,32.091732,南京市玄武区曹后村9号,江苏省,南京市,玄武区,1,eb52610b0f1e904f6ca3ccc2
1803,2212,邮局宿舍6幢,118.811531,32.09167,江苏省南京市玄武区黄曹路2号,江苏省,南京市,玄武区,1,526f3d1fe7abdd06b020a8e4
1804,2213,邮局宿舍-9幢,118.810758,32.092107,江苏省南京市玄武区曹后村邮局宿舍9幢,江苏省,南京市,玄武区,1,897c4cd4b1a7acf915a190ee
1805,2215,南京依维柯汽车有限公司-西北1门,118.824093,32.097828,南京市玄武区黑墨营100号,江苏省,南京市,玄武区,1,3ed652ad61b8b814da2f28c0
1806,2218,南京常发广场,118.817124,32.09196,红山路88号,江苏省,南京市,玄武区,1,50c76c59ce926d805d17c3d9
1807,2219,常发广场营销中心,118.816714,32.091637,红山路88号,江苏省,南京市,玄武区,1,7eb3299ecd3e975f0bf5eb38
1808,2220,御林山庄-南门,118.813947,32.100005,江苏省南京市玄武区红山路157号小区(红景路西),江苏省,南京市,玄武区,1,0a51d5a8b00e9600d12dd62d
1809,2222,阳光嘉园,118.825685,32.095886,江苏省南京市玄武区黑墨营路98号,江苏省,南京市,玄武区,1,87248d960ca9b9b32806ceef
1810,2225,黑墨营-96号,118.82423,32.094298,江苏省南京市玄武区黑墨营96号,江苏省,南京市,玄武区,1,41fcc34638e53d73ad080fa5
1811,2226,南京林业大学学生公寓21幢,118.826324,32.090458,江苏省南京市玄武区花园路30-16号,江苏省,南京市,玄武区,1,a385df1b03d885af5cbe86e8
1812,2228,采菊东篱,118.839308,32.092391,江苏省南京市玄武区樱花路99号,江苏省,南京市,玄武区,1,06260b71206eca155bf6be2a
1813,2229,樱铁村小区,118.834094,32.092261,江苏省南京市玄武区玄武大道699号,江苏省,南京市,玄武区,1,61f634f64b4533786b49f3ef
1814,2230,樱驼花园-永康园,118.837878,32.090581,南京市玄武区樱花西路8号,江苏省,南京市,玄武区,1,15a938100e8c16bd14c8f6ef
1815,2231,樱海公寓,118.8381,32.092302,南京市玄武区樱花路99号,江苏省,南京市,玄武区,1,34f68ab01f317a0a8f55ecef
1816,2232,华康苑小区,118.836267,32.091227,江苏省南京市玄武区樱花西路17号,江苏省,南京市,玄武区,1,756a44d07db08fc5c056ac67
1817,2233,跃新园小区,118.83938,32.091304,南京市玄武区樱花路108号,江苏省,南京市,玄武区,1,57f07367a4c2d3c12a06ce6e
1818,2234,藤子村143号,118.830037,32.095074,江苏省南京市玄武区藤子村143号,江苏省,南京市,玄武区,1,ccf2d44c8ff81e3b210262c2
1819,2235,东方城-旭日园,118.841012,32.091492,江苏省南京市玄武区蒋王庙街,江苏省,南京市,玄武区,1,f6684984f7041cddb817e77e
1820,2236,森林公安学校学生宿舍-2幢,118.832331,32.091057,南京市玄武区华新西路南京森林警察学院(花园路校区),江苏省,南京市,玄武区,1,1ffa200c01ecae6a74026901
1821,2237,森林公安学校学生宿舍-1幢,118.832522,32.090788,江苏省南京市玄武区南京森林警察学院学生宿舍1栋,江苏省,南京市,玄武区,1,6669cabcdca36182b320a8ce
1822,2238,南京森林警察学院青年教师宿舍-14幢,118.831816,32.09092,南京市玄武区华新西路南京森林警察学院(花园路校区),江苏省,南京市,玄武区,1,06e64ac756b5870d6240a9e9
1823,2239,华侨新村-北门,118.836414,32.090935,江苏省南京市玄武区蒋王庙街华侨新村(樱铁村小区附近),江苏省,南京市,玄武区,1,ef757c59c6bcb69cc4f50ddc
1824,2240,南京森林警察学院青年教师宿舍-13幢,118.831946,32.090653,南京市玄武区森林警察学院花园路校区,江苏省,南京市,玄武区,1,aee42e418ea2f32ffa42b296
1825,2241,青山居综合楼,118.844959,32.093419,东方城88号,江苏省,南京市,玄武区,1,8b48c4e8c5e7b186940319cc
1826,2242,尚达综艺办公楼,118.845305,32.092246,南京市玄武区玄武大道东方路99号四站汽修厂院内,江苏省,南京市,玄武区,1,910508bbf96b8c4f32f71d59
1827,2243,东方城,118.842169,32.092421,玄武区宁栖路,江苏省,南京市,玄武区,1,7697689c5f0f48d5adcb6604
1828,2244,汇景佳园,118.84917,32.095221,江苏省南京市玄武区玄武大道299号,江苏省,南京市,玄武区,1,2c0bd6c5feb04ed742ab9abf
1829,2245,龙悦山庄,118.846405,32.093806,南京市玄武区东方城101号,江苏省,南京市,玄武区,1,46e86fdd6608c66fd13ce3ef
1830,2246,松林谷花园3期,118.846671,32.092334,玄武东方城100号,江苏省,南京市,玄武区,1,3b6549a7e98fdb299b68b43f
1831,2247,松林谷花园小区,118.846857,32.092543,南京市玄武区东方城100号,江苏省,南京市,玄武区,1,a6cdf380af38ceade9f85380
1832,2248,建发紫庐,118.848339,32.093825,南京市玄武区蒋王庙98号,江苏省,南京市,玄武区,1,25057a4cbdbe3275b1077d07
1833,2250,汇景佳园北门,118.848541,32.096235,江苏省南京市玄武区玄武大道229号,江苏省,南京市,玄武区,1,87f12c29d2af30a5f33cbac4
1834,2251,东方城-朝霞园,118.844115,32.092057,南京市玄武区蒋王庙街与东方路交叉路口往西约50米(东方城),江苏省,南京市,玄武区,1,d01702e5b842abc751e5c5c2
1835,2252,东方城-晨曦园,118.842565,32.091906,江苏省南京市玄武区樱驼花园东方城,江苏省,南京市,玄武区,1,727771b933c691b3c26c1431
1836,2253,东方城-启明园,118.843453,32.09278,南京市玄武区东方路与蒋王庙街交叉路口向西北约200米,江苏省,南京市,玄武区,1,9a337ac9eeefa2336d476009
1837,2254,东方城-99号,118.845361,32.09237,江苏省南京市玄武区东方城99号,江苏省,南京市,玄武区,1,31943060c5d8534d774ff18a
1838,2255,东方城-89号,118.844966,32.093037,江苏省南京市玄武区东方城89号,江苏省,南京市,玄武区,1,2afe50c91a418384d22dd6ee
1839,2256,紫晶园,118.87864,32.092854,南京市玄武区环陵路7号,江苏省,南京市,玄武区,1,a98ef41fe16ece41dc1e5293
1840,2257,西杨坊-68号,118.87717,32.099093,江苏省南京市玄武区西杨坊68号,江苏省,南京市,玄武区,1,926a8955e25c5e84a5da3956
1841,2258,南京市徐庄软件产业基地管委会,118.891151,32.102021,南京市玄武区玄武大道699号徐庄软件产业基地大厦1～4层,江苏省,南京市,玄武区,1,4554187ae1797daa4302459a
1842,2259,双创企业孵化器,118.895604,32.092974,南京市玄武区苏园路6号院6栋,江苏省,南京市,玄武区,1,0d250ce5d4e1915f2902e170
1843,2260,智汇大厦,118.893149,32.09334,玄武湖街道江苏软件园699-22号21幢,江苏省,南京市,玄武区,1,d70a44f44fd2e72084154108
1844,2261,苏宁易购总部楼,118.899753,32.094716,江苏省南京市玄武区徐庄软件园苏宁大道1号,江苏省,南京市,玄武区,1,239ab28c635c1947c356acf5
1845,2262,徐庄软件园研发三区B栋,118.898147,32.097286,江苏省南京市玄武区研发三区B栋,江苏省,南京市,玄武区,1,8da806eaef3749fd48fc8d13
1846,2263,徐庄软件园研发三区7号楼-03区,118.898749,32.097526,南京市玄武区玄武大道6998号,江苏省,南京市,玄武区,1,aeaf308acb79f0a09ff779f5
1847,2264,徐庄软件园研发三区7号楼-02区,118.898708,32.097791,南京市玄武区玄武大道6998号,江苏省,南京市,玄武区,1,dbbdbef8fb0518fa2fe67bad
1848,2265,徐庄软件园研发三区E栋,118.899853,32.097014,江苏省南京市玄武区研发三区E栋,江苏省,南京市,玄武区,1,19b2458ae868524308ccdd5d
1849,2266,途牛大厦,118.894093,32.090469,南京市玄武区玄武大道699-32号,江苏省,南京市,玄武区,1,299910dcde91d40ad42ce21c
1850,2268,紫苏园,118.898364,32.098844,南京市玄武区苏宁大道一号紫苏园(南京)附近,江苏省,南京市,玄武区,1,40bda584379e6b60d12dd6cd
1851,2269,苏宁易购集团公司2区-东北1门,118.901699,32.09479,江苏省南京市玄武区苏宁易购总部苏宁总部C5号门,江苏省,南京市,玄武区,1,a054ed7b4d2050ba6d20b949
1852,2270,SUNING苏宁大学,118.899624,32.092756,江苏省南京市玄武区苏宁大道1号a地块,江苏省,南京市,玄武区,1,2eb69a71da44544d2b3a9fe8
1853,2271,紫宁园-B1栋,118.896433,32.099214,江苏省南京市玄武区紫宁园B1栋,江苏省,南京市,玄武区,1,13bffc2378b3a91cbd4842c1
1854,2272,仙居雅苑,118.903225,32.097778,南京市玄武区仙鹤门二号路1号,江苏省,南京市,玄武区,1,7fd72311bfe6e99f5cbe86ef
1855,2273,仙居花园,118.906839,32.090699,南京市玄武区仙鹤门2号(公交车站),江苏省,南京市,玄武区,1,87248d960f13b8b32806ce51
1856,2274,翠屏·紫气钟山,118.901935,32.091962,江苏省南京市玄武区苏宁大道1号,江苏省,南京市,玄武区,1,edd64ce14fb470933fe2314d
1857,2275,仙居华庭,118.905163,32.093803,江苏省南京市玄武区仙鹤门二号路1号,江苏省,南京市,玄武区,1,8d96925cc9403845c1f1cf51
1858,2276,仙鹤茗苑,118.908534,32.095052,南京市玄武区鹤鸣路52号,江苏省,南京市,玄武区,1,23116913d0d64dfd734b87ef
1859,2277,香溪月园,118.909313,32.100017,南京市栖霞区仙林街道仙鹤社区文枢西路6号,江苏省,南京市,栖霞区,1,72e57fd7f4e485aff8dc85ef
1860,2278,云邸-11幢,118.906575,32.096817,南京市玄武区仙鹤门二号路仙鹤茗苑西北侧,江苏省,南京市,玄武区,1,105ce858e5a008eff5c59c72
1861,2279,紫金东郡-3期,118.902988,32.090127,江苏省南京市玄武区苏宁大道8号,江苏省,南京市,玄武区,1,80ed31884576807b5cbe86cc
1862,2280,南京雅苑商务中心,118.904383,32.098365,南京市玄武区仙居雅苑60号,江苏省,南京市,玄武区,1,00411bc66276517ca80dd835
1863,2281,仙鹤新天地广场-西门,118.909951,32.091332,南京市玄武区鹤鸣路6号仙鹤新天地广场F1,江苏省,南京市,玄武区,1,9699d6c22e6873da1f389411
1864,2282,仙鹤新天地广场-南门,118.910373,32.091137,南京市玄武区鹤鸣路6号仙鹤新天地广场F1,江苏省,南京市,玄武区,1,78efa9da0ae0110674026923
1865,2283,仙居华庭-18栋,118.905526,32.092567,江苏省南京市玄武区仙鹤门二号路1号仙居华庭18栋,江苏省,南京市,玄武区,1,98c2e18f1c282b439de32109
1866,2284,仙龙湾山庄,118.918747,32.091726,玄武区仙隐南路2号,江苏省,南京市,玄武区,1,000f2397d83a684a1894c6dc
1867,2285,中豪天禄,118.91861,32.092272,南京市栖霞区仙隐南路2号(毗邻地铁二号线仙鹤门站出口),江苏省,南京市,栖霞区,1,845b37170ea3426d7ab55c6b
1868,2286,亚东城-东区,118.920505,32.098032,南京市栖霞区仙林街道仙隐北路21号,江苏省,南京市,栖霞区,1,2bee296284e05f8a4e2fdf36
1869,2287,奥克斯·钟山府,118.91404,32.095351,江苏省南京市玄武区文枢西路与燕西路交汇处(亚东城二期西面),江苏省,南京市,玄武区,1,883224c44a92102bddee8b55
1870,2288,半月湾,118.912769,32.097545,南京市栖霞区文枢西路6号,江苏省,南京市,栖霞区,1,bbf7c6be1241f0faebe58287
1871,2289,亚东城西区丽景雅苑18栋,118.915855,32.095595,江苏省南京市玄武区仙隐北路18号亚东城西区18栋,江苏省,南京市,玄武区,1,b7f244979bc13ceb03ff2ded
1872,2290,中豪花园,118.91861,32.09193,仙隐南路2号,江苏省,南京市,栖霞区,1,10e19ed51d60193b81a12e50
1873,2291,亚东城-西区,118.915824,32.096439,江苏省南京市栖霞区仙隐北路18号,江苏省,南京市,栖霞区,1,593850fbe1c3b220de1e52a3
1874,2294,依云溪谷,118.928467,32.095904,江苏省南京市栖霞区汇通路8号(仙林大道南与仙霞路交汇处),江苏省,南京市,栖霞区,1,4bb049d9de04d93a980050a3
1875,2295,亚东城西区-23栋,118.917091,32.096034,江苏省南京市栖霞区仙隐北路18号亚东城西区23栋,江苏省,南京市,栖霞区,1,bc06dec9ab5b886482288aab
1876,2296,亚东城-南门,118.920433,32.096663,江苏省南京市栖霞区仙林大道亚东城南门(亚东城东区附近),江苏省,南京市,栖霞区,1,52f1da859b53892bad04577d
1877,2297,九霄梦天地,118.923133,32.09856,江苏省南京市栖霞区仙林学衡路1号(2号线学则路站),江苏省,南京市,栖霞区,1,b1ec21a228616793744ff122
1878,2299,亚东城-学海馨园,118.920786,32.099203,南京市栖霞区仙隐北路21号,江苏省,南京市,栖霞区,1,0a59b2014d71c5e14f6d46d6
1879,2301,东墅山庄-北门,118.936377,32.100869,江苏省南京市栖霞区仙林东墅山庄(仙林中心地铁站南),江苏省,南京市,栖霞区,1,6edae4a0819e78ba97031953
1880,2302,招商·依云溪谷雅苑,118.930932,32.095194,南京市栖霞区仙林汇通路8号,江苏省,南京市,栖霞区,1,e9081fae10bff63014948e66
1881,2303,绿城东方玉园,118.937922,32.093549,南京市灵山北路与风华路交汇处(仙林街道大埔塘东侧),江苏省,南京市,栖霞区,1,cc67a074c2d4a028b6f42f28
1882,2304,朗诗保利·麓院,118.936185,32.093852,江苏省南京市栖霞区灵山北路与汇通路交汇处,江苏省,南京市,栖霞区,1,90bf1691020a1934246e98be
1883,2305,尚东花园别墅区,118.933904,32.099951,南京市栖霞区风华路新城·尚东花园,江苏省,南京市,栖霞区,1,4e52f61f4293b387a11de9d9
1884,2306,保利礼墅,118.934847,32.093475,南京市栖霞区灵山北路汇通路交汇处,江苏省,南京市,栖霞区,1,73cd1f8d3b8b4880932ca3e1
1885,2307,新城·尚东花园,118.932102,32.0994,江苏省南京市栖霞区仙林大道118号,江苏省,南京市,栖霞区,1,eac536b9680d7fcc95ca07c6
1886,2308,英郡华府,118.937031,32.098889,南京市栖霞区灵山北路9号,江苏省,南京市,栖霞区,1,b44ec560048fe8061df74dff
1887,2309,风华园,118.933831,32.096262,江苏省南京市栖霞区汇通路9号,江苏省,南京市,栖霞区,1,24d0550827728cae138824a0
1888,2310,新城尚-东区,118.933902,32.099921,南京市栖霞区仙林大道118号,江苏省,南京市,栖霞区,1,48b9af88efe77e772b3a9feb
1889,2311,英郡华府东墅山庄-2期,118.936162,32.09873,南京市栖霞区灵山北路9号,江苏省,南京市,栖霞区,1,de19b5e96443761d2102625e
1890,2312,九乡雅苑,118.968652,32.09812,江苏省南京市江宁区南京绕城高速公路东,江苏省,南京市,江宁区,1,c5d2dce5668645e2abf72910
1891,2313,恒大龙珺,118.968472,32.095643,南京市江宁区袁家边路恒大龙珺,江苏省,南京市,江宁区,1,947c6b41673d72b3b54f5412
1892,2314,西岗果牧场宿舍,118.992653,32.090279,江苏省南京市栖霞区孟北地铁站4号口西100米,江苏省,南京市,栖霞区,1,5cbf8ca75a2ae186eb1e974e
1893,2315,华府国际3期19幢,118.610849,32.08097,南京市浦口区八里路华府国际-三期,江苏省,南京市,浦口区,1,6ae75710dcbab9840bccdd99
1894,2316,华府国际-三期,118.611429,32.080608,沿山大道东150米,江苏省,南京市,浦口区,1,8fc50f05245064cf35b06c5e
1895,2317,香山郡,118.614916,32.079759,江苏省南京市浦口大马山路6号(沿山大道与财八路交叉口),江苏省,南京市,浦口区,1,98d0c36c2ebe912b4f3a5902
1896,2319,江苏建康职业学院学生公寓3幢,118.616115,32.081379,江苏省南京市浦口区X303县道(黄山岭路)江苏卫生健康职业学院学生公寓3幢,江苏省,南京市,浦口区,1,97959cd16f36fec5b5f42fb0
1897,2320,江苏建康职业学院学生公寓2幢,118.616142,32.081312,江苏省南京市浦口区X303(黄山岭路),江苏省,南京市,浦口区,1,6f02b2a681371f39a21de955
1898,2321,金基九月森林,118.621426,32.083786,江苏省南京市浦口区江浦街道象山路29号,江苏省,南京市,浦口区,1,fc767524317fe1844f776eae
1899,2322,香山湖一号-南门,118.623293,32.081085,江苏省南京市浦口区黄山岭路,江苏省,南京市,浦口区,1,26921db62d0da67e0ab93a9c
1900,2323,融侨观邸,118.636163,32.084684,江苏省南京市浦口区海院路88号(象山南路与海院路交汇处),江苏省,南京市,浦口区,1,3950a61b25f7cf3d07026f6d
1901,2324,东方·熙龙山院,118.635182,32.08852,江苏省南京市浦口区白马路90号,江苏省,南京市,浦口区,1,a26b533ae47ed77774026924
1902,2325,旭辉银城白马澜山,118.633369,32.08096,江苏省南京市浦口区白马路81号,江苏省,南京市,浦口区,1,c8e58bb557ac7d28a5da390a
1903,2326,江浦房产交易中心,118.63341,32.069822,南京市浦口区江浦街道象山路1号,江苏省,南京市,浦口区,1,830c00f513f3aecfcf06a45a
1904,2327,通宇·林景雅园,118.630994,32.082994,江苏省南京市浦口区珠江镇象山路18号,江苏省,南京市,浦口区,1,06deaad92e21646fb54f5458
1905,2328,林景雅园-北区,118.631158,32.086218,江苏省南京市浦口区白马路象山墅院(东方熙龙山院西200米),江苏省,南京市,浦口区,1,1fab9c0985d3a7e529b97c09
1906,2329,白马澜山苑,118.634716,32.082087,南京市浦口区白马路旭辉银城白马澜山北侧,江苏省,南京市,浦口区,1,91d7835e2cd32cc23a13fd6c
1907,2330,融侨观邸左岸,118.640005,32.086823,江苏省南京市浦口区浦口大道,江苏省,南京市,浦口区,1,1e262f08ac7895435cbe868b
1908,2332,白马村新民组100-10,118.632333,32.080208,南京市浦口区狮山路新民组居民区,江苏省,南京市,浦口区,1,c231e420a3a6b6cfaa175ae8
1909,2333,新民组居民区,118.633128,32.079545,江苏省南京市浦口区新民组居民区(白马路南310米),江苏省,南京市,浦口区,1,e7b25b84659b94110bf5eb6a
1910,2334,揽月山庄-北门,118.63968,32.083407,江苏省南京市浦口区揽月山庄北门(狮山路南),江苏省,南京市,浦口区,1,1637178864d9fbf75abbbce5
1911,2335,南京工业大学桂苑学生公寓-北楼,118.646693,32.081148,南京市浦口区浦珠南路30号,江苏省,南京市,浦口区,1,a2557d7d30c80bd03a04b160
1912,2337,揽月山庄,118.641972,32.082688,南京市浦口区白马村大村组100号,江苏省,南京市,浦口区,1,e3e2cd9d5a3991e3c7f50dfc
1913,2338,新南苑,118.6461,32.080761,江苏省南京市浦口区南京工业大学江浦校区,江苏省,南京市,浦口区,1,daef1206a0277b645e17c3f0
1914,2339,南京工业大学东苑,118.646758,32.084002,南京市浦口区江浦街道浦珠南路30号,江苏省,南京市,浦口区,1,67a61e3e23a183460f0a70b9
1915,2340,南京工业大学江浦校区-怡斋学生公寓,118.647022,32.080027,江苏省南京市浦口区浦珠南路30号,江苏省,南京市,浦口区,1,0b22e7178d4c024682a00c02
1916,2341,南京工业大学江浦校区西苑学生公寓-D1幢,118.64449,32.083298,南京市浦口区南京工业大学学生公寓西苑D1幢,江苏省,南京市,浦口区,1,c2455415900da4ca3a04b196
1917,2343,浦江宿舍06幢,118.652693,32.085904,江苏省南京市浦口区南京工业大学浦江宿舍6幢,江苏省,南京市,浦口区,1,5ffe7bc70e745efdddee8b47
1918,2344,浦江宿舍01幢,118.652365,32.086405,南京市浦口区浦珠南路30号,江苏省,南京市,浦口区,1,6e1693f9c969445e3913fde2
1919,2345,南京工业大学浦江宿舍05幢,118.652868,32.08519,江苏省南京市浦口区南京工业大学浦江宿舍5幢,江苏省,南京市,浦口区,1,7e6c0d61e42431d5df1e52a3
1920,2346,南京工业大学浦江宿舍03幢,118.654276,32.08584,江苏省南京市浦口区南京工业大学浦江宿舍03幢,江苏省,南京市,浦口区,1,827b8aa418bafde08b2fb547
1921,2347,南京工业大学浦江宿舍-2幢,118.653401,32.086009,江苏省南京市浦口区南京工业大学浦江宿舍2幢,江苏省,南京市,浦口区,1,7569d574787d196f02897245
1922,2349,南京工业大学-浦江学生公寓,118.653315,32.086042,南京市浦口区江浦街道浦珠南路30号,江苏省,南京市,浦口区,1,ac976bf9a4ce96172fb96d78
1923,2350,综合办公楼,118.711738,32.089906,南京市浦口区滨江大道与南京定淮门长江隧道交叉路口往西南约140米,江苏省,南京市,浦口区,1,b00edfd594163de16f476082
1924,2351,南空江滨公寓,118.739871,32.087775,南京市鼓楼区唐山路120号,江苏省,南京市,鼓楼区,1,0e9daedea187f3c4283a9fdd
1925,2352,二板桥-554号院,118.744533,32.080131,南京市鼓楼区二板桥554号,江苏省,南京市,鼓楼区,1,cf92463986f9a7d84354d762
1926,2353,宁惠新寓,118.745843,32.085828,江苏省南京市鼓楼区二板桥400号,江苏省,南京市,鼓楼区,1,cdef4edf67a2034e29d7ab87
1927,2354,白云小区,118.747026,32.084047,南京市鼓楼区热河南路112号,江苏省,南京市,鼓楼区,1,101bc61b211836a3c52ba187
1928,2355,热河南路五段小区,118.747208,32.085558,南京市鼓楼区热河南路60号,江苏省,南京市,鼓楼区,1,a41845c715aa121ad8eced25
1929,2356,白云亭小区(白云亭路),118.746336,32.081727,南京市鼓楼区热河南路286号,江苏省,南京市,鼓楼区,1,035684036c63c039eb1e9761
1930,2357,二板桥-473号,118.746726,32.086306,江苏省南京市鼓楼区二板桥473号,江苏省,南京市,鼓楼区,1,5493d197f951ef4f31870a13
1931,2359,润开华府,118.747301,32.087186,南京市鼓楼区二板桥351-471号(热河南路下关体校西对面),江苏省,南京市,鼓楼区,1,a61c737b7859a05ef6c59c46
1932,2360,世茂外滩99,118.742311,32.084827,江苏省南京市鼓楼区南通路3号,江苏省,南京市,鼓楼区,1,eb10269e17d4e1a5da2f285a
1933,2362,世茂外滩新城,118.742681,32.087068,南京市鼓楼区南通路88号,江苏省,南京市,鼓楼区,1,68d8c0480d8179bf41d63e19
1934,2363,姜家圩,118.749596,32.083918,南京市鼓楼区热河南路51号,江苏省,南京市,鼓楼区,1,06b34718a8252531c92915c0
1935,2364,姜家圩54号小区,118.749421,32.083899,江苏省南京市鼓楼区姜家圩54号,江苏省,南京市,鼓楼区,1,662de58b04a73ea92eb96d0d
1936,2365,江海大院,118.743947,32.081751,南京市鼓楼区二板桥574号,江苏省,南京市,鼓楼区,1,bdf87a2a3c490d85ee74f881
1937,2366,姜家圩53号院,118.749911,32.083739,南京市鼓楼区姜家圩53号,江苏省,南京市,鼓楼区,1,61b788daf388d727f33cba11
1938,2367,二板桥-349号,118.747542,32.088329,江苏省南京市鼓楼区二板桥349号,江苏省,南京市,鼓楼区,1,1d2b8622223baa1ab34c49cb
1939,2368,世茂外滩新城-2期,118.74307,32.085349,"南京市鼓楼区南通路99号(郑和东路以东,南通路以南)",江苏省,南京市,鼓楼区,1,e24c39ca2ac45638fe0eb0ee
1940,2370,世茂滨江新城(南通路),118.741074,32.082985,江苏省南京市鼓楼区南通路89号,江苏省,南京市,鼓楼区,1,ef6e905d21c0ea281d1d11c4
1941,2371,姜圩路小区,118.750086,32.087616,江苏省南京市鼓楼区姜圩路130号,江苏省,南京市,鼓楼区,1,d6c5d991b92ec3e931169ba8
1942,2372,栗树园住宅,118.749709,32.081665,南京市鼓楼区姜家园路仁恒桃园世纪,江苏省,南京市,鼓楼区,1,78cdcc6ddc555f3e73455b74
1943,2373,皇冠钻石双星小区,118.7435,32.080579,南京市鼓楼区淮滨路2号,江苏省,南京市,鼓楼区,1,d52831f9e4062ba72ffaa787
1944,2374,东风厂宿舍,118.748809,32.08883,南京市鼓楼区热河南路31号,江苏省,南京市,鼓楼区,1,add8e37c078741596f4760a0
1945,2375,桃清苑,118.749055,32.081077,南京市鼓楼区察哈尔路136号,江苏省,南京市,鼓楼区,1,71d2aabd36e815e9631809f5
1946,2376,热河南路308号小区-310号楼,118.746648,32.079891,南京市鼓楼区热河南路310号楼,江苏省,南京市,鼓楼区,1,276d3e1a4c9bb9eac7f025bf
1947,2377,姜家园-102号,118.750239,32.088194,江苏省南京市鼓楼区姜家园102号,江苏省,南京市,鼓楼区,1,530f51c408d200ecf4e73bb1
1948,2378,凯鸿隽府,118.749825,32.088908,南京市鼓楼区热河南路31号,江苏省,南京市,鼓楼区,1,2e2e3b2be64a1c86102935c1
1949,2379,姜家圩-77号,118.749813,32.079891,江苏省南京市鼓楼区姜家圩77号,江苏省,南京市,鼓楼区,1,a9603465783537b73913fdf1
1950,2380,江河彭城商务楼,118.747371,32.079847,南京市鼓楼区热河南路195号,江苏省,南京市,鼓楼区,1,6d2f8e7c3898bd19f50e771f
1951,2381,唐山路120号综合楼,118.740697,32.088665,南京市鼓楼区唐山路120号,江苏省,南京市,鼓楼区,1,2b67a01c7485077d09b93a1f
1952,2382,国贸丝绸综合楼,118.746489,32.083188,江苏南京市鼓楼区热河南路130号,江苏省,南京市,鼓楼区,1,b794a66053af6362aeb22a7d
1953,2383,山山烟酒(华扬大厦东南),118.749735,32.086334,南京市鼓楼区姜家园路姜圩路小区,江苏省,南京市,鼓楼区,1,c96abad2a80a72ca55bfff15
1954,2384,热河南路,118.748363,32.087158,江苏省南京市鼓楼区,江苏省,南京市,鼓楼区,0,09049e8935dc0df92eb96d2d
1955,2385,运政大厦,118.747571,32.080776,南京市鼓楼区热河南路101号,江苏省,南京市,鼓楼区,1,36b14148dbd42df11f389445
1956,2386,归云堂-26号,118.755276,32.08466,江苏省南京市鼓楼区归云堂26号,江苏省,南京市,鼓楼区,1,c85a116e5e0fe03b3210af17
1957,2387,宏业村1-1临,118.756076,32.084674,南京市鼓楼区归云堂巷宏业村小区,江苏省,南京市,鼓楼区,1,4bc2f693100836fe21022034
1958,2388,宏业村1-2临,118.755942,32.084432,南京市鼓楼区宏业村2号楼,江苏省,南京市,鼓楼区,1,014bc817c95b11a2b120a85f
1959,2389,宏业村3-1临,118.755984,32.084526,南京市鼓楼区归云堂巷宏业村小区,江苏省,南京市,鼓楼区,1,5623ed18e0126c824e776ee9
1960,2390,宏业村2-1临,118.756016,32.084523,南京市鼓楼区归云堂巷宏业村小区,江苏省,南京市,鼓楼区,1,a33cbad3ef0dab8d5dd4feff
1961,2393,归云堂-28号,118.754762,32.084911,归云堂28号楼,江苏省,南京市,鼓楼区,1,5c01955a149f48d8eb12e4ad
1962,2394,归云堂-34号,118.754484,32.085135,归云堂34号,江苏省,南京市,鼓楼区,1,873f940ac24e8a2d85420eee
1963,2395,宏业村小区,118.756279,32.083863,南京市鼓楼区虎踞北路53号宏业村,江苏省,南京市,鼓楼区,1,f9fd6062b1c2a31f0e0e6ba1
1964,2396,城中莜苑,118.756219,32.085839,挹江门街道戴家巷归云堂15号,江苏省,南京市,鼓楼区,1,3309ab1abb8d0a456f3e1b2b
1965,2397,金城花园,118.754278,32.083855,南京市鼓楼区归云堂30号,江苏省,南京市,鼓楼区,1,be1abbee26fcfbb8bca822e2
1966,2398,花香季雨园,118.755377,32.085949,南京市鼓楼区戴家巷11号,江苏省,南京市,鼓楼区,1,4a13c580e95b839799005090
1967,2399,港口小区,118.75694,32.086036,洪庙巷7号,江苏省,南京市,鼓楼区,1,34b7e13abd318f2b028972a2
1968,2400,丁山桂墅园,118.75692,32.087185,南京市鼓楼区归云堂1号,江苏省,南京市,鼓楼区,1,c1653405b6a85c79aa175aa1
1969,2401,镇江路59号小区,118.758033,32.085328,南京市鼓楼区镇江路59号,江苏省,南京市,鼓楼区,1,dacd84194ed53c5f9d9d68bf
1970,2402,丁山楼,118.756786,32.082285,南京市鼓楼区察哈尔路与金城路交叉路口往北约90米,江苏省,南京市,鼓楼区,1,c0a3c0da1399799660685813
1971,2403,镇江路61号小区,118.758234,32.086047,南京市鼓楼区镇江路61号,江苏省,南京市,鼓楼区,1,ae315aed878d21a67702694f
1972,2404,镇江路51号小区,118.758551,32.085268,南京市鼓楼区镇江路51号,江苏省,南京市,鼓楼区,1,164261ad68eacd2db1077d7c
1973,2405,镇江路47号小区,118.758689,32.084674,南京市鼓楼区镇江路47号,江苏省,南京市,鼓楼区,1,f36c697d55459d9f09a8d4e8
1974,2406,南京市华严岗-1号,118.754398,32.08096,南京市鼓楼区华严岗1号,江苏省,南京市,鼓楼区,1,bd1c8e170e8546cc0782c291
1975,2408,戴家巷88号小区,118.758171,32.086715,江苏省南京市鼓楼区戴家巷88号,江苏省,南京市,鼓楼区,1,46bba8c29292586903ec019b
1976,2409,镇江路43号小区,118.758984,32.084339,南京市鼓楼区镇江路43号,江苏省,南京市,鼓楼区,1,2561d55a58f7192c3310af09
1977,2410,镇江路49号小区,118.759109,32.085269,江苏省南京市鼓楼区戴家巷134号,江苏省,南京市,鼓楼区,1,1584bc4ea6f8e54b077ce833
1978,2411,原铁道部职工宿舍,118.759074,32.084572,江苏省南京市鼓楼区虎踞北路镇江路47号,江苏省,南京市,鼓楼区,1,adf29e846c3f829d2fb96d4a
1979,2412,镇江路41号小区,118.75911,32.084069,南京市鼓楼区镇江路41号,江苏省,南京市,鼓楼区,1,a5ae5b078e985c6340d63e58
1980,2413,戴家巷39-41号小区,118.758145,32.087501,南京市鼓楼区戴家巷39-41号,江苏省,南京市,鼓楼区,1,781c7246708b237b220262f6
1981,2414,太古山庄,118.759356,32.086887,江苏省南京市鼓楼区虎踞北路181-2号,江苏省,南京市,鼓楼区,1,cb4fd14688c914419c9d68a3
1982,2415,四维新村,118.758045,32.088466,南京市鼓楼区下关戴家巷5号,江苏省,南京市,鼓楼区,1,8989db9f60b85208157643aa
1983,2416,利群村,118.756977,32.088301,南京市鼓楼区戴家巷19号,江苏省,南京市,鼓楼区,1,ae6cd08d24f0efceda2f2809
1984,2417,丁山别墅,118.758069,32.08363,南京市鼓楼区察哈尔路90号丁山花园大酒店,江苏省,南京市,鼓楼区,1,41d9f072c1a94c19e9f853ac
1985,2418,百花小区,118.751229,32.083809,姜家园189号,江苏省,南京市,鼓楼区,1,c61bd3052a02d468c37da287
1986,2419,姜家园-121号,118.751666,32.086961,江苏省南京市鼓楼区姜家园121号,江苏省,南京市,鼓楼区,1,ade7f5c903d547afdb13181b
1987,2420,姜家园-169号,118.750911,32.084191,江苏省南京市鼓楼区姜家园169号,江苏省,南京市,鼓楼区,1,05a8c9157562e37f1288246c
1988,2421,鼓楼区挹江门街道戴家巷社区,118.757576,32.088195,江苏省南京市鼓楼区戴家巷10号,江苏省,南京市,鼓楼区,1,83c7d9777c5793860482c2e5
1989,2422,丁山社区,118.759799,32.082899,南京市鼓楼区虎踞北路75号,江苏省,南京市,鼓楼区,1,3c38db922e3509920ab93a7b
1990,2423,华严岗,118.75468,32.079329,南京市鼓楼区华严岗1号(近察哈尔路),江苏省,南京市,鼓楼区,1,0ab6ac840fd0d94394ec84f1
1991,2424,桃花源居(姜家园),118.752084,32.087971,南京市鼓楼区姜家园115号,江苏省,南京市,鼓楼区,1,28e700f1c7e5e901085cb387
1992,2425,戴家巷社区,118.757678,32.088384,鼓楼区挹江门街道戴家巷16号附近,江苏省,南京市,鼓楼区,1,f784b7fade3f86dbb5f42f9b
1993,2426,航道局宿舍,118.759958,32.087988,南京市鼓楼区虎踞北路183号,江苏省,南京市,鼓楼区,1,cb35b25053a10fc43310af0e
1994,2428,察哈尔路71号小区,118.758207,32.080289,南京市鼓楼区察哈尔路71号,江苏省,南京市,鼓楼区,1,1a6cc1519a55154ef82d61d1
1995,2429,劳工新村,118.751994,32.087885,南京市鼓楼区姜家园115号,江苏省,南京市,鼓楼区,1,9b5296f6a288a189f60e773c
1996,2430,文里安-17号,118.758106,32.089302,江苏省南京市鼓楼区文里安17号,江苏省,南京市,鼓楼区,1,9db06d7bc0af1058593ac851
1997,2431,察哈尔路69号小区,118.758168,32.080575,南京市鼓楼区察哈尔路69号,江苏省,南京市,鼓楼区,1,9478b5700f2a3c47b9bd634b
1998,2432,锋尚国际公寓-北区,118.750928,32.081632,南京市鼓楼区姜家园路299号,江苏省,南京市,鼓楼区,1,47a1bf1b76c806369de32130
1999,2433,察哈尔路六十七号小区,118.759557,32.080972,南京市鼓楼区察哈尔路67号,江苏省,南京市,鼓楼区,1,7d5f3a0ac786d9362db908a0
2000,2434,姜家园-96号小区,118.750806,32.088221,姜家园96号,江苏省,南京市,鼓楼区,1,b75ece39e26acf433617dcdf
2001,2435,久安里,118.757979,32.089844,久安里,江苏省,南京市,鼓楼区,1,c2df4eda715f99c7d8ecedb8
2002,2436,姜家园-92号,118.750952,32.088705,江苏省南京市鼓楼区姜家园92号,江苏省,南京市,鼓楼区,1,0c08f6edc3c16801400245b0
2003,2437,虎踞北路53号小区,118.75862,32.079807,南京市鼓楼区虎踞北路53号,江苏省,南京市,鼓楼区,1,cb775b600fee545a220220d5
2004,2438,姜家园-北门,118.751168,32.089058,南京市鼓楼区姜家园90号,江苏省,南京市,鼓楼区,1,78826192a4ab7679b35c6a94
2005,2439,南祖师庵5号小区,118.759493,32.08985,南京市鼓楼区虎踞北路与南祖师庵交叉路口往西北约90米,江苏省,南京市,鼓楼区,1,70c873a205747ac138e4a671
2006,2440,南京友好大厦,118.758807,32.089169,南京市鼓楼区虎踞北路185号,江苏省,南京市,鼓楼区,1,bef5aa383715b62a1ef74d98
2007,2441,虎踞大厦,118.76065,32.087749,南京市鼓楼区虎踞北路122号,江苏省,南京市,鼓楼区,1,7388dffd135dacebd2ff23a3
2008,2442,金源大厦,118.759609,32.08667,南京市鼓楼区虎踞北路181号金源太古山庄(近模范路),江苏省,南京市,鼓楼区,1,341c35de34685abee70738a3
2009,2443,牛顿公园,118.760025,32.083709,江苏省南京市鼓楼区虎踞北路89号,江苏省,南京市,鼓楼区,1,038511c34ccfdad435b06c7f
2010,2444,归云堂-2号楼,118.755544,32.085512,南京市鼓楼区归云堂2号楼,江苏省,南京市,鼓楼区,1,b26bd08f3b3f71e771210b83
2011,2445,太古山庄-3栋,118.758908,32.086831,江苏省南京市鼓楼区太古山庄3栋,江苏省,南京市,鼓楼区,1,8e6cb56e1c611fe64c3a5919
2012,2446,电信物业287大楼,118.766645,32.085048,南京市鼓楼区中山北路287号,江苏省,南京市,鼓楼区,1,91c13f935397e7fa20f017a3
2013,2447,鲁迅园小区,118.766158,32.084183,南京市鼓楼区中山北路283号,江苏省,南京市,鼓楼区,1,6deee3083309126a28fc48a3
2014,2448,中山北路283号小区(电信物业287大楼东),118.76702,32.084551,南京市鼓楼区中山北路283号,江苏省,南京市,鼓楼区,1,b2326734746ce74726e0a0e9
2015,2449,颂德里小区-西门,118.766903,32.085684,江苏省南京市鼓楼区中山北路旅服大厦颂德里西门,江苏省,南京市,鼓楼区,1,50a1f5480f6e1342e812e474
2016,2450,天和大厦,118.767504,32.085148,江苏省南京市鼓楼区中山北路216号北四楼,江苏省,南京市,鼓楼区,1,803708f1b0b42779008972a3
2017,2451,一号办公大楼,118.767389,32.083859,南京市鼓楼区挹江门街道中山北路283号,江苏省,南京市,鼓楼区,1,86f4f5667d43d69bb9df8fe8
2018,2452,天和园,118.768159,32.085203,南京市鼓楼区中山北路218号,江苏省,南京市,鼓楼区,1,731a453797483d2079dbd2ad
2019,2453,建邺村,118.765898,32.08272,校门口55号,江苏省,南京市,鼓楼区,1,49d959387f3a843fc61e51df
2020,2454,同达大厦,118.76811,32.084633,南京市鼓楼区中山北路212号,江苏省,南京市,鼓楼区,1,f633606a1a91bb4e0a69d9a3
2021,2455,福建路85号小区-5幢,118.767999,32.0864,江苏省南京市鼓楼区福建路85号院5幢,江苏省,南京市,鼓楼区,1,f41ffb3460213c444bcc4a09
2022,2456,江苏物资大厦酒店,118.768258,32.083825,江苏省南京市鼓楼区中山北路283号江苏物资大厦2楼,江苏省,南京市,鼓楼区,1,61085211246b86b8c51b7545
2023,2457,永昌大厦,118.768731,32.084661,南京市鼓楼区中山北路212号,江苏省,南京市,鼓楼区,1,96b672aa99529975cf04efa3
2024,2458,雅舍办公楼,118.768954,32.084209,南京市鼓楼区中山北路212-3号,江苏省,南京市,鼓楼区,1,f60a15ede78f50ecba17e7a3
2025,2459,察哈尔路十二新村,118.761972,32.084102,江苏省南京市鼓楼区察哈尔路十二新村,江苏省,南京市,鼓楼区,1,2c7871abf7179f08b726553a
2026,2460,察哈尔路商住楼(商业),118.761854,32.084022,察哈尔路16号,江苏省,南京市,鼓楼区,1,d0861657b9c2307443afe61e
2027,2461,颂德里交通一村,118.768929,32.086514,江苏省南京市鼓楼区三牌楼大街201号附近,江苏省,南京市,鼓楼区,1,c6378d430da2e7385af6be42
2028,2462,南师附中教工宿舍,118.762345,32.083609,南京市鼓楼区察哈尔路与镇江路交叉路口往东北约180米,江苏省,南京市,鼓楼区,1,77aa6982f465cf49ca1b95f0
2029,2463,新城市·虹桥中心2栋B区,118.768796,32.083254,江苏省南京市鼓楼区中山北路281号,江苏省,南京市,鼓楼区,1,dede28e304f98bd3fa0cad05
2030,2464,三牌楼大街211号楼,118.768636,32.087271,南京市鼓楼区三牌楼大街211号,江苏省,南京市,鼓楼区,1,0dac8816bd16127640ab9a3f
2031,2465,中山北路212-2号A3楼,118.769167,32.083887,南京市鼓楼区中山北路212-2号,江苏省,南京市,鼓楼区,1,32e048649dec870e21f017c1
2032,2466,131巷小区,118.769894,32.086054,南京市鼓楼区楼子巷131巷50号,江苏省,南京市,鼓楼区,1,c79fa2438ef60a14e507384a
2033,2467,金鼎湾·如院-西区,118.766768,32.081757,南京市鼓楼区妙耳山金鼎湾·如院(新城市虹桥中心),江苏省,南京市,鼓楼区,1,1e575cefef484e9e15b54b45
2034,2468,南京政治学院-离休干部经济适用住房,118.766734,32.088401,南京市鼓楼区萨家湾与铁路北街交叉路口南侧,江苏省,南京市,鼓楼区,1,9de81531512fdc60c356ac64
2035,2469,核工桂花园,118.761625,32.083049,南京市鼓楼区察哈尔路16号,江苏省,南京市,鼓楼区,1,e96b4420f2d1305a82288a0b
2036,2470,钟阜大厦,118.769074,32.087949,江苏省南京市鼓楼区三牌楼240号,江苏省,南京市,鼓楼区,1,4280da577c8f613ba8059dda
2037,2471,回龙桥-8号院,118.763573,32.081409,回龙桥8号,江苏省,南京市,鼓楼区,1,894a9e8b9ab45a26f942b282
2038,2472,金川雅居,118.766355,32.088977,南京市鼓楼区萨家湾39号,江苏省,南京市,鼓楼区,1,0a46dc0fcfe76a23316212a0
2039,2473,察哈尔路39号院,118.76188,32.082086,南京市鼓楼区察哈尔路39号,江苏省,南京市,鼓楼区,1,dfb45955b3cbeeb345e27492
2040,2474,新城市·虹桥中心02幢A区(新城市虹桥中心店),118.769133,32.082621,南京市鼓楼区中山北路281号,江苏省,南京市,鼓楼区,1,10c6ad6bc1dcd5d1c36c1488
2041,2475,回龙桥-11号,118.764343,32.081112,江苏省南京市鼓楼区校门口55号,江苏省,南京市,鼓楼区,1,2a2f7e988c4a0a6a931fc92b
2042,2476,福建路63-65号院,118.76934,32.087667,三牌楼大街230-234号,江苏省,南京市,鼓楼区,1,c94561b7384763c46cc02c6f
2043,2477,萨家湾小区1号楼,118.768848,32.088531,南京市鼓楼区萨家湾1-5号,江苏省,南京市,鼓楼区,1,e79c77cea468e904246e98a2
2044,2478,镇江路10号院,118.762284,32.08163,南京市鼓楼区镇江路10号,江苏省,南京市,鼓楼区,1,ad7bac0626e3c32c96f08c5a
2045,2479,萨家湾花苑,118.766075,32.089455,南京市鼓楼区福建路萨家湾41号,江苏省,南京市,鼓楼区,1,9ee392b836933241babd63a3
2046,2480,镇江路8号院-1幢,118.762366,32.08136,南京市鼓楼区镇江路8号1幢,江苏省,南京市,鼓楼区,1,8fe81d04e3c091393fe23102
2047,2481,镇江路8号院,118.762381,32.081248,南京市鼓楼区镇江路8号,江苏省,南京市,鼓楼区,1,1eb4864c9645835f1894c66e
2048,2483,西瓜圃桥1号,118.769783,32.087807,南京市鼓楼区西瓜圃桥1号,江苏省,南京市,鼓楼区,1,a0b6271b156fa6f775e5b691
2049,2484,镇江路6号院,118.76257,32.080892,江苏省南京市鼓楼区镇江路6号,江苏省,南京市,鼓楼区,1,fa9e75c176a25a276fa3cc8f
2050,2485,新城市·虹桥中心停车场-停车位C101,118.7688,32.083129,中山北路281新城市·虹桥中心02幢-B区F1新城市虹桥中心B3,江苏省,南京市,鼓楼区,1,b6e0fa5271966edf2cb96dd1
2051,2486,回龙桥-13号院,118.76411,32.080556,南京市鼓楼区回龙桥13号,江苏省,南京市,鼓楼区,1,5c6d6be4cb7b385c42d63e5a
2052,2487,中山北路313号院,118.761782,32.088696,南京市鼓楼区中山北路313号,江苏省,南京市,鼓楼区,1,aea4635ee12c13cbfea77856
2053,2488,和会街-115号院,118.770606,32.083036,南京市鼓楼区和会街115号,江苏省,南京市,鼓楼区,1,5fecde718214c964f7eafc98
2054,2489,双门楼小区,118.76131,32.088528,南京市鼓楼区虎踞北路122号,江苏省,南京市,鼓楼区,1,6e5e6f115ab5b42a14c8f6ad
2055,2490,金川门小区,118.766022,32.089915,南京市鼓楼区福建路金川门外街6-20号,江苏省,南京市,鼓楼区,1,eabc47578f07c29c8e772750
2056,2492,西瓜圃桥6号楼,118.770191,32.08757,江苏省南京市鼓楼区中央门街道西瓜圃桥三牌楼小区九号门,江苏省,南京市,鼓楼区,1,05aba220a80280e630169bbb
2057,2494,南京鼓楼区铁路北街教师楼,118.764052,32.089742,江苏省南京市鼓楼区铁路北街150号,江苏省,南京市,鼓楼区,1,4333d53142210c9df4eafc52
2058,2495,福建新村,118.769835,32.088541,南京市鼓楼区福建路23号,江苏省,南京市,鼓楼区,1,abafac17cd1e2b5fd52ce238
2059,2496,镇江路13号院,118.761607,32.080423,南京市鼓楼区镇江路13号,江苏省,南京市,鼓楼区,1,167bf7d373267315b04c494a
2060,2497,陵村小区,118.763042,32.089843,南京市鼓楼区萨家湾59号～87号,江苏省,南京市,鼓楼区,1,a74481d6ae4b9646f403b8a3
2061,2498,镇江路17号院-1栋,118.76141,32.081736,南京市鼓楼区镇江路17号1栋,江苏省,南京市,鼓楼区,1,6de38712236cfb36b54f5400
2062,2499,江苏民政康复医院-家属院,118.769069,32.089503,南京市鼓楼区洪庙巷1号,江苏省,南京市,鼓楼区,1,0e718bc4143bc6affd0eb038
2063,2500,南艺虹桥学生公寓,118.773669,32.081452,江苏省南京市鼓楼区中山北路200号,江苏省,南京市,鼓楼区,1,97b45a2184963e14c61e51bd
2064,2501,洪庙巷小区,118.769378,32.089178,南京市鼓楼区福建路20号,江苏省,南京市,鼓楼区,1,ba2acc8b00e5d7a1c056acf8
2065,2503,西妙峰庵小区-16号楼,118.762307,32.089792,江苏省南京市鼓楼区西妙峰庵16号,江苏省,南京市,鼓楼区,1,d5fbb6aef0cdc1822d473384
2066,2504,福建路14号院,118.769861,32.08943,南京市鼓楼区福建路14号,江苏省,南京市,鼓楼区,1,2942348d612eefd56c3e1b28
2067,2505,中山骏景,118.761068,32.089644,南京市鼓楼区中山北路333号西门,江苏省,南京市,鼓楼区,1,dd1e0a3be5fce0e1931fc9b6
2068,2507,福建路10号院,118.770029,32.089879,南京市鼓楼区福建路10号,江苏省,南京市,鼓楼区,1,645191d7187a4e43cb213d1b
2069,2508,新城市虹桥中心,118.769024,32.082702,中山北路281新城市·虹桥中心02幢-B区F1,江苏省,南京市,鼓楼区,1,44f1c36dd29db679f7b916c4
2070,2509,颂德里小区,118.767603,32.085651,南京市鼓楼区中山北路236号,江苏省,南京市,鼓楼区,1,956b0b874f2104c9d7851f04
2071,2510,交通一村2-3临,118.769855,32.086792,南京市鼓楼区三牌楼大街三牌楼小区,江苏省,南京市,鼓楼区,1,0c9e6647731126a04d2fdfa4
2072,2511,校门口1号小区,118.768018,32.07984,南京市鼓楼区校门口1号,江苏省,南京市,鼓楼区,1,17cc562c0129fbacb35c6aee
2073,2512,交通一村14号5临,118.769573,32.087107,南京市鼓楼区三牌楼大街三牌楼小区,江苏省,南京市,鼓楼区,1,901730cc21ae0dd3ed74f861
2074,2514,交通一村24号6临,118.769457,32.087294,南京市鼓楼区三牌楼大街三牌楼小区,江苏省,南京市,鼓楼区,1,d505fecb180fcb7126d2bbe7
2075,2515,南京邮电大学教工宿舍第-20幢,118.776088,32.085388,南京市鼓楼区广东路38号20幢,江苏省,南京市,鼓楼区,1,f1f04f615e7372d915a1902d
2076,2516,模范新村,118.775968,32.08479,南京市鼓楼区模范马路128号,江苏省,南京市,鼓楼区,1,a3cb9854e90951ff7ab55cf6
2077,2517,开元新寓,118.775347,32.084394,南京市鼓楼区模范马路130号,江苏省,南京市,鼓楼区,1,5bfa2f44e846618dadcb6635
2078,2519,模范马路小区,118.775627,32.08386,模范马路147-151号,江苏省,南京市,鼓楼区,1,30d6e4c8174660f5c26c1460
2079,2520,西流湾家园,118.777613,32.078389,江苏省南京市鼓楼区西流湾23号,江苏省,南京市,鼓楼区,1,cc6f8594680f781a7369d318
2080,2521,三牌楼大街47号小区,118.77415,32.083708,南京市鼓楼区三牌楼大街47号,江苏省,南京市,鼓楼区,1,20130d83591c0f1ef21937f7
2081,2522,声创空间,118.757038,32.068241,石头城路水木秦淮C区-1,江苏省,南京市,鼓楼区,1,a4896d57d00055f3931fc926
2082,2523,狗耳巷小区,118.773601,32.083099,南京市鼓楼区和会街1号,江苏省,南京市,鼓楼区,1,b96812b96ff89696cae33c56
2083,2524,南京农业大学宿舍区,118.773042,32.083566,南京市鼓楼区和会街狗耳巷小区西北侧约30米,江苏省,南京市,鼓楼区,1,0e4475e21e70d2c9a5da3957
2084,2525,东柏果园,118.778541,32.084962,南京市鼓楼区南瑞路紫竹林16号,江苏省,南京市,鼓楼区,1,0e5512dfada0017a4f6d46b3
2085,2526,南京邮电大学三牌楼校区(西南门),118.774538,32.086285,江苏省南京市鼓楼区广东路38号,江苏省,南京市,鼓楼区,1,2527be1e7baf85b34bfc8da0
2086,2527,三牌楼小区,118.772337,32.08656,鼓楼区三牌楼大街138号,江苏省,南京市,鼓楼区,1,7aea43b7511ee5fb7c29bd0b
2087,2528,和会街-40号院,118.772278,32.084171,南京市鼓楼区和会街40号,江苏省,南京市,鼓楼区,1,84eb6adba5036a40ad080f9c
2088,2529,君和家园,118.775006,32.08796,江苏省南京市鼓楼区新门口2号,江苏省,南京市,鼓楼区,1,9b7b8564c408b760c4f50df5
2089,2530,宏景公寓,118.777536,32.082584,南京市鼓楼区新模范马路17号,江苏省,南京市,鼓楼区,1,c7fb04bd0ae3d015fb0cada0
2090,2531,经典家园(三牌楼大街),118.771769,32.085019,三牌楼大街109号,江苏省,南京市,鼓楼区,1,b292b3aa521c9756bf4842a3
2091,2532,和会街四十九巷小区,118.772056,32.083606,江苏省南京市鼓楼区三牌楼和会街51-7号,江苏省,南京市,鼓楼区,1,400c3941eba7c1a62afc48d1
2092,2533,铁路南街49号小区,118.77672,32.082094,南京市鼓楼区铁路南街49号,江苏省,南京市,鼓楼区,1,05b1b1d96d4a5956abf7295c
2093,2534,南瑞楼,118.778837,32.090741,江苏省南京市鼓楼区紫竹林25号,江苏省,南京市,鼓楼区,1,e25d318ca791042b343a71e8
2094,2535,新门口10号家属院,118.773646,32.088773,南京市鼓楼区新门口10号,江苏省,南京市,鼓楼区,1,3b58be228ab4860f4e776e27
2095,2536,南汽宿舍,118.778595,32.082596,南京市鼓楼区司背后2号,江苏省,南京市,鼓楼区,1,7a97d83451abcce3adee7ac5
2096,2537,娄子巷小区,118.771363,32.086888,南京市鼓楼区三牌楼大街156号,江苏省,南京市,鼓楼区,1,bcf1d23a4d760c5440e1922d
2097,2538,将军庙-40号,118.776649,32.081402,江苏省南京市鼓楼区将军庙40号,江苏省,南京市,鼓楼区,1,98ea241793b8d7129b68b4c4
2098,2539,南京邮电大学-学生宿舍,118.778147,32.088277,江苏省南京市鼓楼区新模范马路66号,江苏省,南京市,鼓楼区,1,0e23826cf935ce69e812e486
2099,2541,宁和新寓(三牌楼大街),118.770726,32.084701,南京市鼓楼区和会街90号,江苏省,南京市,鼓楼区,1,56e88cba6ef1a465a5c756a3
2100,2542,新门口,118.774872,32.083957,新钟阜路18号,江苏省,南京市,鼓楼区,1,85f3df3bcb5a9a4f7c29bdd9
2101,2543,将军庙38号小区,118.77715,32.08104,将军庙38号,江苏省,南京市,鼓楼区,1,402c0f6dcbd46adb631809e5
2102,2544,铁路南街41号小区,118.777742,32.081229,南京市鼓楼区铁路南街41号,江苏省,南京市,鼓楼区,1,d14b8d4c82a8df1715c9056f
2103,2545,中山北路206号楼,118.770109,32.082873,南京市鼓楼区中山北路206号,江苏省,南京市,鼓楼区,1,92c52aa6956a8a388f55ecdb
2104,2546,西瓜圃桥小区,118.771116,32.08777,南京市鼓楼区三牌楼大街138号,江苏省,南京市,鼓楼区,1,8ad13caa643db97de8e58257
2105,2547,中山北路200-2号小区,118.776437,32.080673,南京市鼓楼区中山北路200-2号,江苏省,南京市,鼓楼区,1,e3e2cd9d5b9c90e3c6f50da3
2106,2548,东瓜圃桥33-37号院,118.771143,32.088302,东瓜圃桥33-37号,江苏省,南京市,鼓楼区,1,6dda951b4ff28e710b1cc77c
2107,2549,将军庙36号小区,118.777326,32.080718,南京市鼓楼区将军庙36号,江苏省,南京市,鼓楼区,1,76352ad00c206666b5f42f8b
2108,2550,虹桥小区,118.770777,32.082339,江苏省南京市鼓楼区中山北路204号,江苏省,南京市,鼓楼区,1,c1fcce17bde511ec018972b1
2109,2551,蔡家巷,118.780064,32.088382,江苏省南京市鼓楼区南瑞路,江苏省,南京市,鼓楼区,1,d6c5d991095653e831169ba0
2110,2552,新模范马路九号小区,118.780211,32.082465,江苏省南京市鼓楼区新模范马路9号,江苏省,南京市,鼓楼区,1,b5e7c0ba957cd35dafee7a28
2111,2553,江苏锦江南京饭店-商务楼,118.771123,32.081304,南京市鼓楼区中山北路259号,江苏省,南京市,鼓楼区,1,88b65983178593b47069d3cd
2112,2554,工行新寓,118.777908,32.080607,南京市鼓楼区铁路南街与龙仓巷交叉路口向西北约150米,江苏省,南京市,鼓楼区,1,d52831f9e45b2ba72ffaa7a0
2113,2555,公行新寓-8号,118.777986,32.080385,江苏省南京市鼓楼区公行新寓8号,江苏省,南京市,鼓楼区,1,549a66b6908197a67c29bd06
2114,2556,紫竹林21号小区,118.779876,32.08907,南京市鼓楼区紫竹林21号,江苏省,南京市,鼓楼区,1,0adce3e292dce86181a00ca3
2115,2557,华富园,118.770591,32.088771,南京市鼓楼区福建路31号,江苏省,南京市,鼓楼区,1,d82d6697719165a6d418b7a0
2116,2558,中南园,118.77155,32.090044,南京市鼓楼区福建路23号,江苏省,南京市,鼓楼区,1,befdb292a1e8aee1861541a2
2117,2559,锦南商务楼-南门,118.771147,32.081381,南京市鼓楼区中山北路与狗耳巷交叉口南50米,江苏省,南京市,鼓楼区,1,436a6244e8bae03e4e776eb7
2118,2560,帝博商务楼,118.770768,32.085802,南京市鼓楼区三牌楼大街151-1临,江苏省,南京市,鼓楼区,1,3f9337d6690731b3f62310a3
2119,2561,华富大厦,118.770746,32.089393,南京市鼓楼区福建路31号华富园1号华富大厦,江苏省,南京市,鼓楼区,1,669775d0ef26a126fc0eb0a0
2120,2562,江苏工人大厦,118.772238,32.081768,江苏省南京市鼓楼区中山北路202号,江苏省,南京市,鼓楼区,1,f4460918b56d6417b01e36a0
2121,2563,南邮大厦,118.777021,32.083855,南京市鼓楼区新模范马路66号南京邮电大学南门，新街口接待：新街口天丰大厦1801室,江苏省,南京市,鼓楼区,1,08c78450688c457d52e5c514
2122,2564,苏海大厦,118.775451,32.08304,南京市鼓楼区新模范马路90号,江苏省,南京市,鼓楼区,1,beabdbf476af6a987169d3a3
2123,2565,天将孝门,118.776095,32.082266,南京市鼓楼区将军庙40号(新模范马路与将军庙交汇处),江苏省,南京市,鼓楼区,1,db18b4338a446c2e102935da
2124,2566,天福园,118.780459,32.080169,江苏省南京市鼓楼区平安里68号,江苏省,南京市,鼓楼区,1,c5ddcc08d2b897c7d913188b
2125,2567,天福园52-54号,118.780029,32.081355,南京市鼓楼区司背后13号东60米,江苏省,南京市,鼓楼区,1,5367fc79c2d7ddee22f01761
2126,2568,品弈棋牌(新门口店),118.773801,32.088113,江苏省南京市鼓楼区广东路2号3楼,江苏省,南京市,鼓楼区,1,bff8fa7d93de7fb9c9213d86
2127,2569,工人新村,118.785502,32.085767,江苏省南京市鼓楼区南昌路,江苏省,南京市,鼓楼区,1,e3e2cd9dc7e6f49ec6f50da0
2128,2570,青石村小区,118.78346,32.085284,南京市鼓楼区紫竹林路(南京工业大学东侧约50米),江苏省,南京市,鼓楼区,1,f2d9521a7bb8f32307fef5b4
2129,2571,芦席营70号小区,118.787309,32.085654,南京市鼓楼区芦席营70号,江苏省,南京市,鼓楼区,1,ffd6d40356f2588f16b54ba3
2130,2572,芦席营-80号,118.787106,32.086847,江苏省南京市鼓楼区芦席营80号,江苏省,南京市,鼓楼区,1,62724feb280616880782c266
2131,2573,长江新村-5号院,118.783426,32.086959,长江新村5号,江苏省,南京市,鼓楼区,1,b753a759e0e468054f6d46c7
2132,2574,南京工业大学-宿舍,118.782679,32.084409,南京市鼓楼区新模范马路30号,江苏省,南京市,鼓楼区,1,2967c3477ba0f9a13ce23176
2133,2575,长江电子信息集团公司-集体宿舍,118.784068,32.08757,南京市鼓楼区南昌路长江新村16号,江苏省,南京市,鼓楼区,1,bff972c033192682260bd08c
2134,2576,新金贸花园,118.785601,32.088411,南京市鼓楼区芦席营97号,江苏省,南京市,鼓楼区,1,79cceb36264285891f5800a3
2135,2577,芦席营小区-23号院,118.786948,32.082277,南京市鼓楼区芦席营小区23号,江苏省,南京市,鼓楼区,1,d4f5d6fe8ed72209260bd007
2136,2578,先髋二病区,118.787824,32.087566,南京市鼓楼区中央门南昌路32号,江苏省,南京市,鼓楼区,1,2bbbc56ddc110c8f3ce231c9
2137,2579,芦苇营-7号,118.787299,32.080981,江苏省南京市鼓楼区芦苇营7号,江苏省,南京市,鼓楼区,1,de24477f2a8724bc4d776e2c
2138,2580,南京艺术学院丁家桥学生公寓,118.782252,32.083889,南京市鼓楼区内环北线南京工业大学,江苏省,南京市,鼓楼区,1,f2d87dd902e2ee544251c0cd
2139,2581,芦席营小区,118.786521,32.082565,江苏省南京市鼓楼区芦席营21号,江苏省,南京市,鼓楼区,1,e3082848e59739bfb24c49a3
2140,2582,南瑞大院,118.782385,32.087048,南京江苏省南京市鼓楼区长江新村4号,江苏省,南京市,鼓楼区,1,dbe4e3bf209dbd81c7f50d1a
2141,2584,南京工业大学模范马路校区外籍教师公寓,118.781654,32.085264,中央门街道新模范马路30号南京工业大学模范马路校区,江苏省,南京市,鼓楼区,1,2787f2e1383792e522026220
2142,2585,南京工业大学模范马路校区博士后公寓,118.78164,32.085664,南京市鼓楼区新模范马路30号,江苏省,南京市,鼓楼区,1,b6f9f57a3ef523306e20b920
2143,2586,劝业路社区,118.781523,32.083231,江苏省南京市鼓楼区新模范马路7号,江苏省,南京市,鼓楼区,1,0affa431ecd17d46f32d8317
2144,2587,长江新村四十号(南昌路),118.783179,32.088256,江苏省南京市鼓楼区长江新村40号,江苏省,南京市,鼓楼区,1,55fa2c0b3c85342d1de999a0
2145,2588,芦席营-21号,118.787303,32.082334,南京市鼓楼区三牌楼芦席营21号,江苏省,南京市,鼓楼区,1,5e3a82758f5530f0acee7a44
2146,2589,南昌路,118.78387,32.087206,江苏省南京市鼓楼区,江苏省,南京市,鼓楼区,0,893bb7b9de1f0ace70210b26
2147,2590,芦席营82号小区,118.787277,32.088585,南京市鼓楼区许府巷与江西路交叉路口向西南约200米,江苏省,南京市,鼓楼区,1,3f9337d6cd7d55cef62310a0
2148,2591,医平村,118.782023,32.083105,江苏省南京市鼓楼区新模范马路7号,江苏省,南京市,鼓楼区,1,c2308c494f78c0893686f497
2149,2592,新模范马路34号院,118.78092,32.084021,南京市鼓楼区新模范马路34号,江苏省,南京市,鼓楼区,1,40a21ac2a77a0640871541c3
2150,2593,安利(湖北路店),118.787453,32.068361,南京市鼓楼区湖北路天盛好庭大酒店31层,江苏省,南京市,鼓楼区,1,560def61321321756c476071
2151,2594,南京金山都市经济园,118.778572,32.074728,南京市鼓楼区山西路8号金山大厦A楼,江苏省,南京市,鼓楼区,1,66e9d0906a80c39b90114cdb
2152,2595,长江新村-7号,118.781599,32.088101,南京市鼓楼区南昌路与紫竹林路交叉路口往西北约150米,江苏省,南京市,鼓楼区,1,d8d3077a018df0674f3a592b
2153,2596,观音里-19号,118.788472,32.08166,江苏省南京市鼓楼区观音里19号楼,江苏省,南京市,鼓楼区,1,1fa6c51c24832aed5cbe8680
2154,2597,建设新村小区,118.789629,32.088489,南京市鼓楼区许府巷9号,江苏省,南京市,鼓楼区,1,0a15c7ec763c4b80ec74f885
2155,2598,丁家桥人才公寓1幢,118.78445,32.080043,江苏省南京市鼓楼区丁家桥32号1幢,江苏省,南京市,鼓楼区,1,e48077fd6f4f40a9120daab3
2156,2599,观音里,118.789721,32.082045,南京市鼓楼区中央路305号,江苏省,南京市,鼓楼区,1,cdef4edf67ff034e29d7aba0
2157,2600,芦席营十四号小区,118.787884,32.08114,南京市鼓楼区三牌楼芦席营14号,江苏省,南京市,鼓楼区,1,2848ffd6cd42a30f49cc4aa3
2158,2601,观音里小区-23号楼,118.788474,32.081129,江苏省南京市鼓楼区观音里23号楼,江苏省,南京市,鼓楼区,1,c09d9da1fda9c82014948ec6
2159,2602,凤凰和鸣-西区,118.787774,32.090285,南京市鼓楼区中央路389号,江苏省,南京市,鼓楼区,1,0388c448b525279cc51e5159
2160,2604,观音里-31号楼,118.788851,32.08099,江苏省南京市鼓楼区观音里31号楼,江苏省,南京市,鼓楼区,1,bcefbb4efa0e2e630482c230
2161,2606,观音里-9号楼,118.789172,32.081286,江苏省南京市鼓楼区观音里9号楼,江苏省,南京市,鼓楼区,1,b233debcdd5602c6afee7aef
2162,2607,观音里-33号,118.788845,32.080838,江苏省南京市鼓楼区观音里33号楼,江苏省,南京市,鼓楼区,1,523ed0a753ec815249fd3f1d
2163,2608,观音里小区-27号楼,118.788415,32.080628,江苏省南京市鼓楼区芦席营观音里小区,江苏省,南京市,鼓楼区,1,e9789fa2c5d0e4c11c58004c
2164,2610,许府巷小区,118.789192,32.089648,南京市鼓楼区许府巷24号,江苏省,南京市,鼓楼区,1,1c9a16b1d3cdb8ccd22dd6ff
2165,2611,机械公寓,118.789857,32.089755,南京市鼓楼区许府巷16-20号,江苏省,南京市,鼓楼区,1,d3374c11d04c76fd734b8708
2166,2612,凤凰和鸣(东区),118.789102,32.090387,南京市鼓楼区中央路389号,江苏省,南京市,鼓楼区,1,badad46db9b833e25cbe86aa
2167,2613,紫竹林3号小区,118.780871,32.090171,南京市鼓楼区紫竹林3号,江苏省,南京市,鼓楼区,1,16e197e84eacf5791d1d1172
2168,2615,南汽大厦,118.787634,32.084549,南京市鼓楼区芦席营68号,江苏省,南京市,鼓楼区,1,c879fa012a768c4ac809f0a3
2169,2616,利奥大厦,118.789738,32.083322,南京市鼓楼区中央路323号,江苏省,南京市,鼓楼区,1,bff8fa7d2da9d9a0c9213da3
2170,2617,长江新村14临,118.783252,32.088565,南京市鼓楼区紫竹林长江新村-四十号,江苏省,南京市,鼓楼区,1,74e05cb538a368e5ede4a512
2171,2618,中央路262号住宅小区-西门,118.790712,32.086063,江苏省南京市鼓楼区中央路262号,江苏省,南京市,鼓楼区,1,92b0fa66276f490e3617dccf
2172,2619,江南大厦,118.790927,32.082856,南京市鼓楼区中央路258号17楼,江苏省,南京市,鼓楼区,1,ef773a0f6c93fa49230220a0
2173,2620,东升花苑,118.791369,32.081568,南京市玄武区中央路238号,江苏省,南京市,玄武区,1,09185c566822a05df11937ec
2174,2621,锦盈大厦,118.791033,32.084808,南京市玄武区中央路258号,江苏省,南京市,玄武区,1,442076463a3d0216deee8bc4
2175,2622,新立基大厦,118.791026,32.084288,南京市玄武区中央路258-27号,江苏省,南京市,玄武区,1,50fb64ff1a14ce5de9f853ef
2176,2623,江苏省电信局电信大厦,118.791348,32.085711,南京市玄武区中央路260号南门,江苏省,南京市,玄武区,1,7bfa08fc9a2ae17f25d2bbec
2177,2624,易发五洲大厦,118.790924,32.087866,南京市鼓楼区中央路276-1号,江苏省,南京市,鼓楼区,1,56e88cba6d45a565a4c756ef
2178,2625,德汇广场A区5号,118.791778,32.082944,南京市玄武区大树根后大树根小区东2门东南侧约30米,江苏省,南京市,玄武区,1,c056679c664db538b8bd6362
2179,2626,金陵药业大厦,118.790848,32.08113,南京市鼓楼区中央路238号,江苏省,南京市,鼓楼区,1,a3f21eeec82f513a2fb17e76
2180,2627,后大树根小区,118.791371,32.082851,南京市玄武区中央路256号,江苏省,南京市,玄武区,1,d5f93c0e3d31825ceddfcaec
2181,2628,国展中央花园,118.791756,32.088081,南京市玄武区中央路278号,江苏省,南京市,玄武区,1,8d2268f3a22d430622f01722
2182,2630,盛泰宾馆玄武湖店,118.786442,32.08707,江苏省南京市鼓楼区工人新村108号,江苏省,南京市,鼓楼区,1,6deee308f76cd61428fc48ba
2183,2632,新立基大厦-东门,118.791373,32.084336,南京市玄武区中央路258-27号,江苏省,南京市,玄武区,1,c0ff7aef2a60ef0930169bd1
2184,2633,南京农垦大厦,118.791002,32.08342,南京市玄武区中央路258-8号,江苏省,南京市,玄武区,1,58939ba208fae5e2740269d5
2185,2634,新庄53号小区,118.810035,32.087959,南京市玄武区新庄村53号,江苏省,南京市,玄武区,1,387cd3f963426226057ce874
2186,2636,紫金联合立方广场,118.814458,32.085922,江苏省南京市玄武区龙蟠路155号,江苏省,南京市,玄武区,1,f26bd384ece6e2b8a2a9342b
2187,2637,御湖国际大厦-1号,118.813072,32.0862,南京市玄武区龙蟠路153号御湖国际大厦,江苏省,南京市,玄武区,1,78b9eaf02feceaa8c36c14a2
2188,2638,新庄花园,118.814042,32.087422,玄武区新庄村39号,江苏省,南京市,玄武区,1,1560e59f7957ccefc356ac76
2189,2639,南京林业大学学生公寓-三区,118.818071,32.08553,南京市玄武区龙蟠路159号,江苏省,南京市,玄武区,1,41394e7b67112667471a3271
2190,2640,御湖国际公寓-A栋,118.813137,32.086253,南京市玄武区龙蟠路153号,江苏省,南京市,玄武区,1,afe41e0c53028f90d22dd677
2191,2641,御湖国际大厦-2号,118.812557,32.086599,江苏省南京市玄武区龙蟠路153号2号,江苏省,南京市,玄武区,1,08c28f4fcfe17ddcd03ce3b5
2192,2642,南京林业大学学生公寓-20幢,118.825509,32.090115,江苏省南京市玄武区南京林业大学学生公寓20幢,江苏省,南京市,玄武区,1,27dcd3c4aadf0bc56340a9b7
2193,2643,南京林业大学-研究生大楼C幢,118.818666,32.083923,江苏省南京市玄武区龙蟠路159号,江苏省,南京市,玄武区,1,007ac10c11229c5974026980
2194,2644,湖畔居商务楼,118.811825,32.086863,江苏省南京市玄武区龙蟠路151-1号,江苏省,南京市,玄武区,1,05460a817d4dcb372fb90808
2195,2645,南京林业大学-研究生大楼A幢,118.818727,32.084201,江苏省南京市玄武区龙蟠路159号,江苏省,南京市,玄武区,1,3c73683bf2d45786acee7a74
2196,2646,南京林业大学研究生大楼-B幢,118.818826,32.084524,江苏省南京市玄武区龙蟠路159号,江苏省,南京市,玄武区,1,a3e90b1ec88d4a1e3fe23180
2197,2647,南京林业大学学生公寓-6幢,118.819353,32.084994,南京市玄武区南京林业大学学生公寓1区6幢,江苏省,南京市,玄武区,1,6c9653591e9316819e82ea28
2198,2648,金陵石油化工公司科技开发公司大楼,118.822892,32.077819,锁金四村6号,江苏省,南京市,玄武区,1,10b8a6381783338a373a7100
2199,2649,南京林业大学教职工之家,118.818645,32.081972,南京市玄武区树人路南京林业大学南京林业大学西一门东南侧约60米,江苏省,南京市,玄武区,1,5d8cf8c7bcf4b9a17adbd247
2200,2650,赞成湖畔居,118.8108,32.088685,南京市玄武区龙蟠路149号(近新庄立交桥),江苏省,南京市,玄武区,1,64ff3be1a1da9dc691114ca0
2201,2651,铁路小区,118.81367,32.090191,南京市玄武区红山街道曹后村,江苏省,南京市,玄武区,1,11411658361d0e538b2fb573
2202,2652,曹后村宁东机宿舍,118.813651,32.090137,南京市玄武区红山街道曹后村铁路小区,江苏省,南京市,玄武区,1,3aa42e4b1b4c78986849f335
2203,2653,锁金村80号院,118.818794,32.080359,江苏省南京市玄武区锁金村80号,江苏省,南京市,玄武区,1,81d6a50933daa73d6f20b9bc
2204,2654,南京林业大学一村-25幢,118.819492,32.081892,江苏省南京市玄武区南京林业大学一村25幢,江苏省,南京市,玄武区,1,d278f36cfd53d941eb12e45e
2205,2655,锁金村,118.821489,32.077388,锁金村,江苏省,南京市,玄武区,1,bf29b7023347158009b93a39
2206,2656,赞成湖畔居-11栋,118.810934,32.089106,江苏省南京市玄武区赞成湖畔居11栋,江苏省,南京市,玄武区,1,a47abb92f7e6abf2601c67f0
2207,2657,南京林业大学-二村5幢,118.825576,32.084067,南京市玄武区南京林业大学二村五幢,江苏省,南京市,玄武区,1,baab99b674ce9df275e5b622
2208,2658,青教公寓-18幢,118.823477,32.086123,南京市玄武区求知路南京林业大学,江苏省,南京市,玄武区,1,151fd0f1aebf72cd990050cb
2209,2659,南林二村,118.826193,32.083628,江苏省南京市玄武区龙蟠路新庄南林二村(朝阳路与翠竹路交叉口向西20米),江苏省,南京市,玄武区,1,5613a2cd6525cc9a08f5ebb8
2210,2660,南京林业大学学生公寓四区-23栋,118.824158,32.087696,江苏省南京市玄武区南京林业大学学生公寓四区23栋,江苏省,南京市,玄武区,1,b4edf42a5cbf89cb97031900
2211,2661,林化所综合楼,118.823959,32.080842,江苏省南京市玄武区锁金北路16号林化所3楼,江苏省,南京市,玄武区,1,321dc6ef9a8ee3c61fe99933
2212,2662,青年教工宿舍-B幢,118.823429,32.083109,南京市玄武区创新路南京林业大学,江苏省,南京市,玄武区,1,962ea67061a98cee0c0a70db
2213,2663,青教公寓-19幢,118.823169,32.083165,南京市玄武区创新路南京林业大学,江苏省,南京市,玄武区,1,b4ffd425472a6ab4d4851f73
2214,2664,南京林业大学-留学生公寓,118.818788,32.085958,南京市玄武区玄武大道南京林业大学北门东侧约100米,江苏省,南京市,玄武区,1,dc6d7bbade8fd85181288a43
2215,2665,南大山公寓,118.82749,32.082351,南京市玄武区龙蟠路159号,江苏省,南京市,玄武区,1,650fd9c6b548805e15c9058d
2216,2666,南大山学生公寓-3栋,118.827714,32.082229,南大山公寓3幢南京林业大学引进人才周转房附近,江苏省,南京市,玄武区,1,4181b8e44a64c3e88505bf61
2217,2667,东方花园,118.828712,32.087958,南京市玄武区花园路88号,江苏省,南京市,玄武区,1,0ce65c2d43e955592d4733ec
2218,2668,樱驼山庄-1幢,118.827817,32.088369,江苏省南京市玄武区樱驼山庄1幢,江苏省,南京市,玄武区,1,8c70f655a4e27fa6fe0eb0fb
2219,2669,锁金五村小区-北院,118.826243,32.081516,江苏省南京市玄武区锁金五村北院(南京师范大学西北),江苏省,南京市,玄武区,1,d7b06a544fe669a671455bb1
2220,2670,南林公寓12幢,118.821795,32.088072,江苏省南京市玄武区南京林业大学学生公寓二区12栋,江苏省,南京市,玄武区,1,a7ed00df4e65ae94ca1b953b
2221,2671,花园路78号小区,118.823632,32.089315,南京市玄武区花园路78号,江苏省,南京市,玄武区,1,cd780d6a7154355108ccddd2
2222,2673,江南小野田宾馆·公寓,118.830373,32.086477,江苏省南京市玄武区花园路18号1栋,江苏省,南京市,玄武区,1,b0d056f25f621f7ecac3dbec
2223,2674,东方城旭日园-10幢,118.840698,32.091266,江苏省南京市玄武区蒋王庙街东方城旭日园10幢,江苏省,南京市,玄武区,1,9955c81bb1e46ea294ec84a4
2224,2675,南京林业大学竹楼,118.822509,32.089152,南京市玄武区玄武大道南京林业大学西北4门西南侧约60米,江苏省,南京市,玄武区,1,ab9f5e951cc8434fca2915c9
2225,2676,南京林业大学学生公寓-19幢,118.824744,32.089836,南京林业大学,江苏省,南京市,玄武区,1,24378fd8c69fbaeaadcb6642
2226,2677,花园路22号,118.827849,32.089149,南京市玄武区花园路22号,江苏省,南京市,玄武区,1,e33118129e6936c7abf0cded
2227,2679,翠岭居,118.827483,32.080582,南京市玄武区板仓街130号翠岭居号,江苏省,南京市,玄武区,1,d0b8923f80f490e2b5f42fec
2228,2680,锁金三村,118.822544,32.081396,南京市玄武区锁金北路与锁金中路交叉路口往东北约100米(南京林业大学南侧约100米),江苏省,南京市,玄武区,1,96b672aa98e79875ce04efec
2229,2681,锁金五村小区,118.826008,32.080485,南京市玄武区锁金北路与锁金东路交叉路口往东约100米,江苏省,南京市,玄武区,1,e37f2e07b3c99880b54f545a
2230,2682,花园路5号小区,118.832436,32.086404,江苏省南京市玄武区花园路5号,江苏省,南京市,玄武区,1,f1365e1a52073e62a8f0cdba
2231,2683,南京林业大学一村-21幢,118.821338,32.081552,江苏省南京市玄武区南京林业大学一村21幢,江苏省,南京市,玄武区,1,24c129c71e8e3748d1f49ee0
2232,2684,板仓街130号小区,118.828807,32.080092,南京市玄武区板仓街130号,江苏省,南京市,玄武区,1,5de024e3bba672d11b11d5e4
2233,2685,南林一村,118.820793,32.081051,江苏省南京市玄武区龙蟠路159号,江苏省,南京市,玄武区,1,99c8f32bf9b5ce12fa42b291
2234,2686,蒋王庙街8号小区,118.83436,32.085748,南京市玄武区蒋王庙街8号,江苏省,南京市,玄武区,1,585fc10621033d24e115f98e
2235,2687,宁栖园,118.836022,32.084016,南京市玄武区蒋王庙街4号,江苏省,南京市,玄武区,1,6fddd7fd9a27c07f3517dcec
2236,2688,钟山山庄,118.837825,32.085851,南京市玄武区蒋王庙街21号,江苏省,南京市,玄武区,1,fabdde2a3220d0483be4a620
2237,2689,南京四站厂宿舍区,118.835734,32.083318,南京市玄武区蒋王庙街2号,江苏省,南京市,玄武区,1,2f7d8c0472681bb5eee4a518
2238,2690,中国医学科学院皮肤病医院研究所住宅区-东门,118.834719,32.087947,南京市玄武区蒋王庙街14-2号,江苏省,南京市,玄武区,1,610ced010883de1ea8f7299e
2239,2691,财大小区-25幢,118.831664,32.087632,江苏省南京市玄武区财大小区25幢,江苏省,南京市,玄武区,1,e7f28b863599da83a1d2308e
2240,2692,玄武湖街道保洁员公寓,118.837708,32.086993,南京市玄武区蒋王庙街钟山山庄,江苏省,南京市,玄武区,1,a9a2c374999e132236b06caa
2241,2693,中科院天仪公司宿舍,118.832258,32.08468,南京市玄武区花园路一号,江苏省,南京市,玄武区,1,8556b5b1fbc9e0f9704b87d0
2242,2694,樱驼花园承乐园,118.836682,32.087782,南京市玄武区樱花西路8号,江苏省,南京市,玄武区,1,4be08316b406999e6240a9bc
2243,2696,紫玉山庄,118.833789,32.083887,南京市玄武区花园路1-89号,江苏省,南京市,玄武区,1,737972bbbb883a079b68b43d
2244,2697,华瑞苑-1号,118.835019,32.088405,江苏省南京市玄武区华瑞苑1号,江苏省,南京市,玄武区,1,9bbe19c91f676cdcae31e5ed
2245,2698,樱驼花园-颂和园,118.837716,32.088182,南京市玄武区樱花西路8号樱驼花园,江苏省,南京市,玄武区,1,74c933fb4077b05e9e82eaec
2246,2699,华瑞苑-2号,118.835149,32.088484,江苏省南京市玄武区华瑞苑2号,江苏省,南京市,玄武区,1,0c60629e663020a8ede4a5e8
2247,2700,板仓公寓,118.834872,32.082127,南京市玄武区板仓街290号-292号,江苏省,南京市,玄武区,1,61f634f6facde2616b49f37f
2248,2701,华瑞苑-3号,118.835328,32.088576,江苏省南京市玄武区华瑞苑3号,江苏省,南京市,玄武区,1,b714bbbc0d40af8881a12ea0
2249,2702,华瑞苑-4号,118.835458,32.088645,江苏省南京市玄武区华瑞苑4号,江苏省,南京市,玄武区,1,e5967476f4e581a396f08c3d
2250,2703,中国科学院南京分院研究生公寓,118.831535,32.083727,南京市玄武区,江苏省,南京市,玄武区,1,9e24783288c731ae93114c22
2251,2705,花园路7号小区,118.831459,32.086997,南京市玄武区花园路7号,江苏省,南京市,玄武区,1,dbf4d6ee27d0612a6fa3ccec
2252,2706,虎踞龙盘,118.837237,32.081444,南京市玄武区玄武湖街道板仓街121号,江苏省,南京市,玄武区,1,925c550f490dd0b25a3ac8ec
2253,2707,华泰苑,118.833849,32.090483,南京市玄武区武区樱花西路8号,江苏省,南京市,玄武区,1,435d7aea11c742485abbbc6c
2254,2708,樱驼花园,118.837927,32.08893,江苏省南京市玄武区樱花西路8号,江苏省,南京市,玄武区,1,35debf297f25b439a7da39b4
2255,2709,华侨新村,118.835745,32.090157,南京市玄武区樱花西路8号,江苏省,南京市,玄武区,1,606ab0d0fc071a2a0e3ddaef
2256,2710,樱驼花园怡静园-2幢,118.837805,32.089758,江苏省南京市玄武区樱花西路8号怡静园,江苏省,南京市,玄武区,1,057808d3473a1e5d9c09f7e4
2257,2711,樱驼花园-思立园,118.838975,32.089406,樱花西路8樱驼花园,江苏省,南京市,玄武区,1,bc58953eaf1f56104c6d46f9
2258,2712,板仓街188号,118.832077,32.080307,南京市玄武区板仓街188号,江苏省,南京市,玄武区,1,155559e002277cbff8dc8594
2259,2713,宣传中心考核楼,118.831319,32.088011,南京市玄武区花园路9号,江苏省,南京市,玄武区,1,afdc6bfb1e2f509e75e5b6a1
2260,2714,仕高大厦,118.832975,32.081629,南京市玄武区花园路仕高大厦,江苏省,南京市,玄武区,1,a3a82a3f131bcc8cf9f0cb14
2261,2715,玄武区法检大厦,118.831844,32.084201,南京市玄武区花园路6-10号,江苏省,南京市,玄武区,1,94820c3e9f8ee1d415764309
2262,2716,天仪大厦,118.83167,32.083385,南京市玄武区花园路6-10号,江苏省,南京市,玄武区,1,68d6a17e1311eff1b42655c5
2263,2717,紫沁园,118.836074,32.08927,南京市玄武区樱花西路8号,江苏省,南京市,玄武区,1,b3a1f7c227daef62593ac806
2264,2718,紫金公寓,118.835381,32.087623,南京市玄武区华新西路樱驼花园承乐园,江苏省,南京市,玄武区,1,f477ad03b0a41dcca4c756de
2265,2719,钟山高尔夫别墅-A片区,118.877842,32.088126,南京市玄武区环陵路7号,江苏省,南京市,玄武区,1,8fc6bf039bf665719fec2b81
2266,2720,帝豪花园别墅,118.871972,32.088793,南京市玄武区中山陵环陵路8号,江苏省,南京市,玄武区,1,d5f93c0e3d30825ceddfcaef
2267,2721,紫楠园,118.877817,32.088137,南京市玄武区环陵路7号,江苏省,南京市,玄武区,1,5d82611d3caa57681df74dce
2268,2723,苏宁公寓,118.889702,32.088264,南京市玄武区徐庄软件园紫气路,江苏省,南京市,玄武区,1,ad0ad8ac09684e7e62685831
2269,2724,紫榛园,118.884841,32.082913,南京市玄武区环陵路9号,江苏省,南京市,玄武区,1,00e9f6d0718286fc22026227
2270,2726,紫气路9号院,118.893793,32.088542,南京市玄武区紫气路9号,江苏省,南京市,玄武区,1,43429fcf9c28962fe31103a5
2271,2727,紫气路9号院-东门,118.894279,32.088976,江苏省南京市玄武区紫气路9号东门(徐庄软件园附近),江苏省,南京市,玄武区,1,910ea2966e978e44ab175adc
2272,2728,紫气路9号院-北门,118.893393,32.088932,南京市玄武区紫气路9号,江苏省,南京市,玄武区,1,009f1a8633a9df4b2b3a9fc1
2273,2729,紫金东郡,118.901252,32.088101,江苏省南京市玄武区徐庄软件园苏宁大道8号,江苏省,南京市,玄武区,1,1fa9be40324947ac41d63e19
2274,2731,紫金东郡-二期,118.901949,32.086535,仙林大道与紫气路交口北,江苏省,南京市,玄武区,1,a7e40b2e45c0145f0e0a7034
2275,2732,仙居花园-东门,118.908287,32.090392,南京市玄武区仙林大道附近,江苏省,南京市,玄武区,1,43cadbc78f4cccb514b54b3a
2276,2733,紫金东郡-东二门,118.904371,32.087976,南京市玄武区仙林大道,江苏省,南京市,玄武区,1,3faa95bd06bd787041d63e21
2277,2734,保利紫晶山,118.914876,32.089297,南京市栖霞区紫东路18号,江苏省,南京市,栖霞区,1,33a31aa72dbd9ba0276e984c
2278,2735,未来墅,118.911633,32.085963,江苏省南京市栖霞区仙林大道未来墅(紫东国际创意园附近),江苏省,南京市,栖霞区,1,e499372c79621fdf7369d3ce
2279,2736,朗诗·钟山绿郡,118.910697,32.087381,南京市栖霞区紫东路9号,江苏省,南京市,栖霞区,1,aeb70d4ed6dcf8a22fb96dcc
2280,2737,紫金科技创业特别社区,118.913639,32.084368,南京市栖霞区紫东路1号-紫东国际创意园,江苏省,南京市,栖霞区,1,e13401378f19d309c6effb99
2281,2740,南京朗诗钟山绿郡-南门,118.912473,32.086661,南京市栖霞区马土路,江苏省,南京市,栖霞区,1,1332c81371c8b66404fef5d5
2282,2741,国浩钟山晶典,118.917306,32.074044,江苏省南京市栖霞区金马路19号,江苏省,南京市,栖霞区,1,cc788fde60efc2f489fc06b8
2283,2742,万科金色半山,118.60789,32.078435,江苏省南京市浦口区沿山大道229号,江苏省,南京市,浦口区,1,fe6bc4b02265f59bb04c49f5
2284,2743,万科璞悦山,118.606042,32.076101,江苏省南京市浦口区沿山大道231号,江苏省,南京市,浦口区,1,0c60f099f17853b62902e12e
2285,2744,万科(光明路),118.605379,32.076125,南京市浦口区沿山大道万科璞悦山,江苏省,南京市,浦口区,1,83c48268fc2af0d41ce9998b
2286,2745,沁园-西门,118.6201,32.070798,江苏省南京市浦口区南京审计大学学生公寓沁园13幢,江苏省,南京市,浦口区,1,d454f6a3cc6664682e473317
2287,2746,润园(润园路),118.614577,32.073124,南京市浦口区八里路(南京审计大学),江苏省,南京市,浦口区,1,a7f927d5ae1e1ed488f15d0d
2288,2747,碧云山庄(象山路),118.628519,32.073809,江苏省南京市浦口区象山路5号,江苏省,南京市,浦口区,1,17f6ad83720d25d5adcb66dc
2289,2748,白马湖山庄,118.626357,32.076332,南京市浦口区象山路9号,江苏省,南京市,浦口区,1,28e700f1c61fe801095cb3fd
2290,2749,钱塘望景花园,118.624638,32.0789,南京市浦口区象山路11号,江苏省,南京市,浦口区,1,7bfa08fc9a3be17f25d2bbfd
2291,2750,珠江村向阳组78号,118.626588,32.070899,江苏省南京市浦口区珠江村向阳组78号,江苏省,南京市,浦口区,1,f5f37802f58ce4fcf42310ae
2292,2751,珠江村向阳组80号,118.626645,32.070808,江苏省南京市浦口区珠江村向阳组80号,江苏省,南京市,浦口区,1,1424b436c51241a88adb7313
2293,2752,盛景苑,118.627111,32.079319,南京市浦口区象山路钱塘望景花园,江苏省,南京市,浦口区,1,16fe1d217d841f0b6240a9bc
2294,2753,九二小区1-3号,118.639779,32.076101,南京市浦口区白马路银城颐居悦见山西南侧,江苏省,南京市,浦口区,1,4b4b0614fdb283b20289727d
2295,2754,颐景苑-11幢,118.624525,32.078261,江苏省南京市浦口区钱塘望景苑颐景苑11幢,江苏省,南京市,浦口区,1,91424c9000927cc040024525
2296,2755,珠江村向阳组79号,118.626654,32.070845,江苏省南京市浦口区珠江村向阳组79号,江苏省,南京市,浦口区,1,3ec11a41f5d5b0e36c3e1b93
2297,2756,碧云山庄-C幢,118.628705,32.072331,南京市浦口区象山路5号碧云山庄C幢,江苏省,南京市,浦口区,1,275be455d0165a10d3ff2390
2298,2757,碧云山庄-A幢,118.628945,32.071889,南京市浦口区象山路5号碧云山庄A幢,江苏省,南京市,浦口区,1,d784b576d0ddbd80704b87e6
2299,2758,凤悦天晴花园(南门),118.63182,32.073307,南京市浦口区象山路6号,江苏省,南京市,浦口区,1,2dedda6d9838fd543a13fd8f
2300,2759,沁园-南门,118.620747,32.070078,南京市浦口区金专路,江苏省,南京市,浦口区,1,8c24574c9eaba87888fc06f8
2301,2760,凯莱花园,118.638926,32.070792,南京市浦口区公园北路6号,江苏省,南京市,浦口区,1,05dd7d5f67ee9401ad080ffc
2302,2761,江城人家,118.631256,32.070948,南京市浦口区象山路3号,江苏省,南京市,浦口区,1,7d5f3a0a2459bc4b2cb908fc
2303,2762,凤悦天晴,118.630835,32.075192,南京市浦口区象山路6号,江苏省,南京市,浦口区,1,669775d08cfec45bfd0eb0fd
2304,2763,领域花园,118.636632,32.071294,南京市浦口区江浦街道珠海路一号(地铁站),江苏省,南京市,浦口区,1,3a0a78bdeecd5887621809a1
2305,2764,金叶小区,118.640084,32.070096,南京市浦口区公园北路3号,江苏省,南京市,浦口区,1,381c44085ea1764af4e73bc2
2306,2765,白马村新民组100-49,118.632922,32.080074,南京市浦口区狮山路新民组居民区,江苏省,南京市,浦口区,1,c2d80125a2bb0123ca09f07a
2307,2766,金禾大厦(象山路),118.631494,32.072102,南京市浦口区象山路3号,江苏省,南京市,浦口区,1,ec2e267665dc387c4e2fdfcf
2308,2768,凯莱花园-西门,118.638012,32.070825,江苏省南京市浦口区凯莱花园西门(南京市浦口区中医院东),江苏省,南京市,浦口区,1,c4c12f1a64db6d35d91318a4
2309,2769,金盛田·阳光青城,118.645489,32.075439,江苏省南京市浦口区江浦街道海都路8号(龙华路与浦口大道交汇处),江苏省,南京市,浦口区,1,e7229ca0bf4ee70f9403191e
2310,2770,员工宿舍楼,118.637996,32.066373,南京市浦口区江浦街道文德东路35号南京鼎业开元大酒店员工宿舍楼,江苏省,南京市,浦口区,1,e10602bc379a36ae095cb3fe
2311,2771,阅景龙华,118.645393,32.073091,510路;510路区间;603路;606路;680路;681路;D10路;D14路;D15路;D59路;D61路;D7路;Y29路夜间;Y38路夜间,江苏省,南京市,浦口区,0,5fdc0f13161f9fa87369d380
2312,2772,海都嘉园,118.642749,32.076397,浦口珠江镇龙华路12号,江苏省,南京市,浦口区,1,50f7d146c70320c472210bfc
2313,2773,鼎业情缘,118.645437,32.072088,南京市浦口区康华路1号,江苏省,南京市,浦口区,1,50f7d14622dd45b973210ba1
2314,2774,南京永业花卉大道安置房,118.645014,32.078167,南京市浦口区浦口大道,江苏省,南京市,浦口区,1,0b6aa50d271eceefab059dad
2315,2775,南京工业大学学生公寓南苑-4幢,118.646867,32.079323,江苏省南京市浦口区南京工业大学学生公寓南苑4幢,江苏省,南京市,浦口区,1,02bebeb02e199b1a2bd7ab0d
2316,2776,南京工业大学学生公寓南苑-3幢,118.646885,32.07907,南京市浦口区浦珠南路30号,江苏省,南京市,浦口区,1,ede7c73d1359610236b06c3d
2317,2777,金盛田铂宫,118.64189,32.072331,南京市浦口区龙华路26号,江苏省,南京市,浦口区,1,2081ab9be35b1592d13ce3ca
2318,2778,九二小区1-4号,118.63997,32.076175,南京市浦口区白马路银城颐居悦见山,江苏省,南京市,浦口区,1,eb6a32c2c02a2b5bec74f896
2319,2779,国信阅景龙华,118.643521,32.079486,南京市浦口区浦口大道,江苏省,南京市,浦口区,1,5c2dc21d7d0178796fc02cfb
2320,2780,康华新村,118.649454,32.071604,南京市浦口区康华路19号,江苏省,南京市,浦口区,1,cd9d05dd23bbd6b685420efc
2321,2782,雍雅园,118.643049,32.070014,珠江镇珠江路1号,江苏省,南京市,浦口区,1,69fcd6dff625d32fca2915fc
2322,2783,南京工业大学(江浦校区)-如斋,118.649195,32.079637,江苏省南京市浦口区南京工业大学,江苏省,南京市,浦口区,1,3ad074109fc9a8e0ae31e52d
2323,2784,南京工业大学江浦校区-明斋,118.649273,32.079682,南京市浦口区浦珠南路30号南京工业大学江浦校区,江苏省,南京市,浦口区,1,a8ac65f5fd59ff825d17c316
2324,2785,航运综合楼,118.643041,32.071032,南京市浦口区龙华路21号,江苏省,南京市,浦口区,1,540bebd332f922b5ae080f03
2325,2786,金盛田大厦,118.646785,32.074653,南京市浦口区龙华路8号,江苏省,南京市,浦口区,1,49a02a7a4f0885402b201afc
2326,2787,金水岸花园(河滨路)-南门,118.63599,32.063429,江苏省南京市浦口区金水岸花园(南京市浦口区政府东南),江苏省,南京市,浦口区,1,3e1ca862ee7629eda11de9ea
2327,2788,康华家园,118.652534,32.072518,南京市浦口区康华路33号,江苏省,南京市,浦口区,1,4bf164c5c10e799bb35c6adb
2328,2789,明发新城金融大厦-A栋,118.655729,32.070505,江苏省南京市浦口区明发新城金融大厦A栋(光明路北),江苏省,南京市,浦口区,1,c8e327c1d5b9bae98d7727c2
2329,2790,新城总部大厦-A座,118.653614,32.071741,南京市浦口区浦口大道1号新城总部大厦A座,江苏省,南京市,浦口区,1,0e16938c8887910ba7c75662
2330,2791,新城总部大厦-B座,118.653885,32.071466,江苏省南京市浦口区浦口大道1号,江苏省,南京市,浦口区,1,a9e60345f4f884c04e5547cd
2331,2792,新城总部大厦,118.654069,32.071792,江苏省南京市浦口区浦口大道13号,江苏省,南京市,浦口区,1,211a729837b99584b320a8cb
2332,2793,明发新城中心,118.656937,32.069861,江苏省南京市浦口区浦口大道11号,江苏省,南京市,浦口区,1,ec965c9e09a033f64354d7ba
2333,2794,紫晶唐,118.652622,32.079872,江苏省南京市浦口区江浦街道浦珠南路26号,江苏省,南京市,浦口区,1,8d9b94a79ae5c1854207c122
2334,2795,东方万汇城,118.663246,32.070376,江苏省南京市浦口区浦口大道8号,江苏省,南京市,浦口区,1,3a5acdf478d0a606d12dd68c
2335,2796,东方万汇城-北区,118.663476,32.071024,江苏省南京市浦口区浦口大道8号,江苏省,南京市,浦口区,1,ec2b9bab1132aa6ddb13181e
2336,2797,福中·智慧城,118.674501,32.076144,江苏省南京市浦口区望江路1号17区,江苏省,南京市,浦口区,1,0bd8c7537447cfccfa42b239
2337,2798,正荣润锦城,118.679099,32.076819,南京市浦口区望江路2号,江苏省,南京市,浦口区,1,50f9705e8d7284a633169b3f
2338,2799,上河苑,118.740428,32.072946,南京市鼓楼区郑和南路88号,江苏省,南京市,鼓楼区,1,368ef2c79dc5c27828d7ab23
2339,2800,民佳园,118.739981,32.079351,三汊河大街107号,江苏省,南京市,鼓楼区,1,9fbfeef22335dc45ece4a587
2340,2801,恒盛金陵湾-北区,118.739641,32.074596,南京市鼓楼区郑和南路8号,江苏省,南京市,鼓楼区,1,00573fc0d19457bb49cc4a88
2341,2802,迎江园小区,118.74011,32.077569,南京市鼓楼区渡江路10号,江苏省,南京市,鼓楼区,1,d82d669771ce65a6d418b787
2342,2803,恒盛金陵湾-南区,118.738293,32.071559,南京市鼓楼区扬子江大道、定淮门大街交叉口,江苏省,南京市,鼓楼区,1,a2e5d756fb83048ff7eafc8d
2343,2804,定淮门大街32号小区,118.740093,32.070746,南京市鼓楼区定淮门大街32号,江苏省,南京市,鼓楼区,1,bc4e97b8a126c945a20464f1
2344,2805,清江西苑,118.746081,32.073469,江苏省南京市鼓楼区江东北路418号,江苏省,南京市,鼓楼区,1,07f3c8b537f2a3636340a987
2345,2806,新和园,118.743624,32.072997,鼓楼区三叉河新河一村15号,江苏省,南京市,鼓楼区,1,75d0881a2af9ed4d3b04b187
2346,2807,新河一村小区-北区,118.742449,32.075279,新河一村4号,江苏省,南京市,鼓楼区,1,302809c5e957e6a036b06cd9
2347,2808,新河一村小区-北4门,118.742293,32.075908,南京市鼓楼区郑和南路新河一村新东南商务公寓西北,江苏省,南京市,鼓楼区,1,1d187e34979d158417b54bb0
2348,2809,百合果园,118.743305,32.076255,南京市鼓楼区江东北路421号,江苏省,南京市,鼓楼区,1,db1f39d4d09f836ff4c59c87
2349,2811,清江花苑-明月园,118.749412,32.073589,江苏省南京市鼓楼区定淮门大街2号,江苏省,南京市,鼓楼区,1,316debe194ccb5c180a00c7f
2350,2812,江苏省物资大厦住户楼,118.746152,32.071284,南京市鼓楼区热河南路街道定淮门大街12号,江苏省,南京市,鼓楼区,1,95ace93889c556c87069d3b6
2351,2813,金陵湾,118.739571,32.074772,南京市鼓楼区郑和南路8号,江苏省,南京市,鼓楼区,1,0093c99ba283873bb9df8fbc
2352,2814,逸沁园,118.74783,32.071751,南京市鼓楼区定淮门大街6号,江苏省,南京市,鼓楼区,1,669775d08b04c55bfc0eb087
2353,2815,清江花苑,118.74951,32.072878,江苏省南京市鼓楼区定淮门大街2号,江苏省,南京市,鼓楼区,1,af8055f590ee55502b201a02
2354,2816,新河一村小区-8号,118.742817,32.073634,江苏省南京市鼓楼区新河一村小区8号,江苏省,南京市,鼓楼区,1,b5e77845a58e454028b97c9c
2355,2817,苏宁璞邸花园,118.743273,32.071589,江苏省南京市鼓楼区郑和南路111号,江苏省,南京市,鼓楼区,1,2527be1e3e6a58cd4afc8d1a
2356,2818,恒盛尚海湾,118.740879,32.073956,"三汊河片,定淮门大街北侧、秦淮",江苏省,南京市,鼓楼区,1,b17cfb7703f85ed8e856fa6e
2357,2819,定淮门大街18号小区,118.743765,32.070899,南京市鼓楼区定淮门大街18号,江苏省,南京市,鼓楼区,1,212ff059090f6ae83813fd57
2358,2820,花苑小区(定淮门大街),118.746834,32.070042,南京市鼓楼区定淮门大街15号,江苏省,南京市,鼓楼区,1,c3982c9234c8721557bfff68
2359,2821,二板桥-835号,118.744777,32.079118,江苏省南京市鼓楼区二板桥835号,江苏省,南京市,鼓楼区,1,e04e5fc71d3ccd0703294fa5
2360,2822,正泰大厦写字楼,118.746185,32.069804,南京市鼓楼区定淮门大街15号,江苏省,南京市,鼓楼区,1,173719302eb9c03fd518b70d
2361,2823,二板桥-568号,118.744488,32.079639,南京市鼓楼区二板桥568号,江苏省,南京市,鼓楼区,1,76240696e7f4b1dd38e4a634
2362,2824,热南308小区,118.745988,32.079903,南京市鼓楼区热河南路308号,江苏省,南京市,鼓楼区,1,27e875a0c50cd07fa1a9341a
2363,2825,新河二村,118.740548,32.07226,南京市鼓楼区郑和南路126号,江苏省,南京市,鼓楼区,1,40b8139bf955eb1ba21de919
2364,2826,正泰花苑,118.746289,32.070157,江苏省南京市鼓楼区江东街道定淮门大街15号正泰花园,江苏省,南京市,鼓楼区,1,05166d80a265228642d63efb
2365,2827,舸舫西园,118.741737,32.070936,南京市鼓楼区定淮门大街26号,江苏省,南京市,鼓楼区,1,9eafe4651195fbdb97ec842a
2366,2828,定淮门大街28号小区,118.74086,32.070667,南京市鼓楼区定淮门大街28号,江苏省,南京市,鼓楼区,1,b69f80d70039f197a2a93437
2367,2829,三汊河-111号,118.740692,32.078552,江苏省南京市鼓楼区三汊河111号,江苏省,南京市,鼓楼区,1,d6c35f0e4c43688728b97cc0
2368,2830,锋尚,118.750586,32.0791,江苏省南京市鼓楼区姜家园路299号,江苏省,南京市,鼓楼区,1,f75d65d53fd216f5220220a1
2369,2831,华景阁,118.749526,32.07024,南京市鼓楼区龙津街7号,江苏省,南京市,鼓楼区,1,024dcc37793e485dc16c14b6
2370,2832,正泰大厦一单元,118.746485,32.070299,南京市鼓楼区南京定淮门长江隧道正泰大厦,江苏省,南京市,鼓楼区,1,90983dc162b4ca3b45e2740c
2371,2833,江苏林业大厦,118.742741,32.070832,南京市鼓楼区定淮门大街22号,江苏省,南京市,鼓楼区,1,93df0dc3de338b2b892fb587
2372,2834,商会大厦黄金楼,118.747103,32.070557,南京市鼓楼区定淮门大街11号,江苏省,南京市,鼓楼区,1,925c550f4ec6d1b25b3ac8a1
2373,2835,定淮门3号小区,118.755714,32.074968,江苏省南京市鼓楼区定淮门大街3号,江苏省,南京市,鼓楼区,1,bf1362111f66690857bfff29
2374,2836,定淮门5至27号小区,118.754903,32.074443,定淮门7号,江苏省,南京市,鼓楼区,1,15f16c420738433181288a12
2375,2837,定淮门5号小区,118.755079,32.074503,江苏省南京市鼓楼区定淮门5,江苏省,南京市,鼓楼区,1,aefd60ed6441a4ea5fbe861f
2376,2838,定准门社区,118.756232,32.074326,南京市鼓楼区模范西路,江苏省,南京市,鼓楼区,1,3e078f97e6e8dbea1088244b
2377,2839,定淮门9-11号小区,118.754671,32.07507,定淮门9-11号,江苏省,南京市,鼓楼区,1,aa953960052f81f61b94c6d0
2378,2840,定淮门23-25号小区,118.75483,32.07569,南京市鼓楼区定淮门23-25号,江苏省,南京市,鼓楼区,1,0506481a656f64c6b23c8199
2379,2841,定淮门-10号,118.755376,32.073677,定淮门大街10号,江苏省,南京市,鼓楼区,1,024ca9d4b56e66c6eedfca3c
2380,2842,定淮门6号小区,118.756253,32.073799,南京市鼓楼区定淮门大街6号,江苏省,南京市,鼓楼区,1,d3e2301911ade5b932870ac5
2381,2843,定淮门19号小区,118.75454,32.076374,江苏省南京市鼓楼区定淮门19号,江苏省,南京市,鼓楼区,1,9cbdefa5926ba744843304b6
2382,2844,第十四研究所小区,118.757928,32.075584,江苏省南京市鼓楼区古平岗24号,江苏省,南京市,鼓楼区,1,04ec1ed598528658f62310b3
2383,2845,定淮门二号小区,118.757653,32.074518,定淮门2号,江苏省,南京市,鼓楼区,1,92235d154e0469c3c809f08a
2384,2846,双楼集团生活区,118.754186,32.076687,南京市鼓楼区定淮门27号3单元,江苏省,南京市,鼓楼区,1,3d84cbc8846e2f146140a91d
2385,2847,古平岗-24号,118.757931,32.075578,南京市鼓楼区古平岗24号,江苏省,南京市,鼓楼区,1,2e7f263d6736972ccc06a4b6
2386,2848,沁林雅苑,118.754888,32.076964,南京市鼓楼区华严岗1号,江苏省,南京市,鼓楼区,1,0a15c7ec295b9a82ed74f86f
2387,2849,晏公庙东-8号,118.753808,32.073126,江苏省南京市鼓楼区晏公庙东8号,江苏省,南京市,鼓楼区,1,e509ca15bf59596028201a36
2388,2850,十四所古平岗22号小区,118.757632,32.076666,江苏省南京市鼓楼区古平岗22号,江苏省,南京市,鼓楼区,1,5ffb18166075735f6e4760a3
2389,2851,石头城-115号,118.754495,32.072523,江苏省南京市鼓楼区石头城115号,江苏省,南京市,鼓楼区,1,5a7a7171bdcfb825c7f02580
2390,2852,古平岗37号院-1幢,118.759987,32.074676,江苏省南京市鼓楼区古平岗37号院1幢,江苏省,南京市,鼓楼区,1,4dc45af1b8bc8a22fa0cad6b
2391,2853,十四所研究生集体宿舍,118.758691,32.075324,南京市鼓楼区古平岗定淮门2号,江苏省,南京市,鼓楼区,1,2918b2d7e89d825cda2f2847
2392,2854,石头城-109号,118.754595,32.071989,石头城109号,江苏省,南京市,鼓楼区,1,d2adb00254264b019122e030
2393,2855,定淮门三号小区-4幢,118.755496,32.07466,江苏省南京市鼓楼区定淮门,江苏省,南京市,鼓楼区,1,63380234cc1b809f3310af16
2394,2856,佳盛花园,118.751885,32.07508,江苏省南京市鼓楼区晏公庙东5号,江苏省,南京市,鼓楼区,1,dbf4d6ee63ed25576fa3ccd6
2395,2857,南京信息职业技术学院家属区,118.759326,32.074578,南京市鼓楼区古平岗37号,江苏省,南京市,鼓楼区,1,795e72805b242ff8d0ff2366
2396,2858,古平岗-35号,118.75981,32.074952,南京市鼓楼区古平岗35号,江苏省,南京市,鼓楼区,1,c004c3b9bbd804c238e4a6dc
2397,2859,华严岗-5号,118.753882,32.078113,江苏省南京市鼓楼区华严岗5号,江苏省,南京市,鼓楼区,1,bdbc9dff59d0a3ee1d1d116b
2398,2860,晏公庙东-10号,118.754634,32.071493,晏公庙东10号,江苏省,南京市,鼓楼区,1,2a82f5adac1c0f61f723100b
2399,2861,古平岗-20号院,118.759282,32.07617,江苏省南京市鼓楼区江苏城市职业学院(定淮门东校区),江苏省,南京市,鼓楼区,1,a52c216d79ce5dd32ce67bd8
2400,2862,古平岗-27号,118.760357,32.075997,南京市鼓楼区古平岗27号楼,江苏省,南京市,鼓楼区,1,c494d28b5ec559812dfaa7fa
2401,2863,清江花苑嘉和园,118.751124,32.072418,南京市鼓楼区定淮门大街2号,江苏省,南京市,鼓楼区,1,a0e8f9d97ca6faabc3364490
2402,2865,石头城-114号,118.756992,32.070034,南京市鼓楼区石头城114号楼,江苏省,南京市,鼓楼区,1,0c36b9de1e8632977f29bd74
2403,2866,模范西路社区,118.754403,32.079519,察哈尔路79号院附近,江苏省,南京市,鼓楼区,1,6db95083a4b571e4d9ecedff
2404,2867,石头城112号楼,118.757037,32.069958,江苏省南京市鼓楼区石头城112号,江苏省,南京市,鼓楼区,1,51b6383a2821dc015fd4fee8
2405,2868,圣淘沙·花城,118.759885,32.079595,南京市鼓楼区虎踞北路39号,江苏省,南京市,鼓楼区,1,f9fd6062570909060f0e6bc7
2406,2869,朗晴名居,118.751157,32.070298,南京市鼓楼区龙腾街21号,江苏省,南京市,鼓楼区,1,78bd50f78879735b30870aa1
2407,2871,世纪大厦,118.754525,32.073198,宁海路街道石头城路117号,江苏省,南京市,鼓楼区,1,376f4729893a3e156849f389
2408,2872,顺天院,118.753581,32.075754,南京市鼓楼区挹江门街道定淮门12号熊猫新兴软件园15栋,江苏省,南京市,鼓楼区,1,f397f630d35a752f52e5c507
2409,2873,银城锦一方,118.739211,32.052025,南京市鼓楼区清凉门大街与锦江路交叉路口锦江路99号,江苏省,南京市,鼓楼区,1,4eb3b53339d00d0b43024500
2410,2874,世界之窗软件园-1号楼,118.754308,32.075703,南京市鼓楼区定淮门12号,江苏省,南京市,鼓楼区,1,3b9ab3a080ceeb9e714b8756
2411,2875,江苏省行政学院学员公寓,118.765416,32.074034,南京市鼓楼区水佑岗路江苏省行政学院,江苏省,南京市,鼓楼区,1,53b6396a37bed6408f1a8901
2412,2876,童家山2号小区,118.765328,32.07625,南京市鼓楼区童家山2号,江苏省,南京市,鼓楼区,1,61085211945856a1c41b75a3
2413,2877,水佑岗22号小区,118.766866,32.074058,南京市鼓楼区水佑岗22号,江苏省,南京市,鼓楼区,1,402795a834ed4873e81e979f
2414,2878,水佑岗23号小区,118.76686,32.073415,江苏省南京市鼓楼区水佑岗23号,江苏省,南京市,鼓楼区,1,ee29e77167e89caa4c3a593b
2415,2879,水佑岗20号小区,118.767767,32.074074,南京市鼓楼区水佑岗路20号,江苏省,南京市,鼓楼区,1,bc275d1017a5b66b873304b1
2416,2880,水佐岗-44号楼,118.770875,32.075683,南京市鼓楼区水佐岗44-3号,江苏省,南京市,鼓楼区,1,8f675a710446634f6d20b9c4
2417,2881,江苏城市职业学院分校学生公寓-1幢,118.762613,32.074155,江苏省南京市鼓楼区江苏城市职业学院分校学生公寓1幢,江苏省,南京市,鼓楼区,1,ac03b5eda2adf3ee0ab93a67
2418,2882,水佑岗小区,118.769881,32.073291,南京市鼓楼区水佑岗路10号,江苏省,南京市,鼓楼区,1,0028eb121cb64b6c8bb9883f
2419,2883,江苏城市职业学院学生公寓,118.760875,32.075715,南京市鼓楼区模范西路江苏城市职业学院(定淮门东校区),江苏省,南京市,鼓楼区,1,d225738cf617386d03294f94
2420,2884,水佑岗17号小区,118.768329,32.073753,江苏省南京市鼓楼区水佑岗路,江苏省,南京市,鼓楼区,1,58be119cf3373e5196f08cde
2421,2885,江苏城市职业学院分校学生公寓-2幢,118.762226,32.07387,南京市鼓楼区古平岗35-1号,江苏省,南京市,鼓楼区,1,6330bca790e82ba204fef5e0
2422,2886,天津新村住宅小区,118.764543,32.071897,鼓楼区虎踞北路18号,江苏省,南京市,鼓楼区,1,091f4e886a45f2073586f4a7
2423,2887,江苏城市职业学院学生公寓-6幢,118.761835,32.073906,南京市鼓楼区古平岗35-1号,江苏省,南京市,鼓楼区,1,ee3e52cadd1b74f188fc06a7
2424,2888,江苏城市职业学院学生公寓-5幢,118.761835,32.073906,南京市鼓楼区古平岗35-1号,江苏省,南京市,鼓楼区,1,554d68b269a3cd9814b54b54
2425,2889,马鞍山2号小区,118.768281,32.072719,江苏省南京市鼓楼区马鞍山2号,江苏省,南京市,鼓楼区,1,9be36b93b7a0bcd23010af68
2426,2890,康藏路小区,118.769298,32.076516,南京市鼓楼区康藏路5号,江苏省,南京市,鼓楼区,1,ea4a3dc9aabc5f2e4f5547a3
2427,2891,古平岗一号南院,118.762661,32.076072,南京市鼓楼区古平岗一号,江苏省,南京市,鼓楼区,1,de9a3d999309513fb726554e
2428,2892,水佐岗-39号,118.769507,32.075439,江苏省南京市鼓楼区水佐岗39号,江苏省,南京市,鼓楼区,1,7f4b20f7c928bed50e3dda3b
2429,2893,马鞍山-11号,118.766418,32.071608,晚市11号楼,江苏省,南京市,鼓楼区,1,16e7f7db2112173f6b49f380
2430,2894,马鞍山-1号院,118.767711,32.071845,南京市鼓楼区马鞍山路1号,江苏省,南京市,鼓楼区,1,d9a423a8e22771f0b14c492c
2431,2895,江苏城市职业学院学生公寓-4幢,118.760905,32.075719,江苏省南京市鼓楼区江苏城市职业学院分校学生公寓4幢,江苏省,南京市,鼓楼区,1,a849fea8d74a084758f6bee2
2432,2896,机关宿舍,118.768058,32.071869,南京市鼓楼区宁海路街道马鞍山路2号13栋,江苏省,南京市,鼓楼区,1,dbea272edcb3e9b64e2fdf10
2433,2897,马鞍山路小区,118.76729,32.0713,南京市鼓楼区马鞍山路10号,江苏省,南京市,鼓楼区,1,ef55e62b95dbf933d8d89121
2434,2898,星汉城市花园,118.770054,32.074741,南京市鼓楼区水佐岗35号,江苏省,南京市,鼓楼区,1,cc788fde2c8d068a89fc06a3
2435,2899,水佐岗-37号,118.770384,32.075298,江苏省南京市鼓楼区水佐岗37号,江苏省,南京市,鼓楼区,1,f5b9ec8e8ab902b45e17c3d8
2436,2901,荷兰大使馆旧址,118.771365,32.07415,南京市鼓楼区老菜市8号,江苏省,南京市,鼓楼区,1,07578c5a1c6cd72822f017d4
2437,2902,马鞍山2号院-12幢,118.768339,32.072871,江苏省南京市鼓楼区马鞍山2号院12幢,江苏省,南京市,鼓楼区,1,5d7c7b2daff321496c476068
2438,2903,宁夏路18号住宅小区-南1门,118.770298,32.071868,江苏省南京市鼓楼区宁夏路18号,江苏省,南京市,鼓楼区,1,23ac356738ec7447b1077d04
2439,2904,水佐岗67号小区,118.769963,32.077228,南京市鼓楼区水佐岗路67号,江苏省,南京市,鼓楼区,1,2ddda439f39965859122e003
2440,2905,水佐岗-19号,118.77034,32.07356,江苏省南京市鼓楼区水佐岗19号,江苏省,南京市,鼓楼区,1,e70db64b0a7d9f500b5cb344
2441,2906,古平岗十四所,118.758044,32.075507,南京市鼓楼区模范西路第十四研究所小区,江苏省,南京市,鼓楼区,1,3f01239e833886f0c4f50d20
2442,2907,三步两桥小区,118.768953,32.078905,水佐岗77号,江苏省,南京市,鼓楼区,1,d7be2c9f348771a99e9d6872
2443,2908,晚市5号,118.763561,32.079179,晚市5号楼,江苏省,南京市,鼓楼区,1,0db5f972550fc670028972eb
2444,2909,晚市3号,118.76372,32.079251,晚市3号楼,江苏省,南京市,鼓楼区,1,316fae0877131d17c51e51e5
2445,2910,晚市1号,118.7638,32.079043,晚市1号楼,江苏省,南京市,鼓楼区,1,59a3bbbf1a9811632fb90836
2446,2911,镇江路晚市1号巷-6号院,118.764298,32.079587,南京市鼓楼区镇江路晚市1号巷6号,江苏省,南京市,鼓楼区,1,df7a8c3bc5652c7ff4e73beb
2447,2912,水佐岗-73号院,118.769738,32.078447,南京市鼓楼区模范中路与清凉古道交叉路口往西南约50米,江苏省,南京市,鼓楼区,1,fa50b534e97b669f09b93ab0
2448,2913,宁夏路23号小区,118.769041,32.071271,南京市鼓楼区宁夏路23号,江苏省,南京市,鼓楼区,1,5b1df557e4f2172d4bcc4a3b
2449,2914,晚市9号,118.763371,32.079384,晚市9号楼,江苏省,南京市,鼓楼区,1,067b3cae2a098b6629201a72
2450,2915,三步两桥-17号,118.769461,32.078441,南京市鼓楼区三步两桥17号楼,江苏省,南京市,鼓楼区,1,ee8d15b6a3232c14f60e7776
2451,2916,晚市11号,118.763302,32.0795,晚市11号楼,江苏省,南京市,鼓楼区,1,74d8e257ff3134332811d143
2452,2917,虎踞北路64号院,118.762142,32.078865,南京市鼓楼区虎踞北路64号,江苏省,南京市,鼓楼区,1,add7b56f530e7063f4b91654
2453,2918,三步两桥-15号,118.769876,32.078583,南京市鼓楼区三步两桥15号楼,江苏省,南京市,鼓楼区,1,7b8b6069fdeb86568705bf91
2454,2919,晚市14-18号30-36号院,118.762556,32.079693,南京市鼓楼区晚市14-18号、30-36号,江苏省,南京市,鼓楼区,1,e73bab6aba4ea8ee3813fd5c
2455,2921,回龙桥-15号,118.763333,32.07981,回龙桥15号楼,江苏省,南京市,鼓楼区,1,7178d5caddc5b8b90b69d910
2456,2922,三步两桥-18号院,118.769678,32.078963,南京市鼓楼区三步两桥18号,江苏省,南京市,鼓楼区,1,a878e8e68d2df61146e27409
2457,2923,南艺家属区,118.762295,32.07,南京市鼓楼区虎距北路15号,江苏省,南京市,鼓楼区,1,104e74b5dc5060eeb2077d50
2458,2924,西康新村,118.770008,32.070594,南京市鼓楼区西康路41号,江苏省,南京市,鼓楼区,1,6cc20f8c95d48980f942b2b9
2459,2925,咨询楼,118.763132,32.070984,南京市鼓楼区虎踞北路12号,江苏省,南京市,鼓楼区,1,5e29b141f6d44ee87dc8763b
2460,2926,虎踞北路12号综合楼南楼,118.763114,32.070406,南京市鼓楼区虎踞北路12号,江苏省,南京市,鼓楼区,1,70e6b9ffd947af93018972b4
2461,2927,江苏省行政学院-励学大厦,118.764819,32.073766,南京市鼓楼区虎踞北路50号,江苏省,南京市,鼓楼区,1,997086b23bd677b20189727b
2462,2929,马鞍山2号院(西门),118.767172,32.073334,南京市鼓楼区水佑岗路21号附近,江苏省,南京市,鼓楼区,1,60fb346f9b1f8eb4246e9881
2463,2930,人和街29-35号小区,118.775713,32.074776,南京市鼓楼区人和街29-35号,江苏省,南京市,鼓楼区,1,d96c9954f7bc1027f90cad70
2464,2931,虎啸花园,118.774844,32.07572,南京市鼓楼区老菜市与四卫头交叉路口向北约50米,江苏省,南京市,鼓楼区,1,75d0881a2aa6ed4d3b04b1a0
2465,2932,玉麒麟雅苑,118.77595,32.074278,南京市鼓楼区山西路四卫头88号,江苏省,南京市,鼓楼区,1,05dd7d5f664b9501ac080fa3
2466,2933,老菜市7号小区,118.774468,32.074481,江苏省南京市鼓楼区老菜市7号,江苏省,南京市,鼓楼区,1,053f9adeea5982a443afe66b
2467,2934,雅典花园,118.776915,32.075343,江苏省南京市鼓楼区人和街8号,江苏省,南京市,鼓楼区,1,d1469ee79b396262853304a3
2468,2935,中商万豪·峰彩,118.776581,32.076007,南京市鼓楼区中山北路215-1号,江苏省,南京市,鼓楼区,1,ef970d4dfa3a2eff38e4a62f
2469,2936,人和佳园,118.777106,32.074628,南京市鼓楼区山西路人和街11号,江苏省,南京市,鼓楼区,1,92b806d2f0bcabfe78b55ca3
2470,2937,龙吟广场,118.776047,32.076524,南京市鼓楼区中山北路217号,江苏省,南京市,鼓楼区,1,f5e3bcae2fb917c15f17c3a3
2471,2938,三乐电子大厦,118.777133,32.076155,南京市鼓楼区中山北路215号,江苏省,南京市,鼓楼区,1,c879fa010061a64bc909f049
2472,2939,四卫头小区,118.776188,32.073485,南京市鼓楼区山西路四卫头62号,江苏省,南京市,鼓楼区,1,a519cac5ef75fbe7aaf0cd2a
2473,2940,龙蟠里,118.771972,32.053473,江苏省南京市鼓楼区,江苏省,南京市,鼓楼区,0,1c8d2a1440a0a7beadee7a2f
2474,2941,龙吟广场-6号通道办公副(入口),118.776003,32.076848,南京市鼓楼区中山北路,江苏省,南京市,鼓楼区,1,933699df24b4f3c00b69d90f
2475,2942,三乐·八号公馆街区,118.773198,32.074957,南京市鼓楼区老菜市路8号,江苏省,南京市,鼓楼区,1,755f99e0b90bfbe59ee32169
2476,2943,北四卫头-5号,118.774923,32.077024,南京市鼓楼区北四卫头5号楼,江苏省,南京市,鼓楼区,1,3dea48340bddfefe4207c182
2477,2944,竹林新村,118.773022,32.075662,南京市鼓楼区山西路祁家桥2号,江苏省,南京市,鼓楼区,1,562e2b7685f9ba82d8eced94
2478,2945,宏图大厦,118.775711,32.077213,江苏省南京市鼓楼区中山北路219号,江苏省,南京市,鼓楼区,1,dffd631c2e16c3bc39221ca3
2479,2946,人和街4号小区,118.777979,32.075356,南京市鼓楼区人和街4号,江苏省,南京市,鼓楼区,1,f9775d620c088e3ff8dc85d0
2480,2947,华江商务楼,118.776631,32.077476,南京市鼓楼区中山北路178号,江苏省,南京市,鼓楼区,1,3f4eef70e831b12f0869d90a
2481,2948,北四卫头-3号,118.775059,32.077305,南京市鼓楼区北四卫头3号楼,江苏省,南京市,鼓楼区,1,3663705b84ec6210471a3252
2482,2949,祁家桥-4号,118.77379,32.076599,祁家桥4号,江苏省,南京市,鼓楼区,1,1358a83be0c42df4cac3db86
2483,2950,南京师范大学计算机学院学生公寓,118.773336,32.076367,南京市鼓楼区水佐岗48巷水佐岗四十八巷-6号院东侧,江苏省,南京市,鼓楼区,1,5908b0cd6d5c2d9fa0acc455
2484,2951,兴源商务中心,118.777863,32.073531,南京市鼓楼区山西路72号,江苏省,南京市,鼓楼区,1,1cea15a9fe5125c506fef5a3
2485,2952,北四卫头36号小区,118.7745,32.077395,南京市鼓楼区北四卫头36号,江苏省,南京市,鼓楼区,1,25f91ab3f2d4641652e5c590
2486,2953,北四卫头-1号,118.775024,32.077486,江苏省南京市鼓楼区北四卫头1号,江苏省,南京市,鼓楼区,1,209935235778c52b9cf7798b
2487,2954,西流湾8号小区,118.777337,32.077296,南京市鼓楼区西流湾8号,江苏省,南京市,鼓楼区,1,62507aa0561c3d8dc27da210
2488,2955,颐和商厦,118.778048,32.074138,南京市鼓楼区山西路68号,江苏省,南京市,鼓楼区,1,fa835ce2d43c1bb6e912e4a3
2489,2956,中电熊猫南京三乐电子信息产业集团有限公司物业经营公司,118.772282,32.076314,南京市鼓楼区水佐岗48号巷5号,江苏省,南京市,鼓楼区,1,b4b89ae1cdf0a9b1085cb3da
2490,2957,祁家桥小区-13号楼,118.773024,32.077087,南京市鼓楼区祁家桥小区13号楼,江苏省,南京市,鼓楼区,1,45163e042a091ecc3062123d
2491,2958,祁家桥住宅,118.77342,32.077565,南京市鼓楼区祁家桥14号,江苏省,南京市,鼓楼区,1,f08f09246fd8cdac0f0a70fd
2492,2959,祁家桥-9号,118.773207,32.076924,江苏省南京市鼓楼区祁家桥9号,江苏省,南京市,鼓楼区,1,3e48ce4e4dd609a6b8bd635f
2493,2960,江苏成套大厦,118.777355,32.073231,江苏省南京市鼓楼区山西路120号,江苏省,南京市,鼓楼区,1,5983b7a23799a6b2d72ce2ef
2494,2961,金山大厦,118.778582,32.074567,南京市鼓楼区山西路8号,江苏省,南京市,鼓楼区,1,1bf85b251f7d80d9a0a934a0
2495,2962,千秋公寓,118.772344,32.075995,水佐岗32巷26、27、28幢,江苏省,南京市,鼓楼区,1,844a750eea24d9b9636858a3
2496,2963,建达大厦,118.77484,32.07804,南京市鼓楼区中山北路223号(近山西路),江苏省,南京市,鼓楼区,1,09185c5605edc520f01937a0
2497,2964,和泰国际大厦,118.775725,32.072254,南京市鼓楼区山西路128号,江苏省,南京市,鼓楼区,1,41572e00a89c21b4b55f1ea3
2498,2966,鼓楼大厦,118.776333,32.072278,江苏省南京市鼓楼区山西路124号,江苏省,南京市,鼓楼区,1,25ec69fcb19e7c7dc36c14a3
2499,2967,祁家桥-11号,118.77259,32.07687,南京市鼓楼区祁家桥11号楼,江苏省,南京市,鼓楼区,1,2c0520083768574959bbbc87
2500,2968,华丰大厦,118.774089,32.077787,南京市鼓楼区北四卫头8号,江苏省,南京市,鼓楼区,1,669775d08b5bc55bfc0eb0a0
2501,2969,北四卫头,118.773883,32.077672,江苏省南京市鼓楼区北四卫头,江苏省,南京市,鼓楼区,1,89a526f8363fa4cfc056ac1b
2502,2970,水佐岗48巷-5号院,118.772408,32.076961,南京市鼓楼区水佐岗四十八巷5号,江苏省,南京市,鼓楼区,1,50c733772c8f8d714c6d4658
2503,2971,祁家桥-17号,118.773254,32.076984,南京市鼓楼区祁家桥17号楼,江苏省,南京市,鼓楼区,1,c7c2d52356182a06f603b8d4
2504,2972,祁家桥-15号,118.772678,32.077164,南京市鼓楼区祁家桥15号楼,江苏省,南京市,鼓楼区,1,629f34f52a25610ddbd891cd
2505,2973,江苏华侨大厦,118.774158,32.078119,江苏省南京市鼓楼区中山北路241号,江苏省,南京市,鼓楼区,1,c21db9e5aef97f8301ff2da3
2506,2974,西流湾9号小区,118.777822,32.077758,江苏省南京市鼓楼区西流湾9号,江苏省,南京市,鼓楼区,1,2e751c3509ab19512fe67bb2
2507,2975,祁家桥-19号,118.773049,32.077744,南京市鼓楼区祁家桥19-1号,江苏省,南京市,鼓楼区,1,1685c6fe738ae4cd02294fc6
2508,2976,蜂巢长发生活馆,118.775395,32.078645,中山北路188号,江苏省,南京市,鼓楼区,1,2a7a25ec1c1f361f6c3e1bf9
2509,2977,工贸大厦,118.777497,32.07243,南京市鼓楼区南京山西路57号,江苏省,南京市,鼓楼区,1,05b45d995211300760180957
2510,2978,赤壁路4号小区,118.773599,32.072352,南京市鼓楼区赤壁路4号,江苏省,南京市,鼓楼区,1,a5cf5b5d47b20c8448cc4aa1
2511,2979,银河大厦,118.779054,32.073625,南京市鼓楼区山西路1号苏宁银河国际购物广场(近湖南路),江苏省,南京市,鼓楼区,1,2a98a5b490bf8c9e0782c29f
2512,2980,宁夏路1-7号小区,118.772857,32.072399,南京市鼓楼区宁夏路1-7号,江苏省,南京市,鼓楼区,1,21cf6be4f421baf01e1d114b
2513,2981,苏宁银河国际购物广场,118.779211,32.073633,南京市鼓楼区山西路1号,江苏省,南京市,鼓楼区,1,72aa2513cf88de47067ce8a3
2514,2982,西流湾-22号,118.77773,32.078267,南京市鼓楼区西流湾小区22号楼,江苏省,南京市,鼓楼区,1,9be1cba7f4cb849b96f08cd4
2515,2984,西流湾-24号,118.777636,32.078238,江苏省南京市鼓楼区西流湾24号,江苏省,南京市,鼓楼区,1,3d2b8e6a1be962888a36eef7
2516,2986,西流湾-19号,118.776717,32.07874,江苏省南京市鼓楼区西流湾19号,江苏省,南京市,鼓楼区,1,3c00c7201785dfc846e274bb
2517,2987,赤壁路3号小区,118.773461,32.071826,南京市鼓楼区赤壁路3号,江苏省,南京市,鼓楼区,1,845905d8bf7eb86b94ec84dc
2518,2988,电工新村社区,118.771173,32.07556,南京市鼓楼区水佐岗路44号,江苏省,南京市,鼓楼区,1,3f826ed3e57ab846d0f49ea0
2519,2989,西流湾-26号,118.777556,32.078216,南京市鼓楼区西流湾小区26号楼,江苏省,南京市,鼓楼区,1,907e42f761b0379f233bf29d
2520,2990,老菜市-38号,118.771118,32.074576,老菜市38号楼,江苏省,南京市,鼓楼区,1,3859e70e139b2c2bcc06a4f8
2521,2991,北四卫头29号小区,118.773554,32.078529,南京市鼓楼区北四卫头29号,江苏省,南京市,鼓楼区,1,8d8acef18b50f812f6231028
2522,2992,世界贸易大厦-A1座,118.776638,32.071527,山西路67号附近,江苏省,南京市,鼓楼区,1,3fd310a02e404e4afb22138e
2523,2993,世贸中心大厦-A幢,118.776638,32.071527,南京市鼓楼区山西路67号,江苏省,南京市,鼓楼区,1,75ecea4cd73296c74c3a59ce
2524,2994,秦盛公司员工公寓,118.772767,32.078273,水佐岗48巷5号院(南京工业大学西南),江苏省,南京市,鼓楼区,1,51682b2e25da9a3d0bf5ebe7
2525,2995,世界贸易大厦-A2座,118.776489,32.071445,山西路67号附近,江苏省,南京市,鼓楼区,1,db2d83166880f6723a04b1a9
2526,2997,虹桥十一号-二村,118.775271,32.079164,江苏省南京市鼓楼区虹桥11号,江苏省,南京市,鼓楼区,1,eeca658e6b14b974f33cba97
2527,2998,西流湾-21号,118.77706,32.078943,江苏省南京市鼓楼区西流湾21号,江苏省,南京市,鼓楼区,1,b8ef4c578dd3995cb54f5470
2528,2999,中环国际广场-商务楼,118.779083,32.072752,南京市鼓楼区中山北路105号,江苏省,南京市,鼓楼区,1,ce781cc80296febadf1e5264
2529,3000,西流湾-40号,118.77752,32.078681,南京市鼓楼区西流湾小区40号楼,江苏省,南京市,鼓楼区,1,86027427c48c909c157643e8
2530,3001,西流湾小区-38号楼,118.777421,32.078628,南京市鼓楼区西流湾小区38号楼,江苏省,南京市,鼓楼区,1,faec0bcabbec35da44e27464
2531,3002,祁家桥-18号,118.773275,32.078622,江苏省南京市鼓楼区祁家桥18号,江苏省,南京市,鼓楼区,1,c607b0bbb5c98467c7f50d04
2532,3003,祁家桥-41号,118.77274,32.078566,祁家桥41号楼,江苏省,南京市,鼓楼区,1,f430aba4c8162963dbeced17
2533,3004,西流湾-42号,118.777574,32.078855,江苏省南京市鼓楼区西流湾42号,江苏省,南京市,鼓楼区,1,5589a284d776090ae8e582c4
2534,3005,南京邮电大学宿舍,118.773621,32.078914,江苏省南京市鼓楼区湖南路街道中山北路243号,江苏省,南京市,鼓楼区,1,34cbdeed428236350e3ddaaf
2535,3006,世贸中心大厦,118.776773,32.07128,南京市鼓楼区山西路67号,江苏省,南京市,鼓楼区,1,6770c204fe223176b817e72a
2536,3007,水佐岗48巷3号小区,118.771017,32.076638,南京市鼓楼区水佐岗与水佐岗48号巷交汇处,江苏省,南京市,鼓楼区,1,4ea3f2f16abaf5aaafcb66a3
2537,3008,马台街137号小区,118.778425,32.078479,南京市鼓楼区马台街137号,江苏省,南京市,鼓楼区,1,7e9a95940f42f2f1bbbd631f
2538,3009,银通大厦,118.780068,32.074614,南京市鼓楼区中山北路124号,江苏省,南京市,鼓楼区,1,dc4064ac8f36e7229cec2b2b
2539,3010,中环国际广场,118.77943,32.072786,中山北路105号,江苏省,南京市,鼓楼区,1,850815e17abb198243e192d7
2540,3011,马台街125号小区,118.779085,32.078077,南京市鼓楼区马台街125号,江苏省,南京市,鼓楼区,1,965fe8df9973687ec7f50d92
2541,3012,虹桥5号小区,118.776856,32.07936,虹桥5号,江苏省,南京市,鼓楼区,1,aaa82ee0666ca79af942b2ea
2542,3013,虹桥7号,118.776232,32.079364,虹桥,江苏省,南京市,鼓楼区,1,816f708206a301b0b2077d6c
2543,3014,祁家桥-43号,118.772675,32.078795,祁家桥43号楼,江苏省,南京市,鼓楼区,1,64e2d10bca9e143829fc4888
2544,3015,水佐岗-25号,118.770429,32.074064,水佐岗25号楼,江苏省,南京市,鼓楼区,1,206df783f51c0189c9fa5fa5
2545,3016,山西南村小区,118.777754,32.071481,南京市鼓楼区山西路57号,江苏省,南京市,鼓楼区,1,fa7da3e8d8f1bb6342d63ef6
2546,3017,时尚空间(马台街店)-东北门,118.778793,32.078715,南京市鼓楼区马台街137-3号,江苏省,南京市,鼓楼区,1,b8b67381aa4f65569b68b4ec
2547,3018,世贸中心大厦-B幢,118.776802,32.071139,江苏省南京市鼓楼区江苏路60号,江苏省,南京市,鼓楼区,1,8fe6c330e1a4e9a2d618b7c2
2548,3019,水佐岗-21号,118.770557,32.073613,水佐岗21号楼,江苏省,南京市,鼓楼区,1,f3b1e8a44e5803543c9a5efd
2549,3020,祁家桥-22号,118.773018,32.079153,江苏省南京市鼓楼区祁家桥22号,江苏省,南京市,鼓楼区,1,303cc8c0d8393da29222e0ce
2550,3022,三步两桥3号小区,118.772543,32.078989,南京市鼓楼区三步两桥3号,江苏省,南京市,鼓楼区,1,a7413486f29fdae630169b8a
2551,3023,三步两桥七号小区,118.771382,32.078318,江苏省南京市鼓楼区宁夏路三步两桥20号-64号,江苏省,南京市,鼓楼区,1,7280bcdf1410e8b276e5b642
2552,3024,三步两桥5号小区,118.771969,32.078816,南京市鼓楼区三步两桥5号,江苏省,南京市,鼓楼区,1,6bc4166f30db789de5e965ca
2553,3025,水佐岗-23号,118.770451,32.073841,水佐岗23号楼,江苏省,南京市,鼓楼区,1,3d238a5f7564655772455b12
2554,3026,三步两桥-6号,118.772939,32.079356,江苏省南京市鼓楼区三步两桥6号,江苏省,南京市,鼓楼区,1,20ae30b6fcc5ade7246e988c
2555,3027,世贸中心大厦-C幢,118.777046,32.070735,江苏省南京市鼓楼区江苏路60号世贸中心大厦C楼,江苏省,南京市,鼓楼区,1,0f2af59a0a6021606849f3e3
2556,3028,傅佐路小区,118.778979,32.071372,南京市鼓楼区傅佐路苏宁碧瑰园,江苏省,南京市,鼓楼区,1,bb2f5dbe976bf666ab059d10
2557,3029,金建大厦,118.770672,32.077795,南京市鼓楼区水佐岗路64号,江苏省,南京市,鼓楼区,1,1bf85b257307e4a4a0a934a3
2558,3030,南京工业大学虹桥校区宿舍区,118.776518,32.080097,南京市鼓楼区中山北路200-2号,江苏省,南京市,鼓楼区,1,5af1a9e2dbf6fba217b54bbd
2559,3031,天福里-7号,118.77946,32.078949,江苏省南京市鼓楼区天福里7号,江苏省,南京市,鼓楼区,1,2ad09464007a5d561ef74db1
2560,3032,马台街90号小区,118.778659,32.079171,南京市鼓楼区马台街90号,江苏省,南京市,鼓楼区,1,c4fff8dafe58eea032f71d1a
2561,3035,泰顺佳园,118.778001,32.070557,南京市鼓楼区大方巷66号,江苏省,南京市,鼓楼区,1,7524cb4fed075e3405026fa3
2562,3036,苏宁碧瑰园,118.778785,32.070928,南京市鼓楼区傅佐路5号,江苏省,南京市,鼓楼区,1,606289fd79e21f4da30464a3
2563,3037,平安里-76号,118.780427,32.078982,南京市鼓楼区平安里61-20号,江苏省,南京市,鼓楼区,1,a98f5e5a21628bf9f6c59c74
2564,3038,三步两桥20-64号院,118.768773,32.078726,南京市鼓楼区三步两桥20-64号,江苏省,南京市,鼓楼区,1,8baa22b567d77ce34f3a59e0
2565,3039,宁夏路13号院,118.770536,32.071226,南京市鼓楼区宁夏路13号,江苏省,南京市,鼓楼区,1,e254bfe1bc14531e8936eeee
2566,3040,西康路54号-2,118.771693,32.070396,江苏省南京市鼓楼区西康路54号-2,江苏省,南京市,鼓楼区,1,603dde7197acf5c242d63efa
2567,3041,华章新苑,118.78002,32.070601,南京市鼓楼区大方巷26号,江苏省,南京市,鼓楼区,1,7bfa08fc9b9ee07f24d2bba0
2568,3042,琅琊新村,118.770594,32.070612,南京市鼓楼区西康路41号,江苏省,南京市,鼓楼区,1,47e9c2a01444668d7ec87629
2569,3043,模范中路小区,118.771,32.080097,江苏省南京市鼓楼区模范中路南京饭店旁,江苏省,南京市,鼓楼区,1,503dbc211a343dfe0b69d916
2570,3044,12号办公楼,118.785596,32.075499,南京市鼓楼区湖南路14号,江苏省,南京市,鼓楼区,1,9ed463b417acc97da1d23093
2571,3045,华阳大厦,118.784338,32.074876,江苏省南京市鼓楼区湖南路115号,江苏省,南京市,鼓楼区,1,5508504d175202cbc6f025a3
2572,3046,广厦大楼,118.786601,32.074832,南京市鼓楼区裴家桥29号,江苏省,南京市,鼓楼区,1,2a7a25ec01bd3b636d3e1ba3
2573,3047,裴家桥小区,118.785712,32.074215,湖南路107号,江苏省,南京市,鼓楼区,1,34059f979984bb5470455ba3
2574,3048,金狮公寓,118.784598,32.074503,江苏省南京市鼓楼区狮子桥步行街32号,江苏省,南京市,鼓楼区,1,b0fd8b01b2d648ac0e0a7059
2575,3049,湖南路47号大楼,118.787126,32.07492,湖南路47号,江苏省,南京市,鼓楼区,1,5ed4b0cfea63a61249fd3f54
2576,3050,汇鸿国际商厦,118.783414,32.074977,南京市鼓楼区湖南路181号,江苏省,南京市,鼓楼区,1,fa7da3e8b95dd86243d63ea3
2577,3051,童家巷小区,118.784726,32.077346,南京市鼓楼区童家巷40号,江苏省,南京市,鼓楼区,1,907acf9d3eb1145d220220d2
2578,3052,天鹤文云商务大厦,118.787215,32.073557,云南北路83号,江苏省,南京市,鼓楼区,1,3dc9befdff89006bbfa24080
2579,3053,文云小区,118.787955,32.074905,南京市鼓楼区高云岭53号,江苏省,南京市,鼓楼区,1,3d8ece61a90af54729fc48c0
2580,3054,狮子桥-3号,118.784293,32.073231,江苏省南京市鼓楼区狮子桥3号,江苏省,南京市,鼓楼区,1,070a227cc110739f774ff1fa
2581,3055,"高云岭45号前,后楼",118.787795,32.074173,南京市鼓楼区高云岭47-1号,江苏省,南京市,鼓楼区,1,1c8171bc04a5412fbb17e795
2582,3056,湖北路85号综合办公楼,118.783126,32.074417,南京市鼓楼区湖北路85号,江苏省,南京市,鼓楼区,1,923ffd00071fa5b7d82f28a3
2583,3058,和信商务中心,118.788537,32.075736,南京市鼓楼区湖南路6-3和信商务5楼608号,江苏省,南京市,鼓楼区,1,61f634f64af132786a49f3a3
2584,3059,天狮百盛商厦(湖北路店),118.784357,32.072769,南京市鼓楼区湖北路64号,江苏省,南京市,鼓楼区,1,7384d2b10d0ff1ad6b49f3bf
2585,3060,高云岭-51号,118.788229,32.074655,江苏省南京市鼓楼区高云岭51号,江苏省,南京市,鼓楼区,1,e421bba55cc6cd2a03ec0163
2586,3061,平安里-42号,118.782864,32.076862,江苏省南京市鼓楼区平安里42号,江苏省,南京市,鼓楼区,1,519c22931778f61881a12e58
2587,3062,微分商务中心,118.785301,32.07242,江苏省南京市鼓楼区云南北路28号,江苏省,南京市,鼓楼区,1,4a78ef5136dddbcc465726bb
2588,3063,南泰大厦,118.786917,32.073081,南京市鼓楼区云南北路77号,江苏省,南京市,鼓楼区,1,1020060fcb1242a61994c6a3
2589,3064,社会公益创新园,118.787058,32.073063,南京市鼓楼区云南北路79号,江苏省,南京市,鼓楼区,1,e32e6accc7a11574c9fa5fe8
2590,3065,平安里-44号,118.782769,32.076812,南京市鼓楼区平安里44号楼,江苏省,南京市,鼓楼区,1,56b3a513062072512dfaa756
2591,3066,平安里-46号,118.782613,32.076923,南京市鼓楼区平安里46号楼,江苏省,南京市,鼓楼区,1,b5868559033137799c09f76b
2592,3067,狮子桥,118.784593,32.072753,南京市鼓楼区云南北路28号,江苏省,南京市,鼓楼区,1,764672e507cd6fb495ec84e2
2593,3068,中国药科大学-女生宿舍,118.789835,32.077206,南京市鼓楼区童家巷20号-3号,江苏省,南京市,鼓楼区,1,32c4eb6c5f07e63595f08c87
2594,3069,丁家桥小区,118.784237,32.078206,南京市鼓楼区丁家桥26号,江苏省,南京市,鼓楼区,1,008b62611a0b644831f71d33
2595,3070,湖北路87-89小区,118.782165,32.074324,南京市鼓楼区湖北路87-89号,江苏省,南京市,鼓楼区,1,c232517894c9dcc514b54b8c
2596,3071,平安里-1号,118.782306,32.076985,平安里1号楼,江苏省,南京市,鼓楼区,1,beaf793e3231e03b081cc7d4
2597,3072,高云岭-56号,118.789068,32.074513,江苏省南京市鼓楼区高云岭56号,江苏省,南京市,鼓楼区,1,135aad096814310040024516
2598,3073,中国药科大学玄武门校区学生宿舍-7号楼,118.788015,32.078652,南京市鼓楼区童家巷24号中国药科大学玄武门校区,江苏省,南京市,鼓楼区,1,0caadd5bff4a264076e5b611
2599,3074,新泉里小区,118.78403,32.072253,南京市鼓楼区湖北路21号,江苏省,南京市,鼓楼区,1,8fde79ccbf7798bf94ca07a3
2600,3075,平安里-7号,118.781811,32.077069,南京市鼓楼区平安里7号9号11号,江苏省,南京市,鼓楼区,1,dfb14043fb8b3bbb08f5eb66
2601,3076,平安里-9号,118.781843,32.076822,平安里9号楼,江苏省,南京市,鼓楼区,1,2a0a4f2d4b6213fdc16c14ec
2602,3077,高云岭-50号,118.788844,32.073572,南京市鼓楼区高云岭50号楼,江苏省,南京市,鼓楼区,1,98102a3243969f9cf4231096
2603,3079,高云岭-48号,118.788947,32.073619,南京市鼓楼区高云岭48号楼,江苏省,南京市,鼓楼区,1,7184d8e0b2ea5d67223bf2e3
2604,3080,开元大厦,118.784707,32.07191,南京市鼓楼区湖北路3号,江苏省,南京市,鼓楼区,1,b7021bf8b71e7d87f5e73ba0
2605,3081,凤凰广场,118.789559,32.074938,鼓楼区湖南路1号,江苏省,南京市,鼓楼区,1,611e0bfb2aa0041f88b98849
2606,3082,中国药科大学(玄武门校区)学生宿舍-4号楼,118.787684,32.078389,南京市鼓楼区童家巷24号中国药科大学(玄武门校区)学生宿舍4号楼,江苏省,南京市,鼓楼区,1,34efbe623177615ed618b7f9
2607,3083,天星翠琅大厦,118.785879,32.072049,云南北路49号,江苏省,南京市,鼓楼区,1,31ade1ccf7da5cc44d776e81
2608,3085,高云岭-46号,118.788952,32.073272,高云岭46号楼,江苏省,南京市,鼓楼区,1,e613679216fa58a1ae080ff5
2609,3087,中共江苏省委党校,118.766657,32.075138,南京市鼓楼区水佐岗49号,江苏省,南京市,鼓楼区,1,cf8d90c6c38d1dc11f3894b3
2610,3088,中国药科大学(玄武门校区)学生宿舍-5号楼,118.787775,32.078644,江苏省南京市鼓楼区童家巷24号中国药科大学玄武门校区,江苏省,南京市,鼓楼区,1,aa85bcd8b15db2a46f3e1b0c
2611,3089,高云岭小区17号楼,118.788946,32.069485,南京市鼓楼区厚载巷厚载巷38号,江苏省,南京市,鼓楼区,1,509aef423cabf7c10bccddd7
2612,3090,东南大学附属中大医院-住院部,118.782358,32.079008,丁家桥87号,江苏省,南京市,鼓楼区,1,52470d1935eb1109ab175ad5
2613,3091,建伟大厦,118.781292,32.073688,南京市鼓楼区中山北路86号中央商场F1,江苏省,南京市,鼓楼区,1,7c5e480b5d91b8b4acb22aa3
2614,3092,青云巷社区,118.786939,32.071802,江苏省南京市鼓楼区云南北路青云巷31号,江苏省,南京市,鼓楼区,1,ac1d0f21ca08f512bca24059
2615,3094,建伟大厦-B座,118.781153,32.073885,南京市鼓楼区中山北路88号建伟大厦,江苏省,南京市,鼓楼区,1,f59f5ebe0cd291ec223bf22d
2616,3095,凤凰广场-A楼,118.790036,32.074579,南京市鼓楼区湖南路1号,江苏省,南京市,鼓楼区,1,dfc496b689b78ad28836ee82
2617,3096,江苏省家具业协会,118.784273,32.071521,中山北路34号江苏中江种业大厦3楼,江苏省,南京市,鼓楼区,1,51c16ca00e158adec27da2c8
2618,3097,童家巷大院,118.788955,32.078169,江苏省南京市鼓楼区童家巷12号,江苏省,南京市,鼓楼区,1,b8df37d851259f25a21de93f
2619,3098,凤凰广场-C楼,118.790112,32.07522,南京市鼓楼区中央路165号凤凰广场C楼,江苏省,南京市,鼓楼区,1,9ee392b8f2f6f63fbabd63ba
2620,3099,青云巷社区-1号3号5号小区,118.788512,32.072406,江苏省南京市鼓楼区青云巷31号青云巷小区,江苏省,南京市,鼓楼区,1,69fcd6df5bfab652cb2915a0
2621,3100,青云巷小区,118.78695,32.071781,江苏省南京市鼓楼区云南北路青云巷31号,江苏省,南京市,鼓楼区,1,882e97e97255baee15b54bfb
2622,3102,出版大厦,118.790315,32.075282,南京市鼓楼区中央路165号,江苏省,南京市,鼓楼区,1,0a46dc0f6b9d0e5e316212a3
2623,3103,勤益里,118.781182,32.074368,江苏省南京市鼓楼区湖南路100号湖南路商场附近(近中山北路),江苏省,南京市,鼓楼区,1,5e514700ed95361e167643df
2624,3105,湖北路42号院,118.786157,32.07135,南京市鼓楼区湖北路42号,江苏省,南京市,鼓楼区,1,0dba8510d302e0b12bd7ab78
2625,3106,金茂广场-南塔写字楼,118.789411,32.078233,江苏省南京市鼓楼区童家巷10号,江苏省,南京市,鼓楼区,1,244fa2781c493916028972ce
2626,3107,高云岭-30号,118.789171,32.072287,南京市鼓楼区高云岭30号楼,江苏省,南京市,鼓楼区,1,69963644d64f348ff4b91658
2627,3108,青教公寓,118.783757,32.079727,南京市鼓楼区丁家桥89号东南大学丁家桥校区内,江苏省,南京市,鼓楼区,1,f5d8f97e260ec000ca09f00d
2628,3109,江苏议事园大厦,118.78247,32.071342,南京市鼓楼区中山北路95号,江苏省,南京市,鼓楼区,1,5b25f4468f59b1ea112935a3
2629,3110,傅厚岗-6号,118.79148,32.071281,江苏省南京市玄武区傅厚岗6号,江苏省,南京市,玄武区,1,a390bc369d3ef1da80a00c91
2630,3111,马家街小区,118.788518,32.07948,南京市鼓楼区马家街43巷15-4号,江苏省,南京市,鼓楼区,1,81ed3bf35cbb1c1e4e5547e8
2631,3112,傅厚岗-28号,118.788859,32.07174,南京市鼓楼区高云岭村9号303室,江苏省,南京市,鼓楼区,1,b09dc5fa364ccf83ed74f894
2632,3113,高云岭-5号,118.789401,32.072009,江苏省南京市鼓楼区高云岭5号,江苏省,南京市,鼓楼区,1,02313f3a6451c3d149fd3fda
2633,3114,中山北路101大院,118.781418,32.071875,南京市鼓楼区中山北路101号,江苏省,南京市,鼓楼区,1,cf7408e8907f17af2902e120
2634,3116,平安里-74号,118.78141,32.078833,江苏省南京市鼓楼区平安里74号,江苏省,南京市,鼓楼区,1,ed1481023ee1cdbbf02d835a
2635,3117,平安公寓,118.781111,32.078504,南京市鼓楼区平安里70-72号,江苏省,南京市,鼓楼区,1,c1653405b6d65c79aa175aa3
2636,3118,傅厚岗小区-31号院,118.787665,32.070704,南京市鼓楼区傅厚岗31号,江苏省,南京市,鼓楼区,1,24837af14491479d7069d33a
2637,3119,怡景公寓,118.789508,32.079073,南京市鼓楼区中央路201号金茂广场北塔,江苏省,南京市,鼓楼区,1,d8f395693c17ac7fe812e486
2638,3120,傅厚岗小区,118.788436,32.070797,江苏省南京市鼓楼区傅厚岗24号,江苏省,南京市,鼓楼区,1,07d37b839d5f3f5c76e5b64e
2639,3121,傅厚岗-29号,118.788256,32.070833,南京市鼓楼区傅厚岗29号楼,江苏省,南京市,鼓楼区,1,21a15544f8f4ce2adc1e526d
2640,3122,新联创业园软件楼,118.780837,32.078745,平安里74号,江苏省,南京市,鼓楼区,1,bfd0643f2ba005b816b54bbf
2641,3123,华安新村,118.781933,32.070931,南京市鼓楼区大方巷4号,江苏省,南京市,鼓楼区,1,b9820870490db126dbd8911e
2642,3124,波波魔火大厦,118.780802,32.078787,南京市鼓楼区平安里74号,江苏省,南京市,鼓楼区,1,cff2bddb1576875ac4f02579
2643,3125,傅厚岗-26号,118.789399,32.071325,江苏省南京市鼓楼区傅厚岗26号,江苏省,南京市,鼓楼区,1,0655227094bacd06f33cba5b
2644,3126,玄武湖金茂广场-2期,118.788984,32.079858,南京市鼓楼区马家街31号,江苏省,南京市,鼓楼区,1,c6a59dd4f79a39a24e2fdf49
2645,3127,乾宁公寓,118.788098,32.080269,南京市鼓楼区马家街28号,江苏省,南京市,鼓楼区,1,750ec1651e44722b4d3a59a3
2646,3128,御景华府(马家街),118.789847,32.079686,江苏省南京市鼓楼区中央路201号金茂广场北塔,江苏省,南京市,鼓楼区,1,d2a4e0918503e4357c29bd2d
2647,3129,傅厚岗-19号,118.789083,32.070843,南京市鼓楼区傅厚岗19号楼,江苏省,南京市,鼓楼区,1,585143e858d16a9c22026274
2648,3131,南京国际广场-北塔,118.789756,32.07982,南京市鼓楼区中央路201号,江苏省,南京市,鼓楼区,1,c3b6cddcbda6b27b13293547
2649,3132,宁乐新苑,118.780704,32.07108,南京市鼓楼区大方巷18号,江苏省,南京市,鼓楼区,1,b1c556e8aafba60cb52655a3
2650,3133,高云岭-29号,118.788986,32.070487,江苏省南京市鼓楼区高云岭29号,江苏省,南京市,鼓楼区,1,41035cf5843bfb4f441a3203
2651,3134,玄武门,118.790617,32.076336,地铁1号线,江苏省,南京市,鼓楼区,1,fa95183a16104a0cb54f54ec
2652,3135,百盛国际大厦,118.790092,32.080464,南京市鼓楼区中央路233号,江苏省,南京市,鼓楼区,1,34f68ab0726f690b8f55ec34
2653,3136,百子亭后小区,118.793538,32.07333,南京市玄武区百子亭后49号,江苏省,南京市,玄武区,1,3a0fbba8007c33419ee321ec
2654,3137,百子亭-42号,118.792154,32.074322,江苏省南京市玄武区百子亭42号,江苏省,南京市,玄武区,1,3a9e9a47caa7bd42102935cc
2655,3138,昆仑路,118.794417,32.072026,江苏省南京市玄武区,江苏省,南京市,玄武区,0,ae914bff85250abeb65f1e28
2656,3139,百子亭-2号,118.793681,32.071935,江苏省南京市玄武区百子亭2号,江苏省,南京市,玄武区,1,9566b215f9751b0204026f06
2657,3140,玄武湖公园-宿舍,118.795135,32.07137,南京市玄武区北西家大塘36-38号,江苏省,南京市,玄武区,1,a7c4a91b90f57a764107c160
2658,3141,大树根小区,118.792491,32.078782,中央路256号,江苏省,南京市,玄武区,1,664b1ecbe52680179a005044
2659,3142,万和尊邸,118.790955,32.073728,江苏省南京市玄武区中央路70号,江苏省,南京市,玄武区,1,519b2a8a9fe0565e59bbbc08
2660,3143,百子亭-19号,118.791938,32.072305,江苏省南京市玄武区百子亭19号,江苏省,南京市,玄武区,1,6f6b7342e6899a914354d74a
2661,3144,百子亭-10号,118.793146,32.071408,南京市玄武区百子亭与天山路交叉路口向西约50米,江苏省,南京市,玄武区,1,4557756dcfe879ad223bf265
2662,3145,百新大厦,118.79288,32.071424,南京市玄武区百子亭6号,江苏省,南京市,玄武区,1,be54cde90433d85878f796ec
2663,3146,百子亭-8号,118.792739,32.071402,江苏省南京市玄武区百子亭8号,江苏省,南京市,玄武区,1,50a5b5ff4aa9bfc33913fdc0
2664,3147,省军招综合楼B楼,118.79446,32.069911,南京市玄武区高楼门62号,江苏省,南京市,玄武区,1,03aead0a3e26d1944bcc4a4d
2665,3149,富昇大厦,118.791993,32.070878,玄武区福建路傅厚岗5号,江苏省,南京市,玄武区,1,be54cde9dceda05979f796ba
2666,3151,高楼门69号,118.792352,32.070572,江苏省南京市玄武区高楼门69号,江苏省,南京市,玄武区,1,c5a2fdc1440d7598aecb66eb
2667,3152,傅厚岗-11号,118.790932,32.070713,傅厚岗11号,江苏省,南京市,玄武区,1,f9e31c94ce8f703d2afc4803
2668,3153,傅厚岗-7号,118.79093,32.070673,傅厚岗7号,江苏省,南京市,玄武区,1,9ebc32f1209c2ae5deee8ba2
2669,3154,仟佰间房产(西康路店),118.771042,32.064148,江苏省南京市鼓楼区西康路24号,江苏省,南京市,鼓楼区,1,20efa76673c852edbe4842bb
2670,3155,金思维大厦-3号楼,118.820069,32.07779,南京市玄武区龙蟠路173号金思维大厦3号楼,江苏省,南京市,玄武区,1,1bb79451329bf851b320a8f0
2671,3156,盛世华庭,118.817956,32.077289,南京市玄武区龙蟠路98号,江苏省,南京市,玄武区,1,637df60aa319bf7240afe6ec
2672,3157,公用金卡大厦,118.818502,32.079814,江苏省南京市玄武区龙蟠路167号,江苏省,南京市,玄武区,1,c8b5cdefb42b7303130daaec
2673,3158,金思维大厦,118.820137,32.078254,南京市玄武区龙蟠路173号;锁金村76号,江苏省,南京市,玄武区,1,43b7e889a9b16d6a58f6beec
2674,3160,锁金六村,118.825418,32.075789,南京市玄武区板仓街4号,江苏省,南京市,玄武区,1,72aa2513c83ddf47077ce8ec
2675,3161,紫鑫城,118.825655,32.07398,南京市玄武区板仓街9号,江苏省,南京市,玄武区,1,ea4a3dc97aac8f374f5547aa
2676,3162,南京电影制片厂宿舍-8幢,118.823583,32.076644,锁金南路南京市锁金新村第一小学,江苏省,南京市,玄武区,1,0a647547b14051f0220220e1
2677,3164,新世界花园(板仓街),118.825354,32.072807,南京市玄武区板仓街3号,江苏省,南京市,玄武区,1,161a0ed2c4e12b505cd4feec
2678,3165,锁金村-68号院,118.823149,32.077212,锁金村街道68号,江苏省,南京市,玄武区,1,2a4cc6fea1d7eee7a0d23026
2679,3166,锁金村5号小区,118.822495,32.074845,南京市玄武区锁金村5号,江苏省,南京市,玄武区,1,4cceb3c3535f1d0bc26c14f0
2680,3168,板仓街49号小区,118.828781,32.075952,南京市玄武区板仓街49号,江苏省,南京市,玄武区,1,64773f8b6a3cd2e74151c04c
2681,3169,锁金村-4号小区,118.822494,32.073915,南京市玄武区龙蟠路187-2号,江苏省,南京市,玄武区,1,fff3a6693111e3aefd0eb02e
2682,3170,无庶,118.821576,32.075805,锁金村9号,江苏省,南京市,玄武区,1,ea0ba7235304d4ec16764337
2683,3171,锁二社区(锁金南路),118.822023,32.077298,南京市玄武区锁金南路锁金一村,江苏省,南京市,玄武区,1,d7fbafe58730d4fd52e5c592
2684,3172,锁金村4-1号院,118.821598,32.074025,江苏省南京市玄武区锁金村4-1号,江苏省,南京市,玄武区,1,330900ff29d53c1edf1e5202
2685,3173,锁金一村,118.821509,32.077386,江苏省南京市玄武区龙蟠路177号-28号,江苏省,南京市,玄武区,1,00f1c7fb46cd5e62c056ac6c
2686,3174,锁一社区,118.825667,32.07624,江苏省南京市玄武区玄武湖锁金中路与锁金南路交叉口西南100米,江苏省,南京市,玄武区,1,182ca6fde39c58bd49fc8d4e
2687,3175,板仓街57号,118.829625,32.076994,南京市玄武区板仓街55号附近,江苏省,南京市,玄武区,1,2124040009633d232911d160
2688,3176,东南大学公寓,118.821824,32.078766,江苏省南京市玄武区锁金南路8号141室,江苏省,南京市,玄武区,1,4ff96dabb0a34fbcb35c6a91
2689,3177,南师大板仓校园学生公寓-1幢,118.829029,32.078294,江苏省南京市玄武区南京师范大学紫金校区学生公寓1幢,江苏省,南京市,玄武区,1,d00f60ca231d443aa8175a99
2690,3178,南师大板仓校园学生公寓-2幢,118.82886,32.078604,江苏省南京市玄武区板仓街78号南京师范大学紫金校区,江苏省,南京市,玄武区,1,52b63d5eaacd73f81811d503
2691,3179,锁金四村,118.823144,32.079423,南京市玄武区锁金中路,江苏省,南京市,玄武区,1,dfc496b6cc5ec9af8936eeec
2692,3181,女生公寓,118.829062,32.078767,南京市玄武区板仓街78号,江苏省,南京市,玄武区,1,2addffb7e6be6a8945e274d8
2693,3182,南京师范大学紫金校区26幢学生公寓,118.829293,32.078582,江苏省南京市玄武区锁金村街道板仓街78号南京师范大学紫金校区,江苏省,南京市,玄武区,1,169b3e12955014e652e5c59f
2694,3183,南京师范大学(紫金校区)学生公寓-27幢,118.82925,32.07802,南京市玄武区板仓街78号南京师范大学紫金校区,江苏省,南京市,玄武区,1,b092f2db9e8ba4b09d9d6896
2695,3184,南京师范大学紫金校区教工宿舍,118.827371,32.079919,南京市玄武区锁金村街道板仓街78号,江苏省,南京市,玄武区,1,cca3e1df0553933131870a6e
2696,3185,岗子村63号,118.824487,32.070144,南京市玄武区北安门街与新影巷交叉路口往东南约150米,江苏省,南京市,玄武区,1,08db7e2ad702f28fca1b9522
2697,3186,板仓校园教工宿舍-6幢,118.828052,32.079772,南京市玄武区板仓街78号南京师范大学紫金校区,江苏省,南京市,玄武区,1,5aaf7a3775fab121d2f49ef0
2698,3187,锁金二村,118.821054,32.07902,锁金北路锁金二村,江苏省,南京市,玄武区,1,6deee3085773761728fc48a0
2699,3188,板仓校园教工宿舍-2幢,118.828687,32.079505,南京市玄武区板仓街南京师范大学(紫金校区),江苏省,南京市,玄武区,1,149ab0113e51172c7069d382
2700,3189,钟麓花园,118.830474,32.079753,江苏省南京市玄武区板仓街100号,江苏省,南京市,玄武区,1,e96b4420acb29e5982288aec
2701,3190,蔬科大厦,118.821802,32.073724,南京市玄武区龙蟠路189号,江苏省,南京市,玄武区,1,ffd6d4035746598f17b54bef
2702,3191,板仓街49号院-西二门,118.828392,32.076541,南京市玄武区板仓街49号,江苏省,南京市,玄武区,1,c7a0554b39b6fe6d0b69d9e7
2703,3192,南大山公寓门卫,118.828066,32.082471,南京市玄武区园丁路南大山公寓,江苏省,南京市,玄武区,1,bc3a3fbcd8c48582354aaedb
2704,3193,南京邮电大学(锁金校区)-西门,118.82011,32.076426,南京市玄武区龙蟠路177号,江苏省,南京市,玄武区,1,3abbec525520956326e0a070
2705,3195,板仓街109号小区,118.831367,32.076965,南京市玄武区板仓街板仓街49号小区东北侧约160米,江苏省,南京市,玄武区,1,57140fa81f090e83f942b293
2706,3196,观山阁,118.831302,32.079557,南京市玄武区板仓街102-2号,江苏省,南京市,玄武区,1,89d290c106c5206031870aef
2707,3198,欧异大楼,118.897902,32.075241,南京市栖霞区黄马路6号,江苏省,南京市,栖霞区,1,445f82db85507b33374aae49
2708,3199,钟山高尔夫别墅B片区,118.893393,32.070857,南京市栖霞区环陵路9号,江苏省,南京市,栖霞区,1,d0c79360c3288ec603ff2db5
2709,3200,科技创业园商务楼,118.903935,32.077725,南京市栖霞区青马路2号,江苏省,南京市,栖霞区,1,8e0e4e235a2d500209b93a18
2710,3201,正祺公寓,118.905573,32.071592,南京市栖霞区金马路2-8号,江苏省,南京市,栖霞区,1,3d7407117499ba62f50e7710
2711,3202,马群321人才大厦,118.903645,32.076275,江苏省南京市栖霞区仙林大道18号,江苏省,南京市,栖霞区,1,28a4d355ae1491292b3a9fa5
2712,3204,紫金·上林苑,118.917013,32.071728,南京市栖霞区金马路16号(公交车站),江苏省,南京市,栖霞区,1,9c9b72ce3608cf2b2cb96dfa
2713,3205,世茂招商语山,118.913644,32.071341,马群街道金马路14号,江苏省,南京市,栖霞区,1,f42e7463ce90df79c16c1434
2714,3206,钟山美庐,118.92094,32.072381,南京市栖霞区紫金山东麓金马路18号(沪宁高速与金马路交汇处),江苏省,南京市,栖霞区,1,821d4dd88a28248781288a62
2715,3207,上庄190号,118.929262,32.080159,江苏省南京市江宁区上庄190号,江苏省,南京市,江宁区,1,6350c579e83e268808a8d41c
2716,3208,上庄192号,118.929888,32.08055,江苏省南京市江宁区上庄192号,江苏省,南京市,江宁区,1,c785472393a59c31c42ba1f8
2717,3209,上庄188号,118.929064,32.080595,江苏省南京市江宁区上庄188号,江苏省,南京市,江宁区,1,ae2936e41e2b3308c16c14c1
2718,3210,东山下-23号,118.940174,32.07262,江苏省南京市江宁区东山下23号,江苏省,南京市,江宁区,1,1ce776f1ab12d55125d2bbd7
2719,3211,东山下-888号,118.939988,32.075188,江苏省南京市江宁区东山下888号,江苏省,南京市,江宁区,1,bdd4b48765be13231df74d7e
2720,3214,东山下-5号,118.940037,32.072285,江苏省南京市江宁区东山下5号,江苏省,南京市,江宁区,1,a91065030a60bf07e7e96541
2721,3215,东山下-12号,118.93892,32.071862,江苏省南京市江宁区东山下12号,江苏省,南京市,江宁区,1,d9059afaeee153a6471a32d4
2722,3216,小李家,118.931903,32.080035,南京市江宁区,江苏省,南京市,江宁区,1,d4034eb3a2b507f6c036441e
2723,3217,马家桥-61号,118.946438,32.076938,江苏省南京市江宁区麒麟街道龙其线马家桥14号附近,江苏省,南京市,江宁区,1,df4dc0dd1f34d02e1d1d113b
2724,3218,群盛北江豪庭,118.61839,32.06039,江苏省南京市浦口区江浦街道雨山西路89号,江苏省,南京市,浦口区,1,be185991759ee8f64354d7dd
2725,3219,雨山美地,118.613353,32.061977,区江浦街道雨山西路95号(江浦街道环城西路西侧),江苏省,南京市,浦口区,1,bff8fa7d6fcd9bddc9213dba
2726,3221,群盛北江豪庭-北门,118.61552,32.061334,南京市浦口区雨山西路89号,江苏省,南京市,浦口区,1,5212ec57a93b37673ce231fe
2727,3222,群盛北江豪庭-东2门,118.619338,32.06076,南京市浦口区雨山西路89号,江苏省,南京市,浦口区,1,2abebabf6ba2ab08f4eafc72
2728,3224,雨山美地-东门,118.615735,32.062584,南京市浦口区雨山西路95号附近,江苏省,南京市,浦口区,1,a1b2e0875bec8d85b04c4916
2729,3226,文昌苑(文昌路),118.630109,32.063539,文昌路17-18号附近,江苏省,南京市,浦口区,1,21323af6fc5f8998b7147f56
2730,3227,雨山新村,118.626994,32.062821,江苏省南京市浦口区文昌路38号,江苏省,南京市,浦口区,1,a74481d6a9ed9746f503b8fd
2731,3228,北门新村小区-6栋,118.629153,32.063896,江苏省南京市浦口区北门新村小区6栋,江苏省,南京市,浦口区,1,6093833163c183e2e5e96511
2732,3229,中圣街小区,118.632728,32.060754,南京市浦口区中圣街21号,江苏省,南京市,浦口区,1,cc98201b2eec970c81288a9f
2733,3230,红叶小区,118.629849,32.063451,南京市浦口区江浦街道文昌路29号(公交车站),江苏省,南京市,浦口区,1,6ffb566f74d4595626e0a0c4
2734,3231,南江新寓,118.627787,32.063915,南京市浦口区江浦街道中圣北街3号,江苏省,南京市,浦口区,1,08fc93df052734919b68b4fd
2735,3232,花园,118.628905,32.055969,江苏省南京市浦口区张墩路,江苏省,南京市,浦口区,1,34e48508f60e04e2d8d891f1
2736,3233,南江新寓北区-北门,118.626758,32.065419,江苏省南京市浦口区江浦街道中圣北街3号,江苏省,南京市,浦口区,1,11f756b90c2084850c0a7089
2737,3234,雨山新村-北门,118.626596,32.063438,南京市浦口区文昌路38-44号附近,江苏省,南京市,浦口区,1,5894738988c9212fb64f5455
2738,3235,江城人家-南门,118.630509,32.069649,江苏省南京市浦口区城运路江城人家南门(象山花园旁),江苏省,南京市,浦口区,1,039c55704db2e21280288a6e
2739,3236,金水岸花园(河滨路),118.636121,32.064039,南京市浦口区文德路5号,江苏省,南京市,浦口区,1,64d23109540d3a1a95ca077a
2740,3237,二条巷小区-6栋,118.633714,32.064129,江苏省南京市浦口区二条巷6栋,江苏省,南京市,浦口区,1,e964cb4d2fca0608c42ba1e0
2741,3238,文德巷1号,118.63429,32.063209,南京市浦口区文德巷1号,江苏省,南京市,浦口区,1,84a2f887c43755fe9403196f
2742,3239,怡园巷50号-2幢,118.635785,32.062954,江苏省南京市浦口区怡园巷50号2幢(南京市浦口区政府东南),江苏省,南京市,浦口区,1,fb73b3373f6f10694051c080
2743,3240,浦口公安局宿舍,118.63266,32.066153,南京市浦口区文昌路文昌路小区,江苏省,南京市,浦口区,1,93f7f234c48044f8e856fa33
2744,3241,鼎业国际花园-二期,118.637355,32.067734,南京市浦口区江浦街道文德东路24号,江苏省,南京市,浦口区,1,5e677bf1c3f022d275e5b6b7
2745,3242,烈士塔社区,118.62768,32.06603,二条巷与文昌路交叉口北50米,江苏省,南京市,浦口区,1,d0bfa0a5c4b4d0f21b11d5e3
2746,3243,城市花园,118.637458,32.061848,江苏省南京市浦口区河滨路55号,江苏省,南京市,浦口区,1,9ee7cc7835e4f00d17c905a1
2747,3244,天凤国际,118.634473,32.061452,江苏省南京市浦口区凤凰台路1号,江苏省,南京市,浦口区,1,c43c89f9a2b9dc49afee7af5
2748,3245,鑫海新寓,118.634146,32.068484,南京市浦口区文昌路2号,江苏省,南京市,浦口区,1,10ca5dfe89c831b7c62ba171
2749,3246,环岛公寓,118.636083,32.068757,南京市浦口区公园北路19号,江苏省,南京市,浦口区,1,78bd50f78ba2725b31870afc
2750,3247,凤凰花园,118.631285,32.066484,南京市浦口区江浦街道文昌路10号,江苏省,南京市,浦口区,1,aa49ad7a1576f704fb221346
2751,3248,东门新村,118.639899,32.066055,南京市浦口区同心路3号,江苏省,南京市,浦口区,1,5aa9b124fb8eb474d5b74e14
2752,3249,凡星新寓,118.630794,32.064154,南京市浦口区中圣街8号,江苏省,南京市,浦口区,1,741282d11cafa8fe2de67b47
2753,3250,公教村,118.632559,32.068705,南京市浦口区公园北路22号,江苏省,南京市,浦口区,1,c1717ae8a44b49cad1f49e8d
2754,3251,恒信·缔景名苑,118.638798,32.062026,南京市浦口区珠泉路10号,江苏省,南京市,浦口区,1,8fde79ccbed299bf95ca07fc
2755,3252,鼎业国际花园-一期,118.639906,32.068133,江苏省南京市浦口区文德东路17号,江苏省,南京市,浦口区,1,fcf3abb7c8895b0a21f0175e
2756,3254,供电局小区,118.633757,32.060083,南京市浦口区中圣南街80号,江苏省,南京市,浦口区,1,9c459f62695929d9fca778b5
2757,3255,象山花园,118.632309,32.069678,南京市浦口区公园北路26号,江苏省,南京市,浦口区,1,91c13f935232e6fa21f017fc
2758,3256,南京市浦口区市场监督管理局江浦分局-西门,118.639222,32.068212,江苏省南京市浦口区文德东路17鼎业国际花园-一期,江苏省,南京市,浦口区,1,3b437502df0bef339e95de69
2759,3257,浦口文化大楼,118.633624,32.062506,南京市浦口区凤凰大街3-2号,江苏省,南京市,浦口区,1,c5ddcc082544c6c6d81318fc
2760,3258,烟草大厦,118.631192,32.065617,南京市浦口区凤凰大街18号,江苏省,南京市,浦口区,1,43b7e889a9a06d6a58f6befd
2761,3259,鼎业国际花园-三期,118.637634,32.06422,南京市浦口区河滨路41号,江苏省,南京市,浦口区,1,88dbb43e806aabe672455b1b
2762,3260,鼎峰文化大厦,118.631785,32.064903,南京市浦口区凤凰大街10-1号,江苏省,南京市,浦口区,1,db872bfc4ecae846b0077d9a
2763,3261,劳动大厦,118.64423,32.069341,江浦街道珠江路5号,江苏省,南京市,浦口区,1,cc0849a0419ec950940319fc
2764,3262,珠泉花园,118.6422,32.065325,南京市浦口区同心路1号,江苏省,南京市,浦口区,1,0adce3e2a316db1d80a00c11
2765,3263,盛景华庭-北苑,118.646421,32.062062,南京市浦口区新浦路126号,江苏省,南京市,浦口区,1,becb8f0c3b8c85f21de999bb
2766,3264,鼎业花苑,118.641483,32.060604,江苏省南京市浦口区珠泉路15号,江苏省,南京市,浦口区,1,1de862bb7af2afaf9b68b471
2767,3265,环宇家园,118.642668,32.068105,南京市浦口区珠江路18号,江苏省,南京市,浦口区,1,3a0a78bd0b133dfa631809fc
2768,3266,浦珠花园,118.643311,32.064303,江苏省南京市浦口区珠泉路1栋-9号,江苏省,南京市,浦口区,1,37d60a46bfebe6601e1d11fc
2769,3267,盛景华庭-南苑,118.649247,32.060935,南京市浦口区新浦路127号,江苏省,南京市,浦口区,1,215b9252127b8aeca6da39d3
2770,3268,康盛路,118.649374,32.059106,江苏省南京市浦口区,江苏省,南京市,浦口区,0,d943b276e7bc47605af6beff
2771,3269,越宁地产大厦,118.642278,32.062539,南京市浦口区珠泉路11号,江苏省,南京市,浦口区,1,ce12a71ca8c453d78bdb732d
2772,3270,盛景华庭,118.648927,32.061084,南京市浦口区新浦路127号,江苏省,南京市,浦口区,1,d0c0ce4d9217eda42cb908bb
2773,3271,同心佳园,118.647079,32.065013,南京市浦口区新浦路122号,江苏省,南京市,浦口区,1,33a5d3b19eba4d062efaa7c8
2774,3272,浦珠花园-北区,118.644004,32.065624,南京市浦口区珠泉路浦珠花园,江苏省,南京市,浦口区,1,7ff951a60c2afe1342d63e8a
2775,3275,圣源居小区,118.642557,32.06204,南京市浦口区珠泉路9号,江苏省,南京市,浦口区,1,3f9337d66ea230b3f72310fc
2776,3277,浦珠花园-西北1门,118.642383,32.063851,南京市浦口区珠泉路3号,江苏省,南京市,浦口区,1,4b8282c996ebbbce843304cb
2777,3278,力标集团,118.61927,32.060625,南京市浦口区雨山西路群盛北江豪庭,江苏省,南京市,浦口区,1,c6ad317ecd120e758a36ee0d
2778,3279,城南新村,118.651471,32.06339,新浦路125号,江苏省,南京市,浦口区,1,90bae60b37b75f388bf15d9a
2779,3280,中国铁建江佑铂庭,118.655091,32.068385,南京市浦口区新浦路105号,江苏省,南京市,浦口区,1,d3818375950cea1f3586f402
2780,3282,中建国·熙·台,118.653626,32.065947,江苏省南京市浦口区新浦路111号,江苏省,南京市,浦口区,1,b58d17496da720f240afe6e6
2781,3283,城南新村-北2门,118.651498,32.065128,南京市浦口区江浦街道珠泉东路浦珠花园3162栋南京宁珠传媒广告有限公司附近,江苏省,南京市,浦口区,1,0dfc824ec2a3ee2f95ca073a
2782,3284,明发财富中心,118.665952,32.069139,江苏省南京市浦口区浦口大道6号,江苏省,南京市,浦口区,1,1989b0439e1e9176f7eafc0f
2783,3285,东方·万汇城南区2期,118.662604,32.067417,南京市浦口区万汇城地铁站3号口西南200米,江苏省,南京市,浦口区,1,cf479591b90d8b99c909f025
2784,3286,万汇城-南区,118.661666,32.067347,南京市浦口区浦口大道(万汇城地铁站南侧),江苏省,南京市,浦口区,1,ca5c6f8e5aab63563a13fdad
2785,3287,雅居乐滨江国际,118.676864,32.069751,浦口区天浦路96号,江苏省,南京市,浦口区,1,2b7c7f3ce5e0b2a0a1d23000
2786,3288,正荣·润江城,118.680374,32.064957,江苏省南京市浦口区镇南河路99号,江苏省,南京市,浦口区,1,efc0aa26bf557154081cc789
2787,3290,雅居乐·滨江国际西区,118.675878,32.07045,南京市浦口区天浦路96号,江苏省,南京市,浦口区,1,521179daab0899cc5dd4fe0c
2788,3291,正荣·润江城1期,118.680128,32.065226,南京市浦口区天浦路正荣润江城,江苏省,南京市,浦口区,1,cdf0cb8ea34a1e7746e274a7
2789,3293,甲壳虫公寓(龙江店),118.737957,32.062872,南京市鼓楼区草场门大街147号,江苏省,南京市,鼓楼区,1,577927f9c77f16804002454e
2790,3294,银城·宝船听涛,118.739063,32.064539,南京市鼓楼区草场门大街288号,江苏省,南京市,鼓楼区,1,59fc435afc12818008f5eb92
2791,3295,江苏教育报刊总社A楼,118.739294,32.063034,南京市鼓楼区草场门大街133号,江苏省,南京市,鼓楼区,1,69fcd6dfa885252dca29155f
2792,3296,华保新寓,118.73772,32.062029,南京市鼓楼区草场门大街147号,江苏省,南京市,鼓楼区,1,d1469ee71603e56384330464
2793,3297,高教新村,118.740205,32.062849,南京市鼓楼区草场门大街137号,江苏省,南京市,鼓楼区,1,53349ee3a387eb6e230262a1
2794,3298,金湾花园(中保街),118.740057,32.061841,南京市鼓楼区中保街1号,江苏省,南京市,鼓楼区,1,1eeed54600c73ff2b4147fa1
2795,3299,江滨新寓,118.737533,32.059876,南京市鼓楼区银城街,江苏省,南京市,鼓楼区,1,08f1f1f58afa11ca89db73a1
2796,3300,海德卫城,118.739544,32.068738,江苏省南京市鼓楼区定淮门大街99号(南邻宝船公园),江苏省,南京市,鼓楼区,1,d5464cf89971a557fca778a1
2797,3301,江景园(银城街),118.739026,32.060244,江苏省南京市鼓楼区草场门大街147号,江苏省,南京市,鼓楼区,1,803708f1b0ca2779008972a1
2798,3302,辰龙新境界商业,118.740412,32.060118,南京市鼓楼区锦江路82号,江苏省,南京市,鼓楼区,1,59b25ad1159b67a21d5800c8
2799,3303,辰龙雅苑,118.740115,32.060568,江苏省南京市鼓楼区沅江路62号,江苏省,南京市,鼓楼区,1,878394195fb6cfa5b05c6a41
2800,3304,滨江公寓,118.745498,32.065147,南京市鼓楼区江东北路307号,江苏省,南京市,鼓楼区,1,935f649f3527503bb6147fbd
2801,3306,滨江广场,118.745361,32.064163,江东北路301号,江苏省,南京市,鼓楼区,1,ad1bb6dc7cceefe1a7c7564c
2802,3307,农业检测中心大楼,118.744683,32.063993,江苏省南京市鼓楼区草场门大街124号,江苏省,南京市,鼓楼区,1,2e7eddcf0c104e9e3b221c60
2803,3308,阅景龙江国际公寓,118.745595,32.06535,南京市鼓楼区江东北路311号,江苏省,南京市,鼓楼区,1,60836680b4245c9e49fd3fe7
2804,3309,宁工新寓-二村,118.743903,32.065386,南京市鼓楼区草场门大街128号,江苏省,南京市,鼓楼区,1,91c13f9353e9e7fa20f017a1
2805,3310,草场门大街123号大院,118.742271,32.062903,江苏省南京市鼓楼区草场门大街123号,江苏省,南京市,鼓楼区,1,947e2821d0d022c8077ce80e
2806,3311,金盛郑和国际广场,118.744931,32.066955,江苏省南京市鼓楼区江东北路319号,江苏省,南京市,鼓楼区,1,14a07183a940835129fc4837
2807,3312,龙江大厦(草场门大街),118.744762,32.063395,南京市鼓楼区北京西路草场门大街107号,江苏省,南京市,鼓楼区,1,eb3675036beddf0200ec0120
2808,3313,文荟大厦,118.746948,32.063184,南京市鼓楼区草场门大街101号,江苏省,南京市,鼓楼区,1,87248d960f63b8b32906cea1
2809,3314,力导大厦,118.748385,32.064195,江苏省南京市鼓楼区草场门大街98号,江苏省,南京市,鼓楼区,1,550fd5f9a6314a79921fc9a1
2810,3315,新城市花园,118.748162,32.064448,南京市鼓楼区草场门大街100号,江苏省,南京市,鼓楼区,1,eb367503de0f6a6601ec01a1
2811,3316,梁溪楼,118.742556,32.065186,南京市鼓楼区江东街道漓江路51号,江苏省,南京市,鼓楼区,1,c5576572f8ff4a4eb23c81be
2812,3317,阳光金峰阁,118.746952,32.06252,江苏省南京市鼓楼区江东北路300号,江苏省,南京市,鼓楼区,1,b96255180839639de60738a8
2813,3318,华泰大厦,118.742597,32.063123,南京市鼓楼区草场门大街109号,江苏省,南京市,鼓楼区,1,060f5e533b2508d7091cc7a1
2814,3319,蟠龙综合楼B区,118.746857,32.061931,南京市鼓楼区江东北路298号,江苏省,南京市,鼓楼区,1,868caae007867c15b320a83a
2815,3320,阳光锦绣阁,118.747016,32.061951,南京市鼓楼区江东北路298号,江苏省,南京市,鼓楼区,1,c21db9e5ae877f8301ff2da1
2816,3321,宝苑新寓,118.741716,32.06527,南京市鼓楼区漓江路53号,江苏省,南京市,鼓楼区,1,50fb64ff1bdecf5de8f853a1
2817,3322,中青园,118.749338,32.065305,南京市鼓楼区草场门大街96号,江苏省,南京市,鼓楼区,1,8fde79cc530cfcc294ca07a1
2818,3323,中青园-7号,118.749457,32.065219,南京市鼓楼区龙园西路中青园,江苏省,南京市,鼓楼区,1,32e27c35a5ca5613c9213dc9
2819,3324,中青大厦,118.749495,32.064441,南京市鼓楼区草场门大街96号,江苏省,南京市,鼓楼区,1,341c35de34165abee70738a1
2820,3326,金陵御沁园(龙园北路),118.747108,32.068175,南京市鼓楼区江东北路380号,江苏省,南京市,鼓楼区,1,4cf8d24e02d4ede49df779a1
2821,3327,金海园,118.748588,32.062135,"湛江路,龙园西路29号",江苏省,南京市,鼓楼区,1,bb1d38e4c308e54d0d0a70a1
2822,3328,航道大厦,118.745134,32.068758,南京市鼓楼区江东北路397号,江苏省,南京市,鼓楼区,1,e56bf5e32d9152440682c2a1
2823,3329,宁工新寓,118.741244,32.064084,鼓楼区草场门大街168号,江苏省,南京市,鼓楼区,1,c16534050878ce04ab175aec
2824,3330,长阳花园社区,118.737317,32.05344,江苏省南京市鼓楼区清凉门大街298号,江苏省,南京市,鼓楼区,1,08a0bf7231988c97d618b715
2825,3331,天平新村,118.743675,32.068436,南京市鼓楼区漓江路168号,江苏省,南京市,鼓楼区,1,5508504d172c02cbc6f025a1
2826,3332,中保绿苑,118.744535,32.061233,江苏省南京市鼓楼区漓江路48号,江苏省,南京市,鼓楼区,1,35debf293d3df644a7da39a1
2827,3333,江苏农林大厦,118.750181,32.065228,江苏省南京市鼓楼区草场门大街月光广场8号,江苏省,南京市,鼓楼区,1,3c0ea7c5f6dffd9cfaf0cba1
2828,3334,江苏建设大厦,118.750254,32.06453,江苏省南京市鼓楼区草场门大街88号,江苏省,南京市,鼓楼区,1,08e7f16baf9c26bb4f6d46cf
2829,3335,西苑公寓,118.742,32.062193,南京市鼓楼区中保街1号,江苏省,南京市,鼓楼区,1,881a28e7b28dfb5ef942b27c
2830,3336,江苏教育报刊总社-B楼,118.741359,32.062994,江苏省南京市鼓楼区草场门大街133号,江苏省,南京市,鼓楼区,1,8cbe4ae6fb202720b75f1eab
2831,3337,黄河大厦,118.74994,32.062748,江苏省南京市鼓楼区龙园西路58,江苏省,南京市,鼓楼区,1,1020060fcb6c42a61994c6a1
2832,3338,银城广场,118.745605,32.06068,南京市鼓楼区江东北路287号,江苏省,南京市,鼓楼区,1,ff4a29a394e7c12ef2193714
2833,3339,宝地园-12幢,118.750233,32.067274,江苏省南京市鼓楼区宝地园12幢,江苏省,南京市,鼓楼区,1,2182b1357a1e214a8c55ec8d
2834,3340,舸舫园小区,118.744088,32.069009,南京市鼓楼区川江街102号,江苏省,南京市,鼓楼区,1,2cc3c8e8496dbad54d2fdf43
2835,3341,江苏盐业大厦,118.746654,32.069139,南京市鼓楼区江东北路386号,江苏省,南京市,鼓楼区,1,d5f93c0e3efa835cecdfcaa1
2836,3342,漓江雅苑,118.743339,32.060941,南京市鼓楼区漓江路42号,江苏省,南京市,鼓楼区,1,8830aa8b7a4e53470482c239
2837,3343,鼓教新村,118.743086,32.069032,南京市鼓楼区漓江路168号,江苏省,南京市,鼓楼区,1,5ffb1816600b735f6e4760a1
2838,3344,晶元雅居,118.747402,32.069294,南京市鼓楼区江东街道龙园西路59号(金陵名人居对面),江苏省,南京市,鼓楼区,1,eb3675033a0a0e1b01ec01a1
2839,3345,宁西公寓,118.741111,32.06191,南京市鼓楼区中保街130号,江苏省,南京市,鼓楼区,1,e1dcb880387cf8240b1cc700
2840,3346,闻涛公寓,118.742714,32.061076,南京市鼓楼区陈慧漓江路21-1号,江苏省,南京市,鼓楼区,1,643d54cf257ae59dbb17e786
2841,3347,刘家湾小区,118.749918,32.06163,刘家湾2号,江苏省,南京市,鼓楼区,1,98701368a5c82fd4c4f50d74
2842,3348,魔方城市贵族公馆,118.740612,32.061828,南京市鼓楼区中保街130号宁西公寓,江苏省,南京市,鼓楼区,1,2d69263e648bfa6878f796b3
2843,3349,金陵名人居,118.748882,32.068738,江苏省南京市鼓楼区龙园西路120号,江苏省,南京市,鼓楼区,1,5211d219fe22d5587cc876a1
2844,3350,芳町园,118.748532,32.060329,南京市鼓楼区龙园西路17号,江苏省,南京市,鼓楼区,1,89abe02b8e635457c7f50d9b
2845,3351,中保华庭,118.741307,32.060837,南京市鼓楼区中保街9号,江苏省,南京市,鼓楼区,1,369d686e375fd59e42d63eb6
2846,3353,白云园小区,118.750369,32.060789,江苏省南京市鼓楼区龙飞街29号,江苏省,南京市,鼓楼区,1,3bd79ddb253bd1e80bb93a35
2847,3354,金浦海德卫城-御景阁A座,118.740842,32.06852,江苏省南京市鼓楼区金浦海德卫城御景阁A座,江苏省,南京市,鼓楼区,1,ff94114ab1de85a4873304fd
2848,3355,宁工新寓156,118.744593,32.065218,南京市鼓楼区草场门大街128号,江苏省,南京市,鼓楼区,1,38dcf2455b1ed0f0ab059d3a
2849,3356,金陵御庆园,118.747198,32.067595,江苏省南京市鼓楼区江东北路380号,江苏省,南京市,鼓楼区,1,3f31122dc09fb6da6c3e1b28
2850,3358,龙江白云园小区北片-南门,118.749933,32.060284,南京市鼓楼区龙园西路6号附近,江苏省,南京市,鼓楼区,1,391bbc65648a0ba12e47337f
2851,3360,白云园-114号楼,118.749525,32.059659,江苏省南京市鼓楼区龙江白云园小区白云园114号楼,江苏省,南京市,鼓楼区,1,f616684bf743730d0b5cb349
2852,3361,新城市广场(草场门大街店)-地下停车场,118.748602,32.061499,南京市鼓楼区江东北路218号,江苏省,南京市,鼓楼区,1,2d548e936f9131a9ab175a61
2853,3362,郑和国际广场,118.745374,32.066647,南京市鼓楼区江东北路319号,江苏省,南京市,鼓楼区,1,2b49c168ae5eec0209b93ac4
2854,3363,龙江花园城港龙园(龙园北路),118.754096,32.06675,南京市鼓楼区龙园北路80号,江苏省,南京市,鼓楼区,1,e0aaddefcc6bb6a0e5e965c7
2855,3364,石头城公寓,118.757508,32.063333,石头城71号,江苏省,南京市,鼓楼区,1,984b1823eba97f10b8bd63f0
2856,3366,江苏教育学院学生公寓-2栋,118.760417,32.061863,江苏省南京市鼓楼区江苏教育学院学生公寓2栋,江苏省,南京市,鼓楼区,1,e31b5590727294e70ab93a4f
2857,3367,月光广场,118.752318,32.06551,江苏省南京市鼓楼区龙园中路206号,江苏省,南京市,鼓楼区,1,b7021bf8d31a19faf5e73ba1
2858,3368,腾飞园,118.752742,32.066525,南京市鼓楼区宝地园龙园中路,江苏省,南京市,鼓楼区,1,eea02fa44da3908e3517dcc8
2859,3369,石头城84,118.757673,32.066892,石头城84号楼,江苏省,南京市,鼓楼区,1,13c6c56b72235971871541b6
2860,3370,水木秦淮-c栋,118.756897,32.068509,南京市鼓楼区宁海路街道石头城路99号,江苏省,南京市,鼓楼区,1,d9615f96f6a225e987154103
2861,3371,南艺大件学生宿舍,118.757887,32.067459,南京市鼓楼区石头城路88号,江苏省,南京市,鼓楼区,1,c8d1269ed0399b08c056aceb
2862,3372,古林社区,118.75924,32.065357,南京市鼓楼区北京西路76号,江苏省,南京市,鼓楼区,1,db15b6c82f1210de76e5b612
2863,3373,阳光广场,118.752098,32.062755,南京市鼓楼区行健路16号,江苏省,南京市,鼓楼区,1,f2047f9f664ddd2d25e0a05d
2864,3374,江苏第二师范学院教工宿舍,118.75968,32.064347,南京市鼓楼区北京西路草场门桥79号,江苏省,南京市,鼓楼区,1,7c5ea437a598908cf5c59cc2
2865,3375,南审教工宿舍,118.757188,32.048105,南京市鼓楼区凤凰西街152号3幢303室,江苏省,南京市,鼓楼区,1,85f024ec9501ac712d4733d5
2866,3376,龙江小区,118.752293,32.06288,南京市鼓楼区草场门大街2号,江苏省,南京市,鼓楼区,1,5efadf4ff3941e42100daa65
2867,3377,九九公寓,118.759469,32.062948,南京市鼓楼区北京西路99号,江苏省,南京市,鼓楼区,1,d13ab8a71dd649295e17c338
2868,3378,碧树园-北片,118.753376,32.061548,江苏省南京市鼓楼区碧树园北片(龙树路西),江苏省,南京市,鼓楼区,1,31a66f2b17a526b3e115f934
2869,3379,石头城社区,118.758587,32.06237,南京市鼓楼区石头城新村40号,江苏省,南京市,鼓楼区,1,ce222bb1caa35baa283a9f2a
2870,3380,芳草园,118.754435,32.061727,江苏省南京市鼓楼区龙园东路西侧,江苏省,南京市,鼓楼区,1,26184a0d3a6048a1fbdc85a7
2871,3381,附中宿舍楼,118.758566,32.068427,鼓楼区虎踞北路南京艺术学院附属中等艺术学校,江苏省,南京市,鼓楼区,1,23a024ff34b643f74f3a5900
2872,3382,南京大学大学外语部学生公寓,118.757691,32.060746,南京市鼓楼区石头城68号江苏省工会职业技术学校,江苏省,南京市,鼓楼区,1,cba9ea84143e13451288248d
2873,3383,石头城新村,118.758763,32.061033,石头城路67号,江苏省,南京市,鼓楼区,1,f2f15ffb2c57be88621c67a3
2874,3384,裕顺雅苑-金陵名座,118.753307,32.069273,龙园西路裕顺雅苑,江苏省,南京市,鼓楼区,1,61085211942656a1c41b75a1
2875,3385,百市西苑,118.751809,32.068672,南京市鼓楼区龙腾街21号,江苏省,南京市,鼓楼区,1,330c84834301278fafee7ad1
2876,3386,树人斋宿舍,118.760361,32.062017,南京市鼓楼区宁海路街道北京西路77号,江苏省,南京市,鼓楼区,1,b6fd10d3cdbb3a7ff5c59c92
2877,3388,裕顺雅苑,118.751976,32.069372,南京市鼓楼区龙腾街21号,江苏省,南京市,鼓楼区,1,1bf85b257379e4a4a0a934a1
2878,3389,碧树园-南片,118.752526,32.060236,南京市鼓楼区龙园西路20号,江苏省,南京市,鼓楼区,1,53bbdf9636622bbbc61b7500
2879,3390,白云园-36号,118.750699,32.059992,江苏省南京市鼓楼区白云园36号,江苏省,南京市,鼓楼区,1,6e3a4cfd2a456ace0a5cb346
2880,3392,白云园小区57-60号,118.750562,32.060599,江苏省南京市鼓楼区龙江白云园小区白云园小区北片,江苏省,南京市,鼓楼区,1,f520cf1ca58cf5358605bfca
2881,3393,白云园-61号,118.750549,32.06095,南京市鼓楼区龙云路白云园小区,江苏省,南京市,鼓楼区,1,69d41facc3f48a217fc87677
2882,3394,华瑰园,118.76526,32.065168,南京市鼓楼区北京西路69-1号,江苏省,南京市,鼓楼区,1,0dc3d82d63d6986c74e5b6a0
2883,3395,华荟商务大厦,118.765656,32.066344,江苏省南京市鼓楼区北京西路69号,江苏省,南京市,鼓楼区,1,de731ba0a16fc9d7e115f9eb
2884,3396,金星公寓,118.763885,32.066042,南京市鼓楼区北京西路73号,江苏省,南京市,鼓楼区,1,b3aa435d6aabae0b147643a3
2885,3397,华东饭店-员工宿舍区,118.768669,32.064906,南京市鼓楼区北京西路67号,江苏省,南京市,鼓楼区,1,7db00840bd085cf7d6b74e22
2886,3398,西康路3号小区-3幢,118.769814,32.063822,江苏省南京市鼓楼区西康路3号小区(河海大学旁),江苏省,南京市,鼓楼区,1,e583a3e7d4426ada96f08c72
2887,3399,江苏教育技术大厦,118.76208,32.063079,江苏省南京市鼓楼区虎踞路179号,江苏省,南京市,鼓楼区,1,0ce65c2d425c54592c4733a3
2888,3400,江苏省化工小区,118.763609,32.068052,南京市鼓楼区虎踞北路4号,江苏省,南京市,鼓楼区,1,73f462badd89761e0bccdde9
2889,3401,河海大学-研究生宿舍,118.763347,32.061345,西康路1号河海大学内环西线112号附近,江苏省,南京市,鼓楼区,1,c73723280b6ef9e4ab0dd86e
2890,3402,南京艺术学院-学生公寓,118.761815,32.067626,南京市鼓楼区石头城路77号,江苏省,南京市,鼓楼区,1,5fc3395157c8c210eb56fa65
2891,3403,河海大学-留学生公寓,118.76893,32.061961,江苏省南京市鼓楼区西康路1号,江苏省,南京市,鼓楼区,1,0c07793c3b4a9e0009ccdd06
2892,3404,河海大学-研1舍,118.769473,32.062595,西康路1号河海大学华水路附近河海大学研1舍西康路1号,江苏省,南京市,鼓楼区,1,60dc597b42715d1d374aae5d
2893,3405,河海大学-学生3舍,118.763554,32.060956,江苏省南京市鼓楼区西康路1号河海大学,江苏省,南京市,鼓楼区,1,7bc224ffb9eb65cd29fc48be
2894,3406,虎踞北路10号小区,118.764021,32.069067,南京市鼓楼区虎踞北路10号,江苏省,南京市,鼓楼区,1,00f1c7fbfbfd191fc156aca0
2895,3407,河海大学-研七舍,118.764906,32.057985,南京市鼓楼区西康路1号,江苏省,南京市,鼓楼区,1,810ff9db35ea719fbd484266
2896,3408,河海大学-学生2舍,118.763637,32.06074,江苏省南京市鼓楼区虎踞路108号,江苏省,南京市,鼓楼区,1,8336583c6eff30e56ca3ccb9
2897,3409,江苏第二师范学院教工宿舍-11幢,118.760812,32.062685,江苏南京市鼓楼区第二师范学院教工宿舍11幢,江苏省,南京市,鼓楼区,1,12b510245d8b1f1696f08c23
2898,3410,河海大厦,118.770307,32.063014,南京市鼓楼区西康路1-8号,江苏省,南京市,鼓楼区,1,2e00c5dda049a41cd6851fa3
2899,3411,南京艺术学院-46号公寓,118.761328,32.067715,南京市鼓楼区宁海路街道虎踞北路15号,江苏省,南京市,鼓楼区,1,cab87117cb8501ce29b97ce6
2900,3412,河海大学-研东楼,118.769836,32.061984,江苏省南京市鼓楼区西康路1-2号号门,江苏省,南京市,鼓楼区,1,a5d3cb0ed6ea513a6849f32a
2901,3413,河海大学-学生1舍,118.763744,32.060452,南京市鼓楼区西康路1号河海大学,江苏省,南京市,鼓楼区,1,f8c582aa41903187d618b75e
2902,3414,河海大学-教职5舍,118.770375,32.062471,西康路1号河海大学仙霞路35附近,江苏省,南京市,鼓楼区,1,d126ac76a795c420d518b731
2903,3415,省级机关接待车队商务楼,118.763004,32.069803,南京市鼓楼区虎踞北路10-2号,江苏省,南京市,鼓楼区,1,df88b81354c48ea5d8d891f5
2904,3416,河海大学教职1舍,118.770244,32.06218,南京市鼓楼区西康路1号河海大学,江苏省,南京市,鼓楼区,1,021862c67f5aa56988f15d1c
2905,3417,长征大厦,118.76339,32.069643,南京市鼓楼区虎踞北路10-2号,江苏省,南京市,鼓楼区,1,6e4ba9871af210352cb908ee
2906,3418,南京艺术学院-9号宿舍楼,118.761423,32.068767,江苏省南京市鼓楼区南京艺术学院9号公寓,江苏省,南京市,鼓楼区,1,baf8dea72f85f4f3e856fabf
2907,3419,南京艺术学院-教工之家,118.760898,32.068317,江苏省南京市鼓楼区北京西路50组团50号5单元,江苏省,南京市,鼓楼区,1,2d21c51249b9ae71ab059d66
2908,3420,江苏第二师范学院-女生宿舍,118.760283,32.061948,南京市鼓楼区虎踞路175号-2号,江苏省,南京市,鼓楼区,1,0336115b21148a20afee7ac3
2909,3421,场门口小区,118.7616,32.060413,南京市鼓楼区场门口14号,江苏省,南京市,鼓楼区,1,083a55fac74b3b79256e98a0
2910,3423,南京市清凉山体育运动学校,118.760317,32.059199,南京市鼓楼区虎踞路97号,江苏省,南京市,鼓楼区,1,2527be1e3ed458cd4bfc8da0
2911,3424,南京艺术学院公寓管理中心2号公寓,118.761891,32.067614,南京市鼓楼区虎踞北路南京艺术学院,江苏省,南京市,鼓楼区,1,2c930623eb2c609852e5c538
2912,3426,天目华庭,118.773936,32.064518,南京市鼓楼区天目路19号,江苏省,南京市,鼓楼区,1,5211d219fe5cd5587cc876a3
2913,3427,苏州路社区,118.773696,32.064818,江苏省南京市鼓楼区玉泉路9号,江苏省,南京市,鼓楼区,1,8fd187076e801dc0734b87a7
2914,3428,宁海大厦,118.777223,32.065884,南京市鼓楼区宁海路63号,江苏省,南京市,鼓楼区,1,0344dd457e21f93bf90cad90
2915,3429,扬州路小区,118.772894,32.064897,南京市鼓楼区钱塘路与玉泉路交叉路口往西北约60米,江苏省,南京市,鼓楼区,1,361064304750544bb05c6a12
2916,3430,鼓楼新村,118.776836,32.067386,鼓楼新村,江苏省,南京市,鼓楼区,1,4edf9fbf19b23894cd06a4a0
2917,3431,匡芦花园,118.775882,32.062398,江苏省南京市鼓楼区匡芦路17号(公交车站),江苏省,南京市,鼓楼区,1,b533ea4a288853414e6d46a3
2918,3432,三省里-11号,118.778906,32.064952,江苏省南京市鼓楼区三省里11号,江苏省,南京市,鼓楼区,1,e8f0be04c7d7c861f11937e0
2919,3433,仙霞公寓,118.772193,32.063097,南京市鼓楼区仙霞路46号,江苏省,南京市,鼓楼区,1,e3a7fd13ecb3f35229b97ca3
2920,3434,石钟路小区,118.771583,32.063455,南京市鼓楼区石钟路4号,江苏省,南京市,鼓楼区,1,6a1d9459608efba80f0e6bc1
2921,3435,华新巷小区,118.778928,32.063017,南京市鼓楼区华新巷15号,江苏省,南京市,鼓楼区,1,87812d31c194de66fa42b22e
2922,3436,匡庐新村,118.777456,32.061767,南京市鼓楼区宁海路113号,江苏省,南京市,鼓楼区,1,312b70e3a5666c85593ac8d3
2923,3437,原柳克宣寓所,118.774291,32.065606,南京市鼓楼区北京西路39号,江苏省,南京市,鼓楼区,1,3a8518b40adfcb9c21022067
2924,3438,宁海路26号院,118.775409,32.069329,南京市鼓楼区宁海路26号,江苏省,南京市,鼓楼区,1,5596c350bcaea1e15d17c33b
2925,3439,颐和路公馆-17号楼,118.776923,32.069299,南京市鼓楼区江苏路17号,江苏省,南京市,鼓楼区,1,66bbcccc9dfbbc7fe5073854
2926,3440,开元公寓,118.776213,32.069084,南京市鼓楼区宁海路23-1号,江苏省,南京市,鼓楼区,1,c670291516de14ea16c90571
2927,3441,江苏国际预科学院男生宿舍,118.779819,32.063337,南京市鼓楼区宁海路街道上海路205号,江苏省,南京市,鼓楼区,1,d97ded641f4bf10d26e0a000
2928,3442,西桥花苑,118.779738,32.067583,南京市鼓楼区西桥23号,江苏省,南京市,鼓楼区,1,fd13a3f250af38fab0077da3
2929,3444,汉口西路124号院,118.775549,32.060922,南京市鼓楼区汉口西路与匡庐路交叉路口往西约120米,江苏省,南京市,鼓楼区,1,11d38966cb8a829a0f0a7027
2930,3445,西桥公寓,118.778763,32.068505,南京市鼓楼区西桥128号,江苏省,南京市,鼓楼区,1,af1ae56bb794810b4207c141
2931,3446,仙霞路35号院,118.77097,32.062611,南京市鼓楼区仙霞路河海大学-幼儿园西南侧,江苏省,南京市,鼓楼区,1,bc5b82fd2a32cbfcf5c59c10
2932,3447,南京大学北阴阳营8号小区-12幢,118.780637,32.066831,南京市鼓楼区北阴阳营8号12幢,江苏省,南京市,鼓楼区,1,805954ecf03640fb8e772729
2933,3448,汉口西路200号小区,118.771367,32.061776,南京市鼓楼区汉口西路200号,江苏省,南京市,鼓楼区,1,a019cd37da68bc604e2fdf42
2934,3449,一号8舍,118.770505,32.062994,南京市鼓楼区西康路1号8室,江苏省,南京市,鼓楼区,1,a87a5a819c28f956a1d230a2
2935,3450,山阴路小区,118.772587,32.061092,江苏省南京市鼓楼区山阴路32号,江苏省,南京市,鼓楼区,1,69ca1d8c1b2d04ba2bb97c1c
2936,3451,西桥12号,118.779629,32.068177,江苏省南京市鼓楼区西桥,江苏省,南京市,鼓楼区,1,c795ac73ddd514cc96f08c53
2937,3452,西桥23号,118.78024,32.067565,南京市鼓楼区云南路与渊声巷交叉路口向西南约100米,江苏省,南京市,鼓楼区,1,bf6419b21490f1fac61e51e4
2938,3453,大富里,118.778653,32.069007,南京市鼓楼区江苏路与傅佐路交叉路口向南约200米,江苏省,南京市,鼓楼区,1,95ee9c8e06506c562fb90898
2939,3454,南阴阳营小区-南区,118.779623,32.061434,南京市鼓楼区南秀村与上海路交叉路口往西约80米,江苏省,南京市,鼓楼区,1,f0c48c15af021e192811d1d5
2940,3456,南京师范大学随园校区学生宿舍-2号楼,118.773189,32.060491,南京市鼓楼区宁海路122号南京师范大学随园校区(近五台山体育馆北门),江苏省,南京市,鼓楼区,1,697236891ac0e31c3904b117
2941,3457,汇银智慧社区,118.757836,32.051539,江苏省南京市鼓楼区北圩路苏宁乐瑰园(环宇城西50米),江苏省,南京市,鼓楼区,1,4618bdd6958a58da16764350
2942,3458,汉口西路30号院,118.779217,32.061083,南京市鼓楼区汉口西路30号,江苏省,南京市,鼓楼区,1,c232b727e9cc8592f32d83f9
2943,3459,大方新村小区,118.778625,32.069803,南京市鼓楼区大方巷83号,江苏省,南京市,鼓楼区,1,6ed3083ab9bac1b72a3a9fa0
2944,3460,南京师范大学随园校区学生宿舍-3号楼,118.770425,32.059645,南京市鼓楼区宁海路122号南京师范大学随园校区,江苏省,南京市,鼓楼区,1,5bb6c3433c9a72ad15a190a5
2945,3461,南京市装饰行业管理办公室,118.779023,32.057077,南京市鼓楼区广州路183-2号3楼,江苏省,南京市,鼓楼区,1,4df607b3bbe9b936441a3201
2946,3462,五条巷小区西院,118.77998,32.068967,南京市鼓楼区大方巷与傅佐路交叉路口往南约160米,江苏省,南京市,鼓楼区,1,b84b11de1b69561b3904b185
2947,3463,博爱佳苑,118.779097,32.060418,南京市鼓楼区汉口西路21号,江苏省,南京市,鼓楼区,1,3ecf56fb35a5626e7d29bd95
2948,3464,牯岭路17号小区-东门,118.772625,32.070269,南京市鼓楼区牯岭路17号,江苏省,南京市,鼓楼区,1,f1e04612aed18216f32d837a
2949,3465,大都市,118.779121,32.060355,南京市鼓楼区汉口西路21号,江苏省,南京市,鼓楼区,1,f83da6cdda0fc6ad3ce231df
2950,3466,西康路35号小区,118.771161,32.069917,南京市鼓楼区西康路35号,江苏省,南京市,鼓楼区,1,55548d19e96e4badeee4a52c
2951,3467,南京师范大学随园校区研究生公寓,118.770972,32.060306,南京市鼓楼区汉口西路67号,江苏省,南京市,鼓楼区,1,e42391a7e982acff38e4a69d
2952,3468,江苏教育大厦-商务中心,118.77837,32.064454,南京市鼓楼区北京西路15号,江苏省,南京市,鼓楼区,1,cef92023cb21885eeb1e974d
2953,3469,宁海路80号综合楼,118.777154,32.063538,南京市鼓楼区宁海路80号,江苏省,南京市,鼓楼区,1,fd368c55abde71e34bcc4a6d
2954,3470,江苏教育大厦,118.778653,32.064896,南京市鼓楼区北京西路15号,江苏省,南京市,鼓楼区,1,4ce10ce6dd6c2fa1451a32a3
2955,3471,国家电网江苏省电力大厦,118.780407,32.064535,南京市鼓楼区上海路215号,江苏省,南京市,鼓楼区,1,fd007c5e324ac96ca9f729a3
2956,3472,天目大厦,118.771357,32.065716,南京市鼓楼区北京西路63号,江苏省,南京市,鼓楼区,1,b0d056f25ed71e7ecbc3dba3
2957,3473,江苏化工大厦,118.778019,32.065006,南京市鼓楼区北京西路17号,江苏省,南京市,鼓楼区,1,b9e5d0b8ef7e10bc80a12ea3
2958,3474,京西大厦,118.779227,32.065601,南京市鼓楼区北京西路24号,江苏省,南京市,鼓楼区,1,f7184fb3050415ac3ce231de
2959,3475,南秀大厦,118.780193,32.060566,南京市鼓楼区汉口西路1号(儿童医院),江苏省,南京市,鼓楼区,1,6ee01020904eb3ef53e5c5a3
2960,3476,同德大厦,118.777171,32.06148,江苏省南京市鼓楼区匡庐新村8号,江苏省,南京市,鼓楼区,1,db1f39d4c3588e13f5c59cc6
2961,3478,苏安大厦,118.779298,32.064884,南京市鼓楼区北京西路15-1号,江苏省,南京市,鼓楼区,1,d6ee872413d77fe0a9f0cda3
2962,3480,剑阁路小区,118.773489,32.061778,南京市鼓楼区剑阁路20号,江苏省,南京市,鼓楼区,1,050453fa45417427d3ff233c
2963,3481,北阴阳营-21号,118.778949,32.066926,北阴阳营22-1号附近,江苏省,南京市,鼓楼区,1,4449d023a66683771fe99938
2964,3482,北阴阳营-20号,118.778869,32.066792,北阴阳营22-1号附近,江苏省,南京市,鼓楼区,1,edef903951e6c1eed32dd6b9
2965,3483,北阴阳营-19号,118.778786,32.066649,南京市鼓楼区北阴阳营西桥花苑西南侧约30米,江苏省,南京市,鼓楼区,1,7a09a2436631eaf8c92915b3
2966,3484,北阴阳营-18号,118.778698,32.066505,南京市鼓楼区北阴阳营宁海中学东侧约30米,江苏省,南京市,鼓楼区,1,840238df7dc6d07fc51e51dc
2967,3485,北阴阳营-17号,118.778619,32.066365,江苏省南京市鼓楼区北京西路26号,江苏省,南京市,鼓楼区,1,3ac047acbfa2793021022040
2968,3486,三省里-7号楼,118.77822,32.064541,南京市鼓楼区三省里江苏省教育厅信访接待室,江苏省,南京市,鼓楼区,1,987f65fdfb0369e888fc0684
2969,3487,二条巷小区,118.78495,32.06658,江苏省南京市鼓楼区鼓楼二条巷18号,江苏省,南京市,鼓楼区,1,6da5f73dd87faa6596f08c5c
2970,3488,中江国际,118.770501,32.04646,南京市建邺区汉中门大街1号金鹰·汉中新城18层,江苏省,南京市,建邺区,1,fb4b53c1180d730617c8f66d
2971,3489,二号新村小区,118.784514,32.065879,南京市鼓楼区北京西路2号,江苏省,南京市,鼓楼区,1,9ee392b80268c643bbbd6325
2972,3490,南园,118.786504,32.066066,南京市鼓楼区鼓楼二条巷9号,江苏省,南京市,鼓楼区,1,31e39ce84aa0bf68b6f42f57
2973,3491,上海路新村,118.78141,32.05955,南京市鼓楼区上海路100号,江苏省,南京市,鼓楼区,1,f7de729f5a5c9cd1a21de940
2974,3492,龙泉花园办公楼,118.78358,32.065353,南京市鼓楼区北京西路8号,江苏省,南京市,鼓楼区,1,a28a6ffa3efe7887d7851f8d
2975,3493,龙全花园,118.783499,32.065606,北京西路8号,江苏省,南京市,鼓楼区,1,3063bf6ef462aad5d72ce2ff
2976,3494,华阳大厦(鼓楼街),118.787419,32.066133,南京市鼓楼区鼓楼街5号,江苏省,南京市,鼓楼区,1,8b8689f2d104c9d26068585f
2977,3495,南大附中学生宿舍,118.78363,32.068173,江苏省南京市鼓楼区渊声巷50号,江苏省,南京市,鼓楼区,1,91c13f93ffed838720f017a0
2978,3496,双菱大厦,118.78393,32.06714,南京市鼓楼区步文镇渊声巷26号,江苏省,南京市,鼓楼区,1,3280874d100f01f3a7c75614
2979,3497,鼓楼四条巷-2号院,118.783351,32.066717,南京市鼓楼区鼓楼四条巷1-2号,江苏省,南京市,鼓楼区,1,f41790db1c104c93be4842e0
2980,3498,苏富特大厦,118.783541,32.063723,南京市鼓楼区金银街南京大学西北门南侧约50米,江苏省,南京市,鼓楼区,1,1a126002c4607869daeced5f
2981,3499,绿地广场国际商务中心,118.788303,32.066497,南京市鼓楼区鼓楼街88号,江苏省,南京市,鼓楼区,1,1867d7878e982ce540e19203
2982,3500,北京西路10号院,118.782712,32.066057,南京市鼓楼区北京西路10号,江苏省,南京市,鼓楼区,1,90d8c3d892a8b03c0f0e6b88
2983,3501,消防大厦,118.787084,32.063992,湖南路街道北京西路1号,江苏省,南京市,鼓楼区,1,55595199e0e368a2f50e773e
2984,3502,湖南路街道文化站,118.784308,32.067739,江苏省南京市鼓楼区渊声巷41号,江苏省,南京市,鼓楼区,1,03ddddc2bc85308087330440
2985,3503,南京翠峰大厦,118.788615,32.066241,南京市鼓楼区中山北路1号,江苏省,南京市,鼓楼区,1,49213afe3b95dfa30b1cc76e
2986,3504,苏兴大厦,118.781798,32.065567,南京市鼓楼区北京西路16号,江苏省,南京市,鼓楼区,1,f757e6ee8c935317270bd0a3
2987,3505,苏建大厦,118.781654,32.066159,云南路31-1号,江苏省,南京市,鼓楼区,1,4ca8ed9bc1667f072811d10c
2988,3506,新晨国际大厦,118.788218,32.06766,南京市鼓楼区中山北路26号,江苏省,南京市,鼓楼区,1,6fddd7fd8592c17f3417dca3
2989,3507,鼓楼紫寓,118.787358,32.068305,南京市鼓楼区中山北路28号(鼓楼),江苏省,南京市,鼓楼区,1,56b411684c7f1d33c7f025cf
2990,3508,车站东巷住宅,118.789163,32.06792,江苏省南京市鼓楼区车站东巷14-1(紫峰大厦旁),江苏省,南京市,鼓楼区,1,0bf1b0c98df2fa51bda822a5
2991,3509,江苏商厦,118.78788,32.068051,南京市鼓楼区中山北路28号,江苏省,南京市,鼓楼区,1,edd64ce18ea7b1913ee231a3
2992,3510,鼓楼四条巷-3号院,118.781921,32.068366,南京市鼓楼区鼓楼四条巷3号,江苏省,南京市,鼓楼区,1,8eb24a8f687da8741d1d1114
2993,3511,南京大学国际学生公寓西苑楼,118.781288,32.063875,南京市鼓楼区宁海路街道上海路金银街20号,江苏省,南京市,鼓楼区,1,7f1cd14971982901bca822a4
2994,3513,华美达怡华写字楼,118.785564,32.068839,南京市鼓楼区中山北路45号(鼓楼街口),江苏省,南京市,鼓楼区,1,7962ce076903046cd618b774
2995,3515,江苏机械大厦,118.785387,32.068838,江苏省南京市鼓楼区中山北路49号江苏机械大厦,江苏省,南京市,鼓楼区,1,5c2dc21dc6a43d046ec02ca3
2996,3517,南京绿地中心紫峰大厦,118.789719,32.066918,江苏省南京市鼓楼区中山北路1号,江苏省,南京市,鼓楼区,1,17746c96bb9c3c235cbe86e7
2997,3518,中山北路 30 号,118.787354,32.068802,南京市鼓楼区中山北路30号,江苏省,南京市,鼓楼区,1,114a942429b1d0a11911d51b
2998,3519,名人城市广场,118.787198,32.068441,南京市鼓楼区湖南路街道中山北路30号,江苏省,南京市,鼓楼区,1,79cceb368b9b2a8a1e580005
2999,3520,金银街17号小区,118.782135,32.06367,南京市鼓楼区金银街17号,江苏省,南京市,鼓楼区,1,87189c0ad837abecc809f0da
3000,3521,南秀村小区-2幢,118.783087,32.062306,南京市鼓楼区南秀村7号南京大学鼓楼校区南秀村小区,江苏省,南京市,鼓楼区,1,25f573de13892a83dbd89170
3001,3522,中共江苏省委外事工作委员会办公室,118.770571,32.065687,南京市鼓楼区西康路天目大厦西侧约40米,江苏省,南京市,鼓楼区,1,bc75676f3d701cae283a9f76
3002,3523,三条巷小区(鼓楼),118.783474,32.068991,江苏省南京市鼓楼区云南路与鼓楼四条巷交叉口东150米,江苏省,南京市,鼓楼区,1,7b098fafd4bbab385e17c329
3003,3524,鼓楼四条巷38号小区,118.782583,32.068561,南京市鼓楼区鼓楼四条巷38号,江苏省,南京市,鼓楼区,1,416237fededf74cf9ee32113
3004,3525,云南路25号院,118.781472,32.067316,南京市鼓楼区云南路25号,江苏省,南京市,鼓楼区,1,5e61b83a82e23cd09868b4fc
3005,3526,鼓楼四条巷-40号院,118.782849,32.068772,南京市鼓楼区鼓楼四条巷40号,江苏省,南京市,鼓楼区,1,40c815ef063203fb3fe2318a
3006,3527,厚载村,118.788389,32.068823,厚载巷31-35号,江苏省,南京市,鼓楼区,1,55d03887087f9f528c772743
3007,3529,南秀村小区-3幢,118.783692,32.061284,江苏省南京市鼓楼区南秀村小区3幢,江苏省,南京市,鼓楼区,1,0396d6894a84b30ec4f0252e
3008,3530,南秀村10幢,118.782523,32.061029,江苏省南京市鼓楼区南秀村10幢,江苏省,南京市,鼓楼区,1,4bab3df8b73a1c402b11d1e8
3009,3531,江苏国税大厦,118.784568,32.06976,南京市鼓楼区湖南路街道中山北路55号,江苏省,南京市,鼓楼区,1,54f289f2785388e56cc02cbf
3010,3532,北阴阳营小区,118.780698,32.066831,江苏省南京市鼓楼区北阴阳营8号,江苏省,南京市,鼓楼区,1,c6fe7dbea69bdc73a21de9e8
3011,3533,南北秀村小区,118.782116,32.062037,南京市鼓楼区金银街17号,江苏省,南京市,鼓楼区,1,db3266b140c94e8282288abd
3012,3534,煌炳商务楼-西门,118.782768,32.069598,江苏省南京市鼓楼区云南路5号,江苏省,南京市,鼓楼区,1,9a7b343cb22a74cbeddfca93
3013,3535,云岭居,118.789262,32.068539,江苏省南京市鼓楼区厚载巷29号,江苏省,南京市,鼓楼区,1,cd9d05dd201ed7b684420ea3
3014,3536,南京大学鼓楼校区职工宿舍,118.782995,32.061271,南京市鼓楼区汉口路22号南京大学鼓楼校区南秀村7号,江苏省,南京市,鼓楼区,1,062d4370fbb247c29a005057
3015,3537,南京大学教职工住宅小区,118.782903,32.061673,江苏省南京市鼓楼区南秀村7号,江苏省,南京市,鼓楼区,1,bd13a7baa8664e72364aae45
3016,3538,南秀村小区7幢,118.783308,32.060787,江苏省南京市鼓楼区汉口路22号南京大学鼓楼校区南秀村小区,江苏省,南京市,鼓楼区,1,c03b9b6f391ee752e607383c
3017,3539,上海路154号院,118.780925,32.062781,湖南路街道上海路154号,江苏省,南京市,鼓楼区,1,727611935825412c6f4760ae
3018,3540,南京大学鼓楼校区华龙楼,118.784362,32.060497,江苏省南京市鼓楼区平仓巷1号,江苏省,南京市,鼓楼区,1,ff6f61ede89bc57b5e17c364
3019,3541,厚载巷-58号楼,118.787688,32.069725,南京市鼓楼区厚载巷58号楼,江苏省,南京市,鼓楼区,1,f2731e2967022359b2077d15
3020,3542,湖北路18号院-乙楼,118.78645,32.070169,湖北路18号乙楼,江苏省,南京市,鼓楼区,1,dcff0873936e32f0882fb527
3021,3543,五条巷小区,118.780421,32.069455,江苏省南京市鼓楼区五条巷12号～18号附近,江苏省,南京市,鼓楼区,1,93df0dc3cc69b957882fb559
3022,3544,南北秀村小区(南大宿舍),118.780731,32.062244,南京市鼓楼区上海路152号,江苏省,南京市,鼓楼区,1,e0cb69e71df7b154c056acc5
3023,3546,金峰大厦,118.789999,32.068438,江苏省南京市鼓楼区中央路19号,江苏省,南京市,鼓楼区,1,d219bb1dd77cc288f50e7705
3024,3548,南京大学鼓楼校区协同创新中心人才公寓,118.784304,32.060475,江苏省南京市鼓楼区平仓巷1号楼,江苏省,南京市,鼓楼区,1,947cd7a698a576efaeb22a70
3025,3549,鼓房大厦,118.781499,32.069137,南京市鼓楼区云南路24号,江苏省,南京市,鼓楼区,1,69fcd6dff780d22fcb2915a3
3026,3550,南秀村小区-8幢,118.782775,32.060655,江苏省南京市鼓楼区南秀村小区八幢,江苏省,南京市,鼓楼区,1,599c9237e7c945761f389436
3027,3551,鸿德大厦,118.781834,32.069592,江苏省南京市鼓楼区云南路20-1号,江苏省,南京市,鼓楼区,1,631c41574041286130f71da3
3028,3552,汉口路52-1号院,118.783379,32.06038,南京市鼓楼区陶谷新村与平仓巷交叉路口向西约100米,江苏省,南京市,鼓楼区,1,501765708a4b7f5a09b93ab9
3029,3553,厚载巷38号院,118.78896,32.069326,南京市鼓楼区厚载巷38号,江苏省,南京市,鼓楼区,1,8496ae61c06c94aa5cbe86e6
3030,3554,高云岭小区-西区,118.788931,32.070045,南京市鼓楼区高云岭高云岭-21号院西北侧,江苏省,南京市,鼓楼区,1,3c3048fbf07c309b9868b43a
3031,3555,挹华里,118.779787,32.068506,南京市鼓楼区云南路104号,江苏省,南京市,鼓楼区,1,6fddd7fd46421c013517dc0e
3032,3556,五条巷小区-东区,118.780958,32.069648,"江苏省南京市鼓楼区五条巷48号,鼓楼五条巷56号",江苏省,南京市,鼓楼区,1,34b028b819417918ed74f8e0
3033,3557,鼓楼四条巷-25号院,118.781785,32.070194,南京市鼓楼区鼓楼四条巷二十五号,江苏省,南京市,鼓楼区,1,67b7a440cb6ad671213bf2c8
3034,3558,高云岭小区,118.790034,32.069567,南京市鼓楼区高云岭12号,江苏省,南京市,鼓楼区,1,beabdbf4bd82a5e67069d373
3035,3559,汉中路·莫愁路,118.781386,32.048497,9路;13路;18路;Y13路夜间;Y5路夜间,江苏省,南京市,秦淮区,0,bcf42a919e7bd79928b97c8a
3036,3560,陶谷新村,118.781501,32.060383,南京市鼓楼区上海路106号,江苏省,南京市,鼓楼区,1,78656a7079fda74000ff2d8e
3037,3561,1920楼,118.789755,32.063174,南京市鼓楼区中山路321号,江苏省,南京市,鼓楼区,1,40bf541392030ebe6118090c
3038,3562,1917楼,118.789882,32.063195,南京市鼓楼区中山路321号,江苏省,南京市,鼓楼区,1,080993000ec6a1f6bbbd639f
3039,3563,众知教育,118.763674,32.066177,江苏省南京市鼓楼区北京西路73号4楼,江苏省,南京市,鼓楼区,1,ca671f5d473a4915a3acc4c9
3040,3564,紫峰观光层,118.789737,32.066694,江苏省南京市鼓楼区中山北路2号绿地中心·紫峰大厦72楼,江苏省,南京市,鼓楼区,1,c7e4febce9cc1df5c71b7505
3041,3565,紫癜大厦,118.789656,32.066982,江苏省南京市鼓楼区中山北路2号,江苏省,南京市,鼓楼区,1,b8b82f6dd8f810162811d116
3042,3566,云南路48-1号,118.780549,32.067415,南京市鼓楼区云南路48-1号,江苏省,南京市,鼓楼区,1,36db435050e7e5645cbe86d4
3043,3567,工艺美术大楼(北京东路),118.795986,32.064835,江苏省南京市玄武区北京东路31号,江苏省,南京市,玄武区,1,cdef4edf664b024e28d7abec
3044,3568,北极西村,118.795536,32.067288,南京市玄武区峨嵋路2号,江苏省,南京市,玄武区,1,a80d2e58b2699b93e856fac7
3045,3569,高楼门-6号,118.793574,32.066602,江苏省南京市玄武区高楼门6号,江苏省,南京市,玄武区,1,d47b8cdbce79d1956c3e1b54
3046,3570,进香河路33号住宅区,118.795962,32.063672,南京市玄武区进香河路33号,江苏省,南京市,玄武区,1,5b11d8d2af142e402fe67bae
3047,3571,峨嵋路8号院,118.795002,32.06763,南京市玄武区北极西村步道与峨嵋路交叉路口西南侧,江苏省,南京市,玄武区,1,5c343aa4ae8e38eccf06a41a
3048,3572,高楼门20号,118.79382,32.066987,江苏省南京市玄武区高楼门20号,江苏省,南京市,玄武区,1,0b9507035fefae4e56bfff98
3049,3573,高楼门-18号,118.793521,32.066852,南京市玄武区高楼门与北极西村步道交叉路口向北约50米,江苏省,南京市,玄武区,1,a75a9088e9776efb343a714e
3050,3574,多媒体大楼,118.792963,32.065984,南京市玄武区中央路2号,江苏省,南京市,玄武区,1,eef2d528c70dfca73be4a6ec
3051,3575,东南大学博士后公寓,118.795278,32.063487,南京市玄武区进香河路33号,江苏省,南京市,玄武区,1,05afbc5fa69eda3c2b11d191
3052,3576,高楼门-5号,118.792861,32.06651,南京市玄武区大钟亭与高楼门交叉路口向西北约40米,江苏省,南京市,玄武区,1,a327fee76ad8439a8433041a
3053,3577,高楼门-22号,118.793481,32.067519,江苏省南京市玄武区高楼门22号,江苏省,南京市,玄武区,1,782a7df5b717db0de812e46f
3054,3578,峨嵋新村,118.796519,32.067927,南京市玄武区峨嵋路14号,江苏省,南京市,玄武区,1,72aa2513124a7144077ce81f
3055,3579,时代华府,118.796858,32.063219,南京市玄武区进香河路33-5号,江苏省,南京市,玄武区,1,5ce2637d41fef951ae31e5ec
3056,3580,高楼门20-1号,118.793743,32.06688,江苏省南京市玄武区高楼门20-1号,江苏省,南京市,玄武区,1,c021801312446349d82f28d3
3057,3581,江苏广电城-二期,118.791888,32.064091,北京东路4号,江苏省,南京市,玄武区,1,76df23e9ded4fa3238221c93
3058,3582,高楼门-11号,118.792502,32.066981,高楼门11号楼,江苏省,南京市,玄武区,1,817e5444099f17c5eb1e973e
3059,3583,高楼门-35号,118.792932,32.067693,江苏省南京市玄武区高楼门35号,江苏省,南京市,玄武区,1,d4773ab36e426bcf04026fc0
3060,3584,江苏省广播电视总台(集团)-北门,118.792553,32.064391,南京市玄武区北京东路4号,江苏省,南京市,玄武区,1,efc4464c44f7daa245e274df
3061,3585,峨嵋路大院,118.795418,32.068445,南京市玄武区峨嵋路23-1号,江苏省,南京市,玄武区,1,9c48625e5d495563c1f1cf9c
3062,3586,江苏省气象局,118.796968,32.06674,北极阁2号,江苏省,南京市,玄武区,1,435f6a5d612d427414948ed3
3063,3587,东南大学四牌楼校区-留学生宿舍,118.797822,32.063275,南京市玄武区新街口街道成贤街90号,江苏省,南京市,玄武区,1,d59548cfd10226ce2fb17e5e
3064,3588,大钟新村,118.791854,32.06741,南京市玄武区中央路6号,江苏省,南京市,玄武区,1,30c6e3ee155280ac3c9a5ef9
3065,3589,高楼门-13号,118.792198,32.067081,江苏省南京市玄武区高楼门13号,江苏省,南京市,玄武区,1,93f76be10a9a91fb21022048
3066,3590,鼓楼·荔枝广场,118.792497,32.063638,南京市玄武区北京东路4号,江苏省,南京市,玄武区,1,da4014781b8fd6b3b020a856
3067,3591,北极山村,118.794989,32.069071,南京市玄武区天山路8号,江苏省,南京市,玄武区,1,f7e02f2e55186b3c203bf277
3068,3592,鸡鸣山庄-5号楼,118.797711,32.068224,江苏省南京市玄武区鸡鸣山庄5号楼,江苏省,南京市,玄武区,1,541a918d90e0596bbe4842b2
3069,3593,南京斯维登度假旅店鼓楼1929店,118.793488,32.068747,南京市玄武区高楼门30号(近安仁街),江苏省,南京市,玄武区,1,3ec8fa48e46f53bb2b11d188
3070,3594,石婆婆巷小区,118.794195,32.062209,南京市玄武区丹凤街8号,江苏省,南京市,玄武区,1,c1be3684696cd7adb320a8f7
3071,3595,高楼门39-41号,118.792593,32.068122,南京市玄武区高楼门39-41号,江苏省,南京市,玄武区,1,1633c0e02d74d6340c0a7060
3072,3597,南京鼓楼邮政大厦,118.791076,32.064164,南京市玄武区中山路366号,江苏省,南京市,玄武区,1,b1c556e8ab4fa70cb42655ef
3073,3598,尖角营小区,118.792925,32.062425,南京市玄武区丹凤街75号,江苏省,南京市,玄武区,1,6113ef77bbd15b688e7727c2
3074,3599,天山路45-75号小区,118.796216,32.069429,南京市玄武区天山路45-75号,江苏省,南京市,玄武区,1,e1553f43336b1a614f776e8a
3075,3600,东南大学群英楼-学生公寓,118.794904,32.061298,南京市玄武区进香河路35号东南大学四牌楼校区西区内,江苏省,南京市,玄武区,1,387d478cf355cd49fe0eb019
3076,3601,兴江公寓,118.792622,32.068711,江苏省南京市玄武区高楼门51号,江苏省,南京市,玄武区,1,8fa14fc3c6eee26ef7eafcec
3077,3602,东南大学四牌楼校区学府二舍学生公寓,118.795502,32.061498,南京市玄武区四牌楼2号(近成贤街),江苏省,南京市,玄武区,1,d98ee8b7e7d28ef71811d541
3078,3603,高楼门-38号楼,118.794512,32.06915,南京市玄武区厚载巷北极山村,江苏省,南京市,玄武区,1,53e8caf2e7c021e89322e08f
3079,3604,天山汇景园,118.794587,32.069468,南京市玄武区天山路8号,江苏省,南京市,玄武区,1,3810c8793ff5058b9c09f7ec
3080,3605,荟萃楼学生宿舍,118.795076,32.061427,南京市玄武区进香河路35号,江苏省,南京市,玄武区,1,e05d639d1bc4cc3616a190ea
3081,3606,双龙大厦-A座,118.791975,32.062749,江苏省南京市玄武区双龙巷5号,江苏省,南京市,玄武区,1,6bbdef377bced0ba6240a90a
3082,3607,江苏省军招综合楼,118.793223,32.069504,南京市玄武区玄武门街道高楼门60号,江苏省,南京市,玄武区,1,5dae92de058a361e3c9a5e9c
3083,3608,双龙大厦-B座,118.791713,32.062699,江苏省南京市玄武区双龙巷5号,江苏省,南京市,玄武区,1,e811bf3a8e0a6b59343a71f6
3084,3610,省军招综合楼a楼,118.793112,32.069185,南京市玄武区高楼门60号,江苏省,南京市,玄武区,1,5c2dc21d937d92076fc02c0a
3085,3611,高楼门-53号,118.792314,32.069143,江苏省南京市玄武区高楼门53号,江苏省,南京市,玄武区,1,71a8bb436240df9b1ef74df4
3086,3612,厚载巷19号小区,118.791762,32.068572,江苏省南京市玄武区厚载巷19号,江苏省,南京市,玄武区,1,a1418eb40c7a7466ebe582dd
3087,3613,天山路17号大院,118.795144,32.070085,江苏省南京市玄武区天山路17号,江苏省,南京市,玄武区,1,9c7ab2293c0e21d6aa175aa4
3088,3614,大石桥小区(大石桥街),118.794939,32.06077,南京市玄武区丹凤街4号,江苏省,南京市,玄武区,1,b22f6eeffed6880f71210b76
3089,3615,高楼门-57号,118.792231,32.069424,高楼门57号楼,江苏省,南京市,玄武区,1,e4d7768f227b06f0b817e7c8
3090,3616,恒基中心国际公寓,118.793131,32.060231,南京市玄武区丹凤街39号,江苏省,南京市,玄武区,1,6dc3ed2a15a4117ebd48423d
3091,3617,中信大厦,118.791106,32.062354,南京市玄武区湖南路街道办事处中山路348号,江苏省,南京市,玄武区,1,613d6c8619018f8cd23ce3d1
3092,3618,西家大塘,118.79904,32.069342,江苏省南京市玄武区西家大塘,江苏省,南京市,玄武区,1,bcaebff82eb40b29c9e33cd6
3093,3619,联通大厦,118.791032,32.068514,江苏省南京市玄武区中央路32号,江苏省,南京市,玄武区,1,b3aa435d6b1faf0b157643ef
3094,3620,大石桥6号小区,118.795523,32.060693,南京市玄武区大石桥街19-3号,江苏省,南京市,玄武区,1,22bd07befcf27d35aaf72920
3095,3621,东南大学教工宿舍,118.796605,32.060541,江苏省南京市玄武区大石桥2-4号,江苏省,南京市,玄武区,1,778d2b895b6a58ddad080fba
3096,3622,高楼门-61号,118.792517,32.069791,江苏省南京市玄武区高楼门61号,江苏省,南京市,玄武区,1,a2d28e033b70308ae5e9659e
3097,3623,高楼门公寓,118.793212,32.070137,南京市玄武区高楼门66号,江苏省,南京市,玄武区,1,eb417b5ce5e622d0adcb6629
3098,3624,恒基中心国际公寓-B座,118.792999,32.060662,南京市玄武区丹凤街39号,江苏省,南京市,玄武区,1,e4e5ca560daa3ca917b54b61
3099,3625,苏粮国际大厦,118.791239,32.061785,南京市玄武区中山路338号,江苏省,南京市,玄武区,1,beabdbf4d3d20f997169d3a4
3100,3626,羲和商业广场,118.792062,32.060741,薛家巷8号,江苏省,南京市,玄武区,1,538a996cfe9ebb9b49fc8d78
3101,3627,江苏省商务厅-北门,118.795117,32.06506,南京市玄武区北京东路,江苏省,南京市,玄武区,1,079770b3b51c352ac17da219
3102,3628,江苏省商务厅-西门,118.794758,32.064777,南京市玄武区北京东路与安仁街交叉口东150米,江苏省,南京市,玄武区,1,7002110227f816113ce2314f
3103,3629,南京杨公馆,118.794559,32.063087,南京市玄武区石婆婆巷18号,江苏省,南京市,玄武区,1,967cbec9baf30b5daf080f4f
3104,3630,天翼广场(大钟亭)-西2门,118.791048,32.065962,南京市玄武区中央路2号,江苏省,南京市,玄武区,1,e5742ee832c6e8c3c71b7569
3105,3631,江苏广播电视大厦(东门),118.793064,32.063586,南京市玄武区北京东路2号荔枝广场F1,江苏省,南京市,玄武区,1,8de4da7136b4ff36b2077d18
3106,3632,台城办公楼,118.804743,32.064413,南京市玄武区北京东路43-2号,江苏省,南京市,玄武区,1,131c7dce8af98654f723109f
3107,3633,北京东路-57号商务楼,118.807455,32.064066,南京市玄武区北京东路57号,江苏省,南京市,玄武区,1,fb931deaf927b430d12dd628
3108,3634,和平大厦,118.804837,32.063456,南京市玄武区北京东路22号,江苏省,南京市,玄武区,1,04bdf4a3c35deb4f354aaeec
3109,3635,南京人才大厦,118.80821,32.064087,江苏省南京市玄武区北京东路63号,江苏省,南京市,玄武区,1,befdb292a05fafe1871541ef
3110,3636,东南大学(四牌楼校区)-新一舍,118.8059,32.062383,江苏省南京市玄武区文昌街2号新一舍,江苏省,南京市,玄武区,1,888dfa916c70908077026908
3111,3637,和平新村,118.808715,32.06457,南京市玄武区北京东路69号,江苏省,南京市,玄武区,1,af1ae56b661750124207c1ec
3112,3638,东南大学(四牌楼校区)-新二舍,118.805836,32.062112,江苏省南京市玄武区文昌街2号4号楼校区,江苏省,南京市,玄武区,1,2a7e3b800360cb5f4d2fdff2
3113,3639,东南大学新三舍,118.805758,32.06185,南京市玄武区文昌街2号新三舍,江苏省,南京市,玄武区,1,95a0360ba79182e86018092b
3114,3640,南京科技中心,118.803532,32.062301,成贤街118号,江苏省,南京市,玄武区,1,35a8667e88e6f7c38605bf0b
3115,3641,东南大学(四牌楼校区)-新九舍,118.806127,32.05919,江苏省南京市玄武区文昌街2号九舍,江苏省,南京市,玄武区,1,505b75ac75795ca232f71d66
3116,3642,北京东路30号院,118.806658,32.061886,南京市玄武区北京东路30号,江苏省,南京市,玄武区,1,349195b5a8ae904790114c0e
3117,3643,土壤研究所宿舍-12号楼,118.80979,32.064718,江苏省南京市玄武区北京东路71号土壤研究所小区,江苏省,南京市,玄武区,1,ceff51db4f0a417e94ca07af
3118,3644,土壤研究所宿舍-17幢,118.81037,32.064571,南京市玄武区北京东路15号,江苏省,南京市,玄武区,1,e62f9c3f8edde1f7b320a88e
3119,3645,东南大学(四牌楼校区)-文昌十五舍,118.804681,32.061685,江苏省南京市玄武区太平北路136-1号,江苏省,南京市,玄武区,1,19e34a7195b61e804afd3fd6
3120,3647,土壤研究所宿舍6幢,118.810464,32.065416,南京市玄武区北京东路土壤研究所小区东侧,江苏省,南京市,玄武区,1,5b636133e341cdd935b06c9f
3121,3648,东南大学(四牌楼校区)-新五舍,118.805628,32.061361,江苏省南京市玄武区文昌街2号新五舍,江苏省,南京市,玄武区,1,1de9c73d4506d8b84d776e5c
3122,3652,北京东路71号小区,118.8095,32.06455,南京市玄武区北京东路71号,江苏省,南京市,玄武区,1,76f9c77fdcd34ea8ad080f69
3123,3653,东南大学四牌楼校区文昌十三舍,118.804596,32.061393,南京市玄武区太平北路太平北路132号小区北侧,江苏省,南京市,玄武区,1,65dac2f3382a9b9b931fc93c
3124,3654,土壤研究所宿舍-3号楼,118.810351,32.065951,江苏省南京市玄武区北京东路土壤研究所宿舍3幢,江苏省,南京市,玄武区,1,bfa3973d3e86ad0dd52ce249
3125,3655,土壤研究所小区16幢,118.810296,32.064362,北京东路71,江苏省,南京市,玄武区,1,331a4eeeb47d024085420e75
3126,3656,华英大厦(北京东路),118.810073,32.063561,南京市玄武区北京东路40-1号,江苏省,南京市,玄武区,1,28e700f1c60ee801095cb3ec
3127,3657,兰园,118.806944,32.061097,南京市玄武区北京东路30号,江苏省,南京市,玄武区,1,2527be1e2c7a2ab04afc8d09
3128,3658,成贤街112号大院,118.802809,32.061203,南京市玄武区成贤街112号,江苏省,南京市,玄武区,1,3d77f22b722f42e1ad080ffd
3129,3659,太平北路132号小区,118.804354,32.060636,南京市玄武区太平北路132号,江苏省,南京市,玄武区,1,7258390fdc8928c69122e023
3130,3660,台城花园,118.801006,32.069109,江苏省南京市玄武区解放门5号,江苏省,南京市,玄武区,1,34f68ab01f307a0a8f55ecec
3131,3661,演武新村,118.808475,32.061099,江苏省南京市玄武区北京东路南京外国语学校南侧,江苏省,南京市,玄武区,1,6324d4f0164cb2e3afee7adb
3132,3662,东南大学(四牌楼校区)-文昌8舍,118.805425,32.059605,江苏省南京市玄武区四牌楼2号东南大学四牌楼校区大礼堂,江苏省,南京市,玄武区,1,b5c4277cf4f253343010afe2
3133,3663,公教一村,118.806869,32.065748,江苏省南京市玄武区北京东路51号,江苏省,南京市,玄武区,1,d918261563642bc7d23ce33b
3134,3664,山水大酒店,118.812448,32.050897,江苏省南京市玄武区龙蟠中路118号,江苏省,南京市,玄武区,1,f60a15ed351e86f5bb17e728
3135,3665,北京东路43号院33楼,118.804119,32.064758,江苏省南京市玄武区北京东路43号院33楼,江苏省,南京市,玄武区,1,16064027c9a39de1260bd08a
3136,3666,九华山-42号,118.813831,32.065516,江苏省南京市玄武区九华山42号,江苏省,南京市,玄武区,1,6efdf264652a0eb7fa42b2ce
3137,3667,金桥商务楼(北京东路),118.813968,32.06447,南京市玄武区北京东路九华山12号,江苏省,南京市,玄武区,1,e889a7448c2349b58605bfec
3138,3668,金陵御花园,118.817315,32.065792,南京市玄武区太平门街6号,江苏省,南京市,玄武区,1,0259ce563f522488b020a8b8
3139,3669,九华山-18号,118.813608,32.064961,南京市玄武区九华山18号,江苏省,南京市,玄武区,1,285d01c506b42837882fb59f
3140,3670,佳源公寓,118.816926,32.064266,南京市玄武区太平门街2号,江苏省,南京市,玄武区,1,56f2f6965b36db800aa8d4ec
3141,3671,九华山公寓,118.81275,32.065736,江苏省南京市玄武区九华山12号,江苏省,南京市,玄武区,1,17881efbbf3cf3d4f2193700
3142,3672,南京百世吉服饰有限公司,118.822168,32.049492,江苏南京市玄武区中山东路311-2号,江苏省,南京市,玄武区,1,e25dc039d9789c7996ca071f
3143,3673,洲城根-43号,118.81663,32.067472,江苏省南京市玄武区洲城根43号,江苏省,南京市,玄武区,1,9bafec5b42c3138a260bd0bd
3144,3674,苏菜大厦,118.816224,32.063605,江苏省南京市玄武区太平门街81号,江苏省,南京市,玄武区,1,1696fd7f7c9520e3fb221369
3145,3675,九华山-21号院,118.812553,32.065498,南京市玄武区九华山21号,江苏省,南京市,玄武区,1,66cd192949dd678480a00c2a
3146,3676,九华山-17号,118.812291,32.064839,南京市玄武区九华山17号楼,江苏省,南京市,玄武区,1,7b18fa64c03903ceed74f86b
3147,3677,九华山-19号,118.812377,32.06465,江苏省南京市玄武区九华山19号,江苏省,南京市,玄武区,1,663d1e8fb06c0f791d58003a
3148,3678,太平花园,118.818152,32.064143,江苏省南京市玄武区太平门街10号,江苏省,南京市,玄武区,1,e93761f6f602660c223bf2ec
3149,3679,万润达综合楼,118.814266,32.062699,南京市玄武区北京东路42-2号,江苏省,南京市,玄武区,1,3be122e10bf281521ef74def
3150,3680,九华山-15号,118.812232,32.0644,江苏省南京市玄武区九华山15号,江苏省,南京市,玄武区,1,88c930f073e0c7ecee74f82c
3151,3681,龙蟠中路15号小区,118.813478,32.062353,南京市玄武区龙蟠中路15号,江苏省,南京市,玄武区,1,917494d1bf5878fb293a9f7b
3152,3682,中国科学院南京九华山科学园区-惠联大楼,118.81094,32.065602,江苏省南京市玄武区玄武门街道北京东路71号中国科学院南京土壤研究所,江苏省,南京市,玄武区,1,7cb2e7eee42fe6f2fda778db
3153,3683,太平门东街小区,118.820007,32.063141,南京市玄武区太平门东街4号,江苏省,南京市,玄武区,1,c2767e3f1148eb76dc1e523f
3154,3684,新月公寓,118.819052,32.063018,南京市玄武区太平门街7号,江苏省,南京市,玄武区,1,1b125bdef611caa5ddee8b6c
3155,3685,月新花园,118.818474,32.062437,南京市玄武区太平门街7号,江苏省,南京市,玄武区,1,f5b752e97a394047c9fa5fae
3156,3686,太平门街-89号院,118.818731,32.061561,南京市玄武区太平门89号,江苏省,南京市,玄武区,1,c9cd7393c8cd7607bea240dc
3157,3687,土壤研究所小区,118.81011,32.065366,江苏省南京市玄武区北京东路71号,江苏省,南京市,玄武区,1,9ec66b8787fc4a6ccac3dbf9
3158,3688,斯亚花园-4幢,118.82001,32.063931,江苏省南京市玄武区斯亚花园4幢,江苏省,南京市,玄武区,1,94f48403a109140f4bcc4a04
3159,3689,月新公寓,118.818901,32.061749,江苏省南京市玄武区太平门街89号,江苏省,南京市,玄武区,1,57be69951a9b024420f01788
3160,3691,农场巷太平新村,118.819908,32.061089,南京市玄武区农场巷太平新村,江苏省,南京市,玄武区,1,3e13b4abc2f04b41871541c3
3161,3693,白马山庄,118.823565,32.069628,锁金村(公交车站),江苏省,南京市,玄武区,1,78e92efa4c15bff07369d37c
3162,3694,富贵山,118.827281,32.063289,南京市玄武区,江苏省,南京市,玄武区,1,bb8c2c8765febe5e07fef5f7
3163,3695,白马山庄-1幢,118.823726,32.069037,江苏省南京市玄武区白马山庄1幢,江苏省,南京市,玄武区,1,92ef9cd04177126631169ba2
3164,3696,天泓山庄,118.89859,32.063355,江苏省南京市栖霞区环陵路1号,江苏省,南京市,栖霞区,1,d24e48eb49168cb4afee7a56
3165,3697,天悦园-52幢,118.900638,32.061069,江苏省南京市栖霞区马群天悦园52幢(陶家营路南),江苏省,南京市,栖霞区,1,810b290b4186703c081cc70c
3166,3700,金马花园(马群新街),118.901497,32.06121,南京市栖霞区马群新街110号,江苏省,南京市,栖霞区,1,803708f1b0bb277901897256
3167,3701,紫金新寓,118.901489,32.06175,南京市栖霞区马群新街116号,江苏省,南京市,栖霞区,1,e3a7fd13ecbcf35228b97c56
3168,3702,紫金海岸,118.900893,32.060354,江苏省南京市栖霞区马群新街102-1号,江苏省,南京市,栖霞区,1,0c2257d8da01e0349ff77995
3169,3703,紫金新寓-东门,118.901954,32.061579,南京市栖霞区马群新街116号东门,江苏省,南京市,栖霞区,1,b1cfb36c03b9d0b72a06cede
3170,3704,芝嘉花园,118.91712,32.060399,江苏省南京市栖霞区百水桥村105号,江苏省,南京市,栖霞区,1,a3f21eee9808a1442fb17e56
3171,3705,狮子坝-97号,118.916599,32.067855,江苏省南京市栖霞区狮子坝97号,江苏省,南京市,栖霞区,1,b3e5733d0e6dedadf4b916ec
3172,3706,狮子坝-138号,118.914993,32.068309,江苏省南京市栖霞区狮子坝138号,江苏省,南京市,栖霞区,1,69572707099d0c4ac91b95ca
3173,3707,狮子坝-98号,118.916416,32.067943,江苏省南京市栖霞区狮子坝98号,江苏省,南京市,栖霞区,1,acc9288ebe9a20a5b75f1e7f
3174,3708,狮子坝-126号,118.915303,32.068062,江苏省南京市栖霞区狮子坝126号,江苏省,南京市,栖霞区,1,a39e651aa434925e0ab93a45
3175,3709,狮子坝-128号,118.915419,32.067951,江苏省南京市栖霞区狮子坝128号,江苏省,南京市,栖霞区,1,59156e15adc932cd49fd3f5e
3176,3710,百水桥-111号,118.917427,32.065233,江苏省南京市栖霞区百水桥111号,江苏省,南京市,栖霞区,1,11eec47085781c3cc9c3dbf3
3177,3711,百水东苑,118.919924,32.061804,南京市栖霞区马群街道马群狮子坝宁狮路3号,江苏省,南京市,栖霞区,1,8702f5c917a5231538e4a666
3178,3712,麒麟职中教师楼,118.926479,32.062991,南京市江宁区麒西路68号,江苏省,南京市,江宁区,1,df1edc362a7648be28b97cee
3179,3713,504地质队家属楼,118.930002,32.065715,江苏省南京市江宁区麒麟门504地质队家属院,江苏省,南京市,江宁区,1,d615a54c7c7a72431f3894ea
3180,3714,芝嘉东苑,118.920873,32.064578,江苏省南京市栖霞区宁狮路10号,江苏省,南京市,栖霞区,1,5fa39ee2ecc551fbd518b7a6
3181,3715,白水桥中心村小区,118.921975,32.064823,南京市栖霞区宁狮路10号,江苏省,南京市,栖霞区,1,cac5fc764b6a26f32cb96d56
3182,3716,百水桥-123号,118.922992,32.060948,江苏省南京市栖霞区百水桥123号,江苏省,南京市,栖霞区,1,7eae139fa3797ad6ca2915cd
3183,3717,狮子坝-168号,118.920667,32.06477,江苏省南京市栖霞区狮子坝168号,江苏省,南京市,栖霞区,1,3a995e8cff69d226d92f28c5
3184,3719,江宁麒麟科技创业园经济适用房,118.929029,32.062097,南京市江宁区宁杭公路麒麟苑西侧约110米,江苏省,南京市,江宁区,1,fab27e5b77152bffeddfcacd
3185,3720,其林甫-6号楼,118.933684,32.068558,南京市江宁区其东线,江苏省,南京市,江宁区,1,dbfe9961dda95c5cc33644dc
3186,3721,其林甫1号,118.934271,32.068614,江苏省南京市江宁区其林甫1号,江苏省,南京市,江宁区,1,3007d4b9cf8f607a45e2744e
3187,3722,其林甫-30号,118.932563,32.067869,江苏省南京市江宁区其林甫30号,江苏省,南京市,江宁区,1,d76be671cac7ace041afe6b6
3188,3723,北晨雅居,118.937037,32.061926,南京市江宁区宝山路1号,江苏省,南京市,江宁区,1,28bcead485a74776f8dc8525
3189,3726,锦绣花园,118.939756,32.063731,南京市江宁区麒麟镇宁杭公路,江苏省,南京市,江宁区,1,cac5fc764b4f26f32cb96d75
3190,3727,和谐家园,118.935826,32.060816,江宁区麒东路109号,江苏省,南京市,江宁区,1,d146b388c3968dde74026975
3191,3731,麒麟苑,118.930471,32.062055,南京市江宁区宣义路20号,江苏省,南京市,江宁区,1,750ec1651e6e722b4c3a5975
3192,3732,天涯公寓(宁杭公路辅路),118.930109,32.06134,江苏省南京市江宁区宣义路3栋1单元,江苏省,南京市,江宁区,1,c3e0d09aa59026f4d1f49e38
3193,3733,麒麟浦-66号,118.931666,32.070516,江苏省南京市江宁区麒麟浦66号,江苏省,南京市,江宁区,1,b92afdb5f6bbaae11d1d11bf
3194,3734,南京锦绣花园别墅,118.945243,32.065932,江苏省南京市江宁区麒麟镇麒麟东路138号,江苏省,南京市,江宁区,1,928218aad24d1fdaf2193730
3195,3735,锦绣花园-金桂园,118.941208,32.061991,江苏省南京市江宁区锦绣花园金桂园(宁杭公路北),江苏省,南京市,江宁区,1,8c22fe97dd96a0722102207a
3196,3736,南京锦绣花园别墅-兰馨园,118.945668,32.064845,江苏省南京市江宁区锦绣花园别墅区,江苏省,南京市,江宁区,1,3c4ddc012672935b4bcc4a6a
3197,3737,锦绣花园-茶花园,118.944055,32.069137,江苏省南京市江宁区沪蓉高速公路锦绣花园别墅区,江苏省,南京市,江宁区,1,c0a652eb537c06efeb56fa68
3198,3739,东郊小镇第三街区,118.95752,32.065878,江宁区麒麟街道麒麟东路777号,江苏省,南京市,江宁区,1,373cf7578a560a104354d727
3199,3740,银亿东城,118.950973,32.069438,江苏省南京市江宁区麒麟街道麒东路777号,江苏省,南京市,江宁区,1,b388f9fd59096441b35c6a75
3200,3741,东郊小镇第六街区,118.955564,32.063192,江苏省南京市江宁区麒麟镇麒麟街道麒东路777号,江苏省,南京市,江宁区,1,4bc4c40f6f99edda4e2fdf14
3201,3742,东郊小镇第七街区,118.955268,32.065456,南京市江宁区麒麟街道东麒路777号东郊小镇,江苏省,南京市,江宁区,1,24c3d9590fde33084d776e49
3202,3743,东郊小镇第四街区,118.956786,32.06116,南京市江宁区麒麟街道麒麟门麒东路777号东郊小镇,江苏省,南京市,江宁区,1,23e09a3bfe8662a2fb0cad8f
3203,3744,东郊小镇第八街区-32幢,118.953722,32.064743,南京市江宁区麒麟街道麒东路777号东郊小镇第八街区32幢,江苏省,南京市,江宁区,1,b73a87fee3ad5970b75f1e08
3204,3745,东郊小镇第五街区,118.957415,32.068602,江苏省南京市江宁区麒麟东路777号,江苏省,南京市,江宁区,1,0bf2b7b50ed654d24e5547ff
3205,3746,锁石村小区,118.991596,32.064467,江苏省南京市江宁区锁石村小区(新锁路北100米),江苏省,南京市,江宁区,0,9230c85797a4ca87581093aa
3206,3747,阳明山庄(技校路),119.004982,32.068424,江苏省南京市江宁区汤山街古泉村(阳山碑材公园入口进去),江苏省,南京市,江宁区,1,083a55fa848ee607246e981a
3207,3748,云栖山庄售楼处,119.004762,32.070981,江苏省南京市江宁区阳明路99号,江苏省,南京市,江宁区,1,211be0f6a10f43b77ab55ced
3208,3749,松林山庄(环镇西路),119.055186,32.069799,南京市江宁区汤山街道海泽路77号,江苏省,南京市,江宁区,1,cde9e2c7d09868b4e81e9764
3209,3750,中交·锦兰荟,118.606664,32.055333,江苏省南京市浦口区江浦街道山林路,江苏省,南京市,浦口区,1,6a64c23510551c74b8bd637b
3210,3751,金地格林(西北门),118.603226,32.055432,南京市浦口区华山路与新北路交叉口西南150米,江苏省,南京市,浦口区,1,f9d908eae9df43c69222e04b
3211,3752,北江锦城,118.616741,32.059256,南京市浦口区环城西路89号,江苏省,南京市,浦口区,1,e902b7013da17675f942b280
3212,3753,力标·路易庄园,118.616721,32.058165,江苏省南京市浦口区雨山西路89号,江苏省,南京市,浦口区,1,1a51ba7a6c36b7f21ef74dc7
3213,3754,南京市浦口区江浦街道办事处华光社区居民委员会,118.604687,32.054147,江苏省南京市浦口区新北路金雁湖社区服务中心B栋,江苏省,南京市,浦口区,1,5a9402b69ae8293fe81e976e
3214,3755,金珠花苑,118.629051,32.059719,南京市浦口区文德西路12号,江苏省,南京市,浦口区,1,0dc3d82d6073996c75e5b6fd
3215,3756,西水湾家园,118.626955,32.049512,南京市浦口区江浦街道团结村20号,江苏省,南京市,浦口区,1,e30828481da5f1c1b34c496b
3216,3757,浦口区西城花园小区,118.625597,32.053602,南京市浦口区建设路99号,江苏省,南京市,浦口区,1,a5097bfa02187f63f03cbafd
3217,3758,金盛田·锦上,118.628402,32.056813,江苏省南京市浦口区江浦街道锦上路1号,江苏省,南京市,浦口区,1,f7cc93b87a8346fd0e3ddab6
3218,3759,中海万锦熙岸-北区,118.630383,32.056492,南京市浦口区张墩路中海万锦熙岸-二期,江苏省,南京市,浦口区,1,e9a622ee4d79d98cf7b916b3
3219,3760,中海万锦熙岸-二期,118.630425,32.056212,江浦街道团结路8号,江苏省,南京市,浦口区,1,77dff9e26e50a81e8605bfc7
3220,3761,融创臻园,118.620955,32.056894,江苏省南京市浦口区团结路群盛北江豪庭东南200米,江苏省,南京市,浦口区,1,c3d553143a8bb6479d95deeb
3221,3762,珠江村雨山组-54号,118.625215,32.058076,江苏省南京市浦口区珠江村雨山组54号,江苏省,南京市,浦口区,1,4249387e08b461a317c8f6e3
3222,3763,雨泉家园-01栋,118.624845,32.056415,南京市浦口区雨泉家园01栋,江苏省,南京市,浦口区,1,fbd9ca7a5fddafc62a06ce68
3223,3764,浦口区邮电局宿舍,118.628222,32.058437,文德西路14号,江苏省,南京市,浦口区,1,bf90150cc802f7e796ca077a
3224,3765,西水湾家园-东区,118.629475,32.051158,江苏省南京市浦口区西水湾家园二期(团结路南200米),江苏省,南京市,浦口区,1,b639aa0d23aec84cc51b7505
3225,3767,西水湾家园东区(南门),118.628533,32.050062,南京市浦口区西水湾路1号附近,江苏省,南京市,浦口区,1,d3277e55f4a6de7f7069d38c
3226,3768,西水湾家园-西区,118.627121,32.049248,南京市浦口区北花园路与张墩路交叉路口往南约100米(西水湾家园-东区西南侧约100米),江苏省,南京市,浦口区,1,0a13eb8852734db338e4a6e9
3227,3769,浦口区教师发展中心-北门,118.625324,32.051529,南京市浦口区北花园路与张墩路交叉口西北150米浦口区电化教育中心附近,江苏省,南京市,浦口区,1,970ab782abb2571116764322
3228,3770,中海万锦熙岸,118.632199,32.05418,江苏省南京市浦口区团结路8号,江苏省,南京市,浦口区,1,9266df5aaf9c2e08d5b74e04
3229,3771,新理想佳园,118.634805,32.057446,江苏省南京市浦口区江浦街道珠泉西路10号,江苏省,南京市,浦口区,1,d6df91c15977db6af7b916fc
3230,3772,亚东滨江和园,118.638888,32.050725,江苏省南京市浦口区团结路与浦云路交叉口,江苏省,南京市,浦口区,1,fc174448e89af8406c4760c0
3231,3774,明发·珠江国际,118.632425,32.058862,江苏省南京市浦口区中圣南街第二中学(新理想佳园附近),江苏省,南京市,浦口区,1,f566b57fec20f1609a00506f
3232,3775,西水湾B组团2期,118.631069,32.052177,南京市浦口区团结路西水湾家园-二期,江苏省,南京市,浦口区,1,370e4940d1076430e7e965c5
3233,3776,想理想佳园小区出新现场办公室,118.634488,32.05717,珠泉西路8新理想佳园A4幢新理想家园附近,江苏省,南京市,浦口区,1,76e2efe78c9151b3085cb3c9
3234,3778,中海·万锦熙岸南区,118.631751,32.054626,南京市浦口区张墩路中海万锦熙岸,江苏省,南京市,浦口区,1,eb5338c2b233ce21ebe582a0
3235,3779,金盛田·锦上(东南门),118.629642,32.057299,南京市浦口区文德西路与江淼路交叉口东南150米,江苏省,南京市,浦口区,1,d47819c0e1044b62a1d230f2
3236,3780,新理想佳园-南门,118.63363,32.05592,江苏省南京市浦口区江浦街道雨花路新理想佳园,江苏省,南京市,浦口区,1,e7ac3c3dfe5bb2e24e2fdf6b
3237,3781,怪兽充电(香山湖老码头妈妈菜),118.63489,32.05989,南京市浦口区上河街林公堤民国风情街1号,江苏省,南京市,浦口区,1,8f48be9cca285882ab175a93
3238,3782,南京市浦口区中心医院-住院部,118.643402,32.054338,上河街166号,江苏省,南京市,浦口区,1,45ee3eef3d455286bfa8225c
3239,3783,升龙公园道,118.718148,32.051067,葡萄路升龙公园道,江苏省,南京市,建邺区,1,a9ff97646931a80543afe6c4
3240,3784,升龙公园道西区,118.719293,32.052199,江苏省南京市建邺区升龙公园道(文武街北50米),江苏省,南京市,建邺区,1,45a786897d047fa00c0a70f3
3241,3785,长阳花园,118.73732,32.053989,南京市鼓楼区湘江路,江苏省,南京市,鼓楼区,1,cc0849a03ff967539403191f
3242,3786,长江之家,118.738075,32.056506,南京市鼓楼区湘江路18号长江之家小区商铺,江苏省,南京市,鼓楼区,1,925c550f99fc00ab5b3ac8f7
3243,3787,苏宁馨瑰园,118.739186,32.053434,南京市鼓楼区清凉门大街296号,江苏省,南京市,鼓楼区,1,3a0fbba801b732419fe321a1
3244,3788,银城花园,118.737672,32.058516,江苏省南京市鼓楼区闽江路与扬子江大道交叉路口往东北约200米,江苏省,南京市,鼓楼区,1,44f49ba3a376bc1bdb131850
3245,3789,百步滨江,118.740259,32.054854,南京市鼓楼区湘江路7号,江苏省,南京市,鼓楼区,1,3be122e10a3880521ff74da1
3246,3791,辰龙绿苑,118.739391,32.05157,南京市鼓楼区清凉门大街196号,江苏省,南京市,鼓楼区,1,5208e3bbecfd1302223bf216
3247,3792,南医大学生公寓,118.737454,32.050032,南京市鼓楼区江东街道东宝路18号苏宁环球商贸城对面,江苏省,南京市,鼓楼区,1,a214d0e1d640175928201afe
3248,3793,育才公寓,118.737706,32.051051,南京市鼓楼区清江路101号,江苏省,南京市,鼓楼区,1,edd64ce18ed9b1913ee231a1
3249,3794,湘江路18号院-西门,118.735982,32.055632,南京市鼓楼区湘江路18号,江苏省,南京市,鼓楼区,1,b8907f8b80a4a5e660685859
3250,3795,湘江路18号院-南门,118.736549,32.055498,南京市鼓楼区湘江路18号,江苏省,南京市,鼓楼区,1,616b2a558318c5b0c51e510e
3251,3796,南京福彩大厦,118.745431,32.054326,南京市鼓楼区江东北路191号,江苏省,南京市,鼓楼区,1,e11514e170ec394a130daa8a
3252,3797,春光大厦,118.745336,32.054168,南京市鼓楼区江东北路191号,江苏省,南京市,鼓楼区,1,bff8fa7d2dd7d9a0c9213da1
3253,3798,民政局小区,118.744868,32.054258,南京市鼓楼区江东北路193号,江苏省,南京市,鼓楼区,1,5057c542807ae4fc54bfff17
3254,3799,江东北路193号小区,118.744797,32.054171,南京市鼓楼区江东北路193号,江苏省,南京市,鼓楼区,1,a6b64fd6789be3459f09f73f
3255,3800,江东北路196号院-2幢,118.746901,32.05598,江苏省南京市鼓楼区江东北路196号院2幢,江苏省,南京市,鼓楼区,1,ce9ded8eeebd23a2b74f5499
3256,3801,雅瑰园,118.744056,32.054511,湘江路1号,江苏省,南京市,鼓楼区,1,6113ef774e3056148f7727a1
3257,3802,西城晶华,118.746948,32.056068,南京市鼓楼区江东街道江东北路198号,江苏省,南京市,鼓楼区,1,fa92e95452c79b08cae33cde
3258,3803,永嘉年华,118.745561,32.05655,南京市鼓楼区江东北路209号,江苏省,南京市,鼓楼区,1,d6ee872413a97fe0a9f0cda1
3259,3804,聚福园东园,118.743929,32.055986,南京市鼓楼区湘江路聚福园,江苏省,南京市,鼓楼区,1,3df7c6c1bdc3611aa1a93426
3260,3805,金舟花园,118.744314,32.057256,江东北路330号,江苏省,南京市,鼓楼区,1,75036835b29810af5f0d02a1
3261,3806,中国联通新时空大厦,118.745622,32.057235,南京市鼓楼区江东北路211号,江苏省,南京市,鼓楼区,1,2fd2beab7acb3b527bdbd2a1
3262,3807,苏宁千秋情缘·知音园,118.748707,32.055205,湛江路69苏宁千秋情缘,江苏省,南京市,鼓楼区,1,7388dffd1323acebd2ff23a1
3263,3808,汇贤居,118.748346,32.056412,江苏省南京市鼓楼区湛江路79号,江苏省,南京市,鼓楼区,1,fc767524f6703cfa4f776ea1
3264,3809,丁香园(清凉门大街),118.74845,32.052858,南京市鼓楼区清凉门大街168号,江苏省,南京市,鼓楼区,1,750ec1651e3a722b4d3a59a1
3265,3810,华茂大厦,118.745549,32.058072,江苏省南京市鼓楼区江东北路269号,江苏省,南京市,鼓楼区,1,5e53af1a7654185f4051c0a1
3266,3811,汇文居,118.744324,32.051478,南京市鼓楼区清凉门大街201号,江苏省,南京市,鼓楼区,1,e6875efa8b0a1a4bc51e519a
3267,3812,聚福园,118.743183,32.05579,江苏省南京市鼓楼区漓江路8号,江苏省,南京市,鼓楼区,1,8fde79ccbf0998bf94ca07a1
3268,3813,苏宁千秋情缘花园,118.749315,32.053535,汉江路146号,江苏省,南京市,鼓楼区,1,bba87388aec28ea0bda822a1
3269,3814,辰龙广场,118.744949,32.051094,江苏省南京市鼓楼区江东北路121号,江苏省,南京市,鼓楼区,1,1962a2a063d7f5a945e27404
3270,3815,宏图·香榭里(银城街),118.744373,32.058509,江东街道银城街31号,江苏省,南京市,鼓楼区,1,5b25f446c28bf49710293508
3271,3816,新城市青年公寓,118.747113,32.057837,江苏省南京市鼓楼区凤凰街道江东北路216号新城市青年公寓,江苏省,南京市,鼓楼区,1,129047228f90f1540f0a70fc
3272,3817,银城·聚福园(西园),118.741148,32.056468,南京市鼓楼区漓江路1号,江苏省,南京市,鼓楼区,1,9ee7cc78d9e1947017c905a1
3273,3818,银城街小区,118.743363,32.058568,南京市鼓楼区银城街银城花园40号,江苏省,南京市,鼓楼区,1,4ce10ce6dd122fa1451a32a1
3274,3819,苏城北苑,118.75056,32.056299,南京市鼓楼区湛江路98号,江苏省,南京市,鼓楼区,1,2e00c5dda037a41cd6851fa1
3275,3820,新城市·城市假日,118.747992,32.058692,南京市鼓楼区龙园西路9号,江苏省,南京市,鼓楼区,1,923ffd000761a5b7d82f28a1
3276,3821,清江苏宁广场,118.747624,32.050254,南京市鼓楼区江东北路88号,江苏省,南京市,鼓楼区,1,b687389b78a5ca758c772754
3277,3822,瑞园(银城街),118.741465,32.057924,闽江路18号,江苏省,南京市,鼓楼区,1,14e3d85c5700c69c1029359e
3278,3823,辰龙绿苑-东区,118.741174,32.051392,江苏省南京市鼓楼区清凉门大街291号,江苏省,南京市,鼓楼区,1,89fdea52c0b32f5af4231062
3279,3824,浦江大厦,118.742141,32.050123,南京市鼓楼区浦江路26号,江苏省,南京市,鼓楼区,1,089d2f5c8933ac6b36b06cc5
3280,3825,龙江·元隆府邸,118.742319,32.060754,南京市鼓楼区银城街48号,江苏省,南京市,鼓楼区,1,0bd5d5c677be82735fd4fe73
3281,3826,清江公寓,118.741027,32.050562,南京市鼓楼区锦江路68号,江苏省,南京市,鼓楼区,1,93484d44de0aa046740269aa
3282,3827,苏宁天启花园,118.749205,32.050002,南京市鼓楼区湛江路59号,江苏省,南京市,鼓楼区,1,b92ed08820b6a7fdce04efc9
3283,3828,银嘉公寓,118.740738,32.059797,江苏省南京市鼓楼区银城街54号,江苏省,南京市,鼓楼区,1,4792a69939bce979a8175a21
3284,3829,东宝路28号大院,118.74061,32.049978,南京市鼓楼区江东街道东宝路28号,江苏省,南京市,鼓楼区,1,77d681b8398bc3fa7bdbd2f6
3285,3830,嘉华商务楼,118.745502,32.056537,江苏省南京市鼓楼区江东北路209号,江苏省,南京市,鼓楼区,1,9089ed4a06686729f7231051
3286,3831,公寓区,118.750665,32.042336,南京市建邺区茶亭东街与云锦路交叉路口往北约90米,江苏省,南京市,建邺区,1,03b73f69f55a45276d20b960
3287,3832,长阳花园-三期,118.7373,32.055242,南京市鼓楼区湘江路长阳花园,江苏省,南京市,鼓楼区,1,163484c6c8fde2c5be4842be
3288,3833,白云园-119号,118.749474,32.059795,南京市鼓楼区龙园西路新城市·城市假日东北侧约40米,江苏省,南京市,鼓楼区,1,225ad1587d66bd4785420e89
3289,3836,花开园小区,118.755605,32.054431,南京市鼓楼区清凉门桥嫩江路28号,江苏省,南京市,鼓楼区,1,b47e81ea176257db80a00cec
3290,3837,花开四季,118.757089,32.054891,南京市鼓楼区嫩江路20号,江苏省,南京市,鼓楼区,1,cb4fd14688b714419c9d68a1
3291,3838,曲水文华苑,118.755398,32.056417,南京市鼓楼区凤凰东街52号,江苏省,南京市,鼓楼区,1,cc0849a04045c850950319a1
3292,3839,杏聚村(清凉门大街),118.756543,32.053048,南京市鼓楼区清凉门大街48号,江苏省,南京市,鼓楼区,1,9ee7cc78d99f947017c905a3
3293,3840,西城风尚,118.754349,32.056688,南京市鼓楼区凤凰东街66号,江苏省,南京市,鼓楼区,1,1bc99b142fc26753465726c3
3294,3841,金信花园,118.75308,32.054055,南京市鼓楼区清凉门大街68号,江苏省,南京市,鼓楼区,1,c5ddcc085f2368c5d813181f
3295,3842,里圩,118.755915,32.055917,南京市鼓楼区嫩江路,江苏省,南京市,鼓楼区,1,9f97b1c571a66106b64f5456
3296,3843,辰龙紫苑,118.755457,32.052725,南京市鼓楼区清凉门大街56号,江苏省,南京市,鼓楼区,1,438ef5c41eb8425f81a12e92
3297,3844,鼓馨阳光家园,118.754288,32.053447,南京市鼓楼区嫩江路55号,江苏省,南京市,鼓楼区,1,e1229ab9a51c08eb4c3a59c2
3298,3845,南京市中医药大学教工宿舍,118.756601,32.053354,江苏省南京市鼓楼区清凉门大街48号,江苏省,南京市,鼓楼区,1,a334dbd85b2686c5081cc7ef
3299,3846,苏城南苑,118.751399,32.053095,南京市鼓楼区湛江路88号,江苏省,南京市,鼓楼区,1,631c4157403f286130f71da1
3300,3847,龙凤花园,118.752491,32.056102,南京市鼓楼区汉江路16号,江苏省,南京市,鼓楼区,1,05dd7d5f66359501ac080fa1
3301,3848,石头城-58号楼,118.75862,32.059978,江苏省南京市鼓楼区石头城58号楼,江苏省,南京市,鼓楼区,1,305f424adb3d6a8ee6e96590
3302,3849,西城岚湾花苑,118.758776,32.052709,南京市鼓楼区凤凰东街64号,江苏省,南京市,鼓楼区,1,8cba4bb02bfaf6f9ac0457b8
3303,3852,苏宁乐瑰园,118.757266,32.051111,南京市鼓楼区北圩路151号,江苏省,南京市,鼓楼区,1,a86b1d61c1d00b3e220220e4
3304,3853,苏宁·紫金朝阳府-西南门,118.750293,32.054447,南京市鼓楼区湛江路92号,江苏省,南京市,鼓楼区,1,016592ad48e28aa59a0050de
3305,3854,石头城-45号楼,118.758961,32.059251,南京市鼓楼区石头城45号楼,江苏省,南京市,鼓楼区,1,1c71924a88ac412c87154181
3306,3855,蓝天园,118.753936,32.058971,南京市鼓楼区龙园南路,江苏省,南京市,鼓楼区,1,1eaebceca7e9a6bc6b49f319
3307,3856,石头城-28号,118.758892,32.058583,江苏省南京市鼓楼区石头城28号,江苏省,南京市,鼓楼区,1,ae9f6e8a57d21c190869d927
3308,3857,石头城-106号楼,118.75735,32.069266,南京市鼓楼区石头城106号楼,江苏省,南京市,鼓楼区,1,b57190623b7490c695f08c55
3309,3858,华阳佳园,118.752794,32.050328,江苏省南京市鼓楼区清凉门大街113号,江苏省,南京市,鼓楼区,1,7524cb4fed795e3405026fa1
3310,3859,中海大厦(清凉门大街),118.758656,32.05151,江苏省南京市鼓楼区清凉门大街39号,江苏省,南京市,鼓楼区,1,cf88f78a640670a77adbd2e5
3311,3860,汉都汇,118.756692,32.058562,江苏省南京市鼓楼区石头城财智中心1号楼,江苏省,南京市,鼓楼区,1,21e8ac4b045ee8cb9e82ea84
3312,3861,清凉新村,118.764886,32.054236,南京市鼓楼区虎踞路77号,江苏省,南京市,鼓楼区,1,1838c650bd1eee525d17c3b2
3313,3862,清凉雅苑,118.764152,32.054272,南京市鼓楼区清凉门6号广州路虎踞路石头城公园古城墙清凉门内,江苏省,南京市,鼓楼区,1,41df02fd72c7b9aea80dd86c
3314,3863,虎踞路31号,118.768903,32.050933,江苏省南京市鼓楼区虎踞路31号,江苏省,南京市,鼓楼区,1,7fdce3cfc3d8459ec2f1cf40
3315,3864,清凉山-83号,118.767911,32.054345,江苏省南京市鼓楼区清凉山83号,江苏省,南京市,鼓楼区,1,5bdc2fa4f365a7a72eb17ea1
3316,3865,虎踞路86号小区,118.764941,32.057491,南京市鼓楼区虎踞路86号,江苏省,南京市,鼓楼区,1,64fa0395943cc498892fb5c1
3317,3866,河海大学-学生7舍,118.765104,32.057813,南京市鼓楼区西康路1号河海大学,江苏省,南京市,鼓楼区,1,04785a9ef8e57775a11de98a
3318,3867,河海大学-学生十舍,118.765648,32.057992,南京市鼓楼区虎踞路河海大学,江苏省,南京市,鼓楼区,1,ff747ef4796c0c520e3ddafb
3319,3869,河海大学-学生4舍,118.764277,32.057866,西康路1号河海大学虎踞路86号小区(西门)附近,江苏省,南京市,鼓楼区,1,b89561401c9cdf4561685835
3320,3870,河海大学-学生八舍,118.765136,32.058124,南京市鼓楼区西康路1号河海大学,江苏省,南京市,鼓楼区,1,b266c9820c1d12c11ef74d68
3321,3871,清凉山庄(内环西线辅路),118.768318,32.052895,南京市鼓楼区虎踞路62号,江苏省,南京市,鼓楼区,1,4642844a594f2cd9c8fa5fa3
3322,3872,河海大学学生5舍,118.764274,32.0582,南京市鼓楼区河海大学学生5舍,江苏省,南京市,鼓楼区,1,9a1c07b9c30584c597ec8403
3323,3873,河海大学-学生九舍,118.765085,32.058455,南京市鼓楼区虎踞路河海大学,江苏省,南京市,鼓楼区,1,97d9294cea136c8b88b98814
3324,3874,河海大学-研究生6舍,118.764224,32.058439,江苏省南京市鼓楼区西康路1号,江苏省,南京市,鼓楼区,1,6453365943bc0411c51e517c
3325,3875,南京水科院,118.772014,32.052798,江苏省南京市鼓楼区广州路223号,江苏省,南京市,鼓楼区,1,4848ab5e729ded995fbe866a
3326,3876,虎踞关43号小区,118.769496,32.05753,南京市鼓楼区虎踞关43号,江苏省,南京市,鼓楼区,1,cd1554405e4751c2471a32b9
3327,3877,鑫宏花园,118.760804,32.052471,南京市鼓楼区凤凰东街48号,江苏省,南京市,鼓楼区,1,75036835b2e610af5f0d02a3
3328,3878,中海凤凰熙岸1期,118.761157,32.050132,南京市鼓楼区清凉门大街1号,江苏省,南京市,鼓楼区,1,71b1afe719af4a141ef74da4
3329,3879,龙蟠里-5号,118.770158,32.051648,江苏省南京市鼓楼区龙蟠里5号,江苏省,南京市,鼓楼区,1,63e5a8533887d2ad28b97c61
3330,3880,南京师范大学随园校区学生宿舍-8号楼,118.77022,32.059168,南京市鼓楼区宁海路122号南京师范大学随园校区,江苏省,南京市,鼓楼区,1,b3695e946b7cf7c0ab175ad2
3331,3881,中海凤凰熙岸写字楼,118.763884,32.051002,江苏省南京市鼓楼区清凉门大街1号,江苏省,南京市,鼓楼区,1,99fcad30c761bbfcd718b74d
3332,3882,虎距关1号综合楼(西南门),118.770192,32.057417,江苏省南京市鼓楼区虎踞关1-1号附近,江苏省,南京市,鼓楼区,1,aff08f067bc3412760180911
3333,3883,宇田大厦,118.770494,32.057409,南京市鼓楼区华侨路街道虎踞关1号,江苏省,南京市,鼓楼区,1,dfc496b6cfebc8af8836eea3
3334,3884,中海凤凰熙岸-东门,118.765168,32.050231,南京市鼓楼区凤凰东街与裕盛路交叉口东南150米,江苏省,南京市,鼓楼区,1,3cfa1b9118ba38094afc8d95
3335,3885,紫府铭居,118.776804,32.055693,南京市鼓楼区广州路209号,江苏省,南京市,鼓楼区,1,366d5588762e48ff1ef74d6d
3336,3886,天诚大厦,118.777152,32.056306,江苏省南京市鼓楼区广州路199号,江苏省,南京市,鼓楼区,1,f3c2373c52160b52d32dd6a3
3337,3887,南京师范大学(随园校区)-留学生公寓,118.775396,32.057192,南京市鼓楼区宁海路街道宁海路122号,江苏省,南京市,鼓楼区,1,cdf1a6818b8dbd62d72ce2a6
3338,3889,五环大厦,118.777559,32.056513,南京市鼓楼区广州路191号,江苏省,南京市,鼓楼区,1,2ad32cc365a91b8f9c95dea3
3339,3890,五台山体育中心-行政楼,118.777472,32.055026,江苏省南京市鼓楼区拉萨路2-3号(五台山体育中心内),江苏省,南京市,鼓楼区,1,3a3c8642ad7d2c678b2fb5f8
3340,3891,江苏省人民医院-宿舍,118.776643,32.053363,南京市鼓楼区拉萨路18号,江苏省,南京市,鼓楼区,1,6dc7ce771df20617077ce8a4
3341,3892,江苏省人民医院宿舍(广州路)-6幢,118.777071,32.057163,南京市鼓楼区广州路252号6幢,江苏省,南京市,鼓楼区,1,1d63f3a014f2fe84cc06a4d5
3342,3894,南京市胸科医院-宿舍区,118.776356,32.05296,南京市鼓楼区华侨路街道广州路215号,江苏省,南京市,鼓楼区,1,83d19a34a6cbec0eaecb66df
3343,3895,百步坡,118.778171,32.053149,南京市鼓楼区拉萨路305号,江苏省,南京市,鼓楼区,1,9a63d7057df5351a7369d34e
3344,3896,数字城市大厦(东北门),118.778167,32.057395,南京市鼓楼区广州路189号数字城市大厦,江苏省,南京市,鼓楼区,1,4e69c1f1b2806eec9f82eae1
3345,3897,南京民防大厦,118.777924,32.057073,江苏省南京市鼓楼区广州路189号,江苏省,南京市,鼓楼区,1,060f5e533b5b08d7091cc7a3
3346,3898,峨嵋岭-21号,118.776393,32.052491,峨嵋岭21号,江苏省,南京市,鼓楼区,1,9bf98d5110c90327c7f50d29
3347,3899,峨嵋岭10号小区,118.777702,32.052165,江苏省南京市鼓楼区峨嵋岭10号,江苏省,南京市,鼓楼区,1,81d26054fda12eb60aa8d48d
3348,3900,南山专家楼主楼-东楼,118.777605,32.058109,南京市鼓楼区宁海路122号南京师范大学随园校区(近五台山体育馆北门),江苏省,南京市,鼓楼区,1,f1f5cac58155dae537b06cb8
3349,3901,虎踞关社区,118.769484,32.058359,虎踞关(广州路),江苏省,南京市,鼓楼区,1,a1e9391c69dee97bdbeced31
3350,3902,峨嵋岭19号小区,118.775565,32.05172,江苏省南京市鼓楼区峨嵋岭19号,江苏省,南京市,鼓楼区,1,480b24d09410f48c9dec2b87
3351,3903,易发科技大厦,118.778415,32.057712,江苏省南京市鼓楼区广州路,江苏省,南京市,鼓楼区,1,1b165219406212da2cb90834
3352,3904,南京住建委大楼,118.778965,32.056885,南京市鼓楼区广州路183号,江苏省,南京市,鼓楼区,1,9f57f3a57293e542f32d83cd
3353,3905,英伦国际,118.77946,32.056679,江苏省南京市鼓楼区广州路177号,江苏省,南京市,鼓楼区,1,a8987300dc7e0a84aeb22a50
3354,3906,陶谷新村4号民国建筑,118.782522,32.060009,陶谷新村4号,江苏省,南京市,鼓楼区,1,b52d0cd3cec4ed983913fd01
3355,3907,金鼎湾·今朝天下,118.778877,32.052382,南京市鼓楼区牌楼巷55号,江苏省,南京市,鼓楼区,1,b2760e6f3a6b744676e5b6d7
3356,3908,峨嵋岭15号大院,118.775835,32.050668,南京市鼓楼区峨嵋岭13-15号,江苏省,南京市,鼓楼区,1,8e3b29a9f71ebee0bbbd6389
3357,3909,南东瓜市小区,118.779448,32.058256,南京市鼓楼区南东瓜市14号,江苏省,南京市,鼓楼区,1,593850fb45bed65dde1e52a3
3358,3910,五台山庄,118.778059,32.051186,南京市鼓楼区牌楼巷47号,江苏省,南京市,鼓楼区,1,ed21e7982ebffba59ef7795f
3359,3911,峨嵋岭12号大院,118.776863,32.050856,南京市鼓楼区峨嵋岭12号,江苏省,南京市,鼓楼区,1,0bb02f7b11bc188096ca0769
3360,3912,南京中国医药大学女生宿舍,118.774139,32.050725,南京市鼓楼区华侨路街道汉中路278号峨眉岭后院,江苏省,南京市,鼓楼区,1,ef0c0f0537acfd09364aae05
3361,3913,龙蟠里-18号院,118.771506,32.052043,江苏省南京市鼓楼区龙蟠里18号,江苏省,南京市,鼓楼区,1,c114f8db4233396b9c09f76b
3362,3914,宁海路122号西山-西区,118.771855,32.058671,南京市鼓楼区华侨路街道宁海路122号南京师范大学(随园校区),江苏省,南京市,鼓楼区,1,3025026f58025d624151c08a
3363,3915,宁海路199-203号小区,118.778699,32.059213,南京市鼓楼区宁海路201号,江苏省,南京市,鼓楼区,1,95675bd5732aab13250bd041
3364,3916,星月大厦(牌楼巷),118.77902,32.051558,南京市鼓楼区牌楼巷47号(近汉中路),江苏省,南京市,鼓楼区,1,15ed53ce0e11ab549322e0a3
3365,3917,牌楼巷,118.778374,32.04943,江苏省南京市鼓楼区,江苏省,南京市,鼓楼区,0,b1f572856514af4a29201a59
3366,3918,观园·翔龙,118.772656,32.051118,南京市鼓楼区华侨路街道虎踞路26号,江苏省,南京市,鼓楼区,1,b65f418152b57d4888b98847
3367,3919,万源大厦(牌楼巷),118.77868,32.051086,南京市鼓楼区牌楼巷47-1号,江苏省,南京市,鼓楼区,1,654762717e6b6506daeced6a
3368,3920,宁海路199号院,118.778562,32.059602,南京市鼓楼区宁海路199号,江苏省,南京市,鼓楼区,1,34eff2e88c63f57f2002201e
3369,3921,龙蟠里-9号,118.770898,32.052109,江苏省南京市鼓楼区龙蟠里9号,江苏省,南京市,鼓楼区,1,23d6ebae4efd674bc6f50dc1
3370,3922,怡华大厦,118.779852,32.051888,江苏省南京市鼓楼区怡景花园27号,江苏省,南京市,鼓楼区,1,50f7d146c6a621c473210ba3
3371,3923,国华大厦,118.778511,32.050783,南京市鼓楼区牌楼巷47号,江苏省,南京市,鼓楼区,1,49a02a7a4cad84402a201aa3
3372,3924,南师大小区,118.77108,32.058663,江苏省南京市鼓楼区虎踞关,江苏省,南京市,鼓楼区,1,ab86e1a8ac9130c93417dca0
3373,3927,开元新居,118.771023,32.051233,南京市鼓楼区广州路龙蟠里14号,江苏省,南京市,鼓楼区,1,3dc9befda1d35e16bfa240a3
3374,3928,合群新村-十二村,118.779643,32.059213,南京市鼓楼区北东瓜市与南东瓜市交叉路口往西北约70米,江苏省,南京市,鼓楼区,1,43e496ffd0ea1fc602ec014c
3375,3930,南京师范大学-博士生公寓,118.772113,32.059817,南京市鼓楼区宁海路122号南京师范大学随园校区,江苏省,南京市,鼓楼区,1,1955c6f8717830a1b6147fb4
3376,3931,南京师范大学随园校区学生宿舍-6号楼,118.771401,32.059505,南京市鼓楼区宁海路122号南京师范大学随园校区(近五台山体育馆北门),江苏省,南京市,鼓楼区,1,03efef0f4b7e2bd16e4760f6
3377,3932,培德里小区,118.778566,32.060012,南京市鼓楼区宁海路195号(上海路),江苏省,南京市,鼓楼区,1,093d471f4c08974f5bf6be5b
3378,3933,南京师范大学随园校区学生宿舍-9号楼,118.770236,32.059102,宁海路122号南京师范大学随园校区,江苏省,南京市,鼓楼区,1,e8312b881061d10077e5b602
3379,3936,北东瓜市小区,118.779802,32.059965,"南京市鼓楼区北东瓜市12,13号",江苏省,南京市,鼓楼区,1,88bea9d4cdc024536d20b973
3380,3937,南京师范大学随园校区学生宿舍5,118.770649,32.059942,南京市鼓楼区宁海路122号南京师范大学随园校区(近五台山体育馆北门),江苏省,南京市,鼓楼区,1,2b780d398382718d42d63e94
3381,3938,青教公寓,118.776499,32.052153,江苏省南京市鼓楼区峨嵋岭20号20号院,江苏省,南京市,鼓楼区,1,7c2de0aea199825b90114caa
3382,3939,文体西村,118.76443,32.035229,南京市建邺区南湖路,江苏省,南京市,建邺区,1,e3a7fd13ecc3f35229b97cb3
3383,3942,海苑大厦,118.784817,32.055874,南京市鼓楼区广州路99号,江苏省,南京市,鼓楼区,1,c5ddcc0822e1c7c6d91318a3
3384,3943,广州路社区-北门,118.786118,32.056109,南京市鼓楼区广州路39号,江苏省,南京市,鼓楼区,1,e14ebdd4b2b5fd580bf5ebd7
3385,3944,豆菜桥22-2,118.786328,32.05529,南京市鼓楼区豆菜桥22-2号,江苏省,南京市,鼓楼区,1,42281a15a03a5fc371455b87
3386,3946,江苏科技大厦,118.786653,32.055983,江苏省南京市鼓楼区广州路37号,江苏省,南京市,鼓楼区,1,881a28e7b176fa5ef942b271
3387,3947,豆菜桥6号小区,118.785879,32.0544,南京市鼓楼区豆菜桥与干河沿前街交叉路口往西北约50米,江苏省,南京市,鼓楼区,1,9bccb9762ae2dc2ecae33c0b
3388,3948,豆菜桥20号小区,118.78658,32.054617,南京市鼓楼区豆菜桥20号,江苏省,南京市,鼓楼区,1,ab49f977b355ef70b45f1eca
3389,3949,广海大厦,118.783885,32.055859,南京市鼓楼区广州路101号,江苏省,南京市,鼓楼区,1,8cba4bb086411b87ad045705
3390,3950,五台东苑,118.784756,32.054078,南京市鼓楼区上海路36号(广州路),江苏省,南京市,鼓楼区,1,b292b3aa0c43d52bbf4842bd
3391,3951,豆菜桥小区,118.786108,32.05372,江苏省南京市鼓楼区豆菜桥4号,江苏省,南京市,鼓楼区,1,fc7675244b207b874e776e6c
3392,3952,金陵中学教师宿舍,118.7872,32.055038,南京市鼓楼区华侨路街道干河沿前街90号,江苏省,南京市,鼓楼区,1,2cc076b55c309ccd81a12e4d
3393,3954,银城五台花园,118.783184,32.054735,南京市鼓楼区上海路21号,江苏省,南京市,鼓楼区,1,48eb00582949bfad2ee67ba3
3394,3955,大地大厦,118.784426,32.053254,南京市鼓楼区华侨路56号,江苏省,南京市,鼓楼区,1,9ffb9d196b8ffccd2cb90878
3395,3956,随园-7号楼,118.783675,32.056663,江苏省南京市鼓楼区随园7号楼,江苏省,南京市,鼓楼区,1,a9bbde98d69a70ac1f389491
3396,3957,外教公寓-东门,118.787141,32.057287,江苏省南京市鼓楼区汉口路22号南京大学鼓楼校区,江苏省,南京市,鼓楼区,1,891cc9499d852d81c5effbeb
3397,3958,五台山社区,118.783229,32.0536,江苏省南京市鼓楼区华侨路街道,江苏省,南京市,鼓楼区,1,0fb6f0d95dcae578ca1b954d
3398,3959,青岛路2号小区,118.785269,32.057957,南京市鼓楼区青岛路2号,江苏省,南京市,鼓楼区,1,64f2fa6379e4b09a17b54bd8
3399,3960,五台山1号,118.783391,32.053139,江苏省南京市鼓楼区五台山1号,江苏省,南京市,鼓楼区,1,2e041c55eecafb3232870ae0
3400,3961,丰汇大厦,118.783277,32.053166,江苏省南京市鼓楼区上海路1号,江苏省,南京市,鼓楼区,1,d6df91c15ad2da6af6b916a3
3401,3962,八一公寓,118.784244,32.052589,南京市鼓楼区华侨路81-1号,江苏省,南京市,鼓楼区,1,e116be542ba90f7bc81b95a0
3402,3963,君临国际,118.788857,32.055886,江苏省南京市鼓楼区广州路5号,江苏省,南京市,鼓楼区,1,39d43f82f0aa359fa8059d43
3403,3964,亚子宿舍,118.787319,32.052902,南京市鼓楼区华侨路46号-101室,江苏省,南京市,鼓楼区,1,b5e50644a982b05e82a12e45
3404,3965,南京大学(鼓楼校区)陶园-1舍,118.788985,32.058129,南京市鼓楼区汉口路22号南京大学鼓楼校区,江苏省,南京市,鼓楼区,1,71786fe6147c268d88f15d91
3405,3967,南京大学鼓楼校区宿舍区,118.787379,32.058286,南京市鼓楼区汉口路9南京大学宿舍,江苏省,南京市,鼓楼区,1,578470bb1e4fbe7fae080f18
3406,3968,春风大厦,118.786784,32.052231,江苏省南京市鼓楼区华侨路37号,江苏省,南京市,鼓楼区,1,37d60a46be4ee7601f1d11a3
3407,3969,南京大学(鼓楼校区)-陶园2舍,118.788243,32.057869,江苏省南京市鼓楼区汉口路22号南京大学鼓楼校区,江苏省,南京市,鼓楼区,1,5bf030703e4401f982a12e09
3408,3970,兰之堂小区,118.785787,32.051772,南京市鼓楼区新街口西慈悲社5-2号,江苏省,南京市,鼓楼区,1,3d1abdf6ffdd78a431870ad5
3409,3971,新兴大厦(华侨路),118.788787,32.05268,南京市鼓楼区华侨路26-3号,江苏省,南京市,鼓楼区,1,bd5046e8de9c3a41d62ce2a3
3410,3972,华侨路二十六号小区,118.788199,32.053004,南京市鼓楼区华侨路26号,江苏省,南京市,鼓楼区,1,183257a354f861f225d2bbdd
3411,3973,金蓝山商务中心,118.785557,32.059451,南京市鼓楼区湖南路街道汉口路47号,江苏省,南京市,鼓楼区,1,4c3955dc781fca5e95ca0722
3412,3974,银城大厦,118.782622,32.052226,南京市鼓楼区上海路15号,江苏省,南京市,鼓楼区,1,74c933fb43c2b15e9f82eaa3
3413,3975,汉口路小区,118.785598,32.059197,江苏省南京市鼓楼区汉口路47号,江苏省,南京市,鼓楼区,1,c8a203a776014930b5f42f7f
3414,3976,苏宁环球大厦,118.781404,32.057128,广州路188号,江苏省,南京市,鼓楼区,1,61085211518b0ba0c51b750d
3415,3977,华侨路,118.784407,32.052841,江苏省南京市鼓楼区,江苏省,南京市,鼓楼区,0,869ab5b10813c6ee9ef7794c
3416,3978,青岛路10号院,118.784936,32.059106,南京市鼓楼区青岛路10号,江苏省,南京市,鼓楼区,1,4c5604ca263c484e2e473338
3417,3979,易发信息大厦,118.790031,32.056026,南京市鼓楼区中山路179号,江苏省,南京市,鼓楼区,1,5ce2637d404bf851af31e5a3
3418,3980,南京大学鼓楼校区南园-陶园南楼,118.789431,32.057717,南京市鼓楼区广州路18号,江苏省,南京市,鼓楼区,1,e0a96ec3066bff81ae31e585
3419,3981,慈悲社-20号,118.786668,32.051499,江苏省南京市鼓楼区慈悲社20号,江苏省,南京市,鼓楼区,1,7f7ef7178ee3729bf4eafcaa
3420,3983,龙世中心,118.79015,32.057019,南京市鼓楼区广州路2号,江苏省,南京市,鼓楼区,1,bcaebff8753c4e54c8e33ca3
3421,3984,南京大学(鼓楼校区)南园-17舍,118.788932,32.05853,江苏省南京市鼓楼区汉口路22号,江苏省,南京市,鼓楼区,1,8d08ee538583f9f54151c0fe
3422,3985,中南国际大厦,118.790077,32.053615,江苏省南京市鼓楼区中山路129号,江苏省,南京市,鼓楼区,1,7aea43b7f2f746847c29bd63
3423,3986,五台山体育中心-商务楼,118.780842,32.052452,江苏省南京市鼓楼区华侨路街道五台山1-6号,江苏省,南京市,鼓楼区,1,15a938100d3817bd15c8f6a3
3424,3987,南京大学(鼓楼校区)南园-7舍,118.788894,32.058786,江苏省南京市鼓楼区汉口路22号,江苏省,南京市,鼓楼区,1,54485eaefcc65d73d4851f00
3425,3988,管家桥-87号,118.788978,32.052134,江苏省南京市鼓楼区管家桥87号,江苏省,南京市,鼓楼区,1,7d1fc29f9027b89b4e2fdf04
3426,3989,南京大学(鼓楼校区)南园-2舍,118.788094,32.058978,江苏省南京市鼓楼区汉口路22号,江苏省,南京市,鼓楼区,1,bc090dde442f6528bda24078
3427,3990,平家巷小区,118.787742,32.051318,南京市鼓楼区平家巷8号,江苏省,南京市,鼓楼区,1,b85858250fcc2bb535b06c87
3428,3991,南京大学鼓楼校区南园-21舍,118.78611,32.059379,南京市鼓楼区汉口路22号南京大学鼓楼校区,江苏省,南京市,鼓楼区,1,53fe29d80928d2ed13293538
3429,3992,上海路9号院,118.781858,32.050781,江苏省南京市鼓楼区上海路9号,江苏省,南京市,鼓楼区,1,2b937aa40dc707736240a91b
3430,3993,南京大学鼓楼校区南园-20舍,118.786746,32.059426,南京市鼓楼区汉口路22号南京大学鼓楼校区,江苏省,南京市,鼓楼区,1,d719055a2263e8bef4eafc6a
3431,3994,汉口路四十八号小区,118.784136,32.060324,南京市鼓楼区汉口路48号,江苏省,南京市,鼓楼区,1,e76b786270be84c49703194f
3432,3996,中山路99号,118.790078,32.053094,南京市鼓楼区中山路99号(华侨路与长江路交汇处华夏大厦北侧),江苏省,南京市,鼓楼区,1,8a1c2a958033f4e79868b4b8
3433,3997,慈悲社-5号,118.785611,32.050705,江苏省南京市鼓楼区慈悲社5号,江苏省,南京市,鼓楼区,1,1cb0ff09131f27f70c0a7097
3434,3998,华荣大厦,118.788984,32.051969,南京市鼓楼区管家桥85号,江苏省,南京市,鼓楼区,1,ef773a0fc8e99e34230220a3
3435,3999,南京大学鼓楼校区南园-1舍,118.788073,32.059373,南京市鼓楼区汉口路22号南京大学鼓楼校区,江苏省,南京市,鼓楼区,1,ecc86781ff2b3eaf3c9a5ea6
3436,4000,汉口路73号小区,118.784354,32.059839,南京市鼓楼区汉口路73号,江苏省,南京市,鼓楼区,1,ded81ec35b812b8ebbbd6323
3437,4001,永庆村小区,118.781895,32.051773,南京市鼓楼区永庆巷路58号,江苏省,南京市,鼓楼区,1,3a0a78bd0ab63cfa621809a3
3438,4002,南京大学(鼓楼校区)-南园8舍,118.788025,32.05709,南京市鼓楼区汉口路22号南京大学鼓楼校区,江苏省,南京市,鼓楼区,1,2a49c18c819eb61bb1077dfa
3439,4003,中山商务楼(小粉桥二八巷),118.78992,32.058611,南京市鼓楼区中山路243号,江苏省,南京市,鼓楼区,1,108b1cead2e8d5ac3486f4a3
3440,4004,管家桥-85号,118.789202,32.051634,南京市鼓楼区平家巷与管家桥交叉路口向西北约30米,江苏省,南京市,鼓楼区,1,7a8ccacb6bda84719222e0d6
3441,4005,南京大学(鼓楼校区)-南园6舍,118.788857,32.059121,南京市鼓楼区汉口路22号南京大学鼓楼校区,江苏省,南京市,鼓楼区,1,81c582cf54e2c68d0a1cc71b
3442,4006,南京大学(鼓楼校区)南园-19舍,118.787735,32.059684,南京市鼓楼区汉口路22号南京大学鼓楼校区,江苏省,南京市,鼓楼区,1,5dae49f6b2c14378ca1b951e
3443,4007,江苏水务楼,118.782873,32.051068,江苏省南京市鼓楼区上海路7号,江苏省,南京市,鼓楼区,1,631c4157821e6a1c30f71dbd
3444,4009,明华清园,118.7868,32.050882,江苏省南京市鼓楼区华侨路街道明华新村8号,江苏省,南京市,鼓楼区,1,4a56128bb4da4fc43b221cc8
3445,4010,江苏省五台山体育中心-宿舍,118.780314,32.05249,五台山1-6号,江苏省,南京市,鼓楼区,1,d59205f22fc379d794ec849b
3446,4011,南京华夏大厦,118.790055,32.052587,江苏省南京市鼓楼区中山路81号,江苏省,南京市,鼓楼区,1,6113ef774e4e56148f7727a3
3447,4012,南京大学(鼓楼校区)-南园5舍,118.788758,32.059489,江苏省南京市鼓楼区汉口路22号,江苏省,南京市,鼓楼区,1,5e43ae51e5828f404207c1be
3448,4013,江苏水利大厦,118.782766,32.050855,南京市鼓楼区上海路5号,江苏省,南京市,鼓楼区,1,5c56edd6cfa0e15aa0d230a3
3449,4014,名人花园,118.78403,32.060276,南京市鼓楼区汉口路48号,江苏省,南京市,鼓楼区,1,917354a5a7d40010901fc9d4
3450,4015,原楼桐荪寓所,118.781383,32.059092,南京市鼓楼区上海路88号,江苏省,南京市,鼓楼区,1,a1428534cff99698fda778a1
3451,4017,梅花新村,118.789002,32.0512,南京市鼓楼区管家桥85号,江苏省,南京市,鼓楼区,1,971612159525508a9c09f708
3452,4018,南京大学鼓楼校区外国语学院国际项目学生公寓,118.782991,32.060138,南京市鼓楼区汉口路81号,江苏省,南京市,鼓楼区,1,c4558d68dd372152eb12e459
3453,4019,管家桥-65号,118.788914,32.051059,南京市鼓楼区中山路55号,江苏省,南京市,鼓楼区,1,cecf64686b4b7486fda778d1
3454,4021,明华新村,118.787318,32.050652,江苏省南京市鼓楼区沈举人巷13号,江苏省,南京市,鼓楼区,1,4dcf707e90cc1ff6ede4a5ad
3455,4022,上海路上海新村10号小区,118.781869,32.059907,南京市鼓楼区南秀村与陶谷新村交叉路口往南约80米,江苏省,南京市,鼓楼区,1,2a959a56458f0638e60738ae
3456,4024,管家桥-63号,118.788779,32.050556,江苏省南京市鼓楼区管家桥63号,江苏省,南京市,鼓楼区,1,a81f8210b6faa36732870a9a
3457,4025,新世界中心-西南门,118.794004,32.055422,南京市玄武区珠江路88号,江苏省,南京市,玄武区,1,127ef4f59028ec0f2e4733cd
3458,4026,北门桥路高层住宅小区,118.794636,32.055217,北门桥路10号,江苏省,南京市,玄武区,1,28e700f1f9e5ab7c085cb382
3459,4027,希望商务中心,118.794854,32.05643,南京市玄武区珠江路191号,江苏省,南京市,玄武区,1,49746e72efdd6dfcad080fb2
3460,4028,南京长发科技数码大厦,118.796246,32.055635,南京市玄武区珠江路222号,江苏省,南京市,玄武区,1,55fa2c0b3d31352d1ce999ec
3461,4030,望江商务,118.794265,32.056022,南京市玄武区珠江路110号,江苏省,南京市,玄武区,1,f566578ea84007d50782c2cb
3462,4031,新潮,118.792909,32.046025,南京市秦淮区正洪街时尚莱迪商城,江苏省,南京市,秦淮区,1,2b308e0a9091c080adb22a67
3463,4032,珠江路小区,118.795519,32.056603,南京市玄武区珠江路219-231号,江苏省,南京市,玄武区,1,b6022eb63e88330b8c55ec58
3464,4033,君临国际广场-1幢,118.789277,32.055882,南京市鼓楼区广州路5号君临国际内,江苏省,南京市,鼓楼区,1,c3716883b8a7542da1d230d2
3465,4034,香居美苑,118.796312,32.059326,南京市玄武区进香河路31号,江苏省,南京市,玄武区,1,0a15c7ec6ddf46fced74f8ec
3466,4035,新动互助中心,118.794061,32.055546,南京市玄武区珠江路88号新世界中心B座33层,江苏省,南京市,玄武区,1,f1e26fe3dcbc77156240a9d8
3467,4037,佳汇大厦,118.794084,32.056518,江苏省南京市玄武区珠江路185号,江苏省,南京市,玄武区,1,a13ea93aabf43f5ded74f8a3
3468,4038,北门桥路3号小区,118.79423,32.05424,江苏省南京市玄武区北门桥路3号,江苏省,南京市,玄武区,1,3b523c90443b3c13a2d23047
3469,4039,鱼市街小区,118.794542,32.056978,鱼市街小区,江苏省,南京市,玄武区,1,7af270939c10714d0bf5eb61
3470,4040,红庙小区,118.797066,32.054288,红庙4号,江苏省,南京市,玄武区,1,2dfd07759313a7dc250bd022
3471,4041,北门桥路1号小区,118.795081,32.053864,南京市玄武区北门桥路1号,江苏省,南京市,玄武区,1,243e3ed3b2a43dc1fda778e4
3472,4042,新月大厦,118.793224,32.056073,南京市玄武区珠江路48号,江苏省,南京市,玄武区,1,4bb049d97dcdbc47990050ef
3473,4043,笼子巷住宅-A座,118.80201,32.051493,南京市玄武区太平北路64号,江苏省,南京市,玄武区,1,5400214f4960575d46e27408
3474,4044,居安里住宅小区-南门,118.795707,32.057106,南京市玄武区居安里与进香河路交叉口西北50米,江苏省,南京市,玄武区,1,2e3d69c7506a5fdaed74f86d
3475,4045,汇文里,118.793225,32.055039,南京市玄武区北门桥路15号,江苏省,南京市,玄武区,1,3ade8b796e5ba23620026210
3476,4046,进香河住宅,118.796724,32.059734,南京市玄武区进香河路29号,江苏省,南京市,玄武区,1,088405a93f3fa5c913293505
3477,4047,小纱帽巷小区,118.797609,32.056453,南京市玄武区小纱帽巷3号,江苏省,南京市,玄武区,1,77717f2a14c457e3932ca346
3478,4048,长江花园,118.793321,32.053906,南京市玄武区估衣廊28号,江苏省,南京市,玄武区,1,480b24d02cfcbcf19cec2bec
3479,4049,环保大楼(珠江路),118.798102,32.055535,南京市玄武区珠江路260号,江苏省,南京市,玄武区,1,881a28e702042b47f942b2ec
3480,4050,雍园-6号民国住宅,118.810767,32.050323,南京市玄武区雍园6号,江苏省,南京市,玄武区,1,30ca41363a5ac2b530169bb8
3481,4051,华利国际大厦,118.793201,32.056779,江苏省南京市玄武区珠江路67号,江苏省,南京市,玄武区,1,b1b924862459d7ddf82d61df
3482,4052,进香河路29号小区,118.796038,32.057945,南京市玄武区进香河路29号,江苏省,南京市,玄武区,1,388227771c25769c841541eb
3483,4053,大纱帽巷40号院,118.798724,32.056679,南京市玄武区珠江路大纱帽巷40号,江苏省,南京市,玄武区,1,18b3792dd077ce950289726e
3484,4054,求雨居,118.792594,32.056889,南京市玄武区珠江路5号,江苏省,南京市,玄武区,1,973d15b09069638a82288ad8
3485,4055,木马公寓,118.794062,32.057767,丹凤街卫巷1号,江苏省,南京市,玄武区,1,e1a323f8e3086d1507fef57d
3486,4056,香铺营小区,118.796529,32.053063,江苏省南京市玄武区杨将军巷33号,江苏省,南京市,玄武区,1,0ed20a150a184d9757bfffec
3487,4057,同仁电讯,118.793388,32.057562,鱼市街57号,江苏省,南京市,玄武区,1,97aaebced142f9ead618b73e
3488,4058,陆家里-13号,118.792327,32.05444,江苏省南京市玄武区陆家里13号,江苏省,南京市,玄武区,1,c45104394288bbc02b06ce94
3489,4059,新宁商务中心,118.797805,32.053329,南京市玄武区新街口街道杨将军巷46号,江苏省,南京市,玄武区,1,cab3ae484ab492dfb23c8145
3490,4060,相府营-2号楼,118.797227,32.052253,南京市玄武区相府营2号,江苏省,南京市,玄武区,1,bd35bfe12afbb581f5c59c76
3491,4061,估衣廊高层住宅,118.793389,32.053162,南京市玄武区估衣廊28号,江苏省,南京市,玄武区,1,d9bfbdcaf4d2770e9cf77901
3492,4063,观音阁-4号楼,118.797973,32.053856,江苏省南京市玄武区观音阁4号楼,江苏省,南京市,玄武区,1,729c07709d1b982759bbbceb
3493,4064,南京交通大厦,118.792423,32.056739,南京市玄武区珠江路63号,江苏省,南京市,玄武区,1,1b8edbb13718f413940319a7
3494,4065,珠江大厦,118.798757,32.055231,南京市玄武区珠江路280号,江苏省,南京市,玄武区,1,c1653405b5625d79ab175aef
3495,4066,同仁新寓,118.793264,32.057804,珠江路鱼市街57号,江苏省,南京市,玄武区,1,15a938100e8d16bd14c8f6ec
3496,4067,卫巷2号院,118.796368,32.058527,南京市玄武区卫巷2号,江苏省,南京市,玄武区,1,6eab076b626bf98617948e7e
3497,4068,越时空通讯广场北区,118.793934,32.058322,南京市玄武区丹凤街越时空通信广场,江苏省,南京市,玄武区,1,f079bf27e6423a2dc51b7569
3498,4069,苏苑大厦,118.794883,32.052337,南京市玄武区洪武北路121号,江苏省,南京市,玄武区,1,e3082848e42338bfb34c49ef
3499,4070,鸡鹅巷小区,118.797383,32.054855,南京市玄武区鸡鹅巷6号,江苏省,南京市,玄武区,1,59a2e9916d3b544a9d82ea6b
3500,4071,长江花园-南区,118.792816,32.053061,南京市玄武区韩家巷与廊后街交叉路口往南约60米,江苏省,南京市,玄武区,1,64fc58c308be6429ede4a581
3501,4072,老虎桥小区,118.797761,32.058525,江苏省南京市玄武区老虎桥32号,江苏省,南京市,玄武区,1,198d889289faee676c476013
3502,4073,创盛大厦,118.793237,32.058348,鱼市街59-1号,江苏省,南京市,玄武区,1,ac18e0bf96f2155030169ba9
3503,4074,中山大厦-北门,118.791689,32.056305,南京市玄武区珠江路2号,江苏省,南京市,玄武区,1,674c59983a788764210220cd
3504,4075,老虎桥-18号,118.798284,32.0576,江苏省南京市玄武区老虎桥18号,江苏省,南京市,玄武区,1,9d281a3a1b58d3c9734b873b
3505,4076,丹凤新寓,118.794237,32.059511,南京市玄武区大石桥街59号,江苏省,南京市,玄武区,1,b9e5d0b8eccb11bc81a12eec
3506,4077,中盈福邸家园,118.793604,32.052437,南京市玄武区长江路90号,江苏省,南京市,玄武区,1,cd4e38708f22e8ac931fc93c
3507,4078,肚带营,118.796252,32.052266,江苏省南京市玄武区,江苏省,南京市,玄武区,0,870bb0ff3ca68ebdda2f28bf
3508,4079,凯润金城-北区,118.791719,32.054191,南京市玄武区中山路151号,江苏省,南京市,玄武区,1,5709dd6387990dfa455726c5
3509,4080,一枝园小区,118.799977,32.054479,玄武区一枝园6号(网巾市口),江苏省,南京市,玄武区,1,db1f39d48ca14711f4c59cb8
3510,4081,苏武写字楼,118.791046,32.054806,南京市玄武区中山路178号,江苏省,南京市,玄武区,1,f3540e62e41d29c90ab93aed
3511,4082,网巾市小区,118.797822,32.052544,江苏省南京市玄武区网巾市8-1号,江苏省,南京市,玄武区,1,637df60a42eb187341afe69e
3512,4083,如意里小区-南3门,118.798927,32.053592,南京市玄武区如意里28号附近,江苏省,南京市,玄武区,1,14d6621b2fbd3ebe6fc02c3c
3513,4084,丹凤新寓-东区,118.795659,32.059148,江苏省南京市玄武区进香河路31号,江苏省,南京市,玄武区,1,f8b30401393c759404fef546
3514,4085,一枝园小区-南区,118.799265,32.053871,玄武区碑亭巷一枝园1号西南方向30米,江苏省,南京市,玄武区,1,73a1ee5643413d57a8f0cdf8
3515,4086,一枝园小区-北区,118.799545,32.054474,南京市玄武区一枝园18号,江苏省,南京市,玄武区,1,56c2df6ed0ef51c4badf8f76
3516,4087,珠江壹号大厦,118.791418,32.057014,江苏省南京市玄武区珠江路1号珠江壹大厦,江苏省,南京市,玄武区,1,89ad595fae1b0ffd16c90535
3517,4089,银鸿商务中心-A座,118.800542,32.054944,南京市玄武区珠江路350号,江苏省,南京市,玄武区,1,6ed3083aaf29f3cb2b3a9fc9
3518,4090,大纱帽巷38号小区,118.799646,32.056463,南京市玄武区新街口街道大纱帽巷38号,江苏省,南京市,玄武区,1,a4a9e02af889c520fa42b289
3519,4092,将军巷-39号院,118.799159,32.057506,南京市玄武区将军巷39号,江苏省,南京市,玄武区,1,161718d007cdc94dbda2400e
3520,4093,老虎桥32号小区,118.798421,32.058415,江苏省南京市玄武区老虎桥32号,江苏省,南京市,玄武区,1,e630e90a3e79941652e5c5ea
3521,4094,相府吉邸,118.796829,32.051948,南京市玄武区网巾市11号北门(手机卖场),江苏省,南京市,玄武区,1,c7eca12b61b4fc37e115f9ec
3522,4095,国信大厦,118.792953,32.051836,南京市玄武区长江路88号,江苏省,南京市,玄武区,1,005861081ae23ea546e274ed
3523,4096,石婆婆庵小区,118.798775,32.052036,南京市玄武区石婆婆庵26号,江苏省,南京市,玄武区,1,c4b7e1a9733cd2f39e95de39
3524,4097,石婆婆庵-18号,118.797321,32.051998,南京市玄武区网巾市石婆婆庵18号,江苏省,南京市,玄武区,1,3521d54fdf21fe25c5f50d50
3525,4098,"唱经楼西街3号,5号,7号小区",118.792997,32.059063,"南京市玄武区唱经楼西街3号,5号,7号",江苏省,南京市,玄武区,1,b58c1fc20e8e4c7e0d3dda03
3526,4099,丹凤新寓-西区,118.794256,32.059468,江苏省南京市玄武区大石桥街59号,江苏省,南京市,玄武区,1,d1f9c70a832e362853e5c5bc
3527,4100,凯润金城-南区,118.792125,32.053255,江苏省南京市玄武区中山路112号韩家巷10号,江苏省,南京市,玄武区,1,59d66a80ddcecc2596f08c97
3528,4101,唱经楼安全文明小区,118.792922,32.059045,江苏省南京市玄武区唱经楼西街7号,江苏省,南京市,玄武区,1,125db54ecd14c74d95ca072a
3529,4102,大发·凯润金城5号楼,118.791056,32.054526,江苏省南京市玄武区中山路132号,江苏省,南京市,玄武区,1,a4e6664163fd4f81b4147fb8
3530,4103,新街口政务大厦-南楼,118.795843,32.05975,玄武区19号,江苏省,南京市,玄武区,1,b5854f42f06f4936a8059d87
3531,4104,如意里-6号楼,118.801059,32.053569,江苏省南京市玄武区长江路如意里北区一枝园南区,江苏省,南京市,玄武区,1,cb45716dec805537e60738b1
3532,4105,石婆婆庵-12号,118.798964,32.051869,江苏省南京市玄武区石婆婆庵12号,江苏省,南京市,玄武区,1,ff8ac426e4b0d17dd2f49e4d
3533,4106,如意里小区,118.799797,32.053507,南京市玄武区如意里5号,江苏省,南京市,玄武区,1,16b86c2003495f45ad0457fd
3534,4107,吉兆花园,118.792168,32.058925,南京市玄武区唱经楼西街59号,江苏省,南京市,玄武区,1,373cf757431ac36e4354d7ec
3535,4108,东南大学-后勤服务集团物业管理中心学府一舍,118.796476,32.059829,南京市玄武区大石桥街17号,江苏省,南京市,玄武区,1,9fcac6acfc41e7f66e20b9da
3536,4109,新街口政务大厦,118.795613,32.059904,南京市玄武区大石桥街19号,江苏省,南京市,玄武区,1,64ff3be10214f8bb90114cef
3537,4110,凯润金城,118.791883,32.053602,南京市玄武区长江路2号,江苏省,南京市,玄武区,1,f3c2373c832ef82cd22dd666
3538,4111,地铁大厦,118.791038,32.058082,南京市玄武区中山路228号,江苏省,南京市,玄武区,1,db1f39d4cf76826ff5c59cec
3539,4112,双井巷九号小区,118.799874,32.057733,南京市玄武区双井巷9号,江苏省,南京市,玄武区,1,1e0296405fff7bd994ec8487
3540,4113,新街口政务大厦-北楼,118.795419,32.060115,南京市玄武区居安里新街口政务大厦西北侧,江苏省,南京市,玄武区,1,93fe9fed0fabf932cd04ef1e
3541,4114,蓁巷小区,118.799407,32.058503,南京市玄武区蓁巷1号,江苏省,南京市,玄武区,1,69d4c030375c99ce30169bca
3542,4115,新安里,118.795022,32.060112,南京市玄武区大石桥街与丹凤街交叉路口向东约100米,江苏省,南京市,玄武区,1,3cb5ad9af50b689bf7231008
3543,4116,四牌楼-61号,118.7991,32.058952,江苏省南京市玄武区四牌楼61号,江苏省,南京市,玄武区,1,75c684bc5ecb8f07b21e36ce
3544,4117,德基大厦,118.79665,32.051045,南京市玄武区长江路188号,江苏省,南京市,玄武区,1,39d43f828127e486a8059dec
3545,4118,虹飞大厦,118.794073,32.06013,大石桥街29号,江苏省,南京市,玄武区,1,9d831317189e656a2b201ac4
3546,4119,南京保险大厦-北门,118.792703,32.051421,南京市玄武区长江路69号,江苏省,南京市,玄武区,1,c5a8de4d58f90f431d1d117d
3547,4120,潮男时代,118.799608,32.053326,南京市玄武区新街口街道如意里九号,江苏省,南京市,玄武区,1,4e4567dcaf213725c4f50d3d
3548,4121,天创大厦,118.793394,32.059845,南京市玄武区丹凤街都司巷1号,江苏省,南京市,玄武区,1,14076deefefdc4f402294fef
3549,4122,丹凤新寓西区-北门,118.794847,32.060228,南京市玄武区大石桥街25号附近,江苏省,南京市,玄武区,1,64bf90bedaef73f84bcc4aca
3550,4123,艾尚天地-西1门,118.79076,32.052244,南京市玄武区中山路100号,江苏省,南京市,玄武区,1,1ebf9c2717c361dcabf72953
3551,4124,长江贸易大楼,118.793235,32.051055,南京市玄武区长江路99号,江苏省,南京市,玄武区,1,083a55fac0ff3a79246e98ec
3552,4125,进香河路22号5楼,118.798573,32.059516,江苏省南京市玄武区进香河路22号5楼,江苏省,南京市,玄武区,1,034dc0898a5da6e9eb1e97d0
3553,4126,花红园社区休闲苑,118.805993,32.055866,南京市玄武区花红园29号,江苏省,南京市,玄武区,1,87248d960ca8b9b32806ceec
3554,4127,花红园-35号小区,118.805997,32.055838,江苏省南京市玄武区花红园35号,江苏省,南京市,玄武区,1,b71f9e2e19c6ee81df1e52c5
3555,4128,文德里小区,118.804892,32.055967,南京市玄武区文德里72号,江苏省,南京市,玄武区,1,1bf4c486acf4f37009b93a99
3556,4130,雄狮国际大厦,118.805077,32.054804,南京市玄武区珠江路499号,江苏省,南京市,玄武区,1,41a01b7b6db48246acee7ae7
3557,4131,华能城市花园,118.803745,32.056358,江苏省南京市玄武区文德里66号,江苏省,南京市,玄武区,1,d6ee872412627ee0a8f0cdec
3558,4132,高宏未来广场,118.805132,32.054024,南京市玄武区珠江路438号(雄师商城对面),江苏省,南京市,玄武区,1,642674c1f36430066849f3c3
3559,4133,东方大厦,118.806706,32.054333,江苏省南京市玄武区珠江路523号,江苏省,南京市,玄武区,1,101bc61b20f137a3c42ba1ec
3560,4134,未来城写字楼-A2座,118.804543,32.054132,南京市玄武区珠江路488号,江苏省,南京市,玄武区,1,dafc526f4be4437a213bf21c
3561,4135,花红园,118.806123,32.056009,南京市玄武区文德里78号,江苏省,南京市,玄武区,1,d4dd757be81ff23a9d82ea54
3562,4136,华海大厦,118.80327,32.055254,南京市玄武区珠江路435号,江苏省,南京市,玄武区,1,00f1c7fb0448181fc056acec
3563,4137,3c广场,118.803393,32.055013,江苏省南京市玄武区珠江路435号,江苏省,南京市,玄武区,1,7c5e480b5e28b9b4adb22ae8
3564,4138,杨家胡同85号,118.807349,32.054904,江苏省南京市玄武区杨家胡同85号,江苏省,南京市,玄武区,1,ab9e7b4d94735a8431f71d37
3565,4139,四牌楼商务中心,118.803101,32.056484,南京市玄武区太平北路114号,江苏省,南京市,玄武区,1,750ec1651ff0732b4c3a59ef
3566,4140,华海大厦-办公区,118.802972,32.055297,南京市玄武区太平北路华海大厦,江苏省,南京市,玄武区,1,c0f690a5cf46c7e017948e02
3567,4141,西大影壁,118.80775,32.054404,南京市玄武区珠江路575号,江苏省,南京市,玄武区,1,579c3a2411623bc35b109347
3568,4142,演武厅1号大院,118.806241,32.056955,南京市玄武区演武厅1号,江苏省,南京市,玄武区,1,13361a825854176b593ac857
3569,4143,红旗新村,118.806744,32.057683,淮海路红旗新村,江苏省,南京市,玄武区,1,a7c56ee088d4eab3a3acc4ec
3570,4144,太平桥南小区-北区,118.80626,32.053034,江苏省南京市玄武区太平桥南13号,江苏省,南京市,玄武区,1,a082b4946e5f1a6d9b68b4fb
3571,4145,长江后街5号小区-3栋,118.803379,32.053568,江苏省南京市玄武区长江后街5号院3栋,江苏省,南京市,玄武区,1,2ef9d1f4fea2de9801294fc9
3572,4146,凤凰座商务写字楼,118.802741,32.053455,南京市玄武区太平北路80号,江苏省,南京市,玄武区,1,408faaf0bbe1875f843304a6
3573,4147,长城大厦,118.802715,32.053768,江苏省南京市玄武区太平北路82号,江苏省,南京市,玄武区,1,d991e11656a021551f3894ec
3574,4148,长城大厦管理办公室,118.802635,32.053888,南京市玄武区太平北路长江后街5号,江苏省,南京市,玄武区,1,5c4359947570a67b17764347
3575,4149,成贤大厦,118.80204,32.056257,成贤街50号,江苏省,南京市,玄武区,1,4b8c973526decb3b32870a34
3576,4150,太平商务大厦,118.801801,32.054072,南京市玄武区太平北路51号,江苏省,南京市,玄武区,1,6deee30834bd136a29fc48ef
3577,4151,谷阳世纪大厦,118.807835,32.053485,南京市玄武区珠江路600号,江苏省,南京市,玄武区,1,07f3c8b5361ba2636240a9ec
3578,4152,太平北路122号院,118.804416,32.058385,南京市玄武区太平北路122号,江苏省,南京市,玄武区,1,efe11098c4504fb21e1d11be
3579,4153,太平桥南小区,118.805549,32.05221,南京市玄武区太平桥南35号,江苏省,南京市,玄武区,1,fa01e937a202d84a774ff1ec
3580,4154,裕德里小区,118.806833,32.052345,南京市玄武区太平桥南15号,江苏省,南京市,玄武区,1,3be122e1963ce42f1ff74da0
3581,4155,金桥·南京数码港,118.808608,32.0533,南京市玄武区珠江路648号,江苏省,南京市,玄武区,1,fac983d24792968fdb13184b
3582,4156,东南大学四牌楼校区东住宅区,118.805796,32.05928,南京市玄武区梅园新村街道太平北路122号,江苏省,南京市,玄武区,1,22abc0c755212afc2a11d1b2
3583,4157,东南大学四牌楼校区文昌10舍,118.805802,32.058939,南京市玄武区四牌楼2号(近成贤街),江苏省,南京市,玄武区,1,f23c40e93a9c0a98f7eafcca
3584,4158,东大影壁小区,118.809198,32.054102,南京市玄武区珠江路603号,江苏省,南京市,玄武区,1,c21db9e5af4c7e8300ff2dec
3585,4161,太平北路43号小区,118.801669,32.053527,南京市玄武区太平北路43-1号,江苏省,南京市,玄武区,1,6216064c9097d98bd92f289c
3586,4162,成贤公寓,118.800833,32.055925,南京市玄武区成贤街39号,江苏省,南京市,玄武区,1,cc0849a01d0c052e94031965
3587,4163,竺桥新村,118.808653,32.05252,南京市玄武区竺桥,江苏省,南京市,玄武区,1,75db5a133b5e14fe465726ec
3588,4164,银鸿商务中心,118.800376,32.054824,江苏省南京市玄武区珠江路350-362号,江苏省,南京市,玄武区,1,8e1b9dffa0d9ae6cf13cbaad
3589,4166,天悦楼,118.810154,32.054697,南京市玄武区东大影壁8-1号,江苏省,南京市,玄武区,1,4d5b5685b6cf2693c91b95c7
3590,4167,东南大学(四牌楼校区)-成园研究生公寓,118.802216,32.058662,南京市玄武区新街口街道成贤街90号,江苏省,南京市,玄武区,1,923ffd0000aaa4b7d92f28ec
3591,4168,珠江路650-652号小区,118.809243,32.053137,南京市玄武区珠江路650-652号,江苏省,南京市,玄武区,1,bc2f1ac56bdeaf93fb2d61c9
3592,4169,东南大学四牌楼校区-研究生宿舍,118.802883,32.059038,南京市玄武区新街口街道成贤街90号,江苏省,南京市,玄武区,1,fee2d99dd60b5fcd2fb17e5b
3593,4170,太平桥南-9号,118.808129,32.052109,江苏省南京市玄武区太平桥南9号,江苏省,南京市,玄武区,1,5b3b2bf00e62afd9e5e9658c
3594,4171,东南大学四牌楼校区文昌十二舍,118.804951,32.059716,南京市玄武区太平北路,江苏省,南京市,玄武区,1,f1c3e0b92f4831c59322e0b1
3595,4172,总统府职员宿舍,118.804387,32.051341,长江路292号,江苏省,南京市,玄武区,1,515cf24d7fcb7c83d5b74ee4
3596,4173,雨顺商务楼,118.798942,32.045407,江苏省南京市秦淮区延龄巷60-20号,江苏省,南京市,秦淮区,1,cd19b88b0333f118744ff1d5
3597,4175,东南大学四牌楼校区文昌9舍,118.804829,32.059964,南京市玄武区太平北路128号,江苏省,南京市,玄武区,1,62ed0b6f2752d165a0a934af
3598,4176,沙塘园,118.800885,32.057553,江苏省南京市玄武区沙塘园,江苏省,南京市,玄武区,1,23ea800edab4b9afd8131875
3599,4178,文昌桥小区,118.802897,32.059979,南京市玄武区成贤街成贤街-92号院,江苏省,南京市,玄武区,1,bd302df23c40bd2ef90cadd8
3600,4179,东箭道物业小区-29号院,118.805703,32.050822,江苏省南京市玄武区东箭道29号,江苏省,南京市,玄武区,1,20fa281eadaebc5c9d82ea59
3601,4180,卓越大厦,118.810242,32.052765,江苏省南京市玄武区珠江路688号,江苏省,南京市,玄武区,1,55b7544c84ab3ba8f7eafc8c
3602,4181,东南大学(四牌楼校区)-老六舍,118.805143,32.060398,江苏省南京市玄武区文昌街2号新六舍,江苏省,南京市,玄武区,1,26755d0a41414fa34e776e7b
3603,4182,成贤街社区,118.798616,32.0575,成贤街115-117号,江苏省,南京市,玄武区,1,913d1c3bfd34fce39fec2b50
3604,4183,重庆新村,118.808404,32.052567,江苏省南京市玄武区重庆新村,江苏省,南京市,玄武区,1,f447cf1d993db99f15c90561
3605,4184,兰园-28号,118.806966,32.060325,南京市玄武区北京东路兰园28号,江苏省,南京市,玄武区,1,db1f5956a24e455c6140a9a9
3606,4185,桃源新村,118.809875,32.05156,珠江路桃源新村57号,江苏省,南京市,玄武区,1,709a469b4b67495407fef51a
3607,4186,综合楼,118.797724,32.053241,南京市玄武区杨将军巷南京市第九初级中学,江苏省,南京市,玄武区,1,0c067ebea90b72dff02d833d
3608,4187,高宏未来城广场-B座,118.806707,32.053702,江苏省南京市玄武区珠江路498号,江苏省,南京市,玄武区,1,af5d28c3bf12c5750c0a704c
3609,4188,民国印象桃源行馆公寓,118.809686,32.05116,南京市玄武区梅园新村街道桃源新村5号,江苏省,南京市,玄武区,1,05eb836a5072b459f8dc8527
3610,4189,珠江路511号院(北门),118.805486,32.054875,江苏省南京市玄武区花红园雄狮国际大厦东(未来城北),江苏省,南京市,玄武区,1,88abc1b10df4ca0c88b9887e
3611,4190,珠江路511号院(东南门),118.806248,32.054785,南京市玄武区徐家巷与珠江路交叉口北100米,江苏省,南京市,玄武区,1,8ec3cd10034b53022811d19a
3612,4191,装备部车队家属楼,118.815649,32.053977,南京市玄武区珠江路全季酒店(龙蟠中路店)东侧约210米,江苏省,南京市,玄武区,1,96bc1ea09e97b1256f3e1b24
3613,4192,东来商务中心,118.814509,32.058432,南京市玄武区龙蟠中路30号,江苏省,南京市,玄武区,1,35debf2959399239a7da39a0
3614,4193,东鼎大厦-1号楼,118.814581,32.052113,南京市玄武区珠江路657号,江苏省,南京市,玄武区,1,ed34ef040e3ecc62b11e36f6
3615,4194,长城楼,118.810648,32.055039,南京市玄武区东大影壁47号,江苏省,南京市,玄武区,1,41572e0014e645c9b55f1ea0
3616,4195,东大影壁-51号,118.811093,32.056812,江苏省南京市玄武区东大影壁51号,江苏省,南京市,玄武区,1,465ae40fceea9e96d518b78b
3617,4196,百仕园,118.812615,32.05897,南京市玄武区龙蟠中路37号,江苏省,南京市,玄武区,1,bba87388ad098fa0bca822ec
3618,4197,东大影壁-23号,118.811307,32.057767,江苏省南京市玄武区东大影壁23号,江苏省,南京市,玄武区,1,678aab06a7458703a7c756b2
3619,4198,龙蟠中路97号院,118.811484,32.054692,南京市玄武区龙蟠中路97号,江苏省,南京市,玄武区,1,d2e39950f919daa4c6effbdd
3620,4199,东大楼,118.810397,32.055698,南京市玄武区东大影壁12号,江苏省,南京市,玄武区,1,d305db1fc820d33e932ca3ec
3621,4200,东大影壁-7号,118.810568,32.054838,江苏省南京市玄武区东大影壁7号,江苏省,南京市,玄武区,1,9351ee509245c3de4c3a5942
3622,4201,东大影壁,118.810277,32.054481,江苏省南京市玄武区,江苏省,南京市,玄武区,0,c2c934f0f7fb2fddbadf8f89
3623,4202,东大影壁-14号,118.81049,32.055992,江苏省南京市玄武区东大影壁14号,江苏省,南京市,玄武区,1,b82732bcdfdb88442bb97c59
3624,4203,珠江路700号-1小区(地质大厦西北),118.813772,32.051601,南京市玄武区珠江路700-1号,江苏省,南京市,玄武区,1,8b94bd7996fd982b2a02e1cd
3625,4204,东大影壁-12号,118.810371,32.055504,江苏省南京市玄武区东大影壁12号,江苏省,南京市,玄武区,1,693387fcdbfe2c7ff32d83da
3626,4205,东大影壁-55号,118.811052,32.058179,南京市玄武区金鹏饭店2号楼,江苏省,南京市,玄武区,1,a184c96400dd00ac223bf2d0
3627,4206,东大影壁58号,118.811469,32.058835,江苏省南京市玄武区东大影壁,江苏省,南京市,玄武区,1,6a65f73542b183d43ce23184
3628,4207,东来科技大厦,118.810337,32.053669,南京市玄武区珠江路609号,江苏省,南京市,玄武区,1,d52831f9e5ef2aa72efaa7ec
3629,4208,发展大厦,118.810927,32.052645,南京市玄武区珠江路696号,江苏省,南京市,玄武区,1,e3e2cd9d0c453fe0c7f50d0a
3630,4209,地质大厦(珠江路),118.813759,32.050974,珠江路700号,江苏省,南京市,玄武区,1,27e3fe28468a321e0b1cc733
3631,4210,竺桥14号小区,118.810665,32.052083,南京市玄武区珠江路竺桥16号,江苏省,南京市,玄武区,1,deac1a3f630b6a0d8bfc06e5
3632,4211,黄埔路4号小区,118.818296,32.051321,江苏省南京市玄武区黄埔路4号,江苏省,南京市,玄武区,1,9e5725cfbb1293e3d72ce241
3633,4213,雍园41号小区-1幢,118.80974,32.050622,南京市玄武区雍园25区1号,江苏省,南京市,玄武区,1,4d4af9af686e93cdab059ddd
3634,4214,中国人民财产保险有限公司(南京市分公司),118.813585,32.058167,江苏省南京市玄武区龙蟠中路69号,江苏省,南京市,玄武区,1,d52831f9200e77a62ffaa78f
3635,4215,佛心桥-42号住宅小区,118.825528,32.056885,南京市玄武区佛心桥42号,江苏省,南京市,玄武区,1,35debf293cf6f744a6da39ec
3636,4216,城开御园,118.82419,32.055968,江苏省南京市玄武区北安门街佛心桥8号,江苏省,南京市,玄武区,1,c676e98f5684035100ff2ddd
3637,4217,佛心桥-46号,118.826849,32.055339,南京市玄武区富贵巷6号,江苏省,南京市,玄武区,1,b49c78d53c7f0cf588b98809
3638,4218,后宰门西村-87号楼,118.824299,32.054607,江苏省南京市玄武区香林寺路后宰门西村43号院,江苏省,南京市,玄武区,1,0071aa5fe9e3b7a80bccdd27
3639,4219,富贵山小区,118.828324,32.057461,南京市玄武区佛心桥43号,江苏省,南京市,玄武区,1,4eb3b5339071b408420245a0
3640,4220,佛心桥住宅,118.825392,32.057003,玄武区佛心桥42,江苏省,南京市,玄武区,1,88f328fe84681e90b64f5416
3641,4223,佛心桥47 48 49 50 51 52 -53号,118.827586,32.056131,南京市玄武区后半山园佛心桥47-53号小区,江苏省,南京市,玄武区,1,7c4ee3331504d25d2cb17ede
3642,4224,佛心桥-48号,118.827537,32.05604,江苏省南京市玄武区佛心桥48号,江苏省,南京市,玄武区,1,f5b4e49dffe4d7bbf8221374
3643,4225,后宰门西村小区,118.827583,32.052056,南京市玄武区后宰门西村74号,江苏省,南京市,玄武区,1,550fd5f9a7fa4b79931fc9ec
3644,4226,富贵山3号小区-1号楼,118.825448,32.057463,南京市玄武区北安门街,江苏省,南京市,玄武区,1,4da22732179b58b8c056ac03
3645,4227,佛心桥-52号,118.828059,32.056048,江苏省南京市玄武区佛心桥52号,江苏省,南京市,玄武区,1,7d05813563041cad02294f8d
3646,4228,金陵石化公寓,118.828154,32.054865,后宰门东村76号,江苏省,南京市,玄武区,1,f633606a1b24ba4e0b69d9ec
3647,4229,佛心桥-49号,118.82802,32.056541,江苏省南京市玄武区佛心桥49号,江苏省,南京市,玄武区,1,b150ce75ba41d262fa42b27b
3648,4230,南京城市职业技术学院玄武分校生活区,118.826681,32.052761,江苏省南京市玄武区后宰门街36号-3,江苏省,南京市,玄武区,1,76bfcb49a8c2f6a6ad080f00
3649,4231,富贵山-6号,118.827671,32.057417,江苏省南京市玄武区富贵山6号,江苏省,南京市,玄武区,1,6d1099b143072bd7eedfcafe
3650,4232,馨园,118.828645,32.056173,佛心桥54号,江苏省,南京市,玄武区,1,4fc3161ac126e6a93a13fdec
3651,4233,富贵山-4号,118.827179,32.057922,江苏省南京市玄武区富贵山4号,江苏省,南京市,玄武区,1,7f9acc7ecc93b07628d7ab9a
3652,4234,佛心桥-50号,118.828823,32.056621,江苏省南京市玄武区佛心桥50号,江苏省,南京市,玄武区,1,802aee0b14821a753617dca8
3653,4235,富贵山庄,118.828438,32.058062,南京市玄武区梅园新村街道北安门街富贵巷路口招商银行旁凯林宾馆,江苏省,南京市,玄武区,1,4ad5886fb526681f1fe99958
3654,4236,后半山园-1号,118.829152,32.055836,江苏省南京市玄武区后半山园1号,江苏省,南京市,玄武区,1,89a2ed7e26adfdfbe5073880
3655,4237,富贵山-2号,118.825029,32.05854,江苏省南京市玄武区富贵山2号,江苏省,南京市,玄武区,1,7c15d9a82769457933621216
3656,4238,佛心桥-51号,118.82906,32.056584,江苏省南京市玄武区佛心桥51号,江苏省,南京市,玄武区,1,950bab70db05a2da02294f16
3657,4239,富贵山-10号,118.830097,32.057441,江苏省南京市玄武区富贵山10号,江苏省,南京市,玄武区,1,cbc7252964e2f12e14c8f62f
3658,4240,后宰门东村,118.829359,32.054491,后宰门东村,江苏省,南京市,玄武区,1,52a3c11bd3c14854626858a8
3659,4241,北安门社区,118.826163,32.052319,南京市玄武区后宰门西村13号,江苏省,南京市,玄武区,1,fd17b46ce8776beb3a04b1b5
3660,4242,富贵山-25号,118.828022,32.058625,江苏省南京市玄武区富贵山25号,江苏省,南京市,玄武区,1,cc98717208b6c9e9f42310db
3661,4243,富贵山-8号,118.829562,32.057832,南京市玄武区富贵山庄8幢,江苏省,南京市,玄武区,1,ce1efb73ec4acd6fe31103ab
3662,4245,后宰门-4号,118.82869,32.05278,玄武区后宰门4号,江苏省,南京市,玄武区,1,d45a85dba90ddd34c356ac4e
3663,4246,富贵山-27号,118.828607,32.058458,江苏省南京市玄武区富贵山27号,江苏省,南京市,玄武区,1,5f692ec85ed9058443ab9a16
3664,4247,富贵山-9号,118.829805,32.057251,江苏省南京市玄武区富贵山9号,江苏省,南京市,玄武区,1,2e6c09203a39f5d91188247e
3665,4248,清溪村小区,118.829799,32.053069,南京市玄武区清溪村9号,江苏省,南京市,玄武区,1,bd5046e8dd293b41d72ce2ec
3666,4249,后宰门街32号小区,118.829463,32.051768,江苏省南京市玄武区后宰门街32号,江苏省,南京市,玄武区,1,84ed2478525f0584744ff10a
3667,4250,清溪大厦,118.828504,32.050962,南京市玄武区后宰门街19号,江苏省,南京市,玄武区,1,15ed53ce09a4aa549222e0ec
3668,4252,清溪路5号小区-2幢,118.829875,32.050318,南京市玄武区清溪路5号小区2幢,江苏省,南京市,玄武区,1,37c16879a73e7b43fd0eb09a
3669,4253,富贵山小区-东门,118.829586,32.056048,江苏省南京市玄武区富贵山小区,江苏省,南京市,玄武区,1,a4e6350146ec116edeee8b8d
3670,4254,南京市蔬菜副食品集团有限公司第二分公司综合楼-南门,118.826032,32.055225,南京市玄武区佛心桥44号,江苏省,南京市,玄武区,1,34d4342c91b200b5c71e51eb
3671,4255,熊猫集团家属区,118.829839,32.050495,南京市玄武区梅园新村街道清溪路5号,江苏省,南京市,玄武区,1,8a499f406fdd8b2e43e19232
3672,4256,富贵园公寓,118.831142,32.05691,南京市玄武区后半山园3号,江苏省,南京市,玄武区,1,bff8fa7d2c1cd8a0c8213dec
3673,4257,后半山园小区,118.831856,32.057128,玄武后宰门半山园21号,江苏省,南京市,玄武区,1,3c0ea7c5f714fc9cfbf0cbec
3674,4258,后半山园-3号,118.830717,32.057333,江苏省南京市玄武区后半山园3号,江苏省,南京市,玄武区,1,fa33d45d107f0c25901fc96f
3675,4259,德基紫金山庄,118.863116,32.053359,江苏省南京市玄武区中山陵6号北区13栋,江苏省,南京市,玄武区,1,f938aef2f33356275abbbcec
3676,4260,南京体育学院运动员公寓-1号楼,118.87583,32.050936,江苏省南京市玄武区南京体育学院,江苏省,南京市,玄武区,1,a790d29c596c79d1a3acc4a1
3677,4261,东景花园,118.88586,32.050405,栖霞区孝陵卫钟灵街五棵松128号,江苏省,南京市,栖霞区,1,53349ee3a04dea6e220262ef
3678,4262,五棵松-48号,118.888307,32.052472,五棵松48号,江苏省,南京市,栖霞区,1,03497477fdf2f36b5fd4fe3a
3679,4263,钟山卫府,118.882436,32.050414,江苏省南京市玄武区中山门大街柳营99号,江苏省,南京市,玄武区,1,0c174d01ff5b6aef01ec0186
3680,4264,马群街97号小区,118.893951,32.054705,江苏省南京市栖霞区马群街97号,江苏省,南京市,栖霞区,1,d23f921cb17a8a07f5b91625
3681,4265,紫园,118.895657,32.057404,区马群环陵路99号,江苏省,南京市,栖霞区,1,673cc2d623f074a9bb17e7f7
3682,4266,钟山职业技术学院学生公寓10,118.894917,32.052821,南京市栖霞区马群路169号钟山职业技术学院,江苏省,南京市,栖霞区,1,2e90afa2a8bf33572cb17e05
3683,4268,钟山职业技术学院学生公寓12,118.894944,32.052393,南京市栖霞区马群路169号,江苏省,南京市,栖霞区,1,4827db799b29532093114c3c
3684,4269,钟山职业技术学院学生公寓-4栋,118.896257,32.050903,江苏省南京市栖霞区钟山学院马群校区学生公寓4栋,江苏省,南京市,栖霞区,1,a6d627be4611d195b2077db9
3685,4271,军总东苑,118.892618,32.052895,江苏省南京市栖霞区五棵松44号,江苏省,南京市,栖霞区,1,5181bbb86157a709bb17e78e
3686,4272,钟山职业技术学院教师公寓1区,118.894551,32.051862,南京市栖霞区马群街169号,江苏省,南京市,栖霞区,1,bceb18ff3d27281a1e580018
3687,4274,紫金佳苑(中山门大街),118.891558,32.052392,南京市栖霞区中山门大街506号,江苏省,南京市,栖霞区,1,3a960389e952bee78505bf02
3688,4276,马群99号小区,118.897984,32.052251,南京市栖霞区马群街99号,江苏省,南京市,栖霞区,1,befb0be1794a7a1a07fef54a
3689,4277,钟山职业技术学院学生公寓2,118.897003,32.051452,南京市栖霞区钟山学院培训中心宾馆2栋,江苏省,南京市,栖霞区,1,64f44f6edd67a320c17da29a
3690,4278,钟山职业技术学院学生公寓-5栋,118.896213,32.051111,江苏省南京市栖霞区钟山学院马群校区学生公寓5栋,江苏省,南京市,栖霞区,1,43e1dbbae3639a02d92f28bd
3691,4279,复地御钟山三期,118.896766,32.058291,南京市栖霞区环陵路与陶家营路交叉口,江苏省,南京市,栖霞区,1,1cf45b255b022d4a58109357
3692,4280,钟山职业技术学院学生公寓-1区,118.897107,32.051256,江苏省南京市栖霞区马群街169号,江苏省,南京市,栖霞区,1,054e74e2441f4337353a716c
3693,4283,中垠·紫金观邸,118.901638,32.052506,江苏省南京市栖霞区中山门大街698号,江苏省,南京市,栖霞区,1,160e4375c306bb6848cc4a96
3694,4285,紫金东苑,118.890954,32.052228,南京市栖霞区马群街道五棵松46-1号,江苏省,南京市,栖霞区,1,55fa2c0b3d39352d1ce999e4
3695,4286,复地东郡,118.899108,32.05584,南京市栖霞区马群街2号,江苏省,南京市,栖霞区,1,bc1489e5e69acc808c1a897b
3696,4288,复地御钟山-二期,118.898981,32.058053,南京市栖霞区环陵路和中山门大街交叉口,江苏省,南京市,栖霞区,1,40fe88450852b661b5f42f0e
3697,4289,府军卫小区-65号楼,118.898648,32.052378,南京市栖霞区马群街府军卫小区南侧约100米,江苏省,南京市,栖霞区,1,8e147eaa748b621c223bf2f4
3698,4290,万家楼,118.908024,32.054846,南京市栖霞区,江苏省,南京市,栖霞区,1,1cea15a9fe4725c507fef549
3699,4291,万家楼-21号,118.90628,32.055404,江苏省南京市栖霞区万家楼21号,江苏省,南京市,栖霞区,1,de10d031a8337867dbecedba
3700,4292,万家楼-77号,118.906915,32.054731,江苏省南京市栖霞区万家楼77号,江苏省,南京市,栖霞区,1,02ab001e73eca92a0d3dda37
3701,4293,万家楼-16号,118.906233,32.056067,江苏省南京市栖霞区万家楼16号,江苏省,南京市,栖霞区,1,1e43dcf8ec612c77b75f1e14
3702,4294,万家楼-13号,118.906161,32.055842,江苏省南京市栖霞区万家楼13号,江苏省,南京市,栖霞区,1,130a586855d5135ee8e58267
3703,4295,万家楼-90号,118.907363,32.053508,江苏省南京市栖霞区万家楼90号,江苏省,南京市,栖霞区,1,084e2415c289510eab175a7b
3704,4296,万家楼-45号,118.907191,32.055757,江苏省南京市栖霞区万家楼45号,江苏省,南京市,栖霞区,1,18746a3aa9b2857bf50e7765
3705,4297,万家楼-7号,118.906486,32.05606,江苏省南京市栖霞区万家楼7号,江苏省,南京市,栖霞区,1,a27de5eef2ea354df423104a
3706,4298,万家楼-22号,118.906674,32.054886,江苏省南京市栖霞区万家楼22号,江苏省,南京市,栖霞区,1,b274218e678b2ca9eddfcaf8
3707,4299,万家楼-52号,118.906797,32.055199,江苏省南京市栖霞区万家楼52号,江苏省,南京市,栖霞区,1,028ce5ad9f3de53b6fa3ccdf
3708,4300,万家楼-50号,118.907224,32.055495,江苏省南京市栖霞区万家楼50号,江苏省,南京市,栖霞区,1,d64ab7c24091142643e1926b
3709,4301,万家楼-41号,118.906866,32.055977,江苏省南京市栖霞区万家楼41号,江苏省,南京市,栖霞区,1,6f74c43370d1f9acc2f1cfd8
3710,4302,万家楼-25号,118.906744,32.054727,江苏省南京市栖霞区万家楼25号,江苏省,南京市,栖霞区,1,4650271d3cf1282ba0acc4d5
3711,4303,万家楼-64号,118.906946,32.054869,江苏省南京市栖霞区万家楼64号,江苏省,南京市,栖霞区,1,bd2d0548b9fe659bd5b74e9d
3712,4306,万家楼-78号,118.906919,32.05463,江苏省南京市栖霞区万家楼78号,江苏省,南京市,栖霞区,1,e8d88780d5c59e618936ee69
3713,4307,万家楼-81号,118.906955,32.054511,江苏省南京市栖霞区万家楼81号,江苏省,南京市,栖霞区,1,5edba120816baa63c929159c
3714,4308,万家楼-72号,118.907344,32.054754,江苏省南京市栖霞区万家楼72号,江苏省,南京市,栖霞区,1,3d7b9b5b23a76a45ae080f0d
3715,4309,万家楼-82号,118.906984,32.054398,江苏省南京市栖霞区万家楼82号,江苏省,南京市,栖霞区,1,5a0ebd9915dbf1b63686f44c
3716,4310,万家楼-79号,118.907093,32.054574,江苏省南京市栖霞区万家楼79号,江苏省,南京市,栖霞区,1,bd60f86299ab06de09a8d48f
3717,4311,万家楼-26号,118.906635,32.054172,江苏省南京市栖霞区万家楼26号,江苏省,南京市,栖霞区,1,1ae6bb3dd0e540e30e0e6b89
3718,4312,万家楼-83号,118.907092,32.054173,江苏省南京市栖霞区万家楼83号,江苏省,南京市,栖霞区,1,3572e7f8416516502cb96dfa
3719,4313,万家楼-28号,118.906651,32.053539,江苏省南京市栖霞区万家楼28号,江苏省,南京市,栖霞区,1,539a69ddb3975a3617c8f67b
3720,4315,万家楼-32号,118.90665,32.053293,江苏省南京市栖霞区万家楼32号,江苏省,南京市,栖霞区,1,f3af2f3164d42bf8adee7a65
3721,4316,马群公寓,118.903055,32.058228,南京市栖霞区马群新街37号,江苏省,南京市,栖霞区,1,38e480374abf1c49373a7156
3722,4318,天悦花园,118.903689,32.059371,南京市栖霞区马群新街89-1号,江苏省,南京市,栖霞区,1,c5ddcc08745831b8d81318e7
3723,4319,招商紫金尚园,118.901263,32.058598,南京市栖霞区中山门大街699号(马群中山门大街以北),江苏省,南京市,栖霞区,1,f4ee8e2c89678fbeabf72961
3724,4320,百水芊城向水坊-02幢,118.909336,32.052031,南京市栖霞区宁杭公路2号百水芊城向水坊02幢,江苏省,南京市,栖霞区,1,db4244186becd113b120a871
3725,4321,百水芊城-阅水坊,118.908999,32.050686,江苏省南京市栖霞区宁杭公路2号,江苏省,南京市,栖霞区,1,6a3e7371046225a9283a9f2f
3726,4322,花园城(巨石马群店)-西门,118.900666,32.056963,南京市栖霞区中山门大街699号花园城F1,江苏省,南京市,栖霞区,1,c24bb01b40d0e22bd3f49e13
3727,4323,花园城购物中心,118.90163,32.056951,南京市栖霞区中山门大街699号,江苏省,南京市,栖霞区,1,534025089ed8305cb11e366d
3728,4324,百水家园-南门,118.910075,32.052742,江苏省南京市栖霞区马群百水桥路百水家园旁(百水芊城附近),江苏省,南京市,栖霞区,1,76f5210de22ec9bcf8dc8584
3729,4325,百水家园,118.910523,32.054515,南京市栖霞区百水桥村116号,江苏省,南京市,栖霞区,1,cb4fd14688c614419d9d6856
3730,4326,百水芊城西区,118.914254,32.05394,南京市栖霞区百水桥路7号,江苏省,南京市,栖霞区,1,b1575038ad66f13dc52ba1a8
3731,4327,百水芊城-春水坊,118.911024,32.05139,南京市栖霞区宁杭公路2号,江苏省,南京市,栖霞区,1,7fec86cda8a03706f60e7761
3732,4328,百水芊城上水坊,118.91231,32.055059,南京市栖霞区马群街道百水芊城社区,江苏省,南京市,栖霞区,1,61085211945756a1c51b7556
3733,4330,百水芊城云水坊-5幢,118.914328,32.052639,南京市栖霞区百水桥路9号百水芊城云水坊5幢,江苏省,南京市,栖霞区,1,6367fc2fd2e07b528bf15d1e
3734,4331,百水芊城怡水坊,118.914116,32.053851,南京市栖霞区百水桥路7号,江苏省,南京市,栖霞区,1,c8c8957a54c676c3a6da3937
3735,4333,白水桥-21号,118.91662,32.059501,江苏省南京市栖霞区白水桥21号,江苏省,南京市,栖霞区,1,efec70e2b88db08b29d7abb6
3736,4334,白水桥16号,118.91665,32.059404,江苏省南京市栖霞区白水桥16号,江苏省,南京市,栖霞区,1,2923394fbb55f4d72efaa781
3737,4335,百水芊城云水坊-23幢,118.913938,32.050894,南京市栖霞区百水桥路9号百水芊城云水坊23幢,江苏省,南京市,栖霞区,1,907d9126e31e593aafee7a27
3738,4336,怡水坊-4号楼,118.917477,32.054046,江苏省南京市栖霞区马群怡水坊4号楼(百水芊城东),江苏省,南京市,栖霞区,1,df76a361b964422e9cf77999
3739,4337,银河湾.紫苑小区,118.926731,32.052649,南京市江宁区汤山街道丹霞路与天和路交叉口,江苏省,南京市,江宁区,1,48eb00587a9c48d32fe67b0b
3740,4338,麒麟紫荆城泉水苑-东区,118.930523,32.050842,江苏省南京市江宁区麒麟紫荆城泉水苑东区(开城路西),江苏省,南京市,江宁区,1,6fbbb4f10297ec78da2f28ee
3741,4339,文荟福邸,118.928332,32.058114,江苏省南京市江宁区悦民路9号,江苏省,南京市,江宁区,1,e49d1fbd0b2994d731f71dc2
3742,4340,悦民公寓,118.929285,32.056708,南京市江宁区悦民路28号,江苏省,南京市,江宁区,1,61085211947256a1c51b7575
3743,4341,悦民二期小区,118.929909,32.055478,南京市江宁区麒麟镇丹青路,江苏省,南京市,江宁区,1,5211d219fe76d5587dc87675
3744,4342,悦民公寓一期-北区,118.929711,32.058629,南京市江宁区文荟路与悦民路交叉路口往东约160米,江苏省,南京市,江宁区,1,92815d35d4f015ceb64f54c9
3745,4343,麒麟紫荆城晨光苑,118.930715,32.052653,江苏省南京市江宁区丹霞街18号,江苏省,南京市,江宁区,1,ed13105d33fdbcbcf40e77b2
3746,4345,银河湾花园,118.936811,32.057064,江苏省南京市江宁区悦民路133号,江苏省,南京市,江宁区,1,9ecff23cac0fb637d618b7c7
3747,4346,阳光之旅,118.94017,32.057521,江苏省南京市江宁区泰盈路89号,江苏省,南京市,江宁区,1,33c054a1c640ec001e580040
3748,4347,新地雅苑,118.934312,32.057107,南京市江宁区汤山街道开城路99号,江苏省,南京市,江宁区,1,93a999868ef3fc4a88f15df4
3749,4348,东方红郡,118.935796,32.054876,南京市江宁区悦民街128号(公交车站),江苏省,南京市,江宁区,1,3014a1033ae61d24471a32bd
3750,4349,中南麒麟锦城,118.931567,32.054911,麒麟镇开城路188号,江苏省,南京市,江宁区,1,f5e3bcae6a6b52bc5e17c308
3751,4350,华汇康城-三期,118.939485,32.052142,丹青路与华汇路交叉口东南150米,江苏省,南京市,江宁区,1,7524cb4fed2d5e3404026f75
3752,4351,麒麟紫荆城-长城苑,118.939437,32.050498,江宁区丹霞街,江苏省,南京市,江宁区,1,7efbea6ebcdd0b58e81e9718
3753,4352,麒麟紫荆城泉水苑,118.928691,32.050936,江苏省南京市江宁区丹霞路19号(晨光苑对面),江苏省,南京市,江宁区,1,246502bc737dec2651e5c554
3754,4353,华汇康城-2期,118.938003,32.052129,南京市江宁区丹青路与华汇路交叉口东南150米,江苏省,南京市,江宁区,1,4b35ae1a6071ee421994c6f8
3755,4354,宇业·东方红郡天赋广场,118.93377,32.055189,南京市江宁区悦民路128号,江苏省,南京市,江宁区,1,4f4521cf62d199303586f4d1
3756,4355,华汇康城-南区,118.939207,32.052253,南京市江宁区麒麟门,江苏省,南京市,江宁区,1,9f20b51838eabda0f8221367
3757,4356,华汇康城-1幢,118.938803,32.055168,江苏省南京市江宁区华汇康城一期01幢,江苏省,南京市,江宁区,1,059b3f2ec92c60a32b201af2
3758,4357,麒麟新村,118.934014,32.058318,南京市江宁区开城路81号,江苏省,南京市,江宁区,1,532ee1011fa6d587dfee8bb4
3759,4358,麒麟科技创新园一期经济适用房A块,118.932092,32.051694,南京市江宁区丹霞街麒麟紫荆城晨光苑东南侧,江苏省,南京市,江宁区,1,f512dd670aeb77fac81b952a
3760,4359,华汇康城南区(3号门),118.936442,32.053001,江苏省南京市江宁区麒麟街道华汇路华汇康城三期北门附近,江苏省,南京市,江宁区,1,5b83139fa333f3c09f09f7fe
3761,4360,华汇·康城住宅小区17幢,118.936702,32.052136,江苏省南京市江宁区华汇康城二期17幢,江苏省,南京市,江宁区,1,e8a07d8b63dd3f5c14c8f6fa
3762,4361,麒麟科技创新园一期经济适用房F地块,118.936471,32.050539,南京市江宁区华汇路麒麟紫荆城-长城苑,江苏省,南京市,江宁区,1,f3e96eeffa44acca7ec8762a
3763,4363,麒麟山庄,118.94498,32.057424,"中山门外麒东路588号,麒麟镇往东1公里,宁杭公路的南侧",江苏省,南京市,江宁区,1,f1f5cac5c31d989836b06c75
3764,4364,麒麟山庄-北门,118.94501,32.058335,江苏省南京市江宁区麒麟山庄(宁杭公路南),江苏省,南京市,江宁区,1,e4f6b02091d432bcc61b75c2
3765,4365,东郊小镇第二街区,118.959341,32.05884,南京市江宁区麒东路777号,江苏省,南京市,江宁区,1,9f9042b4265dee9748cc4ae2
3766,4366,东郊小镇·邻里中心,118.958168,32.059694,南京市江宁区麒东路777号,江苏省,南京市,江宁区,1,35cab3413488972ca1a934c7
3767,4367,东郊小镇,118.961472,32.059698,麒麟街道麒东路777号,江苏省,南京市,江宁区,1,7c681b34c14cf65d6f4760b1
3768,4368,东郊小镇第一街区,118.964301,32.059249,江苏省南京市江宁区麒麟街道麒东路777号,江苏省,南京市,江宁区,1,5ce2637d0530a550af31e5a5
3769,4370,江苏双龙集团有限公司(江宁混凝土分公司),118.976871,32.05112,南京市江宁区金丝岗锁石社区500号,江苏省,南京市,江宁区,1,3d05f1b673438978223bf2ad
3770,4371,绿城桃花源,119.007817,32.047267,江苏省南京市江宁区古泉社区S122省道绿城桃花源,江苏省,南京市,江宁区,1,8f9c6d47e57d6d66fbf0cba4
3771,4372,巴厘原墅,119.021086,32.051149,南京市江宁区开发区汤山镇古泉社区228号,江苏省,南京市,江宁区,1,1cea15a9aa38e9bb06fef5b7
3772,4373,香樟华苹酒店,119.054892,32.050816,江苏省南京市江宁区温泉路12号2期,江苏省,南京市,江宁区,1,a7c56ee026b148aaa3acc46b
3773,4375,巩固6号地块,118.639214,32.046829,南京市浦口区立新路南京市乐贝加(滨江)幼儿园东南侧约110米,江苏省,南京市,浦口区,1,5591a36fc59cd8a13586f4da
3774,4376,江苏金胜楼,118.63691,32.057056,南京市浦口区珠泉西路新理想佳园东侧,江苏省,南京市,浦口区,1,95fd811f7377de402806ce80
3775,4377,扬子科创中心-B幢,118.64772,32.04411,江苏省南京市浦口区浦滨路211号扬子科创中心,江苏省,南京市,浦口区,1,de807a51b119f5153a13fd06
3776,4379,江北新区研创园孵鹰大厦-C座,118.64873,32.043516,江苏省南京市浦口区团结路99号,江苏省,南京市,浦口区,1,ae0f20eec2903334e81e979c
3777,4380,江北新区研创园孵鹰大厦B座-B5门,118.649521,32.042658,江苏省-南京市-浦口区-华创路,江苏省,南京市,浦口区,1,31a1ad4a8518b50e441a326b
3778,4381,江北新区研创园孵鹰大厦-A座,118.649098,32.04235,江苏省南京市浦口区团结路99号,江苏省,南京市,浦口区,1,be256dfbfd8769bf1b94c629
3779,4384,江北新区研创园孵鹰大厦-2号门,118.649656,32.042283,南京市浦口区华创路与团结路交叉口北150米,江苏省,南京市,浦口区,1,20d5c736f4a2136eb45f1ec2
3780,4387,金衡大厦,118.653266,32.045981,南京市浦口区华创路南京瑞斯丽酒店东侧约250米,江苏省,南京市,浦口区,1,dc37d83505f8d2e61894c6a7
3781,4388,弘昌大厦,118.655074,32.045656,江苏省南京市浦口区江浦街道城南河路弘昌大厦,江苏省,南京市,浦口区,1,d9a39eeeae5692ff7f29bd60
3782,4389,南京安防科技大厦,118.65202,32.046986,南京市浦口区丰子河东匝道与园创路交叉路口往南约70米,江苏省,南京市,浦口区,1,1da4e0866adbe0ade8e5825c
3783,4390,南京软件园腾飞大厦,118.649917,32.04422,南京市浦口区江淼路88号,江苏省,南京市,浦口区,1,22fce0259bdbcdb5b23c819b
3784,4391,南京软件园儒商科技大厦,118.653553,32.043654,南京市浦口区江淼路江北新区研创园人才公寓东北侧约80米,江苏省,南京市,浦口区,1,63591e572ec5289a0f0e6b11
3785,4392,南京软件园人才公寓,118.652701,32.042323,江苏省南京市浦口区江浦街道江淼路南京软件园人才公寓,江苏省,南京市,浦口区,1,61ee2f798ed7b80abd4842e1
3786,4393,保利·西江月,118.664596,32.047798,城南河路与横江大道交汇处,江苏省,南京市,浦口区,1,9fcf55d09b872ac3882fb57c
3787,4396,长岛观澜·润园,118.717921,32.04687,江苏省南京市建邺区星影街30号,江苏省,南京市,建邺区,1,cde3f9f5b99d0d984afd3fb7
3788,4397,长岛观澜·汐园,118.71203,32.046114,江苏省南京市建邺区绿水街18号,江苏省,南京市,建邺区,1,a42b4cee1f615db1c5effb2e
3789,4398,长岛观澜银城沁园,118.713933,32.048501,南京市建邺区绿水街19号,江苏省,南京市,建邺区,1,51e59f44c21ab65ff9dc85b1
3790,4399,保利·二十四院,118.715238,32.050221,江苏省南京市建邺区江心洲街道葡园路二十四院,江苏省,南京市,建邺区,1,3562f71f14168f5e96ca0752
3791,4400,江心洲紫荆花苑,118.71553,32.04604,南京市建邺区绿水街保利紫荆公馆,江苏省,南京市,建邺区,1,821be7a765980f67f90cad59
3792,4402,保利·紫荆公馆,118.715789,32.047331,江苏省南京市建邺区中新大道与星影街交叉路口往西南约100米,江苏省,南京市,建邺区,1,51954715fd554aca2fb90852
3793,4403,银城长岛观澜,118.713306,32.047439,江苏省南京市建邺区绿水街18号,江苏省,南京市,建邺区,1,0dee8075efd6b6d803ff2d84
3794,4404,联创科技大厦-A座,118.728913,32.039712,南京市鼓楼区集慧路18号,江苏省,南京市,鼓楼区,1,9fe146cfb908c0fb583ac839
3795,4405,中建一局生活区,118.728301,32.041003,江苏省南京市建邺区清河路9号,江苏省,南京市,建邺区,1,ea4d234882f07b4aefe4a565
3796,4406,胜科星洲府·澜庭,118.722038,32.049035,南京市建邺区环岛东路与文武街交叉口西南侧(升龙公园桂园道东侧),江苏省,南京市,建邺区,1,9dec4952cfdc937bcae33c7c
3797,4407,江菊绿园,118.727862,32.041595,南京市建邺区清河路9号,江苏省,南京市,建邺区,1,f4460918d965006ab01e36ad
3798,4408,艾志大厦,118.735959,32.044646,南京市鼓楼区汉中门大街309号,江苏省,南京市,鼓楼区,1,3ae2310547275c220d3ddaba
3799,4409,广厦天水滨江花园,118.738607,32.045591,南京市鼓楼区汉中门大街400号,江苏省,南京市,鼓楼区,1,8b302abc104a063188fc0664
3800,4410,水资源科技大厦,118.737659,32.044707,南京市鼓楼区清江南路70号,江苏省,南京市,鼓楼区,1,9abc44e2e1b63ad40c0a7013
3801,4411,国家水资源科技研发大厦,118.73769,32.044638,清江南路70号,江苏省,南京市,鼓楼区,1,b75f17df3da802829a00505d
3802,4412,江苏绿建大厦,118.732667,32.045281,江苏省南京市建邺区汉中门大街333号,江苏省,南京市,建邺区,1,ba3933303e3322a6081cc7cc
3803,4413,苏宁慧谷E8-1栋,118.730346,32.038154,江苏省南京市鼓楼区集庆门大街江东软件城苏宁慧谷E08,江苏省,南京市,鼓楼区,1,767bee45fce79037a7c75684
3804,4416,长安西街一号商业,118.732821,32.046419,南京市鼓楼区汉中门大街广厦天水滨江花园,江苏省,南京市,鼓楼区,1,9078ea5948b99ca6b817e7c9
3805,4417,清河新寓-二村,118.736077,32.047778,南京市鼓楼区清江路45号,江苏省,南京市,鼓楼区,1,69fcd6dff7fed22fcb2915a1
3806,4418,清河新寓,118.737607,32.047671,南京市鼓楼区清河路43号,江苏省,南京市,鼓楼区,1,5422bbc0271808c84f6d46fe
3807,4419,政院新寓,118.738789,32.046884,江苏省南京市鼓楼区锦江路3号,江苏省,南京市,鼓楼区,1,d8f20f677a35d25480a00cba
3808,4420,南京国际服务外包大厦,118.739452,32.044685,江苏省南京市鼓楼区汉中门大街301号,江苏省,南京市,鼓楼区,1,9cc7599c50a8e66cf7b91631
3809,4421,清河新寓一村,118.73785,32.047748,南京市鼓楼区清江路46号,江苏省,南京市,鼓楼区,1,25ec69fcb1e07c7dc36c14a1
3810,4422,临江新寓,118.734793,32.04855,南京市鼓楼区东宝路3号,江苏省,南京市,鼓楼区,1,b10e6b1dce825772ab059d4e
3811,4423,乾和福邸公寓,118.74023,32.045951,南京市鼓楼区江东街道汉中门大街388号,江苏省,南京市,鼓楼区,1,27e9a11b85f5dc55b05c6ad5
3812,4424,苏宁天玺国际广场-二期,118.736816,32.049051,南京市鼓楼区东宝路天玺国际广场,江苏省,南京市,鼓楼区,1,307baa862439607538e4a63b
3813,4425,嘉景苑,118.739027,32.0482,南京市鼓楼区东宝路29号,江苏省,南京市,鼓楼区,1,a1418eb4c3843d7eeae582bf
3814,4426,锦江花苑,118.740214,32.046973,汉中门大街218号,江苏省,南京市,鼓楼区,1,37ddf79371490ffd88f15d1d
3815,4427,苏宁天玺国际广场,118.736645,32.049621,南京市鼓楼区清江路85号,江苏省,南京市,鼓楼区,1,0dc3d82d2ce1dd1175e5b66a
3816,4428,锦江大厦,118.739679,32.047864,南京市鼓楼区锦江路6号,江苏省,南京市,鼓楼区,1,f3c652978f0683e31fe99953
3817,4429,滨江瑞景家园,118.735217,32.049853,南京市鼓楼区江东街道东宝路88号,江苏省,南京市,鼓楼区,1,f78eaa5f5721cf692b201aea
3818,4430,望江新寓,118.740429,32.04835,南京市鼓楼区浦江路,江苏省,南京市,鼓楼区,1,24d0550827728caf138824a1
3819,4431,裕华大厦,118.746561,32.044904,南京市建邺区汉中门大街269号,江苏省,南京市,建邺区,1,dfc496b6cf9ac8af8836eeb0
3820,4432,天顺大厦,118.746638,32.044956,南京市建邺区汉中门大街267号,江苏省,南京市,建邺区,1,8d96925cc93f3845c0f1cfb0
3821,4433,恒生·名仕嘉园,118.746121,32.043749,南京市建邺区江东中路1号,江苏省,南京市,建邺区,1,631c41574030286130f71db0
3822,4434,天顺苑,118.746855,32.044221,南京市建邺区汉中门大街267号,江苏省,南京市,建邺区,1,6835e3a749292a33e21103a1
3823,4435,江海楼商务酒店,118.744086,32.045863,江苏省南京市鼓楼区汉中门大街300号,江苏省,南京市,鼓楼区,1,cdef4edf3739d35728d7ab76
3824,4436,裕华名居,118.747032,32.045886,汉中西路298号,江苏省,南京市,鼓楼区,1,b9b9b67eed0493cea7da39a6
3825,4437,典雅居大厦,118.744777,32.045924,南京市鼓楼区江东北路91号,江苏省,南京市,鼓楼区,1,70ae136d539da87abb17e7fc
3826,4438,典雅居,118.744179,32.044235,南京市建邺区汉中门大街281号,江苏省,南京市,建邺区,1,6af28e34637d14e8a104640c
3827,4439,世纪之星,118.744777,32.046498,南京市鼓楼区江东北路97号,江苏省,南京市,鼓楼区,1,2c40f0d3abafb10fd5b74ee2
3828,4440,江汊里-1号,118.748282,32.04465,江苏省南京市建邺区江汊里1号,江苏省,南京市,建邺区,1,49ed203e3d040e19dd1e52d3
3829,4441,金陵世纪花园,118.742677,32.047011,江苏省南京市鼓楼区东宝路97号,江苏省,南京市,鼓楼区,1,d24e48eb49678cb4aeee7aa1
3830,4442,怡和佳苑,118.746223,32.047178,江苏省南京市鼓楼区凤凰西街230号,江苏省,南京市,鼓楼区,1,d999818ab70c9ee5c26c14b9
3831,4443,芙蓉里小区-3号,118.748572,32.043999,江苏省南京市建邺区芙蓉里3号,江苏省,南京市,建邺区,1,d9d9f250af426d8314b54b58
3832,4444,鸿都大厦,118.744928,32.047344,南京市鼓楼区江东北路97-9号,江苏省,南京市,鼓楼区,1,af1ae56b67dc51124307c1a1
3833,4446,银城聚泽园,118.746691,32.048581,南京市鼓楼区江凤凰西街222号,江苏省,南京市,鼓楼区,1,7271297aba5d3222b05c6afc
3834,4448,康怡花园-西区,118.749388,32.044472,南京市建邺区云锦路6号,江苏省,南京市,建邺区,1,fac2e782de08c0710969d968
3835,4449,江东大厦,118.744605,32.04814,南京市鼓楼区江东北路101号,江苏省,南京市,鼓楼区,1,6ee010209030b3ef53e5c5a1
3836,4450,海棠里小区,118.749512,32.045924,南京市鼓楼区汉中门大街122号,江苏省,南京市,鼓楼区,1,f446091896c54517b11e3608
3837,4451,凤凰花园城,118.748979,32.04701,南京市鼓楼区凤凰西街与湛江路交叉路口向西约100米,江苏省,南京市,鼓楼区,1,4642844a59312cd9c8fa5fa1
3838,4452,银城聚泽园北园,118.747134,32.048563,江苏省南京市鼓楼区江东北路58号,江苏省,南京市,鼓楼区,1,626468172f0086bcd42ce20f
3839,4453,莺歌苑小区-莺歌苑东门,118.749458,32.034669,南京市建邺区集庆门大街云锦路10号,江苏省,南京市,建邺区,1,ae85139be7a88a6d74026961
3840,4454,东宝大厦,118.745093,32.049421,江东北路111号,江苏省,南京市,鼓楼区,1,7d5f3a0ac787d9362db908a1
3841,4455,静幽园-A幢,118.749678,32.047092,江苏省南京市鼓楼区凤凰花园城静幽园A幢(凤凰西街北),江苏省,南京市,鼓楼区,1,ddafdd2ea39005443be4a676
3842,4456,爱邦商业楼,118.750039,32.047814,南京市鼓楼区湛江路55号,江苏省,南京市,鼓楼区,1,43c50ee9afa0724b8c772755
3843,4457,东宝花园,118.744409,32.049138,南京市鼓楼区东宝路6号,江苏省,南京市,鼓楼区,1,8019c63bf2f0385bbda240b6
3844,4458,聚馨座,118.742683,32.049321,南京市鼓楼区东宝路2-12号,江苏省,南京市,鼓楼区,1,b68973ef180a5efb02897246
3845,4459,银城聚锦园,118.743006,32.049674,南京市鼓楼区东宝路2号,江苏省,南京市,鼓楼区,1,98b8144f2883cd6b17b54b19
3846,4460,时代天地广场,118.741925,32.049289,鼓楼区东宝路8号,江苏省,南京市,鼓楼区,1,ef0994a4e22c52bcb35c6a36
3847,4461,江东二队-129号,118.74113,32.042801,江苏省南京市建邺区江东二队129号,江苏省,南京市,建邺区,1,f2635ddf7517f95d112935a6
3848,4462,江东二队-121号,118.741239,32.042827,江苏省南京市建邺区江东二队121号,江苏省,南京市,建邺区,1,53fa5722924a36d77adbd2f7
3849,4463,凤凰三村,118.756126,32.045107,凤凰3村21号,江苏省,南京市,鼓楼区,1,06d2dffd687d69f689f15da1
3850,4464,南京市人防宿舍,118.754832,32.046173,南京市鼓楼区凤凰西街263号,江苏省,南京市,鼓楼区,1,2337d22d6831159871210bbe
3851,4465,审计学院教师楼,118.757446,32.048161,南京市鼓楼区凤凰街道凤凰西街152号,江苏省,南京市,鼓楼区,1,f3cf1dff5d68ac945cd4fea5
3852,4466,City EDIFICE大厦,118.753409,32.043795,南京市建邺区汉中门大街151号,江苏省,南京市,建邺区,1,29f6d57c6effa5039df779ed
3853,4467,凤凰三村21号小区,118.754165,32.045661,南京市鼓楼区凤凰3村21号,江苏省,南京市,鼓楼区,1,633de87374487631c27da284
3854,4468,凤凰西街269-275号小区,118.753666,32.04613,南京市鼓楼区凤凰西街269-275号,江苏省,南京市,鼓楼区,1,3a479836a2d34030c9291507
3855,4469,南京晓庄学院留学生公寓,118.756854,32.043255,南京市建邺区北圩路41号RN晓庄学院,江苏省,南京市,建邺区,1,bf2daa30a58155ebc61e51d0
3856,4470,西城广场(纪念馆东路),118.753173,32.043895,江苏省南京市建邺区汉中门大街151号,江苏省,南京市,建邺区,1,10c53644a911e0f243afe61d
3857,4471,南京晓庄学院学生宿舍-1栋,118.756569,32.042621,江苏省南京市建邺区南京晓庄学院学生宿舍1栋,江苏省,南京市,建邺区,1,d67142de21897c646c3e1b32
3858,4472,知海大厦,118.757862,32.043586,南京市建邺区汉中门大街南京晓庄学院(莫愁校区)北侧约40米,江苏省,南京市,建邺区,1,2195edcc5cdd870280a00cca
3859,4473,南京农业科技大厦,118.752142,32.044357,江苏省南京市建邺区汉中门大街169号,江苏省,南京市,建邺区,1,5ce2637d403af851af31e5b0
3860,4474,茶西里小区,118.755226,32.041946,南京市建邺区茶西里30号,江苏省,南京市,建邺区,1,3eb4a3f24834d82cd42ce2e4
3861,4475,南京市政法干警宿舍,118.752934,32.046643,南京市鼓楼区凤凰西街凤凰西街186号院,江苏省,南京市,鼓楼区,1,1cee1e65658587a088db739a
3862,4476,南京审计大学(莫愁校区)教工楼-1幢,118.758683,32.046903,江苏省南京市鼓楼区南审教工楼1栋,江苏省,南京市,鼓楼区,1,d5a3d28986af7b342e473333
3863,4477,江苏省人民医院宿舍区,118.757796,32.047386,南京市鼓楼区凤凰西街140号,江苏省,南京市,鼓楼区,1,83012ca6b3b5c9c4c61b751a
3864,4478,名城世纪园(嫩江路),118.753686,32.047615,南京市鼓楼区凤凰西街182号,江苏省,南京市,鼓楼区,1,dc0f0adc83dd2021f92213a1
3865,4479,茶花里小区,118.756107,32.041797,水西门大街364号,江苏省,南京市,建邺区,1,a1c44059697d43599222e0c2
3866,4480,建威公寓,118.759184,32.044083,南京市鼓楼区汉中门大街58号,江苏省,南京市,鼓楼区,1,1cef035305bcd7e04d776ef6
3867,4481,莫愁花园,118.751561,32.045626,江苏省南京市鼓楼区汉中门大街120号5-101号,江苏省,南京市,鼓楼区,1,37d60a46be30e7601f1d11a1
3868,4482,商校小区,118.754889,32.048336,南京市鼓楼区凤凰西街150号,江苏省,南京市,鼓楼区,1,c5ddcc08229fc7c6d91318a1
3869,4483,天安花园,118.751646,32.043436,江苏省南京市建邺区汉中门大街189-1号,江苏省,南京市,建邺区,1,d5f93c0e3ef5835cecdfcab0
3870,4484,凤凰西街188号,118.752651,32.047542,南京市鼓楼区凤凰西街188号,江苏省,南京市,鼓楼区,1,2fd331b3f8b3c6da74026985
3871,4486,建筑节能示范服务大楼,118.757105,32.048527,南京市鼓楼区凤凰西街152-1号,江苏省,南京市,鼓楼区,1,f26a96096e6edc0026d2bba6
3872,4487,康怡花园,118.749745,32.044439,江苏省南京市建邺区汉中门大街199号,江苏省,南京市,建邺区,1,b9e5d0b8ef0f10bc80a12eb0
3873,4488,牡丹里,118.751004,32.044992,南京市鼓楼区汉中门大街120号,江苏省,南京市,鼓楼区,1,d9682a98ec8f7db2e9f853e0
3874,4489,建威大厦,118.760085,32.043997,南京市鼓楼区汉中门大街56号,江苏省,南京市,鼓楼区,1,480b24d02d49bdf19dec2ba3
3875,4490,玉兰里-24幢,118.759755,32.043276,南京市建邺区北圩路8号玉兰里24幢,江苏省,南京市,建邺区,1,1088ac4e7411874fe856faac
3876,4491,玉兰里-23幢,118.759626,32.042977,南京市建邺区北圩路8号玉兰里23幢,江苏省,南京市,建邺区,1,904d6806dd0c25bf79dbd2ca
3877,4492,梅花里小区,118.758152,32.041522,南京市建邺区北圩路28号,江苏省,南京市,建邺区,1,7524cb4f9acd6d4804026f11
3878,4493,水西门大街354号小区,118.75694,32.040705,江苏省南京市建邺区水西门大街354号,江苏省,南京市,建邺区,1,a3ed17e51e75c42c21f017ed
3879,4494,凤凰西街128-138号小区,118.758834,32.048146,江苏省南京市鼓楼区凤凰西街128~138号,江苏省,南京市,鼓楼区,1,8d373aa375fee2e288db73b0
3880,4495,江苏省中医院进修人员宿舍,118.755704,32.049658,南京市鼓楼区凤凰西街150号-1号,江苏省,南京市,鼓楼区,1,c78cab6b35c1f1596c4760f8
3881,4496,金地苑,118.752667,32.048614,南京市鼓楼区凤凰西街188号,江苏省,南京市,鼓楼区,1,319e904d142c8d8a283a9f41
3882,4497,凤凰花园城金陵园,118.750904,32.047306,南京市鼓楼区凤凰西街180号,江苏省,南京市,鼓楼区,1,fd59341ad71f0a2c07fef591
3883,4498,凤凰西街小区,118.758727,32.048036,南京市鼓楼区凤凰西街136号,江苏省,南京市,鼓楼区,1,17bb5ed79d14c2e0441a329f
3884,4499,玉兰里小区(莫愁西园西北),118.760129,32.042122,南京市建邺区北圩路8号,江苏省,南京市,建邺区,1,7d5f3a0a238cbd4b2db908b3
3885,4500,千峰彩翠大厦,118.754107,32.040172,南京市建邺区水西门大街249号,江苏省,南京市,建邺区,1,fa835ce2d44d1bb6e912e4b0
3886,4501,苏建集团大厦,118.757309,32.04038,南京市建邺区水西门大街352号,江苏省,南京市,建邺区,1,631c41574031286130f71db3
3887,4502,华诚新村(凤凰西街118号),118.759501,32.048481,南京市鼓楼区凤凰街道凤凰西街118号,江苏省,南京市,鼓楼区,1,64acc28f78b98bf46240a946
3888,4503,江苏交通科技大厦,118.756813,32.039749,江苏省南京市建邺区水西门大街223号,江苏省,南京市,建邺区,1,25ec69fcb1ee7c7dc36c14b3
3889,4505,苏建城,118.758095,32.040383,南京市建邺区水西门大街352号,江苏省,南京市,建邺区,1,4cf8d24e02daede49df779b3
3890,4506,清溪园-15号,118.750971,32.048351,江苏省南京市鼓楼区清溪园15号,江苏省,南京市,鼓楼区,1,6d81dd3695a6befb8b2fb511
3891,4507,教工新村,118.758112,32.049661,南京市鼓楼区凤凰西街112号,江苏省,南京市,鼓楼区,1,93e54ed6b672ec5d7069d3db
3892,4508,中海玺荟公寓,118.759259,32.049712,南京市鼓楼区清凉门大街1号,江苏省,南京市,鼓楼区,1,d5789e16fb2134704afd3fa9
3893,4509,茶亭巷小区,118.759375,32.040277,南京市建邺区北圩路玉兰里南侧约40米,江苏省,南京市,建邺区,1,a65c32502daceac2c26c1489
3894,4510,凤凰花园城-清溪园,118.751686,32.048424,南京市鼓楼区凤凰西街凤凰花园城1号,江苏省,南京市,鼓楼区,1,f400b0bb9c2845fd28d7aba7
3895,4511,枫亚苑,118.750994,32.049653,江苏省南京市鼓楼区江东街道湛江路68号,江苏省,南京市,鼓楼区,1,9ee392b836ed3241babd63a1
3896,4512,莫愁西园,118.760294,32.040342,南京市建邺区水西门大街276-1-2号,江苏省,南京市,建邺区,1,7524cb4fed775e3405026fb3
3897,4513,南京晓庄学院莫愁校区3号楼-北门,118.757778,32.043133,南京市建邺区北圩路41号,江苏省,南京市,建邺区,1,260f376a0cf7f4d9704b875e
3898,4514,环宇城公寓,118.75915,32.049768,江苏省南京市鼓楼区清凉门大街1号(清凉门大街与北圩路交叉口),江苏省,南京市,鼓楼区,1,51d144aff8d039b5843304a9
3899,4515,胜棋里,118.764798,32.044574,南京市鼓楼区汉中门大街与涌泉街交叉口西北100米,江苏省,南京市,鼓楼区,1,29c523f1766b93aa4d776ec7
3900,4516,涌泉里(郁金里东),118.763806,32.04574,涌泉里,江苏省,南京市,鼓楼区,1,f39b7407f586eedb1e1d117d
3901,4517,华园,118.767054,32.044076,南京市建邺区汉中门大街31号,江苏省,南京市,建邺区,1,8cba4bb06de8b484ac0457b3
3902,4518,水利设计院职工宿舍(西南门),118.76561,32.04672,南京市鼓楼区汉北街8号,江苏省,南京市,鼓楼区,1,ebd6f6674a0f2987f9f0cb4c
3903,4519,彩虹楼,118.766773,32.04686,南京市鼓楼区汉北街与胜棋街交叉路口向北约50米,江苏省,南京市,鼓楼区,1,d39294badb02cefcb817e735
3904,4520,莫愁新寓-荷花里,118.763273,32.044095,南京市鼓楼区迎春街,江苏省,南京市,鼓楼区,1,3be122e10a4680521ff74da3
3905,4521,劲顺花园小区,118.767614,32.046133,南京市鼓楼区汉中门大街28号,江苏省,南京市,鼓楼区,1,7aea43b7e6c84af87d29bda0
3906,4522,汉北街8号小区,118.765365,32.047399,江苏省南京市鼓楼区汉北街8号,江苏省,南京市,鼓楼区,1,a1db63c6de8461b3cafa5fd5
3907,4523,金贸新寓,118.768484,32.044919,南京市建邺区汉中门大街21号,江苏省,南京市,建邺区,1,f9f262c0222b76f8b35c6a5a
3908,4524,凤凰庄小区,118.767851,32.047404,江苏省南京市鼓楼区汉中门大街3号,江苏省,南京市,鼓楼区,1,db1f39d4d0c2836ff4c59ca0
3909,4525,莫愁新寓-郁金里,118.761987,32.045589,江苏省南京市鼓楼区迎春里10号-1,江苏省,南京市,鼓楼区,1,468a2e9401719aa8e60738be
3910,4526,莫愁新寓迎春里,118.761692,32.044423,南京市鼓楼区迎春街与汉中门大街交汇处,江苏省,南京市,鼓楼区,1,64ff3be13da0f9bb91114ca3
3911,4527,凤凰新村(郁金街),118.763523,32.048319,南京市鼓楼区凤凰西街69号,江苏省,南京市,鼓楼区,1,c0c3b0735479d390774ff1a1
3912,4528,凤凰二村,118.763822,32.047818,南京市鼓楼区凤凰西街与郁金街交叉路口向东南约100米,江苏省,南京市,鼓楼区,1,8cba4bb02eb6f3f9ad04576c
3913,4529,建华里小区,118.761326,32.044762,南京市鼓楼区郁金西街莫愁新寓迎春里,江苏省,南京市,鼓楼区,1,8361d9f4edd3d54efbf0cb1e
3914,4530,蔚蓝之都家园,118.768915,32.047163,南京市鼓楼区汉中门大街2号,江苏省,南京市,鼓楼区,1,0058610815503fa547e274a3
3915,4531,汉中门大街小区,118.769535,32.046138,江苏省南京市建邺区汉中门大街3号(莫愁湖公园北),江苏省,南京市,建邺区,1,63371a80a520c1addad8914d
3916,4532,裕华新寓,118.765173,32.048625,南京市鼓楼区凤凰西街59号,江苏省,南京市,鼓楼区,1,3b4ab7f75f4aaac782288a75
3917,4533,龙凤玫瑰园(凤凰西街),118.761813,32.047097,江苏省南京市鼓楼区凤凰西街163号,江苏省,南京市,鼓楼区,1,af1ae56b22c1146f4307c1b9
3918,4534,漫城名苑,118.766494,32.048895,江苏省南京市鼓楼区凤凰街55号,江苏省,南京市,鼓楼区,1,f7e6f41da476686eb04c490f
3919,4535,莫愁家园,118.770377,32.04594,南京市建邺区汉中门大街1-1号,江苏省,南京市,建邺区,1,d429ee670e79e31f2afc486c
3920,4536,凤凰西街229号小区,118.760858,32.046429,南京市鼓楼区凤凰西街229号,江苏省,南京市,鼓楼区,1,bea889a31c8a20b2da2f2895
3921,4537,凤凰街八十四号小区,118.767775,32.049352,江苏省南京市鼓楼区汉中门大桥旁凤凰街84号,江苏省,南京市,鼓楼区,1,e30828483e4d92a6b34c491c
3922,4538,中海凤凰熙岸-三期,118.764348,32.049877,江苏省南京市鼓楼区中海凤凰熙岸三期(凤凰东街南),江苏省,南京市,鼓楼区,1,3f500b2e1e0e857e17c8f673
3923,4539,莫愁湖西路-9号楼,118.763768,32.042444,南京市建邺区莫愁湖西路9号,江苏省,南京市,建邺区,1,7cee2cb0652b3faa1188244b
3924,4540,中海凤凰熙岸2期,118.760253,32.049242,南京市鼓楼区清凉门大街1号,江苏省,南京市,鼓楼区,1,a6f9f2bc1b6605df84330466
3925,4541,金基唐城,118.761456,32.040624,南京市建邺区汉中门大街87号,江苏省,南京市,建邺区,1,d52831f927076cda2ffaa780
3926,4542,中北商务大厦,118.761745,32.043204,江苏省南京市建邺区汉中门大街81号,江苏省,南京市,建邺区,1,2a16acc68444a73fa3acc4d2
3927,4543,甲壳虫(凤凰街店),118.769961,32.047905,江苏省南京市鼓楼区凤凰街2号,江苏省,南京市,鼓楼区,1,8b94ba8aa0c60ed490114c8f
3928,4544,圣鹰大厦,118.761423,32.043336,南京市建邺区汉中门大街87号,江苏省,南京市,建邺区,1,41572e00a8ec21b4b55f1eb3
3929,4545,悦庆大厦,118.769531,32.048155,江苏省南京市鼓楼区凤凰街2号,江苏省,南京市,鼓楼区,1,3e245ea1065bc6592fb17eb8
3930,4546,金鹰·汉中新城,118.770191,32.046444,南京市建邺区汉中门大街1号,江苏省,南京市,建邺区,1,d88e5f27fed5ed9bb5f42fb4
3931,4548,莫愁新寓小学-南门,118.763606,32.046591,南京市鼓楼区汉北街20号,江苏省,南京市,鼓楼区,1,4ebf58a2449a2471c6effb2c
3932,4550,陶李王巷16-22号小区-南门,118.775104,32.046797,江苏省南京市秦淮区陶李王巷16-22号,江苏省,南京市,秦淮区,1,1c4a821dea60c295250bd05f
3933,4551,陶李王巷,118.776142,32.045748,南京市秦淮区堂子街72号,江苏省,南京市,秦淮区,1,8fa14fc3d941e36ef7eafc45
3934,4552,环宇商务中心,118.776892,32.044194,南京市秦淮区堂子街24号,江苏省,南京市,秦淮区,1,35debf293d5ef644a6da3944
3935,4553,罗廊巷7号,118.777116,32.044894,南京市秦淮区罗廊巷7号,江苏省,南京市,秦淮区,1,c5c95faa52ede73b2dfaa717
3936,4554,罗廊巷-11号,118.777126,32.045042,南京市秦淮区罗廊巷11号,江苏省,南京市,秦淮区,1,cdbbe4ed97664cc825e0a0d9
3937,4555,柏果树新寓,118.774197,32.04625,南京市秦淮区柏果树2号,江苏省,南京市,秦淮区,1,8fde79ccbf6d98bf95ca0745
3938,4556,金墙大厦-A座,118.773645,32.045313,江苏省南京市秦淮区虎踞南路30号,江苏省,南京市,秦淮区,1,c1c2563dfd2bdeb703ff2d8e
3939,4557,贝客公寓,118.786066,32.046413,南京市秦淮区石鼓路阳光大厦,江苏省,南京市,秦淮区,1,2298a516a688388ed22dd698
3940,4558,陶李王巷16-22号小区,118.775319,32.047026,南京市秦淮区陶李王巷16号～22号,江苏省,南京市,秦淮区,1,bddc47adeb320cfb72455b42
3941,4559,翔宇大厦,118.774311,32.043759,南京市秦淮区虎踞南路34-8号,江苏省,南京市,秦淮区,1,dffd631c2e66c3bc39221cb3
3942,4560,陶李王巷-14号,118.776878,32.046437,南京市秦淮区陶李王巷石鼓路小区,江苏省,南京市,秦淮区,1,8681785c135a5549eedfca4e
3943,4561,环宇轩小区,118.776953,32.0439,南京市秦淮区堂子街10-20号(双),江苏省,南京市,秦淮区,1,1bf85b25731de4a4a1a93445
3944,4562,罗廊巷2号小区,118.777573,32.044517,南京市秦淮区罗廊巷2号,江苏省,南京市,秦淮区,1,c5e552c182d1c3c4e011036d
3945,4563,苏商大厦(内环西线辅路),118.77377,32.046546,江苏省南京市秦淮区虎踞南路10号,江苏省,南京市,秦淮区,1,c5ddcc0822fcc7c6d8131844
3946,4564,石鼓路小区,118.776842,32.046846,南京市秦淮区石鼓路207-225号,江苏省,南京市,秦淮区,1,9e7d279699895ce6ca2915d4
3947,4565,候家桥43-109号小区,118.777839,32.045382,南京市秦淮区罗廊巷6号,江苏省,南京市,秦淮区,1,08895953e5ad79b528b97c77
3948,4566,罗廊巷21-27号小区,118.77734,32.046303,罗廊巷21-27号,江苏省,南京市,秦淮区,1,d0f3933c693acf238f1a899a
3949,4567,工交党校片小区,118.776623,32.043372,南京市秦淮区朝天宫西街102-12号,江苏省,南京市,秦淮区,1,10beb5306eea35373ae4a6f9
3950,4568,罗廊巷29-37号小区,118.777441,32.046535,罗廊巷29-37号,江苏省,南京市,秦淮区,1,90818ced7ee894130bccddbc
3951,4569,虎踞南路小区,118.773994,32.047093,南京市秦淮区虎距南路98号,江苏省,南京市,秦淮区,1,23c8fa1a09437333d92f283a
3952,4570,通宇大厦,118.776974,32.043309,南京市秦淮区朝天宫堂子街41号,江苏省,南京市,秦淮区,1,44207646aabe926bdeee8b45
3953,4571,侯家桥小区,118.778036,32.045355,江苏省南京市秦淮区侯家桥43号95~101号,江苏省,南京市,秦淮区,1,28572b53d255cfc16268582d
3954,4572,汉中苑,118.774771,32.042629,南京市秦淮区虎踞南路48号,江苏省,南京市,秦淮区,1,60b3b05abe0a5661be4842a8
3955,4573,新城·逸境,118.772672,32.043737,南京市建邺区莫愁湖东路48号,江苏省,南京市,建邺区,1,d1469ee77743061f853304a0
3956,4574,朝天宫西街102号,118.777715,32.043324,江苏省南京市秦淮区朝天宫西街105号,江苏省,南京市,秦淮区,1,3b605c9d740dca1014b54b6a
3957,4575,兴宇大厦,118.772715,32.046847,南京市秦淮区虎踞南路2-18号,江苏省,南京市,秦淮区,1,7388dffd132dacebd2ff23b3
3958,4576,沁水景苑,118.772689,32.046733,江苏省南京市秦淮区虎踞南路2-18号,江苏省,南京市,秦淮区,1,a8fe0eb8b81cd50f1e580041
3959,4577,南京双鸿小区,118.776486,32.047565,南京市秦淮区石鼓路216号,江苏省,南京市,秦淮区,1,5311061f5d52b25f14948ee4
3960,4578,鸿发大厦,118.777061,32.047788,南京市秦淮区石鼓路216号,江苏省,南京市,秦淮区,1,5e5387d38b8a1bdbf8221346
3961,4579,鸿邺大厦,118.776606,32.047728,南京市秦淮区石鼓路228号,江苏省,南京市,秦淮区,1,106639a74e5da61cd3ff238b
3962,4580,张公桥居住区,118.777015,32.042264,江苏省南京市秦淮区张公桥2号,江苏省,南京市,秦淮区,1,db1f39d4d0e5836ff5c59c79
3963,4581,鸿运大厦-停车场,118.77713,32.048337,南京市秦淮区汉中路185号,江苏省,南京市,秦淮区,1,c7eca12b840b994ae115f951
3964,4582,金丝利国际大厦,118.7777,32.048032,江苏省南京市秦淮区汉中路169号,江苏省,南京市,秦淮区,1,b17068ed6414fc0d15c905e4
3965,4583,侯家里小区,118.77955,32.044466,江苏省南京市秦淮区侯家桥9号附近,江苏省,南京市,秦淮区,1,0ce65c2d424654592d473345
3966,4584,银翔商务,118.776506,32.040742,江苏省南京市秦淮区虎踞南路49-4号,江苏省,南京市,秦淮区,1,cff2acf162f371842b3a9fd8
3967,4585,艺华商业广场,118.778212,32.042076,江苏省南京市秦淮区朝天宫西街69号,江苏省,南京市,秦淮区,1,5ff67790caf1a64e2b3a9f7d
3968,4586,朝天宫西街九十八号,118.778408,32.042636,江苏省南京市秦淮区朝天宫西街79号,江苏省,南京市,秦淮区,1,b084266dfbc3702888fc0683
3969,4587,侯家桥16号小区,118.780076,32.045017,侯家桥16号,江苏省,南京市,秦淮区,1,9521139ad15693a7130daaf6
3970,4588,艺华酒店式公寓,118.777993,32.041914,南京市秦淮区朝天宫西街69号(省中医院和南京市妇幼附近),江苏省,南京市,秦淮区,1,cc8235d7a92cd25849fd3fc4
3971,4589,汉中路小区,118.777125,32.049103,江苏省南京市鼓楼区汉中路140-280号,江苏省,南京市,鼓楼区,1,a6fe97093c0ca444e8e582ec
3972,4590,万科金色家园,118.77222,32.043092,江苏省南京市建邺区莫愁湖东路9号,江苏省,南京市,建邺区,1,108b1cea62ec05b53486f4b7
3973,4591,Umi空间,118.788501,32.045654,江苏省南京市秦淮区石鼓路60号建华大厦,江苏省,南京市,秦淮区,1,4f25f537b8d3e7cf0f0e6b94
3974,4592,银翔公寓,118.776215,32.041049,南京市秦淮区建邺路西止马村154号,江苏省,南京市,秦淮区,1,0fc430ba60dcb67d17b54bd7
3975,4593,汉中大楼,118.778829,32.04833,南京市秦淮区朝天宫街道汉中路159号,江苏省,南京市,秦淮区,1,7c5e480bf9ebdcc9acb22aa0
3976,4594,莫愁湖东路108巷小区,118.773308,32.041631,南京市建邺区莫愁湖东路40号,江苏省,南京市,建邺区,1,1dd31ff757ff97f3fb2d61ad
3977,4595,中兴新村,118.778543,32.041377,南京市秦淮区朝天宫西街57号,江苏省,南京市,秦淮区,1,124a4634aca0103ab23c81d3
3978,4596,止马村小区,118.777068,32.040827,止马村1号,江苏省,南京市,秦淮区,1,ea4dcbe61ff59b7a8f1a89b0
3979,4597,金鹏大厦,118.777981,32.049237,南京市鼓楼区汉中路218号,江苏省,南京市,鼓楼区,1,f598c92b862a59141894c63b
3980,4598,金泽大厦,118.779693,32.048216,江苏省南京市秦淮区汉中路159号,江苏省,南京市,秦淮区,1,79cceb36265f85891e580044
3981,4599,星汉大厦,118.778762,32.049128,南京市鼓楼区汉中路180号,江苏省,南京市,鼓楼区,1,53cebd50f4a982612b02e1a3
3982,4600,南京中医药大学(汉中路)教工宿舍-5栋,118.772402,32.049735,南京市鼓楼区南医大教工宿舍7栋,江苏省,南京市,鼓楼区,1,1e6af38f52ffd78dee74f8d9
3983,4601,君园-北区,118.773465,32.040375,南京市建邺区莫愁湖东路18号,江苏省,南京市,建邺区,1,e247dffd4563c5d149cc4aa3
3984,4602,文津桥28号公馆,118.778286,32.040737,南京市秦淮区文津桥28号,江苏省,南京市,秦淮区,1,23a9478d80083d77d12dd64b
3985,4603,止马营-56号,118.77785,32.040428,南京市秦淮区止马营3050号,江苏省,南京市,秦淮区,1,103b27e46d1658e0ed74f848
3986,4604,西止马营,118.778504,32.040383,江苏省南京市秦淮区西止马营,江苏省,南京市,秦淮区,1,2888b394704687df095cb3a9
3987,4605,黄鹂新村,118.779573,32.04169,南京市秦淮区朝天宫西街102号,江苏省,南京市,秦淮区,1,3b9c1c75c242914f5cbe8630
3988,4606,汉中翠庭,118.771031,32.048869,汉中门外大街1-5号,江苏省,南京市,鼓楼区,1,3da907f333f52053b220a8a0
3989,4607,南京医科大学西苑学生公寓,118.778354,32.049946,南京市鼓楼区牌楼巷39号,江苏省,南京市,鼓楼区,1,5ce2637d603c1853af31e5a9
3990,4608,止马营-54号,118.778529,32.040466,江苏省南京市秦淮区止马营54号,江苏省,南京市,秦淮区,1,299bb424201a2d10c7f02533
3991,4609,止马营-52号,118.778614,32.040403,江苏省南京市秦淮区止马营52号,江苏省,南京市,秦淮区,1,7f44fb9455b52b7294ec8465
3992,4610,怡景花园(牌楼巷),118.779332,32.049823,南京市鼓楼区牌楼巷26号,江苏省,南京市,鼓楼区,1,78bd50f78807735b30870aa3
3993,4611,虎踞路7号办公楼,118.770625,32.049722,南京市鼓楼区虎踞路7号,江苏省,南京市,鼓楼区,1,06bad657711811e749fd3f6e
3994,4612,汉西门大街2-8号,118.775148,32.047195,南京市秦淮区汉西门大街2～8号,江苏省,南京市,秦淮区,1,7a37df46989b95adbd4842fc
3995,4613,石鼓路小区-北门,118.776946,32.047364,南京市秦淮区石鼓路201号,江苏省,南京市,秦淮区,1,3dfffd08963700d300ec0110
3996,4614,柏果树-2号,118.775348,32.045734,江苏省南京市秦淮区柏果树2号,江苏省,南京市,秦淮区,1,bd97ff858832f9e5a1046449
3997,4615,三茅宫小区,118.785811,32.045113,江苏省南京市秦淮区王府大街22号,江苏省,南京市,秦淮区,1,82a44b4e8fadeff958f6beae
3998,4616,三茅宫小区-西区,118.785614,32.044909,南京市秦淮区王府大街与俞家巷交叉路口西北侧,江苏省,南京市,秦淮区,1,fcf8734c924a55000a5cb316
3999,4617,天堂街小区,118.785039,32.045895,南京市秦淮区石鼓路天堂街53号,江苏省,南京市,秦淮区,1,72e57fd7f54a84aff8dc8545
4000,4618,三茅宫小区-北区,118.785803,32.0448,南京市秦淮区王府大街三茅宫小区-西区,江苏省,南京市,秦淮区,1,39a7ee2fb8f2c09708f5eb5e
4001,4619,江苏交通大厦,118.78621,32.045799,南京市秦淮区石鼓路69号,江苏省,南京市,秦淮区,1,d5464cf89912a557fda77844
4002,4620,天堂街小区-南区,118.785435,32.044551,南京市秦淮区王府大街三茅宫小区-西区,江苏省,南京市,秦淮区,1,77f1365fde446484d42ce231
4003,4621,王府大街小区,118.785524,32.044035,江苏省南京市秦淮区新街口王府大街42号,江苏省,南京市,秦淮区,1,2720d0f76648c7638bb988d7
4004,4622,三茅宫小区-东区,118.786002,32.044435,南京市秦淮区王府大街南台巷西小区,江苏省,南京市,秦淮区,1,5c098b7eacf26508f5eafc74
4005,4623,三茅宫小区-南区,118.785938,32.04441,南京市秦淮区王府大街南台巷西小区,江苏省,南京市,秦淮区,1,d8afdd0622cd487f83a00c16
4006,4624,阳光大厦-写字楼,118.785868,32.04634,江苏省南京市秦淮区石鼓路98号14楼,江苏省,南京市,秦淮区,1,1d660d654b2c43c24f6d46f6
4007,4625,阳光大厦,118.786382,32.046329,秦淮区石鼓路98号,江苏省,南京市,秦淮区,1,0ce65c2d424154592d473344
4008,4626,俞家巷小区,118.786867,32.04508,南京市秦淮区石鼓路49-1号,江苏省,南京市,秦淮区,1,7524cb4f717d3a4905026fa0
4009,4627,写字楼招租,118.76041,32.044184,南京市鼓楼区北圩路建威大厦,江苏省,南京市,鼓楼区,1,e66451b7d41fd0640782c2ec
4010,4628,中冶置业集团南京分公司,118.785964,32.046472,江苏省南京市秦淮区石鼓路98号阳光大厦10楼,江苏省,南京市,秦淮区,1,ba35190d00d1b65a2cb908d1
4011,4629,华威大厦,118.784444,32.046485,南京市秦淮区石鼓路107号,江苏省,南京市,秦淮区,1,cac5fc764b7826f32cb96d44
4012,4630,金鹰国际花园,118.78562,32.046934,江苏省南京市秦淮区石鼓路100号(新街口),江苏省,南京市,秦淮区,1,c879fa017c207a34c809f084
4013,4631,丰富路小区,118.785763,32.040357,南京市秦淮区丰富路61号(新街口),江苏省,南京市,秦淮区,1,56960d3635ad22716e20b939
4014,4632,测绘大厦(王府大街),118.78661,32.046681,南京市秦淮区王府大街8号,江苏省,南京市,秦淮区,1,d3f6baeb045fba6090114c67
4015,4633,中泰大厦,118.784951,32.043543,南京市秦淮区王府大街63号北楼,江苏省,南京市,秦淮区,1,64c76fb74208ebb32d47337a
4016,4634,圣欧庭,118.786845,32.043938,南京市秦淮区俞家巷18号,江苏省,南京市,秦淮区,1,0ed20a150bb74c9757bfff45
4017,4635,王府花园,118.785504,32.043256,南京秦淮区新街口王府大街63号,江苏省,南京市,秦淮区,1,bdbe69db5d29c567f723104f
4018,4636,宁检大厦,118.784255,32.043479,江苏省南京市秦淮区秣陵路108号,江苏省,南京市,秦淮区,1,dc0f0adc83be2021f8221344
4019,4637,王府国际花园,118.783489,32.044337,南京市秦淮区秣陵路石鼓路小学旁,江苏省,南京市,秦淮区,1,15e1e85ec57c53a258109345
4020,4638,桂苑公寓,118.786388,32.043177,南京市秦淮区王府大街南台巷11号,江苏省,南京市,秦淮区,1,bba87388aea68ea0bca82245
4021,4639,金鹰国际购物中心(新街口店),118.786463,32.047658,南京市秦淮区汉中路89号,江苏省,南京市,秦淮区,1,732d553c74511ae8deee8b27
4022,4640,金鹰国际商城-A座,118.786991,32.047552,南京市秦淮区汉中路89号金鹰国际商城1-6层,江苏省,南京市,秦淮区,1,4de4375209ee1daedf1e52bb
4023,4641,五星年华大厦-住宅楼,118.783087,32.047396,南京市秦淮区石鼓路138号,江苏省,南京市,秦淮区,1,70eb77c314f1f7ae4054d755
4024,4643,东方名苑-B座,118.788392,32.045029,南京市秦淮区石鼓路33号,江苏省,南京市,秦淮区,1,b671edade51cce5cf8dc8531
4025,4644,净观心灵家园,118.788372,32.044809,江苏省南京市秦淮区石鼓路33号东方名苑2405号,江苏省,南京市,秦淮区,1,d6ab9deb161a4a1702294f78
4026,4645,建华大厦,118.78849,32.045646,江苏省南京市秦淮区石鼓路42号,江苏省,南京市,秦淮区,1,d219bb1d7cb86d8bf50e7744
4027,4646,秣陵路20号小区,118.786091,32.042657,南京市秦淮区秣陵路20号,江苏省,南京市,秦淮区,1,956c0556bf96cdb2badf8f17
4028,4647,金鹰国际购物中心(新街口店)B座-停车场,118.784677,32.047651,江苏省南京市秦淮区汉中路101号,江苏省,南京市,秦淮区,1,c0809de7e8bdced878f796c4
4029,4648,民族公寓,118.787905,32.043331,南京市秦淮区新街口丰富路163号民族公寓,江苏省,南京市,秦淮区,1,c879fa01daef1c37c909f0c4
4030,4649,民族大厦（丰富路）,118.787703,32.042932,江苏省南京市秦淮区丰富路163号,江苏省,南京市,秦淮区,1,c21db9e532831bfe01ff2da0
4031,4650,秣陵路小区,118.783,32.043301,南京市秦淮区秣陵路143号,江苏省,南京市,秦淮区,1,49917a102f0283923686f41f
4032,4651,E+青年公寓(汉中门店),118.77481,32.042332,江苏省南京市秦淮区虎踞南路汉中苑48号楼,江苏省,南京市,秦淮区,1,a881d273cf7ad579ab0dd83e
4033,4652,南京基督教大楼,118.78185,32.044986,江苏省南京市秦淮区莫愁路388号,江苏省,南京市,秦淮区,1,cd9d05dd2003d7b685420e44
4034,4653,五星年华大厦-办公楼,118.783293,32.047896,南京市秦淮区汉中路139号,江苏省,南京市,秦淮区,1,df1f7277d2790ca6220220bd
4035,4654,点点租,118.788016,32.047429,南京市秦淮区王府大街友谊广场,江苏省,南京市,秦淮区,1,93f50e280c8de25b2cb908f7
4036,4656,冶山道院小区,118.783687,32.042322,南京市秦淮区王府大街118号,江苏省,南京市,秦淮区,1,b388f9fdfd59003cb25c6aa0
4037,4657,大锏银巷-2号,118.785105,32.049006,南京市鼓楼区大锏银巷2号,江苏省,南京市,鼓楼区,1,36c2f86e1b0b7eb6c9fa5f23
4038,4658,陆家巷物业小区,118.789059,32.04413,南京市秦淮区石鼓路21号,江苏省,南京市,秦淮区,1,606ab0d0ffa91b2a0e3dda45
4039,4659,秣陵路101村,118.782533,32.042762,南京市秦淮区秣陵路101号,江苏省,南京市,秦淮区,1,15ed53ce0e0bab549222e045
4040,4660,南京8090大学生求职公寓(南京二店),118.788493,32.044728,江苏省南京市秦淮区石鼓路41号,江苏省,南京市,秦淮区,1,9aaa0f2137bd29f05e17c3f1
4041,4661,金轮大厦,118.784724,32.048724,南京市鼓楼区汉中路108号,江苏省,南京市,鼓楼区,1,43b7e889aa056c6a59f6bea0
4042,4662,青华大厦,118.783951,32.048887,南京市鼓楼区汉中路120-1号,江苏省,南京市,鼓楼区,1,cb4fd146fb65193d9d9d68f3
4043,4663,金轮汇贤楼,118.784595,32.049089,南京市鼓楼区汉中路108号,江苏省,南京市,鼓楼区,1,7dc33eb67cf4009b774ff1ee
4044,4664,桃园小区,118.781905,32.043043,南京市秦淮区秣陵路117号,江苏省,南京市,秦淮区,1,a1418eb45efaa27febe58245
4045,4665,建华大厦-东大门,118.789013,32.045624,江苏省南京市秦淮区石鼓路42号,江苏省,南京市,秦淮区,1,92546d7722921c86a0acc43e
4046,4666,建华大厦-北区,118.788731,32.045725,江苏省南京市秦淮区石鼓路42号,江苏省,南京市,秦淮区,1,ea2debdff126cff17dc87609
4047,4667,建华大厦-东区,118.788961,32.045587,江苏省南京市秦淮区石鼓路42号,江苏省,南京市,秦淮区,1,1df5e8fe95f793fe0a1cc777
4048,4670,丰富路125号小区,118.787215,32.042228,南京市秦淮区丰富路125号,江苏省,南京市,秦淮区,1,b3ed351389a9f797c5effb9a
4049,4671,省中杏苑,118.781588,32.04702,南京市秦淮区朝天宫街道石鼓路165号,江苏省,南京市,秦淮区,1,161a0ed2c74e2a505cd4fe45
4050,4672,金轮国际广场,118.786523,32.04906,南京市鼓楼区汉中路8号,江苏省,南京市,鼓楼区,1,00586108a08990a646e27405
4051,4673,天安国际大厦,118.789239,32.045009,南京市秦淮区中山南路122号大洋百货F1,江苏省,南京市,秦淮区,1,dffd631c2e0bc3bc38221c44
4052,4674,青华大厦-西楼,118.783845,32.04894,南京市鼓楼区汉中路120号,江苏省,南京市,鼓楼区,1,a2fcdc3e5ebe47571df74d2d
4053,4675,兰亭,118.780156,32.046691,南京市秦淮区石鼓路江苏省中医院,江苏省,南京市,秦淮区,1,128f1d8f9a56e8f36240a9c1
4054,4677,南京国际金融中心(洪武路营业部),118.789464,32.047116,南京市秦淮区中山南路2号东方福来德F1,江苏省,南京市,秦淮区,1,8e38917e5e7c5f8442d63ecb
4055,4678,金轮·华尔兹,118.78701,32.049242,南京市鼓楼区新街口沈举人巷7号,江苏省,南京市,鼓楼区,1,e96b4420fce74e4082288a1b
4056,4679,银环公寓,118.7854,32.049232,江苏省南京市鼓楼区大锏银巷60号,江苏省,南京市,鼓楼区,1,2a8f6d5a76d98ebfd8d8918a
4057,4680,上海路小区,118.780584,32.059367,南京市鼓楼区上海路87号,江苏省,南京市,鼓楼区,1,f3c2373c52680b52d32dd6a1
4058,4681,汉西门社区,118.779604,32.045248,江苏省南京市秦淮区莫愁路417号,江苏省,南京市,秦淮区,1,baacd9a80741dd97a11de9b2
4059,4682,石榴园,118.786518,32.041633,南京市秦淮区丰富路101号,江苏省,南京市,秦淮区,1,057cb376e00cc75b5cd4fe86
4060,4683,富春里小区,118.786414,32.041638,石榴新村306号701室,江苏省,南京市,秦淮区,1,f4483817dc15694ff90cada4
4061,4684,苏豪大厦,118.789802,32.046472,南京市秦淮区中山南路2号东方福来德F1,江苏省,南京市,秦淮区,1,49a02a7a4cb084402b201a44
4062,4685,明瓦廊-131号,118.789542,32.043771,江苏省南京市秦淮区明瓦廊131号,江苏省,南京市,秦淮区,1,f66193121d6a162d72210b93
4063,4686,福中大厦,118.789956,32.044234,南京市秦淮区石鼓路明瓦廊133号,江苏省,南京市,秦淮区,1,9ee392b8368e3241bbbd6344
4064,4689,华新大厦,118.787828,32.049084,南京市鼓楼区新街口管家桥9号(金鹰百货对面),江苏省,南京市,鼓楼区,1,69a72dd72dee21174557263d
4065,4690,国药大厦,118.787536,32.049028,南京市鼓楼区汉中路6号,江苏省,南京市,鼓楼区,1,cc0849a0403bc850950319a3
4066,4691,自由寓,118.766199,32.037712,南京市建邺区莫愁湖街道水西门大街153号,江苏省,南京市,建邺区,1,2a2bd2f9191cea66afee7a76
4067,4692,斯亚·财富中心,118.796364,32.034322,江苏省南京市秦淮区太平南路450号,江苏省,南京市,秦淮区,1,a4197956c14ab1ffa6da39ca
4068,4693,舞彩国际棕榈湾,118.789687,32.047324,南京市秦淮区淮区中山南路2号,江苏省,南京市,秦淮区,1,40173341c0c7986fc4f50d43
4069,4694,侯家桥-8号楼,118.780564,32.044909,江苏省南京市秦淮区朝天宫汉西门社区(江苏省中医院南),江苏省,南京市,秦淮区,1,5632fc4ee1722c821894c653
4070,4696,爱德商务中心,118.783998,32.049671,江苏省南京市鼓楼区大锏银巷16号1幢,江苏省,南京市,鼓楼区,1,e77ca02e7bcefe662902e14f
4071,4697,华新大厦办公楼-北门,118.787905,32.049077,南京市鼓楼区管家桥9号,江苏省,南京市,鼓楼区,1,d448e7dd41be2e505abbbc72
4072,4698,长发华辰大厦,118.785928,32.049629,南京市鼓楼区沈举人巷19号,江苏省,南京市,鼓楼区,1,1c9aa88e15e7a2d3e812e4a7
4073,4699,管家桥-9号,118.787882,32.049146,江苏省南京市鼓楼区管家桥9号,江苏省,南京市,鼓楼区,1,232dd9342e74e5ce5b109304
4074,4700,大涧银巷16号1号楼,118.784259,32.049672,江苏省南京市鼓楼区大锏银巷16号1幢,江苏省,南京市,鼓楼区,1,0708ceff8ad6184d90114cc5
4075,4701,华辰大厦-西门,118.7859,32.049705,江苏省南京市鼓楼区沈举人巷19号,江苏省,南京市,鼓楼区,1,bec21a1405e0ce336849f303
4076,4702,新华日报宿舍,118.784632,32.049687,南京市鼓楼区华侨路街道大锏银巷11号,江苏省,南京市,鼓楼区,1,2787e03df1631f79f90cadd0
4077,4703,大锏银巷16号院-东门,118.785338,32.049818,江苏省南京市鼓楼区大锏银巷荷乡苑北门,江苏省,南京市,鼓楼区,1,a788ddf10c57706b88db7373
4078,4704,南京丽品酒店式公寓(王府花园店),118.78462,32.043913,江苏省南京市秦淮区王府大街88号,江苏省,南京市,秦淮区,1,3d571ae91ce31e29715e8013
4079,4705,南京电大综合楼,118.795165,32.045791,红花街道游府西街46号,江苏省,南京市,秦淮区,1,9bf88279b18ba7c87c29bd32
4080,4706,劳动大厦,118.79543,32.044655,南京市秦淮区游府西街53号,江苏省,南京市,秦淮区,1,9bbe74818daedd1b58f6be94
4081,4707,有福家苑,118.796051,32.045764,五老村街道游府西街42号北京烤鸭店隔壁,江苏省,南京市,秦淮区,1,184d0e1ad6526d613062126e
4082,4708,东方金融大厦(游府西街),118.794458,32.045663,南京市秦淮区洪武路29号东方金融大厦,江苏省,南京市,秦淮区,1,750ec1651e59722b4c3a5944
4083,4709,隆盛大厦,118.794927,32.046352,江苏省南京市秦淮区洪武路23号,江苏省,南京市,秦淮区,1,9ee7cc78d982947016c90544
4084,4710,高景·中央海岸,118.793683,32.046169,南京市秦淮区洪武路38号,江苏省,南京市,秦淮区,1,ef77e0440e48145dd82f28a4
4085,4711,游府新村,118.79672,32.04428,南京市秦淮区游府西街45号,江苏省,南京市,秦淮区,1,669775d08b46c55bfd0eb045
4086,4712,华泰证券大厦(洪武路),118.794803,32.047102,江苏省南京市秦淮区中山东路90号,江苏省,南京市,秦淮区,1,764672e538175ed094ec84dc
4087,4713,淮海路31号院,118.795411,32.043758,南京市秦淮区淮海路31号,江苏省,南京市,秦淮区,1,79103b2740152ab79d09f7a9
4088,4714,金贸大厦,118.793474,32.045313,南京市秦淮区洪武路50号,江苏省,南京市,秦淮区,1,eb3675033a690e1b00ec0144
4089,4715,正洪大厦,118.793502,32.04613,江苏省南京市秦淮区正洪街8号莱迪广场F1,江苏省,南京市,秦淮区,1,5c56edd6cfbde15aa1d23044
4090,4716,白下科技创业社区,118.794664,32.044028,中山集团南京中山电子城4-5层,江苏省,南京市,秦淮区,1,5be66604cd1bd6f6f503b8c9
4091,4717,天丰大厦,118.793755,32.046707,南京市秦淮区洪武路26号天丰大酒店2楼,江苏省,南京市,秦淮区,1,efecca8072edaf7a89db7395
4092,4718,江苏广播大厦,118.797352,32.04673,南京市秦淮区中山东路132号,江苏省,南京市,秦淮区,1,d24e48eb49048cb4afee7a44
4093,4719,十二星座之射手座,118.794184,32.043668,南京市秦淮区新街口中山电子城1楼1B418室,江苏省,南京市,秦淮区,1,13ce82547c9ed13dd5b74e75
4094,4720,中央商务楼,118.792514,32.045673,洪武路街道正洪街61号,江苏省,南京市,秦淮区,1,1020060fcb0f42a61894c644
4095,4721,东宇大厦,118.792825,32.045393,江苏省南京市秦淮区正洪街18号,江苏省,南京市,秦淮区,1,4642844a59522cd9c9fa5f44
4096,4722,工人文化宫综合楼,118.792598,32.046547,南京市秦淮区新街口步行街时尚莱迪商城,江苏省,南京市,秦淮区,1,6879e1d1e80a9ad02efaa70a
4097,4723,南京安瑞商务大厦(西门),118.789846,32.040156,南京市秦淮区富民坊,江苏省,南京市,秦淮区,1,181f10cb488928226d47601d
4098,4724,南京中心,118.791895,32.047041,南京市秦淮区中山南路1号,江苏省,南京市,秦淮区,1,123cf2f11417dab725e0a033
4099,4725,蔡家花园-6-2号楼,118.798069,32.046313,南京市秦淮区新街口淮海路蔡家花园6-2号楼,江苏省,南京市,秦淮区,1,eabceffaf5ae9b36902ca390
4100,4726,新街口商业街社区,118.797395,32.044242,南京市秦淮区游府西街451号,江苏省,南京市,秦淮区,1,37af78ae49cd9ba12dfaa732
4101,4727,南京市总工会办公楼,118.79526,32.048129,南京市玄武区中山东路105号,江苏省,南京市,玄武区,1,9fdb7bfeef1b6c1346e274d2
4102,4728,南京图书发行大厦,118.793882,32.047351,南京市秦淮区中山东路56号,江苏省,南京市,秦淮区,1,c574c4f1d8543b3b43ab9afb
4103,4729,太平洋大厦,118.794365,32.04324,江苏省南京市秦淮区洪武路137号,江苏省,南京市,秦淮区,1,2e00c5dda054a41cd7851f44
4104,4731,壹零壹座,118.796255,32.048277,南京市玄武区中山东路139号,江苏省,南京市,玄武区,1,fc2d34b40daa50b6e215f9d5
4105,4732,淮海新村,118.795523,32.042574,南京市秦淮区户部街26号,江苏省,南京市,秦淮区,1,5b25f4468f43b1ea10293545
4106,4733,内明中心,118.797562,32.042992,南京市秦淮区淮海路13号,江苏省,南京市,秦淮区,1,ff3e4ccfb2d47ad933169bf4
4107,4734,献血点(中央商场),118.790832,32.044736,南京市秦淮区中山南路地铁新街口站14号出口,江苏省,南京市,秦淮区,1,1b2521d3106b0da12b11d1be
4108,4735,抄纸巷小区,118.794235,32.042548,南京市秦淮区洪武路130号,江苏省,南京市,秦淮区,1,fd8719e13b25a509b75f1ef1
4109,4736,邓府巷3期,118.795406,32.048612,南京市玄武区青石街汇金大厦,江苏省,南京市,玄武区,1,396c544dd120a3791ef74da4
4110,4737,游府西街8号小区,118.798956,32.044591,南京市秦淮区游府西街8号,江苏省,南京市,秦淮区,1,62524542456a1a5aeedfca3f
4111,4738,苏宁电器大厦,118.792587,32.043451,南京市秦淮区金銮巷与淮海路交叉路口南侧(南京新街口苏宁诺富特酒店)苏宁电器大厦F1,江苏省,南京市,秦淮区,1,cc0849a04026c85094031944
4112,4740,中国人民银行南京分行宿舍,118.799196,32.046856,江苏省南京市秦淮区延龄巷135-145号,江苏省,南京市,秦淮区,1,3a328974ad310bf47e29bd59
4113,4741,长江路-9号期,118.795347,32.04861,南京市玄武区青石街汇金大厦,江苏省,南京市,玄武区,1,71f7c7ab8b5a4203d8d89192
4114,4742,延龄巷-72号,118.799202,32.046134,延龄巷72号,江苏省,南京市,秦淮区,1,4e83a2b2713bef4fcac3db92
4115,4743,金淮海商务中心,118.791353,32.043911,南京市秦淮区淮海路36号,江苏省,南京市,秦淮区,1,a3e8341cb98252954afd3f44
4116,4744,南京国际贸易中心,118.791608,32.047101,秦淮区中山东路18号(近新街口地铁站),江苏省,南京市,秦淮区,1,8d63bbbdc56b7ea95e17c3a6
4117,4745,扬子大厦-东南门,118.792064,32.043316,南京市秦淮区淮海路50号,江苏省,南京市,秦淮区,1,3d38793b7610a3dba1a934a5
4118,4746,中农里-13号,118.799302,32.044585,江苏省南京市秦淮区中农里13号,江苏省,南京市,秦淮区,1,68b17e872402690c990050cc
4119,4747,25楼,118.792266,32.047488,中山东路18号国贸大厦,江苏省,南京市,秦淮区,1,562a9729f15ba2b62ce67b73
4120,4748,大行宫大厦,118.798461,32.048095,中山东路147号,江苏省,南京市,玄武区,1,7388dffdb727c896d2ff23a0
4121,4749,商茂世纪广场,118.791132,32.045832,江苏省南京市秦淮区中山南路49号,江苏省,南京市,秦淮区,1,b39959fd02dfb34d30169bf6
4122,4750,华盈国际大厦,118.792329,32.042878,南京市秦淮区淮海路金銮巷9号,江苏省,南京市,秦淮区,1,803708f1b0a9277901897244
4123,4751,青石花苑,118.793777,32.049109,南京市玄武区青石街11号,江苏省,南京市,玄武区,1,46e86fdd6609c66fd13ce3ec
4124,4752,羊皮巷小区,118.793295,32.042034,南京市秦淮区洪武路街道洪武路160号,江苏省,南京市,秦淮区,1,6cc1a28038f9f85c7502698e
4125,4753,羊皮巷高层公寓,118.793229,32.042051,江苏省南京市秦淮区洪武路160号,江苏省,南京市,秦淮区,1,26ce0dc5d06b4a30c9fa5f8a
4126,4754,商茂世纪广场-东1门,118.791271,32.046057,南京市秦淮区东铁管巷与中山南路交叉口东100米,江苏省,南京市,秦淮区,1,4c3d369f0a0e3588ca1b9573
4127,4755,长发银座-北门,118.793915,32.041977,南京市秦淮区洪武路199号,江苏省,南京市,秦淮区,1,428a76a3c62608e60bccdd81
4128,4756,中城国际广场,118.797884,32.042391,南京市秦淮区延龄巷远洋国际中心-南区,江苏省,南京市,秦淮区,1,ac038f75ee1d8e452811d1a1
4129,4758,南京国际小商城南京售楼中心,118.799695,32.046707,南京市秦淮区中山东路198号龙台国际大厦12层1201号,江苏省,南京市,秦淮区,1,8d21623b45ae7b0881288a67
4130,4759,新澳大厦,118.791363,32.04352,南京市秦淮区淮海路2-2号,江苏省,南京市,秦淮区,1,b55635deb00f7bc2eb1e97d2
4131,4760,远洋国际中心-北区,118.799302,32.043399,秦淮新街口太平南路168号,江苏省,南京市,秦淮区,1,abf6f1aeca5c15adc61b75e9
4132,4761,南京新百-A座,118.791254,32.046773,江苏省南京市秦淮区中山南路1号,江苏省,南京市,秦淮区,1,222e6c3e4873ce104c6d4667
4133,4762,鑫之磊财富中心,118.79198,32.04821,南京市玄武区新街口广场中山东路9号天时国际商贸中心天时国际商贸中心10层,江苏省,南京市,玄武区,1,2fccd92bae05cb9614c8f6e9
4134,4763,天之都大厦,118.794874,32.041542,江苏省南京市秦淮区户部街33号,江苏省,南京市,秦淮区,1,bba87388aea18ea0bca82244
4135,4764,风尚城,118.791871,32.042813,淮海路50号肯定广场,江苏省,南京市,秦淮区,1,d4d8ed04a5ddf80a62685838
4136,4765,东渡大厦商务楼(延龄巷),118.797949,32.042015,南京市秦淮区延龄巷2-1号临,江苏省,南京市,秦淮区,1,c1653405b6cb5c79ab175a44
4137,4767,长发银座,118.794122,32.04159,新街口洪武路199号,江苏省,南京市,秦淮区,1,72aa2513b3f9d23b067ce8ac
4138,4768,力联大厦,118.795798,32.041413,南京市秦淮区户部街29号,江苏省,南京市,秦淮区,1,a40d6e926c1b0e9fbadf8fd1
4139,4769,天时科技园,118.79154,32.048144,江苏省南京市玄武区中山东路9号15a楼10楼,江苏省,南京市,玄武区,1,108b1cea9e8911d23486f4bf
4140,4770,长江路九号街区,118.796631,32.049431,南京市玄武区长江路111号,江苏省,南京市,玄武区,1,2527be1eb9cdc7ce4bfc8dbe
4141,4771,延龄巷5号院-南门,118.796727,32.041625,南京市秦淮区户部街与火瓦巷交叉口西北100米,江苏省,南京市,秦淮区,1,bfe756d83ab620a12dfaa705
4142,4772,力联大厦-西楼,118.795731,32.041464,南京市秦淮区户部街29号,江苏省,南京市,秦淮区,1,a9afd639756cf770c16c1433
4143,4773,哆咪咪艺术花园,118.794886,32.041433,南京市秦淮区户部街33号天之都大厦,江苏省,南京市,秦淮区,1,eb0684cbffa63723c056ac99
4144,4774,艾蕊尔创意花园,118.794886,32.041433,南京市秦淮区户部街33号天之都大厦,江苏省,南京市,秦淮区,1,332f32a9cf0e3c4ef503b8fb
4145,4775,长江路九号街区-东区,118.796929,32.049769,江苏省南京市玄武区邓府巷18号,江苏省,南京市,玄武区,1,f224b17b0d1f276c4d2fdff3
4146,4776,长江路九号街区-西区,118.796047,32.049914,南京市玄武区邓府巷19号,江苏省,南京市,玄武区,1,7a1dbe1fba8b82b8f50e7758
4147,4777,力联大厦-东楼,118.796083,32.041364,南京市秦淮区户部街29号,江苏省,南京市,秦淮区,1,d2c6b825994c3381593ac854
4148,4778,东渡大厦(延龄巷),118.797699,32.041778,江苏省南京市秦淮区五老村街道延龄巷2号,江苏省,南京市,秦淮区,1,df4391374a6a777972455b75
4149,4779,长发银座-A座,118.793989,32.041403,南京市秦淮区洪武路199号,江苏省,南京市,秦淮区,1,c89ef0c357720fbd71210b17
4150,4780,威海香水湾,118.796005,32.041461,户部街29-8号附近,江苏省,南京市,秦淮区,1,a3dc410f654358366949f357
4151,4781,远洋国际中心-南区,118.798607,32.042402,南京市秦淮区太平南路168号,江苏省,南京市,秦淮区,1,a3bc11fb4c4283680869d913
4152,4782,延龄巷5号院-东门,118.797364,32.041755,南京市秦淮区延龄巷5号,江苏省,南京市,秦淮区,1,663d53b39294987a0782c23e
4153,4783,长发银座-B座,118.794222,32.041396,南京市秦淮区洪武路199号,江苏省,南京市,秦淮区,1,7b2d2d6e406fb42009ccdd5f
4154,4784,江苏文化大厦,118.790991,32.043382,南京市秦淮区中山南路89号,江苏省,南京市,秦淮区,1,00586108154d3fa546e27444
4155,4785,龙台国际大厦,118.799774,32.046968,南京市秦淮区中山东路198号,江苏省,南京市,秦淮区,1,d1469ee79b24626284330444
4156,4786,江苏天羽美岸服装有限公司,118.794031,32.04149,江苏省南京市秦淮区洪武路199号长发银座a5106层6楼,江苏省,南京市,秦淮区,1,a6c2a18e9428dbcf4f3a5963
4157,4788,洪武公馆,118.793173,32.041579,南京市秦淮区洪武路166号(近建设银行),江苏省,南京市,秦淮区,1,28838a9edc191d7cc7f50d10
4158,4789,长江路九号2期2号楼,118.796599,32.049224,江苏省南京市玄武区长江路九号B2栋(大行宫地铁站西),江苏省,南京市,玄武区,1,7dc02f8e1a892e81b817e71b
4159,4790,斯亚·置地广场,118.794235,32.049825,南京市玄武区洪武北路55号,江苏省,南京市,玄武区,1,e3e2cd9d99f5d29ec6f50db7
4160,4791,长江路九号街区-一期,118.796026,32.049951,南京市玄武区长江路与网巾市交叉路口往西南约100米,江苏省,南京市,玄武区,1,887b0f88d43a4c782811d150
4161,4792,未来域白领公寓,118.78798,32.036793,江苏省南京市秦淮区建邺路82号二期,江苏省,南京市,秦淮区,1,f8e519c48cab6c6e8f55ec8d
4162,4793,杨公井-25号,118.798261,32.041886,江苏省南京市秦淮区杨公井25号,江苏省,南京市,秦淮区,1,9ce1b4f8d19e01212fb17e86
4163,4794,开屏茶苑,118.794641,32.027206,南京市秦淮区夫管办贡院街152号夫子庙西市,江苏省,南京市,秦淮区,1,9e023cfd8e0753593586f4c5
4164,4795,斯亚·置地广场-西门,118.793996,32.049567,南京市玄武区洪武北路55号,江苏省,南京市,玄武区,1,8f37a1b39f346d5ddbeced2a
4165,4796,碑亭巷25号小区,118.799383,32.048538,南京市玄武区碑亭巷25号,江苏省,南京市,玄武区,1,37a3479cee876e3e14948eaa
4166,4797,户部街小区,118.796412,32.041077,江苏省南京市秦淮区火瓦巷59号,江苏省,南京市,秦淮区,1,6f3fb642aac7ce70081cc767
4167,4798,益乐苑,118.794881,32.040874,南京市秦淮区小火瓦巷48村10号,江苏省,南京市,秦淮区,1,a0ff5cb0dc8f74a8f60e77fd
4168,4799,艺术大楼,118.791518,32.042274,南京市秦淮区中山南路101号,江苏省,南京市,秦淮区,1,4ce10ce6dd712fa1441a3244
4169,4801,忠林坊,118.79248,32.049388,南京市玄武区中山东路21号,江苏省,南京市,玄武区,1,1af50d16a0759007c7f50df8
4170,4802,中山南路小区,118.790959,32.042028,南京市秦淮区中山南路101号,江苏省,南京市,秦淮区,1,a2af34a45bb8eb3f740269e4
4171,4803,杨公井,118.798465,32.041805,南京市秦淮区杨公井杨公井服务大楼,江苏省,南京市,秦淮区,1,540066b3d4340d7d17c8f64b
4172,4804,金銮大厦,118.79095,32.042539,江苏省南京市秦淮区中山南路101号,江苏省,南京市,秦淮区,1,d146b38853901da374026972
4173,4805,火瓦巷-25号院,118.795226,32.037802,南京市秦淮区火瓦巷洪武高层东侧,江苏省,南京市,秦淮区,1,296b09261cacd9602bd7ab7e
4174,4806,长江9号大厦,118.795992,32.050293,南京市玄武区玄武门街道长江路111号B3栋,江苏省,南京市,玄武区,1,707919dd0b4cf9f60782c21f
4175,4807,青石街小区,118.792149,32.049517,南京市玄武区青石街42号(公交车站),江苏省,南京市,玄武区,1,affb494d842c531ff6c59ca5
4176,4808,杨公井-15号,118.798806,32.041764,江苏省南京市秦淮区杨公井15号,江苏省,南京市,秦淮区,1,2f9a2a9015154b0731169be4
4177,4809,中国建设银行大厦,118.793054,32.041043,南京市秦淮区洪武路188号,江苏省,南京市,秦淮区,1,2bc43ec29ab0cc6d2afc48f4
4178,4810,中山东路小区,118.806459,32.045486,南京市秦淮区五老村街道普华巷11号,江苏省,南京市,秦淮区,1,388dc688941ef48297ec84cb
4179,4811,新时代大厦(长白街),118.805254,32.046794,江苏省南京市秦淮区中山东路402号,江苏省,南京市,秦淮区,1,923ffd000702a5b7d92f2844
4180,4812,南京外贸口岸大楼,118.804702,32.046815,南京市秦淮区中山东路378号,江苏省,南京市,秦淮区,1,e3e2cd9d5b8190e3c7f50d44
4181,4813,科巷70号,118.802824,32.04526,江苏省南京市秦淮区抄纸巷1附近,江苏省,南京市,秦淮区,1,7558d95294aae1ce5bf6be8d
4182,4814,江苏冶金大厦,118.806542,32.046652,南京市秦淮区中山东路412号,江苏省,南京市,秦淮区,1,1eeed54600a43ff2b5147f44
4183,4815,长发中心CFC,118.80368,32.046646,南京市中山东路300号,江苏省,南京市,秦淮区,1,013bdc3754f22325223bf235
4184,4816,四条巷,118.804302,32.040236,江苏省南京市秦淮区,江苏省,南京市,秦淮区,0,30045af01eab69ac1b94c68f
4185,4817,五老村小区,118.804182,32.044173,南京市秦淮区长白街与科巷交叉路口往西南约50米(新巷2~10号院东南侧),江苏省,南京市,秦淮区,1,57b027b80ec6d2922ce67bd0
4186,4818,南京物资大厦(普华巷),118.806958,32.046695,南京市秦淮区中山东路416号,江苏省,南京市,秦淮区,1,6e1c5b14f765a015213bf21b
4187,4819,科巷68号公馆,118.803225,32.044928,南京市秦淮区科巷68号,江苏省,南京市,秦淮区,1,6a3247f5885e73b91811d570
4188,4820,南京市住宅建设总公司,118.781768,32.032601,江苏省南京市秦淮区升州路289号4楼,江苏省,南京市,秦淮区,1,c5847f4e955d40706849f391
4189,4821,新巷小区,118.803324,32.044623,南京市秦淮区新巷34号,江苏省,南京市,秦淮区,1,3b6e0b8b06e192dc5a3ac8ff
4190,4822,东甫嘉玉小区,118.80325,32.046495,南京市中山东路300号长发中心,江苏省,南京市,秦淮区,1,1460c083b5c3448e01897211
4191,4823,普华大厦,118.807466,32.046609,南京市秦淮区中山东路448号,江苏省,南京市,秦淮区,1,fa835ce2d4261bb6e812e445
4192,4824,华一金阁,118.803495,32.046923,南京市秦淮区中山东路300号长发中心,江苏省,南京市,秦淮区,1,d861610ea5563f38afee7a0e
4193,4825,卧龙弹花部,118.798773,32.053618,南京市玄武区如意里36号楼1楼门面房,江苏省,南京市,玄武区,1,bed819f36c9445cbeddfcac6
4194,4826,云庭国际家居廊,118.810087,32.041507,江苏省南京市秦淮区龙蟠中路218号第六空间1楼,江苏省,南京市,秦淮区,1,2616ca53a3658c2d82a00c39
4195,4827,逸仙SOHO公寓,118.80783,32.045517,南京市秦淮区三条巷102号,江苏省,南京市,秦淮区,1,3a1350677e44fd453210af7b
4196,4828,中央饭店-商务中心,118.803876,32.047644,江苏省南京市玄武区中山东路237号,江苏省,南京市,玄武区,1,6e704a9e693cdfd09ee321ca
4197,4829,仁义里小区,118.806194,32.043476,南京市秦淮区仁孝里5号,江苏省,南京市,秦淮区,1,72aa2513cf92de47077ce845
4198,4830,科巷新寓,118.802528,32.0462,长白街山东路39号,江苏省,南京市,秦淮区,1,2fd2beab7aaf3b527adbd245
4199,4831,良友里小区,118.805897,32.043154,大行宫三条巷,江苏省,南京市,秦淮区,1,550029e8fe68896e42e192cc
4200,4832,中国人寿广场,118.802823,32.04676,江苏省南京市秦淮区中山东路298号大行宫,江苏省,南京市,秦淮区,1,f4460918d90a006ab11e3644
4201,4833,魔方公寓(小火瓦巷店),118.798004,32.038923,江苏省南京市秦淮区小火瓦巷1号6-7楼,江苏省,南京市,秦淮区,1,69f29fe97fbd04819f82eab2
4202,4834,三条巷小区,118.807476,32.043736,南京市秦淮区三条巷,江苏省,南京市,秦淮区,1,7be0a07d9933281e40ab9a13
4203,4835,纺织大厦,118.80861,32.046433,南京市秦淮区中山东路482号,江苏省,南京市,秦淮区,1,dffd4642a91698b23c9a5e44
4204,4836,六合里(三条巷),118.806372,32.042987,南京市秦淮区六合里仁义里小区,江苏省,南京市,秦淮区,1,806fd50f3791844ddbecede4
4205,4837,仁寿里-24号,118.805588,32.042516,江苏省南京市秦淮区仁寿里24号,江苏省,南京市,秦淮区,1,93343ebbd8b5166ea2046409
4206,4838,仁寿里-18号,118.806006,32.042688,江苏省南京市秦淮区仁寿里18号,江苏省,南京市,秦淮区,1,697acd669a5a2e6dd618b716
4207,4839,东白菜园小区,118.802047,32.044261,南京市秦淮区文昌巷35号,江苏省,南京市,秦淮区,1,d6df91c15ac8da6af7b91645
4208,4840,仁寿里-26号,118.805108,32.0426,南京市秦淮区五老村街道仁寿里26号楼,江苏省,南京市,秦淮区,1,ce33456d1aef99de9868b4fc
4209,4841,汉府街37号小区,118.80714,32.048109,南京市玄武区汉府街37号,江苏省,南京市,玄武区,1,13e3f78d16a17dbeb52655eb
4210,4842,仁寿里-8号,118.806215,32.042459,江苏省南京市秦淮区仁寿里8号,江苏省,南京市,秦淮区,1,5b7b9e39674ef00a2b3a9f3c
4211,4843,街电(天使福乐氏口腔),118.801606,32.045635,南京市秦淮区科巷10号联威置业4层,江苏省,南京市,秦淮区,1,51f2037918a1d6119d95de1a
4212,4844,新世纪广场-A幢,118.801816,32.047046,南京市秦淮区中山东路288号,江苏省,南京市,秦淮区,1,d0b8923f815c91e2b5f42f44
4213,4845,钟岚里,118.807873,32.048033,江苏省南京市玄武区汉府街35号钟岚里,江苏省,南京市,玄武区,1,b3e859320243fe79c7f025e3
4214,4846,都市名园,118.801891,32.045373,江苏省南京市秦淮区西白菜园33号,江苏省,南京市,秦淮区,1,c5ddcc0822fbc7c6d8131845
4215,4847,国际贵都,118.801727,32.046761,南京市秦淮区太平南路1号,江苏省,南京市,秦淮区,1,1e90abfc8a39d01ead080f95
4216,4848,新世纪广场-B幢,118.801622,32.046083,太平南路科巷1号,江苏省,南京市,秦淮区,1,75036835c3e1e3d15e0d0255
4217,4849,汉府大厦,118.809076,32.047471,江苏省南京市玄武区中山东路291号,江苏省,南京市,玄武区,1,f4a33da9fa0724093010afec
4218,4851,淮海路社区居民委员会,118.795553,32.042559,江苏省南京市秦淮区淮海新村49号,江苏省,南京市,秦淮区,1,92d894e2f1d74f0195ec84ea
4219,4852,二条巷小区,118.808518,32.043648,江苏省南京市秦淮区二条巷31号,江苏省,南京市,秦淮区,1,faee90b38e9f0ff3b35c6a9c
4220,4853,逸仙名居,118.809553,32.04539,南京市秦淮区头条巷50-58号(公交车站),江苏省,南京市,秦淮区,1,745d2a058ae215b5e5e965f4
4221,4854,仁寿里-4号楼,118.806683,32.042289,江苏省南京市秦淮区仁寿里4号,江苏省,南京市,秦淮区,1,98c0693bd4870486c26c14ce
4222,4856,秦淮区机关办公大楼,118.800907,32.045331,南京市秦淮区太平南路69号,江苏省,南京市,秦淮区,1,ee7a443b8302b5b48bdb73b9
4223,4857,三一里,118.806594,32.041581,南京市秦淮区三条巷29号,江苏省,南京市,秦淮区,1,c7addcb04a9987d33a04b195
4224,4859,大杨村26号-B座,118.802902,32.042099,南京市秦淮区大杨村南京市五老村小学,江苏省,南京市,秦淮区,1,6e835747063bceef82288a8a
4225,4860,三条巷30号商务楼-A座,118.80725,32.042404,南京市秦淮区三条巷30号,江苏省,南京市,秦淮区,1,463befcaa37ee9f951e5c5bf
4226,4861,四条巷32号院,118.805117,32.04216,江苏省南京市秦淮区四条巷32号,江苏省,南京市,秦淮区,1,78a562514ee25b935fd4fee4
4227,4862,止马公馆,118.77656,32.03847,南京市秦淮区朝天宫西侧西止马营52号,江苏省,南京市,秦淮区,1,befdb292a1f6aee187154144
4228,4863,东白菜园-84号,118.801939,32.043547,江苏省南京市秦淮区东白菜园84号,江苏省,南京市,秦淮区,1,aa25162278c81cc44e6d46e7
4229,4864,爱若音符2915,118.801289,32.046368,太平南路1号新世纪大厦,江苏省,南京市,秦淮区,1,e044055fcf5f760531f71dc4
4230,4865,Commwicial Cenlei商务中心,118.800399,32.04645,南京市秦淮区太平南路2号日月大厦18层,江苏省,南京市,秦淮区,1,e40f81d8d8d012f9c056acb7
4231,4866,梅园新村31-33号民国住宅,118.808168,32.049186,南京市玄武区梅园新村31号,江苏省,南京市,玄武区,1,b32142d729687ad5eedfcac9
4232,4867,红花地-45号,118.802004,32.042583,江苏省南京市秦淮区红花地45号,江苏省,南京市,秦淮区,1,b7094e07f3ccf6095cbe86a2
4233,4868,宝庆大厦,118.80067,32.044578,江苏省南京市秦淮区太平南路107号,江苏省,南京市,秦淮区,1,f0a0e6cc0c58f7313262125c
4234,4869,美好商务中心,118.800406,32.043612,南京市秦淮区五老村街道太平南路137号,江苏省,南京市,秦淮区,1,7bdb3e84cfe794f83a13fd84
4235,4870,头条巷小区,118.808885,32.043156,南京市秦淮区头条巷9号,江苏省,南京市,秦淮区,1,4bb4e92be310b6bd7369d3cb
4236,4871,日月大厦,118.800518,32.046458,南京市秦淮区太平南路2号,江苏省,南京市,秦淮区,1,37d60a46be53e7601e1d1144
4237,4872,梅园新村-42号民国住宅,118.808528,32.049675,南京市玄武区梅园新村42号,江苏省,南京市,玄武区,1,c18e315d9fb6c7f4b817e70c
4238,4873,长安国际中心,118.80055,32.047046,南京市中山东路218号,江苏省,南京市,秦淮区,1,8fde79cc2f8508c295ca0728
4239,4874,红花地小区-北门,118.801541,32.043285,江苏省南京市秦淮区红花地,江苏省,南京市,秦淮区,1,52b3f3b4b34291a48415410a
4240,4876,解放路6号小区,118.816368,32.045589,南京市秦淮区解放路6号,江苏省,南京市,秦淮区,1,bce0f460a86a6d262bd7ab25
4241,4877,西华东村社区,118.813457,32.045426,南京市中山东路518号,江苏省,南京市,秦淮区,1,c785381da11fb0acb64f54a4
4242,4878,五十五所宿舍区,118.818177,32.045383,江苏省南京市秦淮区中山东路522号8-2106号,江苏省,南京市,秦淮区,1,6835e3a7e90c8a30e21103bc
4243,4879,解放路36号小区,118.816338,32.042568,南京市秦淮区解放路36号,江苏省,南京市,秦淮区,1,adeead4a3c48e14b0482c295
4244,4880,熊猫中央广场项目,118.812538,32.0473,江苏省南京市玄武区中山东路301号,江苏省,南京市,玄武区,1,d403dd57121d1c91c356ac2c
4245,4881,瑞金北村,118.819141,32.042429,南京市秦淮区大清河18号,江苏省,南京市,秦淮区,1,398c6f5e16c2738c1f38943f
4246,4882,解放路42号综合楼,118.816334,32.041719,南京市秦淮区解放路42号,江苏省,南京市,秦淮区,1,2fbbbb911e9290a7c4f025bf
4247,4883,梅园新村-34号楼,118.808132,32.049324,南京市玄武区大悲巷2号,江苏省,南京市,玄武区,1,856a9d59883aa0ed9de32147
4248,4884,黄埔科技大厦,118.817819,32.049441,江苏省南京市玄武区黄埔路2号,江苏省,南京市,玄武区,1,2df9ad26150431ba8bdb7337
4249,4885,黄埔花园(黄埔路),118.818995,32.048803,江苏省南京市玄武区黄埔路2号,江苏省,南京市,玄武区,1,d4034eb3ce08638bc13644a0
4250,4886,瑞金北村小区-30幢,118.818036,32.041539,南京市秦淮区瑞金北村30幢,江苏省,南京市,秦淮区,1,a01a160295de41c32a02e121
4251,4887,金城大厦,118.810803,32.042672,龙蟠中路216号,江苏省,南京市,秦淮区,1,82c304e9135468ec3b221c7e
4252,4888,建筑大厦,118.816466,32.040717,南京市秦淮区解放路44号,江苏省,南京市,秦淮区,1,61085211944556a1c51b7544
4253,4889,金陵商标综合楼,118.816909,32.041016,南京市秦淮区解放路73号,江苏省,南京市,秦淮区,1,0462f494a0e27216df1e5282
4254,4890,地质大厦-测试楼,118.813898,32.050362,南京市玄武区珠江路700号,江苏省,南京市,玄武区,1,f4e566e59e144989c056ac5a
4255,4891,江苏省地矿局机关服务中心综合办公楼,118.812395,32.050416,南京市玄武区梅园新村街道龙蟠中路118号,江苏省,南京市,玄武区,1,9db1c0ab0fe3993928d7aba7
4256,4893,汉府雅苑,118.810513,32.049229,南京市玄武区汉府街6号,江苏省,南京市,玄武区,1,e56bf5e32e5a53440782c2ec
4257,4894,幸福小区,118.818785,32.040795,江苏省南京市秦淮区瑞虹巷18号,江苏省,南京市,秦淮区,1,53b40371200e18fa6f476057
4258,4895,瑞金北村-四区,118.820159,32.041456,南京市秦淮区瑞北路清河公寓,江苏省,南京市,秦淮区,1,52bf2ffa598b9d56f7b91668
4259,4896,清河公寓,118.820068,32.041016,南京市秦淮区大清河16号,江苏省,南京市,秦淮区,1,33fbfa83e4b98ec10bf5eb45
4260,4897,雍园6-6号,118.81042,32.050433,南京市玄武区雍园雍园61号小区东北侧约30米,江苏省,南京市,玄武区,1,bbf179798199f5ab9de32165
4261,4899,和园,118.819316,32.047089,梅园新村街道中山东路307号南京钟山宾馆(江苏省会议中心),江苏省,南京市,玄武区,1,861257bf3a46e518ddee8bc3
4262,4900,中共江苏垦弛生物科技有限公司党总部委员会,118.790164,32.052716,南京市鼓楼区新街口中山路81号南京华夏大厦24层,江苏省,南京市,鼓楼区,1,9df14878025e12974e776e9a
4263,4901,中航金城-1号,118.815174,32.04113,南京市秦淮区中山东路518号,江苏省,南京市,秦淮区,1,859185d27e7a9942c17da200
4264,4902,钟山颐府,118.81459,32.050731,南京市玄武区中山东路301号,江苏省,南京市,玄武区,1,bbface60f0c70ba1f60e7746
4265,4903,东宫大厦,118.82703,32.045827,南京市玄武区中山东路311-1号,江苏省,南京市,玄武区,1,31f9101b32ef3fb926e0a0ec
4266,4904,御道街小区,118.822257,32.044581,南京市秦淮区中山东路526号,江苏省,南京市,秦淮区,1,08fc93df0a9f35919b68b445
4267,4905,五星控股大厦,118.821991,32.046241,南京市玄武区后宰门街道中山东路311-2号,江苏省,南京市,玄武区,1,f09c97a1c4b01848c056ac9c
4268,4906,中山东路532号,118.828351,32.043428,南京市秦淮区中山东路532号-2号,江苏省,南京市,秦淮区,1,6ed3083afcd01cc92a3a9fb1
4269,4907,清溪花园,118.828016,32.047515,南京市玄武区后宰门清溪路8号,江苏省,南京市,玄武区,1,2848ffd6a938c77249cc4aa0
4270,4908,迈腾商务中心,118.821689,32.047383,南京市玄武区中山东路311-2号101/201/212号,江苏省,南京市,玄武区,1,5b5eef328c3b711958109312
4271,4909,海宇公寓,118.804818,32.040498,南京市秦淮区四条巷8号,江苏省,南京市,秦淮区,1,1fd5d9648f21bbd9b5147f93
4272,4910,曙光新村小区,118.823551,32.042251,南京市秦淮区御道街28号,江苏省,南京市,秦淮区,1,fe64b81911bbdd158936ee3a
4273,4911,五星控股,118.821723,32.046227,江苏省南京市玄武区中山东路311-2号3楼,江苏省,南京市,玄武区,1,24d2cbe3d0ce8a94e812e4f8
4274,4912,维景商务楼,118.829749,32.047315,南京市玄武区中山东路319号,江苏省,南京市,玄武区,1,93aa56170cfeea7a8c1a891d
4275,4913,御道街28号小区,118.822403,32.042248,南京市秦淮区光华门御道街28号,江苏省,南京市,秦淮区,1,93df0dc3de718b2b882fb545
4276,4914,南京博物院-办公楼,118.832213,32.048356,中山东路321号南京博物院内,江苏省,南京市,玄武区,1,b9b80332e759f8990b1cc713
4277,4915,五十五所西华门宿舍区,118.820544,32.045274,南京市秦淮区中山东路524-1号,江苏省,南京市,秦淮区,1,083a55fac7503b79246e9845
4278,4916,南京博物院-文保楼,118.829497,32.047762,南京市玄武区清溪路1号南京博物院文保楼,江苏省,南京市,玄武区,1,cb3cd620d926d0458bb98854
4279,4917,维景员工公寓,118.829728,32.047334,江苏省南京市玄武区梅园新村街道中山东路319号维景商务楼维景员工公寓,江苏省,南京市,玄武区,1,ebbd3583715bf510b2077d76
4280,4918,李府街17号小区,118.830312,32.044035,南京市秦淮区李府街17号,江苏省,南京市,秦淮区,1,3c8410a399d4f12403ec01e5
4281,4919,政苑小区,118.821117,32.048137,南京市玄武区中山东路311-2号,江苏省,南京市,玄武区,1,63bbd3cbf7674407e607384c
4282,4920,李府街11号小区,118.829925,32.04255,江苏省南京市秦淮区李府街1213号,江苏省,南京市,秦淮区,1,1bf85b25d2f947bda1a93439
4283,4921,明故宫经适房,118.821421,32.049438,南京市玄武区中山东路311-2号,江苏省,南京市,玄武区,1,0d23f4e9a70d7b3a8f1a8911
4284,4922,清溪路3号小区,118.830098,32.048621,南京市玄武区清溪路3号,江苏省,南京市,玄武区,1,c9719b0fbfe7ceac5e0d02f0
4285,4923,中山东路311-2号院,118.821588,32.049854,江苏省南京市玄武区中山东路311-2号,江苏省,南京市,玄武区,1,eaee522c114223a64207c1bb
4286,4924,明故宫社区,118.830743,32.049536,清溪路4号,江苏省,南京市,玄武区,1,e35d9982930c4c04a5da3964
4287,4925,南京航空航天大学明故宫校区-B17幢公寓,118.82819,32.040667,南京市秦淮区御道街29号南京航空航天大学明故宫校区,江苏省,南京市,秦淮区,1,cfc520b031569cb181a12e19
4288,4926,李府街16号小区,118.831278,32.042604,南京市秦淮区李府街16号,江苏省,南京市,秦淮区,1,fa0c22483b53adc89c09f7fd
4289,4927,维罗商务楼,118.829797,32.045801,南京市玄武区中山东路319号,江苏省,南京市,玄武区,1,14423a97f23c7a1207fef523
4290,4929,紫金城商务酒店-停车场,118.82099,32.046365,南京市玄武区中山东路309号,江苏省,南京市,玄武区,1,2355e4e72f48ab4e0782c282
4291,4930,紫金山水苑,118.837162,32.044659,南京市秦淮区苜蓿园西1号,江苏省,南京市,秦淮区,1,22e1140770b20eb4d5b74e44
4292,4931,前半山园-12号,118.83297,32.045727,南京市玄武区后宰门前半山园12号,江苏省,南京市,玄武区,1,10b53539135846f46168583b
4293,4932,半山花园,118.833727,32.047117,江苏省南京市玄武区前半山园10号,江苏省,南京市,玄武区,1,6113ef774ffb57148e7727ec
4294,4933,紫金苑(苜蓿园大街),118.837765,32.043729,江苏省南京市秦淮区苜蓿园大街5号,江苏省,南京市,秦淮区,1,d219bb1d90df09f6f40e77a0
4295,4934,中山门小区,118.832429,32.043747,南京市秦淮区中山东路536号,江苏省,南京市,秦淮区,1,4eb3b533fc16d07543024544
4296,4935,江苏省·中科院植物研究所中山植物园宿舍区,118.839282,32.044488,南京市秦淮区苜蓿园东街28号,江苏省,南京市,秦淮区,1,31783bce135f3666a20464bf
4297,4936,长发公寓,118.839603,32.04565,长发公寓卫岗西18号,江苏省,南京市,玄武区,1,50f7d146c6bc21c472210b45
4298,4937,苜蓿新苑,118.839298,32.044421,南京市秦淮区苜蓿园东街26号,江苏省,南京市,秦淮区,1,fc5d9a99caa8083b41d63e76
4299,4938,紫金城-北区,118.838737,32.043169,南京市秦淮区苜蓿园东街19号,江苏省,南京市,秦淮区,1,0351324d37c100c29c9d68e9
4300,4939,南京地质矿产研究所住宅区-西北门,118.830602,32.043346,南京市秦淮区中山东路534-1号,江苏省,南京市,秦淮区,1,525d52d2ebae2b023904b1cf
4301,4940,紫金城,118.837246,32.041625,南京市秦淮区苜蓿园东街19号,江苏省,南京市,秦淮区,1,3636ecb271b2c0c02806cea8
4302,4941,月牙湖社区,118.837481,32.041731,江苏省南京市秦淮区月牙湖街道,江苏省,南京市,秦淮区,1,97a2ae3d9b1183eca7da39e5
4303,4942,凯祥花苑,118.840223,32.045383,卫岗西16,江苏省,南京市,玄武区,1,d6ee872413cd7fe0a8f0cd45
4304,4943,苜卫路39号小区,118.839752,32.042874,南京市秦淮区苜卫路39号,江苏省,南京市,秦淮区,1,341571e6ba81176588b98872
4305,4944,江苏省地震局东郊宾馆苜蓿园宿舍-西门,118.839525,32.043036,南京市秦淮区苜卫路35号,江苏省,南京市,秦淮区,1,9917a187566ca20f9de32143
4306,4945,苜卫路35号小区,118.839699,32.042928,南京市秦淮区苜卫路35号,江苏省,南京市,秦淮区,1,d0bdb335693832af6e47609e
4307,4946,苜卫路小区,118.840272,32.043702,南京市秦淮区卫桥苜卫路19号,江苏省,南京市,秦淮区,1,2c6132568ddc292b82a12edf
4308,4948,海月花园,118.839011,32.041376,江苏省南京市秦淮区苜蓿园大街38号,江苏省,南京市,秦淮区,1,3a0fbba801d332419ee32145
4309,4949,李府街14号小区,118.831221,32.042121,江苏省南京市秦淮区李府街14号,江苏省,南京市,秦淮区,1,6bc1a940940fa80cf603b845
4310,4950,南京钟厂宿舍,118.840153,32.04135,南京市秦淮区月牙湖街道苜军路16号,江苏省,南京市,秦淮区,1,35afa93de16e4c5a336212da
4311,4951,苜军花苑,118.840057,32.041197,南京市秦淮区苜军路18号,江苏省,南京市,秦淮区,1,f60a15ede79550ecbb17e745
4312,4952,苜军路20号小区,118.839897,32.040141,南京市秦淮区苜军路20号,江苏省,南京市,秦淮区,1,b6e1f15f6ff035a578f796be
4313,4954,李府街12号小区,118.830433,32.040637,南京市秦淮区李府街12号,江苏省,南京市,秦淮区,1,3f607e85d85aeb1894ec8440
4314,4956,卫岗28号,118.848423,32.044423,江苏省南京市玄武区卫岗28号,江苏省,南京市,玄武区,1,3023c4b36517b1ed35b06c25
4315,4957,卫桥新村,118.844937,32.044561,南京市秦淮区卫岗西2号,江苏省,南京市,秦淮区,1,e2c734e46653f85d15a19045
4316,4958,卫岗西6号,118.843624,32.045478,玄武区卫岗西6号,江苏省,南京市,玄武区,1,a7afc9699103ee0d081cc707
4317,4959,卫岗西小区,118.843738,32.045501,卫岗西,江苏省,南京市,玄武区,1,2d90eda7ff964262f942b291
4318,4960,卫岗西6号小区1幢,118.843736,32.04549,江苏省南京市玄武区卫岗西6号小区,江苏省,南京市,玄武区,1,fbf424726cdf59ec88b988b0
4319,4961,南航宿舍,118.830331,32.04004,江苏省南京市秦淮区李府街8号,江苏省,南京市,秦淮区,1,78cf4f529337941503ec015d
4320,4962,文华园(中山门大街),118.846733,32.046492,南京市玄武区卫岗55-19号,江苏省,南京市,玄武区,1,aa40108bd51ef915c5effbec
4321,4963,金轮翠庭园,118.848352,32.044607,南京市玄武区中山门大街与童卫路交叉路口往东约50米(卫岗25号小区西侧约50米),江苏省,南京市,玄武区,1,2cc3c8e85bc78cd64d2fdfec
4322,4964,美林苑小区,118.844728,32.04248,南京市玄武区童卫路9号,江苏省,南京市,玄武区,1,6fddd7fd8588c17f3517dc45
4323,4965,熊猫宿舍,118.842131,32.04545,卫岗西12号,江苏省,南京市,玄武区,1,fe80cbea0973b18443e19238
4324,4966,南京无线电厂宿舍-北门,118.841938,32.045619,江苏省-南京市-秦淮区-卫岗西12号,江苏省,南京市,玄武区,1,e5aa584f70713689d13ce3e6
4325,4967,南京农业大学国际留学生2号公寓,118.848413,32.043249,江苏省南京市玄武区卫岗1号南京农业大学卫岗校区,江苏省,南京市,玄武区,1,c0cc65fbbfe1be2e2fb17e8f
4326,4968,二十八所(北),118.844123,32.039705,江苏省南京市秦淮区苜蓿园东街1号,江苏省,南京市,秦淮区,1,3de4a1baf732deec72455b57
4327,4969,牛奶公司小区,118.845821,32.041925,南京市玄武区童卫路7号,江苏省,南京市,玄武区,1,c275ae03f47ff60e6368582e
4328,4970,南京农业大学卫岗校区外教公寓,118.848145,32.042796,南京市玄武区卫岗童卫路6号,江苏省,南京市,玄武区,1,6b49968d4a359c92f8221322
4329,4971,卫岗25号小区,118.849241,32.044733,南京市玄武区卫岗25号,江苏省,南京市,玄武区,1,ce6c1ed5f0d7f4de03ec01d1
4330,4972,南京搪瓷总厂宿舍,118.84153,32.044915,南京市秦淮区苜卫路19号,江苏省,南京市,秦淮区,1,4e80f8d3638f46972fb96d33
4331,4973,文华东园,118.848653,32.04791,南京市玄武区卫岗55号,江苏省,南京市,玄武区,1,c106481c0f662259ae0457d4
4332,4974,紫金雅苑,118.840979,32.044323,南京市秦淮区苜卫路21号,江苏省,南京市,秦淮区,1,368aa9d0ad1027ee715e8065
4333,4975,铁道医学院宿舍,118.841241,32.043594,江苏省南京市秦淮区苜卫路27号,江苏省,南京市,秦淮区,1,734db979e9d5393b43ab9a29
4334,4976,苜蓿园山庄,118.841736,32.04289,苜蓿园东街4号,江苏省,南京市,秦淮区,1,ac63e5a74af2bcd4c72ba1aa
4335,4977,卫岗26号小区,118.851306,32.043876,南京市玄武区卫岗26号,江苏省,南京市,玄武区,1,108b1ceadd5dd4ac3586f4ec
4336,4978,卫岗西-16号,118.84056,32.045474,江苏省南京市玄武区卫岗西16号,江苏省,南京市,玄武区,1,278b13ef6bdf89beb23c81bc
4337,4979,苜卫路29号小区,118.840634,32.043848,江苏省南京市秦淮区苜卫路29号,江苏省,南京市,秦淮区,1,d5342bfcd2ea2070b64f54f7
4338,4980,南京农业大学-研究生宿舍六舍,118.849685,32.042468,南京市玄武区卫岗1号,江苏省,南京市,玄武区,1,39b73cb7d34b1569c356ac09
4339,4982,南京农业大学-北苑11号公寓,118.850328,32.041441,南京市玄武区卫岗1号,江苏省,南京市,玄武区,1,223d0d15d149567c3717dc7e
4340,4983,南京农业大学北苑-4号公寓,118.850053,32.042228,江苏省南京市玄武区南京农业大学(卫岗校区)北苑4号公寓,江苏省,南京市,玄武区,1,e970d88dad8fbe608bf15d56
4341,4984,南京农业大学研究生宿舍二舍,118.851284,32.04216,南京市玄武区卫岗1号南京农业大学,江苏省,南京市,玄武区,1,51b9fea3bd2d6fc15e17c3a4
4342,4985,南京农业大学北苑7号公寓,118.852241,32.042362,南京市玄武区卫岗1号南京农业大学,江苏省,南京市,玄武区,1,2966b0611d16763b95f08c01
4343,4987,南京农业大学研究生宿舍11舍,118.850334,32.041392,南京市玄武区卫岗1号,江苏省,南京市,玄武区,1,acfd25ca250997d131870a59
4344,4988,苜中路1号小区,118.841353,32.040844,南京市秦淮区苜中路1号,江苏省,南京市,秦淮区,1,60c069b4a916a8354d6d46c7
4345,4989,首中路三号小区,118.840779,32.040221,南京市秦淮区苜中路苜中路3号,江苏省,南京市,秦淮区,1,3958aba3b95c33ad2fb17e35
4346,4990,南京农业大学(卫岗校区)-北苑6号公寓,118.849671,32.042475,南京市玄武区紫竹路卫岗21号院东南侧,江苏省,南京市,玄武区,1,49968db313fc61ee5fbe86fd
4347,4991,乳业大厦,118.847707,32.043949,南京市玄武区童卫路4号建设银行楼上,江苏省,南京市,玄武区,1,99c218baa09546e80782c212
4348,4994,童卫路18号公寓,118.846116,32.038092,南京市玄武区童卫路18号,江苏省,南京市,玄武区,1,7b9a8a1cb27d419cc1f1cf78
4349,4995,君临紫金,118.856303,32.044174,玄武湖区中山门大街99号,江苏省,南京市,玄武区,1,28e700f1712e3300095cb3cf
4350,4996,小卫街村,118.854834,32.040978,南京市玄武区龙宫东路与龙宫路交叉口北150米,江苏省,南京市,玄武区,1,e85e25275ee0495395f08ce6
4351,4997,铁匠营1,118.858448,32.044705,江苏省南京市玄武区胜利村路与铁匠营交叉口东北150米,江苏省,南京市,玄武区,1,05320689099585e333169b16
4352,4998,江苏省地震局东郊宾馆苜蓿园宿舍,118.83983,32.043067,南京市秦淮区苜卫路35号,江苏省,南京市,秦淮区,1,9dcb7dbb795528410bf5eb01
4353,4999,樱花苑(中山门大街),118.856482,32.04224,江苏省南京市玄武区小卫街229号,江苏省,南京市,玄武区,1,6913052375b56208725e80ec
4354,5000,东元山庄,118.855554,32.04199,南京市玄武区孝陵卫街道小卫街228号,江苏省,南京市,玄武区,1,f4460918daa2016ab11e36ec
4355,5001,美树苑,118.85386,32.042217,南京市玄武区小卫街216号,江苏省,南京市,玄武区,1,5c56edd6c815e05aa1d230ec
4356,5002,南京农业大学(卫岗校区)-北苑9号公寓,118.852516,32.043117,南京市玄武区卫岗1号,江苏省,南京市,玄武区,1,d18adda0186a91b1c4f50d16
4357,5003,南京轻盈堂前燕公寓,118.858186,32.042648,小卫街村都市公社5楼,江苏省,南京市,玄武区,1,e8a0784ac0ced99858f6beee
4358,5007,卫岗3号院,118.85073,32.043084,江苏省南京市玄武区卫岗3号,江苏省,南京市,玄武区,1,f4e60c6c192a7acd54bfff06
4359,5008,都市山庄,118.859544,32.042337,南京市玄武区孝陵卫小卫街16号,江苏省,南京市,玄武区,1,b7021bf8d2d118faf4e73bec
4360,5010,南京农业大学-北苑3号公寓,118.851481,32.041851,南京市玄武区孝陵卫街道卫岗1号南京农业大学,江苏省,南京市,玄武区,1,ee77621a39c75d8795f08cf5
4361,5011,南京农业大学-研究生宿舍三舍,118.85134,32.041803,南京市玄武区卫岗1号,江苏省,南京市,玄武区,1,6985c2483de101ff0b1cc76b
4362,5012,南京农业大学研究生宿舍管理办公室,118.851712,32.042138,南京农业大学卫岗校区北苑2舍东侧,江苏省,南京市,玄武区,1,09c73e251dca07578b2fb5fb
4363,5013,南京农业大学学生宿舍物业部(北苑路),118.850842,32.042052,南京市玄武区卫岗1号南京农业大学,江苏省,南京市,玄武区,1,85c8740d9c5fd5c61f1d1188
4364,5015,南京农业大学-研究生宿舍十舍,118.851008,32.04159,南京市玄武区卫岗1号,江苏省,南京市,玄武区,1,eed5bbf1849bea1c1fe99948
4365,5016,南京农业大学-北苑10号公寓,118.850903,32.041623,南京市玄武区卫岗1号,江苏省,南京市,玄武区,1,91683576e92a40aad92f28be
4366,5017,西园小区(孝陵卫街),118.8584,32.040546,孝陵卫街200号,江苏省,南京市,玄武区,1,7319222173ad31842afc4804
4367,5018,国际留学生3号公寓,118.850782,32.041319,南京市玄武区孝陵卫街道南京农业大学卫岗1号,江苏省,南京市,玄武区,1,d0e238725ebd9556a1a934e1
4368,5019,南京理工大学三号门宿舍,118.860243,32.041149,南京市玄武区孝陵卫街200号南京理工大学545幢,江苏省,南京市,玄武区,1,64f17aa474987012095cb323
4369,5020,住宅八区华园小区,118.860047,32.040606,江苏省南京市玄武区孝陵卫街200号,江苏省,南京市,玄武区,1,beabdbf4771a6b987069d3ec
4370,5021,罗汉巷小区,118.866735,32.04021,江苏省南京市玄武区罗汉巷理工大1号门外,江苏省,南京市,玄武区,1,d7fd2ad3833724540bccddec
4371,5022,钟鼎山庄,118.869095,32.043578,中山门大街299号,江苏省,南京市,玄武区,1,5f32c9b5f9cdf9dcbca82294
4372,5023,孝陵卫街-21号院,118.870029,32.040888,南京市玄武区孝陵卫街21号,江苏省,南京市,玄武区,1,67beb11958b3bdaf41e19278
4373,5024,晏公庙1号小区,118.868073,32.039802,南京市玄武区,江苏省,南京市,玄武区,1,160e46890ea62eec8505bff6
4374,5025,钟鼎山庄-二期,118.865527,32.04439,江苏省南京市玄武区中山门大街299号,江苏省,南京市,玄武区,1,7cd9f52868483bb902ff2d54
4375,5026,佳诚花园-北区,118.865839,32.040648,南京市玄武区罗汉巷101号,江苏省,南京市,玄武区,1,f3c2373c51a30a52d22dd6ec
4376,5027,孝陵卫街-179号院,118.864805,32.040132,江苏省南京市玄武区孝陵卫179号,江苏省,南京市,玄武区,1,db44dc10eab65b3a047ce86e
4377,5028,钟山医院宿舍,118.864508,32.040671,南京市玄武区孝陵卫179号,江苏省,南京市,玄武区,1,b7bd28719d2d01ade5073859
4378,5029,孝陵卫街49号院,118.868052,32.040774,南京市玄武区孝陵卫49号,江苏省,南京市,玄武区,1,14076dee6333a18903294fa0
4379,5030,江苏省农科院住宅小区,118.874115,32.042541,南京市玄武区钟灵街48号,江苏省,南京市,玄武区,1,606ab0d0fc061a2a0e3ddaec
4380,5031,紫金时代,118.880178,32.045192,江苏省南京市玄武区钟灵街50号,江苏省,南京市,玄武区,1,be200b224f2da3ffaeb22ac0
4381,5032,紫金大厦,118.880434,32.04467,江苏省南京市玄武区钟灵街50号,江苏省,南京市,玄武区,1,555e15b397033be1db131823
4382,5033,灵谷寺路小区,118.872192,32.045639,江苏省南京市玄武区灵谷寺路8号,江苏省,南京市,玄武区,1,d431797c2c8aea84430245bc
4383,5035,晏公庙-54号院,118.870477,32.040644,晏公庙54号,江苏省,南京市,玄武区,1,928d88b07e19aa8a08ccdd4d
4384,5036,钟灵街-105号院,118.873258,32.043067,江苏省南京市玄武区钟灵街48号,江苏省,南京市,玄武区,1,278b6c11f56403e0c42ba1a6
4385,5038,南京体育学院-培训公寓,118.875609,32.046372,南京市玄武区沪宁高速南京连接线南京体育学院南门东北侧约90米,江苏省,南京市,玄武区,1,2e0fbc44522cfb139a005007
4386,5039,江苏农科院研究生宿舍,118.876361,32.041197,小区对面,江苏省,南京市,玄武区,1,166fcc3b215899572fe67b22
4387,5040,江苏农业科技成果展示中心,118.880499,32.046525,南京市玄武区钟灵街60号,江苏省,南京市,玄武区,1,c55e0a6a46b3c7c1c5effb9c
4388,5042,钟灵街54号院,118.876354,32.044401,江苏省南京市玄武区孝陵卫东钟灵街村54号,江苏省,南京市,玄武区,1,b8537a8cdd09c24f2ab97c6c
4389,5043,康定里-5幢,118.856572,32.02505,江苏省南京市玄武区康定里5幢,江苏省,南京市,玄武区,1,ae182548d1ff51a3ad31e52e
4390,5044,上逸园5幢,118.88425,32.04947,江苏省南京市玄武区宏图上逸园5栋,江苏省,南京市,玄武区,1,f6c906470915a8d62dfaa727
4391,5045,宏图上逸园,118.883512,32.04978,柳营村108号(顾家营路与宁杭公路交界),江苏省,南京市,玄武区,1,680b98e54b1ea2f7ae31e5ec
4392,5046,峻峰大厦(中山门大街),118.881986,32.048774,南京市玄武区孝陵卫柳营100号,江苏省,南京市,玄武区,1,cac5fc760907648e2db96db8
4393,5047,紫金华府,118.885008,32.04552,南京市玄武区顾家营路77号,江苏省,南京市,玄武区,1,1b2bb8fc495b27d9725e80fd
4394,5049,紫金华府-3期,118.889987,32.047798,南京市玄武区马群街179号,江苏省,南京市,玄武区,1,692257a8beee20bec2f1cf8e
4395,5050,紫金华府-1期,118.885867,32.044768,顾家营路,江苏省,南京市,玄武区,1,f4b14fb9a007166a1f3894fb
4396,5052,五矿晏山居,118.88222,32.042696,南京市玄武区钟灵街50号,江苏省,南京市,玄武区,1,5153bab1ea05c60bc1364496
4397,5053,宏图·逸街区,118.883677,32.050464,南京市玄武区柳营村108号,江苏省,南京市,玄武区,1,8a0f41aa760ac163fbf0cbc2
4398,5054,紫金柳苑小区,118.881789,32.045587,南京市玄武区钟灵街50号,江苏省,南京市,玄武区,1,7b9b1d0bee16f2abb917e716
4399,5056,汇通达大厦,118.88112,32.044991,江苏省南京市玄武区钟灵街50号,江苏省,南京市,玄武区,1,bea0d87ab5a5ee9ec336448a
4400,5057,五棵松128号,118.884971,32.049563,江苏省南京市栖霞区五棵松128号,江苏省,南京市,栖霞区,1,07111dad9d0a11599e95de20
4401,5059,南湾营馨康苑,118.89964,32.041677,南京市栖霞区马群街道南湾营百水桥南路8号,江苏省,南京市,栖霞区,1,93df0dc39c0cc956892fb5bf
4402,5060,银城君颐东方厚泽园,118.894996,32.051088,江苏省南京市栖霞区马群南路9号,江苏省,南京市,栖霞区,1,6c9b186dbefb469cf7e73bb5
4403,5061,牛王庙111号,118.8926,32.046234,南京市栖霞区马群南路银城君颐东方西北侧约60米,江苏省,南京市,栖霞区,1,91269eebd8f638664d2fdfe7
4404,5063,牛王庙-10号,118.893184,32.049338,江苏省南京市栖霞区牛王庙10号,江苏省,南京市,栖霞区,1,9b91e159d5557f22b21e364c
4405,5065,南湾营融康苑,118.906855,32.047525,江苏省南京市栖霞区百水桥南路17号,江苏省,南京市,栖霞区,1,64ff3be17fc5bbc691114cbb
4406,5066,南湾营文康苑,118.902578,32.044276,南京市栖霞区百水桥南路6号,江苏省,南京市,栖霞区,1,060f5e537d3c4aaa091cc7b5
4407,5067,花港·幸福城-玫瑰园,118.909891,32.040589,江苏省南京市栖霞区花港路15号,江苏省,南京市,栖霞区,1,2a27295da1cda4d74c3a5936
4408,5069,花港·幸福城-海棠园,118.905231,32.035443,江苏省南京市栖霞区花港路2号,江苏省,南京市,栖霞区,1,8a1f09fb21d9593ee6e96575
4409,5070,南湾营润康苑,118.909276,32.045578,南京市栖霞区百水桥南路5号,江苏省,南京市,栖霞区,1,3c0ea7c5b8c2bfe1faf0cbb9
4410,5071,南湾营煦康苑,118.902822,32.041579,南京市栖霞区桥南路15号,江苏省,南京市,栖霞区,1,9fb2ca090e81e636e856fa94
4411,5072,南湾营润康苑-西门,118.908377,32.046063,江苏省南京市栖霞区马群南湾营润康苑西门(学康路),江苏省,南京市,栖霞区,1,b998a4411e0ff9459cec2b68
4412,5073,南湾营融康苑-北门,118.906203,32.048236,江苏省南京市栖霞区马群南湾营融康苑西门,江苏省,南京市,栖霞区,1,2035255115f2196d6c3e1b90
4413,5074,南湾营馨康苑-北门,118.900768,32.042864,江苏省南京市栖霞区马群南湾营馨康苑(百水桥南路北),江苏省,南京市,栖霞区,1,0c5e6313a78189aa6140a96a
4414,5075,宁康苑,118.912006,32.047747,南京市栖霞区百水桥南路1号,江苏省,南京市,栖霞区,1,2fd2beab04e9792f7bdbd282
4415,5077,中南世纪雅苑二期,118.915552,32.044016,江苏省南京市栖霞区花港路18号,江苏省,南京市,栖霞区,1,814437e5a03303b214b54b21
4416,5078,百水芊城-秀水坊,118.91109,32.049826,南京市栖霞区百水桥村118号,江苏省,南京市,栖霞区,1,3d02f6c1c6892414b020a848
4417,5079,花港幸福城金桂园(天泉路),118.918599,32.045497,南京市栖霞区天旺路3号,江苏省,南京市,栖霞区,1,9fed297a5efeaeaddf1e52f8
4418,5080,花港·幸福城金桂园(西2门),118.917092,32.045884,南京市栖霞区天泉路与花港北路交叉口东北100米,江苏省,南京市,栖霞区,1,50e710b39791aa4081288ac0
4419,5081,花港·幸福城-茉莉园,118.92202,32.047707,江苏省南京市栖霞区天旺路2号,江苏省,南京市,栖霞区,1,e7667a02bea1abca0e3ddad2
4420,5082,百水保障房-二期,118.923334,32.056361,南京市栖霞区马高路南京外国语学校仙林分校麒麟中学西侧约240米,江苏省,南京市,栖霞区,1,e0985c618f7cea17a8f0cdac
4421,5083,麒麟紫荆城建南苑,118.928264,32.049544,江苏省南京市江宁区天和路建南苑(银河湾.紫苑小区南150米),江苏省,南京市,江宁区,1,0da0f54bd9e47e14a2d230d6
4422,5084,悦民公寓南苑,118.927176,32.048373,南京市江宁区麒麟镇天和路银河湾紫苑东南,江苏省,南京市,江宁区,1,ffc5164e09c10cd48605bf16
4423,5085,东花岗经济适用住房,118.921889,32.047635,南京市栖霞区马群街道天旺路8-2号门面房,江苏省,南京市,栖霞区,1,6b6b4ac0c706afdc0d0a70a7
4424,5086,麒麟紫荆城锁石苑,118.933746,32.048293,江苏省南京市江宁区麒麟科技创新园一期经济适用住房d地块,江苏省,南京市,江宁区,1,f3c94d426af784371d1d1155
4425,5087,麒麟紫荆城定林苑,118.937136,32.047891,南京市江宁区麒麟街道天麒路170号,江苏省,南京市,江宁区,1,ff7e2e2fdab02474c42ba1e6
4426,5088,麒麟科技创新园一期经济适用住房e地块,118.938715,32.047422,南京市江宁区镇东路麒麟紫荆城定林苑,江苏省,南京市,江宁区,1,336c26e04b9cac2a87330456
4427,5090,飞园未情科技发展中华玩具礼品批发城飞园创业园教育基地,118.949648,32.043428,麒麟门青西村飞园路1号,江苏省,南京市,江宁区,1,8e786960a2c3652d2902e15e
4428,5091,苏果配送中心,118.944966,32.048311,麒麟街道西村500号,江苏省,南京市,江宁区,1,3a6ec4b690748958d12dd64c
4429,5093,汤山邑温德姆·豪生温泉度假别墅群,119.056535,32.046182,南京市江宁区鹤寿路与经十路交叉路口往西约190米,江苏省,南京市,江宁区,1,423ce29327440d7dc2f1cf17
4430,5094,华山山庄,118.609068,32.038203,江苏省南京市浦口区江浦街道五华路9号,江苏省,南京市,浦口区,1,b52f04790ea77fbd1576435c
4431,5095,海科新寓万翠园,118.608236,32.031366,南京市浦口区五华路西150米,江苏省,南京市,浦口区,1,4ae690b03dba2cde17b54b86
4432,5096,海科新寓,118.607905,32.031175,南京市浦口区花莲路附近,江苏省,南京市,浦口区,1,4af1f2ca1b1359a4b75f1eb1
4433,5097,浦潮筑境,118.611917,32.029135,江苏省南京市浦口区行知路2号,江苏省,南京市,浦口区,1,84ca44cc611df50f42d63ef2
4434,5098,西华公寓,118.612621,32.038328,南京市浦口区江浦街道五华路17号,江苏省,南京市,浦口区,1,81d6a509701ee4406e20b9fd
4435,5099,艺莲苑-西门,118.620371,32.030452,南京市浦口区行知路与大华路交汇处向北300米,江苏省,南京市,浦口区,1,1832f9ad7b8a1c8649fd3fcd
4436,5100,鼎业科技园-东南门,118.613992,32.032006,南京市浦口区行知路与雨合路交叉口西南100米,江苏省,南京市,浦口区,1,feaf1730d665eaeacafa5f3e
4437,5101,南京农业大学学生宿舍,118.633869,32.032352,南京市浦口区江浦街道南农路1号,江苏省,南京市,浦口区,1,b74705bec4912b8928d7abee
4438,5102,国恒科技大厦,118.653711,32.037492,江苏省南京市浦口区新民北路与新民路交叉口东北150米,江苏省,南京市,浦口区,1,2aed97c556e201f51e1d1188
4439,5103,洲岛家园-绿洲苑,118.704478,32.028733,江苏省南京市建邺区红星街90号,江苏省,南京市,建邺区,1,2a8637a65f6c4b642dfaa759
4440,5104,洲岛家园-悦江苑,118.700758,32.031271,江苏省南京市建邺区江堤路洲岛家园,江苏省,南京市,建邺区,1,947ade0d1ded417725e0a05e
4441,5105,仁恒·绿洲新岛2期,118.707331,32.032064,江苏省南京市建邺区贤坤路68号,江苏省,南京市,建邺区,1,94448a576fd0825784154159
4442,5106,仁恒·绿洲新岛,118.708451,32.033798,南京市建邺区新生态科技岛中新大道东侧，地铁10号线江心洲站2号出口南侧,江苏省,南京市,建邺区,1,ce6fbca14d28abb1ab0dd8e1
4443,5107,洲岛家园-芳华苑,118.702359,32.029971,江苏省南京市建邺区红星街88号,江苏省,南京市,建邺区,1,afb7f34c51320bdc38e4a666
4444,5108,新纬壹科技城,118.702808,32.031144,南京市建邺区红星街洲岛家园-芳华苑,江苏省,南京市,建邺区,1,fcb667d5fb53bc26abf729cd
4445,5109,街电(新加坡·南京生态科技岛科创中心),118.713959,32.036773,南京市建邺区江心洲街道贤坤路1号,江苏省,南京市,建邺区,1,7cd46736d2e1569e5e17c390
4446,5110,江岛华庭,118.710269,32.03257,江苏省南京市建邺区江岛华庭东北100米(林荫路北),江苏省,南京市,建邺区,1,c10c924c50e7f95c2f47335d
4447,5111,新纬壹国际科技生态园B区,118.713742,32.034819,林荫路与葡园路交叉口西南100米,江苏省,南京市,建邺区,1,c094fff44b2100bb14a190ba
4448,5112,苏宁慧谷,118.730517,32.03804,江苏省南京市鼓楼区集庆门大街268号,江苏省,南京市,鼓楼区,1,6e6ae11e8edb7b7dc5effb9b
4449,5113,苏宁慧谷-东区,118.730326,32.037737,南京市鼓楼区集庆门大街苏宁慧谷,江苏省,南京市,鼓楼区,1,5bcfa9c6e62c351ccb1b9551
4450,5114,联创科技大厦-B座,118.729856,32.039673,江苏省南京市鼓楼区集慧路18号联创大厦B座,江苏省,南京市,鼓楼区,1,906cb83de381e6762dfaa74d
4451,5115,联创科技大厦,118.729225,32.039826,南京市鼓楼区集慧路18号,江苏省,南京市,鼓楼区,1,661f610504d083653617dc39
4452,5116,南京越洋国际商务中心,118.734674,32.037614,南京市鼓楼区清江南路7号,江苏省,南京市,鼓楼区,1,39fd14bd6920faee2ce67b7e
4453,5117,铂悦金陵,118.73306,32.030304,南京市建邺区乐山路88号,江苏省,南京市,建邺区,1,ab7fef8d28cf769a88db73a3
4454,5118,苏宁睿城,118.736661,32.03652,江苏省南京市鼓楼区汉中门大街301号(清江路与集庆门大街交汇处),江苏省,南京市,鼓楼区,1,bb37a14b782ea865fbdc8578
4455,5119,积贤雅苑,118.738165,32.033483,华山路99号,江苏省,南京市,建邺区,1,be373f5e264d68e9d92f2801
4456,5120,江东新村公寓,118.732803,32.037332,南京市鼓楼区集贤路佳和园,江苏省,南京市,鼓楼区,1,11342dc2b506bb4b1a11d5a7
4457,5121,苏宁睿城银河国际街区,118.736907,32.036788,江苏省南京市鼓楼区润江路3号,江苏省,南京市,鼓楼区,1,ce0b57e511d7402a09b93a15
4458,5122,苏宁睿城银河国际街区-西区,118.736881,32.036648,江苏省南京市鼓楼区清江南路与集庆门大街交汇处东北角,江苏省,南京市,鼓楼区,1,28f65d72a66a0b672a02e1c5
4459,5123,河南一队-11号,118.730523,32.032066,江苏省南京市建邺区河南一队11号,江苏省,南京市,建邺区,1,b98babee100f39a3d13ce3a7
4460,5124,河南一队-7号,118.732392,32.032463,江苏省南京市建邺区河南一队7号,江苏省,南京市,建邺区,1,2f68b15d0095449611882436
4461,5125,苏宁睿城银河国际街区-东区,118.739269,32.036794,南京市鼓楼区润江路6号,江苏省,南京市,鼓楼区,1,eef75b02ea4bfd1ac4f02549
4462,5126,积善村11号,118.735321,32.033178,江苏省南京市建邺区积善村11号,江苏省,南京市,建邺区,1,4cb29842890b8e942cb96dea
4463,5127,佳和园,118.73353,32.036603,南京市鼓楼区清江南路5号,江苏省,南京市,鼓楼区,1,1d8734f01a58b89ab25c6ae2
4464,5128,江东新村公寓佳和园-东南门,118.734977,32.036919,江苏省南京市鼓楼区清江南路5号,江苏省,南京市,鼓楼区,1,95670e57d6cce0f3f03cba25
4465,5129,南京市建邺区综合办公区-1幢,118.740276,32.026392,江苏省南京市建邺区南京市建邺区综合办公区1幢,江苏省,南京市,建邺区,1,e66ac34c2c703ed8c72ba15b
4466,5130,恒盈名居,118.746943,32.034714,南京市建邺区集庆门大街200号,江苏省,南京市,建邺区,1,b003619d836876976c47600b
4467,5131,长发都市蓝瑟,118.746882,32.035549,南京市建邺区江东中路87号,江苏省,南京市,建邺区,1,c22c8b7c9320b76d8b2fb5e7
4468,5134,德盈大厦,118.745039,32.033544,南京市建邺区江东中路118号,江苏省,南京市,建邺区,1,46e86fdd67cdc76fd03ce3b0
4469,5135,南京万达广场-万达中心,118.744478,32.03555,江苏省南京市建邺区江东中路100号,江苏省,南京市,建邺区,1,088fa494a6a040c4b817e75e
4470,5136,利德家园,118.747734,32.034689,江苏省南京市建邺区集庆门大街198号,江苏省,南京市,建邺区,1,5c2dc21dc6d53d046ec02cb0
4471,5137,万达西地二街区,118.742393,32.035391,南京市建邺区江东中路106号河西万达广场,江苏省,南京市,建邺区,1,f5e6913e1b672918b2077df4
4472,5138,叠彩丽庭,118.747931,32.035657,南京市建邺区集庆门大街198号,江苏省,南京市,建邺区,1,94b5bb3337330dedb726556e
4473,5139,河西万达广场C座-西门,118.745085,32.034902,南京市建邺区江东中路108号,江苏省,南京市,建邺区,1,6f1e0b386076e26371210b48
4474,5140,南京万达广场丨万达中心D座-南门,118.744375,32.034753,南京市建邺区江东中路112号,江苏省,南京市,建邺区,1,5bd8c3e41cac9c4bb9df8fae
4475,5141,金典社区,118.741572,32.036388,南京市建邺区集庆门大街218号6幢,江苏省,南京市,建邺区,1,ca371b6628315da59868b4a2
4476,5142,万达西地二街区-B区组团,118.742715,32.036035,南京市建邺区江东中路路98号南京万达广场内,江苏省,南京市,建邺区,1,fae0eb5619fbacb6eddfca5a
4477,5143,万和源居,118.744956,32.03212,建邺区江东南路18号,江苏省,南京市,建邺区,1,dbf4d6ee1814602a6ea3ccb0
4478,5144,莺歌苑小区,118.748824,32.034849,江苏省南京市建邺区集庆门大街198号,江苏省,南京市,建邺区,1,b8d26f93cd7a2de87dc8769f
4479,5145,万达西堤,118.742029,32.036,南京市建邺区集庆门大街218号(万达广场),江苏省,南京市,建邺区,1,bf5810a13ba02505d72ce29a
4480,5146,星雨华府(积贤街),118.742358,32.033043,南京市建邺区集庆门大街星雨华府,江苏省,南京市,建邺区,1,939f44cd1cede980260bd00b
4481,5147,银河湾福苑,118.749222,32.036821,江苏省南京市建邺区云锦路88号,江苏省,南京市,建邺区,1,b96836c9ef5267b628d7ab92
4482,5148,河西电信大厦,118.746198,32.039082,江苏省南京市建邺区江东中路49号,江苏省,南京市,建邺区,1,7012a070c9dd50b0246e98a2
4483,5150,万达西地二街区-A区组团,118.7413,32.035943,南京市建邺区江东中路路98号南京万达广场内,江苏省,南京市,建邺区,1,238626ec419433097c29bd6f
4484,5151,鹭鸣苑社区,118.749469,32.032761,南京市建邺区南苑街道云锦路127号,江苏省,南京市,建邺区,1,45636c05633e5c2095f08c0d
4485,5152,群立大厦,118.750015,32.034275,南京市建邺区莫愁湖街道集庆门大街190-2号,江苏省,南京市,建邺区,1,aa40a7835a6d55b28e772798
4486,5153,所街办公大楼,118.746919,32.030856,南京市建邺区江东中路109号,江苏省,南京市,建邺区,1,251f0ccb05bdcf3828d7ab8c
4487,5154,江苏保险综合大厦,118.749551,32.032329,南京市建邺区云锦路129号,江苏省,南京市,建邺区,1,4bc35311a69864f98d77277d
4488,5155,万达小区,118.748815,32.038491,江苏省南京市建邺区江东中路102号,江苏省,南京市,建邺区,1,989da22f54b1bfae9703196e
4489,5156,万达广场西地贰街区-8号楼,118.741389,32.037057,江苏省南京市建邺区汉中门集庆门大街万达广场西地贰街区,江苏省,南京市,建邺区,1,d2925ba62492265b8c1a8973
4490,5157,金街东区,118.751413,32.039778,南京市建邺区云锦路万达金街-东区,江苏省,南京市,建邺区,1,b817eac5d92ce16011882437
4491,5158,银轮花园,118.750382,32.033299,南京市建邺区集庆门大街189号,江苏省,南京市,建邺区,1,56f2f69654f2da800ba8d4b0
4492,5159,南京万达广场·东坊-1栋办公楼,118.749933,32.037782,江苏省南京市建邺区云锦路58号,江苏省,南京市,建邺区,1,442cfa8710dbf60dcae33cd3
4493,5160,万达广场-东坊,118.749208,32.038164,南京市建邺区云锦路58号,江苏省,南京市,建邺区,1,0fb02d233c7c6bf8a0acc4d1
4494,5161,乐基广场,118.747948,32.030396,云锦路169号,江苏省,南京市,建邺区,1,062a743e2f47f785f50e77f0
4495,5163,丹桂居,118.740935,32.030022,江苏省南京市建邺区通江路1号,江苏省,南京市,建邺区,1,25ec69fcb1ef7c7dc36c14b0
4496,5164,湖西庭园,118.755973,32.035365,南京市建邺区湖西街18号,江苏省,南京市,建邺区,1,3a0fbba801b832419fe321b0
4497,5165,湖西村,118.755451,32.034097,南京市建邺区湖西街,江苏省,南京市,建邺区,1,bba87388aecd8ea0bda822b0
4498,5166,玉塘村,118.757629,32.034906,南京市建邺区湖西街与南湖东路交叉路口往东南约100米(湖西庭园东侧约100米),江苏省,南京市,建邺区,1,02c7f5cceb249e5f283a9f63
4499,5167,中北英郡,118.753256,32.034253,集庆门大街168号,江苏省,南京市,建邺区,1,2816ac530e7befd92dfaa756
4500,5168,兆园东小区,118.75685,32.036675,南京市建邺区湖西街兆园2号,江苏省,南京市,建邺区,1,78bd50f76c7d172630870aa0
4501,5169,福园小区,118.755949,32.035775,茶南福园街113-6,江苏省,南京市,建邺区,1,c37ee3d95a962897471a3278
4502,5170,兆园西小区,118.755368,32.036979,江苏省南京市建邺区茶南大街71号,江苏省,南京市,建邺区,1,c8e8f633cb5a5d6caa0dd8b0
4503,5171,品阁,118.754228,32.032756,南京市建邺区集庆门大街155号,江苏省,南京市,建邺区,1,d4f4f6545e04cdc05810937c
4504,5172,天湖园小区(西北门),118.757758,32.036735,南京市建邺区湖西街5号,江苏省,南京市,建邺区,1,565d9b92ec6ec8d3a20464c3
4505,5173,湖西街34号小区-1幢,118.754955,32.031736,江苏省南京市建邺区湖西街34号,江苏省,南京市,建邺区,1,fb9b11d8f5e719188705bfac
4506,5174,明园社区,118.752458,32.038065,南京市建邺区福园街,江苏省,南京市,建邺区,1,631c41570fe2ff7831f71dda
4507,5175,露园小区-南区,118.757102,32.037544,南京市建邺区湖西街与露园街交叉路口往西约70米,江苏省,南京市,建邺区,1,9a8d42225a02b477240bd00e
4508,5176,弘辉缤纷家园,118.752372,32.032932,南京市建邺区集庆门大街169号,江苏省,南京市,建邺区,1,d0f145ceccae781a902ca385
4509,5177,明清园(茶南大街),118.7553,32.038448,露园24幢,江苏省,南京市,建邺区,1,5b25f4468f28b1ea112935b0
4510,5178,新禧家园,118.753665,32.03193,南京市建邺区湖西街44号,江苏省,南京市,建邺区,1,f757e6ee8ce25317270bd0b0
4511,5179,安民村,118.756599,32.031821,南京市建邺区湖西街51号,江苏省,南京市,建邺区,1,74731f2b921815d7e3110359
4512,5180,露园小区,118.756383,32.038471,南京市建邺区露园街8号,江苏省,南京市,建邺区,1,34bc02d24d5ffa07621c67a9
4513,5181,金贸新村,118.758909,32.037077,南京市建邺区莫愁湖街道玉塘街81号,江苏省,南京市,建邺区,1,9ee392b836e33241babd63b3
4514,5182,白鹭花园凤栖苑,118.751324,32.035381,南京市建邺区集庆门大街188号,江苏省,南京市,建邺区,1,d3f5442e908ce440028972fd
4515,5183,仁园小区,118.753658,32.038222,江苏省南京市建邺区水西门大街245号,江苏省,南京市,建邺区,1,0c5c20257e2633142806ce9f
4516,5184,建盛丽庭,118.757515,32.038347,南京市建邺区莫愁湖街道湖西街8号,江苏省,南京市,建邺区,1,34059f9799f4bb5470455bb3
4517,5185,沿河社区(沿河街),118.757291,32.033433,南京市建邺区集庆门大街,江苏省,南京市,建邺区,1,d1469ee79b496262853304b3
4518,5186,凤鸣苑,118.751442,32.032898,南京市建邺区集庆门大街170号,江苏省,南京市,建邺区,1,cc0849a0404ac850950319b0
4519,5187,江苏省淡水水产研究所-宿舍,118.760091,32.034899,南京市建邺区莫愁湖街道茶亭东街79号,江苏省,南京市,建邺区,1,959845eedbdc6efc2fb90844
4520,5190,安康小区(湖西街),118.756598,32.030858,南京市建邺区湖西街51号,江苏省,南京市,建邺区,1,85c41ca331e1250021026200
4521,5192,湖西街小区,118.754498,32.030811,南京市建邺区水西门大街湖西街36号,江苏省,南京市,建邺区,1,3f76d8f00cf52f2cdb131812
4522,5193,蓓蕾村,118.761791,32.035603,南京市建邺区玉塘东街与育英街交叉口东北100米,江苏省,南京市,建邺区,1,3364ebe4af18831326d2bb13
4523,5194,沿河四村,118.758594,32.032536,江苏省南京市建邺区集庆门大街沿河社区(西祠街区南100米),江苏省,南京市,建邺区,1,f5d10de46c402a3df503b885
4524,5195,拓园东小区,118.755332,32.039544,南京市建邺区水西门大街249号,江苏省,南京市,建邺区,1,87248d960f6cb8b32906ceb0
4525,5196,湖心花园,118.759499,32.038518,南京市建邺区水西门大街207号,江苏省,南京市,建邺区,1,4bb049d97a09bd47980050b3
4526,5197,沿河三村,118.759189,32.032172,南京市建邺区沿河街与玉塘东街交叉路口往西南约50米(南京市沿河幼儿园东侧约100米),江苏省,南京市,建邺区,1,80adc8b7cac4e52ee5073868
4527,5198,金地名京,118.752018,32.030822,南京市建邺区云锦路139号,江苏省,南京市,建邺区,1,3fcc6b0fe3b128971de999e8
4528,5199,安国村,118.759257,32.030682,南京市建邺区南湖路22号,江苏省,南京市,建邺区,1,13e736ac94e1cfed471a3250
4529,5200,金街东区,118.751958,32.039631,南京市建邺区水西门大街255号,江苏省,南京市,建邺区,1,f7e71c4b66d05660c33644b6
4530,5201,瑞阳尊邸,118.760111,32.039728,南京市建邺区水西门大街276号,江苏省,南京市,建邺区,1,c91718e44b494efa260bd065
4531,5202,美高美大厦,118.758343,32.039566,南京市建邺区水西门大街213号,江苏省,南京市,建邺区,1,a740c145fb620255e6e965b8
4532,5203,安康村,118.754977,32.030191,南京市建邺区,江苏省,南京市,建邺区,1,ab053a4d5911edd08bfc0689
4533,5204,名郡花园,118.752835,32.033762,南京市建邺区南苑街道集庆门大街170号,江苏省,南京市,建邺区,1,ed3044da4748cab9a7c756cf
4534,5205,兆园-24幢,118.756443,32.035107,江苏省南京市建邺区兆园24幢,江苏省,南京市,建邺区,1,24aca90623873ff76fc02c12
4535,5206,兆园13号楼,118.756832,32.036422,江苏省南京市建邺区兆园东小区(湖西街西),江苏省,南京市,建邺区,1,7282e2ed77aeee9940024518
4536,5209,兆园45-1号,118.754841,32.037521,南京市建邺区露园西街兆园西小区,江苏省,南京市,建邺区,1,ae182c885a765040be4842df
4537,5211,文体村小区,118.765318,32.033714,南京市建邺区南湖东路56号,江苏省,南京市,建邺区,1,fbb0634a79c35ad540afe60a
4538,5212,育英村,118.763881,32.034037,南京市建邺区育英街与南湖路交叉路口向东南约100米,江苏省,南京市,建邺区,1,953139ed3c608040b6147f6f
4539,5213,莫愁新村,118.766934,32.035848,南京市建邺区南湖路7号,江苏省,南京市,建邺区,1,fc767524f67e3cfa4f776eb3
4540,5214,艺苑村,118.764965,32.036613,江苏省南京市建邺区文体西路10号,江苏省,南京市,建邺区,1,35debf295bd89045a6da39c5
4541,5215,南湖东路小区,118.771314,32.03216,南京市建邺区南湖东路70号,江苏省,南京市,建邺区,1,35543be1ae4685b6a2a93442
4542,5216,南湖小区,118.766323,32.037316,湖西街,江苏省,南京市,建邺区,1,4362837d65a14aba7ab55c82
4543,5217,蓓蕾小区,118.762866,32.036214,江苏省南京市建邺区南湖路4号,江苏省,南京市,建邺区,1,81d6a50971cbe5406f20b9b0
4544,5218,西街头小区-7幢,118.767547,32.037035,江苏省南京市建邺区水西门大街7幢,江苏省,南京市,建邺区,1,a676304219f45e89d1ff23d8
4545,5219,自由寓(河西店),118.760408,32.033644,南京市建邺区玉塘东街12号,江苏省,南京市,建邺区,1,d4ce1f0ebb624f73d9d891bf
4546,5220,康福村,118.763569,32.032487,南京市建邺区南湖东路11号,江苏省,南京市,建邺区,1,10e44f42c6f58147631809ac
4547,5221,车站村,118.762286,32.034164,南京市建邺区南湖东路4号,江苏省,南京市,建邺区,1,b5c43155205dc9d0e6e96555
4548,5222,外贸小区,118.764702,32.037868,南京市建邺区水西门大街五洋百货时尚广场,江苏省,南京市,建邺区,1,d257ecc6c776bdb6130daae0
4549,5223,车站小区(育英街),118.762059,32.034541,江苏省南京市建邺区南湖东路4号,江苏省,南京市,建邺区,1,ea4a3dc9aacc5f2e4f5547b3
4550,5224,水西门大街157号大院,118.765301,32.037946,南京市建邺区水西门大街157号,江苏省,南京市,建邺区,1,fe05d5519799ca97223bf22d
4551,5225,利民小区(文体西路),118.765077,32.031867,文体路与水西门大街交叉处,江苏省,南京市,建邺区,1,a868deb7d4f208a025d2bb33
4552,5226,南湖边-76号,118.769243,32.036287,江苏省南京市建邺区南湖边76号,江苏省,南京市,建邺区,1,402531971c8f2989b6f42ff0
4553,5227,玉塘东街四号小区,118.7614,32.035764,江苏省南京市建邺区玉塘东街4号,江苏省,南京市,建邺区,1,3644a5785a74c2b1e115f936
4554,5228,车站南村,118.761243,32.033037,南湖东路20号,江苏省,南京市,建邺区,1,90719a535d062e569d82eac6
4555,5229,迎宾村,118.762377,32.037889,江苏省南京市建邺区南湖路25号,江苏省,南京市,建邺区,1,51664db19b1ffc4f1ee99953
4556,5230,车站南小区-东一门,118.761657,32.03336,南京市建邺区南湖东路与玉塘东街交叉口东南100米,江苏省,南京市,建邺区,1,99ec1ee010d90b0120f017ab
4557,5231,长虹路131号小区,118.769286,32.032539,南京市建邺区长虹路131号,江苏省,南京市,建邺区,1,9fbbfd8c957d5da61288248b
4558,5232,利民东村小区,118.766778,32.031211,文体路与集庆门大街交叉口,江苏省,南京市,建邺区,1,79cceb36c238e1f41f5800a0
4559,5233,长虹路小区,118.773496,32.02896,南京市建邺区长虹路华驿酒店(南京莫愁湖店)南侧约30米,江苏省,南京市,建邺区,1,0b92cf325e73a056441a32ac
4560,5234,园中园公寓,118.763532,32.039513,南京市建邺区水西门大街258号,江苏省,南京市,建邺区,1,05dd7d5f663b9501ac080fb3
4561,5235,茶亭村,118.761017,32.037986,江苏省南京市建邺区玉塘街208-5号,江苏省,南京市,建邺区,1,91c13f93c6376afb21f017c2
4562,5236,东升沿一小区,118.763476,32.03032,江苏省南京市建邺区集庆门大街107号,江苏省,南京市,建邺区,1,ffd6d4035682588f16b54bb3
4563,5237,沿河社区-东区,118.761127,32.031858,南京市建邺区沿河街沿河社区,江苏省,南京市,建邺区,1,9ee7cc78d9ef947017c905b3
4564,5238,沿河二村,118.760869,32.031355,南京市建邺区集庆门大街沿河社区,江苏省,南京市,建邺区,1,8409931d49cd6926f90cadcd
4565,5239,莫园新寓,118.762562,32.039646,南京市建邺区莫园水西门大街226号,江苏省,南京市,建邺区,1,e1f03e5b6582845843ab9aa1
4566,5241,君莱商务中心,118.767228,32.032764,南京市建邺区南湖东路22号,江苏省,南京市,建邺区,1,fd994ad67d6792eb077ce8ea
4567,5242,莫愁大厦,118.769539,32.036922,江苏省南京市建邺区水西门大街101号,江苏省,南京市,建邺区,1,2e00c5dda039a41cd6851fb3
4568,5243,金基广场,118.761315,32.039571,江苏省南京市水西门大街268号,江苏省,南京市,建邺区,1,4ce10ce67ce28cb8441a3229
4569,5244,茶亭东街小区,118.749326,32.041602,南京市建邺区茶亭东街公寓区西南侧约70米,江苏省,南京市,建邺区,1,a96f8052761900929222e0be
4570,5246,建宇大厦,118.775694,32.036831,南京市秦淮区虎踞南路100-102号,江苏省,南京市,秦淮区,1,69fcd6dff7f0d22fcb2915b3
4571,5247,长虹路后街小区-5幢,118.772411,32.03596,江苏省南京市建邺区长虹路后街小区5幢,江苏省,南京市,建邺区,1,007689bea44712f94e776e39
4572,5248,升州商务大楼,118.777869,32.034676,南京市秦淮区升州路385号,江苏省,南京市,秦淮区,1,0adce3e292a5e86181a00ca8
4573,5249,新银都现代家庭商务广场,118.778017,32.036425,南京市秦淮区水西门大街2号,江苏省,南京市,秦淮区,1,bbc10e6244f0dc9557bfff38
4574,5250,水西门大街57号小区-西门,118.773457,32.03625,南京市建邺区西水门大街57号,江苏省,南京市,建邺区,1,a33649e9e1c08f863904b124
4575,5251,来凤街社区,118.776959,32.028412,南京市秦淮区菱角市66号43号楼二楼(桃园人家正对面、逆鳞楼上),江苏省,南京市,秦淮区,1,027ba202adff433e26e0a0e6
4576,5252,韩家苑小区,118.777328,32.037032,南京市秦淮区莫愁路97号,江苏省,南京市,秦淮区,1,ef773a0fc8f39e3422022045
4577,5253,左邻风度,118.774087,32.03755,南京市建邺区莫愁湖东路6号,江苏省,南京市,建邺区,1,91c13f9353e7e7fa20f017b3
4578,5255,长虹路三九五九巷小区(碧虹苑西南),118.773004,32.034433,南京市建邺区长虹路53号,江苏省,南京市,建邺区,1,e76e0631ee0be7794054d717
4579,5256,西关头物业管理区,118.776267,32.033289,江苏省南京市秦淮区凤台路16-21号物业管理区3幢,江苏省,南京市,秦淮区,1,19efb5cbb3f082322fb96d67
4580,5257,紫金(秦淮)科技创业特别社区,118.775945,32.032266,南京市秦淮区凤台路西关头西3门南侧约50米,江苏省,南京市,秦淮区,1,1ed5fc6362bb82b9c5effbbd
4581,5258,金陵商贸服务中心,118.77873,32.034208,南京市秦淮区升州路355号,江苏省,南京市,秦淮区,1,d2ab6a9b92bd1b38e5e965c3
4582,5259,碧虹苑,118.772312,32.034176,南京市建邺区长虹路49号,江苏省,南京市,建邺区,1,e889a7448de748b58705bfb0
4583,5260,南京社会保障服务大楼,118.77249,32.036536,江苏省南京市建邺区水西门大街73号,江苏省,南京市,建邺区,1,f66ab4e8cdd0e5d8270bd0e4
4584,5261,建邺大厦(水西门大街),118.772829,32.037404,江苏省南京市建邺区水西门大街58号,江苏省,南京市,建邺区,1,75d0881a2ad6ed4d3b04b1b0
4585,5262,长虹路后街小区-力生大厦,118.772071,32.036647,南京市建邺区水西门大街77号,江苏省,南京市,建邺区,1,c5ddcc082291c7c6d91318b3
4586,5264,仓巷39-45大院,118.779453,32.035937,南京市秦淮区朝天宫街道升州路488号,江苏省,南京市,秦淮区,1,f8fb2a858d761bba3a04b1fa
4587,5265,长虹路后街小区,118.771509,32.035974,江苏省南京市建邺区水西门大街85-4号,江苏省,南京市,建邺区,1,b292b3aa526c9756bf4842b3
4588,5266,水西门大街276号,118.759908,32.039696,江苏省南京市建邺区水西门大街276号,江苏省,南京市,建邺区,1,f7d858ad3a367b5512882432
4589,5267,南京市建邺区房屋征收管理办公室,118.775581,32.038806,南京市秦淮区虎踞南路86号南京德洋商贸中心,江苏省,南京市,秦淮区,1,41be8f778011c0d9b817e7e5
4590,5268,小庄子-67号,118.771185,32.035882,南京市建邺区南湖边长虹路后街小区,江苏省,南京市,建邺区,1,307ff2f6c4468e2db6147f3e
4591,5269,莫愁东寓小区,118.774083,32.038794,南京市建邺区莫愁湖东路12号,江苏省,南京市,建邺区,1,0a46dc0faeb349233062126c
4592,5270,小庄子-66号,118.770993,32.035769,南京市建邺区小庄子66号长虹路后街小区,江苏省,南京市,建邺区,1,c49c5c4f1cdf4aa50e3ddaaa
4593,5271,小庄子-68号,118.771011,32.035922,南京市建邺区南湖边长虹路后街小区,江苏省,南京市,建邺区,1,23abae835f949b2b80288a58
4594,5272,小庄子-69号,118.770998,32.035981,南京市建邺区南湖边长虹路后街小区,江苏省,南京市,建邺区,1,bba54d6de57faba48bb988ef
4595,5273,小庄子-60号,118.77078,32.036108,南京市建邺区南湖边长虹路后街小区,江苏省,南京市,建邺区,1,ced2e08bee88dc40fbf0cba9
4596,5274,小庄子-64号,118.770686,32.035782,南京市建邺区南湖边长虹路后街小区,江苏省,南京市,建邺区,1,2ba966165ec41613b020a80e
4597,5275,水西门大街87号,118.771032,32.036633,江苏省南京市建邺区水西门大街87幢,江苏省,南京市,建邺区,1,22836b4713f9d78df03cbac3
4598,5276,小庄子-61号,118.770653,32.036067,江苏省南京市建邺区小庄子61号,江苏省,南京市,建邺区,1,ecdfc8c753306f7b72210bd8
4599,5277,通宇花园,118.7766,32.039599,南京市秦淮区西止马营48号,江苏省,南京市,秦淮区,1,003701d9524223ba9b68b4b7
4600,5278,牌坊街小区,118.771965,32.038376,江苏省南京市建邺区莫愁湖东路35号,江苏省,南京市,建邺区,1,8f58b1d2c45bf37e5bf6be4f
4601,5279,君园,118.773828,32.03932,南京市建邺区莫愁湖街道莫愁湖东路16号,江苏省,南京市,建邺区,1,4ea3f2f16acaf5aaafcb66b3
4602,5281,欢喜城招商中心,118.773074,32.032996,江苏南京市建邺区长虹路105号,江苏省,南京市,建邺区,1,3db8f895913411efa2d2304d
4603,5283,名湖雅居,118.771761,32.038702,南京市建邺区莫愁湖东路9-13号,江苏省,南京市,建邺区,1,b3e2ae956f9b303294ec84d9
4604,5284,凤凰峨眉小区,118.77136,32.032256,江苏省南京市建邺区长虹路199号,江苏省,南京市,建邺区,1,d36fc6cc63d0ef980c0a70b0
4605,5286,天一居,118.780166,32.037984,南京市秦淮区丁家巷8号,江苏省,南京市,秦淮区,1,ff7691d0f92644c8a204645c
4606,5287,桃园人家,118.779419,32.031865,江苏省南京市秦淮区柳叶街133号,江苏省,南京市,秦淮区,1,53349ee3a380eb6e230262a8
4607,5288,菱角市小区,118.778445,32.030792,江苏省南京市秦淮区来凤街93号,江苏省,南京市,秦淮区,1,c6f85db6feba5c2121026245
4608,5291,集庆门来风街,118.778243,32.030307,南京市秦淮区来凤街菱角市小区,江苏省,南京市,秦淮区,1,aaecca066912577e1b11d5cb
4609,5292,毛家苑-35号,118.778445,32.030463,南京市秦淮区菱角市小区西门,江苏省,南京市,秦淮区,1,bf87ac072b4a8a326f476083
4610,5294,定做冷库鱼缸制冷空调维修,118.777179,32.01463,南京市秦淮区应天大街中国石化(南京集合村加油站)东侧约90米,江苏省,南京市,秦淮区,1,0c6e8c8321d5c7682902e13b
4611,5295,评事街小区,118.785381,32.034837,南京市秦淮区千章巷14号,江苏省,南京市,秦淮区,1,2c2059b4d8740989fb2d6122
4612,5296,红土桥-30号,118.784775,32.034739,江苏省南京市秦淮区红土桥30号,江苏省,南京市,秦淮区,1,db1f0634c90ddbd6c0364423
4613,5297,红土桥-28号,118.784675,32.034442,江苏省南京市秦淮区红土桥28号,江苏省,南京市,秦淮区,1,eae2e5438e71303cc16c1427
4614,5298,金鼎国际,118.785218,32.036497,江苏省南京市秦淮区鼎新路88号(鼎新大厦东南侧),江苏省,南京市,秦淮区,1,222cfe47a90f4d9abd484232
4615,5300,红士桥-22号,118.784548,32.03409,江苏省南京市秦淮区红士桥22号,江苏省,南京市,秦淮区,1,9337121e2cc36ccb1d5800be
4616,5301,踹布坊-21号,118.787072,32.03496,江苏省南京市秦淮区踹布坊21号,江苏省,南京市,秦淮区,1,7973bf51369205707369d312
4617,5302,绒庄新村小区,118.787614,32.035673,南京市秦淮区评事街208号,江苏省,南京市,秦淮区,1,8ab0dfc428ed9f16d8eced45
4618,5303,大常巷,118.782773,32.035992,南京市秦淮区大常巷2号,江苏省,南京市,秦淮区,1,a40244257d766b688605bfb2
4619,5304,鼎新苑,118.783227,32.036278,南京市秦淮区鼎新路35号,江苏省,南京市,秦淮区,1,75c22facb7e9fb2033f71d9d
4620,5305,金鼎湾-东门,118.783288,32.036753,江苏省南京市秦淮区鼎新路99号,江苏省,南京市,秦淮区,1,f5340968eec72117b020a8fe
4621,5306,鸿信大厦,118.78672,32.037402,建邺路98-100号,江苏省,南京市,秦淮区,1,606289fd79ff1f4da2046444
4622,5307,创联商务中心,118.78719,32.037598,南京市秦淮区建邺路98号8楼,江苏省,南京市,秦淮区,1,0c771bcff1b79224ca09f06d
4623,5309,建邺商务中心,118.788319,32.03679,南京市秦淮区建邺路80-3号,江苏省,南京市,秦淮区,1,341c35de34755abee6073844
4624,5310,明瓦廊小区,118.787163,32.037567,南京市秦淮区木料市鸿信大厦,江苏省,南京市,秦淮区,1,1fc29f3f0b35b86cab059d4d
4625,5311,天安·恒隆花园,118.782862,32.033507,南京市秦淮区鼎新路1号,江苏省,南京市,秦淮区,1,0dc3d82d2ef8df1175e5b66d
4626,5312,福祥公寓,118.78836,32.0342,南京市秦淮区白衣庵11号、15号,江苏省,南京市,秦淮区,1,dbbf2e7d932b4890b5f42f1e
4627,5313,古钵营小区,118.788412,32.034226,秦淮古钵营巷9号,江苏省,南京市,秦淮区,1,14120d56b9c0bca4df1e5200
4628,5314,福祥大厦,118.788217,32.033779,南京市秦淮区白衣庵17号,江苏省,南京市,秦淮区,1,baddf8881d47afda40ab9a9b
4629,5315,内桥湾小区,118.789039,32.035374,江苏省南京市秦淮区绒庄街72号附近,江苏省,南京市,秦淮区,1,5ce2637d4051f851ae31e545
4630,5316,华信公寓,118.788098,32.033391,南京市秦淮区中山南路白衣庵27号,江苏省,南京市,秦淮区,1,19b52c0c5847388a4bcc4a0b
4631,5317,七家湾-84号楼,118.782766,32.03753,南京市秦淮区七家湾鼎新大厦,江苏省,南京市,秦淮区,1,20bfca4be0981b1428d7abae
4632,5318,金苑银府,118.787398,32.038216,江苏省南京市秦淮区建邺路92号,江苏省,南京市,秦淮区,1,585e903e1b17990a4107c16e
4633,5319,朗诗熙园,118.786041,32.038731,南京市秦淮区丰富路18号,江苏省,南京市,秦淮区,1,1e726ca0b1602800a11de9b4
4634,5320,鼎新大厦,118.782732,32.037586,江苏省南京市秦淮区七家湾84号,江苏省,南京市,秦淮区,1,cda21a8c11405b9d43e192ad
4635,5321,程善坊-1号,118.784629,32.032154,江苏省南京市秦淮区程善坊1号,江苏省,南京市,秦淮区,1,a73f83ff10b8001d2ce67b64
4636,5322,程善坊-3号,118.784751,32.03213,江苏省南京市秦淮区程善坊3号,江苏省,南京市,秦淮区,1,2147cfc594e7ce93b7f42ff2
4637,5323,南京电力电容商务中心,118.782957,32.032373,南京市秦淮区升州路292号a楼,江苏省,南京市,秦淮区,1,7ef543fe0cfa0f3e07fef5f5
4638,5324,城市之星停车场门卫室,118.78463,32.031912,江苏省南京市秦淮区升州路228号901号,江苏省,南京市,秦淮区,1,68d278bade06c8504f3a59da
4639,5325,七家湾-98号,118.782373,32.037772,江苏省南京市秦淮区七家湾98号,江苏省,南京市,秦淮区,1,9119a1ac61cd6d70130daa8c
4640,5326,东沛大厦,118.782145,32.037999,江苏省南京市秦淮区建邺路199号,江苏省,南京市,秦淮区,1,637df60a66537c0c40afe6dd
4641,5327,建邺路住宅小区,118.789116,32.037265,南京市秦淮区建邺路76-5临,江苏省,南京市,秦淮区,1,a3e8341cb98552954afd3f45
4642,5328,七家湾-88号,118.782026,32.037473,江苏省南京市秦淮区七家湾88号,江苏省,南京市,秦淮区,1,1e4746086365dc296140a9af
4643,5329,同坤大厦,118.789795,32.034406,江苏省南京市秦淮区中山南路360号,江苏省,南京市,秦淮区,1,750ec165da19b6554d3a5982
4644,5330,聚缘阁(南捕厅),118.788278,32.03274,江苏省南京市秦淮区中山南路398号熙南里南捕厅17号,江苏省,南京市,秦淮区,1,6551a7b76da17a44c9fa5fbc
4645,5331,亚东名座,118.789404,32.033845,南京市秦淮区中山南路368号,江苏省,南京市,秦淮区,1,2e7158162ce0b0791288248a
4646,5332,万科安品园舍,118.781512,32.036155,江苏省南京市秦淮区安品街86号,江苏省,南京市,秦淮区,1,fd79fb0bcf29beb1a21de96f
4647,5333,七家湾-96号,118.782164,32.037886,南京市秦淮区建邺路199号,江苏省,南京市,秦淮区,1,130589e9ae2ca6ece2110381
4648,5334,张府园小区-西区,118.788729,32.038302,江苏省南京市秦淮区张府园34～74,江苏省,南京市,秦淮区,1,4909afde37d6c95a72210bb7
4649,5335,外贸大厦,118.780633,32.035122,朝天宫街道登隆巷19号,江苏省,南京市,秦淮区,1,da90d46a1624754d6fa3cc99
4650,5336,瑜蔓宏逸商务楼,118.78521,32.03103,南京市秦淮区升州路161号,江苏省,南京市,秦淮区,1,6745e3fae4467d6d6140a93d
4651,5337,张府园小区,118.789636,32.038159,南京市秦淮区中山南路289号,江苏省,南京市,秦淮区,1,e3a7fd13a2f7254b29b97cf7
4652,5338,江隆邨,118.780535,32.035115,南京市秦淮区朝天宫街道登隆巷19号,江苏省,南京市,秦淮区,1,b60aa2873daebc1788fc0612
4653,5339,魔方公寓(升州路店),118.781303,32.032829,江苏省南京市秦淮区升州路289号,江苏省,南京市,秦淮区,1,75f1252006ba6aaf7adbd262
4654,5341,南通大楼,118.781228,32.037773,江苏南京市秦淮区建邺路仓巷120号,江苏省,南京市,秦淮区,1,1a512062bff439ca05fef543
4655,5342,南捕厅-21号,118.787818,32.032678,江苏省南京市秦淮区南捕厅21号,江苏省,南京市,秦淮区,1,6a285af67670b4de40ab9a5d
4656,5343,渡船口小区,118.782545,32.031935,秦淮区升州路仙鹤街渡船口1-3号,江苏省,南京市,秦淮区,1,8d274d5e5dfffcb7eb1e971f
4657,5344,大香炉-32号,118.788093,32.03896,江苏省南京市秦淮区大香炉32号,江苏省,南京市,秦淮区,1,5d94091fd80ed0c1cf06a48d
4658,5345,秦淮区住建局,118.78997,32.022891,南京市秦淮区中华路465号秦淮区中华路办公楼,江苏省,南京市,秦淮区,1,71f1284c72691557bd484261
4659,5347,交通设计大厦,118.79001,32.037653,南京市秦淮区张府园南京互联网金融中心,江苏省,南京市,秦淮区,1,d387758c94232f9d95ca0710
4660,5348,曹都巷小区,118.787186,32.039757,南京市秦淮区曹都巷45号,江苏省,南京市,秦淮区,1,9ee7cc78d985947016c90545
4661,5349,建全大厦,118.786188,32.030739,南京市秦淮区升州路127-9号,江苏省,南京市,秦淮区,1,cc788fde2cf4068a89fc06a8
4662,5350,互联网金融大厦,118.790286,32.037535,南京市秦淮区中山南路342号,江苏省,南京市,秦淮区,1,059ba1341a3d12fb593ac8e0
4663,5351,交通设计大厦-西门,118.789648,32.037636,江苏省南京市秦淮区中山南路张府园小区南(天盛大酒店西南),江苏省,南京市,秦淮区,1,3f9891415597d453fb221324
4664,5352,江苏苏贸大厦,118.790002,32.038704,南京市秦淮区中山南路288号,江苏省,南京市,秦淮区,1,d0b8923f1d3bf59fb4f42fa0
4665,5353,南京砂珠巷小区(日租公寓),118.789567,32.030751,中山南路砂珠巷小区(近升州路),江苏省,南京市,秦淮区,1,1c78d93faf29764d2cb17edc
4666,5354,瑞华大厦,118.789642,32.032041,南京市秦淮区中山南路315号,江苏省,南京市,秦淮区,1,3f9337d6691a31b3f7231044
4667,5356,中国工商银行江苏省分行营业部出国金融服务中心,118.787743,32.02942,江苏省南京市秦淮区中山南路408号,江苏省,南京市,秦淮区,1,179640bb65065d905b109351
4668,5357,大香炉,118.788479,32.039499,南京市秦淮区洪公祠42号,江苏省,南京市,秦淮区,1,036e6a72034c4fa02102620e
4669,5358,玉带园小区,118.784162,32.03074,南京市秦淮区升州路179-4号,江苏省,南京市,秦淮区,1,a3f21eee987ea1442eb17ea8
4670,5359,小王府-16号,118.784447,32.040334,江苏省南京市秦淮区小王府16号,江苏省,南京市,秦淮区,1,1b1e71b80235e80d17764369
4671,5360,中国建设银行,118.784607,32.031328,南京市秦淮区升州路玉带园小区北门西北侧,江苏省,南京市,秦淮区,1,d50a298e4acc8152a8f0cdaa
4672,5361,中国农业银行(南京来凤街分理处),118.778069,32.031623,江苏省南京市秦淮区菱角市66号,江苏省,南京市,秦淮区,1,4c850768f62577c59de3216c
4673,5362,南京洪宇商务中心,118.795514,32.035233,南京市秦淮区白下路111号,江苏省,南京市,秦淮区,1,341c35de89b0f5bde6073805
4674,5363,洪宇大厦,118.795502,32.035434,江苏省南京市秦淮区白下路113号斯亚首府对面,江苏省,南京市,秦淮区,1,8ab827372238426b1e58004d
4675,5364,白下路99号小区,118.794664,32.035401,南京市秦淮区白下路99号,江苏省,南京市,秦淮区,1,a1bd015ddc4fc2b838e4a642
4676,5365,斯亚·首府,118.795287,32.034768,南京市秦淮区白下路166号(白下路与太平南路交界处),江苏省,南京市,秦淮区,1,eceb7c0c49e6dcc529b97cf1
4677,5366,糖果公寓,118.79449,32.03498,南京市秦淮区白下路128-1号,江苏省,南京市,秦淮区,1,32b29c81b020a44771210b4e
4678,5367,汇鸿大厦(广艺街),118.794189,32.035842,南京市秦淮区白下路87号,江苏省,南京市,秦淮区,1,bb1d38e4c36be54d0c0a7044
4679,5369,金盾公寓(广艺街),118.795245,32.036723,南京市秦淮区广艺街8号,江苏省,南京市,秦淮区,1,5e53af1a7630185f4151c045
4680,5370,白下路住宅,118.799096,32.034441,南京市秦淮区白下路201号,江苏省,南京市,秦淮区,1,a447c6cbb5d5f18dbbdf8f75
4681,5371,中华公寓,118.793833,32.034973,南京市秦淮区白下路128号,江苏省,南京市,秦淮区,1,3dc9befda1ce5e16bea24044
4682,5372,白下路153号院,118.796735,32.035234,南京市秦淮区白下路153号,江苏省,南京市,秦淮区,1,8f3504bc699ef365d72ce2c9
4683,5373,西一新村高层,118.796015,32.033185,南京市秦淮区洪武路街道太平南路四象桥西一巷,江苏省,南京市,秦淮区,1,3f826ed3e561b846d1f49e45
4684,5374,太平路394号院-南楼,118.796983,32.036108,南京市秦淮区太平路394号南楼,江苏省,南京市,秦淮区,1,b9204964e9d68f569de3215b
4685,5375,金宝花园,118.79413,32.036858,南京市秦淮区洪武路333号,江苏省,南京市,秦淮区,1,f5e3bcae2fa317c15e17c345
4686,5376,东王府园-90号,118.794385,32.034003,江苏省南京市秦淮区东王府园90号,江苏省,南京市,秦淮区,1,9f9d72556945ef6ac9fa5f07
4687,5377,福鑫国际大厦,118.793286,32.036084,南京市秦淮区洪武路359号,江苏省,南京市,秦淮区,1,cd9d05dd700007af85420e59
4688,5378,凤凰和睿大厦,118.797786,32.035348,太平南路389号,江苏省,南京市,秦淮区,1,321296aa3a1a03ae8bfc0613
4689,5379,龙吟大厦(洪武路),118.793199,32.036752,南京市秦淮区洪武路357号龙吟大厦,江苏省,南京市,秦淮区,1,63c59b1d23a905df0d3dda7c
4690,5380,博苑综合楼住宅区,118.793515,32.037878,西方路26号,江苏省,南京市,秦淮区,1,0e7ed33073181f5a5bf6be36
4691,5381,观城国际,118.792998,32.034487,江苏省南京市秦淮区中华路1号,江苏省,南京市,秦淮区,1,0b94455ad73d49f7770269a6
4692,5382,洪武高层,118.794588,32.037781,江苏省南京市秦淮区火瓦巷3~7号,江苏省,南京市,秦淮区,1,7c5e480b5d8bb8b4adb22a45
4693,5383,粮食大厦,118.797996,32.036088,江苏省南京市秦淮区太平南路371号,江苏省,南京市,秦淮区,1,e30bdfa865ea8d2c75026989
4694,5384,五马街小区,118.797517,32.03408,白下路228号,江苏省,南京市,秦淮区,1,55fa2c0b3c9e342d1ce99945
4695,5386,天元大厦(白下路),118.792449,32.035846,江苏省南京市秦淮区洪武路396号,江苏省,南京市,秦淮区,1,e46fbc753de33d46f5eafc4f
4696,5387,火瓦巷28号院-1栋,118.79523,32.03814,南京市秦淮区火瓦巷28号1栋,江苏省,南京市,秦淮区,1,97ba31536532ac34a3d23045
4697,5388,外贸公寓,118.79655,32.037957,南京市秦淮区火瓦巷26-3号,江苏省,南京市,秦淮区,1,901157b7ea35e6a03010aff1
4698,5389,邀贵井小区,118.797342,32.032846,南京市秦淮区邀贵井,江苏省,南京市,秦淮区,1,291936091f148609dc1e52b5
4699,5390,王府园小区,118.793573,32.033154,南京市秦淮区慧园街24号,江苏省,南京市,秦淮区,1,8eb48fa1044b64a7f32d8318
4700,5391,苏发大厦,118.792581,32.036981,南京市秦淮区洪武路336-342号,江苏省,南京市,秦淮区,1,2a7a25ec01a03b636c3e1b44
4701,5392,水晶街超妍,118.811998,32.032388,江苏省南京市秦淮区大光路118号东苑9栋3楼102室,江苏省,南京市,秦淮区,1,01619e9823ae3a3cabf729e7
4702,5393,龙王庙小区,118.795093,32.038352,南京市秦淮区小火瓦巷37号,江苏省,南京市,秦淮区,1,a101ae83b25f1cb115c905bd
4703,5394,西一巷-A幢,118.796115,32.032522,江苏省南京市秦淮区西一巷A幢,江苏省,南京市,秦淮区,1,a7f6a44a4d6febe7b320a8a6
4704,5395,六中老师宿舍,118.798693,32.035675,南京市秦淮区马府街16号南京超妍2幢,江苏省,南京市,秦淮区,1,02b76baf7bf5ec168605bf30
4705,5396,万里商务中心,118.791614,32.0363,江苏省南京市秦淮区白下路9号,江苏省,南京市,秦淮区,1,4642844a4d0020a5c8fa5f92
4706,5397,麟和里-17号,118.798349,32.037094,江苏省南京市秦淮区麟和里17号,江苏省,南京市,秦淮区,1,d2dec70de3dd8be2d32dd6b9
4707,5399,金陵御景园商务大厦,118.798355,32.037573,南京市秦淮区太平南路333号,江苏省,南京市,秦淮区,1,fa7da3e8b940d86242d63e44
4708,5400,马府街16号,118.798895,32.035607,南京市秦淮区马府街16号,江苏省,南京市,秦淮区,1,b89d2593e0f52f794107c130
4709,5401,银达雅居,118.791862,32.034788,南京市秦淮区中华路８号,江苏省,南京市,秦淮区,1,c7fb04bd0af8d015fa0cad45
4710,5402,宁中里,118.792042,32.037104,厅后街5号,江苏省,南京市,秦淮区,1,f88af93f0a10b17726e0a04b
4711,5403,娃娃桥,118.798844,32.036932,太平南路263号,江苏省,南京市,秦淮区,1,4946990e29c04987a8f729e7
4712,5404,中华广场-1号楼,118.792641,32.03318,江苏省南京市秦淮区中华路1号,江苏省,南京市,秦淮区,1,f76ce094f54cf3344e2fdf54
4713,5405,长江都市地面停车场,118.792491,32.037546,江苏省南京市秦淮区洪武路328号,江苏省,南京市,秦淮区,1,7d10385f17f6dee54557264b
4714,5406,白下路2号商贸楼,118.791517,32.035405,南京市秦淮区白下路2号,江苏省,南京市,秦淮区,1,ace16c841e5f348240ab9ad2
4715,5407,洪武公寓,118.794145,32.038755,洪武路293~297号,江苏省,南京市,秦淮区,1,750ec165ba3e16564d3a59a0
4716,5408,小火瓦巷1号商务楼,118.798024,32.038422,南京市秦淮区太平南路330号,江苏省,南京市,秦淮区,1,5b91f17e764fbea1d8ecedbc
4717,5409,中国银行江苏分行家属院,118.792206,32.037921,南京市秦淮区九条巷6号,江苏省,南京市,秦淮区,1,c48106c1e66e870e4002454c
4718,5410,白下路185号院-2幢,118.799415,32.035079,江苏省南京市秦淮区白下路185号院2幢,江苏省,南京市,秦淮区,1,99546481be2bb6ce9ff77989
4719,5411,白下路260号小区,118.799327,32.034147,白下路260号,江苏省,南京市,秦淮区,1,c3a56818febfbe7c28d7abc2
4720,5412,邀贵井-17号,118.797066,32.03312,江苏省南京市秦淮区邀贵井17号,江苏省,南京市,秦淮区,1,2ffec94f01f678ea1de999a5
4721,5413,慧园里-29号,118.79458,32.032583,江苏省南京市秦淮区慧园里29号,江苏省,南京市,秦淮区,1,e006c0b4656999b9cf06a44c
4722,5414,慧园里-35号,118.794796,32.0332,江苏省南京市秦淮区慧园里35号,江苏省,南京市,秦淮区,1,686f633297bc8ae0465726a3
4723,5415,慧园里-25号,118.794598,32.032419,江苏省南京市秦淮区慧园里25号,江苏省,南京市,秦淮区,1,dbe7a9cb2e0170ad9f09f718
4724,5416,慧园里-27号,118.794519,32.032379,江苏省南京市秦淮区慧园里27号,江苏省,南京市,秦淮区,1,6bdbec259bcd02e03a13fd31
4725,5417,慧园里-28号,118.794349,32.032339,江苏省南京市秦淮区慧园里28号,江苏省,南京市,秦淮区,1,e733d715ec72c6224afd3fc0
4726,5418,龙王庙-3号,118.795753,32.03875,江苏省南京市秦淮区龙王庙3号,江苏省,南京市,秦淮区,1,e4afb45500e0ea1a82a12e6c
4727,5419,慧园里-23号,118.794508,32.032208,江苏省南京市秦淮区慧园里23号,江苏省,南京市,秦淮区,1,0bfd97c791076c472fb90886
4728,5420,宁中里-3号,118.791722,32.036822,江苏省南京市秦淮区宁中里3号,江苏省,南京市,秦淮区,1,f7dd91eb4d251cb7d3ff23d8
4729,5421,宁中里-4号,118.791738,32.036909,江苏省南京市秦淮区宁中里4号,江苏省,南京市,秦淮区,1,743d41ec047aae7aab059d1c
4730,5422,慧园里-22号,118.794432,32.032101,江苏省南京市秦淮区慧园里22号,江苏省,南京市,秦淮区,1,d32c404edb2a6be9a2a934c0
4731,5423,慧园里,118.794498,32.032326,江苏省南京市秦淮区慧园里,江苏省,南京市,秦淮区,1,231deded39714a27c16c14c5
4732,5424,慧园里-21号,118.794508,32.032136,江苏省南京市秦淮区慧园里21号,江苏省,南京市,秦淮区,1,de2626cda80ee67507fef506
4733,5425,慧园里-20号,118.794557,32.032068,江苏省南京市秦淮区慧园里20号,江苏省,南京市,秦淮区,1,f8b780351fb1f6fe6ca3cc41
4734,5426,中苑(小火瓦巷),118.797416,32.038784,江苏省南京市秦淮区小火瓦巷7号,江苏省,南京市,秦淮区,1,a6b28d8ef7b412030aa8d453
4735,5429,慧园里-36号,118.794432,32.033141,江苏省南京市秦淮区慧园里36号,江苏省,南京市,秦淮区,1,4ed967530009070a14948ec9
4736,5430,江苏银行总部大厦,118.791773,32.03397,江苏省南京市秦淮区中华路26号,江苏省,南京市,秦淮区,1,8addc1e24cce86af714b87c4
4737,5432,九条巷-6号院,118.792136,32.037669,南京市秦淮区九条巷6号,江苏省,南京市,秦淮区,1,4fcac98c19326b3f6f4760f2
4738,5433,中检大厦(白下路),118.791062,32.035998,江苏省南京市秦淮区白下路1号,江苏省,南京市,秦淮区,1,1bf85b25731ae4a4a1a93444
4739,5434,森林警察学院家属大院,118.792756,32.03846,南京市秦淮区洪武路320号,江苏省,南京市,秦淮区,1,b90b294f569551b91df74ddf
4740,5436,慧园里-32号,118.794749,32.032777,江苏省南京市秦淮区慧园里32号,江苏省,南京市,秦淮区,1,602e0a27f19f138d17948e45
4741,5437,儒林雅居,118.798537,32.032782,江苏省南京市秦淮区太平南路邀贵井2-3号(拉斯维加斯旁),江苏省,南京市,秦淮区,1,34f68ab0609f7b0a8f55ec45
4742,5440,小火瓦巷1号商务楼B座-北门,118.79809,32.038864,南京市秦淮区太平南路与太平巷交叉口西50米,江苏省,南京市,秦淮区,1,8b70a16a7c518460b8bd63db
4743,5441,儒林雅居-北区,118.798444,32.033244,南京市秦淮区西八府塘30号,江苏省,南京市,秦淮区,1,7cb17b746062f5dd4f6d46d0
4744,5443,慧园街四号小区,118.795569,32.031604,南京市秦淮区慧园街4号,江苏省,南京市,秦淮区,1,3f8b16bc7870ecf6f03cba23
4745,5446,慧园里-8号,118.794548,32.031642,江苏省南京市秦淮区慧园里8号,江苏省,南京市,秦淮区,1,c83d219cf00ac82e81288a77
4746,5447,太平南路516号院,118.795895,32.031625,南京市秦淮区太平南路慧园街四号,江苏省,南京市,秦淮区,1,8969f74b62347c91af045738
4747,5448,刘公巷小区,118.796737,32.031687,南京市秦淮区太平南路549号,江苏省,南京市,秦淮区,1,76000afb7c9e276d71455b0e
4748,5449,洪武大厦,118.79403,32.039411,南京市秦淮区洪武路267号,江苏省,南京市,秦淮区,1,fd007c5e3250c96ca8f72945
4749,5453,南京桃源村大厦,118.799938,32.034065,南京市秦淮区白下路264号,江苏省,南京市,秦淮区,1,79cceb36f073d3881e580073
4750,5454,扬剧团宿舍,118.80204,32.039724,南京市秦淮区洪武路街道常府街34号标13号扬剧团宿舍,江苏省,南京市,秦淮区,1,6a110d8754138c50ca213d70
4751,5455,八条巷小区,118.791147,32.038929,江苏省南京市秦淮区新街口八条巷小区,江苏省,南京市,秦淮区,1,6d3dec7a0576fe50b54f54ae
4752,5456,江苏省京剧院家属院,118.796303,32.039686,南京市秦淮区小火瓦巷20号,江苏省,南京市,秦淮区,1,16812ac9c6e95dda96ca0740
4753,5457,江苏国际经贸大厦,118.791386,32.032645,南京市秦淮区中华路50号,江苏省,南京市,秦淮区,1,4cf8d24e02b7ede49cf77944
4754,5458,西八府塘-30号,118.799395,32.032945,江苏省南京市秦淮区西八府塘30号,江苏省,南京市,秦淮区,1,5a51d56f7dfa0dbfa1d23069
4755,5459,益乐村小区,118.794798,32.039957,南京市秦淮区小火瓦巷76号,江苏省,南京市,秦淮区,1,f4a33da9fba825093010af45
4756,5460,八方公寓,118.792083,32.039021,江苏省南京市秦淮区八条巷2号,江苏省,南京市,秦淮区,1,ccf31f90d03c561a0c0e6b26
4757,5461,王府东苑,118.794456,32.030913,江苏省南京市秦淮区慧园街23号,江苏省,南京市,秦淮区,1,be1ea5efb5545abf14948e45
4758,5462,王府西苑小区,118.793366,32.031238,南京市秦淮区旧王府王府园小区-南园,江苏省,南京市,秦淮区,1,16a5f1959ff8c129f822139e
4759,5463,弘业大厦,118.791072,32.032295,南京市秦淮区中华路50号,江苏省,南京市,秦淮区,1,f9fd6062b1a1a31f0f0e6b44
4760,5465,盛天大厦,118.790973,32.03855,中山南路239号,江苏省,南京市,秦淮区,1,f696f3c25d18de951a11d5bb
4761,5467,综合办公写字楼,118.791637,32.031752,南京市秦淮区中华路110号,江苏省,南京市,秦淮区,1,04db76719c4cc157c8213d7d
4762,5468,东部战区空军医院,118.804538,32.035905,南京市秦淮区马路街1号,江苏省,南京市,秦淮区,1,c8e8f633393e8f75aa0dd8a4
4763,5469,琥珀巷高层,118.80628,32.03349,南京市秦淮区白下路295号,江苏省,南京市,秦淮区,1,3bbbde57148d055fcae33c30
4764,5470,棉鞋营小区,118.806831,32.037086,南京市秦淮区马路街38号,江苏省,南京市,秦淮区,1,06e781ae1ab51e2d631c6774
4765,5471,复兴巷5-3号临,118.804043,32.034491,南京市秦淮区复兴巷东部战区空军医院南侧约60米,江苏省,南京市,秦淮区,1,489c61d6ebecb88c077ce8c5
4766,5472,申家巷48号小区,118.802156,32.036435,申家巷48号,江苏省,南京市,秦淮区,1,9cb29b9fa0b5a2b0c26c14c3
4767,5473,绣花巷小区,118.80496,32.037658,南京市秦淮区绣花巷8号,江苏省,南京市,秦淮区,1,f9fd606215c6c7620e0e6ba0
4768,5474,泰康人寿(龙蟠中路店),118.807844,32.035773,江苏南京市秦淮区龙蟠中路323号5楼,江苏省,南京市,秦淮区,1,94ae815bc71bc2ec4f6d46ce
4769,5475,五福新村,118.802573,32.035688,江苏省南京市秦淮区长白街332号小区(郑和公园东南),江苏省,南京市,秦淮区,1,8a5af187f16b4685cf06a459
4770,5478,申家巷社区多功能活动室,118.802654,32.035459,江苏省南京市秦淮区申家巷65号,江苏省,南京市,秦淮区,1,3a8ed5311d0d3976c51b757a
4771,5479,达美御园,118.807608,32.036281,南京市秦淮区龙蟠中路319号,江苏省,南京市,秦淮区,1,3f9337d6691d31b3f7231045
4772,5480,陶然苑,118.807391,32.03499,南京市秦淮区龙蟠中路329号,江苏省,南京市,秦淮区,1,8eb48fa19f98fba6f32d8345
4773,5481,五福巷33号小区,118.802861,32.035045,南京市秦淮区五福巷33号,江苏省,南京市,秦淮区,1,b1a2bdd570ed69d3c7f50d18
4774,5482,达美御苑5号楼南楼,118.808087,32.036644,南京市秦淮区龙蟠中路317-2号,江苏省,南京市,秦淮区,1,5842e16a3ed3e2dda1d23063
4775,5483,申家巷20号,118.803834,32.037866,南京市秦淮区申家巷20号,江苏省,南京市,秦淮区,1,a1e438dbd68e1fe1085cb3a3
4776,5485,文思苑,118.804039,32.033067,南京市秦淮区白下路362号,江苏省,南京市,秦淮区,1,be54cde9079cd95878f79645
4777,5486,南京海关办公楼,118.802993,32.033513,南京市秦淮区白下路360号,江苏省,南京市,秦淮区,1,8eac945f9c870eedd5b74eab
4778,5487,长白街332号小区,118.802239,32.03676,南京市秦淮区长白街332号,江苏省,南京市,秦淮区,1,2b09d181e6500b2ac41e5156
4779,5488,复成新村,118.805126,32.038514,江苏省南京市秦淮区马路街29号,江苏省,南京市,秦淮区,1,f5ca6c32cd1dc691b6147f03
4780,5489,东八府塘,118.799191,32.033131,南京市秦淮区白下路西,江苏省,南京市,秦淮区,1,3d880d176d0d4236a31de978
4781,5490,城佐营-18号,118.803911,32.038051,江苏省南京市秦淮区城佐营18号,江苏省,南京市,秦淮区,1,95d8c4b67851f510c9e33cb4
4782,5491,菲呢克斯国际公寓,118.808032,32.03821,江苏省南京市秦淮区龙潘中路313号(瑞金路金润发斜对面),江苏省,南京市,秦淮区,1,a8c47d2d5782f71fb020a82e
4783,5492,糖烟酒公司宿舍(马路街),118.806415,32.038454,南京市秦淮区马路街38号,江苏省,南京市,秦淮区,1,edaaa9f81b02218df8f0cb2c
4784,5493,广电大厦(白下路),118.802436,32.033353,江苏省南京市秦淮区白下路358号,江苏省,南京市,秦淮区,1,7c5e480ba209b5c8adb22ac7
4785,5494,中天商厦,118.7976,32.029016,江苏省南京市秦淮区平江府路18号,江苏省,南京市,秦淮区,1,684dc454009f9053cbe33c73
4786,5495,长白街346号院-北楼,118.802817,32.038135,南京市秦淮区长白街346号北楼,江苏省,南京市,秦淮区,1,cb73da9c58ab0eb50c0a7095
4787,5496,长白街346号院-南楼,118.802721,32.037908,南京市秦淮区长白街346号南楼,江苏省,南京市,秦淮区,1,384442ed2e792989dbd891a8
4788,5497,棉鞋营小区-68号院,118.807135,32.038488,棉鞋营小区68号楼,江苏省,南京市,秦淮区,1,b2b33869ddf2694e2b3a9f5c
4789,5498,常府新寓,118.805716,32.038987,南京市秦淮区常府街37号,江苏省,南京市,秦淮区,1,780da2dab634ee5981a12ef2
4790,5499,中天花园,118.801409,32.034771,南京市秦淮区白下路209号,江苏省,南京市,秦淮区,1,ffd6d40356ef588f17b54b44
4791,5500,常府风华苑,118.80415,32.038899,南京市秦淮区常府街75号,江苏省,南京市,秦淮区,1,b1c556e80681c271b52655a0
4792,5501,明龙雅居,118.809242,32.03466,南京市秦淮区大光路街道龙蟠中路公园里5号,江苏省,南京市,秦淮区,1,06d2dffdd4790d8b89f15da0
4793,5502,长白街354号小区,118.803144,32.03854,南京市秦淮区长白街354号,江苏省,南京市,秦淮区,1,df7a197f038a5b21b54f54fb
4794,5503,东九儿园小区,118.805947,32.031976,南京市秦淮区建康路470号,江苏省,南京市,秦淮区,1,34059f973dfedf2970455ba0
4795,5504,文思新村,118.803732,32.032004,江苏省南京市秦淮区建康路425号,江苏省,南京市,秦淮区,1,cde9e2c7d0bf68b4e81e9745
4796,5505,达美广场,118.808435,32.038423,南京市秦淮区龙蟠中路311号,江苏省,南京市,秦淮区,1,79cceb36ea99c9f41e580001
4797,5506,金龙蟠家苑,118.80927,32.037364,江苏省南京市秦淮区龙蟠中路318号,江苏省,南京市,秦淮区,1,cd6dbd4b1db175c172210be5
4798,5507,南京海关大楼,118.80891,32.033048,江苏省南京市秦淮区龙蟠中路360号,江苏省,南京市,秦淮区,1,8ef0dd717e12863a14c8f63f
4799,5508,体育里-7号,118.809875,32.034413,江苏省南京市秦淮区体育里7号,江苏省,南京市,秦淮区,1,4b8770f9fadb9c6ed3ff2348
4800,5509,金汇大厦(白下路),118.801103,32.03377,南京市秦淮区白下路300号,江苏省,南京市,秦淮区,1,c03c8f56dc3f764ba0acc449
4801,5510,白玉兰公寓,118.802069,32.0386,南京市秦淮区长白街265号,江苏省,南京市,秦淮区,1,cc788fde2c97068a88fc0645
4802,5511,新大都广场,118.803421,32.039549,江苏省南京市秦淮区常府街85号,江苏省,南京市,秦淮区,1,4420764616b21e6adeee8b49
4803,5512,锦江丽舍,118.809737,32.03343,南京市秦淮区龙蟠中路(南京电视台旁)大光路188号,江苏省,南京市,秦淮区,1,409dd72212fe4d63157643fd
4804,5513,公园新寓,118.810252,32.034483,江苏省南京市秦淮区八宝前街40号,江苏省,南京市,秦淮区,1,c13d27d21fe950b7cb213d7f
4805,5514,马府新村,118.800799,32.036448,南京市秦淮区长白街221号(近郑和公园),江苏省,南京市,秦淮区,1,c8e8f633cb315d6cab0dd845
4806,5515,复成大厦,118.807486,32.039646,南京市秦淮区常府街6号,江苏省,南京市,秦淮区,1,06d2dffd681e69f688f15d44
4807,5516,四条巷小区-76号楼,118.805527,32.043892,南京市秦淮区四条巷76号,江苏省,南京市,秦淮区,1,00b6e363a1f66a9a2fb17eb8
4808,5517,光大新寓,118.809706,32.032793,南京市秦淮区大光路188号,江苏省,南京市,秦淮区,1,dffd631c2e0cc3bc38221c45
4809,5518,文思小区,118.8022,32.031778,南京市秦淮区建康路205号,江苏省,南京市,秦淮区,1,f9d931d5f46c36be9e9d680f
4810,5519,福安里-7号,118.80271,32.039677,江苏省南京市秦淮区福安里7号,江苏省,南京市,秦淮区,1,b408844a0a573f6f0c0e6bc8
4811,5520,福安里-3号,118.802477,32.039645,南京市秦淮区常府街119号,江苏省,南京市,秦淮区,1,2bbb68783905bbcf21022064
4812,5521,万厦商务楼,118.802701,32.040429,南京市秦淮区五老村街道常府街58号,江苏省,南京市,秦淮区,1,6113ef774e5356148e772744
4813,5522,东城水岸,118.806088,32.030741,南京市秦淮区龙蟠中路399号,江苏省,南京市,秦淮区,1,25ec69fcb1847c7dc26c1445
4814,5523,报业大厦,118.808519,32.039568,南京市秦淮区龙蟠中路233号,江苏省,南京市,秦淮区,1,15c8268a2e2efd1fad045791
4815,5524,建康新村,118.80154,32.030926,江苏省南京市秦淮区长白街86号,江苏省,南京市,秦淮区,1,341c35de34725abee6073845
4816,5526,长白街98号小区,118.801119,32.031845,南京市秦淮区长白街98号,江苏省,南京市,秦淮区,1,f1e74751d4f497347c29bdbd
4817,5527,凯悦·天琴花园,118.808826,32.031424,南京市秦淮区龙蟠中路368号,江苏省,南京市,秦淮区,1,82b693b6667dc499acee7a50
4818,5528,建康花苑,118.802591,32.031079,夫子庙健康路409号,江苏省,南京市,秦淮区,1,8e62aba3926950594d2fdf27
4819,5529,建康新村-1幢办公楼,118.800775,32.03161,江苏省南京市秦淮区长白街86号,江苏省,南京市,秦淮区,1,43f17af269402433cac3dbb7
4820,5530,天同苑,118.808744,32.040246,江苏省南京市秦淮区龙蟠中路231号,江苏省,南京市,秦淮区,1,764672e5a88ccead94ec8445
4821,5531,建康大厦-1幢,118.800871,32.031129,江苏省南京市秦淮区建康大厦1幢,江苏省,南京市,秦淮区,1,8061664ecdde2c7d84154153
4822,5532,常府商厦,118.801537,32.040299,南京市秦淮区杨公井34号标34号,江苏省,南京市,秦淮区,1,8cba4bb06d85b484ad045744
4823,5533,九莲塘小区,118.800445,32.039707,南京市秦淮区九莲塘7号,江苏省,南京市,秦淮区,1,8d96925cc9543845c1f1cf45
4824,5534,香悦邻里,118.80988,32.030949,南京市秦淮区大光路141号,江苏省,南京市,秦淮区,1,3d8429cc6ad6cb3695ca072c
4825,5535,公园里5号小区,118.820893,32.024504,南京市秦淮区御道街中和桥小区,江苏省,南京市,秦淮区,1,bb87c3fb622ffb7fa21de9ca
4826,5536,马路街38号院,118.806049,32.038585,南京市秦淮区马路街糖烟酒公司宿舍,江苏省,南京市,秦淮区,1,12b1bdfb32945a46c72ba128
4827,5537,瑞鑫兰庭,118.814948,32.035443,南京市秦淮区八宝东街3号,江苏省,南京市,秦淮区,1,b9e5d0b87f6280c181a12e42
4828,5538,金基·尚书里,118.814853,32.033841,江苏省南京市秦淮区八宝东街9号,江苏省,南京市,秦淮区,1,8c9a6bb0f26e765102897243
4829,5539,银通公寓,118.816537,32.036998,南京市秦淮区解放路72号,江苏省,南京市,秦淮区,1,881a28e701ad2a47f942b245
4830,5540,金网商务楼,118.816394,32.0339,江苏省南京市秦淮区解放南路78号,江苏省,南京市,秦淮区,1,8b6a8f469546747472455b3d
4831,5541,尚书公寓,118.816201,32.034075,南京市秦淮区解放南路尚书村78号,江苏省,南京市,秦淮区,1,0a15c7ec6a7047fced74f845
4832,5542,五十三中教工宿舍,118.815641,32.03357,南京市秦淮区尚书里210-10号,江苏省,南京市,秦淮区,1,2a62955e6212b920047ce891
4833,5543,学府瑞苑,118.814779,32.036749,南京市秦淮区瑞金路6-1号,江苏省,南京市,秦淮区,1,b0d0d27c68b29cb74afd3ffe
4834,5544,尚书村,118.813452,32.034291,南京市秦淮区大光路108号,江苏省,南京市,秦淮区,1,dbe2c1676ef013e390114cc7
4835,5545,金鑫园小区,118.816099,32.037289,南京市秦淮区解放路68号,江苏省,南京市,秦淮区,1,d5f93c0e3e9e835ceddfca45
4836,5546,瑞金路8号小区,118.815312,32.037979,南京市秦淮区瑞金路33号,江苏省,南京市,秦淮区,1,d8d9e7c997cb574c3586f468
4837,5547,尚书巷小区,118.81336,32.034719,南京市秦淮区尚书巷6号,江苏省,南京市,秦淮区,1,d170b341655f0bbcc5effb98
4838,5549,鸿福苑,118.81807,32.034142,南京市秦淮区大阳沟7号,江苏省,南京市,秦淮区,1,504d61139a2cd7b346572645
4839,5550,御河新村,118.813991,32.03643,南京市秦淮区瑞金路6号,江苏省,南京市,秦淮区,1,a0521396167bc11d16a1902a
4840,5551,八宝前街72号院,118.812052,32.03535,南京市秦淮区八宝前街72号,江苏省,南京市,秦淮区,1,81c749644d393870da2f2862
4841,5552,瑞金新村,118.818469,32.036673,瑞金路36号,江苏省,南京市,秦淮区,1,ec9f45d813e2833e1c389437
4842,5553,尚书里-48号,118.817606,32.033167,南京市秦淮区尚书里48号,江苏省,南京市,秦淮区,1,1f4224896700b5c4eb12e425
4843,5554,大光里小区,118.814585,32.032231,南京市秦淮区大光路88号,江苏省,南京市,秦淮区,1,37d60a46be54e7601e1d1145
4844,5555,御河苑,118.819125,32.034046,南京市秦淮区大阳沟7号,江苏省,南京市,秦淮区,1,a74481d6ae559646f503b845
4845,5556,金城集团,118.815281,32.039049,江苏南京市秦淮区瑞金路1号4号小区,江苏省,南京市,秦淮区,1,b82ea7d76bf5eda478f79676
4846,5557,公园路小区,118.810917,32.036184,南京市秦淮区瑞金路1号-58-8号,江苏省,南京市,秦淮区,1,bf05a7e198511d9ba3acc49a
4847,5558,瑞金路二号四号小区,118.811486,32.03747,南京市秦淮区瑞金路4号,江苏省,南京市,秦淮区,1,bd5046e8de863a41d72ce245
4848,5559,金陵尚府,118.81183,32.033072,江苏省南京市秦淮区大光路118号,江苏省,南京市,秦淮区,1,e2c734e4d6d0682015a190c4
4849,5560,体育大厦,118.810658,32.035619,江苏省南京市秦淮区公园路42号,江苏省,南京市,秦淮区,1,631c4157405c286131f71d44
4850,5561,汇盈商都,118.816992,32.039138,南京市秦淮区解放路101号6楼,江苏省,南京市,秦淮区,1,06f66b8594cdd36fac0457b3
4851,5562,友谊商务大厦(瑞金路),118.818975,32.038789,江苏省南京市秦淮区瑞金路21号,江苏省,南京市,秦淮区,1,edd64ce18ebab1913fe23144
4852,5563,供销瑞鑫大厦,118.817877,32.039347,江苏省南京市秦淮区解放路101-2临,江苏省,南京市,秦淮区,1,29a6bfde7e8ca357f03cba91
4853,5564,瑞金北村-南区,118.817748,32.039272,江苏省南京市秦淮区解放路87号,江苏省,南京市,秦淮区,1,f63ba5f4df3ffcbaf72310a7
4854,5565,大光路50号大院院-19幢,118.817053,32.031383,南京市秦淮区解放南路大光路50号,江苏省,南京市,秦淮区,1,bc77d85d8d6deeaa30621220
4855,5566,拓博商务楼,118.819927,32.03904,江苏省南京市秦淮区瑞金路25号,江苏省,南京市,秦淮区,1,dac23d9d410359278715412e
4856,5567,御道园,118.82016,32.032566,大阳沟15号,江苏省,南京市,秦淮区,1,7bfa08fc9b83e07f25d2bb45
4857,5568,香格里拉菁英汇,118.811906,32.031405,南京市秦淮区大光路117号,江苏省,南京市,秦淮区,1,3e43a373bb0208b049fd3fcc
4858,5569,长发东村,118.818908,32.03959,江苏省南京市秦淮区大清河1号,江苏省,南京市,秦淮区,1,36dfb3a764a1124180a00c7c
4859,5570,大阳沟57号院,118.819879,32.031962,江苏省南京市秦淮区大阳沟57号,江苏省,南京市,秦淮区,1,ddd41144b9d5201ec9213df8
4860,5571,清华公寓,118.82003,32.039888,南京市秦淮区大清河10号,江苏省,南京市,秦淮区,1,74c933fb43d8b15e9e82ea45
4861,5572,大清河-12号,118.819545,32.039969,大清河12号,江苏省,南京市,秦淮区,1,24f7af7ac8af7a9a990050b9
4862,5573,香格里拉花园(大光路),118.810843,32.030869,南京市秦淮区大光路117号,江苏省,南京市,秦淮区,1,c61bd3052a44d468c27da245
4863,5577,御通大厦,118.824178,32.035553,江苏省南京市秦淮区瑞金路街道御道街标营3号,江苏省,南京市,秦淮区,1,bfd07f44f931968ac42ba1a9
4864,5578,御通西苑,118.823302,32.034085,标营1号,江苏省,南京市,秦淮区,1,f762c0c023ec4df2cb213d17
4865,5579,御通东苑,118.826811,32.034486,江苏省南京市秦淮区标营2号,江苏省,南京市,秦淮区,1,7bebf1812cc7194340afe685
4866,5580,大正投资大厦,118.823529,32.037165,南京市秦淮区御道街33号,江苏省,南京市,秦淮区,1,34059f979999bb5471455b44
4867,5581,标营2号,118.826887,32.034568,南京市秦淮区御道街与标营交叉口东50米,江苏省,南京市,秦淮区,1,883ea656705f1145c03644fd
4868,5582,后标营-13号,118.825307,32.037994,后标营13号,江苏省,南京市,秦淮区,1,d8fa78572fa181239de321a0
4869,5583,后标营-11号,118.824883,32.038044,江苏省南京市秦淮区后标营11号,江苏省,南京市,秦淮区,1,58c0cbd2614b5a439f09f767
4870,5584,后标营-25号,118.825798,32.038024,江苏省南京市秦淮区后标营25号,江苏省,南京市,秦淮区,1,f5155085268942b46fc02c17
4871,5585,蓝旗新村-北区,118.826372,32.032684,南京市秦淮区蓝旗街6号,江苏省,南京市,秦淮区,1,cd9d05dd556b18c884420eab
4872,5586,后标营-3号,118.824134,32.038191,江苏省南京市秦淮区后标营3号,江苏省,南京市,秦淮区,1,303cd611337d907f4bcc4ada
4873,5587,后标营-27号,118.827829,32.037776,江苏省南京市秦淮区后标营27号,江苏省,南京市,秦淮区,1,f42c315794321d783ce23187
4874,5588,科苑花园,118.829138,32.036183,南京市秦淮区后标营20号,江苏省,南京市,秦淮区,1,e6ee2fd21cf036482b11d145
4875,5589,南京航空航天大学住宅楼,118.823707,32.038724,南京市秦淮区御道街29-1号,江苏省,南京市,秦淮区,1,899dc8639b9bd7ea5d0d0276
4876,5590,后标营-29号,118.828408,32.037722,江苏省南京市秦淮区后标营29号,江苏省,南京市,秦淮区,1,95b3f4675ad6ffcf6f476094
4877,5593,民航宿舍(瑞金路),118.82161,32.037606,南京市秦淮区瑞金路50号,江苏省,南京市,秦淮区,1,f38fd17c0b786740b54f5400
4878,5594,后标营31号小区,118.828394,32.037756,南京市秦淮区后标营路27-5号,江苏省,南京市,秦淮区,1,00224fcc43c17937e6073832
4879,5595,蓝旗新村,118.824331,32.031651,南京市秦淮区蓝旗街18号,江苏省,南京市,秦淮区,1,a1d0e4e310d823c1e0110374
4880,5596,瑞金花苑,118.82212,32.038321,南京市秦淮区瑞金路街道瑞金路33号,江苏省,南京市,秦淮区,1,f821144841ec0b83dfee8b30
4881,5597,后标营-28号,118.829913,32.035459,南京市秦淮区后标营28号,江苏省,南京市,秦淮区,1,4c02c4d0b7cd99c7fb2d61fb
4882,5598,澳丽嘉园,118.821259,32.033322,南京市秦淮区御道街56号,江苏省,南京市,秦淮区,1,79cceb36265885891e580045
4883,5599,御道街三十四号,118.820606,32.036099,南京市秦淮区御道街,江苏省,南京市,秦淮区,1,92b806d24cc6cf8378b55ca0
4884,5600,南京航空航天大学明故宫校区-B9幢公寓,118.829183,32.038895,南京市秦淮区御道街29号南京航空航天大学明故宫校区,江苏省,南京市,秦淮区,1,2064f818a80ea7e783a00cdd
4885,5601,正阳大厦,118.822132,32.032384,南京市秦淮区御道街56号,江苏省,南京市,秦淮区,1,09185c56698aa15df1193744
4886,5602,蓝旗街六号小区,118.827616,32.031672,南京市秦淮区蓝旗街六号,江苏省,南京市,秦淮区,1,4cd3bf8f22c5394fd2f49e3f
4887,5603,瑞阳街1号小区,118.820708,32.037101,江苏省南京市秦淮区瑞阳街1号,江苏省,南京市,秦淮区,1,15a938100d2217bd14c8f645
4888,5604,清水雅居,118.830396,32.035614,江苏省南京市秦淮区后标营38号,江苏省,南京市,秦淮区,1,bfc6022e103c434cb817e7c3
4889,5606,华岩大厦,118.822304,32.031727,南京市秦淮区御道街58-1号,江苏省,南京市,秦淮区,1,803708f1b0af27790189724a
4890,5607,瑞金大厦,118.820581,32.037818,南京市秦淮区瑞金路48号,江苏省,南京市,秦淮区,1,bb1d38e48292264f0c0a703e
4891,5608,御都花苑,118.8211,32.032506,南京市秦淮区御道街58-8号,江苏省,南京市,秦淮区,1,81d6a50971a6e5406e20b945
4892,5610,明御大厦-东门,118.822416,32.031353,南京市秦淮区御道街58-2号,江苏省,南京市,秦淮区,1,8ee94a13b0f058707adbd2ca
4893,5611,紫荆大厦,118.830058,32.032401,南京市秦淮区蓝旗街标营路4号,江苏省,南京市,秦淮区,1,8d1646cd003cfb0f15948e37
4894,5612,西苑(御道街),118.822169,32.039782,江苏省南京市秦淮区御道街30号,江苏省,南京市,秦淮区,1,e11108ca082916550d0a70a0
4895,5613,南京航空航天大学明故宫校区-B10幢公寓,118.829226,32.039178,江苏省南京市秦淮区御道街29号南京航空航天大学明故宫校区,江苏省,南京市,秦淮区,1,2b6e7a3a37cac1dd764ff1b8
4896,5614,金基·月亮湾花园,118.827529,32.030413,江苏省南京市秦淮区光华门光华东街8号,江苏省,南京市,秦淮区,1,565eab1dfc94aecda6da39dd
4897,5615,御道街-60号院,118.822033,32.030964,南京市秦淮区御道街60号,江苏省,南京市,秦淮区,1,a1cc916cc7d0aa24f33cbade
4898,5617,南京航空航天大学社区委员会-宿舍区,118.830366,32.039877,南京市秦淮区李府街8号,江苏省,南京市,秦淮区,1,a5bb3ea2780a5c60c42ba1b4
4899,5618,南航东苑,118.830143,32.040227,南京市秦淮区瑞金路街道李府街8号,江苏省,南京市,秦淮区,1,a1b005604cf0e627f72310e5
4900,5619,金陵御庭园,118.836191,32.034731,南京市秦淮区苜蓿园大街67号(地铁站),江苏省,南京市,秦淮区,1,1020060fcb0842a61894c645
4901,5620,锦湖大厦,118.838233,32.035038,南京市秦淮区苜蓿园大街88号,江苏省,南京市,秦淮区,1,3a0a78bd0aad3cfa6318094a
4902,5621,月牙湖花园,118.835885,32.032592,江苏省南京市秦淮区苜蓿园大街69号,江苏省,南京市,秦淮区,1,f1f5cac55f4dfce537b06ca0
4903,5622,98阳光公寓,118.838196,32.034229,南京市秦淮区苜蓿园大街198号,江苏省,南京市,秦淮区,1,969088cb3ca3572d0c0e6b59
4904,5623,后标营小区水缘居-1幢,118.831928,32.036744,南京市秦淮区瑞金路街道后标营50号后标营小区水缘居1幢,江苏省,南京市,秦淮区,1,23d5395fdeb7d922d8d89106
4905,5624,苜蓿园大街238号小区,118.838428,32.033153,南京市秦淮区苜蓿园大街238号,江苏省,南京市,秦淮区,1,b50fc9fbadd5a06dd13ce3a8
4906,5625,后标营小区,118.83139,32.036563,江苏省南京市秦淮区后标营28号,江苏省,南京市,秦淮区,1,5c2dc21dc6be3d046fc02c45
4907,5626,独立小区,118.832269,32.037536,江苏省南京市秦淮区后标营43号,江苏省,南京市,秦淮区,1,aba476976d2fb6554f3a59d7
4908,5627,大邦花园,118.835949,32.038729,江苏省南京市秦淮区苜蓿园大街59号,江苏省,南京市,秦淮区,1,05dd7d5f66519501ad080f45
4909,5628,君安东苑,118.838385,32.031757,江苏省南京市秦淮区苜蓿园大街242号,江苏省,南京市,秦淮区,1,87248d960f07b8b32806ce45
4910,5629,梅花山庄-丽景苑,118.839835,32.038968,江苏省南京市秦淮区苜蓿园大街66号,江苏省,南京市,秦淮区,1,542589b4e572546a32f71d1a
4911,5630,明湖山庄,118.834362,32.030887,江苏省南京市秦淮区紫金路1号,江苏省,南京市,秦淮区,1,53cebd50f4b382612a02e145
4912,5631,梅花山庄·湖畔之星,118.838301,32.036657,南京市秦淮区苜蓿园大街66号梅花山庄内,江苏省,南京市,秦淮区,1,3a0fbba8c4c3773c9ee32150
4913,5632,梅花山庄园中苑-19幢,118.840823,32.038663,江苏省南京市秦淮区梅花山庄园中苑19幢,江苏省,南京市,秦淮区,1,964f5738daee62a140e1920b
4914,5633,戎苑山庄,118.840124,32.032231,南京市秦淮区苜蓿园大街240号,江苏省,南京市,秦淮区,1,50f7d1468ccfffc673210bbb
4915,5634,节能大厦,118.838297,32.039673,南京市秦淮区苜蓿园大街52号,江苏省,南京市,秦淮区,1,b4be2bf1f4bb2415e5e96593
4916,5635,雅舍园,118.83731,32.040173,南京市秦淮区苜蓿园西12号苜蓿园大街,江苏省,南京市,秦淮区,1,c8b5cdefb7847203130daa45
4917,5636,八五一一研究所家属区,118.83091,32.039057,江苏省南京市秦淮区后标营35号,江苏省,南京市,秦淮区,1,c59c0aef3c85bf329ee321e5
4918,5637,东庭公寓,118.839591,32.039673,南京市秦淮区苜蓿园大街56号,江苏省,南京市,秦淮区,1,cc0849a04021c85094031945
4919,5638,青年就业创业见习基地,118.830862,32.031447,南京市秦淮区光华东街1号-2号楼,江苏省,南京市,秦淮区,1,ee4923d132d0c1619f09f777
4920,5639,富丽山庄,118.842218,32.032033,江苏省南京市秦淮区苜蓿园大街4号,江苏省,南京市,秦淮区,1,41572e00a88621b4b45f1e45
4921,5641,美林东苑,118.845861,32.036898,南京市玄武区美林东苑童卫路19号,江苏省,南京市,玄武区,1,d7fd2ad3829825540bccdd45
4922,5642,翰苑大厦,118.844976,32.035218,南京市玄武区卫岗童卫路20号(锦湖休闲中心向东),江苏省,南京市,玄武区,1,61f634f6e3239b616b49f365
4923,5643,大邦紫云阁,118.841049,32.039339,南京市秦淮区苜蓿园大街58号,江苏省,南京市,秦淮区,1,e3e2cd9d5b8690e3c7f50d45
4924,5645,海福巷92号院,118.843715,32.024207,南京市秦淮区海福巷92号,江苏省,南京市,秦淮区,1,d7661112d6f9069fc909f037
4925,5646,戎泰山庄,118.849766,32.032605,南京市秦淮区后标营100号,江苏省,南京市,秦淮区,1,21fbb805ca98bf452cb17ecc
4926,5647,大邦云顶人家,118.846685,32.039008,南京市玄武区童卫路13-17号(卫岗),江苏省,南京市,玄武区,1,cd9d05dd2004d7b685420e45
4927,5648,二十八所-生活区,118.844912,32.036991,江苏省南京市秦淮区苜蓿园东街1号,江苏省,南京市,秦淮区,1,b6bba42175f4c2be71455ba0
4928,5649,二十八所-南区,118.843782,32.039732,苜蓿园东街1号,江苏省,南京市,秦淮区,1,22b920c72c56a654441a3263
4929,5650,南京农业大学南苑12舍,118.853342,32.038849,南京市玄武区卫岗1号南京农业大学,江苏省,南京市,玄武区,1,4a344dedb948aa31bca822b8
4930,5651,佛山花园城博雅居,118.853372,32.035688,南京市玄武区后标营路与东苑路交叉路口往东北约100米,江苏省,南京市,玄武区,1,22e1140746313cc8d5b74efd
4931,5652,南京农业大学学生宿舍三舍,118.852103,32.037152,江苏省南京市玄武区卫岗1号南京农业大学,江苏省,南京市,玄武区,1,30ba79b3714c5c83da131854
4932,5653,南京农业大学(卫岗校区)-南苑1舍,118.852078,32.036605,南京市玄武区卫岗1号,江苏省,南京市,玄武区,1,c87aeed304add545220220e0
4933,5654,南京农业大学-南苑4舍,118.853158,32.036504,江苏省南京市玄武区卫岗1号南京农业大学卫岗校区,江苏省,南京市,玄武区,1,ed06a59f666dbf3f58f6be87
4934,5655,南京农业大学(卫岗校区)-南苑8舍,118.854071,32.037011,南京市玄武区后标营路15-103号,江苏省,南京市,玄武区,1,ceb4d3de676a2d9c9222e044
4935,5656,钟山花园城-山水居,118.855994,32.037733,江苏省南京市玄武区龙宫路,江苏省,南京市,玄武区,1,bf09a2d7b0f64ee5a0d23021
4936,5658,南京农业大学-学生宿舍八舍,118.853958,32.037038,江苏省南京市玄武区卫岗1号南京农业大学卫岗校区,江苏省,南京市,玄武区,1,0c0771b8b6ca6c35fe0eb0c7
4937,5659,南京农业大学-南苑5舍,118.853285,32.03684,南京市玄武区卫岗1号,江苏省,南京市,玄武区,1,85f9d0001ef3edcc213bf21b
4938,5660,南京农业大学(卫岗校区)-南苑9舍,118.854079,32.037389,南京市玄武区孝陵卫街道卫岗1号,江苏省,南京市,玄武区,1,d1ec119e0f8008c25fd4fe5b
4939,5662,银城东苑,118.853447,32.032995,南京市玄武区东苑路,江苏省,南京市,玄武区,1,b4dbf33279c3f8bb223bf2ac
4940,5663,南京农业大学学生宿舍20舍,118.852111,32.037439,南京市玄武区卫岗1号,江苏省,南京市,玄武区,1,136a4fcfbeaf38accd04ef3e
4941,5664,南京农业大学-南苑11舍,118.853284,32.038453,南京市玄武区卫岗1号,江苏省,南京市,玄武区,1,7a9222eda65bcf36dbd89123
4942,5665,南京理工大学204栋学生宿舍,118.859251,32.034212,南京市玄武区孝陵卫街200号204幢,江苏省,南京市,玄武区,1,3ceed1481dea10c0bca822a6
4943,5667,南京理工大学-第二十五舍,118.859236,32.033851,南京市玄武区孝陵卫街200号,江苏省,南京市,玄武区,1,7d7957039184f4451e5800be
4944,5670,南京理工大学住宅区,118.859538,32.033394,南京市玄武区孝陵卫街200号南京理工大学,江苏省,南京市,玄武区,1,7c2ffcdb0eb6a1151df74deb
4945,5672,长巷苑小区,118.856469,32.031427,南京市玄武区胜利村路50号,江苏省,南京市,玄武区,1,7e3955b3e3ceb293f4eafc42
4946,5673,南京农业大学-学生宿舍十三舍,118.853367,32.038083,南京市玄武区卫岗1号,江苏省,南京市,玄武区,1,9d292c1a9006cb4b364aaeeb
4947,5675,住宅六区竹园小区,118.858388,32.038149,孝陵卫街200号,江苏省,南京市,玄武区,1,850815e10aaac99b43e192ec
4948,5676,南京农业大学-南苑13舍,118.853293,32.038016,南京市玄武区卫岗1号,江苏省,南京市,玄武区,1,098778e022ac85d288f15da4
4949,5678,钟山花园城-陶然居,118.854755,32.038322,南京市玄武区长巷80号,江苏省,南京市,玄武区,1,aab2b450d5903ab40482c24a
4950,5680,南京理工大学-第二舍,118.860046,32.033769,南京市玄武区孝陵卫街200号南京理工大学240幢,江苏省,南京市,玄武区,1,92ac3582fae4bd03901fc98d
4951,5682,南京理工大学-第四舍,118.860066,32.03338,南京市玄武区孝陵卫街200号,江苏省,南京市,玄武区,1,c75992534619ce60f33cbac3
4952,5683,孝陵卫长巷200号,118.855004,32.03059,江苏省南京市玄武区孝陵卫长巷200号,江苏省,南京市,玄武区,1,cec43f65a5dfd97028d7ab9a
4953,5684,南京理工大学-第六舍,118.860028,32.03308,南京市玄武区孝陵卫街200号,江苏省,南京市,玄武区,1,13eb563a2b479fe5eb12e437
4954,5685,南京理工大学思源楼,118.860304,32.033439,南京市玄武区孝陵卫街南京理工大学,江苏省,南京市,玄武区,1,d62d6dce84119130b54f5417
4955,5687,南京理工大学第二十三舍B楼,118.858368,32.030928,南京市玄武区孝陵卫街200号南京理工大学272幢,江苏省,南京市,玄武区,1,365cb125255a98d5128824c5
4956,5688,南京理工大学女生宿舍,118.860216,32.037347,江苏省南京市玄武区孝陵卫街200号南京理工大学108幢,江苏省,南京市,玄武区,1,0422e12b9cbd91122b3a9f39
4957,5689,南京理工大学第二十三舍A楼,118.858374,32.030653,孝陵卫街200号南京理工大学274幢,江苏省,南京市,玄武区,1,4e6e0cd72851471b51e5c576
4958,5690,南京理工大学第二十四舍B楼,118.859141,32.030988,南京市玄武区孝陵卫街200号,江苏省,南京市,玄武区,1,e9a0ae109e6ca2ce5d0d022f
4959,5691,南京理工大学青年教工公寓,118.860133,32.037929,南京市玄武区孝陵卫街200号南京理工大学,江苏省,南京市,玄武区,1,35df8b1eadc19938f6e73b7a
4960,5692,南京理工大学-第八舍,118.860042,32.031593,南京市玄武区孝陵卫街200号,江苏省,南京市,玄武区,1,d7a629fd0426630b07026f47
4961,5693,南京理工大学-第二十一舍,118.858381,32.03032,孝陵卫街200号南京理工大学276幢,江苏省,南京市,玄武区,1,4306b3f09bafd1211c1d1178
4962,5694,南京理工大学求真园-271幢,118.859299,32.029463,江苏省南京市玄武区南京理工大学求真园271幢,江苏省,南京市,玄武区,1,7885334364beba5af5c59caa
4963,5695,南京理工大学第十六舍-C幢,118.858496,32.029981,南京市玄武区孝陵卫街200号南京理工大学278幢,江苏省,南京市,玄武区,1,cf54e0a2092a470cf3193776
4964,5696,南京理工大学-第二十二舍,118.859194,32.030322,孝陵卫街200号南京理工大学265幢,江苏省,南京市,玄武区,1,28dde2200788c93817948e08
4965,5697,南京理工大学-第九舍,118.860326,32.031199,南京市玄武区孝陵卫街200号,江苏省,南京市,玄武区,1,fa5f93875818d0cc15c90522
4966,5698,银城东苑-西华园,118.85081,32.031083,南京市玄武区东苑路18号,江苏省,南京市,玄武区,1,d146b38867c6e9a3750269a0
4967,5699,南京理工大学明理居,118.860578,32.030857,南京市玄武区孝陵卫200号,江苏省,南京市,玄武区,1,f1f138ecbe1f74a77069d3b5
4968,5700,南京理工大学第十七舍C楼,118.859306,32.029967,孝陵卫街200号南京理工大学267幢,江苏省,南京市,玄武区,1,2b228e78716864c19cec2be3
4969,5701,南京理工大学-第十舍,118.860102,32.031141,南京市玄武区孝陵卫街200号南京理工大学246幢,江苏省,南京市,玄武区,1,4a914e343b33802646e2743a
4970,5702,南京理工大学宁静轩,118.860982,32.030674,孝陵卫街200号南京理工大学246幢,江苏省,南京市,玄武区,1,d7b8a6eee2dcf5c0b13c8149
4971,5703,南京理工大学第二十舍C楼,118.860124,32.030097,南京市玄武区南京理工大学第二十舍C幢,江苏省,南京市,玄武区,1,593fa45cd4ed3d8814764382
4972,5704,钟山花园城,118.850337,32.03488,4路;52路;99路;115路;202路;202路区间;306路;Y4路夜间,江苏省,南京市,玄武区,0,aaa44cd80b5f88f5980050d1
4973,5705,东园小区(一号路),118.866686,32.037508,孝陵卫街200号,江苏省,南京市,玄武区,1,7d4b02e493224914fda778c8
4974,5706,住宅三区科园小区,118.863929,32.038284,南京市玄武区孝陵卫街200号,江苏省,南京市,玄武区,1,3114d0e1a64d11303fe231d1
4975,5707,二号小区紫园小区,118.865527,32.037643,南京市玄武区孝陵卫街200号,江苏省,南京市,玄武区,1,cde9e2c7d11069b4e81e97ec
4976,5708,中山小区(孝陵卫街),118.861273,32.038714,孝陵卫街200号,江苏省,南京市,玄武区,1,49d95938d6c0ed3ec71e51a0
4977,5709,晏公庙新村小区,118.869315,32.037656,南京市玄武区孝陵卫街道晏公庙社区双拜巷98号,江苏省,南京市,玄武区,1,de20f3e90ba10501afee7a2e
4978,5710,晏公庙西村小区,118.868077,32.037725,南京市玄武区晏公庙67号,江苏省,南京市,玄武区,1,8be2b349c695c959d13ce3cf
4979,5711,佳诚花园,118.865644,32.039084,南京市玄武区罗汉巷24号,江苏省,南京市,玄武区,1,f696f3c290c81beb1b11d5ec
4980,5712,紫竹路,118.849791,32.042504,江苏省南京市玄武区,江苏省,南京市,玄武区,0,ab95cfa315f7134fc2f1cfec
4981,5713,孝陵卫罗汉巷123号,118.866183,32.039825,江苏省南京市玄武区孝陵卫罗汉巷123号,江苏省,南京市,玄武区,1,c7899a664156bb4a7069d386
4982,5714,双拜巷188号,118.870283,32.032777,南京市玄武区双拜巷188号9号,江苏省,南京市,玄武区,1,733371cdee8a50f0130daa13
4983,5715,南京理工大学-男生宿舍,118.869412,32.036077,南京市玄武区孝陵卫街200号南京理工大学82幢,江苏省,南京市,玄武区,1,05a5b0ec28e9d68c5d0d0233
4984,5716,南京理工大学-第十三舍,118.861036,32.031613,南京市玄武区孝陵卫街200号,江苏省,南京市,玄武区,1,81950f36aa5aecf24f6d469b
4985,5717,南京理工大学-第七舍,118.860605,32.031568,南京市玄武区孝陵卫街200号,江苏省,南京市,玄武区,1,09391dd511bdbfcc6318092d
4986,5718,南京理工大学-第十二舍,118.861051,32.031208,南京市玄武区孝陵卫街200号,江苏省,南京市,玄武区,1,7e25089400caf2f8ca2915c1
4987,5719,南京理工大学-第十一舍,118.861018,32.031156,南京市玄武区孝陵卫街200号,江苏省,南京市,玄武区,1,fbdc521e67301a9300ec011c
4988,5720,南京理工大学-第五舍,118.860848,32.0332,南京市玄武区孝陵卫街200号南京理工大学232幢,江苏省,南京市,玄武区,1,19d258dc109cf24fa8175a7a
4989,5721,南京理工大学-第三舍,118.860785,32.033413,南京市玄武区孝陵卫街200号,江苏省,南京市,玄武区,1,4f833afc35c17eb54f3a5953
4990,5722,南京理工大学-第一舍,118.860668,32.03379,南京市玄武区孝陵卫街200号,江苏省,南京市,玄武区,1,74be79c1ebae53170f0e6bb3
4991,5723,大发·融悦,118.875753,32.037379,南京市玄武区双拜岗135号,江苏省,南京市,玄武区,1,584c49b9d15c214114c8f6a9
4992,5724,中建八局,118.878487,32.034518,江苏省南京市玄武区双拜巷100号,江苏省,南京市,玄武区,1,c084ae2cf0cc2a969868b46a
4993,5725,晏公庙52号院,118.871619,32.039789,江苏省南京市玄武区孝陵卫晏公庙52号,江苏省,南京市,玄武区,1,454133462f101784b2077d95
4994,5726,双拜巷192号小区,118.870296,32.031096,江苏省南京市玄武区双拜巷192号,江苏省,南京市,玄武区,1,9af29d25cd3748351b11d5e7
4995,5727,双拜巷151号院-1幢,118.87366,32.035526,江苏省南京市玄武区双拜巷151号1幢,江苏省,南京市,玄武区,1,a19c3a149d8a8a2bd5b74e44
4996,5728,双拜岗-84号,118.876163,32.035554,江苏省南京市玄武区双拜岗84号,江苏省,南京市,玄武区,1,04285137b3a5be906d20b954
4997,5729,双拜巷2号,118.870626,32.038239,南京市玄武区孝陵卫双拜巷2号,江苏省,南京市,玄武区,1,c024d35bc5539e9cc9c3db9c
4998,5730,双拜巷1号院,118.871388,32.039224,江苏省南京市玄武区双拜巷1号,江苏省,南京市,玄武区,1,66dd632172a6f44e5bf6bed0
4999,5731,晏公庙-53号院,118.871313,32.039702,南京市玄武区晏公庙53号,江苏省,南京市,玄武区,1,c3613fd9d96f839d31f71de1
5000,5732,福康苑,118.900405,32.038949,南京市栖霞区百水桥南路10号,江苏省,南京市,栖霞区,1,1eebf9a353f964e00ab93a77
5001,5733,盛和家园,118.896567,32.039931,南京市玄武区马高路318号,江苏省,南京市,玄武区,1,ddfc44d89c481c3015c90513
5002,5735,花港·幸福城-杜鹃园,118.910086,32.037264,南京市栖霞区花港路8号,江苏省,南京市,栖霞区,1,4ea115292b18ee9d077ce820
5003,5736,花港·幸福城-玉兰园,118.907774,32.036407,南京市栖霞区花港路6号,江苏省,南京市,栖霞区,1,c8af6ceaa2a923549122e041
5004,5737,花港·幸福城-芙蓉园,118.906039,32.038531,南京市栖霞区花港路9号,江苏省,南京市,栖霞区,1,76e4b9ed7d2fbf8328d7ab1d
5005,5738,花港·幸福城-牡丹园,118.908208,32.039683,南京市栖霞区花港路11号,江苏省,南京市,栖霞区,1,38e790ed215f65ab25d2bb4a
5006,5740,幸福城居住区经济适用房,118.909002,32.038252,江苏省南京市栖霞区马群街道西花岗1号(土城头路以南｜银河紫苑以西｜向上村以东),江苏省,南京市,栖霞区,1,0a74722590d15739acb22ad6
5007,5741,花港·幸福城-西南门,118.903894,32.037546,南京市栖霞区祈福西路与花港北路交叉口南200米,江苏省,南京市,栖霞区,1,f006b13d9f9a094e8bfc066c
5008,5742,启迪方洲雅园,118.912757,32.031453,江苏省南京市江宁区天兴路,江苏省,南京市,江宁区,1,c8088ce611c873603517dcf2
5009,5743,中海御山府,118.917789,32.033005,南京市江宁区智康路103号,江苏省,南京市,江宁区,1,495d87c6b7ff02819a005012
5010,5744,中海国际社区-南区,118.919949,32.033161,南京市江宁区智汇路中海御山府-一期,江苏省,南京市,江宁区,1,79c0e7d1b55c2a4a0869d9ae
5011,5746,启迪·方洲(慧园),118.914029,32.0333,江苏省南京市江宁区智通路,江苏省,南京市,江宁区,1,87ecc5858f13e217c51b75d3
5012,5747,启迪·方洲,118.913706,32.034744,江苏省南京市江宁区麒麟街道智通路168号,江苏省,南京市,江宁区,1,b70248d5f2e9fc9828b97ca3
5013,5748,中海国际社区-三期,118.915887,32.033447,南京市江宁区智通路111号,江苏省,南京市,江宁区,1,2514818a6706fdb8354aae90
5014,5750,花港·幸福城玫瑰园-西门,118.909545,32.040018,南京市栖霞区花港路15号,江苏省,南京市,栖霞区,1,52e6dc882757ab25f60e7707
5015,5751,小五组,118.952659,32.030897,南京市江宁区,江苏省,南京市,江宁区,1,be1ea5efb58a5abf14948e1f
5016,5752,力标赞城,118.604379,32.029056,江苏省南京市浦口区江浦街道台南路10号(花莲路和荣庄路交汇处),江苏省,南京市,浦口区,1,99f8efb9a866f58fc61e51ef
5017,5753,杨柳新村,118.60642,32.029771,江苏省南京市浦口区台南路8号,江苏省,南京市,浦口区,1,1c96bea74a525eec84330433
5018,5754,恒通国际,118.613816,32.028611,江苏省南京市江北新区自贸区江浦街道行知路6号,江苏省,南京市,浦口区,1,113d538ca11d13fd4c3a59fd
5019,5758,南京生态岛一期经济适用房,118.704469,32.029251,"南京市建邺区江心洲街道西下村(江心洲的中部,东至夹江、北至夹江大桥)",江苏省,南京市,建邺区,1,45dc3fb0ebacbffc118824cb
5020,5759,新加坡生态科技岛二期,118.69237,32.012443,南京市建邺区林荫路与龙恩街交叉路口往西南约120米,江苏省,南京市,建邺区,1,623d2e703ffcbf0ac7f02582
5021,5760,御江金城-南门,118.719818,32.022704,南京市建邺区梦都大街188号,江苏省,南京市,建邺区,1,1c88292bde17ca2257bfffc1
5022,5761,天正滨江,118.724501,32.025577,"南京市建邺区松花江西街66号(兴隆大街,月安街交汇处东南角)",江苏省,南京市,建邺区,1,e6226506303ca3e03de231de
5023,5762,静思苑-3幢,118.727796,32.024724,南京市建邺区苍山路29号,江苏省,南京市,建邺区,1,fd931b5290141ee6ee74f876
5024,5763,苍山路社区,118.727257,32.025511,江苏省南京市建邺区兴隆街道兴隆大街209号,江苏省,南京市,建邺区,1,7b132655b28763e31e1d11fd
5025,5764,滨江奥城-西区,118.723657,32.023029,南京市建邺区梦都大街178号,江苏省,南京市,建邺区,1,2e00c5dda038a41cd6851fb0
5026,5765,滨江奥城观澜苑,118.723805,32.023327,南京市建邺区松花江西街69号,江苏省,南京市,建邺区,1,18f7a2fb48da17611c389436
5027,5766,奥体新城青桐园,118.726147,32.027655,南京市建邺区苍山路18号,江苏省,南京市,建邺区,1,fdd9f7411c89d02203ec012e
5028,5767,滨江奥城-听雨苑,118.726639,32.021958,南京市建邺区兴隆街道松花江西街59号奥城,江苏省,南京市,建邺区,1,2e2ae795f7f9e424354aaea8
5029,5768,御江金城,118.721018,32.023539,江苏省南京市建邺区梦都大街188号,江苏省,南京市,建邺区,1,f6faff103c2ae9ab3617dc2b
5030,5769,滨江奥城,118.722408,32.022936,南京市建邺区松花江西街59号,江苏省,南京市,建邺区,1,89fcfa0acd595a5616a1906f
5031,5770,苏瑞·茗芳苑,118.728372,32.027694,南京市建邺区月安街51号,江苏省,南京市,建邺区,1,74e0c7c8ad73c539fda778ba
5032,5771,汇锦国际凌江府,118.727314,32.02994,南京市建邺区奥体月安街50号(苍山路口),江苏省,南京市,建邺区,1,d54e362834c9f2c6d8d891d6
5033,5772,汇锦国际(月安街),118.730073,32.029092,南京市建邺区月安街50号,江苏省,南京市,建邺区,1,604b223b37b230064bfc8da5
5034,5773,奥体新城-紫薇园,118.730232,32.021125,南京市建邺区梦都大街158号(江东南路与上新河路交汇处),江苏省,南京市,建邺区,1,d12ff2d0dc522cd4aaf0cd5f
5035,5774,苍山路社区三楼,118.727349,32.025442,好邻居生活广场苍山路3楼,江苏省,南京市,建邺区,1,4b6a2f213d977d854c3a5913
5036,5776,月安花园,118.7376,32.027268,燕山路28号,江苏省,南京市,建邺区,1,606ab0d0ffc21b2a0f3ddab0
5037,5777,海棠园,118.731152,32.023057,南京市建邺区兴隆大街199号,江苏省,南京市,建邺区,1,1ae8d2fe9228bc2e1288248f
5038,5778,丹枫园,118.734707,32.021505,南京市建邺区兴隆大街169号(近清竹园),江苏省,南京市,建邺区,1,5a0445ba977f2bb0704b8751
5039,5779,奥体新城,118.730182,32.02055,江苏省南京市建邺区梦都大街158号(江东南路与上新河路交汇处),江苏省,南京市,建邺区,1,443ef89d75a23c3a01897293
5040,5780,清竹园,118.736197,32.024611,江苏省南京市建邺区兴隆大街168号,江苏省,南京市,建邺区,1,f75b8ded3bca4949a7c75648
5041,5781,奥体新城翠杉园,118.732552,32.025561,南京市建邺区兴隆大街198号,江苏省,南京市,建邺区,1,e74cb97b46928aa44afd3fb8
5042,5782,丹桂园,118.737123,32.020768,南京市建邺区燕山路149号,江苏省,南京市,建邺区,1,95e4815e59328f6288f15d2f
5043,5783,舒心苑,118.73924,32.029561,南京市建邺区应天大街燕山路128号,江苏省,南京市,建邺区,1,af1ae56b67d351124307c1b0
5044,5784,南京中北,118.740283,32.027854,江苏省南京市建邺区应天大街927号,江苏省,南京市,建邺区,1,60794483513ad77a4107c1a7
5045,5785,莱蒙·水榭春天(月安街),118.733416,32.028277,南京市建邺区月安街36号,江苏省,南京市,建邺区,1,70a53b98a0d6fe1a28b97cfa
5046,5786,海玥名都,118.740028,32.023393,江苏省南京市建邺区月安街11号,江苏省,南京市,建邺区,1,825288ba98f7bc999f09f7f7
5047,5787,中共奥体社区,118.733338,32.024326,江苏省南京市建邺区兴隆街道华山路18附近,江苏省,南京市,建邺区,1,237af1611d716fdb77026931
5048,5788,桃园居-南门,118.737007,32.029327,南京市建邺区应天大街942号桃园居内,江苏省,南京市,建邺区,1,d625b788b844d4e0932ca3f7
5049,5789,莱蒙·水榭春天-南门,118.732911,32.027729,南京市建邺区月安街36号,江苏省,南京市,建邺区,1,069a79bbf78cd9ca1f3894e9
5050,5790,桃园居,118.737284,32.029737,南京市建邺区应天大街942号,江苏省,南京市,建邺区,1,a7c56ee08710ebb3a2acc4b0
5051,5791,悦达新寓,118.743983,32.025962,南京市建邺区江东中路142号,江苏省,南京市,建邺区,1,f633606a1ae0bb4e0a69d9b0
5052,5792,兴达新寓,118.748554,32.023591,江苏省南京市建邺区怡康街,江苏省,南京市,建邺区,1,373cf75742dec26e4254d7b0
5053,5793,鸿达新寓,118.743457,32.026636,南京市建邺区江东中路168号,江苏省,南京市,建邺区,1,dffd631c2e67c3bc39221cb0
5054,5794,凤凰和熙,118.744221,32.021441,南京市建邺区云锦路186号,江苏省,南京市,建邺区,1,fac5bd7637bb2b30a3acc42c
5055,5795,和熙翔苑-5幢,118.744927,32.021357,南京市建邺区凤凰和熙5栋,江苏省,南京市,建邺区,1,d75ddeaff15319c5ab175af5
5056,5796,美丽嘉园,118.742108,32.025889,江东南路190号,江苏省,南京市,建邺区,1,09185c5669e6a15df01937b0
5057,5797,栖庭,118.742488,32.023438,江苏省南京市建邺区江东中路156号(月安街与江东中路交界口西南角),江苏省,南京市,建邺区,1,e4678ba0ed9502cdfbdc8500
5058,5798,金陵世家,118.748584,32.024897,江苏省南京市建邺区应天大街885号,江苏省,南京市,建邺区,1,53cebd504e09f8602a02e1c3
5059,5799,泰达新寓,118.742538,32.026866,南京市建邺区应天大街通江路2号,江苏省,南京市,建邺区,1,6ee01020903fb3ef53e5c5b0
5060,5800,宏图上水云锦-一期,118.747357,32.021213,南京市建邺区云锦路169号,江苏省,南京市,建邺区,1,5e4e7360fc03611e22f017ec
5061,5801,宏图上水云锦,118.747228,32.021368,南京市建邺区云锦路169号,江苏省,南京市,建邺区,1,b6c0c9e206ee4b2a8836ee8b
5062,5802,凤凰和熙-II期,118.744632,32.020176,南京市建邺区南苑街道云锦路188号,江苏省,南京市,建邺区,1,6e87e1095e9d5a04c3364460
5063,5803,凤凰和熙-二期,118.744517,32.020107,南京市建邺区云锦路188号,江苏省,南京市,建邺区,1,eb61c9e0542b315ac17da27c
5064,5804,华隆新寓,118.751131,32.022077,南京市建邺区怡康街80号,江苏省,南京市,建邺区,1,ef773a0fc8989e34230220b0
5065,5805,积善新寓睦和园东区-6幢,118.742365,32.028273,南京市建邺区积善新寓睦和园6幢,江苏省,南京市,建邺区,1,897abb6070d2eb1ba5da39ff
5066,5806,和熙星苑,118.744328,32.020028,南京市建邺区云锦路188号,江苏省,南京市,建邺区,1,6ee1912fc2d853591811d505
5067,5807,悦府,118.750333,32.028466,南京市所街169号,江苏省,南京市,建邺区,1,9518a4e26ec60424f8221369
5068,5808,积善新寓,118.741341,32.029146,南京市建邺区商业文化旅游中心区江东中路128号,江苏省,南京市,建邺区,1,9ef677f4f315d25e4d6d4659
5069,5809,新悦天地,118.748791,32.029305,南京市建邺区所街171号,江苏省,南京市,建邺区,1,34d28ec3cbef380d7fc87624
5070,5810,月规矩小区,118.740696,32.028496,南京市建邺区应天大街912号,江苏省,南京市,建邺区,1,774fa30dac0b3cb2213bf229
5071,5811,今日家园,118.740645,32.02922,南京市建邺区通江路1号,江苏省,南京市,建邺区,1,bad9e67fd5c426243310af47
5072,5812,河西大厦,118.74566,32.02647,江苏省南京市建邺区应天西路198号,江苏省,南京市,建邺区,1,bd5046e8deed3a41d62ce2b0
5073,5813,凤凰文化培训广场-B座,118.743376,32.019929,江苏省南京市建邺区江东中路215号,江苏省,南京市,建邺区,1,e223afd973cfdf3dd92f28e0
5074,5814,凤凰文化培训广场-A座,118.743816,32.021235,江苏省南京市建邺区江东中路211号,江苏省,南京市,建邺区,1,7c5a8b817bb10c0b4107c17e
5075,5815,建邺区社会管理服务大厦,118.741596,32.02709,南京市建邺区应天大街919号,江苏省,南京市,建邺区,1,b639c56567b9ef38220262dc
5076,5817,南苑大厦,118.756479,32.024604,南京市建邺区南湖路58号,江苏省,南京市,建邺区,1,480b24d0692b798f9dec2bb8
5077,5818,江苏城市职业学院应天校区6幢宿舍楼,118.755025,32.026785,南京市建邺区所街江苏城市职业学院,江苏省,南京市,建邺区,1,508c992c220730630389726e
5078,5819,城开宜家东园,118.75711,32.026441,南京市建邺区南湖路28号,江苏省,南京市,建邺区,1,416df37c9d7ca51d6018094d
5079,5820,弘瑞广场,118.753274,32.022764,江苏省南京市建邺区应天大街837号,江苏省,南京市,建邺区,1,8cce2ce9f42e9b83132935f5
5080,5821,江苏福彩大厦,118.757136,32.023544,南京市建邺区南湖路113号,江苏省,南京市,建邺区,1,2a7a25ec01cd3b636d3e1bb3
5081,5822,江苏城市职业学院学生公寓1,118.753488,32.026754,南京市建邺区应天大街832号,江苏省,南京市,建邺区,1,75202f7ecfda4e78c91b950e
5082,5825,香缇丽舍,118.757581,32.023623,南京市建邺区南湖路109号,江苏省,南京市,建邺区,1,154438a3658abdd7eb12e480
5083,5826,城开怡家西园,118.75506,32.027269,南京市建邺区南湖路28号,江苏省,南京市,建邺区,1,91c13f9353e6e7fa20f017b0
5084,5828,江苏城市职业学院-4号学生公寓,118.753591,32.027366,南京市建邺区城市职业学院4号学生公寓,江苏省,南京市,建邺区,1,649b10dcbd968e5fa11de9ba
5085,5829,天都芳庭,118.756946,32.021875,南京市建邺区南湖街道应天大街815号,江苏省,南京市,建邺区,1,a3f21eee9877a1442eb17eb3
5086,5830,金虹花园,118.758171,32.027719,南京市建邺区南湖路28号,江苏省,南京市,建邺区,1,d219bb1d7cdb6d8bf40e77a1
5087,5831,苏建豪庭,118.751744,32.023784,南京市建邺区庐山路1号,江苏省,南京市,建邺区,1,ba7bce397dfcfd1503ec015e
5088,5832,金陵机动车检测大厦,118.754749,32.021573,南京市建邺区黄山路2号,江苏省,南京市,建邺区,1,15ed53ce0e60ab549322e0b0
5089,5833,利星公寓,118.759384,32.026257,南京市建邺区南湖路99号,江苏省,南京市,建邺区,1,606289fd79921f4da30464b3
5090,5834,安如村,118.755561,32.028885,南京市建邺区湖西街53号,江苏省,南京市,建邺区,1,e3e2cd9d5bed90e3c6f50db0
5091,5835,虹苑新寓四村(嵩山路),118.756453,32.020792,江苏省南京市建邺区黄山路9号虹苑新寓五村(黄山路)附近,江苏省,南京市,建邺区,1,3b26db16c68a71262806cedf
5092,5836,安和小区,118.756526,32.028945,南京市建邺区康泰街安如村,江苏省,南京市,建邺区,1,f66e5c0aac2618d6c9c3db26
5093,5837,省农机大院家属楼,118.75946,32.02679,南京市建邺区南湖路97号,江苏省,南京市,建邺区,1,4cf6334931c13816ad0457d0
5094,5838,盛世公馆,118.754015,32.020768,黄山路12号(河西应天大街与黄山路交汇处),江苏省,南京市,建邺区,1,6f567da157c0d4640bf5eb56
5095,5839,横塘西苑,118.752746,32.02113,南京市建邺区怡康街80号,江苏省,南京市,建邺区,1,c16534054b19f37aab175a13
5096,5841,虹苑四村-五村,118.757311,32.020747,南京市建邺区嵩山路22号附近,江苏省,南京市,建邺区,1,bc513da313801c00f4eafce1
5097,5842,乐基广场-东区,118.752133,32.028395,南京市建邺区集庆门大街169号-3号,江苏省,南京市,建邺区,1,2be0bd00c2a6ba3712882414
5098,5845,春晓大厦,118.760112,32.027796,南京市建邺区南湖路27号210017号,江苏省,南京市,建邺区,1,3c9631853871841ae81e9734
5099,5846,虹苑新寓五村,118.755254,32.020043,江苏省南京市建邺区黄山路9号,江苏省,南京市,建邺区,1,64f14591bcefff95223bf231
5100,5847,安泰小区,118.759566,32.029363,南京市建邺区南湖路22号,江苏省,南京市,建邺区,1,b9e5d0b850f655c181a12ed6
5101,5848,虹苑新寓小区,118.759153,32.020598,南京市建邺区应天大街787号,江苏省,南京市,建邺区,1,7388dffd8d872eead3ff2304
5102,5849,南湖春晓,118.75988,32.027544,南京市建邺区南湖路52号,江苏省,南京市,建邺区,1,8ccb79628e2ca12c26e0a051
5103,5851,健园小区,118.76632,32.024455,南京市建邺区台晔路,江苏省,南京市,建邺区,1,2e92eefabfd9850dc6effb41
5104,5852,发园,118.764779,32.02431,江苏省南京市建邺区南苑发园(台晔路西),江苏省,南京市,建邺区,1,e3082848e5e739bfb24c49b3
5105,5853,南苑小区(集庆门大街),118.766971,32.026016,江苏省南京市建邺区集庆门大街41号,江苏省,南京市,建邺区,1,94b1765f1a950629bca822d3
5106,5854,澄园,118.76369,32.02475,江苏省南京市建邺区南苑所街(思园东100米),江苏省,南京市,建邺区,1,636f72a636a8d3f64f3a596e
5107,5855,晔园,118.766249,32.025869,南京市建邺区集庆门大街41号,江苏省,南京市,建邺区,1,a179de877ae3a80c704b8757
5108,5856,真园,118.762612,32.025931,南京市建邺区文体路90号,江苏省,南京市,建邺区,1,3f9337d6697731b3f62310b3
5109,5857,贡园小区,118.764704,32.022999,南京市建邺区所街16号,江苏省,南京市,建邺区,1,25ec69fc7cb03b00c26c146c
5110,5858,台园趣园,118.764603,32.027007,南京市建邺区文体路14号,江苏省,南京市,建邺区,1,bb1d38e4c306e54d0d0a70b3
5111,5859,庆园,118.76312,32.02677,江苏省南京市建邺区文体路90号,江苏省,南京市,建邺区,1,38e480374ac01c49363a71b3
5112,5860,尚文东苑,118.766268,32.027703,南京市建邺区文体路71号,江苏省,南京市,建邺区,1,cc788fdec0f762f789fc06a0
5113,5861,金轮·翡翠名园,118.763678,32.022452,南京市建邺区南苑街道所街33号(北临所街西接文体路),江苏省,南京市,建邺区,1,ef211e3a65f2491af6c59c38
5114,5862,话园小区,118.763772,32.027813,江苏省南京市建邺区文体路88号,江苏省,南京市,建邺区,1,978b87eb7f4ed846882fb5ec
5115,5863,海苑华庭,118.766146,32.021522,南京市建邺区所街东路5号,江苏省,南京市,建邺区,1,1c57e650c25dfd75fda77831
5116,5864,云河湾,118.76843,32.027651,南京市建邺区集庆门大街36号,江苏省,南京市,建邺区,1,cd9d05dd206ed7b684420eb3
5117,5865,爱达花园-紫藤园,118.768781,32.022523,江苏省南京市建邺区长虹路373号,江苏省,南京市,建邺区,1,cde9fa797b134e69f603b857
5118,5866,未来域一期,118.764867,32.021528,南京市建邺区所街未来域(南京所街店),江苏省,南京市,建邺区,1,fc309145a9260181725e807b
5119,5867,东升村,118.763972,32.030237,南京市建邺区文体路23号,江苏省,南京市,建邺区,1,666c069eb48cf989c51e5117
5120,5868,思园,118.760626,32.024872,江苏省南京市建邺区文体路所街26号,江苏省,南京市,建邺区,1,48eb00582939bfad2ee67bb3
5121,5869,尚文西苑,118.763705,32.02894,"南京市建邺区文体路70,71号",江苏省,南京市,建邺区,1,61085211942856a1c41b75b3
5122,5870,爱达花园,118.76912,32.021273,江苏省南京市建邺区长虹路389号,江苏省,南京市,建邺区,1,93df0dc3de1c8b2b892fb5b0
5123,5871,南湖春晓嘉怡苑,118.761122,32.027464,南京市建邺区南湖路29号,江苏省,南京市,建邺区,1,00e699681b5076e5c1f1cf7d
5124,5872,电站村小区,118.767465,32.029154,南京市建邺区云河北路30号,江苏省,南京市,建邺区,1,81f84ed5d285607dae31e5bf
5125,5873,铂领,118.764542,32.020329,江苏省南京市建邺区应天大街770号,江苏省,南京市,建邺区,1,f041db16aef82a9ce856faf7
5126,5874,彩虹苑,118.767747,32.030217,南京市建邺区长虹路193-1号,江苏省,南京市,建邺区,1,435d7aea4c8605355bbbbcb0
5127,5875,宇园,118.76225,32.029374,南京市建邺区集庆门大街集庆门大街115号,江苏省,南京市,建邺区,1,b414b6998f156b9adf1e52ab
5128,5876,云锦美地-碧云居,118.769911,32.028936,南京市建邺区云河路9-3号附近,江苏省,南京市,建邺区,1,dffcf04f8fb31d0a01294fc6
5129,5877,南京中医药大学职工宿舍-1栋,118.761255,32.029355,南京市建邺区,江苏省,南京市,建邺区,1,fa1e852ecc1e8c102911d1db
5130,5878,三层商务楼商业用房,118.767842,32.027875,南京市建邺区集庆门大街36号3层,江苏省,南京市,建邺区,1,cb23657ff8a9946c08ccdd24
5131,5879,雨花电子商务大厦,118.769163,32.002994,赛虹桥街道雨花南路南京玻璃纤维研究院内,江苏省,南京市,雨花台区,1,c5e81e58ebdfaa8c41d63e01
5132,5880,云河湾七号公馆,118.769134,32.028319,南京市建邺区云河路26号,江苏省,南京市,建邺区,1,84b353115854cfdf3ce231a7
5133,5882,来凤街一号小区,118.775967,32.025807,江苏省南京市秦淮区来凤街1号(凤台路与集庆路交汇处),江苏省,南京市,秦淮区,1,5b7efb56dc1cabccfa42b266
5134,5883,豆腐坊小区,118.776158,32.024351,南京市秦淮区集庆路227号,江苏省,南京市,秦淮区,1,3c087e3b910f3042d42ce2e3
5135,5884,工农兵公寓,118.775811,32.026814,南京市秦淮区来凤街9号-1号,江苏省,南京市,秦淮区,1,083a55fac73c3b79256e98a9
5136,5885,凤游寺-24号,118.776861,32.023791,江苏省南京市秦淮区凤游寺24号,江苏省,南京市,秦淮区,1,a0a76d0b3b9729ff5e17c381
5137,5886,达来花苑,118.776092,32.027242,江苏省南京市秦淮区来凤街9号,江苏省,南京市,秦淮区,1,5b0d4ed47479a1258bdb7373
5138,5887,金粟佳园,118.777522,32.026917,南京市秦淮区来凤街6号,江苏省,南京市,秦淮区,1,dea08c78e981a7c1e0110367
5139,5888,仓顶93号,118.77805,32.026161,江苏省南京市秦淮区仓顶93号,江苏省,南京市,秦淮区,1,4c951ad43ae30f31abf0cd12
5140,5889,仓顶91号,118.778322,32.026073,江苏省南京市秦淮区仓顶91号,江苏省,南京市,秦淮区,1,b0e4144893a61323cd04ef89
5141,5890,花北岗-21号,118.778161,32.0237,江苏省南京市秦淮区花北岗21号,江苏省,南京市,秦淮区,1,d336c6e31f2205695bf6be4c
5142,5891,撮箕巷,118.777691,32.027207,西关头8号,江苏省,南京市,秦淮区,1,7f4699b5d204ec3a1776430f
5143,5892,来凤街住宅,118.77893,32.028802,江苏省南京市秦淮区五福街72号附近,江苏省,南京市,秦淮区,1,e5612198df87f8740782c266
5144,5893,高家苑-18号,118.77921,32.0243,江苏省南京市秦淮区高家苑18号,江苏省,南京市,秦淮区,1,aa3d9d155a3baf47d813188b
5145,5894,来凤新村小区,118.776378,32.028521,南京市秦淮区来凤街50-73号,江苏省,南京市,秦淮区,1,08fc93df0afb35919a68b4a9
5146,5895,五福花园,118.778794,32.027196,太平苑53-63号,江苏省,南京市,秦淮区,1,b388f9fd595a6441b25c6aa8
5147,5896,云锦美地-绮云居,118.772114,32.027331,南京市建邺区云河路1-7号,江苏省,南京市,建邺区,1,15e1e85e789fcea358109328
5148,5897,来凤街二机宿舍大院,118.777007,32.028571,南京市秦淮区二机宿舍来凤街27号,江苏省,南京市,秦淮区,1,049f37fe85dabb85e5073840
5149,5898,太平雅苑,118.778822,32.027583,太平苑64-75号,江苏省,南京市,秦淮区,1,e4b7b7b361cec389da2f2813
5150,5899,来凤小区,118.779714,32.026806,仙鹤街,江苏省,南京市,秦淮区,1,d6ee8724e7e1b39ea8f0cd64
5151,5900,江南名府,118.770825,32.024391,南京市建邺区集庆门大街15号,江苏省,南京市,建邺区,1,4642844a593f2cd9c8fa5fb3
5152,5901,来凤里小区,118.778086,32.028652,南京市秦淮区双塘路85号,江苏省,南京市,秦淮区,1,93df0dc3de158b2b892fb5a9
5153,5902,长虹路140,118.77344,32.028909,南京市建邺区长虹路140号,江苏省,南京市,建邺区,1,302cd46ce72a53b43ce231b3
5154,5903,长虹路社区,118.768552,32.03026,南京市建邺区长虹路134号,江苏省,南京市,建邺区,1,6556b6f2370fdcfb0e3dda95
5155,5904,云锦美地-丽云居,118.772087,32.028543,南京市建邺区长虹路265号,江苏省,南京市,建邺区,1,3f4bb856a28f2ee92afc4856
5156,5905,云锦美地-六期,118.772555,32.028873,江苏省南京市建邺区长虹路265号,江苏省,南京市,建邺区,1,ffb54c7b030ba23ad618b722
5157,5906,西城映象,118.771083,32.02228,南京市建邺区长虹路297号,江苏省,南京市,建邺区,1,6835e3a7ad224e4ee21103b3
5158,5907,润花园,118.77046,32.027318,集庆门大街15号,江苏省,南京市,建邺区,1,dc0f0adc46c0655cf92213b9
5159,5908,来凤小区-东区,118.779705,32.028432,南京市秦淮区五福街来凤小区,江苏省,南京市,秦淮区,1,e5e6ea6baef6e97d3ae4a690
5160,5909,毛家苑小区,118.779029,32.029853,"双塘街毛家苑,毛家苑23号",江苏省,南京市,秦淮区,1,bd2afe5fba55b5348605bf23
5161,5910,鸿仁名居,118.770846,32.021285,南京市建邺区长虹路301号,江苏省,南京市,建邺区,1,3be122e10a3680521ff74db3
5162,5911,云锦美地,118.771255,32.029799,南京市建邺区长虹路251号云锦美地,江苏省,南京市,建邺区,1,052e30d868d212dba2046453
5163,5912,钱家村住宅小区-西门,118.778825,32.010261,南京市雨花台区雨花西路57号,江苏省,南京市,雨花台区,1,cb11f76f5d988e24aecb66bb
5164,5913,钓鱼台224-1临,118.785122,32.024835,江苏省南京市秦淮区集庆路小区旁(皇册家园东南),江苏省,南京市,秦淮区,1,1a529b38802e20d6940319df
5165,5914,皇册家园三期-南第,118.78412,32.0262,江苏省南京市秦淮区双塘路19号,江苏省,南京市,秦淮区,1,ad3cbc5aa754bff8d22dd623
5166,5915,牛市泰禾院子,118.785639,32.027001,双塘街道牛市,江苏省,南京市,秦淮区,1,b8f8cb6d513cc4fc213bf2dc
5167,5916,集庆路小区,118.783843,32.023948,南京市秦淮区磨盘街32号,江苏省,南京市,秦淮区,1,982b4aee2ae66cd5b0077dac
5168,5917,钓鱼台188-1临,118.785355,32.0235,南京市秦淮区钓鱼台南京市钓鱼台小学东2门东南侧约80米,江苏省,南京市,秦淮区,1,ab7d372fc5776945ed74f8d3
5169,5918,钓鱼台131-3临,118.785096,32.023421,南京市秦淮区钓鱼台南京市钓鱼台小学东2门南侧约80米,江苏省,南京市,秦淮区,1,b923848135ae0862d8ecede4
5170,5919,胭脂巷,118.782918,32.02569,江苏省南京市秦淮区集庆路98号,江苏省,南京市,秦淮区,1,23116913124c0b80734b876d
5171,5920,达来佳园,118.783335,32.026427,江苏省南京市秦淮区胭脂巷14号,江苏省,南京市,秦淮区,1,15e1e85ec51053a2591093a9
5172,5921,钓鱼台131-2临,118.78512,32.023226,南京市秦淮区钓鱼台一二三巷南京市钓鱼台小学西南门东南侧约100米,江苏省,南京市,秦淮区,1,84a1a29ad92d41d56d20b957
5173,5922,一品丽庭,118.782829,32.02507,南京市秦淮区集庆路98-104号,江苏省,南京市,秦淮区,1,d219bb1d7cdc6d8bf40e77a8
5174,5924,钓鱼台,118.785143,32.023611,江苏省南京市秦淮区,江苏省,南京市,秦淮区,0,c1d4db1a9040548902ff2d2a
5175,5925,钓鱼台182-1临,118.78551,32.023046,南京市秦淮区钓鱼台南京夫子庙-秦淮风光带,江苏省,南京市,秦淮区,1,6fc7d2566e97ee8a13293503
5176,5926,水斋庵-41号,118.78358,32.023422,江苏省南京市秦淮区水斋庵41号,江苏省,南京市,秦淮区,1,924886b18aa4a9f7400245f6
5177,5927,水斋庵-31号,118.78353,32.022917,江苏省南京市秦淮区水斋庵31号,江苏省,南京市,秦淮区,1,ad2d28ada6d0a9ccbb17e77f
5178,5928,殷高巷小区,118.782516,32.024208,南京市秦淮区集庆路83-97号,江苏省,南京市,秦淮区,1,88f0e15965dfe0150bccddec
5179,5929,水斋庵-37号,118.783538,32.023194,江苏省南京市秦淮区水斋庵37号,江苏省,南京市,秦淮区,1,9327047c7a38cbc99d9d68d5
5180,5930,达来公寓,118.782237,32.025286,南京市秦淮区集庆路118号,江苏省,南京市,秦淮区,1,e85e25276129485394f08ca9
5181,5931,实辉巷小区,118.788332,32.024187,江苏省南京市秦淮区中华路实辉巷1-7号,江苏省,南京市,秦淮区,1,c0daf4f8e4e8a90f1b94c69e
5182,5933,仙鹤里,118.78207,32.02649,南京市秦淮区仙鹤街29号,江苏省,南京市,秦淮区,1,3be122e1643ff6531ff74dab
5183,5934,孝顺里-28号,118.782602,32.023354,江苏省南京市秦淮区孝顺里28号,江苏省,南京市,秦淮区,1,924dd5b1026897b576e5b6d2
5184,5935,花族小镇,118.788367,32.028065,南京市秦淮区中山南路393号101服饰广场B1层,江苏省,南京市,秦淮区,1,8a69f51e34c3b83b3310af1d
5185,5936,水斋庵-25号,118.783372,32.022582,江苏省南京市秦淮区水斋庵25号,江苏省,南京市,秦淮区,1,f489148362b36ab141d63e23
5186,5937,金轮园,118.78164,32.025282,南京市秦淮区双塘街道集庆路120号,江苏省,南京市,秦淮区,1,4edf9fbf19c53894cd06a4a9
5187,5938,皇册家园,118.783019,32.027738,江苏省南京市秦淮区双塘路19号,江苏省,南京市,秦淮区,1,8b6faa37e50f9ae426e0a0e5
5188,5939,许家巷-16号楼,118.789302,32.026884,南京市秦淮区许家巷16号楼,江苏省,南京市,秦淮区,1,7f141d12b85cfa93ee74f817
5189,5940,侨宁公寓,118.788631,32.027798,南京市秦淮区金沙井96号,江苏省,南京市,秦淮区,1,3be122e10a3f80521ff74da8
5190,5941,许苑小区,118.789205,32.026253,南京市秦淮区中华路许家巷17-19号,江苏省,南京市,秦淮区,1,7c05ecaafb808dba4c3a59d0
5191,5942,秦状元里小区,118.789115,32.027252,南京市秦淮区许家巷16号,江苏省,南京市,秦淮区,1,98b6074b173c57015d17c321
5192,5943,江苏金坛万和国际商贸城,118.78159,32.024307,南京市秦淮区集庆路123号永丰大厦7层707室,江苏省,南京市,秦淮区,1,6fc5ce2e8477ed7b100daac3
5193,5944,鞍辔坊小区,118.788336,32.023187,鞍辔坊4号,江苏省,南京市,秦淮区,1,8cedb191d48a7ec6ad080fa6
5194,5945,长乐公寓,118.789127,32.024192,长乐路50号,江苏省,南京市,秦淮区,1,b703e96b9e179bfa8e1a89a9
5195,5946,永丰国际公寓,118.781547,32.024269,南京市秦淮区集庆路123号,江苏省,南京市,秦淮区,1,15d4bd7dc2bb14a2df1e52a6
5196,5947,小百花巷,118.787813,32.022697,南京市秦淮区璇子巷南京夫子庙-秦淮风光带,江苏省,南京市,秦淮区,1,9b6e5576011d341ad12dd66b
5197,5948,水斋庵-39号,118.783527,32.023339,江苏省南京市秦淮区水斋庵39号,江苏省,南京市,秦淮区,1,b9d79edbd765a22df4e73bf9
5198,5949,钓鱼台99-3临,118.785672,32.021937,南京市秦淮区平江府路80-1号,江苏省,南京市,秦淮区,1,f5b2f718edbd13bed618b71d
5199,5951,磨盘街小区,118.784283,32.02206,江苏省南京市秦淮区磨盘街18号,江苏省,南京市,秦淮区,1,5301b73561753bd4eee4a54d
5200,5952,孝顺里-13号,118.782351,32.02286,江苏省南京市秦淮区孝顺里13号,江苏省,南京市,秦淮区,1,adc852a7c01eac47336212c2
5201,5953,磨盘街18号院-南门,118.784176,32.021851,南京市秦淮区磨盘街,江苏省,南京市,秦淮区,1,51af0423c1c2f2018936ee21
5202,5954,荷花塘-10号,118.783031,32.022376,江苏省南京市秦淮区荷花塘10号,江苏省,南京市,秦淮区,1,ae8854a92dbd7fc63913fd1c
5203,5955,仙鹤街小区,118.781111,32.026531,南京市秦淮区仙鹤街20号,江苏省,南京市,秦淮区,1,e5fcfef4e9dc8bdf2202620f
5204,5957,弓箭坊高层住宅小区,118.785627,32.029516,南京市秦淮区弓箭坊53号,江苏省,南京市,秦淮区,1,55fa2c0b3cf2342d1de999a9
5205,5958,弓箭坊高层住宅小区-40号地下停车库,118.786236,32.029273,南京市秦淮区弓箭坊40号,江苏省,南京市,秦淮区,1,0d2b84aa3afc56c22eb96d6c
5206,5959,过街楼13,118.787936,32.022066,过街楼9-1号附近,江苏省,南京市,秦淮区,1,e243cf3bd052fb6c59bbbce7
5207,5960,学智坊-14号,118.781957,32.022655,江苏省南京市秦淮区学智坊14号,江苏省,南京市,秦淮区,1,08678ca12ad4cf7dfe0eb096
5208,5961,钓鱼台91-3临,118.786167,32.021481,钓鱼台91-1号附近,江苏省,南京市,秦淮区,1,344e07bbf3e9106f0e3ddaf8
5209,5962,水斋庵-9号,118.783281,32.021781,江苏省南京市秦淮区水斋庵9号,江苏省,南京市,秦淮区,1,5959e3adefe0f7cff50e77b3
5210,5963,南京侨宁公寓业主委员会,118.788173,32.027855,江苏省南京市秦淮区金沙井96号,江苏省,南京市,秦淮区,1,3f4c2c7475a449ebb34c4981
5211,5964,大学生科技创业见习基地,118.789412,32.023898,秦淮区中华路420号江苏省高新技术创业服务中心6层,江苏省,南京市,秦淮区,1,1a220700decc7c3b01294f16
5212,5965,皇册家园-1期,118.78251,32.02848,南京市秦淮区双塘路19号,江苏省,南京市,秦淮区,1,88a2c82a20abc1af6b49f3e5
5213,5966,皇册家园一至-三区,118.782947,32.028679,南京市秦淮区双塘路19号,江苏省,南京市,秦淮区,1,3409f87534aa016f276e9853
5214,5967,五福里-4号,118.782305,32.022276,江苏省南京市秦淮区五福里4号,江苏省,南京市,秦淮区,1,9e2f5031f1bf4c2ef5b9165b
5215,5969,煤灰堆-17号楼,118.787469,32.021703,江苏省南京市秦淮区鞍辔坊小区西南(小百花巷南),江苏省,南京市,秦淮区,1,43cf69440e23435b1ef74df0
5216,5970,五福里-26号,118.781339,32.022124,江苏省南京市秦淮区五福里26号,江苏省,南京市,秦淮区,1,074d67f5808fba1f03ec01b8
5217,5971,江苏通信大厦,118.780831,32.025157,南京市秦淮区集庆路198号,江苏省,南京市,秦淮区,1,d1469ee79b406262853304a8
5218,5972,五福里-14号,118.781712,32.022437,江苏省南京市秦淮区五福里14号,江苏省,南京市,秦淮区,1,3d80776d1919fabe95ca07b0
5219,5973,五福里-3号,118.782075,32.022044,江苏省南京市秦淮区五福里3号,江苏省,南京市,秦淮区,1,bb5465f66389a77c6318093f
5220,5974,甘露巷住宅区,118.78503,32.020723,江苏省南京市秦淮区青果里六角井客舍(中山南路东),江苏省,南京市,秦淮区,1,f9897f29fda3a65ec16c140b
5221,5975,秦淮科技创业中心办公室,118.790206,32.026792,南京市秦淮区中华路278号秦淮科技创业中心504号,江苏省,南京市,秦淮区,1,7006b52432cb904d10293529
5222,5977,鹤望楼-10号,118.789003,32.028842,江苏省南京市秦淮区鹤望楼10号,江苏省,南京市,秦淮区,1,8bd5774499c129c04f3a5947
5223,5979,鹤望楼-8号,118.788961,32.029032,江苏省南京市秦淮区鹤望楼8号,江苏省,南京市,秦淮区,1,0192a57af8deec244f3a5916
5224,5980,军师巷小区,118.789627,32.022234,南京市秦淮区军师巷56号,江苏省,南京市,秦淮区,1,28e700f1c7c3e901085cb3a9
5225,5981,三山花园住宅小区业主委员会,118.790112,32.028407,南京市秦淮区金沙井12号,江苏省,南京市,秦淮区,1,0eb1c1d614e21ba02a02e1d0
5226,5982,罗马假日,118.786148,32.030129,南京市秦淮区弓箭坊55号,江苏省,南京市,秦淮区,1,3dc9befda1aa5e16bfa240a8
5227,5983,铜坊苑小区,118.782719,32.029532,南京市秦淮区双塘路12号,江苏省,南京市,秦淮区,1,5ffb1816600c735f6e4760a8
5228,5984,鹤望楼-4号,118.789194,32.029171,江苏省南京市秦淮区鹤望楼4号,江苏省,南京市,秦淮区,1,3093ffd5b9d861b3d3ff23b1
5229,5985,五福里-11号,118.781657,32.021858,江苏省南京市秦淮区五福里11号,江苏省,南京市,秦淮区,1,d36cde8756d8202d220220e7
5230,5986,高岗里-1号,118.783126,32.020933,江苏省南京市秦淮区高岗里1号,江苏省,南京市,秦淮区,1,e37d00de0af81f90bea24023
5231,5987,高岗里-4号,118.782809,32.020918,江苏省南京市秦淮区高岗里4号,江苏省,南京市,秦淮区,1,3a0a9db7360f2b0870210b15
5232,5988,仙鹤雅居,118.781239,32.028757,南京市秦淮区仙鹤街66号,江苏省,南京市,秦淮区,1,517a2587f80be1cd31870af2
5233,5989,三山花园城,118.790067,32.028342,金沙井18号,江苏省,南京市,秦淮区,1,34059f9799fdbb5470455ba8
5234,5990,五福里-13号,118.78171,32.021626,江苏省南京市秦淮区五福里13号,江苏省,南京市,秦淮区,1,3f6d295a66aa5ee1471a3291
5235,5991,高岗里-9号,118.783034,32.020764,江苏省南京市秦淮区高岗里9号,江苏省,南京市,秦淮区,1,e9b4abe82462f25c4c6d462b
5236,5992,金沙井,118.790674,32.02767,江苏省南京市秦淮区,江苏省,南京市,秦淮区,0,4d48572d4aed015a5ed4fe5d
5237,5993,高岗里-37号,118.781277,32.020477,江苏省南京市秦淮区高岗里37号,江苏省,南京市,秦淮区,1,0e1ac35cf0f150aff5c59c23
5238,5994,高岗里-12号,118.782895,32.020685,江苏省南京市秦淮区高岗里12号,江苏省,南京市,秦淮区,1,ca4174183a0e8feac8fa5fbb
5239,5995,谢公祠-28号,118.781639,32.021435,江苏省南京市秦淮区谢公祠28号,江苏省,南京市,秦淮区,1,7e33d12f0af00280f4b916c9
5240,5996,商岗里24号,118.78152,32.021039,江苏省南京市秦淮区商岗里24号,江苏省,南京市,秦淮区,1,98ac7fc38e851521cb09f07c
5241,5997,钓鱼台-41-2临,118.78708,32.020413,南京市秦淮区钓鱼台南京市文枢中学东北门北侧约40米,江苏省,南京市,秦淮区,1,43f38bedb4ddcf072806ce81
5242,5998,高岗里-15号,118.782751,32.020437,江苏省南京市秦淮区高岗里15号,江苏省,南京市,秦淮区,1,69fc52d2e3ab31621fe9991c
5243,5999,宏图上福园,118.79031,32.021605,南京市秦淮区马道街1号,江苏省,南京市,秦淮区,1,22ccfc0842f6195b86420e7f
5244,6001,高岗里-18号,118.781942,32.020665,南京市秦淮区高岗里南京夫子庙-秦淮风光带,江苏省,南京市,秦淮区,1,073835bee1602277081cc7e6
5245,6002,谢公祠-32号,118.781124,32.021271,江苏省南京市秦淮区谢公祠32号,江苏省,南京市,秦淮区,1,a2c39d775b09b4dcddee8b50
5246,6003,高岗里小区,118.782017,32.020557,南京市秦淮区高岗里24号,江苏省,南京市,秦淮区,1,2a13e6a7e95e58f2f5c59c23
5247,6004,中华路517号公寓,118.789239,32.020793,南京市秦淮区中华路519号,江苏省,南京市,秦淮区,1,7f778fafa2d9e7616ca3cce4
5248,6005,高岗里-29号,118.781807,32.020509,江苏省南京市秦淮区高岗里29号,江苏省,南京市,秦淮区,1,bc953df94e82654332f71d04
5249,6007,高岗里-31号,118.781625,32.020499,江苏省南京市秦淮区高岗里31号,江苏省,南京市,秦淮区,1,f9edb7dd0e359838c9e33cdc
5250,6008,宏图上福园北园,118.79017,32.021829,江苏省南京市秦淮区马道街1-1号,江苏省,南京市,秦淮区,1,6ed3083ab9cdc1b72a3a9fa9
5251,6009,高岗里-33号,118.781421,32.020491,江苏省南京市秦淮区高岗里33号,江苏省,南京市,秦淮区,1,b02d918010371f12ce04ef98
5252,6012,高岗里-39号,118.781121,32.020373,江苏省南京市秦淮区高岗里39号,江苏省,南京市,秦淮区,1,a7a42bb5e803f67f03ec010a
5253,6013,新月楼,118.790087,32.030245,江苏省南京市秦淮区升州路28号,江苏省,南京市,秦淮区,1,8181a9f3470ed7e74c3a59ff
5254,6014,胡家花园,118.780497,32.022602,江苏省南京市秦淮区鸣羊街45号,江苏省,南京市,秦淮区,1,0a08de4017696f893c9a5efe
5255,6015,中华园-商住楼,118.790415,32.025623,南京市秦淮区中华路363号,江苏省,南京市,秦淮区,1,e3e2cd9d5be590e3c6f50da8
5256,6016,秦淮区中华路办公楼,118.789839,32.022908,江苏省南京市秦淮区中华路465号,江苏省,南京市,秦淮区,1,4953b989e641f2d7ae0457f1
5257,6017,投资大厦,118.787266,32.028935,南京市秦淮区中山南路414号,江苏省,南京市,秦淮区,1,3a0a78bd0acf3cfa621809a8
5258,6018,永丰大厦,118.781523,32.024343,南京市秦淮区集庆路123号,江苏省,南京市,秦淮区,1,f633606ad80579300b69d9ca
5259,6019,宏安大厦,118.780841,32.024249,江苏省南京市秦淮区集庆路127号,江苏省,南京市,秦淮区,1,79cceb36263b85891f5800a8
5260,6020,通服大厦,118.787639,32.026391,秦淮区中山南路501号,江苏省,南京市,秦淮区,1,4bb049d93810ff3a980050b7
5261,6021,西华大厦,118.7897,32.026144,南京市秦淮区中华路302号,江苏省,南京市,秦淮区,1,7d5f3a0a2385bd4b2db908a8
5262,6022,盈嘉大厦,118.788481,32.029205,南京市秦淮区中山南路369号,江苏省,南京市,秦淮区,1,8d5bbf41d78d32642afc4825
5263,6024,精锐SOHO,118.780951,32.02589,江苏省南京市秦淮区仙鹤街2号精锐soho,江苏省,南京市,秦淮区,1,f23120414692543b2db17e57
5264,6025,江苏省科技创业大厦,118.789364,32.023826,南京市秦淮区中华路420号,江苏省,南京市,秦淮区,1,9ee7cc78d9e6947017c905a8
5265,6027,殷高巷小区-77-81单号楼,118.783099,32.024475,集庆路83-97殷高巷小区,江苏省,南京市,秦淮区,1,14edffa6cabd587ae81e976f
5266,6028,东牌楼-2号,118.793684,32.025145,江苏省南京市秦淮区东牌楼2号,江苏省,南京市,秦淮区,1,555bb1bb4ccf9bd9ab175a2f
5267,6029,大四福巷小区,118.794173,32.026719,南京市秦淮区大四福巷9-1号,江苏省,南京市,秦淮区,1,8acc92d90a6150990bb93a48
5268,6030,南京航天管理干部学院-家属区,118.793517,32.026532,南京市秦淮区瞻园路126号,江苏省,南京市,秦淮区,1,0d614bbf534608eec356ac40
5269,6031,一品嘉园,118.797892,32.025044,南京市秦淮区大石坝街53号,江苏省,南京市,秦淮区,1,bb1d38e4c30fe54d0d0a70a8
5270,6032,瞻园路126号建筑,118.792789,32.026225,南京市秦淮区瞻园路126号,江苏省,南京市,秦淮区,1,8fdc8785fc6d9c735cbe8632
5271,6033,琵琶小区,118.796685,32.023453,南京市秦淮区琵琶巷24-36号,江苏省,南京市,秦淮区,1,14076deeff30c5f403294fa8
5272,6034,龙翔隐园,118.797814,32.02449,南京市秦淮区乌衣巷26号,江苏省,南京市,秦淮区,1,1b4f127e9846e1f71811d5ec
5273,6035,东牌楼-74号,118.792371,32.024685,江苏省南京市秦淮区东牌楼74号,江苏省,南京市,秦淮区,1,cf072c28ab10222941d63e63
5274,6036,文晖阁,118.798406,32.026091,江苏省南京市秦淮区大石坝街39号,江苏省,南京市,秦淮区,1,f10988b8b1d5a6b1bb17e708
5275,6037,糟坊园-8号,118.798047,32.023643,江苏省南京市秦淮区糟坊园8号,江苏省,南京市,秦淮区,1,548a9a593adcfba331870a98
5276,6038,闻建和颂中心,118.793049,32.023418,南京市秦淮区长乐路72-6号,江苏省,南京市,秦淮区,1,af3ad8434e39ece851e5c56d
5277,6039,喜乐家园,118.793097,32.023396,江苏省南京市秦淮区长乐路72-3号,江苏省,南京市,秦淮区,1,ea800129d9b1a3c029b97c89
5278,6040,全福小区,118.793393,32.028092,南京市秦淮区大全福巷8号,江苏省,南京市,秦淮区,1,56e88cba6e88a465a5c756a8
5279,6041,长乐路104号院,118.794641,32.022853,南京市秦淮区长乐路104号,江苏省,南京市,秦淮区,1,80d8ad9bfee2603fafee7aa4
5280,6042,小西湖小区,118.794123,32.022557,南京市秦淮区长乐路88号,江苏省,南京市,秦淮区,1,7524cb4fed7e5e3405026fa8
5281,6043,平江府路158号院,118.798973,32.024779,江苏省南京市秦淮区平江府路158号,江苏省,南京市,秦淮区,1,14da68f26bed2b8688db7311
5282,6044,大油坊巷小区,118.792623,32.02283,大油坊巷39-43号,江苏省,南京市,秦淮区,1,6d45e420ad741c84bfa822e5
5283,6045,壮元境-59号,118.793385,32.02858,江苏省南京市秦淮区壮元境59号,江苏省,南京市,秦淮区,1,4b61abb2af03e7ab49fd3fc5
5284,6046,林耀荟广场,118.792816,32.028661,江苏省南京市秦淮区教敷营38号林耀荟广场,江苏省,南京市,秦淮区,1,5b98032db69cbd522dfaa708
5285,6047,白鹭芳洲,118.799703,32.02559,江苏省南京市秦淮区长乐路126号,江苏省,南京市,秦淮区,1,cba36678771b64b8b9df8ff2
5286,6048,金轮新邨,118.799899,32.025411,南京市秦淮区平江府路151号,江苏省,南京市,秦淮区,1,1b422ac2080864e4c26c14b7
5287,6049,江苏省政协宿舍,118.799743,32.0245,西石坝街27号,江苏省,南京市,秦淮区,1,f450037803b37281223bf231
5288,6050,壮元境-73号,118.793185,32.028724,江苏省南京市秦淮区壮元境73号,江苏省,南京市,秦淮区,1,ce7a7c8f67f7aeb040e1927c
5289,6051,壮元境-38号,118.793247,32.028991,江苏省南京市秦淮区壮元境38号,江苏省,南京市,秦淮区,1,511ffd3d445ee86a35b06c07
5290,6052,教敷营-38号,118.792926,32.02861,江苏省南京市秦淮区教敷营38号,江苏省,南京市,秦淮区,1,e11bf0dcf24e94720c0a7061
5291,6053,马道街-143号院,118.798431,32.019679,南京市秦淮区马道街143号,江苏省,南京市,秦淮区,1,77d77b74a72adf9a2d47331c
5292,6054,晨光巷小区,118.789316,32.010794,南京市秦淮区正学路1号,江苏省,南京市,秦淮区,1,c9b61de9ec35f68e22f017c3
5293,6055,水平方(建康路店)-南1门,118.793904,32.029512,南京市秦淮区建康路3号水平方F1,江苏省,南京市,秦淮区,1,be1c6d532f6c2d29c06c1461
5294,6056,西湖里-9号,118.793676,32.021447,江苏省南京市秦淮区西湖里9号,江苏省,南京市,秦淮区,1,1a590d9acf2ce40a95f08c81
5295,6057,箍桶巷19号院,118.794542,32.021154,南京市秦淮区箍桶巷19号,江苏省,南京市,秦淮区,1,aab76f457286441bacee7ac4
5296,6058,水佐营小区,118.797987,32.019685,南京市秦淮区马道街123号,江苏省,南京市,秦淮区,1,0ba99c8792eb30e1e4e965f3
5297,6059,新姚家巷小区,118.798986,32.029195,南京市秦淮区贡院街44号,江苏省,南京市,秦淮区,1,65148d65dc5354a84f6d4615
5298,6060,夫子庙贡院街小区,118.799405,32.028889,江苏省南京市秦淮区夫子庙贡院街30号,江苏省,南京市,秦淮区,1,e43f6f73260264399ff7790d
5299,6061,建康路115号大院,118.794507,32.030157,南京市秦淮区建康路115号航天宾馆附近,江苏省,南京市,秦淮区,1,0a4072bf40dbceea223bf215
5300,6062,上花园,118.795925,32.020759,江苏省南京市秦淮区马道街99号,江苏省,南京市,秦淮区,1,39d43f8280e4e586a9059da9
5301,6063,木匠营-4号,118.797199,32.020607,南京市秦淮区马道街119号,江苏省,南京市,秦淮区,1,f53ec22127898fa20b1cc75c
5302,6065,益仁巷小区,118.796243,32.030568,益仁巷3号204号,江苏省,南京市,秦淮区,1,b3f58033d39fb9f0a0acc49e
5303,6066,木匠营10号,118.797212,32.020897,江苏省南京市秦淮区木匠营10号,江苏省,南京市,秦淮区,1,55e2d8049122c94c9a00505f
5304,6067,润德里9号小区,118.79481,32.030438,江苏省南京市秦淮区太平南路润德里9号,江苏省,南京市,秦淮区,1,049ba922aecc6022f1193788
5305,6068,蔡家苑,118.796526,32.020589,南京市秦淮区马道街99号,江苏省,南京市,秦淮区,1,96374a0f153ed8e6ca213d4e
5306,6069,吉庆里农贸市场,118.767297,32.014684,凤台南路28号南京实验学校南京一中分校旁边,江苏省,南京市,雨花台区,1,2067537cc6f39510095cb39f
5307,6070,饮虹园,118.798654,32.020868,南京市秦淮区平江府路与马道街交叉路口向东北约150米,江苏省,南京市,秦淮区,1,68f6de4952e12c12d2f49e8f
5308,6071,莲子营小区,118.800028,32.021861,南京市秦淮区长乐路157号,江苏省,南京市,秦淮区,1,c2ed2151026d5c9f57bfffe7
5309,6072,中华路商务楼,118.791139,32.030434,南京市秦淮区中华路166号,江苏省,南京市,秦淮区,1,541fb48c5cb63dc4fa0cadc5
5310,6073,桃叶渡小区,118.800034,32.029592,南京市秦淮区贡院街43号,江苏省,南京市,秦淮区,1,4f1328e551c12fa5a8175a53
5311,6074,京隆国际公寓,118.799028,32.030336,南京市秦淮区建康路253号京隆国际,江苏省,南京市,秦淮区,1,6027caa40d54f1f18433045c
5312,6075,信府河-95号,118.790898,32.020574,江苏省南京市秦淮区信府河95号,江苏省,南京市,秦淮区,1,08fda350185b8b89b5147fc9
5313,6076,瞻园铭楼-西门,118.791993,32.025845,江苏省南京市秦淮区瞻园19号、21号,江苏省,南京市,秦淮区,1,f2c167154c987e7329fc489e
5314,6077,瞻园铭楼,118.792339,32.025809,南京市秦淮区瞻园路21号,江苏省,南京市,秦淮区,1,79310268f3c28ca4c909f0a7
5315,6078,夫子庙商贸城(南京古玩城),118.793314,32.02535,南京市秦淮区瞻园路11号,江苏省,南京市,秦淮区,1,31f9101b6539eea027e0a09a
5316,6079,瑞和楼,118.794106,32.024461,江苏省南京市秦淮区钞库街18号,江苏省,南京市,秦淮区,1,9469091d4c94de3ea8059df5
5317,6080,莲子营综合楼,118.799253,32.022178,江苏省南京市秦淮区平江府路199号,江苏省,南京市,秦淮区,1,07e50485b5684c13f7e73b55
5318,6081,白鹭洲综合楼,118.799403,32.022914,南京市秦淮区平江府路191号,江苏省,南京市,秦淮区,1,5fb42bb1e0671618f8dc8564
5319,6084,瞻园商厦,118.790841,32.027315,江苏省南京市秦淮区中华路257号,江苏省,南京市,秦淮区,1,d2c6874feab9ee4c38221c97
5320,6085,曙光天地(来燕路店)-地下停车场,118.794672,32.024404,江苏省南京市秦淮区来燕路1号曙光天地F1,江苏省,南京市,秦淮区,1,315c18b551c22dd7e5e96545
5321,6086,三七八巷,118.79751,32.021989,江苏省南京市秦淮区,江苏省,南京市,秦淮区,0,e8b5d9c848093743353a715d
5322,6087,蕴金广场,118.799139,32.022183,平江府路199号(夫子庙大市场对面),江苏省,南京市,秦淮区,1,bd5da692a97178ca3913fdf7
5323,6088,南京茂业天地,118.791785,32.028739,江苏省南京市秦淮区建康路2号南京茂业天地F1南京茂业天地F1,江苏省,南京市,秦淮区,1,86965bcb1af0dac81f3894f7
5324,6089,自由生活馆,118.793223,32.028937,建康路48-1号,江苏省,南京市,秦淮区,1,8cd2caa1054640ff306212a7
5325,6090,状元境46临,118.79395,32.02845,南京市秦淮区大四福巷南京金陵状元楼大酒店西门西南侧约40米,江苏省,南京市,秦淮区,1,57dfde8b26f3aa5bc26c142f
5326,6091,龙蟠中路小区,118.805337,32.025025,南京市秦淮区龙蟠中路480-484号,江苏省,南京市,秦淮区,1,24d05508f06da5ae13882483
5327,6092,武定门北巷小区,118.804199,32.025371,南京市秦淮区武定门外34号,江苏省,南京市,秦淮区,1,ddc713190a3ee56415c90556
5328,6094,蓝天华门国际花园,118.807403,32.025914,南京市秦淮区龙蟠中路453号,江苏省,南京市,秦淮区,1,e197d0e3669efea1fc0eb0a2
5329,6095,清雅苑,118.805699,32.027492,南京市秦淮区龙蟠中路418号,江苏省,南京市,秦淮区,1,8cba4bb06de1b484ac0457a8
5330,6096,七里街-77号院,118.806159,32.023658,南京市秦淮区七里街77号,江苏省,南京市,秦淮区,1,f00ae04139fc3ba416a190f1
5331,6097,枫丹白露城市花园,118.807442,32.023879,南京市秦淮区龙蟠中路459号,江苏省,南京市,秦淮区,1,b6d8a2dffd9f0feb1e1d1132
5332,6098,七里街20号院,118.806072,32.028133,南京市秦淮区龙蟠中路460号,江苏省,南京市,秦淮区,1,610e6a72f256ccfe28b97c9d
5333,6099,南京酿造公司七里街96号168小区,118.804732,32.022781,南京市秦淮区龙蟠中路542-564号,江苏省,南京市,秦淮区,1,f4e849f63baeff9e2b06ceec
5334,6100,水秀花园-3号,118.808781,32.025783,江苏省南京市秦淮区水秀花园3号,江苏省,南京市,秦淮区,1,6cb36dec6b4edb90c72ba127
5335,6101,长白街-2号院,118.803694,32.027422,南京市秦淮区长白街2号,江苏省,南京市,秦淮区,1,68c9d95380eada8c3586f481
5336,6102,水秀花园-2号,118.809003,32.025754,江苏省南京市秦淮区水秀花园2号,江苏省,南京市,秦淮区,1,dcaf6b5819d9e520cafa5f40
5337,6103,白鹭小区,118.802955,32.027994,南京市秦淮区长白街2号,江苏省,南京市,秦淮区,1,c8e8f633706c386daa0dd89e
5338,6104,枫丹·白露水秀花园,118.809301,32.026273,南京市秦淮区龙蟠中路459号,江苏省,南京市,秦淮区,1,5ecf1e456dc36d82b11e368d
5339,6105,亚都公寓,118.804647,32.022226,江苏省南京市秦淮区龙蟠中路530-5号,江苏省,南京市,秦淮区,1,f1f5cac5c34e989837b06ca8
5340,6106,水秀花园-1号,118.809456,32.025748,江苏省南京市秦淮区水秀花园1号,江苏省,南京市,秦淮区,1,09dc956ed65c908612882447
5341,6108,佳日雅苑,118.805895,32.022171,南京市秦淮区龙蟠中路511号,江苏省,南京市,秦淮区,1,9c74df8e4d0cc8fcb75f1e25
5342,6109,长白街-1号院,118.801601,32.02716,南京市秦淮区长白街1号,江苏省,南京市,秦淮区,1,e32e2553936bf6daaeb22a0a
5343,6110,节制闸,118.807144,32.022498,节制闸路9号,江苏省,南京市,秦淮区,1,6a8163b1ec583c49744ff129
5344,6111,扇骨营35号大院,118.809492,32.027532,南京市秦淮区扇骨营与扇骨营北路交叉路口向东北约100米,江苏省,南京市,秦淮区,1,42aa9491595e7602a8059d0a
5345,6112,扇骨营,118.809336,32.02814,南京市秦淮区扇骨里35号,江苏省,南京市,秦淮区,1,a0d9d257cefd3ffe601c67d6
5346,6113,白鹭东苑,118.80434,32.021391,南京市秦淮区龙蟠中路584号,江苏省,南京市,秦淮区,1,7fd72311bc24e89f5dbe86a9
5347,6114,金陵闸小区,118.800799,32.027327,南京市秦淮区长白街9号,江苏省,南京市,秦淮区,1,d52831f9e42c2ba72ffaa7a9
5348,6115,龙蟠和园,118.809517,32.028328,南京市秦淮区象房村路50号,江苏省,南京市,秦淮区,1,4194ff98c010034f07026ff8
5349,6116,钓鱼巷小区,118.803068,32.03011,南京市秦淮区建康路284号,江苏省,南京市,秦淮区,1,91c13f93538de7fa21f01745
5350,6117,白鹭新村,118.801959,32.021478,南京市秦淮区长乐路169号,江苏省,南京市,秦淮区,1,72e57fd7f52684aff9dc85a9
5351,6118,京门府,118.808527,32.030133,龙蟠中路388号,江苏省,南京市,秦淮区,1,151bd9f76d7648c00b69d9c2
5352,6119,骂架桥3幢小区,118.800634,32.021764,江苏省南京市秦淮区长乐路167-1号,江苏省,南京市,秦淮区,1,7067598742493b3b09b93af9
5353,6120,骂驾桥,118.800865,32.021279,南京市秦淮区长乐路167-1号,江苏省,南京市,秦淮区,1,cf917cb1057d3d2b14c8f654
5354,6121,鸿意地产大厦,118.806437,32.024544,南京市秦淮区美华羽绒制品龙蟠中路459号,江苏省,南京市,秦淮区,1,8fde79ccbf0e98bf94ca07a8
5355,6122,中国太平洋财产保险大厦,118.807332,32.026881,江苏省南京市秦淮区龙蟠中路439号成教大厦,江苏省,南京市,秦淮区,1,d7f8ecf67e2dd1fd4054d704
5356,6123,光华门中和桥30号,118.817798,32.024685,南京市秦淮区中和桥30号,江苏省,南京市,秦淮区,1,88635746f5aabe18bca822a8
5357,6124,象房村小区-5幢,118.813373,32.026268,江苏省南京市秦淮区象房村5幢,江苏省,南京市,秦淮区,1,ea7963239657ed8840ab9ae0
5358,6125,金象园小区,118.818525,32.026146,南京市秦淮区象房村路120号,江苏省,南京市,秦淮区,1,3c0ea7c5f6bbfd9cfbf0cb45
5359,6126,清水花苑,118.811473,32.025763,南京市秦淮区扇骨营30-2号,江苏省,南京市,秦淮区,1,8f30ee54ba1fa84ca2d230cf
5360,6127,象房新村,118.815941,32.027073,南京市秦淮区中和桥路2号,江苏省,南京市,秦淮区,1,bd5752c220e37a8dcb213d56
5361,6128,宏鹰花园,118.816718,32.028911,大光路67号,江苏省,南京市,秦淮区,1,b9e5d0b8ef6410bc81a12e45
5362,6129,中和桥路10号院,118.819668,32.025453,江苏省南京市秦淮区光华路中和桥路10号,江苏省,南京市,秦淮区,1,0e647c13be7437c1d42ce24b
5363,6130,南空光华小区,118.81813,32.028633,南京市秦淮区大光路37号,江苏省,南京市,秦淮区,1,afac109d2d5b108ee31103c7
5364,6131,扇骨里小区,118.811198,32.027412,南京市秦淮区扇骨营148号,江苏省,南京市,秦淮区,1,c1653405b6af5c79aa175aa8
5365,6132,五十五所扇骨营宿舍区,118.810419,32.026572,扇骨里55所41栋-43号,江苏省,南京市,秦淮区,1,55062c013bf1fed58bdb7399
5366,6133,大光路37号院,118.819215,32.028646,南京市秦淮区大光路37号,江苏省,南京市,秦淮区,1,65a26dd4622b65abe8e5826a
5367,6134,香格里拉东苑,118.814639,32.029942,南京市秦淮区大光路55号,江苏省,南京市,秦淮区,1,5211d219e8c2e7247dc876fd
5368,6135,白领易居,118.81895,32.02882,南京市秦淮区大光路35号,江苏省,南京市,秦淮区,1,26e7938d4d3f87c4e5e96505
5369,6136,金陵雅颂居,118.812652,32.030339,南京市秦淮区大光路99号,江苏省,南京市,秦淮区,1,7d7b7ea9dbde762adb13184a
5370,6137,乔虹苑小区,118.813529,32.021029,南京市秦淮区秦虹路313号,江苏省,南京市,秦淮区,1,22e1140770d60eb4d4b74ea8
5371,6138,凤虹苑小区,118.816029,32.020518,秦虹路373号,江苏省,南京市,秦淮区,1,fa01e93764869e37774ff16c
5372,6139,停车场(豪门府第西),118.810293,32.029622,南京市秦淮区酒精厂路香格里拉花园南侧,江苏省,南京市,秦淮区,1,8814269a7877b3762906cebf
5373,6141,大光路38号小区,118.818628,32.030656,大光路38号,江苏省,南京市,秦淮区,1,cca2367b84cdeb1a5bf6be00
5374,6142,大光路36号小区,118.819154,32.030424,南京市秦淮区大光路36号,江苏省,南京市,秦淮区,1,6ac1a6d82db0e51dd8eced11
5375,6143,光华大厦,118.818059,32.029585,南京市秦淮区大光路41号,江苏省,南京市,秦淮区,1,49a02a7a3cfb54592a201ae1
5376,6144,宏鹰大厦,118.816737,32.029935,江苏省南京市秦淮区大光路47号,江苏省,南京市,秦淮区,1,ed0a31c04fa2aa631df74d1d
5377,6146,黄埔鑫园,118.824081,32.024881,光华路2号,江苏省,南京市,秦淮区,1,b7021bf8d37e19faf4e73b45
5378,6147,东城雅筑,118.827164,32.025516,南京市秦淮区光华路16号,江苏省,南京市,秦淮区,1,532c0217048610564251c06d
5379,6148,石门坎100-3号院,118.830278,32.02422,南京市秦淮区石门坎100-3号,江苏省,南京市,秦淮区,1,622dc3949135fc1aa7c75660
5380,6149,鑫园凯旋城,118.826775,32.024025,南京市秦淮区光华路2号,江苏省,南京市,秦淮区,1,6113ef7706269e6a8f7727b6
5381,6151,友谊村中央商场宿舍大院,118.823773,32.028169,光华门,江苏省,南京市,秦淮区,1,c31b805af05af674fd0eb0b6
5382,6152,友谊村,118.826394,32.028446,南京市秦淮区御道街119号,江苏省,南京市,秦淮区,1,3810c8799582ab889c09f71f
5383,6153,御道街115号小区,118.822615,32.028152,南京市秦淮区御道街115号,江苏省,南京市,秦淮区,1,ecba7536e586a64fb54f54d8
5384,6154,光华园-8幢,118.825915,32.028847,南京市秦淮区光华园8幢,江苏省,南京市,秦淮区,1,53283cd6ed0798a13813fd1c
5385,6155,五洲家居装饰广场,118.830848,32.025905,江苏省南京市秦淮区光华路石门坎115号,江苏省,南京市,秦淮区,1,128a922a4956bdd4465726a3
5386,6156,元发商务,118.822806,32.02887,御道街113号光华商厦内,江苏省,南京市,秦淮区,1,60362f0fdc0073c72ce67b4e
5387,6157,中和桥小区,118.820666,32.02476,南京市秦淮区中和桥,江苏省,南京市,秦淮区,1,7491136a8d728fc12b06cef2
5388,6158,御水湾小区(东区),118.823631,32.021631,南京市秦淮区御道街169号,江苏省,南京市,秦淮区,1,3bc3d8f4a6675152bbbd638f
5389,6160,光华东街-14号院,118.825814,32.029847,江苏省南京市秦淮区光华东街14号,江苏省,南京市,秦淮区,1,0f7c6f7cafb99e7d4002459a
5390,6161,中和桥北村,118.820753,32.023621,江苏省南京市秦淮区,江苏省,南京市,秦淮区,1,15a93810b8fab8be14c8f61f
5391,6162,观门口北村-4幢,118.82999,32.023141,江苏省南京市秦淮区观门口北村4幢,江苏省,南京市,秦淮区,1,40aea13eac9ddc3d081cc7b1
5392,6163,观门口北村小区,118.829999,32.023399,南京市秦淮区石门坎100-3号,江苏省,南京市,秦淮区,1,761ecb6ebcf22f4772210b3b
5393,6164,光华东街18号小区,118.823684,32.030138,南京市秦淮区光华东街18号,江苏省,南京市,秦淮区,1,76e603b8baadec18acee7a5f
5394,6165,御道街124号小区,118.821084,32.029065,南京市秦淮区御道街124号,江苏省,南京市,秦淮区,1,846694c597bd5781bb17e787
5395,6166,光华东街16号小区,118.824923,32.030418,南京市秦淮区光华东街16号,江苏省,南京市,秦淮区,1,b5953822942cd1a6ae04570b
5396,6167,华御大厦,118.822848,32.030355,南京市秦淮区御道街69号,江苏省,南京市,秦淮区,1,38e480374aad1c49373a7144
5397,6168,御水湾小区(西区),118.820698,32.022134,南京市秦淮区御道街168号,江苏省,南京市,秦淮区,1,e889a7448d8a48b58605bf45
5398,6169,大光路20号院,118.821498,32.030028,南京市秦淮区大光路20号,江苏省,南京市,秦淮区,1,ce57583926dace1208ccddfa
5399,6170,华东大厦(大光路),118.820449,32.030027,南京市秦淮区大光路26号,江苏省,南京市,秦淮区,1,cb4fd14688d414419d9d6844
5400,6171,御水湾花园-西门,118.821692,32.021626,江苏省南京市秦淮区御道街169号,江苏省,南京市,秦淮区,1,195c214d9975ea597dc87695
5401,6172,藤煌阁,118.821678,32.026062,南京市秦淮区光华路2号石林家居广场(黄埔鑫园西北)5层,江苏省,南京市,秦淮区,1,3c94192c708fe9d30bccddad
5402,6173,鑫园森林海,118.823071,32.025964,江苏省南京市秦淮区光华路2号一期10栋,江苏省,南京市,秦淮区,1,d68e9e87efb9cc5340e19215
5403,6174,金弘基大厦,118.835766,32.025092,南京市秦淮区光华路114号,江苏省,南京市,秦淮区,1,fd13a3f250b238fab1077d44
5404,6175,天堂新村-14号,118.840352,32.024308,天堂新村14号,江苏省,南京市,秦淮区,1,8c53d99f343ee583f60e7706
5405,6176,石门坎110号小区,118.83449,32.024477,南京市秦淮区光华路58号,江苏省,南京市,秦淮区,1,25b32c734309f90a08f5ebc6
5406,6177,天坛新寓,118.835545,32.023898,"南京市秦淮区光华路与苜蓿园大街交叉口,光华路56号",江苏省,南京市,秦淮区,1,7fd72311bc48e89f5cbe8645
5407,6178,停车场(北京华联华东大区西),118.835684,32.026398,南京市秦淮区光华路城开家园东南侧约40米,江苏省,南京市,秦淮区,1,a0804d8cacd9284b43e192b5
5408,6179,建发东城新筑,118.836322,32.023826,江苏省南京市秦淮区苜蓿园大街99号,江苏省,南京市,秦淮区,1,1e4f6d8976b0a824e81e9728
5409,6180,城开家园,118.834504,32.026869,南京市秦淮区苜蓿园大街石门坎119号,江苏省,南京市,秦淮区,1,7d5f3a0a23e6bd4b2cb90845
5410,6181,现代服务大厦,118.832965,32.024869,器石门坎104号,江苏省,南京市,秦淮区,1,1f9b29deb97a564a4c2fdfa5
5411,6182,天坛村小区,118.837758,32.024487,江苏省南京市秦淮区光华路56号,江苏省,南京市,秦淮区,1,23116913d1784cfd734b8745
5412,6183,大地豪庭,118.832646,32.026647,石门坎117号,江苏省,南京市,秦淮区,1,0a46dc0f6b870e5e30621245
5413,6184,天苜雅园,118.837793,32.022768,江苏省南京市秦淮区天苜雅园(苜蓿园大街东),江苏省,南京市,秦淮区,1,8b62f50bd701fca44302459e
5414,6185,紫金名门住宅楼-东门,118.836701,32.027827,南京市秦淮区苜蓿园大街89号,江苏省,南京市,秦淮区,1,fab78d891b054a12d1f49eea
5415,6186,紫金名门写字楼,118.836328,32.028675,江苏省南京市秦淮区苜蓿园大街77号,江苏省,南京市,秦淮区,1,f7c7e3c9e659bb23e6e9657b
5416,6187,天坛新村,118.839489,32.024294,南京市秦淮区军农路18号,江苏省,南京市,秦淮区,1,ca24618d209d161751e5c515
5417,6188,华鑫大厦,118.830904,32.025273,光华路街道华东有色金属地质勘查局石门坎102号,江苏省,南京市,秦淮区,1,f1f5cac5c32a989836b06c44
5418,6189,南京工业职业技术学院(天堂校区)-教工宿舍,118.839376,32.023357,江苏省南京市秦淮区军农路14号,江苏省,南京市,秦淮区,1,30df0a22e1ab8e58c8213d52
5419,6190,广汇商务,118.838461,32.021775,南京市秦淮区军农路2-6号,江苏省,南京市,秦淮区,1,7c61019df82d023ee607385c
5420,6191,工程兵学院,118.844008,32.024732,17路;25路;29路;37路;59路;81路;82路;87路;90路;90路区间;93路;110路;Y24路夜间,江苏省,南京市,秦淮区,0,17f660474e1cc02bf90cad17
5421,6192,富康新村,118.834213,32.029488,南京市秦淮区紫金路51号,江苏省,南京市,秦淮区,1,2e00c5dda053a41cd7851f45
5422,6193,南京工业职业技术学院学生公寓-4号楼,118.840445,32.024021,江苏省南京市秦淮区南京工业职业技术学院(天堂校区),江苏省,南京市,秦淮区,1,aea3246189a36d899d9d68e9
5423,6194,新天地花园(北门),118.835244,32.030182,江苏省南京市秦淮区紫金路天地花园西区富康新村14栋,江苏省,南京市,秦淮区,1,6a45da72800def3647e274b9
5424,6195,天地花园-西区,118.836125,32.027436,南京市秦淮区紫苜路与苜蓿园大街交叉路口往西约90米,江苏省,南京市,秦淮区,1,0850a9f3be40acd56b49f3f0
5425,6196,将军塘,118.839283,32.02175,南京市秦淮区军农路12号,江苏省,南京市,秦淮区,1,bff8fa7d2db3d9a0c8213d45
5426,6197,光华商务-B区,118.83912,32.020463,南京市秦淮区将军塘巷光华科技创意园,江苏省,南京市,秦淮区,1,0e39ee2758e2729a09b93a52
5427,6198,光华商务-C区,118.839313,32.02045,南京市秦淮区将军塘巷光华科技创意园,江苏省,南京市,秦淮区,1,2826ce503c79b67059bbbca0
5428,6199,天地花园,118.836362,32.029851,南京市秦淮区苜蓿园大街与紫金路交叉口,江苏省,南京市,秦淮区,1,e9ce838dde2d474da8175a2a
5429,6200,逸境东苑,118.844383,32.024323,江苏省南京市秦淮区光华路108号,江苏省,南京市,秦淮区,1,acd47686cfd5e6b15d0d02c2
5430,6202,海福巷28号-1幢,118.84235,32.024118,江苏省南京市秦淮区海福巷28号1幢,江苏省,南京市,秦淮区,1,8335ce3dee3ad20cf6c59cf1
5431,6203,四方新村,118.846035,32.022659,南京市秦淮区光华路海福巷,江苏省,南京市,秦淮区,1,4fc3161ac089e7a93a13fd45
5432,6205,银城东岳府,118.848778,32.025542,江苏省南京市秦淮区海福巷71号,江苏省,南京市,秦淮区,1,b9e633438158b2726ca3cc7d
5433,6207,三金福邸,118.842303,32.022213,江苏省南京市秦淮区四方巷8号,江苏省,南京市,秦淮区,1,2c0bd6c59fb171d742ab9abc
5434,6208,四方新村-八村,118.84708,32.021194,南京市秦淮区华新巷附近,江苏省,南京市,秦淮区,1,09f5e3ca6c558d12b42655bb
5435,6210,南航学生宿舍,118.840377,32.024287,南京市秦淮区光华路海福巷天堂新村14号,江苏省,南京市,秦淮区,1,7e200a8c8781a0d080a00cc8
5436,6211,壹城南苑,118.842411,32.020905,江苏省南京市秦淮区三金·福邸南(四方新村西南),江苏省,南京市,秦淮区,1,0e6e8e906e97772d306212bf
5437,6212,逸境南苑,118.842606,32.020673,南京市秦淮区光华路街道光华路四方巷10号,江苏省,南京市,秦淮区,1,9fbbc8d1e0df969e43024585
5438,6213,南京理工大学继续教育学院学生公寓,118.841312,32.020824,南京市秦淮区光华路街道军农路14号,江苏省,南京市,秦淮区,1,4c1ce0bd08164722d7851f40
5439,6214,保洁员公寓(友谊河路),118.850319,32.020902,江苏省南京市秦淮区友谊河路5号,江苏省,南京市,秦淮区,1,7329006f4ab99ab745e27472
5440,6215,将军塘20号小区,118.840617,32.021051,南京市秦淮区将军塘20号,江苏省,南京市,秦淮区,1,c630d09d98d262ed8d77276c
5441,6216,南京蔷蔷公寓,118.82052,32.023254,江苏省南京市秦淮区中和桥12号,江苏省,南京市,秦淮区,1,47a327b6e5b7a4a1631c6785
5442,6217,康定里,118.856538,32.025547,南京市玄武区南理工四号门外,江苏省,南京市,玄武区,1,beabdbf476b56a987069d345
5443,6218,华盛园(光华路),118.856714,32.023946,江苏省南京市秦淮区光华路97号,江苏省,南京市,秦淮区,1,09185c56698da15df1193745
5444,6219,胜利村-108号院,118.85709,32.024307,江苏省南京市玄武区胜利村108号,江苏省,南京市,玄武区,1,7f5da2b3f1393a926f476096
5445,6220,紫金南苑-24号楼,118.853626,32.025853,南京市秦淮区长巷西街紫金南苑,江苏省,南京市,秦淮区,1,067c10eda1baaeca882fb59b
5446,6221,庆盛园小区,118.858809,32.025304,庆盛园6幢,江苏省,南京市,秦淮区,1,251374c989a0173fa11de945
5447,6222,金龙花园小区,118.850809,32.023883,南京市秦淮区友谊河路1号,江苏省,南京市,秦淮区,1,6ee010209054b3ef52e5c545
5448,6223,联合村小区,118.860435,32.025475,南京市秦淮区胜利村路联合村,江苏省,南京市,秦淮区,1,75d0881a2a8fed4d3a04b179
5449,6225,银城东苑-紫荆园,118.855803,32.029542,南京市玄武区紫金东路北50米,江苏省,南京市,玄武区,1,f696f3c2d31f58961a11d5b8
5450,6226,南京理工大学第十六舍A楼,118.858509,32.029419,孝陵卫街200号南京理工大学紫金东路附近,江苏省,南京市,玄武区,1,9d9d6bd48e99d25bf603b850
5451,6228,南京理工大学第十七舍A楼,118.859341,32.029442,江苏省南京市玄武区胜利村路南京理工大学第十七舍A幢,江苏省,南京市,玄武区,1,92db2c8383fc734dca2915fd
5452,6229,南京理工大学学生公寓第五小区知行驿,118.858807,32.030023,江苏省南京市玄武区孝陵卫街200号南京理工大学,江苏省,南京市,玄武区,1,db056b6e0a1259c51f389422
5453,6230,南京理工大学第十七舍B楼,118.859279,32.029667,南京理工大学第十七舍B幢,江苏省,南京市,玄武区,1,58bd52b0987b37148c1a8915
5454,6231,南京理工大学第二十舍-A幢,118.860113,32.029429,南京市玄武区孝陵卫街南京理工大学4号门东侧,江苏省,南京市,玄武区,1,c1da2b53a3f57a6e9703198a
5455,6232,南京理工大学第二十舍-B幢,118.860105,32.029734,孝陵卫街200号南京理工大学301幢,江苏省,南京市,玄武区,1,99a36acc3845472c4054d7b8
5456,6233,南京理工大学-慧质阁,118.85982,32.029777,孝陵卫街200号南京理工大学,江苏省,南京市,玄武区,1,ffd6d40332883cf216b54ba0
5457,6234,江苏有线,118.851816,32.022432,江苏南京市秦淮区友谊河路2号6楼,江苏省,南京市,秦淮区,1,6187460b920996da2cb908e1
5458,6235,德基紫金南苑4栋,118.856643,32.028761,南京市玄武区紫金东路紫金南苑4幢,江苏省,南京市,玄武区,1,89643fc3e9f436a433169b9b
5459,6236,南京理工大学学生宿舍28舍,118.865689,32.026833,江苏省南京市玄武区孝陵卫街200号,江苏省,南京市,玄武区,1,f08d6a6fdd4481a3b75f1ed3
5460,6237,鸿信·清新家园,118.867123,32.026569,南京市秦淮区光华路1号,江苏省,南京市,秦淮区,1,844a750e4e5ebdc4636858a0
5461,6238,必得科技大厦B座-光华路158号A座,118.867914,32.024998,南京市秦淮区光华路158号,江苏省,南京市,秦淮区,1,bde4fbb41d0d8e3bc8213daf
5462,6239,南京理工大学学生宿舍-27舍,118.865054,32.027303,江苏省南京市玄武区孝陵卫街200号,江苏省,南京市,玄武区,1,e217e0367bfe28dfb05c6a74
5463,6240,南京理工大学32舍,118.865935,32.027506,南京市玄武区一号巷南京理工大学,江苏省,南京市,玄武区,1,faa6fbd569fc049d6e20b9ee
5464,6241,南京理工大学高等职业技术学院1号宿舍,118.860882,32.025123,南京市秦淮区胜利村路南京理工大学继续教育学院,江苏省,南京市,秦淮区,1,95e36d797f5493c14354d781
5465,6242,南京理工大学高等职业技术学院教工之家,118.862133,32.024851,南京市秦淮区光华路南京理工大学继续教育学院,江苏省,南京市,秦淮区,1,810857758c89853bc42ba16f
5466,6243,南京理工大学高等职业技术学院9号宿舍,118.861987,32.024735,江苏省南京市秦淮区联合村1号,江苏省,南京市,秦淮区,1,c62c899e10e467e44f3a592e
5467,6244,南京理工大学-学生宿舍南区26舍,118.865177,32.027868,江苏省南京市玄武区光华路135号,江苏省,南京市,玄武区,1,1a368b7c2e1e8708b9bd6306
5468,6245,必得科技大厦A座-光华路160号B座,118.869756,32.025625,南京市秦淮区光华路160号,江苏省,南京市,秦淮区,1,d68ca42155345c542db96d91
5469,6246,南京理工大学高等职业技术学院12号宿舍,118.861824,32.024104,南京市秦淮区光华路南京理工大学继续教育学院,江苏省,南京市,秦淮区,1,35d359b493cb37feb6f42f3e
5470,6247,南京理工大学高等职业技术学院3号宿舍,118.861605,32.025334,南京市秦淮区联合村1号,江苏省,南京市,秦淮区,1,30fe87a06563b2073517dca8
5471,6248,南京理工大学学生宿舍-31舍,118.864167,32.028068,江苏省南京市玄武区孝陵卫街道孝陵卫200号,江苏省,南京市,玄武区,1,a926f29402be88df2fb96dad
5472,6250,万达紫金明珠,118.866191,32.021477,江苏省南京市秦淮区星海路8号,江苏省,南京市,秦淮区,1,b0d056f2a515b17dcac3db1f
5473,6251,南京理工大学学生宿舍-30舍,118.863464,32.028174,江苏省南京市玄武区孝陵卫街200号,江苏省,南京市,玄武区,1,7bbc5be1764efb01d12dd639
5474,6253,南京理工大学学生宿舍-29舍,118.862916,32.028123,江苏省南京市玄武区孝陵卫街道孝陵卫200号,江苏省,南京市,玄武区,1,a6c983076d325f16d3ff23f6
5475,6255,万达新村,118.86107,32.02346,南京市秦淮区光华路海福巷百安居旁,江苏省,南京市,秦淮区,1,fa2d04b42d93f7830bccddaf
5476,6256,鸿意星城,118.870167,32.023554,江苏省南京市秦淮区星海路6号,江苏省,南京市,秦淮区,1,d0b8923f815b91e2b5f42f45
5477,6257,必得科技大厦,118.868908,32.025351,南京市秦淮区光华158号、160号,江苏省,南京市,秦淮区,1,fffafeb6ded47fb3db13187e
5478,6259,星展大厦,118.866596,32.024386,南京市秦淮区光华路156号,江苏省,南京市,秦淮区,1,91d7285eca91036a8605bf7e
5479,6260,STD电子商务大厦,118.877698,32.025254,南京市秦淮区永顺路2号1幢,江苏省,南京市,秦淮区,1,cd0ca9a1429d21baf942b257
5480,6261,首屏大厦B3,118.877835,32.024101,江苏省南京市秦淮区永丰大道12号-3幢,江苏省,南京市,秦淮区,1,c9e19bab5c0237090f0a7027
5481,6262,斯坦德大厦,118.877925,32.025049,南京市秦淮区永丰大道8号,江苏省,南京市,秦淮区,1,fdb79f52e18626c010293581
5482,6263,首屏大厦-B2,118.877942,32.023545,江苏省南京市秦淮区永丰大道12号-2幢,江苏省,南京市,秦淮区,1,bdf682a6c9e24c804054d747
5483,6264,首屏大厦,118.878041,32.023905,南京市秦淮区永丰大道2号,江苏省,南京市,秦淮区,1,1d51c9c5d58ca0bb6c3e1b77
5484,6265,首屏大厦B1,118.878365,32.023874,南京市秦淮区永丰大道秦淮电子商务产业园,江苏省,南京市,秦淮区,1,b4258a9190a71ed6fb2d61d1
5485,6266,孵化大楼,118.874192,32.028174,南京市玄武区光华路1号南京理工大学科技园,江苏省,南京市,玄武区,1,7abcde2017e94c5ff90cad7b
5486,6267,锋晖大厦,118.878683,32.024451,江苏省南京市秦淮区高新科技园永丰大道8号,江苏省,南京市,秦淮区,1,158bfaa0b428cabae6073892
5487,6269,白下高新创新园孵化楼A座,118.874323,32.028003,南京市秦淮区光华路1号,江苏省,南京市,秦淮区,1,3b7c07a722a330fe616858ff
5488,6270,德兰大厦,118.872126,32.026692,南京市秦淮区光华路166号,江苏省,南京市,秦淮区,1,378766c59f250a2fc6effb36
5489,6271,秦淮电子商务产业园,118.877129,32.023003,南京市秦淮区永丰大道与紫光路交叉路口往西北约100米,江苏省,南京市,秦淮区,1,383088a84ccfb7f4d13ce3f5
5490,6272,斯坦德大厦北楼,118.878028,32.025305,永顺路2号1栋附近,江苏省,南京市,秦淮区,1,63c18aeb5d554ce088db732b
5491,6273,江苏汇鸿国际集团分部大厦,118.871835,32.027588,江苏省南京市秦淮区光华路1号,江苏省,南京市,秦淮区,1,fee79300f1a7606e2cb17e26
5492,6274,江苏汇鸿国际集团分部大厦研发孵化综合楼A7,118.872391,32.027599,南京市秦淮区光华路1号,江苏省,南京市,秦淮区,1,8950207338d5235a09a8d45b
5493,6275,白下高新产业园-A幢,118.879103,32.025502,南京市秦淮区紫霞路软件信息服务中心,江苏省,南京市,秦淮区,1,7e60d4a0c8798a0e00ec01ad
5494,6276,白下321大厦,118.870768,32.027177,南京市秦淮区光华路街道光华路127号,江苏省,南京市,秦淮区,1,b69d2c5c65a452bb51e5c5d0
5495,6277,紫金社区,118.871315,32.025527,南京市秦淮区星海路1号,江苏省,南京市,秦淮区,1,f1d416690d8795f06fa3ccec
5496,6278,孝陵卫街179号院-3幢,118.864783,32.040356,江苏省南京市玄武区孝陵卫街179号3幢,江苏省,南京市,玄武区,1,029f688b851520e1b320a800
5497,6279,秦淮紫金人才公寓,118.877077,32.022991,江苏省南京市秦淮区永丰大道18号,江苏省,南京市,秦淮区,1,b369f9a022eb2113220262eb
5498,6280,二十八所-东区,118.882516,32.020774,南京市秦淮区永智路1号,江苏省,南京市,秦淮区,1,dba9322cda8e39e6363a71a0
5499,6281,波沧门大门-西158号,118.887429,32.029536,江苏省南京市玄武区波沧门大门西158号,江苏省,南京市,玄武区,1,afcbb5584b5cc33376e5b671
5500,6282,科创园中央公园1期,118.903669,32.021209,南京市江宁区X001麒麟科技生态中央公园,江苏省,南京市,江宁区,1,920cde7cc750b7b3eaf853dd
5501,6283,大泉水210号,118.926741,32.028995,南京市江宁区G25长深高速附近,江苏省,南京市,江宁区,1,f3d803d4524f3831bb17e7b0
5502,6284,泉水新村咏泉园,118.929145,32.024859,南京市江宁区麒麟门麒麟街道泉水社区,江苏省,南京市,江宁区,1,2a7a25eccfda791e6d3e1bb5
5503,6285,泉水小区(泉水路),118.937359,32.029609,南京市江宁区泉水路218号,江苏省,南京市,江宁区,1,c659d495725f065507fef531
5504,6286,龙泉山庄(差田观大路),118.58495,32.01427,江苏省南京市浦口区珠江镇高旺街道龙泉山庄(差田观大路)附近,江苏省,南京市,浦口区,1,0f3e7d486d6b9631d7851f94
5505,6287,白鹭苑(林荫路),118.6945,32.014743,江心洲白鹭村,江苏省,南京市,建邺区,1,b48d123f468064aebea24042
5506,6288,绿岛新村,118.702212,32.014919,南京市建邺区东寿218号,江苏省,南京市,建邺区,1,5c56edd6cfd1e15aa0d230b0
5507,6289,江心花苑小区,118.702787,32.013011,江苏省南京市建邺区民安路江心花苑小区(绿岛新村南100米),江苏省,南京市,建邺区,1,c05af55e250ef1a104026f5f
5508,6290,郦城御园,118.718617,32.013727,南京市建邺区奥体大街199-3号,江苏省,南京市,建邺区,1,99ced0c5a780e9abb04c490e
5509,6291,碧瑶花园-熙苑,118.719659,32.010842,南京市建邺区乐山路189号,江苏省,南京市,建邺区,1,56d30f0729171fb77bb55c7c
5510,6292,金陵江滨酒店-5号别墅,118.71425,32.015246,江苏省南京市建邺区万景园路8号5号别墅,江苏省,南京市,建邺区,1,9c7cb66ed3666b62f50e77ec
5511,6293,南京奥林匹克体育中心,118.731268,32.014363,南京市建邺区江东中路222号,江苏省,南京市,建邺区,1,287820f181098c170c0a70c2
5512,6294,金马郦城-A区,118.724265,32.011671,江苏省南京市建邺区奥体大街111号,江苏省,南京市,建邺区,1,587d8a25c1c2c34194ec843f
5513,6295,金马郦城,118.724861,32.011517,南京市建邺区奥体大街111号,江苏省,南京市,建邺区,1,fd007c5e323bc96ca9f729b0
5514,6297,金马郦城-B区,118.724613,32.011693,江苏省南京市建邺区奥体大街111号,江苏省,南京市,建邺区,1,0a27c3bc60da8450d3ff23e3
5515,6298,南京奥林匹克体育中心-南门,118.72928,32.01118,江苏省南京市建邺区江东中路222号,江苏省,南京市,建邺区,1,50fb64ff1bd1cf5de8f853b0
5516,6299,金马郦城-西区,118.721453,32.012936,南京市建邺区兴隆街道奥体大街199号,江苏省,南京市,建邺区,1,7c5e480b5de0b8b4acb22ab0
5517,6300,金马郦城-二期,118.723325,32.011939,南京市建邺区奥体大街111号,江苏省,南京市,建邺区,1,38e7a37fb1573fb3c17da27b
5518,6303,商业西区,118.728958,32.014747,南京市建邺区兴隆街道河西中央商务区江东中路222号,江苏省,南京市,建邺区,1,08c6ab197fba73f0932ca3f7
5519,6304,紫鑫商务花园,118.736433,32.017226,南京市建邺区梦都大街132号业鑫商务花园,江苏省,南京市,建邺区,1,20ac5d512148830fc336440e
5520,6305,紫鑫国际公寓,118.737069,32.016974,南京市建邺区梦都大街130号,江苏省,南京市,建邺区,1,149a7e9d439c591e8d7727e3
5521,6307,紫檀雅居,118.737014,32.017872,江苏省南京市建邺区梦都大街126号,江苏省,南京市,建邺区,1,76e0a5b19b0d3d452806ceda
5522,6308,雨润国际广场,118.738775,32.013037,江苏省南京市建邺区河西中央商务区江东中路237号雨润国际广场,江苏省,南京市,建邺区,1,20104441d56cc931c6f025b7
5523,6309,紫鑫中华广场,118.737087,32.018557,"南京市建邺区江东南路220号,奥体中心北侧",江苏省,南京市,建邺区,1,d7fd2ad382f325540accddb0
5524,6310,建筑师工社(商业),118.733535,32.018412,梦都大街150号以北奥体中心北门正对面,江苏省,南京市,建邺区,1,4f6ff486344974613686f4ff
5525,6311,新城大厦E座(牡丹江街),118.739383,32.010721,南京市建邺区江东中路259号,江苏省,南京市,建邺区,1,9d1dd0b9dfef3d06e6073869
5526,6312,仁恒国际公寓,118.740392,32.012035,江苏省南京市建邺区庐山路116号,江苏省,南京市,建邺区,1,a0bb0bc4778f4a0d4afd3ffc
5527,6313,华夏天成,118.732149,32.019183,江苏省南京市建邺区梦都大街156号,江苏省,南京市,建邺区,1,6560b6bc98e32e0d2bb97c36
5528,6314,木樨园,118.733542,32.019859,南京市建邺区华山路159号,江苏省,南京市,建邺区,1,bb1d38e40815a0300d0a70b9
5529,6315,宏普捷座广场-A座,118.740632,32.018877,江苏省南京市建邺区江东中路186-1号,江苏省,南京市,建邺区,1,2a316ac0f46cca04deee8ba9
5530,6316,建邺大厦(新安江街),118.738977,32.009958,南京市建邺区江东中路269号,江苏省,南京市,建邺区,1,1835d20a3751571f1d1d110f
5531,6317,阅江公馆,118.731385,32.013649,江苏省南京市建邺区江东中路222号奥体中心内,江苏省,南京市,建邺区,1,b8a2d96d309d6d3dbd4842d2
5532,6318,新城大厦-二期自行车租车点,118.73893,32.011256,江苏省南京市建邺区江东中路259号,江苏省,南京市,建邺区,1,3165235985655baa04fef595
5533,6319,欧洲城铂金商务,118.74355,32.015415,江苏省南京市建邺区庐山路104号,江苏省,南京市,建邺区,1,9cbb84fd428ce15f90114c75
5534,6320,欧洲城信达商务,118.741175,32.01656,江苏省南京市建邺区江东中路227号,江苏省,南京市,建邺区,1,82d99db8d834196a97ec8401
5535,6321,西提国际第一区,118.742774,32.010893,恒山路120号,江苏省,南京市,建邺区,1,2c2330a50863922de3110334
5536,6322,凯旋丽都花园,118.742539,32.018264,江苏省南京市建邺区江东中路219号,江苏省,南京市,建邺区,1,5a14e035f71ce1d642d63e0d
5537,6323,欧洲城·铂金时代公寓,118.742549,32.016168,南京市建邺区松花江东街99号,江苏省,南京市,建邺区,1,02f13aff6befbbe7cc06a406
5538,6324,兴隆新寓兴宏园,118.744098,32.017695,南京市建邺区兴隆大街139号,江苏省,南京市,建邺区,1,f3c2373c52670b52d32dd6b0
5539,6326,凯旋城广场,118.740792,32.014675,建邺区江东路219号。,江苏省,南京市,建邺区,1,eefd577b668840e5c72ba192
5540,6327,紫荆中心,118.740967,32.019255,江苏省南京市建邺区江东中路170号,江苏省,南京市,建邺区,1,4cfc9e8ca317ed2288db73f0
5541,6329,南京欧洲城,118.74166,32.015086,江苏省南京市建邺区江东路219号(公交车站),江苏省,南京市,建邺区,1,df6f36f31afa933dbca82231
5542,6330,凯旋城广场-B座,118.74163,32.015729,江苏省南京市建邺区江东中路229号,江苏省,南京市,建邺区,1,fdac23b1bfa8fe27d42ce2f8
5543,6331,凯旋城广场-A座,118.742135,32.015489,江苏省南京市建邺区江东中路229号,江苏省,南京市,建邺区,1,531bc60002858dba43ab9acb
5544,6332,石家庄村三队20号,118.748029,32.019562,江苏省南京市建邺区石家庄村三队20号,江苏省,南京市,建邺区,1,e60cab9303294772eb56fa69
5545,6334,腾达雅苑(嵩山路),118.75669,32.016904,怡康路29号,江苏省,南京市,建邺区,1,3c0ea7c5f6d0fd9cfaf0cbb0
5546,6335,苏建艳阳居,118.75404,32.017618,南京市建邺区黄山路19号,江苏省,南京市,建邺区,1,1020060fcb6342a61994c6b0
5547,6336,天成苑,118.752954,32.01954,南京市建邺区黄山路22号,江苏省,南京市,建邺区,1,550fd5f9a63e4a79921fc9b0
5548,6337,怡康新寓,118.760281,32.017764,江苏省南京市建邺区泰山路55号,江苏省,南京市,建邺区,1,3a0a78bd0ac63cfa621809b3
5549,6338,南京城西纺织公寓,118.760241,32.015521,南京市建邺区应天巷28号,江苏省,南京市,建邺区,1,4eb3b533fc7bd075420245b3
5550,6339,金隅紫京府,118.757837,32.013892,江苏省南京市建邺区白鹭东街9号,江苏省,南京市,建邺区,1,1ae1fe99ab7b240743e192fa
5551,6340,招商·雍华府,118.758877,32.016129,南京市建邺区怡康街19号,江苏省,南京市,建邺区,1,a81aa0bdd558dc19ac31e55d
5552,6341,泰山路,118.753155,32.009503,江苏省南京市建邺区,江苏省,南京市,建邺区,0,293b2d4f09219f8eaf04576d
5553,6342,苏星员工宿舍,118.753996,32.012532,南京市建邺区新城科技园舜天产业园,江苏省,南京市,建邺区,1,0216b132e6a45c71f02d8355
5554,6343,虹苑新寓小区-二村,118.75922,32.019801,南京市建邺区应天西路94号,江苏省,南京市,建邺区,1,8d50207e4c8d633435b06c30
5555,6345,凤凰和美,118.769505,32.013007,南京市雨花台区长虹路399号(凤台南路与长虹路交汇处),江苏省,南京市,雨花台区,1,7d74981d0771556057bfffc5
5556,6346,长江装饰城东区综合装饰大楼,118.768848,32.018846,江苏省南京市雨花台区应天大街608号长江装饰城东区2楼,江苏省,南京市,雨花台区,1,720d87df878cfc65d518b718
5557,6347,新百花园,118.760794,32.019323,江苏省南京市建邺区应天大街769号,江苏省,南京市,建邺区,1,eb3675033a040e1b01ec01b3
5558,6348,和记黄埔涟城,118.762774,32.017141,江苏省南京市建邺区西城路1号,江苏省,南京市,建邺区,1,fe44a39c427ddec30c0e6bc4
5559,6349,兴隆纺织公寓,118.761065,32.012075,江苏省南京市建邺区兴隆大街16号,江苏省,南京市,建邺区,1,d663726467f4aac028b97c2c
5560,6350,应天花园(应天大街),118.766821,32.016707,南京市雨花台区应天大街695号,江苏省,南京市,雨花台区,1,befdb292a1b3aee18615418b
5561,6351,禹洲吉庆里,118.766236,32.013905,江苏省南京市雨花台区凤台南路38号,江苏省,南京市,雨花台区,1,3b9c69f897df227ffa0cada2
5562,6352,长虹新寓,118.770222,32.014517,南京市雨花台区长虹路415号,江苏省,南京市,雨花台区,1,08fc93df0ada35919a68b488
5563,6353,涟城里,118.763481,32.015646,南京市建邺区怡康街18号,江苏省,南京市,建邺区,1,565254c7ac82f7822b06ce69
5564,6354,德盈国际广场-8幢,118.770025,32.014763,南京市雨花台区凤台南路1号,江苏省,南京市,雨花台区,1,4fc37cf3cdc9599731870adf
5565,6355,双润居小区,118.762124,32.019344,南京市建邺区应天大街吉山路6号,江苏省,南京市,建邺区,1,0058610815203fa547e274b3
5566,6356,和记黄埔·涟城北区,118.763406,32.017219,秀山路16号,江苏省,南京市,建邺区,1,58aa41da1a807901c6effb13
5567,6357,和记黄浦·涟城-南区,118.762531,32.013942,南京市建邺区秀山路18号,江苏省,南京市,建邺区,1,6f4ed4becf4a3fa0a2a9344b
5568,6358,应天花园(应天大街)-南门,118.766517,32.015329,江苏省南京市雨花台区应天大街高架应天花园,江苏省,南京市,雨花台区,1,675e701b351f84ba6f47606a
5569,6360,德盈国际广场-西门,118.770043,32.014826,江苏省南京市雨花台区德盈国际广场8幢(虹悦城西),江苏省,南京市,雨花台区,1,91ba35abf12dced8d22dd6e2
5570,6361,德安花园,118.767417,31.999433,南京市雨花台区小行路2号,江苏省,南京市,雨花台区,1,3c0ea7c5f6f8fd9cfaf0cb88
5571,6362,亚东观樾,118.772811,32.013124,南京市雨花台区长虹路236号,江苏省,南京市,雨花台区,1,776174bd8d15dd12d23ce3ce
5572,6363,德盈国际广场,118.772305,32.014897,江苏省南京市雨花台区长虹路222号(润泰市场对面),江苏省,南京市,雨花台区,1,2653247222973c21100daa36
5573,6364,亚东国际公寓-二期,118.773686,32.01211,南京市雨花台区雨花街道雨花西路128号,江苏省,南京市,雨花台区,1,ebee7485b3f28265c2f1cfb1
5574,6365,江苏省质量技术监督液压件/齿轮传动产品质量检验站,118.773793,32.007616,南京市雨花台区长虹路445号,江苏省,南京市,雨花台区,1,326fe6b2582cf4139e9d68f5
5575,6368,锦虹美苑,118.771608,32.010869,南京市雨花台区长虹路439号,江苏省,南京市,雨花台区,1,a74481d6ae109646f403b888
5576,6369,南京火柴厂研发综合楼,118.779894,32.010573,南京市雨花台区雨花西路55号,江苏省,南京市,雨花台区,1,52fa1daf538ae7da220220fe
5577,6370,雨花西路230号院,118.771889,32.002723,南京市雨花台区雨花南路与雨花西路交叉口北100米,江苏省,南京市,雨花台区,1,760b8a6f05448d849868b48a
5578,6371,西河沿22号,118.785212,32.016795,南京市秦淮区西河沿水榭华庭西侧,江苏省,南京市,秦淮区,1,4b235b04d431ea3d07fef581
5579,6372,西河沿20号,118.785157,32.016891,南京市秦淮区西河沿水榭华庭西侧,江苏省,南京市,秦淮区,1,86892a922059207a8d7727f4
5580,6375,水榭华庭,118.785958,32.016771,上码头与窑湾街交叉口东南50米,江苏省,南京市,秦淮区,1,06d2dffd687a69f689f15da8
5581,6377,聚宝园(雨花路店),118.78687,32.016376,南京市秦淮区雨花路46号,江苏省,南京市,秦淮区,1,c7fb04bd0a94d015fb0cada9
5582,6380,南宝塔根-16号,118.789059,32.01373,江苏省南京市秦淮区南宝塔根16号,江苏省,南京市,秦淮区,1,67356d89da9155a4c336445f
5583,6381,美河园,118.784402,32.017771,南京市秦淮区中山南路689号,江苏省,南京市,秦淮区,1,4eb3b533fc72d075420245a8
5584,6387,路子铺小区47号楼,118.801332,32.00829,南京市秦淮区路子铺47幢,江苏省,南京市,秦淮区,1,8d079bd342996d2532870adf
5585,6390,长虹路389号-4栋,118.770515,32.019305,江苏省南京市秦淮区应天大街木材公司家属院04幢,江苏省,南京市,秦淮区,1,8a564a30cf7e387207026f78
5586,6391,南宝塔根22号,118.788796,32.013748,南京市秦淮区晨光大道与正学路交叉口南100米,江苏省,南京市,秦淮区,1,f39b1f86d158a8af6cc02c7a
5587,6392,玻纤院住宅区,118.771372,32.004377,南京市雨花台区安德里30号,江苏省,南京市,雨花台区,1,5e53af1a7673185f4051c088
5588,6394,煤灰堆-29号,118.787678,32.021265,江苏省南京市秦淮区煤灰堆29号,江苏省,南京市,秦淮区,1,08bba8c98db08575eedfca48
5589,6395,六角井-57号,118.784811,32.019604,江苏省南京市秦淮区六角井57号,江苏省,南京市,秦淮区,1,59390ac5af69d354902ca3f6
5590,6397,六角井-8号,118.786912,32.019097,江苏省南京市秦淮区六角井8号,江苏省,南京市,秦淮区,1,2a437def81dfa3717c29bdd1
5591,6398,六角井,118.785547,32.01938,六角井,江苏省,南京市,秦淮区,1,ae994c2f4ed3e48032f71d73
5592,6399,六角井-9号,118.786576,32.019117,江苏省南京市秦淮区六角井9号,江苏省,南京市,秦淮区,1,c2f84140ff4059792b06ce18
5593,6400,六角井-13号,118.786438,32.019106,江苏省南京市秦淮区六角井13号,江苏省,南京市,秦淮区,1,a59d0c9286602df49cec2ba6
5594,6402,六角井-31号,118.785969,32.019303,江苏省南京市秦淮区六角井31号,江苏省,南京市,秦淮区,1,2ebe1e1a79dd36f62a201ae7
5595,6403,六角井-49号,118.785434,32.019406,江苏省南京市秦淮区六角井49号,江苏省,南京市,秦淮区,1,f0821f2faa1325b1931fc9ab
5596,6406,晨光公寓,118.789641,32.013366,江苏省南京市秦淮区中华门外正学路1号,江苏省,南京市,秦淮区,1,764672e5f8541eb494ec8475
5597,6407,六角井-40号,118.785355,32.019714,江苏省南京市秦淮区六角井40号,江苏省,南京市,秦淮区,1,2f25471e1472e5770482c2e5
5598,6408,六角井-36号,118.785721,32.019567,江苏省南京市秦淮区六角井36号,江苏省,南京市,秦淮区,1,b58ffbea0123328e13293537
5599,6409,六角井-61号,118.784922,32.019567,江苏省南京市秦淮区六角井61号,江苏省,南京市,秦淮区,1,b4484954d3578ad29e95de8e
5600,6411,六角井-42号,118.785045,32.019639,江苏省南京市秦淮区六角井42号,江苏省,南京市,秦淮区,1,878d6b7d0ac775ce80a00c02
5601,6413,六角井-48号,118.784987,32.019815,江苏省南京市秦淮区六角井48号,江苏省,南京市,秦淮区,1,1639a13e33d964cda4c7568e
5602,6414,六角井-34号,118.785648,32.0198,江苏省南京市秦淮区六角井34号,江苏省,南京市,秦淮区,1,c02f5ab42f27051bcf06a458
5603,6415,雨花东路15号大院,118.787885,32.011578,南京市秦淮区雨花路雨花东路15号,江苏省,南京市,秦淮区,1,57008bc6cdec633cca2915af
5604,6416,雨花苑小区,118.782226,32.011769,江苏省南京市雨花台区雨花西路16号,江苏省,南京市,雨花台区,1,25068747040af54883a00cf0
5605,6417,钓鱼台-19号,118.786667,32.019899,江苏省南京市秦淮区钓鱼台19号,江苏省,南京市,秦淮区,1,4faa34139ceee356ab0dd833
5606,6418,公正村,118.788776,32.011445,江苏省南京市秦淮区雨花路公正村(雨花台风景区北150米),江苏省,南京市,秦淮区,1,394302e5e8ec5adb601c67e6
5607,6419,丁村小区,118.790144,32.012481,南京市秦淮区应天大街408号,江苏省,南京市,秦淮区,1,4f72925f902c302b6fc02ca3
5608,6420,城南芳邻,118.783603,32.010882,南京市雨花台区雨花西路11号,江苏省,南京市,雨花台区,1,a0120643c18aca89cb213d7c
5609,6421,陈家牌坊-21号,118.782747,32.02002,江苏省南京市秦淮区陈家牌坊21号,江苏省,南京市,秦淮区,1,e470cef62eea5dba22026248
5610,6422,普德花园-东区,118.781755,32.010926,南京市雨花台区雨花西路19号,江苏省,南京市,雨花台区,1,8e7d43a5ae218770bda240c6
5611,6423,陈家牌坊-23号,118.782109,32.019892,江苏省南京市秦淮区陈家牌坊23号,江苏省,南京市,秦淮区,1,65bead2a632c6cdf581093fd
5612,6424,苏博花雨公寓(东北门),118.780932,32.011403,南京市雨花台区中山南路高架桥与雨花西路交叉口东南150米,江苏省,南京市,雨花台区,1,80e06ca169d8befa44e27453
5613,6425,陈家牌坊-33号,118.781808,32.019986,江苏省南京市秦淮区陈家牌坊33号,江苏省,南京市,秦淮区,1,be16317bc51317867369d3b1
5614,6426,陈家牌坊-42号,118.781517,32.019817,江苏省南京市秦淮区陈家牌坊42号,江苏省,南京市,秦淮区,1,21f6e6681f3c85c52b11d1c1
5615,6428,陈家牌坊-78号,118.78183,32.020186,江苏省南京市秦淮区陈家牌坊78号,江苏省,南京市,秦淮区,1,c00ffcc1a40b99dc9e82ea95
5616,6429,陈家牌坊-40号,118.78168,32.020179,江苏省南京市秦淮区陈家牌坊40号,江苏省,南京市,秦淮区,1,cfc02985e76591f9d81318a9
5617,6430,绿竹园-41号,118.781135,32.019749,江苏省南京市秦淮区绿竹园41号,江苏省,南京市,秦淮区,1,534a236748f57ccb9868b4d6
5618,6431,陈家牌坊-38号,118.781584,32.020165,江苏省南京市秦淮区陈家牌坊38号,江苏省,南京市,秦淮区,1,ce5552c75f3da51d1b11d549
5619,6432,陈家牌坊-44号,118.781221,32.020023,江苏省南京市秦淮区陈家牌坊44号,江苏省,南京市,秦淮区,1,af88db55b90c8b45dc1e52a5
5620,6433,梅花村,118.790376,32.011107,南京市秦淮区应天大街390号,江苏省,南京市,秦淮区,1,25497e7e6b3ad1f7a6da396a
5621,6435,宏图上福园-南园,118.790132,32.0204,南京市秦淮区马道街6号,江苏省,南京市,秦淮区,1,2171fab58f55b2a2bbbd63da
5622,6436,晨光商务楼,118.790146,32.01394,江苏省南京市秦淮区正学路1号,江苏省,南京市,秦淮区,1,56cf2ea27ef9c5655d0d0265
5623,6437,华西证券大厦-南门,118.787634,32.01075,雨花东路9号,江苏省,南京市,雨花台区,1,78b22f01e253d0b7a2d2309d
5624,6438,钓鱼台41-1临,118.786919,32.020313,南京市秦淮区钓鱼台南京市文枢中学东北门西北侧约40米,江苏省,南京市,秦淮区,1,a5d20510788d41fe9e82ea6c
5625,6439,钓鱼台-5-1临,118.787787,32.019775,南京市秦淮区中华路与钓鱼台交叉口北50米,江苏省,南京市,秦淮区,1,cfb988e258c100cb33621269
5626,6440,边营86号,118.796562,32.016246,江苏省南京市秦淮区边营86号,江苏省,南京市,秦淮区,1,d571036572e46cc6ae045781
5627,6441,枫秦居(老虎头),118.797832,32.015804,南京市秦淮区江宁路4号,江苏省,南京市,秦淮区,1,d991e116596320551e3894a9
5628,6442,仁厚里小区,118.797694,32.015312,南京市秦淮区江宁路4号,江苏省,南京市,秦淮区,1,b1c556e8aa82a60cb52655a8
5629,6443,积善里,118.795947,32.017494,南京市秦淮区三条营南京夫子庙-秦淮风光带,江苏省,南京市,秦淮区,1,5bc8003f9f017f258415415a
5630,6444,转龙车小区,118.797842,32.01684,南京市秦淮区老虎头32号,江苏省,南京市,秦淮区,1,64ff3be10c49cac790114c34
5631,6445,双塘园小区,118.796401,32.01879,南京市秦淮区剪子巷114号,江苏省,南京市,秦淮区,1,227c25856595742726d2bb73
5632,6446,剪子巷小区,118.797654,32.018625,南京市秦淮区剪子巷110号,江苏省,南京市,秦淮区,1,269e74ab85dfcca585420ef6
5633,6447,老虎头小区,118.799186,32.015808,江苏省南京市秦淮区边营14号,江苏省,南京市,秦淮区,1,46b1c4553ac5195d932ca3b3
5634,6448,金城公寓,118.799321,32.014499,南京市秦淮区江宁路3-3号,江苏省,南京市,秦淮区,1,e0f57d04242157776e20b9ca
5635,6449,和园(东门),118.794441,32.012879,江苏省南京市秦淮区1865科技·创意产业园C-3,江苏省,南京市,秦淮区,1,911271d9448e49abe6e96564
5636,6450,剪子巷110号-北门,118.795862,32.018909,南京市秦淮区剪子巷与双塘园交叉口西50米,江苏省,南京市,秦淮区,1,89c105e6379453fe085cb3ad
5637,6451,南京无为文化创意产业园-B座,118.799654,32.015133,江苏省南京市秦淮区江宁路5号,江苏省,南京市,秦淮区,1,00d1079c25afb57b86154135
5638,6452,小心桥小区,118.799281,32.017517,南京市秦淮区小心桥东街南京市教育局老年教师公寓,江苏省,南京市,秦淮区,1,ba1970844dc12595931fc9e9
5639,6453,教育局老年教师公寓,118.799061,32.017738,南京市秦淮区夫子庙街道马道街剪纸巷42号,江苏省,南京市,秦淮区,1,ae01523bf118b8daa2a93465
5640,6454,秦淮花园小区,118.799971,32.014618,南京市秦淮区江宁路３号,江苏省,南京市,秦淮区,1,593850fb45c7d65dde1e52a8
5641,6455,华静家园,118.796671,32.019263,江苏省南京市秦淮区马道街88号,江苏省,南京市,秦淮区,1,ccccfd4a100e3dacca291589
5642,6456,清朝金陵制造局遗址,118.791745,32.014058,江苏省南京市秦淮区南环路a区f3栋,江苏省,南京市,秦淮区,1,108b1cead29ed5ac3486f4a9
5643,6457,杏花苑,118.799794,32.01766,南京市秦淮区江宁路22-24号,江苏省,南京市,秦淮区,1,7a70a8d297334fcac909f040
5644,6458,逸景园-西门,118.800328,32.017099,南京市秦淮区江宁路13-1号,江苏省,南京市,秦淮区,1,13b1171f8cefaf8490114c82
5645,6459,清清百合干洗店,118.797329,32.019742,江苏省南京市秦淮区马道街123-5号,江苏省,南京市,秦淮区,1,1020060fcb6e42a61994c6a7
5646,6460,双桥门-28号,118.799859,32.012656,江苏省南京市秦淮区双桥门28号,江苏省,南京市,秦淮区,1,b8e93d36a808d7b779dbd273
5647,6461,双桥门-20号,118.799784,32.012455,江苏省南京市秦淮区双桥门20号,江苏省,南京市,秦淮区,1,624950009a4158db1811d5f1
5648,6462,雅诗公寓,118.783303,32.008987,南京市雨花台区共青团路普德18商务中心,江苏省,南京市,雨花台区,1,d81d782f38d48ec03ce231e4
5649,6463,双桥门-18号,118.799839,32.012304,江苏省南京市秦淮区双桥门18号,江苏省,南京市,秦淮区,1,c4b7da691b0eac4f53e5c5e2
5650,6464,银杏居,118.800087,32.018581,南京市秦淮区江宁路26号,江苏省,南京市,秦淮区,1,d5464cf89976a557fca778a8
5651,6465,蔡家苑-20号,118.796468,32.020526,江苏省南京市秦淮区蔡家苑20号,江苏省,南京市,秦淮区,1,12aeb32dbc96fe6e9122e02e
5652,6466,木匠营小区,118.79735,32.020451,秦淮马道街119号,江苏省,南京市,秦淮区,1,e56bf5e368dd15390782c268
5653,6467,双桥里15号小区,118.800045,32.012226,江苏省南京市秦淮区双桥里15号,江苏省,南京市,秦淮区,1,9ec1b4e1328c0440130daa88
5654,6468,三条营小区,118.80033,32.018793,南京市秦淮区江宁路银杏居西门东北侧约60米,江苏省,南京市,秦淮区,1,d01be5b71f9386a15bbbbcad
5655,6469,水佐营-14号,118.798147,32.020407,江苏省南京市秦淮区托乐嘉旺邻居,江苏省,南京市,秦淮区,1,c3d9467837bf5c536f476090
5656,6470,雅居乐(马道街),118.791693,32.019868,江苏省南京市秦淮区剪子巷18号,江苏省,南京市,秦淮区,1,07a3bf9bcb70b24d4302452a
5657,6471,土城头1号小区(晨光路),118.798095,32.010592,南京市秦淮区晨光路与双桥门立交交叉路口往南约90米,江苏省,南京市,秦淮区,1,32edef1abc0eab24b3077d77
5658,6472,信府河-97号,118.790797,32.020415,江苏省南京市秦淮区信府河97号,江苏省,南京市,秦淮区,1,250d0a4444dddeed2fb96dca
5659,6473,翡翠芳洲,118.799068,32.012467,南京市秦淮区双桥门双桥门,江苏省,南京市,秦淮区,1,0ab9c92da9fbfbc77bf7964c
5660,6474,1865创意园E10楼,118.794284,32.014523,南京市秦淮区应天大街388号E10幢,江苏省,南京市,秦淮区,1,e4aa7dc79945ec9025e0a07e
5661,6475,南京无为文化创意产业园,118.800257,32.015362,南京市秦淮区江宁路5号,江苏省,南京市,秦淮区,1,cf6bfb452004babeb817e79f
5662,6476,龢园,118.794399,32.012878,应天大街388南京晨光1865创意产业园C,江苏省,南京市,秦淮区,1,fc11c1a9ec9e276c95f08cbc
5663,6477,江苏爱涛公共艺术发展有限公司,118.79368,32.01884,江苏省南京市秦淮区老门东五板桥15号,江苏省,南京市,秦淮区,1,ba6a497b4ddd3bc9725e80b1
5664,6478,南京雅居乐花园,118.805502,32.015497,江苏省南京市秦淮区龙蟠南路33号,江苏省,南京市,秦淮区,1,16843ee9a75b753d1d1d116a
5665,6479,精彩住宅,118.806606,32.018202,南京市秦淮区秦虹路红花村25号,江苏省,南京市,秦淮区,1,07f3c8b537d8a3636340a9a9
5666,6480,蔚蓝星座,118.804799,32.012792,南京市秦淮区龙蟠南路101号,江苏省,南京市,秦淮区,1,4ea3f2f16ac3f5aaafcb66a8
5667,6481,旭光里,118.808358,32.014229,江苏省南京市秦淮区应天大街,江苏省,南京市,秦淮区,1,cac5fc764b1c26f32db96da8
5668,6482,仟居阁公寓,118.806334,32.012407,南京市秦淮区应天大街268-270号,江苏省,南京市,秦淮区,1,4f2d934324b7bb352b06ce58
5669,6483,文安里小区-南区,118.808791,32.017163,南京市秦淮区文东巷与旭光里交叉路口往东北约120米,江苏省,南京市,秦淮区,1,a3f21eee647dc5392eb17ea0
5670,6484,龙蟠花苑-南园,118.807685,32.018617,南京市秦淮区秦虹路80号,江苏省,南京市,秦淮区,1,c410f0765b753c7093114cce
5671,6485,龙蟠花苑,118.807164,32.019231,南京市秦淮区秦虹路41号,江苏省,南京市,秦淮区,1,435d7aea4c8f05355bbbbca9
5672,6486,文安里住宅,118.80926,32.018431,南京市秦淮区文安街与秦虹路交叉口东南角,江苏省,南京市,秦淮区,1,89fd4ea3c4c9b247e4e965a8
5673,6487,江苏省水利厅职工宿舍,118.806355,32.019475,南京市秦淮区秦虹路水利花苑(文安街),江苏省,南京市,秦淮区,1,97eab64c4f1f8ab6ddee8b6c
5674,6489,逸景园,118.80039,32.0164,南京市秦淮区江宁路13-1号,江苏省,南京市,秦淮区,1,803708f1b0cd2779008972a8
5675,6490,赞成领尚,118.806136,32.010902,双桥门宏光路8号,江苏省,南京市,秦淮区,1,3ee7b467e7f5d9e404fef503
5676,6491,红花村,118.808243,32.020267,江苏省南京市秦淮区红花村,江苏省,南京市,秦淮区,1,0a15c7ecc879e5e5ec74f8aa
5677,6492,宇秦园,118.809442,32.011351,南京市秦淮区应天大街116号,江苏省,南京市,秦淮区,1,3f414614860ce48cd42ce20d
5678,6493,长乐花园,118.801525,32.019693,南京市秦淮区长乐路223号,江苏省,南京市,秦淮区,1,61085211782232dcc41b75a0
5679,6494,水利花苑(文安街),118.806448,32.019629,南京市秦淮区红花村165号,江苏省,南京市,秦淮区,1,c3bfe6ca939dc5d19703191a
5680,6495,秦虹商务中心,118.807399,32.010832,南京市秦淮区中牌楼西108号,江苏省,南京市,秦淮区,1,dc0f0adc83da2021f92213a8
5681,6496,南光公司物业办公楼,118.808016,32.015606,南京市秦淮区旭光里2号58号,江苏省,南京市,秦淮区,1,aab2ed426dac11432afc487c
5682,6497,苏尧大厦,118.809606,32.020501,江苏省南京市秦淮区红花村165号-2号,江苏省,南京市,秦淮区,1,78bd50f7887e735b30870aa8
5683,6498,双桥门,118.80009,32.012666,江苏省南京市秦淮区双桥门,江苏省,南京市,秦淮区,1,4f4a7002eb0baa35f503b8e8
5684,6499,康安里住宅区,118.815414,32.016106,秦虹南路7号,江苏省,南京市,秦淮区,1,881a28e701c92a47f842b2a9
5685,6500,岗虹苑小区,118.81464,32.016445,南京市秦淮区秦虹南路56号,江苏省,南京市,秦淮区,1,2c0bd6c530a60caa42ab9aa9
5686,6501,商茂新园,118.817279,32.015385,南京市秦淮区大明路118号(近怡馨花园),江苏省,南京市,秦淮区,1,b25c86936a315e4295f08cc9
5687,6502,康居里小区,118.814823,32.013784,南京市秦淮区秦虹南路168号,江苏省,南京市,秦淮区,1,0cb005df506855caca09f019
5688,6503,明通家园,118.817282,32.014446,南京市秦淮区大明路120号,江苏省,南京市,秦淮区,1,d4034eb3a20b07f6c13644a8
5689,6504,怡馨花园(秦虹路),118.817295,32.017024,南京市秦淮区秦虹路441号,江苏省,南京市,秦淮区,1,61085211942156a1c41b75a8
5690,6505,贸新园小区,118.817984,32.01517,南京市秦淮区大明路118号,江苏省,南京市,秦淮区,1,8c06dc2d97e46a14734b872e
5691,6506,良城美景家园,118.811422,32.014287,南京市秦淮区秦虹南路168号,江苏省,南京市,秦淮区,1,d47568bd25e148492afc48c7
5692,6507,康馨花园,118.815667,32.018023,江苏省南京市秦淮区秦虹南路18号,江苏省,南京市,秦淮区,1,5c466d909429d4ae46e274fb
5693,6508,商茶名府,118.793952,32.012249,江苏省南京市秦淮区应天大街388号b3栋1865,江苏省,南京市,秦淮区,1,274499e8fffbaba532f71dd1
5694,6509,碧水云天,118.816238,32.012224,江苏省南京市秦淮区应天大街15号,江苏省,南京市,秦淮区,1,e96b4420af719f5983288aa9
5695,6510,康美里小区,118.813922,32.012283,南京市秦淮区秦虹应天大街75号,江苏省,南京市,秦淮区,1,669775d08b22c55bfc0eb0a9
5696,6511,秦虹小区,118.813804,32.018669,南京市秦淮区秦虹南路52号,江苏省,南京市,秦淮区,1,9d04eed69e2a271fc9291524
5697,6512,丁家园-15号,118.810874,32.015439,江苏省南京市秦淮区丁家园15号,江苏省,南京市,秦淮区,1,c59b30721c059ed1c42ba1e4
5698,6514,丁家园-20号,118.810751,32.01521,江苏省南京市秦淮区丁家园20号,江苏省,南京市,秦淮区,1,f1a9b8748e259e2e902ca3e8
5699,6515,九龙盛世园,118.817724,32.018716,南京市秦淮区秦虹路443号,江苏省,南京市,秦淮区,1,0ca21f0cadd241a2a2d2301a
5700,6516,高虹苑小区,118.814776,32.019568,秦虹路260号,江苏省,南京市,秦淮区,1,bd3a2299dab1aecdb04c4964
5701,6517,丁家园-32号,118.810537,32.014798,江苏省南京市秦淮区丁家园32号,江苏省,南京市,秦淮区,1,b2aec8b37769fae293114c4e
5702,6518,武定新村,118.811204,32.017938,南京市秦淮区秦虹路98号,江苏省,南京市,秦淮区,1,f9fd6062b1c5a31f0e0e6ba8
5703,6519,大明宏苑,118.814605,32.01092,南京市秦淮区宏光路276号,江苏省,南京市,秦淮区,1,cba09d448f42ef70b8bd6300
5704,6520,新翠林美食休闲中心-地上停车场,118.818619,32.011881,江苏省南京市秦淮区大明路79号,江苏省,南京市,秦淮区,1,16a133f2e77194d89868b46f
5705,6521,龙苑新寓-四村,118.820457,32.013831,南京市秦淮区大校场路36号,江苏省,南京市,秦淮区,1,bf2134bc79461257c7f025cc
5706,6522,康业里小区东区,118.812604,32.011417,南京市秦淮区应天大街119号,江苏省,南京市,秦淮区,1,2d1f372cd3d356e39ff77963
5707,6523,美达·上河明苑,118.818042,32.019855,江苏省南京市秦淮区大明路18号,江苏省,南京市,秦淮区,1,c1653405ef7f1704ab175af7
5708,6524,康业里小区-西区,118.811298,32.011453,南京市秦淮区应天大街119号,江苏省,南京市,秦淮区,1,f6512087cb2b0ab440afe6a6
5709,6525,康业里小区,118.811828,32.011415,应天大街119号,江苏省,南京市,秦淮区,1,91a55674b434aeed2cb96d4b
5710,6526,莺虹苑小区,118.810552,32.020085,南京市秦淮区秦虹路211号,江苏省,南京市,秦淮区,1,1eeed54600c03ff2b4147fa8
5711,6527,龙苑新寓-二村,118.821116,32.015524,江苏省南京市秦淮区秦淮特殊教育学校(怡居园路北),江苏省,南京市,秦淮区,1,eee7952bf0b6319a873304dd
5712,6528,九龙雅苑,118.814139,32.006712,南京市秦淮区大明路210号,江苏省,南京市,秦淮区,1,04bdf4a3c09eea4f344aaea9
5713,6529,龙苑新寓,118.821437,32.017,南京市秦淮区大明路怡居路21号,江苏省,南京市,秦淮区,1,b292b3aa52659756bf4842a8
5714,6530,怡水嘉园(金源路),118.830095,32.017026,南京市秦淮区中和桥路59-8号,江苏省,南京市,秦淮区,1,5211d219fe25d5587cc876a8
5715,6531,东南花苑,118.820346,32.015961,南京市秦淮区怡居路9号,江苏省,南京市,秦淮区,1,850815e10969c89b42e192a9
5716,6532,怡居园,118.820655,32.014839,南京市秦淮区大明路31号,江苏省,南京市,秦淮区,1,38e480374ac91c49363a71a8
5717,6533,戎兴苑,118.828816,32.014627,南京市秦淮区中和桥路142-9号,江苏省,南京市,秦淮区,1,cf2e77e9d92cf9ba08ccdd12
5718,6536,观门口31号,118.82932,32.020321,南京市秦淮区石杨路观门口北村南侧约240米,江苏省,南京市,秦淮区,1,4733b7a1c2c863ab6849f359
5719,6537,观门口121号,118.828161,32.022379,观门口91号附近,江苏省,南京市,秦淮区,1,169e1350f670636cb5147f6f
5720,6542,中和桥路59-8号,118.829848,32.017635,南京市秦淮区中和桥路59-8号,江苏省,南京市,秦淮区,1,37d3e5d45e5cb53c9d82ea55
5721,6544,中和桥-163号,118.834942,32.013899,江苏省南京市秦淮区中和桥163号,江苏省,南京市,秦淮区,1,31cbc67487926b71f7b9162e
5722,6545,中和桥-157号,118.834404,32.013853,江苏省南京市秦淮区中和桥157号,江苏省,南京市,秦淮区,1,f40ec8f2bb820f8f631809c9
5723,6546,中和桥-155号,118.834437,32.013852,江苏省南京市秦淮区中和桥155号,江苏省,南京市,秦淮区,1,e7fa2a02af7738ba75e5b6e9
5724,6547,中和桥-161号,118.834829,32.013632,江苏省南京市秦淮区中和桥161号,江苏省,南京市,秦淮区,1,c3c608d52f34ebd4b4265569
5725,6548,中和桥-165号,118.834901,32.01361,江苏省南京市秦淮区中和桥165号,江苏省,南京市,秦淮区,1,b1cfa43c49743bc8306212cd
5726,6549,七桥瓮-20号,118.83358,32.014693,江苏省南京市秦淮区七桥瓮20号,江苏省,南京市,秦淮区,1,d7840f356e5b22a3213bf26a
5727,6550,中和桥-167号,118.835067,32.013562,江苏省南京市秦淮区中和桥167号,江苏省,南京市,秦淮区,1,6614449eea0c5db87369d3f4
5728,6551,中和桥-133号,118.834063,32.015971,江苏省南京市秦淮区中和桥133号,江苏省,南京市,秦淮区,1,7a425f0ed76462ffb6147f1e
5729,6552,中和桥-119号,118.835296,32.013455,江苏省南京市秦淮区中和桥119号,江苏省,南京市,秦淮区,1,f6b8eab83c0a55a27c29bd91
5730,6553,七桥瓮-102号,118.833297,32.014776,江苏省南京市秦淮区七桥瓮102号,江苏省,南京市,秦淮区,1,b21ab56a2e4510ad0f0e6bea
5731,6554,中和桥路142-10号院,118.831047,32.014497,南京市秦淮区中和桥路142-10号,江苏省,南京市,秦淮区,1,8a108b8f96a31291c16c1460
5732,6555,七桥瓮187号,118.835516,32.013339,南京市秦淮区承天大道与中和桥路交叉路口往东南约90米,江苏省,南京市,秦淮区,1,0bb07d1bd8ad38d78d77276f
5733,6556,七桥瓮189号,118.835677,32.013268,南京市秦淮区承天大道与中和桥路交叉路口往东南约100米,江苏省,南京市,秦淮区,1,453f961c8895386ed42ce21c
5734,6557,七桥瓮-34号,118.833085,32.014921,江苏省南京市秦淮区七桥瓮34号,江苏省,南京市,秦淮区,1,a769210033901e48734b8715
5735,6558,七桥瓮191号,118.835833,32.013209,江苏省南京市秦淮区七桥瓮191号,江苏省,南京市,秦淮区,1,9449e2f9ab77c24ec9fa5f39
5736,6559,七桥瓮72号,118.834145,32.013437,南京市秦淮区承天大道中和桥路142-10号院东侧约260米,江苏省,南京市,秦淮区,1,fbb8966c22a668d4c72ba1d7
5737,6560,中和桥-200号,118.835369,32.012789,江苏省南京市秦淮区中和桥200号,江苏省,南京市,秦淮区,1,a69be80dff38d673b04c496a
5738,6561,七桥瓮-7号,118.832728,32.014531,江苏省南京市秦淮区七桥瓮7号,江苏省,南京市,秦淮区,1,79b5a908ef17bce8e115f96a
5739,6562,七桥瓮-12号,118.832098,32.013992,江苏省南京市秦淮区七桥瓮12号,江苏省,南京市,秦淮区,1,d3df0986be47167f32f71d22
5740,6564,七桥翁-18号,118.832188,32.013272,江苏省南京市秦淮区七桥翁18号,江苏省,南京市,秦淮区,1,52518ee56c4da70ee8e58241
5741,6565,七桥瓮-78号,118.831291,32.015223,江苏省南京市秦淮区七桥瓮78号,江苏省,南京市,秦淮区,1,8aa6681389b88ad7d4851fc0
5742,6566,七桥瓮-56号,118.831634,32.015558,江苏省南京市秦淮区七桥瓮56号,江苏省,南京市,秦淮区,1,ea845a369cfd9a05077ce8da
5743,6567,七桥瓮110号,118.834291,32.012948,江苏省南京市秦淮区七桥瓮110号,江苏省,南京市,秦淮区,1,3f4bb8928ead313925e0a073
5744,6571,七桥瓮44号,118.832438,32.014083,南京市秦淮区中和桥路中和桥路142-10号院东侧约90米,江苏省,南京市,秦淮区,1,9a2a5989c41f3cc1f90cad74
5745,6572,七桥瓮-90号,118.832754,32.013427,江苏省南京市秦淮区七桥翁90号,江苏省,南京市,秦淮区,1,95138a44781541d3fb2d6184
5746,6576,七桥翁30号,118.831895,32.015463,南京市秦淮区七桥瓮30号,江苏省,南京市,秦淮区,1,1a4924ef24b21543d4851f47
5747,6578,七桥翁-3号,118.831719,32.014055,江苏省南京市秦淮区七桥翁3号,江苏省,南京市,秦淮区,1,d5364b71b705148c0b69d92e
5748,6579,七桥翁14号,118.832052,32.013648,江苏省南京市秦淮区七桥翁14号,江苏省,南京市,秦淮区,1,69545c0df43d8f266d20b974
5749,6581,七桥翁-24号,118.831905,32.013556,江苏省南京市秦淮区七桥翁24号,江苏省,南京市,秦淮区,1,471226c2a98e8e213904b189
5750,6583,七桥瓮-94号,118.830274,32.016128,江苏省南京市秦淮区七桥瓮94号,江苏省,南京市,秦淮区,1,9c63b109b47347f64e554780
5751,6585,七桥瓮-199号,118.835968,32.01315,江苏省南京市秦淮区七桥瓮199号,江苏省,南京市,秦淮区,1,ba007105ba48e4212ad7abce
5752,6586,万达江南明珠,118.846265,32.018478,江苏省南京市秦淮区石杨路2号,江苏省,南京市,秦淮区,1,17c708d87684c3bc94ec84e2
5753,6588,银龙雅苑,118.851746,32.010217,西桐路9号,江苏省,南京市,秦淮区,1,7fd2cb24e8265d660869d9e7
5754,6589,银龙花园-三期,118.866767,32.00978,江苏省南京市秦淮区石杨路101号,江苏省,南京市,秦淮区,1,8ea90af8557598a29e82eac6
5755,6590,银龙花园一期小区,118.861608,32.012014,江苏省南京市秦淮区石杨路55号,江苏省,南京市,秦淮区,1,28e700f1c7a7e901095cb345
5756,6591,银龙东苑社区,118.865087,32.011509,南京市秦淮区石杨路101号52幢,江苏省,南京市,秦淮区,1,d3f69c35327dedbd1e1d1134
5757,6592,郑家营-46号,118.870173,32.019743,江苏省南京市秦淮区郑家营46号,江苏省,南京市,秦淮区,1,53429da0198685861d1d1102
5758,6593,郑家营-15号,118.870322,32.019402,江苏省南京市秦淮区郑家营15号,江苏省,南京市,秦淮区,1,5498264c6b3516ab081cc7fa
5759,6594,紫杨佳园,118.860523,32.016928,江苏省南京市秦淮区(绕城高速公路北),江苏省,南京市,秦淮区,1,04a0be6ebc3cb36b6140a9eb
5760,6596,银龙花园一期南区-北门,118.862914,32.013217,南京市秦淮区石杨路55号,江苏省,南京市,秦淮区,1,e6598beb81020f5b5d17c37d
5761,6597,紫杨佳园-东门,118.864477,32.0188,江苏省南京市秦淮区星海路,江苏省,南京市,秦淮区,1,b576fc983f2ca870f4eafc56
5762,6598,银龙花园一期北区-东门,118.865005,32.013659,江苏省南京市秦淮区银龙南苑社区石杨路银龙花园一期旁,江苏省,南京市,秦淮区,1,3a7995b68d4ed651cc06a4b9
5763,6599,银龙花园一期-北区,118.864186,32.014539,南京市秦淮区石杨路50号,江苏省,南京市,秦淮区,1,00f1c7fbfbe6191fc056ac45
5764,6600,天安数码城,118.87526,32.01746,南京市永丰大道36号,江苏省,南京市,秦淮区,1,82533651f8de03adc2364455
5765,6601,江苏省住建大厦,118.877758,32.012652,南京市秦淮区石杨路116号,江苏省,南京市,秦淮区,1,a61fdb5bb05c60d382288a1d
5766,6602,南京生命源大厦,118.879344,32.015352,南京市秦淮区紫云大道18号,江苏省,南京市,秦淮区,1,be18a761dac11d7e6e20b9ae
5767,6603,智方大厦,118.880219,32.015348,南京市秦淮区紫云大道26号,江苏省,南京市,秦淮区,1,5853e0396677da9e8bf15d12
5768,6604,弘瑞大厦,118.87837,32.019282,南京市秦淮区工业园区永丰大道永智路,江苏省,南京市,秦淮区,1,6ef937277d888d52d22dd6af
5769,6606,世茂君望·墅,118.87383,32.013938,南京市秦淮区石杨路108号,江苏省,南京市,秦淮区,1,0d8826a031f308a45abbbccc
5770,6607,银龙鑫苑-北苑,118.873191,32.010501,江苏省南京市秦淮区石杨路107号,江苏省,南京市,秦淮区,1,67a526e6ca80dba104fef55a
5771,6608,富力城-北区,118.887894,32.017226,江苏省南京市江宁区富力城东南70米(运粮河东路东),江苏省,南京市,江宁区,1,8871270fd202884f97031918
5772,6609,富力城-南区,118.88761,32.01579,南京市江宁区东麒路277号,江苏省,南京市,江宁区,1,2f084927d19164a783a00c7d
5773,6610,富力城-2期,118.887623,32.017337,江苏省南京市江宁区富力城二期(运粮河东路东100米),江苏省,南京市,江宁区,1,a4e9fcc0dfc9b34eeddfcac7
5774,6611,富力十号住宅区,118.889539,32.018692,江苏省南京市江宁区运粮河东路703号,江苏省,南京市,江宁区,1,4ca76d30fb5f2f9796ca072e
5775,6612,富力城,118.887949,32.017437,江苏省南京市江宁区科技创新园东麒路277号,江苏省,南京市,江宁区,1,3f87843856bb3ad232870a60
5776,6614,东窦803号,118.912178,32.016112,江苏省南京市江宁区东窦803号,江苏省,南京市,江宁区,1,172271adb7c36a4b6849f36f
5777,6615,东窦801号,118.912557,32.015673,江苏省南京市江宁区东窦801号,江苏省,南京市,江宁区,1,d99236f9da83faebc3364470
5778,6616,东窦804号,118.911037,32.017334,江苏省南京市江宁区东窦804号,江苏省,南京市,江宁区,1,bb0b71f8af7fa29b83a00c46
5779,6617,东窦805号,118.911441,32.017529,江苏省南京市江宁区东窦805号,江苏省,南京市,江宁区,1,24e87126c43cbec228fc48e3
5780,6618,建南社区,118.913742,32.016812,南京市江宁区宝善寺路1号,江苏省,南京市,江宁区,1,8d17073f267747f6a1d2308f
5781,6620,苏宁滨江壹号,118.717856,32.009097,南京市建邺区楠溪江西街111号,江苏省,南京市,建邺区,1,c8941a388e08cae59e95dea4
5782,6621,仁恒江湾城,118.718189,32.006111,南京市建邺区乐山路198号,江苏省,南京市,建邺区,1,a3bf80091df13dd5e4073876
5783,6622,仁恒江湾天成,118.716944,32.002521,江苏省南京市建邺区双闸街道河西大街仁恒江湾城四期,江苏省,南京市,建邺区,1,f6446a61a5f82051400245c8
5784,6623,江湾社区,118.718706,32.004673,南京市建邺区乐山路1987,江苏省,南京市,建邺区,1,e78f80bff604a44638221ced
5785,6624,仁恒江湾城和苑,118.718321,32.000608,江苏省南京市建邺区乐山路207号,江苏省,南京市,建邺区,1,1efbbce15f3a162a1b94c63e
5786,6627,华新城璟园-1期,118.726636,32.005693,南京市建邺区楠溪江西街华新城璟园西南侧约40米,江苏省,南京市,建邺区,1,04734bc6aa64dc2b0c0a70e2
5787,6628,同进文化广场,118.723109,32.005821,江苏省南京市建邺区河西大街198号7楼5单元,江苏省,南京市,建邺区,1,0a393fe4da54c2fc88fc0682
5788,6629,华新城璟园,118.72749,32.006937,南京市建邺区巴山路33号,江苏省,南京市,建邺区,1,6773b527c4028176eb12e4ef
5789,6630,同进大厦,118.72357,32.005676,南京市建邺区河西大街198号,江苏省,南京市,建邺区,1,a80351821fd39ac5fbf0cb33
5790,6631,华新城·珺庭,118.729102,32.006008,南京市建邺区双闸街道奥体巴山路33号,江苏省,南京市,建邺区,1,568c4188e2154b459f09f749
5791,6632,融侨·中央花园-玫瑰街区,118.725184,32.008473,南京市建邺区富春江西街29号,江苏省,南京市,建邺区,1,58f9151015135c7108ccdd6c
5792,6633,仁恒江湾城二期兰苑-西门,118.719669,32.004903,南京市建邺区乐山路199号,江苏省,南京市,建邺区,1,087cb6866639ad64fa42b272
5793,6634,仁恒江湾城兰苑,118.721012,32.004444,南京市建邺区乐山路199号,江苏省,南京市,建邺区,1,f24712b879ff03762ce67bb6
5794,6635,广发银行南京分行总部大楼,118.730086,32.004824,江苏省南京市建邺区江东中路238号,江苏省,南京市,建邺区,1,7481fd59554c70ddd6b74e6a
5795,6636,融侨·中央花园,118.729039,32.008763,江苏省南京市建邺区富春江西街18号,江苏省,南京市,建邺区,1,26dd421f1c19ad88d0ff2340
5796,6637,碧瑶花园-东园,118.722392,32.009963,南京市建邺区乐山路189号,江苏省,南京市,建邺区,1,9dba57be727dcb8f21022001
5797,6638,南京台湾名品城-北门,118.723451,32.007804,南京市建邺区河西大街230号,江苏省,南京市,建邺区,1,0963c82ccc71369a46e27419
5798,6639,融侨·中央花园-枫树街区,118.72636,32.009772,南京市建邺区富春江西街28号,江苏省,南京市,建邺区,1,e7715bb13765bb4dd518b7d3
5799,6640,融侨社区,118.729021,32.01,江苏省南京市建邺区兴隆街道富春江西街18号,江苏省,南京市,建邺区,1,181b0fa4b5ed3072f4e73b2e
5800,6641,南京国金中心,118.728298,31.999672,江东中路345号,江苏省,南京市,建邺区,1,3850e1d50126d16a9e82eaab
5801,6642,嘉业·国际城,118.734841,32.004683,江苏省南京市建邺区庐山路158号,江苏省,南京市,建邺区,1,799902401e51dfacca291588
5802,6643,胜科大楼,118.734099,32.003783,南京市建邺区庐山路新地中心-二期,江苏省,南京市,建邺区,1,c0c304548b3d3fe7b917e770
5803,6644,印象护肤造型,118.736986,32.007842,江苏省南京市建邺区奥体大街118号,江苏省,南京市,建邺区,1,3ec645cb18ce1778f723102f
5804,6646,东方夏威夷,118.734118,32.007442,南京市建邺区江东中路313号齐家网建材馆4层,江苏省,南京市,建邺区,1,70f596f66d3692fef02d832f
5805,6647,中泰国际广场,118.73382,32.006744,江苏省南京市建邺区江东中路313号,江苏省,南京市,建邺区,1,ef52350a55fc0637eb12e425
5806,6650,紫金西城中心-西北门,118.736901,32.00737,南京市建邺区奥体大街118号,江苏省,南京市,建邺区,1,55aa2ecbf327956e8bfc0671
5807,6651,嘉业国际城购物中心-西门,118.73423,32.005212,江苏省南京市建邺区富春江西街嘉业国际城购物中心,江苏省,南京市,建邺区,1,84e88dbc5a5885231d1d11cd
5808,6652,中泰国际广场-西南门,118.73344,32.006527,南京市建邺区江东中路313号附近,江苏省,南京市,建邺区,1,1acf6e2ecc281b9195ca07f9
5809,6653,中泰国际广场-05幢,118.733848,32.007235,南京市建邺区江东中路311号,江苏省,南京市,建邺区,1,c770dedee3c3ab8501294f1c
5810,6655,紫金西城中心,118.736587,32.007514,南京市建邺区庐山路,江苏省,南京市,建邺区,1,2ad32cc365d81b8f9c95deb0
5811,6657,金奥国际购物中心-停车场,118.731382,32.004482,江苏省南京市建邺区江东中路333号号金奥中心,江苏省,南京市,建邺区,1,d9d71ed555292103d13ce3b1
5812,6658,新地中心,118.733043,32.002592,江苏省南京市建邺区庐山路188号,江苏省,南京市,建邺区,1,0298e867ce4aac3f14948ecd
5813,6659,紫金西城中心1幢-北门,118.737665,32.007759,南京市建邺区庐山路118号,江苏省,南京市,建邺区,1,c06b24b0e4fadf7ed12dd62f
5814,6660,奥体名座,118.735098,32.008494,江苏省南京市建邺区奥体大街128号,江苏省,南京市,建邺区,1,3f2a69090bc7f64c17b54ba6
5815,6661,宋都·奥体名座大厦-F座,118.73479,32.008176,江苏省南京市建邺区奥体大街130号,江苏省,南京市,建邺区,1,7b59305b73cb40f9c5effb06
5816,6662,奥体中心东门,118.735778,32.011113,85路;109路;166路;D22路;有轨电车1号线,江苏省,南京市,建邺区,0,aa7f69d9b6ef91d63a04b1fe
5817,6663,东渡新锐大厦,118.737539,32.008506,江苏省南京市建邺区庐山路128号,江苏省,南京市,建邺区,1,2e2c20cdde73f0528bb98821
5818,6664,招银大厦,118.734378,32.000363,庐山路199号,江苏省,南京市,建邺区,1,33308ea56b6c60feb64f548c
5819,6665,华泰证券广场,118.73204,32.007764,南京市建邺区江东中路228号,江苏省,南京市,建邺区,1,487b2fef3f3bc04b6268589c
5820,6666,河西CBD绿轴公园-B2停车场,118.732801,32.00504,江苏省南京市建邺区金奥国际中心(富春江东街南),江苏省,南京市,建邺区,1,e10645c3e03d2874fbf0cb1c
5821,6667,华泰奥体大街项目,118.731266,32.007826,"奥体大街与富春江西街之间,江东中路与巴山路之间",江苏省,南京市,建邺区,1,3de804acb45d61dbd618b70d
5822,6669,联强国际大厦,118.735947,32.009497,南京市建邺区江东中路289号,江苏省,南京市,建邺区,1,637df60aa0ddbe7241afe6b0
5823,6670,银城西堤国际(第五区),118.739493,32.006819,南京市建邺区恒山路128号,江苏省,南京市,建邺区,1,6d9a5740512222a4246e98b8
5824,6671,新锐国际公寓,118.737668,32.008697,江苏省南京市建邺区庐山路128号,江苏省,南京市,建邺区,1,da9f43ab00448db4bca822e0
5825,6672,嘉业阳光城天景苑,118.739604,32.003062,江苏省南京市建邺区黄山路128号,江苏省,南京市,建邺区,1,fdf23fc0c166f3ff17948edc
5826,6673,梧桐花园·南苑,118.735881,32.003074,南京市建邺区恒山路130号,江苏省,南京市,建邺区,1,b1332959a3db4bb14c3a59dd
5827,6674,拉德芳斯梧桐花园-北苑,118.737526,32.004164,南京市建邺区恒山路130号,江苏省,南京市,建邺区,1,fcbc49219198d798d4851fdf
5828,6675,中奥社区党群服务中心,118.739751,31.997945,南京市建邺区嵩山路138号紫金1912·玖爱谷F1,江苏省,南京市,建邺区,1,630afe68e2a2f9089cec2bf7
5829,6676,嘉业阳光城-云景苑,118.7379,32.00088,南京市建邺区富春江东街81号,江苏省,南京市,建邺区,1,1799f41a71fbcccdb5f42f8b
5830,6677,梵思·豪宅,118.734118,32.007443,南京市建邺区江东中路313号,江苏省,南京市,建邺区,1,2d6bf5f77f68f44a4e776e78
5831,6678,嘉业国际壹号公馆,118.734887,32.004746,"南京市建邺区庐山路158号(河西地区,地铁1号线圆通站及地铁2号线奥体东站出站即达)",江苏省,南京市,建邺区,1,dad495ccccf4f53fb21e36af
5832,6679,苏瑞·沁园村,118.740369,32.009028,南京市建邺区奥体庐山路121号,江苏省,南京市,建邺区,1,a8b6631c85d4727382a12e0b
5833,6680,东渡新锐大厦-南裙楼,118.737758,32.007947,南京市建邺区庐山路128号,江苏省,南京市,建邺区,1,47f7ac8c04c989a8373a7139
5834,6681,南京金奥费尔蒙公寓,118.732091,32.005211,南京市建邺区富春江东街与江东中路交叉路口往东南约50米,江苏省,南京市,建邺区,1,d82e24063ab5eade22f017dd
5835,6682,中海·塞纳丽舍西苑,118.745665,32.006136,南京市建邺区嵩山路126号,江苏省,南京市,建邺区,1,4816d6d114e0a26c45572644
5836,6683,中海·塞纳丽舍西苑-西区,118.745759,32.006322,南京市建邺区嵩山路126号,江苏省,南京市,建邺区,1,2ad4e2c67f65c485fa42b25f
5837,6684,万达华府-西苑,118.743999,32.003825,江苏省南京市建邺区嵩山路128号,江苏省,南京市,建邺区,1,fa01e937a3d9d94a764ff1b1
5838,6685,中海·塞纳丽舍(东区),118.747607,32.004772,南京市建邺区新安江路62号,江苏省,南京市,建邺区,1,ba69b1c0dd32430cc16c1420
5839,6687,万达华府-东苑,118.745885,32.002731,南京市建邺区嵩山路129号,江苏省,南京市,建邺区,1,d766c6f2051c712da5da39d5
5840,6688,万科·光明城市西苑,118.747294,32.008371,江苏省南京市建邺区嵩山路122号,江苏省,南京市,建邺区,1,beabdbf476de6a987169d3b0
5841,6689,万科·光明城市,118.749487,32.007202,江苏省南京市建邺区嵩山路121号,江苏省,南京市,建邺区,1,b62a6ef297decb97e31103f5
5842,6690,银城西堤国际,118.740587,32.007856,南京市建邺区恒山路128号,江苏省,南京市,建邺区,1,3dcf54c428ad04d5c056ac59
5843,6692,兴元嘉园小区,118.743446,32.000268,江苏省南京市建邺区嵩山路135号,江苏省,南京市,建邺区,1,06b2fb4d8bc72aad6e20b96a
5844,6693,银城西堤国际西堤坊,118.741253,32.008531,江苏省南京市建邺区新安江街80号,江苏省,南京市,建邺区,1,893317b88aa8bfb1f822134a
5845,6694,江苏中烟工业有限责任公司南京卷烟厂办公楼,118.755468,32.008437,南京市建邺区梦都路28号,江苏省,南京市,建邺区,1,05e906210493689340afe6c6
5846,6695,紫金(建邺科技创业特别社区),118.755455,32.003961,南京市建邺区云龙山路东200米,江苏省,南京市,建邺区,1,98751f0b838e44b63a13fd9a
5847,6696,南区电子商务大楼,118.769238,32.002952,江苏省南京市雨花台区雨花南路51号南区,江苏省,南京市,雨花台区,1,218b582a769a955f9c09f7af
5848,6697,龙福花园,118.764336,32.00439,江苏省南京市雨花台区雨花南路53号,江苏省,南京市,雨花台区,1,37d60a461a36831d1f1d11a6
5849,6698,君悦城市花园,118.769259,32.003382,南京市雨花台区雨花南路51号,江苏省,南京市,雨花台区,1,46e86fdd67e5c76fd03ce388
5850,6699,枫情国度尚园,118.767546,32.002168,江苏省南京市雨花台区雨花南路56号,江苏省,南京市,雨花台区,1,925c550f4ee1d1b25b3ac888
5851,6700,格林美地,118.770102,32.001748,雨花南路安德门,江苏省,南京市,雨花台区,1,ea6fb9c3d140ab02754ff150
5852,6701,V泊·赛虹创业大厦,118.761487,32.00602,江苏省南京市雨花台区凤台南路138号,江苏省,南京市,雨花台区,1,a0fa3fd82b8b21ffc61e5128
5853,6702,凤台南路小区,118.762715,32.007476,江苏省南京市雨花台区凤台南路124号,江苏省,南京市,雨花台区,1,62bbda8b7353ccb6ca1b95e5
5854,6703,安德门-60号,118.767316,32.000532,江苏省南京市雨花台区安德门60号,江苏省,南京市,雨花台区,1,4a6b7f51f37b217802897214
5855,6705,安德门-58号,118.767084,32.000326,江苏省南京市雨花台区安德门58号,江苏省,南京市,雨花台区,1,cc4831417b24bf4ac42ba178
5856,6706,安德门-54号,118.767451,32.000232,江苏省南京市雨花台区安德门54号,江苏省,南京市,雨花台区,1,500ac5627b377924c41b7583
5857,6707,安德门-50号,118.767811,32.000426,江苏省南京市雨花台区安德门50号,江苏省,南京市,雨花台区,1,fe5cb9c1dfefdcbcbbdf8f18
5858,6709,龙福山庄,118.766256,32.001931,南京市雨花台区雨花南路58号(公交车站),江苏省,南京市,雨花台区,1,fa835ce2d4651bb6e912e488
5859,6710,凤台南路124号院,118.762135,32.007109,南京市雨花台区凤台南路124号,江苏省,南京市,雨花台区,1,03bbcc668cc9f4c3f82213a4
5860,6711,能仁里,118.775524,32.005988,南京市雨花台区共青团路58号能仁里,江苏省,南京市,雨花台区,1,505cdfc515a614953f9a5eec
5861,6712,雨花西路206号小区,118.775262,32.00694,南京市雨花台区雨花西路206号,江苏省,南京市,雨花台区,1,57ce792a5a436c97f7eafcaa
5862,6713,先锋青年公寓,118.775558,32.003034,南京市雨花台区雨花西路123-1号,江苏省,南京市,雨花台区,1,22fda68b3b28ada1843304a5
5863,6714,紫淮公寓,118.776315,32.006893,南京市雨花台区雨花西路111-2号,江苏省,南京市,雨花台区,1,8a047df658226f4d0ab93a39
5864,6715,安德公寓,118.773193,32.004739,南京市雨花台区雨花西路212号,江苏省,南京市,雨花台区,1,47a0e8ff697e44f0b21e3640
5865,6716,四季阳光花园,118.776659,32.003453,南京市雨花台区雨花西路121-1号,江苏省,南京市,雨花台区,1,f0d2895b40f2e359cae33c3d
5866,6717,电信局宿舍(长虹路),118.775607,32.0072,南京市雨花台区赛虹桥街道长虹路449-1-2-503室,江苏省,南京市,雨花台区,1,b349c31416b865b4601c678b
5867,6718,能仁里一村小区,118.777938,32.005437,江苏省南京市雨花台区雨花北路能仁里1村,江苏省,南京市,雨花台区,1,43b7e889aa5d6c6a59f6be88
5868,6719,航天晨光股份有限公司单身公寓,118.778112,32.006527,南京市雨花台区雨花北路58号,江苏省,南京市,雨花台区,1,cec61a2bc72760b8e50738c4
5869,6720,能仁新居,118.776833,32.00758,南京市雨花台区雨花街道雨花西路能仁里1号(地铁站),江苏省,南京市,雨花台区,1,c3775d8846bc47a6cb213dc9
5870,6721,长虹路449号,118.774126,32.007754,南京市雨花台区长虹路449号,江苏省,南京市,雨花台区,1,af15fcd7cb410a4d77e5b619
5871,6722,安德新寓,118.772087,32.005195,南京市雨花台区安德里20号,江苏省,南京市,雨花台区,1,af1ae56b67fb51124307c188
5872,6723,共青团路二村,118.779088,32.005415,雨花台区雨花北路能仁里,江苏省,南京市,雨花台区,1,73bd3368cadb4ebc223bf23e
5873,6724,雨花新村-二村,118.779585,32.00477,南京市雨花台区共青团路66号,江苏省,南京市,雨花台区,1,c7fd3ac2daa952f2b220a8e2
5874,6725,能仁里-二村,118.779338,32.006458,南京市雨花台区共青团路56号,江苏省,南京市,雨花台区,1,d2b7af03eae4919204fef5b5
5875,6727,飞龙大厦,118.77678,32.009171,南京市雨花台区钱家村2号,江苏省,南京市,雨花台区,1,f633606a92e3234f0a69d9ad
5876,6728,雨虹雅苑,118.774219,32.009273,长虹路294-298号,江苏省,南京市,雨花台区,1,3dc9befda18b5e16bfa2408b
5877,6729,钱家村住宅小区-16号小区,118.775106,32.009352,钱家村16号,江苏省,南京市,雨花台区,1,f6f6e06b8e6df93f902ca383
5878,6730,绿岛华庭,118.772814,32.00886,南京市雨花台区长虹路441号,江苏省,南京市,雨花台区,1,37d60a46cd7234791e1d117f
5879,6731,邓府山村,118.774683,31.997139,南京市雨花台区雨花南路26号,江苏省,南京市,雨花台区,1,d5f93c0e3edd835cecdfca88
5880,6732,能仁里三村,118.780224,32.007577,江苏省南京市雨花台区共青团路40号,江苏省,南京市,雨花台区,1,7b9580531b06ded238e4a6f6
5881,6733,广厦嘉苑,118.779269,32.008964,南京市雨花台区雨花西路75号,江苏省,南京市,雨花台区,1,80b8e3105a8ec1660a5cb3cf
5882,6734,雨花西路120号院,118.777111,32.009837,南京市雨花台区雨花西路120号,江苏省,南京市,雨花台区,1,e83881355ae0cd8dcd04ef3b
5883,6735,明门公寓,118.77065,32.002156,江苏省南京市雨花台区雨花西路258号,江苏省,南京市,雨花台区,1,eb9aa464acc373172fe67bdd
5884,6736,雨花新村-五村,118.778572,32.000841,南京市雨花台区雨花街道雨花南路雨花新村五村,江苏省,南京市,雨花台区,1,f2c69d42e2b4bcc98bfc068f
5885,6737,明门大厦,118.77048,32.001987,江苏省南京市雨花台区雨花西路258号,江苏省,南京市,雨花台区,1,f88814e1a514e8eb2fb908d4
5886,6738,钱家村住宅小区,118.775279,32.009416,雨花西路57号,江苏省,南京市,雨花台区,1,077d9d36d6f068759e95de5f
5887,6739,普德花园-西区,118.7801,32.009629,南京市雨花台区普德村路与雨花西路交叉路口往南约180米,江苏省,南京市,雨花台区,1,95f3a1f91296a3087069d357
5888,6740,亚东观云国际,118.770536,32.009687,南京市雨花台区窑岗村30号,江苏省,南京市,雨花台区,1,61eb5596d9fde8a56fc02cda
5889,6741,幸福村,118.780261,32.000432,南京市雨花台区雨花南路163号附近,江苏省,南京市,雨花台区,1,53d14971516dab671676435d
5890,6742,悦强商务中心,118.773068,32.003949,南京市雨花台区雨花西路222号,江苏省,南京市,雨花台区,1,d3989ade37687080ede4a550
5891,6743,苏缆大厦,118.774496,32.006034,江苏省南京市雨花台区赛虹桥街道雨花西路210号03幢苏缆大厦,江苏省,南京市,雨花台区,1,c99922c51b84b4bdbca822c7
5892,6744,淳天大厦,118.777004,32.007479,南京市雨花台区能仁里1号,江苏省,南京市,雨花台区,1,9c509eebf58c473295ec84f9
5893,6745,安德里28号,118.769607,32.006292,南京市雨花台区安德里28号,江苏省,南京市,雨花台区,1,b9c4f765b5f10132ca291599
5894,6746,窑岗村,118.77223,32.007857,南京市雨花台区,江苏省,南京市,雨花台区,1,c879fa0187b42349c909f01f
5895,6748,清源楼,118.781434,32.005842,南京市雨花台区共青团路66号,江苏省,南京市,雨花台区,1,9f97b1c533cb237bb74f54b8
5896,6750,共青团路一村,118.780834,32.003746,南京市雨花台区共青团路80号,江苏省,南京市,雨花台区,1,3004dbf19587f9ce14b54baa
5897,6751,雨麓苑,118.784116,32.009339,南京市雨花台区雨花西路3号,江苏省,南京市,雨花台区,1,ea4a3dc9aae45f2e4f55478b
5898,6752,北园,118.781928,32.0024,南京市雨花台区共青团路28号,江苏省,南京市,雨花台区,1,f1a8b0864b0ff86b4154d75c
5899,6754,职工住宅,118.782477,32.001398,南京市雨花台区雨花路215号雨花台风景区,江苏省,南京市,雨花台区,1,0e8751ee617e4b76da2f2819
5900,6755,普德村小区,118.782321,32.007719,普德村132号,江苏省,南京市,雨花台区,1,c7db67107ed9d9e76c3e1ba6
5901,6756,长发·诸公,118.78406,32.000719,南京市雨花台区雨花南路5号,江苏省,南京市,雨花台区,1,cd7a1fd4ef0a64b12806cee8
5902,6757,共青团路51号大院,118.782436,32.001169,南京市雨花台区共青团路51号,江苏省,南京市,雨花台区,1,a90a7fd6f89c21988c1a893c
5903,6758,普德村132号院(东门),118.783306,32.008688,南京市雨花台区共青团路41号附近,江苏省,南京市,雨花台区,1,e982a2826c8ee93f88b9884e
5904,6759,雨花新村,118.781491,32.004289,江苏省南京市雨花台区共青团路55号,江苏省,南京市,雨花台区,1,fdb160958c93d527157643b3
5905,6760,雨花台风景区管理局办公楼,118.78714,32.010147,南京市雨花台区雨花路215号雨花台风景区,江苏省,南京市,雨花台区,1,b64a88a08d761238d3ff23a7
5906,6761,南山别墅,118.781258,32.00152,南京市雨花台区共青团路28号,江苏省,南京市,雨花台区,1,a50946b46e7e5bcd00ec01f1
5907,6762,普德村流动人口公寓,118.7816,32.009521,南京市雨花台区普德村148号,江苏省,南京市,雨花台区,1,3d078d53e27182bb770269de
5908,6763,共青团路四村,118.780741,32.000227,江苏省南京市雨花台区共青团路53号附近,江苏省,南京市,雨花台区,1,77bd8d762785ccd58bfc06c7
5909,6764,雨花新村-四村,118.780329,32.000471,江苏省南京市雨花台区雨花新村四村(雨花南路北60米),江苏省,南京市,雨花台区,1,8af391aa420c7cb815c90570
5910,6765,普德18商务中心,118.78322,32.009154,南京市雨花台区共青团路18号,江苏省,南京市,雨花台区,1,0a4c963c27b28969dc1e524f
5911,6766,普天公寓,118.796822,32.005408,南京市秦淮区普天路1号,江苏省,南京市,秦淮区,1,a22d97925fe787304d776e6c
5912,6767,养回红村五号小区(雨花东路),118.793271,32.005085,江苏省南京市秦淮区雨花东路5号,江苏省,南京市,秦淮区,1,c5ddcc083147cabad81318f5
5913,6768,养虎仓-36号,118.79691,32.006962,江苏省南京市秦淮区养虎仓36号,江苏省,南京市,秦淮区,1,508a7904a96edc19f50e773b
5914,6769,养虎仓-34号,118.796846,32.006737,江苏省南京市秦淮区养虎仓34号,江苏省,南京市,秦淮区,1,4ef154855c634f882806ceed
5915,6771,养虎仓-31号,118.796982,32.007091,江苏省南京市秦淮区养虎仓31号,江苏省,南京市,秦淮区,1,73583dc9caf839872eb96d5e
5916,6772,爱涛·逸珍公馆,118.79434,32.003173,江苏省南京市雨花台区雨花东路55号,江苏省,南京市,雨花台区,1,18165334e9953a79fb2d6165
5917,6773,养虎仓-27号,118.797452,32.006943,江苏省南京市秦淮区养虎仓27号,江苏省,南京市,秦淮区,1,5aa357463bc1bb1f276e98a4
5918,6774,养虎仓-19号,118.796636,32.007439,江苏省南京市秦淮区养虎仓19号,江苏省,南京市,秦淮区,1,a403be5408b1c953a8f0cdc9
5919,6775,雨东机电花园,118.79502,32.0024,南京市雨花台区雨花东路57号,江苏省,南京市,雨花台区,1,d3a4e473f5616aa99e95de11
5920,6776,养虎仓-6号,118.797781,32.007091,江苏省南京市秦淮区养虎仓6号,江苏省,南京市,秦淮区,1,a29d36acdfbd97b541d63e6f
5921,6777,雨花东路小区,118.773884,32.009095,江苏省南京市雨花台区长虹路294-296号,江苏省,南京市,雨花台区,1,7e43d8c3a71d0f2cb45f1ee0
5922,6778,养虎仓-16号,118.797275,32.007675,江苏省南京市秦淮区养虎仓16号,江苏省,南京市,秦淮区,1,2b03427d3ad5bd239c09f75d
5923,6779,花雨南庭,118.797048,32.002983,南京市雨花台区雨花东路养回红村139号,江苏省,南京市,雨花台区,1,63de236818473e36abf7291a
5924,6780,开源小区,118.799121,32.005544,南京市秦淮区晨光路35号,江苏省,南京市,秦淮区,1,083a55fac73d3b79256e98ae
5925,6781,雨花小区,118.780771,32.002377,南京市雨花台区共青团路66号,江苏省,南京市,雨花台区,1,3218e5ff88c31c378c1a8959
5926,6782,金墙花苑,118.799482,32.006805,南京市秦淮区土城头76号,江苏省,南京市,秦淮区,1,96b672aada7cde08ce04ef6c
5927,6783,雨花村,118.798612,32.00846,江苏省南京市秦淮区晨光路31号,江苏省,南京市,秦淮区,1,e3a7fd13eccaf35229b97ca8
5928,6784,土城头住宅,118.798674,32.009822,江苏省南京市秦淮区长乐路城头,江苏省,南京市,秦淮区,1,9988fb099b7de1e40a5cb315
5929,6785,金运蜂鸟科创中心,118.799601,32.009561,南京市秦淮区晨光路98号土城头61号,江苏省,南京市,秦淮区,1,b2be6c528bac44b82dfaa7c1
5930,6786,洪家园小区,118.804839,32.005248,南京市秦淮区永乐路龙翔雅苑北侧约70米,江苏省,南京市,秦淮区,1,b2f97dabbfcc127894ec84cf
5931,6787,海鲸公寓,118.804872,32.00424,南京市秦淮区永乐路107号,江苏省,南京市,秦淮区,1,4cf8d24eaf8150e59cf77975
5932,6788,春光里小区,118.806939,32.004693,南京市秦淮区永乐路,江苏省,南京市,秦淮区,1,c61bd3052a29d468c37da2ae
5933,6789,双桥新村-205宿舍,118.808027,32.006014,南京市秦淮区大明西路双桥新村,江苏省,南京市,秦淮区,1,3e3ee2c9324c30322802e140
5934,6790,龙翔鸣翠苑,118.804666,32.002446,南京市秦淮区永乐路8号,江苏省,南京市,秦淮区,1,39d43f8280e5e586a9059dae
5935,6791,双桥新村,118.806791,32.009626,江苏省南京市秦淮区宏光路1号,江苏省,南京市,秦淮区,1,61788e07e19e423e8605bfe9
5936,6792,居易时代,118.800977,32.006129,南京市秦淮区晨光路110号,江苏省,南京市,秦淮区,1,00f1c7fbfb8a191fc156aca9
5937,6793,春天家园迎春苑-05幢,118.807607,31.996282,江苏省南京市秦淮区东瓜匙路14号,江苏省,南京市,秦淮区,1,14de0823aa276116631c6701
5938,6794,春天家园10号楼,118.806603,31.997283,南京市秦淮区东瓜匙1号,江苏省,南京市,秦淮区,1,13af893574c43f9bb34c498c
5939,6795,阳光里小区,118.8096,32.004018,南京市秦淮区永乐北路43号,江苏省,南京市,秦淮区,1,05dd7d5ffa33f17cac080fa6
5940,6796,路子铺小区,118.801554,32.008214,南京市秦淮区双桥门,江苏省,南京市,秦淮区,1,befdb292a192aee1861541a8
5941,6797,南城·美境,118.80038,32.007833,南京市秦淮区晨光路108号,江苏省,南京市,秦淮区,1,e3082848e5ee39bfb24c49a8
5942,6798,晨光新苑,118.80996,32.009217,南京市秦淮区宏光路77号,江苏省,南京市,秦淮区,1,126a98a5f3459d93364aae77
5943,6799,金陵王榭,118.800857,32.009409,南京市秦淮区路子铺19号,江苏省,南京市,秦淮区,1,05436ee0c4b64c7d28d7abd9
5944,6800,杜克商务,118.803176,32.00145,南京市秦淮区明匙路108号,江苏省,南京市,秦淮区,1,e37e41a19e75a04b6c47607a
5945,6801,绿国万象都荟,118.803331,32.004471,江苏省南京市秦淮区永乐路111号,江苏省,南京市,秦淮区,1,bcd605a2123b062672455b8b
5946,6802,华悦广场,118.802042,32.006664,南京市秦淮区龙蟠南路居易时代东北侧约80米,江苏省,南京市,秦淮区,1,0245c1863f6ef76546e274fa
5947,6806,小教场-12号,118.815482,32.005133,江苏省南京市秦淮区小教场12号,江苏省,南京市,秦淮区,1,020dbb79562eb15e9d09f7eb
5948,6807,小教场-17号,118.815956,32.005039,江苏省南京市秦淮区小教场17号,江苏省,南京市,秦淮区,1,cff1117783cce562d618b70c
5949,6808,南京市中医院-科研综合楼,118.814582,32.002202,大明路157号南京市中医院科研综合楼,江苏省,南京市,秦淮区,1,d241d97d9c77bad19ff7794e
5950,6809,九龙新寓,118.81471,32.004659,南京市秦淮区大明路147号,江苏省,南京市,秦淮区,1,55fa2c0b3cf3342d1de999ae
5951,6810,九龙商务,118.81607,32.006931,江苏省南京市秦淮区大明路129号,江苏省,南京市,秦淮区,1,b9e5d0b890e995bd81a12ece
5952,6811,城南枫景,118.813582,32.005207,南京市秦淮区大明西路238号,江苏省,南京市,秦淮区,1,2c0bd6c530a70caa42ab9aae
5953,6813,天华园,118.817349,32.006784,南京市秦淮区大明路127号,江苏省,南京市,秦淮区,1,18165334acdb7f04fa2d61a8
5954,6814,风光里小区,118.811693,32.003524,南京市秦淮区大明路238号,江苏省,南京市,秦淮区,1,fa7da3e8affdea1e42d63eff
5955,6815,明都雅苑小区,118.817727,32.004053,南京市秦淮区大明路168号,江苏省,南京市,秦淮区,1,d305db1fc9e2d23e922ca3ae
5956,6816,曙光里,118.814558,32.008086,南京市秦淮区大明路208号,江苏省,南京市,秦淮区,1,3810c87929c737f79c09f7da
5957,6818,富华新寓,118.819214,32.007355,南京市秦淮区富华路99号,江苏省,南京市,秦淮区,1,d6c5d991092153e831169ba9
5958,6820,秦淮教师公寓,118.814833,32.009474,南京市秦淮区后江沿18号,江苏省,南京市,秦淮区,1,49d9593872c38943c71e51a8
5959,6821,育仁雅居,118.810953,32.007298,南京市秦淮区育仁路121号,江苏省,南京市,秦淮区,1,e3a7fd1310c9972f29b97ca0
5960,6822,霞光里小区,118.810352,32.006219,南京市秦淮区霞光里79号,江苏省,南京市,秦淮区,1,99e280b6e458a61a2bd7ab1b
5961,6823,晨光新苑-东门,118.810931,32.008353,南京市秦淮区中牌楼95号,江苏省,南京市,秦淮区,1,57bc09054c694f500f0a70de
5962,6824,中牌楼东95号小区,118.811151,32.009178,南京市秦淮区育仁路155号,江苏省,南京市,秦淮区,1,f0bdc66fd1dcb2df29fc4804
5963,6826,美龄楼,118.826805,32.009607,江苏省南京市秦淮区大校场路1号-9号,江苏省,南京市,秦淮区,1,5dd9469564b1e08b0f0a7065
5964,6827,常家圩-8号,118.835255,32.010037,江苏省南京市秦淮区常家圩8号,江苏省,南京市,秦淮区,1,895cf60330f7d203725e8083
5965,6828,康安里住宅区-10号楼,118.816418,32.016489,江苏省南京市秦淮区秦虹南路康安里,江苏省,南京市,秦淮区,1,3cee0f000c728b6d077ce8f4
5966,6829,金家圩-11号,118.836995,32.000309,江苏省南京市秦淮区金家圩11号,江苏省,南京市,秦淮区,1,6f19c82e484f23ed4d554733
5967,6830,常家圩-20号,118.837642,32.009756,江苏省南京市秦淮区常家圩20号,江苏省,南京市,秦淮区,1,4045b52bfb081603b6147f0a
5968,6832,金家圩-16号,118.837257,32.00025,江苏省南京市秦淮区金家圩16号,江苏省,南京市,秦淮区,1,269fc0297b682d59bca24044
5969,6833,金家圩-7号,118.836661,32.0004,江苏省南京市秦淮区金家圩7号,江苏省,南京市,秦淮区,1,67d749f6eba734e9ae31e52c
5970,6836,金家圩-13号,118.836812,32.000608,江苏省南京市秦淮区金家圩13号,江苏省,南京市,秦淮区,1,7b5d3ccea1179732a20464b6
5971,6837,银龙景苑,118.849797,32.008764,南京市秦淮区西桐路10号,江苏省,南京市,秦淮区,1,e0a57970fe93cf92b817e731
5972,6838,高桥地块经济适用房,118.849987,32.009518,南京市秦淮区梅家廊银龙景苑,江苏省,南京市,秦淮区,1,6f2eedf9ae2ed4bf770269d6
5973,6840,银龙翠苑小区东院,118.85584,32.003072,南京市秦淮区高桥村高桥门200号,江苏省,南京市,秦淮区,1,3743db12131fec39a10464c8
5974,6841,桥西里-10号,118.859635,32.001464,江苏省南京市秦淮区桥西里10号,江苏省,南京市,秦淮区,1,4c84098d0e6c43034f3a592c
5975,6842,桥西里-27号,118.858868,32.00066,江苏省南京市秦淮区桥西里27号,江苏省,南京市,秦淮区,1,9933768be3c21fb5774ff13b
5976,6843,银龙翠苑小区西院,118.854767,32.004347,南京市秦淮区高桥村高桥门200号,江苏省,南京市,秦淮区,1,7cea27d77ac973142e473390
5977,6844,银龙花园四期,118.855163,32.004733,南京市秦淮区绕城路高桥门高桥村200号,江苏省,南京市,秦淮区,1,bd6f5cbfb362d18617c8f645
5978,6845,新桥24号,118.869592,32.0066,江苏省南京市江宁区新桥24号,江苏省,南京市,江宁区,1,0599e3787dcf03e417948e9b
5979,6846,十字河-300号,118.865968,32.004057,江苏省南京市江宁区十字河300号,江苏省,南京市,江宁区,1,03cb6388290b37cf38e4a6fd
5980,6847,后庄14号,118.868313,32.001828,江苏省南京市江宁区后庄14号,江苏省,南京市,江宁区,1,816c85f9591ff1ec03ff2d55
5981,6848,新桥22号,118.869546,32.006852,江苏省南京市江宁区新桥22号,江苏省,南京市,江宁区,1,994e50a46ad6b414b42655b4
5982,6849,新桥16号,118.869788,32.006868,江苏省南京市江宁区新桥16号,江苏省,南京市,江宁区,1,55d053817348f6c3f5c59ca2
5983,6850,高桥门-280号,118.863944,32.00288,江苏省南京市江宁区高桥门280号,江苏省,南京市,江宁区,1,d2ade95e26ef7163f82d6152
5984,6851,后庄7号,118.867656,32.001041,江苏省南京市江宁区后庄7号,江苏省,南京市,江宁区,1,e4282050006381a2fda778d3
5985,6852,小水关18号,118.866806,32.007652,南京市秦淮区双麒路南京公用水务有限公司,江苏省,南京市,秦淮区,1,a892612f73f2a50cffa7780d
5986,6854,小水关16号,118.867181,32.006969,南京市秦淮区双麒路银龙花园-三期南侧约190米,江苏省,南京市,秦淮区,1,2eb717a2dd51953ee81e97ed
5987,6856,小水关12号,118.866884,32.006669,南京市秦淮区双麒路银龙花园-三期南侧约230米,江苏省,南京市,秦淮区,1,40e51239c2deac72e9f853e5
5988,6857,南京万汇新城,118.883274,32.00085,南京市江宁区润发路大里聚福城-华庭北园东南侧约30米,江苏省,南京市,江宁区,1,e111cad465d7f5ee58f6be92
5989,6858,银龙鑫苑,118.872862,32.011268,江苏省南京市秦淮区石杨路111号,江苏省,南京市,秦淮区,1,c7788b4efa6e261459bbbc1c
5990,6859,觅秀西园,118.879181,32.005667,江苏省南京市江宁区觅秀西园(万福路北50米),江苏省,南京市,江宁区,1,4f69f843718f9b011ce999eb
5991,6860,银龙鑫苑-南苑,118.872022,32.008771,南京市秦淮区石杨路111号,江苏省,南京市,秦淮区,1,cae175015025e7daf8dc8585
5992,6861,大里聚福城华庭南园,118.879424,32.000065,南京市江宁区永胜路199号,江苏省,南京市,江宁区,1,0a979630d3c81f6ebb17e79d
5993,6862,银龙鑫苑北苑-南门,118.874152,32.009757,南京市秦淮区石杨路107号,江苏省,南京市,秦淮区,1,c1165ae1a02fe651f4b91673
5994,6863,银龙花园五期,118.870767,32.00944,江苏省南京市秦淮区石扬路111号银龙鑫苑,江苏省,南京市,秦淮区,1,0c016f2338d3ee12774ff142
5995,6864,觅秀东园,118.882815,32.004557,江苏省南京市江宁区万福路18-11号,江苏省,南京市,江宁区,1,5d529207856e5a7a31f71de8
5996,6865,大里聚福城-怡景园,118.889152,32.00432,润发路3号,江苏省,南京市,江宁区,1,2daa811288f047881894c683
5997,6866,大里聚福城-康居园,118.886751,32.001848,江苏省南京市江宁区万福路66号,江苏省,南京市,江宁区,1,5f855ab857bbab85c72ba1c7
5998,6867,大里聚福城,118.880936,32.00216,南京市江宁区万福路与润发路交叉口,江苏省,南京市,江宁区,1,6a92b9c271738a299c09f793
5999,6868,南京万辉上坊保障房,118.884852,32.001984,南京市江宁区孙家头巷与怡景街交叉路口往西北约80米,江苏省,南京市,江宁区,1,b87c535197c0393f7069d39b
6000,6869,中粮鸿云,118.889423,31.998067,丰泽路118号,江苏省,南京市,江宁区,1,90c749f1b9af684314948e84
6001,6871,大里聚福城-华庭北园,118.881472,32.0021,南京市江宁区永胜路198号,江苏省,南京市,江宁区,1,bed6f33d98ffb568bda24052
6002,6872,沟西57号,118.910332,32.009026,江苏省南京市江宁区沟西57号,江苏省,南京市,江宁区,1,87836925d9a7869dadee7a6c
6003,6873,沟西73号,118.910347,32.008388,江苏省南京市江宁区沟西73号,江苏省,南京市,江宁区,1,ac68cc06d2b763c3932ca376
6004,6874,沟西85号,118.909796,32.007552,南京市江宁区G25长深高速附近,江苏省,南京市,江宁区,1,36964c895ff87736873304f4
6005,6875,沟西65号,118.910748,32.008432,南京市江宁区G25长深高速附近,江苏省,南京市,江宁区,1,68865c53d8feb332f6c59c22
6006,6876,沟西13号,118.910793,32.009688,南京市江宁区G25长深高速附近,江苏省,南京市,江宁区,1,2945289f3c92fc4e276e9855
6007,6877,科技创新总部大厦,118.607914,31.99972,江浦街道浦滨路320号,江苏省,南京市,浦口区,1,958c5ac8a64a25079de321ff
6008,6878,南京青奥村,118.711051,31.994274,江苏省南京市建邺区青奥南路9号,江苏省,南京市,建邺区,1,23dcfbeecba3967e4bcc4a67
6009,6879,青奥城迎宾楼,118.714892,31.99802,南京市建邺区虎距关21号,江苏省,南京市,建邺区,1,52e7e833d992407ce8e5827d
6010,6880,盛捷青奥国际社区,118.712582,31.994607,江苏省南京市建邺区青奥北路9号,江苏省,南京市,建邺区,1,564a9e479d8e1413f02d8366
6011,6881,青奥中心,118.716194,31.997689,南京市建邺区金沙江西街9号,江苏省,南京市,建邺区,1,971b5a7c04058353c1f1cf3f
6012,6882,中建三局生活区,118.718047,31.996778,江苏省南京市建邺区金沙江西街16号,江苏省,南京市,建邺区,1,569dc300a8c379179b68b426
6013,6883,邺城路·青奥村东,118.711567,31.991865,7路;102路;169路;D22路;Y7路夜间,江苏省,南京市,建邺区,0,cc3654eaed39bfead7b74e22
6014,6884,双闸社区中心(宜悦街),118.713229,31.992651,江苏省南京市建邺区邺城路19号,江苏省,南京市,建邺区,1,76c3507850c3ae71d2f49e2c
6015,6885,南京青奥中心-双塔楼,118.715668,31.997614,南京市建邺区金沙江西街,江苏省,南京市,建邺区,1,3b19475a594ababa735e80c0
6016,6886,南京青奥村-东门,118.712983,31.994287,南京市建邺区宜悦街与邺城路交叉口西北150米,江苏省,南京市,建邺区,1,d2e18cb3da9471e1c61e510f
6017,6887,中国联通江苏分公司通信综合楼,118.726626,31.995507,江苏省南京市建邺区庐山路230号,江苏省,南京市,建邺区,1,ada26d2eae31d30d0c0e6b7b
6018,6888,南京金融城,118.724791,31.994489,江苏省南京市建邺区江东中路371号,江苏省,南京市,建邺区,1,852b43b9b5bf970fabf729fa
6019,6889,河西中央商务区-2期,118.727304,31.995294,南京市建邺区庐山路中国联通江苏分公司,江苏省,南京市,建邺区,1,92fd0fb0a699e11041d63e70
6020,6890,新华报业传媒广场,118.725301,31.996712,南京市建邺区河西中央商务区江东中路369号,江苏省,南京市,建邺区,1,d5000d91b50dc067f33cba43
6021,6891,新华报业传媒集团大厦,118.725304,31.996521,南京市建邺区河西中央商务区江东中路369号,江苏省,南京市,建邺区,1,e609a2e88d0088a0d12dd618
6022,6892,南京证券总部大厦,118.723627,31.994306,江苏省南京市建邺区江东中路389号,江苏省,南京市,建邺区,1,4d4812fcb2315da300ff2dc8
6023,6893,南京移动通信综合楼,118.727841,31.996127,南京市建邺区中央商务区庐山路226号,江苏省,南京市,建邺区,1,6a1aac3044f77c9409b93a7b
6024,6894,南京报业传媒大厦,118.722853,31.993843,南京市建邺区江东中路385号,江苏省,南京市,建邺区,1,8f1e42ac7990f0259b68b4ec
6025,6895,国睿大厦,118.726738,31.998093,南京市建邺区江东中路359号,江苏省,南京市,建邺区,1,3292ddd6694883789e82eab2
6026,6896,交银大厦,118.728307,31.997156,江苏省南京市建邺区庐山路218号,江苏省,南京市,建邺区,1,f605b03901badb92f7e73b61
6027,6897,朗诗·国际街区中园(东北门),118.730108,31.996406,南京市建邺区白龙江东街87号,江苏省,南京市,建邺区,1,ff1c94f854d3b2fbfd0eb0c7
6028,6898,江苏省农村信用社联合社综合楼,118.721753,31.99249,南京市建邺区河西中央商务区江东中路395号,江苏省,南京市,建邺区,1,7fa29058049b2ed517c8f656
6029,6899,双和综合大楼,118.72531,31.990223,南京市建邺区雨润大街99号,江苏省,南京市,建邺区,1,346398268634d306c52ba1a2
6030,6900,奥美大厦,118.723146,31.991321,南京市建邺区庐山路268号,江苏省,南京市,建邺区,1,5cb1e1dea04785f7c1f1cf5c
6031,6901,朗诗·国际街区(中园),118.729487,31.994905,南京市建邺区白龙江东街87号,江苏省,南京市,建邺区,1,918c566134b3efd6095cb3ed
6032,6902,朗诗·国际街区-南园,118.72761,31.992869,江苏省南京市建邺区嘉陵江东街87号,江苏省,南京市,建邺区,1,74c933fb7bfa79209e82ea66
6033,6903,清荷园-北园,118.723254,31.978879,南京市建邺区中和路69号,江苏省,南京市,建邺区,1,5dcf44c4e1c913b233169b78
6034,6904,德基世贸壹号,118.729614,31.998636,南京市建邺区庐山路208号,江苏省,南京市,建邺区,1,ab02cf585e214127fa42b2d9
6035,6905,朗诗·国际街区,118.731097,31.997035,南京市建邺区河西大街87号,江苏省,南京市,建邺区,1,abc8a61b75603f1b266e9843
6036,6906,仁恒晶园(G53公寓),118.740135,31.999431,南京市建邺区嵩山路136号,江苏省,南京市,建邺区,1,d7f94e622e56d51588f15d62
6037,6907,金润国际公寓,118.736832,31.998217,沙洲街道溪楠江东街81号,江苏省,南京市,建邺区,1,a93eb95ed2470f8529fc48d6
6038,6908,宋都美域·锦园,118.731492,31.993718,江苏省南京市建邺区恒山路139号(河西大街与恒山路交汇处),江苏省,南京市,建邺区,1,e2ce13f8d4acdb9c223bf2d3
6039,6909,金奥·缤润汇-地下停车库,118.736216,31.998884,江苏省南京市建邺区楠溪江东街83号缤润汇B2金奥·缤润汇B4,江苏省,南京市,建邺区,1,07c7d254a83b81da3517dc98
6040,6910,宋都美域·沁园,118.73263,31.995658,江苏省南京市建邺区恒山路139号,江苏省,南京市,建邺区,1,dc0f0adcc7c7e45ff92213ba
6041,6911,万得大厦,118.738099,31.990262,南京市建邺区泰山路199号,江苏省,南京市,建邺区,1,e33a4b00f65879ca86420e11
6042,6912,仁恒社区中心,118.739712,31.998292,南京市建邺区朗诗嵩山路136号,江苏省,南京市,建邺区,1,962193fa72a1d5b094ec84c2
6043,6913,朗诗·国际街区-北园,118.731365,31.996819,江苏省南京市建邺区河西大街87号,江苏省,南京市,建邺区,1,47a05834e8d3092c8d772705
6044,6915,河西1号街区,118.742689,31.994677,南京市建邺区河西大街66号,江苏省,南京市,建邺区,1,3daa6e15ffff21edd4851fea
6045,6917,建邺区邮电设计大厦,118.745534,31.995266,江苏省南京市建邺区楠溪江东街58号,江苏省,南京市,建邺区,1,0819388818fe7086471a3288
6046,6918,建测大厦,118.746276,31.994702,南京市建邺区创意路88号,江苏省,南京市,建邺区,1,c4dff18bd6bed2ac22026284
6047,6919,烽火科技大厦-东南门,118.744813,31.995664,江苏省南京市建邺区云龙山路88号,江苏省,南京市,建邺区,1,150b5ca53d01a6c93904b1e4
6048,6920,天泽信息,118.745428,31.996439,南京市建邺区新城科技园云龙山路80号,江苏省,南京市,建邺区,1,cb8b1decc95efe3f81288ac2
6049,6921,辐射环保生产综合楼,118.74679,31.997136,江苏南京市建邺区云龙山路75号,江苏省,南京市,建邺区,1,5b4d8d681cfedb21c356ac49
6050,6922,南京通信综合楼,118.74729,31.996459,南京市建邺区富春江东街50号,江苏省,南京市,建邺区,1,5445297738befcf145e27469
6051,6923,方中大厦,118.744652,31.996966,南京市建邺区富春江东街69号,江苏省,南京市,建邺区,1,2844b55ca58c33e282288a23
6052,6924,旭建大厦,118.743211,31.996266,江苏省南京市建邺区楠溪江东街68号,江苏省,南京市,建邺区,1,10c4e017f5e26fb24354d7f9
6053,6926,徐矿明星国际商务中心,118.742689,31.994779,南京市建邺区河西大街66号,江苏省,南京市,建邺区,1,f5bf01b6fa6a86be5fbe867b
6054,6927,江苏省辐射环境保护技术研发生产基地实验楼,118.74678,31.997135,江苏省南京市建邺区云龙山路75号,江苏省,南京市,建邺区,1,0f9ec89667e19e8d3be4a684
6055,6928,徐矿明星国际商务中心-A座,118.742202,31.99424,江苏省南京市建邺区河西大街66号,江苏省,南京市,建邺区,1,23ce9029c6981633c7f50dce
6056,6929,南京欣网视讯研发大楼,118.743975,31.997152,南京市建邺区富春江东街69号,江苏省,南京市,建邺区,1,e982588934b35d006c4760d9
6057,6930,康苑新村,118.748938,31.993498,南京市建邺区小青路39号,江苏省,南京市,建邺区,1,7729031051a171004c3a5984
6058,6931,金洲苑小区,118.747601,31.99206,南京市建邺区小青路42号,江苏省,南京市,建邺区,1,74c933fb43acb15e9f82eab1
6059,6932,钟鼎雅居,118.74954,31.993491,富春江东街9号中冶华天集团对面,江苏省,南京市,建邺区,1,d4b399bae282b94b81a12e3c
6060,6933,建邺区苏交科科研设计大楼,118.750221,31.994163,江苏省建邺区新城科技园南京市建邺区富春江东街8号,江苏省,南京市,建邺区,1,73fada7d9af01815a104640c
6061,6934,万科金域缇香,118.74176,31.997846,南京市建邺区嵩山路139号,江苏省,南京市,建邺区,1,1bf85b25984b01a6a0a93496
6062,6935,北纬国际中心-B栋,118.743204,31.990132,南京市建邺区新城科技园南区文广路与创智路交汇处创智路1号北纬国际中心B栋,江苏省,南京市,建邺区,1,9a8f735eed2338d8ede4a555
6063,6936,瑞泰大厦,118.742272,31.990788,南京市建邺区沙洲街道河西大街明基医院向东200米创智路2号,江苏省,南京市,建邺区,1,26548b4649d6286974026945
6064,6937,江苏省建大厦,118.741373,31.990884,南京市建邺区云龙山路99号,江苏省,南京市,建邺区,1,d97651d0ea5957d488fc06c8
6065,6938,仁恒晶园,118.740569,32.000172,江苏省南京市建邺区嵩山路136号,江苏省,南京市,建邺区,1,3f1d25a4e019e4126318092e
6066,6939,鑫信金融产业服务大厦,118.740777,31.98992,南京市建邺区文广路与云龙山路交叉路口往南约190米,江苏省,南京市,建邺区,1,cbbeb3a2dbb32f2d3fe2315f
6067,6940,新城科技园-06幢,118.74628,31.99785,南京市建邺区奥体大街69号,江苏省,南京市,建邺区,1,17165900fb8b356d3ce2310d
6068,6941,时光澔韵-一期,118.759922,31.992424,南京市雨花台区小行路29号,江苏省,南京市,雨花台区,1,a33de5d4276a32568f1a890a
6069,6942,金浦名城世家花园-二期,118.756758,31.994629,江苏省南京市雨花台区小行路27号,江苏省,南京市,雨花台区,1,65be0ec45010c914f603b848
6070,6943,柏悦澜庭,118.759967,31.99539,南京市雨花台区小行路52号,江苏省,南京市,雨花台区,1,8c1019f7a295e24a2fb96d53
6071,6944,时光澔韵-华景园,118.758251,31.99029,江苏省南京市雨花台区小行路29号,江苏省,南京市,雨花台区,1,acaf54efce582308882fb5ed
6072,6945,时光澔韵-华盛园,118.760365,31.992812,南京市雨花台区小行路29号,江苏省,南京市,雨花台区,1,7951a7534c5009618c55ecab
6073,6946,华巨臣第3届南京茶博会,118.756312,31.993145,南京市雨花台区小行路37号,江苏省,南京市,雨花台区,1,816e80477cc181df75e5b620
6074,6948,金浦名城世家花园-东区,118.756702,31.99546,江苏省南京市雨花台区凤台南路名城世家二期,江苏省,南京市,雨花台区,1,6de70af025c4f819f7e73b73
6075,6949,金浦名城世家花园南区-南四门,118.753185,31.991924,南京市雨花台区小行路58号,江苏省,南京市,雨花台区,1,9ec3c927649e2a4716c90512
6076,6950,火警宿舍,118.763701,31.995655,南京市雨花台区小行路25号康润园旁,江苏省,南京市,雨花台区,1,368b79e3b17dcdfd79b55cf8
6077,6951,金蕊家苑,118.763384,31.994641,江苏省南京市雨花台区小行路27号,江苏省,南京市,雨花台区,1,c8e8f633cb725d6caa0dd888
6078,6952,警察,118.750183,32.001701,南京市建邺区云龙山路苏美达国际大厦,江苏省,南京市,建邺区,1,01956ff0be54cc742fe67bb4
6079,6953,德盈菁华园,118.760821,31.993956,菊花台公园与金蕊家园交汇处,江苏省,南京市,雨花台区,1,edc286dfd868f8d521026256
6080,6954,安德门,118.76374,31.999008,南京市雨花台区安德门,江苏省,南京市,雨花台区,1,f8c69f1de7f98506c61e511f
6081,6955,安德门22号租-1号,118.767834,31.999796,江苏省南京市雨花台区安德门22号租1号,江苏省,南京市,雨花台区,1,3655fd43e035bd269d09f799
6082,6957,益居园小区,118.766867,31.998278,南京市雨花台区小行路10号,江苏省,南京市,雨花台区,1,ea1ad8965009a551eb56fa18
6083,6958,康润园小区,118.761348,31.996375,江苏省南京市雨花台区小行路30号,江苏省,南京市,雨花台区,1,251374c9583dc626a11de936
6084,6959,猫的天空之城青年公寓(安德门地铁站店),118.761068,31.996255,"南京市雨花台区小行路27号康润园(地铁站1、10号线,安德门地铁站出300米)",江苏省,南京市,雨花台区,1,528982300ffda6212811d12b
6085,6962,时光澔韵华盛园-南门,118.760776,31.991904,南京市雨花台区小行路29-12号楼附近,江苏省,南京市,雨花台区,1,73f793838885b7c090114cca
6086,6963,安德门10号租-3号,118.768277,31.999599,江苏省南京市雨花台区安德门10号租3号,江苏省,南京市,雨花台区,1,5c1a37221689c0e1adb22aed
6087,6964,创E梦工场,118.767496,31.998358,南京市雨花台区小行路6号,江苏省,南京市,雨花台区,1,7f52136bec26dbd752e5c5f6
6088,6965,瑞尔大厦,118.768471,31.999761,南京市雨花台区安德门北街与小行路交叉路口往北约80米,江苏省,南京市,雨花台区,1,653a682a4e740e1b10293518
6089,6966,邓府上农贸市场综合楼,118.775044,31.9999,江苏省南京市雨花台区雨花南路36号,江苏省,南京市,雨花台区,1,d562238fb00dc558e6073813
6090,6968,望江矶二号小区,118.779929,31.998619,苏省南京市雨花台区雨花南路22号,江苏省,南京市,雨花台区,1,af273838f469ba0dc256ac40
6091,6969,邓府苑,118.774909,31.999999,南京市雨花台区雨花南路36号,江苏省,南京市,雨花台区,1,aeb971402c1f26d0a0acc467
6092,6970,雨花南路小区,118.779312,31.999556,江苏省南京市雨花台区雨花南路22号,江苏省,南京市,雨花台区,1,fe9da23673995e25c61e51cd
6093,6971,vdo公司,118.782235,31.980397,江苏南京市雨花台区花神大道19号,江苏省,南京市,雨花台区,1,86c55974d008fb0988f15d72
6094,6972,花神庙-189号,118.773771,31.99199,江苏省南京市雨花台区花神庙189号,江苏省,南京市,雨花台区,1,9832d3f3eaa1b26b6b49f3d6
6095,6973,阅城国际花园,118.783451,31.990837,江苏省南京市雨花台区花神大道9号,江苏省,南京市,雨花台区,1,c7eca12b6058fd37e015f988
6096,6974,花好月苑,118.782408,32.00005,南京市雨花台区雨花南路9号,江苏省,南京市,雨花台区,1,b0d056f25e8e1e7ecbc3db88
6097,6975,君悦湖滨商务中心,118.797126,31.990878,南京市雨花台区玉兰路19-17号,江苏省,南京市,雨花台区,1,0e2201738a27dcebf03cba99
6098,6976,康盛花园,118.795037,31.99697,雨花台区宁南玉兰路1号,江苏省,南京市,雨花台区,1,f60a15ede7d650ecba17e788
6099,6977,仁恒翠竹园,118.798251,31.995063,南京市雨花台区玉兰路5号,江苏省,南京市,雨花台区,1,900c2c6277894548c929158e
6100,6978,君悦湖滨花园,118.797899,31.99063,南京市雨花台区宁南新区玉兰路19号(花神美境小区旁),江苏省,南京市,雨花台区,1,2a7a25ec499fe3616c3e1b7c
6101,6979,玉兰小区,118.799899,31.992945,南京市雨花台区郁金香路16号(公交车站),江苏省,南京市,雨花台区,1,69fcd6df5bf8b652cb2915a6
6102,6980,仁恒玉兰山庄,118.790517,31.996684,江苏省南京市雨花台区玉兰路2号,江苏省,南京市,雨花台区,1,e0e99c52f97a04bb58f6beb8
6103,6981,君子兰花园,118.798828,31.991674,南京市雨花台区郁金香路22号,江苏省,南京市,雨花台区,1,bd5046e8dec53a41d62ce288
6104,6982,泰龙家园,118.798423,31.992715,南京市雨花台区郁金香路20号,江苏省,南京市,雨花台区,1,fa01e937a3eed94a764ff188
6105,6983,翠岛花城-菊香苑,118.795907,31.990921,江苏省南京市雨花台区玉兰路菊香苑(仁恒翠竹园南150米),江苏省,南京市,雨花台区,1,0a46dc0fcfe56a23316212a6
6106,6984,国资大厦,118.794964,31.992187,南京市雨花台区玉兰路8号,江苏省,南京市,雨花台区,1,8297bbcad5cbf6faf7eafc67
6107,6986,南京紫荆国际酒店公寓-B座,118.800534,31.997927,江苏省南京市雨花台区雨花东路158号2栋,江苏省,南京市,雨花台区,1,f74edf9d6878761c3be4a6a4
6108,6987,翠竹园社区,118.796987,31.995195,江苏省南京市雨花台区雨花街道,江苏省,南京市,雨花台区,1,05d6b3853bc2d1779f09f79b
6109,6988,仁恒翠竹园-三期,118.796519,31.995898,江苏省南京市雨花台区宁南新区玉兰路5号,江苏省,南京市,雨花台区,1,21c1e6e5cff3387fd1f49e95
6110,6989,紫荆广场·花漫里-2号门,118.800229,31.998405,南京市雨花台区雨花东路158号,江苏省,南京市,雨花台区,1,272ded98976eb06feb1e9748
6111,6991,乌金墅外,118.805455,31.995143,江苏省南京市秦淮区卡子门大街29号红星美凯龙全球家居生活广场(卡子门店)-南门3层,江苏省,南京市,秦淮区,1,a0280ae3dc0520b69e95ded3
6112,6992,卓依娅·沃里,118.805066,31.996153,卡子门大街29号红星美凯龙全球家居生活广场(卡子门店)-南门2层,江苏省,南京市,秦淮区,1,c6d6e9bc291c99dc93114c3d
6113,6994,枫丹榭丽,118.803846,31.995001,南京市雨花台区卡子门大街38号,江苏省,南京市,雨花台区,1,6af27643b8bb2a7d4f3a5991
6114,6995,春天家园,118.80685,31.996934,江苏省南京市秦淮区窨子山路95号,江苏省,南京市,秦淮区,1,cde9e2c7d0d268b4e91e97ae
6115,6996,映山菁华,118.807922,31.997607,南京市秦淮区窨子山路99号,江苏省,南京市,秦淮区,1,5937335fca658a8223f01766
6116,6997,窨子山-23号,118.809484,31.993878,江苏省南京市秦淮区窨子山23号,江苏省,南京市,秦淮区,1,90fd03157ac9bc1b88fc06de
6117,6998,美林·玛莎拉蒂(红星美凯龙),118.805743,31.995566,南京市秦淮区卡子门大街29号红星美凯龙全球家居生活广场(卡子门店)-南门4层,江苏省,南京市,秦淮区,1,aca2e07eb916d6fa16c90517
6118,6999,红星美凯龙江苏1号店-南2门,118.804694,31.996068,南京市秦淮区卡子门大街39号附近,江苏省,南京市,秦淮区,1,86b989b82a575d73b5f42f50
6119,7000,红星美凯龙(江苏全球家居1号店),118.805292,31.995957,江苏省南京市秦淮区卡子门大街29号,江苏省,南京市,秦淮区,1,aee2cbebd583b33ea2d23070
6120,7001,兰公馆(红星美凯龙店),118.805797,31.995601,江苏省南京市秦淮区卡子门大街29号红星美凯龙尚兰北苑负1楼,江苏省,南京市,秦淮区,1,794be567bad97ed6b5147fdc
6121,7002,府上(红星美凯龙),118.805063,31.996598,江苏省南京市秦淮区卡子门大街29号b1层,江苏省,南京市,秦淮区,1,6453c3bca863f2eca8175a53
6122,7004,盛世华庭(月星家居卡子门店),118.803359,31.995004,南京市雨花台区卡子门大街38号月星家居B1层,江苏省,南京市,雨花台区,1,5269b1bec7d2c352a204643e
6123,7007,格林小镇(月星国际家居卡子门大街),118.803787,31.994016,南京市雨花台区卡子门大街38号F3层C010,江苏省,南京市,雨花台区,1,2f0adf9909c6569ef9221329
6124,7008,窨子山-20号,118.809227,31.993524,江苏省南京市秦淮区窨子山20号,江苏省,南京市,秦淮区,1,abb450feb8d89e3bf03cba94
6125,7009,窨子山-25号,118.809649,31.993761,江苏省南京市秦淮区窨子山25号,江苏省,南京市,秦淮区,1,cb8fe4f21e13e928b21e36aa
6126,7010,锦明家苑,118.801046,31.993381,江苏省南京市雨花台区郁金香路12号,江苏省,南京市,雨花台区,1,5ce2637d0223ba2caf31e5b6
6127,7011,丁墙社区,118.804703,31.991588,南京市雨花台区雨花街道软件大道1号,江苏省,南京市,雨花台区,1,770de6877795458732870a08
6128,7012,石婆婆庙-309号,118.806488,31.999954,江苏省南京市秦淮区石婆婆庙309号,江苏省,南京市,秦淮区,1,58c08e3745b4379f08ccdd4c
6129,7013,软件大道,118.781038,31.98327,地铁1号线,江苏省,南京市,雨花台区,1,67e38b1e54ffab581df74dec
6130,7014,迎春苑,118.805705,32.000547,南京市秦淮区明匙路97号,江苏省,南京市,秦淮区,1,d52831f9e42d2ba72ffaa7ae
6131,7016,郁金香花苑(盐业路),118.803364,31.991238,南京市雨花台区软件大道3号,江苏省,南京市,雨花台区,1,108b1cead2b1d5ac3486f488
6132,7017,停车场(大明路汽车商务中心西南),118.805822,31.994082,南京市秦淮区窨子山路月星国际家居(卡子门大街店)东侧约110米,江苏省,南京市,秦淮区,1,5dcb70654c57cd72901fc92c
6133,7018,郁金香软件大厦,118.803879,31.993156,江苏省南京市雨花台区郁金香路2号,江苏省,南京市,雨花台区,1,54fb0f86bb28a10b882fb556
6134,7020,智慧餐厅(民智路店),118.80951,31.974331,江苏省南京市雨花台区民智路2号,江苏省,南京市,雨花台区,1,c13ca7d4c288f92e7069d375
6135,7021,汇景家园-汇吉苑,118.819261,31.990761,江苏省南京市秦淮区汇景路36号,江苏省,南京市,秦淮区,1,f5f9aeb12ec15478c26c1461
6136,7022,汇景家园景富苑,118.818951,31.991883,南京市秦淮区汇景北路133号,江苏省,南京市,秦淮区,1,9ee90e0c31d93c62f6c59c87
6137,7023,丽景华庭,118.810893,32.000497,南京市秦淮区永乐路11号,江苏省,南京市,秦淮区,1,1bf85b25c6c74ba7a1a9341d
6138,7024,汇景家园-景明苑,118.816107,31.990408,汇景北路33号,江苏省,南京市,秦淮区,1,add47a7e9759c3040582c20d
6139,7025,梁塘14号,118.816374,31.99157,江苏省南京市秦淮区梁塘14号,江苏省,南京市,秦淮区,1,978c242c37c263f231870af5
6140,7026,梁塘16号,118.816439,31.991728,江苏省南京市秦淮区梁塘16号,江苏省,南京市,秦淮区,1,4bc6a4060223b2ba3686f433
6141,7027,夹岗商业用房,118.819199,31.991778,南京市秦淮区汇景路57-105号、汇景南路51-92号,江苏省,南京市,秦淮区,1,2f989863ebeab1e440e192d7
6142,7028,刘家岗-89号,118.823614,31.995618,江苏省南京市秦淮区刘家岗89号,江苏省,南京市,秦淮区,1,4d731842a09e4ed52202624b
6143,7030,刘家岗-128号,118.822894,31.992945,江苏省南京市秦淮区刘家岗128号,江苏省,南京市,秦淮区,1,c60b1df7e6afcea86fa3ccbf
6144,7031,刘家岗-34号,118.829028,31.990522,江苏省南京市秦淮区刘家岗34号,江苏省,南京市,秦淮区,1,6ed22b0caf57a53a902ca37a
6145,7034,翁家营125号,118.82967,31.993015,南京市秦淮区佳营中路与佳营路交叉口东150米,江苏省,南京市,秦淮区,1,35476500fa47149775e5b694
6146,7035,翁家营-198号,118.832155,31.994744,江苏省南京市秦淮区翁家营198号,江苏省,南京市,秦淮区,1,14a958c88ee225e4d12dd67d
6147,7038,翁家营-168号,118.831944,31.994086,江苏省南京市秦淮区翁家营168号,江苏省,南京市,秦淮区,1,8f64fe7c8f415555c0364494
6148,7040,汇景家园景裕苑,118.820393,31.992237,南京市秦淮区汇景北路195号,江苏省,南京市,秦淮区,1,270faec450d5866328201a1a
6149,7041,刘家岗-23号,118.828186,31.990559,江苏省南京市秦淮区刘家岗23号,江苏省,南京市,秦淮区,1,3e4e76781eac95e754bfff4b
6150,7043,刘家岗2号,118.829838,31.99121,江苏省南京市秦淮区刘家岗2号,江苏省,南京市,秦淮区,1,1bf7617a07fce09c9222e0b2
6151,7044,刘家岗-32号,118.828505,31.990684,江苏省南京市秦淮区刘家岗32号,江苏省,南京市,秦淮区,1,c755fe6ae9687f3a4151c00e
6152,7045,汇景家园-景乐苑,118.820827,31.991662,南京市秦淮区柴园北路38号,江苏省,南京市,秦淮区,1,a82e36d7435ffd0d8e772789
6153,7049,金家圩29号,118.837785,31.999975,南京市秦淮区丫洋路南50米,江苏省,南京市,秦淮区,1,5be70a5f49d2fa2bb64f548a
6154,7050,汤家坝-166号,118.832478,31.985023,江苏省南京市江宁区汤家坝166号,江苏省,南京市,江宁区,1,afb813266006cbb5c61e5195
6155,7051,金家圩59号,118.841429,31.998825,南京市秦淮区丫洋路与广洋路交叉口西南150米,江苏省,南京市,秦淮区,1,f54a7b4db62c9da7c91b95c6
6156,7052,金家圩68号,118.840553,31.999293,南京市秦淮区丫洋路与广洋路交叉口西南200米,江苏省,南京市,秦淮区,1,ab4f5657019c2db5c8213da2
6157,7053,赵史岗,118.837585,31.992973,南京市秦淮区广盛路,江苏省,南京市,秦淮区,1,b56591387371e2bb83288ae1
6158,7055,翁家营-66号,118.830812,31.992529,江苏省南京市秦淮区翁家营66号,江苏省,南京市,秦淮区,1,3859531ac57dc1e9102935a3
6159,7058,金家圩38号,118.835755,32.000223,南京市秦淮区丫洋路与吴家山路交叉口东北150米,江苏省,南京市,秦淮区,1,ef841f19becdbfa258f6be9c
6160,7063,汇景和园,118.840988,31.990256,南京市秦淮区佳营东路6号,江苏省,南京市,秦淮区,1,d08953ec5fe5a066c6effb52
6161,7064,汇景和园-11幢,118.841342,31.990963,江苏省南京市秦淮区双麒路上坊桥经济适用房(汇景和园附近),江苏省,南京市,秦淮区,1,ab1d99064a11e0b5b7147f45
6162,7065,南圩62号,118.849963,31.994794,江苏省南京市秦淮区南圩62号,江苏省,南京市,秦淮区,1,8799287bd06e8e376849f393
6163,7069,南圩108号,118.854545,31.995784,江苏省南京市秦淮区南圩108号,江苏省,南京市,秦淮区,1,4231eac3db98bbb504fef5c6
6164,7070,南圩36号,118.850821,31.993969,江苏省南京市秦淮区南圩36号,江苏省,南京市,秦淮区,1,7a3c286b477eebe8f503b89d
6165,7071,南圩168号,118.854131,31.995036,江苏省南京市江宁区南圩168号,江苏省,南京市,江宁区,1,1633260e416d2a8a1ce999cf
6166,7072,南圩126号,118.851433,31.994097,江苏省南京市秦淮区南圩126号,江苏省,南京市,秦淮区,1,0fb333cac9efac0dc8213d41
6167,7073,江苏润桥电子科技有限公司研发楼,118.870239,31.992238,南京市江宁区上高路上坊派出所西北侧约30米,江苏省,南京市,江宁区,1,f2230d9075fa93f05cd4feda
6168,7074,前庄31号,118.869821,31.998821,江苏省南京市江宁区前庄31号,江苏省,南京市,江宁区,1,e144c3b92a391e473913fd35
6169,7075,前庄18号,118.868471,31.999377,富康路东200米,江苏省,南京市,江宁区,1,c1c6b9f077d7391688f15d49
6170,7076,前庄34号,118.869971,31.998718,江苏省南京市江宁区前庄34号,江苏省,南京市,江宁区,1,e1529d690a1e0bbec91b95af
6171,7077,前庄30号,118.869627,31.998877,江苏省南京市江宁区前庄30号,江苏省,南京市,江宁区,1,6b70d1a6aedcbbf1932ca3f7
6172,7078,祥宇大厦,118.875474,31.990425,南京市江宁区东山工业园区市井路9号,江苏省,南京市,江宁区,1,750368356c8652d25f0d02be
6173,7079,南京萌虎智能科技有限公司,118.885969,31.988323,江苏省南京市江宁区东麒路33号,江苏省,南京市,江宁区,1,0935a51e8e86b35b6da3cc7c
6174,7080,华脉国际广场,118.88163,31.993537,江苏省南京市江宁区丰泽路66号,江苏省,南京市,江宁区,1,fa6f419c6bf0127d00ff2d2a
6175,7081,中粮鸿云坊-1期,118.889145,31.998555,南京市江宁区丰泽路118号,江苏省,南京市,江宁区,1,96dae74198fc0260ad080fa7
6176,7082,中粮鸿云坊-2期,118.88932,32.000506,南京市江宁区丰泽路与孙家头巷交叉路口往东约150米,江苏省,南京市,江宁区,1,7422d41f7f842ee6f02d83c5
6177,7083,鸿信云深处,118.956084,32.003204,江苏省南京市江宁区东山街道神凤路1169号(上坊天云湖横山水库东侧),江苏省,南京市,江宁区,1,1ae93e5daefadf8ef03cba82
6178,7084,西江口社区,118.626238,31.980833,张西路东50米,江苏省,南京市,浦口区,1,dbf4d5572a130d8c591093b8
6179,7085,西江佳园,118.62673,31.981286,江苏省南京市浦口区西江佳园(张西路北70米),江苏省,南京市,浦口区,1,dd273398554e42ee6ca3cc70
6180,7086,云玺湾,118.688736,31.981964,江苏省南京市建邺区双闸海峡城云璟湾西(新亭街西),江苏省,南京市,建邺区,1,d45ed4d72ca80da3a01de9bd
6181,7087,海峡城第三街区,118.688069,31.981344,江苏省南京市建邺区扬子江大道399号,江苏省,南京市,建邺区,1,f7d9f3b8de0f330e15c905cf
6182,7088,海峡城,118.692702,31.987184,区扬子江大道399号(扬子江大道与淮河路交叉口),江苏省,南京市,建邺区,1,f8407595a356e5a346e274e5
6183,7090,云珑湾,118.692081,31.985257,江苏省南京市建邺区双闸路,江苏省,南京市,建邺区,1,a604d81fba90f9e3ae080f4e
6184,7091,云璟湾,118.691954,31.982933,南京市建邺区新亭街9号,江苏省,南京市,建邺区,1,46df388da5af6a70a2a9347c
6185,7092,金地中心风华,118.696882,31.983516,江苏省南京市建邺区双闸路106号附近,江苏省,南京市,建邺区,1,914a1d766b83a1f9e9f853eb
6186,7093,海峡城D地块二期,118.687596,31.981862,南京市建邺区邺城路云玺湾,江苏省,南京市,建邺区,1,414f8ad198910fee4354d7e8
6187,7094,南京升龙汇金中心,118.717632,31.987351,江东南路与江山大街交叉口西南侧,江苏省,南京市,建邺区,1,92bdcc07755e94f34e776eeb
6188,7095,升龙·河西公馆,118.717447,31.984827,南京建邺区庐山路288号升龙汇金中心,江苏省,南京市,建邺区,1,e7d7690ab609b89b1f1d11c1
6189,7096,和熙臻苑,118.71216,31.98997,江苏省南京市建邺区保东路6号,江苏省,南京市,建邺区,1,cac38711e412bdaee0110357
6190,7097,和熙臻苑-南门,118.712133,31.98921,南京市建邺区友谊街与支路三交叉口北100米,江苏省,南京市,建邺区,1,0e85ab593100dad7471a3246
6191,7098,和熙臻苑-东门,118.713182,31.990277,南京市建邺区保东路6号,江苏省,南京市,建邺区,1,b9d3fdd1d73645cf03ec0179
6192,7099,保利·香槟国际(金沙江东街),118.723916,31.987038,江苏省南京市建邺区金沙江东街89号,江苏省,南京市,建邺区,1,3da907f36297f34ab220a89a
6193,7100,中和园,118.729145,31.984439,南京市建邺区金沙江东街18-3号,江苏省,南京市,建邺区,1,5ffb1816a8a9bb216f47603d
6194,7101,和府奥园,118.727182,31.989401,南京市建邺区雨润大街69号,江苏省,南京市,建邺区,1,db7cb072d4a3f3ae6f47608c
6195,7102,恒山花苑,118.726285,31.987897,江苏省南京市建邺区恒山路199号,江苏省,南京市,建邺区,1,b1de9683053dbaffc4f02501
6196,7103,金沙雅苑,118.728599,31.985738,南京市建邺区金沙江东街26号,江苏省,南京市,建邺区,1,1368b1a7e4a80dd01ef74de3
6197,7104,双和园,118.729649,31.987556,南京市建邺区雨润大街19号,江苏省,南京市,建邺区,1,61f634f64a9f32786a49f3b1
6198,7105,金沙江东路26号小区,118.728542,31.985674,南京市建邺区金沙江东街26号,江苏省,南京市,建邺区,1,da8b66e22875c810c9e33c1c
6199,7106,双和园-西区,118.729334,31.987931,南京市建邺区雨润大街19号双和园,江苏省,南京市,建邺区,1,be1d0a61762db135eb1e97fc
6200,7107,保利·香槟国际(北门),118.723712,31.988934,南京市建邺区金沙江东街115号,江苏省,南京市,建邺区,1,b63ab2f3642bb7fcadcb660a
6201,7108,名通网络科技有限公司,118.740421,31.984631,江苏省南京市建邺区广聚路31号安科大厦京妆楼12楼1201,江苏省,南京市,建邺区,1,5108051d7067b7548e1a8981
6202,7109,双和园-东区,118.73137,31.986383,南京市建邺区雨润大街19号,江苏省,南京市,建邺区,1,8ab0dfc428999f16d9ecedb1
6203,7110,南京美展利研发大厦,118.739596,31.989387,南京市建邺区康文路与云龙山路交叉路口往东北约90米,江苏省,南京市,建邺区,1,e77e8b6461cb080257bfff32
6204,7111,卫检大厦,118.739526,31.9857,江苏省南京市建邺区创智路39号,江苏省,南京市,建邺区,1,25e34290aba1c3b232870a5f
6205,7112,雨润公司第二公寓,118.736151,31.988074,南京市建邺区雨润路10号,江苏省,南京市,建邺区,1,d454f0609faa9a5c78f796f2
6206,7113,金浦·翡翠谷,118.744954,31.982418,"赛虹桥街道纬九路金浦翡翠谷,丁树路29号",江苏省,南京市,雨花台区,1,ae0509f427ea945024e0a06f
6207,7114,金浦小行G44地块,118.74389,31.982061,南京市雨花台区凤台南路翡翠谷花园,江苏省,南京市,雨花台区,1,9256e07994db7f65eb12e4da
6208,7115,中博信息技术研究院有限公司,118.749077,31.98722,南京市雨花台区丁树路菊花小区西侧约150米,江苏省,南京市,雨花台区,1,5896a1b4b27df663f33cba71
6209,7116,雨润公司第二公寓-西门,118.735624,31.988229,南京市建邺区雨润路10号,江苏省,南京市,建邺区,1,f3c500376acac0e9eb12e4e8
6210,7117,顶健科技大厦,118.741865,31.984493,南京市建邺区嘉陵江东街1号,江苏省,南京市,建邺区,1,bf0138600ae73b028bb9887c
6211,7118,南京质监大厦,118.74115,31.985057,南京市建邺区嘉陵江东街3号,江苏省,南京市,建邺区,1,667aff02e5cf49ea6ec02cae
6212,7119,君泰国际,118.741056,31.98387,南京市建邺区西城路300号,江苏省,南京市,建邺区,1,6f92a73c67270abc6fa3cc3a
6213,7120,南京国际人才港,118.742179,31.988459,南京市建邺区新城科技园嘉陵江东街18号南京国家广告产业园,江苏省,南京市,建邺区,1,e452a383239364afa80dd8be
6214,7121,南京朗睿软件科技有限公司,118.74175,31.987459,江苏南京市建邺区嘉陵江东街18号1栋4楼,江苏省,南京市,建邺区,1,8c64cb897b39552cf02d8375
6215,7122,菊花二村,118.752136,31.987161,南京市雨花台区赛虹桥街道菊花小区(菊花路),江苏省,南京市,雨花台区,1,63290000ad4bcf458d55ec4f
6216,7123,南京国际广告大厦,118.741517,31.988161,南京市建邺区创智路舜禹大厦东南侧约70米,江苏省,南京市,建邺区,1,a23d01686577238643e192d5
6217,7124,南河西岸,118.748097,31.989554,南京市建邺区河西大街金洲苑小区南侧约180米,江苏省,南京市,建邺区,1,f8580c111dce9644a1d230f5
6218,7125,北纬国际中心,118.743539,31.989755,南京市建邺区新城科技园南区文广路与创智路交汇处创智路1号,江苏省,南京市,建邺区,1,87121b1345b11d4926d2bb8d
6219,7126,尤家凹1号,118.749348,31.980628,江苏省南京市雨花台区龙家凹1号,江苏省,南京市,雨花台区,1,256d9a3f9d81b3c34e2fdfbc
6220,7127,南京建邺区嘉陵江东街18号6幢3楼,118.741723,31.987648,南京市建邺区嘉陵江东街18号1栋附近,江苏省,南京市,建邺区,1,cba0f6033e40d8de82288a6d
6221,7128,理想家青年公寓,118.746426,31.98361,南京市雨花台区小行路158号(南京市公安局地铁分局后面),江苏省,南京市,雨花台区,1,175db2b9ac409ea946e274e4
6222,7129,菊花小区,118.752798,31.987121,南京市雨花台区小行里菊花小区,江苏省,南京市,雨花台区,1,0ce65c2d3750c1582d473356
6223,7130,中南锦苑,118.756213,31.984545,江苏省南京市雨花台区软件大道165号,江苏省,南京市,雨花台区,1,46a2076cf13e6ff7081cc7f0
6224,7131,软件大道188号,118.755076,31.982985,江苏省南京市雨花台区软件大道188号,江苏省,南京市,雨花台区,1,2509535f153f4447a2a93419
6225,7132,菊花三村,118.754138,31.987398,江苏省南京市雨花台区小行路29-21(地铁站),江苏省,南京市,雨花台区,1,21e224e3e63ce1f577026934
6226,7133,尤家凹,118.751911,31.98035,南京市雨花台区宁双路西50米,江苏省,南京市,雨花台区,1,83b471974a0d30db931fc911
6227,7134,南京高精齿轮集团有限公司-家属院,118.753285,31.982954,南京市雨花台区尤家凹3号6号,江苏省,南京市,雨花台区,1,6a4c0bfac1631497d6b74e85
6228,7135,恒大华府,118.753972,31.985682,南京市雨花台区软件大道198号,江苏省,南京市,雨花台区,1,546827131c29590500ec0173
6229,7136,丰盛·商汇-1期,118.767999,31.982084,南京市雨花台区软件大道119号(软件大道与安德门大街交汇处),江苏省,南京市,雨花台区,1,c21db9e5ceeadf9a01ff2daa
6230,7137,江苏科技金融大厦,118.770424,31.990259,江苏省南京市雨花台区安德门大街21号,江苏省,南京市,雨花台区,1,91df911a19898c3288fc06e8
6231,7138,沈氏大厦,118.769241,31.980382,南京市雨花台区安德门大街46号,江苏省,南京市,雨花台区,1,27a9f00e168c2fa7f603b8f5
6232,7139,丰盛商汇C地块,118.769577,31.986542,南京市雨花台区安德门大街雨花客厅,江苏省,南京市,雨花台区,1,2f7bc2e11cdb4217a3acc48e
6233,7141,雨花客厅,118.771582,31.984484,江苏省南京市雨花台区软件大道109号,江苏省,南京市,雨花台区,1,af5320dc69e53ecb00ff2d87
6234,7142,蓝筹谷,118.777211,31.980906,南京市雨花台区软件大道108号,江苏省,南京市,雨花台区,1,637df60aa0f5be7241afe688
6235,7143,中兴物联研发大楼,118.77903,31.980067,江苏省南京市雨花台区花神大道90号,江苏省,南京市,雨花台区,1,ca8c721d1e31b19e02897295
6236,7144,望江矶小区,118.780849,31.994727,南京市雨花台区花神大道8号,江苏省,南京市,雨花台区,1,5b98b298f7b92b2e1e580085
6237,7145,雨花台区检察院业务综合楼,118.786232,31.985814,南京市雨花台区软件谷雨花大道6号,江苏省,南京市,雨花台区,1,0d633481aa54f2673310af3f
6238,7146,宏图上水园,118.784321,31.986698,南京市雨花台区郁金香路58号,江苏省,南京市,雨花台区,1,58fdc0836574990a3fe23115
6239,7147,凯润大厦,118.784201,31.980427,南京市雨花台区文竹路8号,江苏省,南京市,雨花台区,1,bd78c2366d6d9cd58bf15d19
6240,7148,华通大厦,118.783311,31.981716,南京市雨花台区软件大道66号,江苏省,南京市,雨花台区,1,d1caed1a27b90e18744ff168
6241,7149,吉美思大厦,118.787407,31.987621,江苏省南京市雨花台区郁金香路30号,江苏省,南京市,雨花台区,1,4d1bced5d6d32aa70f0e6b8c
6242,7150,国泰科创大厦,118.786171,31.987166,江苏省南京市雨花台区郁金香路36号,江苏省,南京市,雨花台区,1,f6667352c72aad5415c90564
6243,7151,宏图·上水庭院,118.784295,31.984453,江苏省南京市雨花台区花神大道11号,江苏省,南京市,雨花台区,1,9f1123c4544f03604e776e32
6244,7152,阅城国际花园馨然园-1幢,118.784034,31.989119,江苏省南京市雨花台区阅城国际花园馨然园1幢,江苏省,南京市,雨花台区,1,9b13df4a1eb0977d1fe999d0
6245,7153,国泰科创大厦-B座,118.785836,31.987125,南京市雨花台区郁金香路36号,江苏省,南京市,雨花台区,1,7d79b5c9b5ebd45433169b4f
6246,7154,国泰科创大厦-A座,118.786326,31.986978,江苏省南京市雨花台区郁金香路36号,江苏省,南京市,雨花台区,1,7282f4f6e2eb5c0ed1f49eb6
6247,7155,翠岛花城,118.794623,31.987826,南京市雨花台区宁南新区丁墙村10号,江苏省,南京市,雨花台区,1,6ee010209017b3ef53e5c588
6248,7156,花神美境,118.800692,31.988352,南京市雨花台区9号(宁南新区玉兰路与宁南大道交汇处),江苏省,南京市,雨花台区,1,101bc61bb158a6dec42ba143
6249,7157,苏豪国际广场,118.795278,31.983239,江苏省南京市雨花台区软件大道48号,江苏省,南京市,雨花台区,1,7c5e480b6f7d4ecaadb22a32
6250,7158,花神大厦,118.799009,31.987543,江苏省南京市雨花台区软件大道11号,江苏省,南京市,雨花台区,1,131fc8a0af02d905a5da3915
6251,7160,雅菊苑-1号楼,118.79313,31.98636,江苏省南京市雨花台区软件大道19号,江苏省,南京市,雨花台区,1,f210913c1f68a46609b93a16
6252,7161,绿地玉晖晶舍,118.798887,31.983329,软件大道丁墙路2号,江苏省,南京市,雨花台区,1,00f8355523ff94f4901fc99b
6253,7163,芳庭居,118.796525,31.987025,南京市雨花台区软件大道19号,江苏省,南京市,雨花台区,1,bc884d7f79298e6a2fe67b75
6254,7164,水芙苑-1号楼,118.79409,31.98924,南京市雨花台区水芙苑1号,江苏省,南京市,雨花台区,1,58d5a7cc779127d0c33644c9
6255,7165,南研二区,118.793948,31.981671,南京市雨花台区软件谷软件大道50号,江苏省,南京市,雨花台区,1,cbf8dbd817f4522b6fa3cc8d
6256,7166,苏豪国际广场-B座,118.795009,31.982296,江苏省南京市雨花台区苏豪国际广场B幢,江苏省,南京市,雨花台区,1,8c7a1315f419cfee4354d7e0
6257,7168,苏豪国际广场-A座,118.795813,31.982955,江苏省南京市雨花台区软件大道48号,江苏省,南京市,雨花台区,1,b7b388f32e33b1c3d618b7e2
6258,7169,苏豪国际广场-C座,118.794554,31.983292,南京市雨花台区软件大道48号,江苏省,南京市,雨花台区,1,0b5d63695d7b7c14c9fa5f77
6259,7170,苏豪国际广场-西北门,118.794705,31.984294,南京市雨花台区软件大道48号,江苏省,南京市,雨花台区,1,5dcbfa8e8a1c84b6b320a8bf
6260,7171,金美家国际,118.808027,31.987609,南京市雨花台区卡子门大街88号家乐家5层,江苏省,南京市,雨花台区,1,95781783a9337d2c00ec013c
6261,7172,智谷安卓大屏,118.804014,31.987217,南京市雨花台区宁南大道20号-1幢-115室,江苏省,南京市,雨花台区,1,85a40967057709dfa8f72934
6262,7173,蝉园丝锦坊,118.803806,31.98352,玉兰路99号明发商业广场4层中影·国际影城(雨花台南站店)附近,江苏省,南京市,雨花台区,1,166195c8e8bde423d7851ff2
6263,7174,宁南农花村经济适用房,118.807556,31.987354,南京市雨花台区丁墙路家乐家,江苏省,南京市,雨花台区,1,788f61d8ce2927ed250bd00c
6264,7175,华袖美景,118.800557,31.98818,江苏省南京市雨花台区软件大道9号,江苏省,南京市,雨花台区,1,fc8a15db149def36c7f025b5
6265,7176,爱尚公寓管理处,118.805392,31.985323,南京市雨花台区雨花经济开发区玉兰路99号明发商业广场2栋3楼33025室,江苏省,南京市,雨花台区,1,b3792d0023b7e1e703ff2d6f
6266,7177,南京明发商业广场-6栋,118.803648,31.981753,江苏省南京市雨花台区宁南六朝路明发商业广场,江苏省,南京市,雨花台区,1,67cf856f37230242adcb666a
6267,7178,南京明发商业广场-西北1门,118.800715,31.98372,南京市雨花台区玉兰路66号附近,江苏省,南京市,雨花台区,1,5dc9c75ac3e300cc9222e0cd
6268,7179,石林家乐家(北门),118.807294,31.987626,南京市雨花台区卡子门大街88号,江苏省,南京市,雨花台区,1,4cdb4512bb5be49102ff2d0d
6269,7180,汇景家园-汇美苑,118.815679,31.987497,南京市秦淮区汇景路145号,江苏省,南京市,秦淮区,1,539579f72c350a1c15948ea3
6270,7181,下坞营-128号,118.818302,31.987003,江苏省南京市秦淮区下坞营128号,江苏省,南京市,秦淮区,1,a1d102cb64e55c170869d9c3
6271,7182,汇景家园-汇祥苑,118.81819,31.987682,南京市秦淮区汇景东路1号,江苏省,南京市,秦淮区,1,733028f82e951537d418b7a2
6272,7183,夹岗经济适用房综合楼,118.817387,31.988094,江苏省南京市秦淮区汇景西路18号,江苏省,南京市,秦淮区,1,51295a4af831853cdeee8b88
6273,7184,保利·堂悦营销中心,118.812633,31.987207,江苏省南京市秦淮区汇景北路1号,江苏省,南京市,秦淮区,1,f2e2a756f368337ce115f9f7
6274,7185,夹岗门-78号,118.819293,31.984922,江苏省南京市秦淮区夹岗门78号,江苏省,南京市,秦淮区,1,067860a1b38d527ee5073859
6275,7186,汇景家园-汇满苑,118.81482,31.988912,南京市秦淮区汇景西路33号,江苏省,南京市,秦淮区,1,3b1f9b3c8e9aab6e0289724c
6276,7187,夹岗门-77号,118.81946,31.984982,江苏省南京市秦淮区夹岗门77号,江苏省,南京市,秦淮区,1,c1e030654f8530ec213bf267
6277,7188,汇景家园-汇幸苑,118.817973,31.988834,南京市秦淮区汇景路73号,江苏省,南京市,秦淮区,1,d6c5d991092053e831169bae
6278,7189,夹岗门-43号,118.820089,31.983898,江苏省南京市秦淮区夹岗门43号,江苏省,南京市,秦淮区,1,9d7a86c67dfda4eaf503b80e
6279,7190,夹岗门-36号,118.819646,31.983562,江苏省南京市秦淮区夹岗门36号,江苏省,南京市,秦淮区,1,a57b0ee889ccd9de86420ed9
6280,7191,夹岗门-71号,118.820141,31.985137,江苏省南京市秦淮区夹岗门71号,江苏省,南京市,秦淮区,1,6ea73fb230eb3108128824ae
6281,7193,汇景家园(景文苑),118.814987,31.990135,江苏省南京市秦淮区汇景北路33号,江苏省,南京市,秦淮区,1,34ff3de848c3ae7c4d2fdf19
6282,7194,夹岗门-41号,118.819987,31.983593,江苏省南京市秦淮区夹岗门41号,江苏省,南京市,秦淮区,1,e9892b09684fc30a0389721d
6283,7195,复地宴南都北区,118.811194,31.989704,南京市秦淮区丁墙路复地宴南都,江苏省,南京市,秦淮区,1,6b048e8d58497a0c29201a6c
6284,7196,汇景家园-汇福苑,118.817192,31.989991,江苏省南京市秦淮区汇景路78号,江苏省,南京市,秦淮区,1,d991e116596220551e3894ae
6285,7197,汇景家园-64号,118.818572,31.989934,江苏省南京市秦淮区汇景家园64号,江苏省,南京市,秦淮区,1,e8240cd9cdb2f638e856fae8
6286,7198,张家板跳,118.811827,31.988319,南京市秦淮区汇景北路,江苏省,南京市,秦淮区,1,5ce2637d4034f851af31e5a6
6287,7199,汇景家园-汇平苑,118.820302,31.988689,南京市秦淮区汇景南路17号,江苏省,南京市,秦淮区,1,d1e7479833255d5af503b8e3
6288,7201,汇景家园-汇安苑,118.819855,31.989567,南京市秦淮区汇景南路44号,江苏省,南京市,秦淮区,1,63d071d65800ebb3d22dd6ec
6289,7202,长发荟邻,118.817311,31.98832,南京市秦淮区汇景西路18号,江苏省,南京市,秦淮区,1,6328aa123035d20a95ca07be
6290,7203,汇景家园-景泰苑,118.822442,31.989313,南京市秦淮区康泰路26号,江苏省,南京市,秦淮区,1,8c38732706bb7c1728201a65
6291,7205,汇景家园-景康苑,118.821824,31.990347,南京市秦淮区康景路26号,江苏省,南京市,秦淮区,1,20d589b9cb7a1cb88505bfea
6292,7206,柴家营-58号,118.824558,31.987571,江苏省南京市秦淮区柴家营58号,江苏省,南京市,秦淮区,1,8f8dfe427caa1f2c9d9d68e6
6293,7207,柴家营-129号,118.828178,31.988122,江苏省南京市秦淮区柴家营129号,江苏省,南京市,秦淮区,1,b7c7494a1bc81491d4851f0c
6294,7208,柴家园-37号,118.825732,31.987556,江苏省南京市秦淮区柴家园37号,江苏省,南京市,秦淮区,1,3c640665910d2af3f11937c0
6295,7209,柴家园-32号,118.825734,31.98789,江苏省南京市秦淮区柴家园32号,江苏省,南京市,秦淮区,1,ae1c6675f3a9ca34725e8093
6296,7210,柴家营-77号,118.824879,31.987222,江苏省南京市秦淮区柴家营77号,江苏省,南京市,秦淮区,1,6df27c20f0d3da37a0a93489
6297,7211,柴家营-47号,118.824929,31.987397,江苏省南京市秦淮区柴家营47号,江苏省,南京市,秦淮区,1,2287f34d85995cde15a190e7
6298,7212,柴家营-124号,118.827532,31.988185,江苏省南京市秦淮区柴家营124号,江苏省,南京市,秦淮区,1,dd4b96275d697ee98e77270c
6299,7213,柴家园-26号,118.826503,31.988187,江苏省南京市秦淮区柴家园26号,江苏省,南京市,秦淮区,1,b1900d75b75e8a4a0869d954
6300,7214,柴家营-17号,118.826222,31.987625,江苏省南京市秦淮区柴家营17号,江苏省,南京市,秦淮区,1,c4a67fa2344644bb85420ed8
6301,7215,柴家营82号,118.824841,31.986994,南京市秦淮区柴园路汇景家园-景泰苑东南侧约290米,江苏省,南京市,秦淮区,1,c5c2199739421db94f3a5968
6302,7216,柴家园-35号,118.826036,31.987725,江苏省南京市秦淮区柴家园35号,江苏省,南京市,秦淮区,1,d08b8c030122f75fd5b74ece
6303,7217,明月港湾,118.839571,31.982772,江苏省南京市江宁区金盛路988号,江苏省,南京市,江宁区,1,108b1ceac6a7d9d03486f492
6304,7218,金港花园,118.84013,31.985703,南京市江宁区金盛路998号,江苏省,南京市,江宁区,1,b388f9fd59086441b35c6a7a
6305,7219,金竹花园,118.836618,31.985276,江苏省南京市江宁区岔路口金盛路359号,江苏省,南京市,江宁区,1,803708f1b09f27790189727a
6306,7220,天地新城天玑座小区,118.83473,31.984,江苏省南京市江宁区东山街道金盛路天地新城天柱座小区,江苏省,南京市,江宁区,1,89fa3982da2ce9f5d7851f89
6307,7221,邵圣安置房,118.833778,31.984876,南京市江宁区汤家坝166号,江苏省,南京市,江宁区,1,79eec6f2299e9a6d118824d6
6308,7223,天地新城-天心座,118.829889,31.98132,江苏省南京市江宁区天地新城,江苏省,南京市,江宁区,1,a053e83705513cd0ae31e5c8
6309,7225,明月港湾彩云湾,118.840678,31.984217,南京市江宁区东山街道金盛路明月港湾小区,江苏省,南京市,江宁区,1,c07fc40c9d943806932ca30c
6310,7226,前马场-100号,118.847757,31.984915,江苏省南京市江宁区前马场100号,江苏省,南京市,江宁区,1,33b78aa43db9e23c2902e1fd
6311,7227,前马场-43号,118.848362,31.985042,江苏省南京市江宁区前马场43号,江苏省,南京市,江宁区,1,8506144937f861f932169b65
6312,7228,后淹儿港-76号,118.845568,31.979741,江苏省南京市江宁区后淹儿港76号,江苏省,南京市,江宁区,1,295928c8d552aa252fe67b8f
6313,7229,前马场-71号,118.847995,31.9843,江苏省南京市江宁区前马场71号,江苏省,南京市,江宁区,1,b4bd307461cb6d620aa8d4c7
6314,7230,前马场-76号,118.846843,31.985695,江苏省南京市江宁区前马场76号,江苏省,南京市,江宁区,1,fdfb0dff8c573adad8eced85
6315,7233,后淹儿港43号,118.845186,31.980431,江苏省南京市江宁区后淹儿港43号,江苏省,南京市,江宁区,1,6a854d4fbfeab522d92f28b4
6316,7234,后淹儿港-44号,118.845654,31.98006,江苏省南京市江宁区后淹儿港44号,江苏省,南京市,江宁区,1,575edfcb13102c586849f37e
6317,7235,后奥东-49号,118.857209,31.986009,江苏省南京市江宁区后奥东49号,江苏省,南京市,江宁区,1,58e59839e601c12007026f7a
6318,7236,后奥东-8号,118.856193,31.98602,江苏省南京市江宁区后奥东8号,江苏省,南京市,江宁区,1,300d5280035f957ee3110364
6319,7237,卢家桥-18号,118.867648,31.983157,江苏省南京市江宁区卢家桥18号,江苏省,南京市,江宁区,1,50fa739fc08eb5d588db7339
6320,7238,卢家桥-81号,118.865721,31.9816,江苏省南京市江宁区卢家桥81号,江苏省,南京市,江宁区,1,a140b77a86f4072c83a00cd2
6321,7239,卢家桥-14号,118.867335,31.983048,江苏省南京市江宁区卢家桥14号,江苏省,南京市,江宁区,1,69c72088b05952150c0e6b22
6322,7240,润景国际,118.876397,31.98197,南京市江宁区天行路98号,江苏省,南京市,江宁区,1,3deb4639b35d9f6b4bcc4a97
6323,7241,润景国际-2幢,118.875287,31.981762,江苏省南京市江宁区天行西路9号,江苏省,南京市,江宁区,1,601f709ead5a1c092afc4827
6324,7242,南京德赞投资管理有限公司,118.863796,31.968875,江苏省南京市江宁区天印大道696号a1栋5楼,江苏省,南京市,江宁区,1,c69611830f24eb21a9175a4c
6325,7243,金威科技广场,118.880523,31.979884,江苏省南京市江宁区上高路79号,江苏省,南京市,江宁区,1,c28004d61e69439a1d58001a
6326,7244,平达国际广场,118.883144,31.980649,江苏省南京市江宁区上高路88号,江苏省,南京市,江宁区,1,9d3a5a0e33e69c406e20b991
6327,7245,南京东山国际企业研发园C1座,118.879479,31.979446,南京市江宁区东山国际企业研发园C1栋,江苏省,南京市,江宁区,1,19321e8edbe740b23617dc54
6328,7247,东山国际企业研发园B座,118.885677,31.988802,南京市江宁区东麒路33号,江苏省,南京市,江宁区,1,de424196cee3fec6c61b75fa
6329,7248,东山国际企业研发园载体平台项目管委会大楼,118.88082,31.980876,南京市江宁区X102金威科技广场,江苏省,南京市,江宁区,1,cb9510a611f59e64250bd05c
6330,7249,岗山村经济适用房,118.870654,31.969387,南京市江宁区湖山路与文靖东路交叉路口往西北约170米,江苏省,南京市,江宁区,1,a862ccc0b2a3afa22b06ce14
6331,7250,江宁区东山街道桃园老年公寓,118.909418,31.985723,南京市江宁区桃园村156号,江苏省,南京市,江宁区,1,666a846beb40fadb4151c050
6332,7251,兰花塘社区,118.559574,31.959349,南京市浦口区绕城公路,江苏省,南京市,浦口区,1,ca11956448a527e5fbf0cb96
6333,7252,中和村经济适用房四期,118.697483,31.973601,江苏省南京市建邺区定康街与高庙路交叉路口西侧(朗诗熙华府西南侧约50米),江苏省,南京市,建邺区,1,c92b475d34c52e52740269f1
6334,7253,鲁能公馆一期-东南门,118.69852,31.969377,南京市建邺区螺塘路附近,江苏省,南京市,建邺区,1,cc42816d2a3400358e1a8992
6335,7254,招商雍和府,118.697204,31.975564,高庙路60号,江苏省,南京市,建邺区,1,d7ad37ab5781b127f50e77bd
6336,7255,朗诗熙华府,118.698966,31.975182,江苏省南京市建邺区高庙路58号,江苏省,南京市,建邺区,1,8b766daafe9dffef2dfaa771
6337,7256,正荣润峰,118.701542,31.971632,江苏省南京市建邺区吴侯街与高庙路交汇处,江苏省,南京市,建邺区,1,b83e77a6a3051d1c7c29bd97
6338,7257,升龙天汇,118.704363,31.971155,江苏省南京市建邺区螺塘路38号,江苏省,南京市,建邺区,1,2d76f606a459760c9c82ead8
6339,7259,五矿·崇文金城,118.703533,31.973783,南京市建邺区吴侯街158号,江苏省,南京市,建邺区,1,4e2b9a8f594a90242811d188
6340,7260,佳兆业城市广场,118.710802,31.976074,南京市建邺区尚元街与永出路交叉口东北面,江苏省,南京市,建邺区,1,bfaeb7b6676e5e9059f6be97
6341,7261,五矿·崇文金城-B区,118.702173,31.974147,江苏省南京市建邺区吴侯街158号,江苏省,南京市,建邺区,1,cd240d291a587bf228b97cd8
6342,7263,清辉园,118.713166,31.971062,南京市建邺区高庙路8号,江苏省,南京市,建邺区,1,688a954d30dee1e8260bd08d
6343,7264,金穗花园,118.718681,31.974416,南京市建邺区中和路99号,江苏省,南京市,建邺区,1,d2767a0af41424d4f60e7706
6344,7265,中和村经济适用住房3期,118.712768,31.971689,南京市建邺区清润路东南青年汇(中和店),江苏省,南京市,建邺区,1,62a54ba552dd3d26ddee8bcc
6345,7266,金穗花园社区,118.717367,31.973843,江苏省南京市建邺区沙洲街道中和路101-12,江苏省,南京市,建邺区,1,2fcbead49beef2684e5547f0
6346,7267,金穗花园-西门,118.717505,31.974569,江苏省南京市建邺区中和路99号,江苏省,南京市,建邺区,1,ff3434e0ce49bb89b75f1e04
6347,7268,清荷园小区-南园,118.720588,31.976374,南京市建邺区友谊街69号,江苏省,南京市,建邺区,1,9d5863e37284bc594c6d465b
6348,7269,中和村经济适用房二期,118.711549,31.970636,南京市建邺区高庙路与清润路交叉路口西南侧,江苏省,南京市,建邺区,1,bb73eaf263ab3705d72ce2f1
6349,7270,莲花新城-北苑,118.72671,31.974558,江苏省南京市建邺区友谊街38号,江苏省,南京市,建邺区,1,373b0b9a702a01ed48cc4a15
6350,7271,竹柳新村,118.730215,31.973016,南京市雨花台区西善桥北路40号,江苏省,南京市,雨花台区,1,9f97b1c571f06106b74f5488
6351,7272,天迈广场,118.727664,31.971868,南京市建邺区莲池路,江苏省,南京市,建邺区,1,4a1d074f40d07d13ed74f8a6
6352,7274,清荷园小区,118.719979,31.976642,江苏省南京市建邺区中和路69号,江苏省,南京市,建邺区,1,b4f91860f692de04eddfcaf7
6353,7275,铂悦公寓,118.726967,31.971352,江苏省南京市建邺区2号线油坊桥地铁站2号出口左走50米铂悦公寓,江苏省,南京市,建邺区,1,b8f8206a8587c0302bb97c70
6354,7276,莲花新城嘉园,118.722558,31.971106,南京市建邺区莲池路50号,江苏省,南京市,建邺区,1,44db68b19ebe565c6c47604f
6355,7277,竹柳南苑,118.729479,31.972135,南京市雨花台区西善桥北路42号,江苏省,南京市,雨花台区,1,dfc6c16cbc8503b5970319ae
6356,7278,沙洲司法所莲花北苑社区,118.726613,31.975542,江苏省南京市建邺区友谊街46-2号,江苏省,南京市,建邺区,1,f1438ac6c34109001c3894fc
6357,7279,莲花新城,118.726469,31.972667,江苏省南京市建邺区友谊街38号,江苏省,南京市,建邺区,1,7449648bdd8ad3b2b7f42f40
6358,7282,友谊公寓,118.728255,31.969548,南京市雨花台区西善桥北路93号,江苏省,南京市,雨花台区,1,b1c556e8aaa2a60cb5265588
6359,7284,油坊公寓,118.735566,31.961002,南京市雨花台区龙西路100号,江苏省,南京市,雨花台区,1,dee2b021a90f7ee628fc48f3
6360,7286,汪家8号,118.73697,31.975282,江苏省南京市雨花台区汪家8号,江苏省,南京市,雨花台区,1,3f4ba8f92a99bcda715e8024
6361,7287,大众花园,118.735434,31.97721,江苏省南京市雨花台区西善桥北路28号,江苏省,南京市,雨花台区,1,435d7aea4caf05355bbbbc89
6362,7288,青山竹苑-1幢,118.73682,31.976306,南京市雨花台区青山竹苑1幢,江苏省,南京市,雨花台区,1,719d95cffbf6ed5287330443
6363,7291,樊家洼-5号,118.739574,31.971832,江苏省南京市雨花台区樊家洼5号,江苏省,南京市,雨花台区,1,bde98ca41620ad87e31103d4
6364,7294,朝发电机厂家属院,118.738976,31.979578,南京市雨花台区沪蓉高速明豪花园北侧约90米,江苏省,南京市,雨花台区,1,edadf6d3d8bd0b9115764349
6365,7295,樊家洼-7号,118.738888,31.971389,江苏省南京市雨花台区樊家洼7号,江苏省,南京市,雨花台区,1,617b87cafeca1db0a2a934fa
6366,7296,明豪花园,118.739186,31.978202,江苏省南京市雨花台区贾东村101号,江苏省,南京市,雨花台区,1,14076deeff10c5f403294f88
6367,7299,樊家洼-4号,118.739328,31.97156,江苏省南京市雨花台区樊家洼4号,江苏省,南京市,雨花台区,1,4ff24bd7a6cbaed6283a9f40
6368,7300,樊家洼-2号,118.739239,31.971433,江苏省南京市雨花台区樊家洼2号,江苏省,南京市,雨花台区,1,18945d9809a68546e81e9730
6369,7302,贾西新苑2号楼,118.741469,31.965647,江苏省南京市雨花台区贾西新苑2幢,江苏省,南京市,雨花台区,1,b6fb92f9f2731645cc06a404
6370,7303,七贤街16号3栋,118.741518,31.966193,江苏省南京市雨花台区贾西新苑3幢,江苏省,南京市,雨花台区,1,d7ffb81eb8bf5a2d40e192bf
6371,7304,贾西,118.740464,31.964989,地铁S3号线,江苏省,南京市,雨花台区,1,e57f2d9a1041c3e4b020a862
6372,7305,贾西101号,118.74099,31.971564,江苏省南京市雨花台区贾西101号,江苏省,南京市,雨花台区,1,af4193dfd498073aa8175a53
6373,7307,贾东村106号,118.740737,31.976117,江苏省南京市雨花台区贾东村106号,江苏省,南京市,雨花台区,1,0039f8cd8524ef9d770269c3
6374,7311,贾西新苑4号楼,118.741563,31.966672,江苏省南京市雨花台区七贤街16号贾西新苑,江苏省,南京市,雨花台区,1,c6e12b391476c6f9d8d89128
6375,7313,七彩星城,118.731515,31.971064,南京市雨花台区西善桥北路9-2号,江苏省,南京市,雨花台区,1,b57d05b280331e73ce04efe3
6376,7316,七彩星城国学府,118.730354,31.969699,江苏省南京市雨花台区西善桥北路9-16号,江苏省,南京市,雨花台区,1,2dfde6d6a0a077d8d81318ff
6377,7317,七彩星城-幸福里,118.731295,31.970958,江苏省南京市雨花台区西善桥北路87号,江苏省,南京市,雨花台区,1,3d6095828f2acd4443ab9ae2
6378,7319,琥珀花园-西苑,118.744648,31.978604,南京市雨花台区凤信路68号,江苏省,南京市,雨花台区,1,4a2ac5236aae2db89868b488
6379,7320,琥珀花园,118.746675,31.976398,江苏省南京市雨花台区凤信路68号,江苏省,南京市,雨花台区,1,31ee0961cb3acabf21026210
6380,7325,汇智大厦,118.759656,31.978243,南京市雨花台区宁双路28号,江苏省,南京市,雨花台区,1,b11a01b1d391c6a12cb908d9
6381,7326,创智大厦,118.755227,31.974847,江苏省南京市雨花台区西春路1号,江苏省,南京市,雨花台区,1,ed1450b863ff02ae4e554752
6382,7327,中和大厦,118.755869,31.976186,江苏省南京市雨花台区宁双路80号,江苏省,南京市,雨花台区,1,f40eabc09a46a19122f017d6
6383,7328,铁心桥服务区-停车场,118.752704,31.970975,南京市雨花台区铁心桥服务区,江苏省,南京市,雨花台区,1,f056a8f239b1029c940319b1
6384,7330,中和大厦-A座,118.755691,31.975946,江苏省南京市雨花台区邃密科技大厦(西春路西),江苏省,南京市,雨花台区,1,db4a0472a46741d9593ac854
6385,7331,龙家凹-22号,118.752542,31.979729,江苏省南京市雨花台区龙家凹22号,江苏省,南京市,雨花台区,1,887c1baa03c4e5a648cc4ad2
6386,7332,龙家凹-99号,118.751466,31.979507,江苏省南京市雨花台区龙家凹99号,江苏省,南京市,雨花台区,1,31ac9e3025063420364aae7b
6387,7333,小行小区,118.750488,31.986882,26路;96路;127路;153路;338路;Y20路夜间;Y22路夜间,江苏省,南京市,雨花台区,0,cbf7c7b50b96a2e9b220a892
6388,7334,春江新城-新河苑,118.750934,31.968575,南京市雨花台区江艺路25号,江苏省,南京市,雨花台区,1,a0d7b48a311c8cdfd3ff233d
6389,7335,春江新城,118.760539,31.967438,江苏省南京市春江路59号,江苏省,南京市,雨花台区,1,a74481d6b2199a3af403b88d
6390,7336,春江新城龙泉坊,118.758965,31.970284,南京市雨花台区江艺路25号,江苏省,南京市,雨花台区,1,fb8b5de76fafd383fbf0cbc6
6391,7337,凤翔新城-二期,118.766827,31.975325,南京市雨花台区宁双路7号,江苏省,南京市,雨花台区,1,cc2651c7c5a001500bf5ebcf
6392,7338,凤翔新城,118.763998,31.975338,江苏省南京市雨花台区宁双路7号,江苏省,南京市,雨花台区,1,556696edff3fbb8d31870a84
6393,7340,民警附属及备勤综合用房,118.76148,31.973824,南京市雨花台区凤信路凤翔新城-一期西南侧约60米,江苏省,南京市,雨花台区,1,07625358502c6d122fb9085b
6394,7341,凤翔花园-三期,118.768557,31.972462,铁心桥大街4号,江苏省,南京市,雨花台区,1,7ecc3b053d4b3c21f8dc85da
6395,7342,南京九号别墅,118.768902,31.971715,江苏省南京市雨花台区铁心桥大街6号,江苏省,南京市,雨花台区,1,a3083f905d11fab4f4b91653
6396,7343,凤翔山庄(二、四区),118.762747,31.97014,南京市雨花台区春江路52号,江苏省,南京市,雨花台区,1,2fd2beab7aec3b527bdbd288
6397,7344,饮溪坊,118.760945,31.970593,南京市雨花台区春江路60号,江苏省,南京市,雨花台区,1,333a11e72f16ad5d77026945
6398,7345,怡化中心,118.768568,31.978502,南京市雨花台区安德门大街50号,江苏省,南京市,雨花台区,1,f093717e447de684f4b91610
6399,7346,楚翘城,118.770655,31.976922,南京市雨花台区安德门大街61号,江苏省,南京市,雨花台区,1,b8de9a751aa7b5fe704b8724
6400,7347,中兴人才公寓,118.773836,31.976743,南京市雨花台区安德门大街53号,江苏省,南京市,雨花台区,1,9fe33428cd51c296b13c811b
6401,7348,梁家,118.775622,31.980696,南京市雨花台区,江苏省,南京市,雨花台区,1,05dd7d5f66179501ac080f87
6402,7349,南京外国语学校雨花国际学校-西门,118.772827,31.979083,南京市雨花台区华为路与宁双路交叉口东北150米梁家洼6号西北侧,江苏省,南京市,雨花台区,1,cfb85fa0cd1d007f0c0a70ff
6403,7350,景明佳园-畅景苑,118.785222,31.971039,南京市雨花台区花神大道298号,江苏省,南京市,雨花台区,1,fe9b109c8811e66145572666
6404,7351,三江学院高等职业技术学院-2号男生公寓,118.781093,31.972232,南京市雨花台区铁心桥街道共青团路与花神大道交叉口西100米三江学院高等职业技术学院2号,江苏省,南京市,雨花台区,1,25700847c09eba870b69d968
6405,7352,三江学院高等职业技术学院-1号女生公寓,118.780888,31.971574,南京市雨花台区铁心桥街道三江学院高等职业技术学院1号,江苏省,南京市,雨花台区,1,4d4fb6cc104534756c3e1be7
6406,7353,京妆商务,118.783973,31.978935,江苏省南京市雨花台区花神大道23号,江苏省,南京市,雨花台区,1,69d6ea04c633061ae8e582ee
6407,7354,泽天能源-西楼,118.782816,31.978958,南京市雨花台区花神大道23号,江苏省,南京市,雨花台区,1,e04bae501338822e2cb96d6f
6408,7355,泽天能源东楼,118.783025,31.978972,南京市雨花台区花神大道23号,江苏省,南京市,雨花台区,1,cb062f8d0bf7d3eb2e473327
6409,7356,雨花台区德讯科技大厦,118.782587,31.979705,江苏省南京市雨花台区花神大道21号,江苏省,南京市,雨花台区,1,fcc7ba7e2ca170ff095cb310
6410,7357,双龙嘉园,118.795784,31.97561,南京市雨花台区石华街16号,江苏省,南京市,雨花台区,1,3b7b564bdd0453f483a00c4e
6411,7358,绿地之窗(锦绣街),118.797493,31.974353,江苏省南京市雨花台区锦绣街5号,江苏省,南京市,雨花台区,1,7c7bb7d7403f541b32870a00
6412,7359,双龙嘉园-西区,118.793614,31.97546,南京市雨花台区石华街17号,江苏省,南京市,雨花台区,1,1290e42388a1ca94f603b8bd
6413,7360,双龙嘉园-东区,118.793869,31.97437,南京市雨花台区梅香路5号,江苏省,南京市,雨花台区,1,d59b06562769c0f6593ac8f7
6414,7361,双龙嘉园-南区,118.796274,31.975783,南京市雨花台区石华街16号,江苏省,南京市,雨花台区,1,3ab26eda193720788f1a89e5
6415,7363,双龙嘉园-北区,118.795636,31.976232,南京市雨花台区石华街15号,江苏省,南京市,雨花台区,1,7dddb89815fffd9c00294f43
6416,7364,梅香路5号院,118.793395,31.973966,南京市雨花台区梅香路5号,江苏省,南京市,雨花台区,1,88822f7a6da081a8a2046498
6417,7365,金轮·星立方B区,118.806868,31.978337,江苏省南京市雨花台区玉盘东街2号,江苏省,南京市,雨花台区,1,0f3fde19ed044be77cc87616
6418,7366,万科九都荟-G区,118.814344,31.970474,南京市雨花台区开明街与民和路交叉路口往西约50米,江苏省,南京市,雨花台区,1,aa784f73161dde242fb90848
6419,7367,万科九都荟-B区,118.812186,31.975481,南京市雨花台区民和路万科星荟,江苏省,南京市,雨花台区,1,577f6bff3c848d387069d33a
6420,7368,九都荟-C区,118.813654,31.973982,江苏省南京市雨花台区民和路5号,江苏省,南京市,雨花台区,1,94c618bfd08420cfc9e33c8d
6421,7369,证大喜玛拉雅-F座,118.81128,31.972627,南京市雨花台区明城大道10号,江苏省,南京市,雨花台区,1,bebf23c3ccdc107a220262e4
6422,7370,祥云苑,118.825478,31.976264,江苏省南京市江宁区双龙大道355号,江苏省,南京市,江宁区,1,1e9bb490b6fb8617e01103ee
6423,7371,天龙山庄(双龙大道辅路),118.819602,31.975145,江苏省南京市江宁区双龙大道464号2栋,江苏省,南京市,江宁区,1,e259c2519984395421f0179d
6424,7372,双龙别墅,118.817049,31.977878,双龙大道322号,江苏省,南京市,雨花台区,1,7c5e480b5dbab8b4adb22a7a
6425,7373,证大喜玛拉雅中心,118.810565,31.972651,南京市雨花台区民智路3号,江苏省,南京市,雨花台区,1,3d0bf1ca771b289ca2a93499
6426,7374,南京万科尚都荟花园,118.814214,31.976782,江苏省南京市雨花区博爱街27号,江苏省,南京市,雨花区,1,3b9457a834c9cdb4e4e965a0
6427,7375,铁投大厦,118.816721,31.9789,江苏省南京市雨花台区双龙大道286号,江苏省,南京市,雨花台区,1,77e8c0f348a624186c3e1b89
6428,7376,万科·九都荟-D区,118.814466,31.972599,江苏省南京市雨花台区民和路11号,江苏省,南京市,雨花台区,1,224cd0a2a47541efc27da2f9
6429,7378,经纬城市花园,118.824981,31.974803,南京市江宁区岔路口金盛路69号经纬城市花园,江苏省,南京市,江宁区,1,bb1d38e4c35de54d0c0a707a
6430,7379,金盛花园,118.829739,31.972161,南京市江宁区岔路口宏运大道1903号,江苏省,南京市,江宁区,1,7524cb4fed2c5e3404026f7a
6431,7380,鑫泰国际广场,118.821457,31.971718,南京市江宁区双龙大道568号,江苏省,南京市,江宁区,1,cde9e2c79566b5cae81e9719
6432,7381,名嘉佳园,118.826482,31.973057,南京市江宁区双龙大道577号,江苏省,南京市,江宁区,1,cd76d5d7da208d1c5d17c315
6433,7382,紫薇花园,118.825863,31.974005,南京市江宁区金盛路50号,江苏省,南京市,江宁区,1,a12baa40d9e1f156e856fa7a
6434,7383,金盛大厦,118.830181,31.974958,南京市江宁区金盛路199号,江苏省,南京市,江宁区,1,bff8fa7d51d1bdddc9213da6
6435,7384,盈家春天花园,118.829065,31.976239,南京市江宁区金盛路175号,江苏省,南京市,江宁区,1,c21db9e51513348200ff2d34
6436,7385,金盛南苑,118.830129,31.974233,南京市江宁区金盛路252号,江苏省,南京市,江宁区,1,c96be51c5f7cc0a601294f9e
6437,7386,武夷商城-天骄阁,118.827038,31.971873,南京市江宁区东山街道宏运大道1813号,江苏省,南京市,江宁区,1,a0a36b86d5832369aeb22a1d
6438,7387,武夷商城风尚阁,118.824244,31.97217,南京市江宁区双龙大道595号,江苏省,南京市,江宁区,1,8c6811695bff9558018972c2
6439,7388,盈嘉·青春渡-B座,118.829044,31.975228,南京市江宁区金盛路175号,江苏省,南京市,江宁区,1,c18ca9ff541a786a9d95deb5
6440,7389,武夷商城-凌云阁,118.82453,31.970755,南京市江宁区双龙大道626号,江苏省,南京市,江宁区,1,a0b7b467271bbf8d09a8d49f
6441,7390,盈嘉·青春渡,118.829349,31.974902,江苏省南京市江宁区金盛路175号,江苏省,南京市,江宁区,1,72aa2513cfa3de47077ce87a
6442,7391,盈家春天花园-南门,118.82903,31.976262,南京市江宁区中水路15号附近,江苏省,南京市,江宁区,1,ca1be035aea9b643fbdc85b7
6443,7392,天地新城,118.8337,31.977304,南京市江宁区金盛路299号,江苏省,南京市,江宁区,1,fa7da3e8b976d86242d63e7a
6444,7393,碧水湾,118.83705,31.975006,南京市江宁区金盛路518号,江苏省,南京市,江宁区,1,0b1de79c0ac557e6a11de95a
6445,7394,天水雅居,118.832301,31.974267,南京市江宁区金盛路328号,江苏省,南京市,江宁区,1,4642844a8aaadba7c9fa5f3a
6446,7395,山水方舟,118.836018,31.971523,南京市江宁区岔路口宏运大道2199号(秦淮河畔),江苏省,南京市,江宁区,1,e6b7f09e6d13dfb78e772794
6447,7396,瀛洲湾花园,118.837965,31.977986,江苏省南京市江宁区金盛路800号,江苏省,南京市,江宁区,1,5d262f572e5a5cc1da13184c
6448,7397,金盛公寓,118.830996,31.975808,南京市江宁区金盛路227号,江苏省,南京市,江宁区,1,739e3b37add7d240715e8076
6449,7398,三江学院东山校区-男生宿舍A楼,118.831727,31.976691,南京市江宁区中水路58号三江学院东三校区内,江苏省,南京市,江宁区,1,d2bdcc2af4a632cab21e3666
6450,7400,邵圣社区,118.831323,31.983919,南京市江宁区中水路18号,江苏省,南京市,江宁区,1,c679b7ab05c484a609b93ae4
6451,7401,东秦新苑,118.831137,31.971549,南京市江宁区宏运大道1923号,江苏省,南京市,江宁区,1,25655a28e1adcb358b2fb595
6452,7402,天地新城天-1座,118.836731,31.984093,南京市江宁区金盛路299号,江苏省,南京市,江宁区,1,f4291c0bef098385dbeced05
6453,7403,前淹儿港1号,118.844633,31.976108,江苏省南京市江宁区前淹儿港1号,江苏省,南京市,江宁区,1,2aa7fac7183cd3266f3e1b9f
6454,7404,前淹儿港-85号,118.844766,31.977239,江苏省南京市江宁区前淹儿港85号,江苏省,南京市,江宁区,1,2f8bbcee9c6b74122102623d
6455,7405,前淹儿港3号,118.844375,31.976251,江苏省南京市江宁区前淹儿港3号,江苏省,南京市,江宁区,1,0cd7df3e609f25109c09f789
6456,7406,前淹儿港4号,118.844463,31.97635,江苏省南京市江宁区前淹儿港4号,江苏省,南京市,江宁区,1,ab1f0a98c2ee5d01ca2915b0
6457,7407,前淹儿港34号,118.844567,31.976838,江苏省南京市江宁区前淹儿港34号,江苏省,南京市,江宁区,1,29cfec897b48de8cb13c8183
6458,7408,前淹儿港87号,118.844118,31.976519,江苏省南京市江宁区前淹儿港87号,江苏省,南京市,江宁区,1,0f74b06fa4cd7234102935ef
6459,7409,前淹儿港35号,118.84441,31.976711,江苏省南京市江宁区前淹儿港35号,江苏省,南京市,江宁区,1,55d2f66dc91226615dbe8698
6460,7411,前淹儿港-16号,118.843681,31.976648,江苏省南京市江宁区前淹儿港16号,江苏省,南京市,江宁区,1,12d3451a3ad81a3313293525
6461,7414,前淹儿港-25号,118.843702,31.976731,江苏省南京市江宁区前淹儿港25号,江苏省,南京市,江宁区,1,c1e47c58292a4fd89222e017
6462,7415,前淹儿港64号,118.843994,31.977054,江苏省南京市江宁区前淹儿港64号,江苏省,南京市,江宁区,1,5c17f4e0ed0c54e7774ff1a4
6463,7416,前淹儿港51号,118.845092,31.977513,江苏省南京市江宁区前淹儿港51号,江苏省,南京市,江宁区,1,5a4b7927bf7e2caaeee4a52e
6464,7417,前淹儿港63号,118.843624,31.977073,江苏省南京市江宁区前淹儿港63号,江苏省,南京市,江宁区,1,9063f9155677e11a4c6d4608
6465,7419,前淹儿港74号,118.844796,31.977827,江苏省南京市江宁区前淹儿港74号,江苏省,南京市,江宁区,1,db1dc5b1abe75df025d2bbfd
6466,7421,后淹儿港87号,118.844982,31.978256,江苏省南京市江宁区后淹儿港87号,江苏省,南京市,江宁区,1,30076d705caa9c16eb12e457
6467,7422,后淹儿港23号,118.844514,31.978348,江苏省南京市江宁区后淹儿港23号,江苏省,南京市,江宁区,1,28aa79c2b188e9469e82ea11
6468,7423,后淹儿港-22号,118.844772,31.978936,江苏省南京市江宁区后淹儿港22号,江苏省,南京市,江宁区,1,e6de0c5cefd2def62a201ab3
6469,7424,后淹儿港-65号,118.844977,31.979159,江苏省南京市江宁区后淹儿港65号,江苏省,南京市,江宁区,1,c358c32a7ca10b62fb2213cc
6470,7426,后淹儿港-24号,118.847062,31.979422,江苏省南京市江宁区后淹儿港24号,江苏省,南京市,江宁区,1,6a200148fd2b92148bf15d2d
6471,7427,后淹儿港-83号,118.845615,31.979491,江苏省南京市江宁区后淹儿港83号,江苏省,南京市,江宁区,1,3ffee73868d6865407fef5c4
6472,7429,后淹儿港-31号,118.845746,31.979585,江苏省南京市江宁区后淹儿港31号,江苏省,南京市,江宁区,1,e74351af91d740154e776ef1
6473,7430,后淹儿港-9号,118.845763,31.979418,江苏省南京市江宁区后淹儿港9号,江苏省,南京市,江宁区,1,94862866e14d3db417948e46
6474,7433,后淹儿港-8号,118.84498,31.979599,江苏省南京市江宁区后淹儿港8号,江苏省,南京市,江宁区,1,03ea39687a7fec65b8df8faa
6475,7435,后淹儿港-53号,118.846838,31.979477,江苏省南京市江宁区后淹儿港53号,江苏省,南京市,江宁区,1,9dedd1184a506250d2f49e12
6476,7436,后淹儿港52号,118.846667,31.979561,江苏省南京市江宁区后淹儿港52号,江苏省,南京市,江宁区,1,8a70c8a9d72e24dea2a9341e
6477,7439,后淹儿港35号,118.846393,31.979668,江苏省南京市江宁区后淹儿港35号,江苏省,南京市,江宁区,1,bc043fac2cad9881a3a93456
6478,7441,后淹儿港-32号,118.845783,31.979768,江苏省南京市江宁区后淹儿港32号,江苏省,南京市,江宁区,1,7505616ae0550a86dbeced29
6479,7442,后淹儿港-86号,118.848269,31.979074,江苏省南京市江宁区后淹儿港86号,江苏省,南京市,江宁区,1,37e8fe3b7d2c2e403ce2310c
6480,7445,后淹儿港-27号,118.844959,31.979796,江苏省南京市江宁区后淹儿港27号,江苏省,南京市,江宁区,1,05db917eb09f8035f82d617c
6481,7449,后淹儿港41号,118.845558,31.979852,江苏省南京市江宁区后淹儿港41号,江苏省,南京市,江宁区,1,8d581fa9da486bd45d0d02f2
6482,7453,秦淮绿洲-三期,118.840849,31.971649,南京市江宁区东山街道宏运大道2299号,江苏省,南京市,江宁区,1,8b9bce0312dd342ffa42b23b
6483,7454,秦淮绿洲,118.838194,31.968351,江苏省南京市江宁区宏运大道2288号,江苏省,南京市,江宁区,1,14076dee05040b8a03294f92
6484,7455,秦淮绿洲-北区,118.840613,31.970624,南京市江宁区岔路口宏运大道2299号,江苏省,南京市,江宁区,1,c63292b53c75afa5774ff1d1
6485,7456,香樟园-南门,118.849676,31.976959,共建路699号,江苏省,南京市,江宁区,1,765f2118d80b3ad422022062
6486,7457,紫峰公馆,118.860609,31.969987,江苏省南京市江宁区东山街道东新北路188号(华润苏果后面约50米),江苏省,南京市,江宁区,1,6d2fb96afc96d5a1a5da397f
6487,7458,商贸小区,118.859123,31.972,南京市江宁区古庙北路68号,江苏省,南京市,江宁区,1,71bbb52a1880c4640c3dda72
6488,7459,南空章村,118.856056,31.971814,江宁区古庙北路,江苏省,南京市,江宁区,1,de39288f17e831f909b93ad7
6489,7460,爱涛尚逸华府,118.869439,31.977088,南京市江宁区东山街道宏运大道4699号,江苏省,南京市,江宁区,1,c879fa0169475134c909f06f
6490,7461,青山湾花园,118.869751,31.972638,南京市江宁区宏运大道4597号,江苏省,南京市,江宁区,1,2885f55e4506f30ed3ff2379
6491,7462,景祥北苑,118.865522,31.9755,景祥北苑,江苏省,南京市,江宁区,1,ff4576fa2b56dc64eee4a542
6492,7463,安和家园,118.866953,31.976176,南京市江宁区湖山路108号,江苏省,南京市,江宁区,1,04527f4cc54739962811d1f7
6493,7464,景祥大厦,118.865014,31.972424,南京市江宁区宏运大道4597号,江苏省,南京市,江宁区,1,2746c57eac4241168c55ecf8
6494,7465,章村集团章建三处公寓,118.862602,31.971916,江苏省南京市江宁区石羊路6号下章村25号,江苏省,南京市,江宁区,1,ca3032799f3a25674c3a59d1
6495,7466,章村社区,118.863074,31.966452,737路;791路;818路,江苏省,南京市,江宁区,0,313a68d9c0c788cee856fa41
6496,7467,瑞祥佳苑,118.866673,31.977859,南京市江宁区湖西路68号,江苏省,南京市,江宁区,1,3fa839b8e48c61ba5d0d0250
6497,7468,景祥佳园,118.866633,31.974409,宏运大道4599号,江苏省,南京市,江宁区,1,2a7a25eca5c55f1e6d3e1ba6
6498,7469,南祥星际,118.867168,31.972033,南京市江宁区宏运大道4588号,江苏省,南京市,江宁区,1,3d226afa38b2049dd13ce3d2
6499,7470,宁杭高铁安置房,118.865748,31.97697,南京市江宁区湖西路瑞祥佳苑,江苏省,南京市,江宁区,1,6ef0efda9947005cb1077d8d
6500,7471,景祥佳园竹园21幢,118.867028,31.974853,南京市江宁区宏运大道4599号景祥佳园东苑21幢,江苏省,南京市,江宁区,1,e1ca0ee29898115a43ab9a62
6501,7472,章村工业园-1号,118.861462,31.975657,江苏省南京市江宁区章村工业园1号,江苏省,南京市,江宁区,1,875cc26583c978c4931fc9e4
6502,7473,武夷水岸家园,118.874171,31.971045,江苏省南京市江宁区湖山北路95号,江苏省,南京市,江宁区,1,0adce3e2a040da1d80a00cc3
6503,7474,武夷水岸家园-南区,118.87392,31.971017,南京市江宁区湖山北路95号,江苏省,南京市,江宁区,1,1891f0f70ab3b2289cec2bbe
6504,7475,武夷水岸家园-北区,118.872751,31.973514,江苏省南京市江宁区湖山北路95号,江苏省,南京市,江宁区,1,6fb8c2f5cbcfb98de856faa8
6505,7476,武夷水岸家园北区-南门,118.873289,31.972119,南京市江宁区湖山北路95号,江苏省,南京市,江宁区,1,426efc10fcbc2d72c8213d9b
6506,7477,青山湾花园-东门,118.870746,31.972664,南京市江宁区宏运大道4618号附近,江苏省,南京市,江宁区,1,e403c3bc876b160eb5f42fa7
6507,7478,东麒佳苑,118.884563,31.976386,"南京市江宁区东山街道永安社区上高路东麒佳苑,上高路66号",江苏省,南京市,江宁区,1,6713887d69ff6b0588fc0628
6508,7479,南京浩瀚研发大楼,118.884798,31.990417,天行路19号,江苏省,南京市,江宁区,1,5230c943da4f5e55adcb6660
6509,7480,东麒雅苑,118.88365,31.977873,江苏省南京市江宁区上高路69号,江苏省,南京市,江宁区,1,36ae0a6aaf19027b7bf796a6
6510,7481,东城金茂悦,118.885447,31.974462,江苏省南京市江宁区文靖东路88号,江苏省,南京市,江宁区,1,51fe143213427b73631c6729
6511,7482,祈泽佳苑,118.882165,31.972608,文靖东路祈泽佳苑,江苏省,南京市,江宁区,1,d1b3e662a5871108e5073878
6512,7483,天宁雅居1号楼,118.891611,31.961628,江苏省南京市江宁区天宁雅居01幢,江苏省,南京市,江宁区,1,736ecdefd51fbcd67dc876f7
6513,7484,东麒佳苑-北门,118.883611,31.976882,江苏省南京市江宁区永安社区万安北路东麒佳苑北门,江苏省,南京市,江宁区,1,9e2fc7faa06dc972f72310cf
6514,7485,江宁殡仪馆-北门,118.893267,31.978046,江苏省南京市江宁区陈陵路199号西南方向162米,江苏省,南京市,江宁区,1,1d158a6ca791c66a6c4760c5
6515,7486,青龙山总部·经济岛,118.934933,31.976824,江苏省南京市江宁区青龙山科技文化创意园(青龙山庄附近),江苏省,南京市,江宁区,1,c3168ba44c40119e8bfc0640
6516,7487,悦峰小筑,119.022599,31.974446,汤山街道孟墓社区七坊农家乐附近,江苏省,南京市,江宁区,1,86dcd6a59dcf4844a9059d96
6517,7489,升龙天汇B区,118.706237,31.969863,南京市建邺区文远街升龙天汇,江苏省,南京市,建邺区,1,bf01121bb443eaa79122e079
6518,7490,南京升龙天汇-C区,118.704326,31.968666,江苏省南京市建邺区吴侯街169号,江苏省,南京市,建邺区,1,b0d2dfd48b58895bea56fa4f
6519,7491,清润园小区,118.712021,31.969383,江苏省南京市建邺区高庙路7号,江苏省,南京市,建邺区,1,c39cec5db590b27a16a19015
6520,7493,清泽园,118.710621,31.970121,江苏省南京市建邺区高庙路9号,江苏省,南京市,建邺区,1,72d955538d6a9bda04026fc5
6521,7494,莲花新城-南苑,118.720316,31.967828,南京市建邺区平良大街43号,江苏省,南京市,建邺区,1,71ad9de72b32bb084557267f
6522,7495,南京河西南部市政综合体,118.715248,31.969772,江苏省南京市建邺区河西中央商务区中和路清风园附近,江苏省,南京市,建邺区,1,9e52d9bf2632261cc51e519d
6523,7496,地勘新苑小区,118.713855,31.960858,南京市雨花台区西善桥南路20号,江苏省,南京市,雨花台区,1,b3aa435d6af2ae0b14764388
6524,7497,明华家园,118.725761,31.966001,南京市雨花台区西善桥北路101号,江苏省,南京市,雨花台区,1,22e1140770f60eb4d4b74e88
6525,7498,明华家园-二期,118.727275,31.968589,南京市雨花台区西善桥北路95号,江苏省,南京市,雨花台区,1,cb7d4a3922f88760c7f025b1
6526,7500,映月溪山花园-南1门,118.731033,31.956795,江苏省南京市雨花台区泰山北路,江苏省,南京市,雨花台区,1,04b79a7d7ec83bdaa8f0cdc5
6527,7502,铁路安居房,118.725596,31.962226,南京市雨花台区西善桥北路与陇西路交叉路口往东南约210米,江苏省,南京市,雨花台区,1,81f97ce8091916daca291502
6528,7503,新西公寓,118.722492,31.963075,江苏省南京市雨花台区西善桥北路76号,江苏省,南京市,雨花台区,1,56e88cba6ea8a465a5c75688
6529,7504,西善桥铁路工区,118.719976,31.959894,西善北路西善桥大酒店后面,江苏省,南京市,雨花台区,1,37fac3cda11a9e8f1d58005b
6530,7505,交通二期,118.725168,31.96583,江苏省南京市雨花台区西善桥北路64号,江苏省,南京市,雨花台区,1,db7a8399a5f1c370fb2d61a8
6531,7506,西善公寓,118.724055,31.964137,江苏省南京市雨花台区西善桥北路70号刘家村6单元,江苏省,南京市,雨花台区,1,57e3fa038156d1b88bfc06ff
6532,7507,交通1期,118.724718,31.965247,南京市雨花台区西善桥北路64号,江苏省,南京市,雨花台区,1,20a7e1af5995dedd931fc9ef
6533,7508,西善花苑-万兴园,118.702905,31.944765,江苏省南京市雨花台区梅山村中心路9号,江苏省,南京市,雨花台区,1,ba2bd28dcb2053916018095c
6534,7509,东升园,118.737255,31.964453,南京市雨花台区龙西路193号,江苏省,南京市,雨花台区,1,b7729151a3f47ea92b201a31
6535,7511,东升山庄,118.738448,31.963346,龙西路199号,江苏省,南京市,雨花台区,1,befdb292a1b2aee186154188
6536,7512,油坊新村,118.735305,31.962043,南京市雨花台区西善桥龙西路105号,江苏省,南京市,雨花台区,1,a69839f5e5e6a9710782c286
6537,7513,龙凤佳园,118.734314,31.961915,南京市雨花台区西善桥陇西路18号,江苏省,南京市,雨花台区,1,300bf74f51cc0de30c0a708d
6538,7514,东升裕园,118.739239,31.964495,南京市雨花台区龙西路199号西门,江苏省,南京市,雨花台区,1,b292b3aa9af85f28be484235
6539,7515,贾西新苑,118.742112,31.967245,江苏省南京市雨花台区七贤街16号,江苏省,南京市,雨花台区,1,7570a4eab6879557f503b8f1
6540,7517,龙西路198号院,118.737977,31.961776,南京市雨花台区龙西路198号,江苏省,南京市,雨花台区,1,1722cfe4edb3344c07026f36
6541,7519,福润雅居四圩新村,118.738316,31.961798,江苏省南京市雨花台区刘家村6号,江苏省,南京市,雨花台区,1,d288b552aae0c183ab0dd8c2
6542,7522,龙凤园,118.731713,31.96257,南京市雨花台区龙西路87号,江苏省,南京市,雨花台区,1,6aaef30ef9e1b3285e17c301
6543,7523,七贤街16号16栋,118.743338,31.968393,江苏省南京市雨花台区七贤街16号16栋,江苏省,南京市,雨花台区,1,8635ea0547f51c939122e098
6544,7524,七贤街16号15栋,118.743559,31.96783,江苏省南京市雨花台区七贤街16号15栋,江苏省,南京市,雨花台区,1,0b0900f5df695457c6effb14
6545,7525,福润雅居-翠竹园,118.736453,31.960901,南京市雨花台区许家88号,江苏省,南京市,雨花台区,1,881a28e765c84e3af842b2a7
6546,7526,贾西新苑14号楼,118.743682,31.967438,江苏省南京市雨花台区七贤街16号14栋,江苏省,南京市,雨花台区,1,3be9ff4f1df57e9fab175ac8
6547,7527,贾西新苑12号楼,118.742345,31.967163,江苏省南京市雨花台区贾西新苑12幢,江苏省,南京市,雨花台区,1,d64416f32ff88149ca09f0e2
6548,7528,双骏楼酒店,118.709753,31.959039,南京市雨花台区西善桥街道建宁二村9栋,江苏省,南京市,雨花台区,1,1bd3be8b59586b150b1cc72b
6549,7529,七贤街16号17栋,118.742858,31.968913,江苏省南京市雨花台区七贤街16号17栋,江苏省,南京市,雨花台区,1,215f15f672f16df516c8f604
6550,7535,福润雅居樟香园-14号,118.737702,31.960733,江苏省南京市雨花台区福润雅居樟香园14号,江苏省,南京市,雨花台区,1,f30b8e442bd22f302bb97c5f
6551,7538,七贤街16号9栋,118.742189,31.965684,江苏省南京市雨花台区七贤街16号9栋,江苏省,南京市,雨花台区,1,3ae91d1c7087bf19d2f49e86
6552,7542,小村一期,118.740921,31.961966,南京市雨花台区龙西路204号,江苏省,南京市,雨花台区,1,473f1549544a74c7ce04ef89
6553,7545,梅苑小区,118.733069,31.960095,南京市雨花台区龙西路82号,江苏省,南京市,雨花台区,1,b537f95a4854d61200ec012c
6554,7548,晓村和苑,118.741086,31.961156,江苏省南京市雨花台区龙西路204号,江苏省,南京市,雨花台区,1,0ac9cfc4760e4a93871541a3
6555,7551,贾西社区巴士(贾西-中和村),118.741159,31.966827,南京市雨花台区七贤街贾西新苑,江苏省,南京市,雨花台区,1,26a96e44ea9fef74f33cba30
6556,7555,春江新城升景坊,118.753679,31.965677,南京市雨花台区春晓路(春园路11号院东北侧约100米),江苏省,南京市,雨花台区,1,50fb64ff1bf9cf5de8f85388
6557,7556,三江学院学生公寓(江泉路),118.756212,31.963023,南京市雨花台区燕西线三江学院3号门东北侧约100米,江苏省,南京市,雨花台区,1,916d654fa5115d8b95f08c52
6558,7557,天隆坊,118.752799,31.967522,南京市雨花台区江艺路21号,江苏省,南京市,雨花台区,1,514ec3398feb1e90e5e96589
6559,7559,将军坊-11幢,118.760411,31.967659,南京市雨花台区春江路与西春路交叉路口往东约50米将军坊11幢(春江新城),江苏省,南京市,雨花台区,1,0d4b64a7562c1eb9c056ac9f
6560,7560,铁心桥社区,118.75119,31.965478,江苏省南京市雨花台区江艺路9-15号,江苏省,南京市,雨花台区,1,93e9d882da25e819f4b9165d
6561,7561,秦河坊-13幢,118.754294,31.968549,江苏省南京市雨花台区秦河坊13幢,江苏省,南京市,雨花台区,1,083e913bec8d10339a0050b2
6562,7562,秦河坊-103号,118.757409,31.968982,江苏省南京市雨花台区秦河坊103号,江苏省,南京市,雨花台区,1,b830e8da56e310cb94ec8499
6563,7563,秦河坊-106号,118.75764,31.969,江苏省南京市雨花台区秦河坊106号,江苏省,南京市,雨花台区,1,56c33fe1ae2cfd8edc1e5204
6564,7564,春江新城韩府坊,118.754323,31.969637,南京市雨花台区江泉路25号,江苏省,南京市,雨花台区,1,b533ea4a28d153414e6d4688
6565,7565,牛首坊,118.759299,31.969581,南京市雨花台区铁心桥春江路60号,江苏省,南京市,雨花台区,1,7843824779fe591d0a5cb35d
6566,7567,万科金色里程-1幢,118.767068,31.964674,江苏省南京市雨花台区万科金色里程1幢,江苏省,南京市,雨花台区,1,9bd0e5571961fab9fd0eb0f4
6567,7568,三江学院学生公寓23,118.765036,31.963895,江苏省南京市雨花台区龙西路3附近,江苏省,南京市,雨花台区,1,a1fab21f1009f69d2b06ce12
6568,7569,美甲美睫,118.7573,31.967528,南京市雨花台区江泉路春江新城一期西门北侧,江苏省,南京市,雨花台区,1,2862bfc42ad1a2b3c7f50d8e
6569,7570,菁英公寓,118.752138,31.945078,南京市雨花台区大周路47号附近,江苏省,南京市,雨花台区,1,b0a5f5416478e164bda240bf
6570,7572,蓝岸3G,118.76738,31.966964,江苏省南京市雨花台区铁心桥大道36号,江苏省,南京市,雨花台区,1,bca6784a896b28d08f1a89f5
6571,7573,蓝岸·尚城,118.765232,31.968328,南京市雨花台区春江路49号,江苏省,南京市,雨花台区,1,ab8c4c242fb3570d6ca3cc2b
6572,7574,春江社区,118.761325,31.967889,江苏省南京市雨花台区铁心桥江淮路沁顺坊(春江新城旁),江苏省,南京市,雨花台区,1,ea2389f893db93fb86420e07
6573,7575,水文苑小区,118.769709,31.96671,南京市雨花台区铁心桥大街43号,江苏省,南京市,雨花台区,1,2d6cc8512b0b3a779e95de27
6574,7576,春江佳园,118.761559,31.965585,春晓路1号,江苏省,南京市,雨花台区,1,1bd589eb744f609c3fe23134
6575,7577,沁顺坊,118.761681,31.967488,南京市雨花台区春江新城东南部江阳路西侧,江苏省,南京市,雨花台区,1,7a9948f8745bceecca09f03c
6576,7578,水文苑小区-北区,118.769331,31.967199,南京市雨花台区铁心桥大街43号,江苏省,南京市,雨花台区,1,abae2217cdc28958e8e582cc
6577,7579,正和坊,118.76216,31.968082,江艺路25号,江苏省,南京市,雨花台区,1,103142aa5e50f4f96c476058
6578,7580,南京摩登公寓(三江学院店),118.760299,31.967422,南京市雨花台区春晓路春江新城-一期,江苏省,南京市,雨花台区,1,a37efe0d23fe1b032cb9083c
6579,7581,银河苑-北门,118.766121,31.960892,江苏省南京市雨花台区铁心桥大道银河苑北门(翠岭银河旁),江苏省,南京市,雨花台区,1,07809f7d05aed4459e82eaf8
6580,7582,双联别墅小区,118.765434,31.9694,南京市雨花台区春江路49号,江苏省,南京市,雨花台区,1,d6e06705e536017ba8059dbf
6581,7583,凤翔山庄,118.764641,31.969751,南京市雨花台区春江路28号,江苏省,南京市,雨花台区,1,c51cceb75d0a494af4b91632
6582,7585,凤翔山庄一区怡园-南门,118.767117,31.969356,南京市雨花台区春江路6号,江苏省,南京市,雨花台区,1,855f3e43870e2082260bd0e1
6583,7586,隐龙坊,118.761068,31.969167,南京市雨花台区春江路60号,江苏省,南京市,雨花台区,1,e91aba9d88d032bcd0ff23f6
6584,7587,铁心大厦,118.768991,31.965796,南京市雨花台区铁心桥大街111号,江苏省,南京市,雨花台区,1,c879fa012a2f8c4ac809f088
6585,7588,春江花园,118.769995,31.96926,南京市雨花台区铁心桥大街19号,江苏省,南京市,雨花台区,1,d70d19b2f41ce6fb43d63eac
6586,7589,蓝岸live科技青年街区,118.768035,31.966551,南京市雨花台区铁心桥大街36号,江苏省,南京市,雨花台区,1,153adc116b7933061fe99972
6587,7590,万科金色城品-东门,118.768233,31.964686,江苏省南京市雨花台区铁心桥大道万科金色里程东门,江苏省,南京市,雨花台区,1,bbcb720118c1c85e8f55ec80
6588,7591,雅轩域精品公寓,118.768472,31.967505,江苏省南京市雨花台区铁心桥大街30-12号二区,江苏省,南京市,雨花台区,1,2316588bb3e6fe80c2f1cfe6
6589,7592,凤翔翠园-公寓楼,118.771457,31.967374,南京市雨花台区龙西路17号,江苏省,南京市,雨花台区,1,186f78c2108a2674d518b73d
6590,7593,凤翔翠园公寓楼附属房,118.771054,31.966757,江苏省南京市雨花台区龙西路17号凤翔公寓,江苏省,南京市,雨花台区,1,bc054df60503cecc260bd0fe
6591,7594,银杏山庄,118.770758,31.961758,江苏省南京市雨花台区宁丹路5号,江苏省,南京市,雨花台区,1,91c13f93ffef838720f017a6
6592,7596,凤翔翠园,118.772335,31.968263,南京市雨花台区龙西路19号,江苏省,南京市,雨花台区,1,259bd7adae22977e52e5c539
6593,7597,凤翔翠园-别墅区,118.772986,31.96796,南京市雨花台区龙西路19号,江苏省,南京市,雨花台区,1,de40a002109b20936e20b92c
6594,7598,铁心桥水文所家属区,118.770649,31.967363,南京市雨花台区铁心桥街道铁心桥43号,江苏省,南京市,雨花台区,1,d501f00f65ea3b2e2fb96d30
6595,7599,海通大厦,118.787113,31.962004,南京市江宁区江宁开发区秦淮路100号,江苏省,南京市,江宁区,1,a1418eb45ecba27febe5827a
6596,7600,紫杉阁,118.788206,31.962225,南京市江宁区秦淮路98号,江苏省,南京市,江宁区,1,27f945fb90c7fbd84d2fdfa9
6597,7601,左岸名苑-月桂阁,118.788648,31.961592,南京市江宁区秣陵街道秦淮路98号,江苏省,南京市,江宁区,1,ed7b11f16d9a53cb0ab93acb
6598,7602,海通大厦-接送点,118.787486,31.961498,南京市江宁区海通大厦附近,江苏省,南京市,江宁区,1,b70c01580798fb3c87330490
6599,7604,左岸名苑,118.790337,31.961923,南京市江宁区秣陵街道秦淮路98号,江苏省,南京市,江宁区,1,0a15c7ec6a4147fced74f87a
6600,7605,石马新寓,118.796892,31.961265,江苏省南京市江宁区秦淮路88号,江苏省,南京市,江宁区,1,5508504d177902cbc7f0257a
6601,7606,万科·新都荟,118.795935,31.968186,江苏省南京市江宁区梅香路22号,江苏省,南京市,江宁区,1,d75dcc2504a340e028d7ab86
6602,7607,龙西新寓,118.797808,31.968982,南京市江宁区梅香路21号,江苏省,南京市,江宁区,1,6229f4c472a0169ad518b715
6603,7608,铂悦·秦淮,118.799758,31.964902,江苏省南京市江宁区映淮街与梅香路交叉路口往东北约50米,江苏省,南京市,江宁区,1,826db570e2027918f50e77a5
6604,7609,南京万科龙西,118.795844,31.968067,南京市江宁区宏运大道与松风路交叉路口往北约140米,江苏省,南京市,江宁区,1,5d6c0bce5d68ce2b4afc8d95
6605,7610,龙西社区拆迁安置保障房,118.796593,31.969774,南京市江宁区金阳西街龙西新寓西北侧约50米,江苏省,南京市,江宁区,1,c46b6eb4bb3e69eceedfca0e
6606,7611,天龙湾花园,118.802686,31.961056,南京市江宁区秣陵街道双龙大道1008号,江苏省,南京市,江宁区,1,84062552756f171dad31e534
6607,7612,中驰商都-1号楼,118.817922,31.96769,江苏省南京市江宁区中驰商都1号楼,江苏省,南京市,江宁区,1,2549cf6e107296f7f8f0cb01
6608,7613,枫叶苑,118.817158,31.966686,南京市江宁区中驰路76号,江苏省,南京市,江宁区,1,2e00c5dd1c31c061d6851fa6
6609,7614,中驰商都-3号楼,118.819518,31.965907,江苏省南京市江宁区中驰商都3号楼,江苏省,南京市,江宁区,1,2cf332df9e383986c26c142c
6610,7615,宏运国际村,118.815445,31.965986,南京市江宁区宏运大道1158号,江苏省,南京市,江宁区,1,844a750eea0fd9b96268587a
6611,7616,宋艾新村,118.814078,31.965762,南京市江宁区宏运大道1160号(地铁站),江苏省,南京市,江宁区,1,0a3b5e8abdba0181130daac5
6612,7617,中交锦致,118.812127,31.970093,南京市雨花台区宏运大道150号,江苏省,南京市,雨花台区,1,27eefe01f5fc9d5dad31e572
6613,7618,左邻右里,118.817429,31.964036,江苏省南京市江宁区宏运大道1188号,江苏省,南京市,江宁区,1,4ef9b3434da43b61b05c6ace
6614,7619,天秀湾花园-15A座,118.815726,31.960542,江苏省南京市江宁区秦淮路20号,江苏省,南京市,江宁区,1,b2d93b59c95114a500ec01ec
6615,7621,南方花园,118.827456,31.967064,江苏省南京市江宁区东山镇双龙大道833号,江苏省,南京市,江宁区,1,2db467ee1626fd24a5da396e
6616,7622,铂金水岸,118.825406,31.962629,南京市江宁区东山街道双龙大道958号,江苏省,南京市,江宁区,1,58304a6e5d00ddb982a12ef8
6617,7623,天印·天琴湾花园,118.82075,31.960528,南京市江宁区双龙大道1008号,江苏省,南京市,江宁区,1,e56bf5e32dc452440782c27a
6618,7624,秦淮园,118.826897,31.970324,江苏省南京市江宁区宏运大道1890号,江苏省,南京市,江宁区,1,60e577d4cab8188da1d23027
6619,7625,宋艾新村-2期,118.820712,31.964944,江苏省南京市江宁区中驰路,江苏省,南京市,江宁区,1,33e24e47733ca09f6e4760b2
6620,7626,南方花园-D组团,118.823931,31.963409,南京市江宁区双龙大道838号,江苏省,南京市,江宁区,1,e4584fe2000df8ff49cc4afc
6621,7627,水岸明珠,118.824552,31.962793,南京市江宁区双龙大道958号,江苏省,南京市,江宁区,1,257faba8bae5b746a1d23010
6622,7628,秦湾景园,118.829528,31.969759,学院路与宏运大道交叉口,江苏省,南京市,江宁区,1,9b18045882d3c4a3922ca3d3
6623,7629,三钢生活小区,118.821603,31.96647,南京市江宁区东山镇双龙大道838号,江苏省,南京市,江宁区,1,ba39f0e921f709aea4c756b9
6624,7630,南方花园-西区,118.823564,31.967497,江苏省南京市江宁区双龙大道838号,江苏省,南京市,江宁区,1,7d5f3a0a23d7bd4b2cb9087a
6625,7631,南方花园-枫彩园,118.829654,31.965781,江苏省南京市江宁区双龙大道833号,江苏省,南京市,江宁区,1,2e057cd60f8fb061246e98ce
6626,7632,南方花园-C组团,118.827327,31.966755,南京市江宁区双龙大道833号,江苏省,南京市,江宁区,1,75b4ffe9975891edb5f42fb2
6627,7633,南方花园-A组团,118.827324,31.965976,南京市江宁区双龙大道833-1号,江苏省,南京市,江宁区,1,bf699e58d5fc8ba3276e9809
6628,7634,南方花园B组团-北门,118.823394,31.968338,江苏省南京市江宁区双龙大道838号南方花园B组团,江苏省,南京市,江宁区,1,85e864dfb67dd4bd88fc0692
6629,7635,南方花园枫彩园-西门,118.827905,31.967523,江苏省南京市江宁区东山街道学院路南方花园南一门附近,江苏省,南京市,江宁区,1,cf0a06f9914ed60e441a32dc
6630,7636,水岸明珠-南1门,118.824637,31.962355,南京市江宁区双龙大道958号,江苏省,南京市,江宁区,1,26b3bfb942e99157cac3db99
6631,7637,南方花园-B组团,118.824673,31.96676,南京市江宁区双龙大道833号,江苏省,南京市,江宁区,1,ad2371162bb8256526e0a0b1
6632,7638,南方花园枫彩园-北区,118.828731,31.967601,江苏省南京市江宁区双龙大道833号南方花园枫彩园,江苏省,南京市,江宁区,1,3da87b6dd95050b031870a40
6633,7639,爱秦湾,118.834953,31.967832,南京市江宁区东山街道河滨路1199号,江苏省,南京市,江宁区,1,ca88dccccb45ddf388b98805
6634,7640,武夷花园,118.836784,31.963087,南京市江宁区北沿路,江苏省,南京市,江宁区,1,f696f3c291561aeb1b11d57a
6635,7641,长青社区,118.839804,31.961201,南京市江宁区北沿路85号,江苏省,南京市,江宁区,1,31f9101b6578eea026e0a055
6636,7642,秦淮绿洲二期北苑-西南门,118.837847,31.970117,南京市江宁区宏运大道2299号,江苏省,南京市,江宁区,1,ac73f9073b006ce08bdb738c
6637,7644,杭怡花园,118.839766,31.964535,南京市江宁区北沿路165号,江苏省,南京市,江宁区,1,9f97b1c571826106b64f547a
6638,7645,东山国际滨河街区,118.832875,31.96331,南京市江宁区上元大街115号,江苏省,南京市,江宁区,1,029ca4e73130e8e98415417b
6639,7646,名境雅筑,118.839915,31.967143,南京市江宁区北沿路225号,江苏省,南京市,江宁区,1,04462870246e0c56c9291582
6640,7647,秦淮绿洲-南区,118.838252,31.968336,江苏省南京市江宁区宏运大道2288号,江苏省,南京市,江宁区,1,53d316a5465f51473fe23130
6641,7648,武夷花园-35幢,118.836748,31.962192,江苏省南京市江宁区武夷花园35幢,江苏省,南京市,江宁区,1,3487ff0762381395100daa71
6642,7650,文靖新村,118.855459,31.966769,南京市江宁区文靖路321号,江苏省,南京市,江宁区,1,373cf7574284c26e4354d77a
6643,7651,蓝鹰花园,118.844343,31.966385,南京市江宁区文靖西路76号,江苏省,南京市,江宁区,1,2363b68e1d07e3aa17c8f6cf
6644,7652,商住楼1幢102室,118.848167,31.965886,南京市江宁区文靖路康馨花园南侧约30米,江苏省,南京市,江宁区,1,57a319807746e1cef7231015
6645,7653,靖雅居,118.843475,31.966908,南京市江宁区东山镇文靖西路80号,江苏省,南京市,江宁区,1,d219bb1d7c8e6d8bf50e777a
6646,7654,康馨花园,118.848623,31.966607,南京市江宁区东山镇文靖路59号,江苏省,南京市,江宁区,1,744acd18da61e2a628b97c88
6647,7655,北苑阁新村(文靖路),118.849467,31.964427,南京市江宁区芙阁路11号,江苏省,南京市,江宁区,1,d82d669771ba65a6d518b77b
6648,7656,中前公寓,118.841482,31.965092,南京市江宁区北沿路180号,江苏省,南京市,江宁区,1,1cea15a9fe7a25c507fef57a
6649,7657,靖安里-35号,118.841323,31.964166,江苏省南京市江宁区靖安里35号,江苏省,南京市,江宁区,1,6e9ba1a9df2a24d4badf8f59
6650,7658,府后村,118.848122,31.962329,上元路137号,江苏省,南京市,江宁区,1,5eb41f127d5b120c138824e9
6651,7659,靖安里34-4号,118.841886,31.963675,南京市江宁区黄泥塘路中前公寓南侧约100米,江苏省,南京市,江宁区,1,ac0d0d8b7f3f7b137369d372
6652,7660,东沟巷110号,118.85015,31.965372,南京市江宁区东沟巷110号,江苏省,南京市,江宁区,1,21b4efb1a08d5dd5e856fa8b
6653,7661,东沟巷112号,118.850189,31.965462,南京市江宁区东沟巷康馨花园东南侧约150米,江苏省,南京市,江宁区,1,a8b15578bfea5ad782a12e9c
6654,7662,东沟巷,118.85067,31.963394,南京市江宁区上元大街58号,江苏省,南京市,江宁区,1,0c4316393c6033d1d8d891b4
6655,7663,东沟巷98号,118.85031,31.964771,南京市江宁区东沟巷98号,江苏省,南京市,江宁区,1,cd6f5a97355e44f1badf8f4d
6656,7664,土山路70号院,118.849347,31.962664,南京市江宁区土山路70号,江苏省,南京市,江宁区,1,4691d0ffc63bdd00e6e965d2
6657,7665,东沟巷78号,118.850401,31.96375,南京市江宁区东沟巷78号,江苏省,南京市,江宁区,1,924054e50dd664d796ca0721
6658,7666,土山路88号院,118.849445,31.962084,土山路88号,江苏省,南京市,江宁区,1,8c747dab4463a3ef97ec846e
6659,7667,戴家塘-二区,118.847207,31.960822,南京市江宁区戴家塘与土山路交叉路口往西南约230米,江苏省,南京市,江宁区,1,1a607fad12c1475dbbbd6310
6660,7668,秦淮绿洲(东区),118.841489,31.967944,南京市江宁区宏运大道2298号,江苏省,南京市,江宁区,1,2e77263381cc61cb4e6d46a6
6661,7670,中宁巷-65号院,118.842573,31.960792,南京市江宁区中宁巷65号,江苏省,南京市,江宁区,1,da87144f9ec023acd72ce2b3
6662,7671,东沟巷28号,118.850569,31.962138,江苏省南京市江宁区东沟巷28号,江苏省,南京市,江宁区,1,a7277b2064ce05ce1ce99929
6663,7672,中前社区,118.842809,31.967004,南京市江宁区文靖西路108号,江苏省,南京市,江宁区,1,d47c0fa1bfbf692095ca07e1
6664,7673,本家润园,118.849583,31.969285,南京市江宁区文华街56号,江苏省,南京市,江宁区,1,25ec69fc1de61800c36c14a6
6665,7674,秦淮绿洲82号,118.842566,31.970114,江苏省南京市江宁区秦淮绿洲82号,江苏省,南京市,江宁区,1,0e75cebe0d346a1f90114c85
6666,7675,靖安里-1号院,118.841373,31.960837,南京市江宁区靖安里1号,江苏省,南京市,江宁区,1,202522f6d58ad4409122e0de
6667,7677,蓝园文院,118.849537,31.969807,南京市江宁区文华街57号,江苏省,南京市,江宁区,1,a3f21eee982ca1442fb17e7a
6668,7678,西城美苑,118.850219,31.966661,江苏省南京市江宁区文靖路89号,江苏省,南京市,江宁区,1,9dd5bb5c113f20d0a1a934b4
6669,7679,芙蓉苑,118.85125,31.966057,737路;791路;818路;838路,江苏省,南京市,江宁区,0,80e44c57e9e6de703310af7d
6670,7680,芙阁新村,118.856486,31.96501,南京市江宁区东新北路99号,江苏省,南京市,江宁区,1,e3082848e5bc39bfb34c497a
6671,7681,江宁商业大厦,118.856205,31.965815,江苏省南京市江宁区文靖路290号,江苏省,南京市,江宁区,1,a1c7cc14941673ffede4a5ff
6672,7682,芙蓉阁-292号,118.855944,31.963592,江苏省南京市江宁区芙蓉阁292号,江苏省,南京市,江宁区,1,0f0a6e99ecb854d1e856fa37
6673,7683,青云巷-2号院,118.857555,31.961974,江苏省南京市江宁区青云巷2号,江苏省,南京市,江宁区,1,b0ee822b6f85fa471c389461
6674,7684,教工新寓,118.854062,31.966661,南京市江宁区文靖路245号文华街50号,江苏省,南京市,江宁区,1,d1469ee7cef9cd618433041d
6675,7686,顺达佳苑,118.855818,31.962568,江苏省南京市江宁区上元大街619号,江苏省,南京市,江宁区,1,5c2dc21dc68f3d046fc02c7a
6676,7687,东新北路小区,118.857944,31.963704,江苏省南京市江宁区东新北路14号,江苏省,南京市,江宁区,1,539b940f7c6200d228fc48f1
6677,7688,二小区,118.856553,31.964597,江苏省南京市江宁区东新北路与文靖路交叉口,江苏省,南京市,江宁区,1,44c67f1041c1d390fe0eb039
6678,7690,章村社区-东门,118.864088,31.970277,南京市江宁区天印大道660号,江苏省,南京市,江宁区,1,e6b12d3fee1351059e95decd
6679,7691,顺莲佳苑门面房-2号,118.856732,31.961504,江苏省南京市江宁区顺莲佳苑门面房2号,江苏省,南京市,江宁区,1,37152d6b86a9964475e5b6ad
6680,7692,江宁商厦新寓,118.851328,31.965497,南京市江宁区文靖路146号,江苏省,南京市,江宁区,1,cebfe5d98a4443138d77273f
6681,7693,芙阁路89号小区,118.85146,31.963713,南京市江宁区芙阁路89号,江苏省,南京市,江宁区,1,c658f6ee44cb5496b23c81bf
6682,7694,三新村-1号院,118.859552,31.96297,江苏省南京市江宁区三新村1幢,江苏省,南京市,江宁区,1,827d0d474fc49e3a22f01742
6683,7695,江宁高级中学家属区,118.85176,31.962044,南京市江宁区东沟巷38号,江苏省,南京市,江宁区,1,4512b4083538dc0512882412
6684,7696,汇景东园,118.858751,31.966939,南京市江宁区东山街道东新北路128号,江苏省,南京市,江宁区,1,6b7ead6c1d27ae72fa42b212
6685,7697,宁中巷小区,118.856214,31.960992,南京市江宁区上元大街顺达佳苑南侧,江苏省,南京市,江宁区,1,fd9c4db4c4856b2b1df74d46
6686,7698,东山街道晓里社区广汇居民小组,118.863546,31.952106,南京市江宁区东新南路228号,江苏省,南京市,江宁区,1,ed114b39b8fa0264f40e77c2
6687,7699,章村新寓,118.859762,31.966806,南京市江宁区文靖路457号,江苏省,南京市,江宁区,1,e93761f6f59c670c223bf27a
6688,7700,玉靖花园,118.86014,31.965403,江苏省南京市江宁区东新北路108号(公交车站),江苏省,南京市,江宁区,1,61f634f64ada32786b49f37a
6689,7701,汇景新苑,118.856202,31.968955,南京市江宁区文靖路377号,江苏省,南京市,江宁区,1,401cb7e6da016addf942b242
6690,7702,东山社区宁中居民小组,118.853383,31.960709,东山街道宁中巷2号1幢,江苏省,南京市,江宁区,1,02aacf32d85bd4255fd4fef5
6691,7703,瑶池巷小区,118.852309,31.960564,江苏省南京市江宁区瑶池巷8号,江苏省,南京市,江宁区,1,f7ab8492f7ad54a909b93aa9
6692,7704,新光花园,118.851869,31.961379,南京市江宁区东沟巷20号,江苏省,南京市,江宁区,1,d7fd2ad382a925540bccdd7a
6693,7705,江宁物资大厦,118.860472,31.96254,南京市江宁区东山街道上元大街761号,江苏省,南京市,江宁区,1,827ce036724f98bd59bbbc77
6694,7706,东沟巷38号,118.851258,31.962543,南京市江宁区东沟巷38号,江苏省,南京市,江宁区,1,b93ef002cb3c5566b626551f
6695,7707,电机厂家属区,118.857188,31.960112,南京市江宁区东山街道上元大街618号,江苏省,南京市,江宁区,1,f6fe3bf512e336c26d3e1b86
6696,7708,广都苑,118.860171,31.961293,南京市江宁区东山街道上元大街708号,江苏省,南京市,江宁区,1,49d9593872918943c61e517a
6697,7709,瓯江华府-B座,118.859076,31.960522,南京市江宁区东新南路15号,江苏省,南京市,江宁区,1,b696e5b9799170524054d7c5
6698,7710,瓯江华府-A座,118.859171,31.960557,南京市江宁区东新南路9号,江苏省,南京市,江宁区,1,05dd30ac6662e59b593ac80b
6699,7711,金瓴湾(汇福佳苑),118.858872,31.959331,南京市江宁区东新南路16号附近,江苏省,南京市,江宁区,1,3ceb5356bdf5ef716240a999
6700,7712,瓯江华府-C座,118.859277,31.959986,南京市江宁区东新南路9号瓯江华府C座,江苏省,南京市,江宁区,1,801ebe477c6b8e9cfbf0cb87
6701,7713,华意泰富花苑,118.850784,31.960524,江苏省南京市江宁区东山镇上元大街485号,江苏省,南京市,江宁区,1,92b806d2f097abfe79b55c7a
6702,7714,日光佳园,118.860504,31.960117,南京市江宁区东新南路199号,江苏省,南京市,江宁区,1,2a7a25ec01963b636c3e1b7a
6703,7716,山水方舟-26幢,118.838217,31.971241,江苏省南京市江宁区山水方舟26幢,江苏省,南京市,江宁区,1,2ffe5614ca5cee4ef23cba4a
6704,7717,石羊小区,118.865785,31.965052,南京市江宁区天印大道709号,江苏省,南京市,江宁区,1,3ab39711af021346c7f50d8a
6705,7718,阳光新城售楼处,118.866704,31.960858,江苏南京市江宁区天印大道837号,江苏省,南京市,江宁区,1,3b5d959fda5758269de32119
6706,7719,东城家园,118.863709,31.964333,南京市江宁区上元大街863号,江苏省,南京市,江宁区,1,ea4a3dc9aa975f2e4e55477a
6707,7720,时花公寓,118.86355,31.965741,南京市江宁区天印大道710号,江苏省,南京市,江宁区,1,01d44f30745190f9d6b74e40
6708,7722,宁泉北苑,118.864509,31.962142,南京市江宁区天印大道794号,江苏省,南京市,江宁区,1,0a46dc0f6bb60e5e3062127a
6709,7723,中国烟草综合大楼,118.868477,31.963547,南京市江宁区东山街道同夏路20号,江苏省,南京市,江宁区,1,a1c336e02514d703102935b2
6710,7724,上元大街-808号院,118.862952,31.962934,南京市江宁区上元大街斯卡兰德,江苏省,南京市,江宁区,1,d459409f7f99f6558c1a8946
6711,7725,金发小区,118.861816,31.963409,南京市江宁区上元大街763号,江苏省,南京市,江宁区,1,3428b894e6d894f3354aae63
6712,7726,爱涛尚书云邸,118.862856,31.967813,江宁区文靖路599号,江苏省,南京市,江宁区,1,645d2153ec68550609b93a27
6713,7727,天印大道796号-2幢,118.864394,31.960969,江苏省南京市江宁区天印大道796号2幢,江苏省,南京市,江宁区,1,55c63c10f085869072455b59
6714,7728,江宁邮政生产综合楼,118.866652,31.968161,南京市江宁区东山街道文靖东路5号,江苏省,南京市,江宁区,1,223a0a9fe1adaf72ca09f05c
6715,7729,小上海理发店,118.862411,31.965317,江苏省南京市江宁区东山街道文靖路新瀚特旁(东城家园北),江苏省,南京市,江宁区,1,a8e7104f247e185c96f08c68
6716,7730,长塘佳苑,118.861395,31.964511,南京市江宁区长塘巷21号,江苏省,南京市,江宁区,1,122ff7fc1855dd79260bd0b9
6717,7731,粮食和物资储备局大院,118.862053,31.962627,南京市江宁区上元大街772号,江苏省,南京市,江宁区,1,4e06067b6399ca71adb22ad6
6718,7732,宁泉南苑,118.865304,31.96094,南京市江宁区天印大道810号,江苏省,南京市,江宁区,1,a5ef680f3088abd4b9df8f17
6719,7733,金发公寓,118.86175,31.963399,南京市江宁区东山镇上元大街763号,江苏省,南京市,江宁区,1,f9fd6062b197a31f0f0e6b7a
6720,7735,利民小区(上元大街),118.863349,31.963099,江苏省南京市江宁区上元大街862号,江苏省,南京市,江宁区,1,e3a7fd13ec98f35228b97c7a
6721,7736,东城风景,118.865869,31.960578,南京市江宁区天印大道880号,江苏省,南京市,江宁区,1,3dc9befda1f85e16bea2407a
6722,7737,石羊新寓,118.860866,31.967683,南京市江宁区通湖路18号,江苏省,南京市,江宁区,1,464f2a35254cb05b7dc876c1
6723,7738,上元路小区,118.861413,31.961326,江苏省南京市江宁区上元路121,江苏省,南京市,江宁区,1,ab2f606732874668e8e5824e
6724,7740,利民新村-东门,118.86426,31.961091,南京市江宁区天印大道796号,江苏省,南京市,江宁区,1,adae2a685d4ed03ff7e73b7d
6725,7741,世纪东山,118.875253,31.967532,江苏省南京万安西路168号,江苏省,南京市,江宁区,1,82d99e97dfce4a27fea77806
6726,7742,天鹅湖花园(湖山路),118.872694,31.962042,南京市江宁区东山街道上元大街1088号,江苏省,南京市,江宁区,1,52adb0d732b7eeae9f09f7e6
6727,7743,东福金座,118.876008,31.964058,南京市江宁区万安西路73号,江苏省,南京市,江宁区,1,5ffb181652ff81216f4760d0
6728,7744,上善居,118.880577,31.963593,江苏省南京市江宁区万安西路65号,江苏省,南京市,江宁区,1,8b1e6672e5011ef0e311034b
6729,7745,银安大厦,118.870984,31.963825,南京市江宁区上元大街1088号,江苏省,南京市,江宁区,1,cf8f3a0921736a3cb11e36b7
6730,7746,天鹅湖花园-北门,118.873098,31.964381,南京市江宁区上元大街1088号,江苏省,南京市,江宁区,1,d1d81e89a9f3f80e94ec8412
6731,7747,上善居-南门,118.880081,31.96221,江苏省南京市江宁区泥塘社区G104(旧)上善居南门,江苏省,南京市,江宁区,1,41b9511e3249c63c0c3dda5a
6732,7748,江苏区种子站大楼,118.879311,31.965695,南京市江宁区万安西路120号,江苏省,南京市,江宁区,1,38679df245c9cf0fc61b756b
6733,7749,康馨公寓,118.889002,31.962326,南京市江宁区天云南街33号,江苏省,南京市,江宁区,1,b292b3aa52369756be484275
6734,7750,新塘小区,118.889647,31.969032,南京市江宁区万安北路14号,江苏省,南京市,江宁区,1,14076deeff63c5f402294f75
6735,7751,远洋绿地云峰公馆,118.882539,31.962866,南京市江宁区东山街道泉东路28号,江苏省,南京市,江宁区,1,b31add915c11ba2fb21e367b
6736,7752,融侨悦城,118.887508,31.964017,江苏省南京市江宁区东山街道万安南路9号,江苏省,南京市,江宁区,1,4bf219fadcd4efc1008972ab
6737,7753,天云小区,118.889132,31.965218,南京市江宁区万安西路55号,江苏省,南京市,江宁区,1,a32d3bdf1845098358f6be15
6738,7754,天云小区-南区,118.88885,31.964586,南京市江宁区万安东路66号附近,江苏省,南京市,江宁区,1,6deee3083323126a29fc4875
6739,7755,天云小区-北区,118.890296,31.967715,南京市江宁区万安西路65号,江苏省,南京市,江宁区,1,e3082848e5bd39bfb34c4975
6740,7757,天云小区南区-南门,118.888811,31.963561,南京市江宁区泉东路,江苏省,南京市,江宁区,1,7dd27161a99638c2c4f50d4b
6741,7758,天云小区南区-北门,118.88908,31.965359,江苏省南京市江宁区上坊天云小区(南区),江苏省,南京市,江宁区,1,6ca0fee21f208cfa715e8079
6742,7759,金建大厦,118.894834,31.963294,江苏省南京市江宁区万安东路28号,江苏省,南京市,江宁区,1,53ee2050f00f49233904b11e
6743,7760,朝阳园,118.893477,31.962848,南京市江宁区万安东路与天宁路交叉路口往南约110米,江苏省,南京市,江宁区,1,edb92584d0b287f980a00c7d
6744,7761,天宁雅居,118.890888,31.962033,南京市江宁区园中路18号,江苏省,南京市,江宁区,1,2528a8de63d81c60bbbd6387
6745,7762,上坊经济适用房2期,118.892784,31.964105,南京市江宁区天宁路朝阳园西北侧,江苏省,南京市,江宁区,1,990daa85870d23a9081cc7ee
6746,7763,明月新寓花园-25幢,118.868662,31.952844,江苏省南京市江宁区明月新寓花园25幢,江苏省,南京市,江宁区,1,ec45e71ec68ee18bee74f8ee
6747,7764,明月新寓花园-29幢,118.868286,31.953555,江苏省南京市江宁区明月新寓花园29幢,江苏省,南京市,江宁区,1,64d4fe927ea732e13913fd54
6748,7765,明月新寓花园-27幢,118.867414,31.952438,江苏省南京市江宁区明月新寓花园27幢,江苏省,南京市,江宁区,1,a8ae60500811421a4054d73f
6749,7768,雨花经济开发区近华社区,118.649653,31.950035,南京市雨花台区凤集大道20-3号附近,江苏省,南京市,雨花台区,1,1e22e43364bb93c140e19294
6750,7769,南京金福联汽车销售服务有限公司,118.662119,31.949316,南京市雨花台区雨花国际汽贸园,江苏省,南京市,雨花台区,1,8710f48819d9ebbad62ce2b1
6751,7770,雨花开发区健康社区,118.684777,31.960203,天保路与宝双路交叉口西南50米,江苏省,南京市,雨花台区,1,026742b7707ac0bbf503b867
6752,7771,建宁一村,118.70717,31.957889,南京市雨花台区宁芜公路40号附近,江苏省,南京市,雨花台区,1,48fd754b510368373fe23188
6753,7772,岱山·齐修南苑,118.707012,31.951458,白家凹街5号,江苏省,南京市,雨花台区,1,eb1e8cdcb45401937702691a
6754,7773,明尚东苑,118.704222,31.951162,南京市雨花台区西善桥西柿路11号,江苏省,南京市,雨花台区,1,e62bedfadde7f0e388db73fc
6755,7774,岱山齐修北苑,118.702969,31.953275,江苏省南京市雨花台区盛家岗街18号,江苏省,南京市,雨花台区,1,202316b96e33fa302ce67b5b
6756,7775,岱善·润福城,118.702762,31.950423,南京市雨花台区盛家岗街6-9号,江苏省,南京市,雨花台区,1,dfb52b4028c96abd04fef5bb
6757,7776,秦淮新苑,118.707691,31.958093,南京市雨花台区西善桥南路40号,江苏省,南京市,雨花台区,1,9f885cd7e796962014948ed6
6758,7778,建宁二村,118.709686,31.958901,南京市雨花台区西善桥宁芜公路旁,江苏省,南京市,雨花台区,1,cc908b71494c5b027bf79693
6759,7779,爱恩比宿舍,118.701016,31.950522,中国建设银行附近(南京岱山分理处),江苏省,南京市,雨花台区,1,4864b10d944426409c82ea50
6760,7780,梅欣小区,118.71965,31.958105,南京市雨花台区油新线梅欣小区,江苏省,南京市,雨花台区,1,e70d15071e5a79876ca3cc2e
6761,7781,兴梅雅苑,118.713763,31.953838,吴家山口80,江苏省,南京市,雨花台区,1,2fb3c1d17f9ef126e0110303
6762,7782,梅欣社区,118.716988,31.957546,双合路与油新线交叉口西北100米,江苏省,南京市,雨花台区,1,e3082848e5ce39bfb24c4988
6763,7783,兴梅中路苏果社区,118.71843,31.957837,南京市雨花台区油新线梅欣集贸市场,江苏省,南京市,雨花台区,1,f8636b186bf7ded84afd3ff7
6764,7784,副井集体宿舍-3幢,118.716074,31.957438,南京市雨花台区油新线梅欣小区-西区西南侧约40米,江苏省,南京市,雨花台区,1,6a8c5984f9b48d6328201a7e
6765,7785,副井集体宿舍-2幢,118.716058,31.957216,南京市雨花台区油新线梅欣小区-西区西南侧约60米,江苏省,南京市,雨花台区,1,f4d5ffb85e9be45643afe634
6766,7786,副井集体宿舍-1幢,118.716085,31.957013,南京市雨花台区油新线梅欣小区-西区西南侧约80米,江苏省,南京市,雨花台区,1,9cc27700aae688851e580081
6767,7787,副井集体宿舍-4幢,118.716206,31.957807,南京市雨花台区油新线梅欣小区-西区,江苏省,南京市,雨花台区,1,adfea16b2d29db98354aaeaa
6768,7788,副井集体宿舍-0幢,118.716031,31.956831,江苏省南京市雨花台区西善桥南路19-1号,江苏省,南京市,雨花台区,1,9df9c02d28b4a1b641d63e07
6769,7791,梅岭小区,118.728616,31.959214,雨花台区泰山北路,江苏省,南京市,雨花台区,1,d5f93c0e01268e20eddfcaf9
6770,7792,点将台公寓,118.72511,31.956743,梅山街道梅山矿业游泳池,江苏省,南京市,雨花台区,1,b292b3aa52459756bf484288
6771,7794,新河村32号,118.720909,31.963318,江苏省南京市雨花台区新河村32号,江苏省,南京市,雨花台区,1,bb6110fd2f7aadc6a3acc4b8
6772,7795,福润雅居福润园-30幢,118.740517,31.956844,南京市雨花台区西善桥村许家88号30幢,江苏省,南京市,雨花台区,1,4a7e566c05be10a3601c673b
6773,7796,天虹山庄,118.735757,31.954846,江苏省南京市秦淮区姚村1号,江苏省,南京市,秦淮区,1,49d9593872e38943c71e5188
6774,7797,福润雅居樟香园,118.739336,31.95961,南京市雨花台区横七路与龙淮路东侧,江苏省,南京市,雨花台区,1,d82d66971de901dbd418b7a7
6775,7798,福润雅居,118.739758,31.95652,江苏省南京市雨花台区泰山北路与龙淮路交汇处,江苏省,南京市,雨花台区,1,e04552f8b26736d6c4f02544
6776,7799,泰山公寓,118.733691,31.955273,小刘村1号,江苏省,南京市,雨花台区,1,593850fb45e7d65dde1e5288
6777,7800,福润雅居-东区,118.739771,31.954617,江苏省南京市雨花台区许家88号福润雅居,江苏省,南京市,雨花台区,1,d805415c541483c28b36ee66
6778,7802,善水湾花园,118.735567,31.956717,南京市雨花台区西善桥村许家89号,江苏省,南京市,雨花台区,1,58e65b75f96a184625d2bb82
6779,7803,福润社区,118.739808,31.957867,江苏省南京市雨花台区西善桥街道,江苏省,南京市,雨花台区,1,46c3d23f04ab5e340aa8d411
6780,7805,福润雅居福润园-北区,118.738782,31.956544,许家88,江苏省,南京市,雨花台区,1,d53a7af2b5505dd455bfffd1
6781,7807,钟山驾校-西北门,118.747256,31.954801,南京市雨花台区泰山北路,江苏省,南京市,雨花台区,1,89f1462a94833c2f22022023
6782,7808,大定坊经纪适用房2期,118.750552,31.949956,江苏省南京市雨花台区大定坊经济适用房二期(韩府茗苑西北),江苏省,南京市,雨花台区,1,763d2cd5fd629203f8221307
6783,7809,大定坊经济适用房二期-A区,118.750163,31.951426,南京市雨花台区志远路定坊嘉苑,江苏省,南京市,雨花台区,1,3f2b121eb730260271210bda
6784,7810,韩府雅苑,118.758667,31.950559,南京市雨花台区福园路1号,江苏省,南京市,雨花台区,1,a518c9b2bc9a8c5d1b11d5f2
6785,7811,牛首新城-东区,118.756009,31.951199,南京市雨花台区福园路7号,江苏省,南京市,雨花台区,1,e2733c8ba201df6b71455b86
6786,7812,定坊和苑-C区,118.752771,31.951372,南京市雨花台区福园路11号,江苏省,南京市,雨花台区,1,3e3c6df2e3a42acc9fe321b1
6787,7813,定坊和苑东区(东南门),118.755656,31.951134,江苏省南京市雨花台区福园路9号,江苏省,南京市,雨花台区,1,72b064cc24927c0ed518b712
6788,7814,牛首福园,118.757222,31.950784,南京市雨花台区大定坊福园路7号,江苏省,南京市,雨花台区,1,4ac4a6346a8e337b2cb908c4
6789,7815,定坊工业园-1号,118.75875,31.954744,江苏省南京市雨花台区定坊工业园1号,江苏省,南京市,雨花台区,1,01436d61ae3a1f8cdbd891e2
6790,7818,定坊工业园9号,118.756382,31.952839,南京市雨花台区盛花路东50米,江苏省,南京市,雨花台区,1,73849cdc830f7e05283a9f1c
6791,7819,莱蒙·水榭阳光,118.759646,31.953112,江苏省南京市雨花台区宁丹路34号,江苏省,南京市,雨花台区,1,05739b1bb30c087a57bfffbc
6792,7820,牛首新城-西门,118.754012,31.951407,南京市雨花台区铁心桥定坊和苑B区(管道路北)附近,江苏省,南京市,雨花台区,1,e73222fdcebb75529e9d6841
6793,7821,牛首新城-西区,118.755614,31.951217,南京市雨花台区福园路9号,江苏省,南京市,雨花台区,1,701adcf565ee66d8c61b75e9
6794,7822,翠岭银河社区,118.764811,31.95818,江苏省南京市雨花台区铁心桥街道,江苏省,南京市,雨花台区,1,c8909e7af69836dc4354d703
6795,7823,银河苑,118.764884,31.959674,江苏省南京市雨花台区宁丹路18号,江苏省,南京市,雨花台区,1,ce97c06097a64eb89122e032
6796,7824,江意山庄,118.763378,31.958691,南京市雨花台区铁心桥王燕街88号,江苏省,南京市,雨花台区,1,7bdfd55b4470e9c11ef74dfd
6797,7825,翠岭苑(王燕街),118.762814,31.95719,南京市雨花台区宁丹路28号,江苏省,南京市,雨花台区,1,89d4ad852f2c7633b42655c4
6798,7826,嘉瑞山庄-2期,118.779822,31.950417,南京市江宁区开元欣街11号,江苏省,南京市,江宁区,1,6217d99fe18750764557260d
6799,7827,翠屏清华园,118.786527,31.950945,江苏省南京市江宁区将军大道10号,江苏省,南京市,江宁区,1,b3aa435d6a80ae0b1576437a
6800,7828,玛斯蓝德羚羊谷,118.783233,31.954855,南京市江宁区将军大道8号,江苏省,南京市,江宁区,1,4c14030fe7d6dcaebfa8227f
6801,7829,运盛美之国别墅,118.78167,31.960055,江苏省南京市江宁区将军大道2号,江苏省,南京市,江宁区,1,eb3675033a5f0e1b00ec017a
6802,7831,托乐嘉吉邻居-5栋,118.790684,31.956387,南京市江宁区托乐嘉吉邻居5幢,江苏省,南京市,江宁区,1,955b2ab34c8526b0725e80ff
6803,7832,美之国花园9组团,118.787829,31.957366,南京市江宁区开发区将军大道2号,江苏省,南京市,江宁区,1,77a946a81084c1c121f01723
6804,7833,美之国7组团,118.778347,31.958279,南京市江宁区将军大道2号,江苏省,南京市,江宁区,1,359f2fb9b04502311676430d
6805,7834,美国6组团,118.783297,31.958674,南京市江宁区将军大道2号,江苏省,南京市,江宁区,1,f8c7441fea215080dbeced49
6806,7835,玛斯兰德桃子街区,118.787906,31.953842,江苏省南京市江宁区将军大道8号,江苏省,南京市,江宁区,1,fa08c25c31bf714fb1077d79
6807,7836,辣椒街区,118.787157,31.955834,南京市江宁区将军大道8号,江苏省,南京市,江宁区,1,f175bad06175627646572625
6808,7837,托乐嘉街区,118.792994,31.9526,江苏省南京市江宁区将军大道9号,江苏省,南京市,江宁区,1,93a39074fcd6dd2377026913
6809,7838,托乐嘉花园,118.79175,31.956072,南京市江宁区将军大道3号,江苏省,南京市,江宁区,1,c5f2ae4ea02ac64183a00c72
6810,7839,翠屏东南,118.790666,31.959189,南京市江宁区将军大道1号,江苏省,南京市,江宁区,1,43b7e889aa2e6c6a58f6be7b
6811,7840,托乐嘉单身公寓,118.792212,31.950656,南京市江宁区将军大道109号,江苏省,南京市,江宁区,1,a152e4f0d45153b87702694e
6812,7841,托乐嘉友邻居,118.794882,31.952606,江苏省南京市江宁区将军大道9号,江苏省,南京市,江宁区,1,e76acffe75f18109d418b7b9
6813,7842,托乐嘉睦邻居-6幢,118.791032,31.951384,江苏省南京市江宁区托乐嘉睦邻居6幢,江苏省,南京市,江宁区,1,a4e166c0d5242e3452e5c528
6814,7843,托乐嘉旺邻居,118.790237,31.955759,南京市江宁区将军大道9号,江苏省,南京市,江宁区,1,38e0384e8e9e1f82c26c141e
6815,7845,核心街区,118.79175,31.952337,南京市江宁区秣陵街道将军大道9号,江苏省,南京市,江宁区,1,b744386ebe7b52428b2fb52e
6816,7846,托乐嘉花园-东门,118.795508,31.954447,江苏省南京市江宁区托乐嘉花园(顺翔西街西),江苏省,南京市,江宁区,1,efc572bba01d2c7d58f6bef4
6817,7847,欧陆经典花园,118.810036,31.951527,南京市江宁区胜太西路28号,江苏省,南京市,江宁区,1,91c13f9353bce7fa21f0177a
6818,7848,京状商务,118.812291,31.95192,江苏省南京市江宁区胜利西路9号,江苏省,南京市,江宁区,1,fec16ab9e61fd1c931870a0f
6819,7849,仲景公寓,118.812708,31.951129,江苏省南京市江宁区胜太西路8号,江苏省,南京市,江宁区,1,15a938100d1317bd14c8f67a
6820,7850,碧水湾西园,118.811881,31.954087,南京市江宁区胜利西路18号,江苏省,南京市,江宁区,1,0dc3d82d63fd986c75e5b67b
6821,7851,天琪雅居,118.811686,31.951121,南京市江宁区胜太西路16号,江苏省,南京市,江宁区,1,f5e3bcae2f9217c15e17c37a
6822,7852,汇金新天地广场-北门,118.816247,31.952842,南京市江宁区胜利路18号,江苏省,南京市,江宁区,1,838d3e7b46c27078a104643c
6823,7853,巴莱大厦,118.817896,31.950884,南京市江宁区开发区胜太路39号,江苏省,南京市,江宁区,1,0ed20a150b864c9757bfff7a
6824,7854,银江苑,118.817116,31.950897,南京市江宁区胜太路33号,江苏省,南京市,江宁区,1,33fbfa83e4888ec10bf5eb7a
6825,7855,天恒大厦,118.813127,31.959462,江苏省南京市江宁区秦淮路58号,江苏省,南京市,江宁区,1,0b40df57895d8c6b04026f26
6826,7856,和建大厦,118.817872,31.952627,南京市江宁区胜利路38号,江苏省,南京市,江宁区,1,b04b7229eae8478fa2046494
6827,7858,水月秦淮19栋3单元,118.811279,31.960762,江苏省南京市江宁区秦淮路水月秦淮19栋3单元,江苏省,南京市,江宁区,1,75e8bc69d344d934d92f28c6
6828,7859,隆仁大厦,118.812432,31.959393,南京市江宁区秦淮路66号,江苏省,南京市,江宁区,1,4cf513e3f0fd259375e5b6ef
6829,7860,河定桥宝色钛业单位房,118.822295,31.956545,江苏省南京市江宁区董村路99号,江苏省,南京市,江宁区,1,0abf07df436de21d0ab93a1f
6830,7861,金王府商业广场1号商务楼,118.827331,31.955604,江苏省南京市江宁区双龙大道1179号,江苏省,南京市,江宁区,1,62601ec7b1c8e8c0c62ba159
6831,7862,金轮新都汇,118.82605,31.956755,南京市江宁区双龙大道1118号,江苏省,南京市,江宁区,1,72790f5f56d9820846e2740f
6832,7863,三色商务楼,118.827573,31.955041,南京市江宁区双龙大道1229号,江苏省,南京市,江宁区,1,1822a999addb95020869d95c
6833,7864,名家科技大厦,118.825222,31.95384,南京市江宁区胜利路99号,江苏省,南京市,江宁区,1,02debacc23d1802e3010affd
6834,7865,金穗科技苑中心机房楼,118.8257,31.953017,南京市江宁区胜利路100号,江苏省,南京市,江宁区,1,08543956117a91c883a00c67
6835,7866,中国农业银行南京江宁支行办公楼,118.826699,31.953069,江苏省南京市江宁区胜利路102号,江苏省,南京市,江宁区,1,4b8f5e699378dcd7095cb3b3
6836,7867,金王府-西区,118.828384,31.954907,南京市江宁区上元大街88号,江苏省,南京市,江宁区,1,1ef7d43c40ee361cca2915f0
6837,7868,新蕾公寓,118.828163,31.956686,南京市江宁区上元大街88号,江苏省,南京市,江宁区,1,3045bbd6420f944bd23ce319
6838,7869,双龙苑,118.82854,31.953984,南京市江宁区双龙大道1251号,江苏省,南京市,江宁区,1,b9e3535f43c758a282288a92
6839,7870,河定桥新苑,118.827766,31.957497,南京市江宁区上元大街30号,江苏省,南京市,江宁区,1,e977df897f27d6ec40afe627
6840,7871,胜利路1号小区,118.822462,31.953244,江苏省南京市江宁区胜利路1号,江苏省,南京市,江宁区,1,6783d2bc940de8a858f6be6d
6841,7872,金长城大厦,118.827221,31.952341,南京市江宁区双龙大道1198号,江苏省,南京市,江宁区,1,e96b4420af2c9f5982288a7a
6842,7873,胜利新村,118.828576,31.953075,南京市江宁区胜太路严柳街42号,江苏省,南京市,江宁区,1,dffd631c2e3dc3bc38221c7a
6843,7874,双子星广场,118.827861,31.958532,江苏省南京市江宁区上元大街1101号1楼,江苏省,南京市,江宁区,1,27396bf09c9c8e079cec2b6f
6844,7875,大才大厦,118.826643,31.951327,南京市江宁区胜太路109号,江苏省,南京市,江宁区,1,693ac182d06dfaa6c909f02c
6845,7876,悦恒君铂商务大厦,118.828495,31.951902,江苏省南京市江宁区双龙大道1341号,江苏省,南京市,江宁区,1,a3a28f985acce247be4842fc
6846,7877,同曦·青春水岸,118.822997,31.959535,南京市江宁区秣陵街道秦淮路4号(南临秦淮路，东靠江宁国税局，西侧为江宁建工局),江苏省,南京市,江宁区,1,a74481d66d934b38f503b801
6847,7878,胜泰新寓,118.821809,31.951742,南京市江宁区秣陵街道胜太路77号,江苏省,南京市,江宁区,1,ef773a0fc8c29e342202207a
6848,7879,胜利家园小区,118.831071,31.951504,江苏省南京市江宁区严南路2号,江苏省,南京市,江宁区,1,93d8333f6c9f110a6b49f3ab
6849,7881,江宁1号,118.827092,31.950426,南京市江宁区胜太路弘阳家居(南京江宁店),江苏省,南京市,江宁区,1,f60a15ed2dcb9e92ba17e79a
6850,7883,同曦大厦-写字楼,118.828704,31.950532,南京市江宁区胜太东路8号,江苏省,南京市,江宁区,1,8f5a47c13d3c50f355bfff5b
6851,7884,亲水湾花园,118.829378,31.959753,南京市江宁区上元大街29号(河定桥地铁东北侧),江苏省,南京市,江宁区,1,69fcd6dff7abd22fca29157a
6852,7885,同曦鸣城,118.82923,31.950753,南京市江宁区胜太东路8号,江苏省,南京市,江宁区,1,14a25d04bae569a08a36ee41
6853,7886,同曦大厦,118.82872,31.950533,南京市江宁区胜太东路8号(近双龙大道),江苏省,南京市,江宁区,1,30b0cf363134204d4f3a5940
6854,7888,金轮第一城,118.820505,31.951521,江苏省南京市江宁区胜太路59号,江苏省,南京市,江宁区,1,d146b388c3978dde7402697a
6855,7889,瑞都,118.82864,31.948817,江苏南京市江宁区双龙大道1351号,江苏省,南京市,江宁区,1,ec98811610350b2731f71dab
6856,7892,21世纪假日花园,118.835576,31.955216,南京市江宁区上元大街160号,江苏省,南京市,江宁区,1,5211d2190ea245257dc876dc
6857,7893,梦蝶园,118.836986,31.956284,南京市江宁区胜太东路195号,江苏省,南京市,江宁区,1,79cceb36266985891e58007a
6858,7894,金轮第一居,118.837484,31.954857,南京市江宁区明月路100号,江苏省,南京市,江宁区,1,f1f5cac57e00dfe536b06c65
6859,7895,金轮一居(北院),118.837654,31.955704,南京市江宁区明月路64号,江苏省,南京市,江宁区,1,3a0fbba8a5b1563c9fe321a6
6860,7896,明月蓝色假日,118.838003,31.956271,南京市江宁区明月路62号,江苏省,南京市,江宁区,1,4c27a3681324e68e71210be5
6861,7897,海明珠花园,118.838907,31.95491,江苏省南京市江宁区明月路211号,江苏省,南京市,江宁区,1,41572e00a8b721b4b45f1e7a
6862,7898,雅仕居-1幢,118.840925,31.955901,南京市江宁区雅仕居01幢,江苏省,南京市,江宁区,1,af137028293dff782806ce92
6863,7899,金王府,118.830345,31.955549,江苏省南京市江宁区上元大街88号,江苏省,南京市,江宁区,1,d58f7be97a49555de6e96546
6864,7900,东虹园,118.836175,31.95931,南京市江宁区上元大街171号,江苏省,南京市,江宁区,1,b533ea4a28a353414f6d467a
6865,7901,南京百米阳光单身公寓,118.840318,31.957262,江苏省南京市江宁区明月路1号国贸大厦4楼,江苏省,南京市,江宁区,1,3a84f535e1e60f326240a9b0
6866,7902,鑫都公寓,118.833229,31.950835,南京市江宁区胜太东路50号,江苏省,南京市,江宁区,1,2ad32cc365821b8f9d95de7a
6867,7903,康达花园城,118.839882,31.958301,江苏省南京市江宁区河滨路27号,江苏省,南京市,江宁区,1,5b5aab97aaf58264cc06a45d
6868,7904,金辉金陵铭著,118.830224,31.952174,江苏省南京市江宁区胜太东路11号,江苏省,南京市,江宁区,1,58c7366823c1ca6f0f0e6b13
6869,7905,枫林湾花园,118.840015,31.959492,南京市江宁区东山北沿路街道北沿路15号,江苏省,南京市,江宁区,1,b4975384d9732c1607fef523
6870,7906,胜泰华府,118.831165,31.95087,"南京市江宁区开发区胜太东路36号,百家湖中学北侧",江苏省,南京市,江宁区,1,505a90a4a4c96c83c3f1cf5b
6871,7907,供销商厦,118.839439,31.957542,南京市江宁区上元大街242号,江苏省,南京市,江宁区,1,f15a47a81b9a4d3f6d20b90c
6872,7908,明月贵都花园,118.844479,31.954355,南京市江宁区江宁商城明月路158号(公交车站),江苏省,南京市,江宁区,1,50f7d146c68d21c472210b7a
6873,7909,银谷大厦,118.843223,31.955666,南京市江宁区金箔路999号,江苏省,南京市,江宁区,1,76cc4261a32a25e6f503b822
6874,7910,黄金海岸广场,118.842968,31.95574,江苏省南京市江宁区东山街道金箔路999号,江苏省,南京市,江宁区,1,69130523722b6308725e807a
6875,7911,黄金海岸二街区,118.841956,31.955716,南京市江宁区萃文路黄金海岸广场,江苏省,南京市,江宁区,1,15d60135a6853eb2c5effb82
6876,7912,城建大厦,118.844775,31.958378,江苏省南京市江宁区上元大街327号,江苏省,南京市,江宁区,1,8054de1d899175a8ca2915ab
6877,7913,江苏国贸大厦,118.841201,31.957126,南京市江宁区上元大街300号,江苏省,南京市,江宁区,1,d0b8923f814191e2b4f42fa3
6878,7914,江宁万达广场-F座,118.848926,31.956915,江苏省南京市江宁区府前东路9号万达广场(南京江宁店)F座,江苏省,南京市,江宁区,1,36ab393b228f7ae27ab55c4d
6879,7915,东平雅苑,118.850787,31.955488,南京市江宁区金箔路713号,江苏省,南京市,江宁区,1,f550a652290cca0249fd3f59
6880,7916,万达广场-E座,118.848823,31.957894,南京市江宁区竹山路68号江宁万达广场,江苏省,南京市,江宁区,1,de339e6a759d2739b5147fba
6881,7917,万欣翠园,118.84916,31.952634,竹山路86号,江苏省,南京市,江宁区,1,beabdbf476846a987069d37a
6882,7918,万达江宁府-江宁府(北区),118.852722,31.957134,南京市江宁区鼓山路与竹山路交叉路口往东北约140米,江苏省,南京市,江宁区,1,45fd7a0107d643115bf6be71
6883,7919,建设大厦,118.84181,31.957686,南京市江宁区上元大街313号,江苏省,南京市,江宁区,1,72e57fd7f57b84aff8dc857a
6884,7920,香海大厦,118.840901,31.955257,南京市江宁区明月路188号,江苏省,南京市,江宁区,1,76cdfe76a7bdf3c30ab93ad8
6885,7921,香海大厦-明月LOVE生活广场,118.841156,31.955518,江苏省南京市江宁区明月路188号香海大厦2层,江苏省,南京市,江宁区,1,2dd54f57cf169233a31de95f
6886,7922,恒通大厦,118.84774,31.958793,南京市江宁区东山镇上元大街395号,江苏省,南京市,江宁区,1,0523a1415cde621db23c817a
6887,7923,一鸣花园,118.840742,31.956158,南京市江宁区明月路19号,江苏省,南京市,江宁区,1,01b0cd736d758d8996f08c48
6888,7924,明月花园,118.840539,31.953603,南京市江宁区萃文路99号,江苏省,南京市,江宁区,1,78bd50f7882c735b31870a7a
6889,7925,南京江宁万达广场-D座,118.848892,31.958495,南京市江宁区上元大街420号万达广场(南京江宁店)D座,江苏省,南京市,江宁区,1,9db6ccaa99c9538016c905db
6890,7927,万达公馆-2幢,118.853089,31.956628,南京市江宁区鼓山路79号2幢,江苏省,南京市,江宁区,1,af0aeaa1cbca42db16a19052
6891,7928,公园路11号院,118.844981,31.959562,南京市江宁区公园路11号,江苏省,南京市,江宁区,1,5367734e3bf5d4ce17c8f6d5
6892,7929,广电宿舍楼,118.841695,31.95865,江苏省南京市江宁区北沿路128号,江苏省,南京市,江宁区,1,951fccd3342c46302ffaa799
6893,7930,竹山公寓,118.849076,31.951382,南京市江宁区宁竹山路和金箔路交叉处,江苏省,南京市,江宁区,1,a3f1c6474849f26badcb6664
6894,7931,卫生大厦,118.848456,31.959003,南京市江宁区上元大街397号,江苏省,南京市,江宁区,1,15e1e85ec54d53a25810937a
6895,7932,南京江宁万达广场万达中心-C座,118.849704,31.958698,江苏省南京市江宁区上元大街420号,江苏省,南京市,江宁区,1,ad4b02043d90b1eb7ab55cbc
6896,7933,三新村-7号院,118.859528,31.96335,江苏省南京市江宁区三新村7号,江苏省,南京市,江宁区,1,cd01c3d95c316ab04c3a5975
6897,7934,戴家塘-15号,118.847552,31.95964,江苏省南京市江宁区戴家塘15号,江苏省,南京市,江宁区,1,143852e7eb7416b58f55ec84
6898,7935,天琪福苑,118.842947,31.950593,江苏省南京市江宁区竹新路,江苏省,南京市,江宁区,1,7f814a7594b7c0608c55ecdb
6899,7937,上元大街-319号院,118.842208,31.959648,南京市江宁区上元大街319号,江苏省,南京市,江宁区,1,974ced97b49a45805d17c315
6900,7938,城中大市口,118.85153,31.959759,南京市江宁区上元大街与土山路交叉路口向东北约100米,江苏省,南京市,江宁区,1,316b9f3f01884307bb17e78f
6901,7940,东银花园,118.85518,31.951914,南京市江宁区金箔路619号,江苏省,南京市,江宁区,1,11c9e7ed2be75f099de32132
6902,7941,五小区,118.855323,31.953086,南京市江宁区金箔路579号,江苏省,南京市,江宁区,1,94fee774b72065bca7da39b9
6903,7942,玉堂巷8号小区,118.854278,31.957144,南京市江宁区玉堂巷8号,江苏省,南京市,江宁区,1,d0f1dfb9b6bab0050f0e6b8b
6904,7943,玉堂花园,118.853192,31.955805,南京市江宁区玉堂巷66号,江苏省,南京市,江宁区,1,05b9714128e450a096f08cc5
6905,7944,南京市江宁医院住宅区,118.857295,31.956955,南京市江宁区鼓山路222号,江苏省,南京市,江宁区,1,f2f15ffb2c7cbe88631c677a
6906,7945,金箔路468号院,118.858563,31.955002,金箔路468号,江苏省,南京市,江宁区,1,e4efdf6b48b62829266e984c
6907,7947,桃园路18号院,118.85873,31.95572,南京市江宁区桃园路18号,江苏省,南京市,江宁区,1,c5772f8ea950fbbc9e9d6847
6908,7948,志宁花园,118.852071,31.955678,南京市江宁区东山街道竹山路65号,江苏省,南京市,江宁区,1,fa01e937a39cd94a774ff17a
6909,7949,中心花园,118.854182,31.957705,江苏省南京市江宁区东山镇玉堂巷4号,江苏省,南京市,江宁区,1,108b1cead2c3d5ac3586f47a
6910,7950,景福庭院,118.85861,31.95689,南京市江宁区桃园路51号,江苏省,南京市,江宁区,1,4ce10ce6985e68dc441a3268
6911,7951,晓里社区企业退休人员之家,118.858422,31.956419,江苏省南京市江宁区桃园路41号,江苏省,南京市,江宁区,1,92b78b24c99d973dc336442f
6912,7952,南京市江宁区人民政府-东南门,118.846463,31.958359,南京市江宁区上元大街369号,江苏省,南京市,江宁区,1,2af3b460099969a0f42310f8
6913,7953,邮电公寓(桃园路),118.859273,31.956074,江苏省南京市江宁区桃园路36号,江苏省,南京市,江宁区,1,5209f0fd1703fdb4be4842ed
6914,7954,晓里社区,118.858519,31.956421,江苏省南京市江宁区桃园路景福庭院旁(江宁医院东100米),江苏省,南京市,江宁区,1,88d22d8d8d6ed63dd518b7a2
6915,7955,恒达嘉园,118.851435,31.954963,南京市江宁区金箔路730号,江苏省,南京市,江宁区,1,be1ea5efb5655abf14948e7a
6916,7956,东山发动机厂住宅楼,118.852203,31.952316,南京市江宁区竹山路99号,江苏省,南京市,江宁区,1,65ec4cd0642d3d27b8bd630e
6917,7957,万达公馆,118.85235,31.957785,江苏省南京市江宁区竹山路59号,江苏省,南京市,江宁区,1,58ee9745355c0ff8744ff147
6918,7958,晓里村经济适用房,118.857172,31.958514,南京市江宁区鼓山路280号,江苏省,南京市,江宁区,1,a4e414ccd8d3d23307fef5dc
6919,7959,城开·利民城,118.85514,31.958703,南京市江宁区新医路28-36号,江苏省,南京市,江宁区,1,49a02a7ae8d5e03d2a201aa6
6920,7960,苗圃路小区,118.859506,31.95128,南京市江宁区苗圃路19号,江苏省,南京市,江宁区,1,31be7dc27566f4a92102625a
6921,7961,新医路小区,118.855657,31.95878,南京市江宁区新医路山水大厦,江苏省,南京市,江宁区,1,5d352717cf5d223c28201a29
6922,7962,竹山大厦,118.851847,31.952631,南京市江宁区竹山路88-4号,江苏省,南京市,江宁区,1,a82c2b822cc825658605bfab
6923,7963,桃园新居,118.859831,31.956367,南京市江宁区桃园路40号,江苏省,南京市,江宁区,1,35debf293d68f644a6da397a
6924,7964,东新城,118.861459,31.954355,南京市江宁区东新南路398号,江苏省,南京市,江宁区,1,908ec73b1ee4241e6fc02c2f
6925,7965,山水大厦,118.855698,31.959055,南京市江宁区新医路15-1号,江苏省,南京市,江宁区,1,e85e25276174485395f08c7a
6926,7966,嘉业广场,118.855119,31.95902,江苏省南京市江宁区东山步行街东入口,江苏省,南京市,江宁区,1,04d76e867cb366f5471a3240
6927,7967,南京江宁万达广场万达中心-B座,118.850738,31.956975,江苏省南京市江宁区竹山路68号,江苏省,南京市,江宁区,1,75eb18b9bafa548790114c55
6928,7968,供电苑,118.859326,31.954534,南京市江宁区科学园东新南路346号,江苏省,南京市,江宁区,1,64ff3be13d8bf9bb90114c7a
6929,7969,南京市江宁区市场监督管理局,118.853642,31.954422,南京市江宁区金箔路666号,江苏省,南京市,江宁区,1,a25e19b3da89a47db04c4972
6930,7971,外港新村,118.856382,31.950503,南京市江宁区金箔路579号,江苏省,南京市,江宁区,1,d6ee872413fc7fe0a8f0cd7a
6931,7972,南京化工技师学院金陵校区公寓楼3,118.852613,31.949983,南京市江宁区竹山路东山宾馆西北侧约60米,江苏省,南京市,江宁区,1,70f48a26a890f6f54f6d46cb
6932,7973,莱茵达路6号住宅,118.860307,31.951924,南京市江宁区金箔路与莱茵达路交叉路口往南约60米,江苏省,南京市,江宁区,1,cad4c0d9093e785ee6073818
6933,7974,嘉顺·时代广场-1幢,118.856425,31.959165,南京市江宁区东山镇上元二街488号嘉顺·时代广场1幢,江苏省,南京市,江宁区,1,38dc37e73fe0dc557adbd277
6934,7975,绿野大厦,118.853634,31.959635,南京市江宁区东山镇上元大街518号,江苏省,南京市,江宁区,1,2527be1e7b8585b34afc8d7a
6935,7976,长城大厦(上元大街),118.852968,31.959486,南京市江宁区东山街道上元大街504号,江苏省,南京市,江宁区,1,0ad83a5a9173672e4f3a591a
6936,7977,南京市江宁区竹山路68号万达广场A座,118.850462,31.957726,江苏省南京市江宁区竹山路16号,江苏省,南京市,江宁区,1,3a74e571e8ef3af81d5800e4
6937,7978,管道学院,118.858434,31.948522,新亭路146号,江苏省,南京市,江宁区,1,81a7b58f62dab73207026fc6
6938,7980,日光广场-111号,118.860373,31.958665,江苏省南京市江宁区日光广场111号,江苏省,南京市,江宁区,1,aab40789c4da7ac42b11d10a
6939,7981,蚂蚁工坊-B座,118.859628,31.959582,南京市江宁区东新南路15号,江苏省,南京市,江宁区,1,c6641e0f2f63d95312882476
6940,7982,瓯江大厦,118.859884,31.959303,江苏省南京市江宁区东新南路285号,江苏省,南京市,江宁区,1,3a03682957567b74deee8bb5
6941,7983,蚂蚁工坊-A座,118.859899,31.95954,南京市江宁区东新南路15号,江苏省,南京市,江宁区,1,1582de2df93017606cc02cd0
6942,7984,凯旋国际停车场,118.851447,31.954872,南京市江宁区金箔路700号,江苏省,南京市,江宁区,1,7d86363607dd0dc1a1046402
6943,7985,金箔路287号院,118.864362,31.954715,南京市江宁区金箔路287号,江苏省,南京市,江宁区,1,e8a216baf925985e8c55ec75
6944,7986,金陵天成,118.866422,31.956325,南京市江宁区金箔路1号(公交车站),江苏省,南京市,江宁区,1,2a7a25ecb150ab1e6c3e1b33
6945,7987,明月新寓花园,118.867977,31.954138,南京市江宁区天印大道1088号,江苏省,南京市,江宁区,1,3a0a78bd0a9d3cfa6318097a
6946,7988,天宝新寓,118.865243,31.952305,江苏省南京市江宁区东新南路519号,江苏省,南京市,江宁区,1,341c35de34435abee607387a
6947,7989,丝织厂小区,118.867378,31.957126,南京市江宁区天印大道996号,江苏省,南京市,江宁区,1,19a0b3b2e222459487154192
6948,7990,西苑阳光翠庭,118.869717,31.956615,南京市江宁区东山街道天印大道1089号,江苏省,南京市,江宁区,1,abb030617e33c06f43e192b3
6949,7992,桃园路小区,118.859225,31.955478,江苏省南京市江宁区桃园路36号,江苏省,南京市,江宁区,1,5131b9e69a6c0ddf9222e025
6950,7993,东新南路313号院,118.861744,31.956546,南京市江宁区东新南路313号,江苏省,南京市,江宁区,1,654d5261c1ef1bc7adb22ad1
6951,7994,温州商业街小区,118.861516,31.956466,南京市江宁区东新南路281号,江苏省,南京市,江宁区,1,63e4be959082da330c0e6b7c
6952,7995,东方花园(东新南路店),118.863311,31.951662,江苏省南京市江宁区东新南路518号19区2栋,江苏省,南京市,江宁区,1,7f7bd5cccabd68afbea24044
6953,7996,天印大道-999号院,118.869237,31.957147,江苏省南京市江宁区天印大道999号,江苏省,南京市,江宁区,1,25a961bd8a1c3963a8f0cdf6
6954,7997,馨绿园,118.866739,31.951071,江苏省南京市江宁区上元路508号,江苏省,南京市,江宁区,1,6fddd7fd85b9c17f3517dc7a
6955,7998,南京万达嘉华酒店员工之家,118.862208,31.952063,南京市江宁区莱茵达路广汇街15号广汇花园13栋,江苏省,南京市,江宁区,1,ee73d81fa172e0504051c0af
6956,7999,国府大院-326号,118.861432,31.953693,南京市江宁区金箔路东新城南侧,江苏省,南京市,江宁区,1,dba07cbcfc6a05b1badf8f1b
6957,8000,时代雅居,118.868722,31.951509,南京市江宁区天印大道1218号,江苏省,南京市,江宁区,1,504d61139a1dd7b34657267a
6958,8001,乐超生活区,118.862721,31.958614,南京市江宁区上元路171号,江苏省,南京市,江宁区,1,b5903dd756119f253310af7e
6959,8002,玲珑华庭,118.860937,31.95689,江苏省南京市江宁区东新南路285号,江苏省,南京市,江宁区,1,3a3ae0d3461e93124e776eb7
6960,8003,上元路151号院,118.862364,31.959053,南京市江宁区上元路151号,江苏省,南京市,江宁区,1,d08244db4a82565ccb09f068
6961,8004,莱茵达路7号院,118.860867,31.951709,江苏省南京市江宁区莱茵达路7号,江苏省,南京市,江宁区,1,3d90c2abd660669129fc48cf
6962,8005,新亭兰苑小区,118.86344,31.950363,南京市江宁区东山街道新亭东路111号,江苏省,南京市,江宁区,1,62a7e5707df2bbf6276e9809
6963,8006,利民新村,118.863199,31.960013,南京市江宁区上元路826号,江苏省,南京市,江宁区,1,f7cef40ec64d81794054d7c7
6964,8007,广汇花园,118.862072,31.950955,南京市江宁区东山街道莱茵达路15号,江苏省,南京市,江宁区,1,a9a7db4da8cf5e15bda24061
6965,8008,日光广场,118.861184,31.958346,南京市江宁区东新南路253号,江苏省,南京市,江宁区,1,a29f1a8a7dc3f30388f15dcd
6966,8009,都市丽景家园,118.86053,31.950164,江苏省南京市江宁区苗圃路33号,江苏省,南京市,江宁区,1,90b35a256b5f422b85420e15
6967,8011,金箔大楼,118.864056,31.958075,南京市江宁区金箔路98号,江苏省,南京市,江宁区,1,a8df33e95b681fc802294f9c
6968,8012,明月新家花园(东北门),118.868762,31.95583,江苏省南京市江宁区天印大道1088号,江苏省,南京市,江宁区,1,3fdff8e80520cd225810936a
6969,8013,明月新寓花园-南门,118.869301,31.952965,南京市江宁区天印大道与昌宁路交叉口西100米,江苏省,南京市,江宁区,1,e68b90ba5626a1f06cc02c07
6970,8014,天元吉第城,118.878834,31.953783,南京市江宁区东山镇湖山路369号,江苏省,南京市,江宁区,1,d5fb9d19bfc77693a6da39db
6971,8015,西苑,118.870943,31.954661,南京市江宁区天印大道1089号,江苏省,南京市,江宁区,1,f633606a1ababb4e0b69d97a
6972,8016,成山公寓,118.873495,31.952339,南京市江宁区天印大道1255号,江苏省,南京市,江宁区,1,81d6a5097190e5406e20b97b
6973,8017,康桥公寓,118.872502,31.949997,南京市江宁区天印大道1299号,江苏省,南京市,江宁区,1,204d02cb4a6873812b11d1ab
6974,8018,金东城雅居,118.876403,31.957986,南京市江宁区秣陵街道湖山路189号,江苏省,南京市,江宁区,1,bba873880ac4eaddbda822a6
6975,8019,香江豪庭,118.874962,31.950105,南京市江宁区湖山路388号(湖山路和新亭路交汇处),江苏省,南京市,江宁区,1,eec82b95221e797b88db73d9
6976,8020,泥塘新苑,118.878508,31.957539,江苏省南京市江宁区湖东路188号,江苏省,南京市,江宁区,1,6264f4bfdfd48f8cb45f1edd
6977,8021,天景山小区l组团二期,118.878457,31.956814,江苏省南京市江宁区湖东路泥塘新苑(金东城雅居小区东),江苏省,南京市,江宁区,1,d7078036c8addfcab11e36da
6978,8022,湖山尊邸,118.876578,31.956247,南京市江宁区昌宁路99号,江苏省,南京市,江宁区,1,0ccce3bedd454b3ec42ba180
6979,8023,天景山公寓荣华苑-西区,118.880528,31.950056,江苏省南京市江宁区天景山路,江苏省,南京市,江宁区,1,a885c8ddf259b20d631809b7
6980,8025,西苑新寓8幢,118.870294,31.95454,江苏省南京市江宁区西苑新寓8幢,江苏省,南京市,江宁区,1,2cdcee732d7d822149fc8d74
6981,8026,天景山公寓佳福苑,118.883542,31.953015,南京市江宁区湖山路419号,江苏省,南京市,江宁区,1,bff8fa7d2d82d9a0c8213d7a
6982,8027,天景山公寓-瑞庭苑,118.885365,31.956198,江苏省南京市江宁区新亭东路,江苏省,南京市,江宁区,1,aa0707c20c407bb142d63e2d
6983,8028,天景山公寓-荣华苑,118.881434,31.950605,江苏省南京市江宁区湖东路59号附近,江苏省,南京市,江宁区,1,a448343d3741127c8f1a8960
6984,8029,天景山公寓-盛乐苑,118.887421,31.954193,江苏省南京市江宁区湖山路149号,江苏省,南京市,江宁区,1,b0d056f2faac7a03cbc3dba6
6985,8030,中航樾园,118.887294,31.957399,南京市江宁区泉东路58号,江苏省,南京市,江宁区,1,93579044df0c04381e1d1136
6986,8031,王墅社区,118.882814,31.958569,天景山小区春秀苑附近,江苏省,南京市,江宁区,1,e53225ea867e26e5233bf2a2
6987,8032,陵里社区,118.882846,31.958567,南京市江宁区东山街道新亭东路天景山公寓春秀苑,江苏省,南京市,江宁区,1,8a91be25c0838844c92915df
6988,8033,天景山公寓春秀苑,118.883036,31.959364,湖山路419号,江苏省,南京市,江宁区,1,4bab76739156e598631c678d
6989,8034,天景山公寓荣华苑-东区,118.882237,31.95114,江苏省南京市江宁区天景山公寓荣华苑(新亭东路东),江苏省,南京市,江宁区,1,51c8abee123ece871188245a
6990,8035,天景山公寓瑞庭苑-西门,118.884141,31.955286,江苏省南京市江宁区天景山公寓(瑞庭苑),江苏省,南京市,江宁区,1,dddcf8fcab5629e754bfff22
6991,8036,天景山公寓盛乐苑-北一门,118.886303,31.954851,江苏省南京市江宁区湖东路,江苏省,南京市,江宁区,1,62a56d201b96738de5e965e7
6992,8037,天景山公寓景秀苑,118.89072,31.954313,南京市江宁区天印路865号,江苏省,南京市,江宁区,1,e2c734e42ec3302315a190d0
6993,8038,天宁家园,118.893032,31.959864,南京市江宁区园中路3号,江苏省,南京市,江宁区,1,a53403f1417b1d2d1d1d11a2
6994,8039,天景山公寓如意苑,118.890627,31.950442,淳化街道南医大后勤总公司江宁校区物业中心,江苏省,南京市,江宁区,1,c36fcc38e3f0a1d9a6da398a
6995,8040,怡居香汇园,119.003193,31.952299,南京市江宁区怡居香汇园(青杜路北250米),江苏省,南京市,江宁区,1,16114cd85f2809a479dbd203
6996,8041,北柚08,118.649181,31.942032,南京市雨花台区凤集大道电子信息产业园,江苏省,南京市,雨花台区,1,2e2ff5b0cb6dd0e8740269e0
6997,8042,北柚18A,118.648876,31.942205,南京市雨花台区凤集大道电子信息产业园,江苏省,南京市,雨花台区,1,2b207ced6a99c35b09a8d44c
6998,8043,北柚01,118.651058,31.941679,江苏省南京市雨花台区凤集大道15号60附近,江苏省,南京市,雨花台区,1,140a00fcacc0d7cc13293500
6999,8044,明发.华东国际城商业小区,118.650797,31.941766,南京市雨花台区凤集大道15号60附近,江苏省,南京市,雨花台区,1,5fac31ae77fcc3edf7e73bd4
7000,8046,弘阳装饰城-1号入口,118.675513,31.947655,南京市雨花台区龙藏大道12号,江苏省,南京市,雨花台区,1,2587ab540d19c130b8bd63b4
7001,8047,精艺瓷别墅砖,118.676064,31.944959,南京市雨花台区佛山路弘阳装饰城,江苏省,南京市,雨花台区,1,0050ca6c305123599122e04f
7002,8048,雨花经济开发区保天社区,118.676304,31.949224,弘阳大道与绕城公路交叉口北200米天保社区居委会附近,江苏省,南京市,雨花台区,1,37250ecad9df4fbb70455bb6
7003,8049,恒永东苑,118.698821,31.948519,南京市雨花台区周村街10号,江苏省,南京市,雨花台区,1,6172d2c0c92f99a215c905f3
7004,8050,恒永西苑,118.69415,31.945754,江苏省南京市雨花台区邱村街9号,江苏省,南京市,雨花台区,1,4abcf0e1f2d4d6f1b74f5485
7005,8051,长盛东苑,118.693979,31.949354,南京市雨花台区天保桥路8号,江苏省,南京市,雨花台区,1,7b1edaebb3a4ce5331f71dac
7006,8052,西善花苑-祥和园,118.698316,31.944831,南京市雨花台区邱村69号,江苏省,南京市,雨花台区,1,a0ac23df41d75ad6373a7126
7007,8053,长盛西苑,118.692073,31.948363,南京市雨花台区天保桥路7号,江苏省,南京市,雨花台区,1,2eeebf052bf9ee8dc2f1cf61
7008,8054,恒永东苑-西2门,118.697697,31.948614,南京市雨花台区周村街10号恒永东苑,江苏省,南京市,雨花台区,1,808b37a52433ce7e0bf5eb31
7009,8055,西善花苑-家和园,118.700638,31.942814,江苏省南京市雨花台区邱村68号,江苏省,南京市,雨花台区,1,8cba4bb06dc1b484ac045788
7010,8056,平治南苑,118.70683,31.944713,江苏省南京市雨花台区梅山村路16号,江苏省,南京市,雨花台区,1,c99a292a9d96ab859e95de3a
7011,8057,乐业·东苑,118.7048,31.942918,南京市雨花台区单家村街8号,江苏省,南京市,雨花台区,1,2bd9cd1cf90957c0eddfca7d
7012,8058,义德东苑,118.705174,31.949518,江苏省南京市雨花台区西柿路12号,江苏省,南京市,雨花台区,1,44d05a6e34dd990b02897223
7013,8059,明尚西苑,118.701655,31.950012,南京市雨花台区西柿路9号,江苏省,南京市,雨花台区,1,4592c4f74fc48f81a5da3936
7014,8060,义德西苑,118.7031,31.947965,南京市雨花台区西柿路10号,江苏省,南京市,雨花台区,1,3f5626a4b40f50b90b1cc765
7015,8061,平治北苑,118.704961,31.946078,江苏省南京市雨花台区岱善路,江苏省,南京市,雨花台区,1,da0f3214bfbb7ba4100daa6b
7016,8062,乐业西苑,118.703342,31.941546,江苏省南京市雨花台区西善桥单家村街7号,江苏省,南京市,雨花台区,1,797ee9baaa80e5c53062122c
7017,8063,平治东苑,118.70731,31.94765,南京市雨花台区衡村街10号,江苏省,南京市,雨花台区,1,6e7e1de2fbfbd8f90f3ddae2
7018,8064,东来·奥南城,118.704263,31.945354,江苏省南京市雨花台区岱山中路4号,江苏省,南京市,雨花台区,1,96defb7f62416e5016c90521
7019,8065,西善花苑-万福园,118.700574,31.946529,南京市雨花台区邱村71号,江苏省,南京市,雨花台区,1,e48f5a7aee1b0b20725e80b9
7020,8066,岱山24号地块,118.70554,31.941023,江苏省南京市雨花台区岱山南路16号,江苏省,南京市,雨花台区,1,397596dc765aa4ed48cc4a5d
7021,8067,明尚西苑-南门,118.702404,31.949219,南京市雨花台区西柿路9号,江苏省,南京市,雨花台区,1,7b3aa7ac3b06f4b3c27da211
7022,8069,岱山新城,118.702966,31.950506,南京市雨花台区西善桥西柿路9号,江苏省,南京市,雨花台区,1,a7a67595c88b463a6d20b919
7023,8071,南京西善花苑,118.70039,31.942365,南京市雨花台区岱善路与单家村街交叉路口往南约150米,江苏省,南京市,雨花台区,1,e92910ed94a6bde23517dcc1
7024,8072,紫金(雨花)科技创业特许社区东片区-一期,118.750542,31.945363,铁心桥街道软件谷人才公寓5-102,江苏省,南京市,雨花台区,1,7e382768e39e9b5a2bb97c61
7025,8073,韩府山庄,118.758619,31.948048,南京市雨花台区宁丹路60号,江苏省,南京市,雨花台区,1,56f2f69654dada800ba8d488
7026,8074,韩府新苑,118.75614,31.948954,南京市雨花台区大周路12号,江苏省,南京市,雨花台区,1,0adce3e20ea48c1c81a00ca6
7027,8075,韩府茗苑,118.751308,31.948704,南京市雨花台区大周路31号,江苏省,南京市,雨花台区,1,5ce2637d88a2302fae31e537
7028,8076,新驱动大厦,118.751836,31.942709,南京市雨花台区南大周路88号,江苏省,南京市,雨花台区,1,1a4c353c47a28cd208ccdd61
7029,8077,高家库工业园,118.756766,31.941189,南京市雨花台区宁丹路西侧,江苏省,南京市,雨花台区,1,b134bde1243905b67ab55c24
7030,8078,软件谷人才公寓,118.751476,31.945394,江苏省南京市雨花台区铁心桥街道牛首大道软件谷人才公寓,江苏省,南京市,雨花台区,1,d13791cca9308c1ab7265511
7031,8079,韩府山庄门面房-4号,118.759936,31.949482,江苏省南京市雨花台区韩府山庄门面房4号,江苏省,南京市,雨花台区,1,3b59586ec7013ad5213bf239
7032,8080,嘉瑞山庄,118.779222,31.947816,南京市江宁区开发区开元欣街11号,江苏省,南京市,江宁区,1,7388dffdb725c896d2ff23a6
7033,8081,香山美墅,118.783047,31.95011,南京市江宁区开元欣街9号,江苏省,南京市,江宁区,1,2cc3c8e85a598dd64d2fdf7a
7034,8082,翠屏滟紫台,118.785919,31.94197,江苏省南京市江宁区将军山韩府路18号,江苏省,南京市,江宁区,1,dc88b184c3c233d2e115f9b3
7035,8083,翠屏国际城-银杏苑,118.789657,31.941145,江苏省南京市江宁区将军大道20号,江苏省,南京市,江宁区,1,da43a4b5ce67c828f7231020
7036,8084,南京航空航天大学揽翠苑,118.787976,31.946129,南京市江宁区韩府路19号(近正德职业技术学院),江苏省,南京市,江宁区,1,9659f100a814d5fc2fb17eac
7037,8085,紫气云谷,118.788256,31.942946,南京市江宁区将军大道韩府路18号(翠屏国际城北侧),江苏省,南京市,江宁区,1,dbb60d2a9467563ec9e33c81
7038,8086,正德职业技术学院-学生公寓,118.78834,31.949101,南京市江宁区经济技术开发区将军大道18号北门,江苏省,南京市,江宁区,1,9d10036ed700c8322806ce9b
7039,8088,正德学院学生公寓1幢,118.7891,31.947869,江苏省南京市江宁区将军大道18号正德职业技术学院内,江苏省,南京市,江宁区,1,61bbff2ade8c5a0bfbdc854c
7040,8090,南京航空航天大学(将军路校区东区)-学生宿舍,118.793742,31.947095,江苏省南京市江宁区将军路29号,江苏省,南京市,江宁区,1,65f6cb94b04ce87226e0a030
7041,8091,翠屏新天地,118.790895,31.943255,南京市江宁区秣陵街道将军大道20号,江苏省,南京市,江宁区,1,6347048915ac8af99cec2ba3
7042,8093,翠屏国际城-紫檀苑,118.78872,31.940994,江苏省南京市将军大道20号,江苏省,南京市,江宁区,1,de6ad8d2fd460e6030169b2b
7043,8094,中惠大厦,118.793297,31.941735,江苏省南京市江宁区将军大道20号,江苏省,南京市,江宁区,1,e20ef5b8846869cf42d63e14
7044,8095,翠屏国际城,118.791683,31.942363,南京市江宁区将军大道20号,江苏省,南京市,江宁区,1,213e21de8505c143921fc9b6
7045,8096,中惠国际,118.794159,31.941381,江苏省南京市江宁区秣陵街道将军大道20号翠屏国际广场苑9幢中惠国际,江苏省,南京市,江宁区,1,bd01ae44718a5faa93114ce0
7046,8099,南京航空航天大学将军路校区慧园学生公寓-1号楼,118.79725,31.946963,南京市江宁区慧园路南京航空航天大学(将军路校区),江苏省,南京市,江宁区,1,d7ef5fc680ae11db07026fcc
7047,8100,南京航空航天大学(将军路校区)东区学生公寓怡园-16号楼,118.793612,31.947085,江苏省南京市江宁区将军路29号南京航空航天大学将军路校区,江苏省,南京市,江宁区,1,3922e0b8f140057446e274b7
7048,8101,南京航空航天大学将军路校区慧园学生公寓-2号楼,118.797053,31.947299,南京市江宁区慧园路南京航空航天大学(将军路校区),江苏省,南京市,江宁区,1,204bad4a6277c88a9222e0e8
7049,8102,南京航空航天大学将军路校区怡园学生公寓-18号楼,118.79256,31.946778,南京市江宁区秣陵街道将军路29号南京航空航天大学(将军路校区),江苏省,南京市,江宁区,1,7707f43063c46259f40e7786
7050,8103,南京航空航天大学将军路校区慧园学生公寓-3号楼,118.797026,31.947706,南京市江宁区将军路29号,江苏省,南京市,江宁区,1,10ea8e3c6068b1266f3e1bb3
7051,8107,南京航空航天大学将军路校区慧园学生公寓4号楼,118.796874,31.948113,江苏省南京市江宁区将军路29号南京航空航天大学将军路校区,江苏省,南京市,江宁区,1,e3309d7e0dff8ac016c90551
7052,8108,南京航空航天大学将军路校区博园学生公寓10号楼,118.795101,31.94853,将军路29号南京航空航天大学将军路校区,江苏省,南京市,江宁区,1,fde9d1b60d773b8f223bf282
7053,8109,南京航空航天大学将军路校区博园学生公寓13号楼,118.794304,31.94882,将军路29号,江苏省,南京市,江宁区,1,b86574cddc932458cae33cc2
7054,8110,南京航空航天大学将军路校区博园学生公寓12,118.794562,31.948479,南京市江宁区将军路29号,江苏省,南京市,江宁区,1,19cbd4dde8d7d5c92ce67b03
7055,8114,南京航空航天大学将军路校区博园学生公寓11号楼,118.794804,31.948858,将军路29号南京航空航天大学将军路校区,江苏省,南京市,江宁区,1,c928ef04db584027ad31e53d
7056,8118,南京航空航天大学将军路校区博园学生公寓15号楼,118.793833,31.948792,将军路29号南京航空航天大学将军路校区,江苏省,南京市,江宁区,1,bd5c874c5edcca38260bd012
7057,8119,南京航空航天大学将军路校区怡园学生公寓21号楼,118.7921,31.947996,将军路29号南京航空航天大学将军路校区,江苏省,南京市,江宁区,1,ed13354ec2762be91fe99907
7058,8120,南京航空航天大学将军路校区怡园学生公寓22号楼,118.792542,31.948449,南京市江宁区胜太西路169号,江苏省,南京市,江宁区,1,b00a77bfb7b82e9745572606
7059,8121,南京航空航天大学将军路校区学生公寓-25号楼,118.801814,31.948291,江苏省南京市江宁区将军路29号南京航空航天大学将军路校区,江苏省,南京市,江宁区,1,f7631833556b2613f423107d
7060,8125,太平商住楼,118.807533,31.949656,胜太西路59-5号附近,江苏省,南京市,江宁区,1,4c15693e0c62399bb6147fb9
7061,8126,太平花苑-南区,118.807295,31.942424,平泰街92号,江苏省,南京市,江宁区,1,00f1c7fbae36b61cc056ac17
7062,8127,太平花苑-北区,118.806587,31.947571,南京市江宁区通淮街18号,江苏省,南京市,江宁区,1,5c56edd6cf8be15aa1d2307a
7063,8128,太平花苑,118.806764,31.947374,江苏省南京市江宁区通淮街18号,江苏省,南京市,江宁区,1,c8812b54885c0cd21ce999ea
7064,8130,南京航空航天大学将军路校区学生公寓27,118.801119,31.948223,江苏省南京市江宁区南京航空航天大学学生公寓27幢,江苏省,南京市,江宁区,1,1be33370ba9f383172210b50
7065,8137,南京航空航天大学将军路校区学生公寓30号楼,118.800426,31.948074,江苏省南京市江宁区南京航空航天大学学生公寓30幢,江苏省,南京市,江宁区,1,48e4a5535ae07f58ca09f028
7066,8138,湖滨世纪花园-秋山苑,118.810354,31.947323,南京市江宁区利源中路20号,江苏省,南京市,江宁区,1,95cce6cdfb2f95e6d72ce292
7067,8140,环湖西路小区,118.81643,31.944291,南京市江宁区佳湖西路6号,江苏省,南京市,江宁区,1,e59ad40ae6b754b740afe6e6
7068,8141,百家湖西苑,118.816204,31.94782,南京市江宁区湖滨路18号,江苏省,南京市,江宁区,1,75d0881a2a8ded4d3a04b17b
7069,8142,春水苑(通淮街),118.811855,31.946161,南京市江宁区利源中路20号,江苏省,南京市,江宁区,1,5d8f5d6a3b0ef68ab320a8bd
7070,8143,佳湖绿岛,118.818565,31.943579,南京市江宁区佳湖西路9号,江苏省,南京市,江宁区,1,18165334ac897f04fb2d617a
7071,8144,尚园(佳湖西路),118.81842,31.947671,南京市江宁区佳湖西路百家湖别墅花园,江苏省,南京市,江宁区,1,2d721d2bd2e1728717948ef9
7072,8145,高尔夫国际花园(平泰街),118.812724,31.943536,南京市江宁区利源中路88号(百家湖畔西侧),江苏省,南京市,江宁区,1,41572e0014e445c9b55f1ea6
7073,8146,瑞竹园,118.815434,31.949065,南京市江宁区湖滨路9号,江苏省,南京市,江宁区,1,1ba58cdbb28114e1d7851f2b
7074,8147,南京世界村,118.816962,31.949263,南京市江宁区湖滨路15号,江苏省,南京市,江宁区,1,cd9d05dd2035d7b685420e7a
7075,8148,湖滨公寓-商铺,118.81859,31.94832,南京市江宁区湖滨路20号,江苏省,南京市,江宁区,1,cb27da0e68e286247ec87653
7076,8149,百家湖西花园,118.812636,31.936947,江苏省南京市江宁区利源中路168号,江苏省,南京市,江宁区,1,d28b70051352e045cb213d5d
7077,8150,百家湖别墅花园,118.820111,31.947342,江苏省南京市江宁区湖滨路58号,江苏省,南京市,江宁区,1,f4a33da9fb9a25093010af7b
7078,8151,高尔夫西花园,118.810469,31.943473,南京市江宁区开发区通淮街111号,江苏省,南京市,江宁区,1,3be122e10a6d80521ef74d7a
7079,8152,君铂国际公寓酒店(南京南站胜太路店),118.828398,31.951418,南京市江宁区胜太路与双龙大道交汇处悦恒君铂国际公寓20楼,江苏省,南京市,江宁区,1,4e57560a34769b3b47e274c6
7080,8153,湖滨世纪花园,118.81153,31.949292,南京市江宁区利源中路20号,江苏省,南京市,江宁区,1,22e1140770840eb4d5b74e7a
7081,8154,枫情佳园小区,118.817536,31.950204,南京市江宁区胜太路38号,江苏省,南京市,江宁区,1,6d4ab716bfb25e8bc42ba1f7
7082,8155,颐秀居,118.810703,31.941938,江苏省南京市江宁区通淮街125号,江苏省,南京市,江宁区,1,fa835ce2d4171bb6e812e47a
7083,8156,湖滨公寓-西区,118.819869,31.949351,南京市江宁区胜太路88号,江苏省,南京市,江宁区,1,9de6ec5a10db8af129d7abab
7084,8157,汇金旗林大厦,118.815531,31.950064,南京市江宁区胜太路6号,江苏省,南京市,江宁区,1,d7fd2ad320f247290accddaf
7085,8158,百家湖花园-8幢,118.815402,31.944377,江苏省南京市江宁区百家湖花园8幢(利源中路东),江苏省,南京市,江宁区,1,f59e2af8e6bf0e63b35c6ac5
7086,8159,百家湖西花园新街坊,118.813112,31.941233,南京市江宁区百家湖大街巴黎城,江苏省,南京市,江宁区,1,a91dbc163b27996d774ff1f7
7087,8160,湖滨公寓,118.821025,31.949684,南京市江宁区胜太路86号,江苏省,南京市,江宁区,1,1bf85b2503fc74d9a1a93421
7088,8161,新贵之都,118.828471,31.947265,南京市江宁区双龙大道1361号,江苏省,南京市,江宁区,1,31f9101b390e32c527e0a08b
7089,8162,静月花园,118.827247,31.948922,南京市江宁区双龙大道1290号,江苏省,南京市,江宁区,1,5211d219fe77d5587dc8767a
7090,8163,湖畔水竹苑,118.826202,31.948958,南京市江宁区湖滨路88号,江苏省,南京市,江宁区,1,c21db9e5aed27f8300ff2d7a
7091,8164,岚岛别墅宁湖园,118.826971,31.947071,南京市江宁区双龙大道1368号,江苏省,南京市,江宁区,1,435d7aea8f1dd84b5abbbc31
7092,8165,同曦国际广场,118.825437,31.949764,江苏省南京市江宁区双龙大道1222号,江苏省,南京市,江宁区,1,f91be146efa0a90bcc04ef4d
7093,8166,湖东音乐苑小区,118.828856,31.946208,南京市江宁区池田路1号,江苏省,南京市,江宁区,1,06d2dffd682869f688f15d7a
7094,8167,同曦步行街/同曦街(路口),118.829632,31.950671,南京市江宁区同曦步行街,江苏省,南京市,江宁区,1,bbea98401ac946e790114c9d
7095,8168,天元国际大厦,118.828748,31.942877,南京市江宁区双龙大道南京景枫万豪酒店,江苏省,南京市,江宁区,1,a77627fa3231ad1b9122e078
7096,8169,招商中心,118.827682,31.947111,南京市江宁区双龙大道1366号,江苏省,南京市,江宁区,1,d366f03bb5ead5f0c33644dc
7097,8170,湖滨公寓-东区,118.822723,31.949697,东山镇胜太西路,江苏省,南京市,江宁区,1,dffd631c926ea7c139221ca6
7098,8171,同曦万尚城,118.828713,31.948592,江苏省南京市江宁区双龙大道1351号,江苏省,南京市,江宁区,1,e56bf5e39131ee5d0782c219
7099,8173,胜利新寓,118.835241,31.94778,南京市江宁区庄排路39号,江苏省,南京市,江宁区,1,bba87388ae978ea0bca8227a
7100,8174,龙池新寓,118.837403,31.944185,江苏省南京市江宁区庄排路39号,江苏省,南京市,江宁区,1,6835e3a7ad794e4ee311037a
7101,8175,新区花苑,118.834488,31.946289,南京市江宁区庄排路55号,江苏省,南京市,江宁区,1,46e86fdd6797c76fd13ce37a
7102,8176,艺术家园(池田路),118.831633,31.945838,江苏省南京市江宁区池田路30号,江苏省,南京市,江宁区,1,2c0bd6c5651efbd443ab9a0c
7103,8177,天平公寓,118.833971,31.949354,南京市江宁区庄排路27号,江苏省,南京市,江宁区,1,bcaebff875174e54c9e33c7a
7104,8179,万欣花园,118.849417,31.940602,江苏省南京市江宁区竹山路378号,江苏省,南京市,江宁区,1,2fd2beab7a9e3b527adbd27a
7105,8180,东城福园,118.84731,31.94915,江苏省南京市江宁区新亭西路158号,江苏省,南京市,江宁区,1,d3bdb5a48bfcdd8717948e3b
7106,8181,蓝天公寓,118.849606,31.942577,南京市江宁区金山路78号,江苏省,南京市,江宁区,1,d5464cf89924a557fda7787a
7107,8182,万欣北苑,118.848265,31.942568,南京市江宁区金山路158号,江苏省,南京市,江宁区,1,dbf4d6ee184e602a6fa3cc7a
7108,8183,龙湖·春江郦城,118.843169,31.948016,江宁新亭路与竹山路向西500米,江苏省,南京市,江宁区,1,5313cd986f316fbc9e95ded8
7109,8184,骆村新寓,118.84943,31.946748,江苏省南京市江宁区新亭西路103号,江苏省,南京市,江宁区,1,3fb1be621775404241d63e01
7110,8185,鑫都公寓-北门,118.83353,31.951058,南京市江宁区胜太东路44号,江苏省,南京市,江宁区,1,85dc31a0f69da529d3ff23ee
7111,8187,骆村新寓-A区,118.848911,31.946906,江苏省南京市江宁区科学园骆村新寓A区(湾东路西),江苏省,南京市,江宁区,1,9f9881a0da5d1c5f6d20b91c
7112,8188,南京江宁技工学校教工宿舍搂,118.855431,31.944586,南京市江宁区潭园西路南京市江宁高级技工学校,江苏省,南京市,江宁区,1,b57cc67b0d4ebf0e6849f3bc
7113,8189,江宁技师学院-教师公寓,118.8555,31.944424,南京市江宁区东山街道竹山路谭园西路137号,江苏省,南京市,江宁区,1,6eec8bebaaa9dd82373a71e9
7114,8190,煤气公司宿舍(潭园西路),118.854102,31.945071,南京市江宁区东山街道潭园西路148号,江苏省,南京市,江宁区,1,8e965bf38090f129ca2915fe
7115,8191,谭园西路139号院,118.854064,31.944607,南京市江宁区潭园西路139号,江苏省,南京市,江宁区,1,3e0f8078b12ae79095f08c39
7116,8192,竹山雅居小区,118.85341,31.944155,江苏省南京市江宁区潭园西路141号,江苏省,南京市,江宁区,1,07299840d5c0efe997ca0738
7117,8193,天泰北苑,118.855165,31.942653,天泰路128号,江苏省,南京市,江宁区,1,242d90b0bbcb08e5b320a80d
7118,8194,市政天元城-星韵座,118.855953,31.947161,江苏省南京市江宁区莱茵达路28号,江苏省,南京市,江宁区,1,db78409de01f0d63f503b86a
7119,8195,天泰花园,118.857499,31.94292,江苏省南京市江宁区天泰路1号,江苏省,南京市,江宁区,1,80ac859570000e94fa42b2d4
7120,8197,明珠小区,118.853772,31.942433,南京市江宁区竹山路333号,江苏省,南京市,江宁区,1,e4858c73afc3a17e2a02e163
7121,8198,玲珑屿花园,118.837457,31.932279,江宁区秣陵街道前河路9号(1号线小龙湾站对面),江苏省,南京市,江宁区,1,1f8e1505cd688a41fa42b297
7122,8199,骆村社区,118.849795,31.946688,江苏省南京市江宁区骆村新寓A6栋,江苏省,南京市,江宁区,1,8f190f8710186b12882fb599
7123,8200,三江学院竹山路校区-西门,118.852594,31.947507,南京市江宁区竹山路181号,江苏省,南京市,江宁区,1,5a1c18c1e6ba9794d7851f7d
7124,8201,南京工程学院02幢男生宿舍,118.854897,31.947837,南京市江宁区竹山路181号,江苏省,南京市,江宁区,1,d217af57f5925edc4e5547e7
7125,8202,檀香座-31幢,118.859948,31.943948,江苏省南京市江宁区天元城檀香座31幢,江苏省,南京市,江宁区,1,a062add0f90dc96bfd0eb0c7
7126,8203,市政天元城-椰树座,118.857908,31.947351,南京市江宁区莱茵达路28号,江苏省,南京市,江宁区,1,3380b9a0a6bcab28fb22137d
7127,8204,天元城-四期小区,118.855188,31.948137,南京市江宁区新亭路市政天元城-星韵座西北侧约50米,江苏省,南京市,江宁区,1,ad7c0395294969d09ee321fd
7128,8206,江山品阁,118.851931,31.946235,江苏省南京市江宁区竹山路248号,江苏省,南京市,江宁区,1,f7af24cbf798fae4b64f544b
7129,8207,天泰南苑,118.855493,31.941445,南京市江宁区天泰路1号,江苏省,南京市,江宁区,1,079357af28b0e3a086420e46
7130,8209,新亭路366号住宅,118.853457,31.948587,南京市江宁区新亭路与竹山路交叉路口往东约100米,江苏省,南京市,江宁区,1,c2f8ce57540761fd9703192b
7131,8210,新亭路330号院,118.853923,31.948626,南京市江宁区新亭路330号,江苏省,南京市,江宁区,1,37856a1294d4a65993114c5f
7132,8211,骆村新寓-C区,118.851417,31.94692,江苏省南京市江宁区科学园骆村新寓C区(辅竹路东),江苏省,南京市,江宁区,1,62da6d0bd79700dcb11e3621
7133,8212,宁电馨苑(兴民北路),118.857469,31.941185,南京市江宁区兴民北路1号,江苏省,南京市,江宁区,1,0adce3e292f7e86180a00c7a
7134,8213,工程学院家属区,118.853717,31.948955,南京市江宁区东山街道新亭路330号,江苏省,南京市,江宁区,1,092ca4ff5f12c5b7a11de9ce
7135,8214,瑞鸿名邸,118.834497,31.93508,南京市江宁区开发区庄排路179号(公交车站),江苏省,南京市,江宁区,1,db9acb457cb9aedd25d2bbc2
7136,8215,花语座-18号楼,118.860288,31.941015,江苏省南京市江宁区天元城花语座18幢,江苏省,南京市,江宁区,1,d8e0abfaaf4a38c9b13c81b8
7137,8216,科苑公寓,118.855457,31.940528,南京市江宁区百家湖兴民北路18号,江苏省,南京市,江宁区,1,48eb00582962bfad2fe67b7a
7138,8217,喜荟天元府(莱茵达路店),118.861692,31.948187,南京市江宁区莱茵达路28号,江苏省,南京市,江宁区,1,bfd1105a286d153cf8f0cb75
7139,8218,骆村新寓-B区,118.850404,31.947491,江宁区骆村路与新亭西路交叉路口往南约100米(骆村新寓),江苏省,南京市,江宁区,1,2f24e59d722ff6e5df1e5205
7140,8219,蓝天公寓-东区,118.851087,31.942049,南京市江宁区金山路78号,江苏省,南京市,江宁区,1,7a370941030d8f5f93114cf0
7141,8220,天元城,118.859869,31.947736,南京市江宁区新亭路9号,江苏省,南京市,江宁区,1,35ba3c73a864c70bf8dc85cc
7142,8221,广兴花园,118.858924,31.949244,南京市江宁区新亭路126号,江苏省,南京市,江宁区,1,56e88cba6edaa465a4c7567a
7143,8222,竹山路17号楼(A座),118.851889,31.947092,南京市江宁区竹山路246号,江苏省,南京市,江宁区,1,5cdc0cd489a3ea186b49f366
7144,8223,南京工程学院康尼学院,118.853064,31.948203,竹山路181号,江苏省,南京市,江宁区,1,b1d089577b1d7831c51e5173
7145,8225,江山大厦B幢,118.851505,31.948188,南京市江宁区竹山路246号,江苏省,南京市,江宁区,1,70234e9886f40b5da4da3917
7146,8226,江山大厦C幢,118.851375,31.947852,南京市江宁区竹山路244号,江苏省,南京市,江宁区,1,d30de4e6e76a0bf371455b18
7147,8227,骆村大厦,118.853331,31.945066,南京市江宁区潭园西路128号,江苏省,南京市,江宁区,1,31008f82613a46c10869d967
7148,8228,江山名座大厦,118.8517,31.941558,南京市江宁区金山路1号,江苏省,南京市,江宁区,1,99d76a5171adc7201329356b
7149,8229,江山大厦-A座,118.851896,31.947609,南京市江宁区竹山路246号,江苏省,南京市,江宁区,1,7780d2305d8afe0dfb2d61e7
7150,8230,市政天天城(熊猫快收),118.855822,31.94819,南京市江宁区秣陵街道新亭路85号(菜鸟驿站),江苏省,南京市,江宁区,1,eb4ccd1bef04f46504026fb1
7151,8231,双赢花园,118.86579,31.944664,南京市江宁区莱茵达路139号,江苏省,南京市,江宁区,1,f4460918a9949017b11e36d9
7152,8232,双宁新村,118.863898,31.945937,成墟路133号,江苏省,南京市,江宁区,1,fd007c5e3261c96ca8f7297a
7153,8233,风和日丽(天元东路辅路),118.867687,31.943657,南京市江宁区天元东路547号,江苏省,南京市,江宁区,1,016a00e197359704ad31e510
7154,8234,南京江宁科技金融中心,118.865091,31.942455,南京市江宁区天元东路391号,江苏省,南京市,江宁区,1,15e1e85e172b25a359109394
7155,8235,天元城-摩登道,118.862106,31.945119,南京市江宁区莱茵达路98号,江苏省,南京市,江宁区,1,6ee010209065b3ef52e5c57a
7156,8236,景致国际商务中心,118.869112,31.943377,南京市江宁区淳化街道天元东路555号,江苏省,南京市,江宁区,1,0a38f41fda38664d9f95de4b
7157,8237,财富广场-2期,118.86924,31.942811,南京市江宁区天元东路228号,江苏省,南京市,江宁区,1,8176441eba809da6eee4a5e0
7158,8238,魔方公寓(竹山路店),118.856957,31.939049,江苏省南京市江宁区兴民南路9号,江苏省,南京市,江宁区,1,356ce732cb641da095f08c4f
7159,8239,天印花园,118.862237,31.94291,南京市江宁区成墟路288号,江苏省,南京市,江宁区,1,060f5e533b7008d7081cc77a
7160,8240,金箔新村小区,118.861835,31.946292,南京市江宁区莱茵达路88号,江苏省,南京市,江宁区,1,eb712bdecb5c9c013686f46b
7161,8241,莱茵铂郡大厦,118.866066,31.941344,南京市江宁区科学园天元东路228号(天元东路与莱茵达路交界处),江苏省,南京市,江宁区,1,429fdeb78b898fd788db73c3
7162,8242,福信呼叫中心,118.866264,31.941337,南京市江宁区莱茵铂郡1708室,江苏省,南京市,江宁区,1,1065e1d8be2fd9eb48fd3f5b
7163,8244,莱茵小镇,118.86773,31.941734,南京市江宁区科学园天元东路228号,江苏省,南京市,江宁区,1,4cf8d24e0281ede49cf7797a
7164,8246,莱茵·量子国际,118.869167,31.942273,南京市江宁区天元东路228号,江苏省,南京市,江宁区,1,23f249f13916e7dd9e9d6869
7165,8247,书香名门,118.870532,31.945383,南京市江宁区天印大道388号,江苏省,南京市,江宁区,1,889a715a030b134f4251c045
7166,8249,天印大道站商贸中心,118.87004,31.942838,江苏省南京市江宁区天元东路莱茵小镇天印大道站商贸中心,江苏省,南京市,江宁区,1,7979d668bf8f081d9fec2b5e
7167,8250,天印花园,118.863584,31.944565,803路;812路,江苏省,南京市,江宁区,0,5c15ba66e5b310911b94c656
7168,8251,江宁城建园林高,118.870259,31.946756,南京市江宁区潭园路书香名门,江苏省,南京市,江宁区,1,a3f71e29391403ff6fa3cc38
7169,8252,成墟路29号小区,118.863028,31.94874,江苏省南京市江宁区成墟路29号,江苏省,南京市,江宁区,1,a74481d6ae639646f503b87b
7170,8253,市政天元城-碧水座,118.860489,31.948039,江苏省南京市江宁区莱茵达路28号,江苏省,南京市,江宁区,1,6e8c62665dbd367033621275
7171,8254,成墟路住宅小区,118.862494,31.948888,南京市江宁区新亭东路成墟路29号小区,江苏省,南京市,江宁区,1,7b9af9d0da8367772efaa7bc
7172,8255,莱茵东郡(沁茵苑)-1幢,118.866329,31.940829,江苏省南京市江宁区莱茵东郡花园沁茵苑1幢,江苏省,南京市,江宁区,1,21a45ec64d5b332442afe61b
7173,8256,恒安嘉园-恒园,118.863255,31.940194,南京市江宁区天元东路188号,江苏省,南京市,江宁区,1,b8d549dfa586a8358836ee93
7174,8257,莱茵东郡花园-云栖苑,118.866805,31.939773,南京市江宁区科学园天元东路230号,江苏省,南京市,江宁区,1,d24e48eb49328cb4afee7a7a
7175,8258,莱茵达路18号院,118.860993,31.949518,南京市江宁区莱茵达路18号,江苏省,南京市,江宁区,1,7c7726f6054b1e773b221c55
7176,8259,广博苑,118.873016,31.948704,南京市江宁区秣陵街道天印大道1369号,江苏省,南京市,江宁区,1,8ed62fa02f878f069703199b
7177,8260,天印慧谷,118.872018,31.948513,江苏省南京市江宁区秣陵街道天印大道1369号,江苏省,南京市,江宁区,1,22e0eb02a509533bd3ff23b4
7178,8261,景枫科技大厦,118.874003,31.943408,江苏省南京市江宁区淳化街道天元东路288号(天印大道与天元东路交叉口),江苏省,南京市,江宁区,1,a902b59429719a45ebe582e7
7179,8262,天景山公寓-永福苑,118.877776,31.948174,江苏省南京市江宁区湖山路419号,江苏省,南京市,江宁区,1,4cef8703bf16ac47cf06a462
7180,8263,莱茵东郡·苹果都市-B座,118.871378,31.942533,南京市江宁区天元东路228号,江苏省,南京市,江宁区,1,07a8e7e23072ebde882fb51f
7181,8264,天景山公寓-欣荣苑,118.879537,31.946343,南京市江宁区湖山路419号,江苏省,南京市,江宁区,1,0ce65c2d262430242c4733a6
7182,8266,友情公寓(欣荣苑23幢),118.878414,31.94688,江苏省南京市江宁区天景山公寓欣荣苑23幢二单元502,江苏省,南京市,江宁区,1,583c324b784d413d1df74df8
7183,8267,莱茵东郡苹果都市-A座,118.871045,31.942659,南京市江宁区天元东路228号,江苏省,南京市,江宁区,1,123e4e832cb4d5167069d3c7
7184,8268,安宿国际,118.865033,31.947639,江苏省南京市江宁区莱茵达路99号金宝装饰城,江苏省,南京市,江宁区,1,d955345d464a4f032cb17e3f
7185,8269,融侨世家,118.883121,31.941009,江苏省南京市江宁区兴苑路18号,江苏省,南京市,江宁区,1,4c038e3412b234065b3ac8b2
7186,8270,城市之光大厦,118.886746,31.945501,南京市江宁区秣陵街道天元东路388号(江宁义乌小商品城东侧),江苏省,南京市,江宁区,1,dd6203e2de74640c9b68b4e8
7187,8271,天景山公寓-碧华苑,118.884561,31.947333,南京中国江苏省南京江宁区龙眠大道地铁口天景山碧华苑,江苏省,南京市,江宁区,1,f696f3c23d067e961a11d5a6
7188,8272,天景山公寓花锦苑,118.887144,31.949947,南京市江宁区东山镇湖山路419号,江苏省,南京市,江宁区,1,56f2f696f8f8befd0ba8d4a6
7189,8273,紫金银座,118.885442,31.943914,江苏省南京市江宁区天元东路388号南京义乌小商品城D区,江苏省,南京市,江宁区,1,8ea87749508f597b16a19063
7190,8274,义乌商品城D区-1栋,118.885338,31.943996,江苏省南京市江宁区南京义乌小商品城D区1幢,江苏省,南京市,江宁区,1,b3de83e924876db7220262c7
7191,8275,城市之光国际公寓-B座,118.886621,31.944919,江苏省南京市江宁区天元东路388号,江苏省,南京市,江宁区,1,988c2fc36bd320cfb13c8155
7192,8276,天景山公寓,118.881338,31.946843,南京市江宁区湖东路,江苏省,南京市,江宁区,1,bf0790997f8e13efacee7a27
7193,8277,米多米公寓,118.878262,31.939847,南京市江宁区湖山路789号南京中致科技内,江苏省,南京市,江宁区,1,ed0a727d60fc09d1b1077d0e
7194,8278,狅龙电现城,118.881347,31.945727,南京市江宁区天元东路天景山公寓-欣荣苑东南侧,江苏省,南京市,江宁区,1,516b26dc9d52fc104c3a59a3
7195,8279,城市之光国际公寓-A座,118.886788,31.945632,江苏省南京市江宁区天元东路388号,江苏省,南京市,江宁区,1,56d84dabe6830508095cb39b
7196,8280,江苏经贸职业技术学院江宁校区兰馨苑,118.889818,31.940688,南京市江宁区龙眠大道180号,江苏省,南京市,江宁区,1,f2a91f490f5faa7fb8df8fa0
7197,8281,321人才创业大厦,118.887861,31.947326,南京市江宁区天元东路1009号高新园区,江苏省,南京市,江宁区,1,2c5df1fe87a965d3fda7781f
7198,8282,明苑1幢-南座,118.896566,31.94614,江苏省南京市江宁区明苑1幢南座,江苏省,南京市,江宁区,1,56bcadda2b2682a63c9a5ead
7199,8283,南京医科大学江宁校区学生公寓-7幢,118.898202,31.947547,南京市江宁区十一号路南京医科大学(江宁校区),江苏省,南京市,江宁区,1,222b136e7a70c10ec8c3db17
7200,8284,明苑1幢-北座,118.896678,31.946472,江苏省南京市江宁区明苑1幢北座,江苏省,南京市,江宁区,1,96cd09ad82e1bf4f02ec013a
7201,8285,明苑6幢-南座,118.898248,31.946796,江苏省南京市江宁区明苑6幢南座,江苏省,南京市,江宁区,1,4e197c2d6766426cf5b9163e
7202,8287,明苑7幢-北座,118.898063,31.947764,江苏省南京市江宁区明苑7幢北座,江苏省,南京市,江宁区,1,3ca4aaab1464756b38221ced
7203,8289,学生公寓-03幢,118.896174,31.947482,南京市江宁区九号路南京医科大学(江宁校区),江苏省,南京市,江宁区,1,8cc98cddb2a75ccf354aae60
7204,8290,南京医科大学江宁校区学生公寓-3幢,118.896466,31.947507,南京市江宁区十一号路南京医科大学(江宁校区),江苏省,南京市,江宁区,1,5755cbc540db7e68f7231082
7205,8291,明苑5幢-南座,118.898159,31.946109,江苏省南京市江宁区明苑5幢南座,江苏省,南京市,江宁区,1,d7367a9061902c434d554748
7206,8292,明苑5幢-北座,118.898149,31.946462,江苏省南京市江宁区明苑5幢北座,江苏省,南京市,江宁区,1,194c9610f477d5a540ab9ae8
7207,8293,南京医科大学学生公寓-6幢,118.898321,31.946979,南京市江宁区十一号路南京医科大学(江宁校区),江苏省,南京市,江宁区,1,db8ae1bc3ade3e1d07fef5f4
7208,8297,明苑6幢-北座,118.898259,31.947115,江苏省南京市江宁区明苑6幢北座,江苏省,南京市,江宁区,1,c848acfd64736c73fbf0cb38
7209,8298,明苑7幢-南座,118.897928,31.94746,江苏省南京市江宁区明苑7幢南座,江苏省,南京市,江宁区,1,259ab63e9d042bedeb12e405
7210,8305,南京医科大学研究生公寓,118.900698,31.942821,南京市江宁区三号路南京医科大学(江宁校区),江苏省,南京市,江宁区,1,2a5d5af55e2f7c618433041b
7211,8306,南京医科大学江宁校区榴竹苑,118.901302,31.942395,南京市江宁区三号路南京医科大学(江宁校区),江苏省,南京市,江宁区,1,d58ea044fa55f4bf210262e0
7212,8307,南京医科大学江宁校区枇杷苑,118.900454,31.942818,南京市江宁区淳化街道龙眠大道101号南京医科大学研究生公寓,江苏省,南京市,江宁区,1,c698d4006999a3479868b455
7213,8308,梅珑雅苑,118.934468,31.943329,南京市江宁区龙济路9号,江苏省,南京市,江宁区,1,1c092b4300ee60a514b54b48
7214,8309,迎湖花园,118.935669,31.947354,南京市江宁区淳关路18号,江苏省,南京市,江宁区,1,22e1140770850eb4d5b74e75
7215,8310,梅龙湖.无界(销售中心),118.934364,31.943808,江苏省南京市江宁区龙济路9号11栋,江苏省,南京市,江宁区,1,b1f091301ab215ee2cfaa71d
7216,8311,淳东花园,118.946411,31.940348,江苏省南京市江宁区东月桥37号、39号,江苏省,南京市,江宁区,1,60418229991bb73909a8d40c
7217,8312,润盛花园,118.94855,31.944178,南京市江宁区东月桥路5号,江苏省,南京市,江宁区,1,eb36750372fec66500ec01d0
7218,8313,万宇汽车五金博览中心,118.95018,31.945757,江苏省南京市江宁区104国道b区b3栋,江苏省,南京市,江宁区,1,757480f584527c8599005087
7219,8314,龙山云居,118.950461,31.941723,南京市江宁区淳化街道淳关路477号,江苏省,南京市,江宁区,1,d23924598720f85e5cd4fecb
7220,8315,龙魏小区,119.000974,31.950747,江苏省南京市江宁区龙魏小区(东大路北150米),江苏省,南京市,江宁区,1,4dc1fdaa6835c089bea24076
7221,8316,南京数字大厦,118.640206,31.937454,南京市雨花台区凤汇大道20号,江苏省,南京市,雨花台区,1,f3d3903c265982397369d348
7222,8317,省创中心软件谷基地-艾塔楼,118.644574,31.936695,江苏省南京市雨花台区凤华路18号省创中心软件谷基地,江苏省,南京市,雨花台区,1,52ecab744e40a518373a71b7
7223,8318,人才公寓,118.641405,31.937975,南京市雨花台区雨花经济开发区三鸿路6号,江苏省,南京市,雨花台区,1,88ad52cf9d9d2d228605bf7b
7224,8319,南莓07,118.650193,31.939107,南京市雨花台区龙藏大道电子信息产业园,江苏省,南京市,雨花台区,1,446c4d4c3fc17f8f0b69d949
7225,8321,锦华新城-北门,118.646431,31.930559,江苏省南京市雨花台区凤汇大道19号,江苏省,南京市,雨花台区,1,a00c5e8a4b91ad54eedfcade
7226,8322,软件谷·未来域人才公寓A栋,118.648237,31.939514,南京市雨花台区凤集大道14号,江苏省,南京市,雨花台区,1,e5ef86914826f710100daadd
7227,8323,江苏华商大厦,118.656899,31.93788,南京市雨花台区凤集大道与集思路交叉路口往西北约110米,江苏省,南京市,雨花台区,1,0e935bfc1c2f3be6cf06a461
7228,8324,东橙02,118.652685,31.938931,南京市雨花台区凤集大道15号22附近,江苏省,南京市,雨花台区,1,7f8a74edb20390dbd7851f1f
7229,8325,南京锦都科技大厦,118.659636,31.933236,龙飞路12号,江苏省,南京市,雨花台区,1,420121d5fd42d977a1d230cd
7230,8326,金叶花园(龙飞路),118.658523,31.930815,南京市雨花台区龙飞路8号,江苏省,南京市,雨花台区,1,4eb3b533fc52d07542024588
7231,8327,创业创新园东橙区,118.652009,31.937883,南京市雨花台区凤集大道15号,江苏省,南京市,雨花台区,1,02a804064104e888b04c4910
7232,8328,凤凰美地,118.662809,31.933563,江苏省南京市雨花台区凤集大道,江苏省,南京市,雨花台区,1,9f35c91a2b9b44602202628c
7233,8329,南奥新居,118.665345,31.934482,江苏省南京市雨花台区凤集大道6号,江苏省,南京市,雨花台区,1,b292b3aa9b4d5c28bf48428e
7234,8330,石林大公园-西区,118.663763,31.935545,南京市雨花台区龙飞路18号,江苏省,南京市,雨花台区,1,c368fd8b6248cd430482c250
7235,8332,安嘉·西苑,118.700318,31.939144,南京市雨花台区夏家村街7号,江苏省,南京市,雨花台区,1,9991b9425a6f4d1f2811d19d
7236,8333,安嘉·东苑,118.701802,31.94034,江苏省南京市雨花台区夏家村街6号,江苏省,南京市,雨花台区,1,e9fed70178d97cd8e9f8532b
7237,8334,马家店居民委员会,118.744925,31.939091,南京市雨花台区大周路67号附近,江苏省,南京市,雨花台区,1,7850f6bb15b270b528201a04
7238,8336,翠屏国际城-金榕苑,118.792447,31.940519,南京市江宁区将军大道20号,江苏省,南京市,江宁区,1,566eed610baf8c19fbdc8557
7239,8337,国睿科技股份有限公司-西门,118.797125,31.935155,江苏省南京市江宁区将军大道39号,江苏省,南京市,江宁区,1,62474da835e6ed1d7ec876a0
7240,8338,南京江宁经济技术开发区管理委员会停车场-出入口,118.796525,31.934242,江苏省南京市江宁区将军大道南京新华电脑专修学院南,江苏省,南京市,江宁区,1,a7edce8a2940d34bb04c49da
7241,8339,南京挪威森林,118.797104,31.938195,江苏省南京市江宁区将军大道33号,江苏省,南京市,江宁区,1,3f9337d6692c31b3f723107a
7242,8340,印象苑,118.797366,31.928678,江苏省南京市江宁区将军大道50号,江苏省,南京市,江宁区,1,604f2a8e6bb3b955a80dd89e
7243,8341,名家花园,118.792189,31.931746,南京市江宁区翠屏山路9号,江苏省,南京市,江宁区,1,83d5ee15117fd31d7369d377
7244,8344,江宁创业大厦,118.798137,31.936795,江苏省南京市江宁区秣陵街道秣陵镇国家创新创业基地,江苏省,南京市,江宁区,1,b1ada3b6150c1c6b28d7aba4
7245,8345,钱宝大厦,118.797598,31.934253,南京市江宁区将军大道55号,江苏省,南京市,江宁区,1,7fe8789068ccbcb279b55ceb
7246,8347,帝景天成半岛阁别墅专区,118.789728,31.938813,南京市江宁区将军大道20号(公交车站),江苏省,南京市,江宁区,1,b292b3aa52379756be48427a
7247,8348,瑞景文华-北门,118.79525,31.931202,江苏省南京市江宁区将军大道翠屏山路瑞景文华旁,江苏省,南京市,江宁区,1,ac4bdebae707130fc9c3db1f
7248,8349,亚都天元大厦,118.80785,31.934827,南京市江宁区天元西路158号,江苏省,南京市,江宁区,1,e75c177cbe39fd89a204648e
7249,8350,中航樾府,118.803963,31.938152,江苏省南京市江宁区静淮街128号,江苏省,南京市,江宁区,1,1892ce1c9048d2ee15a190c3
7250,8351,亚都天元大厦-A座,118.807475,31.934892,南京市江宁区天元西路158号,江苏省,南京市,江宁区,1,03a95c9a6718f4829ee321b5
7251,8352,亚都天元大厦-B座,118.808593,31.934974,江苏省南京市江宁区天元西路158号,江苏省,南京市,江宁区,1,ddde0233ae40c791a8f72984
7252,8353,中航·樾府三期,118.80513,31.935309,江苏省南京市江宁区静淮街附近,江苏省,南京市,江宁区,1,66697ae2a1680de9130daaa5
7253,8354,太平花苑-东区,118.808889,31.940317,江苏省南京市江宁区通淮街82号,江苏省,南京市,江宁区,1,e0cbb95074e5fba696f08c0c
7254,8355,亚都天元居,118.807707,31.935906,南京市江宁区静淮街137号,江苏省,南京市,江宁区,1,00586108a29c96a446e27416
7255,8356,逸翠居,118.808422,31.938908,江苏省南京市江宁区江宁开发区石柱街10号,江苏省,南京市,江宁区,1,597dc8624a96c595eaf8534d
7256,8357,百家湖西花园伦敦城-30幢,118.811287,31.937766,江苏省南京市江宁区百家湖西花园伦敦城30幢,江苏省,南京市,江宁区,1,a1d847d3b1d4c4b80782c2c3
7257,8358,文化名园,118.818029,31.936182,南京市江宁区天元西路88号,江苏省,南京市,江宁区,1,c21db9e53e02effe00ff2d21
7258,8359,海花苑,118.812354,31.931254,江苏省南京市江宁区高湖路1号,江苏省,南京市,江宁区,1,b1c556e8aad0a60cb426557a
7259,8361,百家湖利源国际公馆,118.811962,31.93532,江苏省南京市江宁区天元西路117号,江苏省,南京市,江宁区,1,ab62233bcaa7a659213bf200
7260,8362,巴黎城-40栋,118.811252,31.935385,南京市江宁区巴黎城40栋,江苏省,南京市,江宁区,1,35a9cfc438255a76f6eafcae
7261,8363,凌波阁,118.815202,31.937645,南京市江宁区利源中路143号,江苏省,南京市,江宁区,1,7be242e5addc2bbeeb56fa46
7262,8365,百家湖艺术公馆,118.811254,31.935385,利源路230号,江苏省,南京市,江宁区,1,d5571839c5ba3d0288fc069f
7263,8366,百宾湖印象威尼斯,118.818224,31.939395,江苏省南京市江宁区开发区利源中路99号,江苏省,南京市,江宁区,1,9ee7cc789bdf560e17c9059e
7264,8367,牛首社区便民服务区,118.815322,31.932515,南京市江宁区高湖路与苏源大道交叉路口往北约230米,江苏省,南京市,江宁区,1,be407ceed6caf429cd04efa9
7265,8368,文化名园-涵翠苑,118.820207,31.935379,南京市江宁区天元西路88号,江苏省,南京市,江宁区,1,b37824cddd9121bcc33644ce
7266,8369,丽天花园,118.812015,31.932393,南京市江宁区秣陵街道通淮街377号,江苏省,南京市,江宁区,1,5e7d5dbb2cd3dd49cd04ef40
7267,8372,7墅,118.817898,31.935079,南京市江宁区天元西路88号(地铁站),江苏省,南京市,江宁区,1,fc690e96be998a10c5effb2e
7268,8373,怡胡华挺,118.82476,31.935408,南京市江宁区天元西路18号,江苏省,南京市,江宁区,1,8adc6a57da9a0a02eee4a5e8
7269,8376,景枫凤凰台,118.826679,31.936079,江苏省南京市双龙大道1698号,江苏省,南京市,江宁区,1,6807462803a6c75b9d9d68d1
7270,8377,景枫广场,118.827013,31.935744,江苏省南京市江宁区双龙大道1698号,江苏省,南京市,江宁区,1,f0d4cfb5e38e9a5c213bf2d6
7271,8378,朗诗凤凰台,118.823358,31.934854,南京市江宁区天元西路52号,江苏省,南京市,江宁区,1,2f5e619c1a924cd3bd484251
7272,8379,蓝宝湾花园,118.822843,31.935871,南京市江宁区开发区天元西路58号,江苏省,南京市,江宁区,1,2848ffd6cd69a30f48cc4a7a
7273,8380,东恒国际大厦,118.827468,31.933314,南京市江宁区双龙大道1700号,江苏省,南京市,江宁区,1,4fc3161ac0b8e7a93a13fd7a
7274,8381,21世纪现代城-28栋,118.833196,31.932695,江苏省南京市江宁区百家湖天元中路21世纪现代城(西区),江苏省,南京市,江宁区,1,4c5587531ed392781fe9995a
7275,8382,文化名园-腾龙阁,118.821318,31.93514,南京市江宁区天元西路88号文化名园,江苏省,南京市,江宁区,1,0a74f39a8cda1f3a88db733d
7276,8383,翠屏国际金融中心,118.827549,31.939163,南京市江宁区兴湖街金鹰天地广场(江宁店),江苏省,南京市,江宁区,1,26d71c79258783e5f4eafc58
7277,8384,金鹰天地广场(江宁店)-停车场,118.826574,31.939361,江苏省南京市江宁区双龙大道1688号金鹰国际购物中心(江宁店)B3,江苏省,南京市,江宁区,1,4c5af6c8a1cfea3681288a2a
7278,8385,科亚二期,118.820021,31.933728,南京市江宁区天元西路59号,江苏省,南京市,江宁区,1,16f5b9f240c6532f4054d7c9
7279,8386,水晶蓝湾酒店公寓-1幢,118.826808,31.939664,南京市江宁区双龙大道1568号,江苏省,南京市,江宁区,1,096be0476c2c27ea40ab9ac1
7280,8387,颐心园,118.822345,31.931207,南京市江宁区高湖路61号,江苏省,南京市,江宁区,1,5ce2637d4060f851ae31e57a
7281,8388,绿城水晶蓝湾-停车场,118.827569,31.939961,江苏省南京市江宁区双龙大道1568号,江苏省,南京市,江宁区,1,ac7408043e0255891e5800f4
7282,8390,紫元府(紫御龙湾),118.83295,31.935001,江苏省南京市江宁区庄排路158号,江苏省,南京市,江宁区,1,8a9d3411e524b0e8eb12e410
7283,8392,21世纪太阳城购物中心,118.829626,31.933326,南京市江宁区双龙大道1539号,江苏省,南京市,江宁区,1,5b9a607cf1412dd1b04c496c
7284,8393,21世纪现代城东区-39幢,118.834053,31.932093,江苏省南京市江宁区21世纪国际公寓南区39幢,江苏省,南京市,江宁区,1,7086f6034951e37c00ec01ad
7285,8394,21世纪百家湖-1号,118.831131,31.931878,江苏省南京市江宁区双龙大道1539号(双龙大道与天元路交汇处),江苏省,南京市,江宁区,1,dfbf9025ae642bdb8e772783
7286,8395,21世纪国际公寓-西区,118.832446,31.933219,南京市江宁区双龙大道1539号,江苏省,南京市,江宁区,1,4478e12ac7d93b6d9d82ea31
7287,8397,江宁开发区科技产业园庄排路工业坊,118.833906,31.938423,南京市江宁区开发区庄排路109号,江苏省,南京市,江宁区,1,00aee11193b1bacc26e0a088
7288,8398,天元中路,118.828429,31.934332,江苏省南京市江宁区,江苏省,南京市,江宁区,0,0dbdeafca993829689b9883d
7289,8399,21世纪国际公寓,118.833435,31.933132,双龙大道1539号(小龙湾地铁口路南),江苏省,南京市,江宁区,1,79cceb36578776f71e58001b
7290,8400,21世纪现代城-西区,118.8322,31.931974,江苏省南京市江宁区双龙大道1539号,江苏省,南京市,江宁区,1,1575895d189267c09122e04b
7291,8402,新城发展中心,118.831917,31.935008,南京市江宁区秣陵街道天元中路126号,江苏省,南京市,江宁区,1,40422df3693406604f3a5951
7292,8403,百家湖·诚基大厦,118.83105,31.934646,南京市江宁区天元中路128号,江苏省,南京市,江宁区,1,f021d788eb0e28bcc909f039
7293,8404,诚基名苑,118.831076,31.935125,南京市江宁区天元中路128号,江苏省,南京市,江宁区,1,0f2fc7a57b03068496ca0745
7294,8405,合荣大厦,118.833964,31.937583,南京市江宁区庄排路157号,江苏省,南京市,江宁区,1,f68c13172c3e150d0a5cb39a
7295,8406,东渡国际青年城,118.845356,31.937749,天元中路68号,江苏省,南京市,江宁区,1,669775d0fba05526fd0eb026
7296,8407,武夷绿洲赏桂苑,118.846404,31.935267,南京市江宁区竹山南路393号,江苏省,南京市,江宁区,1,271083b2338e00f99ff779b6
7297,8409,武夷绿洲-品兰苑,118.848358,31.931464,南京市江宁区淳化街道天元中路99号,江苏省,南京市,江宁区,1,a3377216d215394aebf8530b
7298,8410,南京民光科技大厦,118.849248,31.936951,南京市江宁区天元中路武夷绿洲-观竹苑西北侧约90米,江苏省,南京市,江宁区,1,c03ca1750f2910ab9de32154
7299,8411,武夷绿洲揽胜阁,118.846316,31.932239,江苏省南京市江宁区兴宁路,江苏省,南京市,江宁区,1,80237260a54cd4fbe5073801
7300,8412,武夷绿洲沁荷苑,118.847183,31.933652,南京市江宁区天元中路99号,江苏省,南京市,江宁区,1,2e6806f6088cb300d72ce2f8
7301,8414,武夷绿洲-品茗苑,118.852307,31.932514,南京市江宁区竹山路502-7号,江苏省,南京市,江宁区,1,4b83ba734935cee482a12e7c
7302,8415,有志大厦,118.854971,31.933161,南京市江宁区科建路29号,江苏省,南京市,江宁区,1,33268ddb2d9b07d5e311031d
7303,8416,尚景公寓,118.853379,31.936287,竹山南路499号,江苏省,南京市,江宁区,1,daa9e5ea618e8aed3a04b1b2
7304,8417,因泰莱大厦,118.855864,31.93841,南京市江宁区天元东路52号,江苏省,南京市,江宁区,1,c7af4d547a134916591093cb
7305,8418,武夷绿洲,118.849478,31.933444,江苏省南京市江宁区天元中路99号,江苏省,南京市,江宁区,1,5b25f446e321d597112935a6
7306,8419,武夷绿洲-观竹苑,118.850342,31.934705,江苏省南京市江宁区科学园兴宁路观竹苑(武夷绿洲附近),江苏省,南京市,江宁区,1,3822dd8ead9b547196f08c17
7307,8420,天元瑞沨名苑,118.851227,31.936822,南京市江宁区天元中路1号,江苏省,南京市,江宁区,1,057d337c2f0249e4d2f49e59
7308,8421,江苏省邮政电子商务,118.854588,31.939313,江苏省南京市江宁区天元东路39号,江苏省,南京市,江宁区,1,a9d446794f76e1a02b06cee7
7309,8424,天邦竹山华庭,118.854137,31.939247,南京市江宁区天元东路与竹山路十字路口东南侧(江宁公安局旁),江苏省,南京市,江宁区,1,3058f1df31eedb20d0ff2301
7310,8425,金钥匙大厦,118.852712,31.938612,江苏省南京市江宁区竹山路88号,江苏省,南京市,江宁区,1,a5ef680f6b6904d7b9df8f7a
7311,8426,西门町国际广场,118.857833,31.938837,南京市江宁区天元东路56号,江苏省,南京市,江宁区,1,3a2b2f0f7f21a6ca6d20b948
7312,8427,南京旭辉九著坊,118.856864,31.930113,南京市江宁区科宁路219号,江苏省,南京市,江宁区,1,4059a363f5b9530508f5eb0b
7313,8428,致远大厦(天元东路辅路),118.858481,31.939351,南京市江宁区天元东路58号,江苏省,南京市,江宁区,1,850815e10934c89b43e1927a
7314,8429,潭桥公寓-北园,118.852816,31.930147,南京市江宁区竹山南路510号,江苏省,南京市,江宁区,1,c21db9e532811bfe01ff2da6
7315,8430,天元大厦(天元东路辅路),118.85889,31.939604,南京市江宁区天元东路118-2号,江苏省,南京市,江宁区,1,612f766ce7260c7ac909f03c
7316,8431,恒安嘉园,118.864305,31.937418,南京市江宁区天元中路188号,江苏省,南京市,江宁区,1,750ec1651e6f722b4c3a597a
7317,8432,映霞苑-2幢,118.868108,31.937263,南京市江宁区莱茵东郡(映霞苑)2幢,江苏省,南京市,江宁区,1,0d810d4b8b4be92f26e0a01f
7318,8433,鸿意·万嘉,118.862721,31.937443,"江苏省南京市江宁区秣陵街道开源路9号(开源路以东,恒安嘉园以北)",江苏省,南京市,江宁区,1,39465fdf57f481a1db1318fe
7319,8434,江宁供销科技大厦,118.861453,31.939146,江苏省南京市江宁区天元东路168号附近,江苏省,南京市,江宁区,1,9ff625935392a0f19f82ea90
7320,8435,莱茵东郡花园,118.870833,31.940164,江宁区科学园天元东路228号,江苏省,南京市,江宁区,1,00e4358261cb4685c5f025db
7321,8436,春晓·风荷苑-3号楼,118.86975,31.937956,江苏省南京市江宁区莱茵东郡(风荷苑)3幢,江苏省,南京市,江宁区,1,cf379ad5cd65bf8eaecb66ad
7322,8437,汇鸿打样中心,118.869322,31.931385,江苏省南京市江宁区莱茵达路699号4楼,江苏省,南京市,江宁区,1,a59f16bce2bb156821f01774
7323,8438,银城·林茵里,118.867485,31.935872,南京市江宁区淳化街道科建路371号,江苏省,南京市,江宁区,1,02f5b53602fc0fc52d47336c
7324,8440,莱茵东郡花园-秋月苑,118.871558,31.938365,江苏省南京市江宁区科学园天元东路228号莱茵东郡,江苏省,南京市,江宁区,1,01c36be91377ed1e15a190cc
7325,8441,莱茵东郡花园-馨茵苑,118.870076,31.937084,江苏省南京市江宁区莱茵达路春晓·风荷苑莱茵东郡馨茵苑,江苏省,南京市,江宁区,1,c2deda2e1b2cfb6540ab9aac
7326,8442,莱茵东郡花园-东2门,118.872863,31.938235,南京市江宁区天印大道1529号附近,江苏省,南京市,江宁区,1,4cb706929a35843421f01793
7327,8443,南京工程学院-教工公寓,118.886675,31.933266,南京市江宁区映霞路南京工程学院(江宁校区),江苏省,南京市,江宁区,1,3ceac98681e2acc43417dcb6
7328,8444,南京工程学院-萃园,118.885708,31.934172,南京市江宁区弘景大道1号,江苏省,南京市,江宁区,1,6fdf548282560ef143afe678
7329,8445,江苏经贸职业技术学院江宁校区百合苑,118.887955,31.937932,南京市江宁区日晖路江苏经贸职业技术学院(江宁校区),江苏省,南京市,江宁区,1,f4dc089b8a1b734402294f2c
7330,8446,江苏经贸职业技术学院江宁校区松竹苑,118.888855,31.937934,南京市江宁区淳化街道龙眠大道180号,江苏省,南京市,江宁区,1,a57eff6857e94210d72ce28d
7331,8447,江苏经贸职业技术学院-玫瑰苑,118.888257,31.938997,南京市江宁区善鉴路江苏经贸职业技术学院(江宁校区),江苏省,南京市,江宁区,1,255e3e3d45f36308acb22a07
7332,8448,南京旅游职业学院-学生宿舍A,118.895365,31.934112,南京市江宁区月华西路1号,江苏省,南京市,江宁区,1,ea3d3b192b04e3ccc37da22a
7333,8449,江苏经贸职业技术学院-紫微苑,118.894887,31.936422,江苏省南京市江宁区龙眠大道紫薇苑10栋,江苏省,南京市,江宁区,1,1f91f62cf1d42a5fb54f544f
7334,8450,丽泽路,118.895713,31.925368,江苏省南京市江宁区,江苏省,南京市,江宁区,0,b50bb93bd64eb41cdaeced34
7335,8451,江苏经贸职业技术学院学生公寓F座管理站,118.894807,31.936436,南京市江宁区丽泽路樱花苑,江苏省,南京市,江宁区,1,f70c26354a44618ebe4842e6
7336,8452,江苏经贸职业技术学院-樱花苑,118.894326,31.935756,江苏省南京市江宁区龙眠大道180号,江苏省,南京市,江宁区,1,fa183b64eba9c1fba2046474
7337,8453,南京旅游职业学院-学生宿舍B,118.895319,31.93357,南京市江宁区月华西路1号,江苏省,南京市,江宁区,1,9c3e2b3401170101adcb663a
7338,8454,江苏经贸职业技术学院-丹桂苑,118.894202,31.9363,南京市江宁区龙眠大道180号,江苏省,南京市,江宁区,1,9601f87c6dba9ff649fd3fd0
7339,8455,南京旅游职业学院-学生宿舍D,118.895341,31.933266,南京市江宁区月华西路1号,江苏省,南京市,江宁区,1,d62a893c7870ca8b8bfc06f0
7340,8456,博学苑银杏园(至善路),118.907207,31.929282,南京市江宁区至善路8号,江苏省,南京市,江宁区,1,3ee65ab640392258c4f0251e
7341,8457,南京旅游职业学院-学生宿舍E,118.895319,31.9328,月华西路1号,江苏省,南京市,江宁区,1,c7b8ba9bbd71ec8e71210be4
7342,8458,南京旅游职业学院-学生宿舍H,118.896341,31.932739,月华西路1号,江苏省,南京市,江宁区,1,ed4e83d514ffef242fb96d28
7343,8460,中航樾广场10栋,118.896271,31.938229,南京市江宁区丽泽路保利·樾广场,江苏省,南京市,江宁区,1,966bc002ee7ca3dd9a00507e
7344,8461,南京工程学院·润园9幢公寓,118.894094,31.930551,江苏省南京市江宁区弘景大道1号,江苏省,南京市,江宁区,1,7ade83a8b3c6b13991114c8c
7345,8462,南京工程学院·润园10幢,118.893655,31.930428,南京市江宁区弘景大道1号,江苏省,南京市,江宁区,1,debecc58e205e901c356ac10
7346,8463,南京工程学院润园-11幢,118.892559,31.930577,南京市江宁区鸣翠路南京工程学院(江宁校区),江苏省,南京市,江宁区,1,e0520309c841107ec61e51a4
7347,8465,方山熙园,118.9093,31.933526,江苏省南京市江宁区至善路1号,江苏省,南京市,江宁区,1,76863c1473b1b7e2067ce899
7348,8466,商苑小区,118.905404,31.931324,南京市江宁区宋墅路1号,江苏省,南京市,江宁区,1,7e54f0865a6587fd1d58002a
7349,8467,弘阳上院,118.905054,31.934046,江苏省南京市江宁区龙眠大道和月华路交界处,江苏省,南京市,江宁区,1,f69c8c99629810ccca09f03a
7350,8468,博学苑玉兰园,118.907096,31.93157,南京市江宁区江宁大学城至善路1号,江苏省,南京市,江宁区,1,1187b4462b6a21d66240a9ab
7351,8470,江苏海事职业技术学院澄园7号学生公寓,118.908044,31.923824,南京市江宁区格致路309号江苏海事职业技术学院,江苏省,南京市,江宁区,1,57c70f978591db4aeee4a516
7352,8471,丹桂园-30幢,118.912062,31.932423,南京市江宁区樵歌路博学苑丹桂园,江苏省,南京市,江宁区,1,e1ff132ffb7b691a6e20b9ea
7353,8472,金斯瑞生物科技公司宿舍,118.915927,31.936974,南京市江宁区侯焦路与月华路交叉路口往东北约60米,江苏省,南京市,江宁区,1,38d2708131ca0357dc1e520d
7354,8473,鸿裕华庭,118.945042,31.940833,南京市江宁区淳化街道东月桥路246号,江苏省,南京市,江宁区,1,a3f3fbf8b2a0dbbf87154138
7355,8474,淳化镇淳湖佳苑,118.94982,31.936316,江苏省南京市江宁区淳化街道淳化社区上漆阁路淳湖佳苑,江苏省,南京市,江宁区,1,af2a5cbf0fa6cae8bbbd6307
7356,8475,旺运花园,118.94389,31.938183,南京市江宁区淳化街道东月桥路332号,江苏省,南京市,江宁区,1,7736ddada7584cbfc356ac42
7357,8476,青龙新苑,118.970349,31.935977,南京市江宁区园岗路青龙山林场派出所西侧约190米,江苏省,南京市,江宁区,1,a38c738d6edb8cfee9f85319
7358,8477,教师公寓,118.97451,31.938174,淳化街道七里岗菜市场对面,江苏省,南京市,江宁区,1,9872784e8699a15da8f0cd4a
7359,8478,索墅社区,119.006239,31.934312,南京市江宁区索墅镇西70号,江苏省,南京市,江宁区,1,d69286219b27847a4d2fdf1d
7360,8479,索墅新苑,119.009112,31.933502,南京市江宁区淳化街道索墅社区G104,江苏省,南京市,江宁区,1,b0dfd85f1b70b8fa0b69d996
7361,8480,锦华新城,118.645317,31.929501,江苏省南京市雨花台区凤汇大道19号,江苏省,南京市,雨花台区,1,b851a80bf6cb29b7ab175a4f
7362,8481,梦幻家,118.647806,31.92754,江苏省南京市雨花台区凤汇大道15号,江苏省,南京市,雨花台区,1,cd47a77967204b9f8505bfc5
7363,8482,弘阳·春上西江,118.645944,31.925938,江苏省南京市雨花台区龙慧路8号,江苏省,南京市,雨花台区,1,f261d61fdc4b886e1811d5d8
7364,8483,雨花区锦华新城二期南片,118.643595,31.927341,凤锦路与龙藏大道交叉口南100米,江苏省,南京市,雨花台区,1,57f3bfc784f51ef59d9d6899
7365,8484,朝阳西苑,118.657649,31.924237,江苏省南京市雨花台区雄风路169号,江苏省,南京市,雨花台区,1,d0994e8979bb5d719e9d683b
7366,8485,静华公寓,118.660087,31.925292,南京市雨花台区板桥街道雄风路101号,江苏省,南京市,雨花台区,1,d4034eb3a22b07f6c1364488
7367,8486,惠安新居,118.656801,31.929321,南京市雨花台区板桥振兴路111号,江苏省,南京市,雨花台区,1,434046ee0228a604aeb22a55
7368,8487,正达公寓,118.655193,31.929098,南京市雨花台区龙飞路6号,江苏省,南京市,雨花台区,1,a3e8341c66db99eb4bfd3f9a
7369,8488,金叶花园-12幢,118.657133,31.930043,江苏省南京市雨花台区雨花经济开发区振兴路金叶花园南门,江苏省,南京市,雨花台区,1,801b7a145ec27ddfa11de926
7370,8489,凤凰山庄,118.654303,31.926563,南京市雨花台区龙飞路88号消防训练基地,江苏省,南京市,雨花台区,1,6974a456f3fb8e266e20b980
7371,8490,近华新村小区,118.656939,31.927139,江苏省南京市雨花台区板桥社区近华新村12号,江苏省,南京市,雨花台区,1,8a5ce514d758c05ec6effb3b
7372,8491,板桥新村,118.6671,31.927374,江苏省南京市雨花台区振兴路1号,江苏省,南京市,雨花台区,1,00f1c7fb67847d62c156aca7
7373,8492,向阳雅居,118.667468,31.929056,南京市雨花台区振兴路1号,江苏省,南京市,雨花台区,1,08fc93df66fa51ec9a68b4a7
7374,8493,胜利南苑,118.666424,31.926041,雨花台区雄风路39~40号,江苏省,南京市,雨花台区,1,93df0dc3b214ef56892fb5a7
7375,8494,板桥新村-北区,118.665802,31.928714,振兴路1-17号附近,江苏省,南京市,雨花台区,1,019c92fb958fc264b75f1ed8
7376,8495,古雄电商大厦,118.671293,31.925058,南京市雨花台区宁谷路108号,江苏省,南京市,雨花台区,1,02d22fd7ff06cfb9ca1b95e8
7377,8496,蓝光公园-1号,118.673239,31.92598,江苏省南京市雨花台区板桥新城古雄村,江苏省,南京市,雨花台区,1,5940fdae52a2e12ae60738dc
7378,8497,湾景,118.67616,31.925051,江苏省南京市雨花台区华兴路97号,江苏省,南京市,雨花台区,1,d10c9005415c8b345bf6be1f
7379,8498,富力尚悦居,118.681552,31.923603,江苏省南京市雨花台区新湖大道与荆雄路交汇处东北300米,江苏省,南京市,雨花台区,1,63b4f45acffc3453c7f025b5
7380,8499,河海大学江宁校区宿舍20号楼,118.789006,31.920897,南京市江宁区松辽路河海大学(江宁校区),江苏省,南京市,江宁区,1,83ea18da1503f5bc80a00c2d
7381,8500,南京九间堂-1期,118.787178,31.921319,南京市江宁区康厚街南京九间堂,江苏省,南京市,江宁区,1,78b00ecc78870ebcee74f832
7382,8501,揽翠山庄,118.789439,31.924157,江苏省南京市江宁区康厚街6号409栋,江苏省,南京市,江宁区,1,8e5f5bc961cac04132f71d15
7383,8502,河海大学江宁校区女生公寓,118.789915,31.922662,南京市江宁区佛城西路8号河海大学江宁校区,江苏省,南京市,江宁区,1,ceff8e4021d6040928b97cea
7384,8503,河海大学江宁校区17栋,118.788412,31.921396,南京市江宁区青海湖路河海大学(江宁校区),江苏省,南京市,江宁区,1,72780d264c8516399cf779e5
7385,8504,河海大学江宁校区四期学生公寓,118.788412,31.921396,南京市江宁区佛城西路8号河海大学江宁校区,江苏省,南京市,江宁区,1,47b86814414910e7283a9f65
7386,8505,河海大学(江宁校区)-12舍,118.789939,31.921837,江苏省南京市江宁区佛城西路8号河海大学江宁校区,江苏省,南京市,江宁区,1,68dd0bce474447650482c230
7387,8506,河海大学江宁校区-学生公寓15、16舍,118.788617,31.921784,南京市江宁区佛城西路8号河海大学江宁校区,江苏省,南京市,江宁区,1,58eafb81fb8989f4c26c1452
7388,8507,"河海大学江宁校区-学生公寓13,14舍",118.789406,31.921831,南京市江宁区佛城西路8号河海大学江宁校区,江苏省,南京市,江宁区,1,ba48f1b8323b45d7b75f1ec2
7389,8508,河海大学江宁校区宿舍-15号楼,118.788572,31.922148,江苏省南京市江宁区佛城西路8号河海大学(江宁校区),江苏省,南京市,江宁区,1,6504e60c6cb14903f40e77e4
7390,8509,河海大学江宁校区宿舍-12号楼,118.789996,31.921884,南京市江宁区佛城西路8号,江苏省,南京市,江宁区,1,39d25a778aa61e43a3acc4dc
7391,8511,河海大学学生江宁校区宿舍-9号楼,118.789856,31.923017,南京市江宁区佛城西路8号河海大学江宁校区,江苏省,南京市,江宁区,1,e202caf1d12daa586140a922
7392,8512,河海大学学生江宁校区宿舍-10号楼,118.789882,31.922626,南京市江宁区佛城西路8号河海大学江宁校区,江苏省,南京市,江宁区,1,d373b9e11740153926d2bb1d
7393,8514,河海大学学生江宁校区宿舍-13号楼,118.78928,31.922168,南京市江宁区佛城西路8号河海大学江宁校区,江苏省,南京市,江宁区,1,eb4151866ef8ef37eb56fadf
7394,8515,河海大学学生江宁校区宿舍-14号楼,118.789248,31.921766,南京市江宁区佛城西路8号,江苏省,南京市,江宁区,1,a9b9f951a6479de0902ca35d
7395,8516,地铁精装社区,118.795833,31.918444,南京市江宁区佛城西路翰海翠庭南侧约30米,江苏省,南京市,江宁区,1,c81f31d86de8b6c343ab9adc
7396,8517,山水华门小区-东门,118.796457,31.925747,南京市江宁区将军大道58号,江苏省,南京市,江宁区,1,b50c4548bc0ce37a744ff149
7397,8518,河海大学江宁校区三期学生公寓,118.793753,31.923144,佛城西路8号河海大学江宁校区河海大学江宁校区宿舍1号楼附近,江苏省,南京市,江宁区,1,a715535f830dde2604026f61
7398,8520,翠湖花园,118.799883,31.92533,南京市江宁区将军大道109号,江苏省,南京市,江宁区,1,8d87acb37569294ff21937ae
7399,8521,名家花园-南区,118.792014,31.93161,南京市江宁区翠屏山路9号,江苏省,南京市,江宁区,1,30b873df8fa9e066bca8226b
7400,8522,瑞景文华,118.794918,31.92974,江苏省南京市江宁区将军大道50号,江苏省,南京市,江宁区,1,49a02a7a4c8684402b201a7a
7401,8523,江南文枢苑-C8幢,118.800511,31.927172,江苏省南京市江宁区将军大道99号,江苏省,南京市,江宁区,1,c45c2450c6a91708fa42b214
7402,8524,领秀1+1,118.794688,31.92967,南京市江宁区翠屏山路瑞景文华,江苏省,南京市,江宁区,1,9a28b549975fab3ba1a93427
7403,8525,华门花园岭秀苑,118.796954,31.925924,南京市江宁区将军大道58号,江苏省,南京市,江宁区,1,99099aec08c4d3d32fb17ef1
7404,8526,河海大学(江宁校区)学生宿舍-4号楼,118.793991,31.923786,江苏省南京市江宁区佛城西路8号河海大学江宁校区,江苏省,南京市,江宁区,1,f75bb0ea00bbcfa801ff2dad
7405,8527,河海大学学生江宁校区宿舍-18号楼,118.788474,31.920911,江苏省南京市江宁区河海大学江宁校区南海路与松辽路交叉口西北150米,江苏省,南京市,江宁区,1,979f7abb12b66cfed72ce2cc
7406,8528,河海大学学生江宁校区宿舍-5号楼,118.793214,31.92382,南京市江宁区佛城西路8号河海大学江宁校区,江苏省,南京市,江宁区,1,b4d264f27cd62df5f942b24e
7407,8529,河海大学学生江宁校区宿舍-2号楼,118.793772,31.923165,南京市江宁区佛城西路8号,江苏省,南京市,江宁区,1,19148fadcc6bb590d0ff2371
7408,8531,河海大学江宁校区宿舍1号楼,118.793661,31.922825,江苏省南京市江宁区河海大学江宁校区1幢,江苏省,南京市,江宁区,1,38f6ab2b3f46012839221c20
7409,8534,山水华门别墅园-南门,118.793888,31.9242,南京市江宁区佛城西路8号河海大学江宁校区河海大学学生江宁校区宿舍4号楼附近,江苏省,南京市,江宁区,1,813a1194ce3dd25cbca822f2
7410,8535,爱涛漪水园,118.805651,31.925443,江苏省南京市江宁区开发区秣陵街道爱涛路18号,江苏省,南京市,江宁区,1,3da907f333dc2053b320a87b
7411,8536,水韵别墅,118.806257,31.922002,江苏省南京市江宁区佛城东路88号,江苏省,南京市,江宁区,1,cc788fde1a1334f688fc06fd
7412,8537,爱涛丽舍,118.804515,31.927714,江苏省南京市江宁区爱涛路18号,江苏省,南京市,江宁区,1,3aa92c90de8a017d1b94c634
7413,8539,颐和美地-西园,118.811247,31.927798,江苏省南京市江宁区苏源大道8号,江苏省,南京市,江宁区,1,bc28463869d042a8fea7784d
7414,8540,颐和公馆,118.818484,31.92656,江苏省南京市江宁区佛城东路98号,江苏省,南京市,江宁区,1,f7e8cfd710fa3db56fa3cc0a
7415,8541,颐和美地-东园,118.818337,31.928655,南京市江宁区苏源大道8~9号,江苏省,南京市,江宁区,1,0ce65c2d427754592d47337a
7416,8542,九龙湖别墅,118.812897,31.920804,江苏省南京市江宁区清水亭西路188号,江苏省,南京市,江宁区,1,2519bacfb97c869e46572693
7417,8543,颐和美地美辰苑,118.812016,31.927832,南京市江宁区苏源大道9号,江苏省,南京市,江宁区,1,f382e1ca4ab5432b9cf7798d
7418,8544,金聚龙大厦,118.816445,31.930978,江苏省南京市江宁区高湖路25号,江苏省,南京市,江宁区,1,b703e96b9e4a9bfa8f1a897a
7419,8545,和畅居,118.819398,31.927548,南京市江宁区苏源大道9号,江苏省,南京市,江宁区,1,9d885cc36c9613f7ee74f81f
7420,8547,颐和美地,118.811046,31.927629,南京市江宁区苏源大道8号,江苏省,南京市,江宁区,1,4953b75ea67c05f04e2fdf6d
7421,8548,颐和美的丰苑,118.815247,31.928879,南京市江宁区苏源大道9号,江苏省,南京市,江宁区,1,52d0f5e11c2660f586420e5e
7422,8549,何雅居,118.814667,31.928217,江苏省南京市江宁区苏源大道8号,江苏省,南京市,江宁区,1,cbbcbc849950ba05bda822b5
7423,8550,颐和美地西园-北门,118.811306,31.93003,南京市江宁区颐和美地西园,江苏省,南京市,江宁区,1,923ffd00a367c1cad82f28a6
7424,8552,美嘉苑,118.814658,31.928178,南京市江宁区苏源大道8号,江苏省,南京市,江宁区,1,1f421ccb7233d4ca601c6755
7425,8553,中国人家,118.823977,31.928578,南京市江宁区高湖路68号,江苏省,南京市,江宁区,1,3810c8793e6b048b9c09f77a
7426,8554,俊杰科创大厦,118.829533,31.921933,江苏省南京市江宁区清水亭西路999号,江苏省,南京市,江宁区,1,0c2a53b79fe199abf32d83d4
7427,8555,玉登园,118.825642,31.928661,南京市江宁区马浦街49号,江苏省,南京市,江宁区,1,ec889a9a6d50dbc10ab93a9b
7428,8556,乐恵大厦,118.822885,31.921957,江苏省南京市江宁区秣陵街道清水亭西路61号南京宇翔乐惠大厦,江苏省,南京市,江宁区,1,e266d8cc7d8f045086420e6a
7429,8558,天目水秀府,118.818471,31.926597,江苏省南京市江宁区佛城东路98号,江苏省,南京市,江宁区,1,3c4c3e0c66a24c91d2f49eed
7430,8559,代理点大象社区,118.828525,31.929954,南京市江宁区高湖路88号,江苏省,南京市,江宁区,1,109f9dee2654c9d94107c167
7431,8560,水闲居,118.822259,31.930271,江苏省南京市江宁区高湖路61号,江苏省,南京市,江宁区,1,3e74e230c51ec9394c6d4603
7432,8562,殷巷打工楼,118.837403,31.920573,南京市江宁区殷华街24号,江苏省,南京市,江宁区,1,bd5999e808871e606168581f
7433,8563,万科金域蓝湾,118.839556,31.926785,江苏省南京市江宁区清水亭东路9号,江苏省,南京市,江宁区,1,f23ce9f0cabe80a12b201a85
7434,8564,殷富商业街-2幢,118.837253,31.920736,江苏省南京市江宁区清水亭西路殷富商业街殷巷打工楼,江苏省,南京市,江宁区,1,e849479ac5135812b5f42fab
7435,8565,万科翡翠公园,118.83376,31.926722,南京市江宁区双龙大道1699号,江苏省,南京市,江宁区,1,813189c6b375ece5c27da2d4
7436,8566,银城·千花溪,118.837247,31.92337,南京市江宁区清水亭东路10号,江苏省,南京市,江宁区,1,5e5c602c836464b26c3e1bb0
7437,8567,润龙锦园,118.837692,31.922116,南京市江宁区殷华街36号,江苏省,南京市,江宁区,1,dc0f0adcfea4fd5ff8221355
7438,8568,博琳大厦,118.833577,31.921516,南京市江宁区双龙大道2188-1号,江苏省,南京市,江宁区,1,2d0902f1a6187782c5effbbc
7439,8569,中榕大厦,118.833629,31.921418,南京市江宁区双龙大道2188号,江苏省,南京市,江宁区,1,79b03a3e94c36a1eadb22a10
7440,8570,伊蒙儿童之家(九龙湖园),118.835615,31.9113,南京市江宁区龙亭街55号10幢108室二楼,江苏省,南京市,江宁区,1,ef5c59862d32fa1fc9fa5fff
7441,8573,南京恒大绿洲-北区,118.848248,31.922119,江苏省南京市江宁区秣陵街道清水亭东路158号,江苏省,南京市,江宁区,1,7691039bbb71d791b04c49fb
7442,8574,骏景华庭,118.840978,31.92428,南京市江宁区经济技术开发区秣陵街道铺岗街28号,江苏省,南京市,江宁区,1,0b845fa51714f6aed7851f75
7443,8575,潭桥公寓西园,118.84928,31.92869,南京市江宁区竹山路512-6号,江苏省,南京市,江宁区,1,c1f84060072ae9c17f29bd4f
7444,8576,殷巷新寓-东一区,118.844423,31.923006,江苏省南京市江宁区秣陵街道铺岗街与清水亭东路交汇口东南侧,江苏省,南京市,江宁区,1,03f1e117854a7321f7231002
7445,8577,骏景华庭-二期,118.841924,31.922781,南京市江宁区骏景街骏景华庭,江苏省,南京市,江宁区,1,f47d6007cdf07ad5f7b9168d
7446,8578,殷巷新寓-242幢,118.843989,31.920835,江苏省南京市江宁区秣陵街道铺岗街与清水亭东路交汇口东南侧殷巷新寓242幢,江苏省,南京市,江宁区,1,ee4c22efbcc2c734744ff140
7447,8579,万科金域蓝湾-二期,118.843133,31.92674,江苏省南京市江宁区清水亭东路,江苏省,南京市,江宁区,1,32e1a030bf5b6cccadcb6622
7448,8580,恒大绿洲-东区,118.847589,31.920305,江苏省南京市江宁区恒大绿洲东区(殷富街南),江苏省,南京市,江宁区,1,1b2219080e521c9e8505bf49
7449,8582,潭桥公寓,118.85384,31.927342,江苏省南京市江宁区竹山路512-6号,江苏省,南京市,江宁区,1,5e53af1a8118e9214151c068
7450,8583,潭桥公寓-南园,118.853456,31.926907,南京市江宁区科宁路128号,江苏省,南京市,江宁区,1,359b1a000899d207d4851fef
7451,8584,天泽苑,118.857232,31.924255,江苏省南京市江宁区淳化街道竹山路588号(彤天路与竹山南路交汇处),江苏省,南京市,江宁区,1,dc0f0adcfb64f820f822131e
7452,8585,雍景园小区,118.859921,31.92023,竹山南路618号,江苏省,南京市,江宁区,1,418f16659d62d74bf90cadad
7453,8586,潭桥公寓北园,118.851843,31.931378,719路,江苏省,南京市,江宁区,0,8e3b197fa21dd3bf364aae39
7454,8587,横岭新寓,118.868737,31.912455,竹山路,江苏省,南京市,江宁区,1,41e3f1fe08db0d8d31870a2d
7455,8588,印湖山庄,118.879519,31.921163,江苏省南京市江宁区秣陵街道印湖路39号,江苏省,南京市,江宁区,1,6113ef770b8b8b6a8e77271b
7456,8589,天祥家园,118.877227,31.925569,南京市江宁区天印大道2007号,江苏省,南京市,江宁区,1,c4cd083ab1618978100daa8e
7457,8590,印湖山庄-2期,118.878381,31.921071,南京市江宁区印湖路39号,江苏省,南京市,江宁区,1,3d7935bc78460e24047ce8ad
7458,8592,江苏省方山体育训练基地-运动员公寓,118.87809,31.923826,江苏省南京市江宁区江宁足球训练基地,江苏省,南京市,江宁区,1,943e7d8e6503e35143afe60b
7459,8594,南京工程学院·润园01幢公寓,118.894765,31.926379,南京市江宁区荟萃路南京工程学院工业中心(江宁校区) 东门东北侧约30米,江苏省,南京市,江宁区,1,2cc2b86796b9a5fca8f0cd62
7460,8595,南京工程学院·润园2幢公寓,118.894892,31.92699,南京市江宁区丽泽路南京工程学院工业中心(江宁校区) 东门东北侧约90米,江苏省,南京市,江宁区,1,9c79ddf489b1d1bf1d389458
7461,8596,南京工程学院.润园08幢公寓,118.894259,31.92993,南京市江宁区丽泽路南京工程学院(江宁校区),江苏省,南京市,江宁区,1,7a1517cf0f4a18a91d1d115a
7462,8597,南京工程学院·润园04幢公寓,118.895123,31.927666,南京市江宁区丽泽路南京工程学院(江宁校区),江苏省,南京市,江宁区,1,19302bf83d8a0fdf2ce67b91
7463,8598,南京工程学院润园-5幢,118.895256,31.9278,南京市江宁区丽泽路南京工程学院(江宁校区),江苏省,南京市,江宁区,1,6d2f775044b5fd21ab175afa
7464,8599,南京工程学院润园-04B幢学生公寓,118.895371,31.927842,南京市江宁区,江苏省,南京市,江宁区,1,9fe3ab7f7c22df11e812e425
7465,8603,御山湖,118.900798,31.9268,南京市江宁区龙眠大道588号,江苏省,南京市,江宁区,1,8bb24f7ea4ef0c18d2f49ec8
7466,8604,南京工程学院工业中心江宁校区(东门),118.894516,31.926236,南京市江宁区丽泽路与荟萃路交叉口西150米,江苏省,南京市,江宁区,1,7b44441241db70b8d518b7c1
7467,8605,文鼎广场,118.905685,31.920324,南京市江宁区格致路99号,江苏省,南京市,江宁区,1,f5994939efcde99b8e772792
7468,8606,东方龙湖湾东湖苑,118.90482,31.926344,南京市江宁区龙眠大道588号,江苏省,南京市,江宁区,1,01cba7b424d2abb279b55ca6
7469,8608,东方·龙湖湾,118.90266,31.925814,南京市江宁区大学城龙眠大道588号(地铁南京交院站往北500米),江苏省,南京市,江宁区,1,42acc2084d64bf8bc6effb7c
7470,8610,东方龙湖湾南湖苑,118.902039,31.923932,南京市江宁区龙眠大道588号东方龙湖湾,江苏省,南京市,江宁区,1,a0b47b8818f15dc697ec8400
7471,8611,江苏海事职业技术学院澄园5号学生公寓,118.909261,31.92533,南京市江宁区格致路309号,江苏省,南京市,江宁区,1,bf4c3a30765a6f5242d63e81
7472,8612,湖语山,118.903412,31.922675,南京市江宁区龙眠大道588号(地铁南京交院站往北500米),江苏省,南京市,江宁区,1,22a69ab7f0ad5100b04c4970
7473,8617,江苏海事职业技术学院学生公寓No.6,118.909572,31.924966,南京市江宁区郑和路江苏海事职业技术学院(江宁校区),江苏省,南京市,江宁区,1,bdb94b3a858141cdbbbd633c
7474,8619,中粮·祥云,118.903569,31.921618,南京市江宁区鹏山路28号,江苏省,南京市,江宁区,1,81fe8efe29454560fd0eb022
7475,8620,协众雅居,118.90754,31.921659,江苏省南京市江宁区秣陵街道龙眠大道618号,江苏省,南京市,江宁区,1,b7f66871f4f161933c9a5eca
7476,8621,东方龙湖湾西湖苑,118.900606,31.926952,南京市江宁区龙眠大道588号东方龙湖湾,江苏省,南京市,江宁区,1,493492158cd60fb175e5b68f
7477,8623,文鼎广场-北门,118.904262,31.920996,南京市江宁区格致路99号,江苏省,南京市,江宁区,1,d7e0d5d552ad90e6cc06a48a
7478,8624,协众财富广场,118.908843,31.92095,江苏省南京市江宁区秣陵街道龙眠大道618号,江苏省,南京市,江宁区,1,72c666c65c5f2950ad080faa
7479,8626,学府风景花园,118.912831,31.930293,江苏省南京市江宁区樵歌路168号,江苏省,南京市,江宁区,1,06d5081b33314f872a02e1c7
7480,8628,江苏海事职业技术学院江宁校区沁园学生公寓-2号楼,118.91521,31.9283,南京市江宁区学生公寓2号楼,江苏省,南京市,江宁区,1,47fb95f1cb45ef233be4a685
7481,8632,学府风景花园-7号,118.912692,31.9298,南京市江宁区樵歌路学府风景花园,江苏省,南京市,江宁区,1,ca7bf774109f73a7b33c819d
7482,8633,上海梅山有限公司培训中心安全教育大楼,118.63961,31.911234,南京市雨花台区十四号路上怡新村西门西北侧约100米,江苏省,南京市,雨花台区,1,99da3843e599d7ef081cc7b0
7483,8634,江宁区新林芳庭,118.648151,31.910948,南京市雨花台区新亭大街69号,江苏省,南京市,雨花台区,1,74f23efdbba37ab407026ff6
7484,8635,新城公馆,118.657857,31.91653,江苏省南京市雨花台区新林大道11号,江苏省,南京市,雨花台区,1,d24d4ebf2ac716d7fb2d6126
7485,8636,古雄新居-西门,118.649691,31.913846,江苏省南京市雨花台区新亭大街68号,江苏省,南京市,雨花台区,1,9c8e245b35213de4c7f0253e
7486,8637,金域华府,118.654284,31.914962,南京市雨花台区新林大道7号,江苏省,南京市,雨花台区,1,ee0fab4ae4604db8c909f03b
7487,8638,古雄新居,118.651332,31.912642,南京市雨花台区新亭大街68号,江苏省,南京市,雨花台区,1,db1f39d4d095836ff4c59c89
7488,8639,朗诗·绿色街区-西园,118.655802,31.910714,南京市雨花台区新亭大街66号,江苏省,南京市,雨花台区,1,3a650ab5a8a683a5c4f50d7a
7489,8640,新林社区,118.651402,31.911532,江苏省南京市雨花台区板桥新城,江苏省,南京市,雨花台区,1,6755d2ee44d0eb02f4eafce0
7490,8641,金域华府2期,118.657244,31.915843,南京市雨花台区新林大道7号,江苏省,南京市,雨花台区,1,4b35067038a8fa6a7dc8768f
7491,8642,古雄新居-33号,118.652092,31.913489,江苏省南京市雨花台区古雄新居33号(湖景路南),江苏省,南京市,雨花台区,1,e8b34c2597b05f757adbd28d
7492,8643,朗诗·绿色街区-北门,118.659322,31.909403,江苏省南京市雨花台区湖景路66号,江苏省,南京市,雨花台区,1,84439363ed217873b5f42ff8
7493,8644,花样年·花生唐-东南2门,118.6672,31.912668,南京市雨花台区新湖大道与莲花湖东街交叉口东北100米,江苏省,南京市,雨花台区,1,976d27800d4109f107fef5d7
7494,8645,金地自在城西-2区,118.669548,31.912468,金地自在城五号街西200米,江苏省,南京市,雨花台区,1,691fb643d32c9144dbd89173
7495,8646,金地自在城-三期,118.669417,31.912298,南京市雨花台区新湖大道9号,江苏省,南京市,雨花台区,1,a78ff36002fafcbc8e7727e0
7496,8647,金地自在城-西1区,118.670892,31.913943,南京市雨花台区大方路金地自在城-一期,江苏省,南京市,雨花台区,1,6baf63320833a31283a00c9f
7497,8648,宋都南郡国际,118.671268,31.916162,江苏省南京市雨花台区新湖大道10号,江苏省,南京市,雨花台区,1,f8b9e8c0f19986b06fc02cab
7498,8649,金地自在城-4期,118.671651,31.910945,城五号街南150米,江苏省,南京市,雨花台区,1,5de993f536f87d3957bfff1e
7499,8650,金地自在城-一期,118.67042,31.914051,江苏省南京市雨花台区金地自在城一期(花生唐东),江苏省,南京市,雨花台区,1,78ba04e0dfcfe5c1de1e52b2
7500,8652,金地自在城-东2区,118.672609,31.910643,南京市雨花台区胡福海板桥新城新湖大道8号,江苏省,南京市,雨花台区,1,c0b38c2a3f342a6f29fc48eb
7501,8653,南京家徳城业金地自在城中心店4期,118.671881,31.911514,南京市雨花台区大方路金地自在城-4期,江苏省,南京市,雨花台区,1,3112a90f475bccb340afe6f5
7502,8654,金地自在城-二期,118.673307,31.91299,江苏省南京市雨花台区金地自在城二期(新城大街南),江苏省,南京市,雨花台区,1,b40437fb47d96b5e79b55c7b
7503,8655,宋都·南郡国际南区,118.672316,31.916436,江苏省南京市雨花台区新湖大道10号,江苏省,南京市,雨花台区,1,5fac413184e04e4597ec8417
7504,8656,宋都·南郡国际北区,118.674293,31.918924,江苏省南京市雨花台区南郡国际北区(新湖大道南),江苏省,南京市,雨花台区,1,0df5b4118e0128f2c42ba1b7
7505,8657,荆刘社区,118.697804,31.919146,南京市江宁区荆刘路4号,江苏省,南京市,江宁区,1,2c1f81952cf4d1843517dcc4
7506,8658,复地·朗香,118.780684,31.91864,江苏省南京市江宁区佛城西路88号,江苏省,南京市,江宁区,1,3a68f9e40a761e2231870a82
7507,8659,复地·朗香别墅-东南1门,118.778796,31.915786,江苏省南京市江宁区佛城西路88号,江苏省,南京市,江宁区,1,f8487a41d061057132870a34
7508,8660,中电光伏宿舍,118.773224,31.915855,南京市江宁区佛城西路与水阁路交叉路口往西北约250米,江苏省,南京市,江宁区,1,4b2b0704986e289ac8c3db1e
7509,8661,科嘉花园,118.79013,31.910862,南京市江宁区诚信大道68号,江苏省,南京市,江宁区,1,55fa2c0b3cad342d1ce99978
7510,8662,香榭岛,118.786743,31.91892,江苏省南京市江宁区经济开发区康后街10号,江苏省,南京市,江宁区,1,15e1e85e005116df5810936a
7511,8663,证大九间堂,118.786758,31.918719,江苏省南京市江宁区康厚街10号,江苏省,南京市,江宁区,1,c6a0154ce0aec2be81288a26
7512,8664,诚基花园,118.788581,31.913419,江苏省南京市江宁区金智路11号丹佛小镇,江苏省,南京市,江宁区,1,5175f095629ba2b9e5e96530
7513,8665,江南青年城汉楚门,118.789114,31.916317,南京市江宁区秣陵街道江宁开发区佛城西路11号,江苏省,南京市,江宁区,1,ef18cab63d1e1bb5cafa5f65
7514,8666,丹佛soho小公馆,118.788518,31.913989,南京市江宁区金智路11号,江苏省,南京市,江宁区,1,982228653c4520e08bb988de
7515,8667,江南青年城-楚襄园,118.789558,31.915488,江苏省南京市江宁区江南青年城楚襄园,江苏省,南京市,江宁区,1,d991e116593c20551f389478
7516,8668,诚基花园·丹佛小镇-北门,118.788773,31.914232,江苏省南京市江宁区佛城西路诚基花园丹佛小镇北门,江苏省,南京市,江宁区,1,311649481f7f6f0614948e7b
7517,8669,江南骏园,118.794885,31.916357,南京市江宁区佛城西路9号,江苏省,南京市,江宁区,1,be54cde907afd95878f79678
7518,8670,江南青年城,118.793211,31.913784,江苏省南京市江宁区佛城西路11号,江苏省,南京市,江宁区,1,d6c5d991097e53e830169b78
7519,8671,翰海翠庭,118.795758,31.919195,南京市江宁区佛城西路6号,江苏省,南京市,江宁区,1,2ec029ea0a94fe54ad31e54f
7520,8672,天泰青城苑,118.797004,31.919251,江苏省南京市江宁区将军大道62号,江苏省,南京市,江宁区,1,1bf85b25a54a2adaa0a93493
7521,8673,雍福龙庭,118.799289,31.91476,南京市江宁区将军大道129号,江苏省,南京市,江宁区,1,99ee3da23800b671128824c4
7522,8674,将军大道蓝湾,118.796865,31.91943,南京市江宁区将军大道60号,江苏省,南京市,江宁区,1,ce59af630176428c40ab9a26
7523,8675,美丽新世界金德茂花园,118.799712,31.918609,南京市江宁区佛城东路8号,江苏省,南京市,江宁区,1,083a55fac7633b79246e9878
7524,8676,翠屏湾花园城,118.800149,31.91261,南京市江宁区将军大道129号,江苏省,南京市,江宁区,1,e85e25276176485395f08c78
7525,8677,青年公社(佛城西路店),118.796022,31.91765,南京市江宁区开发区佛城西路9-116号,江苏省,南京市,江宁区,1,4cf8d24eb4f43bfd9df77998
7526,8678,河海大学(江宁校区)-11舍,118.790023,31.922182,江苏省南京市江宁区佛城西路8号河海大学江宁校区,江苏省,南京市,江宁区,1,6c83680e63e0ab25465726f0
7527,8680,雅居乐藏龙御景,118.806458,31.917672,南京市江宁区清水亭西路200号,江苏省,南京市,江宁区,1,58dbb2899689427f4054d787
7528,8681,水韵雨滴苑,118.80372,31.92032,南京市江宁区佛城东路66号,江苏省,南京市,江宁区,1,a8f7e68cc3f116770869d90c
7529,8682,美丽新世界金德茂花园-26号楼,118.799094,31.918459,江苏省南京市江宁区佛城东路8号,江苏省,南京市,江宁区,1,8af2489a26f803b907026fc0
7530,8685,美丽新世界金德茂花园-30号楼,118.798785,31.917675,江苏省南京市江宁区佛城东路8号,江苏省,南京市,江宁区,1,1dcc71e2f7526224f32d83d1
7531,8686,苏源大厦,118.813428,31.911678,苏源大道58号,江苏省,南京市,江宁区,1,d6c5d991ad2f379531169ba7
7532,8687,江南环保大厦,118.817009,31.913233,江苏省南京市江宁区苏源大道29号,江苏省,南京市,江宁区,1,49f99e5f9dfe85d4c17da243
7533,8688,苏源大厦-北门,118.812276,31.912469,南京市江宁区苏源大道58号,江苏省,南京市,江宁区,1,dff416eb0431a1eab6f42f5a
7534,8689,九龙湖,118.827594,31.922063,地铁3号线,江苏省,南京市,江宁区,1,15c9159ab7b89fe34afd3f85
7535,8690,颐和南园,118.826242,31.917065,江苏省南京市江宁区经济技术开发区九龙湖路1号,江苏省,南京市,江宁区,1,850815e1ad67ace642e192a7
7536,8691,颐和南园颐盛湾,118.824114,31.9144,南京市江宁区经济技术开发区九龙湖路1号,江苏省,南京市,江宁区,1,1fc201713bcf628d0e0e6be9
7537,8694,新城玖珑湖,118.835248,31.910035,江苏省南京市江宁区秣陵街道长亭街55号,江苏省,南京市,江宁区,1,433c960dbc61ae44774ff19f
7538,8695,优尚天地-A座,118.840251,31.914673,南京市江宁区诚信大道990号,江苏省,南京市,江宁区,1,8483164b404f4fbee812e4cd
7539,8696,殷巷新寓1幢,118.837353,31.918265,江苏省南京市江宁区殷华街268号殷巷公寓01幢,江苏省,南京市,江宁区,1,e585c1808e3f1c5880a12eac
7540,8697,新城珑湾花园-二期,118.835092,31.912779,南京市江宁区秣陵街道长亭街53号,江苏省,南京市,江宁区,1,eb0068558431bdd18bb988ef
7541,8699,颐和南园颐泓湾,118.83074,31.9155,南京市江宁区长亭街西100米,江苏省,南京市,江宁区,1,87e3db94ffa9bbfc96f08c66
7542,8700,金轮星光名座广场-05幢,118.843641,31.914565,南京市江宁区道诚信大道998号,江苏省,南京市,江宁区,1,fa5d6c88968aae72354aaeec
7543,8701,青源雅居,118.844371,31.91646,南京市江宁区诚信大道777号,江苏省,南京市,江宁区,1,ed91d754a5317bdfcf06a4a9
7544,8702,合家春天,118.848584,31.917534,南京市江宁区秣陵街道诚信大道899号,江苏省,南京市,江宁区,1,a90eca11108aab00cbe33c34
7545,8703,UCT优尚天地,118.839776,31.914673,江苏省南京市江宁区诚信大道990号,江苏省,南京市,江宁区,1,7d06653362fed3057bf79615
7546,8704,殷巷新寓,118.841216,31.919759,南京市江宁区铺岗街263号,江苏省,南京市,江宁区,1,9fbfeef22340dc45ede4a578
7547,8706,南京恒大绿洲-南区,118.847566,31.919842,江苏省南京市江宁区诚信大道合家春天恒大绿洲南区,江苏省,南京市,江宁区,1,c7de09d4988a7cf60accddcf
7548,8707,航信大厦(诚信大道),118.844379,31.914533,南京市江宁区诚信大道998号2栋,江苏省,南京市,江宁区,1,49b40054d7fe3a1cad045762
7549,8708,诚信大厦,118.845673,31.916469,南京市江宁区诚信大道885号,江苏省,南京市,江宁区,1,58c1da69971e3cfc4302450b
7550,8709,中冶天城,118.851865,31.918331,江苏省南京市江宁区秣陵街道殷富街375号,江苏省,南京市,江宁区,1,9bc0e52fd2cac4af1576434b
7551,8710,阳光翠堤小区,118.8593,31.918391,南京市江宁区诚信大道雍景园小区南侧约80米,江苏省,南京市,江宁区,1,a8d808f382f9653deb56faad
7552,8711,中冶天城-西2门,118.850651,31.918975,南京市江宁区潭桥商业街10号附近,江苏省,南京市,江宁区,1,3cefd562b8b429d2a8f729b3
7553,8713,恒丰大厦,118.861445,31.91844,南京市江宁区高新技术产业园竹山南路688号罗托鲁拉小镇145号楼,江苏省,南京市,江宁区,1,9f47b43b31904e8904fef5ed
7554,8714,明月天珑湾,118.861382,31.913645,江苏省南京市江宁区竹山南路688号(竹山路与诚信大道交汇处),江苏省,南京市,江宁区,1,83a7bdc96ecff2963fe23122
7555,8715,南京·罗托鲁拉小镇,118.86311,31.914901,南京市江宁区竹山南路688号(竹山路与诚信大道交汇处),江苏省,南京市,江宁区,1,6ed3083ab992c1b72b3a9f78
7556,8717,横岭新寓-东门,118.870792,31.914928,江苏省南京市江宁区横岭新寓(天秣路北),江苏省,南京市,江宁区,1,4b3838b39f2245083310af19
7557,8719,印湖山庄-06幢,118.878026,31.921294,南京市江宁区秣陵街道印湖路39号印湖山庄06幢,江苏省,南京市,江宁区,1,b0c7c2d80ef730119a68b4ee
7558,8720,伴山香槟园,118.896281,31.913553,南京市江宁区大学城格致路9号(江宁体育中心对面),江苏省,南京市,江宁区,1,0a46dc0f3a50fd2030621213
7559,8721,五矿·九玺台,118.892751,31.915564,南京市江宁区科学园弘景大道以南丽泽路599号,江苏省,南京市,江宁区,1,09f007cef11525a0128824af
7560,8723,Waiting台球吧(比夫会员店),118.907298,31.919087,江苏省南京市江宁区格致路99号文鼎广场负1层,江苏省,南京市,江宁区,1,5433629304ae082876e5b6bd
7561,8724,鲁能泰山七号院,118.898383,31.911923,江苏省南京市江宁区格致西路1号,江苏省,南京市,江宁区,1,c914fb1cec01e62809b93a3e
7562,8725,弘景·雅墅,118.895751,31.915953,江宁区科学园弘景大道2888号,江苏省,南京市,江宁区,1,b1c556e8669b6272b52655b9
7563,8726,文鼎大厦,118.90654,31.919348,南京市江宁区格致路99号文鼎广场八栋F1层,江苏省,南京市,江宁区,1,58757e153981eb183c9a5e9f
7564,8727,天御溪岸花园,118.911953,31.916587,江苏省南京市江宁区龙眠大道688号(地铁1号南延线南京交院站西面),江苏省,南京市,江宁区,1,d05c45b5ea975a4db020a85d
7565,8728,水岸风华,118.908387,31.920102,南京市江宁区秣陵街道龙眠大道618号,江苏省,南京市,江宁区,1,70b22d8cb5b3928d25d2bb2f
7566,8729,龙庭水岸家园2期,118.910568,31.910445,南京市江宁区文齐路与知行路交叉路口往东北约110米,江苏省,南京市,江宁区,1,98dedf0ebb166832e0110306
7567,8730,金陵科技学院-学生一宿舍,118.905929,31.913732,南京市江宁区金陵北路金陵科技学院(江宁校区),江苏省,南京市,江宁区,1,b0f0993030e62567f50e7734
7568,8731,金陵科技学院宿舍北区07幢学生宿舍,118.908271,31.911474,南京市江宁区金陵东路金陵科技学院(江宁校区),江苏省,南京市,江宁区,1,940ff0552bc2a8ba97ca0744
7569,8732,金陵科技学院-教职工宿舍,118.908062,31.91133,弘景大道99号,江苏省,南京市,江宁区,1,111057a32a4a2cd56d20b917
7570,8734,文鼎广场-东门,118.906087,31.920792,南京市江宁区格致路99号,江苏省,南京市,江宁区,1,890736e45267c08654bfffa2
7571,8735,文鼎雅苑,118.918684,31.915326,南京市江宁区秣陵街道玉树路88号(公交车站),江苏省,南京市,江宁区,1,fa5a06081821946a1b11d5ac
7572,8736,宜家国际公寓,118.916016,31.913358,南京市江宁区文博路1号(江宁大学城地铁南京交院站往南300米),江苏省,南京市,江宁区,1,9cc78b94df8f2e34d2f49e4c
7573,8738,文博苑,118.917699,31.91075,秣陵街道文博路2号,江苏省,南京市,江宁区,1,c33c35333eff5f292efaa7a9
7574,8739,万裕龍底水岸家园小区,118.912429,31.914287,江苏省南京市江宁区龙眠大道668号,江苏省,南京市,江宁区,1,223395165c2dc02814c8f643
7575,8742,王墅村,118.921972,31.915485,南京市江宁区玉树路,江苏省,南京市,江宁区,1,407808dcec1ae4623617dc6f
7576,8743,晓庄学院学生公寓-2幢,118.910029,31.901518,江苏省南京市江宁区弘景大道3601号南京晓庄学院方山校区内,江苏省,南京市,江宁区,1,4835a7206689f0350c0e6b4a
7577,8746,中国药科大学(江宁校区)-文德苑,118.928231,31.910681,南京市江宁区龙眠大道639号中国药科大学江宁校区,江苏省,南京市,江宁区,1,855ed4df6bc4577b28201a09
7578,8747,南京交通职业技术学院学生公寓-A座,118.923522,31.917035,南京市江宁区龙眠大道629号,江苏省,南京市,江宁区,1,3e9af7953c992108f82d6104
7579,8748,南京交通职业技术学院学生公寓-H座,118.921779,31.920322,南京市江宁区龙眠大道629号,江苏省,南京市,江宁区,1,4e3609281642fda1f8f0cb17
7580,8749,南京交通职业技术学院学生公寓-I座,118.921148,31.919632,南京市江宁区龙眠大道629号,江苏省,南京市,江宁区,1,4be5997ee08947c24bcc4a0c
7581,8750,南京交通职业技术学院学生公寓-E座,118.923527,31.918614,南京市江宁区龙眠大道629号,江苏省,南京市,江宁区,1,17d0b418c3c5f1075ed4fe0d
7582,8751,南京交通职业技术学院学生公寓B座-西门,118.923487,31.91788,江苏省南京市江宁区和思源路思源堂南楼附近,江苏省,南京市,江宁区,1,463d2603330d6b089868b4cc
7583,8752,南京交通职业技术学院学生公寓C座-西栋,118.922265,31.917334,南京市江宁区思源路南京交通职业技术学院,江苏省,南京市,江宁区,1,7725b38bd96441c66d20b913
7584,8753,南京交通职业技术学院学生公寓-F座,118.92312,31.919609,南京市江宁区龙眠大道629号,江苏省,南京市,江宁区,1,5b126b0561f6714c461a325e
7585,8754,南京交通职业技术学院学生公寓-D座,118.922111,31.917118,南京市江宁区龙眠大道629号,江苏省,南京市,江宁区,1,0588e885c6c60b1a2ce67b46
7586,8755,双岗社区,118.94634,31.919666,江苏省南京市江宁区山田路1号,江苏省,南京市,江宁区,1,024b1ec2c6dd1ebd9fec2b45
7587,8756,文化大楼,118.63506,31.905037,南京市雨花台区一号路梅山宾馆北侧约140米,江苏省,南京市,雨花台区,1,d8de8a7b25532394dbeced0c
7588,8757,上海梅山钢铁股份有限公司办公楼,118.634171,31.905808,南京市雨花台区二号路与一号路交叉路口往东北约90米,江苏省,南京市,雨花台区,1,ecf89e1b25d79207b15c6a5b
7589,8758,永安花苑,118.635065,31.900124,南京市雨花台区雄风路518号,江苏省,南京市,雨花台区,1,4fc3161a3ceb83d43b13fda7
7590,8759,梅苑新村(一号路),118.636753,31.902383,南京市雨花台区雄风路488号,江苏省,南京市,雨花台区,1,d7fd2ad382ab25540bccdd78
7591,8760,汪海大厦,118.636807,31.903411,江苏省南京市雨花台区板桥街道雄风路486号,江苏省,南京市,雨花台区,1,3504414c80a2fec8631809be
7592,8761,梅山灯光球场小区,118.634415,31.90723,南京市雨花台区梅康路与文化路交叉路口西北侧,江苏省,南京市,雨花台区,1,2a851d1d402eb17f27d2bb53
7593,8762,梅山中学新村小区,118.636964,31.909549,江苏省南京市雨花台区梅山中学新村,江苏省,南京市,雨花台区,1,daa597b2c1411b3ac51b758c
7594,8763,英华园,118.631795,31.903655,江苏省南京市雨花台区英华园(二号路南60米),江苏省,南京市,雨花台区,1,f4460918d93e006ab11e3678
7595,8764,新建雅苑,118.638572,31.903809,江苏省南京市雨花台区雄风路486号,江苏省,南京市,雨花台区,1,649506e00300ca1e46e27493
7596,8765,风华园-2号楼,118.634822,31.908213,江苏省南京市雨花台区中兴路风华园(梅山中学新村小区西南),江苏省,南京市,雨花台区,1,db451f58ba10e1ca9ff7793e
7597,8766,新建雅苑-南区,118.639244,31.902853,南京市雨花台区振翔路新建雅苑南侧,江苏省,南京市,雨花台区,1,bb3df79d6f87e7f22e473363
7598,8768,梅怡新村小区,118.631868,31.903678,南京市雨花台区梅山街道梅山生活区,江苏省,南京市,雨花台区,1,6492c0bacbc9bb4ea80dd818
7599,8769,上怡新村-南区,118.640016,31.909038,南京市雨花台区怡园路上怡新村,江苏省,南京市,雨花台区,1,606ab0d0ff9a1b2a0e3dda78
7600,8770,新建公寓,118.648763,31.905585,辅机路178号,江苏省,南京市,雨花台区,1,6fddd7fd85bbc17f3517dc78
7601,8771,新建一村,118.647021,31.905809,雨花台区辅机路180,江苏省,南京市,雨花台区,1,46e86fdd6795c76fd13ce378
7602,8772,梅清苑-1号门,118.643826,31.906898,江苏省南京市雨花台区梅山街道新建村绿洲路梅清苑一号门,江苏省,南京市,雨花台区,1,2c8221b1ed8640513be4a689
7603,8773,上怡南苑,118.643892,31.905694,江苏省南京市雨花台区古雄大道,江苏省,南京市,雨花台区,1,0ed20a15f7d528ea56bfffa7
7604,8774,上怡二村,118.644431,31.90761,江苏省南京市雨花台区古雄大道,江苏省,南京市,雨花台区,1,0a15c7ec8e122381ec74f8a7
7605,8775,上怡新村,118.641504,31.910004,江苏省南京市雨花台区梅山中学新村,江苏省,南京市,雨花台区,1,1fffdcf80e514f2a465726b7
7606,8776,绿洲南苑,118.646399,31.902556,江苏省南京市雨花台区辅机路182号,江苏省,南京市,雨花台区,1,90c1e970839f8eb80e3ddab5
7607,8777,梅秀苑,118.645605,31.907406,健康路梅秀苑,江苏省,南京市,雨花台区,1,2ad32cc365801b8f9d95de78
7608,8778,梅华苑,118.646035,31.9092,江苏省南京市雨花台区古雄大道梅华苑(新林芳庭南100米),江苏省,南京市,雨花台区,1,56f2f69654aada800aa8d478
7609,8779,新建二村-西门,118.642797,31.903998,南京市雨花台区辅机路182号,江苏省,南京市,雨花台区,1,4b01569ca08b3d9b96f08c79
7610,8781,建绿新苑,118.643362,31.902658,江苏省南京市雨花台区辅机路181号,江苏省,南京市,雨花台区,1,0f71de8232fe9a2715c905c0
7611,8782,绿州南路经济适用房,118.644021,31.905058,江苏省南京市雨花台区永安绿洲南路以南(梅钢集资建房以东、板桥大道以西),江苏省,南京市,雨花台区,1,f02054ff5fde943d96ca0704
7612,8783,梅盛苑(康健路),118.647957,31.907487,梅胜苑小区(孙虞村路北100米),江苏省,南京市,雨花台区,1,c8e8f633cb025d6cab0dd878
7613,8785,朗诗·绿色街区-东园,118.658836,31.909021,南京市雨花台区新亭大街66号,江苏省,南京市,雨花台区,1,f7f973ca79b08aeb2b201a23
7614,8787,绿洲新村,118.652997,31.907756,南京市雨花台区绿洲路1号,江苏省,南京市,雨花台区,1,f696f3c291541aeb1b11d578
7615,8788,小盛店-12号楼,118.656882,31.902256,梅村路西200米,江苏省,南京市,雨花台区,1,82cf9f75420ac266c8fa5f89
7616,8789,金地自在城-七期,118.666846,31.908339,江苏省南京市雨花台区板桥新城新湖大道,江苏省,南京市,雨花台区,1,9a11960bb67344fe3a04b12b
7617,8790,金地自在城-5期,118.66802,31.910241,江苏省南京市雨花台区新湖大道金地自在城第五街区,江苏省,南京市,雨花台区,1,fd41df8082737044343a71cc
7618,8791,金地·艺境,118.667958,31.910332,江苏省南京市雨花台区新湖大道金地自在城第五街区,江苏省,南京市,雨花台区,1,43107371f396e1d5c1f1cf27
7619,8792,金地自在城-八期,118.670154,31.906995,江苏省南京市雨花台区湖景路与石板路交叉口北200米,江苏省,南京市,雨花台区,1,1db4cde82a747abc223bf26c
7620,8793,板桥新城,118.66807,31.910233,南京市雨花台区新亭大街69-37号,江苏省,南京市,雨花台区,1,8b123801165626180582c268
7621,8794,金地自在城,118.669541,31.91267,南京市雨花台区新湖大道与莲花湖东街交叉路口往东北约100米,江苏省,南京市,雨花台区,1,e8356c5cfa438a23a6c756ee
7622,8795,金地自在城-六期,118.671138,31.908907,江苏省南京市雨花台区板桥新城大方路金地自在城第六街区,江苏省,南京市,雨花台区,1,cfc9d128bf7ad1aed718b75f
7623,8796,金地自在城第六街区(东门),118.672672,31.908826,江苏省南京市雨花台区板桥新城板东路金地自在城八期北门,江苏省,南京市,雨花台区,1,1205b9409bb8c470a80dd889
7624,8797,箭塘社区,118.726233,31.900029,江苏省南京市江宁区X206(牛首大道),江苏省,南京市,江宁区,1,bbb102caba37e9a5b817e78c
7625,8798,南瑞大厦,118.784605,31.908036,南京市江宁区秣陵街道诚信大道19号国网电力科学研究院,江苏省,南京市,江宁区,1,fb8d619e5539a0b24c776e7d
7626,8799,金智科技园,118.795811,31.906524,南京市江宁区江宁经济技术开发区将军大道100号,江苏省,南京市,江宁区,1,56e88cba6ec1a465a4c75673
7627,8800,苏源南园,118.816615,31.908313,苏源大道与诚信大道交接处,江苏省,南京市,江宁区,1,73ab40650b04d4ad8f772786
7628,8801,马自达生活区,118.815548,31.901813,南京市江宁区苏源大道长安马自达汽车有限公司,江苏省,南京市,江宁区,1,92d5e269c6107ed3b9df8f31
7629,8802,融园,118.822836,31.902263,江苏省南京市江宁区兰台街58号,江苏省,南京市,江宁区,1,da5fed81ccee92b294031931
7630,8803,康博花园-康雅苑,118.828886,31.904146,南京市江宁区文心街28号,江苏省,南京市,江宁区,1,2563448c48b9b0d62b11d17c
7631,8804,康博花园-亲情公寓,118.833723,31.905442,南京市江宁区秣陵街道文心街28号,江苏省,南京市,江宁区,1,c276264b57cbdd9fbadf8fc7
7632,8805,保利中央公园,118.835877,31.907344,南京市江宁区秣陵街道长亭街59号,江苏省,南京市,江宁区,1,0fa1aa68abc3281a2fe67b0f
7633,8806,兰台花园-西区,118.834366,31.906852,双龙大道兰台花园西区,江苏省,南京市,江宁区,1,2375e1eba19b58173310af79
7634,8807,中粮·彩云居,118.835879,31.902343,南京市江宁区吉印大道2009号(同仁医院旁),江苏省,南京市,江宁区,1,15a938105c07e4c314c8f61d
7635,8808,康博花园,118.831491,31.904197,南京市江宁区秣陵街道文心街28号,江苏省,南京市,江宁区,1,b5d252dc1c68217df503b8d4
7636,8809,康桥水岸,118.831526,31.903993,南京市江宁区文心街28号,江苏省,南京市,江宁区,1,d0b1932acb81582cc2f1cf5c
7637,8810,龙湖文馨苑,118.830418,31.906997,江苏省南京市江宁经济开发区兰台街99号,江苏省,南京市,江宁区,1,64a76644bea3f4be8e7727f7
7638,8811,新城珑湾花园-一期,118.835056,31.91011,南京市江宁区长亭街55号,江苏省,南京市,江宁区,1,196232991894ebf2ae045747
7639,8812,德茂大厦,118.843835,31.906373,江苏省南京市江宁区铺岗街381号,江苏省,南京市,江宁区,1,cb6b76159cd0718a8bdb73d0
7640,8813,红星花园,118.845222,31.907145,南京市江宁区红星花园松岗街道,江苏省,南京市,江宁区,1,d2c80a4f4047e349a2d230d3
7641,8814,加州城,118.898688,31.906822,南京市江宁区弘景大道3888号(西靠方山东临弘景大道),江苏省,南京市,江宁区,1,16bdada19092f5994e554786
7642,8815,景枫·你山,118.900184,31.900862,南京市江宁区科学园弘景大道3888号,江苏省,南京市,江宁区,1,2e14667ebf3b718b931fc97a
7643,8816,加州城4期,118.900044,31.900829,南京市江宁区科学园弘景大道3888号,江苏省,南京市,江宁区,1,ebef4974aa1b97a493114c19
7644,8817,南京金陵科技学院学生公寓楼1幢,118.909971,31.907481,南京市江宁区南苑路金陵科技学院(江宁校区),江苏省,南京市,江宁区,1,29dba9fd27ad573b72210b2b
7645,8818,景枫法兰谷,118.902254,31.904622,江苏省南京市江宁区弘景大道3888号,江苏省,南京市,江宁区,1,d99d01b48c87cb9d220220b7
7646,8819,金陵科技学院宿舍-10幢,118.909093,31.90717,南京市江宁区金陵南路金陵科技学院(江宁校区),江苏省,南京市,江宁区,1,907f27fd9fecc7602fb96d63
7647,8820,金陵科技学院宿舍-01幢,118.910285,31.907671,南京市江宁区南苑路金陵科技学院(江宁校区),江苏省,南京市,江宁区,1,042552e36f4cb19c70210b55
7648,8821,金陵科技学院宿舍-09幢,118.909634,31.906425,南京市江宁区南苑路金陵科技学院(江宁校区),江苏省,南京市,江宁区,1,e2cde2d45904199fee74f87d
7649,8823,金陵科技学院宿舍-07幢,118.909176,31.905025,南京市江宁区南苑路金陵科技学院南门东北侧约70米,江苏省,南京市,江宁区,1,db1e686459a28be722022012
7650,8825,南京晓庄学院方山校区F区学生公寓,118.90948,31.903622,南京市江宁区弘景大道99号南区,江苏省,南京市,江宁区,1,79cee72d4285dd7b5fd4fea6
7651,8826,晓庄学院树惠苑学生宿舍-15幢,118.910032,31.900634,南京市江宁区行知大道南京晓庄学院,江苏省,南京市,江宁区,1,d294209da7bd45793fe23133
7652,8827,南京晓庄学院滋兰苑学生公寓,118.909858,31.901824,南京市江宁区宝善路南京晓庄学院,江苏省,南京市,江宁区,1,bfb977edf8aff1f7940319ad
7653,8829,晓庄学院学生公寓-6幢,118.909825,31.90231,江苏省南京市江宁区弘景大道3601号南京晓庄学院方山校区内,江苏省,南京市,江宁区,1,02c2d2b419e14141f4e73b84
7654,8830,金陵科技学院学生宿舍-2幢,118.910371,31.906894,南京市江宁区南苑路金陵科技学院(江宁校区),江苏省,南京市,江宁区,1,b4b25b2516f644c3704b876c
7655,8831,晓庄学院树惠苑学生宿舍-5幢,118.909597,31.902592,南京市江宁区宝善路南京晓庄学院,江苏省,南京市,江宁区,1,8f32cbaf4974d76df4eafc70
7656,8834,紫金1号软通楼,118.914671,31.905606,南京市江宁区芝兰路南京生命科技小镇南区1期,江苏省,南京市,江宁区,1,0fcde47087fed32fe81e9740
7657,8836,紫金3号斯泰潘楼,118.916437,31.904645,江苏省南京市江宁区紫金3号斯泰潘楼(中国药科大学地铁站西),江苏省,南京市,江宁区,1,07b65cb6c676528708f5eb4c
7658,8837,紫金5号泰融孵化楼,118.91537,31.905619,南京市江宁区淳化街道芝兰路18号紫金方山科创园5号,江苏省,南京市,江宁区,1,27d6e29e57dc751385420e71
7659,8838,南京生命科技小镇6号公共技术平台-东北门,118.915975,31.905433,南京市江宁区淳化街道芝兰路18号紫金方山科技创业特别社区6号紫金6号公共技术平台附近,江苏省,南京市,江宁区,1,f32cdaa1bfab037788fc0620
7660,8839,水岸家园三期,118.911128,31.909159,南京市江宁区龙眠大道668号,江苏省,南京市,江宁区,1,7e1d7947ddbc9eaac9c3db48
7661,8840,紫金方山二期-5号楼,118.914485,31.907963,江苏省南京市江宁区文芳路,江苏省,南京市,江宁区,1,add9b68e71e32178306212a6
7662,8841,津桥华府,118.918888,31.903743,江苏省南京市江宁区修文路3号,江苏省,南京市,江宁区,1,572bed3547410e1e6949f330
7663,8844,南京金陵科技学院学生宿舍-3幢,118.910573,31.906166,南京市江宁区南苑路金陵科技学院(江宁校区),江苏省,南京市,江宁区,1,9ed4ac24b8e9b07bb45f1e0d
7664,8845,金陵科技学院宿舍-4幢,118.911195,31.905644,南京市江宁区知行路金陵科技学院(江宁校区),江苏省,南京市,江宁区,1,e893375cf81b97f1b75f1ebd
7665,8846,金陵科技学院宿舍-05幢,118.910261,31.905271,江苏省南京市江宁区弘景大道99号内,江苏省,南京市,江宁区,1,34e8a8b0c1cca9880ab93a0b
7666,8847,高家边,118.927216,31.900931,南京市江宁区,江苏省,南京市,江宁区,1,e3a7fd13ec71f35228b97c1d
7667,8849,中国药科大学(江宁校区)-文萃苑,118.926227,31.905791,江苏省南京市江宁区龙眠大道639号中国药科大学江宁校区,江苏省,南京市,江宁区,1,4080b8b1ee7e04b0e3110326
7668,8850,中国药科大学江宁校区G组团-1栋,118.92884,31.90936,南京市江宁区龙眠大道639号中国药科大学江宁校区,江苏省,南京市,江宁区,1,eddf50817b690eb49b68b49b
7669,8852,中国药科大学(江宁校区)-文澜苑(D组团),118.925371,31.904574,江苏省南京市江宁区淳化街道江宁大学城龙眠大道639号,江苏省,南京市,江宁区,1,7d90cd54c486e0f0cf06a4db
7670,8853,中国药科大学(江宁校区)-文菁苑,118.924454,31.904949,江苏省南京市江宁区淳化街道江宁大学城龙眠大道639号B组团,江苏省,南京市,江宁区,1,076755127418be0977026953
7671,8854,中国药科大学(江宁校区)-文轩苑,118.925901,31.905921,南京市江宁区淳化街道龙眠大道639号中国药科大学江宁校区中国药科大学江宁校区,江苏省,南京市,江宁区,1,d00a6ea5b95be62a246e9892
7672,8855,中国药科大学(江宁校区)-文昌苑F组团,118.927897,31.908591,南京市江宁区龙眠大道639号,江苏省,南京市,江宁区,1,cd5f5693a6d0ede925e0a0bb
7673,8856,中国药科大学江宁校区文思苑,118.928436,31.910066,南京市江宁区龙眠大道639号中国药科大学江宁校区,江苏省,南京市,江宁区,1,a0ee6272a3c6c6f11de999ac
7674,8857,中国药科大学(江宁校区)-文枢苑,118.926938,31.908875,南京市江宁区福英路中国药科大学(江宁校区),江苏省,南京市,江宁区,1,2aed4bc65ad87bff2a02e151
7675,8858,淳化咸田社区,118.952182,31.907886,南京市江宁区淳湖路与田园一路交叉路口往南约140米,江苏省,南京市,江宁区,1,1738f21583fa7632cc04ef6f
7676,8859,河北社区,118.997783,31.901292,江苏省南京市江宁区湖熟街道河北社区(洪林路东),江苏省,南京市,江宁区,1,41b4053b4b4bd02e5fd4feea
7677,8860,瑞安翠湖山,118.723875,31.891067,南京市江宁区牛首大道121号,江苏省,南京市,江宁区,1,7b5ac2c0197675b86fc02cb5
7678,8861,禾浩大厦,118.774528,31.899837,江苏省南京市江宁区水长街8号,江苏省,南京市,江宁区,1,42d051b23620d2b4c17da27e
7679,8862,华宝宿舍A区,118.787307,31.89384,江苏省南京市江宁区长盛街8号,江苏省,南京市,江宁区,1,9b0e9cfc865796c25b109383
7680,8863,南京华宝B区宿舍,118.794127,31.88994,南京市江宁区水长街29号,江苏省,南京市,江宁区,1,df1ce8693f625c22128824d2
7681,8864,东南大学九龙湖校区-橘园7舍,118.818951,31.890844,南京市江宁区东南大学路2号,江苏省,南京市,江宁区,1,586ae0f65a6ae8c43904b134
7682,8865,东南大学九龙湖校区-青教公寓1,118.82816,31.897782,江苏省南京市江宁区秣陵街道东南大学路2号,江苏省,南京市,江宁区,1,dc3b6978612987f59122e079
7683,8866,东南大学九龙湖校区桃园6B,118.833758,31.897696,南京市江宁区苏源大道79号东南大学九龙湖校区,江苏省,南京市,江宁区,1,b6d04afb43faaa64744ff161
7684,8867,东南大学九龙湖校区桃园1C,118.834416,31.894965,南京市江宁区苏源大道79号东南大学九龙湖校区,江苏省,南京市,江宁区,1,093a528528c0f8ddb7265508
7685,8868,东南大学九龙湖校区桃园1A,118.833749,31.894927,南京市江宁区苏源大道79号东南大学九龙湖校区,江苏省,南京市,江宁区,1,ef3a4ada9376d82f3804b146
7686,8869,东南大学(九龙湖校区)桃园生活区-3B幢,118.833776,31.895875,南京市江宁区,江苏省,南京市,江宁区,1,ed471a5c2d212103b34c4901
7687,8870,东南大学九龙湖校区桃园1舍-2舍,118.834019,31.89553,南京市江宁区苏源大道79号东南大学九龙湖校区内,江苏省,南京市,江宁区,1,8a48ffb6e97a4d9958f6be91
7688,8873,东南大学九龙湖校区桃园2B,118.833614,31.895272,南京市江宁区苏源大道79号东南大学九龙湖校区,江苏省,南京市,江宁区,1,fd98bd8456d7e56f0af5ebef
7689,8874,东南大学九龙湖校区桃园1B,118.833694,31.894642,南京市江宁区东南大学路2号东南大学九龙湖校区,江苏省,南京市,江宁区,1,77f4d6dfb8d0906eb320a82d
7690,8875,东南大学九龙湖校区桃园3舍-4舍,118.834019,31.895879,南京市江宁区苏源大道79号东南大学九龙湖校区内,江苏省,南京市,江宁区,1,77da9fad4f7e3fc22a02e19b
7691,8876,东南大学九龙湖校区桃园4C,118.834293,31.89672,江苏省南京市江宁区东南大学桃园生活区4C幢,江苏省,南京市,江宁区,1,b67b1ee2b572ac82744ff114
7692,8879,东南大学(九龙湖校区)桃园生活区-4A幢,118.833739,31.896687,江苏省南京市江宁区东南大学桃园生活区4A幢,江苏省,南京市,江宁区,1,af1f47f188a9ac4ef82d6152
7693,8880,南京东南大学桃园5B宿舍,118.833827,31.897143,南京市江宁区东南路东南大学(九龙湖校区),江苏省,南京市,江宁区,1,412a1c262d4b4ab740ab9adc
7694,8881,东南大学九龙湖校区桃园5C,118.834395,31.897446,江苏省南京市江宁区东南大学桃园生活区5C幢,江苏省,南京市,江宁区,1,29032a0cc2e4639deee4a5b6
7695,8882,东南大学(九龙湖校区)桃园生活区-5A幢,118.833783,31.897402,江苏省南京市江宁区东南大学桃园生活区5A幢,江苏省,南京市,江宁区,1,0c8d6d698490a36a873304aa
7696,8884,东南大学九龙湖校区桃园5舍6舍,118.834119,31.897747,南京市江宁区苏源大道79号东南大学九龙湖校区内,江苏省,南京市,江宁区,1,5ecf03eff8931acb6a49f3d8
7697,8887,东南大学九龙湖校区-桃园7舍,118.832624,31.897064,南京市江宁区东南大学九龙湖校区内,江苏省,南京市,江宁区,1,2a88eb3776a5ca1ff33cba35
7698,8889,东南大学九龙湖校区教师公寓,118.833687,31.899203,江苏省南京市江宁区苏源大道79号东南大学九龙湖校区内,江苏省,南京市,江宁区,1,56f74c483ee8973f45e27452
7699,8890,中国传媒大学南广学院-学生公寓5-6,118.897615,31.890788,南京市江宁区玉兰东路南京传媒学院,江苏省,南京市,江宁区,1,068ec344c6018eb9704b874c
7700,8891,中国传媒大学南广学院教师公寓19-21,118.898217,31.892935,南京市江宁区玉兰东路南京传媒学院,江苏省,南京市,江宁区,1,57370ef460604f4831f71d99
7701,8893,中国传媒大学南广学院-教师公寓3-4,118.898427,31.892029,南京市江宁区玉兰东路南京传媒学院,江苏省,南京市,江宁区,1,d9869e9bdd084c9b1676435f
7702,8894,中国传媒大学南广学院-学生公寓24-25,118.893752,31.891564,南京市江宁区银杏路南京传媒学院,江苏省,南京市,江宁区,1,44f73bf3d43be630a2d23025
7703,8895,中国传媒大学南广学院教师公寓1-2(玉兰东路),118.897855,31.891275,南京市江宁区玉兰东路南京传媒学院,江苏省,南京市,江宁区,1,5d987ae8f034e807c0364416
7704,8896,翰香苑,118.902529,31.893822,江苏省南京市江宁区秣陵街道弘景大道3699号,江苏省,南京市,江宁区,1,f1e95c0a699b7524d4851f84
7705,8897,世茂梦享家,118.903208,31.890646,南京市江宁区方山东麓大学城内(弘景大道南广学院对面),江苏省,南京市,江宁区,1,91c2efea3d863c8d43afe613
7706,8898,陶苑,118.904182,31.892904,南京市江宁区弘景大道齐武路2号,江苏省,南京市,江宁区,1,24430d8431d7ec5496f08c18
7707,8899,华菁水苑,118.905983,31.891601,南京市江宁区秣陵街道文鸿路9号(弘景大道以东、学十一路以南),江苏省,南京市,江宁区,1,ec74fa9fc9decf0814948eea
7708,8900,南京传媒学院学生公寓-3号楼,118.897417,31.88998,中国传媒大学南广学院学生公寓34,江苏省,南京市,江宁区,1,0294413d02868141c9291538
7709,8901,树蕙苑,118.908492,31.898362,江苏省南京市江宁区弘景大道3601号,江苏省,南京市,江宁区,1,a251536f8772e9620482c260
7710,8903,秋实苑学生公寓,118.909183,31.897807,南京市江宁区弘景大道3601号,江苏省,南京市,江宁区,1,7b8976b689231128c4f50d50
7711,8904,南京晓庄学院学生宿舍-29幢,118.908548,31.897,江苏省南京市江宁区弘景大道3601号南京晓庄学院方山校区内,江苏省,南京市,江宁区,1,da81fef849c1cc8e51e5c5bb
7712,8905,南京四金学生公寓翰香苑店,118.901558,31.893499,江苏省南京市江宁区弘景大道3699号翰香苑7-205室(近中国传媒大学南广学院),江苏省,南京市,江宁区,1,648817736f3e1f7fe6e965c7
7713,8906,华菁水苑-二期,118.907579,31.891503,南京市江宁区文鸿路9号,江苏省,南京市,江宁区,1,ae8fcb49e0f7054b3a13fd79
7714,8907,南京晓庄学院学生宿舍-28幢,118.908938,31.896777,江苏省南京市江宁区弘景大道3601号南京晓庄学院方山校区内,江苏省,南京市,江宁区,1,3f8c639b1c76d42df82d6129
7715,8909,晓庄学院学生宿舍秋实院-24幢,118.909787,31.897364,江苏省南京市江宁区弘景大道3601号南京晓庄学院方山校区内,江苏省,南京市,江宁区,1,48975d1ed2c9a491e115f908
7716,8910,晓庄学院学生宿舍秋实苑-23幢,118.909767,31.897716,江苏省南京市江宁区弘景大道3601号南京晓庄学院方山校区内,江苏省,南京市,江宁区,1,b20d126f0dc6d08aa0acc49e
7717,8911,晓庄学院树惠苑学生宿舍-13幢,118.91011,31.899956,江苏省南京市江宁区弘景大道3601号南京晓庄学院方山校区内,江苏省,南京市,江宁区,1,b15d7dfc2623bd8133169b4d
7718,8912,晓庄学院学生公寓楼-9幢,118.911359,31.900347,江苏省南京市江宁区弘景大道3601号南京晓庄学院方山校区内,江苏省,南京市,江宁区,1,15499adfbff6bab8fb2d613d
7719,8913,保利·梧桐语,118.917419,31.900072,江苏省南京市江宁区秣陵街道修文路9号,江苏省,南京市,江宁区,1,046590c3410bd8ae2efaa710
7720,8915,春华苑学生公寓,118.910704,31.898145,江苏省南京市江宁区淳化街道弘景大道3601号南京晓庄学院方山校区东门,江苏省,南京市,江宁区,1,a5288b3a6def6e0040024549
7721,8917,南京晓庄学院(方山校区)E区-学生公寓,118.912353,31.900015,江苏省南京市江宁区弘景大道3601号,江苏省,南京市,江宁区,1,d3d4c07d8db7d80c2cb17efd
7722,8918,南京晓庄学院树蕙苑学生公寓,118.910388,31.900372,南京市江宁区淳化街道弘景大道3601号,江苏省,南京市,江宁区,1,f589458db225376638221c83
7723,8919,晓庄学院学生宿舍-22幢,118.911177,31.898161,江苏省南京市江宁区弘景大道3601号南京晓庄学院方山校区内,江苏省,南京市,江宁区,1,18f2631be099e869b05c6aac
7724,8920,晓庄学院春华苑学生宿舍-11幢,118.911235,31.89968,江苏省南京市江宁区弘景大道3601号南京晓庄学院(方山校区),江苏省,南京市,江宁区,1,52cd5c08742561bb5fd4fe64
7725,8924,竹园小区,118.960868,31.895003,江苏省南京市江宁区X202(瑞泽路),江苏省,南京市,江宁区,1,da97a6af5fe58eaae115f99b
7726,8925,南京碧桂园,118.704574,31.888005,南京市江宁区谷里街道庆兴路8号,江苏省,南京市,江宁区,1,a03a1b4b566f33de42d63e03
7727,8926,九岛梦都城,118.712961,31.887655,南京市江宁区庆兴路8号,江苏省,南京市,江宁区,1,15e1e85e8e989cdc581093dc
7728,8927,中港大厦(庆兴路),118.712093,31.884693,江苏省南京市江宁区庆兴路1号,江苏省,南京市,江宁区,1,31a3b455f0c0b13197f08c71
7729,8928,晨光新区,118.776158,31.890021,丹阳大道与康平街交叉口南150米,江苏省,南京市,江宁区,1,51174532335a78875b109324
7730,8931,九龙湖人才公寓,118.819212,31.881925,南京市江宁区苏源大道70号,江苏省,南京市,江宁区,1,7835d18b27e987875cd4fead
7731,8932,东南大学九龙湖校区-橘园5舍,118.819067,31.890236,南京市江宁区东南大学路2号,江苏省,南京市,江宁区,1,f564591f3a1ea3bd581093fe
7732,8933,东南大学九龙湖校区-橘园1B,118.819948,31.887331,南京市江宁区东南大学路2号,江苏省,南京市,江宁区,1,dab4cebfab25f4580869d9a1
7733,8934,华宝员工宿舍,118.817676,31.883043,南京市江宁区苏源大道68-18号,江苏省,南京市,江宁区,1,df638d2ef47f610efb2213d2
7734,8935,东南大学九龙湖校区橘园生活区,118.82023,31.887688,苏源大道79东南大学九龙湖校区,江苏省,南京市,江宁区,1,ac038bc016e393728936eeb5
7735,8936,东南大学九龙湖校区-橘园3A,118.819639,31.888756,南京市江宁区东南大学路2号,江苏省,南京市,江宁区,1,b9b465cb3920cecc1d5800ce
7736,8940,东南大学九龙湖校区-橘园2B,118.819891,31.887831,南京市江宁区东南大学路2号,江苏省,南京市,江宁区,1,e85d7d0dfcf8d09116c905e9
7737,8942,东南大学九龙湖校区橘园1舍-3舍,118.819938,31.888547,南京市江宁区苏源大道79号东南大学九龙湖校区内,江苏省,南京市,江宁区,1,03e311421c108a90c9e33cb3
7738,8943,依恋服饰(苏源大道店),118.818541,31.88277,清水西苑B02栋,江苏省,南京市,江宁区,1,6eed76dc4748889d4d2fdf8b
7739,8944,乐陶苑,118.824331,31.883635,南京市江宁区苏源大道南京大学江宁科技园南150米,江苏省,南京市,江宁区,1,6076fe602965a11d88f15d9d
7740,8945,东南大学九龙湖校区橘园3D,118.820388,31.888521,南京市江宁区东南大学路2号,江苏省,南京市,江宁区,1,38e9d86a49471f388733043e
7741,8947,东南大学九龙湖校区橘园2C,118.820398,31.888169,南京市江宁区苏源大道79号东南大学九龙湖校区,江苏省,南京市,江宁区,1,4eef46d1e793ac3a17b54b6b
7742,8948,东南大学九龙湖校区橘园2D,118.820559,31.887927,南京市江宁区东南大学路2号,江苏省,南京市,江宁区,1,c987b17a15819150a4c756b6
7743,8950,东南大学槁园生活区-2C幢,118.820471,31.88817,江苏省南京市江宁区东南大学槁园生活区2C幢,江苏省,南京市,江宁区,1,ca85146ff323024295ca0708
7744,8952,东南大学九龙湖校区梅园1A,118.832497,31.888036,江苏省南京市江宁区苏源大道79号东南大学九龙湖校区,江苏省,南京市,江宁区,1,8a68b915879130944207c1c0
7745,8953,东南大学九龙湖校区梅园6B,118.833759,31.888322,江苏省南京市江宁区苏源大道79号东南大学九龙湖校区,江苏省,南京市,江宁区,1,867c7513ae8f70a50f0a7038
7746,8954,东南大学九龙湖校区梅园-4C,118.83299,31.889192,江苏省南京市江宁区苏源大道79号东南大学九龙湖校区,江苏省,南京市,江宁区,1,eb38e8b222b982a322022017
7747,8955,东南大学九龙湖校区梅园1D,118.833104,31.887746,江苏省南京市江宁区苏源大道79号东南大学九龙湖校区,江苏省,南京市,江宁区,1,7440c2d9ce0fa5defca778c2
7748,8956,东南大学九龙湖校区梅园7A,118.834413,31.888604,江苏省南京市江宁区苏源大道79号东南大学九龙湖校区,江苏省,南京市,江宁区,1,e05d52a1821aae2e6d20b9ba
7749,8957,东南大学(九龙湖校区)梅园生活区-1C幢,118.833143,31.888028,江苏省南京市江宁区东南大学梅园生活区1C幢,江苏省,南京市,江宁区,1,b32a7385bf1beb754d554727
7750,8959,东南大学九龙湖校区梅园5舍-8舍,118.83413,31.889212,南京市江宁区苏源大道79号东南大学九龙湖校区内,江苏省,南京市,江宁区,1,3db4fd0a9613d6b1f7eafc11
7751,8961,东南大学(九龙湖校区)梅园生活区-3A幢,118.833258,31.888465,江苏省南京市江宁区东南大学梅园生活区3A幢,江苏省,南京市,江宁区,1,0db1447308f4ed0ad81318f0
7752,8963,东南大学九龙湖校区梅园8D,118.834407,31.88893,南京市江宁区苏源大道79号东南大学九龙湖校区,江苏省,南京市,江宁区,1,b5e8e7fb50abf88ebbbd6366
7753,8966,东南大学九龙湖校区梅园1舍-4舍,118.832663,31.88921,南京市江宁区苏源大道79号东南大学九龙湖校区内,江苏省,南京市,江宁区,1,b35543535a0e6a9e9de3211d
7754,8967,东南大学(九龙湖校区)梅园生活区-2A幢,118.832199,31.88857,江苏省南京市江宁区东南大学梅园生活区2A幢,江苏省,南京市,江宁区,1,a68cddd4dd52e363abf0cd0b
7755,8968,东南大学(九龙湖校区)梅园生活区-4D幢,118.833055,31.888926,南京市江宁区苏源大道79号东南大学九龙湖校区,江苏省,南京市,江宁区,1,f198c795bf87e7f58505bf72
7756,8969,东南大学九龙湖校区梅园生活区,118.83263,31.88878,秣陵街道江宁开发区东南大学路2号,江苏省,南京市,江宁区,1,3d21ba35529be54b901fc943
7757,8970,东南大学(九龙湖校区)梅园生活区-4B幢,118.832346,31.888852,南京市江宁区苏源大道79号东南大学九龙湖校区,江苏省,南京市,江宁区,1,15fde13e4a5ed8df3ce231eb
7758,8971,东南大学九龙湖校区梅园9舍,118.83411,31.889589,南京市江宁区苏源大道79号东南大学九龙湖校区内,江苏省,南京市,江宁区,1,f8295434b65f40e0ab0dd872
7759,8972,东南大学(九龙湖校区)梅园生活区-9C幢,118.834437,31.889872,江苏省南京市江宁区东南大学梅园生活区9C幢,江苏省,南京市,江宁区,1,9dc7bdccb07ad1a30289727e
7760,8973,东南大学九龙湖校区梅园9A,118.833784,31.889883,江苏省南京市江宁区东南大学梅园生活区9A幢,江苏省,南京市,江宁区,1,2b690e9ad09feee3f02d8332
7761,8974,武夷名仕园,118.900111,31.887561,江苏省南京市江宁区武夷名仕园(平和路南80米),江苏省,南京市,江宁区,1,c17319dfb03e5f2b1ef74d8d
7762,8975,银城·一方山-北门,118.898891,31.885515,南京市江宁区弘景大道,江苏省,南京市,江宁区,1,fe5a0cf88fcd6ace1ce999a6
7763,8976,山语禧园,118.898224,31.884933,南京市江宁区吉印大道4199号,江苏省,南京市,江宁区,1,3c1c767cb42b9d5228201a64
7764,8979,骋望骊都,118.901304,31.889347,江苏省南京市江宁区弘景大道3889号,江苏省,南京市,江宁区,1,3810c8797b71d9f59c09f76f
7765,8980,招商方山里,118.903285,31.886109,江苏省南京市江宁区弘景大道与平和路交汇处东侧,江苏省,南京市,江宁区,1,d7b6562e8d39476f4e776e37
7766,8982,金宝湖熟商业广场-综合楼,118.977492,31.88015,南京市江宁区X202金宝湖熟商业广场,江苏省,南京市,江宁区,1,d2473e03cf4bbba74afd3faf
7767,8983,梁台煦府,118.989925,31.88412,南京市江宁区润湖大道398号,江苏省,南京市,江宁区,1,793ad283ec2f46fc601c671b
7768,8984,金城产业配套区,118.981912,31.884419,南京市江宁区湖熟镇盛达路28号,江苏省,南京市,江宁区,1,c3b8a59522a80259ce04efc4
7769,8985,盛江花苑-石榴园,118.607532,31.870364,南京市江宁区润寿北路与澄江路交叉口北150米,江苏省,南京市,江宁区,1,6124c2e4c52f3f56f03cbaf4
7770,8986,盛江花苑(六期),118.607427,31.869516,长兴大街298盛江花苑,江苏省,南京市,江宁区,1,6f4fae84c6a4c4c4aa175abc
7771,8987,司家小苑,118.607156,31.87285,南京市江宁区宁新路80号,江苏省,南京市,江宁区,1,bdaf620f211c7606d2f49e76
7772,8988,府前小区,118.617622,31.870038,南京市江宁区宁桥南路5号,江苏省,南京市,江宁区,1,99fe827ba64b2f1e343a7150
7773,8989,梅府花园小区,118.617166,31.877516,南京市江宁区太康路100号,江苏省,南京市,江宁区,1,cb0c575f684f424816a1902a
7774,8990,柏树社区,118.657578,31.877727,江苏省南京市江宁区Y518(新区路),江苏省,南京市,江宁区,1,a2ee8c88ec48e776fd0eb0eb
7775,8991,庆缘北路小区,118.697373,31.876021,南京市江宁区庆缘北路与兴谷西路交叉路口往南约110米,江苏省,南京市,江宁区,1,bec5b59d78832f07e01103ec
7776,8993,谷里供销花苑,118.694432,31.87101,南京市江宁区莲花街与金牛街交叉路口西北侧,江苏省,南京市,江宁区,1,eea082067a66b7a9581093cf
7777,8994,谷里复建四期经济适用房,118.696053,31.872567,南京市江宁区庆缘东街谷里初级中学,江苏省,南京市,江宁区,1,b288cf5596c064387bf79626
7778,8995,金牛花苑(庆缘东街),118.701193,31.873256,南京市江宁区庆缘东街1号,江苏省,南京市,江宁区,1,5b25f4468f70b1ea10293578
7779,8996,康居小区-青青家园,118.704514,31.873509,南京市江宁区振容路1号,江苏省,南京市,江宁区,1,fcd8cc8cedbe2e8d28d7ab56
7780,8997,康居园,118.705202,31.875087,江苏省南京市江宁区振容路2号,江苏省,南京市,江宁区,1,1e59e1db69d8b0c44f3a591b
7781,8998,中琅大厦,118.708484,31.873954,南京市江宁区谷里街道邻里大道1号,江苏省,南京市,江宁区,1,8fa14fc325238713f6eafca7
7782,9000,东虹花苑北苑,118.780164,31.880075,江苏省南京市江宁区东虹花苑北苑(东阁街西),江苏省,南京市,江宁区,1,22137c57ffeff7824254d7dc
7783,9001,东虹花苑西苑,118.779003,31.87737,南京市江宁区东屏街56号,江苏省,南京市,江宁区,1,b703e96b7a19ff878e1a89a7
7784,9002,东虹花苑东屏苑,118.771798,31.878052,南京市江宁区X002(板汤线)东虹花苑东屏苑,江苏省,南京市,江宁区,1,56da5aa9bc1f9a4f97ec8452
7785,9003,东虹花苑-H区,118.777448,31.873606,南京市江宁区东宁街与西虹街交叉口西北150米,江苏省,南京市,江宁区,1,70cf884400438c7088f15d4f
7786,9004,东善桥供销社福利房,118.78006,31.875478,南京市江宁区东虹街62号,江苏省,南京市,江宁区,1,6d7a0c438112829940ab9a57
7787,9005,东虹花苑,118.78128,31.872896,南京市江宁区东屏街与东虹街交叉口东南方向,江苏省,南京市,江宁区,1,34e48508f78905e2d8d89178
7788,9006,东虹花苑-东苑,118.781186,31.872659,东屏街与东虹街交叉口东南200米,江苏省,南京市,江宁区,1,5e7388b2791132c7ae31e5fb
7789,9008,东善供销大厦,118.780666,31.87527,南京市江宁区东虹街与东屏街交叉路口西南侧,江苏省,南京市,江宁区,1,a100a9aaf76afe8baaf0cd0d
7790,9009,南京云数网络科技有限公司,118.834143,31.874,江苏省南京市江宁区秣周东路12号悠谷3号楼,江苏省,南京市,江宁区,1,2b87b9136191afb64afd3f30
7791,9010,悠谷1号楼,118.832988,31.874107,南京市江宁区秣周东路12号,江苏省,南京市,江宁区,1,74988936d5245d6db72655e5
7792,9012,秣周东路12号悠谷-4号楼,118.834931,31.874055,江苏省南京市江宁区秣周东路12号4号楼毅力大厦3楼,江苏省,南京市,江宁区,1,a35bc659a6505182e011037c
7793,9015,翠屏·诚园,118.839071,31.877167,南京市江宁区双龙大道3000号,江苏省,南京市,江宁区,1,ea9e5d33aadf75fd2a02e151
7794,9016,风迅科技创业大厦,118.835872,31.87053,南京市江宁区江云路与悠湖街交叉路口往北约70米,江苏省,南京市,江宁区,1,12be9fa0d9419c76b6147f75
7795,9017,悠湖人才公寓,118.831806,31.878037,江苏省南京市江宁区·江宁无线谷(秣周东路北300米),江苏省,南京市,江宁区,1,446cbab43941b808f4b91684
7796,9019,翠屏·诚园北区,118.838911,31.877198,江苏省南京市江宁区秣周东路,江苏省,南京市,江宁区,1,7e189d21c546ed73fda77884
7797,9020,悠谷1期,118.83414,31.874401,南京市江宁区秣周东路12号,江苏省,南京市,江宁区,1,b33b3d19a0423b34c41b759c
7798,9021,翠屏诚园-南区,118.840533,31.873899,南京市江宁区秣周东路22号,江苏省,南京市,江宁区,1,0a8e0646be84854d4002455b
7799,9022,诚园2期,118.842746,31.877097,南京市江宁区敏轩街翠屏诚园-南区东北侧约230米,江苏省,南京市,江宁区,1,2b291b4a3550de9cad080fd8
7800,9023,金城花园,118.979415,31.877666,南京市江宁区虎踞北路归云堂30号,江苏省,南京市,江宁区,1,b886560e27b00b0b8936ee70
7801,9024,江宁区湖熟街道金桥工业园管理办公室,118.976042,31.878349,金桥工业园(金宝湖熟商业广场西南)附近,江苏省,南京市,江宁区,1,9962edcee76df407e8e58273
7802,9025,恒业花园,118.985594,31.872935,南京市江宁区灵顺北路211号,江苏省,南京市,江宁区,1,80d821525d7559455fd4fe11
7803,9026,陶然·经典,118.983515,31.870485,南京市江宁区湖熟街道宝塔北路123号,江苏省,南京市,江宁区,1,93fdddbc33d692bba20464fc
7804,9027,绿野枫景花园-东区,118.983387,31.877424,江苏省南京市江宁区灵顺北路318号,江苏省,南京市,江宁区,1,a601204a1d5696cec03644bb
7805,9028,绿野枫景花园-西区,118.981954,31.879397,南京市江宁区灵顺北路318号,江苏省,南京市,江宁区,1,053f9e70460cd483c51b7510
7806,9029,银湖佳苑,118.983989,31.871323,南京市江宁区宝塔北路123号,江苏省,南京市,江宁区,1,f8119af5e0a5893dc4f50d6a
7807,9030,绿野枫景花园,118.982603,31.878375,南京市江宁区湖熟镇灵顺北路318号,江苏省,南京市,江宁区,1,5ce2637d344cf42dae31e55a
7808,9031,金陵美域,118.98559,31.872886,南京市江宁区湖熟街道灵顺北路211号,江苏省,南京市,江宁区,1,49e113a4194aec484e776e71
7809,9032,绿野枫景花园-南区,118.982083,31.87647,南京市江宁区灵顺北路318号,江苏省,南京市,江宁区,1,085a66f9184bf533d7851f0b
7810,9033,盛江花苑,118.609413,31.861827,江苏省南京市江宁区长兴大街298号,江苏省,南京市,江宁区,1,09185c5669bea15df1193778
7811,9034,宝驰景秀苑,118.60463,31.860307,南京市江宁区滨江经济开发区地秀路518号,江苏省,南京市,江宁区,1,435d7aea8facd84b5bbbbc80
7812,9035,盛江花苑7期-A区,118.606738,31.868434,南京市江宁区G205(宁芜大道),江苏省,南京市,江宁区,1,885ac0df7fff4957deee8bf3
7813,9036,新理想家,118.607799,31.860663,江苏省南京市江宁区地秀路516号,江苏省,南京市,江宁区,1,f36e7adcb5b782f238e4a695
7814,9037,盛江花苑-玉兰园,118.608826,31.866278,南京市江宁区地秀路附近,江苏省,南京市,江宁区,1,1d39eb9e092f05380aa8d498
7815,9038,盛江花苑-银杏园,118.6072,31.863561,南京市江宁区地秀路715号,江苏省,南京市,江宁区,1,01f6fadc6757528c223bf297
7816,9040,盛世嘉苑,118.612066,31.864033,江苏省南京市江宁区复建路,江苏省,南京市,江宁区,1,8b61c9500dc584f214b54b1f
7817,9041,盛世嘉苑-B区,118.611756,31.864749,宁芜大道盛世嘉园B区,江苏省,南京市,江宁区,1,df4724ec1ce217e74f6d463c
7818,9042,中国铁建原香颂,118.614073,31.864661,江苏省南京市江宁区宁桥南路108号,江苏省,南京市,江宁区,1,94ecf348eeb7eb25740269a1
7819,9043,盛世嘉苑-A区,118.613337,31.860047,南京市江宁区宁芜大道盛江花苑东南侧约100米,江苏省,南京市,江宁区,1,60bac0c869e39590120daafc
7820,9045,金谷家园(金牛街),118.695402,31.869524,南京市江宁区金谷南街1号,江苏省,南京市,江宁区,1,7e95a8a0530b32ae0869d9f4
7821,9046,庆缘花苑,118.701905,31.87078,江苏省南京市江宁区庆缘路庆缘花苑(省电台复建房二期附近),江苏省,南京市,江宁区,1,d3776fd09c1e1712e8e58276
7822,9047,新民花苑-南门,118.709953,31.867265,南京市江宁区邻里大道50号,江苏省,南京市,江宁区,1,3b5b0403bdbcd312d42ce21a
7823,9048,新民花苑,118.711546,31.868891,江苏省南京市江宁区邻里大道50号,江苏省,南京市,江宁区,1,161a0ed23b2c4e2d5dd4fea7
7824,9049,国信慧谷山居,118.771614,31.861614,江苏省南京市江宁区吉山大道8号,江苏省,南京市,江宁区,1,3dbaf49c5d63383dd5b74ee7
7825,9050,康和欣居,118.780197,31.866796,南京市江宁区丹阳大道99号,江苏省,南京市,江宁区,1,e79561f34f83baa84251c0b9
7826,9054,和进社区,118.96882,31.863297,南京市江宁区友谊路南50米,江苏省,南京市,江宁区,1,642e9b9f20889ab7a0acc491
7827,9055,国府大院,118.973609,31.868731,江苏省南京市江宁区瑞鑫路国府大院,江苏省,南京市,江宁区,1,e9eb187b142fff7ec9c3db67
7828,9056,瑞鑫苑,118.975623,31.869818,南京市江宁区瑞鑫路2号,江苏省,南京市,江宁区,1,1a920c2e3f09b848744ff136
7829,9057,湖鑫苑,118.98538,31.863335,南京市江宁区宝塔南路1号,江苏省,南京市,江宁区,1,ed5d0b4900b11ee7eddfca3a
7830,9058,姚西台,118.989891,31.86482,南京市江宁区灵顺南路12号,江苏省,南京市,江宁区,1,5df406e25d539a002e473348
7831,9059,家乐花园,118.987359,31.868892,南京市江宁区灵顺北路57号,江苏省,南京市,江宁区,1,c0b59c9b1cbcfc7a3f9a5ed0
7832,9060,卫星小区,118.990394,31.864194,南京市江宁区河南西街26号,江苏省,南京市,江宁区,1,0e264ff930fc1b90f7eafcb4
7833,9061,新燕公寓,118.990969,31.863165,南京市江宁区灵顺南路33号,江苏省,南京市,江宁区,1,025d0e3e2c5cd6bbddee8b46
7834,9062,花园新寓,118.991158,31.866152,姚东大街8号,江苏省,南京市,江宁区,1,bb8345df744543d679b55cc8
7835,9063,丹桂社区,119.042421,31.868667,915路,江苏省,南京市,江宁区,0,9f570f8b0a532b93841541d1
7836,9064,滨江消防,118.586807,31.840756,南京市江宁区春阳路滨江开发区派出所西北侧约30米,江苏省,南京市,江宁区,1,e1535ebfbe7862d1c91b9585
7837,9065,绿地国际花都,118.601095,31.856118,江苏省南京市江宁区锦文路9号,江苏省,南京市,江宁区,1,d13802ca91c6330a9a0050d1
7838,9066,朗诗未来家,118.598998,31.857403,南京市江宁区安居街368号,江苏省,南京市,江宁区,1,f3223c628d69efea2cb90885
7839,9068,禹洲弘阳竹水居,118.600758,31.859411,南京市江宁区滨江开发区江宁街道润寿路599号,江苏省,南京市,江宁区,1,efb56dc580dd9c5c89db73e5
7840,9069,恒信珑湖国际,118.60821,31.859446,江苏省南京市江宁区太白路,江苏省,南京市,江宁区,1,d8dcd83834c6ec4716a19030
7841,9070,御境园,118.607031,31.859876,南京市江宁区江宁街道地秀路99号,江苏省,南京市,江宁区,1,8ff98d2600c54147774ff1b3
7842,9071,宝驰景秀苑-南区,118.603007,31.858844,南京市江宁区地秀路518号,江苏省,南京市,江宁区,1,4ef14d9b1050d436c17da2e6
7843,9072,奥登金属大院,118.601602,31.85211,江苏省南京市江宁区锦文路7号奥登金属,江苏省,南京市,江宁区,1,f7b1a7a17c2454e2c6effb68
7844,9073,盛江花苑-牡丹园,118.614936,31.858125,南京市江宁区长兴大街298号,江苏省,南京市,江宁区,1,72aa25136bf0ba3a067ce8a7
7845,9074,滨江华苑,118.611294,31.857452,南京市江宁区盛江路209号(长兴大街与盛江路交汇处西南侧),江苏省,南京市,江宁区,1,6affca7bfc3e577130169b2f
7846,9075,碧湖天辰,118.61438,31.856305,南京市江宁区宁桥南路178号,江苏省,南京市,江宁区,1,19e27a7758c41b7b4f3a59f0
7847,9076,盛江花苑-玫瑰园,118.613152,31.856817,南京市江宁区二零五国道,江苏省,南京市,江宁区,1,28babdc7969b424b30169bde
7848,9077,碧湖天辰-南门,118.615064,31.856261,南京市江宁区宁桥南路178号碧湖天辰附近,江苏省,南京市,江宁区,1,7e66156f0aef18c07f29bd12
7849,9078,盛江花苑玫瑰园-西门,118.613023,31.857502,江苏省南京市江宁区盛江社区宁芜大道盛江花苑玫瑰园,江苏省,南京市,江宁区,1,d0d866b8ab1c3820c056accf
7850,9079,碧桂园湖光山色,118.707007,31.852892,正方中路悦湖路9号,江苏省,南京市,江宁区,1,aef56364b34c6fef0b69d9d0
7851,9080,慧谷水轩,118.769731,31.859151,南京市江宁区吉山大道8号,江苏省,南京市,江宁区,1,0b6f4f90156f7e523686f43b
7852,9081,叶泊蓝山,118.779374,31.850831,江苏省南京市江宁区丹阳大道111号(开发区丹阳大道与科技大道交叉口东北侧),江苏省,南京市,江宁区,1,203d86a23e51442995f08ca2
7853,9082,景瑞春风十里,118.769753,31.859168,南京市江宁区吉山大道9号,江苏省,南京市,江宁区,1,27fae2f04dfbef04fa42b25c
7854,9083,思围,118.773488,31.860914,江宁区丹阳大道88号(江苏软件园吉山基地内),江苏省,南京市,江宁区,1,a59dc9f4b2b07aadbca822ed
7855,9084,荣平宿舍园区,118.840223,31.853888,江苏省南京市江宁区秣陵街道江宁开发区秣陵镇爱陵路16号,江苏省,南京市,江宁区,1,3536b361bb0718fbd7851f00
7856,9085,万安社区,118.92999,31.854286,龙葛路东50米,江苏省,南京市,江宁区,1,6380056d52f287461f3894be
7857,9086,河南公寓,118.993024,31.858257,南京市江宁区灵顺南路168号,江苏省,南京市,江宁区,1,d37bfc8c01c9cab35fbe86e8
7858,9087,芭堤雅商业小区,118.607682,31.847445,南京市江宁区宁芜大道与X003交叉路口往西南约140米,江苏省,南京市,江宁区,1,bcc063ff65c5e73158109389
7859,9088,青青家园,118.78112,31.848696,江苏省南京市江宁区青青家园(宁丹大道东260米),江苏省,南京市,江宁区,1,1fdfca40bbd0fd376ca3cc32
7860,9089,江苏软件园,118.779641,31.834108,南京市江宁区东吉大道1号,江苏省,南京市,江宁区,1,cf72c18ecd986bc9eddfcacf
7861,9090,凤凰山新寓,118.810476,31.842934,南京市江宁区秣陵街道将军大道550号,江苏省,南京市,江宁区,1,51fdf9a0285f880c14948ecf
7862,9091,两港科创产业园1号科研楼,118.832939,31.848268,江宁区苏源大道117号,江苏省,南京市,江宁区,1,f96e814be417c7ceb7265526
7863,9092,欣旺花苑-南区,118.849796,31.841247,江苏省南京市江宁区玉麟街13号附近,江苏省,南京市,江宁区,1,187d9782ace86adde81e97e1
7864,9093,欣旺花苑-西区,118.849802,31.841439,江苏省南京市江宁区X003(龙秣路),江苏省,南京市,江宁区,1,4c6619f0eab638c8c61b7589
7865,9094,欣旺花苑-二期,118.848768,31.846271,江苏省南京市江宁区凤仪街123号正东方向190米,江苏省,南京市,江宁区,1,2527be1ee7d6e1ce4bfc8da7
7866,9095,欣旺花苑-北区,118.849448,31.846049,江苏省南京市江宁区Y005(天秣路),江苏省,南京市,江宁区,1,febec4e814612c12b75f1ef7
7867,9096,凤仪街-16号院,118.846503,31.842915,凤仪街16号,江苏省,南京市,江宁区,1,ce70d8229859b0e0283a9f16
7868,9097,天禧公寓,118.845033,31.842928,南京市江宁区凤仪街39号,江苏省,南京市,江宁区,1,a96babe264aff1da4251c073
7869,9098,宏健公寓,118.845258,31.845076,南京市江宁区秣陵街道正方东路1号,江苏省,南京市,江宁区,1,c43cd5595e5b8e9e9900508b
7870,9099,欣旺花苑南区-东门,118.851927,31.842358,江苏省南京市江宁区方正路秣陵街道新型合作医疗结算中心附近,江苏省,南京市,江宁区,1,67b01cd1a50ecaa571210bf8
7871,9100,欣旺花苑,118.851204,31.842108,江苏省南京市江宁区秣欣路6号,江苏省,南京市,江宁区,1,23db64be62d9aa9aa6da3986
7872,9101,欣旺花苑-东区,118.853243,31.841745,南京市江宁区兴旺路与秣欣东路交叉路口往西约80米,江苏省,南京市,江宁区,1,906973106880e54994ec8489
7873,9102,欣旺花苑-三期,118.853796,31.841148,南京市江宁区兴旺路欣旺花苑-东区,江苏省,南京市,江宁区,1,e85e2527fd272c2e94f08ca7
7874,9104,虹南苑小区,118.939389,31.842933,南京市江宁区虹南路与南陵街交叉路口往西北约100米,江苏省,南京市,江宁区,1,56e88cba6ed9a465a4c7567b
7875,9105,虹南苑-20号楼,118.938326,31.842151,南京市江宁区南陵街虹南苑小区西南侧约70米,江苏省,南京市,江宁区,1,02bf23d3361795169de321eb
7876,9106,虹南苑33号楼,118.939003,31.842787,江苏省南京市江宁区湖熟街道龙都社区虹南路虹南苑小区,江苏省,南京市,江宁区,1,fbffa786e5c4ccd4d03ce3e9
7877,9107,虹南苑-21号楼,118.938229,31.842152,南京市江宁区虹园街虹南苑21号楼(虹南苑小区南50米),江苏省,南京市,江宁区,1,742f5321d6cbbe8f29fc4895
7878,9108,虹南苑32号楼,118.939103,31.842899,江苏省南京市江宁区湖熟街道龙都社区虹南路虹南苑小区,江苏省,南京市,江宁区,1,712690d3f1d95bebeb1e9758
7879,9109,顺力大厦,118.600832,31.84029,南京市江宁区滨江开发区飞鹰路2号,江苏省,南京市,江宁区,1,ae6984d5fcb3dcf3931fc9da
7880,9110,东吉大厦东方楼,118.779958,31.835226,江苏省南京市江宁区东吉大道1号东吉大厦A座,江苏省,南京市,江宁区,1,36c3620c7208e91ceb56faf2
7881,9111,江苏软件园东方楼,118.779921,31.83524,南京市江宁区东吉大道江苏软件园,江苏省,南京市,江宁区,1,0395fbcc3a4a105076e5b6c9
7882,9112,东吉大厦吉云楼,118.778527,31.833124,江苏省南京市江宁区江苏软件园大楼(联岛路东),江苏省,南京市,江宁区,1,49d6431bf01459d614c8f692
7883,9113,东吉大厦吉联楼,118.778413,31.834358,南京市江宁区秣陵街道(紫金吉山)东吉大道1号江苏软件园科技转化中心10号楼,江苏省,南京市,江宁区,1,987277c9d5c08192ab175acf
7884,9114,东吉大厦-B座,118.779247,31.833751,江苏省南京市江宁区东吉大厦(研发西路北100米),江苏省,南京市,江宁区,1,56bda1d8bf660bee29fc48d6
7885,9115,东吉大厦-C座,118.780082,31.833929,江苏省南京市江宁区东吉大厦(研发西路北100米),江苏省,南京市,江宁区,1,8016b001fe5072696f4760a8
7886,9116,东吉大厦-A座,118.779574,31.834665,江苏省南京市江宁区东吉大厦(东吉大道南100米),江苏省,南京市,江宁区,1,31335c06d57e6dcb5d0d0248
7887,9117,甲骨文宝云大楼,118.779355,31.832882,江苏省南京市江宁区东吉大道1号,江苏省,南京市,江宁区,1,259e61b3533790d8e60738b5
7888,9118,江苏软件园大楼,118.779638,31.834414,江苏省南京市江宁区东吉大道1号,江苏省,南京市,江宁区,1,f306b859754f5ead343a7135
7889,9119,东吉大厦东来楼,118.780556,31.834463,南京市江宁区东吉大道1号江苏软件园,江苏省,南京市,江宁区,1,b8cfdc190556935e441a32b0
7890,9120,南京南溪谷花园,118.78841,31.830523,南京市江宁区银城蓝溪郡售楼处南,江苏省,南京市,江宁区,1,ff2b1f68f02e176c774ff1a1
7891,9121,梅家巷,118.843928,31.838124,南京市江宁区骆家巷南京市秣陵中学西南侧约120米,江苏省,南京市,江宁区,1,30612286483687bd1894c68b
7892,9122,虹南新寓-东南门,118.939602,31.838148,南京市江宁区虹南路西50米,江苏省,南京市,江宁区,1,e4f6e68d9d169996dc1e52fa
7893,9123,银城蓝溪郡,118.786357,31.831659,南京市江宁区秣陵街道创新东路2号,江苏省,南京市,江宁区,1,1298fbba15f5b3d4e4e965e9
7894,9124,希泉新寓,118.7869,31.824469,银杏湖大道,江苏省,南京市,江宁区,1,d7fd2ad33efa41290accdda7
7895,9125,希泉新寓-北门,118.78726,31.825523,江苏省南京市江宁区希泉新寓北门(银杏湖大道南60米),江苏省,南京市,江宁区,1,45ca7c7d3efe38f20f0a7063
7896,9126,白鹭湖垂钓俱乐部,118.73486,31.810246,南京市江宁区上庄园,江苏省,南京市,江宁区,1,7c95a32d537218bd31f71d8a
7897,9127,周里新寓,118.853692,31.814652,南京市江宁区新宁路1号,江苏省,南京市,江宁区,1,20f6cc58de37d409dbeced5a
7898,9128,绿杨社区,118.968174,31.813666,南京市江宁区绿东路,江苏省,南京市,江宁区,1,ef4884c6d2ed12f4b35c6ac8
7899,9129,牧龙原墅,118.612258,31.800797,南京市江宁区江宁街道滨溪大道1000号,江苏省,南京市,江宁区,1,1841e129df8b7f3a1c38949f
7900,9130,奥斯博恩庄园,118.863874,31.800109,江苏省南京市江宁区禄口街道宁溧路188号,江苏省,南京市,江宁区,1,0209789bfdbd68f287154198
7901,9132,博恩花园4期,118.862255,31.803911,南京市江宁区S123(天禄大道),江苏省,南京市,江宁区,1,e8dfd4d2873f37d55abbbcfd
7902,9133,翠屏城,118.865973,31.802656,江苏省南京市江宁区天禄大道1号(宁溧路188号机场高速禄口出口500米),江苏省,南京市,江宁区,1,090496aab80eef5617764330
7903,9135,外侨花园别墅,118.949592,31.802094,江苏省南京市江宁区湖熟镇齐尚路88号,江苏省,南京市,江宁区,1,90955482839799ab471a3217
7904,9136,尚桥社区,118.94209,31.80527,江宁区,江苏省,南京市,江宁区,1,aba8d034ef16dd05f7c59c5e
7905,9137,建工商厦,118.954366,31.802388,南京市江宁区齐尚街161号,江苏省,南京市,江宁区,1,03839627a74837b3a0acc46e
7906,9138,云龙轩,118.773093,31.79385,陶吴镇西阳社区,江苏省,南京市,江宁区,1,c8f3d88efea4807e213bf200
7907,9139,大才大厦,118.779244,31.791382,南京市江宁区横溪街道陶建路28号,江苏省,南京市,江宁区,1,450e723d93e7091b43e19285
7908,9140,空港青年公寓,118.819102,31.793148,江苏省南京市江宁区将军大道,江苏省,南京市,江宁区,1,f3c2373c9ac2c32cd22dd60a
7909,9141,空港公寓,118.819007,31.799151,江苏省南京市江宁区乾清路(座上客附近),江苏省,南京市,江宁区,1,f696a62f1b49468f5d17c3c7
7910,9142,人才公寓,118.817473,31.793628,江苏省南京市江宁区空港青年公寓人才公寓(越秀路南),江苏省,南京市,江宁区,1,396dff2d07f144fa764ff1c7
7911,9143,新城保利天地,118.82265,31.797214,南京市江宁区越秀路与乾清路交汇处,江苏省,南京市,江宁区,1,d40bc840d7ac30fa0a69d9ba
7912,9145,空港公寓-D组团,118.823052,31.800343,南京市江宁区乾清路东200米,江苏省,南京市,江宁区,1,755101ca52868d8346e274a0
7913,9148,博恩庄园-15号楼,118.866348,31.796967,江苏省南京市江宁区天禄大道奥斯博恩庄园博思庄园,江苏省,南京市,江宁区,1,11133fcfb2a011e2adcb6662
7914,9149,君驰华庭,118.864793,31.794982,南京市江宁区禄口街道天禄大道45号,江苏省,南京市,江宁区,1,2cc3c8e8e60ae9ab4c2fdfa7
7915,9150,自由度,118.868094,31.792353,天禄大道139号,江苏省,南京市,江宁区,1,497353841a71f880b11e3612
7916,9151,星汉公寓,118.870483,31.790701,天禄大道139号,江苏省,南京市,江宁区,1,69011ba1322d61526849f3df
7917,9152,江山星汉城,118.871563,31.791623,南京市江宁区天禄大道139号,江苏省,南京市,江宁区,1,0d86fac7bfec077c2afc48da
7918,9153,徐慕社区,118.979245,31.799861,南京市江宁区徐东路,江苏省,南京市,江宁区,1,72596c3a1ff6cfb2ca2915b9
7919,9154,南山美苑,118.596358,31.78843,南京市江宁区江宁街道铜井镇南山湖,江苏省,南京市,江宁区,1,2e00c5ddf8766c62d7851f1d
7920,9155,荷花社区,118.646863,31.78553,南京市江宁区山河线,江苏省,南京市,江宁区,1,9069408232734970e81e9788
7921,9157,金宁花园,118.782334,31.786138,金宁街与陶建路交叉口东100米,江苏省,南京市,江宁区,1,59d5692f832166cbacee7ac1
7922,9158,陶茂小区,118.785903,31.782097,南京市江宁区陶禄路46号,江苏省,南京市,江宁区,1,e4976fabcaf96868b320a837
7923,9159,春华园14号,118.782201,31.780512,南京市江宁区陶小路江宁区桃红中学西北侧约30米,江苏省,南京市,江宁区,1,a0307fc830e0680e5bf6be1b
7924,9160,同坤大厦,118.82857,31.786922,南京市江宁区信诚大道,江苏省,南京市,江宁区,1,93447d20dbeeec3bc16c14ed
7925,9161,南京空港枢纽经济区临空创造中心,118.840485,31.783909,江苏省南京市江宁区丰盛医疗科技产业园北门(信诚大道南),江苏省,南京市,江宁区,1,a13ce4c5214e875eaecb668f
7926,9162,禄口空港研发大楼,118.842364,31.783663,南京市江宁区禄口街道空港工业园飞天大道69号丰盛科技产业园,江苏省,南京市,江宁区,1,bf51d6181e49f20e1ce999b6
7927,9163,朗诗青春街区,118.857931,31.782605,江苏省南京市江宁区路禄口镇来凤路18号(禄口派出所对面),江苏省,南京市,江宁区,1,ff70fe21e6d4ecaaa8f0cd81
7928,9164,招商依云郡,118.853066,31.781935,江苏省南京市江宁区禄口街道鸣鹤路8号,江苏省,南京市,江宁区,1,a3983f4544a98d726140a90d
7929,9165,百利华府,118.862262,31.782255,正阳路与茅亭路交叉口西南150米,江苏省,南京市,江宁区,1,ce1b2ae315c9210d4f6d469e
7930,9166,颐家春天花园,118.867872,31.787291,南京市江宁区来凤路3号,江苏省,南京市,江宁区,1,dffd631c2e3fc3bc38221c78
7931,9167,艳阳广场-41号楼,118.864915,31.782314,南京市江宁区艳阳路百利华府东侧约90米,江苏省,南京市,江宁区,1,c8247e16043638bb27d2bb77
7932,9169,艳阳广场53号,118.865384,31.783298,南京市江宁区茅亭路百利华府东侧约160米,江苏省,南京市,江宁区,1,b90abdd5dff8a23a6c3e1bc9
7933,9170,艳阳广场-19号,118.865615,31.782382,南京市江宁区康宁巷OYO裘都假日酒店(南京禄口国际机场店)北侧约140米,江苏省,南京市,江宁区,1,283976c333e46894fda778b8
7934,9171,艳阳广场78号,118.864594,31.782506,南京市江宁区艳阳路百利华府东侧约60米,江苏省,南京市,江宁区,1,3ca2e1574c70e35a07fef597
7935,9172,艳阳广场-54号,118.865375,31.783252,南京市江宁区茅亭路百利华府东侧约160米,江苏省,南京市,江宁区,1,0aa3cb9c52cd827040e19249
7936,9173,艳阳广场-55号,118.865375,31.783206,南京市江宁区艳阳路百利华府东侧约160米,江苏省,南京市,江宁区,1,f674d484a92b3052a5da3976
7937,9175,玺禄苑,118.87112,31.777873,南京市江宁区禄口街道信陵路59号,江苏省,南京市,江宁区,1,5e8d14adbd5245f5b65f1e49
7938,9176,金禄雅居,118.871874,31.78354,南京市江宁区金禄路81号,江苏省,南京市,江宁区,1,937794d2154ac8440a5cb302
7939,9177,天元新城,118.875925,31.780689,南京市江宁区金石路99号,江苏省,南京市,江宁区,1,30d790069b69f44c97031966
7940,9178,文豪花园,118.881024,31.783142,南京市江宁区禄口街道天禄路508号,江苏省,南京市,江宁区,1,2e00c5dda060a41cd7851f78
7941,9179,宁徽小园,118.608735,31.772477,南京市江宁区,江苏省,南京市,江宁区,1,f9eb9e5abaaa1f09b54f544f
7942,9180,龙庵16-12号,118.779603,31.779092,南京市江宁区陶杨路江宁区桃红中学西侧约270米,江苏省,南京市,江宁区,1,a75663a8385650dad1f49e86
7943,9181,弘景新寓,118.788465,31.774459,南京市江宁区东方文理研修学院,江苏省,南京市,江宁区,1,a2d169d0ea5b781472455bea
7944,9182,狮子山花苑-A区,118.78706,31.776182,南京市江宁区陶吴镇狮山路98号,江苏省,南京市,江宁区,1,e042e3324e0a13812cb17e0e
7945,9183,狮子山花苑-B区,118.784774,31.774302,南京市江宁区狮山路,江苏省,南京市,江宁区,1,2ad32cc3d9d17ff29c95dea7
7946,9184,大学生公寓,118.791605,31.778758,南京市江宁区石坝路与西坝路交叉路口往东南约180米,江苏省,南京市,江宁区,1,4c7cef0e16a441f25fbe860e
7947,9185,学府佳园,118.791832,31.77968,石坝路与西坝路交叉口东南100米,江苏省,南京市,江宁区,1,28124de81deaa93983a00c68
7948,9186,百丽明珠花园,118.861132,31.775735,南京市江宁区禄口街道信陵路448号,江苏省,南京市,江宁区,1,fe88f13d6f4a9e9b364aae42
7949,9187,百利华府-三期,118.861143,31.77982,南京市江宁区来凤路29号,江苏省,南京市,江宁区,1,6fb1212a5c036a66c7effb16
7950,9188,祥福乐园,118.866023,31.778196,南京市江宁区正阳路175号,江苏省,南京市,江宁区,1,a58e75398a23dfbe48cc4ab9
7951,9189,瑞祥假日,118.860395,31.778706,南京市江宁区禄口街道蓝天路288号,江苏省,南京市,江宁区,1,fdc1f1b891576e283586f489
7952,9190,永欣新寓,118.871106,31.775107,江苏省南京市江宁区信陵路269号,江苏省,南京市,江宁区,1,2e00c5dddb880b1fd7851f62
7953,9191,里外城,118.875079,31.779838,南京市江宁区禄口街道金石路99号,江苏省,南京市,江宁区,1,79ebea940397e00dbd484237
7954,9193,永欣新寓百合苑,118.877314,31.771685,南京市江宁区禄口大街188号,江苏省,南京市,江宁区,1,a1a167c07eb3405fede4a5cf
7955,9195,绿都文化园,118.677202,31.766694,南京市江宁区江横线东日生华,江苏省,南京市,江宁区,1,557743d0f30145f73813fd69
7956,9196,东日生华,118.678052,31.767021,南京市江宁区江横线,江苏省,南京市,江宁区,1,d24e48eb49308cb4afee7a78
7957,9197,中浩·青溪庄园,118.72763,31.762861,南京市江宁区横溪街道甘泉湖路1号,江苏省,南京市,江宁区,1,a91721803a54c3ab78f796cd
7958,9198,江宁台湾农民创业园,118.78677,31.766855,科一路与002县道交叉口西南50米,江苏省,南京市,江宁区,1,2172a0f01d7abf93c056acd8
7959,9199,平安科技园,118.840424,31.765731,南京市江宁区,江苏省,南京市,江宁区,1,f924a2e3089c7df431f71dee
7960,9200,海棠苑,118.867585,31.766933,江苏省南京市江宁区海棠苑(正阳路西310米),江苏省,南京市,江宁区,1,86848a3b80da22e9067ce820
7961,9201,紫荆苑,118.866724,31.769329,江苏省南京市江宁区禄口街道高伏社区大伏译路紫荆苑,江苏省,南京市,江宁区,1,064b39ca79dd45ee2fb96dbb
