1460,马家园-109号,118.903635,32.115033,江苏省南京市栖霞区马家园109号,江苏省,南京市,栖霞区,1,98745d0d6940d7c12fb96d42
1461,马家园-109号,118.903635,32.115033,江苏省南京市栖霞区马家园109号,江苏省,南京市,栖霞区,1,98745d0d6940d7c12fb96d42
1462,马家园-109号,118.903635,32.115033,江苏省南京市栖霞区马家园109号,江苏省,南京市,栖霞区,1,98745d0d6940d7c12fb96d42
1463,马家园-109号,118.903635,32.115033,江苏省南京市栖霞区马家园109号,江苏省,南京市,栖霞区,1,98745d0d6940d7c12fb96d42
1464,马家园,118.90307,32.114266,江苏省南京市栖霞区,江苏省,南京市,栖霞区,0,920e8420d139f925c82915fc
1465,马家园-109号,118.903635,32.115033,江苏省南京市栖霞区马家园109号,江苏省,南京市,栖霞区,1,98745d0d6940d7c12fb96d42
1466,马家园-109号,118.903635,32.115033,江苏省南京市栖霞区马家园109号,江苏省,南京市,栖霞区,1,98745d0d6940d7c12fb96d42
1467,马家园-109号,118.903635,32.115033,江苏省南京市栖霞区马家园109号,江苏省,南京市,栖霞区,1,98745d0d6940d7c12fb96d42
1468,马家园-70号,118.900055,32.113908,江苏省南京市栖霞区马家园70号,江苏省,南京市,栖霞区,1,fa66ce8bbff85448eb56fa73
1469,马家园-109号,118.903635,32.115033,江苏省南京市栖霞区马家园109号,江苏省,南京市,栖霞区,1,98745d0d6940d7c12fb96d42
1470,马家园-109号,118.903635,32.115033,江苏省南京市栖霞区马家园109号,江苏省,南京市,栖霞区,1,98745d0d6940d7c12fb96d42
1471,马家园,118.90307,32.114266,江苏省南京市栖霞区,江苏省,南京市,栖霞区,0,920e8420d139f925c82915fc
1472,马家园-109号,118.903635,32.115033,江苏省南京市栖霞区马家园109号,江苏省,南京市,栖霞区,1,98745d0d6940d7c12fb96d42
1473,马家园-109号,118.903635,32.115033,江苏省南京市栖霞区马家园109号,江苏省,南京市,栖霞区,1,98745d0d6940d7c12fb96d42
1474,马家园-109号,118.903635,32.115033,江苏省南京市栖霞区马家园109号,江苏省,南京市,栖霞区,1,98745d0d6940d7c12fb96d42
1475,马家园-109号,118.903635,32.115033,江苏省南京市栖霞区马家园109号,江苏省,南京市,栖霞区,1,98745d0d6940d7c12fb96d42
1476,马家园-109号,118.903635,32.115033,江苏省南京市栖霞区马家园109号,江苏省,南京市,栖霞区,1,98745d0d6940d7c12fb96d42
1477,马家园-70号,118.900055,32.113908,江苏省南京市栖霞区马家园70号,江苏省,南京市,栖霞区,1,fa66ce8bbff85448eb56fa73
1478,马家园,118.90307,32.114266,江苏省南京市栖霞区,江苏省,南京市,栖霞区,0,920e8420d139f925c82915fc
1479,山居十六院,118.903325,32.111122,江苏省南京市栖霞区仙隐北路7号,江苏省,南京市,栖霞区,1,0058610806f232d946e274f9
1480,恒基·玲珑翠谷,118.911402,32.119821,南京市栖霞区文鼎路1号,江苏省,南京市,栖霞区,1,bbf74a26cca5c8366fa3ccb0
1481,恒基·富荟山,118.910033,32.117839,南京市栖霞区文鼎路1号,江苏省,南京市,栖霞区,1,cb4bcbd0d3ffdb255abbbc18
1482,南京师范大学仙林校区北苑33栋学生公寓,118.921005,32.119349,南京市栖霞区文苑路1号南京师范大学32栋宿舍东侧,江苏省,南京市,栖霞区,1,03a47ac4b79534d6eddfcaf3
1483,南京森林警察学院学生公寓F楼,118.926279,32.115374,南京市栖霞区环校西路南京森林警察学院(仙林校区),江苏省,南京市,栖霞区,1,0070982d9d6834a0adb22aeb
1484,南京森林警察学院学生公寓D楼,118.926373,32.114679,南京市栖霞区环校西路南京森林警察学院(仙林校区),江苏省,南京市,栖霞区,1,079e7da2d7f5c8231b94c616
1485,南京森林警察学院学生公寓C楼,118.92641,32.114191,南京市栖霞区文澜路28号,江苏省,南京市,栖霞区,1,c6c0a333ed6f4ce13b04b18f
1486,南京财经大学仙林校区中苑学舍17,118.927618,32.115486,南京市栖霞区仙林大学城文苑路3号,江苏省,南京市,栖霞区,1,9090931c479dfb3f2cb96db4
1487,南京财经大学仙林校区中苑学舍15,118.929128,32.115515,南京市栖霞区仙林大学城文苑路3号,江苏省,南京市,栖霞区,1,676a7b6296239d9fc51e511a
1488,南京财经大学(仙林校区)中苑学舍-13栋,118.927613,32.115167,江苏省南京市栖霞区仙林大学城文苑路3号,江苏省,南京市,栖霞区,1,d5e8f7269debf8134e776ec7
1489,南京财经大学仙林校区中苑学舍-12号楼,118.927586,32.114867,江苏省南京市栖霞区仙林大学城文苑路3号,江苏省,南京市,栖霞区,1,cc0402ec4e8185bc306212bf
1490,南京森林警察学院学生公寓B楼,118.926381,32.113699,南京市栖霞区环校西路南京森林警察学院(仙林校区),江苏省,南京市,栖霞区,1,067b16874c3b6862fbf0cb88
1491,南京财经大学仙林校区中苑学舍06,118.927516,32.114304,南京市栖霞区仙林大学城文苑路3号,江苏省,南京市,栖霞区,1,eed31923972547ddd3ff23a3
1492,南京财经大学仙林校区中苑学舍06,118.927516,32.114304,南京市栖霞区仙林大学城文苑路3号,江苏省,南京市,栖霞区,1,eed31923972547ddd3ff23a3
1493,南京财经大学(仙林校区)-西苑学舍06栋,118.927516,32.114304,南京市栖霞区仙林大学城文苑路3号,江苏省,南京市,栖霞区,1,eed31923972547ddd3ff23a3
1494,南京财经大学仙林校区中苑7号站-4栋,118.927419,32.114097,江苏省南京市栖霞区南京财经大学仙林校区中苑学舍04号,江苏省,南京市,栖霞区,1,6fa6cf6d5c984388c8213d29
1495,南京财经大学(仙林校区)西苑学舍-05栋,118.923732,32.110512,南京市栖霞区南京财经大学(仙林校区)西苑学舍05栋,江苏省,南京市,栖霞区,1,d125d59be1766980c9c3dbdc
1496,南京财经大学仙林校区中苑学舍05,118.927941,32.114277,江苏省南京市栖霞区南京财经大学仙林校区中苑学舍07号,江苏省,南京市,栖霞区,1,23dc19b99dd6522e0f0a7082
1497,南京森林警察学院学生公寓A楼,118.926278,32.113112,南京市栖霞区环校西路南京森林警察学院(仙林校区),江苏省,南京市,栖霞区,1,70a8cf4e05e155f4aecb669a
1498,南京财经大学仙林校区中苑学舍06,118.927516,32.114304,南京市栖霞区仙林大学城文苑路3号,江苏省,南京市,栖霞区,1,eed31923972547ddd3ff23a3
1499,南京财经大学(仙林校区)中苑学舍-14栋,118.928436,32.115529,江苏省南京市栖霞区仙林大学城文苑路3号,江苏省,南京市,栖霞区,1,fc8a021bca1d59af48cc4a96
1500,南京财经大学仙林校区中苑学舍-10号楼,118.928476,32.115238,南京市栖霞区仙林大学城文苑路三号,江苏省,南京市,栖霞区,1,f2750183f15f93ac8c1a8994
1501,南京财经大学(仙林校区)中苑学舍-03栋,118.928646,32.114596,南京市栖霞区南京财经大学(仙林校区)中苑学舍03栋,江苏省,南京市,栖霞区,1,dc92259141739c77a7c75645
1502,南京财经大学仙林校区中苑学舍08,118.928573,32.114972,南京市栖霞区仙林大学城文苑路3号,江苏省,南京市,栖霞区,1,545d43426f5bab3da8175a18
1503,南京财经大学(仙林校区)-中苑学舍02栋,118.928551,32.114376,南京市栖霞区仙林大学城文苑路3号,江苏省,南京市,栖霞区,1,a7525d6618761977c42ba1fe
1504,南京财经大学仙林校区中苑学舍06,118.927516,32.114304,南京市栖霞区仙林大学城文苑路3号,江苏省,南京市,栖霞区,1,eed31923972547ddd3ff23a3
1505,南京财经大学(仙林校区)西苑学舍-03栋,118.923571,32.110244,南京市栖霞区文澜路南京财经大学(仙林校区),江苏省,南京市,栖霞区,1,e2d9d1737a5d7e46102935da
1506,南京财经大学(仙林校区)中苑学舍15栋,118.929128,32.115515,南京市栖霞区仙林大学城文苑路3号,江苏省,南京市,栖霞区,1,676a7b6296239d9fc51e511a
1507,南京财经大学仙林校区中苑学舍15,118.929128,32.115515,南京市栖霞区仙林大学城文苑路3号,江苏省,南京市,栖霞区,1,676a7b6296239d9fc51e511a
1508,南京财经大学仙林校区员工公寓,118.927038,32.112455,南京市栖霞区环校西路南京财经大学(仙林校区),江苏省,南京市,栖霞区,1,2cf743d16e2ca9f788f15d20
1509,南京财经大学仙林校区西苑学舍28号楼,118.925764,32.112048,南京市栖霞区仙林大学城文苑路3号,江苏省,南京市,栖霞区,1,1ee15f1a935fb689c1f1cf22
1510,南京财经大学(仙林校区)中苑学舍-11栋,118.929198,32.115208,南京市栖霞区南京财经大学(仙林校区)中苑学舍11栋,江苏省,南京市,栖霞区,1,a9637b1cf4fa6515eb12e4d8
1511,南京森林警察学院青年教师公寓北楼,118.923907,32.119034,南京市栖霞区文澜路28号,江苏省,南京市,栖霞区,1,077a5922c90974a6c336446f
1512,南京财经大学仙林校区西苑学舍27,118.925378,32.111979,南京财经大学(仙林校区)西苑学舍,江苏省,南京市,栖霞区,1,8c52eb2f072d2f5e724b87f0
1513,南京森林警察学院青年教师公寓北楼,118.923907,32.119034,南京市栖霞区文澜路28号,江苏省,南京市,栖霞区,1,077a5922c90974a6c336446f
1514,南京财经大学(仙林校区)-西苑学舍26栋,118.924961,32.111843,江苏省南京市栖霞区仙林大学城文苑路3号,江苏省,南京市,栖霞区,1,a5e508293327deb4b3077dd0
1515,南京财经大学(仙林校区)西苑学舍-25栋,118.925898,32.111875,江苏省南京市栖霞区仙林大学城文苑路3号,江苏省,南京市,栖霞区,1,73042fc172b74b4e2cb908b4
1516,南京财经大学(仙林校区)西苑学舍-24栋,118.92552,32.111663,南京市栖霞区仙林大学城文苑路3号,江苏省,南京市,栖霞区,1,b173d667966a70a9fe0eb007
1517,南京财经大学仙林校区西苑学舍22,118.926025,32.111515,南京市栖霞区仙林大学城文苑路3号,江苏省,南京市,栖霞区,1,e193383da667965957bfff3a
1518,南京财经大学(仙林校区)-西苑学舍23栋,118.925156,32.111621,江苏省南京市栖霞区仙林大学城文苑路3号,江苏省,南京市,栖霞区,1,a129a8f7b4740501efdfca01
1519,南京财经大学(仙林校区)-西苑学舍19栋,118.924617,32.111666,江苏省南京市栖霞区仙林大学城文苑路3号,江苏省,南京市,栖霞区,1,09953afd66283848c9fa5fbe
1520,南京财经大学(仙林校区)西苑学舍-01栋,118.923697,32.109844,南京市栖霞区仙林大学城文苑路3号,江苏省,南京市,栖霞区,1,40736cc061d1941dadb22a52
1521,南京财经大学仙林校区西苑学舍27,118.925378,32.111979,南京财经大学(仙林校区)西苑学舍,江苏省,南京市,栖霞区,1,8c52eb2f072d2f5e724b87f0
1522,南京财经大学(仙林校区)-西苑学舍20栋,118.924219,32.111553,南京市栖霞区仙林大学城文苑路3号,江苏省,南京市,栖霞区,1,d8986215e04f28dc4354d7cb
1523,南京财经大学(仙林校区)西苑学舍-16栋,118.924467,32.111026,江苏省南京市栖霞区仙林大学城文苑路3号,江苏省,南京市,栖霞区,1,29a5edfb79c3f54fabf729ee
1524,南京财经大学(仙林校区)西苑学舍-16栋,118.924467,32.111026,江苏省南京市栖霞区仙林大学城文苑路3号,江苏省,南京市,栖霞区,1,29a5edfb79c3f54fabf729ee
1525,南京财经大学(仙林校区)西苑学舍-10栋,118.923874,32.111148,江苏省南京市栖霞区南京财经大学仙林校区宿管站3号,江苏省,南京市,栖霞区,1,a4f601774e702f7336b06c49
1526,南京财经大学(仙林校区)-西苑学舍14栋,118.92337,32.11125,南京市栖霞区仙林大学城文苑路3号,江苏省,南京市,栖霞区,1,f74db549404f6433b13c8158
1527,南京财经大学(仙林校区)西苑学舍-01栋,118.923697,32.109844,南京市栖霞区仙林大学城文苑路3号,江苏省,南京市,栖霞区,1,40736cc061d1941dadb22a52
1528,南京财经大学(仙林校区)西苑学舍-16栋,118.924467,32.111026,江苏省南京市栖霞区仙林大学城文苑路3号,江苏省,南京市,栖霞区,1,29a5edfb79c3f54fabf729ee
1529,南京财经大学(仙林校区)西苑学舍-11栋,118.923494,32.110992,南京市栖霞区环校西路附近南京财经大学(仙林校区)西苑学舍11栋,江苏省,南京市,栖霞区,1,393aef5c80f05dd7611c6760
1530,南京师范大学仙林校区北苑35栋学生公寓,118.920002,32.121141,南京市栖霞区文苑路1号南京师范大学北区十三食堂北侧,江苏省,南京市,栖霞区,1,7a4cdf13ccf8b4f65e0d02e7
1531,南京财经大学(仙林校区)-西苑学舍15栋,118.922904,32.11109,江苏省南京市栖霞区环校西路附近南京财经大学(仙林校区)西苑学舍15栋,江苏省,南京市,栖霞区,1,ac02b784ccd4a60c3b221c75
1532,南京财经大学仙林校区西苑学舍04,118.924165,32.110552,南京市栖霞区仙林大学城文苑路3号,江苏省,南京市,栖霞区,1,92fac2f5e9f68b7315764387
1533,南京财经大学(仙林校区)西苑学舍-08栋,118.923615,32.110749,南京市栖霞区环校西路附近南京财经大学(仙林校区)西苑学舍08栋,江苏省,南京市,栖霞区,1,436705f627e708c6d7851fb4
1534,南京财经大学(仙林校区)西苑学舍-12栋,118.923015,32.110857,南京市栖霞区环校西路附近南京财经大学(仙林校区)西苑学舍12栋,江苏省,南京市,栖霞区,1,ee77bb540e9c61462e47336c
1535,南京师范大学(仙林校区)东苑-02栋,118.921072,32.112463,南京市栖霞区文苑路1号南京师范大学东区勤工助学店北侧,江苏省,南京市,栖霞区,1,178b4aad614c760fc9291549
1536,南京师范大学仙林校区北苑33栋学生公寓,118.921005,32.119349,南京市栖霞区文苑路1号南京师范大学32栋宿舍东侧,江苏省,南京市,栖霞区,1,03a47ac4b79534d6eddfcaf3
1537,南京财经大学(仙林校区)-外教楼,118.922416,32.11059,南京市栖霞区仙林街道文苑路3号南京财经大学仙林校区西苑F5,江苏省,南京市,栖霞区,1,45f90e0f0abdfd2a5cbe8659
1538,南京财经大学(仙林校区)西苑学舍-09栋,118.923226,32.110718,南京市栖霞区环校西路南京财经大学仙林校区大门东侧约90米,江苏省,南京市,栖霞区,1,6ddf04ac9700ae87b2077d86
1539,南京邮电大学学生公寓,118.938441,32.124914,南京市栖霞区鼎山东路南京邮电大学(仙林校区),江苏省,南京市,栖霞区,1,970a1455fe080ad1f8221398
1540,南京邮电大学学生公寓-6幢,118.939871,32.11609,南京市栖霞区文苑路9号(近南京财经大学仙林校区),江苏省,南京市,栖霞区,1,c916f6509b3b55da04026f7f
1541,南京邮电大学学生公寓-12幢,118.939893,32.11728,江苏省南京市栖霞区文苑路9号(近南京财经大学仙林校区),江苏省,南京市,栖霞区,1,91e9b6dee8016d169cec2b0b
1542,南京邮电大学学生公寓-12幢,118.939893,32.11728,江苏省南京市栖霞区文苑路9号(近南京财经大学仙林校区),江苏省,南京市,栖霞区,1,91e9b6dee8016d169cec2b0b
1543,南京邮电大学学生公寓-6幢,118.939871,32.11609,南京市栖霞区文苑路9号(近南京财经大学仙林校区),江苏省,南京市,栖霞区,1,c916f6509b3b55da04026f7f
1544,南京邮电大学(仙林校区)-梅苑,118.939773,32.115627,江苏省南京市栖霞区文苑路南京邮电大学1栋,江苏省,南京市,栖霞区,1,f75f5083f67c0e350c0a70e4
1545,南京邮电大学学生公寓-41幢,118.939529,32.125112,南京市栖霞区仙境路南京邮电大学(仙林校区),江苏省,南京市,栖霞区,1,caf88b68eb7ad51e9222e080
1546,南京邮电大学学生公寓7幢(文澜路),118.931776,32.123197,南京市栖霞区学海路南京邮电大学(仙林校区),江苏省,南京市,栖霞区,1,7d732b958b40138384330463
1547,南京邮电大学(仙林校区)-兰苑,118.939628,32.116936,江苏省南京市栖霞区文苑路9号南京邮电大学仙林校区,江苏省,南京市,栖霞区,1,e3fbaecbc064f59c5fbe8663
1548,青年教师公共租赁住房,118.930906,32.117264,南京市栖霞区环校北路南京财经大学(仙林校区),江苏省,南京市,栖霞区,1,f8003fdce9cc006121f0170f
1549,南京邮电大学学生公寓-41幢,118.939529,32.125112,南京市栖霞区仙境路南京邮电大学(仙林校区),江苏省,南京市,栖霞区,1,caf88b68eb7ad51e9222e080
1550,南京邮电大学学生公寓-12幢,118.939893,32.11728,江苏省南京市栖霞区文苑路9号(近南京财经大学仙林校区),江苏省,南京市,栖霞区,1,91e9b6dee8016d169cec2b0b
1551,南京邮电大学学生公寓-12幢,118.939893,32.11728,江苏省南京市栖霞区文苑路9号(近南京财经大学仙林校区),江苏省,南京市,栖霞区,1,91e9b6dee8016d169cec2b0b
1552,南京邮电大学学生公寓8幢(文澜路),118.932457,32.123558,江苏省南京市栖霞区文澜路南150米南京邮电大学(仙林校区)教师公寓8号楼,江苏省,南京市,栖霞区,1,d7fd063c11321bb808f5eb01
1553,南京邮电大学学生公寓-41幢,118.939529,32.125112,南京市栖霞区仙境路南京邮电大学(仙林校区),江苏省,南京市,栖霞区,1,caf88b68eb7ad51e9222e080
1554,南京邮电大学学生公寓-12幢,118.939893,32.11728,江苏省南京市栖霞区文苑路9号(近南京财经大学仙林校区),江苏省,南京市,栖霞区,1,91e9b6dee8016d169cec2b0b
1555,南京邮电大学学生公寓-12幢,118.939893,32.11728,江苏省南京市栖霞区文苑路9号(近南京财经大学仙林校区),江苏省,南京市,栖霞区,1,91e9b6dee8016d169cec2b0b
1556,南京邮电大学学生公寓-12幢,118.939893,32.11728,江苏省南京市栖霞区文苑路9号(近南京财经大学仙林校区),江苏省,南京市,栖霞区,1,91e9b6dee8016d169cec2b0b
1557,南京邮电大学学生公寓-12幢,118.939893,32.11728,江苏省南京市栖霞区文苑路9号(近南京财经大学仙林校区),江苏省,南京市,栖霞区,1,91e9b6dee8016d169cec2b0b
1558,南京邮电大学学生公寓-12幢,118.939893,32.11728,江苏省南京市栖霞区文苑路9号(近南京财经大学仙林校区),江苏省,南京市,栖霞区,1,91e9b6dee8016d169cec2b0b
1559,南京邮电大学学生公寓-12幢,118.939893,32.11728,江苏省南京市栖霞区文苑路9号(近南京财经大学仙林校区),江苏省,南京市,栖霞区,1,91e9b6dee8016d169cec2b0b
1560,南京邮电大学学生公寓-12幢,118.939893,32.11728,江苏省南京市栖霞区文苑路9号(近南京财经大学仙林校区),江苏省,南京市,栖霞区,1,91e9b6dee8016d169cec2b0b
1561,南京邮电大学(仙林校区)菊苑学生公寓-20号楼,118.93989,32.119332,南京市栖霞区,江苏省,南京市,栖霞区,1,bd7fcec266af936d3904b131
1562,南京邮电大学-国防生楼,118.940366,32.11959,南京市栖霞区文苑路9号南京邮电大学仙林校区,江苏省,南京市,栖霞区,1,a0fb39cf71f9006cc5effb8a
1563,栖园-北区,118.940523,32.110737,南京市栖霞区杉湖东路18号,江苏省,南京市,栖霞区,1,c7c83819ae0f5da9ab0dd877
1564,南京邮电大学竹苑,118.940368,32.118057,江苏省南京市栖霞区文苑路9号南京邮电大学仙林校区,江苏省,南京市,栖霞区,1,a7f3d889e5c4f049fbf0cb85
1565,南京邮电大学学生公寓-12幢,118.939893,32.11728,江苏省南京市栖霞区文苑路9号(近南京财经大学仙林校区),江苏省,南京市,栖霞区,1,91e9b6dee8016d169cec2b0b
1566,南京邮电大学学生公寓-12幢,118.939893,32.11728,江苏省南京市栖霞区文苑路9号(近南京财经大学仙林校区),江苏省,南京市,栖霞区,1,91e9b6dee8016d169cec2b0b
1567,南京中医药大学(仙林校区)-唐仲英科技楼,118.952923,32.111092,江苏省南京市栖霞区仙林大道138号南京中医药大学,江苏省,南京市,栖霞区,1,de51f1915fef1c9c7adbd211
1568,南大和园,118.966893,32.11211,南京市栖霞区仙林大道168号,江苏省,南京市,栖霞区,1,44daa1fbd5c8acceb13c81c3
1569,南京大学仙林校区01宿舍楼,118.961159,32.118397,南京市栖霞区九乡河东路南京大学(仙林校区),江苏省,南京市,栖霞区,1,8980ffe3389032f5cc06a4a1
1570,南京大学仙林校区-学生公寓02幢,118.961551,32.119751,江苏省南京市栖霞区仙林校区学生公寓02幢,江苏省,南京市,栖霞区,1,168616f2c715be609e82ea2c
1572,南京大学仙林校区-学生公寓03幢B区,118.960848,32.119843,南京市栖霞区仙林大道163号南京大学仙林校区内,江苏省,南京市,栖霞区,1,c8ffc585de70a5bcddee8bf9
1573,南京大学仙林校区-学生公寓02幢B区,118.961272,32.119983,南京市栖霞区仙林大道163号南京大学仙林校区内,江苏省,南京市,栖霞区,1,a2414312400c7bc500ec0179
1574,南京大学仙林校区学生公寓-01幢,118.961231,32.118268,江苏省南京市栖霞区仙林大道163号南京大学(仙林校区),江苏省,南京市,栖霞区,1,fad35427b079570e734b87fc
1575,南京大学仙林校区-国际学院A区,118.961573,32.119419,南京大学仙林校区学生公寓,江苏省,南京市,栖霞区,1,b101e5095533ffb638e4a6d1
1576,南京大学仙林校区学生公寓-03幢,118.960951,32.119546,南京市栖霞区仙林大道163号南京大学仙林校区,江苏省,南京市,栖霞区,1,1270458bb5e9e6a6c3f1cf59
1577,南京大学仙林校区学生公寓01幢-A区,118.961664,32.118084,南京市栖霞区仙林大道163号南京大学仙林校区内,江苏省,南京市,栖霞区,1,99c1959f837ae9c988f15d6f
1578,南京大学仙林校区学生公寓-03幢,118.960951,32.119546,南京市栖霞区仙林大道163号南京大学仙林校区,江苏省,南京市,栖霞区,1,1270458bb5e9e6a6c3f1cf59
1579,尚东商业区,118.973024,32.115548,南京市栖霞区仙林大道188号,江苏省,南京市,栖霞区,1,b479ee6b3f5f015131f71dd3
1580,桦墅社区,119.034233,32.116558,江苏省南京市栖霞区西岗街道,江苏省,南京市,栖霞区,1,ac8de32c9f6c55114bcc4a8c
1581,桦墅双行,119.036925,32.116667,南京市栖霞区开发区西岗街道,江苏省,南京市,栖霞区,1,d5b774d4ccf41cdbcbfa5f13
1582,楼庄50号,118.670076,32.100593,江苏省南京市浦口区楼庄50号,江苏省,南京市,浦口区,1,9043d6431cc506cb9ee321e1
1585,江苏警官学院学生公寓-C座,118.66244,32.101234,南京市浦口区梁溪路江苏警官学院(浦口校区),江苏省,南京市,浦口区,1,36973e582cbc31a03010afd7
1586,江苏警官学院学生公寓-C座,118.66244,32.101234,南京市浦口区梁溪路江苏警官学院(浦口校区),江苏省,南京市,浦口区,1,36973e582cbc31a03010afd7
1587,江苏警官学院学生公寓-C座,118.66244,32.101234,南京市浦口区梁溪路江苏警官学院(浦口校区),江苏省,南京市,浦口区,1,36973e582cbc31a03010afd7
1588,江苏警官学院学生公寓-C座,118.66244,32.101234,南京市浦口区梁溪路江苏警官学院(浦口校区),江苏省,南京市,浦口区,1,36973e582cbc31a03010afd7
1589,南京市顶山街道石佛社区居民委员会,118.655288,32.103387,江苏省南京市浦口区沿山大道166号,江苏省,南京市,浦口区,1,5ffb1816222831226e476083
1590,阳光帝景,118.689352,32.109883,江苏省南京市顶山街道吉庆路6号,江苏省,南京市,浦口区,1,1d1b2a925596785e96f08c68
1591,观山悦,118.682915,32.109106,江苏省南京市浦口区荣悦路100号,江苏省,南京市,浦口区,1,2d2a2a90bc0886f684154175
1592,乐府江南,118.707953,32.103628,南京市浦口区珍珠南路85号,江苏省,南京市,浦口区,1,6cacb46b7941896b6f47608f
1593,大新华府-北区,118.70968,32.102418,江苏省南京市浦口区华府路31号,江苏省,南京市,浦口区,1,eb892b525d0a3784ca2915bb
1594,大新华府-南区,118.711971,32.100376,南京市浦口区华府路32号,江苏省,南京市,浦口区,1,a5d63e90bf24e1df2b11d169
1595,南京铁道职业技术学院人才公寓,118.702336,32.110252,江苏省南京市浦口区珍珠南路65号,江苏省,南京市,浦口区,1,b3f64f8b9909b4d1cb213dee
1596,南京铁道职业技术学院青年公寓,118.703567,32.111977,南京市浦口区珍珠南路65号,江苏省,南京市,浦口区,1,67e71e387fabc7b62b11d16b
1597,南京铁道职业技术学院青年教师公租房,118.704786,32.110902,南京市浦口区顶山街道珍珠南路65号,江苏省,南京市,浦口区,1,07d2817795dba9c4f7e73bbc
1598,大新华府-南区,118.711971,32.100376,南京市浦口区华府路32号,江苏省,南京市,浦口区,1,a5d63e90bf24e1df2b11d169
1599,浦铁一村小区,118.720009,32.108181,江苏省南京市浦口区浦珠北路59号,江苏省,南京市,浦口区,1,5a7a1688fe9da984d7851fd7
1600,跃进新村小区,118.719336,32.100981,江苏省南京市浦口区跃进路,江苏省,南京市,浦口区,1,e2a9f2e3e49d90e08605bfa6
1601,浦口公寓,118.71378,32.107747,南京市浦口区泰山街道兴浦路239号,江苏省,南京市,浦口区,1,839420068c2a3b79ab0dd8c1
1602,新江雅苑,118.711549,32.105713,南京市浦口区顶山街道华府路43号,江苏省,南京市,浦口区,1,c06bde711b23e98c14948e92
1603,新马路小区,118.723044,32.107048,江苏省南京市浦口区新马路9号,江苏省,南京市,浦口区,1,9c24cff6f273e05e51e5c57b
1604,铁路单身宿舍,118.725659,32.103643,南京市浦口区津浦路28号,江苏省,南京市,浦口区,1,224a6d4ec9a5fb17a8f0cdd3
1605,浦口公寓,118.71378,32.107747,南京市浦口区泰山街道兴浦路239号,江苏省,南京市,浦口区,1,839420068c2a3b79ab0dd8c1
1606,明远里19号,118.726847,32.103867,南京市浦口区大马路博爱艺术幼儿园(东三巷)西南侧约140米,江苏省,南京市,浦口区,1,7bf4ad4e6bf1da1fc61b751a
1607,中冶盛世滨江锦绣公馆-2期,118.748983,32.106149,江苏省南京市鼓楼区东炮台街21号,江苏省,南京市,鼓楼区,1,57f6f1fdab9472771e580082
1608,深业滨江半岛,118.746087,32.103177,江苏省南京市鼓楼区龙江路30号,江苏省,南京市,鼓楼区,1,d35db5e0161ab279b13c81fb
1609,南京铁路单身公寓,118.74898,32.102057,江苏省南京市鼓楼区兴安路６号,江苏省,南京市,鼓楼区,1,902686054f14523514c9055f
1610,中建八局员工宿舍,118.748771,32.10409,南京市鼓楼区兴安路46号,江苏省,南京市,鼓楼区,1,5749d403c3ac1fc833870a5f
1611,上海铁路局南京电务段西站单身宿舍,118.749452,32.100648,南京市鼓楼区郑和北路南京西站,江苏省,南京市,鼓楼区,1,5a60ee4b5bcd948c93114c5f
1612,方家营265号住宅,118.760201,32.10885,南京市鼓楼区方家营265号,江苏省,南京市,鼓楼区,1,767a6c936c515695be4842f3
1613,卢龙山庄,118.760571,32.100633,南京市鼓楼区建宁路178号,江苏省,南京市,鼓楼区,1,fa7da3e8afc1ea1e42d63ec3
1614,南堡新寓,118.756857,32.106896,南京市鼓楼区方家营路与方家营南路交叉路口向西约200米,江苏省,南京市,鼓楼区,1,e3a7fd135ecc214b29b97cb9
1615,大桥新村,118.75786,32.108278,方家营441号北90米,江苏省,南京市,鼓楼区,1,6ee010209011b3ef53e5c586
1616,铁路小区,118.75992,32.104464,城河路68号,江苏省,南京市,鼓楼区,1,b7049a7b8e109584deee8bf1
1617,煤炭港小区,118.755488,32.107741,南京市鼓楼区煤炭港60号,江苏省,南京市,鼓楼区,1,10534290c703cc130c0a7087
1618,滨江花园-西园,118.759309,32.103086,南京市鼓楼区晓街11号,江苏省,南京市,鼓楼区,1,71e4e2eee081267ec9fa5fab
1619,方家营-80号,118.759608,32.104599,江苏省南京市鼓楼区方家营80号,江苏省,南京市,鼓楼区,1,68ce65cb3e283f46931fc9c0
1620,方家营-82号,118.759326,32.104579,江苏省南京市鼓楼区方家营82号,江苏省,南京市,鼓楼区,1,1c4f613d0ab174ec17c8f694
1621,南堡新寓,118.756857,32.106896,南京市鼓楼区方家营路与方家营南路交叉路口向西约200米,江苏省,南京市,鼓楼区,1,e3a7fd135ecc214b29b97cb9
1622,煤炭港-60号,118.755659,32.107856,煤炭港60号,江苏省,南京市,鼓楼区,1,4e69c3328fbebdcb01294fd8
1623,水关桥-432号,118.765079,32.104216,江苏省南京市鼓楼区水关桥432号,江苏省,南京市,鼓楼区,1,dff2d2aa6d2bdb7458f6be27
1624,水关桥-442号,118.766168,32.104577,江苏省南京市鼓楼区水关桥442号,江苏省,南京市,鼓楼区,1,e52bd5cc9308c08651e5c5c8
1625,水关桥-443号,118.766859,32.10484,江苏省南京市鼓楼区水关桥443号,江苏省,南京市,鼓楼区,1,802e10619dc796d7c81b95f1
1626,水关桥小区,118.764964,32.106287,江苏省南京市鼓楼区幕府西路132号,江苏省,南京市,鼓楼区,1,a4618ccc682b6272c7f02574
1627,水关桥油运小区,118.766654,32.104315,南京市鼓楼区水关桥401-431号,江苏省,南京市,鼓楼区,1,72aa2513cfd7de47067ce886
1628,水关桥-431号,118.765087,32.103866,江苏省南京市鼓楼区水关桥431号,江苏省,南京市,鼓楼区,1,5120bb039822dfae0c0e6b71
1629,水关桥-429号,118.765716,32.103781,江苏省南京市鼓楼区水关桥429号,江苏省,南京市,鼓楼区,1,b057a92e2afe633d08ccdde7
1630,水关桥-430号,118.765398,32.1038,江苏省南京市鼓楼区水关桥430号,江苏省,南京市,鼓楼区,1,d90930e6e37c973d90114c8b
1631,置信雅苑,118.764874,32.105846,江苏省南京市鼓楼区幕府西路132号,江苏省,南京市,鼓楼区,1,2304af4a057bddf6f503b806
1632,金帆北苑,118.766134,32.106591,南京市鼓楼区幕府西路130号,江苏省,南京市,鼓楼区,1,758275ade6050d62afee7a86
1633,水关桥-426号,118.766901,32.103705,江苏省南京市鼓楼区水关桥426号,江苏省,南京市,鼓楼区,1,324143f9b9853d1fa8f0cdb9
1634,金帆北苑-7栋,118.765561,32.107447,江苏省南京市鼓楼区幕府西路金帆北苑物资公司集资房,江苏省,南京市,鼓楼区,1,b27ced9cd873c1e14e5547d3
1635,桥景苑,118.763084,32.104247,南京市鼓楼区方家营58号,江苏省,南京市,鼓楼区,1,739e171c1f87f065a8059dc1
1636,桥南一村,118.762659,32.105543,南京市鼓楼区幕府西路与青年路交叉路口往东约50米,江苏省,南京市,鼓楼区,1,523380ea53ab7a06d72ce285
1637,象山和园,118.768332,32.103958,南京市鼓楼区幕府西路109号,江苏省,南京市,鼓楼区,1,13d2c4467a82c1e64c3a59a5
1638,金川新寓,118.764331,32.107883,"南京市鼓楼区水关桥121,122号",江苏省,南京市,鼓楼区,1,f352bbecf75e83f003ff2d50
1639,义民新村,118.765307,32.101908,南京市鼓楼区建宁路120号,江苏省,南京市,鼓楼区,1,81ffb47d4c33526831870a8e
1640,方家营70号小区,118.761606,32.10462,江苏省南京市鼓楼区方家营70号,江苏省,南京市,鼓楼区,1,4956b4af38e82ea5b04c4971
1641,甜水湾小区,118.761491,32.10454,南京市鼓楼区幕府西路西头方家营78号,江苏省,南京市,鼓楼区,1,3e2cb3cf3472dd842902e128
1642,四平苑,118.764127,32.101654,南京市鼓楼区四平路78号,江苏省,南京市,鼓楼区,1,96b672aa990d9975cf04ef86
1643,紫金江景苑,118.762849,32.101553,江苏省南京市鼓楼区四平路67号,江苏省,南京市,鼓楼区,1,4e99475f0481b9993a04b100
1644,象山新寓,118.770001,32.106298,南京市鼓楼区幕府西路122号,江苏省,南京市,鼓楼区,1,919bf1bcc2afedd8d3ff23c5
1645,象山雅苑,118.770245,32.105333,南京市鼓楼区幕府西路99号,江苏省,南京市,鼓楼区,1,9f9754d40e7abc67f2193718
1646,四平二路小区,118.765073,32.101069,南京市鼓楼区义民路四平苑,江苏省,南京市,鼓楼区,1,af373d3ec498c6caeddfcadb
1647,滨江花园,118.759669,32.103022,江苏省南京市鼓楼区晓街25号,江苏省,南京市,鼓楼区,1,1020060fcb4d42a61994c686
1648,晓街小区,118.761027,32.102784,南京市鼓楼区晓街33号,江苏省,南京市,鼓楼区,1,ef96a8df1316151fa2d230e7
1649,方家营265号住宅,118.760201,32.10885,南京市鼓楼区方家营265号,江苏省,南京市,鼓楼区,1,767a6c936c515695be4842f3
1650,四平路65号院,118.763361,32.1013,南京市鼓楼区四平路65号,江苏省,南京市,鼓楼区,1,dadb359faf0e207c38e4a662
1651,锦绣江山花园,118.760251,32.107204,江苏省南京市鼓楼区方家营229号,江苏省,南京市,鼓楼区,1,e67dbfabfe736bd716764395
1652,滨江东园,118.761453,32.102853,江苏省南京市鼓楼区晓街31号,江苏省,南京市,鼓楼区,1,f9708593105b15c9dbd891dc
1653,漫领域公寓,118.765925,32.105111,江苏省南京市鼓楼区幕府西路121号,江苏省,南京市,鼓楼区,1,bff151624bd6937f250bd056
1654,工农新村-318号,118.768476,32.102193,南京市鼓楼区,江苏省,南京市,鼓楼区,1,89601943f00af051bfa82285
1655,金达花园,118.774589,32.104899,江苏省南京市鼓楼区金达路2号,江苏省,南京市,鼓楼区,1,9702c95d9860663a77026952
1656,幕府西路83号小区,118.772627,32.105859,南京市鼓楼区幕府西路83号,江苏省,南京市,鼓楼区,1,d0c5b35c96402c0f0e0a705b
1657,大庙村-17号小区,118.772696,32.103389,南京市鼓楼区大庙村17号,江苏省,南京市,鼓楼区,1,a87265320930ff82fda778ba
1658,易盛家园,118.778959,32.106028,南京市鼓楼区幕府南路230号,江苏省,南京市,鼓楼区,1,9db55c83cba31bd64302459d
1659,南京铁路单身公寓,118.74898,32.102057,江苏省南京市鼓楼区兴安路６号,江苏省,南京市,鼓楼区,1,902686054f14523514c9055f
1660,幕府西路85号小区,118.771793,32.105643,南京市鼓楼区幕府西路85号,江苏省,南京市,鼓楼区,1,7d547a167dd8b5acf02d8337
1661,恒盛嘉园,118.777815,32.108118,南京市鼓楼区幕府西路55号,江苏省,南京市,鼓楼区,1,8d96925cc9113845c0f1cf86
1662,孙家凹小区,118.779375,32.106723,南京市鼓楼区孙家洼路98号,江苏省,南京市,鼓楼区,1,dfc496b6cfb4c8af8836ee86
1663,郭家山-30号,118.779988,32.104644,江苏省南京市鼓楼区郭家山30号,江苏省,南京市,鼓楼区,1,8fded485c5aab8be2a02e1d1
1664,恒茂家园,118.773615,32.108838,南京市鼓楼区幕府西路100号,江苏省,南京市,鼓楼区,1,925c550f4ee7d1b25b3ac886
1665,森林湾花园,118.770712,32.104316,江苏省南京市鼓楼区幕府西路103号,江苏省,南京市,鼓楼区,1,86a3a5639e61ac5372455ba6
1666,孙家洼路,118.782072,32.106471,江苏省南京市鼓楼区,江苏省,南京市,鼓楼区,0,5da2e5f755192ee8dbd891a9
1667,金域中央二街区,118.7785,32.110065,幕府西路33号,江苏省,南京市,鼓楼区,1,fc3e1a6de347b111100daa09
1668,金陵一村,118.771392,32.109614,江苏省南京市鼓楼区双燕路,江苏省,南京市,鼓楼区,1,f3c2373c52490b52d32dd686
1669,市政综合楼,118.779169,32.104519,南京市鼓楼区幕府南路199号,江苏省,南京市,鼓楼区,1,29df927cf1b3d9709df77986
1670,工农新村-130号,118.772535,32.101696,江苏省南京市鼓楼区工农新村130号,江苏省,南京市,鼓楼区,1,d733bbc6cc8f31c10682c285
1671,大庙村,118.773479,32.105725,南京市鼓楼区大庙村,江苏省,南京市,鼓楼区,1,e6a03c5e82cc4588d0ff2321
1672,城市贵族公寓,118.77869,32.104591,江苏省南京市鼓楼区幕府南路227号,江苏省,南京市,鼓楼区,1,c0907dca810279ebd22dd6fe
1673,丁香花园,118.785247,32.105174,江苏省南京市鼓楼区郭家山路23号,江苏省,南京市,鼓楼区,1,740f9d29fd2df2fad1f49efd
1674,张王庙社区,118.783569,32.106824,江苏省南京市鼓楼区郭家山路23号东北60米,江苏省,南京市,鼓楼区,1,364d436d97524780c91b95c5
1675,新华印刷厂宿舍,118.78338,32.104938,南京市鼓楼区中央门外张王庙82号,江苏省,南京市,鼓楼区,1,8f6c394d9a852724f02d8314
1676,郭家山-20号,118.783063,32.105459,江苏省南京市鼓楼区郭家山20号,江苏省,南京市,鼓楼区,1,2a727dbb3c18beb2f33cba50
1677,尊园,118.786343,32.107481,南京市鼓楼区张王庙55号,江苏省,南京市,鼓楼区,1,23116913d13d4cfd724b8786
1678,金碧花园,118.783535,32.107323,南京市鼓楼区张王庙38号,江苏省,南京市,鼓楼区,1,d6ee872413887fe0a9f0cd86
1679,花样年.喜年中心,118.786008,32.103815,南京市鼓楼区中央北路河路道1号,江苏省,南京市,鼓楼区,1,d26cba41590315b38bb988fc
1680,华洋小区-西南门,118.785584,32.107947,南京市鼓楼区河路道社区张王庙45-53号,江苏省,南京市,鼓楼区,1,c38708c6543febe0ab0dd8b7
1681,郭家山二十九号大院,118.782124,32.104266,南京市鼓楼区郭家山29号,江苏省,南京市,鼓楼区,1,61d454251eeb4dbb223bf282
1682,千禧苑小区,118.78922,32.106,南京市鼓楼区中央北路53号,江苏省,南京市,鼓楼区,1,15ed53ce0e4eab549322e086
1683,张王庙-32号,118.785713,32.108822,江苏省南京市鼓楼区张王庙32号,江苏省,南京市,鼓楼区,1,57514a2198d9d4228f55ecb7
1684,铁古庙小区,118.783371,32.102328,江苏省南京市鼓楼区铁古庙小区(幕府南路北100米),江苏省,南京市,鼓楼区,1,96b672aa42973676ce04ef1e
1685,郭家山-27号,118.78143,32.104967,江苏省南京市鼓楼区郭家山27号,江苏省,南京市,鼓楼区,1,3e15cc2ec4f90cfe0a5cb34b
1686,电建中储·泛悦城市广场销售中心,118.786554,32.100259,江苏省南京市鼓楼区中央北路与幕府南路交汇处西300米(地铁3号线小市站),江苏省,南京市,鼓楼区,1,2df51b9e66513a3cca09f000
1687,郭家山-26号,118.781037,32.104879,江苏省南京市鼓楼区郭家山26号,江苏省,南京市,鼓楼区,1,672d411ca73ac720dc1e52d9
1688,汽轮六村,118.787481,32.108647,江苏省南京市鼓楼区中央北路87号,江苏省,南京市,鼓楼区,1,d7fd2ad382dd25540accdd86
1689,郭家山-28号,118.780818,32.104791,江苏省南京市鼓楼区郭家山28号,江苏省,南京市,鼓楼区,1,393ab2ba0c7b76dad3ff23b3
1690,汽轮四村,118.789878,32.104997,南京市鼓楼区中央北路,江苏省,南京市,鼓楼区,1,46e86fdd67e3c76fd03ce386
1691,幕府南路208号小区-1栋,118.781567,32.102717,江苏省南京市鼓楼区幕府南路208号院1栋,江苏省,南京市,鼓楼区,1,0fe87751d6c904c531f71d80
1692,中央北路小区,118.788292,32.110138,江苏省南京市鼓楼区中央北路112-6号,江苏省,南京市,鼓楼区,1,f9dd2cfd157a0bf77069d3b5
1693,小市新村,118.789071,32.100892,幕府南路与金碧路交汇处东北侧,江苏省,南京市,鼓楼区,1,2b347dc7c274836e90114cac
1694,江苏中和亚健康科技大厦,118.78832,32.10689,江苏省南京市鼓楼区中央北路73号,江苏省,南京市,鼓楼区,1,c704f6a1234ecc4f25e0a005
1695,南京台兴科研培训综合大厦,118.788959,32.107222,南京市鼓楼区中央北路73号,江苏省,南京市,鼓楼区,1,fccc05530b6193be1ef74dca
1696,燕语华庭,118.794482,32.102865,南京市鼓楼区和燕路5号,江苏省,南京市,鼓楼区,1,08fc93dfbb36e6889b68b4c7
1697,和燕路/东门街(路口),118.79537,32.101392,南京市鼓楼区和燕路,江苏省,南京市,鼓楼区,1,8ab0dfc48950fe17d8ecedfe
1698,燕语华庭,118.794482,32.102865,南京市鼓楼区和燕路5号,江苏省,南京市,鼓楼区,1,08fc93dfbb36e6889b68b4c7
1699,和燕园,118.795055,32.103848,江苏省南京市鼓楼区和燕路180号,江苏省,南京市,鼓楼区,1,34c67ff02cf18d7241d63e33
1700,安怀村社区,118.796817,32.103403,鼓楼区小市街道鼓楼东门街与和燕路交叉口东北150米,江苏省,南京市,鼓楼区,1,a9deb3a49dccfa4086154180
1701,北城新天地,118.79602,32.101875,南京市鼓楼区和燕路25号北城新天地,江苏省,南京市,鼓楼区,1,e7fd9af5bcfedf0d3a13fd2e
1702,汽轮七村小区,118.799715,32.107937,江苏省南京市鼓楼区汽轮七村(北崮山路东),江苏省,南京市,鼓楼区,1,6fddd7fd85cdc17f3417dc86
1703,欣之园,118.790712,32.101676,江苏省南京市鼓楼区中央北路8号,江苏省,南京市,鼓楼区,1,3810c8793e1f048b9d09f786
1704,东门街138号小区,118.793345,32.102906,南京市鼓楼区东门街138号,江苏省,南京市,鼓楼区,1,8b4a7ce33b2a5390b04c4923
1705,汽轮二村,118.791537,32.104431,南京市鼓楼区中央北路40号,江苏省,南京市,鼓楼区,1,9c0595fea069f0cfeb1e9727
1706,南京汽轮电机厂集体宿舍,118.796897,32.104191,南京市鼓楼区安怀村250号,江苏省,南京市,鼓楼区,1,51242a3a5f8b157febe58286
1707,安怀村-48栋,118.796582,32.10382,南京市鼓楼区安怀路安怀村社区,江苏省,南京市,鼓楼区,1,f9a1f2545757462ff7eafcbf
1708,安怀村455号小区,118.797465,32.109633,南京市鼓楼区安怀村455号,江苏省,南京市,鼓楼区,1,fce226f7655ae8d48f55ec00
1709,安怀村450号公寓区-南门,118.797795,32.109312,江苏省南京市鼓楼区安怀村450号,江苏省,南京市,鼓楼区,1,cdc2dd9479761a4bc17da22f
1710,东井二村-522幢,118.808223,32.10675,南京市鼓楼区东井二村522号,江苏省,南京市,鼓楼区,1,d70fdc8bf0de75dceee4a519
1711,紫霞公寓,118.807099,32.10661,东井亭100号,江苏省,南京市,鼓楼区,1,69130523725f6308735e8086
1712,燕庭公寓,118.80652,32.103853,南京市鼓楼区东井村3号,江苏省,南京市,鼓楼区,1,6af9f0a26b7632e314c8f6a8
1713,东井一村,118.803591,32.104352,南京市鼓楼区迈皋桥东井一村(和燕路与黄家圩路交叉口向北150米),江苏省,南京市,鼓楼区,1,ac79c63ba125420672455baa
1714,小市村,118.805382,32.103546,江苏省南京市鼓楼区和燕路121号,江苏省,南京市,鼓楼区,1,7800b40bb48cc33eeb1e9709
1715,东井新村,118.807721,32.104638,南京市鼓楼区和燕路东井村3号,江苏省,南京市,鼓楼区,1,28d02cdbc06f7aff15764392
1716,东井亭社区,118.803642,32.104068,和燕路101号,江苏省,南京市,鼓楼区,1,3c0ea7c5f6fefd9cfaf0cb86
1717,新华印刷厂宿舍,118.78338,32.104938,南京市鼓楼区中央门外张王庙82号,江苏省,南京市,鼓楼区,1,8f6c394d9a852724f02d8314
1718,东井村-20号小区,118.808717,32.106321,南京市鼓楼区和燕路东井村20号,江苏省,南京市,鼓楼区,1,75488db45d0fc4309122e005
1719,安怀新村,118.801789,32.105563,江苏省南京市鼓楼区安怀东路,江苏省,南京市,鼓楼区,1,fa01e9370c727649774ff11e
1720,东井村3号小区,118.808009,32.104587,江苏省南京市鼓楼区和燕路辅路东井村,江苏省,南京市,鼓楼区,1,581447040b48090d8c55ec82
1721,复地新都国际,118.805409,32.108625,东井村100号,江苏省,南京市,鼓楼区,1,0e8d5cf7936527646168587f
1722,金宁新村小区,118.80944,32.107098,江苏省南京市栖霞区和燕路金宁新村国营八九八幼儿园,江苏省,南京市,栖霞区,1,81d1b04131e66c8e8605bf48
1723,和燕路252号小高层住宅,118.807149,32.101907,南京市鼓楼区和燕路252号,江苏省,南京市,鼓楼区,1,0960ea69cd00dd0a86420e4e
1724,曹后村南汽宿舍,118.81312,32.091501,江苏省南京市玄武区曹后村9号,江苏省,南京市,玄武区,1,ee0cac14391c56baf82213af
1725,南昌大厦,118.809949,32.105835,南京市鼓楼区和燕路东井村3号(红山动物园西侧),江苏省,南京市,鼓楼区,1,1002d7066caaab4008b93ab5
1726,红山山庄,118.809547,32.104107,南京市栖霞区和燕路260号,江苏省,南京市,栖霞区,1,f3c2373c51a20a52d22dd6ef
1727,金港大厦-A座,118.810392,32.106308,南京市栖霞区和燕路251号,江苏省,南京市,栖霞区,1,49801e0f37e698ea9eec2b5d
1728,恒基·金满庭,118.808074,32.109392,南京市栖霞区安怀东路与和燕路交汇处,江苏省,南京市,栖霞区,1,2b7fbe5cab97b32aa1d230aa
1729,东宁村,118.81023,32.107117,南京市栖霞区和燕路251号南京优耐特添加剂研究所附近,江苏省,南京市,栖霞区,1,fdb515b76941f08f43e19286
1730,恒基九珑天誉,118.808033,32.109214,南京市栖霞区东井村40号,江苏省,南京市,栖霞区,1,45cd5fc15efa0b41e5073855
1731,线路新村社区,118.801815,32.102336,江苏省南京市鼓楼区和燕路63号,江苏省,南京市,鼓楼区,1,1b3a5f005b8a6c497c29bdc5
1732,黄家圩公寓,118.808607,32.10115,南京市玄武区黄家圩189-1号,江苏省,南京市,玄武区,1,3f604528f5ef3309d81318fc
1733,警苑小区(北崮山路),118.809193,32.111243,南京市栖霞区迈皋桥262号,江苏省,南京市,栖霞区,1,8182ef423f8b4f6a354aae86
1734,复地新都荟S8,118.8049,32.106786,南京市鼓楼区复昌路复地新都国际-南区,江苏省,南京市,鼓楼区,1,6b33232638052f8a2efaa7f7
1735,东井村41号小区,118.813871,32.106752,南京市栖霞区东井村41号,江苏省,南京市,栖霞区,1,0edd7ffeb02bf97cbe4842ef
1736,高家村小区,118.816838,32.106751,南京市栖霞区红山路40号,江苏省,南京市,栖霞区,1,31030e9638d59b449d95de87
1737,十字街70号小区(十字街),118.815044,32.103696,十字街70号,江苏省,南京市,栖霞区,1,f40884091221db182806ce3d
1738,十字街71号小区,118.814212,32.103942,南京市栖霞区十字街71号,江苏省,南京市,栖霞区,1,713f1321185bd60894ec84be
1739,杰海新寓,118.815062,32.103668,南京市栖霞区迈皋桥街道十字街71号,江苏省,南京市,栖霞区,1,7d2cf47fce90f93008ccddf7
1740,东井村44号小区,118.814539,32.107592,南京市栖霞区东井村44号,江苏省,南京市,栖霞区,1,0fffca800de3f5e40f0a706f
1741,华电社区华电一宿舍,118.817005,32.103775,南京市栖霞区华西路与红山路交叉口东南150米,江苏省,南京市,栖霞区,1,03311fe59c5e5b682002205a
1742,东井村39号小区,118.812419,32.105934,南京市栖霞区东井村39号,江苏省,南京市,栖霞区,1,68388adfc229a47d22f017df
1743,十字街70号小区-06幢,118.816028,32.103225,南京市栖霞区红山路十字街70号06幢,江苏省,南京市,栖霞区,1,0a382e1e684f29b683288ab3
1744,红山动物园职工宿舍,118.813572,32.103503,江苏省南京市栖霞区十字街2号-1栋,江苏省,南京市,栖霞区,1,e36f30cfbe953215a3acc4f4
1745,十字街2号小区,118.813859,32.1033,江苏省南京市栖霞区红上路十字街2号,江苏省,南京市,栖霞区,1,bd206df20bfc3ff825d2bb1a
1746,十字街110号居民小区,118.818477,32.105659,南京市栖霞区十字街110号,江苏省,南京市,栖霞区,1,53cebd50f51d83612a02e1ef
1747,十字街3号小区,118.814961,32.10277,南京市玄武区十字街3号,江苏省,南京市,玄武区,1,8b47490b215b57df2d473314
1748,雍璟府,118.818344,32.103992,南京市栖霞区言和路97号,江苏省,南京市,栖霞区,1,2c110ff0cf21aebed8eceddf
1749,高家村-42号,118.816952,32.108131,南京市栖霞区高家村42-55号,江苏省,南京市,栖霞区,1,1d66a720d434e7f296ca07c4
1750,十字街1号小区,118.813221,32.102699,十字街小区,江苏省,南京市,玄武区,1,53bf622ce5b066b52ce67b78
1751,碧玉苑,118.813352,32.102284,南京市玄武区红山路161号,江苏省,南京市,玄武区,1,6ee0102091fab2ef52e5c5ef
1752,东井村48号院,118.812081,32.108779,南京市栖霞区东井村48号,江苏省,南京市,栖霞区,1,945145d55563b909f03cbaa1
1753,国贸小区,118.814199,32.109494,南京市栖霞区迈皋桥老街79号,江苏省,南京市,栖霞区,1,43018d15a0c79e527402690d
1754,红山韵致居,118.816782,32.101234,南京市玄武区红山路192号(地铁站),江苏省,南京市,玄武区,1,f696f3c290c91beb1b11d5ef
1755,幸福家园(迈皋桥街),118.814779,32.110112,南京市栖霞区迈皋桥老街99号,江苏省,南京市,栖霞区,1,8e37906a8b3658e35c17c358
1756,东井村五十号小区,118.812899,32.109557,南京市栖霞区东井村路与迈皋桥街交叉路口往西北约50米(迈皋桥街258号小区东南侧),江苏省,南京市,栖霞区,1,7fd72311bc5de89f5cbe8656
1757,江南公寓,118.815026,32.100783,南京市玄武区红山路177号,江苏省,南京市,玄武区,1,2cc3c8e85bc68cd64d2fdfef
1758,御林山庄,118.813437,32.100919,南京市玄武区红山路159号,江苏省,南京市,玄武区,1,108b1ceadd5cd4ac3586f4ef
1759,华电新村,118.818116,32.110097,南京市栖霞区华电路1号,江苏省,南京市,栖霞区,1,51713413f40a74512bb97cd2
1760,迈皋桥街258号小区,118.811883,32.11039,南京市栖霞区迈皋桥街258号,江苏省,南京市,栖霞区,1,4c50b572b2bc7b924c3a5968
1761,中电颐和家园东区一期-7幢,118.82111,32.100066,南京市玄武区华电路99号中电颐和家园东区一期7幢,江苏省,南京市,玄武区,1,a8143f5b6ee454c8081cc79b
1762,南京百通国际公寓,118.81581,32.10758,南京市栖霞区高家村43号,江苏省,南京市,栖霞区,1,d81a737b363e7b1f374aae5e
1763,金港大厦,118.810758,32.106595,栖霞区和燕路251号,江苏省,南京市,栖霞区,1,7fd72311bc0de89f5dbe8686
1764,白领公寓,118.815582,32.108448,南京市栖霞区地铁一号线迈皋桥站出口南面,江苏省,南京市,栖霞区,1,2ed2eed91406393e28d7ab97
1765,中电颐和府邸,118.821584,32.106104,江苏省南京市栖霞区南京华电路1号,江苏省,南京市,栖霞区,1,92174ea1e9b2eae43010af12
1766,中电颐和家园-西区,118.819383,32.104322,南京市栖霞区言和路雍璟府东侧约40米,江苏省,南京市,栖霞区,1,f8b94756306ce8424151c0bd
1767,北苑小区,118.827637,32.107603,南京市玄武区北苑西路7号,江苏省,南京市,玄武区,1,4709c6ec7f1f1f42e6e965b1
1768,中海玄武公馆,118.828952,32.103804,南京市玄武区过街山路28号,江苏省,南京市,玄武区,1,3957ea265d976db131621284
1769,颐和家园·睿域,118.82358,32.104243,南京市栖霞区华电路85号,江苏省,南京市,栖霞区,1,cdffa56e6637c9f65d0d0293
1770,北苑小区-北苑二村,118.826679,32.106456,江苏省南京市玄武区华飞路8号,江苏省,南京市,玄武区,1,ffd6d40315c31ff217b54b6f
1771,三星小区,118.827807,32.107065,南京市玄武区华飞路8号,江苏省,南京市,玄武区,1,e9bc9e497426013ec9c3db88
1772,中海玄武公馆,118.828952,32.103804,南京市玄武区过街山路28号,江苏省,南京市,玄武区,1,3957ea265d976db131621284
1773,北苑之星,118.829069,32.107193,南京市玄武区华飞路8号,江苏省,南京市,玄武区,1,1020060fc8a643a61894c6ef
1774,北苑一村,118.826946,32.108519,南京市玄武区北苑西路7号北苑小区,江苏省,南京市,玄武区,1,b963cc05d88ad4a613293550
1775,中电颐和家园东区一期-7幢,118.82111,32.100066,南京市玄武区华电路99号中电颐和家园东区一期7幢,江苏省,南京市,玄武区,1,a8143f5b6ee454c8081cc79b
1776,颐和家园·尚璟,118.821099,32.10448,南京市栖霞区华电路87号,江苏省,南京市,栖霞区,1,ee5702904b89936b354aae8a
1777,华电宿舍一至三宿舍,118.823285,32.10885,南京市栖霞区华三路华电三宿舍,江苏省,南京市,栖霞区,1,0a2d0668da829e87eddfcab7
1778,颐和府邸,118.821584,32.106104,江苏省南京市栖霞区南京华电路1号,江苏省,南京市,栖霞区,1,92174ea1e9b2eae43010af12
1779,华电三宿舍,118.823527,32.109308,南京市栖霞区迈皋桥华电路1号,江苏省,南京市,栖霞区,1,e23deaeabb7495e9d7b74e1a
1780,颐和家园·尚玄,118.822834,32.100843,江苏省南京市玄武区恒嘉路77号,江苏省,南京市,玄武区,1,fa5341f3abf8cc88bbdf8fcb
1781,北苑小区北苑三村网板宿舍-2幢,118.828488,32.109064,南京市玄武区北苑西路7号北苑小区北苑三村2幢,江苏省,南京市,玄武区,1,06bb1c4141a20eba08f5eb57
1782,北苑新村,118.828518,32.109465,南京市玄武区网板路9号,江苏省,南京市,玄武区,1,0dde422394253e3cc356ac62
1783,长营村101号小区,118.821127,32.109804,南京市栖霞区华电东路与华电路交叉路口往东北约50米,江苏省,南京市,栖霞区,1,34b7682c45baea5197031997
1784,中电熊猫晶体公寓,118.820512,32.109423,江苏省南京市栖霞区华电路33号,江苏省,南京市,栖霞区,1,450bb813c2c9ec34c336447f
1785,电工照明大楼,118.821179,32.109051,南京市栖霞区华电路1号,江苏省,南京市,栖霞区,1,6928b146518e9a377f29bd73
1786,中电颐和家园-东门,118.820365,32.101176,南京市玄武区文四路与言和路交叉口南150米,江苏省,南京市,玄武区,1,14436cd7e2cee004f8dc85c0
1787,月苑小区,118.834007,32.106121,南京市玄武区北苑东路1号,江苏省,南京市,玄武区,1,0ed20a150a194d9757bfffef
1788,月苑南路,118.83582,32.104354,江苏省南京市玄武区,江苏省,南京市,玄武区,0,e999df5e0f3bd0acf02d8386
1789,南京华厦,118.815374,32.099115,南京市玄武区红山路红森公寓,江苏省,南京市,玄武区,1,593e57a7530619d8deee8bac
1790,紫萝苑小区,118.838239,32.106169,南京市玄武区营苑南路2号,江苏省,南京市,玄武区,1,d7ad3a21b5be7f63d23ce368
1791,北城新风,118.838996,32.105935,南京市玄武区墨香路与月苑南路交叉路口向北约100米,江苏省,南京市,玄武区,1,5e53af1a719e195f4151c0ef
1792,营苑西村,118.833979,32.108681,南京市玄武区营苑南路108号,江苏省,南京市,玄武区,1,c879fa012dc28d4ac909f0ef
1793,恒大翡翠华庭,118.831596,32.107186,华飞路1号,江苏省,南京市,玄武区,1,1b4d5c7c5b5cc5264afc8df7
1794,营苑新寓,118.836989,32.109406,南京市玄武区营苑南路29号,江苏省,南京市,玄武区,1,3810c8793ff4058b9c09f7ef
1795,雯锦雅苑,118.83937,32.108056,南京市玄武区营苑南路1号,江苏省,南京市,玄武区,1,5ce2637d41fff951ae31e5ef
1796,恒大翡翠华庭,118.831596,32.107186,华飞路1号,江苏省,南京市,玄武区,1,1b4d5c7c5b5cc5264afc8df7
1797,墨香山庄-西门,118.840212,32.106809,南京市玄武区墨香路30号,江苏省,南京市,玄武区,1,9bc48ab36e87b31900ff2dc8
1798,营苑西村-北区,118.833714,32.110156,南京市玄武区北苑东路与营苑北路交叉路口往东北约90米,江苏省,南京市,玄武区,1,da8436361c55eee40a5cb36e
1799,何家村48号,118.825041,32.108566,江苏省南京市栖霞区何家村48号,江苏省,南京市,栖霞区,1,54672373773dc798b05c6a1e
1800,营苑东村,118.839,32.109676,南京市玄武区营苑南路72号,江苏省,南京市,玄武区,1,6ed3083a05c6a5ca2a3a9fa0
1801,星叶瑜憬湾,118.831259,32.111792,江苏省南京市栖霞区网板路8号,江苏省,南京市,栖霞区,1,7b9329be7832ca5f2902e1f5
1802,南京电子网板科技股份有限公司网板路2号宿舍,118.832722,32.110465,南京市栖霞区网板路2号,江苏省,南京市,栖霞区,1,19505ac8ca3cabd59d9d68d6
1803,星叶瑜憬湾,118.831259,32.111792,江苏省南京市栖霞区网板路8号,江苏省,南京市,栖霞区,1,7b9329be7832ca5f2902e1f5
1804,景虹园,118.8307,32.109963,南京市栖霞区迈皋桥网板路10号,江苏省,南京市,栖霞区,1,d7fd2ad3833624540bccddef
1805,兴贤佳园-尚贤苑,118.845365,32.107528,南京市栖霞区汇贤路6号,江苏省,南京市,栖霞区,1,42f3ab6ecd295c9b88f15daf
1806,墨香山庄,118.842031,32.106906,南京市玄武区墨香路30号,江苏省,南京市,玄武区,1,bd5046e8dd283b41d72ce2ef
1807,兴卫二队36号,118.849267,32.107474,南京市栖霞区尧红路兴贤佳园-1期东南侧约90米,江苏省,南京市,栖霞区,1,8f0a7607ed297ff333169b11
1808,兴卫三队-40号,118.848411,32.107528,江苏省南京市栖霞区兴卫三队40号,江苏省,南京市,栖霞区,1,9cae3e755920b9852fe67b6d
1809,兴贤佳园-1期,118.847222,32.108391,南京市栖霞区兴贤路8号,江苏省,南京市,栖霞区,1,780197c3c29a145028d7ab8e
1810,兴卫二队36号,118.849267,32.107474,南京市栖霞区尧红路兴贤佳园-1期东南侧约90米,江苏省,南京市,栖霞区,1,8f0a7607ed297ff333169b11
1811,兴卫二队36号,118.849267,32.107474,南京市栖霞区尧红路兴贤佳园-1期东南侧约90米,江苏省,南京市,栖霞区,1,8f0a7607ed297ff333169b11
1812,兴卫二队36号,118.849267,32.107474,南京市栖霞区尧红路兴贤佳园-1期东南侧约90米,江苏省,南京市,栖霞区,1,8f0a7607ed297ff333169b11
1813,兴卫二队36号,118.849267,32.107474,南京市栖霞区尧红路兴贤佳园-1期东南侧约90米,江苏省,南京市,栖霞区,1,8f0a7607ed297ff333169b11
1814,紫金墨香苑,118.841327,32.103428,江苏省南京市玄武区月香路6号,江苏省,南京市,玄武区,1,93b5c2134f83fe5dce04efbc
1815,兴卫二队36号,118.849267,32.107474,南京市栖霞区尧红路兴贤佳园-1期东南侧约90米,江苏省,南京市,栖霞区,1,8f0a7607ed297ff333169b11
1816,兴卫二队36号,118.849267,32.107474,南京市栖霞区尧红路兴贤佳园-1期东南侧约90米,江苏省,南京市,栖霞区,1,8f0a7607ed297ff333169b11
1817,兴卫二队36号,118.849267,32.107474,南京市栖霞区尧红路兴贤佳园-1期东南侧约90米,江苏省,南京市,栖霞区,1,8f0a7607ed297ff333169b11
1818,兴贤佳园,118.847388,32.108119,南京市栖霞区汇贤路6号,江苏省,南京市,栖霞区,1,445d0fc7ce2326c24002450a
1819,兴卫二队36号,118.849267,32.107474,南京市栖霞区尧红路兴贤佳园-1期东南侧约90米,江苏省,南京市,栖霞区,1,8f0a7607ed297ff333169b11
1820,兴卫二队36号,118.849267,32.107474,南京市栖霞区尧红路兴贤佳园-1期东南侧约90米,江苏省,南京市,栖霞区,1,8f0a7607ed297ff333169b11
1821,兴贤佳园-修贤苑,118.842436,32.109119,南京市玄武区兴贤路6号,江苏省,南京市,玄武区,1,b12e33186c25adae601c67cc
1822,兴都花园西苑-南区,118.848916,32.109263,南京市栖霞区兴卫村89号,江苏省,南京市,栖霞区,1,4cd7d04a11bed6e129d7abbf
1823,兴卫二队36号,118.849267,32.107474,南京市栖霞区尧红路兴贤佳园-1期东南侧约90米,江苏省,南京市,栖霞区,1,8f0a7607ed297ff333169b11
1824,兴都花园西苑-北区,118.848301,32.110122,南京市栖霞区兴卫村89号,江苏省,南京市,栖霞区,1,df9925ea78e7346825d2bb00
1825,兴卫二队36号,118.849267,32.107474,南京市栖霞区尧红路兴贤佳园-1期东南侧约90米,江苏省,南京市,栖霞区,1,8f0a7607ed297ff333169b11
1826,兴都花园,118.849276,32.10948,江苏省南京市栖霞区兴卫村88号,江苏省,南京市,栖霞区,1,5c5461aee071fe5eaeee7abd
1827,兴都花园-89号,118.848761,32.109424,南京市栖霞区兴卫村89号,江苏省,南京市,栖霞区,1,7aea43b7e6c64af87c29bd56
1828,兴卫二队36号,118.849267,32.107474,南京市栖霞区尧红路兴贤佳园-1期东南侧约90米,江苏省,南京市,栖霞区,1,8f0a7607ed297ff333169b11
1829,阳光聚宝山庄(太龙路),118.867281,32.100615,江苏省南京市玄武区玄武大道88号,江苏省,南京市,玄武区,1,8692fd4f11e8c9dca0acc4ff
1830,海棠,118.869,32.10015,南京市玄武区玄武大道88号阳光聚宝山庄,江苏省,南京市,玄武区,1,3d67a3a409c952eb2806ceb2
1831,钟山朝阳府售楼处,118.864652,32.101108,南京市玄武区朝阳山路苏宁紫金朝阳府,江苏省,南京市,玄武区,1,16bccdc8210a4944fea77842
1832,钟山朝阳府,118.864591,32.101288,江苏省南京市玄武区朝阳山路1号,江苏省,南京市,玄武区,1,e751487e7a34abb608a8d450
1833,百合街区,118.86919,32.101863,江苏省南京市玄武区阳光聚宝山庄,江苏省,南京市,玄武区,1,d6ee872412637ee0a8f0cdef
1834,杜英百合,118.867702,32.101963,南京市玄武区阳光聚宝山庄,江苏省,南京市,玄武区,1,9cc1f515289e59e4bbbd6368
1835,阳光聚宝山庄-西门,118.867287,32.100658,江苏省南京市玄武区阳光聚宝山庄西门(太龙路东),江苏省,南京市,玄武区,1,6b365f5c19a9a9449d9d6832
1836,阳光聚宝山庄-杜英街区,118.868079,32.101755,南京市玄武区玄武大道88号,江苏省,南京市,玄武区,1,158716f94319659948fc8d49
1837,红豆-8号楼,118.871271,32.100931,江苏省南京市玄武区阳光聚宝山庄红豆街区8栋,江苏省,南京市,玄武区,1,93177673c0d6efb7bd484215
1838,阳光聚宝山庄臻园,118.876776,32.101291,南京市玄武区玄武大道90号,江苏省,南京市,玄武区,1,5299e21566f8a6c7f603b88d
1839,臻园美林墅,118.876383,32.100156,南京市玄武区玄武大道88号,江苏省,南京市,玄武区,1,8065ec680bbbac384e2fdf5f
1840,阳光聚宝山庄臻园-西区,118.875453,32.100348,南京市玄武区玄武大道90号,江苏省,南京市,玄武区,1,c7cb70b14e91aff26e20b912
1841,海子口-129号,118.889238,32.109643,江苏省南京市栖霞区海子口129号,江苏省,南京市,栖霞区,1,9d3bf87826eb868fadb22ac1
1842,东杨坊-100号,118.886698,32.100618,江苏省南京市玄武区东杨坊100号,江苏省,南京市,玄武区,1,81a439c0488499fa0b69d9c2
1843,东杨坊-100号,118.886698,32.100618,江苏省南京市玄武区东杨坊100号,江苏省,南京市,玄武区,1,81a439c0488499fa0b69d9c2
1844,东杨坊-100号,118.886698,32.100618,江苏省南京市玄武区东杨坊100号,江苏省,南京市,玄武区,1,81a439c0488499fa0b69d9c2
1845,东杨坊-100号,118.886698,32.100618,江苏省南京市玄武区东杨坊100号,江苏省,南京市,玄武区,1,81a439c0488499fa0b69d9c2
1846,徐庄行政楼,118.890482,32.10202,南京市玄武区玄武大道699-1号,江苏省,南京市,玄武区,1,20a18d9416216217abf0cd5e
1847,三味,118.900324,32.106862,南京市栖霞区仙林大学城仙林大学城仙隐北路2号,江苏省,南京市,栖霞区,1,83d151264938bf493a04b18b
1848,徐庄软件产业基地大厦,118.890837,32.102163,南京市玄武区玄武大道江苏省南京徐庄高新技术产业开发区东南门北侧,江苏省,南京市,玄武区,1,e5293b6e8f67fc9943e192f5
1849,苏宁·紫金嘉悦-3栋,118.892438,32.102536,南京市玄武区行辅路7号苏宁·紫金嘉悦3栋,江苏省,南京市,玄武区,1,7d3d625f8d9346ccb45f1e81
1850,西码头一队-100号,118.893831,32.107629,江苏省南京市玄武区西码头一队100号,江苏省,南京市,玄武区,1,c2bba94f6ffb5d3e72455bf1
1851,南京师范大学仙林校区教工住宅楼,118.908497,32.107069,南京市栖霞区中大路南京师范大学(仙林校区)5号门东北侧,江苏省,南京市,栖霞区,1,6fa8822c88ba1230fa42b2c8
1852,南京师范大学(仙林校区)-茶苑,118.90635,32.106512,江苏省南京市栖霞区鹤鸣路南京师范大学茶苑,江苏省,南京市,栖霞区,1,3be122e1963be42f1ff74da3
1853,雁鸣山庄,118.905872,32.103295,江苏省南京市栖霞区仙隐北路8号,江苏省,南京市,栖霞区,1,44207646ab10936bdeee8bef
1854,金陵家天下,118.901984,32.103093,江苏省南京市栖霞区仙林街道仙鹤社区仙隐北路6号,江苏省,南京市,栖霞区,1,a1418eb45d54a37febe582ef
1855,沁兰雅筑,118.907746,32.104986,南京市栖霞区仙隐北路15号,江苏省,南京市,栖霞区,1,be54cde9519b2b2678f79643
1857,香溪月园-西区,118.906502,32.101213,南京市玄武区听泉路,江苏省,南京市,玄武区,1,12d6eaf7a075f3880482c240
1858,亚东花园城,118.910798,32.100358,南京市栖霞区仙隐北路听泉山庄,江苏省,南京市,栖霞区,1,b1962bc3bed3e8bc9f09f7c3
1860,仙鹤山庄,118.901359,32.104975,南京市栖霞区仙隐北路4号,江苏省,南京市,栖霞区,1,14076dee6334a18903294fa3
1861,仙鹤山庄-别墅区,118.902583,32.105883,南京市栖霞区仙隐北路3号,江苏省,南京市,栖霞区,1,6913052375b46208725e80ef
1862,金陵家天下-东北1门,118.902637,32.103179,南京市栖霞区仙隐北路6号,江苏省,南京市,栖霞区,1,3941acba2ff4d33b6fc02cf5
1863,汇金园,118.901863,32.103247,南京市栖霞区仙隐北路6号,江苏省,南京市,栖霞区,1,f07f172fbb1a340bc9c3dbbf
1864,香榭园,118.902637,32.103102,江苏省南京市栖霞区仙隐北路6号,江苏省,南京市,栖霞区,1,74ffd2eae77cfdf00bccdd49
1865,依山苑,118.90264,32.105844,南京市栖霞区仙隐北路3号,江苏省,南京市,栖霞区,1,9c69c1335c2b54a5f6c59c20
1866,仙鹤山庄(北区)-西南门,118.90199,32.105419,南京市栖霞区仙隐北路3号,江苏省,南京市,栖霞区,1,05f690dde0b2b8f228b97c20
1867,南京师范大学(仙林校区)-博士生公寓,118.908718,32.107212,南京市栖霞区,江苏省,南京市,栖霞区,1,fa159ae713f09747c7f02581
1868,南京师范大学仙林校区西苑12幢,118.914799,32.107466,江苏省南京市栖霞区南师大西苑12栋,江苏省,南京市,栖霞区,1,eb4d175f9d148a4d2bd7abd1
1869,康桥圣菲,118.919988,32.10067,江苏省南京市栖霞区文范路9号,江苏省,南京市,栖霞区,1,22e11407ecd26ac9d4b74ea3
1870,南京师范大学仙林校区西苑14幢,118.913493,32.107055,江苏省南京市栖霞区南京师范大学西苑14栋,江苏省,南京市,栖霞区,1,b9d4493c273e3564f60e7740
1871,南京师大仙林校区西苑13幢,118.914147,32.107266,江苏省南京市栖霞区南京师范大学(仙林校区)西苑13栋,江苏省,南京市,栖霞区,1,9f43b6ca82501db63904b13f
1872,东城汇,118.915411,32.103846,南京市栖霞区文苑路8号东城汇F2,江苏省,南京市,栖霞区,1,6e9e37fb0784b3c91d5800f9
1873,人才公寓,118.916011,32.103357,南京市栖霞区文苑路8号东城汇F2东城汇F1,江苏省,南京市,栖霞区,1,6cd6e6b1a5057306f7eafc83
1874,南京师大仙林校区南区学生公寓,118.917728,32.10485,南京市栖霞区文苑路44号,江苏省,南京市,栖霞区,1,485bd8eb2510144cad31e556
1875,南京师范大学仙林校区-西苑11幢南楼,118.914859,32.107893,南京市栖霞区文苑路1号南京师范大学西区教育超市东侧,江苏省,南京市,栖霞区,1,b847351b9771f2b89fec2bda
1876,咏梅山庄,118.913069,32.1022,江苏省南京市栖霞区仙林街道咏梅社区文苑路2号,江苏省,南京市,栖霞区,1,25c39cafe4e5efe8b75f1e01
1877,仙林新村-南区,118.91885,32.101457,南京市栖霞区文枢东路2号,江苏省,南京市,栖霞区,1,beabdbf476a16a987069d351
1878,倚竹园,118.911531,32.10256,南京市栖霞区文苑路2号,江苏省,南京市,栖霞区,1,02edccbb00afe079c4f025fb
1879,东城汇-东南2门,118.914583,32.103142,南京市栖霞区文苑路8号,江苏省,南京市,栖霞区,1,cab74a46493ef58879dbd2d9
1880,东城汇(东南门),118.916128,32.103468,南京市栖霞区文苑路8号东城汇F2东城汇F1,江苏省,南京市,栖霞区,1,70fbaebdb75bc66dd42ce245
1881,仙林新村-南区,118.91885,32.101457,南京市栖霞区文枢东路2号,江苏省,南京市,栖霞区,1,beabdbf476a16a987069d351
1882,亚东花园城.听泉山庄,118.910692,32.100706,南京市栖霞区仙林街道仙鹤社区仙隐北路10号,江苏省,南京市,栖霞区,1,f8537e60ee5ab22a72210b86
1883,康桥圣菲,118.919988,32.10067,江苏省南京市栖霞区文范路9号,江苏省,南京市,栖霞区,1,22e11407ecd26ac9d4b74ea3
1884,赛世香樟园,118.926415,32.106644,江苏省南京市栖霞区仙林街道杉湖路社区杉湖西路9号,江苏省,南京市,栖霞区,1,5e53af1a7624185f4151c051
1885,东方天郡-西区,118.923394,32.102963,江苏省南京市栖霞区仙林街道杉湖路社区杉湖西路8号,江苏省,南京市,栖霞区,1,7bfa08fcd5fda20224d2bbbe
1886,南京财经大学(仙林校区)西苑学舍-01栋,118.923697,32.109844,南京市栖霞区仙林大学城文苑路3号,江苏省,南京市,栖霞区,1,40736cc061d1941dadb22a52
1887,南京财经大学(仙林校区)教工宿舍-04栋,118.922605,32.110414,南京市栖霞区文澜路南京财经大学仙林校区大门南侧约60米,江苏省,南京市,栖霞区,1,d01e75878c08bc6cf5c59cc3
1888,南京财经大学(仙林校区)西苑学舍-03栋,118.923571,32.110244,南京市栖霞区文澜路南京财经大学(仙林校区),江苏省,南京市,栖霞区,1,e2d9d1737a5d7e46102935da
1889,南京财经大学仙林校区教工宿舍02,118.922916,32.109944,南京市栖霞区文澜路南京财经大学(仙林校区)西门北侧约80米,江苏省,南京市,栖霞区,1,c75659b92ef1ce903a13fdbc
1890,南京财经大学(仙林校区)西苑学舍-02栋,118.923957,32.110236,南京市栖霞区仙林大学城文苑路3号,江苏省,南京市,栖霞区,1,d6d552166041ca134d5547e0
1891,南京财经大学(仙林校区)-西苑学舍06栋,118.927516,32.114304,南京市栖霞区仙林大学城文苑路3号,江苏省,南京市,栖霞区,1,eed31923972547ddd3ff23a3
1892,南京财经大学仙林校区教工宿舍02,118.922916,32.109944,南京市栖霞区文澜路南京财经大学(仙林校区)西门北侧约80米,江苏省,南京市,栖霞区,1,c75659b92ef1ce903a13fdbc
1893,南京财经大学(仙林校区)西苑学舍-05栋,118.923732,32.110512,南京市栖霞区南京财经大学(仙林校区)西苑学舍05栋,江苏省,南京市,栖霞区,1,d125d59be1766980c9c3dbdc
1894,南京市栖霞区商务局,118.93598,32.110476,江苏省南京市栖霞区文苑路118号,江苏省,南京市,栖霞区,1,818344cf8b7d025fa80dd852
1895,康桥圣菲-东门,118.92125,32.101879,江苏省南京市栖霞区文苑路9号,江苏省,南京市,栖霞区,1,bcaebff875324e54c9e33c51
1896,创客公寓南京,118.921286,32.101382,南京市栖霞区康桥圣菲6幢四楼,江苏省,南京市,栖霞区,1,6f1c2569f7bb06b32202207d
1897,南京财经大学仙林校区教工宿舍02,118.922916,32.109944,南京市栖霞区文澜路南京财经大学(仙林校区)西门北侧约80米,江苏省,南京市,栖霞区,1,c75659b92ef1ce903a13fdbc
1898,爱尚街区(文范路店)-东北门,118.921813,32.101038,南京市栖霞区仙林街道学衡路9号,江苏省,南京市,栖霞区,1,49311fbaeecd95fc54bfffd7
1899,南京中建大厦,118.927483,32.102966,江苏省南京市栖霞区文澜路6号,江苏省,南京市,栖霞区,1,8d42f5ba5101fa49940319db
1900,南京高科-北门,118.929325,32.103682,南京市栖霞区学津路与文范路交叉口西100米,江苏省,南京市,栖霞区,1,bae94ae00a147ef8bea24045
1901,高科中心,118.929795,32.103466,江苏省南京市栖霞区学津路8号,江苏省,南京市,栖霞区,1,62b4e1881368d226ed74f8f2
1902,仙林政务办公中心,118.936056,32.11034,文苑路118号,江苏省,南京市,栖霞区,1,06a4c780e8002483f33cbadc
1903,南京审计大学金审学院教学楼-A栋,118.92149,32.093594,南京市栖霞区仙林大道100号南京审计大学金审学院,江苏省,南京市,栖霞区,1,6ee649fcb4b82f430bccdd2f
1904,南京沧溪汇杰文庭-二期,118.940178,32.102808,江苏省南京市栖霞区仙林街道仙林大道128号,江苏省,南京市,栖霞区,1,c304d5b61360aa9b932ca32a
1905,万山庭院-北门,118.939965,32.105278,江苏省南京市栖霞区仙林大道128号,江苏省,南京市,栖霞区,1,6ba5ac34f21c326307026f1f
1906,万山庭院-西门,118.938094,32.103108,南京市栖霞区学子路与风华路交叉口北150米,江苏省,南京市,栖霞区,1,717e5d1fdd0b2a4747e274ea
1907,汇杰文庭,118.939621,32.103228,南京市栖霞区仙林大道128号,江苏省,南京市,栖霞区,1,f1f5cac5b08e95e436b06ce4
1908,仙林国际,118.935816,32.110374,南京市栖霞区文苑路仙林政务办公中心,江苏省,南京市,栖霞区,1,e6f48a631af391d501897230
1909,万山庭院,118.941475,32.104095,南京市栖霞区仙林大道128号(南外中学部西侧),江苏省,南京市,栖霞区,1,37d67c763ab4f53a41d63e8a
1910,栖园-南区,118.941683,32.109006,南京市栖霞区仙林街道杉湖东路18号,江苏省,南京市,栖霞区,1,997b45cb958fb6c016c8f638
1911,南京中医药大学研究生宿舍,118.949763,32.104035,南京市栖霞区仙林大道138号南京中医药大学,江苏省,南京市,栖霞区,1,5340ebd706281df2c16c145e
1912,南京中医药大学学生宿舍一号站,118.950365,32.105783,南京市栖霞区仙林大道138号南京中医药大学,江苏省,南京市,栖霞区,1,4af6201a516ca2b66fa3cc3d
1913,南京中医药大学东苑,118.959043,32.108227,南京市栖霞区仙林大道138号南京中医药大学,江苏省,南京市,栖霞区,1,196f9fe60bd18fa5f60e7764
1914,南京中医药大学学生宿舍-五号站,118.956955,32.10804,南京市栖霞区仙林大道138号南京中医药大学,江苏省,南京市,栖霞区,1,e5d4b1431ad51bcbf90cad5b
1915,南京中医药大学学生宿舍八号站,118.956492,32.10749,南京市栖霞区仙林大道138号南京中医药大学,江苏省,南京市,栖霞区,1,edf2b9ff5ec745311329358a
1916,南京中医药大学学生宿舍四号站,118.955132,32.108379,南京市栖霞区仙林大道138号南京中医药大学,江苏省,南京市,栖霞区,1,bbe1cdcb64db330cc056ac0b
1917,南京中医药大学学生宿舍六号站,118.957542,32.109492,南京市栖霞区仙林街道仙林大道138号,江苏省,南京市,栖霞区,1,4888ff98e3952a142b3a9fd1
1918,南京中医药大学学生宿舍七号站,118.958131,32.108063,南京市栖霞区仙林大道138号南京中医药大学,江苏省,南京市,栖霞区,1,985ccd6bf891b37a94ec8406
1919,南京中医药大学学生宿舍-二号站,118.951674,32.106393,江苏省南京市栖霞区仙林大道138号南京中医药大学,江苏省,南京市,栖霞区,1,dbae64d83f29511ae215f96d
1920,南京中医药大学学生宿舍一号站,118.950365,32.105783,南京市栖霞区仙林大道138号南京中医药大学,江苏省,南京市,栖霞区,1,4af6201a516ca2b66fa3cc3d
1921,南大和园(D区),118.964745,32.108229,南京市栖霞区九乡河东路,江苏省,南京市,栖霞区,1,82faf946ecf528911de99922
1922,南大和园-F区,118.96991,32.109328,江苏省南京市栖霞区仙林大道南大和园,江苏省,南京市,栖霞区,1,0a0362cc415acf5282a12e4e
1923,自然天城,118.637022,32.099091,南京市浦口区沿山大道188号,江苏省,南京市,浦口区,1,2a01a91f2dfe4590f90cad69
1924,国信自然天城,118.637022,32.099091,南京市浦口区沿山大道188号,江苏省,南京市,浦口区,1,2a01a91f2dfe4590f90cad69
1925,工业大学青年教师公共租赁住房,118.639921,32.094462,南京市浦口区X202(盘汪线),江苏省,南京市,浦口区,1,b7546adc3c741ed3aaf0cd78
1926,亚青村,118.639444,32.092529,江苏省南京市浦口区浦口大道100号,江苏省,南京市,浦口区,1,f1b81864f68fe52f9c09f731
1927,飞龙山庄,118.649398,32.093848,江苏省南京市浦口区南京工业大学学府苑,江苏省,南京市,浦口区,1,c94846bb1b0f10473f9a5e60
1928,通宇林景熙园,118.651427,32.096005,江苏省南京市浦口区顶山街道龚家洼路1号,江苏省,南京市,浦口区,1,05dfe387b4170d4a0bf5eb08
1929,南京工业大学江浦校区-檀香苑,118.642748,32.092639,南京市浦口区浦珠南路30号(近南京工业大学),江苏省,南京市,浦口区,1,163d030e66c53fd2260bd081
1930,涌泉山庄,118.649564,32.092376,江苏省南京市浦口区浦珠南路30号南京工业大学青教公寓5栋,江苏省,南京市,浦口区,1,46fced98fb8c12862a02e1e7
1931,象山苑学生公寓,118.642172,32.091787,江苏省南京市浦口区南京工业大学江浦校区,江苏省,南京市,浦口区,1,94b8d30489e0e7bcb320a8ec
1932,檀香苑学生公寓,118.642929,32.092779,南京市浦口区浦珠南路30号(近南京工业大学),江苏省,南京市,浦口区,1,160fcc3187905608d42ce221
1933,学府苑,118.648719,32.094165,浦珠南路30号,江苏省,南京市,浦口区,1,eabf4519a9dcf70da21de96f
1934,国信自然天城,118.637022,32.099091,南京市浦口区沿山大道188号,江苏省,南京市,浦口区,1,2a01a91f2dfe4590f90cad69
1935,象山苑学生公寓,118.642172,32.091787,江苏省南京市浦口区南京工业大学江浦校区,江苏省,南京市,浦口区,1,94b8d30489e0e7bcb320a8ec
1936,象山苑学生公寓,118.642172,32.091787,江苏省南京市浦口区南京工业大学江浦校区,江苏省,南京市,浦口区,1,94b8d30489e0e7bcb320a8ec
1937,象山苑学生公寓,118.642172,32.091787,江苏省南京市浦口区南京工业大学江浦校区,江苏省,南京市,浦口区,1,94b8d30489e0e7bcb320a8ec
1938,象山苑学生公寓-9幢,118.641011,32.092637,江苏省南京市浦口区南京工业大学学生公寓象山苑9幢,江苏省,南京市,浦口区,1,e817f9c9e9c7fabe25d2bbe4
1939,象山苑学生公寓-1幢,118.641957,32.092149,江苏省南京市浦口区南京工业大学江浦校区象山苑1幢,江苏省,南京市,浦口区,1,f5f799f3add49cf186420e7d
1940,金地浅山艺境,118.65787,32.09756,江苏省南京市浦口顶山街道七里桥北路19号,江苏省,南京市,浦口区,1,4738ebc362a826aed1f49eec
1941,林景熙园1期,118.651938,32.093076,南京市浦口区龚家洼路与石婆路交叉路口往西北约130米,江苏省,南京市,浦口区,1,a68b60486deac4c54d776ecf
1942,明发悦庭,118.654032,32.089461,南京市浦口区胡桥路9号(七里路与浦马路交汇处),江苏省,南京市,浦口区,1,41fdecad2faa1025c2f1cf82
1943,美麟·香漫山,118.652578,32.090837,南京市浦口区胡桥路7号,江苏省,南京市,浦口区,1,2467fe6d36248879b5147f95
1944,江苏警官学院学生公寓-C座,118.66244,32.101234,南京市浦口区梁溪路江苏警官学院(浦口校区),江苏省,南京市,浦口区,1,36973e582cbc31a03010afd7
1945,江苏警官学院青年教师公寓,118.667926,32.099778,江苏省南京市浦口区三宫48江苏警官学院浦口校区内,江苏省,南京市,浦口区,1,0cbfdd337b7b97a7940319c5
1946,石佛寺农场家属区,118.679726,32.097402,南京市浦口区顶山街道浦珠中路359号,江苏省,南京市,浦口区,1,b788030c04a6ed6a6140a969
1947,南京市石佛寺驾校-学生公寓,118.679987,32.096392,南京市浦口区浦珠中路359号,江苏省,南京市,浦口区,1,a9350da43c7800d897ec8470
1949,华润国际社区,118.695772,32.0947,南京市浦口区广西埂大街100号,江苏省,南京市,浦口区,1,243c200a5ce5e8b25a3ac862
1950,顺河里-38号楼,118.719122,32.094531,江苏省南京市浦口区顺河里38号楼(浦新路东),江苏省,南京市,浦口区,1,91a74e272ba1c92bd8d89175
1951,顺河里-16号,118.717163,32.092856,南京市浦口区滨江大道与浦新路交叉路口往东南约170米,江苏省,南京市,浦口区,1,af59bce3a3b9bba028d7ab16
1952,顺河里-17号,118.717343,32.09297,南京市浦口区滨江大道与浦新路交叉路口往东南约180米,江苏省,南京市,浦口区,1,37a96e7bdb65d94ec356acc3
1953,顺河里-40号,118.719176,32.09466,南京市浦口区浦新路33-31号附近,江苏省,南京市,浦口区,1,31ff965a20653139364aae8c
1954,顺河里-19号,118.717624,32.09312,南京市浦口区滨江大道与浦新路交叉路口往东约200米,江苏省,南京市,浦口区,1,dba702046c836ab745e27410
1955,下关大厦,118.746023,32.09394,江苏省南京市鼓楼区中山北路540号,江苏省,南京市,鼓楼区,1,c8383fecbf3fb5ef48cc4a18
1956,南京市鼓楼区政府办公楼-A座,118.746174,32.093922,南京市鼓楼区中山北路540号,江苏省,南京市,鼓楼区,1,1b85250271efb6ac1329358a
1957,下关江边路以西1号地,118.743361,32.094204,南京市鼓楼区江边路以西1号地(东至热河路；西至江边路；南至中山北路),江苏省,南京市,鼓楼区,1,d1d96eb13ad9558525e0a053
1958,中山北路603号小区,118.74488,32.092494,南京市鼓楼区中山北路603号,江苏省,南京市,鼓楼区,1,869ddc9357396cd5a3acc4e2
1959,恒大滨江,118.743566,32.094163,阅江楼街道中山北路576号,江苏省,南京市,鼓楼区,1,ecf6347b41a3a8bf774ff1bf
1960,中山北路607号院,118.744265,32.092788,南京市鼓楼区中山北路607号,江苏省,南京市,鼓楼区,1,326bcafb2871181b42d63e01
1961,龙湖·春江紫宸-1-2栋,118.745157,32.097107,南京市鼓楼区建宁路355号,江苏省,南京市,鼓楼区,1,7ab8a0fa263987a2eb56fa15
1962,张家圩小区,118.744151,32.092277,南京市鼓楼区中山北路605-607号,江苏省,南京市,鼓楼区,1,4cf8d24e02f5ede49df77986
1963,惠纺园大厦,118.747099,32.091487,南京市鼓楼区中山北路591号,江苏省,南京市,鼓楼区,1,f5b0c6395df5c56914c8f665
1964,百合华府,118.743055,32.092677,南京市鼓楼区中山北路619号,江苏省,南京市,鼓楼区,1,00586108150f3fa547e27486
1965,龙湖·紫悦府-1栋,118.745182,32.097344,南京市鼓楼区建宁路355号龙湖·紫悦府1栋,江苏省,南京市,鼓楼区,1,002e9519eced5ade4bfc8dbe
1966,边城V时代广场,118.747939,32.090148,江苏省南京市鼓楼区热河南路2-3号,江苏省,南京市,鼓楼区,1,5560488ef767deb6ee74f847
1967,惠纺园小区,118.747099,32.091487,南京市鼓楼区中山北路591号,江苏省,南京市,鼓楼区,1,f5b0c6395df5c56914c8f665
1968,杨家花园35号楼,118.750248,32.095608,南京市鼓楼区建宁路绣球公园西门(阅江广场北),江苏省,南京市,鼓楼区,1,1bd86545c0278d1a52e5c54d
1969,杨家花园49号,118.749916,32.095837,南京市鼓楼区热河路绣球公园西北侧约60米,江苏省,南京市,鼓楼区,1,4815a789d3e93b3bd7851fbb
1970,龙湖·春江紫宸,118.743547,32.096468,南京市鼓楼区江边路15号,江苏省,南京市,鼓楼区,1,c2835a09fcdc7b4ac3364477
1971,阅江广场,118.750025,32.094149,"南京市鼓楼区热河路50号(西临热河路,南临中山北路)",江苏省,南京市,鼓楼区,1,96b672aa419f316cce04ef6c
1972,永宁街证大大拇指广场,118.74841,32.09842,南京市鼓楼区热河路185号,江苏省,南京市,鼓楼区,1,6b965689988e1a28a5da3918
1974,南京西乘务员公寓,118.746804,32.099093,江苏省南京市鼓楼区大马路58号,江苏省,南京市,鼓楼区,1,ac796b2d30bbf612d12dd6e8
1975,江苏省航运大楼,118.749878,32.092344,南京市鼓楼区中山北路507号,江苏省,南京市,鼓楼区,1,a8f171cb90395a586b49f337
1976,江苏省航运大楼管委会,118.749939,32.092266,江苏省南京市鼓楼区中山北路507号江苏省航运大楼创业园8层,江苏省,南京市,鼓楼区,1,398eff42d29ca8bcca2915c1
1977,边城世家,118.744341,32.082999,南京市鼓楼区郑和中路8号,江苏省,南京市,鼓楼区,1,1547369a45dabcbf5abbbc70
1978,复兴大厦,118.748722,32.09099,热河南路9号附近,江苏省,南京市,鼓楼区,1,396c0b4aa6c021ff6ca3ccd6
1979,长江峰景,118.740602,32.091805,南京市鼓楼区中山北路699号,江苏省,南京市,鼓楼区,1,783d79cf4a75667fe8e582d4
1980,中山北路小区,118.75002,32.091168,南京市鼓楼区姜家园2-4号,江苏省,南京市,鼓楼区,1,a1418eb4a171df7eebe582d0
1981,姜家园-46号,118.750246,32.091224,江苏省南京市鼓楼区姜家园46号,江苏省,南京市,鼓楼区,1,7f5d27f781ff4536465726eb
1982,热河南路小区,118.749355,32.090386,南京市鼓楼区热河南路19-25号,江苏省,南京市,鼓楼区,1,b09c9c2b61d4409921026274
1983,姜家园55号,118.750113,32.091264,姜家园56-58号附近,江苏省,南京市,鼓楼区,1,5f3fefb73d1cc4597bf7963e
1984,姜家园57号,118.750042,32.091241,姜家园56-58号附近,江苏省,南京市,鼓楼区,1,04244a78e802d136f02d8305
1985,姜家园52-54号,118.750148,32.091362,南京市鼓楼区姜家园2-4号,江苏省,南京市,鼓楼区,1,640634d78f31781aa5da39b1
1986,姜家园-53号,118.750096,32.091364,姜家园56-58号附近,江苏省,南京市,鼓楼区,1,4620e7b7a2de04f1e5e96571
1987,南京西乘务员公寓,118.746804,32.099093,江苏省南京市鼓楼区大马路58号,江苏省,南京市,鼓楼区,1,ac796b2d30bbf612d12dd6e8
1988,杨家花园49号,118.749916,32.095837,南京市鼓楼区热河路绣球公园西北侧约60米,江苏省,南京市,鼓楼区,1,4815a789d3e93b3bd7851fbb
1989,杨家花园49号,118.749916,32.095837,南京市鼓楼区热河路绣球公园西北侧约60米,江苏省,南京市,鼓楼区,1,4815a789d3e93b3bd7851fbb
1990,杨家花园49号,118.749916,32.095837,南京市鼓楼区热河路绣球公园西北侧约60米,江苏省,南京市,鼓楼区,1,4815a789d3e93b3bd7851fbb
1991,杨家花园49号,118.749916,32.095837,南京市鼓楼区热河路绣球公园西北侧约60米,江苏省,南京市,鼓楼区,1,4815a789d3e93b3bd7851fbb
1992,盐西街小区,118.756022,32.09497,南京市鼓楼区大桥南路盐仓桥19号,江苏省,南京市,鼓楼区,1,8eb48fa19fddfba6f22d8386
1993,盐西街小区-13号楼,118.756375,32.095389,江苏省南京市鼓楼区北祖师庵13号,江苏省,南京市,鼓楼区,1,00a7beef6c58b1663586f4c4
1994,盐仓桥住宅,118.757207,32.094151,南京市鼓楼区大桥南路盐仓桥11号,江苏省,南京市,鼓楼区,1,a78755f89cafca48ca2915b0
1995,盐仓桥11号小区,118.756712,32.094117,南京市鼓楼区盐仓桥11号,江苏省,南京市,鼓楼区,1,3df5d4be53be5fde01294fcd
1996,盐仓桥-17号院,118.756937,32.094385,江苏省南京市鼓楼区盐仓桥17号,江苏省,南京市,鼓楼区,1,2924a0e70fd9719dabf0cdc2
1997,北祖师庵小区-4号楼,118.757302,32.095252,江苏省南京市鼓楼区北祖师庵4号,江苏省,南京市,鼓楼区,1,77932a0ff67446ee9ff7795e
1998,北祖师庵-32-40号小区,118.756852,32.095804,南京市鼓楼区北祖师庵32-40号,江苏省,南京市,鼓楼区,1,a6cab9c735dd74c2f7eafc1a
1999,中山北路348号小区,118.755069,32.093274,南京市鼓楼区中山北路348号,江苏省,南京市,鼓楼区,1,bf7dcc34a37f03824051c08e
2000,驴子巷8号小区,118.755147,32.096565,南京市鼓楼区驴子巷8号,江苏省,南京市,鼓楼区,1,55fda9456b3588f72dfaa7f1
2001,北祖师庵52-60号小区,118.756537,32.096416,南京市鼓楼区北祖师庵52-60号,江苏省,南京市,鼓楼区,1,d3c8848ff60402d8d72ce2a2
2002,盐仓桥东街23号小区,118.757617,32.09455,南京市鼓楼区盐仓桥东街23号,江苏省,南京市,鼓楼区,1,dd178934bd17f0b815c90527
2003,盐仓桥-44号楼,118.757536,32.094526,南京市鼓楼区盐仓桥44号楼,江苏省,南京市,鼓楼区,1,48e4486f10e1d370c07da250
2004,驴子巷6号小区,118.755027,32.09674,南京市鼓楼区驴子巷6号,江苏省,南京市,鼓楼区,1,b67e8ed07ff6728332870a5c
2005,多伦路150号小区,118.75844,32.09784,南京市鼓楼区多伦路150号,江苏省,南京市,鼓楼区,1,7150d3b4ab40a38b25e0a01f
2006,于家巷小区,118.756224,32.096618,于家巷5号,江苏省,南京市,鼓楼区,1,9cbd25384a9bcc3432870adc
2007,盐东街小区,118.758288,32.094863,南京市鼓楼区多伦路与新民门交叉口西南100米,江苏省,南京市,鼓楼区,1,48bf943c1f0b0730d2f49e75
2008,盐仓桥东街22号小区,118.758484,32.095251,南京市鼓楼区盐仓桥东街22号,江苏省,南京市,鼓楼区,1,298524213e67df0579dbd23d
2009,于家巷26号小区,118.757202,32.097152,南京市鼓楼区建宁路200号,江苏省,南京市,鼓楼区,1,166da1684baed590c91b950b
2010,多伦路41号大院电厂宿舍,118.758979,32.094238,南京市鼓楼区阅江楼街道多伦路41号,江苏省,南京市,鼓楼区,1,7f410668d75f0283d6b74e10
2011,盐仓桥住宅,118.757207,32.094151,南京市鼓楼区大桥南路盐仓桥11号,江苏省,南京市,鼓楼区,1,a78755f89cafca48ca2915b0
2012,铁路宿舍(多伦路),118.759016,32.096319,南京市鼓楼区多伦路79---19号,江苏省,南京市,鼓楼区,1,072bfc555326951fab059dac
2013,盐仓桥4-1临,118.758543,32.092846,南京市鼓楼区盐仓桥路花家桥5号小区西北侧,江苏省,南京市,鼓楼区,1,f0f69d39c73044b2441a3299
2014,新民门社区,118.759885,32.096704,南京市鼓楼区多伦路73号,江苏省,南京市,鼓楼区,1,29c2b4b9ec87e419f6c59c46
2015,花家桥5号小区,118.758707,32.09269,南京市鼓楼区花家桥5号,江苏省,南京市,鼓楼区,1,c90a130d4d7fc70a9c09f716
2016,邮局宿舍,118.759734,32.094243,南京市鼓楼区阅江楼街道多伦路48号,江苏省,南京市,鼓楼区,1,67ab79df2941369d9322e083
2017,光夏新村,118.760058,32.095116,南京市鼓楼区多伦路42号,江苏省,南京市,鼓楼区,1,d5f93c0e3edb835cecdfca86
2018,多伦路150号小区,118.75844,32.09784,南京市鼓楼区多伦路150号,江苏省,南京市,鼓楼区,1,7150d3b4ab40a38b25e0a01f
2019,建宁新村(建宁路),118.759527,32.09739,江苏省南京市鼓楼区新民门社区(多伦路东100米),江苏省,南京市,鼓楼区,1,54762f33469af1d7c909f04c
2020,南京铁路单身公寓,118.74898,32.102057,江苏省南京市鼓楼区兴安路６号,江苏省,南京市,鼓楼区,1,902686054f14523514c9055f
2021,油运公司宿舍(多伦路),118.75953,32.092964,南京市鼓楼区多伦路48号,江苏省,南京市,鼓楼区,1,d4b69e5a30f4e7f2ab059d76
2022,嘉乐村,118.757329,32.090745,江苏省南京市鼓楼区中山北路399号,江苏省,南京市,鼓楼区,1,1ea7d0d3a3c72dda4457266d
2023,朝阳公寓(戴家巷),118.757993,32.0912,江苏省南京市鼓楼区中山北路395号,江苏省,南京市,鼓楼区,1,d35cc8ca481ee28d6b49f382
2024,北城居,118.759129,32.098137,南京市鼓楼区建宁路259号,江苏省,南京市,鼓楼区,1,3cc910d5730bcfb214948e9a
2025,龙池庵戴家巷小区,118.758503,32.091056,江苏省南京市鼓楼区中山北路399号附近,江苏省,南京市,鼓楼区,1,f1e44a3744001a2e8f55ecaa
2026,南祖师庵7号后楼小区,118.758412,32.09001,南京市鼓楼区龙池庵,江苏省,南京市,鼓楼区,1,90b07442e4ecefeaf02d8355
2027,天正桃源,118.751481,32.091131,南京市鼓楼区姜家园99号,江苏省,南京市,鼓楼区,1,87c9d3e4aa913464d5b74ea4
2028,中山北路小区-挹景楼,118.750523,32.09181,江苏省南京市鼓楼区姜家园2号,江苏省,南京市,鼓楼区,1,e4808c71c84e529d12882401
2029,姜家园-8号,118.750642,32.091378,江苏省南京市鼓楼区姜家园8号,江苏省,南京市,鼓楼区,1,759d88749fb92b44430245ab
2030,姜家园-10号,118.750732,32.091106,江苏省南京市鼓楼区姜家园10号,江苏省,南京市,鼓楼区,1,2cff777faea3c8b70b1cc7ec
2031,姜家园-12号,118.750734,32.090763,江苏省南京市鼓楼区姜家园12号,江苏省,南京市,鼓楼区,1,2dda66e00cf85278d8d8913b
2032,姜家园-64号楼,118.751042,32.089795,南京市鼓楼区姜家园64号楼,江苏省,南京市,鼓楼区,1,d0437ee6e55fd2959a005054
2033,江苏石油大厦,118.758002,32.091553,南京市鼓楼区挹江门街道中山北路395号,江苏省,南京市,鼓楼区,1,2848ffd6cd41a30f49cc4aa2
2034,油运大厦,118.760389,32.091707,南京市鼓楼区中山北路324号,江苏省,南京市,鼓楼区,1,44207646aafb926bdfee8b86
2035,晶典国际大厦,118.7599,32.092034,南京市鼓楼区大桥南路1号(国美电器旁),江苏省,南京市,鼓楼区,1,ea0681ecfec69a5d1fe999ee
2036,一江大厦,118.757766,32.097563,南京市鼓楼区建宁路263号,江苏省,南京市,鼓楼区,1,764672e5a8c9cead95ec8486
2037,万江大厦,118.750747,32.092691,南京市鼓楼区中山北路426号,江苏省,南京市,鼓楼区,1,b4466c05590a2509b11e3604
2038,晶典公寓,118.759857,32.09244,江苏省南京市鼓楼区大桥南路1号晶典公寓,江苏省,南京市,鼓楼区,1,28e7f652ff54e547b2077d0c
2039,丽晶国际,118.754487,32.073311,南京市鼓楼区石头城路117号,江苏省,南京市,鼓楼区,1,a6f6a152fea6ceedfd0eb0f6
2040,北祖师庵-8号,118.756707,32.095687,江苏省南京市鼓楼区北祖师庵8号,江苏省,南京市,鼓楼区,1,55424528b7be4daa32f71d4e
2041,金川花苑,118.765694,32.094617,南京市鼓楼区金川门外18号,江苏省,南京市,鼓楼区,1,00f1c7fbfbfc191fc156aca3
2042,林景嘉园,118.76401,32.094595,江苏省南京市鼓楼区新民村31号,江苏省,南京市,鼓楼区,1,6ea130e08e95a5a4ad080fa8
2043,新民村-33号,118.764338,32.094328,南京市鼓楼区新民村33号楼,江苏省,南京市,鼓楼区,1,561a6d2b3a8be19c2b3a9fbe
2044,头所村,118.765856,32.096924,五所村10号,江苏省,南京市,鼓楼区,1,2572fcfce760ca3c16a19049
2045,南京工业大学家属区,118.767485,32.095862,南京市鼓楼区金川门外街5号,江苏省,南京市,鼓楼区,1,e00125eaffcbcfb9f13cbaeb
2046,铁路北街177号小区,118.764835,32.093161,南京市鼓楼区铁路北街177号,江苏省,南京市,鼓楼区,1,21fbde09f5cc4349f33cbaf0
2047,新民路110号小区,118.764051,32.096889,南京市鼓楼区新民路55号,江苏省,南京市,鼓楼区,1,ee104be9e657f0442afc48cf
2048,金川雅苑,118.767362,32.093457,南京市鼓楼区铁路北街166号,江苏省,南京市,鼓楼区,1,e889a7448d9748b58705bfa0
2049,南京财经大学-教师宿舍楼,118.765707,32.092433,南京市鼓楼区铁路北街146-162号,江苏省,南京市,鼓楼区,1,853df3d5d9a7e22b102935b4
2050,五所村小区,118.767833,32.097199,江苏省南京市鼓楼区新民路146号,江苏省,南京市,鼓楼区,1,db1f39d46cbee712f4c59ca0
2051,新民路21号小区,118.762048,32.096782,南京市鼓楼区新民路21号,江苏省,南京市,鼓楼区,1,b8f522fe7d59bdb94054d7cb
2052,佳乐福新寓,118.761856,32.09544,南京市鼓楼区大桥南路18号,江苏省,南京市,鼓楼区,1,f4a33da9fbb225093110afa3
2053,康居新寓,118.764517,32.09814,南京市鼓楼区四平路15号,江苏省,南京市,鼓楼区,1,669775d08b58c55bfc0eb0a3
2054,大桥南路9号小区,118.760602,32.094692,南京市鼓楼区大桥南路9号,江苏省,南京市,鼓楼区,1,37b2930192d8a5caa2d2307f
2055,仙鹿雅居,118.76655,32.098159,南京市鼓楼区建宁路161号,江苏省,南京市,鼓楼区,1,7aea43b7e6cb4af87d29bda3
2056,新民路21号小区,118.762048,32.096782,南京市鼓楼区新民路21号,江苏省,南京市,鼓楼区,1,b8f522fe7d59bdb94054d7cb
2057,南京财经大学福建路校区学生公寓-2号楼,118.769388,32.093948,江苏省南京市鼓楼区南京财经大学福建路校区学生公寓2号楼,江苏省,南京市,鼓楼区,1,60950f2465a331230f0a70ed
2058,东妙峰庵小区,118.763825,32.091757,南京市鼓楼区大桥南路东妙峰庵1号,江苏省,南京市,鼓楼区,1,9406c62643bce4f9c356ac72
2059,长江南京航道工程局-宿舍,118.761772,32.096886,江苏省南京市鼓楼区大桥南路28-1号,江苏省,南京市,鼓楼区,1,05e4f2a135f428c9f603b815
2060,明城华贵园,118.765173,32.098668,江苏省南京市鼓楼区四平路2号,江苏省,南京市,鼓楼区,1,ea4a3dc904c0f52f4f5547a6
2061,中北汽车公司宿舍,118.76256,32.092095,南京市鼓楼区东妙峰庵60-64号,江苏省,南京市,鼓楼区,1,c6f9c969b27e664329fc4818
2062,建宁路135号院,118.766012,32.098832,江苏省南京市鼓楼区建宁路135号,江苏省,南京市,鼓楼区,1,f9d60bb1abfa6aeec62ba134
2063,南京财经大学-教师宿舍楼,118.765707,32.092433,南京市鼓楼区铁路北街146-162号,江苏省,南京市,鼓楼区,1,853df3d5d9a7e22b102935b4
2064,大桥南路6号小区,118.761562,32.092597,南京市鼓楼区大桥南路6号,江苏省,南京市,鼓楼区,1,319b667bf4287ae64bcc4a5c
2065,建宁路141号,118.766071,32.099143,南京市鼓楼区建宁路137号,江苏省,南京市,鼓楼区,1,d37a91e0d44c0f08c9fa5fce
2066,大桥南路9号小区,118.760602,32.094692,南京市鼓楼区大桥南路9号,江苏省,南京市,鼓楼区,1,37b2930192d8a5caa2d2307f
2067,洪庙巷14号教舍,118.769277,32.092341,南京市鼓楼区洪庙巷14号,江苏省,南京市,鼓楼区,1,ac4a45b00a203c16a5da3962
2068,佳乐福新寓,118.761856,32.09544,南京市鼓楼区大桥南路18号,江苏省,南京市,鼓楼区,1,f4a33da9fbb225093110afa3
2069,建宁路143-147号院,118.766195,32.099273,南京市鼓楼区建宁路143-147号,江苏省,南京市,鼓楼区,1,20369b874aa43cffa30464b9
2070,华东电力公司宿舍,118.762182,32.0981,南京市鼓楼区大桥南路40号,江苏省,南京市,鼓楼区,1,1326d77e7c01352dc41b75ba
2071,西妙峰庵小区,118.763365,32.090563,南京市鼓楼区西妙峰庵3号-9号,江苏省,南京市,鼓楼区,1,7e08503a27c2cae22b201a68
2072,萨家湾49号小区,118.76397,32.090161,南京市鼓楼区萨家湾49号,江苏省,南京市,鼓楼区,1,c1a0276aac1d0146a104648c
2073,安乐村,118.770282,32.09813,南京市鼓楼区建宁路121号,江苏省,南京市,鼓楼区,1,d991e1164a952d291f3894df
2074,南京财经大学学生公寓-7号楼,118.768924,32.090818,南京市鼓楼区洪庙巷南京财经大学(福建路校区),江苏省,南京市,鼓楼区,1,c4adb7419ea396c7c72ba1d2
2075,中海·凯旋门,118.76174,32.091074,江苏省南京市鼓楼区中山北路288号盐仓桥广场,江苏省,南京市,鼓楼区,1,9a1056b4757744c148cc4aff
2076,三所村2,118.762735,32.100164,江苏省南京市鼓楼区三所村2号,江苏省,南京市,鼓楼区,1,95af9d3ffcb7dbfc1ef74dac
2077,港宁园小区,118.769954,32.091267,南京市鼓楼区洪庙巷6号,江苏省,南京市,鼓楼区,1,d52831f9e45a2ba72ffaa7a3
2078,洪庙巷-12号院,118.768503,32.090006,江苏省南京市鼓楼区洪庙巷12号,江苏省,南京市,鼓楼区,1,2cc44795dc0fe8f39e82ea44
2079,明城大厦,118.76419,32.099174,南京市鼓楼区建宁路241号明城大厦,江苏省,南京市,鼓楼区,1,14076deeff4ac5f403294fa2
2080,中铁大厦,118.765937,32.098465,江苏省南京市鼓楼区建宁路139号,江苏省,南京市,鼓楼区,1,64ff3be13da3f9bb91114ca2
2081,建宁路社区科教基地,118.765978,32.0995,南京市鼓楼区建宁路159号,江苏省,南京市,鼓楼区,1,c8ea579c45444525c8213d87
2082,钟阜路小区,118.773991,32.093752,钟阜路2号,江苏省,南京市,鼓楼区,1,b3aa435d6aa8ae0b147643a2
2083,五岳国际公寓-1号楼,118.777943,32.094226,江苏省南京市鼓楼区黑龙江路35号,江苏省,南京市,鼓楼区,1,cdb2c2c17c7c051ebadf8f7c
2084,绿城花园,118.777355,32.097332,南京市鼓楼区建宁路57号,江苏省,南京市,鼓楼区,1,da9a5d44f403eeb099005012
2085,建宁路55号院,118.777743,32.096955,南京市鼓楼区建宁路55号,江苏省,南京市,鼓楼区,1,b45b19d09a99fc4cc7f50d02
2086,金陵大公馆,118.777525,32.093166,南京市鼓楼区南瑞路79号,江苏省,南京市,鼓楼区,1,75d0881a2aa5ed4d3b04b1a3
2087,米巢公寓,118.769195,32.100615,南京市鼓楼区建宁路90号,江苏省,南京市,鼓楼区,1,ca12763992e0dcec2b3a9f9a
2088,中央金地-1栋,118.775909,32.09812,南京市鼓楼区建宁路61号,江苏省,南京市,鼓楼区,1,396f26cd35f2d1b47f29bd36
2089,南京长江医院集团办公楼,118.778838,32.09467,南京市鼓楼区黑龙江路30-1号1栋附近,江苏省,南京市,鼓楼区,1,22e1140770ac0eb4d4b74ea2
2090,新门口-18号院,118.774376,32.092407,江苏省南京市鼓楼区新门口18号,江苏省,南京市,鼓楼区,1,d153226adf023a8c08a8d453
2091,金润公寓,118.773186,32.097472,南京市鼓楼区民生街65号,江苏省,南京市,鼓楼区,1,9840dc283b3649ff38e4a638
2092,黑龙江路28号院,118.779146,32.094309,南京市鼓楼区黑龙江路28号,江苏省,南京市,鼓楼区,1,d13971e9c56d7e6caecb6699
2093,金阜雅苑,118.771885,32.094096,钟阜路30号,江苏省,南京市,鼓楼区,1,5f916aaf93697ffd14b54bc3
2094,朗驰大厦,118.77875,32.097085,南京市鼓楼区建宁路45号,江苏省,南京市,鼓楼区,1,e3082848e59439bfb24c49a2
2095,绿洲大厦停车场,118.777497,32.097837,建宁路57-2号,江苏省,南京市,鼓楼区,1,45e32fe2ff49efba077ce8a1
2096,南京市新门口十四号家属院-23栋,118.774272,32.09203,南京市鼓楼区新门口14号23栋,江苏省,南京市,鼓楼区,1,c00f0e5104693eae8ab988b9
2097,新亚苑,118.772996,32.092371,南京市鼓楼区钟阜路5号-8号,江苏省,南京市,鼓楼区,1,435d7aea4cf505355bbbbca3
2098,停车场(金桥管理办公楼西北),118.774908,32.099968,南京市鼓楼区建宁路金桥装饰城,江苏省,南京市,鼓楼区,1,1094552d6bcedb9fadb22afb
2099,钟阜路28号院,118.77225,32.092426,南京市鼓楼区钟阜路28号,江苏省,南京市,鼓楼区,1,fecae40449ada79704fef527
2100,建宁路华茂广场,118.779478,32.09679,建宁路37号,江苏省,南京市,鼓楼区,1,4eb8095bd3912ae588db73bd
2101,龙门居,118.78,32.09418,江苏省南京市鼓楼区黑龙江路28号,江苏省,南京市,鼓楼区,1,7bfa08fc9b9de07f24d2bba3
2102,新门口16号院(东),118.777456,32.094538,新门口16号,江苏省,南京市,鼓楼区,1,13757ca08675a5c89ee321eb
2103,黑龙江路21号院-1幢,118.780032,32.092163,江苏省南京市鼓楼区黑龙江路27号1幢,江苏省,南京市,鼓楼区,1,936ff1b738d0a97e80a00ca7
2104,南铁院住宅区,118.771485,32.098092,南京市鼓楼区建宁路与民生街交叉路口往西南约190米,江苏省,南京市,鼓楼区,1,e4ce417e752ecf961ce999c1
2105,亚都大厦,118.779685,32.098339,江苏省南京市鼓楼区建宁路22号,江苏省,南京市,鼓楼区,1,d1c68cbb462cb843d13ce3aa
2106,洪庙一巷-4号院,118.770912,32.092422,南京市鼓楼区洪庙一巷4号,江苏省,南京市,鼓楼区,1,bd5205e2ea82b1c31a94c657
2107,黑龙江路11号院,118.780299,32.093244,南京市鼓楼区黑龙江路11号,江苏省,南京市,鼓楼区,1,2b241f520413acce2cb17e42
2108,紫竹苑小区(南瑞路),118.778359,32.09117,南京市鼓楼区南瑞路29号,江苏省,南京市,鼓楼区,1,4eb3b533fc08d075420245a2
2109,安乐村-东2门,118.771179,32.098208,南京市鼓楼区建宁路107号附近,江苏省,南京市,鼓楼区,1,8ded321b6b74782c13882494
2110,南京新门口商务办公综合楼,118.772432,32.090634,南京市鼓楼区三牌楼新门口5-9号近福建路,江苏省,南京市,鼓楼区,1,077954b0704bac4fae080f9a
2111,洪庙一巷3号院,118.770953,32.09206,南京市鼓楼区洪庙一巷3号,江苏省,南京市,鼓楼区,1,ef77a8bcbaa73ea1acee7a67
2112,金川科技园3,118.77187,32.098919,南京市鼓楼区建宁路65号铁道学院,江苏省,南京市,鼓楼区,1,5a39c00410ffbd1da1a934ff
2113,安乐村-东1门,118.771096,32.098756,南京市鼓楼区建宁路,江苏省,南京市,鼓楼区,1,42b2555ec164cd1c3310af14
2114,亚都锦园,118.779874,32.099037,江苏省南京市鼓楼区建宁路26号,江苏省,南京市,鼓楼区,1,a12baa40d995f156e956fa86
2115,民生街小区,118.771493,32.099198,南京市鼓楼区安乐村(建宁路南),江苏省,南京市,鼓楼区,1,8955319639bb290fbb17e7f2
2116,紫竹林(南瑞路),118.779746,32.091616,江苏省南京市鼓楼区中央门街道南瑞路紫竹林,江苏省,南京市,鼓楼区,1,efce05e4d7c1e96a00ff2dfe
2117,新门口-35号,118.77294,32.090137,南京市鼓楼区广东路与福建路交叉路口向南约100米,江苏省,南京市,鼓楼区,1,6ee4ba063e00a49d2fe67b5e
2118,泰润公寓,118.770708,32.090834,南京市鼓楼区福建路12号,江苏省,南京市,鼓楼区,1,e889a7448d9448b58705bfa3
2119,建宁路11号大院,118.784977,32.096015,南京市鼓楼区建宁路11号,江苏省,南京市,鼓楼区,1,4f94120d529ed44e2bd7ab76
2120,中央大厦(金贸大街),118.785877,32.096345,江苏省南京市鼓楼区建宁路7号,江苏省,南京市,鼓楼区,1,c697bdde537176c9354aaee7
2121,建宁路街道城河村社区,118.783407,32.095382,江苏省南京市鼓楼区建宁路街道,江苏省,南京市,鼓楼区,1,58a0002f0085e451f7e73b6c
2122,黑龙江路八巷小区2号楼,118.786009,32.093489,南京市鼓楼区黑龙江路八巷2号楼,江苏省,南京市,鼓楼区,1,e6784bc3fe6a2d080aa8d4e1
2123,紫苑,118.78411,32.093773,南京市鼓楼区黑龙江路16号,江苏省,南京市,鼓楼区,1,18109d07acbe10b4abf0cd6f
2124,汇林绿洲三期(广林苑),118.785307,32.092277,南京市鼓楼区黑龙江路汇林绿洲2号,江苏省,南京市,鼓楼区,1,4edf9fbf19b33894cd06a4a3
2125,如家商旅酒店(南京火车站中央门金盛家居店),118.782714,32.096545,江苏省南京市鼓楼区建宁路31号金盛国际家居A栋1楼,江苏省,南京市,鼓楼区,1,ec0e49c5807f4618f2193711
2126,南京市星星幼儿园,118.785156,32.085128,南京市鼓楼区工人新村49号,江苏省,南京市,鼓楼区,1,66487daa22a19c9140e1921f
2127,蓝山国际公寓,118.787804,32.093806,南京市鼓楼区黑龙江路2号,江苏省,南京市,鼓楼区,1,0dc3d82d63d5986c74e5b6a3
2128,金盛集团(金盛财智广场东南),118.781916,32.096172,江苏省南京市鼓楼区建宁路31号b区119号1楼,江苏省,南京市,鼓楼区,1,d9ddb5593d4b1c36c8213d4a
2129,建宁路10号院-4号楼,118.786398,32.097965,江苏省南京市鼓楼区建宁路10号院4楼,江苏省,南京市,鼓楼区,1,927ee19183ae6d99a8059d82
2130,金桥市场-A楼,118.785591,32.098474,江苏省南京市鼓楼区金桥市场A楼,江苏省,南京市,鼓楼区,1,2499838170d09846ae080fa4
2131,古巷茶文化中心,118.781965,32.096563,江苏省南京市鼓楼区建宁路31号金盛国际家居b区7楼,江苏省,南京市,鼓楼区,1,58d4026b0568114016764372
2132,汇林绿洲-上林苑,118.783506,32.092572,南京市鼓楼区黑龙江路17号,江苏省,南京市,鼓楼区,1,64f1fd6485f0749bc5effbb3
2133,汽轮四村6号-16号楼,118.789181,32.103913,江苏省南京市鼓楼区小市中央北路东方开心幼儿园,江苏省,南京市,鼓楼区,1,e864fdfbb50e822307fef507
2134,金桥市场-A楼,118.785591,32.098474,江苏省南京市鼓楼区金桥市场A楼,江苏省,南京市,鼓楼区,1,2499838170d09846ae080fa4
2135,汇林绿洲-广林苑,118.785307,32.092277,南京市鼓楼区黑龙江路汇林绿洲2号,江苏省,南京市,鼓楼区,1,4edf9fbf19b33894cd06a4a3
2136,汇林绿洲三期(广林苑),118.785307,32.092277,南京市鼓楼区黑龙江路汇林绿洲2号,江苏省,南京市,鼓楼区,1,4edf9fbf19b33894cd06a4a3
2137,天正湖滨-2期,118.787626,32.092527,南京市鼓楼区中央路399号,江苏省,南京市,鼓楼区,1,7c1dccf1a37fbc0b54bfff3a
2138,黑龙江路26号小区7幢,118.780441,32.093666,江苏省南京市鼓楼区黑龙江路26号院7幢,江苏省,南京市,鼓楼区,1,5ea02ae68b297e4702897253
2139,玉桥国际公寓,118.787915,32.098621,南京市鼓楼区建宁路8号(建宁路玉桥市场后),江苏省,南京市,鼓楼区,1,e136626906700fdcc1f1cf26
2140,先锋广场,118.789609,32.093884,江苏省南京市鼓楼区中央路417号,江苏省,南京市,鼓楼区,1,5a4470faee85c3a0e6073896
2141,南京中电熊猫贸易发展有限公司-综合楼,118.781283,32.097633,江苏省南京市鼓楼区建宁路16号3楼,江苏省,南京市,鼓楼区,1,290a11f90fb67563843304a5
2142,建宁路十八号小区,118.781841,32.098384,江苏省南京市鼓楼区建宁路18号,江苏省,南京市,鼓楼区,1,b0cbe87bac9727d8ab175a16
2143,长江新村-9号,118.783745,32.091661,南京市鼓楼区,江苏省,南京市,鼓楼区,1,b7835d85ea56ddc854bfff22
2144,天正湖滨,118.788972,32.092213,南京市鼓楼区中央路399号,江苏省,南京市,鼓楼区,1,dcc77d3f1ee7d6cb1df74d56
2145,汇林绿洲-怡林苑,118.781751,32.092256,南京市鼓楼区黑龙江路19号,江苏省,南京市,鼓楼区,1,39d43f823cef81fba9059da0
2146,天正国际广场,118.789711,32.092276,江苏省南京市鼓楼区中央路399号,江苏省,南京市,鼓楼区,1,e85e25273484e75095f08c04
2147,天正湖滨君悦阁,118.789645,32.091879,南京市鼓楼区中央门街道中央路399号天正国际5号楼,江苏省,南京市,鼓楼区,1,5af346d8dda214c00782c244
2148,紫竹林1号小区,118.781049,32.091715,南京市鼓楼区紫竹林1号,江苏省,南京市,鼓楼区,1,ea4a3dc9aabf5f2e4f5547a2
2149,小市新村-18号小区,118.788902,32.099721,南京市鼓楼区幕府南路小市新村,江苏省,南京市,鼓楼区,1,015308a2b2bcf2409e82ea88
2150,紫竹林-2号,118.781713,32.090809,南京市鼓楼区紫竹林1号,江苏省,南京市,鼓楼区,1,5fbc9d7604df849f3a04b123
2151,紫竹林2号小区,118.781713,32.090809,南京市鼓楼区紫竹林1号,江苏省,南京市,鼓楼区,1,5fbc9d7604df849f3a04b123
2152,凤凰和鸣-B区,118.789147,32.090422,南京市鼓楼区中央路389号,江苏省,南京市,鼓楼区,1,cda8226f61e9b7a80f0a7024
2153,凤凰国际大厦（四川路）,118.789714,32.090519,南京市玄武区中央路389号,江苏省,南京市,玄武区,1,a1c70fa031ccd134b1077de6
2154,教师住宅-西2门,118.782653,32.091097,江苏省南京市鼓楼区紫竹林1附近,江苏省,南京市,鼓楼区,1,c02c0351b5d53c2b4e5547bd
2155,中央门地区商务楼宇综治办(站),118.789422,32.093758,南京市鼓楼区中央路417号先锋广场5层,江苏省,南京市,鼓楼区,1,8ce48310aaf05f49b54f5408
2156,玉桥商业广场,118.787562,32.097406,江苏省南京市鼓楼区建宁路8号,江苏省,南京市,鼓楼区,1,862b03d2e7cb8076bda24015
2158,中央门金盛家居店,118.782707,32.096287,南京市鼓楼区建宁路河图文化广场南侧约80米,江苏省,南京市,鼓楼区,1,f033a98736e7f1681c1d1118
2159,和平大沟,118.795303,32.094239,江苏省南京市玄武区龙蟠路8号神策门公园(东门)附近,江苏省,南京市,玄武区,1,b01a657649ed50a700ec0127
2160,韶山路246号院,118.797201,32.095559,南京市玄武区韶山路246号,江苏省,南京市,玄武区,1,a6293a2ede881346acee7a11
2161,湖景花园,118.797179,32.094544,南京市玄武区龙蟠路6号,江苏省,南京市,玄武区,1,b0d056f25f631f7ecac3dbef
2162,小市街98号小区,118.796904,32.097557,南京市鼓楼区小市街98号,江苏省,南京市,鼓楼区,1,876588217869d4f6018972af
2163,小市街96号小区,118.796833,32.098153,南京市鼓楼区小市街96号,江苏省,南京市,鼓楼区,1,44eeef2cd7ca6b42aecb66ed
2164,小市街50号小区,118.795808,32.098501,江苏省南京市鼓楼区小市街50号,江苏省,南京市,鼓楼区,1,51305f6a90c0257e734b87e0
2165,小市街100号小区,118.797345,32.098056,南京市鼓楼区小市街100号,江苏省,南京市,鼓楼区,1,13fccf12aa231bf27ab55cc9
2166,小市街88号小区,118.797865,32.098545,南京市鼓楼区小市街88号,江苏省,南京市,鼓楼区,1,a0118cf0055b87d5c909f0b7
2167,小市街121号小区,118.795526,32.09937,小市街121号楼,江苏省,南京市,鼓楼区,1,ebdda11ec37f67dd09a8d40b
2168,金基翠城,118.799383,32.098262,南京市鼓楼区和燕路58号,江苏省,南京市,鼓楼区,1,beabdbf476f06a987169d386
2169,小市街144号社区,118.796379,32.099925,南京市鼓楼区小市街144号,江苏省,南京市,鼓楼区,1,f94f5f057266eff32811d110
2170,泰和园,118.79837,32.099401,江苏省南京市鼓楼区和燕路52号,江苏省,南京市,鼓楼区,1,8ab0dfc428a89f16d9eced86
2171,大全实业有限责任公司职工公寓,118.791814,32.090932,江苏省南京市玄武区廖家巷18号,江苏省,南京市,玄武区,1,972bf6e7360d485822026239
2172,廖家巷社区,118.792117,32.092422,南京市玄武区中央路282号,江苏省,南京市,玄武区,1,6fddd7fd9a26c07f3517dcef
2173,兴隆大厦,118.793132,32.097014,江苏省南京市玄武区龙蟠路9号,江苏省,南京市,玄武区,1,4fc3161ac127e6a93a13fdef
2174,复兴·国际青年街区-1栋,118.794731,32.098094,江苏省南京市鼓楼区国际青年街区,江苏省,南京市,鼓楼区,1,95d881866caab2ca631809a5
2175,万科红郡,118.804644,32.100367,江苏省南京市鼓楼区和燕路148号,江苏省,南京市,鼓楼区,1,e0eac47e7b3d134eeedfca76
2176,中国邮政大楼,118.80498,32.091525,江苏省南京市玄武区南京市玄武区锁金村街道龙蟠路121号,江苏省,南京市,玄武区,1,428bf276dce1bcd1b1077d99
2177,黄家圩住宅,118.801735,32.099255,江苏省南京市鼓楼区小市黄家圩,江苏省,南京市,鼓楼区,1,3f0e8b6aa263f08aa7c75683
2178,龙湖紫都城(建设中),118.785708,32.099029,江苏省南京市鼓楼区建宁路与江西路交汇处北侧100米,江苏省,南京市,鼓楼区,1,49d91155a3cefc532b201a27
2179,红山创意工厂A3-2,118.803549,32.098786,江苏省南京市鼓楼区黄家圩41号-b-6幢-102室,江苏省,南京市,鼓楼区,1,d8ecf666cc453daf6f3e1b11
2180,黄家圩小区-41号,118.802472,32.09856,江苏省南京市鼓楼区黄家圩41号,江苏省,南京市,鼓楼区,1,d0b18389402105b8c4f025dd
2181,韶山路288号小区,118.806267,32.091223,南京市玄武区韶山路288号,江苏省,南京市,玄武区,1,443811e2adcb94cd3ce2315d
2182,黄家圩39号小区,118.802222,32.100624,江苏省南京市鼓楼区黄家圩39幢,江苏省,南京市,鼓楼区,1,2e706c747b3402c446e274fa
2183,黄家圩38号小区,118.802097,32.100288,南京市鼓楼区黄家圩路38号,江苏省,南京市,鼓楼区,1,8a76b9c629e4da5f9cec2bce
2184,黄家圩32号小区,118.801236,32.098719,南京市鼓楼区黄家圩路32号,江苏省,南京市,鼓楼区,1,66ad7204fb047d2ec9c3dbaf
2185,黄家圩31号小区,118.801123,32.097985,南京市鼓楼区黄家圩路31号,江苏省,南京市,鼓楼区,1,b1a7a97b76b150a922f017f8
2186,黄家圩-35号,118.801739,32.099072,江苏省南京市鼓楼区黄家圩路东小区35幢,江苏省,南京市,鼓楼区,1,806ba4c6b375d11fca09f058
2187,黄家圩37号小区,118.802234,32.099898,南京市鼓楼区黄家圩37号,江苏省,南京市,鼓楼区,1,0c4ee92dacff8bb809a8d464
2188,凤凰山庄,118.813202,32.095016,江苏省南京市玄武区曹后村28号,江苏省,南京市,玄武区,1,2e249aa2db4d930eeaf85387
2189,天然居,118.813887,32.097607,红山路151号,江苏省,南京市,玄武区,1,04e51a3bcb5ec9ff88b9886a
2190,跃进汽车集团南京汽车装备有限公司,118.818869,32.096655,江苏省南京市玄武区柯维璐,江苏省,南京市,玄武区,1,c8b394afe3df321cb05c6a70
2191,红山美居,118.81501,32.09826,南京市玄武区红山街道红山路115-1号,江苏省,南京市,玄武区,1,50a3c23e54da390372455b06
2192,曹后村9号小区,118.812906,32.092174,南京市玄武区曹后村9号,江苏省,南京市,玄武区,1,b8c9ea8dba5d0e344f3a59f1
2193,质监大厦,118.816307,32.099006,江苏省南京市玄武区红山路164号,江苏省,南京市,玄武区,1,d31c6f76569687f91d58002e
2194,曹后一村小区,118.815016,32.091834,南京市玄武区红山南路,江苏省,南京市,玄武区,1,3c0ea7c5f715fc9cfbf0cbef
2195,邮局宿舍-18幢,118.81174,32.093042,曹后社区红山南路曹后村邮电宿舍,江苏省,南京市,玄武区,1,cfd965a4a92c4e6dc16c1473
2196,红森公寓,118.814803,32.099674,南京市玄武区红山路175号,江苏省,南京市,玄武区,1,373cf757431bc36e4354d7ef
2197,曹后村9号小区,118.812906,32.092174,南京市玄武区曹后村9号,江苏省,南京市,玄武区,1,b8c9ea8dba5d0e344f3a59f1
2198,邮局宿舍-18幢,118.81174,32.093042,曹后社区红山南路曹后村邮电宿舍,江苏省,南京市,玄武区,1,cfd965a4a92c4e6dc16c1473
2199,红山路157号小区,118.813691,32.099603,南京市玄武区红山路157号,江苏省,南京市,玄武区,1,360905d9351e024c3804b10f
2200,红山路小区,118.814307,32.099817,南京市玄武区红山路173号,江苏省,南京市,玄武区,1,9b8481a9303c05732efaa7d1
2201,邮局宿舍-14幢,118.811674,32.092587,南京市玄武区曹后村路曹后村邮电小区,江苏省,南京市,玄武区,1,3fe6bb7d148fbbb2430245b8
2202,曹后村南汽宿舍,118.81312,32.091501,江苏省南京市玄武区曹后村9号,江苏省,南京市,玄武区,1,ee0cac14391c56baf82213af
2203,邮局宿舍-18幢,118.81174,32.093042,曹后社区红山南路曹后村邮电宿舍,江苏省,南京市,玄武区,1,cfd965a4a92c4e6dc16c1473
2204,邮局宿舍-18幢,118.81174,32.093042,曹后社区红山南路曹后村邮电宿舍,江苏省,南京市,玄武区,1,cfd965a4a92c4e6dc16c1473
2205,红山机电花园,118.817766,32.099769,南京市玄武区红山路158号,江苏省,南京市,玄武区,1,c8e8f633cc9f5c6cab0dd8ef
2206,十字街1号小区,118.813221,32.102699,十字街小区,江苏省,南京市,玄武区,1,53bf622ce5b066b52ce67b78
2207,邮局宿舍-10幢,118.811531,32.092113,曹后村邮局宿舍10幢,江苏省,南京市,玄武区,1,56a000e5002f464f4c6d4680
2208,邮局宿舍-18幢,118.81174,32.093042,曹后社区红山南路曹后村邮电宿舍,江苏省,南京市,玄武区,1,cfd965a4a92c4e6dc16c1473
2209,曹后村邮电宿舍,118.811237,32.092216,南京市玄武区红山南路曹后村10号,江苏省,南京市,玄武区,1,d2a5c67d3e0ca9aac4f50db3
2210,邮局宿舍-18幢,118.81174,32.093042,曹后社区红山南路曹后村邮电宿舍,江苏省,南京市,玄武区,1,cfd965a4a92c4e6dc16c1473
2211,曹后二三村,118.81283,32.091732,南京市玄武区曹后村9号,江苏省,南京市,玄武区,1,eb52610b0f1e904f6ca3ccc2
2212,邮局宿舍6幢,118.811531,32.09167,江苏省南京市玄武区黄曹路2号,江苏省,南京市,玄武区,1,526f3d1fe7abdd06b020a8e4
2213,邮局宿舍-9幢,118.810758,32.092107,江苏省南京市玄武区曹后村邮局宿舍9幢,江苏省,南京市,玄武区,1,897c4cd4b1a7acf915a190ee
2214,邮局宿舍-18幢,118.81174,32.093042,曹后社区红山南路曹后村邮电宿舍,江苏省,南京市,玄武区,1,cfd965a4a92c4e6dc16c1473
2215,南京依维柯汽车有限公司-西北1门,118.824093,32.097828,南京市玄武区黑墨营100号,江苏省,南京市,玄武区,1,3ed652ad61b8b814da2f28c0
2216,邮局宿舍6幢,118.811531,32.09167,江苏省南京市玄武区黄曹路2号,江苏省,南京市,玄武区,1,526f3d1fe7abdd06b020a8e4
2217,邮局宿舍-14幢,118.811674,32.092587,南京市玄武区曹后村路曹后村邮电小区,江苏省,南京市,玄武区,1,3fe6bb7d148fbbb2430245b8
2218,南京常发广场,118.817124,32.09196,红山路88号,江苏省,南京市,玄武区,1,50c76c59ce926d805d17c3d9
2219,常发广场营销中心,118.816714,32.091637,红山路88号,江苏省,南京市,玄武区,1,7eb3299ecd3e975f0bf5eb38
2220,御林山庄-南门,118.813947,32.100005,江苏省南京市玄武区红山路157号小区(红景路西),江苏省,南京市,玄武区,1,0a51d5a8b00e9600d12dd62d
2221,曹后村邮电宿舍,118.811237,32.092216,南京市玄武区红山南路曹后村10号,江苏省,南京市,玄武区,1,d2a5c67d3e0ca9aac4f50db3
2222,阳光嘉园,118.825685,32.095886,江苏省南京市玄武区黑墨营路98号,江苏省,南京市,玄武区,1,87248d960ca9b9b32806ceef
2223,南京依维柯汽车有限公司-西北1门,118.824093,32.097828,南京市玄武区黑墨营100号,江苏省,南京市,玄武区,1,3ed652ad61b8b814da2f28c0
2224,红山美居,118.81501,32.09826,南京市玄武区红山街道红山路115-1号,江苏省,南京市,玄武区,1,50a3c23e54da390372455b06
2225,黑墨营-96号,118.82423,32.094298,江苏省南京市玄武区黑墨营96号,江苏省,南京市,玄武区,1,41fcc34638e53d73ad080fa5
2226,南京林业大学学生公寓21幢,118.826324,32.090458,江苏省南京市玄武区花园路30-16号,江苏省,南京市,玄武区,1,a385df1b03d885af5cbe86e8
2227,南京林业大学学生公寓21幢,118.826324,32.090458,江苏省南京市玄武区花园路30-16号,江苏省,南京市,玄武区,1,a385df1b03d885af5cbe86e8
2228,采菊东篱,118.839308,32.092391,江苏省南京市玄武区樱花路99号,江苏省,南京市,玄武区,1,06260b71206eca155bf6be2a
2229,樱铁村小区,118.834094,32.092261,江苏省南京市玄武区玄武大道699号,江苏省,南京市,玄武区,1,61f634f64b4533786b49f3ef
2230,樱驼花园-永康园,118.837878,32.090581,南京市玄武区樱花西路8号,江苏省,南京市,玄武区,1,15a938100e8c16bd14c8f6ef
2231,樱海公寓,118.8381,32.092302,南京市玄武区樱花路99号,江苏省,南京市,玄武区,1,34f68ab01f317a0a8f55ecef
2232,华康苑小区,118.836267,32.091227,江苏省南京市玄武区樱花西路17号,江苏省,南京市,玄武区,1,756a44d07db08fc5c056ac67
2233,跃新园小区,118.83938,32.091304,南京市玄武区樱花路108号,江苏省,南京市,玄武区,1,57f07367a4c2d3c12a06ce6e
2234,藤子村143号,118.830037,32.095074,江苏省南京市玄武区藤子村143号,江苏省,南京市,玄武区,1,ccf2d44c8ff81e3b210262c2
2235,东方城-旭日园,118.841012,32.091492,江苏省南京市玄武区蒋王庙街,江苏省,南京市,玄武区,1,f6684984f7041cddb817e77e
2236,森林公安学校学生宿舍-2幢,118.832331,32.091057,南京市玄武区华新西路南京森林警察学院(花园路校区),江苏省,南京市,玄武区,1,1ffa200c01ecae6a74026901
2237,森林公安学校学生宿舍-1幢,118.832522,32.090788,江苏省南京市玄武区南京森林警察学院学生宿舍1栋,江苏省,南京市,玄武区,1,6669cabcdca36182b320a8ce
2238,南京森林警察学院青年教师宿舍-14幢,118.831816,32.09092,南京市玄武区华新西路南京森林警察学院(花园路校区),江苏省,南京市,玄武区,1,06e64ac756b5870d6240a9e9
2239,华侨新村-北门,118.836414,32.090935,江苏省南京市玄武区蒋王庙街华侨新村(樱铁村小区附近),江苏省,南京市,玄武区,1,ef757c59c6bcb69cc4f50ddc
2240,南京森林警察学院青年教师宿舍-13幢,118.831946,32.090653,南京市玄武区森林警察学院花园路校区,江苏省,南京市,玄武区,1,aee42e418ea2f32ffa42b296
2241,青山居综合楼,118.844959,32.093419,东方城88号,江苏省,南京市,玄武区,1,8b48c4e8c5e7b186940319cc
2242,尚达综艺办公楼,118.845305,32.092246,南京市玄武区玄武大道东方路99号四站汽修厂院内,江苏省,南京市,玄武区,1,910508bbf96b8c4f32f71d59
2243,东方城,118.842169,32.092421,玄武区宁栖路,江苏省,南京市,玄武区,1,7697689c5f0f48d5adcb6604
2244,汇景佳园,118.84917,32.095221,江苏省南京市玄武区玄武大道299号,江苏省,南京市,玄武区,1,2c0bd6c5feb04ed742ab9abf
2245,龙悦山庄,118.846405,32.093806,南京市玄武区东方城101号,江苏省,南京市,玄武区,1,46e86fdd6608c66fd13ce3ef
2246,松林谷花园3期,118.846671,32.092334,玄武东方城100号,江苏省,南京市,玄武区,1,3b6549a7e98fdb299b68b43f
2247,松林谷花园小区,118.846857,32.092543,南京市玄武区东方城100号,江苏省,南京市,玄武区,1,a6cdf380af38ceade9f85380
2248,建发紫庐,118.848339,32.093825,南京市玄武区蒋王庙98号,江苏省,南京市,玄武区,1,25057a4cbdbe3275b1077d07
2249,汇景佳园,118.84917,32.095221,江苏省南京市玄武区玄武大道299号,江苏省,南京市,玄武区,1,2c0bd6c5feb04ed742ab9abf
2250,汇景佳园北门,118.848541,32.096235,江苏省南京市玄武区玄武大道229号,江苏省,南京市,玄武区,1,87f12c29d2af30a5f33cbac4
2251,东方城-朝霞园,118.844115,32.092057,南京市玄武区蒋王庙街与东方路交叉路口往西约50米(东方城),江苏省,南京市,玄武区,1,d01702e5b842abc751e5c5c2
2252,东方城-晨曦园,118.842565,32.091906,江苏省南京市玄武区樱驼花园东方城,江苏省,南京市,玄武区,1,727771b933c691b3c26c1431
2253,东方城-启明园,118.843453,32.09278,南京市玄武区东方路与蒋王庙街交叉路口向西北约200米,江苏省,南京市,玄武区,1,9a337ac9eeefa2336d476009
2254,东方城-99号,118.845361,32.09237,江苏省南京市玄武区东方城99号,江苏省,南京市,玄武区,1,31943060c5d8534d774ff18a
2255,东方城-89号,118.844966,32.093037,江苏省南京市玄武区东方城89号,江苏省,南京市,玄武区,1,2afe50c91a418384d22dd6ee
2256,紫晶园,118.87864,32.092854,南京市玄武区环陵路7号,江苏省,南京市,玄武区,1,a98ef41fe16ece41dc1e5293
2257,西杨坊-68号,118.87717,32.099093,江苏省南京市玄武区西杨坊68号,江苏省,南京市,玄武区,1,926a8955e25c5e84a5da3956
2258,南京市徐庄软件产业基地管委会,118.891151,32.102021,南京市玄武区玄武大道699号徐庄软件产业基地大厦1～4层,江苏省,南京市,玄武区,1,4554187ae1797daa4302459a
2259,双创企业孵化器,118.895604,32.092974,南京市玄武区苏园路6号院6栋,江苏省,南京市,玄武区,1,0d250ce5d4e1915f2902e170
2260,智汇大厦,118.893149,32.09334,玄武湖街道江苏软件园699-22号21幢,江苏省,南京市,玄武区,1,d70a44f44fd2e72084154108
2261,苏宁易购总部楼,118.899753,32.094716,江苏省南京市玄武区徐庄软件园苏宁大道1号,江苏省,南京市,玄武区,1,239ab28c635c1947c356acf5
2262,徐庄软件园研发三区B栋,118.898147,32.097286,江苏省南京市玄武区研发三区B栋,江苏省,南京市,玄武区,1,8da806eaef3749fd48fc8d13
2263,徐庄软件园研发三区7号楼-03区,118.898749,32.097526,南京市玄武区玄武大道6998号,江苏省,南京市,玄武区,1,aeaf308acb79f0a09ff779f5
2264,徐庄软件园研发三区7号楼-02区,118.898708,32.097791,南京市玄武区玄武大道6998号,江苏省,南京市,玄武区,1,dbbdbef8fb0518fa2fe67bad
2265,徐庄软件园研发三区E栋,118.899853,32.097014,江苏省南京市玄武区研发三区E栋,江苏省,南京市,玄武区,1,19b2458ae868524308ccdd5d
2266,途牛大厦,118.894093,32.090469,南京市玄武区玄武大道699-32号,江苏省,南京市,玄武区,1,299910dcde91d40ad42ce21c
2268,紫苏园,118.898364,32.098844,南京市玄武区苏宁大道一号紫苏园(南京)附近,江苏省,南京市,玄武区,1,40bda584379e6b60d12dd6cd
2269,苏宁易购集团公司2区-东北1门,118.901699,32.09479,江苏省南京市玄武区苏宁易购总部苏宁总部C5号门,江苏省,南京市,玄武区,1,a054ed7b4d2050ba6d20b949
2270,SUNING苏宁大学,118.899624,32.092756,江苏省南京市玄武区苏宁大道1号a地块,江苏省,南京市,玄武区,1,2eb69a71da44544d2b3a9fe8
2271,紫宁园-B1栋,118.896433,32.099214,江苏省南京市玄武区紫宁园B1栋,江苏省,南京市,玄武区,1,13bffc2378b3a91cbd4842c1
2272,仙居雅苑,118.903225,32.097778,南京市玄武区仙鹤门二号路1号,江苏省,南京市,玄武区,1,7fd72311bfe6e99f5cbe86ef
2273,仙居花园,118.906839,32.090699,南京市玄武区仙鹤门2号(公交车站),江苏省,南京市,玄武区,1,87248d960f13b8b32806ce51
2274,翠屏·紫气钟山,118.901935,32.091962,江苏省南京市玄武区苏宁大道1号,江苏省,南京市,玄武区,1,edd64ce14fb470933fe2314d
2275,仙居华庭,118.905163,32.093803,江苏省南京市玄武区仙鹤门二号路1号,江苏省,南京市,玄武区,1,8d96925cc9403845c1f1cf51
2276,仙鹤茗苑,118.908534,32.095052,南京市玄武区鹤鸣路52号,江苏省,南京市,玄武区,1,23116913d0d64dfd734b87ef
2277,香溪月园,118.909313,32.100017,南京市栖霞区仙林街道仙鹤社区文枢西路6号,江苏省,南京市,栖霞区,1,72e57fd7f4e485aff8dc85ef
2278,云邸-11幢,118.906575,32.096817,南京市玄武区仙鹤门二号路仙鹤茗苑西北侧,江苏省,南京市,玄武区,1,105ce858e5a008eff5c59c72
2279,紫金东郡-3期,118.902988,32.090127,江苏省南京市玄武区苏宁大道8号,江苏省,南京市,玄武区,1,80ed31884576807b5cbe86cc
2280,南京雅苑商务中心,118.904383,32.098365,南京市玄武区仙居雅苑60号,江苏省,南京市,玄武区,1,00411bc66276517ca80dd835
2281,仙鹤新天地广场-西门,118.909951,32.091332,南京市玄武区鹤鸣路6号仙鹤新天地广场F1,江苏省,南京市,玄武区,1,9699d6c22e6873da1f389411
2282,仙鹤新天地广场-南门,118.910373,32.091137,南京市玄武区鹤鸣路6号仙鹤新天地广场F1,江苏省,南京市,玄武区,1,78efa9da0ae0110674026923
2283,仙居华庭-18栋,118.905526,32.092567,江苏省南京市玄武区仙鹤门二号路1号仙居华庭18栋,江苏省,南京市,玄武区,1,98c2e18f1c282b439de32109
2284,仙龙湾山庄,118.918747,32.091726,玄武区仙隐南路2号,江苏省,南京市,玄武区,1,000f2397d83a684a1894c6dc
2285,中豪天禄,118.91861,32.092272,南京市栖霞区仙隐南路2号(毗邻地铁二号线仙鹤门站出口),江苏省,南京市,栖霞区,1,845b37170ea3426d7ab55c6b
2286,亚东城-东区,118.920505,32.098032,南京市栖霞区仙林街道仙隐北路21号,江苏省,南京市,栖霞区,1,2bee296284e05f8a4e2fdf36
2287,奥克斯·钟山府,118.91404,32.095351,江苏省南京市玄武区文枢西路与燕西路交汇处(亚东城二期西面),江苏省,南京市,玄武区,1,883224c44a92102bddee8b55
2288,半月湾,118.912769,32.097545,南京市栖霞区文枢西路6号,江苏省,南京市,栖霞区,1,bbf7c6be1241f0faebe58287
2289,亚东城西区丽景雅苑18栋,118.915855,32.095595,江苏省南京市玄武区仙隐北路18号亚东城西区18栋,江苏省,南京市,玄武区,1,b7f244979bc13ceb03ff2ded
2290,中豪花园,118.91861,32.09193,仙隐南路2号,江苏省,南京市,栖霞区,1,10e19ed51d60193b81a12e50
2291,亚东城-西区,118.915824,32.096439,江苏省南京市栖霞区仙隐北路18号,江苏省,南京市,栖霞区,1,593850fbe1c3b220de1e52a3
2292,亚东城-东区,118.920505,32.098032,南京市栖霞区仙林街道仙隐北路21号,江苏省,南京市,栖霞区,1,2bee296284e05f8a4e2fdf36
2293,仙林新村-南区,118.91885,32.101457,南京市栖霞区文枢东路2号,江苏省,南京市,栖霞区,1,beabdbf476a16a987069d351
2294,依云溪谷,118.928467,32.095904,江苏省南京市栖霞区汇通路8号(仙林大道南与仙霞路交汇处),江苏省,南京市,栖霞区,1,4bb049d9de04d93a980050a3
2295,亚东城西区-23栋,118.917091,32.096034,江苏省南京市栖霞区仙隐北路18号亚东城西区23栋,江苏省,南京市,栖霞区,1,bc06dec9ab5b886482288aab
2296,亚东城-南门,118.920433,32.096663,江苏省南京市栖霞区仙林大道亚东城南门(亚东城东区附近),江苏省,南京市,栖霞区,1,52f1da859b53892bad04577d
2297,九霄梦天地,118.923133,32.09856,江苏省南京市栖霞区仙林学衡路1号(2号线学则路站),江苏省,南京市,栖霞区,1,b1ec21a228616793744ff122
2299,亚东城-学海馨园,118.920786,32.099203,南京市栖霞区仙隐北路21号,江苏省,南京市,栖霞区,1,0a59b2014d71c5e14f6d46d6
2301,东墅山庄-北门,118.936377,32.100869,江苏省南京市栖霞区仙林东墅山庄(仙林中心地铁站南),江苏省,南京市,栖霞区,1,6edae4a0819e78ba97031953
2302,招商·依云溪谷雅苑,118.930932,32.095194,南京市栖霞区仙林汇通路8号,江苏省,南京市,栖霞区,1,e9081fae10bff63014948e66
2303,绿城东方玉园,118.937922,32.093549,南京市灵山北路与风华路交汇处(仙林街道大埔塘东侧),江苏省,南京市,栖霞区,1,cc67a074c2d4a028b6f42f28
2304,朗诗保利·麓院,118.936185,32.093852,江苏省南京市栖霞区灵山北路与汇通路交汇处,江苏省,南京市,栖霞区,1,90bf1691020a1934246e98be
2305,尚东花园别墅区,118.933904,32.099951,南京市栖霞区风华路新城·尚东花园,江苏省,南京市,栖霞区,1,4e52f61f4293b387a11de9d9
2306,保利礼墅,118.934847,32.093475,南京市栖霞区灵山北路汇通路交汇处,江苏省,南京市,栖霞区,1,73cd1f8d3b8b4880932ca3e1
2307,新城·尚东花园,118.932102,32.0994,江苏省南京市栖霞区仙林大道118号,江苏省,南京市,栖霞区,1,eac536b9680d7fcc95ca07c6
2308,英郡华府,118.937031,32.098889,南京市栖霞区灵山北路9号,江苏省,南京市,栖霞区,1,b44ec560048fe8061df74dff
2309,风华园,118.933831,32.096262,江苏省南京市栖霞区汇通路9号,江苏省,南京市,栖霞区,1,24d0550827728cae138824a0
2310,新城尚-东区,118.933902,32.099921,南京市栖霞区仙林大道118号,江苏省,南京市,栖霞区,1,48b9af88efe77e772b3a9feb
2311,英郡华府东墅山庄-2期,118.936162,32.09873,南京市栖霞区灵山北路9号,江苏省,南京市,栖霞区,1,de19b5e96443761d2102625e
2312,九乡雅苑,118.968652,32.09812,江苏省南京市江宁区南京绕城高速公路东,江苏省,南京市,江宁区,1,c5d2dce5668645e2abf72910
2313,恒大龙珺,118.968472,32.095643,南京市江宁区袁家边路恒大龙珺,江苏省,南京市,江宁区,1,947c6b41673d72b3b54f5412
2314,西岗果牧场宿舍,118.992653,32.090279,江苏省南京市栖霞区孟北地铁站4号口西100米,江苏省,南京市,栖霞区,1,5cbf8ca75a2ae186eb1e974e
2315,华府国际3期19幢,118.610849,32.08097,南京市浦口区八里路华府国际-三期,江苏省,南京市,浦口区,1,6ae75710dcbab9840bccdd99
2316,华府国际-三期,118.611429,32.080608,沿山大道东150米,江苏省,南京市,浦口区,1,8fc50f05245064cf35b06c5e
2317,香山郡,118.614916,32.079759,江苏省南京市浦口大马山路6号(沿山大道与财八路交叉口),江苏省,南京市,浦口区,1,98d0c36c2ebe912b4f3a5902
2318,香山郡,118.614916,32.079759,江苏省南京市浦口大马山路6号(沿山大道与财八路交叉口),江苏省,南京市,浦口区,1,98d0c36c2ebe912b4f3a5902
2319,江苏建康职业学院学生公寓3幢,118.616115,32.081379,江苏省南京市浦口区X303县道(黄山岭路)江苏卫生健康职业学院学生公寓3幢,江苏省,南京市,浦口区,1,97959cd16f36fec5b5f42fb0
2320,江苏建康职业学院学生公寓2幢,118.616142,32.081312,江苏省南京市浦口区X303(黄山岭路),江苏省,南京市,浦口区,1,6f02b2a681371f39a21de955
2321,金基九月森林,118.621426,32.083786,江苏省南京市浦口区江浦街道象山路29号,江苏省,南京市,浦口区,1,fc767524317fe1844f776eae
2322,香山湖一号-南门,118.623293,32.081085,江苏省南京市浦口区黄山岭路,江苏省,南京市,浦口区,1,26921db62d0da67e0ab93a9c
2323,融侨观邸,118.636163,32.084684,江苏省南京市浦口区海院路88号(象山南路与海院路交汇处),江苏省,南京市,浦口区,1,3950a61b25f7cf3d07026f6d
2324,东方·熙龙山院,118.635182,32.08852,江苏省南京市浦口区白马路90号,江苏省,南京市,浦口区,1,a26b533ae47ed77774026924
2325,旭辉银城白马澜山,118.633369,32.08096,江苏省南京市浦口区白马路81号,江苏省,南京市,浦口区,1,c8e58bb557ac7d28a5da390a
2326,江浦房产交易中心,118.63341,32.069822,南京市浦口区江浦街道象山路1号,江苏省,南京市,浦口区,1,830c00f513f3aecfcf06a45a
2327,通宇·林景雅园,118.630994,32.082994,江苏省南京市浦口区珠江镇象山路18号,江苏省,南京市,浦口区,1,06deaad92e21646fb54f5458
2328,林景雅园-北区,118.631158,32.086218,江苏省南京市浦口区白马路象山墅院(东方熙龙山院西200米),江苏省,南京市,浦口区,1,1fab9c0985d3a7e529b97c09
2329,白马澜山苑,118.634716,32.082087,南京市浦口区白马路旭辉银城白马澜山北侧,江苏省,南京市,浦口区,1,91d7835e2cd32cc23a13fd6c
2330,融侨观邸左岸,118.640005,32.086823,江苏省南京市浦口区浦口大道,江苏省,南京市,浦口区,1,1e262f08ac7895435cbe868b
2332,白马村新民组100-10,118.632333,32.080208,南京市浦口区狮山路新民组居民区,江苏省,南京市,浦口区,1,c231e420a3a6b6cfaa175ae8
2333,新民组居民区,118.633128,32.079545,江苏省南京市浦口区新民组居民区(白马路南310米),江苏省,南京市,浦口区,1,e7b25b84659b94110bf5eb6a
2334,揽月山庄-北门,118.63968,32.083407,江苏省南京市浦口区揽月山庄北门(狮山路南),江苏省,南京市,浦口区,1,1637178864d9fbf75abbbce5
2335,南京工业大学桂苑学生公寓-北楼,118.646693,32.081148,南京市浦口区浦珠南路30号,江苏省,南京市,浦口区,1,a2557d7d30c80bd03a04b160
2336,南京工业大学桂苑学生公寓-北楼,118.646693,32.081148,南京市浦口区浦珠南路30号,江苏省,南京市,浦口区,1,a2557d7d30c80bd03a04b160
2337,揽月山庄,118.641972,32.082688,南京市浦口区白马村大村组100号,江苏省,南京市,浦口区,1,e3e2cd9d5a3991e3c7f50dfc
2338,新南苑,118.6461,32.080761,江苏省南京市浦口区南京工业大学江浦校区,江苏省,南京市,浦口区,1,daef1206a0277b645e17c3f0
2339,南京工业大学东苑,118.646758,32.084002,南京市浦口区江浦街道浦珠南路30号,江苏省,南京市,浦口区,1,67a61e3e23a183460f0a70b9
2340,南京工业大学江浦校区-怡斋学生公寓,118.647022,32.080027,江苏省南京市浦口区浦珠南路30号,江苏省,南京市,浦口区,1,0b22e7178d4c024682a00c02
2341,南京工业大学江浦校区西苑学生公寓-D1幢,118.64449,32.083298,南京市浦口区南京工业大学学生公寓西苑D1幢,江苏省,南京市,浦口区,1,c2455415900da4ca3a04b196
2342,明发云庭,118.654032,32.089461,南京市浦口区胡桥路9号(七里路与浦马路交汇处),江苏省,南京市,浦口区,1,41fdecad2faa1025c2f1cf82
2343,浦江宿舍06幢,118.652693,32.085904,江苏省南京市浦口区南京工业大学浦江宿舍6幢,江苏省,南京市,浦口区,1,5ffe7bc70e745efdddee8b47
2344,浦江宿舍01幢,118.652365,32.086405,南京市浦口区浦珠南路30号,江苏省,南京市,浦口区,1,6e1693f9c969445e3913fde2
2345,南京工业大学浦江宿舍05幢,118.652868,32.08519,江苏省南京市浦口区南京工业大学浦江宿舍5幢,江苏省,南京市,浦口区,1,7e6c0d61e42431d5df1e52a3
2346,南京工业大学浦江宿舍03幢,118.654276,32.08584,江苏省南京市浦口区南京工业大学浦江宿舍03幢,江苏省,南京市,浦口区,1,827b8aa418bafde08b2fb547
2347,南京工业大学浦江宿舍-2幢,118.653401,32.086009,江苏省南京市浦口区南京工业大学浦江宿舍2幢,江苏省,南京市,浦口区,1,7569d574787d196f02897245
2348,浦江宿舍02幢,118.653401,32.086009,江苏省南京市浦口区南京工业大学浦江宿舍2幢,江苏省,南京市,浦口区,1,7569d574787d196f02897245
2349,南京工业大学-浦江学生公寓,118.653315,32.086042,南京市浦口区江浦街道浦珠南路30号,江苏省,南京市,浦口区,1,ac976bf9a4ce96172fb96d78
2350,综合办公楼,118.711738,32.089906,南京市浦口区滨江大道与南京定淮门长江隧道交叉路口往西南约140米,江苏省,南京市,浦口区,1,b00edfd594163de16f476082
2351,南空江滨公寓,118.739871,32.087775,南京市鼓楼区唐山路120号,江苏省,南京市,鼓楼区,1,0e9daedea187f3c4283a9fdd
2352,二板桥-554号院,118.744533,32.080131,南京市鼓楼区二板桥554号,江苏省,南京市,鼓楼区,1,cf92463986f9a7d84354d762
2353,宁惠新寓,118.745843,32.085828,江苏省南京市鼓楼区二板桥400号,江苏省,南京市,鼓楼区,1,cdef4edf67a2034e29d7ab87
2354,白云小区,118.747026,32.084047,南京市鼓楼区热河南路112号,江苏省,南京市,鼓楼区,1,101bc61b211836a3c52ba187
2355,热河南路五段小区,118.747208,32.085558,南京市鼓楼区热河南路60号,江苏省,南京市,鼓楼区,1,a41845c715aa121ad8eced25
2356,白云亭小区(白云亭路),118.746336,32.081727,南京市鼓楼区热河南路286号,江苏省,南京市,鼓楼区,1,035684036c63c039eb1e9761
2357,二板桥-473号,118.746726,32.086306,江苏省南京市鼓楼区二板桥473号,江苏省,南京市,鼓楼区,1,5493d197f951ef4f31870a13
2358,边城世家,118.744341,32.082999,南京市鼓楼区郑和中路8号,江苏省,南京市,鼓楼区,1,1547369a45dabcbf5abbbc70
2359,润开华府,118.747301,32.087186,南京市鼓楼区二板桥351-471号(热河南路下关体校西对面),江苏省,南京市,鼓楼区,1,a61c737b7859a05ef6c59c46
2360,世茂外滩99,118.742311,32.084827,江苏省南京市鼓楼区南通路3号,江苏省,南京市,鼓楼区,1,eb10269e17d4e1a5da2f285a
2361,白云亭小区,118.746336,32.081727,南京市鼓楼区热河南路286号,江苏省,南京市,鼓楼区,1,035684036c63c039eb1e9761
2362,世茂外滩新城,118.742681,32.087068,南京市鼓楼区南通路88号,江苏省,南京市,鼓楼区,1,68d8c0480d8179bf41d63e19
2363,姜家圩,118.749596,32.083918,南京市鼓楼区热河南路51号,江苏省,南京市,鼓楼区,1,06b34718a8252531c92915c0
2364,姜家圩54号小区,118.749421,32.083899,江苏省南京市鼓楼区姜家圩54号,江苏省,南京市,鼓楼区,1,662de58b04a73ea92eb96d0d
2365,江海大院,118.743947,32.081751,南京市鼓楼区二板桥574号,江苏省,南京市,鼓楼区,1,bdf87a2a3c490d85ee74f881
2366,姜家圩53号院,118.749911,32.083739,南京市鼓楼区姜家圩53号,江苏省,南京市,鼓楼区,1,61b788daf388d727f33cba11
2367,二板桥-349号,118.747542,32.088329,江苏省南京市鼓楼区二板桥349号,江苏省,南京市,鼓楼区,1,1d2b8622223baa1ab34c49cb
2368,世茂外滩新城-2期,118.74307,32.085349,"南京市鼓楼区南通路99号(郑和东路以东,南通路以南)",江苏省,南京市,鼓楼区,1,e24c39ca2ac45638fe0eb0ee
2369,姜家圩,118.749596,32.083918,南京市鼓楼区热河南路51号,江苏省,南京市,鼓楼区,1,06b34718a8252531c92915c0
2370,世茂滨江新城(南通路),118.741074,32.082985,江苏省南京市鼓楼区南通路89号,江苏省,南京市,鼓楼区,1,ef6e905d21c0ea281d1d11c4
2371,姜圩路小区,118.750086,32.087616,江苏省南京市鼓楼区姜圩路130号,江苏省,南京市,鼓楼区,1,d6c5d991b92ec3e931169ba8
2372,栗树园住宅,118.749709,32.081665,南京市鼓楼区姜家园路仁恒桃园世纪,江苏省,南京市,鼓楼区,1,78cdcc6ddc555f3e73455b74
2373,皇冠钻石双星小区,118.7435,32.080579,南京市鼓楼区淮滨路2号,江苏省,南京市,鼓楼区,1,d52831f9e4062ba72ffaa787
2374,东风厂宿舍,118.748809,32.08883,南京市鼓楼区热河南路31号,江苏省,南京市,鼓楼区,1,add8e37c078741596f4760a0
2375,桃清苑,118.749055,32.081077,南京市鼓楼区察哈尔路136号,江苏省,南京市,鼓楼区,1,71d2aabd36e815e9631809f5
2376,热河南路308号小区-310号楼,118.746648,32.079891,南京市鼓楼区热河南路310号楼,江苏省,南京市,鼓楼区,1,276d3e1a4c9bb9eac7f025bf
2377,姜家园-102号,118.750239,32.088194,江苏省南京市鼓楼区姜家园102号,江苏省,南京市,鼓楼区,1,530f51c408d200ecf4e73bb1
2378,凯鸿隽府,118.749825,32.088908,南京市鼓楼区热河南路31号,江苏省,南京市,鼓楼区,1,2e2e3b2be64a1c86102935c1
2379,姜家圩-77号,118.749813,32.079891,江苏省南京市鼓楼区姜家圩77号,江苏省,南京市,鼓楼区,1,a9603465783537b73913fdf1
2380,江河彭城商务楼,118.747371,32.079847,南京市鼓楼区热河南路195号,江苏省,南京市,鼓楼区,1,6d2f8e7c3898bd19f50e771f
2381,唐山路120号综合楼,118.740697,32.088665,南京市鼓楼区唐山路120号,江苏省,南京市,鼓楼区,1,2b67a01c7485077d09b93a1f
2382,国贸丝绸综合楼,118.746489,32.083188,江苏南京市鼓楼区热河南路130号,江苏省,南京市,鼓楼区,1,b794a66053af6362aeb22a7d
2383,山山烟酒(华扬大厦东南),118.749735,32.086334,南京市鼓楼区姜家园路姜圩路小区,江苏省,南京市,鼓楼区,1,c96abad2a80a72ca55bfff15
2384,热河南路,118.748363,32.087158,江苏省南京市鼓楼区,江苏省,南京市,鼓楼区,0,09049e8935dc0df92eb96d2d
2385,运政大厦,118.747571,32.080776,南京市鼓楼区热河南路101号,江苏省,南京市,鼓楼区,1,36b14148dbd42df11f389445
2386,归云堂-26号,118.755276,32.08466,江苏省南京市鼓楼区归云堂26号,江苏省,南京市,鼓楼区,1,c85a116e5e0fe03b3210af17
2387,宏业村1-1临,118.756076,32.084674,南京市鼓楼区归云堂巷宏业村小区,江苏省,南京市,鼓楼区,1,4bc2f693100836fe21022034
2388,宏业村1-2临,118.755942,32.084432,南京市鼓楼区宏业村2号楼,江苏省,南京市,鼓楼区,1,014bc817c95b11a2b120a85f
2389,宏业村3-1临,118.755984,32.084526,南京市鼓楼区归云堂巷宏业村小区,江苏省,南京市,鼓楼区,1,5623ed18e0126c824e776ee9
2390,宏业村2-1临,118.756016,32.084523,南京市鼓楼区归云堂巷宏业村小区,江苏省,南京市,鼓楼区,1,a33cbad3ef0dab8d5dd4feff
2391,宏业村3-2临,118.755942,32.084432,南京市鼓楼区宏业村2号楼,江苏省,南京市,鼓楼区,1,014bc817c95b11a2b120a85f
2392,宏业村2-1临,118.756016,32.084523,南京市鼓楼区归云堂巷宏业村小区,江苏省,南京市,鼓楼区,1,a33cbad3ef0dab8d5dd4feff
2393,归云堂-28号,118.754762,32.084911,归云堂28号楼,江苏省,南京市,鼓楼区,1,5c01955a149f48d8eb12e4ad
2394,归云堂-34号,118.754484,32.085135,归云堂34号,江苏省,南京市,鼓楼区,1,873f940ac24e8a2d85420eee
2395,宏业村小区,118.756279,32.083863,南京市鼓楼区虎踞北路53号宏业村,江苏省,南京市,鼓楼区,1,f9fd6062b1c2a31f0e0e6ba1
2396,城中莜苑,118.756219,32.085839,挹江门街道戴家巷归云堂15号,江苏省,南京市,鼓楼区,1,3309ab1abb8d0a456f3e1b2b
2397,金城花园,118.754278,32.083855,南京市鼓楼区归云堂30号,江苏省,南京市,鼓楼区,1,be1abbee26fcfbb8bca822e2
2398,花香季雨园,118.755377,32.085949,南京市鼓楼区戴家巷11号,江苏省,南京市,鼓楼区,1,4a13c580e95b839799005090
2399,港口小区,118.75694,32.086036,洪庙巷7号,江苏省,南京市,鼓楼区,1,34b7e13abd318f2b028972a2
2400,丁山桂墅园,118.75692,32.087185,南京市鼓楼区归云堂1号,江苏省,南京市,鼓楼区,1,c1653405b6a85c79aa175aa1
2401,镇江路59号小区,118.758033,32.085328,南京市鼓楼区镇江路59号,江苏省,南京市,鼓楼区,1,dacd84194ed53c5f9d9d68bf
2402,丁山楼,118.756786,32.082285,南京市鼓楼区察哈尔路与金城路交叉路口往北约90米,江苏省,南京市,鼓楼区,1,c0a3c0da1399799660685813
2403,镇江路61号小区,118.758234,32.086047,南京市鼓楼区镇江路61号,江苏省,南京市,鼓楼区,1,ae315aed878d21a67702694f
2404,镇江路51号小区,118.758551,32.085268,南京市鼓楼区镇江路51号,江苏省,南京市,鼓楼区,1,164261ad68eacd2db1077d7c
2405,镇江路47号小区,118.758689,32.084674,南京市鼓楼区镇江路47号,江苏省,南京市,鼓楼区,1,f36c697d55459d9f09a8d4e8
2406,南京市华严岗-1号,118.754398,32.08096,南京市鼓楼区华严岗1号,江苏省,南京市,鼓楼区,1,bd1c8e170e8546cc0782c291
2407,丁山楼,118.756786,32.082285,南京市鼓楼区察哈尔路与金城路交叉路口往北约90米,江苏省,南京市,鼓楼区,1,c0a3c0da1399799660685813
2408,戴家巷88号小区,118.758171,32.086715,江苏省南京市鼓楼区戴家巷88号,江苏省,南京市,鼓楼区,1,46bba8c29292586903ec019b
2409,镇江路43号小区,118.758984,32.084339,南京市鼓楼区镇江路43号,江苏省,南京市,鼓楼区,1,2561d55a58f7192c3310af09
2410,镇江路49号小区,118.759109,32.085269,江苏省南京市鼓楼区戴家巷134号,江苏省,南京市,鼓楼区,1,1584bc4ea6f8e54b077ce833
2411,原铁道部职工宿舍,118.759074,32.084572,江苏省南京市鼓楼区虎踞北路镇江路47号,江苏省,南京市,鼓楼区,1,adf29e846c3f829d2fb96d4a
2412,镇江路41号小区,118.75911,32.084069,南京市鼓楼区镇江路41号,江苏省,南京市,鼓楼区,1,a5ae5b078e985c6340d63e58
2413,戴家巷39-41号小区,118.758145,32.087501,南京市鼓楼区戴家巷39-41号,江苏省,南京市,鼓楼区,1,781c7246708b237b220262f6
2414,太古山庄,118.759356,32.086887,江苏省南京市鼓楼区虎踞北路181-2号,江苏省,南京市,鼓楼区,1,cb4fd14688c914419c9d68a3
2415,四维新村,118.758045,32.088466,南京市鼓楼区下关戴家巷5号,江苏省,南京市,鼓楼区,1,8989db9f60b85208157643aa
2416,利群村,118.756977,32.088301,南京市鼓楼区戴家巷19号,江苏省,南京市,鼓楼区,1,ae6cd08d24f0efceda2f2809
2417,丁山别墅,118.758069,32.08363,南京市鼓楼区察哈尔路90号丁山花园大酒店,江苏省,南京市,鼓楼区,1,41d9f072c1a94c19e9f853ac
2418,百花小区,118.751229,32.083809,姜家园189号,江苏省,南京市,鼓楼区,1,c61bd3052a02d468c37da287
2419,姜家园-121号,118.751666,32.086961,江苏省南京市鼓楼区姜家园121号,江苏省,南京市,鼓楼区,1,ade7f5c903d547afdb13181b
2420,姜家园-169号,118.750911,32.084191,江苏省南京市鼓楼区姜家园169号,江苏省,南京市,鼓楼区,1,05a8c9157562e37f1288246c
2421,鼓楼区挹江门街道戴家巷社区,118.757576,32.088195,江苏省南京市鼓楼区戴家巷10号,江苏省,南京市,鼓楼区,1,83c7d9777c5793860482c2e5
2422,丁山社区,118.759799,32.082899,南京市鼓楼区虎踞北路75号,江苏省,南京市,鼓楼区,1,3c38db922e3509920ab93a7b
2423,华严岗,118.75468,32.079329,南京市鼓楼区华严岗1号(近察哈尔路),江苏省,南京市,鼓楼区,1,0ab6ac840fd0d94394ec84f1
2424,桃花源居(姜家园),118.752084,32.087971,南京市鼓楼区姜家园115号,江苏省,南京市,鼓楼区,1,28e700f1c7e5e901085cb387
2425,戴家巷社区,118.757678,32.088384,鼓楼区挹江门街道戴家巷16号附近,江苏省,南京市,鼓楼区,1,f784b7fade3f86dbb5f42f9b
2426,航道局宿舍,118.759958,32.087988,南京市鼓楼区虎踞北路183号,江苏省,南京市,鼓楼区,1,cb35b25053a10fc43310af0e
2428,察哈尔路71号小区,118.758207,32.080289,南京市鼓楼区察哈尔路71号,江苏省,南京市,鼓楼区,1,1a6cc1519a55154ef82d61d1
2429,劳工新村,118.751994,32.087885,南京市鼓楼区姜家园115号,江苏省,南京市,鼓楼区,1,9b5296f6a288a189f60e773c
2430,文里安-17号,118.758106,32.089302,江苏省南京市鼓楼区文里安17号,江苏省,南京市,鼓楼区,1,9db06d7bc0af1058593ac851
2431,察哈尔路69号小区,118.758168,32.080575,南京市鼓楼区察哈尔路69号,江苏省,南京市,鼓楼区,1,9478b5700f2a3c47b9bd634b
2432,锋尚国际公寓-北区,118.750928,32.081632,南京市鼓楼区姜家园路299号,江苏省,南京市,鼓楼区,1,47a1bf1b76c806369de32130
2433,察哈尔路六十七号小区,118.759557,32.080972,南京市鼓楼区察哈尔路67号,江苏省,南京市,鼓楼区,1,7d5f3a0ac786d9362db908a0
2434,姜家园-96号小区,118.750806,32.088221,姜家园96号,江苏省,南京市,鼓楼区,1,b75ece39e26acf433617dcdf
2435,久安里,118.757979,32.089844,久安里,江苏省,南京市,鼓楼区,1,c2df4eda715f99c7d8ecedb8
2436,姜家园-92号,118.750952,32.088705,江苏省南京市鼓楼区姜家园92号,江苏省,南京市,鼓楼区,1,0c08f6edc3c16801400245b0
2437,虎踞北路53号小区,118.75862,32.079807,南京市鼓楼区虎踞北路53号,江苏省,南京市,鼓楼区,1,cb775b600fee545a220220d5
2438,姜家园-北门,118.751168,32.089058,南京市鼓楼区姜家园90号,江苏省,南京市,鼓楼区,1,78826192a4ab7679b35c6a94
2439,南祖师庵5号小区,118.759493,32.08985,南京市鼓楼区虎踞北路与南祖师庵交叉路口往西北约90米,江苏省,南京市,鼓楼区,1,70c873a205747ac138e4a671
2440,南京友好大厦,118.758807,32.089169,南京市鼓楼区虎踞北路185号,江苏省,南京市,鼓楼区,1,bef5aa383715b62a1ef74d98
2441,虎踞大厦,118.76065,32.087749,南京市鼓楼区虎踞北路122号,江苏省,南京市,鼓楼区,1,7388dffd135dacebd2ff23a3
2442,金源大厦,118.759609,32.08667,南京市鼓楼区虎踞北路181号金源太古山庄(近模范路),江苏省,南京市,鼓楼区,1,341c35de34685abee70738a3
2443,牛顿公园,118.760025,32.083709,江苏省南京市鼓楼区虎踞北路89号,江苏省,南京市,鼓楼区,1,038511c34ccfdad435b06c7f
2444,归云堂-2号楼,118.755544,32.085512,南京市鼓楼区归云堂2号楼,江苏省,南京市,鼓楼区,1,b26bd08f3b3f71e771210b83
2445,太古山庄-3栋,118.758908,32.086831,江苏省南京市鼓楼区太古山庄3栋,江苏省,南京市,鼓楼区,1,8e6cb56e1c611fe64c3a5919
2446,电信物业287大楼,118.766645,32.085048,南京市鼓楼区中山北路287号,江苏省,南京市,鼓楼区,1,91c13f935397e7fa20f017a3
2447,鲁迅园小区,118.766158,32.084183,南京市鼓楼区中山北路283号,江苏省,南京市,鼓楼区,1,6deee3083309126a28fc48a3
2448,中山北路283号小区(电信物业287大楼东),118.76702,32.084551,南京市鼓楼区中山北路283号,江苏省,南京市,鼓楼区,1,b2326734746ce74726e0a0e9
2449,颂德里小区-西门,118.766903,32.085684,江苏省南京市鼓楼区中山北路旅服大厦颂德里西门,江苏省,南京市,鼓楼区,1,50a1f5480f6e1342e812e474
2450,天和大厦,118.767504,32.085148,江苏省南京市鼓楼区中山北路216号北四楼,江苏省,南京市,鼓楼区,1,803708f1b0b42779008972a3
2451,一号办公大楼,118.767389,32.083859,南京市鼓楼区挹江门街道中山北路283号,江苏省,南京市,鼓楼区,1,86f4f5667d43d69bb9df8fe8
2452,天和园,118.768159,32.085203,南京市鼓楼区中山北路218号,江苏省,南京市,鼓楼区,1,731a453797483d2079dbd2ad
2453,建邺村,118.765898,32.08272,校门口55号,江苏省,南京市,鼓楼区,1,49d959387f3a843fc61e51df
2454,同达大厦,118.76811,32.084633,南京市鼓楼区中山北路212号,江苏省,南京市,鼓楼区,1,f633606a1a91bb4e0a69d9a3
2455,福建路85号小区-5幢,118.767999,32.0864,江苏省南京市鼓楼区福建路85号院5幢,江苏省,南京市,鼓楼区,1,f41ffb3460213c444bcc4a09
2456,江苏物资大厦酒店,118.768258,32.083825,江苏省南京市鼓楼区中山北路283号江苏物资大厦2楼,江苏省,南京市,鼓楼区,1,61085211246b86b8c51b7545
2457,永昌大厦,118.768731,32.084661,南京市鼓楼区中山北路212号,江苏省,南京市,鼓楼区,1,96b672aa99529975cf04efa3
2458,雅舍办公楼,118.768954,32.084209,南京市鼓楼区中山北路212-3号,江苏省,南京市,鼓楼区,1,f60a15ede78f50ecba17e7a3
2459,察哈尔路十二新村,118.761972,32.084102,江苏省南京市鼓楼区察哈尔路十二新村,江苏省,南京市,鼓楼区,1,2c7871abf7179f08b726553a
2460,察哈尔路商住楼(商业),118.761854,32.084022,察哈尔路16号,江苏省,南京市,鼓楼区,1,d0861657b9c2307443afe61e
2461,颂德里交通一村,118.768929,32.086514,江苏省南京市鼓楼区三牌楼大街201号附近,江苏省,南京市,鼓楼区,1,c6378d430da2e7385af6be42
2462,南师附中教工宿舍,118.762345,32.083609,南京市鼓楼区察哈尔路与镇江路交叉路口往东北约180米,江苏省,南京市,鼓楼区,1,77aa6982f465cf49ca1b95f0
2463,新城市·虹桥中心2栋B区,118.768796,32.083254,江苏省南京市鼓楼区中山北路281号,江苏省,南京市,鼓楼区,1,dede28e304f98bd3fa0cad05
2464,三牌楼大街211号楼,118.768636,32.087271,南京市鼓楼区三牌楼大街211号,江苏省,南京市,鼓楼区,1,0dac8816bd16127640ab9a3f
2465,中山北路212-2号A3楼,118.769167,32.083887,南京市鼓楼区中山北路212-2号,江苏省,南京市,鼓楼区,1,32e048649dec870e21f017c1
2466,131巷小区,118.769894,32.086054,南京市鼓楼区楼子巷131巷50号,江苏省,南京市,鼓楼区,1,c79fa2438ef60a14e507384a
2467,金鼎湾·如院-西区,118.766768,32.081757,南京市鼓楼区妙耳山金鼎湾·如院(新城市虹桥中心),江苏省,南京市,鼓楼区,1,1e575cefef484e9e15b54b45
2468,南京政治学院-离休干部经济适用住房,118.766734,32.088401,南京市鼓楼区萨家湾与铁路北街交叉路口南侧,江苏省,南京市,鼓楼区,1,9de81531512fdc60c356ac64
2469,核工桂花园,118.761625,32.083049,南京市鼓楼区察哈尔路16号,江苏省,南京市,鼓楼区,1,e96b4420f2d1305a82288a0b
2470,钟阜大厦,118.769074,32.087949,江苏省南京市鼓楼区三牌楼240号,江苏省,南京市,鼓楼区,1,4280da577c8f613ba8059dda
2471,回龙桥-8号院,118.763573,32.081409,回龙桥8号,江苏省,南京市,鼓楼区,1,894a9e8b9ab45a26f942b282
2472,金川雅居,118.766355,32.088977,南京市鼓楼区萨家湾39号,江苏省,南京市,鼓楼区,1,0a46dc0fcfe76a23316212a0
2473,察哈尔路39号院,118.76188,32.082086,南京市鼓楼区察哈尔路39号,江苏省,南京市,鼓楼区,1,dfb45955b3cbeeb345e27492
2474,新城市·虹桥中心02幢A区(新城市虹桥中心店),118.769133,32.082621,南京市鼓楼区中山北路281号,江苏省,南京市,鼓楼区,1,10c6ad6bc1dcd5d1c36c1488
2475,回龙桥-11号,118.764343,32.081112,江苏省南京市鼓楼区校门口55号,江苏省,南京市,鼓楼区,1,2a2f7e988c4a0a6a931fc92b
2476,福建路63-65号院,118.76934,32.087667,三牌楼大街230-234号,江苏省,南京市,鼓楼区,1,c94561b7384763c46cc02c6f
2477,萨家湾小区1号楼,118.768848,32.088531,南京市鼓楼区萨家湾1-5号,江苏省,南京市,鼓楼区,1,e79c77cea468e904246e98a2
2478,镇江路10号院,118.762284,32.08163,南京市鼓楼区镇江路10号,江苏省,南京市,鼓楼区,1,ad7bac0626e3c32c96f08c5a
2479,萨家湾花苑,118.766075,32.089455,南京市鼓楼区福建路萨家湾41号,江苏省,南京市,鼓楼区,1,9ee392b836933241babd63a3
2480,镇江路8号院-1幢,118.762366,32.08136,南京市鼓楼区镇江路8号1幢,江苏省,南京市,鼓楼区,1,8fe81d04e3c091393fe23102
2481,镇江路8号院,118.762381,32.081248,南京市鼓楼区镇江路8号,江苏省,南京市,鼓楼区,1,1eb4864c9645835f1894c66e
2482,察哈尔路六十七号小区,118.759557,32.080972,南京市鼓楼区察哈尔路67号,江苏省,南京市,鼓楼区,1,7d5f3a0ac786d9362db908a0
2483,西瓜圃桥1号,118.769783,32.087807,南京市鼓楼区西瓜圃桥1号,江苏省,南京市,鼓楼区,1,a0b6271b156fa6f775e5b691
2484,镇江路6号院,118.76257,32.080892,江苏省南京市鼓楼区镇江路6号,江苏省,南京市,鼓楼区,1,fa9e75c176a25a276fa3cc8f
2485,新城市·虹桥中心停车场-停车位C101,118.7688,32.083129,中山北路281新城市·虹桥中心02幢-B区F1新城市虹桥中心B3,江苏省,南京市,鼓楼区,1,b6e0fa5271966edf2cb96dd1
2486,回龙桥-13号院,118.76411,32.080556,南京市鼓楼区回龙桥13号,江苏省,南京市,鼓楼区,1,5c6d6be4cb7b385c42d63e5a
2487,中山北路313号院,118.761782,32.088696,南京市鼓楼区中山北路313号,江苏省,南京市,鼓楼区,1,aea4635ee12c13cbfea77856
2488,和会街-115号院,118.770606,32.083036,南京市鼓楼区和会街115号,江苏省,南京市,鼓楼区,1,5fecde718214c964f7eafc98
2489,双门楼小区,118.76131,32.088528,南京市鼓楼区虎踞北路122号,江苏省,南京市,鼓楼区,1,6e5e6f115ab5b42a14c8f6ad
2490,金川门小区,118.766022,32.089915,南京市鼓楼区福建路金川门外街6-20号,江苏省,南京市,鼓楼区,1,eabc47578f07c29c8e772750
2491,南京航仪厂宿舍,118.759958,32.087988,南京市鼓楼区虎踞北路183号,江苏省,南京市,鼓楼区,1,cb35b25053a10fc43310af0e
2492,西瓜圃桥6号楼,118.770191,32.08757,江苏省南京市鼓楼区中央门街道西瓜圃桥三牌楼小区九号门,江苏省,南京市,鼓楼区,1,05aba220a80280e630169bbb
2493,镇江路47号院,118.758689,32.084674,南京市鼓楼区镇江路47号,江苏省,南京市,鼓楼区,1,f36c697d55459d9f09a8d4e8
2494,南京鼓楼区铁路北街教师楼,118.764052,32.089742,江苏省南京市鼓楼区铁路北街150号,江苏省,南京市,鼓楼区,1,4333d53142210c9df4eafc52
2495,福建新村,118.769835,32.088541,南京市鼓楼区福建路23号,江苏省,南京市,鼓楼区,1,abafac17cd1e2b5fd52ce238
2496,镇江路13号院,118.761607,32.080423,南京市鼓楼区镇江路13号,江苏省,南京市,鼓楼区,1,167bf7d373267315b04c494a
2497,陵村小区,118.763042,32.089843,南京市鼓楼区萨家湾59号～87号,江苏省,南京市,鼓楼区,1,a74481d6ae4b9646f403b8a3
2498,镇江路17号院-1栋,118.76141,32.081736,南京市鼓楼区镇江路17号1栋,江苏省,南京市,鼓楼区,1,6de38712236cfb36b54f5400
2499,江苏民政康复医院-家属院,118.769069,32.089503,南京市鼓楼区洪庙巷1号,江苏省,南京市,鼓楼区,1,0e718bc4143bc6affd0eb038
2500,南艺虹桥学生公寓,118.773669,32.081452,江苏省南京市鼓楼区中山北路200号,江苏省,南京市,鼓楼区,1,97b45a2184963e14c61e51bd
2501,洪庙巷小区,118.769378,32.089178,南京市鼓楼区福建路20号,江苏省,南京市,鼓楼区,1,ba2acc8b00e5d7a1c056acf8
2502,回龙桥-8号院,118.763573,32.081409,回龙桥8号,江苏省,南京市,鼓楼区,1,894a9e8b9ab45a26f942b282
2503,西妙峰庵小区-16号楼,118.762307,32.089792,江苏省南京市鼓楼区西妙峰庵16号,江苏省,南京市,鼓楼区,1,d5fbb6aef0cdc1822d473384
2504,福建路14号院,118.769861,32.08943,南京市鼓楼区福建路14号,江苏省,南京市,鼓楼区,1,2942348d612eefd56c3e1b28
2505,中山骏景,118.761068,32.089644,南京市鼓楼区中山北路333号西门,江苏省,南京市,鼓楼区,1,dd1e0a3be5fce0e1931fc9b6
2506,虎踞北路53号小区,118.75862,32.079807,南京市鼓楼区虎踞北路53号,江苏省,南京市,鼓楼区,1,cb775b600fee545a220220d5
2507,福建路10号院,118.770029,32.089879,南京市鼓楼区福建路10号,江苏省,南京市,鼓楼区,1,645191d7187a4e43cb213d1b
2508,新城市虹桥中心,118.769024,32.082702,中山北路281新城市·虹桥中心02幢-B区F1,江苏省,南京市,鼓楼区,1,44f1c36dd29db679f7b916c4
2509,颂德里小区,118.767603,32.085651,南京市鼓楼区中山北路236号,江苏省,南京市,鼓楼区,1,956b0b874f2104c9d7851f04
2510,交通一村2-3临,118.769855,32.086792,南京市鼓楼区三牌楼大街三牌楼小区,江苏省,南京市,鼓楼区,1,0c9e6647731126a04d2fdfa4
2511,校门口1号小区,118.768018,32.07984,南京市鼓楼区校门口1号,江苏省,南京市,鼓楼区,1,17cc562c0129fbacb35c6aee
2512,交通一村14号5临,118.769573,32.087107,南京市鼓楼区三牌楼大街三牌楼小区,江苏省,南京市,鼓楼区,1,901730cc21ae0dd3ed74f861
2513,交通一村14号5临,118.769573,32.087107,南京市鼓楼区三牌楼大街三牌楼小区,江苏省,南京市,鼓楼区,1,901730cc21ae0dd3ed74f861
2514,交通一村24号6临,118.769457,32.087294,南京市鼓楼区三牌楼大街三牌楼小区,江苏省,南京市,鼓楼区,1,d505fecb180fcb7126d2bbe7
2515,南京邮电大学教工宿舍第-20幢,118.776088,32.085388,南京市鼓楼区广东路38号20幢,江苏省,南京市,鼓楼区,1,f1f04f615e7372d915a1902d
2516,模范新村,118.775968,32.08479,南京市鼓楼区模范马路128号,江苏省,南京市,鼓楼区,1,a3cb9854e90951ff7ab55cf6
2517,开元新寓,118.775347,32.084394,南京市鼓楼区模范马路130号,江苏省,南京市,鼓楼区,1,5bfa2f44e846618dadcb6635
2518,南京邮电大学教工宿舍第-20幢,118.776088,32.085388,南京市鼓楼区广东路38号20幢,江苏省,南京市,鼓楼区,1,f1f04f615e7372d915a1902d
2519,模范马路小区,118.775627,32.08386,模范马路147-151号,江苏省,南京市,鼓楼区,1,30d6e4c8174660f5c26c1460
2520,西流湾家园,118.777613,32.078389,江苏省南京市鼓楼区西流湾23号,江苏省,南京市,鼓楼区,1,cc6f8594680f781a7369d318
2521,三牌楼大街47号小区,118.77415,32.083708,南京市鼓楼区三牌楼大街47号,江苏省,南京市,鼓楼区,1,20130d83591c0f1ef21937f7
2522,声创空间,118.757038,32.068241,石头城路水木秦淮C区-1,江苏省,南京市,鼓楼区,1,a4896d57d00055f3931fc926
2523,狗耳巷小区,118.773601,32.083099,南京市鼓楼区和会街1号,江苏省,南京市,鼓楼区,1,b96812b96ff89696cae33c56
2524,南京农业大学宿舍区,118.773042,32.083566,南京市鼓楼区和会街狗耳巷小区西北侧约30米,江苏省,南京市,鼓楼区,1,0e4475e21e70d2c9a5da3957
2525,东柏果园,118.778541,32.084962,南京市鼓楼区南瑞路紫竹林16号,江苏省,南京市,鼓楼区,1,0e5512dfada0017a4f6d46b3
2526,南京邮电大学三牌楼校区(西南门),118.774538,32.086285,江苏省南京市鼓楼区广东路38号,江苏省,南京市,鼓楼区,1,2527be1e7baf85b34bfc8da0
2527,三牌楼小区,118.772337,32.08656,鼓楼区三牌楼大街138号,江苏省,南京市,鼓楼区,1,7aea43b7511ee5fb7c29bd0b
2528,和会街-40号院,118.772278,32.084171,南京市鼓楼区和会街40号,江苏省,南京市,鼓楼区,1,84eb6adba5036a40ad080f9c
2529,君和家园,118.775006,32.08796,江苏省南京市鼓楼区新门口2号,江苏省,南京市,鼓楼区,1,9b7b8564c408b760c4f50df5
2530,宏景公寓,118.777536,32.082584,南京市鼓楼区新模范马路17号,江苏省,南京市,鼓楼区,1,c7fb04bd0ae3d015fb0cada0
2531,经典家园(三牌楼大街),118.771769,32.085019,三牌楼大街109号,江苏省,南京市,鼓楼区,1,b292b3aa521c9756bf4842a3
2532,和会街四十九巷小区,118.772056,32.083606,江苏省南京市鼓楼区三牌楼和会街51-7号,江苏省,南京市,鼓楼区,1,400c3941eba7c1a62afc48d1
2533,铁路南街49号小区,118.77672,32.082094,南京市鼓楼区铁路南街49号,江苏省,南京市,鼓楼区,1,05b1b1d96d4a5956abf7295c
2534,南瑞楼,118.778837,32.090741,江苏省南京市鼓楼区紫竹林25号,江苏省,南京市,鼓楼区,1,e25d318ca791042b343a71e8
2535,新门口10号家属院,118.773646,32.088773,南京市鼓楼区新门口10号,江苏省,南京市,鼓楼区,1,3b58be228ab4860f4e776e27
2536,南汽宿舍,118.778595,32.082596,南京市鼓楼区司背后2号,江苏省,南京市,鼓楼区,1,7a97d83451abcce3adee7ac5
2537,娄子巷小区,118.771363,32.086888,南京市鼓楼区三牌楼大街156号,江苏省,南京市,鼓楼区,1,bcf1d23a4d760c5440e1922d
2538,将军庙-40号,118.776649,32.081402,江苏省南京市鼓楼区将军庙40号,江苏省,南京市,鼓楼区,1,98ea241793b8d7129b68b4c4
2539,南京邮电大学-学生宿舍,118.778147,32.088277,江苏省南京市鼓楼区新模范马路66号,江苏省,南京市,鼓楼区,1,0e23826cf935ce69e812e486
2540,南京工业大学-虹桥学生公寓,118.773669,32.081452,江苏省南京市鼓楼区中山北路200号,江苏省,南京市,鼓楼区,1,97b45a2184963e14c61e51bd
2541,宁和新寓(三牌楼大街),118.770726,32.084701,南京市鼓楼区和会街90号,江苏省,南京市,鼓楼区,1,56e88cba6ef1a465a5c756a3
2542,新门口,118.774872,32.083957,新钟阜路18号,江苏省,南京市,鼓楼区,1,85f3df3bcb5a9a4f7c29bdd9
2543,将军庙38号小区,118.77715,32.08104,将军庙38号,江苏省,南京市,鼓楼区,1,402c0f6dcbd46adb631809e5
2544,铁路南街41号小区,118.777742,32.081229,南京市鼓楼区铁路南街41号,江苏省,南京市,鼓楼区,1,d14b8d4c82a8df1715c9056f
2545,中山北路206号楼,118.770109,32.082873,南京市鼓楼区中山北路206号,江苏省,南京市,鼓楼区,1,92c52aa6956a8a388f55ecdb
2546,西瓜圃桥小区,118.771116,32.08777,南京市鼓楼区三牌楼大街138号,江苏省,南京市,鼓楼区,1,8ad13caa643db97de8e58257
2547,中山北路200-2号小区,118.776437,32.080673,南京市鼓楼区中山北路200-2号,江苏省,南京市,鼓楼区,1,e3e2cd9d5b9c90e3c6f50da3
2548,东瓜圃桥33-37号院,118.771143,32.088302,东瓜圃桥33-37号,江苏省,南京市,鼓楼区,1,6dda951b4ff28e710b1cc77c
2549,将军庙36号小区,118.777326,32.080718,南京市鼓楼区将军庙36号,江苏省,南京市,鼓楼区,1,76352ad00c206666b5f42f8b
2550,虹桥小区,118.770777,32.082339,江苏省南京市鼓楼区中山北路204号,江苏省,南京市,鼓楼区,1,c1fcce17bde511ec018972b1
2551,蔡家巷,118.780064,32.088382,江苏省南京市鼓楼区南瑞路,江苏省,南京市,鼓楼区,1,d6c5d991095653e831169ba0
2552,新模范马路九号小区,118.780211,32.082465,江苏省南京市鼓楼区新模范马路9号,江苏省,南京市,鼓楼区,1,b5e7c0ba957cd35dafee7a28
2553,江苏锦江南京饭店-商务楼,118.771123,32.081304,南京市鼓楼区中山北路259号,江苏省,南京市,鼓楼区,1,88b65983178593b47069d3cd
2554,工行新寓,118.777908,32.080607,南京市鼓楼区铁路南街与龙仓巷交叉路口向西北约150米,江苏省,南京市,鼓楼区,1,d52831f9e45b2ba72ffaa7a0
2555,公行新寓-8号,118.777986,32.080385,江苏省南京市鼓楼区公行新寓8号,江苏省,南京市,鼓楼区,1,549a66b6908197a67c29bd06
2556,紫竹林21号小区,118.779876,32.08907,南京市鼓楼区紫竹林21号,江苏省,南京市,鼓楼区,1,0adce3e292dce86181a00ca3
2557,华富园,118.770591,32.088771,南京市鼓楼区福建路31号,江苏省,南京市,鼓楼区,1,d82d6697719165a6d418b7a0
2558,中南园,118.77155,32.090044,南京市鼓楼区福建路23号,江苏省,南京市,鼓楼区,1,befdb292a1e8aee1861541a2
2559,锦南商务楼-南门,118.771147,32.081381,南京市鼓楼区中山北路与狗耳巷交叉口南50米,江苏省,南京市,鼓楼区,1,436a6244e8bae03e4e776eb7
2560,帝博商务楼,118.770768,32.085802,南京市鼓楼区三牌楼大街151-1临,江苏省,南京市,鼓楼区,1,3f9337d6690731b3f62310a3
2561,华富大厦,118.770746,32.089393,南京市鼓楼区福建路31号华富园1号华富大厦,江苏省,南京市,鼓楼区,1,669775d0ef26a126fc0eb0a0
2562,江苏工人大厦,118.772238,32.081768,江苏省南京市鼓楼区中山北路202号,江苏省,南京市,鼓楼区,1,f4460918b56d6417b01e36a0
2563,南邮大厦,118.777021,32.083855,南京市鼓楼区新模范马路66号南京邮电大学南门，新街口接待：新街口天丰大厦1801室,江苏省,南京市,鼓楼区,1,08c78450688c457d52e5c514
2564,苏海大厦,118.775451,32.08304,南京市鼓楼区新模范马路90号,江苏省,南京市,鼓楼区,1,beabdbf476af6a987169d3a3
2565,天将孝门,118.776095,32.082266,南京市鼓楼区将军庙40号(新模范马路与将军庙交汇处),江苏省,南京市,鼓楼区,1,db18b4338a446c2e102935da
2566,天福园,118.780459,32.080169,江苏省南京市鼓楼区平安里68号,江苏省,南京市,鼓楼区,1,c5ddcc08d2b897c7d913188b
2567,天福园52-54号,118.780029,32.081355,南京市鼓楼区司背后13号东60米,江苏省,南京市,鼓楼区,1,5367fc79c2d7ddee22f01761
2568,品弈棋牌(新门口店),118.773801,32.088113,江苏省南京市鼓楼区广东路2号3楼,江苏省,南京市,鼓楼区,1,bff8fa7d93de7fb9c9213d86
2569,工人新村,118.785502,32.085767,江苏省南京市鼓楼区南昌路,江苏省,南京市,鼓楼区,1,e3e2cd9dc7e6f49ec6f50da0
2570,青石村小区,118.78346,32.085284,南京市鼓楼区紫竹林路(南京工业大学东侧约50米),江苏省,南京市,鼓楼区,1,f2d9521a7bb8f32307fef5b4
2571,芦席营70号小区,118.787309,32.085654,南京市鼓楼区芦席营70号,江苏省,南京市,鼓楼区,1,ffd6d40356f2588f16b54ba3
2572,芦席营-80号,118.787106,32.086847,江苏省南京市鼓楼区芦席营80号,江苏省,南京市,鼓楼区,1,62724feb280616880782c266
2573,长江新村-5号院,118.783426,32.086959,长江新村5号,江苏省,南京市,鼓楼区,1,b753a759e0e468054f6d46c7
2574,南京工业大学-宿舍,118.782679,32.084409,南京市鼓楼区新模范马路30号,江苏省,南京市,鼓楼区,1,2967c3477ba0f9a13ce23176
2575,长江电子信息集团公司-集体宿舍,118.784068,32.08757,南京市鼓楼区南昌路长江新村16号,江苏省,南京市,鼓楼区,1,bff972c033192682260bd08c
2576,新金贸花园,118.785601,32.088411,南京市鼓楼区芦席营97号,江苏省,南京市,鼓楼区,1,79cceb36264285891f5800a3
2577,芦席营小区-23号院,118.786948,32.082277,南京市鼓楼区芦席营小区23号,江苏省,南京市,鼓楼区,1,d4f5d6fe8ed72209260bd007
2578,先髋二病区,118.787824,32.087566,南京市鼓楼区中央门南昌路32号,江苏省,南京市,鼓楼区,1,2bbbc56ddc110c8f3ce231c9
2579,芦苇营-7号,118.787299,32.080981,江苏省南京市鼓楼区芦苇营7号,江苏省,南京市,鼓楼区,1,de24477f2a8724bc4d776e2c
2580,南京艺术学院丁家桥学生公寓,118.782252,32.083889,南京市鼓楼区内环北线南京工业大学,江苏省,南京市,鼓楼区,1,f2d87dd902e2ee544251c0cd
2581,芦席营小区,118.786521,32.082565,江苏省南京市鼓楼区芦席营21号,江苏省,南京市,鼓楼区,1,e3082848e59739bfb24c49a3
2582,南瑞大院,118.782385,32.087048,南京江苏省南京市鼓楼区长江新村4号,江苏省,南京市,鼓楼区,1,dbe4e3bf209dbd81c7f50d1a
2583,青石村小区,118.78346,32.085284,南京市鼓楼区紫竹林路(南京工业大学东侧约50米),江苏省,南京市,鼓楼区,1,f2d9521a7bb8f32307fef5b4
2584,南京工业大学模范马路校区外籍教师公寓,118.781654,32.085264,中央门街道新模范马路30号南京工业大学模范马路校区,江苏省,南京市,鼓楼区,1,2787f2e1383792e522026220
2585,南京工业大学模范马路校区博士后公寓,118.78164,32.085664,南京市鼓楼区新模范马路30号,江苏省,南京市,鼓楼区,1,b6f9f57a3ef523306e20b920
2586,劝业路社区,118.781523,32.083231,江苏省南京市鼓楼区新模范马路7号,江苏省,南京市,鼓楼区,1,0affa431ecd17d46f32d8317
2587,长江新村四十号(南昌路),118.783179,32.088256,江苏省南京市鼓楼区长江新村40号,江苏省,南京市,鼓楼区,1,55fa2c0b3c85342d1de999a0
2588,芦席营-21号,118.787303,32.082334,南京市鼓楼区三牌楼芦席营21号,江苏省,南京市,鼓楼区,1,5e3a82758f5530f0acee7a44
2589,南昌路,118.78387,32.087206,江苏省南京市鼓楼区,江苏省,南京市,鼓楼区,0,893bb7b9de1f0ace70210b26
2590,芦席营82号小区,118.787277,32.088585,南京市鼓楼区许府巷与江西路交叉路口向西南约200米,江苏省,南京市,鼓楼区,1,3f9337d6cd7d55cef62310a0
2591,医平村,118.782023,32.083105,江苏省南京市鼓楼区新模范马路7号,江苏省,南京市,鼓楼区,1,c2308c494f78c0893686f497
2592,新模范马路34号院,118.78092,32.084021,南京市鼓楼区新模范马路34号,江苏省,南京市,鼓楼区,1,40a21ac2a77a0640871541c3
2593,安利(湖北路店),118.787453,32.068361,南京市鼓楼区湖北路天盛好庭大酒店31层,江苏省,南京市,鼓楼区,1,560def61321321756c476071
2594,南京金山都市经济园,118.778572,32.074728,南京市鼓楼区山西路8号金山大厦A楼,江苏省,南京市,鼓楼区,1,66e9d0906a80c39b90114cdb
2595,长江新村-7号,118.781599,32.088101,南京市鼓楼区南昌路与紫竹林路交叉路口往西北约150米,江苏省,南京市,鼓楼区,1,d8d3077a018df0674f3a592b
2596,观音里-19号,118.788472,32.08166,江苏省南京市鼓楼区观音里19号楼,江苏省,南京市,鼓楼区,1,1fa6c51c24832aed5cbe8680
2597,建设新村小区,118.789629,32.088489,南京市鼓楼区许府巷9号,江苏省,南京市,鼓楼区,1,0a15c7ec763c4b80ec74f885
2598,丁家桥人才公寓1幢,118.78445,32.080043,江苏省南京市鼓楼区丁家桥32号1幢,江苏省,南京市,鼓楼区,1,e48077fd6f4f40a9120daab3
2599,观音里,118.789721,32.082045,南京市鼓楼区中央路305号,江苏省,南京市,鼓楼区,1,cdef4edf67ff034e29d7aba0
2600,芦席营十四号小区,118.787884,32.08114,南京市鼓楼区三牌楼芦席营14号,江苏省,南京市,鼓楼区,1,2848ffd6cd42a30f49cc4aa3
2601,观音里小区-23号楼,118.788474,32.081129,江苏省南京市鼓楼区观音里23号楼,江苏省,南京市,鼓楼区,1,c09d9da1fda9c82014948ec6
2602,凤凰和鸣-西区,118.787774,32.090285,南京市鼓楼区中央路389号,江苏省,南京市,鼓楼区,1,0388c448b525279cc51e5159
2603,观音里小区,118.789721,32.082045,南京市鼓楼区中央路305号,江苏省,南京市,鼓楼区,1,cdef4edf67ff034e29d7aba0
2604,观音里-31号楼,118.788851,32.08099,江苏省南京市鼓楼区观音里31号楼,江苏省,南京市,鼓楼区,1,bcefbb4efa0e2e630482c230
2605,观音里,118.789721,32.082045,南京市鼓楼区中央路305号,江苏省,南京市,鼓楼区,1,cdef4edf67ff034e29d7aba0
2606,观音里-9号楼,118.789172,32.081286,江苏省南京市鼓楼区观音里9号楼,江苏省,南京市,鼓楼区,1,b233debcdd5602c6afee7aef
2607,观音里-33号,118.788845,32.080838,江苏省南京市鼓楼区观音里33号楼,江苏省,南京市,鼓楼区,1,523ed0a753ec815249fd3f1d
2608,观音里小区-27号楼,118.788415,32.080628,江苏省南京市鼓楼区芦席营观音里小区,江苏省,南京市,鼓楼区,1,e9789fa2c5d0e4c11c58004c
2609,观音里,118.789721,32.082045,南京市鼓楼区中央路305号,江苏省,南京市,鼓楼区,1,cdef4edf67ff034e29d7aba0
2610,许府巷小区,118.789192,32.089648,南京市鼓楼区许府巷24号,江苏省,南京市,鼓楼区,1,1c9a16b1d3cdb8ccd22dd6ff
2611,机械公寓,118.789857,32.089755,南京市鼓楼区许府巷16-20号,江苏省,南京市,鼓楼区,1,d3374c11d04c76fd734b8708
2612,凤凰和鸣(东区),118.789102,32.090387,南京市鼓楼区中央路389号,江苏省,南京市,鼓楼区,1,badad46db9b833e25cbe86aa
2613,紫竹林3号小区,118.780871,32.090171,南京市鼓楼区紫竹林3号,江苏省,南京市,鼓楼区,1,16e197e84eacf5791d1d1172
2614,天福园,118.780459,32.080169,江苏省南京市鼓楼区平安里68号,江苏省,南京市,鼓楼区,1,c5ddcc08d2b897c7d913188b
2615,南汽大厦,118.787634,32.084549,南京市鼓楼区芦席营68号,江苏省,南京市,鼓楼区,1,c879fa012a768c4ac809f0a3
2616,利奥大厦,118.789738,32.083322,南京市鼓楼区中央路323号,江苏省,南京市,鼓楼区,1,bff8fa7d2da9d9a0c9213da3
2617,长江新村14临,118.783252,32.088565,南京市鼓楼区紫竹林长江新村-四十号,江苏省,南京市,鼓楼区,1,74e05cb538a368e5ede4a512
2618,中央路262号住宅小区-西门,118.790712,32.086063,江苏省南京市鼓楼区中央路262号,江苏省,南京市,鼓楼区,1,92b0fa66276f490e3617dccf
2619,江南大厦,118.790927,32.082856,南京市鼓楼区中央路258号17楼,江苏省,南京市,鼓楼区,1,ef773a0f6c93fa49230220a0
2620,东升花苑,118.791369,32.081568,南京市玄武区中央路238号,江苏省,南京市,玄武区,1,09185c566822a05df11937ec
2621,锦盈大厦,118.791033,32.084808,南京市玄武区中央路258号,江苏省,南京市,玄武区,1,442076463a3d0216deee8bc4
2622,新立基大厦,118.791026,32.084288,南京市玄武区中央路258-27号,江苏省,南京市,玄武区,1,50fb64ff1a14ce5de9f853ef
2623,江苏省电信局电信大厦,118.791348,32.085711,南京市玄武区中央路260号南门,江苏省,南京市,玄武区,1,7bfa08fc9a2ae17f25d2bbec
2624,易发五洲大厦,118.790924,32.087866,南京市鼓楼区中央路276-1号,江苏省,南京市,鼓楼区,1,56e88cba6d45a565a4c756ef
2625,德汇广场A区5号,118.791778,32.082944,南京市玄武区大树根后大树根小区东2门东南侧约30米,江苏省,南京市,玄武区,1,c056679c664db538b8bd6362
2626,金陵药业大厦,118.790848,32.08113,南京市鼓楼区中央路238号,江苏省,南京市,鼓楼区,1,a3f21eeec82f513a2fb17e76
2627,后大树根小区,118.791371,32.082851,南京市玄武区中央路256号,江苏省,南京市,玄武区,1,d5f93c0e3d31825ceddfcaec
2628,国展中央花园,118.791756,32.088081,南京市玄武区中央路278号,江苏省,南京市,玄武区,1,8d2268f3a22d430622f01722
2629,国展中央花园,118.791756,32.088081,南京市玄武区中央路278号,江苏省,南京市,玄武区,1,8d2268f3a22d430622f01722
2630,盛泰宾馆玄武湖店,118.786442,32.08707,江苏省南京市鼓楼区工人新村108号,江苏省,南京市,鼓楼区,1,6deee308f76cd61428fc48ba
2632,新立基大厦-东门,118.791373,32.084336,南京市玄武区中央路258-27号,江苏省,南京市,玄武区,1,c0ff7aef2a60ef0930169bd1
2633,南京农垦大厦,118.791002,32.08342,南京市玄武区中央路258-8号,江苏省,南京市,玄武区,1,58939ba208fae5e2740269d5
2634,新庄53号小区,118.810035,32.087959,南京市玄武区新庄村53号,江苏省,南京市,玄武区,1,387cd3f963426226057ce874
2635,新庄53号小区,118.810035,32.087959,南京市玄武区新庄村53号,江苏省,南京市,玄武区,1,387cd3f963426226057ce874
2636,紫金联合立方广场,118.814458,32.085922,江苏省南京市玄武区龙蟠路155号,江苏省,南京市,玄武区,1,f26bd384ece6e2b8a2a9342b
2637,御湖国际大厦-1号,118.813072,32.0862,南京市玄武区龙蟠路153号御湖国际大厦,江苏省,南京市,玄武区,1,78b9eaf02feceaa8c36c14a2
2638,新庄花园,118.814042,32.087422,玄武区新庄村39号,江苏省,南京市,玄武区,1,1560e59f7957ccefc356ac76
2639,南京林业大学学生公寓-三区,118.818071,32.08553,南京市玄武区龙蟠路159号,江苏省,南京市,玄武区,1,41394e7b67112667471a3271
2640,御湖国际公寓-A栋,118.813137,32.086253,南京市玄武区龙蟠路153号,江苏省,南京市,玄武区,1,afe41e0c53028f90d22dd677
2641,御湖国际大厦-2号,118.812557,32.086599,江苏省南京市玄武区龙蟠路153号2号,江苏省,南京市,玄武区,1,08c28f4fcfe17ddcd03ce3b5
2642,南京林业大学学生公寓-20幢,118.825509,32.090115,江苏省南京市玄武区南京林业大学学生公寓20幢,江苏省,南京市,玄武区,1,27dcd3c4aadf0bc56340a9b7
2643,南京林业大学-研究生大楼C幢,118.818666,32.083923,江苏省南京市玄武区龙蟠路159号,江苏省,南京市,玄武区,1,007ac10c11229c5974026980
2644,湖畔居商务楼,118.811825,32.086863,江苏省南京市玄武区龙蟠路151-1号,江苏省,南京市,玄武区,1,05460a817d4dcb372fb90808
2645,南京林业大学-研究生大楼A幢,118.818727,32.084201,江苏省南京市玄武区龙蟠路159号,江苏省,南京市,玄武区,1,3c73683bf2d45786acee7a74
2646,南京林业大学研究生大楼-B幢,118.818826,32.084524,江苏省南京市玄武区龙蟠路159号,江苏省,南京市,玄武区,1,a3e90b1ec88d4a1e3fe23180
2647,南京林业大学学生公寓-6幢,118.819353,32.084994,南京市玄武区南京林业大学学生公寓1区6幢,江苏省,南京市,玄武区,1,6c9653591e9316819e82ea28
2648,金陵石油化工公司科技开发公司大楼,118.822892,32.077819,锁金四村6号,江苏省,南京市,玄武区,1,10b8a6381783338a373a7100
2649,南京林业大学教职工之家,118.818645,32.081972,南京市玄武区树人路南京林业大学南京林业大学西一门东南侧约60米,江苏省,南京市,玄武区,1,5d8cf8c7bcf4b9a17adbd247
2650,赞成湖畔居,118.8108,32.088685,南京市玄武区龙蟠路149号(近新庄立交桥),江苏省,南京市,玄武区,1,64ff3be1a1da9dc691114ca0
2651,铁路小区,118.81367,32.090191,南京市玄武区红山街道曹后村,江苏省,南京市,玄武区,1,11411658361d0e538b2fb573
2652,曹后村宁东机宿舍,118.813651,32.090137,南京市玄武区红山街道曹后村铁路小区,江苏省,南京市,玄武区,1,3aa42e4b1b4c78986849f335
2653,锁金村80号院,118.818794,32.080359,江苏省南京市玄武区锁金村80号,江苏省,南京市,玄武区,1,81d6a50933daa73d6f20b9bc
2654,南京林业大学一村-25幢,118.819492,32.081892,江苏省南京市玄武区南京林业大学一村25幢,江苏省,南京市,玄武区,1,d278f36cfd53d941eb12e45e
2655,锁金村,118.821489,32.077388,锁金村,江苏省,南京市,玄武区,1,bf29b7023347158009b93a39
2656,赞成湖畔居-11栋,118.810934,32.089106,江苏省南京市玄武区赞成湖畔居11栋,江苏省,南京市,玄武区,1,a47abb92f7e6abf2601c67f0
2657,南京林业大学-二村5幢,118.825576,32.084067,南京市玄武区南京林业大学二村五幢,江苏省,南京市,玄武区,1,baab99b674ce9df275e5b622
2658,青教公寓-18幢,118.823477,32.086123,南京市玄武区求知路南京林业大学,江苏省,南京市,玄武区,1,151fd0f1aebf72cd990050cb
2659,南林二村,118.826193,32.083628,江苏省南京市玄武区龙蟠路新庄南林二村(朝阳路与翠竹路交叉口向西20米),江苏省,南京市,玄武区,1,5613a2cd6525cc9a08f5ebb8
2660,南京林业大学学生公寓四区-23栋,118.824158,32.087696,江苏省南京市玄武区南京林业大学学生公寓四区23栋,江苏省,南京市,玄武区,1,b4edf42a5cbf89cb97031900
2661,林化所综合楼,118.823959,32.080842,江苏省南京市玄武区锁金北路16号林化所3楼,江苏省,南京市,玄武区,1,321dc6ef9a8ee3c61fe99933
2662,青年教工宿舍-B幢,118.823429,32.083109,南京市玄武区创新路南京林业大学,江苏省,南京市,玄武区,1,962ea67061a98cee0c0a70db
2663,青教公寓-19幢,118.823169,32.083165,南京市玄武区创新路南京林业大学,江苏省,南京市,玄武区,1,b4ffd425472a6ab4d4851f73
2664,南京林业大学-留学生公寓,118.818788,32.085958,南京市玄武区玄武大道南京林业大学北门东侧约100米,江苏省,南京市,玄武区,1,dc6d7bbade8fd85181288a43
2665,南大山公寓,118.82749,32.082351,南京市玄武区龙蟠路159号,江苏省,南京市,玄武区,1,650fd9c6b548805e15c9058d
2666,南大山学生公寓-3栋,118.827714,32.082229,南大山公寓3幢南京林业大学引进人才周转房附近,江苏省,南京市,玄武区,1,4181b8e44a64c3e88505bf61
2667,东方花园,118.828712,32.087958,南京市玄武区花园路88号,江苏省,南京市,玄武区,1,0ce65c2d43e955592d4733ec
2668,樱驼山庄-1幢,118.827817,32.088369,江苏省南京市玄武区樱驼山庄1幢,江苏省,南京市,玄武区,1,8c70f655a4e27fa6fe0eb0fb
2669,锁金五村小区-北院,118.826243,32.081516,江苏省南京市玄武区锁金五村北院(南京师范大学西北),江苏省,南京市,玄武区,1,d7b06a544fe669a671455bb1
2670,南林公寓12幢,118.821795,32.088072,江苏省南京市玄武区南京林业大学学生公寓二区12栋,江苏省,南京市,玄武区,1,a7ed00df4e65ae94ca1b953b
2671,花园路78号小区,118.823632,32.089315,南京市玄武区花园路78号,江苏省,南京市,玄武区,1,cd780d6a7154355108ccddd2
2672,花园路78号小区,118.823632,32.089315,南京市玄武区花园路78号,江苏省,南京市,玄武区,1,cd780d6a7154355108ccddd2
2673,江南小野田宾馆·公寓,118.830373,32.086477,江苏省南京市玄武区花园路18号1栋,江苏省,南京市,玄武区,1,b0d056f25f621f7ecac3dbec
2674,东方城旭日园-10幢,118.840698,32.091266,江苏省南京市玄武区蒋王庙街东方城旭日园10幢,江苏省,南京市,玄武区,1,9955c81bb1e46ea294ec84a4
2675,南京林业大学竹楼,118.822509,32.089152,南京市玄武区玄武大道南京林业大学西北4门西南侧约60米,江苏省,南京市,玄武区,1,ab9f5e951cc8434fca2915c9
2676,南京林业大学学生公寓-19幢,118.824744,32.089836,南京林业大学,江苏省,南京市,玄武区,1,24378fd8c69fbaeaadcb6642
2677,花园路22号,118.827849,32.089149,南京市玄武区花园路22号,江苏省,南京市,玄武区,1,e33118129e6936c7abf0cded
2678,南京林业大学学生公寓-20幢,118.825509,32.090115,江苏省南京市玄武区南京林业大学学生公寓20幢,江苏省,南京市,玄武区,1,27dcd3c4aadf0bc56340a9b7
2679,翠岭居,118.827483,32.080582,南京市玄武区板仓街130号翠岭居号,江苏省,南京市,玄武区,1,d0b8923f80f490e2b5f42fec
2680,锁金三村,118.822544,32.081396,南京市玄武区锁金北路与锁金中路交叉路口往东北约100米(南京林业大学南侧约100米),江苏省,南京市,玄武区,1,96b672aa98e79875ce04efec
2681,锁金五村小区,118.826008,32.080485,南京市玄武区锁金北路与锁金东路交叉路口往东约100米,江苏省,南京市,玄武区,1,e37f2e07b3c99880b54f545a
2682,花园路5号小区,118.832436,32.086404,江苏省南京市玄武区花园路5号,江苏省,南京市,玄武区,1,f1365e1a52073e62a8f0cdba
2683,南京林业大学一村-21幢,118.821338,32.081552,江苏省南京市玄武区南京林业大学一村21幢,江苏省,南京市,玄武区,1,24c129c71e8e3748d1f49ee0
2684,板仓街130号小区,118.828807,32.080092,南京市玄武区板仓街130号,江苏省,南京市,玄武区,1,5de024e3bba672d11b11d5e4
2685,南林一村,118.820793,32.081051,江苏省南京市玄武区龙蟠路159号,江苏省,南京市,玄武区,1,99c8f32bf9b5ce12fa42b291
2686,蒋王庙街8号小区,118.83436,32.085748,南京市玄武区蒋王庙街8号,江苏省,南京市,玄武区,1,585fc10621033d24e115f98e
2687,宁栖园,118.836022,32.084016,南京市玄武区蒋王庙街4号,江苏省,南京市,玄武区,1,6fddd7fd9a27c07f3517dcec
2688,钟山山庄,118.837825,32.085851,南京市玄武区蒋王庙街21号,江苏省,南京市,玄武区,1,fabdde2a3220d0483be4a620
2689,南京四站厂宿舍区,118.835734,32.083318,南京市玄武区蒋王庙街2号,江苏省,南京市,玄武区,1,2f7d8c0472681bb5eee4a518
2690,中国医学科学院皮肤病医院研究所住宅区-东门,118.834719,32.087947,南京市玄武区蒋王庙街14-2号,江苏省,南京市,玄武区,1,610ced010883de1ea8f7299e
2691,财大小区-25幢,118.831664,32.087632,江苏省南京市玄武区财大小区25幢,江苏省,南京市,玄武区,1,e7f28b863599da83a1d2308e
2692,玄武湖街道保洁员公寓,118.837708,32.086993,南京市玄武区蒋王庙街钟山山庄,江苏省,南京市,玄武区,1,a9a2c374999e132236b06caa
2693,中科院天仪公司宿舍,118.832258,32.08468,南京市玄武区花园路一号,江苏省,南京市,玄武区,1,8556b5b1fbc9e0f9704b87d0
2694,樱驼花园承乐园,118.836682,32.087782,南京市玄武区樱花西路8号,江苏省,南京市,玄武区,1,4be08316b406999e6240a9bc
2696,紫玉山庄,118.833789,32.083887,南京市玄武区花园路1-89号,江苏省,南京市,玄武区,1,737972bbbb883a079b68b43d
2697,华瑞苑-1号,118.835019,32.088405,江苏省南京市玄武区华瑞苑1号,江苏省,南京市,玄武区,1,9bbe19c91f676cdcae31e5ed
2698,樱驼花园-颂和园,118.837716,32.088182,南京市玄武区樱花西路8号樱驼花园,江苏省,南京市,玄武区,1,74c933fb4077b05e9e82eaec
2699,华瑞苑-2号,118.835149,32.088484,江苏省南京市玄武区华瑞苑2号,江苏省,南京市,玄武区,1,0c60629e663020a8ede4a5e8
2700,板仓公寓,118.834872,32.082127,南京市玄武区板仓街290号-292号,江苏省,南京市,玄武区,1,61f634f6facde2616b49f37f
2701,华瑞苑-3号,118.835328,32.088576,江苏省南京市玄武区华瑞苑3号,江苏省,南京市,玄武区,1,b714bbbc0d40af8881a12ea0
2702,华瑞苑-4号,118.835458,32.088645,江苏省南京市玄武区华瑞苑4号,江苏省,南京市,玄武区,1,e5967476f4e581a396f08c3d
2703,中国科学院南京分院研究生公寓,118.831535,32.083727,南京市玄武区,江苏省,南京市,玄武区,1,9e24783288c731ae93114c22
2704,中国科学院南京分院研究生公寓,118.831535,32.083727,南京市玄武区,江苏省,南京市,玄武区,1,9e24783288c731ae93114c22
2705,花园路7号小区,118.831459,32.086997,南京市玄武区花园路7号,江苏省,南京市,玄武区,1,dbf4d6ee27d0612a6fa3ccec
2706,虎踞龙盘,118.837237,32.081444,南京市玄武区玄武湖街道板仓街121号,江苏省,南京市,玄武区,1,925c550f490dd0b25a3ac8ec
2707,华泰苑,118.833849,32.090483,南京市玄武区武区樱花西路8号,江苏省,南京市,玄武区,1,435d7aea11c742485abbbc6c
2708,樱驼花园,118.837927,32.08893,江苏省南京市玄武区樱花西路8号,江苏省,南京市,玄武区,1,35debf297f25b439a7da39b4
2709,华侨新村,118.835745,32.090157,南京市玄武区樱花西路8号,江苏省,南京市,玄武区,1,606ab0d0fc071a2a0e3ddaef
2710,樱驼花园怡静园-2幢,118.837805,32.089758,江苏省南京市玄武区樱花西路8号怡静园,江苏省,南京市,玄武区,1,057808d3473a1e5d9c09f7e4
2711,樱驼花园-思立园,118.838975,32.089406,樱花西路8樱驼花园,江苏省,南京市,玄武区,1,bc58953eaf1f56104c6d46f9
2712,板仓街188号,118.832077,32.080307,南京市玄武区板仓街188号,江苏省,南京市,玄武区,1,155559e002277cbff8dc8594
2713,宣传中心考核楼,118.831319,32.088011,南京市玄武区花园路9号,江苏省,南京市,玄武区,1,afdc6bfb1e2f509e75e5b6a1
2714,仕高大厦,118.832975,32.081629,南京市玄武区花园路仕高大厦,江苏省,南京市,玄武区,1,a3a82a3f131bcc8cf9f0cb14
2715,玄武区法检大厦,118.831844,32.084201,南京市玄武区花园路6-10号,江苏省,南京市,玄武区,1,94820c3e9f8ee1d415764309
2716,天仪大厦,118.83167,32.083385,南京市玄武区花园路6-10号,江苏省,南京市,玄武区,1,68d6a17e1311eff1b42655c5
2717,紫沁园,118.836074,32.08927,南京市玄武区樱花西路8号,江苏省,南京市,玄武区,1,b3a1f7c227daef62593ac806
2718,紫金公寓,118.835381,32.087623,南京市玄武区华新西路樱驼花园承乐园,江苏省,南京市,玄武区,1,f477ad03b0a41dcca4c756de
2719,钟山高尔夫别墅-A片区,118.877842,32.088126,南京市玄武区环陵路7号,江苏省,南京市,玄武区,1,8fc6bf039bf665719fec2b81
2720,帝豪花园别墅,118.871972,32.088793,南京市玄武区中山陵环陵路8号,江苏省,南京市,玄武区,1,d5f93c0e3d30825ceddfcaef
2721,紫楠园,118.877817,32.088137,南京市玄武区环陵路7号,江苏省,南京市,玄武区,1,5d82611d3caa57681df74dce
2722,钟山高尔夫别墅-A片区,118.877842,32.088126,南京市玄武区环陵路7号,江苏省,南京市,玄武区,1,8fc6bf039bf665719fec2b81
2723,苏宁公寓,118.889702,32.088264,南京市玄武区徐庄软件园紫气路,江苏省,南京市,玄武区,1,ad0ad8ac09684e7e62685831
2724,紫榛园,118.884841,32.082913,南京市玄武区环陵路9号,江苏省,南京市,玄武区,1,00e9f6d0718286fc22026227
2725,钟山高尔夫别墅-A片区,118.877842,32.088126,南京市玄武区环陵路7号,江苏省,南京市,玄武区,1,8fc6bf039bf665719fec2b81
2726,紫气路9号院,118.893793,32.088542,南京市玄武区紫气路9号,江苏省,南京市,玄武区,1,43429fcf9c28962fe31103a5
2727,紫气路9号院-东门,118.894279,32.088976,江苏省南京市玄武区紫气路9号东门(徐庄软件园附近),江苏省,南京市,玄武区,1,910ea2966e978e44ab175adc
2728,紫气路9号院-北门,118.893393,32.088932,南京市玄武区紫气路9号,江苏省,南京市,玄武区,1,009f1a8633a9df4b2b3a9fc1
2729,紫金东郡,118.901252,32.088101,江苏省南京市玄武区徐庄软件园苏宁大道8号,江苏省,南京市,玄武区,1,1fa9be40324947ac41d63e19
2730,紫金东郡,118.901252,32.088101,江苏省南京市玄武区徐庄软件园苏宁大道8号,江苏省,南京市,玄武区,1,1fa9be40324947ac41d63e19
2731,紫金东郡-二期,118.901949,32.086535,仙林大道与紫气路交口北,江苏省,南京市,玄武区,1,a7e40b2e45c0145f0e0a7034
2732,仙居花园-东门,118.908287,32.090392,南京市玄武区仙林大道附近,江苏省,南京市,玄武区,1,43cadbc78f4cccb514b54b3a
2733,紫金东郡-东二门,118.904371,32.087976,南京市玄武区仙林大道,江苏省,南京市,玄武区,1,3faa95bd06bd787041d63e21
2734,保利紫晶山,118.914876,32.089297,南京市栖霞区紫东路18号,江苏省,南京市,栖霞区,1,33a31aa72dbd9ba0276e984c
2735,未来墅,118.911633,32.085963,江苏省南京市栖霞区仙林大道未来墅(紫东国际创意园附近),江苏省,南京市,栖霞区,1,e499372c79621fdf7369d3ce
2736,朗诗·钟山绿郡,118.910697,32.087381,南京市栖霞区紫东路9号,江苏省,南京市,栖霞区,1,aeb70d4ed6dcf8a22fb96dcc
2737,紫金科技创业特别社区,118.913639,32.084368,南京市栖霞区紫东路1号-紫东国际创意园,江苏省,南京市,栖霞区,1,e13401378f19d309c6effb99
2738,保利紫晶山,118.914876,32.089297,南京市栖霞区紫东路18号,江苏省,南京市,栖霞区,1,33a31aa72dbd9ba0276e984c
2739,朗诗·钟山绿郡,118.910697,32.087381,南京市栖霞区紫东路9号,江苏省,南京市,栖霞区,1,aeb70d4ed6dcf8a22fb96dcc
2740,南京朗诗钟山绿郡-南门,118.912473,32.086661,南京市栖霞区马土路,江苏省,南京市,栖霞区,1,1332c81371c8b66404fef5d5
2741,国浩钟山晶典,118.917306,32.074044,江苏省南京市栖霞区金马路19号,江苏省,南京市,栖霞区,1,cc788fde60efc2f489fc06b8
2742,万科金色半山,118.60789,32.078435,江苏省南京市浦口区沿山大道229号,江苏省,南京市,浦口区,1,fe6bc4b02265f59bb04c49f5
2743,万科璞悦山,118.606042,32.076101,江苏省南京市浦口区沿山大道231号,江苏省,南京市,浦口区,1,0c60f099f17853b62902e12e
2744,万科(光明路),118.605379,32.076125,南京市浦口区沿山大道万科璞悦山,江苏省,南京市,浦口区,1,83c48268fc2af0d41ce9998b
2745,沁园-西门,118.6201,32.070798,江苏省南京市浦口区南京审计大学学生公寓沁园13幢,江苏省,南京市,浦口区,1,d454f6a3cc6664682e473317
2746,润园(润园路),118.614577,32.073124,南京市浦口区八里路(南京审计大学),江苏省,南京市,浦口区,1,a7f927d5ae1e1ed488f15d0d
2747,碧云山庄(象山路),118.628519,32.073809,江苏省南京市浦口区象山路5号,江苏省,南京市,浦口区,1,17f6ad83720d25d5adcb66dc
2748,白马湖山庄,118.626357,32.076332,南京市浦口区象山路9号,江苏省,南京市,浦口区,1,28e700f1c61fe801095cb3fd
2749,钱塘望景花园,118.624638,32.0789,南京市浦口区象山路11号,江苏省,南京市,浦口区,1,7bfa08fc9a3be17f25d2bbfd
2750,珠江村向阳组78号,118.626588,32.070899,江苏省南京市浦口区珠江村向阳组78号,江苏省,南京市,浦口区,1,f5f37802f58ce4fcf42310ae
2751,珠江村向阳组80号,118.626645,32.070808,江苏省南京市浦口区珠江村向阳组80号,江苏省,南京市,浦口区,1,1424b436c51241a88adb7313
2752,盛景苑,118.627111,32.079319,南京市浦口区象山路钱塘望景花园,江苏省,南京市,浦口区,1,16fe1d217d841f0b6240a9bc
2753,九二小区1-3号,118.639779,32.076101,南京市浦口区白马路银城颐居悦见山西南侧,江苏省,南京市,浦口区,1,4b4b0614fdb283b20289727d
2754,颐景苑-11幢,118.624525,32.078261,江苏省南京市浦口区钱塘望景苑颐景苑11幢,江苏省,南京市,浦口区,1,91424c9000927cc040024525
2755,珠江村向阳组79号,118.626654,32.070845,江苏省南京市浦口区珠江村向阳组79号,江苏省,南京市,浦口区,1,3ec11a41f5d5b0e36c3e1b93
2756,碧云山庄-C幢,118.628705,32.072331,南京市浦口区象山路5号碧云山庄C幢,江苏省,南京市,浦口区,1,275be455d0165a10d3ff2390
2757,碧云山庄-A幢,118.628945,32.071889,南京市浦口区象山路5号碧云山庄A幢,江苏省,南京市,浦口区,1,d784b576d0ddbd80704b87e6
2758,凤悦天晴花园(南门),118.63182,32.073307,南京市浦口区象山路6号,江苏省,南京市,浦口区,1,2dedda6d9838fd543a13fd8f
2759,沁园-南门,118.620747,32.070078,南京市浦口区金专路,江苏省,南京市,浦口区,1,8c24574c9eaba87888fc06f8
2760,凯莱花园,118.638926,32.070792,南京市浦口区公园北路6号,江苏省,南京市,浦口区,1,05dd7d5f67ee9401ad080ffc
2761,江城人家,118.631256,32.070948,南京市浦口区象山路3号,江苏省,南京市,浦口区,1,7d5f3a0a2459bc4b2cb908fc
2762,凤悦天晴,118.630835,32.075192,南京市浦口区象山路6号,江苏省,南京市,浦口区,1,669775d08cfec45bfd0eb0fd
2763,领域花园,118.636632,32.071294,南京市浦口区江浦街道珠海路一号(地铁站),江苏省,南京市,浦口区,1,3a0a78bdeecd5887621809a1
2764,金叶小区,118.640084,32.070096,南京市浦口区公园北路3号,江苏省,南京市,浦口区,1,381c44085ea1764af4e73bc2
2765,白马村新民组100-49,118.632922,32.080074,南京市浦口区狮山路新民组居民区,江苏省,南京市,浦口区,1,c2d80125a2bb0123ca09f07a
2766,金禾大厦(象山路),118.631494,32.072102,南京市浦口区象山路3号,江苏省,南京市,浦口区,1,ec2e267665dc387c4e2fdfcf
2767,凤悦天晴花园(南门),118.63182,32.073307,南京市浦口区象山路6号,江苏省,南京市,浦口区,1,2dedda6d9838fd543a13fd8f
2768,凯莱花园-西门,118.638012,32.070825,江苏省南京市浦口区凯莱花园西门(南京市浦口区中医院东),江苏省,南京市,浦口区,1,c4c12f1a64db6d35d91318a4
2769,金盛田·阳光青城,118.645489,32.075439,江苏省南京市浦口区江浦街道海都路8号(龙华路与浦口大道交汇处),江苏省,南京市,浦口区,1,e7229ca0bf4ee70f9403191e
2770,员工宿舍楼,118.637996,32.066373,南京市浦口区江浦街道文德东路35号南京鼎业开元大酒店员工宿舍楼,江苏省,南京市,浦口区,1,e10602bc379a36ae095cb3fe
2771,阅景龙华,118.645393,32.073091,510路;510路区间;603路;606路;680路;681路;D10路;D14路;D15路;D59路;D61路;D7路;Y29路夜间;Y38路夜间,江苏省,南京市,浦口区,0,5fdc0f13161f9fa87369d380
2772,海都嘉园,118.642749,32.076397,浦口珠江镇龙华路12号,江苏省,南京市,浦口区,1,50f7d146c70320c472210bfc
2773,鼎业情缘,118.645437,32.072088,南京市浦口区康华路1号,江苏省,南京市,浦口区,1,50f7d14622dd45b973210ba1
2774,南京永业花卉大道安置房,118.645014,32.078167,南京市浦口区浦口大道,江苏省,南京市,浦口区,1,0b6aa50d271eceefab059dad
2775,南京工业大学学生公寓南苑-4幢,118.646867,32.079323,江苏省南京市浦口区南京工业大学学生公寓南苑4幢,江苏省,南京市,浦口区,1,02bebeb02e199b1a2bd7ab0d
2776,南京工业大学学生公寓南苑-3幢,118.646885,32.07907,南京市浦口区浦珠南路30号,江苏省,南京市,浦口区,1,ede7c73d1359610236b06c3d
2777,金盛田铂宫,118.64189,32.072331,南京市浦口区龙华路26号,江苏省,南京市,浦口区,1,2081ab9be35b1592d13ce3ca
2778,九二小区1-4号,118.63997,32.076175,南京市浦口区白马路银城颐居悦见山,江苏省,南京市,浦口区,1,eb6a32c2c02a2b5bec74f896
2779,国信阅景龙华,118.643521,32.079486,南京市浦口区浦口大道,江苏省,南京市,浦口区,1,5c2dc21d7d0178796fc02cfb
2780,康华新村,118.649454,32.071604,南京市浦口区康华路19号,江苏省,南京市,浦口区,1,cd9d05dd23bbd6b685420efc
2781,怡斋,118.647022,32.080027,江苏省南京市浦口区浦珠南路30号,江苏省,南京市,浦口区,1,0b22e7178d4c024682a00c02
2782,雍雅园,118.643049,32.070014,珠江镇珠江路1号,江苏省,南京市,浦口区,1,69fcd6dff625d32fca2915fc
2783,南京工业大学(江浦校区)-如斋,118.649195,32.079637,江苏省南京市浦口区南京工业大学,江苏省,南京市,浦口区,1,3ad074109fc9a8e0ae31e52d
2784,南京工业大学江浦校区-明斋,118.649273,32.079682,南京市浦口区浦珠南路30号南京工业大学江浦校区,江苏省,南京市,浦口区,1,a8ac65f5fd59ff825d17c316
2785,航运综合楼,118.643041,32.071032,南京市浦口区龙华路21号,江苏省,南京市,浦口区,1,540bebd332f922b5ae080f03
2786,金盛田大厦,118.646785,32.074653,南京市浦口区龙华路8号,江苏省,南京市,浦口区,1,49a02a7a4f0885402b201afc
2787,金水岸花园(河滨路)-南门,118.63599,32.063429,江苏省南京市浦口区金水岸花园(南京市浦口区政府东南),江苏省,南京市,浦口区,1,3e1ca862ee7629eda11de9ea
2788,康华家园,118.652534,32.072518,南京市浦口区康华路33号,江苏省,南京市,浦口区,1,4bf164c5c10e799bb35c6adb
2789,明发新城金融大厦-A栋,118.655729,32.070505,江苏省南京市浦口区明发新城金融大厦A栋(光明路北),江苏省,南京市,浦口区,1,c8e327c1d5b9bae98d7727c2
2790,新城总部大厦-A座,118.653614,32.071741,南京市浦口区浦口大道1号新城总部大厦A座,江苏省,南京市,浦口区,1,0e16938c8887910ba7c75662
2791,新城总部大厦-B座,118.653885,32.071466,江苏省南京市浦口区浦口大道1号,江苏省,南京市,浦口区,1,a9e60345f4f884c04e5547cd
2792,新城总部大厦,118.654069,32.071792,江苏省南京市浦口区浦口大道13号,江苏省,南京市,浦口区,1,211a729837b99584b320a8cb
2793,明发新城中心,118.656937,32.069861,江苏省南京市浦口区浦口大道11号,江苏省,南京市,浦口区,1,ec965c9e09a033f64354d7ba
2794,紫晶唐,118.652622,32.079872,江苏省南京市浦口区江浦街道浦珠南路26号,江苏省,南京市,浦口区,1,8d9b94a79ae5c1854207c122
2795,东方万汇城,118.663246,32.070376,江苏省南京市浦口区浦口大道8号,江苏省,南京市,浦口区,1,3a5acdf478d0a606d12dd68c
2796,东方万汇城-北区,118.663476,32.071024,江苏省南京市浦口区浦口大道8号,江苏省,南京市,浦口区,1,ec2b9bab1132aa6ddb13181e
2797,福中·智慧城,118.674501,32.076144,江苏省南京市浦口区望江路1号17区,江苏省,南京市,浦口区,1,0bd8c7537447cfccfa42b239
2798,正荣润锦城,118.679099,32.076819,南京市浦口区望江路2号,江苏省,南京市,浦口区,1,50f9705e8d7284a633169b3f
2799,上河苑,118.740428,32.072946,南京市鼓楼区郑和南路88号,江苏省,南京市,鼓楼区,1,368ef2c79dc5c27828d7ab23
2800,民佳园,118.739981,32.079351,三汊河大街107号,江苏省,南京市,鼓楼区,1,9fbfeef22335dc45ece4a587
2801,恒盛金陵湾-北区,118.739641,32.074596,南京市鼓楼区郑和南路8号,江苏省,南京市,鼓楼区,1,00573fc0d19457bb49cc4a88
2802,迎江园小区,118.74011,32.077569,南京市鼓楼区渡江路10号,江苏省,南京市,鼓楼区,1,d82d669771ce65a6d418b787
2803,恒盛金陵湾-南区,118.738293,32.071559,南京市鼓楼区扬子江大道、定淮门大街交叉口,江苏省,南京市,鼓楼区,1,a2e5d756fb83048ff7eafc8d
2804,定淮门大街32号小区,118.740093,32.070746,南京市鼓楼区定淮门大街32号,江苏省,南京市,鼓楼区,1,bc4e97b8a126c945a20464f1
2805,清江西苑,118.746081,32.073469,江苏省南京市鼓楼区江东北路418号,江苏省,南京市,鼓楼区,1,07f3c8b537f2a3636340a987
2806,新和园,118.743624,32.072997,鼓楼区三叉河新河一村15号,江苏省,南京市,鼓楼区,1,75d0881a2af9ed4d3b04b187
2807,新河一村小区-北区,118.742449,32.075279,新河一村4号,江苏省,南京市,鼓楼区,1,302809c5e957e6a036b06cd9
2808,新河一村小区-北4门,118.742293,32.075908,南京市鼓楼区郑和南路新河一村新东南商务公寓西北,江苏省,南京市,鼓楼区,1,1d187e34979d158417b54bb0
2809,百合果园,118.743305,32.076255,南京市鼓楼区江东北路421号,江苏省,南京市,鼓楼区,1,db1f39d4d09f836ff4c59c87
2810,新和园,118.743624,32.072997,鼓楼区三叉河新河一村15号,江苏省,南京市,鼓楼区,1,75d0881a2af9ed4d3b04b187
2811,清江花苑-明月园,118.749412,32.073589,江苏省南京市鼓楼区定淮门大街2号,江苏省,南京市,鼓楼区,1,316debe194ccb5c180a00c7f
2812,江苏省物资大厦住户楼,118.746152,32.071284,南京市鼓楼区热河南路街道定淮门大街12号,江苏省,南京市,鼓楼区,1,95ace93889c556c87069d3b6
2813,金陵湾,118.739571,32.074772,南京市鼓楼区郑和南路8号,江苏省,南京市,鼓楼区,1,0093c99ba283873bb9df8fbc
2814,逸沁园,118.74783,32.071751,南京市鼓楼区定淮门大街6号,江苏省,南京市,鼓楼区,1,669775d08b04c55bfc0eb087
2815,清江花苑,118.74951,32.072878,江苏省南京市鼓楼区定淮门大街2号,江苏省,南京市,鼓楼区,1,af8055f590ee55502b201a02
2816,新河一村小区-8号,118.742817,32.073634,江苏省南京市鼓楼区新河一村小区8号,江苏省,南京市,鼓楼区,1,b5e77845a58e454028b97c9c
2817,苏宁璞邸花园,118.743273,32.071589,江苏省南京市鼓楼区郑和南路111号,江苏省,南京市,鼓楼区,1,2527be1e3e6a58cd4afc8d1a
2818,恒盛尚海湾,118.740879,32.073956,"三汊河片,定淮门大街北侧、秦淮",江苏省,南京市,鼓楼区,1,b17cfb7703f85ed8e856fa6e
2819,定淮门大街18号小区,118.743765,32.070899,南京市鼓楼区定淮门大街18号,江苏省,南京市,鼓楼区,1,212ff059090f6ae83813fd57
2820,花苑小区(定淮门大街),118.746834,32.070042,南京市鼓楼区定淮门大街15号,江苏省,南京市,鼓楼区,1,c3982c9234c8721557bfff68
2821,二板桥-835号,118.744777,32.079118,江苏省南京市鼓楼区二板桥835号,江苏省,南京市,鼓楼区,1,e04e5fc71d3ccd0703294fa5
2822,正泰大厦写字楼,118.746185,32.069804,南京市鼓楼区定淮门大街15号,江苏省,南京市,鼓楼区,1,173719302eb9c03fd518b70d
2823,二板桥-568号,118.744488,32.079639,南京市鼓楼区二板桥568号,江苏省,南京市,鼓楼区,1,76240696e7f4b1dd38e4a634
2824,热南308小区,118.745988,32.079903,南京市鼓楼区热河南路308号,江苏省,南京市,鼓楼区,1,27e875a0c50cd07fa1a9341a
2825,新河二村,118.740548,32.07226,南京市鼓楼区郑和南路126号,江苏省,南京市,鼓楼区,1,40b8139bf955eb1ba21de919
2826,正泰花苑,118.746289,32.070157,江苏省南京市鼓楼区江东街道定淮门大街15号正泰花园,江苏省,南京市,鼓楼区,1,05166d80a265228642d63efb
2827,舸舫西园,118.741737,32.070936,南京市鼓楼区定淮门大街26号,江苏省,南京市,鼓楼区,1,9eafe4651195fbdb97ec842a
2828,定淮门大街28号小区,118.74086,32.070667,南京市鼓楼区定淮门大街28号,江苏省,南京市,鼓楼区,1,b69f80d70039f197a2a93437
2829,三汊河-111号,118.740692,32.078552,江苏省南京市鼓楼区三汊河111号,江苏省,南京市,鼓楼区,1,d6c35f0e4c43688728b97cc0
2830,锋尚,118.750586,32.0791,江苏省南京市鼓楼区姜家园路299号,江苏省,南京市,鼓楼区,1,f75d65d53fd216f5220220a1
2831,华景阁,118.749526,32.07024,南京市鼓楼区龙津街7号,江苏省,南京市,鼓楼区,1,024dcc37793e485dc16c14b6
2832,正泰大厦一单元,118.746485,32.070299,南京市鼓楼区南京定淮门长江隧道正泰大厦,江苏省,南京市,鼓楼区,1,90983dc162b4ca3b45e2740c
2833,江苏林业大厦,118.742741,32.070832,南京市鼓楼区定淮门大街22号,江苏省,南京市,鼓楼区,1,93df0dc3de338b2b892fb587
2834,商会大厦黄金楼,118.747103,32.070557,南京市鼓楼区定淮门大街11号,江苏省,南京市,鼓楼区,1,925c550f4ec6d1b25b3ac8a1
2835,定淮门3号小区,118.755714,32.074968,江苏省南京市鼓楼区定淮门大街3号,江苏省,南京市,鼓楼区,1,bf1362111f66690857bfff29
2836,定淮门5至27号小区,118.754903,32.074443,定淮门7号,江苏省,南京市,鼓楼区,1,15f16c420738433181288a12
2837,定淮门5号小区,118.755079,32.074503,江苏省南京市鼓楼区定淮门5,江苏省,南京市,鼓楼区,1,aefd60ed6441a4ea5fbe861f
2838,定准门社区,118.756232,32.074326,南京市鼓楼区模范西路,江苏省,南京市,鼓楼区,1,3e078f97e6e8dbea1088244b
2839,定淮门9-11号小区,118.754671,32.07507,定淮门9-11号,江苏省,南京市,鼓楼区,1,aa953960052f81f61b94c6d0
2840,定淮门23-25号小区,118.75483,32.07569,南京市鼓楼区定淮门23-25号,江苏省,南京市,鼓楼区,1,0506481a656f64c6b23c8199
2841,定淮门-10号,118.755376,32.073677,定淮门大街10号,江苏省,南京市,鼓楼区,1,024ca9d4b56e66c6eedfca3c
2842,定淮门6号小区,118.756253,32.073799,南京市鼓楼区定淮门大街6号,江苏省,南京市,鼓楼区,1,d3e2301911ade5b932870ac5
2843,定淮门19号小区,118.75454,32.076374,江苏省南京市鼓楼区定淮门19号,江苏省,南京市,鼓楼区,1,9cbdefa5926ba744843304b6
2844,第十四研究所小区,118.757928,32.075584,江苏省南京市鼓楼区古平岗24号,江苏省,南京市,鼓楼区,1,04ec1ed598528658f62310b3
2845,定淮门二号小区,118.757653,32.074518,定淮门2号,江苏省,南京市,鼓楼区,1,92235d154e0469c3c809f08a
2846,双楼集团生活区,118.754186,32.076687,南京市鼓楼区定淮门27号3单元,江苏省,南京市,鼓楼区,1,3d84cbc8846e2f146140a91d
2847,古平岗-24号,118.757931,32.075578,南京市鼓楼区古平岗24号,江苏省,南京市,鼓楼区,1,2e7f263d6736972ccc06a4b6
2848,沁林雅苑,118.754888,32.076964,南京市鼓楼区华严岗1号,江苏省,南京市,鼓楼区,1,0a15c7ec295b9a82ed74f86f
2849,晏公庙东-8号,118.753808,32.073126,江苏省南京市鼓楼区晏公庙东8号,江苏省,南京市,鼓楼区,1,e509ca15bf59596028201a36
2850,十四所古平岗22号小区,118.757632,32.076666,江苏省南京市鼓楼区古平岗22号,江苏省,南京市,鼓楼区,1,5ffb18166075735f6e4760a3
2851,石头城-115号,118.754495,32.072523,江苏省南京市鼓楼区石头城115号,江苏省,南京市,鼓楼区,1,5a7a7171bdcfb825c7f02580
2852,古平岗37号院-1幢,118.759987,32.074676,江苏省南京市鼓楼区古平岗37号院1幢,江苏省,南京市,鼓楼区,1,4dc45af1b8bc8a22fa0cad6b
2853,十四所研究生集体宿舍,118.758691,32.075324,南京市鼓楼区古平岗定淮门2号,江苏省,南京市,鼓楼区,1,2918b2d7e89d825cda2f2847
2854,石头城-109号,118.754595,32.071989,石头城109号,江苏省,南京市,鼓楼区,1,d2adb00254264b019122e030
2855,定淮门三号小区-4幢,118.755496,32.07466,江苏省南京市鼓楼区定淮门,江苏省,南京市,鼓楼区,1,63380234cc1b809f3310af16
2856,佳盛花园,118.751885,32.07508,江苏省南京市鼓楼区晏公庙东5号,江苏省,南京市,鼓楼区,1,dbf4d6ee63ed25576fa3ccd6
2857,南京信息职业技术学院家属区,118.759326,32.074578,南京市鼓楼区古平岗37号,江苏省,南京市,鼓楼区,1,795e72805b242ff8d0ff2366
2858,古平岗-35号,118.75981,32.074952,南京市鼓楼区古平岗35号,江苏省,南京市,鼓楼区,1,c004c3b9bbd804c238e4a6dc
2859,华严岗-5号,118.753882,32.078113,江苏省南京市鼓楼区华严岗5号,江苏省,南京市,鼓楼区,1,bdbc9dff59d0a3ee1d1d116b
2860,晏公庙东-10号,118.754634,32.071493,晏公庙东10号,江苏省,南京市,鼓楼区,1,2a82f5adac1c0f61f723100b
2861,古平岗-20号院,118.759282,32.07617,江苏省南京市鼓楼区江苏城市职业学院(定淮门东校区),江苏省,南京市,鼓楼区,1,a52c216d79ce5dd32ce67bd8
2862,古平岗-27号,118.760357,32.075997,南京市鼓楼区古平岗27号楼,江苏省,南京市,鼓楼区,1,c494d28b5ec559812dfaa7fa
2863,清江花苑嘉和园,118.751124,32.072418,南京市鼓楼区定淮门大街2号,江苏省,南京市,鼓楼区,1,a0e8f9d97ca6faabc3364490
2865,石头城-114号,118.756992,32.070034,南京市鼓楼区石头城114号楼,江苏省,南京市,鼓楼区,1,0c36b9de1e8632977f29bd74
2866,模范西路社区,118.754403,32.079519,察哈尔路79号院附近,江苏省,南京市,鼓楼区,1,6db95083a4b571e4d9ecedff
2867,石头城112号楼,118.757037,32.069958,江苏省南京市鼓楼区石头城112号,江苏省,南京市,鼓楼区,1,51b6383a2821dc015fd4fee8
2868,圣淘沙·花城,118.759885,32.079595,南京市鼓楼区虎踞北路39号,江苏省,南京市,鼓楼区,1,f9fd6062570909060f0e6bc7
2869,朗晴名居,118.751157,32.070298,南京市鼓楼区龙腾街21号,江苏省,南京市,鼓楼区,1,78bd50f78879735b30870aa1
2870,丽晶国际,118.754487,32.073311,南京市鼓楼区石头城路117号,江苏省,南京市,鼓楼区,1,a6f6a152fea6ceedfd0eb0f6
2871,世纪大厦,118.754525,32.073198,宁海路街道石头城路117号,江苏省,南京市,鼓楼区,1,376f4729893a3e156849f389
2872,顺天院,118.753581,32.075754,南京市鼓楼区挹江门街道定淮门12号熊猫新兴软件园15栋,江苏省,南京市,鼓楼区,1,f397f630d35a752f52e5c507
2873,银城锦一方,118.739211,32.052025,南京市鼓楼区清凉门大街与锦江路交叉路口锦江路99号,江苏省,南京市,鼓楼区,1,4eb3b53339d00d0b43024500
2874,世界之窗软件园-1号楼,118.754308,32.075703,南京市鼓楼区定淮门12号,江苏省,南京市,鼓楼区,1,3b9ab3a080ceeb9e714b8756
2875,江苏省行政学院学员公寓,118.765416,32.074034,南京市鼓楼区水佑岗路江苏省行政学院,江苏省,南京市,鼓楼区,1,53b6396a37bed6408f1a8901
2876,童家山2号小区,118.765328,32.07625,南京市鼓楼区童家山2号,江苏省,南京市,鼓楼区,1,61085211945856a1c41b75a3
2877,水佑岗22号小区,118.766866,32.074058,南京市鼓楼区水佑岗22号,江苏省,南京市,鼓楼区,1,402795a834ed4873e81e979f
2878,水佑岗23号小区,118.76686,32.073415,江苏省南京市鼓楼区水佑岗23号,江苏省,南京市,鼓楼区,1,ee29e77167e89caa4c3a593b
2879,水佑岗20号小区,118.767767,32.074074,南京市鼓楼区水佑岗路20号,江苏省,南京市,鼓楼区,1,bc275d1017a5b66b873304b1
2880,水佐岗-44号楼,118.770875,32.075683,南京市鼓楼区水佐岗44-3号,江苏省,南京市,鼓楼区,1,8f675a710446634f6d20b9c4
2881,江苏城市职业学院分校学生公寓-1幢,118.762613,32.074155,江苏省南京市鼓楼区江苏城市职业学院分校学生公寓1幢,江苏省,南京市,鼓楼区,1,ac03b5eda2adf3ee0ab93a67
2882,水佑岗小区,118.769881,32.073291,南京市鼓楼区水佑岗路10号,江苏省,南京市,鼓楼区,1,0028eb121cb64b6c8bb9883f
2883,江苏城市职业学院学生公寓,118.760875,32.075715,南京市鼓楼区模范西路江苏城市职业学院(定淮门东校区),江苏省,南京市,鼓楼区,1,d225738cf617386d03294f94
2884,水佑岗17号小区,118.768329,32.073753,江苏省南京市鼓楼区水佑岗路,江苏省,南京市,鼓楼区,1,58be119cf3373e5196f08cde
2885,江苏城市职业学院分校学生公寓-2幢,118.762226,32.07387,南京市鼓楼区古平岗35-1号,江苏省,南京市,鼓楼区,1,6330bca790e82ba204fef5e0
2886,天津新村住宅小区,118.764543,32.071897,鼓楼区虎踞北路18号,江苏省,南京市,鼓楼区,1,091f4e886a45f2073586f4a7
2887,江苏城市职业学院学生公寓-6幢,118.761835,32.073906,南京市鼓楼区古平岗35-1号,江苏省,南京市,鼓楼区,1,ee3e52cadd1b74f188fc06a7
2888,江苏城市职业学院学生公寓-5幢,118.761835,32.073906,南京市鼓楼区古平岗35-1号,江苏省,南京市,鼓楼区,1,554d68b269a3cd9814b54b54
2889,马鞍山2号小区,118.768281,32.072719,江苏省南京市鼓楼区马鞍山2号,江苏省,南京市,鼓楼区,1,9be36b93b7a0bcd23010af68
2890,康藏路小区,118.769298,32.076516,南京市鼓楼区康藏路5号,江苏省,南京市,鼓楼区,1,ea4a3dc9aabc5f2e4f5547a3
2891,古平岗一号南院,118.762661,32.076072,南京市鼓楼区古平岗一号,江苏省,南京市,鼓楼区,1,de9a3d999309513fb726554e
2892,水佐岗-39号,118.769507,32.075439,江苏省南京市鼓楼区水佐岗39号,江苏省,南京市,鼓楼区,1,7f4b20f7c928bed50e3dda3b
2893,马鞍山-11号,118.766418,32.071608,晚市11号楼,江苏省,南京市,鼓楼区,1,16e7f7db2112173f6b49f380
2894,马鞍山-1号院,118.767711,32.071845,南京市鼓楼区马鞍山路1号,江苏省,南京市,鼓楼区,1,d9a423a8e22771f0b14c492c
2895,江苏城市职业学院学生公寓-4幢,118.760905,32.075719,江苏省南京市鼓楼区江苏城市职业学院分校学生公寓4幢,江苏省,南京市,鼓楼区,1,a849fea8d74a084758f6bee2
2896,机关宿舍,118.768058,32.071869,南京市鼓楼区宁海路街道马鞍山路2号13栋,江苏省,南京市,鼓楼区,1,dbea272edcb3e9b64e2fdf10
2897,马鞍山路小区,118.76729,32.0713,南京市鼓楼区马鞍山路10号,江苏省,南京市,鼓楼区,1,ef55e62b95dbf933d8d89121
2898,星汉城市花园,118.770054,32.074741,南京市鼓楼区水佐岗35号,江苏省,南京市,鼓楼区,1,cc788fde2c8d068a89fc06a3
2899,水佐岗-37号,118.770384,32.075298,江苏省南京市鼓楼区水佐岗37号,江苏省,南京市,鼓楼区,1,f5b9ec8e8ab902b45e17c3d8
2900,马鞍山-1号院,118.767711,32.071845,南京市鼓楼区马鞍山路1号,江苏省,南京市,鼓楼区,1,d9a423a8e22771f0b14c492c
2901,荷兰大使馆旧址,118.771365,32.07415,南京市鼓楼区老菜市8号,江苏省,南京市,鼓楼区,1,07578c5a1c6cd72822f017d4
2902,马鞍山2号院-12幢,118.768339,32.072871,江苏省南京市鼓楼区马鞍山2号院12幢,江苏省,南京市,鼓楼区,1,5d7c7b2daff321496c476068
2903,宁夏路18号住宅小区-南1门,118.770298,32.071868,江苏省南京市鼓楼区宁夏路18号,江苏省,南京市,鼓楼区,1,23ac356738ec7447b1077d04
2904,水佐岗67号小区,118.769963,32.077228,南京市鼓楼区水佐岗路67号,江苏省,南京市,鼓楼区,1,2ddda439f39965859122e003
2905,水佐岗-19号,118.77034,32.07356,江苏省南京市鼓楼区水佐岗19号,江苏省,南京市,鼓楼区,1,e70db64b0a7d9f500b5cb344
2906,古平岗十四所,118.758044,32.075507,南京市鼓楼区模范西路第十四研究所小区,江苏省,南京市,鼓楼区,1,3f01239e833886f0c4f50d20
2907,三步两桥小区,118.768953,32.078905,水佐岗77号,江苏省,南京市,鼓楼区,1,d7be2c9f348771a99e9d6872
2908,晚市5号,118.763561,32.079179,晚市5号楼,江苏省,南京市,鼓楼区,1,0db5f972550fc670028972eb
2909,晚市3号,118.76372,32.079251,晚市3号楼,江苏省,南京市,鼓楼区,1,316fae0877131d17c51e51e5
2910,晚市1号,118.7638,32.079043,晚市1号楼,江苏省,南京市,鼓楼区,1,59a3bbbf1a9811632fb90836
2911,镇江路晚市1号巷-6号院,118.764298,32.079587,南京市鼓楼区镇江路晚市1号巷6号,江苏省,南京市,鼓楼区,1,df7a8c3bc5652c7ff4e73beb
2912,水佐岗-73号院,118.769738,32.078447,南京市鼓楼区模范中路与清凉古道交叉路口往西南约50米,江苏省,南京市,鼓楼区,1,fa50b534e97b669f09b93ab0
2913,宁夏路23号小区,118.769041,32.071271,南京市鼓楼区宁夏路23号,江苏省,南京市,鼓楼区,1,5b1df557e4f2172d4bcc4a3b
2914,晚市9号,118.763371,32.079384,晚市9号楼,江苏省,南京市,鼓楼区,1,067b3cae2a098b6629201a72
2915,三步两桥-17号,118.769461,32.078441,南京市鼓楼区三步两桥17号楼,江苏省,南京市,鼓楼区,1,ee8d15b6a3232c14f60e7776
2916,晚市11号,118.763302,32.0795,晚市11号楼,江苏省,南京市,鼓楼区,1,74d8e257ff3134332811d143
2917,虎踞北路64号院,118.762142,32.078865,南京市鼓楼区虎踞北路64号,江苏省,南京市,鼓楼区,1,add7b56f530e7063f4b91654
2918,三步两桥-15号,118.769876,32.078583,南京市鼓楼区三步两桥15号楼,江苏省,南京市,鼓楼区,1,7b8b6069fdeb86568705bf91
2919,晚市14-18号30-36号院,118.762556,32.079693,南京市鼓楼区晚市14-18号、30-36号,江苏省,南京市,鼓楼区,1,e73bab6aba4ea8ee3813fd5c
2920,校门口1号小区,118.768018,32.07984,南京市鼓楼区校门口1号,江苏省,南京市,鼓楼区,1,17cc562c0129fbacb35c6aee
2921,回龙桥-15号,118.763333,32.07981,回龙桥15号楼,江苏省,南京市,鼓楼区,1,7178d5caddc5b8b90b69d910
2922,三步两桥-18号院,118.769678,32.078963,南京市鼓楼区三步两桥18号,江苏省,南京市,鼓楼区,1,a878e8e68d2df61146e27409
2923,南艺家属区,118.762295,32.07,南京市鼓楼区虎距北路15号,江苏省,南京市,鼓楼区,1,104e74b5dc5060eeb2077d50
2924,西康新村,118.770008,32.070594,南京市鼓楼区西康路41号,江苏省,南京市,鼓楼区,1,6cc20f8c95d48980f942b2b9
2925,咨询楼,118.763132,32.070984,南京市鼓楼区虎踞北路12号,江苏省,南京市,鼓楼区,1,5e29b141f6d44ee87dc8763b
2926,虎踞北路12号综合楼南楼,118.763114,32.070406,南京市鼓楼区虎踞北路12号,江苏省,南京市,鼓楼区,1,70e6b9ffd947af93018972b4
2927,江苏省行政学院-励学大厦,118.764819,32.073766,南京市鼓楼区虎踞北路50号,江苏省,南京市,鼓楼区,1,997086b23bd677b20189727b
2928,圣淘沙·花城,118.759885,32.079595,南京市鼓楼区虎踞北路39号,江苏省,南京市,鼓楼区,1,f9fd6062570909060f0e6bc7
2929,马鞍山2号院(西门),118.767172,32.073334,南京市鼓楼区水佑岗路21号附近,江苏省,南京市,鼓楼区,1,60fb346f9b1f8eb4246e9881
2930,人和街29-35号小区,118.775713,32.074776,南京市鼓楼区人和街29-35号,江苏省,南京市,鼓楼区,1,d96c9954f7bc1027f90cad70
2931,虎啸花园,118.774844,32.07572,南京市鼓楼区老菜市与四卫头交叉路口向北约50米,江苏省,南京市,鼓楼区,1,75d0881a2aa6ed4d3b04b1a0
2932,玉麒麟雅苑,118.77595,32.074278,南京市鼓楼区山西路四卫头88号,江苏省,南京市,鼓楼区,1,05dd7d5f664b9501ac080fa3
2933,老菜市7号小区,118.774468,32.074481,江苏省南京市鼓楼区老菜市7号,江苏省,南京市,鼓楼区,1,053f9adeea5982a443afe66b
2934,雅典花园,118.776915,32.075343,江苏省南京市鼓楼区人和街8号,江苏省,南京市,鼓楼区,1,d1469ee79b396262853304a3
2935,中商万豪·峰彩,118.776581,32.076007,南京市鼓楼区中山北路215-1号,江苏省,南京市,鼓楼区,1,ef970d4dfa3a2eff38e4a62f
2936,人和佳园,118.777106,32.074628,南京市鼓楼区山西路人和街11号,江苏省,南京市,鼓楼区,1,92b806d2f0bcabfe78b55ca3
2937,龙吟广场,118.776047,32.076524,南京市鼓楼区中山北路217号,江苏省,南京市,鼓楼区,1,f5e3bcae2fb917c15f17c3a3
2938,三乐电子大厦,118.777133,32.076155,南京市鼓楼区中山北路215号,江苏省,南京市,鼓楼区,1,c879fa010061a64bc909f049
2939,四卫头小区,118.776188,32.073485,南京市鼓楼区山西路四卫头62号,江苏省,南京市,鼓楼区,1,a519cac5ef75fbe7aaf0cd2a
2940,龙蟠里,118.771972,32.053473,江苏省南京市鼓楼区,江苏省,南京市,鼓楼区,0,1c8d2a1440a0a7beadee7a2f
2941,龙吟广场-6号通道办公副(入口),118.776003,32.076848,南京市鼓楼区中山北路,江苏省,南京市,鼓楼区,1,933699df24b4f3c00b69d90f
2942,三乐·八号公馆街区,118.773198,32.074957,南京市鼓楼区老菜市路8号,江苏省,南京市,鼓楼区,1,755f99e0b90bfbe59ee32169
2943,北四卫头-5号,118.774923,32.077024,南京市鼓楼区北四卫头5号楼,江苏省,南京市,鼓楼区,1,3dea48340bddfefe4207c182
2944,竹林新村,118.773022,32.075662,南京市鼓楼区山西路祁家桥2号,江苏省,南京市,鼓楼区,1,562e2b7685f9ba82d8eced94
2945,宏图大厦,118.775711,32.077213,江苏省南京市鼓楼区中山北路219号,江苏省,南京市,鼓楼区,1,dffd631c2e16c3bc39221ca3
2946,人和街4号小区,118.777979,32.075356,南京市鼓楼区人和街4号,江苏省,南京市,鼓楼区,1,f9775d620c088e3ff8dc85d0
2947,华江商务楼,118.776631,32.077476,南京市鼓楼区中山北路178号,江苏省,南京市,鼓楼区,1,3f4eef70e831b12f0869d90a
2948,北四卫头-3号,118.775059,32.077305,南京市鼓楼区北四卫头3号楼,江苏省,南京市,鼓楼区,1,3663705b84ec6210471a3252
2949,祁家桥-4号,118.77379,32.076599,祁家桥4号,江苏省,南京市,鼓楼区,1,1358a83be0c42df4cac3db86
2950,南京师范大学计算机学院学生公寓,118.773336,32.076367,南京市鼓楼区水佐岗48巷水佐岗四十八巷-6号院东侧,江苏省,南京市,鼓楼区,1,5908b0cd6d5c2d9fa0acc455
2951,兴源商务中心,118.777863,32.073531,南京市鼓楼区山西路72号,江苏省,南京市,鼓楼区,1,1cea15a9fe5125c506fef5a3
2952,北四卫头36号小区,118.7745,32.077395,南京市鼓楼区北四卫头36号,江苏省,南京市,鼓楼区,1,25f91ab3f2d4641652e5c590
2953,北四卫头-1号,118.775024,32.077486,江苏省南京市鼓楼区北四卫头1号,江苏省,南京市,鼓楼区,1,209935235778c52b9cf7798b
2954,西流湾8号小区,118.777337,32.077296,南京市鼓楼区西流湾8号,江苏省,南京市,鼓楼区,1,62507aa0561c3d8dc27da210
2955,颐和商厦,118.778048,32.074138,南京市鼓楼区山西路68号,江苏省,南京市,鼓楼区,1,fa835ce2d43c1bb6e912e4a3
2956,中电熊猫南京三乐电子信息产业集团有限公司物业经营公司,118.772282,32.076314,南京市鼓楼区水佐岗48号巷5号,江苏省,南京市,鼓楼区,1,b4b89ae1cdf0a9b1085cb3da
2957,祁家桥小区-13号楼,118.773024,32.077087,南京市鼓楼区祁家桥小区13号楼,江苏省,南京市,鼓楼区,1,45163e042a091ecc3062123d
2958,祁家桥住宅,118.77342,32.077565,南京市鼓楼区祁家桥14号,江苏省,南京市,鼓楼区,1,f08f09246fd8cdac0f0a70fd
2959,祁家桥-9号,118.773207,32.076924,江苏省南京市鼓楼区祁家桥9号,江苏省,南京市,鼓楼区,1,3e48ce4e4dd609a6b8bd635f
2960,江苏成套大厦,118.777355,32.073231,江苏省南京市鼓楼区山西路120号,江苏省,南京市,鼓楼区,1,5983b7a23799a6b2d72ce2ef
2961,金山大厦,118.778582,32.074567,南京市鼓楼区山西路8号,江苏省,南京市,鼓楼区,1,1bf85b251f7d80d9a0a934a0
2962,千秋公寓,118.772344,32.075995,水佐岗32巷26、27、28幢,江苏省,南京市,鼓楼区,1,844a750eea24d9b9636858a3
2963,建达大厦,118.77484,32.07804,南京市鼓楼区中山北路223号(近山西路),江苏省,南京市,鼓楼区,1,09185c5605edc520f01937a0
2964,和泰国际大厦,118.775725,32.072254,南京市鼓楼区山西路128号,江苏省,南京市,鼓楼区,1,41572e00a89c21b4b55f1ea3
2965,祁家桥住宅,118.77342,32.077565,南京市鼓楼区祁家桥14号,江苏省,南京市,鼓楼区,1,f08f09246fd8cdac0f0a70fd
2966,鼓楼大厦,118.776333,32.072278,江苏省南京市鼓楼区山西路124号,江苏省,南京市,鼓楼区,1,25ec69fcb19e7c7dc36c14a3
2967,祁家桥-11号,118.77259,32.07687,南京市鼓楼区祁家桥11号楼,江苏省,南京市,鼓楼区,1,2c0520083768574959bbbc87
2968,华丰大厦,118.774089,32.077787,南京市鼓楼区北四卫头8号,江苏省,南京市,鼓楼区,1,669775d08b5bc55bfc0eb0a0
2969,北四卫头,118.773883,32.077672,江苏省南京市鼓楼区北四卫头,江苏省,南京市,鼓楼区,1,89a526f8363fa4cfc056ac1b
2970,水佐岗48巷-5号院,118.772408,32.076961,南京市鼓楼区水佐岗四十八巷5号,江苏省,南京市,鼓楼区,1,50c733772c8f8d714c6d4658
2971,祁家桥-17号,118.773254,32.076984,南京市鼓楼区祁家桥17号楼,江苏省,南京市,鼓楼区,1,c7c2d52356182a06f603b8d4
2972,祁家桥-15号,118.772678,32.077164,南京市鼓楼区祁家桥15号楼,江苏省,南京市,鼓楼区,1,629f34f52a25610ddbd891cd
2973,江苏华侨大厦,118.774158,32.078119,江苏省南京市鼓楼区中山北路241号,江苏省,南京市,鼓楼区,1,c21db9e5aef97f8301ff2da3
2974,西流湾9号小区,118.777822,32.077758,江苏省南京市鼓楼区西流湾9号,江苏省,南京市,鼓楼区,1,2e751c3509ab19512fe67bb2
2975,祁家桥-19号,118.773049,32.077744,南京市鼓楼区祁家桥19-1号,江苏省,南京市,鼓楼区,1,1685c6fe738ae4cd02294fc6
2976,蜂巢长发生活馆,118.775395,32.078645,中山北路188号,江苏省,南京市,鼓楼区,1,2a7a25ec1c1f361f6c3e1bf9
2977,工贸大厦,118.777497,32.07243,南京市鼓楼区南京山西路57号,江苏省,南京市,鼓楼区,1,05b45d995211300760180957
2978,赤壁路4号小区,118.773599,32.072352,南京市鼓楼区赤壁路4号,江苏省,南京市,鼓楼区,1,a5cf5b5d47b20c8448cc4aa1
2979,银河大厦,118.779054,32.073625,南京市鼓楼区山西路1号苏宁银河国际购物广场(近湖南路),江苏省,南京市,鼓楼区,1,2a98a5b490bf8c9e0782c29f
2980,宁夏路1-7号小区,118.772857,32.072399,南京市鼓楼区宁夏路1-7号,江苏省,南京市,鼓楼区,1,21cf6be4f421baf01e1d114b
2981,苏宁银河国际购物广场,118.779211,32.073633,南京市鼓楼区山西路1号,江苏省,南京市,鼓楼区,1,72aa2513cf88de47067ce8a3
2982,西流湾-22号,118.77773,32.078267,南京市鼓楼区西流湾小区22号楼,江苏省,南京市,鼓楼区,1,9be1cba7f4cb849b96f08cd4
2983,西流湾小区,118.777613,32.078389,江苏省南京市鼓楼区西流湾23号,江苏省,南京市,鼓楼区,1,cc6f8594680f781a7369d318
2984,西流湾-24号,118.777636,32.078238,江苏省南京市鼓楼区西流湾24号,江苏省,南京市,鼓楼区,1,3d2b8e6a1be962888a36eef7
2985,西流湾小区,118.777613,32.078389,江苏省南京市鼓楼区西流湾23号,江苏省,南京市,鼓楼区,1,cc6f8594680f781a7369d318
2986,西流湾-19号,118.776717,32.07874,江苏省南京市鼓楼区西流湾19号,江苏省,南京市,鼓楼区,1,3c00c7201785dfc846e274bb
2987,赤壁路3号小区,118.773461,32.071826,南京市鼓楼区赤壁路3号,江苏省,南京市,鼓楼区,1,845905d8bf7eb86b94ec84dc
2988,电工新村社区,118.771173,32.07556,南京市鼓楼区水佐岗路44号,江苏省,南京市,鼓楼区,1,3f826ed3e57ab846d0f49ea0
2989,西流湾-26号,118.777556,32.078216,南京市鼓楼区西流湾小区26号楼,江苏省,南京市,鼓楼区,1,907e42f761b0379f233bf29d
2990,老菜市-38号,118.771118,32.074576,老菜市38号楼,江苏省,南京市,鼓楼区,1,3859e70e139b2c2bcc06a4f8
2991,北四卫头29号小区,118.773554,32.078529,南京市鼓楼区北四卫头29号,江苏省,南京市,鼓楼区,1,8d8acef18b50f812f6231028
2992,世界贸易大厦-A1座,118.776638,32.071527,山西路67号附近,江苏省,南京市,鼓楼区,1,3fd310a02e404e4afb22138e
2993,世贸中心大厦-A幢,118.776638,32.071527,南京市鼓楼区山西路67号,江苏省,南京市,鼓楼区,1,75ecea4cd73296c74c3a59ce
2994,秦盛公司员工公寓,118.772767,32.078273,水佐岗48巷5号院(南京工业大学西南),江苏省,南京市,鼓楼区,1,51682b2e25da9a3d0bf5ebe7
2995,世界贸易大厦-A2座,118.776489,32.071445,山西路67号附近,江苏省,南京市,鼓楼区,1,db2d83166880f6723a04b1a9
2996,水佐岗-44号楼,118.770875,32.075683,南京市鼓楼区水佐岗44-3号,江苏省,南京市,鼓楼区,1,8f675a710446634f6d20b9c4
2997,虹桥十一号-二村,118.775271,32.079164,江苏省南京市鼓楼区虹桥11号,江苏省,南京市,鼓楼区,1,eeca658e6b14b974f33cba97
2998,西流湾-21号,118.77706,32.078943,江苏省南京市鼓楼区西流湾21号,江苏省,南京市,鼓楼区,1,b8ef4c578dd3995cb54f5470
2999,中环国际广场-商务楼,118.779083,32.072752,南京市鼓楼区中山北路105号,江苏省,南京市,鼓楼区,1,ce781cc80296febadf1e5264
