3000,西流湾-40号,118.77752,32.078681,南京市鼓楼区西流湾小区40号楼,江苏省,南京市,鼓楼区,1,86027427c48c909c157643e8
3001,西流湾小区-38号楼,118.777421,32.078628,南京市鼓楼区西流湾小区38号楼,江苏省,南京市,鼓楼区,1,faec0bcabbec35da44e27464
3002,祁家桥-18号,118.773275,32.078622,江苏省南京市鼓楼区祁家桥18号,江苏省,南京市,鼓楼区,1,c607b0bbb5c98467c7f50d04
3003,祁家桥-41号,118.77274,32.078566,祁家桥41号楼,江苏省,南京市,鼓楼区,1,f430aba4c8162963dbeced17
3004,西流湾-42号,118.777574,32.078855,江苏省南京市鼓楼区西流湾42号,江苏省,南京市,鼓楼区,1,5589a284d776090ae8e582c4
3000,西流湾-40号,118.77752,32.078681,南京市鼓楼区西流湾小区40号楼,江苏省,南京市,鼓楼区,1,86027427c48c909c157643e8
3001,西流湾小区-38号楼,118.777421,32.078628,南京市鼓楼区西流湾小区38号楼,江苏省,南京市,鼓楼区,1,faec0bcabbec35da44e27464
3002,祁家桥-18号,118.773275,32.078622,江苏省南京市鼓楼区祁家桥18号,江苏省,南京市,鼓楼区,1,c607b0bbb5c98467c7f50d04
3003,祁家桥-41号,118.77274,32.078566,祁家桥41号楼,江苏省,南京市,鼓楼区,1,f430aba4c8162963dbeced17
3004,西流湾-42号,118.777574,32.078855,江苏省南京市鼓楼区西流湾42号,江苏省,南京市,鼓楼区,1,5589a284d776090ae8e582c4
3005,南京邮电大学宿舍,118.773621,32.078914,江苏省南京市鼓楼区湖南路街道中山北路243号,江苏省,南京市,鼓楼区,1,34cbdeed428236350e3ddaaf
3006,世贸中心大厦,118.776773,32.07128,南京市鼓楼区山西路67号,江苏省,南京市,鼓楼区,1,6770c204fe223176b817e72a
3007,水佐岗48巷3号小区,118.771017,32.076638,南京市鼓楼区水佐岗与水佐岗48号巷交汇处,江苏省,南京市,鼓楼区,1,4ea3f2f16abaf5aaafcb66a3
3008,马台街137号小区,118.778425,32.078479,南京市鼓楼区马台街137号,江苏省,南京市,鼓楼区,1,7e9a95940f42f2f1bbbd631f
3009,银通大厦,118.780068,32.074614,南京市鼓楼区中山北路124号,江苏省,南京市,鼓楼区,1,dc4064ac8f36e7229cec2b2b
3010,中环国际广场,118.77943,32.072786,中山北路105号,江苏省,南京市,鼓楼区,1,850815e17abb198243e192d7
3011,马台街125号小区,118.779085,32.078077,南京市鼓楼区马台街125号,江苏省,南京市,鼓楼区,1,965fe8df9973687ec7f50d92
3012,虹桥5号小区,118.776856,32.07936,虹桥5号,江苏省,南京市,鼓楼区,1,aaa82ee0666ca79af942b2ea
3013,虹桥7号,118.776232,32.079364,虹桥,江苏省,南京市,鼓楼区,1,816f708206a301b0b2077d6c
3014,祁家桥-43号,118.772675,32.078795,祁家桥43号楼,江苏省,南京市,鼓楼区,1,64e2d10bca9e143829fc4888
3015,水佐岗-25号,118.770429,32.074064,水佐岗25号楼,江苏省,南京市,鼓楼区,1,206df783f51c0189c9fa5fa5
3016,山西南村小区,118.777754,32.071481,南京市鼓楼区山西路57号,江苏省,南京市,鼓楼区,1,fa7da3e8d8f1bb6342d63ef6
3017,时尚空间(马台街店)-东北门,118.778793,32.078715,南京市鼓楼区马台街137-3号,江苏省,南京市,鼓楼区,1,b8b67381aa4f65569b68b4ec
3018,世贸中心大厦-B幢,118.776802,32.071139,江苏省南京市鼓楼区江苏路60号,江苏省,南京市,鼓楼区,1,8fe6c330e1a4e9a2d618b7c2
3019,水佐岗-21号,118.770557,32.073613,水佐岗21号楼,江苏省,南京市,鼓楼区,1,f3b1e8a44e5803543c9a5efd
3020,祁家桥-22号,118.773018,32.079153,江苏省南京市鼓楼区祁家桥22号,江苏省,南京市,鼓楼区,1,303cc8c0d8393da29222e0ce
3021,中山北路200-5号小区,118.776856,32.07936,虹桥5号,江苏省,南京市,鼓楼区,1,aaa82ee0666ca79af942b2ea
3022,三步两桥3号小区,118.772543,32.078989,南京市鼓楼区三步两桥3号,江苏省,南京市,鼓楼区,1,a7413486f29fdae630169b8a
3023,三步两桥七号小区,118.771382,32.078318,江苏省南京市鼓楼区宁夏路三步两桥20号-64号,江苏省,南京市,鼓楼区,1,7280bcdf1410e8b276e5b642
3024,三步两桥5号小区,118.771969,32.078816,南京市鼓楼区三步两桥5号,江苏省,南京市,鼓楼区,1,6bc4166f30db789de5e965ca
3025,水佐岗-23号,118.770451,32.073841,水佐岗23号楼,江苏省,南京市,鼓楼区,1,3d238a5f7564655772455b12
3026,三步两桥-6号,118.772939,32.079356,江苏省南京市鼓楼区三步两桥6号,江苏省,南京市,鼓楼区,1,20ae30b6fcc5ade7246e988c
3027,世贸中心大厦-C幢,118.777046,32.070735,江苏省南京市鼓楼区江苏路60号世贸中心大厦C楼,江苏省,南京市,鼓楼区,1,0f2af59a0a6021606849f3e3
3028,傅佐路小区,118.778979,32.071372,南京市鼓楼区傅佐路苏宁碧瑰园,江苏省,南京市,鼓楼区,1,bb2f5dbe976bf666ab059d10
3029,金建大厦,118.770672,32.077795,南京市鼓楼区水佐岗路64号,江苏省,南京市,鼓楼区,1,1bf85b257307e4a4a0a934a3
3030,南京工业大学虹桥校区宿舍区,118.776518,32.080097,南京市鼓楼区中山北路200-2号,江苏省,南京市,鼓楼区,1,5af1a9e2dbf6fba217b54bbd
3031,天福里-7号,118.77946,32.078949,江苏省南京市鼓楼区天福里7号,江苏省,南京市,鼓楼区,1,2ad09464007a5d561ef74db1
3032,马台街90号小区,118.778659,32.079171,南京市鼓楼区马台街90号,江苏省,南京市,鼓楼区,1,c4fff8dafe58eea032f71d1a
3033,天福园,118.780459,32.080169,江苏省南京市鼓楼区平安里68号,江苏省,南京市,鼓楼区,1,c5ddcc08d2b897c7d913188b
3034,天福园,118.780459,32.080169,江苏省南京市鼓楼区平安里68号,江苏省,南京市,鼓楼区,1,c5ddcc08d2b897c7d913188b
3035,泰顺佳园,118.778001,32.070557,南京市鼓楼区大方巷66号,江苏省,南京市,鼓楼区,1,7524cb4fed075e3405026fa3
3036,苏宁碧瑰园,118.778785,32.070928,南京市鼓楼区傅佐路5号,江苏省,南京市,鼓楼区,1,606289fd79e21f4da30464a3
3037,平安里-76号,118.780427,32.078982,南京市鼓楼区平安里61-20号,江苏省,南京市,鼓楼区,1,a98f5e5a21628bf9f6c59c74
3038,三步两桥20-64号院,118.768773,32.078726,南京市鼓楼区三步两桥20-64号,江苏省,南京市,鼓楼区,1,8baa22b567d77ce34f3a59e0
3039,宁夏路13号院,118.770536,32.071226,南京市鼓楼区宁夏路13号,江苏省,南京市,鼓楼区,1,e254bfe1bc14531e8936eeee
3040,西康路54号-2,118.771693,32.070396,江苏省南京市鼓楼区西康路54号-2,江苏省,南京市,鼓楼区,1,603dde7197acf5c242d63efa
3041,华章新苑,118.78002,32.070601,南京市鼓楼区大方巷26号,江苏省,南京市,鼓楼区,1,7bfa08fc9b9ee07f24d2bba0
3042,琅琊新村,118.770594,32.070612,南京市鼓楼区西康路41号,江苏省,南京市,鼓楼区,1,47e9c2a01444668d7ec87629
3043,模范中路小区,118.771,32.080097,江苏省南京市鼓楼区模范中路南京饭店旁,江苏省,南京市,鼓楼区,1,503dbc211a343dfe0b69d916
3044,12号办公楼,118.785596,32.075499,南京市鼓楼区湖南路14号,江苏省,南京市,鼓楼区,1,9ed463b417acc97da1d23093
3045,华阳大厦,118.784338,32.074876,江苏省南京市鼓楼区湖南路115号,江苏省,南京市,鼓楼区,1,5508504d175202cbc6f025a3
3046,广厦大楼,118.786601,32.074832,南京市鼓楼区裴家桥29号,江苏省,南京市,鼓楼区,1,2a7a25ec01bd3b636d3e1ba3
3047,裴家桥小区,118.785712,32.074215,湖南路107号,江苏省,南京市,鼓楼区,1,34059f979984bb5470455ba3
3048,金狮公寓,118.784598,32.074503,江苏省南京市鼓楼区狮子桥步行街32号,江苏省,南京市,鼓楼区,1,b0fd8b01b2d648ac0e0a7059
3049,湖南路47号大楼,118.787126,32.07492,湖南路47号,江苏省,南京市,鼓楼区,1,5ed4b0cfea63a61249fd3f54
3050,汇鸿国际商厦,118.783414,32.074977,南京市鼓楼区湖南路181号,江苏省,南京市,鼓楼区,1,fa7da3e8b95dd86243d63ea3
3051,童家巷小区,118.784726,32.077346,南京市鼓楼区童家巷40号,江苏省,南京市,鼓楼区,1,907acf9d3eb1145d220220d2
3052,天鹤文云商务大厦,118.787215,32.073557,云南北路83号,江苏省,南京市,鼓楼区,1,3dc9befdff89006bbfa24080
3053,文云小区,118.787955,32.074905,南京市鼓楼区高云岭53号,江苏省,南京市,鼓楼区,1,3d8ece61a90af54729fc48c0
3054,狮子桥-3号,118.784293,32.073231,江苏省南京市鼓楼区狮子桥3号,江苏省,南京市,鼓楼区,1,070a227cc110739f774ff1fa
3055,"高云岭45号前,后楼",118.787795,32.074173,南京市鼓楼区高云岭47-1号,江苏省,南京市,鼓楼区,1,1c8171bc04a5412fbb17e795
3056,湖北路85号综合办公楼,118.783126,32.074417,南京市鼓楼区湖北路85号,江苏省,南京市,鼓楼区,1,923ffd00071fa5b7d82f28a3
3057,童家巷小区,118.784726,32.077346,南京市鼓楼区童家巷40号,江苏省,南京市,鼓楼区,1,907acf9d3eb1145d220220d2
3058,和信商务中心,118.788537,32.075736,南京市鼓楼区湖南路6-3和信商务5楼608号,江苏省,南京市,鼓楼区,1,61f634f64af132786a49f3a3
3059,天狮百盛商厦(湖北路店),118.784357,32.072769,南京市鼓楼区湖北路64号,江苏省,南京市,鼓楼区,1,7384d2b10d0ff1ad6b49f3bf
3060,高云岭-51号,118.788229,32.074655,江苏省南京市鼓楼区高云岭51号,江苏省,南京市,鼓楼区,1,e421bba55cc6cd2a03ec0163
3061,平安里-42号,118.782864,32.076862,江苏省南京市鼓楼区平安里42号,江苏省,南京市,鼓楼区,1,519c22931778f61881a12e58
3062,微分商务中心,118.785301,32.07242,江苏省南京市鼓楼区云南北路28号,江苏省,南京市,鼓楼区,1,4a78ef5136dddbcc465726bb
3063,南泰大厦,118.786917,32.073081,南京市鼓楼区云南北路77号,江苏省,南京市,鼓楼区,1,1020060fcb1242a61994c6a3
3064,社会公益创新园,118.787058,32.073063,南京市鼓楼区云南北路79号,江苏省,南京市,鼓楼区,1,e32e6accc7a11574c9fa5fe8
3065,平安里-44号,118.782769,32.076812,南京市鼓楼区平安里44号楼,江苏省,南京市,鼓楼区,1,56b3a513062072512dfaa756
3066,平安里-46号,118.782613,32.076923,南京市鼓楼区平安里46号楼,江苏省,南京市,鼓楼区,1,b5868559033137799c09f76b
3067,狮子桥,118.784593,32.072753,南京市鼓楼区云南北路28号,江苏省,南京市,鼓楼区,1,764672e507cd6fb495ec84e2
3068,中国药科大学-女生宿舍,118.789835,32.077206,南京市鼓楼区童家巷20号-3号,江苏省,南京市,鼓楼区,1,32c4eb6c5f07e63595f08c87
3069,丁家桥小区,118.784237,32.078206,南京市鼓楼区丁家桥26号,江苏省,南京市,鼓楼区,1,008b62611a0b644831f71d33
3070,湖北路87-89小区,118.782165,32.074324,南京市鼓楼区湖北路87-89号,江苏省,南京市,鼓楼区,1,c232517894c9dcc514b54b8c
3071,平安里-1号,118.782306,32.076985,平安里1号楼,江苏省,南京市,鼓楼区,1,beaf793e3231e03b081cc7d4
3072,高云岭-56号,118.789068,32.074513,江苏省南京市鼓楼区高云岭56号,江苏省,南京市,鼓楼区,1,135aad096814310040024516
3073,中国药科大学玄武门校区学生宿舍-7号楼,118.788015,32.078652,南京市鼓楼区童家巷24号中国药科大学玄武门校区,江苏省,南京市,鼓楼区,1,0caadd5bff4a264076e5b611
3074,新泉里小区,118.78403,32.072253,南京市鼓楼区湖北路21号,江苏省,南京市,鼓楼区,1,8fde79ccbf7798bf94ca07a3
3075,平安里-7号,118.781811,32.077069,南京市鼓楼区平安里7号9号11号,江苏省,南京市,鼓楼区,1,dfb14043fb8b3bbb08f5eb66
3076,平安里-9号,118.781843,32.076822,平安里9号楼,江苏省,南京市,鼓楼区,1,2a0a4f2d4b6213fdc16c14ec
3077,高云岭-50号,118.788844,32.073572,南京市鼓楼区高云岭50号楼,江苏省,南京市,鼓楼区,1,98102a3243969f9cf4231096
3078,高云岭-50号,118.788844,32.073572,南京市鼓楼区高云岭50号楼,江苏省,南京市,鼓楼区,1,98102a3243969f9cf4231096
3079,高云岭-48号,118.788947,32.073619,南京市鼓楼区高云岭48号楼,江苏省,南京市,鼓楼区,1,7184d8e0b2ea5d67223bf2e3
3080,开元大厦,118.784707,32.07191,南京市鼓楼区湖北路3号,江苏省,南京市,鼓楼区,1,b7021bf8b71e7d87f5e73ba0
3081,凤凰广场,118.789559,32.074938,鼓楼区湖南路1号,江苏省,南京市,鼓楼区,1,611e0bfb2aa0041f88b98849
3082,中国药科大学(玄武门校区)学生宿舍-4号楼,118.787684,32.078389,南京市鼓楼区童家巷24号中国药科大学(玄武门校区)学生宿舍4号楼,江苏省,南京市,鼓楼区,1,34efbe623177615ed618b7f9
3083,天星翠琅大厦,118.785879,32.072049,云南北路49号,江苏省,南京市,鼓楼区,1,31ade1ccf7da5cc44d776e81
3084,中国药科大学-女生宿舍,118.789835,32.077206,南京市鼓楼区童家巷20号-3号,江苏省,南京市,鼓楼区,1,32c4eb6c5f07e63595f08c87
3085,高云岭-46号,118.788952,32.073272,高云岭46号楼,江苏省,南京市,鼓楼区,1,e613679216fa58a1ae080ff5
3087,中共江苏省委党校,118.766657,32.075138,南京市鼓楼区水佐岗49号,江苏省,南京市,鼓楼区,1,cf8d90c6c38d1dc11f3894b3
3088,中国药科大学(玄武门校区)学生宿舍-5号楼,118.787775,32.078644,江苏省南京市鼓楼区童家巷24号中国药科大学玄武门校区,江苏省,南京市,鼓楼区,1,aa85bcd8b15db2a46f3e1b0c
3089,高云岭小区17号楼,118.788946,32.069485,南京市鼓楼区厚载巷厚载巷38号,江苏省,南京市,鼓楼区,1,509aef423cabf7c10bccddd7
3090,东南大学附属中大医院-住院部,118.782358,32.079008,丁家桥87号,江苏省,南京市,鼓楼区,1,52470d1935eb1109ab175ad5
3091,建伟大厦,118.781292,32.073688,南京市鼓楼区中山北路86号中央商场F1,江苏省,南京市,鼓楼区,1,7c5e480b5d91b8b4acb22aa3
3092,青云巷社区,118.786939,32.071802,江苏省南京市鼓楼区云南北路青云巷31号,江苏省,南京市,鼓楼区,1,ac1d0f21ca08f512bca24059
3093,中国药科大学玄武门校区学生宿舍-7号楼,118.788015,32.078652,南京市鼓楼区童家巷24号中国药科大学玄武门校区,江苏省,南京市,鼓楼区,1,0caadd5bff4a264076e5b611
3094,建伟大厦-B座,118.781153,32.073885,南京市鼓楼区中山北路88号建伟大厦,江苏省,南京市,鼓楼区,1,f59f5ebe0cd291ec223bf22d
3095,凤凰广场-A楼,118.790036,32.074579,南京市鼓楼区湖南路1号,江苏省,南京市,鼓楼区,1,dfc496b689b78ad28836ee82
3096,江苏省家具业协会,118.784273,32.071521,中山北路34号江苏中江种业大厦3楼,江苏省,南京市,鼓楼区,1,51c16ca00e158adec27da2c8
3097,童家巷大院,118.788955,32.078169,江苏省南京市鼓楼区童家巷12号,江苏省,南京市,鼓楼区,1,b8df37d851259f25a21de93f
3098,凤凰广场-C楼,118.790112,32.07522,南京市鼓楼区中央路165号凤凰广场C楼,江苏省,南京市,鼓楼区,1,9ee392b8f2f6f63fbabd63ba
3099,青云巷社区-1号3号5号小区,118.788512,32.072406,江苏省南京市鼓楼区青云巷31号青云巷小区,江苏省,南京市,鼓楼区,1,69fcd6df5bfab652cb2915a0
3100,青云巷小区,118.78695,32.071781,江苏省南京市鼓楼区云南北路青云巷31号,江苏省,南京市,鼓楼区,1,882e97e97255baee15b54bfb
3102,出版大厦,118.790315,32.075282,南京市鼓楼区中央路165号,江苏省,南京市,鼓楼区,1,0a46dc0f6b9d0e5e316212a3
3103,勤益里,118.781182,32.074368,江苏省南京市鼓楼区湖南路100号湖南路商场附近(近中山北路),江苏省,南京市,鼓楼区,1,5e514700ed95361e167643df
3104,青云巷(鼓楼),118.78695,32.071781,江苏省南京市鼓楼区云南北路青云巷31号,江苏省,南京市,鼓楼区,1,882e97e97255baee15b54bfb
3105,湖北路42号院,118.786157,32.07135,南京市鼓楼区湖北路42号,江苏省,南京市,鼓楼区,1,0dba8510d302e0b12bd7ab78
3106,金茂广场-南塔写字楼,118.789411,32.078233,江苏省南京市鼓楼区童家巷10号,江苏省,南京市,鼓楼区,1,244fa2781c493916028972ce
3107,高云岭-30号,118.789171,32.072287,南京市鼓楼区高云岭30号楼,江苏省,南京市,鼓楼区,1,69963644d64f348ff4b91658
3108,青教公寓,118.783757,32.079727,南京市鼓楼区丁家桥89号东南大学丁家桥校区内,江苏省,南京市,鼓楼区,1,f5d8f97e260ec000ca09f00d
3109,江苏议事园大厦,118.78247,32.071342,南京市鼓楼区中山北路95号,江苏省,南京市,鼓楼区,1,5b25f4468f59b1ea112935a3
3110,傅厚岗-6号,118.79148,32.071281,江苏省南京市玄武区傅厚岗6号,江苏省,南京市,玄武区,1,a390bc369d3ef1da80a00c91
3111,马家街小区,118.788518,32.07948,南京市鼓楼区马家街43巷15-4号,江苏省,南京市,鼓楼区,1,81ed3bf35cbb1c1e4e5547e8
3112,傅厚岗-28号,118.788859,32.07174,南京市鼓楼区高云岭村9号303室,江苏省,南京市,鼓楼区,1,b09dc5fa364ccf83ed74f894
3113,高云岭-5号,118.789401,32.072009,江苏省南京市鼓楼区高云岭5号,江苏省,南京市,鼓楼区,1,02313f3a6451c3d149fd3fda
3114,中山北路101大院,118.781418,32.071875,南京市鼓楼区中山北路101号,江苏省,南京市,鼓楼区,1,cf7408e8907f17af2902e120
3115,青教公寓,118.783757,32.079727,南京市鼓楼区丁家桥89号东南大学丁家桥校区内,江苏省,南京市,鼓楼区,1,f5d8f97e260ec000ca09f00d
3116,平安里-74号,118.78141,32.078833,江苏省南京市鼓楼区平安里74号,江苏省,南京市,鼓楼区,1,ed1481023ee1cdbbf02d835a
3117,平安公寓,118.781111,32.078504,南京市鼓楼区平安里70-72号,江苏省,南京市,鼓楼区,1,c1653405b6d65c79aa175aa3
3118,傅厚岗小区-31号院,118.787665,32.070704,南京市鼓楼区傅厚岗31号,江苏省,南京市,鼓楼区,1,24837af14491479d7069d33a
3119,怡景公寓,118.789508,32.079073,南京市鼓楼区中央路201号金茂广场北塔,江苏省,南京市,鼓楼区,1,d8f395693c17ac7fe812e486
3120,傅厚岗小区,118.788436,32.070797,江苏省南京市鼓楼区傅厚岗24号,江苏省,南京市,鼓楼区,1,07d37b839d5f3f5c76e5b64e
3121,傅厚岗-29号,118.788256,32.070833,南京市鼓楼区傅厚岗29号楼,江苏省,南京市,鼓楼区,1,21a15544f8f4ce2adc1e526d
3122,新联创业园软件楼,118.780837,32.078745,平安里74号,江苏省,南京市,鼓楼区,1,bfd0643f2ba005b816b54bbf
3123,华安新村,118.781933,32.070931,南京市鼓楼区大方巷4号,江苏省,南京市,鼓楼区,1,b9820870490db126dbd8911e
3124,波波魔火大厦,118.780802,32.078787,南京市鼓楼区平安里74号,江苏省,南京市,鼓楼区,1,cff2bddb1576875ac4f02579
3125,傅厚岗-26号,118.789399,32.071325,江苏省南京市鼓楼区傅厚岗26号,江苏省,南京市,鼓楼区,1,0655227094bacd06f33cba5b
3126,玄武湖金茂广场-2期,118.788984,32.079858,南京市鼓楼区马家街31号,江苏省,南京市,鼓楼区,1,c6a59dd4f79a39a24e2fdf49
3127,乾宁公寓,118.788098,32.080269,南京市鼓楼区马家街28号,江苏省,南京市,鼓楼区,1,750ec1651e44722b4d3a59a3
3128,御景华府(马家街),118.789847,32.079686,江苏省南京市鼓楼区中央路201号金茂广场北塔,江苏省,南京市,鼓楼区,1,d2a4e0918503e4357c29bd2d
3129,傅厚岗-19号,118.789083,32.070843,南京市鼓楼区傅厚岗19号楼,江苏省,南京市,鼓楼区,1,585143e858d16a9c22026274
3130,傅厚岗24号小区,118.788436,32.070797,江苏省南京市鼓楼区傅厚岗24号,江苏省,南京市,鼓楼区,1,07d37b839d5f3f5c76e5b64e
3131,南京国际广场-北塔,118.789756,32.07982,南京市鼓楼区中央路201号,江苏省,南京市,鼓楼区,1,c3b6cddcbda6b27b13293547
3132,宁乐新苑,118.780704,32.07108,南京市鼓楼区大方巷18号,江苏省,南京市,鼓楼区,1,b1c556e8aafba60cb52655a3
3133,高云岭-29号,118.788986,32.070487,江苏省南京市鼓楼区高云岭29号,江苏省,南京市,鼓楼区,1,41035cf5843bfb4f441a3203
3134,玄武门,118.790617,32.076336,地铁1号线,江苏省,南京市,鼓楼区,1,fa95183a16104a0cb54f54ec
3135,百盛国际大厦,118.790092,32.080464,南京市鼓楼区中央路233号,江苏省,南京市,鼓楼区,1,34f68ab0726f690b8f55ec34
3136,百子亭后小区,118.793538,32.07333,南京市玄武区百子亭后49号,江苏省,南京市,玄武区,1,3a0fbba8007c33419ee321ec
3137,百子亭-42号,118.792154,32.074322,江苏省南京市玄武区百子亭42号,江苏省,南京市,玄武区,1,3a9e9a47caa7bd42102935cc
3138,昆仑路,118.794417,32.072026,江苏省南京市玄武区,江苏省,南京市,玄武区,0,ae914bff85250abeb65f1e28
3139,百子亭-2号,118.793681,32.071935,江苏省南京市玄武区百子亭2号,江苏省,南京市,玄武区,1,9566b215f9751b0204026f06
3140,玄武湖公园-宿舍,118.795135,32.07137,南京市玄武区北西家大塘36-38号,江苏省,南京市,玄武区,1,a7c4a91b90f57a764107c160
3141,大树根小区,118.792491,32.078782,中央路256号,江苏省,南京市,玄武区,1,664b1ecbe52680179a005044
3142,万和尊邸,118.790955,32.073728,江苏省南京市玄武区中央路70号,江苏省,南京市,玄武区,1,519b2a8a9fe0565e59bbbc08
3143,百子亭-19号,118.791938,32.072305,江苏省南京市玄武区百子亭19号,江苏省,南京市,玄武区,1,6f6b7342e6899a914354d74a
3144,百子亭-10号,118.793146,32.071408,南京市玄武区百子亭与天山路交叉路口向西约50米,江苏省,南京市,玄武区,1,4557756dcfe879ad223bf265
3145,百新大厦,118.79288,32.071424,南京市玄武区百子亭6号,江苏省,南京市,玄武区,1,be54cde90433d85878f796ec
3146,百子亭-8号,118.792739,32.071402,江苏省南京市玄武区百子亭8号,江苏省,南京市,玄武区,1,50a5b5ff4aa9bfc33913fdc0
3147,省军招综合楼B楼,118.79446,32.069911,南京市玄武区高楼门62号,江苏省,南京市,玄武区,1,03aead0a3e26d1944bcc4a4d
3148,傅厚岗-6号,118.79148,32.071281,江苏省南京市玄武区傅厚岗6号,江苏省,南京市,玄武区,1,a390bc369d3ef1da80a00c91
3149,富昇大厦,118.791993,32.070878,玄武区福建路傅厚岗5号,江苏省,南京市,玄武区,1,be54cde9dceda05979f796ba
3150,傅厚岗小区-31号院,118.787665,32.070704,南京市鼓楼区傅厚岗31号,江苏省,南京市,鼓楼区,1,24837af14491479d7069d33a
3151,高楼门69号,118.792352,32.070572,江苏省南京市玄武区高楼门69号,江苏省,南京市,玄武区,1,c5a2fdc1440d7598aecb66eb
3152,傅厚岗-11号,118.790932,32.070713,傅厚岗11号,江苏省,南京市,玄武区,1,f9e31c94ce8f703d2afc4803
3153,傅厚岗-7号,118.79093,32.070673,傅厚岗7号,江苏省,南京市,玄武区,1,9ebc32f1209c2ae5deee8ba2
3154,仟佰间房产(西康路店),118.771042,32.064148,江苏省南京市鼓楼区西康路24号,江苏省,南京市,鼓楼区,1,20efa76673c852edbe4842bb
3155,金思维大厦-3号楼,118.820069,32.07779,南京市玄武区龙蟠路173号金思维大厦3号楼,江苏省,南京市,玄武区,1,1bb79451329bf851b320a8f0
3156,盛世华庭,118.817956,32.077289,南京市玄武区龙蟠路98号,江苏省,南京市,玄武区,1,637df60aa319bf7240afe6ec
3157,公用金卡大厦,118.818502,32.079814,江苏省南京市玄武区龙蟠路167号,江苏省,南京市,玄武区,1,c8b5cdefb42b7303130daaec
3158,金思维大厦,118.820137,32.078254,南京市玄武区龙蟠路173号;锁金村76号,江苏省,南京市,玄武区,1,43b7e889a9b16d6a58f6beec
3159,锁金村80号小区,118.818794,32.080359,江苏省南京市玄武区锁金村80号,江苏省,南京市,玄武区,1,81d6a50933daa73d6f20b9bc
3160,锁金六村,118.825418,32.075789,南京市玄武区板仓街4号,江苏省,南京市,玄武区,1,72aa2513c83ddf47077ce8ec
3161,紫鑫城,118.825655,32.07398,南京市玄武区板仓街9号,江苏省,南京市,玄武区,1,ea4a3dc97aac8f374f5547aa
3162,南京电影制片厂宿舍-8幢,118.823583,32.076644,锁金南路南京市锁金新村第一小学,江苏省,南京市,玄武区,1,0a647547b14051f0220220e1
3163,锁金村,118.821489,32.077388,锁金村,江苏省,南京市,玄武区,1,bf29b7023347158009b93a39
3164,新世界花园(板仓街),118.825354,32.072807,南京市玄武区板仓街3号,江苏省,南京市,玄武区,1,161a0ed2c4e12b505cd4feec
3165,锁金村-68号院,118.823149,32.077212,锁金村街道68号,江苏省,南京市,玄武区,1,2a4cc6fea1d7eee7a0d23026
3166,锁金村5号小区,118.822495,32.074845,南京市玄武区锁金村5号,江苏省,南京市,玄武区,1,4cceb3c3535f1d0bc26c14f0
3167,新世界花园(板仓街),118.825354,32.072807,南京市玄武区板仓街3号,江苏省,南京市,玄武区,1,161a0ed2c4e12b505cd4feec
3168,板仓街49号小区,118.828781,32.075952,南京市玄武区板仓街49号,江苏省,南京市,玄武区,1,64773f8b6a3cd2e74151c04c
3169,锁金村-4号小区,118.822494,32.073915,南京市玄武区龙蟠路187-2号,江苏省,南京市,玄武区,1,fff3a6693111e3aefd0eb02e
3170,无庶,118.821576,32.075805,锁金村9号,江苏省,南京市,玄武区,1,ea0ba7235304d4ec16764337
3171,锁二社区(锁金南路),118.822023,32.077298,南京市玄武区锁金南路锁金一村,江苏省,南京市,玄武区,1,d7fbafe58730d4fd52e5c592
3172,锁金村4-1号院,118.821598,32.074025,江苏省南京市玄武区锁金村4-1号,江苏省,南京市,玄武区,1,330900ff29d53c1edf1e5202
3173,锁金一村,118.821509,32.077386,江苏省南京市玄武区龙蟠路177号-28号,江苏省,南京市,玄武区,1,00f1c7fb46cd5e62c056ac6c
3174,锁一社区,118.825667,32.07624,江苏省南京市玄武区玄武湖锁金中路与锁金南路交叉口西南100米,江苏省,南京市,玄武区,1,182ca6fde39c58bd49fc8d4e
3175,板仓街57号,118.829625,32.076994,南京市玄武区板仓街55号附近,江苏省,南京市,玄武区,1,2124040009633d232911d160
3176,东南大学公寓,118.821824,32.078766,江苏省南京市玄武区锁金南路8号141室,江苏省,南京市,玄武区,1,4ff96dabb0a34fbcb35c6a91
3177,南师大板仓校园学生公寓-1幢,118.829029,32.078294,江苏省南京市玄武区南京师范大学紫金校区学生公寓1幢,江苏省,南京市,玄武区,1,d00f60ca231d443aa8175a99
3178,南师大板仓校园学生公寓-2幢,118.82886,32.078604,江苏省南京市玄武区板仓街78号南京师范大学紫金校区,江苏省,南京市,玄武区,1,52b63d5eaacd73f81811d503
3179,锁金四村,118.823144,32.079423,南京市玄武区锁金中路,江苏省,南京市,玄武区,1,dfc496b6cc5ec9af8936eeec
3180,南京大学公寓,118.821824,32.078766,江苏省南京市玄武区锁金南路8号141室,江苏省,南京市,玄武区,1,4ff96dabb0a34fbcb35c6a91
3181,女生公寓,118.829062,32.078767,南京市玄武区板仓街78号,江苏省,南京市,玄武区,1,2addffb7e6be6a8945e274d8
3182,南京师范大学紫金校区26幢学生公寓,118.829293,32.078582,江苏省南京市玄武区锁金村街道板仓街78号南京师范大学紫金校区,江苏省,南京市,玄武区,1,169b3e12955014e652e5c59f
3183,南京师范大学(紫金校区)学生公寓-27幢,118.82925,32.07802,南京市玄武区板仓街78号南京师范大学紫金校区,江苏省,南京市,玄武区,1,b092f2db9e8ba4b09d9d6896
3184,南京师范大学紫金校区教工宿舍,118.827371,32.079919,南京市玄武区锁金村街道板仓街78号,江苏省,南京市,玄武区,1,cca3e1df0553933131870a6e
3185,岗子村63号,118.824487,32.070144,南京市玄武区北安门街与新影巷交叉路口往东南约150米,江苏省,南京市,玄武区,1,08db7e2ad702f28fca1b9522
3186,板仓校园教工宿舍-6幢,118.828052,32.079772,南京市玄武区板仓街78号南京师范大学紫金校区,江苏省,南京市,玄武区,1,5aaf7a3775fab121d2f49ef0
3187,锁金二村,118.821054,32.07902,锁金北路锁金二村,江苏省,南京市,玄武区,1,6deee3085773761728fc48a0
3188,板仓校园教工宿舍-2幢,118.828687,32.079505,南京市玄武区板仓街南京师范大学(紫金校区),江苏省,南京市,玄武区,1,149ab0113e51172c7069d382
3189,钟麓花园,118.830474,32.079753,江苏省南京市玄武区板仓街100号,江苏省,南京市,玄武区,1,e96b4420acb29e5982288aec
3190,蔬科大厦,118.821802,32.073724,南京市玄武区龙蟠路189号,江苏省,南京市,玄武区,1,ffd6d4035746598f17b54bef
3191,板仓街49号院-西二门,118.828392,32.076541,南京市玄武区板仓街49号,江苏省,南京市,玄武区,1,c7a0554b39b6fe6d0b69d9e7
3192,南大山公寓门卫,118.828066,32.082471,南京市玄武区园丁路南大山公寓,江苏省,南京市,玄武区,1,bc3a3fbcd8c48582354aaedb
3193,南京邮电大学(锁金校区)-西门,118.82011,32.076426,南京市玄武区龙蟠路177号,江苏省,南京市,玄武区,1,3abbec525520956326e0a070
3194,金陵石油化工公司科技开发公司大楼,118.822892,32.077819,锁金四村6号,江苏省,南京市,玄武区,1,10b8a6381783338a373a7100
3195,板仓街109号小区,118.831367,32.076965,南京市玄武区板仓街板仓街49号小区东北侧约160米,江苏省,南京市,玄武区,1,57140fa81f090e83f942b293
3196,观山阁,118.831302,32.079557,南京市玄武区板仓街102-2号,江苏省,南京市,玄武区,1,89d290c106c5206031870aef
3198,欧异大楼,118.897902,32.075241,南京市栖霞区黄马路6号,江苏省,南京市,栖霞区,1,445f82db85507b33374aae49
3199,钟山高尔夫别墅B片区,118.893393,32.070857,南京市栖霞区环陵路9号,江苏省,南京市,栖霞区,1,d0c79360c3288ec603ff2db5
3200,科技创业园商务楼,118.903935,32.077725,南京市栖霞区青马路2号,江苏省,南京市,栖霞区,1,8e0e4e235a2d500209b93a18
3201,正祺公寓,118.905573,32.071592,南京市栖霞区金马路2-8号,江苏省,南京市,栖霞区,1,3d7407117499ba62f50e7710
3202,马群321人才大厦,118.903645,32.076275,江苏省南京市栖霞区仙林大道18号,江苏省,南京市,栖霞区,1,28a4d355ae1491292b3a9fa5
3203,钟山晶典苑,118.917306,32.074044,江苏省南京市栖霞区金马路19号,江苏省,南京市,栖霞区,1,cc788fde60efc2f489fc06b8
3204,紫金·上林苑,118.917013,32.071728,南京市栖霞区金马路16号(公交车站),江苏省,南京市,栖霞区,1,9c9b72ce3608cf2b2cb96dfa
3205,世茂招商语山,118.913644,32.071341,马群街道金马路14号,江苏省,南京市,栖霞区,1,f42e7463ce90df79c16c1434
3206,钟山美庐,118.92094,32.072381,南京市栖霞区紫金山东麓金马路18号(沪宁高速与金马路交汇处),江苏省,南京市,栖霞区,1,821d4dd88a28248781288a62
3207,上庄190号,118.929262,32.080159,江苏省南京市江宁区上庄190号,江苏省,南京市,江宁区,1,6350c579e83e268808a8d41c
3208,上庄192号,118.929888,32.08055,江苏省南京市江宁区上庄192号,江苏省,南京市,江宁区,1,c785472393a59c31c42ba1f8
3209,上庄188号,118.929064,32.080595,江苏省南京市江宁区上庄188号,江苏省,南京市,江宁区,1,ae2936e41e2b3308c16c14c1
3210,东山下-23号,118.940174,32.07262,江苏省南京市江宁区东山下23号,江苏省,南京市,江宁区,1,1ce776f1ab12d55125d2bbd7
3211,东山下-888号,118.939988,32.075188,江苏省南京市江宁区东山下888号,江苏省,南京市,江宁区,1,bdd4b48765be13231df74d7e
3212,东山下-888号,118.939988,32.075188,江苏省南京市江宁区东山下888号,江苏省,南京市,江宁区,1,bdd4b48765be13231df74d7e
3213,东山下-888号,118.939988,32.075188,江苏省南京市江宁区东山下888号,江苏省,南京市,江宁区,1,bdd4b48765be13231df74d7e
3214,东山下-5号,118.940037,32.072285,江苏省南京市江宁区东山下5号,江苏省,南京市,江宁区,1,a91065030a60bf07e7e96541
3215,东山下-12号,118.93892,32.071862,江苏省南京市江宁区东山下12号,江苏省,南京市,江宁区,1,d9059afaeee153a6471a32d4
3216,小李家,118.931903,32.080035,南京市江宁区,江苏省,南京市,江宁区,1,d4034eb3a2b507f6c036441e
3217,马家桥-61号,118.946438,32.076938,江苏省南京市江宁区麒麟街道龙其线马家桥14号附近,江苏省,南京市,江宁区,1,df4dc0dd1f34d02e1d1d113b
3218,群盛北江豪庭,118.61839,32.06039,江苏省南京市浦口区江浦街道雨山西路89号,江苏省,南京市,浦口区,1,be185991759ee8f64354d7dd
3219,雨山美地,118.613353,32.061977,区江浦街道雨山西路95号(江浦街道环城西路西侧),江苏省,南京市,浦口区,1,bff8fa7d6fcd9bddc9213dba
3221,群盛北江豪庭-北门,118.61552,32.061334,南京市浦口区雨山西路89号,江苏省,南京市,浦口区,1,5212ec57a93b37673ce231fe
3222,群盛北江豪庭-东2门,118.619338,32.06076,南京市浦口区雨山西路89号,江苏省,南京市,浦口区,1,2abebabf6ba2ab08f4eafc72
3223,润园,118.614577,32.073124,南京市浦口区八里路(南京审计大学),江苏省,南京市,浦口区,1,a7f927d5ae1e1ed488f15d0d
3224,雨山美地-东门,118.615735,32.062584,南京市浦口区雨山西路95号附近,江苏省,南京市,浦口区,1,a1b2e0875bec8d85b04c4916
3226,文昌苑(文昌路),118.630109,32.063539,文昌路17-18号附近,江苏省,南京市,浦口区,1,21323af6fc5f8998b7147f56
3227,雨山新村,118.626994,32.062821,江苏省南京市浦口区文昌路38号,江苏省,南京市,浦口区,1,a74481d6a9ed9746f503b8fd
3228,北门新村小区-6栋,118.629153,32.063896,江苏省南京市浦口区北门新村小区6栋,江苏省,南京市,浦口区,1,6093833163c183e2e5e96511
3229,中圣街小区,118.632728,32.060754,南京市浦口区中圣街21号,江苏省,南京市,浦口区,1,cc98201b2eec970c81288a9f
3230,红叶小区,118.629849,32.063451,南京市浦口区江浦街道文昌路29号(公交车站),江苏省,南京市,浦口区,1,6ffb566f74d4595626e0a0c4
3231,南江新寓,118.627787,32.063915,南京市浦口区江浦街道中圣北街3号,江苏省,南京市,浦口区,1,08fc93df052734919b68b4fd
3232,花园,118.628905,32.055969,江苏省南京市浦口区张墩路,江苏省,南京市,浦口区,1,34e48508f60e04e2d8d891f1
3233,南江新寓北区-北门,118.626758,32.065419,江苏省南京市浦口区江浦街道中圣北街3号,江苏省,南京市,浦口区,1,11f756b90c2084850c0a7089
3234,雨山新村-北门,118.626596,32.063438,南京市浦口区文昌路38-44号附近,江苏省,南京市,浦口区,1,5894738988c9212fb64f5455
3235,江城人家-南门,118.630509,32.069649,江苏省南京市浦口区城运路江城人家南门(象山花园旁),江苏省,南京市,浦口区,1,039c55704db2e21280288a6e
3236,金水岸花园(河滨路),118.636121,32.064039,南京市浦口区文德路5号,江苏省,南京市,浦口区,1,64d23109540d3a1a95ca077a
3237,二条巷小区-6栋,118.633714,32.064129,江苏省南京市浦口区二条巷6栋,江苏省,南京市,浦口区,1,e964cb4d2fca0608c42ba1e0
3238,文德巷1号,118.63429,32.063209,南京市浦口区文德巷1号,江苏省,南京市,浦口区,1,84a2f887c43755fe9403196f
3239,怡园巷50号-2幢,118.635785,32.062954,江苏省南京市浦口区怡园巷50号2幢(南京市浦口区政府东南),江苏省,南京市,浦口区,1,fb73b3373f6f10694051c080
3240,浦口公安局宿舍,118.63266,32.066153,南京市浦口区文昌路文昌路小区,江苏省,南京市,浦口区,1,93f7f234c48044f8e856fa33
3241,鼎业国际花园-二期,118.637355,32.067734,南京市浦口区江浦街道文德东路24号,江苏省,南京市,浦口区,1,5e677bf1c3f022d275e5b6b7
3242,烈士塔社区,118.62768,32.06603,二条巷与文昌路交叉口北50米,江苏省,南京市,浦口区,1,d0bfa0a5c4b4d0f21b11d5e3
3243,城市花园,118.637458,32.061848,江苏省南京市浦口区河滨路55号,江苏省,南京市,浦口区,1,9ee7cc7835e4f00d17c905a1
3244,天凤国际,118.634473,32.061452,江苏省南京市浦口区凤凰台路1号,江苏省,南京市,浦口区,1,c43c89f9a2b9dc49afee7af5
3245,鑫海新寓,118.634146,32.068484,南京市浦口区文昌路2号,江苏省,南京市,浦口区,1,10ca5dfe89c831b7c62ba171
3246,环岛公寓,118.636083,32.068757,南京市浦口区公园北路19号,江苏省,南京市,浦口区,1,78bd50f78ba2725b31870afc
3247,凤凰花园,118.631285,32.066484,南京市浦口区江浦街道文昌路10号,江苏省,南京市,浦口区,1,aa49ad7a1576f704fb221346
3248,东门新村,118.639899,32.066055,南京市浦口区同心路3号,江苏省,南京市,浦口区,1,5aa9b124fb8eb474d5b74e14
3249,凡星新寓,118.630794,32.064154,南京市浦口区中圣街8号,江苏省,南京市,浦口区,1,741282d11cafa8fe2de67b47
3250,公教村,118.632559,32.068705,南京市浦口区公园北路22号,江苏省,南京市,浦口区,1,c1717ae8a44b49cad1f49e8d
3251,恒信·缔景名苑,118.638798,32.062026,南京市浦口区珠泉路10号,江苏省,南京市,浦口区,1,8fde79ccbed299bf95ca07fc
3252,鼎业国际花园-一期,118.639906,32.068133,江苏省南京市浦口区文德东路17号,江苏省,南京市,浦口区,1,fcf3abb7c8895b0a21f0175e
3253,海都嘉园,118.642749,32.076397,浦口珠江镇龙华路12号,江苏省,南京市,浦口区,1,50f7d146c70320c472210bfc
3254,供电局小区,118.633757,32.060083,南京市浦口区中圣南街80号,江苏省,南京市,浦口区,1,9c459f62695929d9fca778b5
3255,象山花园,118.632309,32.069678,南京市浦口区公园北路26号,江苏省,南京市,浦口区,1,91c13f935232e6fa21f017fc
3256,南京市浦口区市场监督管理局江浦分局-西门,118.639222,32.068212,江苏省南京市浦口区文德东路17鼎业国际花园-一期,江苏省,南京市,浦口区,1,3b437502df0bef339e95de69
3257,浦口文化大楼,118.633624,32.062506,南京市浦口区凤凰大街3-2号,江苏省,南京市,浦口区,1,c5ddcc082544c6c6d81318fc
3258,烟草大厦,118.631192,32.065617,南京市浦口区凤凰大街18号,江苏省,南京市,浦口区,1,43b7e889a9a06d6a58f6befd
3259,鼎业国际花园-三期,118.637634,32.06422,南京市浦口区河滨路41号,江苏省,南京市,浦口区,1,88dbb43e806aabe672455b1b
3260,鼎峰文化大厦,118.631785,32.064903,南京市浦口区凤凰大街10-1号,江苏省,南京市,浦口区,1,db872bfc4ecae846b0077d9a
3261,劳动大厦,118.64423,32.069341,江浦街道珠江路5号,江苏省,南京市,浦口区,1,cc0849a0419ec950940319fc
3262,珠泉花园,118.6422,32.065325,南京市浦口区同心路1号,江苏省,南京市,浦口区,1,0adce3e2a316db1d80a00c11
3263,盛景华庭-北苑,118.646421,32.062062,南京市浦口区新浦路126号,江苏省,南京市,浦口区,1,becb8f0c3b8c85f21de999bb
3264,鼎业花苑,118.641483,32.060604,江苏省南京市浦口区珠泉路15号,江苏省,南京市,浦口区,1,1de862bb7af2afaf9b68b471
3265,环宇家园,118.642668,32.068105,南京市浦口区珠江路18号,江苏省,南京市,浦口区,1,3a0a78bd0b133dfa631809fc
3266,浦珠花园,118.643311,32.064303,江苏省南京市浦口区珠泉路1栋-9号,江苏省,南京市,浦口区,1,37d60a46bfebe6601e1d11fc
3267,盛景华庭-南苑,118.649247,32.060935,南京市浦口区新浦路127号,江苏省,南京市,浦口区,1,215b9252127b8aeca6da39d3
3268,康盛路,118.649374,32.059106,江苏省南京市浦口区,江苏省,南京市,浦口区,0,d943b276e7bc47605af6beff
3269,越宁地产大厦,118.642278,32.062539,南京市浦口区珠泉路11号,江苏省,南京市,浦口区,1,ce12a71ca8c453d78bdb732d
3270,盛景华庭,118.648927,32.061084,南京市浦口区新浦路127号,江苏省,南京市,浦口区,1,d0c0ce4d9217eda42cb908bb
3271,同心佳园,118.647079,32.065013,南京市浦口区新浦路122号,江苏省,南京市,浦口区,1,33a5d3b19eba4d062efaa7c8
3272,浦珠花园-北区,118.644004,32.065624,南京市浦口区珠泉路浦珠花园,江苏省,南京市,浦口区,1,7ff951a60c2afe1342d63e8a
3273,东门小区,118.639899,32.066055,南京市浦口区同心路3号,江苏省,南京市,浦口区,1,5aa9b124fb8eb474d5b74e14
3274,珠泉小区,118.6422,32.065325,南京市浦口区同心路1号,江苏省,南京市,浦口区,1,0adce3e2a316db1d80a00c11
3275,圣源居小区,118.642557,32.06204,南京市浦口区珠泉路9号,江苏省,南京市,浦口区,1,3f9337d66ea230b3f72310fc
3276,帝景名苑,118.638798,32.062026,南京市浦口区珠泉路10号,江苏省,南京市,浦口区,1,8fde79ccbed299bf95ca07fc
3277,浦珠花园-西北1门,118.642383,32.063851,南京市浦口区珠泉路3号,江苏省,南京市,浦口区,1,4b8282c996ebbbce843304cb
3278,力标集团,118.61927,32.060625,南京市浦口区雨山西路群盛北江豪庭,江苏省,南京市,浦口区,1,c6ad317ecd120e758a36ee0d
3279,城南新村,118.651471,32.06339,新浦路125号,江苏省,南京市,浦口区,1,90bae60b37b75f388bf15d9a
3280,中国铁建江佑铂庭,118.655091,32.068385,南京市浦口区新浦路105号,江苏省,南京市,浦口区,1,d3818375950cea1f3586f402
3281,明发新城金融大厦-A栋,118.655729,32.070505,江苏省南京市浦口区明发新城金融大厦A栋(光明路北),江苏省,南京市,浦口区,1,c8e327c1d5b9bae98d7727c2
3282,中建国·熙·台,118.653626,32.065947,江苏省南京市浦口区新浦路111号,江苏省,南京市,浦口区,1,b58d17496da720f240afe6e6
3283,城南新村-北2门,118.651498,32.065128,南京市浦口区江浦街道珠泉东路浦珠花园3162栋南京宁珠传媒广告有限公司附近,江苏省,南京市,浦口区,1,0dfc824ec2a3ee2f95ca073a
3284,明发财富中心,118.665952,32.069139,江苏省南京市浦口区浦口大道6号,江苏省,南京市,浦口区,1,1989b0439e1e9176f7eafc0f
3285,东方·万汇城南区2期,118.662604,32.067417,南京市浦口区万汇城地铁站3号口西南200米,江苏省,南京市,浦口区,1,cf479591b90d8b99c909f025
3286,万汇城-南区,118.661666,32.067347,南京市浦口区浦口大道(万汇城地铁站南侧),江苏省,南京市,浦口区,1,ca5c6f8e5aab63563a13fdad
3287,雅居乐滨江国际,118.676864,32.069751,浦口区天浦路96号,江苏省,南京市,浦口区,1,2b7c7f3ce5e0b2a0a1d23000
3288,正荣·润江城,118.680374,32.064957,江苏省南京市浦口区镇南河路99号,江苏省,南京市,浦口区,1,efc0aa26bf557154081cc789
3289,浦口区雅居乐滨江国际,118.676864,32.069751,浦口区天浦路96号,江苏省,南京市,浦口区,1,2b7c7f3ce5e0b2a0a1d23000
3290,雅居乐·滨江国际西区,118.675878,32.07045,南京市浦口区天浦路96号,江苏省,南京市,浦口区,1,521179daab0899cc5dd4fe0c
3291,正荣·润江城1期,118.680128,32.065226,南京市浦口区天浦路正荣润江城,江苏省,南京市,浦口区,1,cdf0cb8ea34a1e7746e274a7
3292,正荣润江城,118.680374,32.064957,江苏省南京市浦口区镇南河路99号,江苏省,南京市,浦口区,1,efc0aa26bf557154081cc789
3293,甲壳虫公寓(龙江店),118.737957,32.062872,南京市鼓楼区草场门大街147号,江苏省,南京市,鼓楼区,1,577927f9c77f16804002454e
3294,银城·宝船听涛,118.739063,32.064539,南京市鼓楼区草场门大街288号,江苏省,南京市,鼓楼区,1,59fc435afc12818008f5eb92
3295,江苏教育报刊总社A楼,118.739294,32.063034,南京市鼓楼区草场门大街133号,江苏省,南京市,鼓楼区,1,69fcd6dfa885252dca29155f
3296,华保新寓,118.73772,32.062029,南京市鼓楼区草场门大街147号,江苏省,南京市,鼓楼区,1,d1469ee71603e56384330464
3297,高教新村,118.740205,32.062849,南京市鼓楼区草场门大街137号,江苏省,南京市,鼓楼区,1,53349ee3a387eb6e230262a1
3298,金湾花园(中保街),118.740057,32.061841,南京市鼓楼区中保街1号,江苏省,南京市,鼓楼区,1,1eeed54600c73ff2b4147fa1
3299,江滨新寓,118.737533,32.059876,南京市鼓楼区银城街,江苏省,南京市,鼓楼区,1,08f1f1f58afa11ca89db73a1
3300,海德卫城,118.739544,32.068738,江苏省南京市鼓楼区定淮门大街99号(南邻宝船公园),江苏省,南京市,鼓楼区,1,d5464cf89971a557fca778a1
3301,江景园(银城街),118.739026,32.060244,江苏省南京市鼓楼区草场门大街147号,江苏省,南京市,鼓楼区,1,803708f1b0ca2779008972a1
3302,辰龙新境界商业,118.740412,32.060118,南京市鼓楼区锦江路82号,江苏省,南京市,鼓楼区,1,59b25ad1159b67a21d5800c8
3303,辰龙雅苑,118.740115,32.060568,江苏省南京市鼓楼区沅江路62号,江苏省,南京市,鼓楼区,1,878394195fb6cfa5b05c6a41
3304,滨江公寓,118.745498,32.065147,南京市鼓楼区江东北路307号,江苏省,南京市,鼓楼区,1,935f649f3527503bb6147fbd
3305,江滨新寓,118.737533,32.059876,南京市鼓楼区银城街,江苏省,南京市,鼓楼区,1,08f1f1f58afa11ca89db73a1
3306,滨江广场,118.745361,32.064163,江东北路301号,江苏省,南京市,鼓楼区,1,ad1bb6dc7cceefe1a7c7564c
3307,农业检测中心大楼,118.744683,32.063993,江苏省南京市鼓楼区草场门大街124号,江苏省,南京市,鼓楼区,1,2e7eddcf0c104e9e3b221c60
3308,阅景龙江国际公寓,118.745595,32.06535,南京市鼓楼区江东北路311号,江苏省,南京市,鼓楼区,1,60836680b4245c9e49fd3fe7
3309,宁工新寓-二村,118.743903,32.065386,南京市鼓楼区草场门大街128号,江苏省,南京市,鼓楼区,1,91c13f9353e9e7fa20f017a1
3310,草场门大街123号大院,118.742271,32.062903,江苏省南京市鼓楼区草场门大街123号,江苏省,南京市,鼓楼区,1,947e2821d0d022c8077ce80e
3311,金盛郑和国际广场,118.744931,32.066955,江苏省南京市鼓楼区江东北路319号,江苏省,南京市,鼓楼区,1,14a07183a940835129fc4837
3312,龙江大厦(草场门大街),118.744762,32.063395,南京市鼓楼区北京西路草场门大街107号,江苏省,南京市,鼓楼区,1,eb3675036beddf0200ec0120
3313,文荟大厦,118.746948,32.063184,南京市鼓楼区草场门大街101号,江苏省,南京市,鼓楼区,1,87248d960f63b8b32906cea1
3314,力导大厦,118.748385,32.064195,江苏省南京市鼓楼区草场门大街98号,江苏省,南京市,鼓楼区,1,550fd5f9a6314a79921fc9a1
3315,新城市花园,118.748162,32.064448,南京市鼓楼区草场门大街100号,江苏省,南京市,鼓楼区,1,eb367503de0f6a6601ec01a1
3316,梁溪楼,118.742556,32.065186,南京市鼓楼区江东街道漓江路51号,江苏省,南京市,鼓楼区,1,c5576572f8ff4a4eb23c81be
3317,阳光金峰阁,118.746952,32.06252,江苏省南京市鼓楼区江东北路300号,江苏省,南京市,鼓楼区,1,b96255180839639de60738a8
3318,华泰大厦,118.742597,32.063123,南京市鼓楼区草场门大街109号,江苏省,南京市,鼓楼区,1,060f5e533b2508d7091cc7a1
3319,蟠龙综合楼B区,118.746857,32.061931,南京市鼓楼区江东北路298号,江苏省,南京市,鼓楼区,1,868caae007867c15b320a83a
3320,阳光锦绣阁,118.747016,32.061951,南京市鼓楼区江东北路298号,江苏省,南京市,鼓楼区,1,c21db9e5ae877f8301ff2da1
3321,宝苑新寓,118.741716,32.06527,南京市鼓楼区漓江路53号,江苏省,南京市,鼓楼区,1,50fb64ff1bdecf5de8f853a1
3322,中青园,118.749338,32.065305,南京市鼓楼区草场门大街96号,江苏省,南京市,鼓楼区,1,8fde79cc530cfcc294ca07a1
3323,中青园-7号,118.749457,32.065219,南京市鼓楼区龙园西路中青园,江苏省,南京市,鼓楼区,1,32e27c35a5ca5613c9213dc9
3324,中青大厦,118.749495,32.064441,南京市鼓楼区草场门大街96号,江苏省,南京市,鼓楼区,1,341c35de34165abee70738a1
3325,草场门大街123号大院,118.742271,32.062903,江苏省南京市鼓楼区草场门大街123号,江苏省,南京市,鼓楼区,1,947e2821d0d022c8077ce80e
3326,金陵御沁园(龙园北路),118.747108,32.068175,南京市鼓楼区江东北路380号,江苏省,南京市,鼓楼区,1,4cf8d24e02d4ede49df779a1
3327,金海园,118.748588,32.062135,"湛江路,龙园西路29号",江苏省,南京市,鼓楼区,1,bb1d38e4c308e54d0d0a70a1
3328,航道大厦,118.745134,32.068758,南京市鼓楼区江东北路397号,江苏省,南京市,鼓楼区,1,e56bf5e32d9152440682c2a1
3329,宁工新寓,118.741244,32.064084,鼓楼区草场门大街168号,江苏省,南京市,鼓楼区,1,c16534050878ce04ab175aec
3330,长阳花园社区,118.737317,32.05344,江苏省南京市鼓楼区清凉门大街298号,江苏省,南京市,鼓楼区,1,08a0bf7231988c97d618b715
3331,天平新村,118.743675,32.068436,南京市鼓楼区漓江路168号,江苏省,南京市,鼓楼区,1,5508504d172c02cbc6f025a1
3332,中保绿苑,118.744535,32.061233,江苏省南京市鼓楼区漓江路48号,江苏省,南京市,鼓楼区,1,35debf293d3df644a7da39a1
3333,江苏农林大厦,118.750181,32.065228,江苏省南京市鼓楼区草场门大街月光广场8号,江苏省,南京市,鼓楼区,1,3c0ea7c5f6dffd9cfaf0cba1
3334,江苏建设大厦,118.750254,32.06453,江苏省南京市鼓楼区草场门大街88号,江苏省,南京市,鼓楼区,1,08e7f16baf9c26bb4f6d46cf
3335,西苑公寓,118.742,32.062193,南京市鼓楼区中保街1号,江苏省,南京市,鼓楼区,1,881a28e7b28dfb5ef942b27c
3336,江苏教育报刊总社-B楼,118.741359,32.062994,江苏省南京市鼓楼区草场门大街133号,江苏省,南京市,鼓楼区,1,8cbe4ae6fb202720b75f1eab
3337,黄河大厦,118.74994,32.062748,江苏省南京市鼓楼区龙园西路58,江苏省,南京市,鼓楼区,1,1020060fcb6c42a61994c6a1
3338,银城广场,118.745605,32.06068,南京市鼓楼区江东北路287号,江苏省,南京市,鼓楼区,1,ff4a29a394e7c12ef2193714
3339,宝地园-12幢,118.750233,32.067274,江苏省南京市鼓楼区宝地园12幢,江苏省,南京市,鼓楼区,1,2182b1357a1e214a8c55ec8d
3340,舸舫园小区,118.744088,32.069009,南京市鼓楼区川江街102号,江苏省,南京市,鼓楼区,1,2cc3c8e8496dbad54d2fdf43
3341,江苏盐业大厦,118.746654,32.069139,南京市鼓楼区江东北路386号,江苏省,南京市,鼓楼区,1,d5f93c0e3efa835cecdfcaa1
3342,漓江雅苑,118.743339,32.060941,南京市鼓楼区漓江路42号,江苏省,南京市,鼓楼区,1,8830aa8b7a4e53470482c239
3343,鼓教新村,118.743086,32.069032,南京市鼓楼区漓江路168号,江苏省,南京市,鼓楼区,1,5ffb1816600b735f6e4760a1
3344,晶元雅居,118.747402,32.069294,南京市鼓楼区江东街道龙园西路59号(金陵名人居对面),江苏省,南京市,鼓楼区,1,eb3675033a0a0e1b01ec01a1
3345,宁西公寓,118.741111,32.06191,南京市鼓楼区中保街130号,江苏省,南京市,鼓楼区,1,e1dcb880387cf8240b1cc700
3346,闻涛公寓,118.742714,32.061076,南京市鼓楼区陈慧漓江路21-1号,江苏省,南京市,鼓楼区,1,643d54cf257ae59dbb17e786
3347,刘家湾小区,118.749918,32.06163,刘家湾2号,江苏省,南京市,鼓楼区,1,98701368a5c82fd4c4f50d74
3348,魔方城市贵族公馆,118.740612,32.061828,南京市鼓楼区中保街130号宁西公寓,江苏省,南京市,鼓楼区,1,2d69263e648bfa6878f796b3
3349,金陵名人居,118.748882,32.068738,江苏省南京市鼓楼区龙园西路120号,江苏省,南京市,鼓楼区,1,5211d219fe22d5587cc876a1
3350,芳町园,118.748532,32.060329,南京市鼓楼区龙园西路17号,江苏省,南京市,鼓楼区,1,89abe02b8e635457c7f50d9b
3351,中保华庭,118.741307,32.060837,南京市鼓楼区中保街9号,江苏省,南京市,鼓楼区,1,369d686e375fd59e42d63eb6
3352,海德卫城,118.739544,32.068738,江苏省南京市鼓楼区定淮门大街99号(南邻宝船公园),江苏省,南京市,鼓楼区,1,d5464cf89971a557fca778a1
3353,白云园小区,118.750369,32.060789,江苏省南京市鼓楼区龙飞街29号,江苏省,南京市,鼓楼区,1,3bd79ddb253bd1e80bb93a35
3354,金浦海德卫城-御景阁A座,118.740842,32.06852,江苏省南京市鼓楼区金浦海德卫城御景阁A座,江苏省,南京市,鼓楼区,1,ff94114ab1de85a4873304fd
3355,宁工新寓156,118.744593,32.065218,南京市鼓楼区草场门大街128号,江苏省,南京市,鼓楼区,1,38dcf2455b1ed0f0ab059d3a
3356,金陵御庆园,118.747198,32.067595,江苏省南京市鼓楼区江东北路380号,江苏省,南京市,鼓楼区,1,3f31122dc09fb6da6c3e1b28
3358,龙江白云园小区北片-南门,118.749933,32.060284,南京市鼓楼区龙园西路6号附近,江苏省,南京市,鼓楼区,1,391bbc65648a0ba12e47337f
3360,白云园-114号楼,118.749525,32.059659,江苏省南京市鼓楼区龙江白云园小区白云园114号楼,江苏省,南京市,鼓楼区,1,f616684bf743730d0b5cb349
3361,新城市广场(草场门大街店)-地下停车场,118.748602,32.061499,南京市鼓楼区江东北路218号,江苏省,南京市,鼓楼区,1,2d548e936f9131a9ab175a61
3362,郑和国际广场,118.745374,32.066647,南京市鼓楼区江东北路319号,江苏省,南京市,鼓楼区,1,2b49c168ae5eec0209b93ac4
3363,龙江花园城港龙园(龙园北路),118.754096,32.06675,南京市鼓楼区龙园北路80号,江苏省,南京市,鼓楼区,1,e0aaddefcc6bb6a0e5e965c7
3364,石头城公寓,118.757508,32.063333,石头城71号,江苏省,南京市,鼓楼区,1,984b1823eba97f10b8bd63f0
3365,南京大学港龙园公寓,118.754096,32.06675,南京市鼓楼区龙园北路80号,江苏省,南京市,鼓楼区,1,e0aaddefcc6bb6a0e5e965c7
3366,江苏教育学院学生公寓-2栋,118.760417,32.061863,江苏省南京市鼓楼区江苏教育学院学生公寓2栋,江苏省,南京市,鼓楼区,1,e31b5590727294e70ab93a4f
3367,月光广场,118.752318,32.06551,江苏省南京市鼓楼区龙园中路206号,江苏省,南京市,鼓楼区,1,b7021bf8d31a19faf5e73ba1
3368,腾飞园,118.752742,32.066525,南京市鼓楼区宝地园龙园中路,江苏省,南京市,鼓楼区,1,eea02fa44da3908e3517dcc8
3369,石头城84,118.757673,32.066892,石头城84号楼,江苏省,南京市,鼓楼区,1,13c6c56b72235971871541b6
3370,水木秦淮-c栋,118.756897,32.068509,南京市鼓楼区宁海路街道石头城路99号,江苏省,南京市,鼓楼区,1,d9615f96f6a225e987154103
3371,南艺大件学生宿舍,118.757887,32.067459,南京市鼓楼区石头城路88号,江苏省,南京市,鼓楼区,1,c8d1269ed0399b08c056aceb
3372,古林社区,118.75924,32.065357,南京市鼓楼区北京西路76号,江苏省,南京市,鼓楼区,1,db15b6c82f1210de76e5b612
3373,阳光广场,118.752098,32.062755,南京市鼓楼区行健路16号,江苏省,南京市,鼓楼区,1,f2047f9f664ddd2d25e0a05d
3374,江苏第二师范学院教工宿舍,118.75968,32.064347,南京市鼓楼区北京西路草场门桥79号,江苏省,南京市,鼓楼区,1,7c5ea437a598908cf5c59cc2
3375,南审教工宿舍,118.757188,32.048105,南京市鼓楼区凤凰西街152号3幢303室,江苏省,南京市,鼓楼区,1,85f024ec9501ac712d4733d5
3376,龙江小区,118.752293,32.06288,南京市鼓楼区草场门大街2号,江苏省,南京市,鼓楼区,1,5efadf4ff3941e42100daa65
3377,九九公寓,118.759469,32.062948,南京市鼓楼区北京西路99号,江苏省,南京市,鼓楼区,1,d13ab8a71dd649295e17c338
3378,碧树园-北片,118.753376,32.061548,江苏省南京市鼓楼区碧树园北片(龙树路西),江苏省,南京市,鼓楼区,1,31a66f2b17a526b3e115f934
3379,石头城社区,118.758587,32.06237,南京市鼓楼区石头城新村40号,江苏省,南京市,鼓楼区,1,ce222bb1caa35baa283a9f2a
3380,芳草园,118.754435,32.061727,江苏省南京市鼓楼区龙园东路西侧,江苏省,南京市,鼓楼区,1,26184a0d3a6048a1fbdc85a7
3381,附中宿舍楼,118.758566,32.068427,鼓楼区虎踞北路南京艺术学院附属中等艺术学校,江苏省,南京市,鼓楼区,1,23a024ff34b643f74f3a5900
3382,南京大学大学外语部学生公寓,118.757691,32.060746,南京市鼓楼区石头城68号江苏省工会职业技术学校,江苏省,南京市,鼓楼区,1,cba9ea84143e13451288248d
3383,石头城新村,118.758763,32.061033,石头城路67号,江苏省,南京市,鼓楼区,1,f2f15ffb2c57be88621c67a3
3384,裕顺雅苑-金陵名座,118.753307,32.069273,龙园西路裕顺雅苑,江苏省,南京市,鼓楼区,1,61085211942656a1c41b75a1
3385,百市西苑,118.751809,32.068672,南京市鼓楼区龙腾街21号,江苏省,南京市,鼓楼区,1,330c84834301278fafee7ad1
3386,树人斋宿舍,118.760361,32.062017,南京市鼓楼区宁海路街道北京西路77号,江苏省,南京市,鼓楼区,1,b6fd10d3cdbb3a7ff5c59c92
3387,江苏第二师范学院教工宿舍,118.75968,32.064347,南京市鼓楼区北京西路草场门桥79号,江苏省,南京市,鼓楼区,1,7c5ea437a598908cf5c59cc2
3388,裕顺雅苑,118.751976,32.069372,南京市鼓楼区龙腾街21号,江苏省,南京市,鼓楼区,1,1bf85b257379e4a4a0a934a1
3389,碧树园-南片,118.752526,32.060236,南京市鼓楼区龙园西路20号,江苏省,南京市,鼓楼区,1,53bbdf9636622bbbc61b7500
3390,白云园-36号,118.750699,32.059992,江苏省南京市鼓楼区白云园36号,江苏省,南京市,鼓楼区,1,6e3a4cfd2a456ace0a5cb346
3391,水木秦淮-c栋,118.756897,32.068509,南京市鼓楼区宁海路街道石头城路99号,江苏省,南京市,鼓楼区,1,d9615f96f6a225e987154103
3392,白云园小区57-60号,118.750562,32.060599,江苏省南京市鼓楼区龙江白云园小区白云园小区北片,江苏省,南京市,鼓楼区,1,f520cf1ca58cf5358605bfca
3393,白云园-61号,118.750549,32.06095,南京市鼓楼区龙云路白云园小区,江苏省,南京市,鼓楼区,1,69d41facc3f48a217fc87677
3394,华瑰园,118.76526,32.065168,南京市鼓楼区北京西路69-1号,江苏省,南京市,鼓楼区,1,0dc3d82d63d6986c74e5b6a0
3395,华荟商务大厦,118.765656,32.066344,江苏省南京市鼓楼区北京西路69号,江苏省,南京市,鼓楼区,1,de731ba0a16fc9d7e115f9eb
3396,金星公寓,118.763885,32.066042,南京市鼓楼区北京西路73号,江苏省,南京市,鼓楼区,1,b3aa435d6aabae0b147643a3
3397,华东饭店-员工宿舍区,118.768669,32.064906,南京市鼓楼区北京西路67号,江苏省,南京市,鼓楼区,1,7db00840bd085cf7d6b74e22
3398,西康路3号小区-3幢,118.769814,32.063822,江苏省南京市鼓楼区西康路3号小区(河海大学旁),江苏省,南京市,鼓楼区,1,e583a3e7d4426ada96f08c72
3399,江苏教育技术大厦,118.76208,32.063079,江苏省南京市鼓楼区虎踞路179号,江苏省,南京市,鼓楼区,1,0ce65c2d425c54592c4733a3
3400,江苏省化工小区,118.763609,32.068052,南京市鼓楼区虎踞北路4号,江苏省,南京市,鼓楼区,1,73f462badd89761e0bccdde9
3401,河海大学-研究生宿舍,118.763347,32.061345,西康路1号河海大学内环西线112号附近,江苏省,南京市,鼓楼区,1,c73723280b6ef9e4ab0dd86e
3402,南京艺术学院-学生公寓,118.761815,32.067626,南京市鼓楼区石头城路77号,江苏省,南京市,鼓楼区,1,5fc3395157c8c210eb56fa65
3403,河海大学-留学生公寓,118.76893,32.061961,江苏省南京市鼓楼区西康路1号,江苏省,南京市,鼓楼区,1,0c07793c3b4a9e0009ccdd06
3404,河海大学-研1舍,118.769473,32.062595,西康路1号河海大学华水路附近河海大学研1舍西康路1号,江苏省,南京市,鼓楼区,1,60dc597b42715d1d374aae5d
3405,河海大学-学生3舍,118.763554,32.060956,江苏省南京市鼓楼区西康路1号河海大学,江苏省,南京市,鼓楼区,1,7bc224ffb9eb65cd29fc48be
3406,虎踞北路10号小区,118.764021,32.069067,南京市鼓楼区虎踞北路10号,江苏省,南京市,鼓楼区,1,00f1c7fbfbfd191fc156aca0
3407,河海大学-研七舍,118.764906,32.057985,南京市鼓楼区西康路1号,江苏省,南京市,鼓楼区,1,810ff9db35ea719fbd484266
3408,河海大学-学生2舍,118.763637,32.06074,江苏省南京市鼓楼区虎踞路108号,江苏省,南京市,鼓楼区,1,8336583c6eff30e56ca3ccb9
3409,江苏第二师范学院教工宿舍-11幢,118.760812,32.062685,江苏南京市鼓楼区第二师范学院教工宿舍11幢,江苏省,南京市,鼓楼区,1,12b510245d8b1f1696f08c23
3410,河海大厦,118.770307,32.063014,南京市鼓楼区西康路1-8号,江苏省,南京市,鼓楼区,1,2e00c5dda049a41cd6851fa3
3411,南京艺术学院-46号公寓,118.761328,32.067715,南京市鼓楼区宁海路街道虎踞北路15号,江苏省,南京市,鼓楼区,1,cab87117cb8501ce29b97ce6
3412,河海大学-研东楼,118.769836,32.061984,江苏省南京市鼓楼区西康路1-2号号门,江苏省,南京市,鼓楼区,1,a5d3cb0ed6ea513a6849f32a
3413,河海大学-学生1舍,118.763744,32.060452,南京市鼓楼区西康路1号河海大学,江苏省,南京市,鼓楼区,1,f8c582aa41903187d618b75e
3414,河海大学-教职5舍,118.770375,32.062471,西康路1号河海大学仙霞路35附近,江苏省,南京市,鼓楼区,1,d126ac76a795c420d518b731
3415,省级机关接待车队商务楼,118.763004,32.069803,南京市鼓楼区虎踞北路10-2号,江苏省,南京市,鼓楼区,1,df88b81354c48ea5d8d891f5
3416,河海大学教职1舍,118.770244,32.06218,南京市鼓楼区西康路1号河海大学,江苏省,南京市,鼓楼区,1,021862c67f5aa56988f15d1c
3417,长征大厦,118.76339,32.069643,南京市鼓楼区虎踞北路10-2号,江苏省,南京市,鼓楼区,1,6e4ba9871af210352cb908ee
3418,南京艺术学院-9号宿舍楼,118.761423,32.068767,江苏省南京市鼓楼区南京艺术学院9号公寓,江苏省,南京市,鼓楼区,1,baf8dea72f85f4f3e856fabf
3419,南京艺术学院-教工之家,118.760898,32.068317,江苏省南京市鼓楼区北京西路50组团50号5单元,江苏省,南京市,鼓楼区,1,2d21c51249b9ae71ab059d66
3420,江苏第二师范学院-女生宿舍,118.760283,32.061948,南京市鼓楼区虎踞路175号-2号,江苏省,南京市,鼓楼区,1,0336115b21148a20afee7ac3
3421,场门口小区,118.7616,32.060413,南京市鼓楼区场门口14号,江苏省,南京市,鼓楼区,1,083a55fac74b3b79256e98a0
3422,南京艺术学院-46号公寓,118.761328,32.067715,南京市鼓楼区宁海路街道虎踞北路15号,江苏省,南京市,鼓楼区,1,cab87117cb8501ce29b97ce6
3423,南京市清凉山体育运动学校,118.760317,32.059199,南京市鼓楼区虎踞路97号,江苏省,南京市,鼓楼区,1,2527be1e3ed458cd4bfc8da0
3424,南京艺术学院公寓管理中心2号公寓,118.761891,32.067614,南京市鼓楼区虎踞北路南京艺术学院,江苏省,南京市,鼓楼区,1,2c930623eb2c609852e5c538
3425,九九公寓,118.759469,32.062948,南京市鼓楼区北京西路99号,江苏省,南京市,鼓楼区,1,d13ab8a71dd649295e17c338
3426,天目华庭,118.773936,32.064518,南京市鼓楼区天目路19号,江苏省,南京市,鼓楼区,1,5211d219fe5cd5587cc876a3
3427,苏州路社区,118.773696,32.064818,江苏省南京市鼓楼区玉泉路9号,江苏省,南京市,鼓楼区,1,8fd187076e801dc0734b87a7
3428,宁海大厦,118.777223,32.065884,南京市鼓楼区宁海路63号,江苏省,南京市,鼓楼区,1,0344dd457e21f93bf90cad90
3429,扬州路小区,118.772894,32.064897,南京市鼓楼区钱塘路与玉泉路交叉路口往西北约60米,江苏省,南京市,鼓楼区,1,361064304750544bb05c6a12
3430,鼓楼新村,118.776836,32.067386,鼓楼新村,江苏省,南京市,鼓楼区,1,4edf9fbf19b23894cd06a4a0
3431,匡芦花园,118.775882,32.062398,江苏省南京市鼓楼区匡芦路17号(公交车站),江苏省,南京市,鼓楼区,1,b533ea4a288853414e6d46a3
3432,三省里-11号,118.778906,32.064952,江苏省南京市鼓楼区三省里11号,江苏省,南京市,鼓楼区,1,e8f0be04c7d7c861f11937e0
3433,仙霞公寓,118.772193,32.063097,南京市鼓楼区仙霞路46号,江苏省,南京市,鼓楼区,1,e3a7fd13ecb3f35229b97ca3
3434,石钟路小区,118.771583,32.063455,南京市鼓楼区石钟路4号,江苏省,南京市,鼓楼区,1,6a1d9459608efba80f0e6bc1
3435,华新巷小区,118.778928,32.063017,南京市鼓楼区华新巷15号,江苏省,南京市,鼓楼区,1,87812d31c194de66fa42b22e
3436,匡庐新村,118.777456,32.061767,南京市鼓楼区宁海路113号,江苏省,南京市,鼓楼区,1,312b70e3a5666c85593ac8d3
3437,原柳克宣寓所,118.774291,32.065606,南京市鼓楼区北京西路39号,江苏省,南京市,鼓楼区,1,3a8518b40adfcb9c21022067
3438,宁海路26号院,118.775409,32.069329,南京市鼓楼区宁海路26号,江苏省,南京市,鼓楼区,1,5596c350bcaea1e15d17c33b
3439,颐和路公馆-17号楼,118.776923,32.069299,南京市鼓楼区江苏路17号,江苏省,南京市,鼓楼区,1,66bbcccc9dfbbc7fe5073854
3440,开元公寓,118.776213,32.069084,南京市鼓楼区宁海路23-1号,江苏省,南京市,鼓楼区,1,c670291516de14ea16c90571
3441,江苏国际预科学院男生宿舍,118.779819,32.063337,南京市鼓楼区宁海路街道上海路205号,江苏省,南京市,鼓楼区,1,d97ded641f4bf10d26e0a000
3442,西桥花苑,118.779738,32.067583,南京市鼓楼区西桥23号,江苏省,南京市,鼓楼区,1,fd13a3f250af38fab0077da3
3443,江苏国际预科学女生宿舍,118.779819,32.063337,南京市鼓楼区宁海路街道上海路205号,江苏省,南京市,鼓楼区,1,d97ded641f4bf10d26e0a000
3444,汉口西路124号院,118.775549,32.060922,南京市鼓楼区汉口西路与匡庐路交叉路口往西约120米,江苏省,南京市,鼓楼区,1,11d38966cb8a829a0f0a7027
3445,西桥公寓,118.778763,32.068505,南京市鼓楼区西桥128号,江苏省,南京市,鼓楼区,1,af1ae56bb794810b4207c141
3446,仙霞路35号院,118.77097,32.062611,南京市鼓楼区仙霞路河海大学-幼儿园西南侧,江苏省,南京市,鼓楼区,1,bc5b82fd2a32cbfcf5c59c10
3447,南京大学北阴阳营8号小区-12幢,118.780637,32.066831,南京市鼓楼区北阴阳营8号12幢,江苏省,南京市,鼓楼区,1,805954ecf03640fb8e772729
3448,汉口西路200号小区,118.771367,32.061776,南京市鼓楼区汉口西路200号,江苏省,南京市,鼓楼区,1,a019cd37da68bc604e2fdf42
3449,一号8舍,118.770505,32.062994,南京市鼓楼区西康路1号8室,江苏省,南京市,鼓楼区,1,a87a5a819c28f956a1d230a2
3450,山阴路小区,118.772587,32.061092,江苏省南京市鼓楼区山阴路32号,江苏省,南京市,鼓楼区,1,69ca1d8c1b2d04ba2bb97c1c
3451,西桥12号,118.779629,32.068177,江苏省南京市鼓楼区西桥,江苏省,南京市,鼓楼区,1,c795ac73ddd514cc96f08c53
3452,西桥23号,118.78024,32.067565,南京市鼓楼区云南路与渊声巷交叉路口向西南约100米,江苏省,南京市,鼓楼区,1,bf6419b21490f1fac61e51e4
3453,大富里,118.778653,32.069007,南京市鼓楼区江苏路与傅佐路交叉路口向南约200米,江苏省,南京市,鼓楼区,1,95ee9c8e06506c562fb90898
3454,南阴阳营小区-南区,118.779623,32.061434,南京市鼓楼区南秀村与上海路交叉路口往西约80米,江苏省,南京市,鼓楼区,1,f0c48c15af021e192811d1d5
3455,南阴阳营小区-南区,118.779623,32.061434,南京市鼓楼区南秀村与上海路交叉路口往西约80米,江苏省,南京市,鼓楼区,1,f0c48c15af021e192811d1d5
3456,南京师范大学随园校区学生宿舍-2号楼,118.773189,32.060491,南京市鼓楼区宁海路122号南京师范大学随园校区(近五台山体育馆北门),江苏省,南京市,鼓楼区,1,697236891ac0e31c3904b117
3457,汇银智慧社区,118.757836,32.051539,江苏省南京市鼓楼区北圩路苏宁乐瑰园(环宇城西50米),江苏省,南京市,鼓楼区,1,4618bdd6958a58da16764350
3458,汉口西路30号院,118.779217,32.061083,南京市鼓楼区汉口西路30号,江苏省,南京市,鼓楼区,1,c232b727e9cc8592f32d83f9
3459,大方新村小区,118.778625,32.069803,南京市鼓楼区大方巷83号,江苏省,南京市,鼓楼区,1,6ed3083ab9bac1b72a3a9fa0
3460,南京师范大学随园校区学生宿舍-3号楼,118.770425,32.059645,南京市鼓楼区宁海路122号南京师范大学随园校区,江苏省,南京市,鼓楼区,1,5bb6c3433c9a72ad15a190a5
3461,南京市装饰行业管理办公室,118.779023,32.057077,南京市鼓楼区广州路183-2号3楼,江苏省,南京市,鼓楼区,1,4df607b3bbe9b936441a3201
3462,五条巷小区西院,118.77998,32.068967,南京市鼓楼区大方巷与傅佐路交叉路口往南约160米,江苏省,南京市,鼓楼区,1,b84b11de1b69561b3904b185
3463,博爱佳苑,118.779097,32.060418,南京市鼓楼区汉口西路21号,江苏省,南京市,鼓楼区,1,3ecf56fb35a5626e7d29bd95
3464,牯岭路17号小区-东门,118.772625,32.070269,南京市鼓楼区牯岭路17号,江苏省,南京市,鼓楼区,1,f1e04612aed18216f32d837a
3465,大都市,118.779121,32.060355,南京市鼓楼区汉口西路21号,江苏省,南京市,鼓楼区,1,f83da6cdda0fc6ad3ce231df
3466,西康路35号小区,118.771161,32.069917,南京市鼓楼区西康路35号,江苏省,南京市,鼓楼区,1,55548d19e96e4badeee4a52c
3467,南京师范大学随园校区研究生公寓,118.770972,32.060306,南京市鼓楼区汉口西路67号,江苏省,南京市,鼓楼区,1,e42391a7e982acff38e4a69d
3468,江苏教育大厦-商务中心,118.77837,32.064454,南京市鼓楼区北京西路15号,江苏省,南京市,鼓楼区,1,cef92023cb21885eeb1e974d
3469,宁海路80号综合楼,118.777154,32.063538,南京市鼓楼区宁海路80号,江苏省,南京市,鼓楼区,1,fd368c55abde71e34bcc4a6d
3470,江苏教育大厦,118.778653,32.064896,南京市鼓楼区北京西路15号,江苏省,南京市,鼓楼区,1,4ce10ce6dd6c2fa1451a32a3
3471,国家电网江苏省电力大厦,118.780407,32.064535,南京市鼓楼区上海路215号,江苏省,南京市,鼓楼区,1,fd007c5e324ac96ca9f729a3
3472,天目大厦,118.771357,32.065716,南京市鼓楼区北京西路63号,江苏省,南京市,鼓楼区,1,b0d056f25ed71e7ecbc3dba3
3473,江苏化工大厦,118.778019,32.065006,南京市鼓楼区北京西路17号,江苏省,南京市,鼓楼区,1,b9e5d0b8ef7e10bc80a12ea3
3474,京西大厦,118.779227,32.065601,南京市鼓楼区北京西路24号,江苏省,南京市,鼓楼区,1,f7184fb3050415ac3ce231de
3475,南秀大厦,118.780193,32.060566,南京市鼓楼区汉口西路1号(儿童医院),江苏省,南京市,鼓楼区,1,6ee01020904eb3ef53e5c5a3
3476,同德大厦,118.777171,32.06148,江苏省南京市鼓楼区匡庐新村8号,江苏省,南京市,鼓楼区,1,db1f39d4c3588e13f5c59cc6
3477,宁海大厦,118.777223,32.065884,南京市鼓楼区宁海路63号,江苏省,南京市,鼓楼区,1,0344dd457e21f93bf90cad90
3478,苏安大厦,118.779298,32.064884,南京市鼓楼区北京西路15-1号,江苏省,南京市,鼓楼区,1,d6ee872413d77fe0a9f0cda3
3479,仙霞公寓,118.772193,32.063097,南京市鼓楼区仙霞路46号,江苏省,南京市,鼓楼区,1,e3a7fd13ecb3f35229b97ca3
3480,剑阁路小区,118.773489,32.061778,南京市鼓楼区剑阁路20号,江苏省,南京市,鼓楼区,1,050453fa45417427d3ff233c
3481,北阴阳营-21号,118.778949,32.066926,北阴阳营22-1号附近,江苏省,南京市,鼓楼区,1,4449d023a66683771fe99938
3482,北阴阳营-20号,118.778869,32.066792,北阴阳营22-1号附近,江苏省,南京市,鼓楼区,1,edef903951e6c1eed32dd6b9
3483,北阴阳营-19号,118.778786,32.066649,南京市鼓楼区北阴阳营西桥花苑西南侧约30米,江苏省,南京市,鼓楼区,1,7a09a2436631eaf8c92915b3
3484,北阴阳营-18号,118.778698,32.066505,南京市鼓楼区北阴阳营宁海中学东侧约30米,江苏省,南京市,鼓楼区,1,840238df7dc6d07fc51e51dc
3485,北阴阳营-17号,118.778619,32.066365,江苏省南京市鼓楼区北京西路26号,江苏省,南京市,鼓楼区,1,3ac047acbfa2793021022040
3486,三省里-7号楼,118.77822,32.064541,南京市鼓楼区三省里江苏省教育厅信访接待室,江苏省,南京市,鼓楼区,1,987f65fdfb0369e888fc0684
3487,二条巷小区,118.78495,32.06658,江苏省南京市鼓楼区鼓楼二条巷18号,江苏省,南京市,鼓楼区,1,6da5f73dd87faa6596f08c5c
3488,中江国际,118.770501,32.04646,南京市建邺区汉中门大街1号金鹰·汉中新城18层,江苏省,南京市,建邺区,1,fb4b53c1180d730617c8f66d
3489,二号新村小区,118.784514,32.065879,南京市鼓楼区北京西路2号,江苏省,南京市,鼓楼区,1,9ee392b80268c643bbbd6325
3490,南园,118.786504,32.066066,南京市鼓楼区鼓楼二条巷9号,江苏省,南京市,鼓楼区,1,31e39ce84aa0bf68b6f42f57
3491,上海路新村,118.78141,32.05955,南京市鼓楼区上海路100号,江苏省,南京市,鼓楼区,1,f7de729f5a5c9cd1a21de940
3492,龙泉花园办公楼,118.78358,32.065353,南京市鼓楼区北京西路8号,江苏省,南京市,鼓楼区,1,a28a6ffa3efe7887d7851f8d
3493,龙全花园,118.783499,32.065606,北京西路8号,江苏省,南京市,鼓楼区,1,3063bf6ef462aad5d72ce2ff
3494,华阳大厦(鼓楼街),118.787419,32.066133,南京市鼓楼区鼓楼街5号,江苏省,南京市,鼓楼区,1,8b8689f2d104c9d26068585f
3495,南大附中学生宿舍,118.78363,32.068173,江苏省南京市鼓楼区渊声巷50号,江苏省,南京市,鼓楼区,1,91c13f93ffed838720f017a0
3496,双菱大厦,118.78393,32.06714,南京市鼓楼区步文镇渊声巷26号,江苏省,南京市,鼓楼区,1,3280874d100f01f3a7c75614
3497,鼓楼四条巷-2号院,118.783351,32.066717,南京市鼓楼区鼓楼四条巷1-2号,江苏省,南京市,鼓楼区,1,f41790db1c104c93be4842e0
3498,苏富特大厦,118.783541,32.063723,南京市鼓楼区金银街南京大学西北门南侧约50米,江苏省,南京市,鼓楼区,1,1a126002c4607869daeced5f
3499,绿地广场国际商务中心,118.788303,32.066497,南京市鼓楼区鼓楼街88号,江苏省,南京市,鼓楼区,1,1867d7878e982ce540e19203
3500,北京西路10号院,118.782712,32.066057,南京市鼓楼区北京西路10号,江苏省,南京市,鼓楼区,1,90d8c3d892a8b03c0f0e6b88
3501,消防大厦,118.787084,32.063992,湖南路街道北京西路1号,江苏省,南京市,鼓楼区,1,55595199e0e368a2f50e773e
3502,湖南路街道文化站,118.784308,32.067739,江苏省南京市鼓楼区渊声巷41号,江苏省,南京市,鼓楼区,1,03ddddc2bc85308087330440
3503,南京翠峰大厦,118.788615,32.066241,南京市鼓楼区中山北路1号,江苏省,南京市,鼓楼区,1,49213afe3b95dfa30b1cc76e
3504,苏兴大厦,118.781798,32.065567,南京市鼓楼区北京西路16号,江苏省,南京市,鼓楼区,1,f757e6ee8c935317270bd0a3
3505,苏建大厦,118.781654,32.066159,云南路31-1号,江苏省,南京市,鼓楼区,1,4ca8ed9bc1667f072811d10c
3506,新晨国际大厦,118.788218,32.06766,南京市鼓楼区中山北路26号,江苏省,南京市,鼓楼区,1,6fddd7fd8592c17f3417dca3
3507,鼓楼紫寓,118.787358,32.068305,南京市鼓楼区中山北路28号(鼓楼),江苏省,南京市,鼓楼区,1,56b411684c7f1d33c7f025cf
3508,车站东巷住宅,118.789163,32.06792,江苏省南京市鼓楼区车站东巷14-1(紫峰大厦旁),江苏省,南京市,鼓楼区,1,0bf1b0c98df2fa51bda822a5
3509,江苏商厦,118.78788,32.068051,南京市鼓楼区中山北路28号,江苏省,南京市,鼓楼区,1,edd64ce18ea7b1913ee231a3
3510,鼓楼四条巷-3号院,118.781921,32.068366,南京市鼓楼区鼓楼四条巷3号,江苏省,南京市,鼓楼区,1,8eb24a8f687da8741d1d1114
3511,南京大学国际学生公寓西苑楼,118.781288,32.063875,南京市鼓楼区宁海路街道上海路金银街20号,江苏省,南京市,鼓楼区,1,7f1cd14971982901bca822a4
3512,南京大学国际学生公寓西苑楼,118.781288,32.063875,南京市鼓楼区宁海路街道上海路金银街20号,江苏省,南京市,鼓楼区,1,7f1cd14971982901bca822a4
3513,华美达怡华写字楼,118.785564,32.068839,南京市鼓楼区中山北路45号(鼓楼街口),江苏省,南京市,鼓楼区,1,7962ce076903046cd618b774
3514,车站东巷住宅,118.789163,32.06792,江苏省南京市鼓楼区车站东巷14-1(紫峰大厦旁),江苏省,南京市,鼓楼区,1,0bf1b0c98df2fa51bda822a5
3515,江苏机械大厦,118.785387,32.068838,江苏省南京市鼓楼区中山北路49号江苏机械大厦,江苏省,南京市,鼓楼区,1,5c2dc21dc6a43d046ec02ca3
3516,车站东巷住宅,118.789163,32.06792,江苏省南京市鼓楼区车站东巷14-1(紫峰大厦旁),江苏省,南京市,鼓楼区,1,0bf1b0c98df2fa51bda822a5
3517,南京绿地中心紫峰大厦,118.789719,32.066918,江苏省南京市鼓楼区中山北路1号,江苏省,南京市,鼓楼区,1,17746c96bb9c3c235cbe86e7
3518,中山北路 30 号,118.787354,32.068802,南京市鼓楼区中山北路30号,江苏省,南京市,鼓楼区,1,114a942429b1d0a11911d51b
3519,名人城市广场,118.787198,32.068441,南京市鼓楼区湖南路街道中山北路30号,江苏省,南京市,鼓楼区,1,79cceb368b9b2a8a1e580005
3520,金银街17号小区,118.782135,32.06367,南京市鼓楼区金银街17号,江苏省,南京市,鼓楼区,1,87189c0ad837abecc809f0da
3521,南秀村小区-2幢,118.783087,32.062306,南京市鼓楼区南秀村7号南京大学鼓楼校区南秀村小区,江苏省,南京市,鼓楼区,1,25f573de13892a83dbd89170
3522,中共江苏省委外事工作委员会办公室,118.770571,32.065687,南京市鼓楼区西康路天目大厦西侧约40米,江苏省,南京市,鼓楼区,1,bc75676f3d701cae283a9f76
3523,三条巷小区(鼓楼),118.783474,32.068991,江苏省南京市鼓楼区云南路与鼓楼四条巷交叉口东150米,江苏省,南京市,鼓楼区,1,7b098fafd4bbab385e17c329
3524,鼓楼四条巷38号小区,118.782583,32.068561,南京市鼓楼区鼓楼四条巷38号,江苏省,南京市,鼓楼区,1,416237fededf74cf9ee32113
3525,云南路25号院,118.781472,32.067316,南京市鼓楼区云南路25号,江苏省,南京市,鼓楼区,1,5e61b83a82e23cd09868b4fc
3526,鼓楼四条巷-40号院,118.782849,32.068772,南京市鼓楼区鼓楼四条巷40号,江苏省,南京市,鼓楼区,1,40c815ef063203fb3fe2318a
3527,厚载村,118.788389,32.068823,厚载巷31-35号,江苏省,南京市,鼓楼区,1,55d03887087f9f528c772743
3528,鼓楼四条巷-3号院,118.781921,32.068366,南京市鼓楼区鼓楼四条巷3号,江苏省,南京市,鼓楼区,1,8eb24a8f687da8741d1d1114
3529,南秀村小区-3幢,118.783692,32.061284,江苏省南京市鼓楼区南秀村小区3幢,江苏省,南京市,鼓楼区,1,0396d6894a84b30ec4f0252e
3530,南秀村10幢,118.782523,32.061029,江苏省南京市鼓楼区南秀村10幢,江苏省,南京市,鼓楼区,1,4bab3df8b73a1c402b11d1e8
3531,江苏国税大厦,118.784568,32.06976,南京市鼓楼区湖南路街道中山北路55号,江苏省,南京市,鼓楼区,1,54f289f2785388e56cc02cbf
3532,北阴阳营小区,118.780698,32.066831,江苏省南京市鼓楼区北阴阳营8号,江苏省,南京市,鼓楼区,1,c6fe7dbea69bdc73a21de9e8
3533,南北秀村小区,118.782116,32.062037,南京市鼓楼区金银街17号,江苏省,南京市,鼓楼区,1,db3266b140c94e8282288abd
3534,煌炳商务楼-西门,118.782768,32.069598,江苏省南京市鼓楼区云南路5号,江苏省,南京市,鼓楼区,1,9a7b343cb22a74cbeddfca93
3535,云岭居,118.789262,32.068539,江苏省南京市鼓楼区厚载巷29号,江苏省,南京市,鼓楼区,1,cd9d05dd201ed7b684420ea3
3536,南京大学鼓楼校区职工宿舍,118.782995,32.061271,南京市鼓楼区汉口路22号南京大学鼓楼校区南秀村7号,江苏省,南京市,鼓楼区,1,062d4370fbb247c29a005057
3537,南京大学教职工住宅小区,118.782903,32.061673,江苏省南京市鼓楼区南秀村7号,江苏省,南京市,鼓楼区,1,bd13a7baa8664e72364aae45
3538,南秀村小区7幢,118.783308,32.060787,江苏省南京市鼓楼区汉口路22号南京大学鼓楼校区南秀村小区,江苏省,南京市,鼓楼区,1,c03b9b6f391ee752e607383c
3539,上海路154号院,118.780925,32.062781,湖南路街道上海路154号,江苏省,南京市,鼓楼区,1,727611935825412c6f4760ae
3540,南京大学鼓楼校区华龙楼,118.784362,32.060497,江苏省南京市鼓楼区平仓巷1号,江苏省,南京市,鼓楼区,1,ff6f61ede89bc57b5e17c364
3541,厚载巷-58号楼,118.787688,32.069725,南京市鼓楼区厚载巷58号楼,江苏省,南京市,鼓楼区,1,f2731e2967022359b2077d15
3542,湖北路18号院-乙楼,118.78645,32.070169,湖北路18号乙楼,江苏省,南京市,鼓楼区,1,dcff0873936e32f0882fb527
3543,五条巷小区,118.780421,32.069455,江苏省南京市鼓楼区五条巷12号～18号附近,江苏省,南京市,鼓楼区,1,93df0dc3cc69b957882fb559
3544,南北秀村小区(南大宿舍),118.780731,32.062244,南京市鼓楼区上海路152号,江苏省,南京市,鼓楼区,1,e0cb69e71df7b154c056acc5
3545,南京大学教职工住宅小区,118.782903,32.061673,江苏省南京市鼓楼区南秀村7号,江苏省,南京市,鼓楼区,1,bd13a7baa8664e72364aae45
3546,金峰大厦,118.789999,32.068438,江苏省南京市鼓楼区中央路19号,江苏省,南京市,鼓楼区,1,d219bb1dd77cc288f50e7705
3547,南秀村小区7幢,118.783308,32.060787,江苏省南京市鼓楼区汉口路22号南京大学鼓楼校区南秀村小区,江苏省,南京市,鼓楼区,1,c03b9b6f391ee752e607383c
3548,南京大学鼓楼校区协同创新中心人才公寓,118.784304,32.060475,江苏省南京市鼓楼区平仓巷1号楼,江苏省,南京市,鼓楼区,1,947cd7a698a576efaeb22a70
3549,鼓房大厦,118.781499,32.069137,南京市鼓楼区云南路24号,江苏省,南京市,鼓楼区,1,69fcd6dff780d22fcb2915a3
3550,南秀村小区-8幢,118.782775,32.060655,江苏省南京市鼓楼区南秀村小区八幢,江苏省,南京市,鼓楼区,1,599c9237e7c945761f389436
3551,鸿德大厦,118.781834,32.069592,江苏省南京市鼓楼区云南路20-1号,江苏省,南京市,鼓楼区,1,631c41574041286130f71da3
3552,汉口路52-1号院,118.783379,32.06038,南京市鼓楼区陶谷新村与平仓巷交叉路口向西约100米,江苏省,南京市,鼓楼区,1,501765708a4b7f5a09b93ab9
3553,厚载巷38号院,118.78896,32.069326,南京市鼓楼区厚载巷38号,江苏省,南京市,鼓楼区,1,8496ae61c06c94aa5cbe86e6
3554,高云岭小区-西区,118.788931,32.070045,南京市鼓楼区高云岭高云岭-21号院西北侧,江苏省,南京市,鼓楼区,1,3c3048fbf07c309b9868b43a
3555,挹华里,118.779787,32.068506,南京市鼓楼区云南路104号,江苏省,南京市,鼓楼区,1,6fddd7fd46421c013517dc0e
3556,五条巷小区-东区,118.780958,32.069648,"江苏省南京市鼓楼区五条巷48号,鼓楼五条巷56号",江苏省,南京市,鼓楼区,1,34b028b819417918ed74f8e0
3557,鼓楼四条巷-25号院,118.781785,32.070194,南京市鼓楼区鼓楼四条巷二十五号,江苏省,南京市,鼓楼区,1,67b7a440cb6ad671213bf2c8
3558,高云岭小区,118.790034,32.069567,南京市鼓楼区高云岭12号,江苏省,南京市,鼓楼区,1,beabdbf4bd82a5e67069d373
3559,汉中路·莫愁路,118.781386,32.048497,9路;13路;18路;Y13路夜间;Y5路夜间,江苏省,南京市,秦淮区,0,bcf42a919e7bd79928b97c8a
3560,陶谷新村,118.781501,32.060383,南京市鼓楼区上海路106号,江苏省,南京市,鼓楼区,1,78656a7079fda74000ff2d8e
3561,1920楼,118.789755,32.063174,南京市鼓楼区中山路321号,江苏省,南京市,鼓楼区,1,40bf541392030ebe6118090c
3562,1917楼,118.789882,32.063195,南京市鼓楼区中山路321号,江苏省,南京市,鼓楼区,1,080993000ec6a1f6bbbd639f
3563,众知教育,118.763674,32.066177,江苏省南京市鼓楼区北京西路73号4楼,江苏省,南京市,鼓楼区,1,ca671f5d473a4915a3acc4c9
3564,紫峰观光层,118.789737,32.066694,江苏省南京市鼓楼区中山北路2号绿地中心·紫峰大厦72楼,江苏省,南京市,鼓楼区,1,c7e4febce9cc1df5c71b7505
3565,紫癜大厦,118.789656,32.066982,江苏省南京市鼓楼区中山北路2号,江苏省,南京市,鼓楼区,1,b8b82f6dd8f810162811d116
3566,云南路48-1号,118.780549,32.067415,南京市鼓楼区云南路48-1号,江苏省,南京市,鼓楼区,1,36db435050e7e5645cbe86d4
3567,工艺美术大楼(北京东路),118.795986,32.064835,江苏省南京市玄武区北京东路31号,江苏省,南京市,玄武区,1,cdef4edf664b024e28d7abec
3568,北极西村,118.795536,32.067288,南京市玄武区峨嵋路2号,江苏省,南京市,玄武区,1,a80d2e58b2699b93e856fac7
3569,高楼门-6号,118.793574,32.066602,江苏省南京市玄武区高楼门6号,江苏省,南京市,玄武区,1,d47b8cdbce79d1956c3e1b54
3570,进香河路33号住宅区,118.795962,32.063672,南京市玄武区进香河路33号,江苏省,南京市,玄武区,1,5b11d8d2af142e402fe67bae
3571,峨嵋路8号院,118.795002,32.06763,南京市玄武区北极西村步道与峨嵋路交叉路口西南侧,江苏省,南京市,玄武区,1,5c343aa4ae8e38eccf06a41a
3572,高楼门20号,118.79382,32.066987,江苏省南京市玄武区高楼门20号,江苏省,南京市,玄武区,1,0b9507035fefae4e56bfff98
3573,高楼门-18号,118.793521,32.066852,南京市玄武区高楼门与北极西村步道交叉路口向北约50米,江苏省,南京市,玄武区,1,a75a9088e9776efb343a714e
3574,多媒体大楼,118.792963,32.065984,南京市玄武区中央路2号,江苏省,南京市,玄武区,1,eef2d528c70dfca73be4a6ec
3575,东南大学博士后公寓,118.795278,32.063487,南京市玄武区进香河路33号,江苏省,南京市,玄武区,1,05afbc5fa69eda3c2b11d191
3576,高楼门-5号,118.792861,32.06651,南京市玄武区大钟亭与高楼门交叉路口向西北约40米,江苏省,南京市,玄武区,1,a327fee76ad8439a8433041a
3577,高楼门-22号,118.793481,32.067519,江苏省南京市玄武区高楼门22号,江苏省,南京市,玄武区,1,782a7df5b717db0de812e46f
3578,峨嵋新村,118.796519,32.067927,南京市玄武区峨嵋路14号,江苏省,南京市,玄武区,1,72aa2513124a7144077ce81f
3579,时代华府,118.796858,32.063219,南京市玄武区进香河路33-5号,江苏省,南京市,玄武区,1,5ce2637d41fef951ae31e5ec
3580,高楼门20-1号,118.793743,32.06688,江苏省南京市玄武区高楼门20-1号,江苏省,南京市,玄武区,1,c021801312446349d82f28d3
3581,江苏广电城-二期,118.791888,32.064091,北京东路4号,江苏省,南京市,玄武区,1,76df23e9ded4fa3238221c93
3582,高楼门-11号,118.792502,32.066981,高楼门11号楼,江苏省,南京市,玄武区,1,817e5444099f17c5eb1e973e
3583,高楼门-35号,118.792932,32.067693,江苏省南京市玄武区高楼门35号,江苏省,南京市,玄武区,1,d4773ab36e426bcf04026fc0
3584,江苏省广播电视总台(集团)-北门,118.792553,32.064391,南京市玄武区北京东路4号,江苏省,南京市,玄武区,1,efc4464c44f7daa245e274df
3585,峨嵋路大院,118.795418,32.068445,南京市玄武区峨嵋路23-1号,江苏省,南京市,玄武区,1,9c48625e5d495563c1f1cf9c
3586,江苏省气象局,118.796968,32.06674,北极阁2号,江苏省,南京市,玄武区,1,435f6a5d612d427414948ed3
3587,东南大学四牌楼校区-留学生宿舍,118.797822,32.063275,南京市玄武区新街口街道成贤街90号,江苏省,南京市,玄武区,1,d59548cfd10226ce2fb17e5e
3588,大钟新村,118.791854,32.06741,南京市玄武区中央路6号,江苏省,南京市,玄武区,1,30c6e3ee155280ac3c9a5ef9
3589,高楼门-13号,118.792198,32.067081,江苏省南京市玄武区高楼门13号,江苏省,南京市,玄武区,1,93f76be10a9a91fb21022048
3590,鼓楼·荔枝广场,118.792497,32.063638,南京市玄武区北京东路4号,江苏省,南京市,玄武区,1,da4014781b8fd6b3b020a856
3591,北极山村,118.794989,32.069071,南京市玄武区天山路8号,江苏省,南京市,玄武区,1,f7e02f2e55186b3c203bf277
3592,鸡鸣山庄-5号楼,118.797711,32.068224,江苏省南京市玄武区鸡鸣山庄5号楼,江苏省,南京市,玄武区,1,541a918d90e0596bbe4842b2
3593,南京斯维登度假旅店鼓楼1929店,118.793488,32.068747,南京市玄武区高楼门30号(近安仁街),江苏省,南京市,玄武区,1,3ec8fa48e46f53bb2b11d188
3594,石婆婆巷小区,118.794195,32.062209,南京市玄武区丹凤街8号,江苏省,南京市,玄武区,1,c1be3684696cd7adb320a8f7
3595,高楼门39-41号,118.792593,32.068122,南京市玄武区高楼门39-41号,江苏省,南京市,玄武区,1,1633c0e02d74d6340c0a7060
3596,峨嵋公寓,118.793488,32.068747,南京市玄武区高楼门30号(近安仁街),江苏省,南京市,玄武区,1,3ec8fa48e46f53bb2b11d188
3597,南京鼓楼邮政大厦,118.791076,32.064164,南京市玄武区中山路366号,江苏省,南京市,玄武区,1,b1c556e8ab4fa70cb42655ef
3598,尖角营小区,118.792925,32.062425,南京市玄武区丹凤街75号,江苏省,南京市,玄武区,1,6113ef77bbd15b688e7727c2
3599,天山路45-75号小区,118.796216,32.069429,南京市玄武区天山路45-75号,江苏省,南京市,玄武区,1,e1553f43336b1a614f776e8a
3600,东南大学群英楼-学生公寓,118.794904,32.061298,南京市玄武区进香河路35号东南大学四牌楼校区西区内,江苏省,南京市,玄武区,1,387d478cf355cd49fe0eb019
3601,兴江公寓,118.792622,32.068711,江苏省南京市玄武区高楼门51号,江苏省,南京市,玄武区,1,8fa14fc3c6eee26ef7eafcec
3602,东南大学四牌楼校区学府二舍学生公寓,118.795502,32.061498,南京市玄武区四牌楼2号(近成贤街),江苏省,南京市,玄武区,1,d98ee8b7e7d28ef71811d541
3603,高楼门-38号楼,118.794512,32.06915,南京市玄武区厚载巷北极山村,江苏省,南京市,玄武区,1,53e8caf2e7c021e89322e08f
3604,天山汇景园,118.794587,32.069468,南京市玄武区天山路8号,江苏省,南京市,玄武区,1,3810c8793ff5058b9c09f7ec
3605,荟萃楼学生宿舍,118.795076,32.061427,南京市玄武区进香河路35号,江苏省,南京市,玄武区,1,e05d639d1bc4cc3616a190ea
3606,双龙大厦-A座,118.791975,32.062749,江苏省南京市玄武区双龙巷5号,江苏省,南京市,玄武区,1,6bbdef377bced0ba6240a90a
3607,江苏省军招综合楼,118.793223,32.069504,南京市玄武区玄武门街道高楼门60号,江苏省,南京市,玄武区,1,5dae92de058a361e3c9a5e9c
3608,双龙大厦-B座,118.791713,32.062699,江苏省南京市玄武区双龙巷5号,江苏省,南京市,玄武区,1,e811bf3a8e0a6b59343a71f6
3610,省军招综合楼a楼,118.793112,32.069185,南京市玄武区高楼门60号,江苏省,南京市,玄武区,1,5c2dc21d937d92076fc02c0a
3611,高楼门-53号,118.792314,32.069143,江苏省南京市玄武区高楼门53号,江苏省,南京市,玄武区,1,71a8bb436240df9b1ef74df4
3612,厚载巷19号小区,118.791762,32.068572,江苏省南京市玄武区厚载巷19号,江苏省,南京市,玄武区,1,a1418eb40c7a7466ebe582dd
3613,天山路17号大院,118.795144,32.070085,江苏省南京市玄武区天山路17号,江苏省,南京市,玄武区,1,9c7ab2293c0e21d6aa175aa4
3614,大石桥小区(大石桥街),118.794939,32.06077,南京市玄武区丹凤街4号,江苏省,南京市,玄武区,1,b22f6eeffed6880f71210b76
3615,高楼门-57号,118.792231,32.069424,高楼门57号楼,江苏省,南京市,玄武区,1,e4d7768f227b06f0b817e7c8
3616,恒基中心国际公寓,118.793131,32.060231,南京市玄武区丹凤街39号,江苏省,南京市,玄武区,1,6dc3ed2a15a4117ebd48423d
3617,中信大厦,118.791106,32.062354,南京市玄武区湖南路街道办事处中山路348号,江苏省,南京市,玄武区,1,613d6c8619018f8cd23ce3d1
3618,西家大塘,118.79904,32.069342,江苏省南京市玄武区西家大塘,江苏省,南京市,玄武区,1,bcaebff82eb40b29c9e33cd6
3619,联通大厦,118.791032,32.068514,江苏省南京市玄武区中央路32号,江苏省,南京市,玄武区,1,b3aa435d6b1faf0b157643ef
3620,大石桥6号小区,118.795523,32.060693,南京市玄武区大石桥街19-3号,江苏省,南京市,玄武区,1,22bd07befcf27d35aaf72920
3621,东南大学教工宿舍,118.796605,32.060541,江苏省南京市玄武区大石桥2-4号,江苏省,南京市,玄武区,1,778d2b895b6a58ddad080fba
3622,高楼门-61号,118.792517,32.069791,江苏省南京市玄武区高楼门61号,江苏省,南京市,玄武区,1,a2d28e033b70308ae5e9659e
3623,高楼门公寓,118.793212,32.070137,南京市玄武区高楼门66号,江苏省,南京市,玄武区,1,eb417b5ce5e622d0adcb6629
3624,恒基中心国际公寓-B座,118.792999,32.060662,南京市玄武区丹凤街39号,江苏省,南京市,玄武区,1,e4e5ca560daa3ca917b54b61
3625,苏粮国际大厦,118.791239,32.061785,南京市玄武区中山路338号,江苏省,南京市,玄武区,1,beabdbf4d3d20f997169d3a4
3626,羲和商业广场,118.792062,32.060741,薛家巷8号,江苏省,南京市,玄武区,1,538a996cfe9ebb9b49fc8d78
3627,江苏省商务厅-北门,118.795117,32.06506,南京市玄武区北京东路,江苏省,南京市,玄武区,1,079770b3b51c352ac17da219
3628,江苏省商务厅-西门,118.794758,32.064777,南京市玄武区北京东路与安仁街交叉口东150米,江苏省,南京市,玄武区,1,7002110227f816113ce2314f
3629,南京杨公馆,118.794559,32.063087,南京市玄武区石婆婆巷18号,江苏省,南京市,玄武区,1,967cbec9baf30b5daf080f4f
3630,天翼广场(大钟亭)-西2门,118.791048,32.065962,南京市玄武区中央路2号,江苏省,南京市,玄武区,1,e5742ee832c6e8c3c71b7569
3631,江苏广播电视大厦(东门),118.793064,32.063586,南京市玄武区北京东路2号荔枝广场F1,江苏省,南京市,玄武区,1,8de4da7136b4ff36b2077d18
3632,台城办公楼,118.804743,32.064413,南京市玄武区北京东路43-2号,江苏省,南京市,玄武区,1,131c7dce8af98654f723109f
3633,北京东路-57号商务楼,118.807455,32.064066,南京市玄武区北京东路57号,江苏省,南京市,玄武区,1,fb931deaf927b430d12dd628
3634,和平大厦,118.804837,32.063456,南京市玄武区北京东路22号,江苏省,南京市,玄武区,1,04bdf4a3c35deb4f354aaeec
3635,南京人才大厦,118.80821,32.064087,江苏省南京市玄武区北京东路63号,江苏省,南京市,玄武区,1,befdb292a05fafe1871541ef
3636,东南大学(四牌楼校区)-新一舍,118.8059,32.062383,江苏省南京市玄武区文昌街2号新一舍,江苏省,南京市,玄武区,1,888dfa916c70908077026908
3637,和平新村,118.808715,32.06457,南京市玄武区北京东路69号,江苏省,南京市,玄武区,1,af1ae56b661750124207c1ec
3638,东南大学(四牌楼校区)-新二舍,118.805836,32.062112,江苏省南京市玄武区文昌街2号4号楼校区,江苏省,南京市,玄武区,1,2a7e3b800360cb5f4d2fdff2
3639,东南大学新三舍,118.805758,32.06185,南京市玄武区文昌街2号新三舍,江苏省,南京市,玄武区,1,95a0360ba79182e86018092b
3640,南京科技中心,118.803532,32.062301,成贤街118号,江苏省,南京市,玄武区,1,35a8667e88e6f7c38605bf0b
3641,东南大学(四牌楼校区)-新九舍,118.806127,32.05919,江苏省南京市玄武区文昌街2号九舍,江苏省,南京市,玄武区,1,505b75ac75795ca232f71d66
3642,北京东路30号院,118.806658,32.061886,南京市玄武区北京东路30号,江苏省,南京市,玄武区,1,349195b5a8ae904790114c0e
3643,土壤研究所宿舍-12号楼,118.80979,32.064718,江苏省南京市玄武区北京东路71号土壤研究所小区,江苏省,南京市,玄武区,1,ceff51db4f0a417e94ca07af
3644,土壤研究所宿舍-17幢,118.81037,32.064571,南京市玄武区北京东路15号,江苏省,南京市,玄武区,1,e62f9c3f8edde1f7b320a88e
3645,东南大学(四牌楼校区)-文昌十五舍,118.804681,32.061685,江苏省南京市玄武区太平北路136-1号,江苏省,南京市,玄武区,1,19e34a7195b61e804afd3fd6
3646,土壤研究所宿舍-17幢,118.81037,32.064571,南京市玄武区北京东路15号,江苏省,南京市,玄武区,1,e62f9c3f8edde1f7b320a88e
3647,土壤研究所宿舍6幢,118.810464,32.065416,南京市玄武区北京东路土壤研究所小区东侧,江苏省,南京市,玄武区,1,5b636133e341cdd935b06c9f
3648,东南大学(四牌楼校区)-新五舍,118.805628,32.061361,江苏省南京市玄武区文昌街2号新五舍,江苏省,南京市,玄武区,1,1de9c73d4506d8b84d776e5c
3649,土壤研究所宿舍6幢,118.810464,32.065416,南京市玄武区北京东路土壤研究所小区东侧,江苏省,南京市,玄武区,1,5b636133e341cdd935b06c9f
3650,土壤研究所宿舍6幢,118.810464,32.065416,南京市玄武区北京东路土壤研究所小区东侧,江苏省,南京市,玄武区,1,5b636133e341cdd935b06c9f
3651,土壤研究所宿舍6幢,118.810464,32.065416,南京市玄武区北京东路土壤研究所小区东侧,江苏省,南京市,玄武区,1,5b636133e341cdd935b06c9f
3652,北京东路71号小区,118.8095,32.06455,南京市玄武区北京东路71号,江苏省,南京市,玄武区,1,76f9c77fdcd34ea8ad080f69
3653,东南大学四牌楼校区文昌十三舍,118.804596,32.061393,南京市玄武区太平北路太平北路132号小区北侧,江苏省,南京市,玄武区,1,65dac2f3382a9b9b931fc93c
3654,土壤研究所宿舍-3号楼,118.810351,32.065951,江苏省南京市玄武区北京东路土壤研究所宿舍3幢,江苏省,南京市,玄武区,1,bfa3973d3e86ad0dd52ce249
3655,土壤研究所小区16幢,118.810296,32.064362,北京东路71,江苏省,南京市,玄武区,1,331a4eeeb47d024085420e75
3656,华英大厦(北京东路),118.810073,32.063561,南京市玄武区北京东路40-1号,江苏省,南京市,玄武区,1,28e700f1c60ee801095cb3ec
3657,兰园,118.806944,32.061097,南京市玄武区北京东路30号,江苏省,南京市,玄武区,1,2527be1e2c7a2ab04afc8d09
3658,成贤街112号大院,118.802809,32.061203,南京市玄武区成贤街112号,江苏省,南京市,玄武区,1,3d77f22b722f42e1ad080ffd
3659,太平北路132号小区,118.804354,32.060636,南京市玄武区太平北路132号,江苏省,南京市,玄武区,1,7258390fdc8928c69122e023
3660,台城花园,118.801006,32.069109,江苏省南京市玄武区解放门5号,江苏省,南京市,玄武区,1,34f68ab01f307a0a8f55ecec
3661,演武新村,118.808475,32.061099,江苏省南京市玄武区北京东路南京外国语学校南侧,江苏省,南京市,玄武区,1,6324d4f0164cb2e3afee7adb
3662,东南大学(四牌楼校区)-文昌8舍,118.805425,32.059605,江苏省南京市玄武区四牌楼2号东南大学四牌楼校区大礼堂,江苏省,南京市,玄武区,1,b5c4277cf4f253343010afe2
3663,公教一村,118.806869,32.065748,江苏省南京市玄武区北京东路51号,江苏省,南京市,玄武区,1,d918261563642bc7d23ce33b
3664,山水大酒店,118.812448,32.050897,江苏省南京市玄武区龙蟠中路118号,江苏省,南京市,玄武区,1,f60a15ed351e86f5bb17e728
3665,北京东路43号院33楼,118.804119,32.064758,江苏省南京市玄武区北京东路43号院33楼,江苏省,南京市,玄武区,1,16064027c9a39de1260bd08a
3666,九华山-42号,118.813831,32.065516,江苏省南京市玄武区九华山42号,江苏省,南京市,玄武区,1,6efdf264652a0eb7fa42b2ce
3667,金桥商务楼(北京东路),118.813968,32.06447,南京市玄武区北京东路九华山12号,江苏省,南京市,玄武区,1,e889a7448c2349b58605bfec
3668,金陵御花园,118.817315,32.065792,南京市玄武区太平门街6号,江苏省,南京市,玄武区,1,0259ce563f522488b020a8b8
3669,九华山-18号,118.813608,32.064961,南京市玄武区九华山18号,江苏省,南京市,玄武区,1,285d01c506b42837882fb59f
3670,佳源公寓,118.816926,32.064266,南京市玄武区太平门街2号,江苏省,南京市,玄武区,1,56f2f6965b36db800aa8d4ec
3671,九华山公寓,118.81275,32.065736,江苏省南京市玄武区九华山12号,江苏省,南京市,玄武区,1,17881efbbf3cf3d4f2193700
3672,南京百世吉服饰有限公司,118.822168,32.049492,江苏南京市玄武区中山东路311-2号,江苏省,南京市,玄武区,1,e25dc039d9789c7996ca071f
3673,洲城根-43号,118.81663,32.067472,江苏省南京市玄武区洲城根43号,江苏省,南京市,玄武区,1,9bafec5b42c3138a260bd0bd
3674,苏菜大厦,118.816224,32.063605,江苏省南京市玄武区太平门街81号,江苏省,南京市,玄武区,1,1696fd7f7c9520e3fb221369
3675,九华山-21号院,118.812553,32.065498,南京市玄武区九华山21号,江苏省,南京市,玄武区,1,66cd192949dd678480a00c2a
3676,九华山-17号,118.812291,32.064839,南京市玄武区九华山17号楼,江苏省,南京市,玄武区,1,7b18fa64c03903ceed74f86b
3677,九华山-19号,118.812377,32.06465,江苏省南京市玄武区九华山19号,江苏省,南京市,玄武区,1,663d1e8fb06c0f791d58003a
3678,太平花园,118.818152,32.064143,江苏省南京市玄武区太平门街10号,江苏省,南京市,玄武区,1,e93761f6f602660c223bf2ec
3679,万润达综合楼,118.814266,32.062699,南京市玄武区北京东路42-2号,江苏省,南京市,玄武区,1,3be122e10bf281521ef74def
3680,九华山-15号,118.812232,32.0644,江苏省南京市玄武区九华山15号,江苏省,南京市,玄武区,1,88c930f073e0c7ecee74f82c
3681,龙蟠中路15号小区,118.813478,32.062353,南京市玄武区龙蟠中路15号,江苏省,南京市,玄武区,1,917494d1bf5878fb293a9f7b
3682,中国科学院南京九华山科学园区-惠联大楼,118.81094,32.065602,江苏省南京市玄武区玄武门街道北京东路71号中国科学院南京土壤研究所,江苏省,南京市,玄武区,1,7cb2e7eee42fe6f2fda778db
3683,太平门东街小区,118.820007,32.063141,南京市玄武区太平门东街4号,江苏省,南京市,玄武区,1,c2767e3f1148eb76dc1e523f
3684,新月公寓,118.819052,32.063018,南京市玄武区太平门街7号,江苏省,南京市,玄武区,1,1b125bdef611caa5ddee8b6c
3685,月新花园,118.818474,32.062437,南京市玄武区太平门街7号,江苏省,南京市,玄武区,1,f5b752e97a394047c9fa5fae
3686,太平门街-89号院,118.818731,32.061561,南京市玄武区太平门89号,江苏省,南京市,玄武区,1,c9cd7393c8cd7607bea240dc
3687,土壤研究所小区,118.81011,32.065366,江苏省南京市玄武区北京东路71号,江苏省,南京市,玄武区,1,9ec66b8787fc4a6ccac3dbf9
3688,斯亚花园-4幢,118.82001,32.063931,江苏省南京市玄武区斯亚花园4幢,江苏省,南京市,玄武区,1,94f48403a109140f4bcc4a04
3689,月新公寓,118.818901,32.061749,江苏省南京市玄武区太平门街89号,江苏省,南京市,玄武区,1,57be69951a9b024420f01788
3690,太平门街-89号院,118.818731,32.061561,南京市玄武区太平门89号,江苏省,南京市,玄武区,1,c9cd7393c8cd7607bea240dc
3691,农场巷太平新村,118.819908,32.061089,南京市玄武区农场巷太平新村,江苏省,南京市,玄武区,1,3e13b4abc2f04b41871541c3
3692,九华山-21号院,118.812553,32.065498,南京市玄武区九华山21号,江苏省,南京市,玄武区,1,66cd192949dd678480a00c2a
3693,白马山庄,118.823565,32.069628,锁金村(公交车站),江苏省,南京市,玄武区,1,78e92efa4c15bff07369d37c
3694,富贵山,118.827281,32.063289,南京市玄武区,江苏省,南京市,玄武区,1,bb8c2c8765febe5e07fef5f7
3695,白马山庄-1幢,118.823726,32.069037,江苏省南京市玄武区白马山庄1幢,江苏省,南京市,玄武区,1,92ef9cd04177126631169ba2
3696,天泓山庄,118.89859,32.063355,江苏省南京市栖霞区环陵路1号,江苏省,南京市,栖霞区,1,d24e48eb49168cb4afee7a56
3697,天悦园-52幢,118.900638,32.061069,江苏省南京市栖霞区马群天悦园52幢(陶家营路南),江苏省,南京市,栖霞区,1,810b290b4186703c081cc70c
3699,天泓山庄,118.89859,32.063355,江苏省南京市栖霞区环陵路1号,江苏省,南京市,栖霞区,1,d24e48eb49168cb4afee7a56
3700,金马花园(马群新街),118.901497,32.06121,南京市栖霞区马群新街110号,江苏省,南京市,栖霞区,1,803708f1b0bb277901897256
3701,紫金新寓,118.901489,32.06175,南京市栖霞区马群新街116号,江苏省,南京市,栖霞区,1,e3a7fd13ecbcf35228b97c56
3702,紫金海岸,118.900893,32.060354,江苏省南京市栖霞区马群新街102-1号,江苏省,南京市,栖霞区,1,0c2257d8da01e0349ff77995
3703,紫金新寓-东门,118.901954,32.061579,南京市栖霞区马群新街116号东门,江苏省,南京市,栖霞区,1,b1cfb36c03b9d0b72a06cede
3704,芝嘉花园,118.91712,32.060399,江苏省南京市栖霞区百水桥村105号,江苏省,南京市,栖霞区,1,a3f21eee9808a1442fb17e56
3705,狮子坝-97号,118.916599,32.067855,江苏省南京市栖霞区狮子坝97号,江苏省,南京市,栖霞区,1,b3e5733d0e6dedadf4b916ec
3706,狮子坝-138号,118.914993,32.068309,江苏省南京市栖霞区狮子坝138号,江苏省,南京市,栖霞区,1,69572707099d0c4ac91b95ca
3707,狮子坝-98号,118.916416,32.067943,江苏省南京市栖霞区狮子坝98号,江苏省,南京市,栖霞区,1,acc9288ebe9a20a5b75f1e7f
3708,狮子坝-126号,118.915303,32.068062,江苏省南京市栖霞区狮子坝126号,江苏省,南京市,栖霞区,1,a39e651aa434925e0ab93a45
3709,狮子坝-128号,118.915419,32.067951,江苏省南京市栖霞区狮子坝128号,江苏省,南京市,栖霞区,1,59156e15adc932cd49fd3f5e
3710,百水桥-111号,118.917427,32.065233,江苏省南京市栖霞区百水桥111号,江苏省,南京市,栖霞区,1,11eec47085781c3cc9c3dbf3
3711,百水东苑,118.919924,32.061804,南京市栖霞区马群街道马群狮子坝宁狮路3号,江苏省,南京市,栖霞区,1,8702f5c917a5231538e4a666
3712,麒麟职中教师楼,118.926479,32.062991,南京市江宁区麒西路68号,江苏省,南京市,江宁区,1,df1edc362a7648be28b97cee
3713,504地质队家属楼,118.930002,32.065715,江苏省南京市江宁区麒麟门504地质队家属院,江苏省,南京市,江宁区,1,d615a54c7c7a72431f3894ea
3714,芝嘉东苑,118.920873,32.064578,江苏省南京市栖霞区宁狮路10号,江苏省,南京市,栖霞区,1,5fa39ee2ecc551fbd518b7a6
3715,白水桥中心村小区,118.921975,32.064823,南京市栖霞区宁狮路10号,江苏省,南京市,栖霞区,1,cac5fc764b6a26f32cb96d56
3716,百水桥-123号,118.922992,32.060948,江苏省南京市栖霞区百水桥123号,江苏省,南京市,栖霞区,1,7eae139fa3797ad6ca2915cd
3717,狮子坝-168号,118.920667,32.06477,江苏省南京市栖霞区狮子坝168号,江苏省,南京市,栖霞区,1,3a995e8cff69d226d92f28c5
3718,百水桥-111号,118.917427,32.065233,江苏省南京市栖霞区百水桥111号,江苏省,南京市,栖霞区,1,11eec47085781c3cc9c3dbf3
3719,江宁麒麟科技创业园经济适用房,118.929029,32.062097,南京市江宁区宁杭公路麒麟苑西侧约110米,江苏省,南京市,江宁区,1,fab27e5b77152bffeddfcacd
3720,其林甫-6号楼,118.933684,32.068558,南京市江宁区其东线,江苏省,南京市,江宁区,1,dbfe9961dda95c5cc33644dc
3721,其林甫1号,118.934271,32.068614,江苏省南京市江宁区其林甫1号,江苏省,南京市,江宁区,1,3007d4b9cf8f607a45e2744e
3722,其林甫-30号,118.932563,32.067869,江苏省南京市江宁区其林甫30号,江苏省,南京市,江宁区,1,d76be671cac7ace041afe6b6
3723,北晨雅居,118.937037,32.061926,南京市江宁区宝山路1号,江苏省,南京市,江宁区,1,28bcead485a74776f8dc8525
3724,北城雅居,118.937037,32.061926,南京市江宁区宝山路1号,江苏省,南京市,江宁区,1,28bcead485a74776f8dc8525
3725,北晨雅居,118.937037,32.061926,南京市江宁区宝山路1号,江苏省,南京市,江宁区,1,28bcead485a74776f8dc8525
3726,锦绣花园,118.939756,32.063731,南京市江宁区麒麟镇宁杭公路,江苏省,南京市,江宁区,1,cac5fc764b4f26f32cb96d75
3727,和谐家园,118.935826,32.060816,江宁区麒东路109号,江苏省,南京市,江宁区,1,d146b388c3968dde74026975
3731,麒麟苑,118.930471,32.062055,南京市江宁区宣义路20号,江苏省,南京市,江宁区,1,750ec1651e6e722b4c3a5975
3732,天涯公寓(宁杭公路辅路),118.930109,32.06134,江苏省南京市江宁区宣义路3栋1单元,江苏省,南京市,江宁区,1,c3e0d09aa59026f4d1f49e38
3733,麒麟浦-66号,118.931666,32.070516,江苏省南京市江宁区麒麟浦66号,江苏省,南京市,江宁区,1,b92afdb5f6bbaae11d1d11bf
3734,南京锦绣花园别墅,118.945243,32.065932,江苏省南京市江宁区麒麟镇麒麟东路138号,江苏省,南京市,江宁区,1,928218aad24d1fdaf2193730
3735,锦绣花园-金桂园,118.941208,32.061991,江苏省南京市江宁区锦绣花园金桂园(宁杭公路北),江苏省,南京市,江宁区,1,8c22fe97dd96a0722102207a
3736,南京锦绣花园别墅-兰馨园,118.945668,32.064845,江苏省南京市江宁区锦绣花园别墅区,江苏省,南京市,江宁区,1,3c4ddc012672935b4bcc4a6a
3737,锦绣花园-茶花园,118.944055,32.069137,江苏省南京市江宁区沪蓉高速公路锦绣花园别墅区,江苏省,南京市,江宁区,1,c0a652eb537c06efeb56fa68
3739,东郊小镇第三街区,118.95752,32.065878,江宁区麒麟街道麒麟东路777号,江苏省,南京市,江宁区,1,373cf7578a560a104354d727
3740,银亿东城,118.950973,32.069438,江苏省南京市江宁区麒麟街道麒东路777号,江苏省,南京市,江宁区,1,b388f9fd59096441b35c6a75
3741,东郊小镇第六街区,118.955564,32.063192,江苏省南京市江宁区麒麟镇麒麟街道麒东路777号,江苏省,南京市,江宁区,1,4bc4c40f6f99edda4e2fdf14
3742,东郊小镇第七街区,118.955268,32.065456,南京市江宁区麒麟街道东麒路777号东郊小镇,江苏省,南京市,江宁区,1,24c3d9590fde33084d776e49
3743,东郊小镇第四街区,118.956786,32.06116,南京市江宁区麒麟街道麒麟门麒东路777号东郊小镇,江苏省,南京市,江宁区,1,23e09a3bfe8662a2fb0cad8f
3744,东郊小镇第八街区-32幢,118.953722,32.064743,南京市江宁区麒麟街道麒东路777号东郊小镇第八街区32幢,江苏省,南京市,江宁区,1,b73a87fee3ad5970b75f1e08
3745,东郊小镇第五街区,118.957415,32.068602,江苏省南京市江宁区麒麟东路777号,江苏省,南京市,江宁区,1,0bf2b7b50ed654d24e5547ff
3746,锁石村小区,118.991596,32.064467,江苏省南京市江宁区锁石村小区(新锁路北100米),江苏省,南京市,江宁区,0,9230c85797a4ca87581093aa
3747,阳明山庄(技校路),119.004982,32.068424,江苏省南京市江宁区汤山街古泉村(阳山碑材公园入口进去),江苏省,南京市,江宁区,1,083a55fa848ee607246e981a
3748,云栖山庄售楼处,119.004762,32.070981,江苏省南京市江宁区阳明路99号,江苏省,南京市,江宁区,1,211be0f6a10f43b77ab55ced
3749,松林山庄(环镇西路),119.055186,32.069799,南京市江宁区汤山街道海泽路77号,江苏省,南京市,江宁区,1,cde9e2c7d09868b4e81e9764
3750,中交·锦兰荟,118.606664,32.055333,江苏省南京市浦口区江浦街道山林路,江苏省,南京市,浦口区,1,6a64c23510551c74b8bd637b
3751,金地格林(西北门),118.603226,32.055432,南京市浦口区华山路与新北路交叉口西南150米,江苏省,南京市,浦口区,1,f9d908eae9df43c69222e04b
3752,北江锦城,118.616741,32.059256,南京市浦口区环城西路89号,江苏省,南京市,浦口区,1,e902b7013da17675f942b280
3753,力标·路易庄园,118.616721,32.058165,江苏省南京市浦口区雨山西路89号,江苏省,南京市,浦口区,1,1a51ba7a6c36b7f21ef74dc7
3754,南京市浦口区江浦街道办事处华光社区居民委员会,118.604687,32.054147,江苏省南京市浦口区新北路金雁湖社区服务中心B栋,江苏省,南京市,浦口区,1,5a9402b69ae8293fe81e976e
3755,金珠花苑,118.629051,32.059719,南京市浦口区文德西路12号,江苏省,南京市,浦口区,1,0dc3d82d6073996c75e5b6fd
3756,西水湾家园,118.626955,32.049512,南京市浦口区江浦街道团结村20号,江苏省,南京市,浦口区,1,e30828481da5f1c1b34c496b
3757,浦口区西城花园小区,118.625597,32.053602,南京市浦口区建设路99号,江苏省,南京市,浦口区,1,a5097bfa02187f63f03cbafd
3758,金盛田·锦上,118.628402,32.056813,江苏省南京市浦口区江浦街道锦上路1号,江苏省,南京市,浦口区,1,f7cc93b87a8346fd0e3ddab6
3759,中海万锦熙岸-北区,118.630383,32.056492,南京市浦口区张墩路中海万锦熙岸-二期,江苏省,南京市,浦口区,1,e9a622ee4d79d98cf7b916b3
3760,中海万锦熙岸-二期,118.630425,32.056212,江浦街道团结路8号,江苏省,南京市,浦口区,1,77dff9e26e50a81e8605bfc7
3761,融创臻园,118.620955,32.056894,江苏省南京市浦口区团结路群盛北江豪庭东南200米,江苏省,南京市,浦口区,1,c3d553143a8bb6479d95deeb
3762,珠江村雨山组-54号,118.625215,32.058076,江苏省南京市浦口区珠江村雨山组54号,江苏省,南京市,浦口区,1,4249387e08b461a317c8f6e3
3763,雨泉家园-01栋,118.624845,32.056415,南京市浦口区雨泉家园01栋,江苏省,南京市,浦口区,1,fbd9ca7a5fddafc62a06ce68
3764,浦口区邮电局宿舍,118.628222,32.058437,文德西路14号,江苏省,南京市,浦口区,1,bf90150cc802f7e796ca077a
3765,西水湾家园-东区,118.629475,32.051158,江苏省南京市浦口区西水湾家园二期(团结路南200米),江苏省,南京市,浦口区,1,b639aa0d23aec84cc51b7505
3766,西水湾家园-二期,118.629475,32.051158,江苏省南京市浦口区西水湾家园二期(团结路南200米),江苏省,南京市,浦口区,1,b639aa0d23aec84cc51b7505
3767,西水湾家园东区(南门),118.628533,32.050062,南京市浦口区西水湾路1号附近,江苏省,南京市,浦口区,1,d3277e55f4a6de7f7069d38c
3768,西水湾家园-西区,118.627121,32.049248,南京市浦口区北花园路与张墩路交叉路口往南约100米(西水湾家园-东区西南侧约100米),江苏省,南京市,浦口区,1,0a13eb8852734db338e4a6e9
3769,浦口区教师发展中心-北门,118.625324,32.051529,南京市浦口区北花园路与张墩路交叉口西北150米浦口区电化教育中心附近,江苏省,南京市,浦口区,1,970ab782abb2571116764322
3770,中海万锦熙岸,118.632199,32.05418,江苏省南京市浦口区团结路8号,江苏省,南京市,浦口区,1,9266df5aaf9c2e08d5b74e04
3771,新理想佳园,118.634805,32.057446,江苏省南京市浦口区江浦街道珠泉西路10号,江苏省,南京市,浦口区,1,d6df91c15977db6af7b916fc
3772,亚东滨江和园,118.638888,32.050725,江苏省南京市浦口区团结路与浦云路交叉口,江苏省,南京市,浦口区,1,fc174448e89af8406c4760c0
3773,珠泉花园,118.6422,32.065325,南京市浦口区同心路1号,江苏省,南京市,浦口区,1,0adce3e2a316db1d80a00c11
3774,明发·珠江国际,118.632425,32.058862,江苏省南京市浦口区中圣南街第二中学(新理想佳园附近),江苏省,南京市,浦口区,1,f566b57fec20f1609a00506f
3775,西水湾B组团2期,118.631069,32.052177,南京市浦口区团结路西水湾家园-二期,江苏省,南京市,浦口区,1,370e4940d1076430e7e965c5
3776,想理想佳园小区出新现场办公室,118.634488,32.05717,珠泉西路8新理想佳园A4幢新理想家园附近,江苏省,南京市,浦口区,1,76e2efe78c9151b3085cb3c9
3777,新理想佳园,118.634805,32.057446,江苏省南京市浦口区江浦街道珠泉西路10号,江苏省,南京市,浦口区,1,d6df91c15977db6af7b916fc
3778,中海·万锦熙岸南区,118.631751,32.054626,南京市浦口区张墩路中海万锦熙岸,江苏省,南京市,浦口区,1,eb5338c2b233ce21ebe582a0
3779,金盛田·锦上(东南门),118.629642,32.057299,南京市浦口区文德西路与江淼路交叉口东南150米,江苏省,南京市,浦口区,1,d47819c0e1044b62a1d230f2
3780,新理想佳园-南门,118.63363,32.05592,江苏省南京市浦口区江浦街道雨花路新理想佳园,江苏省,南京市,浦口区,1,e7ac3c3dfe5bb2e24e2fdf6b
3781,怪兽充电(香山湖老码头妈妈菜),118.63489,32.05989,南京市浦口区上河街林公堤民国风情街1号,江苏省,南京市,浦口区,1,8f48be9cca285882ab175a93
3782,南京市浦口区中心医院-住院部,118.643402,32.054338,上河街166号,江苏省,南京市,浦口区,1,45ee3eef3d455286bfa8225c
3783,升龙公园道,118.718148,32.051067,葡萄路升龙公园道,江苏省,南京市,建邺区,1,a9ff97646931a80543afe6c4
3784,升龙公园道西区,118.719293,32.052199,江苏省南京市建邺区升龙公园道(文武街北50米),江苏省,南京市,建邺区,1,45a786897d047fa00c0a70f3
3785,长阳花园,118.73732,32.053989,南京市鼓楼区湘江路,江苏省,南京市,鼓楼区,1,cc0849a03ff967539403191f
3786,长江之家,118.738075,32.056506,南京市鼓楼区湘江路18号长江之家小区商铺,江苏省,南京市,鼓楼区,1,925c550f99fc00ab5b3ac8f7
3787,苏宁馨瑰园,118.739186,32.053434,南京市鼓楼区清凉门大街296号,江苏省,南京市,鼓楼区,1,3a0fbba801b732419fe321a1
3788,银城花园,118.737672,32.058516,江苏省南京市鼓楼区闽江路与扬子江大道交叉路口往东北约200米,江苏省,南京市,鼓楼区,1,44f49ba3a376bc1bdb131850
3789,百步滨江,118.740259,32.054854,南京市鼓楼区湘江路7号,江苏省,南京市,鼓楼区,1,3be122e10a3880521ff74da1
3790,银城锦一方,118.739211,32.052025,南京市鼓楼区清凉门大街与锦江路交叉路口锦江路99号,江苏省,南京市,鼓楼区,1,4eb3b53339d00d0b43024500
3791,辰龙绿苑,118.739391,32.05157,南京市鼓楼区清凉门大街196号,江苏省,南京市,鼓楼区,1,5208e3bbecfd1302223bf216
3792,南医大学生公寓,118.737454,32.050032,南京市鼓楼区江东街道东宝路18号苏宁环球商贸城对面,江苏省,南京市,鼓楼区,1,a214d0e1d640175928201afe
3793,育才公寓,118.737706,32.051051,南京市鼓楼区清江路101号,江苏省,南京市,鼓楼区,1,edd64ce18ed9b1913ee231a1
3794,湘江路18号院-西门,118.735982,32.055632,南京市鼓楼区湘江路18号,江苏省,南京市,鼓楼区,1,b8907f8b80a4a5e660685859
3795,湘江路18号院-南门,118.736549,32.055498,南京市鼓楼区湘江路18号,江苏省,南京市,鼓楼区,1,616b2a558318c5b0c51e510e
3796,南京福彩大厦,118.745431,32.054326,南京市鼓楼区江东北路191号,江苏省,南京市,鼓楼区,1,e11514e170ec394a130daa8a
3797,春光大厦,118.745336,32.054168,南京市鼓楼区江东北路191号,江苏省,南京市,鼓楼区,1,bff8fa7d2dd7d9a0c9213da1
3798,民政局小区,118.744868,32.054258,南京市鼓楼区江东北路193号,江苏省,南京市,鼓楼区,1,5057c542807ae4fc54bfff17
3799,江东北路193号小区,118.744797,32.054171,南京市鼓楼区江东北路193号,江苏省,南京市,鼓楼区,1,a6b64fd6789be3459f09f73f
3800,江东北路196号院-2幢,118.746901,32.05598,江苏省南京市鼓楼区江东北路196号院2幢,江苏省,南京市,鼓楼区,1,ce9ded8eeebd23a2b74f5499
3801,雅瑰园,118.744056,32.054511,湘江路1号,江苏省,南京市,鼓楼区,1,6113ef774e3056148f7727a1
3802,西城晶华,118.746948,32.056068,南京市鼓楼区江东街道江东北路198号,江苏省,南京市,鼓楼区,1,fa92e95452c79b08cae33cde
3803,永嘉年华,118.745561,32.05655,南京市鼓楼区江东北路209号,江苏省,南京市,鼓楼区,1,d6ee872413a97fe0a9f0cda1
3804,聚福园东园,118.743929,32.055986,南京市鼓楼区湘江路聚福园,江苏省,南京市,鼓楼区,1,3df7c6c1bdc3611aa1a93426
3805,金舟花园,118.744314,32.057256,江东北路330号,江苏省,南京市,鼓楼区,1,75036835b29810af5f0d02a1
3806,中国联通新时空大厦,118.745622,32.057235,南京市鼓楼区江东北路211号,江苏省,南京市,鼓楼区,1,2fd2beab7acb3b527bdbd2a1
3807,苏宁千秋情缘·知音园,118.748707,32.055205,湛江路69苏宁千秋情缘,江苏省,南京市,鼓楼区,1,7388dffd1323acebd2ff23a1
3808,汇贤居,118.748346,32.056412,江苏省南京市鼓楼区湛江路79号,江苏省,南京市,鼓楼区,1,fc767524f6703cfa4f776ea1
3809,丁香园(清凉门大街),118.74845,32.052858,南京市鼓楼区清凉门大街168号,江苏省,南京市,鼓楼区,1,750ec1651e3a722b4d3a59a1
3810,华茂大厦,118.745549,32.058072,江苏省南京市鼓楼区江东北路269号,江苏省,南京市,鼓楼区,1,5e53af1a7654185f4051c0a1
3811,汇文居,118.744324,32.051478,南京市鼓楼区清凉门大街201号,江苏省,南京市,鼓楼区,1,e6875efa8b0a1a4bc51e519a
3812,聚福园,118.743183,32.05579,江苏省南京市鼓楼区漓江路8号,江苏省,南京市,鼓楼区,1,8fde79ccbf0998bf94ca07a1
3813,苏宁千秋情缘花园,118.749315,32.053535,汉江路146号,江苏省,南京市,鼓楼区,1,bba87388aec28ea0bda822a1
3814,辰龙广场,118.744949,32.051094,江苏省南京市鼓楼区江东北路121号,江苏省,南京市,鼓楼区,1,1962a2a063d7f5a945e27404
3815,宏图·香榭里(银城街),118.744373,32.058509,江东街道银城街31号,江苏省,南京市,鼓楼区,1,5b25f446c28bf49710293508
3816,新城市青年公寓,118.747113,32.057837,江苏省南京市鼓楼区凤凰街道江东北路216号新城市青年公寓,江苏省,南京市,鼓楼区,1,129047228f90f1540f0a70fc
3817,银城·聚福园(西园),118.741148,32.056468,南京市鼓楼区漓江路1号,江苏省,南京市,鼓楼区,1,9ee7cc78d9e1947017c905a1
3818,银城街小区,118.743363,32.058568,南京市鼓楼区银城街银城花园40号,江苏省,南京市,鼓楼区,1,4ce10ce6dd122fa1451a32a1
3819,苏城北苑,118.75056,32.056299,南京市鼓楼区湛江路98号,江苏省,南京市,鼓楼区,1,2e00c5dda037a41cd6851fa1
3820,新城市·城市假日,118.747992,32.058692,南京市鼓楼区龙园西路9号,江苏省,南京市,鼓楼区,1,923ffd000761a5b7d82f28a1
3821,清江苏宁广场,118.747624,32.050254,南京市鼓楼区江东北路88号,江苏省,南京市,鼓楼区,1,b687389b78a5ca758c772754
3822,瑞园(银城街),118.741465,32.057924,闽江路18号,江苏省,南京市,鼓楼区,1,14e3d85c5700c69c1029359e
3823,辰龙绿苑-东区,118.741174,32.051392,江苏省南京市鼓楼区清凉门大街291号,江苏省,南京市,鼓楼区,1,89fdea52c0b32f5af4231062
3824,浦江大厦,118.742141,32.050123,南京市鼓楼区浦江路26号,江苏省,南京市,鼓楼区,1,089d2f5c8933ac6b36b06cc5
3825,龙江·元隆府邸,118.742319,32.060754,南京市鼓楼区银城街48号,江苏省,南京市,鼓楼区,1,0bd5d5c677be82735fd4fe73
3826,清江公寓,118.741027,32.050562,南京市鼓楼区锦江路68号,江苏省,南京市,鼓楼区,1,93484d44de0aa046740269aa
3827,苏宁天启花园,118.749205,32.050002,南京市鼓楼区湛江路59号,江苏省,南京市,鼓楼区,1,b92ed08820b6a7fdce04efc9
3828,银嘉公寓,118.740738,32.059797,江苏省南京市鼓楼区银城街54号,江苏省,南京市,鼓楼区,1,4792a69939bce979a8175a21
3829,东宝路28号大院,118.74061,32.049978,南京市鼓楼区江东街道东宝路28号,江苏省,南京市,鼓楼区,1,77d681b8398bc3fa7bdbd2f6
3830,嘉华商务楼,118.745502,32.056537,江苏省南京市鼓楼区江东北路209号,江苏省,南京市,鼓楼区,1,9089ed4a06686729f7231051
3831,公寓区,118.750665,32.042336,南京市建邺区茶亭东街与云锦路交叉路口往北约90米,江苏省,南京市,建邺区,1,03b73f69f55a45276d20b960
3832,长阳花园-三期,118.7373,32.055242,南京市鼓楼区湘江路长阳花园,江苏省,南京市,鼓楼区,1,163484c6c8fde2c5be4842be
3833,白云园-119号,118.749474,32.059795,南京市鼓楼区龙园西路新城市·城市假日东北侧约40米,江苏省,南京市,鼓楼区,1,225ad1587d66bd4785420e89
3834,白云园小区,118.750369,32.060789,江苏省南京市鼓楼区龙飞街29号,江苏省,南京市,鼓楼区,1,3bd79ddb253bd1e80bb93a35
3835,白云园-114号楼,118.749525,32.059659,江苏省南京市鼓楼区龙江白云园小区白云园114号楼,江苏省,南京市,鼓楼区,1,f616684bf743730d0b5cb349
3836,花开园小区,118.755605,32.054431,南京市鼓楼区清凉门桥嫩江路28号,江苏省,南京市,鼓楼区,1,b47e81ea176257db80a00cec
3837,花开四季,118.757089,32.054891,南京市鼓楼区嫩江路20号,江苏省,南京市,鼓楼区,1,cb4fd14688b714419c9d68a1
3838,曲水文华苑,118.755398,32.056417,南京市鼓楼区凤凰东街52号,江苏省,南京市,鼓楼区,1,cc0849a04045c850950319a1
3839,杏聚村(清凉门大街),118.756543,32.053048,南京市鼓楼区清凉门大街48号,江苏省,南京市,鼓楼区,1,9ee7cc78d99f947017c905a3
3840,西城风尚,118.754349,32.056688,南京市鼓楼区凤凰东街66号,江苏省,南京市,鼓楼区,1,1bc99b142fc26753465726c3
3841,金信花园,118.75308,32.054055,南京市鼓楼区清凉门大街68号,江苏省,南京市,鼓楼区,1,c5ddcc085f2368c5d813181f
3842,里圩,118.755915,32.055917,南京市鼓楼区嫩江路,江苏省,南京市,鼓楼区,1,9f97b1c571a66106b64f5456
3843,辰龙紫苑,118.755457,32.052725,南京市鼓楼区清凉门大街56号,江苏省,南京市,鼓楼区,1,438ef5c41eb8425f81a12e92
3844,鼓馨阳光家园,118.754288,32.053447,南京市鼓楼区嫩江路55号,江苏省,南京市,鼓楼区,1,e1229ab9a51c08eb4c3a59c2
3845,南京市中医药大学教工宿舍,118.756601,32.053354,江苏省南京市鼓楼区清凉门大街48号,江苏省,南京市,鼓楼区,1,a334dbd85b2686c5081cc7ef
3846,苏城南苑,118.751399,32.053095,南京市鼓楼区湛江路88号,江苏省,南京市,鼓楼区,1,631c4157403f286130f71da1
3847,龙凤花园,118.752491,32.056102,南京市鼓楼区汉江路16号,江苏省,南京市,鼓楼区,1,05dd7d5f66359501ac080fa1
3848,石头城-58号楼,118.75862,32.059978,江苏省南京市鼓楼区石头城58号楼,江苏省,南京市,鼓楼区,1,305f424adb3d6a8ee6e96590
3849,西城岚湾花苑,118.758776,32.052709,南京市鼓楼区凤凰东街64号,江苏省,南京市,鼓楼区,1,8cba4bb02bfaf6f9ac0457b8
3850,汇银智慧社区,118.757836,32.051539,江苏省南京市鼓楼区北圩路苏宁乐瑰园(环宇城西50米),江苏省,南京市,鼓楼区,1,4618bdd6958a58da16764350
3851,苏城南苑,118.751399,32.053095,南京市鼓楼区湛江路88号,江苏省,南京市,鼓楼区,1,631c4157403f286130f71da1
3852,苏宁乐瑰园,118.757266,32.051111,南京市鼓楼区北圩路151号,江苏省,南京市,鼓楼区,1,a86b1d61c1d00b3e220220e4
3853,苏宁·紫金朝阳府-西南门,118.750293,32.054447,南京市鼓楼区湛江路92号,江苏省,南京市,鼓楼区,1,016592ad48e28aa59a0050de
3854,石头城-45号楼,118.758961,32.059251,南京市鼓楼区石头城45号楼,江苏省,南京市,鼓楼区,1,1c71924a88ac412c87154181
3855,蓝天园,118.753936,32.058971,南京市鼓楼区龙园南路,江苏省,南京市,鼓楼区,1,1eaebceca7e9a6bc6b49f319
3856,石头城-28号,118.758892,32.058583,江苏省南京市鼓楼区石头城28号,江苏省,南京市,鼓楼区,1,ae9f6e8a57d21c190869d927
3857,石头城-106号楼,118.75735,32.069266,南京市鼓楼区石头城106号楼,江苏省,南京市,鼓楼区,1,b57190623b7490c695f08c55
3858,华阳佳园,118.752794,32.050328,江苏省南京市鼓楼区清凉门大街113号,江苏省,南京市,鼓楼区,1,7524cb4fed795e3405026fa1
3859,中海大厦(清凉门大街),118.758656,32.05151,江苏省南京市鼓楼区清凉门大街39号,江苏省,南京市,鼓楼区,1,cf88f78a640670a77adbd2e5
3860,汉都汇,118.756692,32.058562,江苏省南京市鼓楼区石头城财智中心1号楼,江苏省,南京市,鼓楼区,1,21e8ac4b045ee8cb9e82ea84
3861,清凉新村,118.764886,32.054236,南京市鼓楼区虎踞路77号,江苏省,南京市,鼓楼区,1,1838c650bd1eee525d17c3b2
3862,清凉雅苑,118.764152,32.054272,南京市鼓楼区清凉门6号广州路虎踞路石头城公园古城墙清凉门内,江苏省,南京市,鼓楼区,1,41df02fd72c7b9aea80dd86c
3863,虎踞路31号,118.768903,32.050933,江苏省南京市鼓楼区虎踞路31号,江苏省,南京市,鼓楼区,1,7fdce3cfc3d8459ec2f1cf40
3864,清凉山-83号,118.767911,32.054345,江苏省南京市鼓楼区清凉山83号,江苏省,南京市,鼓楼区,1,5bdc2fa4f365a7a72eb17ea1
3865,虎踞路86号小区,118.764941,32.057491,南京市鼓楼区虎踞路86号,江苏省,南京市,鼓楼区,1,64fa0395943cc498892fb5c1
3866,河海大学-学生7舍,118.765104,32.057813,南京市鼓楼区西康路1号河海大学,江苏省,南京市,鼓楼区,1,04785a9ef8e57775a11de98a
3867,河海大学-学生十舍,118.765648,32.057992,南京市鼓楼区虎踞路河海大学,江苏省,南京市,鼓楼区,1,ff747ef4796c0c520e3ddafb
3868,河海大学-研七舍,118.764906,32.057985,南京市鼓楼区西康路1号,江苏省,南京市,鼓楼区,1,810ff9db35ea719fbd484266
3869,河海大学-学生4舍,118.764277,32.057866,西康路1号河海大学虎踞路86号小区(西门)附近,江苏省,南京市,鼓楼区,1,b89561401c9cdf4561685835
3870,河海大学-学生八舍,118.765136,32.058124,南京市鼓楼区西康路1号河海大学,江苏省,南京市,鼓楼区,1,b266c9820c1d12c11ef74d68
3871,清凉山庄(内环西线辅路),118.768318,32.052895,南京市鼓楼区虎踞路62号,江苏省,南京市,鼓楼区,1,4642844a594f2cd9c8fa5fa3
3872,河海大学学生5舍,118.764274,32.0582,南京市鼓楼区河海大学学生5舍,江苏省,南京市,鼓楼区,1,9a1c07b9c30584c597ec8403
3873,河海大学-学生九舍,118.765085,32.058455,南京市鼓楼区虎踞路河海大学,江苏省,南京市,鼓楼区,1,97d9294cea136c8b88b98814
3874,河海大学-研究生6舍,118.764224,32.058439,江苏省南京市鼓楼区西康路1号,江苏省,南京市,鼓楼区,1,6453365943bc0411c51e517c
3875,南京水科院,118.772014,32.052798,江苏省南京市鼓楼区广州路223号,江苏省,南京市,鼓楼区,1,4848ab5e729ded995fbe866a
3876,虎踞关43号小区,118.769496,32.05753,南京市鼓楼区虎踞关43号,江苏省,南京市,鼓楼区,1,cd1554405e4751c2471a32b9
3877,鑫宏花园,118.760804,32.052471,南京市鼓楼区凤凰东街48号,江苏省,南京市,鼓楼区,1,75036835b2e610af5f0d02a3
3878,中海凤凰熙岸1期,118.761157,32.050132,南京市鼓楼区清凉门大街1号,江苏省,南京市,鼓楼区,1,71b1afe719af4a141ef74da4
3879,龙蟠里-5号,118.770158,32.051648,江苏省南京市鼓楼区龙蟠里5号,江苏省,南京市,鼓楼区,1,63e5a8533887d2ad28b97c61
3880,南京师范大学随园校区学生宿舍-8号楼,118.77022,32.059168,南京市鼓楼区宁海路122号南京师范大学随园校区,江苏省,南京市,鼓楼区,1,b3695e946b7cf7c0ab175ad2
3881,中海凤凰熙岸写字楼,118.763884,32.051002,江苏省南京市鼓楼区清凉门大街1号,江苏省,南京市,鼓楼区,1,99fcad30c761bbfcd718b74d
3882,虎距关1号综合楼(西南门),118.770192,32.057417,江苏省南京市鼓楼区虎踞关1-1号附近,江苏省,南京市,鼓楼区,1,aff08f067bc3412760180911
3883,宇田大厦,118.770494,32.057409,南京市鼓楼区华侨路街道虎踞关1号,江苏省,南京市,鼓楼区,1,dfc496b6cfebc8af8836eea3
3884,中海凤凰熙岸-东门,118.765168,32.050231,南京市鼓楼区凤凰东街与裕盛路交叉口东南150米,江苏省,南京市,鼓楼区,1,3cfa1b9118ba38094afc8d95
3885,紫府铭居,118.776804,32.055693,南京市鼓楼区广州路209号,江苏省,南京市,鼓楼区,1,366d5588762e48ff1ef74d6d
3886,天诚大厦,118.777152,32.056306,江苏省南京市鼓楼区广州路199号,江苏省,南京市,鼓楼区,1,f3c2373c52160b52d32dd6a3
3887,南京师范大学(随园校区)-留学生公寓,118.775396,32.057192,南京市鼓楼区宁海路街道宁海路122号,江苏省,南京市,鼓楼区,1,cdf1a6818b8dbd62d72ce2a6
3888,南京师范大学丁楼留学生公寓,118.775396,32.057192,南京市鼓楼区宁海路街道宁海路122号,江苏省,南京市,鼓楼区,1,cdf1a6818b8dbd62d72ce2a6
3889,五环大厦,118.777559,32.056513,南京市鼓楼区广州路191号,江苏省,南京市,鼓楼区,1,2ad32cc365a91b8f9c95dea3
3890,五台山体育中心-行政楼,118.777472,32.055026,江苏省南京市鼓楼区拉萨路2-3号(五台山体育中心内),江苏省,南京市,鼓楼区,1,3a3c8642ad7d2c678b2fb5f8
3891,江苏省人民医院-宿舍,118.776643,32.053363,南京市鼓楼区拉萨路18号,江苏省,南京市,鼓楼区,1,6dc7ce771df20617077ce8a4
3892,江苏省人民医院宿舍(广州路)-6幢,118.777071,32.057163,南京市鼓楼区广州路252号6幢,江苏省,南京市,鼓楼区,1,1d63f3a014f2fe84cc06a4d5
3893,南京师范大学丁楼留学生公寓,118.775396,32.057192,南京市鼓楼区宁海路街道宁海路122号,江苏省,南京市,鼓楼区,1,cdf1a6818b8dbd62d72ce2a6
3894,南京市胸科医院-宿舍区,118.776356,32.05296,南京市鼓楼区华侨路街道广州路215号,江苏省,南京市,鼓楼区,1,83d19a34a6cbec0eaecb66df
3895,百步坡,118.778171,32.053149,南京市鼓楼区拉萨路305号,江苏省,南京市,鼓楼区,1,9a63d7057df5351a7369d34e
3896,数字城市大厦(东北门),118.778167,32.057395,南京市鼓楼区广州路189号数字城市大厦,江苏省,南京市,鼓楼区,1,4e69c1f1b2806eec9f82eae1
3897,南京民防大厦,118.777924,32.057073,江苏省南京市鼓楼区广州路189号,江苏省,南京市,鼓楼区,1,060f5e533b5b08d7091cc7a3
3898,峨嵋岭-21号,118.776393,32.052491,峨嵋岭21号,江苏省,南京市,鼓楼区,1,9bf98d5110c90327c7f50d29
3899,峨嵋岭10号小区,118.777702,32.052165,江苏省南京市鼓楼区峨嵋岭10号,江苏省,南京市,鼓楼区,1,81d26054fda12eb60aa8d48d
3900,南山专家楼主楼-东楼,118.777605,32.058109,南京市鼓楼区宁海路122号南京师范大学随园校区(近五台山体育馆北门),江苏省,南京市,鼓楼区,1,f1f5cac58155dae537b06cb8
3901,虎踞关社区,118.769484,32.058359,虎踞关(广州路),江苏省,南京市,鼓楼区,1,a1e9391c69dee97bdbeced31
3902,峨嵋岭19号小区,118.775565,32.05172,江苏省南京市鼓楼区峨嵋岭19号,江苏省,南京市,鼓楼区,1,480b24d09410f48c9dec2b87
3903,易发科技大厦,118.778415,32.057712,江苏省南京市鼓楼区广州路,江苏省,南京市,鼓楼区,1,1b165219406212da2cb90834
3904,南京住建委大楼,118.778965,32.056885,南京市鼓楼区广州路183号,江苏省,南京市,鼓楼区,1,9f57f3a57293e542f32d83cd
3905,英伦国际,118.77946,32.056679,江苏省南京市鼓楼区广州路177号,江苏省,南京市,鼓楼区,1,a8987300dc7e0a84aeb22a50
3906,陶谷新村4号民国建筑,118.782522,32.060009,陶谷新村4号,江苏省,南京市,鼓楼区,1,b52d0cd3cec4ed983913fd01
3907,金鼎湾·今朝天下,118.778877,32.052382,南京市鼓楼区牌楼巷55号,江苏省,南京市,鼓楼区,1,b2760e6f3a6b744676e5b6d7
3908,峨嵋岭15号大院,118.775835,32.050668,南京市鼓楼区峨嵋岭13-15号,江苏省,南京市,鼓楼区,1,8e3b29a9f71ebee0bbbd6389
3909,南东瓜市小区,118.779448,32.058256,南京市鼓楼区南东瓜市14号,江苏省,南京市,鼓楼区,1,593850fb45bed65dde1e52a3
3910,五台山庄,118.778059,32.051186,南京市鼓楼区牌楼巷47号,江苏省,南京市,鼓楼区,1,ed21e7982ebffba59ef7795f
3911,峨嵋岭12号大院,118.776863,32.050856,南京市鼓楼区峨嵋岭12号,江苏省,南京市,鼓楼区,1,0bb02f7b11bc188096ca0769
3912,南京中国医药大学女生宿舍,118.774139,32.050725,南京市鼓楼区华侨路街道汉中路278号峨眉岭后院,江苏省,南京市,鼓楼区,1,ef0c0f0537acfd09364aae05
3913,龙蟠里-18号院,118.771506,32.052043,江苏省南京市鼓楼区龙蟠里18号,江苏省,南京市,鼓楼区,1,c114f8db4233396b9c09f76b
3914,宁海路122号西山-西区,118.771855,32.058671,南京市鼓楼区华侨路街道宁海路122号南京师范大学(随园校区),江苏省,南京市,鼓楼区,1,3025026f58025d624151c08a
3915,宁海路199-203号小区,118.778699,32.059213,南京市鼓楼区宁海路201号,江苏省,南京市,鼓楼区,1,95675bd5732aab13250bd041
3916,星月大厦(牌楼巷),118.77902,32.051558,南京市鼓楼区牌楼巷47号(近汉中路),江苏省,南京市,鼓楼区,1,15ed53ce0e11ab549322e0a3
3917,牌楼巷,118.778374,32.04943,江苏省南京市鼓楼区,江苏省,南京市,鼓楼区,0,b1f572856514af4a29201a59
3918,观园·翔龙,118.772656,32.051118,南京市鼓楼区华侨路街道虎踞路26号,江苏省,南京市,鼓楼区,1,b65f418152b57d4888b98847
3919,万源大厦(牌楼巷),118.77868,32.051086,南京市鼓楼区牌楼巷47-1号,江苏省,南京市,鼓楼区,1,654762717e6b6506daeced6a
3920,宁海路199号院,118.778562,32.059602,南京市鼓楼区宁海路199号,江苏省,南京市,鼓楼区,1,34eff2e88c63f57f2002201e
3921,龙蟠里-9号,118.770898,32.052109,江苏省南京市鼓楼区龙蟠里9号,江苏省,南京市,鼓楼区,1,23d6ebae4efd674bc6f50dc1
3922,怡华大厦,118.779852,32.051888,江苏省南京市鼓楼区怡景花园27号,江苏省,南京市,鼓楼区,1,50f7d146c6a621c473210ba3
3923,国华大厦,118.778511,32.050783,南京市鼓楼区牌楼巷47号,江苏省,南京市,鼓楼区,1,49a02a7a4cad84402a201aa3
3924,南师大小区,118.77108,32.058663,江苏省南京市鼓楼区虎踞关,江苏省,南京市,鼓楼区,1,ab86e1a8ac9130c93417dca0
3925,南京师范大学随园校区学生宿舍-3号楼,118.770425,32.059645,南京市鼓楼区宁海路122号南京师范大学随园校区,江苏省,南京市,鼓楼区,1,5bb6c3433c9a72ad15a190a5
3926,南京师范大学随园校区学生宿舍-3号楼,118.770425,32.059645,南京市鼓楼区宁海路122号南京师范大学随园校区,江苏省,南京市,鼓楼区,1,5bb6c3433c9a72ad15a190a5
3927,开元新居,118.771023,32.051233,南京市鼓楼区广州路龙蟠里14号,江苏省,南京市,鼓楼区,1,3dc9befda1d35e16bfa240a3
3928,合群新村-十二村,118.779643,32.059213,南京市鼓楼区北东瓜市与南东瓜市交叉路口往西北约70米,江苏省,南京市,鼓楼区,1,43e496ffd0ea1fc602ec014c
3929,南京师范大学随园校区学生宿舍-3号楼,118.770425,32.059645,南京市鼓楼区宁海路122号南京师范大学随园校区,江苏省,南京市,鼓楼区,1,5bb6c3433c9a72ad15a190a5
3930,南京师范大学-博士生公寓,118.772113,32.059817,南京市鼓楼区宁海路122号南京师范大学随园校区,江苏省,南京市,鼓楼区,1,1955c6f8717830a1b6147fb4
3931,南京师范大学随园校区学生宿舍-6号楼,118.771401,32.059505,南京市鼓楼区宁海路122号南京师范大学随园校区(近五台山体育馆北门),江苏省,南京市,鼓楼区,1,03efef0f4b7e2bd16e4760f6
3932,培德里小区,118.778566,32.060012,南京市鼓楼区宁海路195号(上海路),江苏省,南京市,鼓楼区,1,093d471f4c08974f5bf6be5b
3933,南京师范大学随园校区学生宿舍-9号楼,118.770236,32.059102,宁海路122号南京师范大学随园校区,江苏省,南京市,鼓楼区,1,e8312b881061d10077e5b602
3934,南京师范大学随园校区学生宿舍-3号楼,118.770425,32.059645,南京市鼓楼区宁海路122号南京师范大学随园校区,江苏省,南京市,鼓楼区,1,5bb6c3433c9a72ad15a190a5
3935,南京师范大学随园校区学生宿舍-3号楼,118.770425,32.059645,南京市鼓楼区宁海路122号南京师范大学随园校区,江苏省,南京市,鼓楼区,1,5bb6c3433c9a72ad15a190a5
3936,北东瓜市小区,118.779802,32.059965,"南京市鼓楼区北东瓜市12,13号",江苏省,南京市,鼓楼区,1,88bea9d4cdc024536d20b973
3937,南京师范大学随园校区学生宿舍5,118.770649,32.059942,南京市鼓楼区宁海路122号南京师范大学随园校区(近五台山体育馆北门),江苏省,南京市,鼓楼区,1,2b780d398382718d42d63e94
3938,青教公寓,118.776499,32.052153,江苏省南京市鼓楼区峨嵋岭20号20号院,江苏省,南京市,鼓楼区,1,7c2de0aea199825b90114caa
3939,文体西村,118.76443,32.035229,南京市建邺区南湖路,江苏省,南京市,建邺区,1,e3a7fd13ecc3f35229b97cb3
3941,百步坡,118.778171,32.053149,南京市鼓楼区拉萨路305号,江苏省,南京市,鼓楼区,1,9a63d7057df5351a7369d34e
3942,海苑大厦,118.784817,32.055874,南京市鼓楼区广州路99号,江苏省,南京市,鼓楼区,1,c5ddcc0822e1c7c6d91318a3
3943,广州路社区-北门,118.786118,32.056109,南京市鼓楼区广州路39号,江苏省,南京市,鼓楼区,1,e14ebdd4b2b5fd580bf5ebd7
3944,豆菜桥22-2,118.786328,32.05529,南京市鼓楼区豆菜桥22-2号,江苏省,南京市,鼓楼区,1,42281a15a03a5fc371455b87
3945,江苏教育大厦,118.778653,32.064896,南京市鼓楼区北京西路15号,江苏省,南京市,鼓楼区,1,4ce10ce6dd6c2fa1451a32a3
3946,江苏科技大厦,118.786653,32.055983,江苏省南京市鼓楼区广州路37号,江苏省,南京市,鼓楼区,1,881a28e7b176fa5ef942b271
3947,豆菜桥6号小区,118.785879,32.0544,南京市鼓楼区豆菜桥与干河沿前街交叉路口往西北约50米,江苏省,南京市,鼓楼区,1,9bccb9762ae2dc2ecae33c0b
3948,豆菜桥20号小区,118.78658,32.054617,南京市鼓楼区豆菜桥20号,江苏省,南京市,鼓楼区,1,ab49f977b355ef70b45f1eca
3949,广海大厦,118.783885,32.055859,南京市鼓楼区广州路101号,江苏省,南京市,鼓楼区,1,8cba4bb086411b87ad045705
3950,五台东苑,118.784756,32.054078,南京市鼓楼区上海路36号(广州路),江苏省,南京市,鼓楼区,1,b292b3aa0c43d52bbf4842bd
3951,豆菜桥小区,118.786108,32.05372,江苏省南京市鼓楼区豆菜桥4号,江苏省,南京市,鼓楼区,1,fc7675244b207b874e776e6c
3952,金陵中学教师宿舍,118.7872,32.055038,南京市鼓楼区华侨路街道干河沿前街90号,江苏省,南京市,鼓楼区,1,2cc076b55c309ccd81a12e4d
3953,豆菜桥小区,118.786108,32.05372,江苏省南京市鼓楼区豆菜桥4号,江苏省,南京市,鼓楼区,1,fc7675244b207b874e776e6c
3954,银城五台花园,118.783184,32.054735,南京市鼓楼区上海路21号,江苏省,南京市,鼓楼区,1,48eb00582949bfad2ee67ba3
3955,大地大厦,118.784426,32.053254,南京市鼓楼区华侨路56号,江苏省,南京市,鼓楼区,1,9ffb9d196b8ffccd2cb90878
3956,随园-7号楼,118.783675,32.056663,江苏省南京市鼓楼区随园7号楼,江苏省,南京市,鼓楼区,1,a9bbde98d69a70ac1f389491
3957,外教公寓-东门,118.787141,32.057287,江苏省南京市鼓楼区汉口路22号南京大学鼓楼校区,江苏省,南京市,鼓楼区,1,891cc9499d852d81c5effbeb
3958,五台山社区,118.783229,32.0536,江苏省南京市鼓楼区华侨路街道,江苏省,南京市,鼓楼区,1,0fb6f0d95dcae578ca1b954d
3959,青岛路2号小区,118.785269,32.057957,南京市鼓楼区青岛路2号,江苏省,南京市,鼓楼区,1,64f2fa6379e4b09a17b54bd8
3960,五台山1号,118.783391,32.053139,江苏省南京市鼓楼区五台山1号,江苏省,南京市,鼓楼区,1,2e041c55eecafb3232870ae0
3961,丰汇大厦,118.783277,32.053166,江苏省南京市鼓楼区上海路1号,江苏省,南京市,鼓楼区,1,d6df91c15ad2da6af6b916a3
3962,八一公寓,118.784244,32.052589,南京市鼓楼区华侨路81-1号,江苏省,南京市,鼓楼区,1,e116be542ba90f7bc81b95a0
3963,君临国际,118.788857,32.055886,江苏省南京市鼓楼区广州路5号,江苏省,南京市,鼓楼区,1,39d43f82f0aa359fa8059d43
3964,亚子宿舍,118.787319,32.052902,南京市鼓楼区华侨路46号-101室,江苏省,南京市,鼓楼区,1,b5e50644a982b05e82a12e45
3965,南京大学(鼓楼校区)陶园-1舍,118.788985,32.058129,南京市鼓楼区汉口路22号南京大学鼓楼校区,江苏省,南京市,鼓楼区,1,71786fe6147c268d88f15d91
3966,南京大学(鼓楼校区)陶园-1舍,118.788985,32.058129,南京市鼓楼区汉口路22号南京大学鼓楼校区,江苏省,南京市,鼓楼区,1,71786fe6147c268d88f15d91
3967,南京大学鼓楼校区宿舍区,118.787379,32.058286,南京市鼓楼区汉口路9南京大学宿舍,江苏省,南京市,鼓楼区,1,578470bb1e4fbe7fae080f18
3968,春风大厦,118.786784,32.052231,江苏省南京市鼓楼区华侨路37号,江苏省,南京市,鼓楼区,1,37d60a46be4ee7601f1d11a3
3969,南京大学(鼓楼校区)-陶园2舍,118.788243,32.057869,江苏省南京市鼓楼区汉口路22号南京大学鼓楼校区,江苏省,南京市,鼓楼区,1,5bf030703e4401f982a12e09
3970,兰之堂小区,118.785787,32.051772,南京市鼓楼区新街口西慈悲社5-2号,江苏省,南京市,鼓楼区,1,3d1abdf6ffdd78a431870ad5
3971,新兴大厦(华侨路),118.788787,32.05268,南京市鼓楼区华侨路26-3号,江苏省,南京市,鼓楼区,1,bd5046e8de9c3a41d62ce2a3
3972,华侨路二十六号小区,118.788199,32.053004,南京市鼓楼区华侨路26号,江苏省,南京市,鼓楼区,1,183257a354f861f225d2bbdd
3973,金蓝山商务中心,118.785557,32.059451,南京市鼓楼区湖南路街道汉口路47号,江苏省,南京市,鼓楼区,1,4c3955dc781fca5e95ca0722
3974,银城大厦,118.782622,32.052226,南京市鼓楼区上海路15号,江苏省,南京市,鼓楼区,1,74c933fb43c2b15e9f82eaa3
3975,汉口路小区,118.785598,32.059197,江苏省南京市鼓楼区汉口路47号,江苏省,南京市,鼓楼区,1,c8a203a776014930b5f42f7f
3976,苏宁环球大厦,118.781404,32.057128,广州路188号,江苏省,南京市,鼓楼区,1,61085211518b0ba0c51b750d
3977,华侨路,118.784407,32.052841,江苏省南京市鼓楼区,江苏省,南京市,鼓楼区,0,869ab5b10813c6ee9ef7794c
3978,青岛路10号院,118.784936,32.059106,南京市鼓楼区青岛路10号,江苏省,南京市,鼓楼区,1,4c5604ca263c484e2e473338
3979,易发信息大厦,118.790031,32.056026,南京市鼓楼区中山路179号,江苏省,南京市,鼓楼区,1,5ce2637d404bf851af31e5a3
3980,南京大学鼓楼校区南园-陶园南楼,118.789431,32.057717,南京市鼓楼区广州路18号,江苏省,南京市,鼓楼区,1,e0a96ec3066bff81ae31e585
3981,慈悲社-20号,118.786668,32.051499,江苏省南京市鼓楼区慈悲社20号,江苏省,南京市,鼓楼区,1,7f7ef7178ee3729bf4eafcaa
3982,南京大学(鼓楼校区)陶园-1舍,118.788985,32.058129,南京市鼓楼区汉口路22号南京大学鼓楼校区,江苏省,南京市,鼓楼区,1,71786fe6147c268d88f15d91
3983,龙世中心,118.79015,32.057019,南京市鼓楼区广州路2号,江苏省,南京市,鼓楼区,1,bcaebff8753c4e54c8e33ca3
3984,南京大学(鼓楼校区)南园-17舍,118.788932,32.05853,江苏省南京市鼓楼区汉口路22号,江苏省,南京市,鼓楼区,1,8d08ee538583f9f54151c0fe
3985,中南国际大厦,118.790077,32.053615,江苏省南京市鼓楼区中山路129号,江苏省,南京市,鼓楼区,1,7aea43b7f2f746847c29bd63
3986,五台山体育中心-商务楼,118.780842,32.052452,江苏省南京市鼓楼区华侨路街道五台山1-6号,江苏省,南京市,鼓楼区,1,15a938100d3817bd15c8f6a3
3987,南京大学(鼓楼校区)南园-7舍,118.788894,32.058786,江苏省南京市鼓楼区汉口路22号,江苏省,南京市,鼓楼区,1,54485eaefcc65d73d4851f00
3988,管家桥-87号,118.788978,32.052134,江苏省南京市鼓楼区管家桥87号,江苏省,南京市,鼓楼区,1,7d1fc29f9027b89b4e2fdf04
3989,南京大学(鼓楼校区)南园-2舍,118.788094,32.058978,江苏省南京市鼓楼区汉口路22号,江苏省,南京市,鼓楼区,1,bc090dde442f6528bda24078
3990,平家巷小区,118.787742,32.051318,南京市鼓楼区平家巷8号,江苏省,南京市,鼓楼区,1,b85858250fcc2bb535b06c87
3991,南京大学鼓楼校区南园-21舍,118.78611,32.059379,南京市鼓楼区汉口路22号南京大学鼓楼校区,江苏省,南京市,鼓楼区,1,53fe29d80928d2ed13293538
3992,上海路9号院,118.781858,32.050781,江苏省南京市鼓楼区上海路9号,江苏省,南京市,鼓楼区,1,2b937aa40dc707736240a91b
3993,南京大学鼓楼校区南园-20舍,118.786746,32.059426,南京市鼓楼区汉口路22号南京大学鼓楼校区,江苏省,南京市,鼓楼区,1,d719055a2263e8bef4eafc6a
3994,汉口路四十八号小区,118.784136,32.060324,南京市鼓楼区汉口路48号,江苏省,南京市,鼓楼区,1,e76b786270be84c49703194f
3995,南京大学(鼓楼校区)南园-2舍,118.788094,32.058978,江苏省南京市鼓楼区汉口路22号,江苏省,南京市,鼓楼区,1,bc090dde442f6528bda24078
3996,中山路99号,118.790078,32.053094,南京市鼓楼区中山路99号(华侨路与长江路交汇处华夏大厦北侧),江苏省,南京市,鼓楼区,1,8a1c2a958033f4e79868b4b8
3997,慈悲社-5号,118.785611,32.050705,江苏省南京市鼓楼区慈悲社5号,江苏省,南京市,鼓楼区,1,1cb0ff09131f27f70c0a7097
3998,华荣大厦,118.788984,32.051969,南京市鼓楼区管家桥85号,江苏省,南京市,鼓楼区,1,ef773a0fc8e99e34230220a3
3999,南京大学鼓楼校区南园-1舍,118.788073,32.059373,南京市鼓楼区汉口路22号南京大学鼓楼校区,江苏省,南京市,鼓楼区,1,ecc86781ff2b3eaf3c9a5ea6
4000,汉口路73号小区,118.784354,32.059839,南京市鼓楼区汉口路73号,江苏省,南京市,鼓楼区,1,ded81ec35b812b8ebbbd6323
4001,永庆村小区,118.781895,32.051773,南京市鼓楼区永庆巷路58号,江苏省,南京市,鼓楼区,1,3a0a78bd0ab63cfa621809a3
4002,南京大学(鼓楼校区)-南园8舍,118.788025,32.05709,南京市鼓楼区汉口路22号南京大学鼓楼校区,江苏省,南京市,鼓楼区,1,2a49c18c819eb61bb1077dfa
4003,中山商务楼(小粉桥二八巷),118.78992,32.058611,南京市鼓楼区中山路243号,江苏省,南京市,鼓楼区,1,108b1cead2e8d5ac3486f4a3
4004,管家桥-85号,118.789202,32.051634,南京市鼓楼区平家巷与管家桥交叉路口向西北约30米,江苏省,南京市,鼓楼区,1,7a8ccacb6bda84719222e0d6
4005,南京大学(鼓楼校区)-南园6舍,118.788857,32.059121,南京市鼓楼区汉口路22号南京大学鼓楼校区,江苏省,南京市,鼓楼区,1,81c582cf54e2c68d0a1cc71b
4006,南京大学(鼓楼校区)南园-19舍,118.787735,32.059684,南京市鼓楼区汉口路22号南京大学鼓楼校区,江苏省,南京市,鼓楼区,1,5dae49f6b2c14378ca1b951e
4007,江苏水务楼,118.782873,32.051068,江苏省南京市鼓楼区上海路7号,江苏省,南京市,鼓楼区,1,631c4157821e6a1c30f71dbd
4008,汉口路73号小区,118.784354,32.059839,南京市鼓楼区汉口路73号,江苏省,南京市,鼓楼区,1,ded81ec35b812b8ebbbd6323
4009,明华清园,118.7868,32.050882,江苏省南京市鼓楼区华侨路街道明华新村8号,江苏省,南京市,鼓楼区,1,4a56128bb4da4fc43b221cc8
4010,江苏省五台山体育中心-宿舍,118.780314,32.05249,五台山1-6号,江苏省,南京市,鼓楼区,1,d59205f22fc379d794ec849b
4011,南京华夏大厦,118.790055,32.052587,江苏省南京市鼓楼区中山路81号,江苏省,南京市,鼓楼区,1,6113ef774e4e56148f7727a3
4012,南京大学(鼓楼校区)-南园5舍,118.788758,32.059489,江苏省南京市鼓楼区汉口路22号,江苏省,南京市,鼓楼区,1,5e43ae51e5828f404207c1be
4013,江苏水利大厦,118.782766,32.050855,南京市鼓楼区上海路5号,江苏省,南京市,鼓楼区,1,5c56edd6cfa0e15aa0d230a3
4014,名人花园,118.78403,32.060276,南京市鼓楼区汉口路48号,江苏省,南京市,鼓楼区,1,917354a5a7d40010901fc9d4
4015,原楼桐荪寓所,118.781383,32.059092,南京市鼓楼区上海路88号,江苏省,南京市,鼓楼区,1,a1428534cff99698fda778a1
4016,汉口路四十八号小区,118.784136,32.060324,南京市鼓楼区汉口路48号,江苏省,南京市,鼓楼区,1,e76b786270be84c49703194f
4017,梅花新村,118.789002,32.0512,南京市鼓楼区管家桥85号,江苏省,南京市,鼓楼区,1,971612159525508a9c09f708
4018,南京大学鼓楼校区外国语学院国际项目学生公寓,118.782991,32.060138,南京市鼓楼区汉口路81号,江苏省,南京市,鼓楼区,1,c4558d68dd372152eb12e459
4019,管家桥-65号,118.788914,32.051059,南京市鼓楼区中山路55号,江苏省,南京市,鼓楼区,1,cecf64686b4b7486fda778d1
4020,上海路新村小区,118.78141,32.05955,南京市鼓楼区上海路100号,江苏省,南京市,鼓楼区,1,f7de729f5a5c9cd1a21de940
4021,明华新村,118.787318,32.050652,江苏省南京市鼓楼区沈举人巷13号,江苏省,南京市,鼓楼区,1,4dcf707e90cc1ff6ede4a5ad
4022,上海路上海新村10号小区,118.781869,32.059907,南京市鼓楼区南秀村与陶谷新村交叉路口往南约80米,江苏省,南京市,鼓楼区,1,2a959a56458f0638e60738ae
4023,南京大学鼓楼校区职工宿舍,118.782995,32.061271,南京市鼓楼区汉口路22号南京大学鼓楼校区南秀村7号,江苏省,南京市,鼓楼区,1,062d4370fbb247c29a005057
4024,管家桥-63号,118.788779,32.050556,江苏省南京市鼓楼区管家桥63号,江苏省,南京市,鼓楼区,1,a81f8210b6faa36732870a9a
4025,新世界中心-西南门,118.794004,32.055422,南京市玄武区珠江路88号,江苏省,南京市,玄武区,1,127ef4f59028ec0f2e4733cd
4026,北门桥路高层住宅小区,118.794636,32.055217,北门桥路10号,江苏省,南京市,玄武区,1,28e700f1f9e5ab7c085cb382
4027,希望商务中心,118.794854,32.05643,南京市玄武区珠江路191号,江苏省,南京市,玄武区,1,49746e72efdd6dfcad080fb2
4028,南京长发科技数码大厦,118.796246,32.055635,南京市玄武区珠江路222号,江苏省,南京市,玄武区,1,55fa2c0b3d31352d1ce999ec
4029,南京长发科技数码大厦,118.796246,32.055635,南京市玄武区珠江路222号,江苏省,南京市,玄武区,1,55fa2c0b3d31352d1ce999ec
4030,望江商务,118.794265,32.056022,南京市玄武区珠江路110号,江苏省,南京市,玄武区,1,f566578ea84007d50782c2cb
4031,新潮,118.792909,32.046025,南京市秦淮区正洪街时尚莱迪商城,江苏省,南京市,秦淮区,1,2b308e0a9091c080adb22a67
4032,珠江路小区,118.795519,32.056603,南京市玄武区珠江路219-231号,江苏省,南京市,玄武区,1,b6022eb63e88330b8c55ec58
4033,君临国际广场-1幢,118.789277,32.055882,南京市鼓楼区广州路5号君临国际内,江苏省,南京市,鼓楼区,1,c3716883b8a7542da1d230d2
4034,香居美苑,118.796312,32.059326,南京市玄武区进香河路31号,江苏省,南京市,玄武区,1,0a15c7ec6ddf46fced74f8ec
4035,新动互助中心,118.794061,32.055546,南京市玄武区珠江路88号新世界中心B座33层,江苏省,南京市,玄武区,1,f1e26fe3dcbc77156240a9d8
4036,北门桥路高层住宅小区,118.794636,32.055217,北门桥路10号,江苏省,南京市,玄武区,1,28e700f1f9e5ab7c085cb382
4037,佳汇大厦,118.794084,32.056518,江苏省南京市玄武区珠江路185号,江苏省,南京市,玄武区,1,a13ea93aabf43f5ded74f8a3
4038,北门桥路3号小区,118.79423,32.05424,江苏省南京市玄武区北门桥路3号,江苏省,南京市,玄武区,1,3b523c90443b3c13a2d23047
4039,鱼市街小区,118.794542,32.056978,鱼市街小区,江苏省,南京市,玄武区,1,7af270939c10714d0bf5eb61
4040,红庙小区,118.797066,32.054288,红庙4号,江苏省,南京市,玄武区,1,2dfd07759313a7dc250bd022
4041,北门桥路1号小区,118.795081,32.053864,南京市玄武区北门桥路1号,江苏省,南京市,玄武区,1,243e3ed3b2a43dc1fda778e4
4042,新月大厦,118.793224,32.056073,南京市玄武区珠江路48号,江苏省,南京市,玄武区,1,4bb049d97dcdbc47990050ef
4043,笼子巷住宅-A座,118.80201,32.051493,南京市玄武区太平北路64号,江苏省,南京市,玄武区,1,5400214f4960575d46e27408
4044,居安里住宅小区-南门,118.795707,32.057106,南京市玄武区居安里与进香河路交叉口西北50米,江苏省,南京市,玄武区,1,2e3d69c7506a5fdaed74f86d
4045,汇文里,118.793225,32.055039,南京市玄武区北门桥路15号,江苏省,南京市,玄武区,1,3ade8b796e5ba23620026210
4046,进香河住宅,118.796724,32.059734,南京市玄武区进香河路29号,江苏省,南京市,玄武区,1,088405a93f3fa5c913293505
4047,小纱帽巷小区,118.797609,32.056453,南京市玄武区小纱帽巷3号,江苏省,南京市,玄武区,1,77717f2a14c457e3932ca346
4048,长江花园,118.793321,32.053906,南京市玄武区估衣廊28号,江苏省,南京市,玄武区,1,480b24d02cfcbcf19cec2bec
4049,环保大楼(珠江路),118.798102,32.055535,南京市玄武区珠江路260号,江苏省,南京市,玄武区,1,881a28e702042b47f942b2ec
4050,雍园-6号民国住宅,118.810767,32.050323,南京市玄武区雍园6号,江苏省,南京市,玄武区,1,30ca41363a5ac2b530169bb8
4051,华利国际大厦,118.793201,32.056779,江苏省南京市玄武区珠江路67号,江苏省,南京市,玄武区,1,b1b924862459d7ddf82d61df
4052,进香河路29号小区,118.796038,32.057945,南京市玄武区进香河路29号,江苏省,南京市,玄武区,1,388227771c25769c841541eb
4053,大纱帽巷40号院,118.798724,32.056679,南京市玄武区珠江路大纱帽巷40号,江苏省,南京市,玄武区,1,18b3792dd077ce950289726e
4054,求雨居,118.792594,32.056889,南京市玄武区珠江路5号,江苏省,南京市,玄武区,1,973d15b09069638a82288ad8
4055,木马公寓,118.794062,32.057767,丹凤街卫巷1号,江苏省,南京市,玄武区,1,e1a323f8e3086d1507fef57d
4056,香铺营小区,118.796529,32.053063,江苏省南京市玄武区杨将军巷33号,江苏省,南京市,玄武区,1,0ed20a150a184d9757bfffec
4057,同仁电讯,118.793388,32.057562,鱼市街57号,江苏省,南京市,玄武区,1,97aaebced142f9ead618b73e
4058,陆家里-13号,118.792327,32.05444,江苏省南京市玄武区陆家里13号,江苏省,南京市,玄武区,1,c45104394288bbc02b06ce94
4059,新宁商务中心,118.797805,32.053329,南京市玄武区新街口街道杨将军巷46号,江苏省,南京市,玄武区,1,cab3ae484ab492dfb23c8145
4060,相府营-2号楼,118.797227,32.052253,南京市玄武区相府营2号,江苏省,南京市,玄武区,1,bd35bfe12afbb581f5c59c76
4061,估衣廊高层住宅,118.793389,32.053162,南京市玄武区估衣廊28号,江苏省,南京市,玄武区,1,d9bfbdcaf4d2770e9cf77901
4062,汇文里,118.793225,32.055039,南京市玄武区北门桥路15号,江苏省,南京市,玄武区,1,3ade8b796e5ba23620026210
4063,观音阁-4号楼,118.797973,32.053856,江苏省南京市玄武区观音阁4号楼,江苏省,南京市,玄武区,1,729c07709d1b982759bbbceb
4064,南京交通大厦,118.792423,32.056739,南京市玄武区珠江路63号,江苏省,南京市,玄武区,1,1b8edbb13718f413940319a7
4065,珠江大厦,118.798757,32.055231,南京市玄武区珠江路280号,江苏省,南京市,玄武区,1,c1653405b5625d79ab175aef
4066,同仁新寓,118.793264,32.057804,珠江路鱼市街57号,江苏省,南京市,玄武区,1,15a938100e8d16bd14c8f6ec
4067,卫巷2号院,118.796368,32.058527,南京市玄武区卫巷2号,江苏省,南京市,玄武区,1,6eab076b626bf98617948e7e
4068,越时空通讯广场北区,118.793934,32.058322,南京市玄武区丹凤街越时空通信广场,江苏省,南京市,玄武区,1,f079bf27e6423a2dc51b7569
4069,苏苑大厦,118.794883,32.052337,南京市玄武区洪武北路121号,江苏省,南京市,玄武区,1,e3082848e42338bfb34c49ef
4070,鸡鹅巷小区,118.797383,32.054855,南京市玄武区鸡鹅巷6号,江苏省,南京市,玄武区,1,59a2e9916d3b544a9d82ea6b
4071,长江花园-南区,118.792816,32.053061,南京市玄武区韩家巷与廊后街交叉路口往南约60米,江苏省,南京市,玄武区,1,64fc58c308be6429ede4a581
4072,老虎桥小区,118.797761,32.058525,江苏省南京市玄武区老虎桥32号,江苏省,南京市,玄武区,1,198d889289faee676c476013
4073,创盛大厦,118.793237,32.058348,鱼市街59-1号,江苏省,南京市,玄武区,1,ac18e0bf96f2155030169ba9
4074,中山大厦-北门,118.791689,32.056305,南京市玄武区珠江路2号,江苏省,南京市,玄武区,1,674c59983a788764210220cd
4075,老虎桥-18号,118.798284,32.0576,江苏省南京市玄武区老虎桥18号,江苏省,南京市,玄武区,1,9d281a3a1b58d3c9734b873b
4076,丹凤新寓,118.794237,32.059511,南京市玄武区大石桥街59号,江苏省,南京市,玄武区,1,b9e5d0b8eccb11bc81a12eec
4077,中盈福邸家园,118.793604,32.052437,南京市玄武区长江路90号,江苏省,南京市,玄武区,1,cd4e38708f22e8ac931fc93c
4078,肚带营,118.796252,32.052266,江苏省南京市玄武区,江苏省,南京市,玄武区,0,870bb0ff3ca68ebdda2f28bf
4079,凯润金城-北区,118.791719,32.054191,南京市玄武区中山路151号,江苏省,南京市,玄武区,1,5709dd6387990dfa455726c5
4080,一枝园小区,118.799977,32.054479,玄武区一枝园6号(网巾市口),江苏省,南京市,玄武区,1,db1f39d48ca14711f4c59cb8
4081,苏武写字楼,118.791046,32.054806,南京市玄武区中山路178号,江苏省,南京市,玄武区,1,f3540e62e41d29c90ab93aed
4082,网巾市小区,118.797822,32.052544,江苏省南京市玄武区网巾市8-1号,江苏省,南京市,玄武区,1,637df60a42eb187341afe69e
4083,如意里小区-南3门,118.798927,32.053592,南京市玄武区如意里28号附近,江苏省,南京市,玄武区,1,14d6621b2fbd3ebe6fc02c3c
4084,丹凤新寓-东区,118.795659,32.059148,江苏省南京市玄武区进香河路31号,江苏省,南京市,玄武区,1,f8b30401393c759404fef546
4085,一枝园小区-南区,118.799265,32.053871,玄武区碑亭巷一枝园1号西南方向30米,江苏省,南京市,玄武区,1,73a1ee5643413d57a8f0cdf8
4086,一枝园小区-北区,118.799545,32.054474,南京市玄武区一枝园18号,江苏省,南京市,玄武区,1,56c2df6ed0ef51c4badf8f76
4087,珠江壹号大厦,118.791418,32.057014,江苏省南京市玄武区珠江路1号珠江壹大厦,江苏省,南京市,玄武区,1,89ad595fae1b0ffd16c90535
4088,进香河住宅,118.796724,32.059734,南京市玄武区进香河路29号,江苏省,南京市,玄武区,1,088405a93f3fa5c913293505
4089,银鸿商务中心-A座,118.800542,32.054944,南京市玄武区珠江路350号,江苏省,南京市,玄武区,1,6ed3083aaf29f3cb2b3a9fc9
4090,大纱帽巷38号小区,118.799646,32.056463,南京市玄武区新街口街道大纱帽巷38号,江苏省,南京市,玄武区,1,a4a9e02af889c520fa42b289
4091,香居美苑,118.796312,32.059326,南京市玄武区进香河路31号,江苏省,南京市,玄武区,1,0a15c7ec6ddf46fced74f8ec
4092,将军巷-39号院,118.799159,32.057506,南京市玄武区将军巷39号,江苏省,南京市,玄武区,1,161718d007cdc94dbda2400e
4093,老虎桥32号小区,118.798421,32.058415,江苏省南京市玄武区老虎桥32号,江苏省,南京市,玄武区,1,e630e90a3e79941652e5c5ea
4094,相府吉邸,118.796829,32.051948,南京市玄武区网巾市11号北门(手机卖场),江苏省,南京市,玄武区,1,c7eca12b61b4fc37e115f9ec
4095,国信大厦,118.792953,32.051836,南京市玄武区长江路88号,江苏省,南京市,玄武区,1,005861081ae23ea546e274ed
4096,石婆婆庵小区,118.798775,32.052036,南京市玄武区石婆婆庵26号,江苏省,南京市,玄武区,1,c4b7e1a9733cd2f39e95de39
4097,石婆婆庵-18号,118.797321,32.051998,南京市玄武区网巾市石婆婆庵18号,江苏省,南京市,玄武区,1,3521d54fdf21fe25c5f50d50
4098,"唱经楼西街3号,5号,7号小区",118.792997,32.059063,"南京市玄武区唱经楼西街3号,5号,7号",江苏省,南京市,玄武区,1,b58c1fc20e8e4c7e0d3dda03
4099,丹凤新寓-西区,118.794256,32.059468,江苏省南京市玄武区大石桥街59号,江苏省,南京市,玄武区,1,d1f9c70a832e362853e5c5bc
4100,凯润金城-南区,118.792125,32.053255,江苏省南京市玄武区中山路112号韩家巷10号,江苏省,南京市,玄武区,1,59d66a80ddcecc2596f08c97
4101,唱经楼安全文明小区,118.792922,32.059045,江苏省南京市玄武区唱经楼西街7号,江苏省,南京市,玄武区,1,125db54ecd14c74d95ca072a
4102,大发·凯润金城5号楼,118.791056,32.054526,江苏省南京市玄武区中山路132号,江苏省,南京市,玄武区,1,a4e6664163fd4f81b4147fb8
4103,新街口政务大厦-南楼,118.795843,32.05975,玄武区19号,江苏省,南京市,玄武区,1,b5854f42f06f4936a8059d87
4104,如意里-6号楼,118.801059,32.053569,江苏省南京市玄武区长江路如意里北区一枝园南区,江苏省,南京市,玄武区,1,cb45716dec805537e60738b1
4105,石婆婆庵-12号,118.798964,32.051869,江苏省南京市玄武区石婆婆庵12号,江苏省,南京市,玄武区,1,ff8ac426e4b0d17dd2f49e4d
4106,如意里小区,118.799797,32.053507,南京市玄武区如意里5号,江苏省,南京市,玄武区,1,16b86c2003495f45ad0457fd
4107,吉兆花园,118.792168,32.058925,南京市玄武区唱经楼西街59号,江苏省,南京市,玄武区,1,373cf757431ac36e4354d7ec
4108,东南大学-后勤服务集团物业管理中心学府一舍,118.796476,32.059829,南京市玄武区大石桥街17号,江苏省,南京市,玄武区,1,9fcac6acfc41e7f66e20b9da
4109,新街口政务大厦,118.795613,32.059904,南京市玄武区大石桥街19号,江苏省,南京市,玄武区,1,64ff3be10214f8bb90114cef
4110,凯润金城,118.791883,32.053602,南京市玄武区长江路2号,江苏省,南京市,玄武区,1,f3c2373c832ef82cd22dd666
4111,地铁大厦,118.791038,32.058082,南京市玄武区中山路228号,江苏省,南京市,玄武区,1,db1f39d4cf76826ff5c59cec
4112,双井巷九号小区,118.799874,32.057733,南京市玄武区双井巷9号,江苏省,南京市,玄武区,1,1e0296405fff7bd994ec8487
4113,新街口政务大厦-北楼,118.795419,32.060115,南京市玄武区居安里新街口政务大厦西北侧,江苏省,南京市,玄武区,1,93fe9fed0fabf932cd04ef1e
4114,蓁巷小区,118.799407,32.058503,南京市玄武区蓁巷1号,江苏省,南京市,玄武区,1,69d4c030375c99ce30169bca
4115,新安里,118.795022,32.060112,南京市玄武区大石桥街与丹凤街交叉路口向东约100米,江苏省,南京市,玄武区,1,3cb5ad9af50b689bf7231008
4116,四牌楼-61号,118.7991,32.058952,江苏省南京市玄武区四牌楼61号,江苏省,南京市,玄武区,1,75c684bc5ecb8f07b21e36ce
4117,德基大厦,118.79665,32.051045,南京市玄武区长江路188号,江苏省,南京市,玄武区,1,39d43f828127e486a8059dec
4118,虹飞大厦,118.794073,32.06013,大石桥街29号,江苏省,南京市,玄武区,1,9d831317189e656a2b201ac4
4119,南京保险大厦-北门,118.792703,32.051421,南京市玄武区长江路69号,江苏省,南京市,玄武区,1,c5a8de4d58f90f431d1d117d
4120,潮男时代,118.799608,32.053326,南京市玄武区新街口街道如意里九号,江苏省,南京市,玄武区,1,4e4567dcaf213725c4f50d3d
4121,天创大厦,118.793394,32.059845,南京市玄武区丹凤街都司巷1号,江苏省,南京市,玄武区,1,14076deefefdc4f402294fef
4122,丹凤新寓西区-北门,118.794847,32.060228,南京市玄武区大石桥街25号附近,江苏省,南京市,玄武区,1,64bf90bedaef73f84bcc4aca
4123,艾尚天地-西1门,118.79076,32.052244,南京市玄武区中山路100号,江苏省,南京市,玄武区,1,1ebf9c2717c361dcabf72953
4124,长江贸易大楼,118.793235,32.051055,南京市玄武区长江路99号,江苏省,南京市,玄武区,1,083a55fac0ff3a79246e98ec
4125,进香河路22号5楼,118.798573,32.059516,江苏省南京市玄武区进香河路22号5楼,江苏省,南京市,玄武区,1,034dc0898a5da6e9eb1e97d0
4126,花红园社区休闲苑,118.805993,32.055866,南京市玄武区花红园29号,江苏省,南京市,玄武区,1,87248d960ca8b9b32806ceec
4127,花红园-35号小区,118.805997,32.055838,江苏省南京市玄武区花红园35号,江苏省,南京市,玄武区,1,b71f9e2e19c6ee81df1e52c5
4128,文德里小区,118.804892,32.055967,南京市玄武区文德里72号,江苏省,南京市,玄武区,1,1bf4c486acf4f37009b93a99
4129,文德里村,118.804892,32.055967,南京市玄武区文德里72号,江苏省,南京市,玄武区,1,1bf4c486acf4f37009b93a99
4130,雄狮国际大厦,118.805077,32.054804,南京市玄武区珠江路499号,江苏省,南京市,玄武区,1,41a01b7b6db48246acee7ae7
4131,华能城市花园,118.803745,32.056358,江苏省南京市玄武区文德里66号,江苏省,南京市,玄武区,1,d6ee872412627ee0a8f0cdec
4132,高宏未来广场,118.805132,32.054024,南京市玄武区珠江路438号(雄师商城对面),江苏省,南京市,玄武区,1,642674c1f36430066849f3c3
4133,东方大厦,118.806706,32.054333,江苏省南京市玄武区珠江路523号,江苏省,南京市,玄武区,1,101bc61b20f137a3c42ba1ec
4134,未来城写字楼-A2座,118.804543,32.054132,南京市玄武区珠江路488号,江苏省,南京市,玄武区,1,dafc526f4be4437a213bf21c
4135,花红园,118.806123,32.056009,南京市玄武区文德里78号,江苏省,南京市,玄武区,1,d4dd757be81ff23a9d82ea54
4136,华海大厦,118.80327,32.055254,南京市玄武区珠江路435号,江苏省,南京市,玄武区,1,00f1c7fb0448181fc056acec
4137,3c广场,118.803393,32.055013,江苏省南京市玄武区珠江路435号,江苏省,南京市,玄武区,1,7c5e480b5e28b9b4adb22ae8
4138,杨家胡同85号,118.807349,32.054904,江苏省南京市玄武区杨家胡同85号,江苏省,南京市,玄武区,1,ab9e7b4d94735a8431f71d37
4139,四牌楼商务中心,118.803101,32.056484,南京市玄武区太平北路114号,江苏省,南京市,玄武区,1,750ec1651ff0732b4c3a59ef
4140,华海大厦-办公区,118.802972,32.055297,南京市玄武区太平北路华海大厦,江苏省,南京市,玄武区,1,c0f690a5cf46c7e017948e02
4141,西大影壁,118.80775,32.054404,南京市玄武区珠江路575号,江苏省,南京市,玄武区,1,579c3a2411623bc35b109347
4142,演武厅1号大院,118.806241,32.056955,南京市玄武区演武厅1号,江苏省,南京市,玄武区,1,13361a825854176b593ac857
4143,红旗新村,118.806744,32.057683,淮海路红旗新村,江苏省,南京市,玄武区,1,a7c56ee088d4eab3a3acc4ec
4144,太平桥南小区-北区,118.80626,32.053034,江苏省南京市玄武区太平桥南13号,江苏省,南京市,玄武区,1,a082b4946e5f1a6d9b68b4fb
4145,长江后街5号小区-3栋,118.803379,32.053568,江苏省南京市玄武区长江后街5号院3栋,江苏省,南京市,玄武区,1,2ef9d1f4fea2de9801294fc9
4146,凤凰座商务写字楼,118.802741,32.053455,南京市玄武区太平北路80号,江苏省,南京市,玄武区,1,408faaf0bbe1875f843304a6
4147,长城大厦,118.802715,32.053768,江苏省南京市玄武区太平北路82号,江苏省,南京市,玄武区,1,d991e11656a021551f3894ec
4148,长城大厦管理办公室,118.802635,32.053888,南京市玄武区太平北路长江后街5号,江苏省,南京市,玄武区,1,5c4359947570a67b17764347
4149,成贤大厦,118.80204,32.056257,成贤街50号,江苏省,南京市,玄武区,1,4b8c973526decb3b32870a34
4150,太平商务大厦,118.801801,32.054072,南京市玄武区太平北路51号,江苏省,南京市,玄武区,1,6deee30834bd136a29fc48ef
4151,谷阳世纪大厦,118.807835,32.053485,南京市玄武区珠江路600号,江苏省,南京市,玄武区,1,07f3c8b5361ba2636240a9ec
4152,太平北路122号院,118.804416,32.058385,南京市玄武区太平北路122号,江苏省,南京市,玄武区,1,efe11098c4504fb21e1d11be
4153,太平桥南小区,118.805549,32.05221,南京市玄武区太平桥南35号,江苏省,南京市,玄武区,1,fa01e937a202d84a774ff1ec
4154,裕德里小区,118.806833,32.052345,南京市玄武区太平桥南15号,江苏省,南京市,玄武区,1,3be122e1963ce42f1ff74da0
4155,金桥·南京数码港,118.808608,32.0533,南京市玄武区珠江路648号,江苏省,南京市,玄武区,1,fac983d24792968fdb13184b
4156,东南大学四牌楼校区东住宅区,118.805796,32.05928,南京市玄武区梅园新村街道太平北路122号,江苏省,南京市,玄武区,1,22abc0c755212afc2a11d1b2
4157,东南大学四牌楼校区文昌10舍,118.805802,32.058939,南京市玄武区四牌楼2号(近成贤街),江苏省,南京市,玄武区,1,f23c40e93a9c0a98f7eafcca
4158,东大影壁小区,118.809198,32.054102,南京市玄武区珠江路603号,江苏省,南京市,玄武区,1,c21db9e5af4c7e8300ff2dec
4159,校东住宅区,118.805796,32.05928,南京市玄武区梅园新村街道太平北路122号,江苏省,南京市,玄武区,1,22abc0c755212afc2a11d1b2
4160,东南大学(四牌楼校区)-新九舍,118.806127,32.05919,江苏省南京市玄武区文昌街2号九舍,江苏省,南京市,玄武区,1,505b75ac75795ca232f71d66
4161,太平北路43号小区,118.801669,32.053527,南京市玄武区太平北路43-1号,江苏省,南京市,玄武区,1,6216064c9097d98bd92f289c
4162,成贤公寓,118.800833,32.055925,南京市玄武区成贤街39号,江苏省,南京市,玄武区,1,cc0849a01d0c052e94031965
4163,竺桥新村,118.808653,32.05252,南京市玄武区竺桥,江苏省,南京市,玄武区,1,75db5a133b5e14fe465726ec
4164,银鸿商务中心,118.800376,32.054824,江苏省南京市玄武区珠江路350-362号,江苏省,南京市,玄武区,1,8e1b9dffa0d9ae6cf13cbaad
4165,东南大学四牌楼校区文昌十三舍,118.804596,32.061393,南京市玄武区太平北路太平北路132号小区北侧,江苏省,南京市,玄武区,1,65dac2f3382a9b9b931fc93c
4166,天悦楼,118.810154,32.054697,南京市玄武区东大影壁8-1号,江苏省,南京市,玄武区,1,4d5b5685b6cf2693c91b95c7
4167,东南大学(四牌楼校区)-成园研究生公寓,118.802216,32.058662,南京市玄武区新街口街道成贤街90号,江苏省,南京市,玄武区,1,923ffd0000aaa4b7d92f28ec
4168,珠江路650-652号小区,118.809243,32.053137,南京市玄武区珠江路650-652号,江苏省,南京市,玄武区,1,bc2f1ac56bdeaf93fb2d61c9
4169,东南大学四牌楼校区-研究生宿舍,118.802883,32.059038,南京市玄武区新街口街道成贤街90号,江苏省,南京市,玄武区,1,fee2d99dd60b5fcd2fb17e5b
4170,太平桥南-9号,118.808129,32.052109,江苏省南京市玄武区太平桥南9号,江苏省,南京市,玄武区,1,5b3b2bf00e62afd9e5e9658c
4171,东南大学四牌楼校区文昌十二舍,118.804951,32.059716,南京市玄武区太平北路,江苏省,南京市,玄武区,1,f1c3e0b92f4831c59322e0b1
4172,总统府职员宿舍,118.804387,32.051341,长江路292号,江苏省,南京市,玄武区,1,515cf24d7fcb7c83d5b74ee4
4173,雨顺商务楼,118.798942,32.045407,江苏省南京市秦淮区延龄巷60-20号,江苏省,南京市,秦淮区,1,cd19b88b0333f118744ff1d5
4174,东南大学四牌楼校区文昌十三舍,118.804596,32.061393,南京市玄武区太平北路太平北路132号小区北侧,江苏省,南京市,玄武区,1,65dac2f3382a9b9b931fc93c
4175,东南大学四牌楼校区文昌9舍,118.804829,32.059964,南京市玄武区太平北路128号,江苏省,南京市,玄武区,1,62ed0b6f2752d165a0a934af
4176,沙塘园,118.800885,32.057553,江苏省南京市玄武区沙塘园,江苏省,南京市,玄武区,1,23ea800edab4b9afd8131875
4177,裕德里,118.806833,32.052345,南京市玄武区太平桥南15号,江苏省,南京市,玄武区,1,3be122e1963ce42f1ff74da0
4178,文昌桥小区,118.802897,32.059979,南京市玄武区成贤街成贤街-92号院,江苏省,南京市,玄武区,1,bd302df23c40bd2ef90cadd8
4179,东箭道物业小区-29号院,118.805703,32.050822,江苏省南京市玄武区东箭道29号,江苏省,南京市,玄武区,1,20fa281eadaebc5c9d82ea59
4180,卓越大厦,118.810242,32.052765,江苏省南京市玄武区珠江路688号,江苏省,南京市,玄武区,1,55b7544c84ab3ba8f7eafc8c
4181,东南大学(四牌楼校区)-老六舍,118.805143,32.060398,江苏省南京市玄武区文昌街2号新六舍,江苏省,南京市,玄武区,1,26755d0a41414fa34e776e7b
4182,成贤街社区,118.798616,32.0575,成贤街115-117号,江苏省,南京市,玄武区,1,913d1c3bfd34fce39fec2b50
4183,重庆新村,118.808404,32.052567,江苏省南京市玄武区重庆新村,江苏省,南京市,玄武区,1,f447cf1d993db99f15c90561
4184,兰园-28号,118.806966,32.060325,南京市玄武区北京东路兰园28号,江苏省,南京市,玄武区,1,db1f5956a24e455c6140a9a9
4185,桃源新村,118.809875,32.05156,珠江路桃源新村57号,江苏省,南京市,玄武区,1,709a469b4b67495407fef51a
4186,综合楼,118.797724,32.053241,南京市玄武区杨将军巷南京市第九初级中学,江苏省,南京市,玄武区,1,0c067ebea90b72dff02d833d
4187,高宏未来城广场-B座,118.806707,32.053702,江苏省南京市玄武区珠江路498号,江苏省,南京市,玄武区,1,af5d28c3bf12c5750c0a704c
4188,民国印象桃源行馆公寓,118.809686,32.05116,南京市玄武区梅园新村街道桃源新村5号,江苏省,南京市,玄武区,1,05eb836a5072b459f8dc8527
4189,珠江路511号院(北门),118.805486,32.054875,江苏省南京市玄武区花红园雄狮国际大厦东(未来城北),江苏省,南京市,玄武区,1,88abc1b10df4ca0c88b9887e
4190,珠江路511号院(东南门),118.806248,32.054785,南京市玄武区徐家巷与珠江路交叉口北100米,江苏省,南京市,玄武区,1,8ec3cd10034b53022811d19a
4191,装备部车队家属楼,118.815649,32.053977,南京市玄武区珠江路全季酒店(龙蟠中路店)东侧约210米,江苏省,南京市,玄武区,1,96bc1ea09e97b1256f3e1b24
4192,东来商务中心,118.814509,32.058432,南京市玄武区龙蟠中路30号,江苏省,南京市,玄武区,1,35debf2959399239a7da39a0
4193,东鼎大厦-1号楼,118.814581,32.052113,南京市玄武区珠江路657号,江苏省,南京市,玄武区,1,ed34ef040e3ecc62b11e36f6
4194,长城楼,118.810648,32.055039,南京市玄武区东大影壁47号,江苏省,南京市,玄武区,1,41572e0014e645c9b55f1ea0
4195,东大影壁-51号,118.811093,32.056812,江苏省南京市玄武区东大影壁51号,江苏省,南京市,玄武区,1,465ae40fceea9e96d518b78b
4196,百仕园,118.812615,32.05897,南京市玄武区龙蟠中路37号,江苏省,南京市,玄武区,1,bba87388ad098fa0bca822ec
4197,东大影壁-23号,118.811307,32.057767,江苏省南京市玄武区东大影壁23号,江苏省,南京市,玄武区,1,678aab06a7458703a7c756b2
4198,龙蟠中路97号院,118.811484,32.054692,南京市玄武区龙蟠中路97号,江苏省,南京市,玄武区,1,d2e39950f919daa4c6effbdd
4199,东大楼,118.810397,32.055698,南京市玄武区东大影壁12号,江苏省,南京市,玄武区,1,d305db1fc820d33e932ca3ec
4200,东大影壁-7号,118.810568,32.054838,江苏省南京市玄武区东大影壁7号,江苏省,南京市,玄武区,1,9351ee509245c3de4c3a5942
4201,东大影壁,118.810277,32.054481,江苏省南京市玄武区,江苏省,南京市,玄武区,0,c2c934f0f7fb2fddbadf8f89
4202,东大影壁-14号,118.81049,32.055992,江苏省南京市玄武区东大影壁14号,江苏省,南京市,玄武区,1,b82732bcdfdb88442bb97c59
4203,珠江路700号-1小区(地质大厦西北),118.813772,32.051601,南京市玄武区珠江路700-1号,江苏省,南京市,玄武区,1,8b94bd7996fd982b2a02e1cd
4204,东大影壁-12号,118.810371,32.055504,江苏省南京市玄武区东大影壁12号,江苏省,南京市,玄武区,1,693387fcdbfe2c7ff32d83da
4205,东大影壁-55号,118.811052,32.058179,南京市玄武区金鹏饭店2号楼,江苏省,南京市,玄武区,1,a184c96400dd00ac223bf2d0
4206,东大影壁58号,118.811469,32.058835,江苏省南京市玄武区东大影壁,江苏省,南京市,玄武区,1,6a65f73542b183d43ce23184
4207,东来科技大厦,118.810337,32.053669,南京市玄武区珠江路609号,江苏省,南京市,玄武区,1,d52831f9e5ef2aa72efaa7ec
4208,发展大厦,118.810927,32.052645,南京市玄武区珠江路696号,江苏省,南京市,玄武区,1,e3e2cd9d0c453fe0c7f50d0a
4209,地质大厦(珠江路),118.813759,32.050974,珠江路700号,江苏省,南京市,玄武区,1,27e3fe28468a321e0b1cc733
4210,竺桥14号小区,118.810665,32.052083,南京市玄武区珠江路竺桥16号,江苏省,南京市,玄武区,1,deac1a3f630b6a0d8bfc06e5
4211,黄埔路4号小区,118.818296,32.051321,江苏省南京市玄武区黄埔路4号,江苏省,南京市,玄武区,1,9e5725cfbb1293e3d72ce241
4212,竺桥14号小区,118.810665,32.052083,南京市玄武区珠江路竺桥16号,江苏省,南京市,玄武区,1,deac1a3f630b6a0d8bfc06e5
4213,雍园41号小区-1幢,118.80974,32.050622,南京市玄武区雍园25区1号,江苏省,南京市,玄武区,1,4d4af9af686e93cdab059ddd
4214,中国人民财产保险有限公司(南京市分公司),118.813585,32.058167,江苏省南京市玄武区龙蟠中路69号,江苏省,南京市,玄武区,1,d52831f9200e77a62ffaa78f
4215,佛心桥-42号住宅小区,118.825528,32.056885,南京市玄武区佛心桥42号,江苏省,南京市,玄武区,1,35debf293cf6f744a6da39ec
4216,城开御园,118.82419,32.055968,江苏省南京市玄武区北安门街佛心桥8号,江苏省,南京市,玄武区,1,c676e98f5684035100ff2ddd
4217,佛心桥-46号,118.826849,32.055339,南京市玄武区富贵巷6号,江苏省,南京市,玄武区,1,b49c78d53c7f0cf588b98809
4218,后宰门西村-87号楼,118.824299,32.054607,江苏省南京市玄武区香林寺路后宰门西村43号院,江苏省,南京市,玄武区,1,0071aa5fe9e3b7a80bccdd27
4219,富贵山小区,118.828324,32.057461,南京市玄武区佛心桥43号,江苏省,南京市,玄武区,1,4eb3b5339071b408420245a0
4220,佛心桥住宅,118.825392,32.057003,玄武区佛心桥42,江苏省,南京市,玄武区,1,88f328fe84681e90b64f5416
4221,佛心桥-42号住宅小区,118.825528,32.056885,南京市玄武区佛心桥42号,江苏省,南京市,玄武区,1,35debf293cf6f744a6da39ec
4222,后宰门西村-87号楼,118.824299,32.054607,江苏省南京市玄武区香林寺路后宰门西村43号院,江苏省,南京市,玄武区,1,0071aa5fe9e3b7a80bccdd27
4223,佛心桥47 48 49 50 51 52 -53号,118.827586,32.056131,南京市玄武区后半山园佛心桥47-53号小区,江苏省,南京市,玄武区,1,7c4ee3331504d25d2cb17ede
4224,佛心桥-48号,118.827537,32.05604,江苏省南京市玄武区佛心桥48号,江苏省,南京市,玄武区,1,f5b4e49dffe4d7bbf8221374
4225,后宰门西村小区,118.827583,32.052056,南京市玄武区后宰门西村74号,江苏省,南京市,玄武区,1,550fd5f9a7fa4b79931fc9ec
4226,富贵山3号小区-1号楼,118.825448,32.057463,南京市玄武区北安门街,江苏省,南京市,玄武区,1,4da22732179b58b8c056ac03
4227,佛心桥-52号,118.828059,32.056048,江苏省南京市玄武区佛心桥52号,江苏省,南京市,玄武区,1,7d05813563041cad02294f8d
4228,金陵石化公寓,118.828154,32.054865,后宰门东村76号,江苏省,南京市,玄武区,1,f633606a1b24ba4e0b69d9ec
4229,佛心桥-49号,118.82802,32.056541,江苏省南京市玄武区佛心桥49号,江苏省,南京市,玄武区,1,b150ce75ba41d262fa42b27b
4230,南京城市职业技术学院玄武分校生活区,118.826681,32.052761,江苏省南京市玄武区后宰门街36号-3,江苏省,南京市,玄武区,1,76bfcb49a8c2f6a6ad080f00
4231,富贵山-6号,118.827671,32.057417,江苏省南京市玄武区富贵山6号,江苏省,南京市,玄武区,1,6d1099b143072bd7eedfcafe
4232,馨园,118.828645,32.056173,佛心桥54号,江苏省,南京市,玄武区,1,4fc3161ac126e6a93a13fdec
4233,富贵山-4号,118.827179,32.057922,江苏省南京市玄武区富贵山4号,江苏省,南京市,玄武区,1,7f9acc7ecc93b07628d7ab9a
4234,佛心桥-50号,118.828823,32.056621,江苏省南京市玄武区佛心桥50号,江苏省,南京市,玄武区,1,802aee0b14821a753617dca8
4235,富贵山庄,118.828438,32.058062,南京市玄武区梅园新村街道北安门街富贵巷路口招商银行旁凯林宾馆,江苏省,南京市,玄武区,1,4ad5886fb526681f1fe99958
4236,后半山园-1号,118.829152,32.055836,江苏省南京市玄武区后半山园1号,江苏省,南京市,玄武区,1,89a2ed7e26adfdfbe5073880
4237,富贵山-2号,118.825029,32.05854,江苏省南京市玄武区富贵山2号,江苏省,南京市,玄武区,1,7c15d9a82769457933621216
4238,佛心桥-51号,118.82906,32.056584,江苏省南京市玄武区佛心桥51号,江苏省,南京市,玄武区,1,950bab70db05a2da02294f16
4239,富贵山-10号,118.830097,32.057441,江苏省南京市玄武区富贵山10号,江苏省,南京市,玄武区,1,cbc7252964e2f12e14c8f62f
4240,后宰门东村,118.829359,32.054491,后宰门东村,江苏省,南京市,玄武区,1,52a3c11bd3c14854626858a8
4241,北安门社区,118.826163,32.052319,南京市玄武区后宰门西村13号,江苏省,南京市,玄武区,1,fd17b46ce8776beb3a04b1b5
4242,富贵山-25号,118.828022,32.058625,江苏省南京市玄武区富贵山25号,江苏省,南京市,玄武区,1,cc98717208b6c9e9f42310db
4243,富贵山-8号,118.829562,32.057832,南京市玄武区富贵山庄8幢,江苏省,南京市,玄武区,1,ce1efb73ec4acd6fe31103ab
4244,后宰门西村小区,118.827583,32.052056,南京市玄武区后宰门西村74号,江苏省,南京市,玄武区,1,550fd5f9a7fa4b79931fc9ec
4245,后宰门-4号,118.82869,32.05278,玄武区后宰门4号,江苏省,南京市,玄武区,1,d45a85dba90ddd34c356ac4e
4246,富贵山-27号,118.828607,32.058458,江苏省南京市玄武区富贵山27号,江苏省,南京市,玄武区,1,5f692ec85ed9058443ab9a16
4247,富贵山-9号,118.829805,32.057251,江苏省南京市玄武区富贵山9号,江苏省,南京市,玄武区,1,2e6c09203a39f5d91188247e
4248,清溪村小区,118.829799,32.053069,南京市玄武区清溪村9号,江苏省,南京市,玄武区,1,bd5046e8dd293b41d72ce2ec
4249,后宰门街32号小区,118.829463,32.051768,江苏省南京市玄武区后宰门街32号,江苏省,南京市,玄武区,1,84ed2478525f0584744ff10a
4250,清溪大厦,118.828504,32.050962,南京市玄武区后宰门街19号,江苏省,南京市,玄武区,1,15ed53ce09a4aa549222e0ec
4251,后宰门街32号小区,118.829463,32.051768,江苏省南京市玄武区后宰门街32号,江苏省,南京市,玄武区,1,84ed2478525f0584744ff10a
4252,清溪路5号小区-2幢,118.829875,32.050318,南京市玄武区清溪路5号小区2幢,江苏省,南京市,玄武区,1,37c16879a73e7b43fd0eb09a
4253,富贵山小区-东门,118.829586,32.056048,江苏省南京市玄武区富贵山小区,江苏省,南京市,玄武区,1,a4e6350146ec116edeee8b8d
4254,南京市蔬菜副食品集团有限公司第二分公司综合楼-南门,118.826032,32.055225,南京市玄武区佛心桥44号,江苏省,南京市,玄武区,1,34d4342c91b200b5c71e51eb
4255,熊猫集团家属区,118.829839,32.050495,南京市玄武区梅园新村街道清溪路5号,江苏省,南京市,玄武区,1,8a499f406fdd8b2e43e19232
4256,富贵园公寓,118.831142,32.05691,南京市玄武区后半山园3号,江苏省,南京市,玄武区,1,bff8fa7d2c1cd8a0c8213dec
4257,后半山园小区,118.831856,32.057128,玄武后宰门半山园21号,江苏省,南京市,玄武区,1,3c0ea7c5f714fc9cfbf0cbec
4258,后半山园-3号,118.830717,32.057333,江苏省南京市玄武区后半山园3号,江苏省,南京市,玄武区,1,fa33d45d107f0c25901fc96f
4259,德基紫金山庄,118.863116,32.053359,江苏省南京市玄武区中山陵6号北区13栋,江苏省,南京市,玄武区,1,f938aef2f33356275abbbcec
4260,南京体育学院运动员公寓-1号楼,118.87583,32.050936,江苏省南京市玄武区南京体育学院,江苏省,南京市,玄武区,1,a790d29c596c79d1a3acc4a1
4261,东景花园,118.88586,32.050405,栖霞区孝陵卫钟灵街五棵松128号,江苏省,南京市,栖霞区,1,53349ee3a04dea6e220262ef
4262,五棵松-48号,118.888307,32.052472,五棵松48号,江苏省,南京市,栖霞区,1,03497477fdf2f36b5fd4fe3a
4263,钟山卫府,118.882436,32.050414,江苏省南京市玄武区中山门大街柳营99号,江苏省,南京市,玄武区,1,0c174d01ff5b6aef01ec0186
4264,马群街97号小区,118.893951,32.054705,江苏省南京市栖霞区马群街97号,江苏省,南京市,栖霞区,1,d23f921cb17a8a07f5b91625
4265,紫园,118.895657,32.057404,区马群环陵路99号,江苏省,南京市,栖霞区,1,673cc2d623f074a9bb17e7f7
4266,钟山职业技术学院学生公寓10,118.894917,32.052821,南京市栖霞区马群路169号钟山职业技术学院,江苏省,南京市,栖霞区,1,2e90afa2a8bf33572cb17e05
4267,钟山职业技术学院学生公寓10,118.894917,32.052821,南京市栖霞区马群路169号钟山职业技术学院,江苏省,南京市,栖霞区,1,2e90afa2a8bf33572cb17e05
4268,钟山职业技术学院学生公寓12,118.894944,32.052393,南京市栖霞区马群路169号,江苏省,南京市,栖霞区,1,4827db799b29532093114c3c
4269,钟山职业技术学院学生公寓-4栋,118.896257,32.050903,江苏省南京市栖霞区钟山学院马群校区学生公寓4栋,江苏省,南京市,栖霞区,1,a6d627be4611d195b2077db9
4270,钟山职业技术学院学生公寓12,118.894944,32.052393,南京市栖霞区马群路169号,江苏省,南京市,栖霞区,1,4827db799b29532093114c3c
4271,军总东苑,118.892618,32.052895,江苏省南京市栖霞区五棵松44号,江苏省,南京市,栖霞区,1,5181bbb86157a709bb17e78e
4272,钟山职业技术学院教师公寓1区,118.894551,32.051862,南京市栖霞区马群街169号,江苏省,南京市,栖霞区,1,bceb18ff3d27281a1e580018
4274,紫金佳苑(中山门大街),118.891558,32.052392,南京市栖霞区中山门大街506号,江苏省,南京市,栖霞区,1,3a960389e952bee78505bf02
4275,钟山职业技术学院学生公寓12,118.894944,32.052393,南京市栖霞区马群路169号,江苏省,南京市,栖霞区,1,4827db799b29532093114c3c
4276,马群99号小区,118.897984,32.052251,南京市栖霞区马群街99号,江苏省,南京市,栖霞区,1,befb0be1794a7a1a07fef54a
4277,钟山职业技术学院学生公寓2,118.897003,32.051452,南京市栖霞区钟山学院培训中心宾馆2栋,江苏省,南京市,栖霞区,1,64f44f6edd67a320c17da29a
4278,钟山职业技术学院学生公寓-5栋,118.896213,32.051111,江苏省南京市栖霞区钟山学院马群校区学生公寓5栋,江苏省,南京市,栖霞区,1,43e1dbbae3639a02d92f28bd
4279,复地御钟山三期,118.896766,32.058291,南京市栖霞区环陵路与陶家营路交叉口,江苏省,南京市,栖霞区,1,1cf45b255b022d4a58109357
4280,钟山职业技术学院学生公寓-1区,118.897107,32.051256,江苏省南京市栖霞区马群街169号,江苏省,南京市,栖霞区,1,054e74e2441f4337353a716c
4281,钟山职业技术学院学生公寓2,118.897003,32.051452,南京市栖霞区钟山学院培训中心宾馆2栋,江苏省,南京市,栖霞区,1,64f44f6edd67a320c17da29a
4282,钟山职业技术学院学生公寓12,118.894944,32.052393,南京市栖霞区马群路169号,江苏省,南京市,栖霞区,1,4827db799b29532093114c3c
4283,中垠·紫金观邸,118.901638,32.052506,江苏省南京市栖霞区中山门大街698号,江苏省,南京市,栖霞区,1,160e4375c306bb6848cc4a96
4284,钟山职业技术学院学生公寓12,118.894944,32.052393,南京市栖霞区马群路169号,江苏省,南京市,栖霞区,1,4827db799b29532093114c3c
4285,紫金东苑,118.890954,32.052228,南京市栖霞区马群街道五棵松46-1号,江苏省,南京市,栖霞区,1,55fa2c0b3d39352d1ce999e4
4286,复地东郡,118.899108,32.05584,南京市栖霞区马群街2号,江苏省,南京市,栖霞区,1,bc1489e5e69acc808c1a897b
4287,五棵松-48号,118.888307,32.052472,五棵松48号,江苏省,南京市,栖霞区,1,03497477fdf2f36b5fd4fe3a
4288,复地御钟山-二期,118.898981,32.058053,南京市栖霞区环陵路和中山门大街交叉口,江苏省,南京市,栖霞区,1,40fe88450852b661b5f42f0e
4289,府军卫小区-65号楼,118.898648,32.052378,南京市栖霞区马群街府军卫小区南侧约100米,江苏省,南京市,栖霞区,1,8e147eaa748b621c223bf2f4
4290,万家楼,118.908024,32.054846,南京市栖霞区,江苏省,南京市,栖霞区,1,1cea15a9fe4725c507fef549
4291,万家楼-21号,118.90628,32.055404,江苏省南京市栖霞区万家楼21号,江苏省,南京市,栖霞区,1,de10d031a8337867dbecedba
4292,万家楼-77号,118.906915,32.054731,江苏省南京市栖霞区万家楼77号,江苏省,南京市,栖霞区,1,02ab001e73eca92a0d3dda37
4293,万家楼-16号,118.906233,32.056067,江苏省南京市栖霞区万家楼16号,江苏省,南京市,栖霞区,1,1e43dcf8ec612c77b75f1e14
4294,万家楼-13号,118.906161,32.055842,江苏省南京市栖霞区万家楼13号,江苏省,南京市,栖霞区,1,130a586855d5135ee8e58267
4295,万家楼-90号,118.907363,32.053508,江苏省南京市栖霞区万家楼90号,江苏省,南京市,栖霞区,1,084e2415c289510eab175a7b
4296,万家楼-45号,118.907191,32.055757,江苏省南京市栖霞区万家楼45号,江苏省,南京市,栖霞区,1,18746a3aa9b2857bf50e7765
4297,万家楼-7号,118.906486,32.05606,江苏省南京市栖霞区万家楼7号,江苏省,南京市,栖霞区,1,a27de5eef2ea354df423104a
4298,万家楼-22号,118.906674,32.054886,江苏省南京市栖霞区万家楼22号,江苏省,南京市,栖霞区,1,b274218e678b2ca9eddfcaf8
4299,万家楼-52号,118.906797,32.055199,江苏省南京市栖霞区万家楼52号,江苏省,南京市,栖霞区,1,028ce5ad9f3de53b6fa3ccdf
4300,万家楼-50号,118.907224,32.055495,江苏省南京市栖霞区万家楼50号,江苏省,南京市,栖霞区,1,d64ab7c24091142643e1926b
4301,万家楼-41号,118.906866,32.055977,江苏省南京市栖霞区万家楼41号,江苏省,南京市,栖霞区,1,6f74c43370d1f9acc2f1cfd8
4302,万家楼-25号,118.906744,32.054727,江苏省南京市栖霞区万家楼25号,江苏省,南京市,栖霞区,1,4650271d3cf1282ba0acc4d5
4303,万家楼-64号,118.906946,32.054869,江苏省南京市栖霞区万家楼64号,江苏省,南京市,栖霞区,1,bd2d0548b9fe659bd5b74e9d
4304,万家楼-77号,118.906915,32.054731,江苏省南京市栖霞区万家楼77号,江苏省,南京市,栖霞区,1,02ab001e73eca92a0d3dda37
4305,万家楼-45号,118.907191,32.055757,江苏省南京市栖霞区万家楼45号,江苏省,南京市,栖霞区,1,18746a3aa9b2857bf50e7765
4306,万家楼-78号,118.906919,32.05463,江苏省南京市栖霞区万家楼78号,江苏省,南京市,栖霞区,1,e8d88780d5c59e618936ee69
4307,万家楼-81号,118.906955,32.054511,江苏省南京市栖霞区万家楼81号,江苏省,南京市,栖霞区,1,5edba120816baa63c929159c
4308,万家楼-72号,118.907344,32.054754,江苏省南京市栖霞区万家楼72号,江苏省,南京市,栖霞区,1,3d7b9b5b23a76a45ae080f0d
4309,万家楼-82号,118.906984,32.054398,江苏省南京市栖霞区万家楼82号,江苏省,南京市,栖霞区,1,5a0ebd9915dbf1b63686f44c
4310,万家楼-79号,118.907093,32.054574,江苏省南京市栖霞区万家楼79号,江苏省,南京市,栖霞区,1,bd60f86299ab06de09a8d48f
4311,万家楼-26号,118.906635,32.054172,江苏省南京市栖霞区万家楼26号,江苏省,南京市,栖霞区,1,1ae6bb3dd0e540e30e0e6b89
4312,万家楼-83号,118.907092,32.054173,江苏省南京市栖霞区万家楼83号,江苏省,南京市,栖霞区,1,3572e7f8416516502cb96dfa
4313,万家楼-28号,118.906651,32.053539,江苏省南京市栖霞区万家楼28号,江苏省,南京市,栖霞区,1,539a69ddb3975a3617c8f67b
4314,万家楼-90号,118.907363,32.053508,江苏省南京市栖霞区万家楼90号,江苏省,南京市,栖霞区,1,084e2415c289510eab175a7b
4315,万家楼-32号,118.90665,32.053293,江苏省南京市栖霞区万家楼32号,江苏省,南京市,栖霞区,1,f3af2f3164d42bf8adee7a65
4316,马群公寓,118.903055,32.058228,南京市栖霞区马群新街37号,江苏省,南京市,栖霞区,1,38e480374abf1c49373a7156
4317,中垠·紫金观邸,118.901638,32.052506,江苏省南京市栖霞区中山门大街698号,江苏省,南京市,栖霞区,1,160e4375c306bb6848cc4a96
4318,天悦花园,118.903689,32.059371,南京市栖霞区马群新街89-1号,江苏省,南京市,栖霞区,1,c5ddcc08745831b8d81318e7
4319,招商紫金尚园,118.901263,32.058598,南京市栖霞区中山门大街699号(马群中山门大街以北),江苏省,南京市,栖霞区,1,f4ee8e2c89678fbeabf72961
4320,百水芊城向水坊-02幢,118.909336,32.052031,南京市栖霞区宁杭公路2号百水芊城向水坊02幢,江苏省,南京市,栖霞区,1,db4244186becd113b120a871
4321,百水芊城-阅水坊,118.908999,32.050686,江苏省南京市栖霞区宁杭公路2号,江苏省,南京市,栖霞区,1,6a3e7371046225a9283a9f2f
4322,花园城(巨石马群店)-西门,118.900666,32.056963,南京市栖霞区中山门大街699号花园城F1,江苏省,南京市,栖霞区,1,c24bb01b40d0e22bd3f49e13
4323,花园城购物中心,118.90163,32.056951,南京市栖霞区中山门大街699号,江苏省,南京市,栖霞区,1,534025089ed8305cb11e366d
4324,百水家园-南门,118.910075,32.052742,江苏省南京市栖霞区马群百水桥路百水家园旁(百水芊城附近),江苏省,南京市,栖霞区,1,76f5210de22ec9bcf8dc8584
4325,百水家园,118.910523,32.054515,南京市栖霞区百水桥村116号,江苏省,南京市,栖霞区,1,cb4fd14688c614419d9d6856
4326,百水芊城西区,118.914254,32.05394,南京市栖霞区百水桥路7号,江苏省,南京市,栖霞区,1,b1575038ad66f13dc52ba1a8
4327,百水芊城-春水坊,118.911024,32.05139,南京市栖霞区宁杭公路2号,江苏省,南京市,栖霞区,1,7fec86cda8a03706f60e7761
4328,百水芊城上水坊,118.91231,32.055059,南京市栖霞区马群街道百水芊城社区,江苏省,南京市,栖霞区,1,61085211945756a1c51b7556
4329,百水芊城-春水坊,118.911024,32.05139,南京市栖霞区宁杭公路2号,江苏省,南京市,栖霞区,1,7fec86cda8a03706f60e7761
4330,百水芊城云水坊-5幢,118.914328,32.052639,南京市栖霞区百水桥路9号百水芊城云水坊5幢,江苏省,南京市,栖霞区,1,6367fc2fd2e07b528bf15d1e
4331,百水芊城怡水坊,118.914116,32.053851,南京市栖霞区百水桥路7号,江苏省,南京市,栖霞区,1,c8c8957a54c676c3a6da3937
4332,白水桥中心村小区,118.921975,32.064823,南京市栖霞区宁狮路10号,江苏省,南京市,栖霞区,1,cac5fc764b6a26f32cb96d56
4333,白水桥-21号,118.91662,32.059501,江苏省南京市栖霞区白水桥21号,江苏省,南京市,栖霞区,1,efec70e2b88db08b29d7abb6
4334,白水桥16号,118.91665,32.059404,江苏省南京市栖霞区白水桥16号,江苏省,南京市,栖霞区,1,2923394fbb55f4d72efaa781
4335,百水芊城云水坊-23幢,118.913938,32.050894,南京市栖霞区百水桥路9号百水芊城云水坊23幢,江苏省,南京市,栖霞区,1,907d9126e31e593aafee7a27
4336,怡水坊-4号楼,118.917477,32.054046,江苏省南京市栖霞区马群怡水坊4号楼(百水芊城东),江苏省,南京市,栖霞区,1,df76a361b964422e9cf77999
4337,银河湾.紫苑小区,118.926731,32.052649,南京市江宁区汤山街道丹霞路与天和路交叉口,江苏省,南京市,江宁区,1,48eb00587a9c48d32fe67b0b
4338,麒麟紫荆城泉水苑-东区,118.930523,32.050842,江苏省南京市江宁区麒麟紫荆城泉水苑东区(开城路西),江苏省,南京市,江宁区,1,6fbbb4f10297ec78da2f28ee
4339,文荟福邸,118.928332,32.058114,江苏省南京市江宁区悦民路9号,江苏省,南京市,江宁区,1,e49d1fbd0b2994d731f71dc2
4340,悦民公寓,118.929285,32.056708,南京市江宁区悦民路28号,江苏省,南京市,江宁区,1,61085211947256a1c51b7575
4341,悦民二期小区,118.929909,32.055478,南京市江宁区麒麟镇丹青路,江苏省,南京市,江宁区,1,5211d219fe76d5587dc87675
4342,悦民公寓一期-北区,118.929711,32.058629,南京市江宁区文荟路与悦民路交叉路口往东约160米,江苏省,南京市,江宁区,1,92815d35d4f015ceb64f54c9
4343,麒麟紫荆城晨光苑,118.930715,32.052653,江苏省南京市江宁区丹霞街18号,江苏省,南京市,江宁区,1,ed13105d33fdbcbcf40e77b2
4344,银河湾.紫苑小区,118.926731,32.052649,南京市江宁区汤山街道丹霞路与天和路交叉口,江苏省,南京市,江宁区,1,48eb00587a9c48d32fe67b0b
4345,银河湾花园,118.936811,32.057064,江苏省南京市江宁区悦民路133号,江苏省,南京市,江宁区,1,9ecff23cac0fb637d618b7c7
4346,阳光之旅,118.94017,32.057521,江苏省南京市江宁区泰盈路89号,江苏省,南京市,江宁区,1,33c054a1c640ec001e580040
4347,新地雅苑,118.934312,32.057107,南京市江宁区汤山街道开城路99号,江苏省,南京市,江宁区,1,93a999868ef3fc4a88f15df4
4348,东方红郡,118.935796,32.054876,南京市江宁区悦民街128号(公交车站),江苏省,南京市,江宁区,1,3014a1033ae61d24471a32bd
4349,中南麒麟锦城,118.931567,32.054911,麒麟镇开城路188号,江苏省,南京市,江宁区,1,f5e3bcae6a6b52bc5e17c308
4350,华汇康城-三期,118.939485,32.052142,丹青路与华汇路交叉口东南150米,江苏省,南京市,江宁区,1,7524cb4fed2d5e3404026f75
4351,麒麟紫荆城-长城苑,118.939437,32.050498,江宁区丹霞街,江苏省,南京市,江宁区,1,7efbea6ebcdd0b58e81e9718
4352,麒麟紫荆城泉水苑,118.928691,32.050936,江苏省南京市江宁区丹霞路19号(晨光苑对面),江苏省,南京市,江宁区,1,246502bc737dec2651e5c554
4353,华汇康城-2期,118.938003,32.052129,南京市江宁区丹青路与华汇路交叉口东南150米,江苏省,南京市,江宁区,1,4b35ae1a6071ee421994c6f8
4354,宇业·东方红郡天赋广场,118.93377,32.055189,南京市江宁区悦民路128号,江苏省,南京市,江宁区,1,4f4521cf62d199303586f4d1
4355,华汇康城-南区,118.939207,32.052253,南京市江宁区麒麟门,江苏省,南京市,江宁区,1,9f20b51838eabda0f8221367
4356,华汇康城-1幢,118.938803,32.055168,江苏省南京市江宁区华汇康城一期01幢,江苏省,南京市,江宁区,1,059b3f2ec92c60a32b201af2
4357,麒麟新村,118.934014,32.058318,南京市江宁区开城路81号,江苏省,南京市,江宁区,1,532ee1011fa6d587dfee8bb4
4358,麒麟科技创新园一期经济适用房A块,118.932092,32.051694,南京市江宁区丹霞街麒麟紫荆城晨光苑东南侧,江苏省,南京市,江宁区,1,f512dd670aeb77fac81b952a
4359,华汇康城南区(3号门),118.936442,32.053001,江苏省南京市江宁区麒麟街道华汇路华汇康城三期北门附近,江苏省,南京市,江宁区,1,5b83139fa333f3c09f09f7fe
4360,华汇·康城住宅小区17幢,118.936702,32.052136,江苏省南京市江宁区华汇康城二期17幢,江苏省,南京市,江宁区,1,e8a07d8b63dd3f5c14c8f6fa
4361,麒麟科技创新园一期经济适用房F地块,118.936471,32.050539,南京市江宁区华汇路麒麟紫荆城-长城苑,江苏省,南京市,江宁区,1,f3e96eeffa44acca7ec8762a
4362,麒麟紫荆城晨光苑,118.930715,32.052653,江苏省南京市江宁区丹霞街18号,江苏省,南京市,江宁区,1,ed13105d33fdbcbcf40e77b2
4363,麒麟山庄,118.94498,32.057424,"中山门外麒东路588号,麒麟镇往东1公里,宁杭公路的南侧",江苏省,南京市,江宁区,1,f1f5cac5c31d989836b06c75
4364,麒麟山庄-北门,118.94501,32.058335,江苏省南京市江宁区麒麟山庄(宁杭公路南),江苏省,南京市,江宁区,1,e4f6b02091d432bcc61b75c2
4365,东郊小镇第二街区,118.959341,32.05884,南京市江宁区麒东路777号,江苏省,南京市,江宁区,1,9f9042b4265dee9748cc4ae2
4366,东郊小镇·邻里中心,118.958168,32.059694,南京市江宁区麒东路777号,江苏省,南京市,江宁区,1,35cab3413488972ca1a934c7
4367,东郊小镇,118.961472,32.059698,麒麟街道麒东路777号,江苏省,南京市,江宁区,1,7c681b34c14cf65d6f4760b1
4368,东郊小镇第一街区,118.964301,32.059249,江苏省南京市江宁区麒麟街道麒东路777号,江苏省,南京市,江宁区,1,5ce2637d0530a550af31e5a5
4369,东郊小镇,118.961472,32.059698,麒麟街道麒东路777号,江苏省,南京市,江宁区,1,7c681b34c14cf65d6f4760b1
4370,江苏双龙集团有限公司(江宁混凝土分公司),118.976871,32.05112,南京市江宁区金丝岗锁石社区500号,江苏省,南京市,江宁区,1,3d05f1b673438978223bf2ad
4371,绿城桃花源,119.007817,32.047267,江苏省南京市江宁区古泉社区S122省道绿城桃花源,江苏省,南京市,江宁区,1,8f9c6d47e57d6d66fbf0cba4
4372,巴厘原墅,119.021086,32.051149,南京市江宁区开发区汤山镇古泉社区228号,江苏省,南京市,江宁区,1,1cea15a9aa38e9bb06fef5b7
4373,香樟华苹酒店,119.054892,32.050816,江苏省南京市江宁区温泉路12号2期,江苏省,南京市,江宁区,1,a7c56ee026b148aaa3acc46b
4374,西水湾家园,118.626955,32.049512,南京市浦口区江浦街道团结村20号,江苏省,南京市,浦口区,1,e30828481da5f1c1b34c496b
4375,巩固6号地块,118.639214,32.046829,南京市浦口区立新路南京市乐贝加(滨江)幼儿园东南侧约110米,江苏省,南京市,浦口区,1,5591a36fc59cd8a13586f4da
4376,江苏金胜楼,118.63691,32.057056,南京市浦口区珠泉西路新理想佳园东侧,江苏省,南京市,浦口区,1,95fd811f7377de402806ce80
4377,扬子科创中心-B幢,118.64772,32.04411,江苏省南京市浦口区浦滨路211号扬子科创中心,江苏省,南京市,浦口区,1,de807a51b119f5153a13fd06
4378,扬子科创中心-B幢,118.64772,32.04411,江苏省南京市浦口区浦滨路211号扬子科创中心,江苏省,南京市,浦口区,1,de807a51b119f5153a13fd06
4379,江北新区研创园孵鹰大厦-C座,118.64873,32.043516,江苏省南京市浦口区团结路99号,江苏省,南京市,浦口区,1,ae0f20eec2903334e81e979c
4380,江北新区研创园孵鹰大厦B座-B5门,118.649521,32.042658,江苏省-南京市-浦口区-华创路,江苏省,南京市,浦口区,1,31a1ad4a8518b50e441a326b
4381,江北新区研创园孵鹰大厦-A座,118.649098,32.04235,江苏省南京市浦口区团结路99号,江苏省,南京市,浦口区,1,be256dfbfd8769bf1b94c629
4382,江北新区研创园孵鹰大厦-C座,118.64873,32.043516,江苏省南京市浦口区团结路99号,江苏省,南京市,浦口区,1,ae0f20eec2903334e81e979c
4383,江北新区研创园孵鹰大厦-C座,118.64873,32.043516,江苏省南京市浦口区团结路99号,江苏省,南京市,浦口区,1,ae0f20eec2903334e81e979c
4384,江北新区研创园孵鹰大厦-2号门,118.649656,32.042283,南京市浦口区华创路与团结路交叉口北150米,江苏省,南京市,浦口区,1,20d5c736f4a2136eb45f1ec2
4385,江北新区研创园孵鹰大厦-2号门,118.649656,32.042283,南京市浦口区华创路与团结路交叉口北150米,江苏省,南京市,浦口区,1,20d5c736f4a2136eb45f1ec2
4386,江北新区研创园孵鹰大厦-2号门,118.649656,32.042283,南京市浦口区华创路与团结路交叉口北150米,江苏省,南京市,浦口区,1,20d5c736f4a2136eb45f1ec2
4387,金衡大厦,118.653266,32.045981,南京市浦口区华创路南京瑞斯丽酒店东侧约250米,江苏省,南京市,浦口区,1,dc37d83505f8d2e61894c6a7
4388,弘昌大厦,118.655074,32.045656,江苏省南京市浦口区江浦街道城南河路弘昌大厦,江苏省,南京市,浦口区,1,d9a39eeeae5692ff7f29bd60
4389,南京安防科技大厦,118.65202,32.046986,南京市浦口区丰子河东匝道与园创路交叉路口往南约70米,江苏省,南京市,浦口区,1,1da4e0866adbe0ade8e5825c
4390,南京软件园腾飞大厦,118.649917,32.04422,南京市浦口区江淼路88号,江苏省,南京市,浦口区,1,22fce0259bdbcdb5b23c819b
4391,南京软件园儒商科技大厦,118.653553,32.043654,南京市浦口区江淼路江北新区研创园人才公寓东北侧约80米,江苏省,南京市,浦口区,1,63591e572ec5289a0f0e6b11
4392,南京软件园人才公寓,118.652701,32.042323,江苏省南京市浦口区江浦街道江淼路南京软件园人才公寓,江苏省,南京市,浦口区,1,61ee2f798ed7b80abd4842e1
4393,保利·西江月,118.664596,32.047798,城南河路与横江大道交汇处,江苏省,南京市,浦口区,1,9fcf55d09b872ac3882fb57c
4396,长岛观澜·润园,118.717921,32.04687,江苏省南京市建邺区星影街30号,江苏省,南京市,建邺区,1,cde3f9f5b99d0d984afd3fb7
4397,长岛观澜·汐园,118.71203,32.046114,江苏省南京市建邺区绿水街18号,江苏省,南京市,建邺区,1,a42b4cee1f615db1c5effb2e
4398,长岛观澜银城沁园,118.713933,32.048501,南京市建邺区绿水街19号,江苏省,南京市,建邺区,1,51e59f44c21ab65ff9dc85b1
4399,保利·二十四院,118.715238,32.050221,江苏省南京市建邺区江心洲街道葡园路二十四院,江苏省,南京市,建邺区,1,3562f71f14168f5e96ca0752
4400,江心洲紫荆花苑,118.71553,32.04604,南京市建邺区绿水街保利紫荆公馆,江苏省,南京市,建邺区,1,821be7a765980f67f90cad59
4401,升龙公园道,118.718148,32.051067,葡萄路升龙公园道,江苏省,南京市,建邺区,1,a9ff97646931a80543afe6c4
4402,保利·紫荆公馆,118.715789,32.047331,江苏省南京市建邺区中新大道与星影街交叉路口往西南约100米,江苏省,南京市,建邺区,1,51954715fd554aca2fb90852
4403,银城长岛观澜,118.713306,32.047439,江苏省南京市建邺区绿水街18号,江苏省,南京市,建邺区,1,0dee8075efd6b6d803ff2d84
4404,联创科技大厦-A座,118.728913,32.039712,南京市鼓楼区集慧路18号,江苏省,南京市,鼓楼区,1,9fe146cfb908c0fb583ac839
4405,中建一局生活区,118.728301,32.041003,江苏省南京市建邺区清河路9号,江苏省,南京市,建邺区,1,ea4d234882f07b4aefe4a565
4406,胜科星洲府·澜庭,118.722038,32.049035,南京市建邺区环岛东路与文武街交叉口西南侧(升龙公园桂园道东侧),江苏省,南京市,建邺区,1,9dec4952cfdc937bcae33c7c
4407,江菊绿园,118.727862,32.041595,南京市建邺区清河路9号,江苏省,南京市,建邺区,1,f4460918d965006ab01e36ad
4408,艾志大厦,118.735959,32.044646,南京市鼓楼区汉中门大街309号,江苏省,南京市,鼓楼区,1,3ae2310547275c220d3ddaba
4409,广厦天水滨江花园,118.738607,32.045591,南京市鼓楼区汉中门大街400号,江苏省,南京市,鼓楼区,1,8b302abc104a063188fc0664
4410,水资源科技大厦,118.737659,32.044707,南京市鼓楼区清江南路70号,江苏省,南京市,鼓楼区,1,9abc44e2e1b63ad40c0a7013
4411,国家水资源科技研发大厦,118.73769,32.044638,清江南路70号,江苏省,南京市,鼓楼区,1,b75f17df3da802829a00505d
4412,江苏绿建大厦,118.732667,32.045281,江苏省南京市建邺区汉中门大街333号,江苏省,南京市,建邺区,1,ba3933303e3322a6081cc7cc
4413,苏宁慧谷E8-1栋,118.730346,32.038154,江苏省南京市鼓楼区集庆门大街江东软件城苏宁慧谷E08,江苏省,南京市,鼓楼区,1,767bee45fce79037a7c75684
4415,广厦天水滨江花园,118.738607,32.045591,南京市鼓楼区汉中门大街400号,江苏省,南京市,鼓楼区,1,8b302abc104a063188fc0664
4416,长安西街一号商业,118.732821,32.046419,南京市鼓楼区汉中门大街广厦天水滨江花园,江苏省,南京市,鼓楼区,1,9078ea5948b99ca6b817e7c9
4417,清河新寓-二村,118.736077,32.047778,南京市鼓楼区清江路45号,江苏省,南京市,鼓楼区,1,69fcd6dff7fed22fcb2915a1
4418,清河新寓,118.737607,32.047671,南京市鼓楼区清河路43号,江苏省,南京市,鼓楼区,1,5422bbc0271808c84f6d46fe
4419,政院新寓,118.738789,32.046884,江苏省南京市鼓楼区锦江路3号,江苏省,南京市,鼓楼区,1,d8f20f677a35d25480a00cba
4420,南京国际服务外包大厦,118.739452,32.044685,江苏省南京市鼓楼区汉中门大街301号,江苏省,南京市,鼓楼区,1,9cc7599c50a8e66cf7b91631
4421,清河新寓一村,118.73785,32.047748,南京市鼓楼区清江路46号,江苏省,南京市,鼓楼区,1,25ec69fcb1e07c7dc36c14a1
4422,临江新寓,118.734793,32.04855,南京市鼓楼区东宝路3号,江苏省,南京市,鼓楼区,1,b10e6b1dce825772ab059d4e
4423,乾和福邸公寓,118.74023,32.045951,南京市鼓楼区江东街道汉中门大街388号,江苏省,南京市,鼓楼区,1,27e9a11b85f5dc55b05c6ad5
4424,苏宁天玺国际广场-二期,118.736816,32.049051,南京市鼓楼区东宝路天玺国际广场,江苏省,南京市,鼓楼区,1,307baa862439607538e4a63b
4425,嘉景苑,118.739027,32.0482,南京市鼓楼区东宝路29号,江苏省,南京市,鼓楼区,1,a1418eb4c3843d7eeae582bf
4426,锦江花苑,118.740214,32.046973,汉中门大街218号,江苏省,南京市,鼓楼区,1,37ddf79371490ffd88f15d1d
4427,苏宁天玺国际广场,118.736645,32.049621,南京市鼓楼区清江路85号,江苏省,南京市,鼓楼区,1,0dc3d82d2ce1dd1175e5b66a
4428,锦江大厦,118.739679,32.047864,南京市鼓楼区锦江路6号,江苏省,南京市,鼓楼区,1,f3c652978f0683e31fe99953
4429,滨江瑞景家园,118.735217,32.049853,南京市鼓楼区江东街道东宝路88号,江苏省,南京市,鼓楼区,1,f78eaa5f5721cf692b201aea
4430,望江新寓,118.740429,32.04835,南京市鼓楼区浦江路,江苏省,南京市,鼓楼区,1,24d0550827728caf138824a1
4431,裕华大厦,118.746561,32.044904,南京市建邺区汉中门大街269号,江苏省,南京市,建邺区,1,dfc496b6cf9ac8af8836eeb0
4432,天顺大厦,118.746638,32.044956,南京市建邺区汉中门大街267号,江苏省,南京市,建邺区,1,8d96925cc93f3845c0f1cfb0
4433,恒生·名仕嘉园,118.746121,32.043749,南京市建邺区江东中路1号,江苏省,南京市,建邺区,1,631c41574030286130f71db0
4434,天顺苑,118.746855,32.044221,南京市建邺区汉中门大街267号,江苏省,南京市,建邺区,1,6835e3a749292a33e21103a1
4435,江海楼商务酒店,118.744086,32.045863,江苏省南京市鼓楼区汉中门大街300号,江苏省,南京市,鼓楼区,1,cdef4edf3739d35728d7ab76
4436,裕华名居,118.747032,32.045886,汉中西路298号,江苏省,南京市,鼓楼区,1,b9b9b67eed0493cea7da39a6
4437,典雅居大厦,118.744777,32.045924,南京市鼓楼区江东北路91号,江苏省,南京市,鼓楼区,1,70ae136d539da87abb17e7fc
4438,典雅居,118.744179,32.044235,南京市建邺区汉中门大街281号,江苏省,南京市,建邺区,1,6af28e34637d14e8a104640c
4439,世纪之星,118.744777,32.046498,南京市鼓楼区江东北路97号,江苏省,南京市,鼓楼区,1,2c40f0d3abafb10fd5b74ee2
4440,江汊里-1号,118.748282,32.04465,江苏省南京市建邺区江汊里1号,江苏省,南京市,建邺区,1,49ed203e3d040e19dd1e52d3
4441,金陵世纪花园,118.742677,32.047011,江苏省南京市鼓楼区东宝路97号,江苏省,南京市,鼓楼区,1,d24e48eb49678cb4aeee7aa1
4442,怡和佳苑,118.746223,32.047178,江苏省南京市鼓楼区凤凰西街230号,江苏省,南京市,鼓楼区,1,d999818ab70c9ee5c26c14b9
4443,芙蓉里小区-3号,118.748572,32.043999,江苏省南京市建邺区芙蓉里3号,江苏省,南京市,建邺区,1,d9d9f250af426d8314b54b58
4444,鸿都大厦,118.744928,32.047344,南京市鼓楼区江东北路97-9号,江苏省,南京市,鼓楼区,1,af1ae56b67dc51124307c1a1
4446,银城聚泽园,118.746691,32.048581,南京市鼓楼区江凤凰西街222号,江苏省,南京市,鼓楼区,1,7271297aba5d3222b05c6afc
4447,金陵世纪花园,118.742677,32.047011,江苏省南京市鼓楼区东宝路97号,江苏省,南京市,鼓楼区,1,d24e48eb49678cb4aeee7aa1
4448,康怡花园-西区,118.749388,32.044472,南京市建邺区云锦路6号,江苏省,南京市,建邺区,1,fac2e782de08c0710969d968
4449,江东大厦,118.744605,32.04814,南京市鼓楼区江东北路101号,江苏省,南京市,鼓楼区,1,6ee010209030b3ef53e5c5a1
4450,海棠里小区,118.749512,32.045924,南京市鼓楼区汉中门大街122号,江苏省,南京市,鼓楼区,1,f446091896c54517b11e3608
4451,凤凰花园城,118.748979,32.04701,南京市鼓楼区凤凰西街与湛江路交叉路口向西约100米,江苏省,南京市,鼓楼区,1,4642844a59312cd9c8fa5fa1
4452,银城聚泽园北园,118.747134,32.048563,江苏省南京市鼓楼区江东北路58号,江苏省,南京市,鼓楼区,1,626468172f0086bcd42ce20f
4453,莺歌苑小区-莺歌苑东门,118.749458,32.034669,南京市建邺区集庆门大街云锦路10号,江苏省,南京市,建邺区,1,ae85139be7a88a6d74026961
4454,东宝大厦,118.745093,32.049421,江东北路111号,江苏省,南京市,鼓楼区,1,7d5f3a0ac787d9362db908a1
4455,静幽园-A幢,118.749678,32.047092,江苏省南京市鼓楼区凤凰花园城静幽园A幢(凤凰西街北),江苏省,南京市,鼓楼区,1,ddafdd2ea39005443be4a676
4456,爱邦商业楼,118.750039,32.047814,南京市鼓楼区湛江路55号,江苏省,南京市,鼓楼区,1,43c50ee9afa0724b8c772755
4457,东宝花园,118.744409,32.049138,南京市鼓楼区东宝路6号,江苏省,南京市,鼓楼区,1,8019c63bf2f0385bbda240b6
4458,聚馨座,118.742683,32.049321,南京市鼓楼区东宝路2-12号,江苏省,南京市,鼓楼区,1,b68973ef180a5efb02897246
4459,银城聚锦园,118.743006,32.049674,南京市鼓楼区东宝路2号,江苏省,南京市,鼓楼区,1,98b8144f2883cd6b17b54b19
4460,时代天地广场,118.741925,32.049289,鼓楼区东宝路8号,江苏省,南京市,鼓楼区,1,ef0994a4e22c52bcb35c6a36
4461,江东二队-129号,118.74113,32.042801,江苏省南京市建邺区江东二队129号,江苏省,南京市,建邺区,1,f2635ddf7517f95d112935a6
4462,江东二队-121号,118.741239,32.042827,江苏省南京市建邺区江东二队121号,江苏省,南京市,建邺区,1,53fa5722924a36d77adbd2f7
4463,凤凰三村,118.756126,32.045107,凤凰3村21号,江苏省,南京市,鼓楼区,1,06d2dffd687d69f689f15da1
4464,南京市人防宿舍,118.754832,32.046173,南京市鼓楼区凤凰西街263号,江苏省,南京市,鼓楼区,1,2337d22d6831159871210bbe
4465,审计学院教师楼,118.757446,32.048161,南京市鼓楼区凤凰街道凤凰西街152号,江苏省,南京市,鼓楼区,1,f3cf1dff5d68ac945cd4fea5
4466,City EDIFICE大厦,118.753409,32.043795,南京市建邺区汉中门大街151号,江苏省,南京市,建邺区,1,29f6d57c6effa5039df779ed
4467,凤凰三村21号小区,118.754165,32.045661,南京市鼓楼区凤凰3村21号,江苏省,南京市,鼓楼区,1,633de87374487631c27da284
4468,凤凰西街269-275号小区,118.753666,32.04613,南京市鼓楼区凤凰西街269-275号,江苏省,南京市,鼓楼区,1,3a479836a2d34030c9291507
4469,南京晓庄学院留学生公寓,118.756854,32.043255,南京市建邺区北圩路41号RN晓庄学院,江苏省,南京市,建邺区,1,bf2daa30a58155ebc61e51d0
4470,西城广场(纪念馆东路),118.753173,32.043895,江苏省南京市建邺区汉中门大街151号,江苏省,南京市,建邺区,1,10c53644a911e0f243afe61d
4471,南京晓庄学院学生宿舍-1栋,118.756569,32.042621,江苏省南京市建邺区南京晓庄学院学生宿舍1栋,江苏省,南京市,建邺区,1,d67142de21897c646c3e1b32
4472,知海大厦,118.757862,32.043586,南京市建邺区汉中门大街南京晓庄学院(莫愁校区)北侧约40米,江苏省,南京市,建邺区,1,2195edcc5cdd870280a00cca
4473,南京农业科技大厦,118.752142,32.044357,江苏省南京市建邺区汉中门大街169号,江苏省,南京市,建邺区,1,5ce2637d403af851af31e5b0
4474,茶西里小区,118.755226,32.041946,南京市建邺区茶西里30号,江苏省,南京市,建邺区,1,3eb4a3f24834d82cd42ce2e4
4475,南京市政法干警宿舍,118.752934,32.046643,南京市鼓楼区凤凰西街凤凰西街186号院,江苏省,南京市,鼓楼区,1,1cee1e65658587a088db739a
4476,南京审计大学(莫愁校区)教工楼-1幢,118.758683,32.046903,江苏省南京市鼓楼区南审教工楼1栋,江苏省,南京市,鼓楼区,1,d5a3d28986af7b342e473333
4477,江苏省人民医院宿舍区,118.757796,32.047386,南京市鼓楼区凤凰西街140号,江苏省,南京市,鼓楼区,1,83012ca6b3b5c9c4c61b751a
4478,名城世纪园(嫩江路),118.753686,32.047615,南京市鼓楼区凤凰西街182号,江苏省,南京市,鼓楼区,1,dc0f0adc83dd2021f92213a1
4479,茶花里小区,118.756107,32.041797,水西门大街364号,江苏省,南京市,建邺区,1,a1c44059697d43599222e0c2
4480,建威公寓,118.759184,32.044083,南京市鼓楼区汉中门大街58号,江苏省,南京市,鼓楼区,1,1cef035305bcd7e04d776ef6
4481,莫愁花园,118.751561,32.045626,江苏省南京市鼓楼区汉中门大街120号5-101号,江苏省,南京市,鼓楼区,1,37d60a46be30e7601f1d11a1
4482,商校小区,118.754889,32.048336,南京市鼓楼区凤凰西街150号,江苏省,南京市,鼓楼区,1,c5ddcc08229fc7c6d91318a1
4483,天安花园,118.751646,32.043436,江苏省南京市建邺区汉中门大街189-1号,江苏省,南京市,建邺区,1,d5f93c0e3ef5835cecdfcab0
4484,凤凰西街188号,118.752651,32.047542,南京市鼓楼区凤凰西街188号,江苏省,南京市,鼓楼区,1,2fd331b3f8b3c6da74026985
4485,南审教工宿舍,118.757188,32.048105,南京市鼓楼区凤凰西街152号3幢303室,江苏省,南京市,鼓楼区,1,85f024ec9501ac712d4733d5
4486,建筑节能示范服务大楼,118.757105,32.048527,南京市鼓楼区凤凰西街152-1号,江苏省,南京市,鼓楼区,1,f26a96096e6edc0026d2bba6
4487,康怡花园,118.749745,32.044439,江苏省南京市建邺区汉中门大街199号,江苏省,南京市,建邺区,1,b9e5d0b8ef0f10bc80a12eb0
4488,牡丹里,118.751004,32.044992,南京市鼓楼区汉中门大街120号,江苏省,南京市,鼓楼区,1,d9682a98ec8f7db2e9f853e0
4489,建威大厦,118.760085,32.043997,南京市鼓楼区汉中门大街56号,江苏省,南京市,鼓楼区,1,480b24d02d49bdf19dec2ba3
4490,玉兰里-24幢,118.759755,32.043276,南京市建邺区北圩路8号玉兰里24幢,江苏省,南京市,建邺区,1,1088ac4e7411874fe856faac
4491,玉兰里-23幢,118.759626,32.042977,南京市建邺区北圩路8号玉兰里23幢,江苏省,南京市,建邺区,1,904d6806dd0c25bf79dbd2ca
4492,梅花里小区,118.758152,32.041522,南京市建邺区北圩路28号,江苏省,南京市,建邺区,1,7524cb4f9acd6d4804026f11
4493,水西门大街354号小区,118.75694,32.040705,江苏省南京市建邺区水西门大街354号,江苏省,南京市,建邺区,1,a3ed17e51e75c42c21f017ed
4494,凤凰西街128-138号小区,118.758834,32.048146,江苏省南京市鼓楼区凤凰西街128~138号,江苏省,南京市,鼓楼区,1,8d373aa375fee2e288db73b0
4495,江苏省中医院进修人员宿舍,118.755704,32.049658,南京市鼓楼区凤凰西街150号-1号,江苏省,南京市,鼓楼区,1,c78cab6b35c1f1596c4760f8
4496,金地苑,118.752667,32.048614,南京市鼓楼区凤凰西街188号,江苏省,南京市,鼓楼区,1,319e904d142c8d8a283a9f41
4497,凤凰花园城金陵园,118.750904,32.047306,南京市鼓楼区凤凰西街180号,江苏省,南京市,鼓楼区,1,fd59341ad71f0a2c07fef591
4498,凤凰西街小区,118.758727,32.048036,南京市鼓楼区凤凰西街136号,江苏省,南京市,鼓楼区,1,17bb5ed79d14c2e0441a329f
4499,玉兰里小区(莫愁西园西北),118.760129,32.042122,南京市建邺区北圩路8号,江苏省,南京市,建邺区,1,7d5f3a0a238cbd4b2db908b3
4500,千峰彩翠大厦,118.754107,32.040172,南京市建邺区水西门大街249号,江苏省,南京市,建邺区,1,fa835ce2d44d1bb6e912e4b0
4501,苏建集团大厦,118.757309,32.04038,南京市建邺区水西门大街352号,江苏省,南京市,建邺区,1,631c41574031286130f71db3
4502,华诚新村(凤凰西街118号),118.759501,32.048481,南京市鼓楼区凤凰街道凤凰西街118号,江苏省,南京市,鼓楼区,1,64acc28f78b98bf46240a946
4503,江苏交通科技大厦,118.756813,32.039749,江苏省南京市建邺区水西门大街223号,江苏省,南京市,建邺区,1,25ec69fcb1ee7c7dc36c14b3
4504,玉兰里,118.760129,32.042122,南京市建邺区北圩路8号,江苏省,南京市,建邺区,1,7d5f3a0a238cbd4b2db908b3
4505,苏建城,118.758095,32.040383,南京市建邺区水西门大街352号,江苏省,南京市,建邺区,1,4cf8d24e02daede49df779b3
4506,清溪园-15号,118.750971,32.048351,江苏省南京市鼓楼区清溪园15号,江苏省,南京市,鼓楼区,1,6d81dd3695a6befb8b2fb511
4507,教工新村,118.758112,32.049661,南京市鼓楼区凤凰西街112号,江苏省,南京市,鼓楼区,1,93e54ed6b672ec5d7069d3db
4508,中海玺荟公寓,118.759259,32.049712,南京市鼓楼区清凉门大街1号,江苏省,南京市,鼓楼区,1,d5789e16fb2134704afd3fa9
4509,茶亭巷小区,118.759375,32.040277,南京市建邺区北圩路玉兰里南侧约40米,江苏省,南京市,建邺区,1,a65c32502daceac2c26c1489
4510,凤凰花园城-清溪园,118.751686,32.048424,南京市鼓楼区凤凰西街凤凰花园城1号,江苏省,南京市,鼓楼区,1,f400b0bb9c2845fd28d7aba7
4511,枫亚苑,118.750994,32.049653,江苏省南京市鼓楼区江东街道湛江路68号,江苏省,南京市,鼓楼区,1,9ee392b836ed3241babd63a1
4512,莫愁西园,118.760294,32.040342,南京市建邺区水西门大街276-1-2号,江苏省,南京市,建邺区,1,7524cb4fed775e3405026fb3
4513,南京晓庄学院莫愁校区3号楼-北门,118.757778,32.043133,南京市建邺区北圩路41号,江苏省,南京市,建邺区,1,260f376a0cf7f4d9704b875e
4514,环宇城公寓,118.75915,32.049768,江苏省南京市鼓楼区清凉门大街1号(清凉门大街与北圩路交叉口),江苏省,南京市,鼓楼区,1,51d144aff8d039b5843304a9
4515,胜棋里,118.764798,32.044574,南京市鼓楼区汉中门大街与涌泉街交叉口西北100米,江苏省,南京市,鼓楼区,1,29c523f1766b93aa4d776ec7
4516,涌泉里(郁金里东),118.763806,32.04574,涌泉里,江苏省,南京市,鼓楼区,1,f39b7407f586eedb1e1d117d
4517,华园,118.767054,32.044076,南京市建邺区汉中门大街31号,江苏省,南京市,建邺区,1,8cba4bb06de8b484ac0457b3
4518,水利设计院职工宿舍(西南门),118.76561,32.04672,南京市鼓楼区汉北街8号,江苏省,南京市,鼓楼区,1,ebd6f6674a0f2987f9f0cb4c
4519,彩虹楼,118.766773,32.04686,南京市鼓楼区汉北街与胜棋街交叉路口向北约50米,江苏省,南京市,鼓楼区,1,d39294badb02cefcb817e735
4520,莫愁新寓-荷花里,118.763273,32.044095,南京市鼓楼区迎春街,江苏省,南京市,鼓楼区,1,3be122e10a4680521ff74da3
4521,劲顺花园小区,118.767614,32.046133,南京市鼓楼区汉中门大街28号,江苏省,南京市,鼓楼区,1,7aea43b7e6c84af87d29bda0
4522,汉北街8号小区,118.765365,32.047399,江苏省南京市鼓楼区汉北街8号,江苏省,南京市,鼓楼区,1,a1db63c6de8461b3cafa5fd5
4523,金贸新寓,118.768484,32.044919,南京市建邺区汉中门大街21号,江苏省,南京市,建邺区,1,f9f262c0222b76f8b35c6a5a
4524,凤凰庄小区,118.767851,32.047404,江苏省南京市鼓楼区汉中门大街3号,江苏省,南京市,鼓楼区,1,db1f39d4d0c2836ff4c59ca0
4525,莫愁新寓-郁金里,118.761987,32.045589,江苏省南京市鼓楼区迎春里10号-1,江苏省,南京市,鼓楼区,1,468a2e9401719aa8e60738be
4526,莫愁新寓迎春里,118.761692,32.044423,南京市鼓楼区迎春街与汉中门大街交汇处,江苏省,南京市,鼓楼区,1,64ff3be13da0f9bb91114ca3
4527,凤凰新村(郁金街),118.763523,32.048319,南京市鼓楼区凤凰西街69号,江苏省,南京市,鼓楼区,1,c0c3b0735479d390774ff1a1
4528,凤凰二村,118.763822,32.047818,南京市鼓楼区凤凰西街与郁金街交叉路口向东南约100米,江苏省,南京市,鼓楼区,1,8cba4bb02eb6f3f9ad04576c
4529,建华里小区,118.761326,32.044762,南京市鼓楼区郁金西街莫愁新寓迎春里,江苏省,南京市,鼓楼区,1,8361d9f4edd3d54efbf0cb1e
4530,蔚蓝之都家园,118.768915,32.047163,南京市鼓楼区汉中门大街2号,江苏省,南京市,鼓楼区,1,0058610815503fa547e274a3
4531,汉中门大街小区,118.769535,32.046138,江苏省南京市建邺区汉中门大街3号(莫愁湖公园北),江苏省,南京市,建邺区,1,63371a80a520c1addad8914d
4532,裕华新寓,118.765173,32.048625,南京市鼓楼区凤凰西街59号,江苏省,南京市,鼓楼区,1,3b4ab7f75f4aaac782288a75
4533,龙凤玫瑰园(凤凰西街),118.761813,32.047097,江苏省南京市鼓楼区凤凰西街163号,江苏省,南京市,鼓楼区,1,af1ae56b22c1146f4307c1b9
4534,漫城名苑,118.766494,32.048895,江苏省南京市鼓楼区凤凰街55号,江苏省,南京市,鼓楼区,1,f7e6f41da476686eb04c490f
4535,莫愁家园,118.770377,32.04594,南京市建邺区汉中门大街1-1号,江苏省,南京市,建邺区,1,d429ee670e79e31f2afc486c
4536,凤凰西街229号小区,118.760858,32.046429,南京市鼓楼区凤凰西街229号,江苏省,南京市,鼓楼区,1,bea889a31c8a20b2da2f2895
4537,凤凰街八十四号小区,118.767775,32.049352,江苏省南京市鼓楼区汉中门大桥旁凤凰街84号,江苏省,南京市,鼓楼区,1,e30828483e4d92a6b34c491c
4538,中海凤凰熙岸-三期,118.764348,32.049877,江苏省南京市鼓楼区中海凤凰熙岸三期(凤凰东街南),江苏省,南京市,鼓楼区,1,3f500b2e1e0e857e17c8f673
4539,莫愁湖西路-9号楼,118.763768,32.042444,南京市建邺区莫愁湖西路9号,江苏省,南京市,建邺区,1,7cee2cb0652b3faa1188244b
4540,中海凤凰熙岸2期,118.760253,32.049242,南京市鼓楼区清凉门大街1号,江苏省,南京市,鼓楼区,1,a6f9f2bc1b6605df84330466
4541,金基唐城,118.761456,32.040624,南京市建邺区汉中门大街87号,江苏省,南京市,建邺区,1,d52831f927076cda2ffaa780
4542,中北商务大厦,118.761745,32.043204,江苏省南京市建邺区汉中门大街81号,江苏省,南京市,建邺区,1,2a16acc68444a73fa3acc4d2
4543,甲壳虫(凤凰街店),118.769961,32.047905,江苏省南京市鼓楼区凤凰街2号,江苏省,南京市,鼓楼区,1,8b94ba8aa0c60ed490114c8f
4544,圣鹰大厦,118.761423,32.043336,南京市建邺区汉中门大街87号,江苏省,南京市,建邺区,1,41572e00a8ec21b4b55f1eb3
4545,悦庆大厦,118.769531,32.048155,江苏省南京市鼓楼区凤凰街2号,江苏省,南京市,鼓楼区,1,3e245ea1065bc6592fb17eb8
4546,金鹰·汉中新城,118.770191,32.046444,南京市建邺区汉中门大街1号,江苏省,南京市,建邺区,1,d88e5f27fed5ed9bb5f42fb4
4547,龙凤玫瑰园,118.761813,32.047097,江苏省南京市鼓楼区凤凰西街163号,江苏省,南京市,鼓楼区,1,af1ae56b22c1146f4307c1b9
4548,莫愁新寓小学-南门,118.763606,32.046591,南京市鼓楼区汉北街20号,江苏省,南京市,鼓楼区,1,4ebf58a2449a2471c6effb2c
4550,陶李王巷16-22号小区-南门,118.775104,32.046797,江苏省南京市秦淮区陶李王巷16-22号,江苏省,南京市,秦淮区,1,1c4a821dea60c295250bd05f
4551,陶李王巷,118.776142,32.045748,南京市秦淮区堂子街72号,江苏省,南京市,秦淮区,1,8fa14fc3d941e36ef7eafc45
4552,环宇商务中心,118.776892,32.044194,南京市秦淮区堂子街24号,江苏省,南京市,秦淮区,1,35debf293d5ef644a6da3944
4553,罗廊巷7号,118.777116,32.044894,南京市秦淮区罗廊巷7号,江苏省,南京市,秦淮区,1,c5c95faa52ede73b2dfaa717
4554,罗廊巷-11号,118.777126,32.045042,南京市秦淮区罗廊巷11号,江苏省,南京市,秦淮区,1,cdbbe4ed97664cc825e0a0d9
4555,柏果树新寓,118.774197,32.04625,南京市秦淮区柏果树2号,江苏省,南京市,秦淮区,1,8fde79ccbf6d98bf95ca0745
4556,金墙大厦-A座,118.773645,32.045313,江苏省南京市秦淮区虎踞南路30号,江苏省,南京市,秦淮区,1,c1c2563dfd2bdeb703ff2d8e
4557,贝客公寓,118.786066,32.046413,南京市秦淮区石鼓路阳光大厦,江苏省,南京市,秦淮区,1,2298a516a688388ed22dd698
4558,陶李王巷16-22号小区,118.775319,32.047026,南京市秦淮区陶李王巷16号～22号,江苏省,南京市,秦淮区,1,bddc47adeb320cfb72455b42
4559,翔宇大厦,118.774311,32.043759,南京市秦淮区虎踞南路34-8号,江苏省,南京市,秦淮区,1,dffd631c2e66c3bc39221cb3
4560,陶李王巷-14号,118.776878,32.046437,南京市秦淮区陶李王巷石鼓路小区,江苏省,南京市,秦淮区,1,8681785c135a5549eedfca4e
4561,环宇轩小区,118.776953,32.0439,南京市秦淮区堂子街10-20号(双),江苏省,南京市,秦淮区,1,1bf85b25731de4a4a1a93445
4562,罗廊巷2号小区,118.777573,32.044517,南京市秦淮区罗廊巷2号,江苏省,南京市,秦淮区,1,c5e552c182d1c3c4e011036d
4563,苏商大厦(内环西线辅路),118.77377,32.046546,江苏省南京市秦淮区虎踞南路10号,江苏省,南京市,秦淮区,1,c5ddcc0822fcc7c6d8131844
4564,石鼓路小区,118.776842,32.046846,南京市秦淮区石鼓路207-225号,江苏省,南京市,秦淮区,1,9e7d279699895ce6ca2915d4
4565,候家桥43-109号小区,118.777839,32.045382,南京市秦淮区罗廊巷6号,江苏省,南京市,秦淮区,1,08895953e5ad79b528b97c77
4566,罗廊巷21-27号小区,118.77734,32.046303,罗廊巷21-27号,江苏省,南京市,秦淮区,1,d0f3933c693acf238f1a899a
4567,工交党校片小区,118.776623,32.043372,南京市秦淮区朝天宫西街102-12号,江苏省,南京市,秦淮区,1,10beb5306eea35373ae4a6f9
4568,罗廊巷29-37号小区,118.777441,32.046535,罗廊巷29-37号,江苏省,南京市,秦淮区,1,90818ced7ee894130bccddbc
4569,虎踞南路小区,118.773994,32.047093,南京市秦淮区虎距南路98号,江苏省,南京市,秦淮区,1,23c8fa1a09437333d92f283a
4570,通宇大厦,118.776974,32.043309,南京市秦淮区朝天宫堂子街41号,江苏省,南京市,秦淮区,1,44207646aabe926bdeee8b45
4571,侯家桥小区,118.778036,32.045355,江苏省南京市秦淮区侯家桥43号95~101号,江苏省,南京市,秦淮区,1,28572b53d255cfc16268582d
4572,汉中苑,118.774771,32.042629,南京市秦淮区虎踞南路48号,江苏省,南京市,秦淮区,1,60b3b05abe0a5661be4842a8
4573,新城·逸境,118.772672,32.043737,南京市建邺区莫愁湖东路48号,江苏省,南京市,建邺区,1,d1469ee77743061f853304a0
4574,朝天宫西街102号,118.777715,32.043324,江苏省南京市秦淮区朝天宫西街105号,江苏省,南京市,秦淮区,1,3b605c9d740dca1014b54b6a
4575,兴宇大厦,118.772715,32.046847,南京市秦淮区虎踞南路2-18号,江苏省,南京市,秦淮区,1,7388dffd132dacebd2ff23b3
4576,沁水景苑,118.772689,32.046733,江苏省南京市秦淮区虎踞南路2-18号,江苏省,南京市,秦淮区,1,a8fe0eb8b81cd50f1e580041
4577,南京双鸿小区,118.776486,32.047565,南京市秦淮区石鼓路216号,江苏省,南京市,秦淮区,1,5311061f5d52b25f14948ee4
4578,鸿发大厦,118.777061,32.047788,南京市秦淮区石鼓路216号,江苏省,南京市,秦淮区,1,5e5387d38b8a1bdbf8221346
4579,鸿邺大厦,118.776606,32.047728,南京市秦淮区石鼓路228号,江苏省,南京市,秦淮区,1,106639a74e5da61cd3ff238b
4580,张公桥居住区,118.777015,32.042264,江苏省南京市秦淮区张公桥2号,江苏省,南京市,秦淮区,1,db1f39d4d0e5836ff5c59c79
4581,鸿运大厦-停车场,118.77713,32.048337,南京市秦淮区汉中路185号,江苏省,南京市,秦淮区,1,c7eca12b840b994ae115f951
4582,金丝利国际大厦,118.7777,32.048032,江苏省南京市秦淮区汉中路169号,江苏省,南京市,秦淮区,1,b17068ed6414fc0d15c905e4
4583,侯家里小区,118.77955,32.044466,江苏省南京市秦淮区侯家桥9号附近,江苏省,南京市,秦淮区,1,0ce65c2d424654592d473345
4584,银翔商务,118.776506,32.040742,江苏省南京市秦淮区虎踞南路49-4号,江苏省,南京市,秦淮区,1,cff2acf162f371842b3a9fd8
4585,艺华商业广场,118.778212,32.042076,江苏省南京市秦淮区朝天宫西街69号,江苏省,南京市,秦淮区,1,5ff67790caf1a64e2b3a9f7d
4586,朝天宫西街九十八号,118.778408,32.042636,江苏省南京市秦淮区朝天宫西街79号,江苏省,南京市,秦淮区,1,b084266dfbc3702888fc0683
4587,侯家桥16号小区,118.780076,32.045017,侯家桥16号,江苏省,南京市,秦淮区,1,9521139ad15693a7130daaf6
4588,艺华酒店式公寓,118.777993,32.041914,南京市秦淮区朝天宫西街69号(省中医院和南京市妇幼附近),江苏省,南京市,秦淮区,1,cc8235d7a92cd25849fd3fc4
4589,汉中路小区,118.777125,32.049103,江苏省南京市鼓楼区汉中路140-280号,江苏省,南京市,鼓楼区,1,a6fe97093c0ca444e8e582ec
4590,万科金色家园,118.77222,32.043092,江苏省南京市建邺区莫愁湖东路9号,江苏省,南京市,建邺区,1,108b1cea62ec05b53486f4b7
4591,Umi空间,118.788501,32.045654,江苏省南京市秦淮区石鼓路60号建华大厦,江苏省,南京市,秦淮区,1,4f25f537b8d3e7cf0f0e6b94
4592,银翔公寓,118.776215,32.041049,南京市秦淮区建邺路西止马村154号,江苏省,南京市,秦淮区,1,0fc430ba60dcb67d17b54bd7
4593,汉中大楼,118.778829,32.04833,南京市秦淮区朝天宫街道汉中路159号,江苏省,南京市,秦淮区,1,7c5e480bf9ebdcc9acb22aa0
4594,莫愁湖东路108巷小区,118.773308,32.041631,南京市建邺区莫愁湖东路40号,江苏省,南京市,建邺区,1,1dd31ff757ff97f3fb2d61ad
4595,中兴新村,118.778543,32.041377,南京市秦淮区朝天宫西街57号,江苏省,南京市,秦淮区,1,124a4634aca0103ab23c81d3
4596,止马村小区,118.777068,32.040827,止马村1号,江苏省,南京市,秦淮区,1,ea4dcbe61ff59b7a8f1a89b0
4597,金鹏大厦,118.777981,32.049237,南京市鼓楼区汉中路218号,江苏省,南京市,鼓楼区,1,f598c92b862a59141894c63b
4598,金泽大厦,118.779693,32.048216,江苏省南京市秦淮区汉中路159号,江苏省,南京市,秦淮区,1,79cceb36265f85891e580044
4599,星汉大厦,118.778762,32.049128,南京市鼓楼区汉中路180号,江苏省,南京市,鼓楼区,1,53cebd50f4a982612b02e1a3
4600,南京中医药大学(汉中路)教工宿舍-5栋,118.772402,32.049735,南京市鼓楼区南医大教工宿舍7栋,江苏省,南京市,鼓楼区,1,1e6af38f52ffd78dee74f8d9
4601,君园-北区,118.773465,32.040375,南京市建邺区莫愁湖东路18号,江苏省,南京市,建邺区,1,e247dffd4563c5d149cc4aa3
4602,文津桥28号公馆,118.778286,32.040737,南京市秦淮区文津桥28号,江苏省,南京市,秦淮区,1,23a9478d80083d77d12dd64b
4603,止马营-56号,118.77785,32.040428,南京市秦淮区止马营3050号,江苏省,南京市,秦淮区,1,103b27e46d1658e0ed74f848
4604,西止马营,118.778504,32.040383,江苏省南京市秦淮区西止马营,江苏省,南京市,秦淮区,1,2888b394704687df095cb3a9
4605,黄鹂新村,118.779573,32.04169,南京市秦淮区朝天宫西街102号,江苏省,南京市,秦淮区,1,3b9c1c75c242914f5cbe8630
4606,汉中翠庭,118.771031,32.048869,汉中门外大街1-5号,江苏省,南京市,鼓楼区,1,3da907f333f52053b220a8a0
4607,南京医科大学西苑学生公寓,118.778354,32.049946,南京市鼓楼区牌楼巷39号,江苏省,南京市,鼓楼区,1,5ce2637d603c1853af31e5a9
4608,止马营-54号,118.778529,32.040466,江苏省南京市秦淮区止马营54号,江苏省,南京市,秦淮区,1,299bb424201a2d10c7f02533
4609,止马营-52号,118.778614,32.040403,江苏省南京市秦淮区止马营52号,江苏省,南京市,秦淮区,1,7f44fb9455b52b7294ec8465
4610,怡景花园(牌楼巷),118.779332,32.049823,南京市鼓楼区牌楼巷26号,江苏省,南京市,鼓楼区,1,78bd50f78807735b30870aa3
4611,虎踞路7号办公楼,118.770625,32.049722,南京市鼓楼区虎踞路7号,江苏省,南京市,鼓楼区,1,06bad657711811e749fd3f6e
4612,汉西门大街2-8号,118.775148,32.047195,南京市秦淮区汉西门大街2～8号,江苏省,南京市,秦淮区,1,7a37df46989b95adbd4842fc
4613,石鼓路小区-北门,118.776946,32.047364,南京市秦淮区石鼓路201号,江苏省,南京市,秦淮区,1,3dfffd08963700d300ec0110
4614,柏果树-2号,118.775348,32.045734,江苏省南京市秦淮区柏果树2号,江苏省,南京市,秦淮区,1,bd97ff858832f9e5a1046449
4615,三茅宫小区,118.785811,32.045113,江苏省南京市秦淮区王府大街22号,江苏省,南京市,秦淮区,1,82a44b4e8fadeff958f6beae
4616,三茅宫小区-西区,118.785614,32.044909,南京市秦淮区王府大街与俞家巷交叉路口西北侧,江苏省,南京市,秦淮区,1,fcf8734c924a55000a5cb316
4617,天堂街小区,118.785039,32.045895,南京市秦淮区石鼓路天堂街53号,江苏省,南京市,秦淮区,1,72e57fd7f54a84aff8dc8545
4618,三茅宫小区-北区,118.785803,32.0448,南京市秦淮区王府大街三茅宫小区-西区,江苏省,南京市,秦淮区,1,39a7ee2fb8f2c09708f5eb5e
4619,江苏交通大厦,118.78621,32.045799,南京市秦淮区石鼓路69号,江苏省,南京市,秦淮区,1,d5464cf89912a557fda77844
4620,天堂街小区-南区,118.785435,32.044551,南京市秦淮区王府大街三茅宫小区-西区,江苏省,南京市,秦淮区,1,77f1365fde446484d42ce231
4621,王府大街小区,118.785524,32.044035,江苏省南京市秦淮区新街口王府大街42号,江苏省,南京市,秦淮区,1,2720d0f76648c7638bb988d7
4622,三茅宫小区-东区,118.786002,32.044435,南京市秦淮区王府大街南台巷西小区,江苏省,南京市,秦淮区,1,5c098b7eacf26508f5eafc74
4623,三茅宫小区-南区,118.785938,32.04441,南京市秦淮区王府大街南台巷西小区,江苏省,南京市,秦淮区,1,d8afdd0622cd487f83a00c16
4624,阳光大厦-写字楼,118.785868,32.04634,江苏省南京市秦淮区石鼓路98号14楼,江苏省,南京市,秦淮区,1,1d660d654b2c43c24f6d46f6
4625,阳光大厦,118.786382,32.046329,秦淮区石鼓路98号,江苏省,南京市,秦淮区,1,0ce65c2d424154592d473344
4626,俞家巷小区,118.786867,32.04508,南京市秦淮区石鼓路49-1号,江苏省,南京市,秦淮区,1,7524cb4f717d3a4905026fa0
4627,写字楼招租,118.76041,32.044184,南京市鼓楼区北圩路建威大厦,江苏省,南京市,鼓楼区,1,e66451b7d41fd0640782c2ec
4628,中冶置业集团南京分公司,118.785964,32.046472,江苏省南京市秦淮区石鼓路98号阳光大厦10楼,江苏省,南京市,秦淮区,1,ba35190d00d1b65a2cb908d1
4629,华威大厦,118.784444,32.046485,南京市秦淮区石鼓路107号,江苏省,南京市,秦淮区,1,cac5fc764b7826f32cb96d44
4630,金鹰国际花园,118.78562,32.046934,江苏省南京市秦淮区石鼓路100号(新街口),江苏省,南京市,秦淮区,1,c879fa017c207a34c809f084
4631,丰富路小区,118.785763,32.040357,南京市秦淮区丰富路61号(新街口),江苏省,南京市,秦淮区,1,56960d3635ad22716e20b939
4632,测绘大厦(王府大街),118.78661,32.046681,南京市秦淮区王府大街8号,江苏省,南京市,秦淮区,1,d3f6baeb045fba6090114c67
4633,中泰大厦,118.784951,32.043543,南京市秦淮区王府大街63号北楼,江苏省,南京市,秦淮区,1,64c76fb74208ebb32d47337a
4634,圣欧庭,118.786845,32.043938,南京市秦淮区俞家巷18号,江苏省,南京市,秦淮区,1,0ed20a150bb74c9757bfff45
4635,王府花园,118.785504,32.043256,南京秦淮区新街口王府大街63号,江苏省,南京市,秦淮区,1,bdbe69db5d29c567f723104f
4636,宁检大厦,118.784255,32.043479,江苏省南京市秦淮区秣陵路108号,江苏省,南京市,秦淮区,1,dc0f0adc83be2021f8221344
4637,王府国际花园,118.783489,32.044337,南京市秦淮区秣陵路石鼓路小学旁,江苏省,南京市,秦淮区,1,15e1e85ec57c53a258109345
4638,桂苑公寓,118.786388,32.043177,南京市秦淮区王府大街南台巷11号,江苏省,南京市,秦淮区,1,bba87388aea68ea0bca82245
4639,金鹰国际购物中心(新街口店),118.786463,32.047658,南京市秦淮区汉中路89号,江苏省,南京市,秦淮区,1,732d553c74511ae8deee8b27
4640,金鹰国际商城-A座,118.786991,32.047552,南京市秦淮区汉中路89号金鹰国际商城1-6层,江苏省,南京市,秦淮区,1,4de4375209ee1daedf1e52bb
4641,五星年华大厦-住宅楼,118.783087,32.047396,南京市秦淮区石鼓路138号,江苏省,南京市,秦淮区,1,70eb77c314f1f7ae4054d755
4642,金鹰国际购物中心A座(新街口店),118.786991,32.047552,南京市秦淮区汉中路89号金鹰国际商城1-6层,江苏省,南京市,秦淮区,1,4de4375209ee1daedf1e52bb
4643,东方名苑-B座,118.788392,32.045029,南京市秦淮区石鼓路33号,江苏省,南京市,秦淮区,1,b671edade51cce5cf8dc8531
4644,净观心灵家园,118.788372,32.044809,江苏省南京市秦淮区石鼓路33号东方名苑2405号,江苏省,南京市,秦淮区,1,d6ab9deb161a4a1702294f78
4645,建华大厦,118.78849,32.045646,江苏省南京市秦淮区石鼓路42号,江苏省,南京市,秦淮区,1,d219bb1d7cb86d8bf50e7744
4646,秣陵路20号小区,118.786091,32.042657,南京市秦淮区秣陵路20号,江苏省,南京市,秦淮区,1,956c0556bf96cdb2badf8f17
4647,金鹰国际购物中心(新街口店)B座-停车场,118.784677,32.047651,江苏省南京市秦淮区汉中路101号,江苏省,南京市,秦淮区,1,c0809de7e8bdced878f796c4
4648,民族公寓,118.787905,32.043331,南京市秦淮区新街口丰富路163号民族公寓,江苏省,南京市,秦淮区,1,c879fa01daef1c37c909f0c4
4649,民族大厦（丰富路）,118.787703,32.042932,江苏省南京市秦淮区丰富路163号,江苏省,南京市,秦淮区,1,c21db9e532831bfe01ff2da0
4650,秣陵路小区,118.783,32.043301,南京市秦淮区秣陵路143号,江苏省,南京市,秦淮区,1,49917a102f0283923686f41f
4651,E+青年公寓(汉中门店),118.77481,32.042332,江苏省南京市秦淮区虎踞南路汉中苑48号楼,江苏省,南京市,秦淮区,1,a881d273cf7ad579ab0dd83e
4652,南京基督教大楼,118.78185,32.044986,江苏省南京市秦淮区莫愁路388号,江苏省,南京市,秦淮区,1,cd9d05dd2003d7b685420e44
4653,五星年华大厦-办公楼,118.783293,32.047896,南京市秦淮区汉中路139号,江苏省,南京市,秦淮区,1,df1f7277d2790ca6220220bd
4654,点点租,118.788016,32.047429,南京市秦淮区王府大街友谊广场,江苏省,南京市,秦淮区,1,93f50e280c8de25b2cb908f7
4655,五星年华大厦-住宅楼,118.783087,32.047396,南京市秦淮区石鼓路138号,江苏省,南京市,秦淮区,1,70eb77c314f1f7ae4054d755
4656,冶山道院小区,118.783687,32.042322,南京市秦淮区王府大街118号,江苏省,南京市,秦淮区,1,b388f9fdfd59003cb25c6aa0
4657,大锏银巷-2号,118.785105,32.049006,南京市鼓楼区大锏银巷2号,江苏省,南京市,鼓楼区,1,36c2f86e1b0b7eb6c9fa5f23
4658,陆家巷物业小区,118.789059,32.04413,南京市秦淮区石鼓路21号,江苏省,南京市,秦淮区,1,606ab0d0ffa91b2a0e3dda45
4659,秣陵路101村,118.782533,32.042762,南京市秦淮区秣陵路101号,江苏省,南京市,秦淮区,1,15ed53ce0e0bab549222e045
4660,南京8090大学生求职公寓(南京二店),118.788493,32.044728,江苏省南京市秦淮区石鼓路41号,江苏省,南京市,秦淮区,1,9aaa0f2137bd29f05e17c3f1
4661,金轮大厦,118.784724,32.048724,南京市鼓楼区汉中路108号,江苏省,南京市,鼓楼区,1,43b7e889aa056c6a59f6bea0
4662,青华大厦,118.783951,32.048887,南京市鼓楼区汉中路120-1号,江苏省,南京市,鼓楼区,1,cb4fd146fb65193d9d9d68f3
4663,金轮汇贤楼,118.784595,32.049089,南京市鼓楼区汉中路108号,江苏省,南京市,鼓楼区,1,7dc33eb67cf4009b774ff1ee
4664,桃园小区,118.781905,32.043043,南京市秦淮区秣陵路117号,江苏省,南京市,秦淮区,1,a1418eb45efaa27febe58245
4665,建华大厦-东大门,118.789013,32.045624,江苏省南京市秦淮区石鼓路42号,江苏省,南京市,秦淮区,1,92546d7722921c86a0acc43e
4666,建华大厦-北区,118.788731,32.045725,江苏省南京市秦淮区石鼓路42号,江苏省,南京市,秦淮区,1,ea2debdff126cff17dc87609
4667,建华大厦-东区,118.788961,32.045587,江苏省南京市秦淮区石鼓路42号,江苏省,南京市,秦淮区,1,1df5e8fe95f793fe0a1cc777
4668,建华大厦,118.78849,32.045646,江苏省南京市秦淮区石鼓路42号,江苏省,南京市,秦淮区,1,d219bb1d7cb86d8bf50e7744
4669,青华大厦,118.783951,32.048887,南京市鼓楼区汉中路120-1号,江苏省,南京市,鼓楼区,1,cb4fd146fb65193d9d9d68f3
4670,丰富路125号小区,118.787215,32.042228,南京市秦淮区丰富路125号,江苏省,南京市,秦淮区,1,b3ed351389a9f797c5effb9a
4671,省中杏苑,118.781588,32.04702,南京市秦淮区朝天宫街道石鼓路165号,江苏省,南京市,秦淮区,1,161a0ed2c74e2a505cd4fe45
4672,金轮国际广场,118.786523,32.04906,南京市鼓楼区汉中路8号,江苏省,南京市,鼓楼区,1,00586108a08990a646e27405
4673,天安国际大厦,118.789239,32.045009,南京市秦淮区中山南路122号大洋百货F1,江苏省,南京市,秦淮区,1,dffd631c2e0bc3bc38221c44
4674,青华大厦-西楼,118.783845,32.04894,南京市鼓楼区汉中路120号,江苏省,南京市,鼓楼区,1,a2fcdc3e5ebe47571df74d2d
4675,兰亭,118.780156,32.046691,南京市秦淮区石鼓路江苏省中医院,江苏省,南京市,秦淮区,1,128f1d8f9a56e8f36240a9c1
4676,王府大街住宅,118.785524,32.044035,江苏省南京市秦淮区新街口王府大街42号,江苏省,南京市,秦淮区,1,2720d0f76648c7638bb988d7
4677,南京国际金融中心(洪武路营业部),118.789464,32.047116,南京市秦淮区中山南路2号东方福来德F1,江苏省,南京市,秦淮区,1,8e38917e5e7c5f8442d63ecb
4678,金轮·华尔兹,118.78701,32.049242,南京市鼓楼区新街口沈举人巷7号,江苏省,南京市,鼓楼区,1,e96b4420fce74e4082288a1b
4679,银环公寓,118.7854,32.049232,江苏省南京市鼓楼区大锏银巷60号,江苏省,南京市,鼓楼区,1,2a8f6d5a76d98ebfd8d8918a
4680,上海路小区,118.780584,32.059367,南京市鼓楼区上海路87号,江苏省,南京市,鼓楼区,1,f3c2373c52680b52d32dd6a1
4681,汉西门社区,118.779604,32.045248,江苏省南京市秦淮区莫愁路417号,江苏省,南京市,秦淮区,1,baacd9a80741dd97a11de9b2
4682,石榴园,118.786518,32.041633,南京市秦淮区丰富路101号,江苏省,南京市,秦淮区,1,057cb376e00cc75b5cd4fe86
4683,富春里小区,118.786414,32.041638,石榴新村306号701室,江苏省,南京市,秦淮区,1,f4483817dc15694ff90cada4
4684,苏豪大厦,118.789802,32.046472,南京市秦淮区中山南路2号东方福来德F1,江苏省,南京市,秦淮区,1,49a02a7a4cb084402b201a44
4685,明瓦廊-131号,118.789542,32.043771,江苏省南京市秦淮区明瓦廊131号,江苏省,南京市,秦淮区,1,f66193121d6a162d72210b93
4686,福中大厦,118.789956,32.044234,南京市秦淮区石鼓路明瓦廊133号,江苏省,南京市,秦淮区,1,9ee392b8368e3241bbbd6344
4687,苏豪大厦,118.789802,32.046472,南京市秦淮区中山南路2号东方福来德F1,江苏省,南京市,秦淮区,1,49a02a7a4cb084402b201a44
4688,金轮·华尔兹,118.78701,32.049242,南京市鼓楼区新街口沈举人巷7号,江苏省,南京市,鼓楼区,1,e96b4420fce74e4082288a1b
4689,华新大厦,118.787828,32.049084,南京市鼓楼区新街口管家桥9号(金鹰百货对面),江苏省,南京市,鼓楼区,1,69a72dd72dee21174557263d
4690,国药大厦,118.787536,32.049028,南京市鼓楼区汉中路6号,江苏省,南京市,鼓楼区,1,cc0849a0403bc850950319a3
4691,自由寓,118.766199,32.037712,南京市建邺区莫愁湖街道水西门大街153号,江苏省,南京市,建邺区,1,2a2bd2f9191cea66afee7a76
4692,斯亚·财富中心,118.796364,32.034322,江苏省南京市秦淮区太平南路450号,江苏省,南京市,秦淮区,1,a4197956c14ab1ffa6da39ca
4693,舞彩国际棕榈湾,118.789687,32.047324,南京市秦淮区淮区中山南路2号,江苏省,南京市,秦淮区,1,40173341c0c7986fc4f50d43
4694,侯家桥-8号楼,118.780564,32.044909,江苏省南京市秦淮区朝天宫汉西门社区(江苏省中医院南),江苏省,南京市,秦淮区,1,5632fc4ee1722c821894c653
4695,华新大厦,118.787828,32.049084,南京市鼓楼区新街口管家桥9号(金鹰百货对面),江苏省,南京市,鼓楼区,1,69a72dd72dee21174557263d
4696,爱德商务中心,118.783998,32.049671,江苏省南京市鼓楼区大锏银巷16号1幢,江苏省,南京市,鼓楼区,1,e77ca02e7bcefe662902e14f
4697,华新大厦办公楼-北门,118.787905,32.049077,南京市鼓楼区管家桥9号,江苏省,南京市,鼓楼区,1,d448e7dd41be2e505abbbc72
4698,长发华辰大厦,118.785928,32.049629,南京市鼓楼区沈举人巷19号,江苏省,南京市,鼓楼区,1,1c9aa88e15e7a2d3e812e4a7
4699,管家桥-9号,118.787882,32.049146,江苏省南京市鼓楼区管家桥9号,江苏省,南京市,鼓楼区,1,232dd9342e74e5ce5b109304
4700,大涧银巷16号1号楼,118.784259,32.049672,江苏省南京市鼓楼区大锏银巷16号1幢,江苏省,南京市,鼓楼区,1,0708ceff8ad6184d90114cc5
4701,华辰大厦-西门,118.7859,32.049705,江苏省南京市鼓楼区沈举人巷19号,江苏省,南京市,鼓楼区,1,bec21a1405e0ce336849f303
4702,新华日报宿舍,118.784632,32.049687,南京市鼓楼区华侨路街道大锏银巷11号,江苏省,南京市,鼓楼区,1,2787e03df1631f79f90cadd0
4703,大锏银巷16号院-东门,118.785338,32.049818,江苏省南京市鼓楼区大锏银巷荷乡苑北门,江苏省,南京市,鼓楼区,1,a788ddf10c57706b88db7373
4704,南京丽品酒店式公寓(王府花园店),118.78462,32.043913,江苏省南京市秦淮区王府大街88号,江苏省,南京市,秦淮区,1,3d571ae91ce31e29715e8013
4705,南京电大综合楼,118.795165,32.045791,红花街道游府西街46号,江苏省,南京市,秦淮区,1,9bf88279b18ba7c87c29bd32
4706,劳动大厦,118.79543,32.044655,南京市秦淮区游府西街53号,江苏省,南京市,秦淮区,1,9bbe74818daedd1b58f6be94
4707,有福家苑,118.796051,32.045764,五老村街道游府西街42号北京烤鸭店隔壁,江苏省,南京市,秦淮区,1,184d0e1ad6526d613062126e
4708,东方金融大厦(游府西街),118.794458,32.045663,南京市秦淮区洪武路29号东方金融大厦,江苏省,南京市,秦淮区,1,750ec1651e59722b4c3a5944
4709,隆盛大厦,118.794927,32.046352,江苏省南京市秦淮区洪武路23号,江苏省,南京市,秦淮区,1,9ee7cc78d982947016c90544
4710,高景·中央海岸,118.793683,32.046169,南京市秦淮区洪武路38号,江苏省,南京市,秦淮区,1,ef77e0440e48145dd82f28a4
4711,游府新村,118.79672,32.04428,南京市秦淮区游府西街45号,江苏省,南京市,秦淮区,1,669775d08b46c55bfd0eb045
4712,华泰证券大厦(洪武路),118.794803,32.047102,江苏省南京市秦淮区中山东路90号,江苏省,南京市,秦淮区,1,764672e538175ed094ec84dc
4713,淮海路31号院,118.795411,32.043758,南京市秦淮区淮海路31号,江苏省,南京市,秦淮区,1,79103b2740152ab79d09f7a9
4714,金贸大厦,118.793474,32.045313,南京市秦淮区洪武路50号,江苏省,南京市,秦淮区,1,eb3675033a690e1b00ec0144
4715,正洪大厦,118.793502,32.04613,江苏省南京市秦淮区正洪街8号莱迪广场F1,江苏省,南京市,秦淮区,1,5c56edd6cfbde15aa1d23044
4716,白下科技创业社区,118.794664,32.044028,中山集团南京中山电子城4-5层,江苏省,南京市,秦淮区,1,5be66604cd1bd6f6f503b8c9
4717,天丰大厦,118.793755,32.046707,南京市秦淮区洪武路26号天丰大酒店2楼,江苏省,南京市,秦淮区,1,efecca8072edaf7a89db7395
4718,江苏广播大厦,118.797352,32.04673,南京市秦淮区中山东路132号,江苏省,南京市,秦淮区,1,d24e48eb49048cb4afee7a44
4719,十二星座之射手座,118.794184,32.043668,南京市秦淮区新街口中山电子城1楼1B418室,江苏省,南京市,秦淮区,1,13ce82547c9ed13dd5b74e75
4720,中央商务楼,118.792514,32.045673,洪武路街道正洪街61号,江苏省,南京市,秦淮区,1,1020060fcb0f42a61894c644
4721,东宇大厦,118.792825,32.045393,江苏省南京市秦淮区正洪街18号,江苏省,南京市,秦淮区,1,4642844a59522cd9c9fa5f44
4722,工人文化宫综合楼,118.792598,32.046547,南京市秦淮区新街口步行街时尚莱迪商城,江苏省,南京市,秦淮区,1,6879e1d1e80a9ad02efaa70a
4723,南京安瑞商务大厦(西门),118.789846,32.040156,南京市秦淮区富民坊,江苏省,南京市,秦淮区,1,181f10cb488928226d47601d
4724,南京中心,118.791895,32.047041,南京市秦淮区中山南路1号,江苏省,南京市,秦淮区,1,123cf2f11417dab725e0a033
4725,蔡家花园-6-2号楼,118.798069,32.046313,南京市秦淮区新街口淮海路蔡家花园6-2号楼,江苏省,南京市,秦淮区,1,eabceffaf5ae9b36902ca390
4726,新街口商业街社区,118.797395,32.044242,南京市秦淮区游府西街451号,江苏省,南京市,秦淮区,1,37af78ae49cd9ba12dfaa732
4727,南京市总工会办公楼,118.79526,32.048129,南京市玄武区中山东路105号,江苏省,南京市,玄武区,1,9fdb7bfeef1b6c1346e274d2
4728,南京图书发行大厦,118.793882,32.047351,南京市秦淮区中山东路56号,江苏省,南京市,秦淮区,1,c574c4f1d8543b3b43ab9afb
4729,太平洋大厦,118.794365,32.04324,江苏省南京市秦淮区洪武路137号,江苏省,南京市,秦淮区,1,2e00c5dda054a41cd7851f44
4730,雨顺商务楼,118.798942,32.045407,江苏省南京市秦淮区延龄巷60-20号,江苏省,南京市,秦淮区,1,cd19b88b0333f118744ff1d5
4731,壹零壹座,118.796255,32.048277,南京市玄武区中山东路139号,江苏省,南京市,玄武区,1,fc2d34b40daa50b6e215f9d5
4732,淮海新村,118.795523,32.042574,南京市秦淮区户部街26号,江苏省,南京市,秦淮区,1,5b25f4468f43b1ea10293545
4733,内明中心,118.797562,32.042992,南京市秦淮区淮海路13号,江苏省,南京市,秦淮区,1,ff3e4ccfb2d47ad933169bf4
4734,献血点(中央商场),118.790832,32.044736,南京市秦淮区中山南路地铁新街口站14号出口,江苏省,南京市,秦淮区,1,1b2521d3106b0da12b11d1be
4735,抄纸巷小区,118.794235,32.042548,南京市秦淮区洪武路130号,江苏省,南京市,秦淮区,1,fd8719e13b25a509b75f1ef1
4736,邓府巷3期,118.795406,32.048612,南京市玄武区青石街汇金大厦,江苏省,南京市,玄武区,1,396c544dd120a3791ef74da4
4737,游府西街8号小区,118.798956,32.044591,南京市秦淮区游府西街8号,江苏省,南京市,秦淮区,1,62524542456a1a5aeedfca3f
4738,苏宁电器大厦,118.792587,32.043451,南京市秦淮区金銮巷与淮海路交叉路口南侧(南京新街口苏宁诺富特酒店)苏宁电器大厦F1,江苏省,南京市,秦淮区,1,cc0849a04026c85094031944
4739,南京中心,118.791895,32.047041,南京市秦淮区中山南路1号,江苏省,南京市,秦淮区,1,123cf2f11417dab725e0a033
4740,中国人民银行南京分行宿舍,118.799196,32.046856,江苏省南京市秦淮区延龄巷135-145号,江苏省,南京市,秦淮区,1,3a328974ad310bf47e29bd59
4741,长江路-9号期,118.795347,32.04861,南京市玄武区青石街汇金大厦,江苏省,南京市,玄武区,1,71f7c7ab8b5a4203d8d89192
4742,延龄巷-72号,118.799202,32.046134,延龄巷72号,江苏省,南京市,秦淮区,1,4e83a2b2713bef4fcac3db92
4743,金淮海商务中心,118.791353,32.043911,南京市秦淮区淮海路36号,江苏省,南京市,秦淮区,1,a3e8341cb98252954afd3f44
4744,南京国际贸易中心,118.791608,32.047101,秦淮区中山东路18号(近新街口地铁站),江苏省,南京市,秦淮区,1,8d63bbbdc56b7ea95e17c3a6
4745,扬子大厦-东南门,118.792064,32.043316,南京市秦淮区淮海路50号,江苏省,南京市,秦淮区,1,3d38793b7610a3dba1a934a5
4746,中农里-13号,118.799302,32.044585,江苏省南京市秦淮区中农里13号,江苏省,南京市,秦淮区,1,68b17e872402690c990050cc
4747,25楼,118.792266,32.047488,中山东路18号国贸大厦,江苏省,南京市,秦淮区,1,562a9729f15ba2b62ce67b73
4748,大行宫大厦,118.798461,32.048095,中山东路147号,江苏省,南京市,玄武区,1,7388dffdb727c896d2ff23a0
4749,商茂世纪广场,118.791132,32.045832,江苏省南京市秦淮区中山南路49号,江苏省,南京市,秦淮区,1,b39959fd02dfb34d30169bf6
4750,华盈国际大厦,118.792329,32.042878,南京市秦淮区淮海路金銮巷9号,江苏省,南京市,秦淮区,1,803708f1b0a9277901897244
4751,青石花苑,118.793777,32.049109,南京市玄武区青石街11号,江苏省,南京市,玄武区,1,46e86fdd6609c66fd13ce3ec
4752,羊皮巷小区,118.793295,32.042034,南京市秦淮区洪武路街道洪武路160号,江苏省,南京市,秦淮区,1,6cc1a28038f9f85c7502698e
4753,羊皮巷高层公寓,118.793229,32.042051,江苏省南京市秦淮区洪武路160号,江苏省,南京市,秦淮区,1,26ce0dc5d06b4a30c9fa5f8a
4754,商茂世纪广场-东1门,118.791271,32.046057,南京市秦淮区东铁管巷与中山南路交叉口东100米,江苏省,南京市,秦淮区,1,4c3d369f0a0e3588ca1b9573
4755,长发银座-北门,118.793915,32.041977,南京市秦淮区洪武路199号,江苏省,南京市,秦淮区,1,428a76a3c62608e60bccdd81
4756,中城国际广场,118.797884,32.042391,南京市秦淮区延龄巷远洋国际中心-南区,江苏省,南京市,秦淮区,1,ac038f75ee1d8e452811d1a1
4757,南京国际贸易中心,118.791608,32.047101,秦淮区中山东路18号(近新街口地铁站),江苏省,南京市,秦淮区,1,8d63bbbdc56b7ea95e17c3a6
4758,南京国际小商城南京售楼中心,118.799695,32.046707,南京市秦淮区中山东路198号龙台国际大厦12层1201号,江苏省,南京市,秦淮区,1,8d21623b45ae7b0881288a67
4759,新澳大厦,118.791363,32.04352,南京市秦淮区淮海路2-2号,江苏省,南京市,秦淮区,1,b55635deb00f7bc2eb1e97d2
4760,远洋国际中心-北区,118.799302,32.043399,秦淮新街口太平南路168号,江苏省,南京市,秦淮区,1,abf6f1aeca5c15adc61b75e9
4761,南京新百-A座,118.791254,32.046773,江苏省南京市秦淮区中山南路1号,江苏省,南京市,秦淮区,1,222e6c3e4873ce104c6d4667
4762,鑫之磊财富中心,118.79198,32.04821,南京市玄武区新街口广场中山东路9号天时国际商贸中心天时国际商贸中心10层,江苏省,南京市,玄武区,1,2fccd92bae05cb9614c8f6e9
4763,天之都大厦,118.794874,32.041542,江苏省南京市秦淮区户部街33号,江苏省,南京市,秦淮区,1,bba87388aea18ea0bca82244
4764,风尚城,118.791871,32.042813,淮海路50号肯定广场,江苏省,南京市,秦淮区,1,d4d8ed04a5ddf80a62685838
4765,东渡大厦商务楼(延龄巷),118.797949,32.042015,南京市秦淮区延龄巷2-1号临,江苏省,南京市,秦淮区,1,c1653405b6cb5c79ab175a44
4767,长发银座,118.794122,32.04159,新街口洪武路199号,江苏省,南京市,秦淮区,1,72aa2513b3f9d23b067ce8ac
4768,力联大厦,118.795798,32.041413,南京市秦淮区户部街29号,江苏省,南京市,秦淮区,1,a40d6e926c1b0e9fbadf8fd1
4769,天时科技园,118.79154,32.048144,江苏省南京市玄武区中山东路9号15a楼10楼,江苏省,南京市,玄武区,1,108b1cea9e8911d23486f4bf
4770,长江路九号街区,118.796631,32.049431,南京市玄武区长江路111号,江苏省,南京市,玄武区,1,2527be1eb9cdc7ce4bfc8dbe
4771,延龄巷5号院-南门,118.796727,32.041625,南京市秦淮区户部街与火瓦巷交叉口西北100米,江苏省,南京市,秦淮区,1,bfe756d83ab620a12dfaa705
4772,力联大厦-西楼,118.795731,32.041464,南京市秦淮区户部街29号,江苏省,南京市,秦淮区,1,a9afd639756cf770c16c1433
4773,哆咪咪艺术花园,118.794886,32.041433,南京市秦淮区户部街33号天之都大厦,江苏省,南京市,秦淮区,1,eb0684cbffa63723c056ac99
4774,艾蕊尔创意花园,118.794886,32.041433,南京市秦淮区户部街33号天之都大厦,江苏省,南京市,秦淮区,1,332f32a9cf0e3c4ef503b8fb
4775,长江路九号街区-东区,118.796929,32.049769,江苏省南京市玄武区邓府巷18号,江苏省,南京市,玄武区,1,f224b17b0d1f276c4d2fdff3
4776,长江路九号街区-西区,118.796047,32.049914,南京市玄武区邓府巷19号,江苏省,南京市,玄武区,1,7a1dbe1fba8b82b8f50e7758
4777,力联大厦-东楼,118.796083,32.041364,南京市秦淮区户部街29号,江苏省,南京市,秦淮区,1,d2c6b825994c3381593ac854
4778,东渡大厦(延龄巷),118.797699,32.041778,江苏省南京市秦淮区五老村街道延龄巷2号,江苏省,南京市,秦淮区,1,df4391374a6a777972455b75
4779,长发银座-A座,118.793989,32.041403,南京市秦淮区洪武路199号,江苏省,南京市,秦淮区,1,c89ef0c357720fbd71210b17
4780,威海香水湾,118.796005,32.041461,户部街29-8号附近,江苏省,南京市,秦淮区,1,a3dc410f654358366949f357
4781,远洋国际中心-南区,118.798607,32.042402,南京市秦淮区太平南路168号,江苏省,南京市,秦淮区,1,a3bc11fb4c4283680869d913
4782,延龄巷5号院-东门,118.797364,32.041755,南京市秦淮区延龄巷5号,江苏省,南京市,秦淮区,1,663d53b39294987a0782c23e
4783,长发银座-B座,118.794222,32.041396,南京市秦淮区洪武路199号,江苏省,南京市,秦淮区,1,7b2d2d6e406fb42009ccdd5f
4784,江苏文化大厦,118.790991,32.043382,南京市秦淮区中山南路89号,江苏省,南京市,秦淮区,1,00586108154d3fa546e27444
4785,龙台国际大厦,118.799774,32.046968,南京市秦淮区中山东路198号,江苏省,南京市,秦淮区,1,d1469ee79b24626284330444
4786,江苏天羽美岸服装有限公司,118.794031,32.04149,江苏省南京市秦淮区洪武路199号长发银座a5106层6楼,江苏省,南京市,秦淮区,1,a6c2a18e9428dbcf4f3a5963
4787,远洋国际中心-南区,118.798607,32.042402,南京市秦淮区太平南路168号,江苏省,南京市,秦淮区,1,a3bc11fb4c4283680869d913
4788,洪武公馆,118.793173,32.041579,南京市秦淮区洪武路166号(近建设银行),江苏省,南京市,秦淮区,1,28838a9edc191d7cc7f50d10
4789,长江路九号2期2号楼,118.796599,32.049224,江苏省南京市玄武区长江路九号B2栋(大行宫地铁站西),江苏省,南京市,玄武区,1,7dc02f8e1a892e81b817e71b
4790,斯亚·置地广场,118.794235,32.049825,南京市玄武区洪武北路55号,江苏省,南京市,玄武区,1,e3e2cd9d99f5d29ec6f50db7
4791,长江路九号街区-一期,118.796026,32.049951,南京市玄武区长江路与网巾市交叉路口往西南约100米,江苏省,南京市,玄武区,1,887b0f88d43a4c782811d150
4792,未来域白领公寓,118.78798,32.036793,江苏省南京市秦淮区建邺路82号二期,江苏省,南京市,秦淮区,1,f8e519c48cab6c6e8f55ec8d
4793,杨公井-25号,118.798261,32.041886,江苏省南京市秦淮区杨公井25号,江苏省,南京市,秦淮区,1,9ce1b4f8d19e01212fb17e86
4794,开屏茶苑,118.794641,32.027206,南京市秦淮区夫管办贡院街152号夫子庙西市,江苏省,南京市,秦淮区,1,9e023cfd8e0753593586f4c5
4795,斯亚·置地广场-西门,118.793996,32.049567,南京市玄武区洪武北路55号,江苏省,南京市,玄武区,1,8f37a1b39f346d5ddbeced2a
4796,碑亭巷25号小区,118.799383,32.048538,南京市玄武区碑亭巷25号,江苏省,南京市,玄武区,1,37a3479cee876e3e14948eaa
4797,户部街小区,118.796412,32.041077,江苏省南京市秦淮区火瓦巷59号,江苏省,南京市,秦淮区,1,6f3fb642aac7ce70081cc767
4798,益乐苑,118.794881,32.040874,南京市秦淮区小火瓦巷48村10号,江苏省,南京市,秦淮区,1,a0ff5cb0dc8f74a8f60e77fd
4799,艺术大楼,118.791518,32.042274,南京市秦淮区中山南路101号,江苏省,南京市,秦淮区,1,4ce10ce6dd712fa1441a3244
4800,抄纸巷小区,118.794235,32.042548,南京市秦淮区洪武路130号,江苏省,南京市,秦淮区,1,fd8719e13b25a509b75f1ef1
4801,忠林坊,118.79248,32.049388,南京市玄武区中山东路21号,江苏省,南京市,玄武区,1,1af50d16a0759007c7f50df8
4802,中山南路小区,118.790959,32.042028,南京市秦淮区中山南路101号,江苏省,南京市,秦淮区,1,a2af34a45bb8eb3f740269e4
4803,杨公井,118.798465,32.041805,南京市秦淮区杨公井杨公井服务大楼,江苏省,南京市,秦淮区,1,540066b3d4340d7d17c8f64b
4804,金銮大厦,118.79095,32.042539,江苏省南京市秦淮区中山南路101号,江苏省,南京市,秦淮区,1,d146b38853901da374026972
4805,火瓦巷-25号院,118.795226,32.037802,南京市秦淮区火瓦巷洪武高层东侧,江苏省,南京市,秦淮区,1,296b09261cacd9602bd7ab7e
4806,长江9号大厦,118.795992,32.050293,南京市玄武区玄武门街道长江路111号B3栋,江苏省,南京市,玄武区,1,707919dd0b4cf9f60782c21f
4807,青石街小区,118.792149,32.049517,南京市玄武区青石街42号(公交车站),江苏省,南京市,玄武区,1,affb494d842c531ff6c59ca5
4808,杨公井-15号,118.798806,32.041764,江苏省南京市秦淮区杨公井15号,江苏省,南京市,秦淮区,1,2f9a2a9015154b0731169be4
4809,中国建设银行大厦,118.793054,32.041043,南京市秦淮区洪武路188号,江苏省,南京市,秦淮区,1,2bc43ec29ab0cc6d2afc48f4
4810,中山东路小区,118.806459,32.045486,南京市秦淮区五老村街道普华巷11号,江苏省,南京市,秦淮区,1,388dc688941ef48297ec84cb
4811,新时代大厦(长白街),118.805254,32.046794,江苏省南京市秦淮区中山东路402号,江苏省,南京市,秦淮区,1,923ffd000702a5b7d92f2844
4812,南京外贸口岸大楼,118.804702,32.046815,南京市秦淮区中山东路378号,江苏省,南京市,秦淮区,1,e3e2cd9d5b8190e3c7f50d44
4813,科巷70号,118.802824,32.04526,江苏省南京市秦淮区抄纸巷1附近,江苏省,南京市,秦淮区,1,7558d95294aae1ce5bf6be8d
4814,江苏冶金大厦,118.806542,32.046652,南京市秦淮区中山东路412号,江苏省,南京市,秦淮区,1,1eeed54600a43ff2b5147f44
4815,长发中心CFC,118.80368,32.046646,南京市中山东路300号,江苏省,南京市,秦淮区,1,013bdc3754f22325223bf235
4816,四条巷,118.804302,32.040236,江苏省南京市秦淮区,江苏省,南京市,秦淮区,0,30045af01eab69ac1b94c68f
4817,五老村小区,118.804182,32.044173,南京市秦淮区长白街与科巷交叉路口往西南约50米(新巷2~10号院东南侧),江苏省,南京市,秦淮区,1,57b027b80ec6d2922ce67bd0
4818,南京物资大厦(普华巷),118.806958,32.046695,南京市秦淮区中山东路416号,江苏省,南京市,秦淮区,1,6e1c5b14f765a015213bf21b
4819,科巷68号公馆,118.803225,32.044928,南京市秦淮区科巷68号,江苏省,南京市,秦淮区,1,6a3247f5885e73b91811d570
4820,南京市住宅建设总公司,118.781768,32.032601,江苏省南京市秦淮区升州路289号4楼,江苏省,南京市,秦淮区,1,c5847f4e955d40706849f391
4821,新巷小区,118.803324,32.044623,南京市秦淮区新巷34号,江苏省,南京市,秦淮区,1,3b6e0b8b06e192dc5a3ac8ff
4822,东甫嘉玉小区,118.80325,32.046495,南京市中山东路300号长发中心,江苏省,南京市,秦淮区,1,1460c083b5c3448e01897211
4823,普华大厦,118.807466,32.046609,南京市秦淮区中山东路448号,江苏省,南京市,秦淮区,1,fa835ce2d4261bb6e812e445
4824,华一金阁,118.803495,32.046923,南京市秦淮区中山东路300号长发中心,江苏省,南京市,秦淮区,1,d861610ea5563f38afee7a0e
4825,卧龙弹花部,118.798773,32.053618,南京市玄武区如意里36号楼1楼门面房,江苏省,南京市,玄武区,1,bed819f36c9445cbeddfcac6
4826,云庭国际家居廊,118.810087,32.041507,江苏省南京市秦淮区龙蟠中路218号第六空间1楼,江苏省,南京市,秦淮区,1,2616ca53a3658c2d82a00c39
4827,逸仙SOHO公寓,118.80783,32.045517,南京市秦淮区三条巷102号,江苏省,南京市,秦淮区,1,3a1350677e44fd453210af7b
4828,中央饭店-商务中心,118.803876,32.047644,江苏省南京市玄武区中山东路237号,江苏省,南京市,玄武区,1,6e704a9e693cdfd09ee321ca
4829,仁义里小区,118.806194,32.043476,南京市秦淮区仁孝里5号,江苏省,南京市,秦淮区,1,72aa2513cf92de47077ce845
4830,科巷新寓,118.802528,32.0462,长白街山东路39号,江苏省,南京市,秦淮区,1,2fd2beab7aaf3b527adbd245
4831,良友里小区,118.805897,32.043154,大行宫三条巷,江苏省,南京市,秦淮区,1,550029e8fe68896e42e192cc
4832,中国人寿广场,118.802823,32.04676,江苏省南京市秦淮区中山东路298号大行宫,江苏省,南京市,秦淮区,1,f4460918d90a006ab11e3644
4833,魔方公寓(小火瓦巷店),118.798004,32.038923,江苏省南京市秦淮区小火瓦巷1号6-7楼,江苏省,南京市,秦淮区,1,69f29fe97fbd04819f82eab2
4834,三条巷小区,118.807476,32.043736,南京市秦淮区三条巷,江苏省,南京市,秦淮区,1,7be0a07d9933281e40ab9a13
4835,纺织大厦,118.80861,32.046433,南京市秦淮区中山东路482号,江苏省,南京市,秦淮区,1,dffd4642a91698b23c9a5e44
4836,六合里(三条巷),118.806372,32.042987,南京市秦淮区六合里仁义里小区,江苏省,南京市,秦淮区,1,806fd50f3791844ddbecede4
4837,仁寿里-24号,118.805588,32.042516,江苏省南京市秦淮区仁寿里24号,江苏省,南京市,秦淮区,1,93343ebbd8b5166ea2046409
4838,仁寿里-18号,118.806006,32.042688,江苏省南京市秦淮区仁寿里18号,江苏省,南京市,秦淮区,1,697acd669a5a2e6dd618b716
4839,东白菜园小区,118.802047,32.044261,南京市秦淮区文昌巷35号,江苏省,南京市,秦淮区,1,d6df91c15ac8da6af7b91645
4840,仁寿里-26号,118.805108,32.0426,南京市秦淮区五老村街道仁寿里26号楼,江苏省,南京市,秦淮区,1,ce33456d1aef99de9868b4fc
4841,汉府街37号小区,118.80714,32.048109,南京市玄武区汉府街37号,江苏省,南京市,玄武区,1,13e3f78d16a17dbeb52655eb
4842,仁寿里-8号,118.806215,32.042459,江苏省南京市秦淮区仁寿里8号,江苏省,南京市,秦淮区,1,5b7b9e39674ef00a2b3a9f3c
4843,街电(天使福乐氏口腔),118.801606,32.045635,南京市秦淮区科巷10号联威置业4层,江苏省,南京市,秦淮区,1,51f2037918a1d6119d95de1a
4844,新世纪广场-A幢,118.801816,32.047046,南京市秦淮区中山东路288号,江苏省,南京市,秦淮区,1,d0b8923f815c91e2b5f42f44
4845,钟岚里,118.807873,32.048033,江苏省南京市玄武区汉府街35号钟岚里,江苏省,南京市,玄武区,1,b3e859320243fe79c7f025e3
4846,都市名园,118.801891,32.045373,江苏省南京市秦淮区西白菜园33号,江苏省,南京市,秦淮区,1,c5ddcc0822fbc7c6d8131845
4847,国际贵都,118.801727,32.046761,南京市秦淮区太平南路1号,江苏省,南京市,秦淮区,1,1e90abfc8a39d01ead080f95
4848,新世纪广场-B幢,118.801622,32.046083,太平南路科巷1号,江苏省,南京市,秦淮区,1,75036835c3e1e3d15e0d0255
4849,汉府大厦,118.809076,32.047471,江苏省南京市玄武区中山东路291号,江苏省,南京市,玄武区,1,f4a33da9fa0724093010afec
4851,淮海路社区居民委员会,118.795553,32.042559,江苏省南京市秦淮区淮海新村49号,江苏省,南京市,秦淮区,1,92d894e2f1d74f0195ec84ea
4852,二条巷小区,118.808518,32.043648,江苏省南京市秦淮区二条巷31号,江苏省,南京市,秦淮区,1,faee90b38e9f0ff3b35c6a9c
4853,逸仙名居,118.809553,32.04539,南京市秦淮区头条巷50-58号(公交车站),江苏省,南京市,秦淮区,1,745d2a058ae215b5e5e965f4
4854,仁寿里-4号楼,118.806683,32.042289,江苏省南京市秦淮区仁寿里4号,江苏省,南京市,秦淮区,1,98c0693bd4870486c26c14ce
4856,秦淮区机关办公大楼,118.800907,32.045331,南京市秦淮区太平南路69号,江苏省,南京市,秦淮区,1,ee7a443b8302b5b48bdb73b9
4857,三一里,118.806594,32.041581,南京市秦淮区三条巷29号,江苏省,南京市,秦淮区,1,c7addcb04a9987d33a04b195
4859,大杨村26号-B座,118.802902,32.042099,南京市秦淮区大杨村南京市五老村小学,江苏省,南京市,秦淮区,1,6e835747063bceef82288a8a
4860,三条巷30号商务楼-A座,118.80725,32.042404,南京市秦淮区三条巷30号,江苏省,南京市,秦淮区,1,463befcaa37ee9f951e5c5bf
4861,四条巷32号院,118.805117,32.04216,江苏省南京市秦淮区四条巷32号,江苏省,南京市,秦淮区,1,78a562514ee25b935fd4fee4
4862,止马公馆,118.77656,32.03847,南京市秦淮区朝天宫西侧西止马营52号,江苏省,南京市,秦淮区,1,befdb292a1f6aee187154144
4863,东白菜园-84号,118.801939,32.043547,江苏省南京市秦淮区东白菜园84号,江苏省,南京市,秦淮区,1,aa25162278c81cc44e6d46e7
4864,爱若音符2915,118.801289,32.046368,太平南路1号新世纪大厦,江苏省,南京市,秦淮区,1,e044055fcf5f760531f71dc4
4865,Commwicial Cenlei商务中心,118.800399,32.04645,南京市秦淮区太平南路2号日月大厦18层,江苏省,南京市,秦淮区,1,e40f81d8d8d012f9c056acb7
4866,梅园新村31-33号民国住宅,118.808168,32.049186,南京市玄武区梅园新村31号,江苏省,南京市,玄武区,1,b32142d729687ad5eedfcac9
4867,红花地-45号,118.802004,32.042583,江苏省南京市秦淮区红花地45号,江苏省,南京市,秦淮区,1,b7094e07f3ccf6095cbe86a2
4868,宝庆大厦,118.80067,32.044578,江苏省南京市秦淮区太平南路107号,江苏省,南京市,秦淮区,1,f0a0e6cc0c58f7313262125c
4869,美好商务中心,118.800406,32.043612,南京市秦淮区五老村街道太平南路137号,江苏省,南京市,秦淮区,1,7bdb3e84cfe794f83a13fd84
4870,头条巷小区,118.808885,32.043156,南京市秦淮区头条巷9号,江苏省,南京市,秦淮区,1,4bb4e92be310b6bd7369d3cb
4871,日月大厦,118.800518,32.046458,南京市秦淮区太平南路2号,江苏省,南京市,秦淮区,1,37d60a46be53e7601e1d1144
4872,梅园新村-42号民国住宅,118.808528,32.049675,南京市玄武区梅园新村42号,江苏省,南京市,玄武区,1,c18e315d9fb6c7f4b817e70c
4873,长安国际中心,118.80055,32.047046,南京市中山东路218号,江苏省,南京市,秦淮区,1,8fde79cc2f8508c295ca0728
4874,红花地小区-北门,118.801541,32.043285,江苏省南京市秦淮区红花地,江苏省,南京市,秦淮区,1,52b3f3b4b34291a48415410a
4875,四条巷-32号,118.805117,32.04216,江苏省南京市秦淮区四条巷32号,江苏省,南京市,秦淮区,1,78a562514ee25b935fd4fee4
4876,解放路6号小区,118.816368,32.045589,南京市秦淮区解放路6号,江苏省,南京市,秦淮区,1,bce0f460a86a6d262bd7ab25
4877,西华东村社区,118.813457,32.045426,南京市中山东路518号,江苏省,南京市,秦淮区,1,c785381da11fb0acb64f54a4
4878,五十五所宿舍区,118.818177,32.045383,江苏省南京市秦淮区中山东路522号8-2106号,江苏省,南京市,秦淮区,1,6835e3a7e90c8a30e21103bc
4879,解放路36号小区,118.816338,32.042568,南京市秦淮区解放路36号,江苏省,南京市,秦淮区,1,adeead4a3c48e14b0482c295
4880,熊猫中央广场项目,118.812538,32.0473,江苏省南京市玄武区中山东路301号,江苏省,南京市,玄武区,1,d403dd57121d1c91c356ac2c
4881,瑞金北村,118.819141,32.042429,南京市秦淮区大清河18号,江苏省,南京市,秦淮区,1,398c6f5e16c2738c1f38943f
4882,解放路42号综合楼,118.816334,32.041719,南京市秦淮区解放路42号,江苏省,南京市,秦淮区,1,2fbbbb911e9290a7c4f025bf
4883,梅园新村-34号楼,118.808132,32.049324,南京市玄武区大悲巷2号,江苏省,南京市,玄武区,1,856a9d59883aa0ed9de32147
4884,黄埔科技大厦,118.817819,32.049441,江苏省南京市玄武区黄埔路2号,江苏省,南京市,玄武区,1,2df9ad26150431ba8bdb7337
4885,黄埔花园(黄埔路),118.818995,32.048803,江苏省南京市玄武区黄埔路2号,江苏省,南京市,玄武区,1,d4034eb3ce08638bc13644a0
4886,瑞金北村小区-30幢,118.818036,32.041539,南京市秦淮区瑞金北村30幢,江苏省,南京市,秦淮区,1,a01a160295de41c32a02e121
4887,金城大厦,118.810803,32.042672,龙蟠中路216号,江苏省,南京市,秦淮区,1,82c304e9135468ec3b221c7e
4888,建筑大厦,118.816466,32.040717,南京市秦淮区解放路44号,江苏省,南京市,秦淮区,1,61085211944556a1c51b7544
4889,金陵商标综合楼,118.816909,32.041016,南京市秦淮区解放路73号,江苏省,南京市,秦淮区,1,0462f494a0e27216df1e5282
4890,地质大厦-测试楼,118.813898,32.050362,南京市玄武区珠江路700号,江苏省,南京市,玄武区,1,f4e566e59e144989c056ac5a
4891,江苏省地矿局机关服务中心综合办公楼,118.812395,32.050416,南京市玄武区梅园新村街道龙蟠中路118号,江苏省,南京市,玄武区,1,9db1c0ab0fe3993928d7aba7
4892,瑞金北村小区-30幢,118.818036,32.041539,南京市秦淮区瑞金北村30幢,江苏省,南京市,秦淮区,1,a01a160295de41c32a02e121
4893,汉府雅苑,118.810513,32.049229,南京市玄武区汉府街6号,江苏省,南京市,玄武区,1,e56bf5e32e5a53440782c2ec
4894,幸福小区,118.818785,32.040795,江苏省南京市秦淮区瑞虹巷18号,江苏省,南京市,秦淮区,1,53b40371200e18fa6f476057
4895,瑞金北村-四区,118.820159,32.041456,南京市秦淮区瑞北路清河公寓,江苏省,南京市,秦淮区,1,52bf2ffa598b9d56f7b91668
4896,清河公寓,118.820068,32.041016,南京市秦淮区大清河16号,江苏省,南京市,秦淮区,1,33fbfa83e4b98ec10bf5eb45
4897,雍园6-6号,118.81042,32.050433,南京市玄武区雍园雍园61号小区东北侧约30米,江苏省,南京市,玄武区,1,bbf179798199f5ab9de32165
4898,新世界中心-西南门,118.794004,32.055422,南京市玄武区珠江路88号,江苏省,南京市,玄武区,1,127ef4f59028ec0f2e4733cd
4899,和园,118.819316,32.047089,梅园新村街道中山东路307号南京钟山宾馆(江苏省会议中心),江苏省,南京市,玄武区,1,861257bf3a46e518ddee8bc3
4900,中共江苏垦弛生物科技有限公司党总部委员会,118.790164,32.052716,南京市鼓楼区新街口中山路81号南京华夏大厦24层,江苏省,南京市,鼓楼区,1,9df14878025e12974e776e9a
4901,中航金城-1号,118.815174,32.04113,南京市秦淮区中山东路518号,江苏省,南京市,秦淮区,1,859185d27e7a9942c17da200
4902,钟山颐府,118.81459,32.050731,南京市玄武区中山东路301号,江苏省,南京市,玄武区,1,bbface60f0c70ba1f60e7746
4903,东宫大厦,118.82703,32.045827,南京市玄武区中山东路311-1号,江苏省,南京市,玄武区,1,31f9101b32ef3fb926e0a0ec
4904,御道街小区,118.822257,32.044581,南京市秦淮区中山东路526号,江苏省,南京市,秦淮区,1,08fc93df0a9f35919b68b445
4905,五星控股大厦,118.821991,32.046241,南京市玄武区后宰门街道中山东路311-2号,江苏省,南京市,玄武区,1,f09c97a1c4b01848c056ac9c
4906,中山东路532号,118.828351,32.043428,南京市秦淮区中山东路532号-2号,江苏省,南京市,秦淮区,1,6ed3083afcd01cc92a3a9fb1
4907,清溪花园,118.828016,32.047515,南京市玄武区后宰门清溪路8号,江苏省,南京市,玄武区,1,2848ffd6a938c77249cc4aa0
4908,迈腾商务中心,118.821689,32.047383,南京市玄武区中山东路311-2号101/201/212号,江苏省,南京市,玄武区,1,5b5eef328c3b711958109312
4909,海宇公寓,118.804818,32.040498,南京市秦淮区四条巷8号,江苏省,南京市,秦淮区,1,1fd5d9648f21bbd9b5147f93
4910,曙光新村小区,118.823551,32.042251,南京市秦淮区御道街28号,江苏省,南京市,秦淮区,1,fe64b81911bbdd158936ee3a
4911,五星控股,118.821723,32.046227,江苏省南京市玄武区中山东路311-2号3楼,江苏省,南京市,玄武区,1,24d2cbe3d0ce8a94e812e4f8
4912,维景商务楼,118.829749,32.047315,南京市玄武区中山东路319号,江苏省,南京市,玄武区,1,93aa56170cfeea7a8c1a891d
4913,御道街28号小区,118.822403,32.042248,南京市秦淮区光华门御道街28号,江苏省,南京市,秦淮区,1,93df0dc3de718b2b882fb545
4914,南京博物院-办公楼,118.832213,32.048356,中山东路321号南京博物院内,江苏省,南京市,玄武区,1,b9b80332e759f8990b1cc713
4915,五十五所西华门宿舍区,118.820544,32.045274,南京市秦淮区中山东路524-1号,江苏省,南京市,秦淮区,1,083a55fac7503b79246e9845
4916,南京博物院-文保楼,118.829497,32.047762,南京市玄武区清溪路1号南京博物院文保楼,江苏省,南京市,玄武区,1,cb3cd620d926d0458bb98854
4917,维景员工公寓,118.829728,32.047334,江苏省南京市玄武区梅园新村街道中山东路319号维景商务楼维景员工公寓,江苏省,南京市,玄武区,1,ebbd3583715bf510b2077d76
4918,李府街17号小区,118.830312,32.044035,南京市秦淮区李府街17号,江苏省,南京市,秦淮区,1,3c8410a399d4f12403ec01e5
4919,政苑小区,118.821117,32.048137,南京市玄武区中山东路311-2号,江苏省,南京市,玄武区,1,63bbd3cbf7674407e607384c
4920,李府街11号小区,118.829925,32.04255,江苏省南京市秦淮区李府街1213号,江苏省,南京市,秦淮区,1,1bf85b25d2f947bda1a93439
4921,明故宫经适房,118.821421,32.049438,南京市玄武区中山东路311-2号,江苏省,南京市,玄武区,1,0d23f4e9a70d7b3a8f1a8911
4922,清溪路3号小区,118.830098,32.048621,南京市玄武区清溪路3号,江苏省,南京市,玄武区,1,c9719b0fbfe7ceac5e0d02f0
4923,中山东路311-2号院,118.821588,32.049854,江苏省南京市玄武区中山东路311-2号,江苏省,南京市,玄武区,1,eaee522c114223a64207c1bb
4924,明故宫社区,118.830743,32.049536,清溪路4号,江苏省,南京市,玄武区,1,e35d9982930c4c04a5da3964
4925,南京航空航天大学明故宫校区-B17幢公寓,118.82819,32.040667,南京市秦淮区御道街29号南京航空航天大学明故宫校区,江苏省,南京市,秦淮区,1,cfc520b031569cb181a12e19
4926,李府街16号小区,118.831278,32.042604,南京市秦淮区李府街16号,江苏省,南京市,秦淮区,1,fa0c22483b53adc89c09f7fd
4927,维罗商务楼,118.829797,32.045801,南京市玄武区中山东路319号,江苏省,南京市,玄武区,1,14423a97f23c7a1207fef523
4928,维景商务楼,118.829749,32.047315,南京市玄武区中山东路319号,江苏省,南京市,玄武区,1,93aa56170cfeea7a8c1a891d
4929,紫金城商务酒店-停车场,118.82099,32.046365,南京市玄武区中山东路309号,江苏省,南京市,玄武区,1,2355e4e72f48ab4e0782c282
4930,紫金山水苑,118.837162,32.044659,南京市秦淮区苜蓿园西1号,江苏省,南京市,秦淮区,1,22e1140770b20eb4d5b74e44
4931,前半山园-12号,118.83297,32.045727,南京市玄武区后宰门前半山园12号,江苏省,南京市,玄武区,1,10b53539135846f46168583b
4932,半山花园,118.833727,32.047117,江苏省南京市玄武区前半山园10号,江苏省,南京市,玄武区,1,6113ef774ffb57148e7727ec
4933,紫金苑(苜蓿园大街),118.837765,32.043729,江苏省南京市秦淮区苜蓿园大街5号,江苏省,南京市,秦淮区,1,d219bb1d90df09f6f40e77a0
4934,中山门小区,118.832429,32.043747,南京市秦淮区中山东路536号,江苏省,南京市,秦淮区,1,4eb3b533fc16d07543024544
4935,江苏省·中科院植物研究所中山植物园宿舍区,118.839282,32.044488,南京市秦淮区苜蓿园东街28号,江苏省,南京市,秦淮区,1,31783bce135f3666a20464bf
4936,长发公寓,118.839603,32.04565,长发公寓卫岗西18号,江苏省,南京市,玄武区,1,50f7d146c6bc21c472210b45
4937,苜蓿新苑,118.839298,32.044421,南京市秦淮区苜蓿园东街26号,江苏省,南京市,秦淮区,1,fc5d9a99caa8083b41d63e76
4938,紫金城-北区,118.838737,32.043169,南京市秦淮区苜蓿园东街19号,江苏省,南京市,秦淮区,1,0351324d37c100c29c9d68e9
4939,南京地质矿产研究所住宅区-西北门,118.830602,32.043346,南京市秦淮区中山东路534-1号,江苏省,南京市,秦淮区,1,525d52d2ebae2b023904b1cf
4940,紫金城,118.837246,32.041625,南京市秦淮区苜蓿园东街19号,江苏省,南京市,秦淮区,1,3636ecb271b2c0c02806cea8
4941,月牙湖社区,118.837481,32.041731,江苏省南京市秦淮区月牙湖街道,江苏省,南京市,秦淮区,1,97a2ae3d9b1183eca7da39e5
4942,凯祥花苑,118.840223,32.045383,卫岗西16,江苏省,南京市,玄武区,1,d6ee872413cd7fe0a8f0cd45
4943,苜卫路39号小区,118.839752,32.042874,南京市秦淮区苜卫路39号,江苏省,南京市,秦淮区,1,341571e6ba81176588b98872
4944,江苏省地震局东郊宾馆苜蓿园宿舍-西门,118.839525,32.043036,南京市秦淮区苜卫路35号,江苏省,南京市,秦淮区,1,9917a187566ca20f9de32143
4945,苜卫路35号小区,118.839699,32.042928,南京市秦淮区苜卫路35号,江苏省,南京市,秦淮区,1,d0bdb335693832af6e47609e
4946,苜卫路小区,118.840272,32.043702,南京市秦淮区卫桥苜卫路19号,江苏省,南京市,秦淮区,1,2c6132568ddc292b82a12edf
4947,李府街16号小区,118.831278,32.042604,南京市秦淮区李府街16号,江苏省,南京市,秦淮区,1,fa0c22483b53adc89c09f7fd
4948,海月花园,118.839011,32.041376,江苏省南京市秦淮区苜蓿园大街38号,江苏省,南京市,秦淮区,1,3a0fbba801d332419ee32145
4949,李府街14号小区,118.831221,32.042121,江苏省南京市秦淮区李府街14号,江苏省,南京市,秦淮区,1,6bc1a940940fa80cf603b845
4950,南京钟厂宿舍,118.840153,32.04135,南京市秦淮区月牙湖街道苜军路16号,江苏省,南京市,秦淮区,1,35afa93de16e4c5a336212da
4951,苜军花苑,118.840057,32.041197,南京市秦淮区苜军路18号,江苏省,南京市,秦淮区,1,f60a15ede79550ecbb17e745
4952,苜军路20号小区,118.839897,32.040141,南京市秦淮区苜军路20号,江苏省,南京市,秦淮区,1,b6e1f15f6ff035a578f796be
4953,苜军路20号小区,118.839897,32.040141,南京市秦淮区苜军路20号,江苏省,南京市,秦淮区,1,b6e1f15f6ff035a578f796be
4954,李府街12号小区,118.830433,32.040637,南京市秦淮区李府街12号,江苏省,南京市,秦淮区,1,3f607e85d85aeb1894ec8440
4955,南京博物院-办公楼,118.832213,32.048356,中山东路321号南京博物院内,江苏省,南京市,玄武区,1,b9b80332e759f8990b1cc713
4956,卫岗28号,118.848423,32.044423,江苏省南京市玄武区卫岗28号,江苏省,南京市,玄武区,1,3023c4b36517b1ed35b06c25
4957,卫桥新村,118.844937,32.044561,南京市秦淮区卫岗西2号,江苏省,南京市,秦淮区,1,e2c734e46653f85d15a19045
4958,卫岗西6号,118.843624,32.045478,玄武区卫岗西6号,江苏省,南京市,玄武区,1,a7afc9699103ee0d081cc707
4959,卫岗西小区,118.843738,32.045501,卫岗西,江苏省,南京市,玄武区,1,2d90eda7ff964262f942b291
4960,卫岗西6号小区1幢,118.843736,32.04549,江苏省南京市玄武区卫岗西6号小区,江苏省,南京市,玄武区,1,fbf424726cdf59ec88b988b0
4961,南航宿舍,118.830331,32.04004,江苏省南京市秦淮区李府街8号,江苏省,南京市,秦淮区,1,78cf4f529337941503ec015d
4962,文华园(中山门大街),118.846733,32.046492,南京市玄武区卫岗55-19号,江苏省,南京市,玄武区,1,aa40108bd51ef915c5effbec
4963,金轮翠庭园,118.848352,32.044607,南京市玄武区中山门大街与童卫路交叉路口往东约50米(卫岗25号小区西侧约50米),江苏省,南京市,玄武区,1,2cc3c8e85bc78cd64d2fdfec
4964,美林苑小区,118.844728,32.04248,南京市玄武区童卫路9号,江苏省,南京市,玄武区,1,6fddd7fd8588c17f3517dc45
4965,熊猫宿舍,118.842131,32.04545,卫岗西12号,江苏省,南京市,玄武区,1,fe80cbea0973b18443e19238
4966,南京无线电厂宿舍-北门,118.841938,32.045619,江苏省-南京市-秦淮区-卫岗西12号,江苏省,南京市,玄武区,1,e5aa584f70713689d13ce3e6
4967,南京农业大学国际留学生2号公寓,118.848413,32.043249,江苏省南京市玄武区卫岗1号南京农业大学卫岗校区,江苏省,南京市,玄武区,1,c0cc65fbbfe1be2e2fb17e8f
4968,二十八所(北),118.844123,32.039705,江苏省南京市秦淮区苜蓿园东街1号,江苏省,南京市,秦淮区,1,3de4a1baf732deec72455b57
4969,牛奶公司小区,118.845821,32.041925,南京市玄武区童卫路7号,江苏省,南京市,玄武区,1,c275ae03f47ff60e6368582e
4970,南京农业大学卫岗校区外教公寓,118.848145,32.042796,南京市玄武区卫岗童卫路6号,江苏省,南京市,玄武区,1,6b49968d4a359c92f8221322
4971,卫岗25号小区,118.849241,32.044733,南京市玄武区卫岗25号,江苏省,南京市,玄武区,1,ce6c1ed5f0d7f4de03ec01d1
4972,南京搪瓷总厂宿舍,118.84153,32.044915,南京市秦淮区苜卫路19号,江苏省,南京市,秦淮区,1,4e80f8d3638f46972fb96d33
4973,文华东园,118.848653,32.04791,南京市玄武区卫岗55号,江苏省,南京市,玄武区,1,c106481c0f662259ae0457d4
4974,紫金雅苑,118.840979,32.044323,南京市秦淮区苜卫路21号,江苏省,南京市,秦淮区,1,368aa9d0ad1027ee715e8065
4975,铁道医学院宿舍,118.841241,32.043594,江苏省南京市秦淮区苜卫路27号,江苏省,南京市,秦淮区,1,734db979e9d5393b43ab9a29
4976,苜蓿园山庄,118.841736,32.04289,苜蓿园东街4号,江苏省,南京市,秦淮区,1,ac63e5a74af2bcd4c72ba1aa
4977,卫岗26号小区,118.851306,32.043876,南京市玄武区卫岗26号,江苏省,南京市,玄武区,1,108b1ceadd5dd4ac3586f4ec
4978,卫岗西-16号,118.84056,32.045474,江苏省南京市玄武区卫岗西16号,江苏省,南京市,玄武区,1,278b13ef6bdf89beb23c81bc
4979,苜卫路29号小区,118.840634,32.043848,江苏省南京市秦淮区苜卫路29号,江苏省,南京市,秦淮区,1,d5342bfcd2ea2070b64f54f7
4980,南京农业大学-研究生宿舍六舍,118.849685,32.042468,南京市玄武区卫岗1号,江苏省,南京市,玄武区,1,39b73cb7d34b1569c356ac09
4981,苜卫路29号小区,118.840634,32.043848,江苏省南京市秦淮区苜卫路29号,江苏省,南京市,秦淮区,1,d5342bfcd2ea2070b64f54f7
4982,南京农业大学-北苑11号公寓,118.850328,32.041441,南京市玄武区卫岗1号,江苏省,南京市,玄武区,1,223d0d15d149567c3717dc7e
4983,南京农业大学北苑-4号公寓,118.850053,32.042228,江苏省南京市玄武区南京农业大学(卫岗校区)北苑4号公寓,江苏省,南京市,玄武区,1,e970d88dad8fbe608bf15d56
4984,南京农业大学研究生宿舍二舍,118.851284,32.04216,南京市玄武区卫岗1号南京农业大学,江苏省,南京市,玄武区,1,51b9fea3bd2d6fc15e17c3a4
4985,南京农业大学北苑7号公寓,118.852241,32.042362,南京市玄武区卫岗1号南京农业大学,江苏省,南京市,玄武区,1,2966b0611d16763b95f08c01
4986,紫金城,118.837246,32.041625,南京市秦淮区苜蓿园东街19号,江苏省,南京市,秦淮区,1,3636ecb271b2c0c02806cea8
4987,南京农业大学研究生宿舍11舍,118.850334,32.041392,南京市玄武区卫岗1号,江苏省,南京市,玄武区,1,acfd25ca250997d131870a59
4988,苜中路1号小区,118.841353,32.040844,南京市秦淮区苜中路1号,江苏省,南京市,秦淮区,1,60c069b4a916a8354d6d46c7
4989,首中路三号小区,118.840779,32.040221,南京市秦淮区苜中路苜中路3号,江苏省,南京市,秦淮区,1,3958aba3b95c33ad2fb17e35
4990,南京农业大学(卫岗校区)-北苑6号公寓,118.849671,32.042475,南京市玄武区紫竹路卫岗21号院东南侧,江苏省,南京市,玄武区,1,49968db313fc61ee5fbe86fd
4991,乳业大厦,118.847707,32.043949,南京市玄武区童卫路4号建设银行楼上,江苏省,南京市,玄武区,1,99c218baa09546e80782c212
4992,卫岗西6号,118.843624,32.045478,玄武区卫岗西6号,江苏省,南京市,玄武区,1,a7afc9699103ee0d081cc707
4993,卫岗西6号,118.843624,32.045478,玄武区卫岗西6号,江苏省,南京市,玄武区,1,a7afc9699103ee0d081cc707
4994,童卫路18号公寓,118.846116,32.038092,南京市玄武区童卫路18号,江苏省,南京市,玄武区,1,7b9a8a1cb27d419cc1f1cf78
4995,君临紫金,118.856303,32.044174,玄武湖区中山门大街99号,江苏省,南京市,玄武区,1,28e700f1712e3300095cb3cf
4996,小卫街村,118.854834,32.040978,南京市玄武区龙宫东路与龙宫路交叉口北150米,江苏省,南京市,玄武区,1,e85e25275ee0495395f08ce6
4997,铁匠营1,118.858448,32.044705,江苏省南京市玄武区胜利村路与铁匠营交叉口东北150米,江苏省,南京市,玄武区,1,05320689099585e333169b16
4998,江苏省地震局东郊宾馆苜蓿园宿舍,118.83983,32.043067,南京市秦淮区苜卫路35号,江苏省,南京市,秦淮区,1,9dcb7dbb795528410bf5eb01
4999,樱花苑(中山门大街),118.856482,32.04224,江苏省南京市玄武区小卫街229号,江苏省,南京市,玄武区,1,6913052375b56208725e80ec
5000,东元山庄,118.855554,32.04199,南京市玄武区孝陵卫街道小卫街228号,江苏省,南京市,玄武区,1,f4460918daa2016ab11e36ec
5001,美树苑,118.85386,32.042217,南京市玄武区小卫街216号,江苏省,南京市,玄武区,1,5c56edd6c815e05aa1d230ec
5002,南京农业大学(卫岗校区)-北苑9号公寓,118.852516,32.043117,南京市玄武区卫岗1号,江苏省,南京市,玄武区,1,d18adda0186a91b1c4f50d16
5003,南京轻盈堂前燕公寓,118.858186,32.042648,小卫街村都市公社5楼,江苏省,南京市,玄武区,1,e8a0784ac0ced99858f6beee
5004,南京农业大学北苑7号公寓,118.852241,32.042362,南京市玄武区卫岗1号南京农业大学,江苏省,南京市,玄武区,1,2966b0611d16763b95f08c01
5005,卫岗26号小区,118.851306,32.043876,南京市玄武区卫岗26号,江苏省,南京市,玄武区,1,108b1ceadd5dd4ac3586f4ec
5006,南京农业大学北苑7号公寓,118.852241,32.042362,南京市玄武区卫岗1号南京农业大学,江苏省,南京市,玄武区,1,2966b0611d16763b95f08c01
5007,卫岗3号院,118.85073,32.043084,江苏省南京市玄武区卫岗3号,江苏省,南京市,玄武区,1,f4e60c6c192a7acd54bfff06
5008,都市山庄,118.859544,32.042337,南京市玄武区孝陵卫小卫街16号,江苏省,南京市,玄武区,1,b7021bf8d2d118faf4e73bec
5009,南京农业大学北苑7号公寓,118.852241,32.042362,南京市玄武区卫岗1号南京农业大学,江苏省,南京市,玄武区,1,2966b0611d16763b95f08c01
5010,南京农业大学-北苑3号公寓,118.851481,32.041851,南京市玄武区孝陵卫街道卫岗1号南京农业大学,江苏省,南京市,玄武区,1,ee77621a39c75d8795f08cf5
5011,南京农业大学-研究生宿舍三舍,118.85134,32.041803,南京市玄武区卫岗1号,江苏省,南京市,玄武区,1,6985c2483de101ff0b1cc76b
5012,南京农业大学研究生宿舍管理办公室,118.851712,32.042138,南京农业大学卫岗校区北苑2舍东侧,江苏省,南京市,玄武区,1,09c73e251dca07578b2fb5fb
5013,南京农业大学学生宿舍物业部(北苑路),118.850842,32.042052,南京市玄武区卫岗1号南京农业大学,江苏省,南京市,玄武区,1,85c8740d9c5fd5c61f1d1188
5014,南京农业大学研究生宿舍二舍,118.851284,32.04216,南京市玄武区卫岗1号南京农业大学,江苏省,南京市,玄武区,1,51b9fea3bd2d6fc15e17c3a4
5015,南京农业大学-研究生宿舍十舍,118.851008,32.04159,南京市玄武区卫岗1号,江苏省,南京市,玄武区,1,eed5bbf1849bea1c1fe99948
5016,南京农业大学-北苑10号公寓,118.850903,32.041623,南京市玄武区卫岗1号,江苏省,南京市,玄武区,1,91683576e92a40aad92f28be
5017,西园小区(孝陵卫街),118.8584,32.040546,孝陵卫街200号,江苏省,南京市,玄武区,1,7319222173ad31842afc4804
5018,国际留学生3号公寓,118.850782,32.041319,南京市玄武区孝陵卫街道南京农业大学卫岗1号,江苏省,南京市,玄武区,1,d0e238725ebd9556a1a934e1
5019,南京理工大学三号门宿舍,118.860243,32.041149,南京市玄武区孝陵卫街200号南京理工大学545幢,江苏省,南京市,玄武区,1,64f17aa474987012095cb323
5020,住宅八区华园小区,118.860047,32.040606,江苏省南京市玄武区孝陵卫街200号,江苏省,南京市,玄武区,1,beabdbf4771a6b987069d3ec
5021,罗汉巷小区,118.866735,32.04021,江苏省南京市玄武区罗汉巷理工大1号门外,江苏省,南京市,玄武区,1,d7fd2ad3833724540bccddec
5022,钟鼎山庄,118.869095,32.043578,中山门大街299号,江苏省,南京市,玄武区,1,5f32c9b5f9cdf9dcbca82294
5023,孝陵卫街-21号院,118.870029,32.040888,南京市玄武区孝陵卫街21号,江苏省,南京市,玄武区,1,67beb11958b3bdaf41e19278
5024,晏公庙1号小区,118.868073,32.039802,南京市玄武区,江苏省,南京市,玄武区,1,160e46890ea62eec8505bff6
5025,钟鼎山庄-二期,118.865527,32.04439,江苏省南京市玄武区中山门大街299号,江苏省,南京市,玄武区,1,7cd9f52868483bb902ff2d54
5026,佳诚花园-北区,118.865839,32.040648,南京市玄武区罗汉巷101号,江苏省,南京市,玄武区,1,f3c2373c51a30a52d22dd6ec
5027,孝陵卫街-179号院,118.864805,32.040132,江苏省南京市玄武区孝陵卫179号,江苏省,南京市,玄武区,1,db44dc10eab65b3a047ce86e
5028,钟山医院宿舍,118.864508,32.040671,南京市玄武区孝陵卫179号,江苏省,南京市,玄武区,1,b7bd28719d2d01ade5073859
5029,孝陵卫街49号院,118.868052,32.040774,南京市玄武区孝陵卫49号,江苏省,南京市,玄武区,1,14076dee6333a18903294fa0
5030,江苏省农科院住宅小区,118.874115,32.042541,南京市玄武区钟灵街48号,江苏省,南京市,玄武区,1,606ab0d0fc061a2a0e3ddaec
5031,紫金时代,118.880178,32.045192,江苏省南京市玄武区钟灵街50号,江苏省,南京市,玄武区,1,be200b224f2da3ffaeb22ac0
5032,紫金大厦,118.880434,32.04467,江苏省南京市玄武区钟灵街50号,江苏省,南京市,玄武区,1,555e15b397033be1db131823
5033,灵谷寺路小区,118.872192,32.045639,江苏省南京市玄武区灵谷寺路8号,江苏省,南京市,玄武区,1,d431797c2c8aea84430245bc
5034,灵谷寺路小区,118.872192,32.045639,江苏省南京市玄武区灵谷寺路8号,江苏省,南京市,玄武区,1,d431797c2c8aea84430245bc
5035,晏公庙-54号院,118.870477,32.040644,晏公庙54号,江苏省,南京市,玄武区,1,928d88b07e19aa8a08ccdd4d
5036,钟灵街-105号院,118.873258,32.043067,江苏省南京市玄武区钟灵街48号,江苏省,南京市,玄武区,1,278b6c11f56403e0c42ba1a6
5037,钟灵街-105号院,118.873258,32.043067,江苏省南京市玄武区钟灵街48号,江苏省,南京市,玄武区,1,278b6c11f56403e0c42ba1a6
5038,南京体育学院-培训公寓,118.875609,32.046372,南京市玄武区沪宁高速南京连接线南京体育学院南门东北侧约90米,江苏省,南京市,玄武区,1,2e0fbc44522cfb139a005007
5039,江苏农科院研究生宿舍,118.876361,32.041197,小区对面,江苏省,南京市,玄武区,1,166fcc3b215899572fe67b22
5040,江苏农业科技成果展示中心,118.880499,32.046525,南京市玄武区钟灵街60号,江苏省,南京市,玄武区,1,c55e0a6a46b3c7c1c5effb9c
5041,紫金大厦,118.880434,32.04467,江苏省南京市玄武区钟灵街50号,江苏省,南京市,玄武区,1,555e15b397033be1db131823
5042,钟灵街54号院,118.876354,32.044401,江苏省南京市玄武区孝陵卫东钟灵街村54号,江苏省,南京市,玄武区,1,b8537a8cdd09c24f2ab97c6c
5043,康定里-5幢,118.856572,32.02505,江苏省南京市玄武区康定里5幢,江苏省,南京市,玄武区,1,ae182548d1ff51a3ad31e52e
5044,上逸园5幢,118.88425,32.04947,江苏省南京市玄武区宏图上逸园5栋,江苏省,南京市,玄武区,1,f6c906470915a8d62dfaa727
5045,宏图上逸园,118.883512,32.04978,柳营村108号(顾家营路与宁杭公路交界),江苏省,南京市,玄武区,1,680b98e54b1ea2f7ae31e5ec
5046,峻峰大厦(中山门大街),118.881986,32.048774,南京市玄武区孝陵卫柳营100号,江苏省,南京市,玄武区,1,cac5fc760907648e2db96db8
5047,紫金华府,118.885008,32.04552,南京市玄武区顾家营路77号,江苏省,南京市,玄武区,1,1b2bb8fc495b27d9725e80fd
5049,紫金华府-3期,118.889987,32.047798,南京市玄武区马群街179号,江苏省,南京市,玄武区,1,692257a8beee20bec2f1cf8e
5050,紫金华府-1期,118.885867,32.044768,顾家营路,江苏省,南京市,玄武区,1,f4b14fb9a007166a1f3894fb
5051,钟灵街-105号院,118.873258,32.043067,江苏省南京市玄武区钟灵街48号,江苏省,南京市,玄武区,1,278b6c11f56403e0c42ba1a6
5052,五矿晏山居,118.88222,32.042696,南京市玄武区钟灵街50号,江苏省,南京市,玄武区,1,5153bab1ea05c60bc1364496
5053,宏图·逸街区,118.883677,32.050464,南京市玄武区柳营村108号,江苏省,南京市,玄武区,1,8a0f41aa760ac163fbf0cbc2
5054,紫金柳苑小区,118.881789,32.045587,南京市玄武区钟灵街50号,江苏省,南京市,玄武区,1,7b9b1d0bee16f2abb917e716
5055,佳源紫金华府,118.885008,32.04552,南京市玄武区顾家营路77号,江苏省,南京市,玄武区,1,1b2bb8fc495b27d9725e80fd
5056,汇通达大厦,118.88112,32.044991,江苏省南京市玄武区钟灵街50号,江苏省,南京市,玄武区,1,bea0d87ab5a5ee9ec336448a
5057,五棵松128号,118.884971,32.049563,江苏省南京市栖霞区五棵松128号,江苏省,南京市,栖霞区,1,07111dad9d0a11599e95de20
5058,汇通达大厦,118.88112,32.044991,江苏省南京市玄武区钟灵街50号,江苏省,南京市,玄武区,1,bea0d87ab5a5ee9ec336448a
5059,南湾营馨康苑,118.89964,32.041677,南京市栖霞区马群街道南湾营百水桥南路8号,江苏省,南京市,栖霞区,1,93df0dc39c0cc956892fb5bf
5060,银城君颐东方厚泽园,118.894996,32.051088,江苏省南京市栖霞区马群南路9号,江苏省,南京市,栖霞区,1,6c9b186dbefb469cf7e73bb5
5061,牛王庙111号,118.8926,32.046234,南京市栖霞区马群南路银城君颐东方西北侧约60米,江苏省,南京市,栖霞区,1,91269eebd8f638664d2fdfe7
5062,牛王庙111号,118.8926,32.046234,南京市栖霞区马群南路银城君颐东方西北侧约60米,江苏省,南京市,栖霞区,1,91269eebd8f638664d2fdfe7
5063,牛王庙-10号,118.893184,32.049338,江苏省南京市栖霞区牛王庙10号,江苏省,南京市,栖霞区,1,9b91e159d5557f22b21e364c
5064,牛王庙-10号,118.893184,32.049338,江苏省南京市栖霞区牛王庙10号,江苏省,南京市,栖霞区,1,9b91e159d5557f22b21e364c
5065,南湾营融康苑,118.906855,32.047525,江苏省南京市栖霞区百水桥南路17号,江苏省,南京市,栖霞区,1,64ff3be17fc5bbc691114cbb
5066,南湾营文康苑,118.902578,32.044276,南京市栖霞区百水桥南路6号,江苏省,南京市,栖霞区,1,060f5e537d3c4aaa091cc7b5
5067,花港·幸福城-玫瑰园,118.909891,32.040589,江苏省南京市栖霞区花港路15号,江苏省,南京市,栖霞区,1,2a27295da1cda4d74c3a5936
5068,花港·幸福城-玫瑰园,118.909891,32.040589,江苏省南京市栖霞区花港路15号,江苏省,南京市,栖霞区,1,2a27295da1cda4d74c3a5936
5069,花港·幸福城-海棠园,118.905231,32.035443,江苏省南京市栖霞区花港路2号,江苏省,南京市,栖霞区,1,8a1f09fb21d9593ee6e96575
5070,南湾营润康苑,118.909276,32.045578,南京市栖霞区百水桥南路5号,江苏省,南京市,栖霞区,1,3c0ea7c5b8c2bfe1faf0cbb9
5071,南湾营煦康苑,118.902822,32.041579,南京市栖霞区桥南路15号,江苏省,南京市,栖霞区,1,9fb2ca090e81e636e856fa94
5072,南湾营润康苑-西门,118.908377,32.046063,江苏省南京市栖霞区马群南湾营润康苑西门(学康路),江苏省,南京市,栖霞区,1,b998a4411e0ff9459cec2b68
5073,南湾营融康苑-北门,118.906203,32.048236,江苏省南京市栖霞区马群南湾营融康苑西门,江苏省,南京市,栖霞区,1,2035255115f2196d6c3e1b90
5074,南湾营馨康苑-北门,118.900768,32.042864,江苏省南京市栖霞区马群南湾营馨康苑(百水桥南路北),江苏省,南京市,栖霞区,1,0c5e6313a78189aa6140a96a
5075,宁康苑,118.912006,32.047747,南京市栖霞区百水桥南路1号,江苏省,南京市,栖霞区,1,2fd2beab04e9792f7bdbd282
5076,南湾营文康苑,118.902578,32.044276,南京市栖霞区百水桥南路6号,江苏省,南京市,栖霞区,1,060f5e537d3c4aaa091cc7b5
5077,中南世纪雅苑二期,118.915552,32.044016,江苏省南京市栖霞区花港路18号,江苏省,南京市,栖霞区,1,814437e5a03303b214b54b21
5078,百水芊城-秀水坊,118.91109,32.049826,南京市栖霞区百水桥村118号,江苏省,南京市,栖霞区,1,3d02f6c1c6892414b020a848
5079,花港幸福城金桂园(天泉路),118.918599,32.045497,南京市栖霞区天旺路3号,江苏省,南京市,栖霞区,1,9fed297a5efeaeaddf1e52f8
5080,花港·幸福城金桂园(西2门),118.917092,32.045884,南京市栖霞区天泉路与花港北路交叉口东北100米,江苏省,南京市,栖霞区,1,50e710b39791aa4081288ac0
5081,花港·幸福城-茉莉园,118.92202,32.047707,江苏省南京市栖霞区天旺路2号,江苏省,南京市,栖霞区,1,e7667a02bea1abca0e3ddad2
5082,百水保障房-二期,118.923334,32.056361,南京市栖霞区马高路南京外国语学校仙林分校麒麟中学西侧约240米,江苏省,南京市,栖霞区,1,e0985c618f7cea17a8f0cdac
5083,麒麟紫荆城建南苑,118.928264,32.049544,江苏省南京市江宁区天和路建南苑(银河湾.紫苑小区南150米),江苏省,南京市,江宁区,1,0da0f54bd9e47e14a2d230d6
5084,悦民公寓南苑,118.927176,32.048373,南京市江宁区麒麟镇天和路银河湾紫苑东南,江苏省,南京市,江宁区,1,ffc5164e09c10cd48605bf16
5085,东花岗经济适用住房,118.921889,32.047635,南京市栖霞区马群街道天旺路8-2号门面房,江苏省,南京市,栖霞区,1,6b6b4ac0c706afdc0d0a70a7
5086,麒麟紫荆城锁石苑,118.933746,32.048293,江苏省南京市江宁区麒麟科技创新园一期经济适用住房d地块,江苏省,南京市,江宁区,1,f3c94d426af784371d1d1155
5087,麒麟紫荆城定林苑,118.937136,32.047891,南京市江宁区麒麟街道天麒路170号,江苏省,南京市,江宁区,1,ff7e2e2fdab02474c42ba1e6
5088,麒麟科技创新园一期经济适用住房e地块,118.938715,32.047422,南京市江宁区镇东路麒麟紫荆城定林苑,江苏省,南京市,江宁区,1,336c26e04b9cac2a87330456
5089,麒麟科技创新园一期经济适用住房e地块,118.938715,32.047422,南京市江宁区镇东路麒麟紫荆城定林苑,江苏省,南京市,江宁区,1,336c26e04b9cac2a87330456
5090,飞园未情科技发展中华玩具礼品批发城飞园创业园教育基地,118.949648,32.043428,麒麟门青西村飞园路1号,江苏省,南京市,江宁区,1,8e786960a2c3652d2902e15e
5091,苏果配送中心,118.944966,32.048311,麒麟街道西村500号,江苏省,南京市,江宁区,1,3a6ec4b690748958d12dd64c
5092,绿城桃花源,119.007817,32.047267,江苏省南京市江宁区古泉社区S122省道绿城桃花源,江苏省,南京市,江宁区,1,8f9c6d47e57d6d66fbf0cba4
5093,汤山邑温德姆·豪生温泉度假别墅群,119.056535,32.046182,南京市江宁区鹤寿路与经十路交叉路口往西约190米,江苏省,南京市,江宁区,1,423ce29327440d7dc2f1cf17
5094,华山山庄,118.609068,32.038203,江苏省南京市浦口区江浦街道五华路9号,江苏省,南京市,浦口区,1,b52f04790ea77fbd1576435c
5095,海科新寓万翠园,118.608236,32.031366,南京市浦口区五华路西150米,江苏省,南京市,浦口区,1,4ae690b03dba2cde17b54b86
5096,海科新寓,118.607905,32.031175,南京市浦口区花莲路附近,江苏省,南京市,浦口区,1,4af1f2ca1b1359a4b75f1eb1
5097,浦潮筑境,118.611917,32.029135,江苏省南京市浦口区行知路2号,江苏省,南京市,浦口区,1,84ca44cc611df50f42d63ef2
5098,西华公寓,118.612621,32.038328,南京市浦口区江浦街道五华路17号,江苏省,南京市,浦口区,1,81d6a509701ee4406e20b9fd
5099,艺莲苑-西门,118.620371,32.030452,南京市浦口区行知路与大华路交汇处向北300米,江苏省,南京市,浦口区,1,1832f9ad7b8a1c8649fd3fcd
5100,鼎业科技园-东南门,118.613992,32.032006,南京市浦口区行知路与雨合路交叉口西南100米,江苏省,南京市,浦口区,1,feaf1730d665eaeacafa5f3e
5101,南京农业大学学生宿舍,118.633869,32.032352,南京市浦口区江浦街道南农路1号,江苏省,南京市,浦口区,1,b74705bec4912b8928d7abee
5102,国恒科技大厦,118.653711,32.037492,江苏省南京市浦口区新民北路与新民路交叉口东北150米,江苏省,南京市,浦口区,1,2aed97c556e201f51e1d1188
5103,洲岛家园-绿洲苑,118.704478,32.028733,江苏省南京市建邺区红星街90号,江苏省,南京市,建邺区,1,2a8637a65f6c4b642dfaa759
5104,洲岛家园-悦江苑,118.700758,32.031271,江苏省南京市建邺区江堤路洲岛家园,江苏省,南京市,建邺区,1,947ade0d1ded417725e0a05e
5105,仁恒·绿洲新岛2期,118.707331,32.032064,江苏省南京市建邺区贤坤路68号,江苏省,南京市,建邺区,1,94448a576fd0825784154159
5106,仁恒·绿洲新岛,118.708451,32.033798,南京市建邺区新生态科技岛中新大道东侧，地铁10号线江心洲站2号出口南侧,江苏省,南京市,建邺区,1,ce6fbca14d28abb1ab0dd8e1
5107,洲岛家园-芳华苑,118.702359,32.029971,江苏省南京市建邺区红星街88号,江苏省,南京市,建邺区,1,afb7f34c51320bdc38e4a666
5108,新纬壹科技城,118.702808,32.031144,南京市建邺区红星街洲岛家园-芳华苑,江苏省,南京市,建邺区,1,fcb667d5fb53bc26abf729cd
5109,街电(新加坡·南京生态科技岛科创中心),118.713959,32.036773,南京市建邺区江心洲街道贤坤路1号,江苏省,南京市,建邺区,1,7cd46736d2e1569e5e17c390
5110,江岛华庭,118.710269,32.03257,江苏省南京市建邺区江岛华庭东北100米(林荫路北),江苏省,南京市,建邺区,1,c10c924c50e7f95c2f47335d
5111,新纬壹国际科技生态园B区,118.713742,32.034819,林荫路与葡园路交叉口西南100米,江苏省,南京市,建邺区,1,c094fff44b2100bb14a190ba
5112,苏宁慧谷,118.730517,32.03804,江苏省南京市鼓楼区集庆门大街268号,江苏省,南京市,鼓楼区,1,6e6ae11e8edb7b7dc5effb9b
5113,苏宁慧谷-东区,118.730326,32.037737,南京市鼓楼区集庆门大街苏宁慧谷,江苏省,南京市,鼓楼区,1,5bcfa9c6e62c351ccb1b9551
5114,联创科技大厦-B座,118.729856,32.039673,江苏省南京市鼓楼区集慧路18号联创大厦B座,江苏省,南京市,鼓楼区,1,906cb83de381e6762dfaa74d
5115,联创科技大厦,118.729225,32.039826,南京市鼓楼区集慧路18号,江苏省,南京市,鼓楼区,1,661f610504d083653617dc39
5116,南京越洋国际商务中心,118.734674,32.037614,南京市鼓楼区清江南路7号,江苏省,南京市,鼓楼区,1,39fd14bd6920faee2ce67b7e
5117,铂悦金陵,118.73306,32.030304,南京市建邺区乐山路88号,江苏省,南京市,建邺区,1,ab7fef8d28cf769a88db73a3
5118,苏宁睿城,118.736661,32.03652,江苏省南京市鼓楼区汉中门大街301号(清江路与集庆门大街交汇处),江苏省,南京市,鼓楼区,1,bb37a14b782ea865fbdc8578
5119,积贤雅苑,118.738165,32.033483,华山路99号,江苏省,南京市,建邺区,1,be373f5e264d68e9d92f2801
5120,江东新村公寓,118.732803,32.037332,南京市鼓楼区集贤路佳和园,江苏省,南京市,鼓楼区,1,11342dc2b506bb4b1a11d5a7
5121,苏宁睿城银河国际街区,118.736907,32.036788,江苏省南京市鼓楼区润江路3号,江苏省,南京市,鼓楼区,1,ce0b57e511d7402a09b93a15
5122,苏宁睿城银河国际街区-西区,118.736881,32.036648,江苏省南京市鼓楼区清江南路与集庆门大街交汇处东北角,江苏省,南京市,鼓楼区,1,28f65d72a66a0b672a02e1c5
5123,河南一队-11号,118.730523,32.032066,江苏省南京市建邺区河南一队11号,江苏省,南京市,建邺区,1,b98babee100f39a3d13ce3a7
5124,河南一队-7号,118.732392,32.032463,江苏省南京市建邺区河南一队7号,江苏省,南京市,建邺区,1,2f68b15d0095449611882436
5125,苏宁睿城银河国际街区-东区,118.739269,32.036794,南京市鼓楼区润江路6号,江苏省,南京市,鼓楼区,1,eef75b02ea4bfd1ac4f02549
5126,积善村11号,118.735321,32.033178,江苏省南京市建邺区积善村11号,江苏省,南京市,建邺区,1,4cb29842890b8e942cb96dea
5127,佳和园,118.73353,32.036603,南京市鼓楼区清江南路5号,江苏省,南京市,鼓楼区,1,1d8734f01a58b89ab25c6ae2
5128,江东新村公寓佳和园-东南门,118.734977,32.036919,江苏省南京市鼓楼区清江南路5号,江苏省,南京市,鼓楼区,1,95670e57d6cce0f3f03cba25
5129,南京市建邺区综合办公区-1幢,118.740276,32.026392,江苏省南京市建邺区南京市建邺区综合办公区1幢,江苏省,南京市,建邺区,1,e66ac34c2c703ed8c72ba15b
5130,恒盈名居,118.746943,32.034714,南京市建邺区集庆门大街200号,江苏省,南京市,建邺区,1,b003619d836876976c47600b
5131,长发都市蓝瑟,118.746882,32.035549,南京市建邺区江东中路87号,江苏省,南京市,建邺区,1,c22c8b7c9320b76d8b2fb5e7
5132,恒盈名居,118.746943,32.034714,南京市建邺区集庆门大街200号,江苏省,南京市,建邺区,1,b003619d836876976c47600b
5133,南京蓝瑟之家公寓(云锦路分店),118.746882,32.035549,南京市建邺区江东中路87号,江苏省,南京市,建邺区,1,c22c8b7c9320b76d8b2fb5e7
5134,德盈大厦,118.745039,32.033544,南京市建邺区江东中路118号,江苏省,南京市,建邺区,1,46e86fdd67cdc76fd03ce3b0
5135,南京万达广场-万达中心,118.744478,32.03555,江苏省南京市建邺区江东中路100号,江苏省,南京市,建邺区,1,088fa494a6a040c4b817e75e
5136,利德家园,118.747734,32.034689,江苏省南京市建邺区集庆门大街198号,江苏省,南京市,建邺区,1,5c2dc21dc6d53d046ec02cb0
5137,万达西地二街区,118.742393,32.035391,南京市建邺区江东中路106号河西万达广场,江苏省,南京市,建邺区,1,f5e6913e1b672918b2077df4
5138,叠彩丽庭,118.747931,32.035657,南京市建邺区集庆门大街198号,江苏省,南京市,建邺区,1,94b5bb3337330dedb726556e
5139,河西万达广场C座-西门,118.745085,32.034902,南京市建邺区江东中路108号,江苏省,南京市,建邺区,1,6f1e0b386076e26371210b48
5140,南京万达广场丨万达中心D座-南门,118.744375,32.034753,南京市建邺区江东中路112号,江苏省,南京市,建邺区,1,5bd8c3e41cac9c4bb9df8fae
5141,金典社区,118.741572,32.036388,南京市建邺区集庆门大街218号6幢,江苏省,南京市,建邺区,1,ca371b6628315da59868b4a2
5142,万达西地二街区-B区组团,118.742715,32.036035,南京市建邺区江东中路路98号南京万达广场内,江苏省,南京市,建邺区,1,fae0eb5619fbacb6eddfca5a
5143,万和源居,118.744956,32.03212,建邺区江东南路18号,江苏省,南京市,建邺区,1,dbf4d6ee1814602a6ea3ccb0
5144,莺歌苑小区,118.748824,32.034849,江苏省南京市建邺区集庆门大街198号,江苏省,南京市,建邺区,1,b8d26f93cd7a2de87dc8769f
5145,万达西堤,118.742029,32.036,南京市建邺区集庆门大街218号(万达广场),江苏省,南京市,建邺区,1,bf5810a13ba02505d72ce29a
5146,星雨华府(积贤街),118.742358,32.033043,南京市建邺区集庆门大街星雨华府,江苏省,南京市,建邺区,1,939f44cd1cede980260bd00b
5147,银河湾福苑,118.749222,32.036821,江苏省南京市建邺区云锦路88号,江苏省,南京市,建邺区,1,b96836c9ef5267b628d7ab92
5148,河西电信大厦,118.746198,32.039082,江苏省南京市建邺区江东中路49号,江苏省,南京市,建邺区,1,7012a070c9dd50b0246e98a2
5149,万达广场西地贰街区,118.742393,32.035391,南京市建邺区江东中路106号河西万达广场,江苏省,南京市,建邺区,1,f5e6913e1b672918b2077df4
5150,万达西地二街区-A区组团,118.7413,32.035943,南京市建邺区江东中路路98号南京万达广场内,江苏省,南京市,建邺区,1,238626ec419433097c29bd6f
5151,鹭鸣苑社区,118.749469,32.032761,南京市建邺区南苑街道云锦路127号,江苏省,南京市,建邺区,1,45636c05633e5c2095f08c0d
5152,群立大厦,118.750015,32.034275,南京市建邺区莫愁湖街道集庆门大街190-2号,江苏省,南京市,建邺区,1,aa40a7835a6d55b28e772798
5153,所街办公大楼,118.746919,32.030856,南京市建邺区江东中路109号,江苏省,南京市,建邺区,1,251f0ccb05bdcf3828d7ab8c
5154,江苏保险综合大厦,118.749551,32.032329,南京市建邺区云锦路129号,江苏省,南京市,建邺区,1,4bc35311a69864f98d77277d
5155,万达小区,118.748815,32.038491,江苏省南京市建邺区江东中路102号,江苏省,南京市,建邺区,1,989da22f54b1bfae9703196e
5156,万达广场西地贰街区-8号楼,118.741389,32.037057,江苏省南京市建邺区汉中门集庆门大街万达广场西地贰街区,江苏省,南京市,建邺区,1,d2925ba62492265b8c1a8973
5157,金街东区,118.751413,32.039778,南京市建邺区云锦路万达金街-东区,江苏省,南京市,建邺区,1,b817eac5d92ce16011882437
5158,银轮花园,118.750382,32.033299,南京市建邺区集庆门大街189号,江苏省,南京市,建邺区,1,56f2f69654f2da800ba8d4b0
5159,南京万达广场·东坊-1栋办公楼,118.749933,32.037782,江苏省南京市建邺区云锦路58号,江苏省,南京市,建邺区,1,442cfa8710dbf60dcae33cd3
5160,万达广场-东坊,118.749208,32.038164,南京市建邺区云锦路58号,江苏省,南京市,建邺区,1,0fb02d233c7c6bf8a0acc4d1
5161,乐基广场,118.747948,32.030396,云锦路169号,江苏省,南京市,建邺区,1,062a743e2f47f785f50e77f0
5162,南京越洋国际商务中心,118.734674,32.037614,南京市鼓楼区清江南路7号,江苏省,南京市,鼓楼区,1,39fd14bd6920faee2ce67b7e
5163,丹桂居,118.740935,32.030022,江苏省南京市建邺区通江路1号,江苏省,南京市,建邺区,1,25ec69fcb1ef7c7dc36c14b0
5164,湖西庭园,118.755973,32.035365,南京市建邺区湖西街18号,江苏省,南京市,建邺区,1,3a0fbba801b832419fe321b0
5165,湖西村,118.755451,32.034097,南京市建邺区湖西街,江苏省,南京市,建邺区,1,bba87388aecd8ea0bda822b0
5166,玉塘村,118.757629,32.034906,南京市建邺区湖西街与南湖东路交叉路口往东南约100米(湖西庭园东侧约100米),江苏省,南京市,建邺区,1,02c7f5cceb249e5f283a9f63
5167,中北英郡,118.753256,32.034253,集庆门大街168号,江苏省,南京市,建邺区,1,2816ac530e7befd92dfaa756
5168,兆园东小区,118.75685,32.036675,南京市建邺区湖西街兆园2号,江苏省,南京市,建邺区,1,78bd50f76c7d172630870aa0
5169,福园小区,118.755949,32.035775,茶南福园街113-6,江苏省,南京市,建邺区,1,c37ee3d95a962897471a3278
5170,兆园西小区,118.755368,32.036979,江苏省南京市建邺区茶南大街71号,江苏省,南京市,建邺区,1,c8e8f633cb5a5d6caa0dd8b0
5171,品阁,118.754228,32.032756,南京市建邺区集庆门大街155号,江苏省,南京市,建邺区,1,d4f4f6545e04cdc05810937c
5172,天湖园小区(西北门),118.757758,32.036735,南京市建邺区湖西街5号,江苏省,南京市,建邺区,1,565d9b92ec6ec8d3a20464c3
5173,湖西街34号小区-1幢,118.754955,32.031736,江苏省南京市建邺区湖西街34号,江苏省,南京市,建邺区,1,fb9b11d8f5e719188705bfac
5174,明园社区,118.752458,32.038065,南京市建邺区福园街,江苏省,南京市,建邺区,1,631c41570fe2ff7831f71dda
5175,露园小区-南区,118.757102,32.037544,南京市建邺区湖西街与露园街交叉路口往西约70米,江苏省,南京市,建邺区,1,9a8d42225a02b477240bd00e
5176,弘辉缤纷家园,118.752372,32.032932,南京市建邺区集庆门大街169号,江苏省,南京市,建邺区,1,d0f145ceccae781a902ca385
5177,明清园(茶南大街),118.7553,32.038448,露园24幢,江苏省,南京市,建邺区,1,5b25f4468f28b1ea112935b0
5178,新禧家园,118.753665,32.03193,南京市建邺区湖西街44号,江苏省,南京市,建邺区,1,f757e6ee8ce25317270bd0b0
5179,安民村,118.756599,32.031821,南京市建邺区湖西街51号,江苏省,南京市,建邺区,1,74731f2b921815d7e3110359
5180,露园小区,118.756383,32.038471,南京市建邺区露园街8号,江苏省,南京市,建邺区,1,34bc02d24d5ffa07621c67a9
5181,金贸新村,118.758909,32.037077,南京市建邺区莫愁湖街道玉塘街81号,江苏省,南京市,建邺区,1,9ee392b836e33241babd63b3
5182,白鹭花园凤栖苑,118.751324,32.035381,南京市建邺区集庆门大街188号,江苏省,南京市,建邺区,1,d3f5442e908ce440028972fd
5183,仁园小区,118.753658,32.038222,江苏省南京市建邺区水西门大街245号,江苏省,南京市,建邺区,1,0c5c20257e2633142806ce9f
5184,建盛丽庭,118.757515,32.038347,南京市建邺区莫愁湖街道湖西街8号,江苏省,南京市,建邺区,1,34059f9799f4bb5470455bb3
5185,沿河社区(沿河街),118.757291,32.033433,南京市建邺区集庆门大街,江苏省,南京市,建邺区,1,d1469ee79b496262853304b3
5186,凤鸣苑,118.751442,32.032898,南京市建邺区集庆门大街170号,江苏省,南京市,建邺区,1,cc0849a0404ac850950319b0
5187,江苏省淡水水产研究所-宿舍,118.760091,32.034899,南京市建邺区莫愁湖街道茶亭东街79号,江苏省,南京市,建邺区,1,959845eedbdc6efc2fb90844
5188,湖西村小区,118.755451,32.034097,南京市建邺区湖西街,江苏省,南京市,建邺区,1,bba87388aecd8ea0bda822b0
5189,白鹭花园凤栖苑,118.751324,32.035381,南京市建邺区集庆门大街188号,江苏省,南京市,建邺区,1,d3f5442e908ce440028972fd
5190,安康小区(湖西街),118.756598,32.030858,南京市建邺区湖西街51号,江苏省,南京市,建邺区,1,85c41ca331e1250021026200
5191,露园小区,118.756383,32.038471,南京市建邺区露园街8号,江苏省,南京市,建邺区,1,34bc02d24d5ffa07621c67a9
5192,湖西街小区,118.754498,32.030811,南京市建邺区水西门大街湖西街36号,江苏省,南京市,建邺区,1,3f76d8f00cf52f2cdb131812
5193,蓓蕾村,118.761791,32.035603,南京市建邺区玉塘东街与育英街交叉口东北100米,江苏省,南京市,建邺区,1,3364ebe4af18831326d2bb13
5194,沿河四村,118.758594,32.032536,江苏省南京市建邺区集庆门大街沿河社区(西祠街区南100米),江苏省,南京市,建邺区,1,f5d10de46c402a3df503b885
5195,拓园东小区,118.755332,32.039544,南京市建邺区水西门大街249号,江苏省,南京市,建邺区,1,87248d960f6cb8b32906ceb0
5196,湖心花园,118.759499,32.038518,南京市建邺区水西门大街207号,江苏省,南京市,建邺区,1,4bb049d97a09bd47980050b3
5197,沿河三村,118.759189,32.032172,南京市建邺区沿河街与玉塘东街交叉路口往西南约50米(南京市沿河幼儿园东侧约100米),江苏省,南京市,建邺区,1,80adc8b7cac4e52ee5073868
5198,金地名京,118.752018,32.030822,南京市建邺区云锦路139号,江苏省,南京市,建邺区,1,3fcc6b0fe3b128971de999e8
5199,安国村,118.759257,32.030682,南京市建邺区南湖路22号,江苏省,南京市,建邺区,1,13e736ac94e1cfed471a3250
5200,金街东区,118.751958,32.039631,南京市建邺区水西门大街255号,江苏省,南京市,建邺区,1,f7e71c4b66d05660c33644b6
5201,瑞阳尊邸,118.760111,32.039728,南京市建邺区水西门大街276号,江苏省,南京市,建邺区,1,c91718e44b494efa260bd065
5202,美高美大厦,118.758343,32.039566,南京市建邺区水西门大街213号,江苏省,南京市,建邺区,1,a740c145fb620255e6e965b8
5203,安康村,118.754977,32.030191,南京市建邺区,江苏省,南京市,建邺区,1,ab053a4d5911edd08bfc0689
5204,名郡花园,118.752835,32.033762,南京市建邺区南苑街道集庆门大街170号,江苏省,南京市,建邺区,1,ed3044da4748cab9a7c756cf
5205,兆园-24幢,118.756443,32.035107,江苏省南京市建邺区兆园24幢,江苏省,南京市,建邺区,1,24aca90623873ff76fc02c12
5206,兆园13号楼,118.756832,32.036422,江苏省南京市建邺区兆园东小区(湖西街西),江苏省,南京市,建邺区,1,7282e2ed77aeee9940024518
5207,兆园-24幢,118.756443,32.035107,江苏省南京市建邺区兆园24幢,江苏省,南京市,建邺区,1,24aca90623873ff76fc02c12
5208,兆园13号楼,118.756832,32.036422,江苏省南京市建邺区兆园东小区(湖西街西),江苏省,南京市,建邺区,1,7282e2ed77aeee9940024518
5209,兆园45-1号,118.754841,32.037521,南京市建邺区露园西街兆园西小区,江苏省,南京市,建邺区,1,ae182c885a765040be4842df
5210,文体西村,118.76443,32.035229,南京市建邺区南湖路,江苏省,南京市,建邺区,1,e3a7fd13ecc3f35229b97cb3
5211,文体村小区,118.765318,32.033714,南京市建邺区南湖东路56号,江苏省,南京市,建邺区,1,fbb0634a79c35ad540afe60a
5212,育英村,118.763881,32.034037,南京市建邺区育英街与南湖路交叉路口向东南约100米,江苏省,南京市,建邺区,1,953139ed3c608040b6147f6f
5213,莫愁新村,118.766934,32.035848,南京市建邺区南湖路7号,江苏省,南京市,建邺区,1,fc767524f67e3cfa4f776eb3
5214,艺苑村,118.764965,32.036613,江苏省南京市建邺区文体西路10号,江苏省,南京市,建邺区,1,35debf295bd89045a6da39c5
5215,南湖东路小区,118.771314,32.03216,南京市建邺区南湖东路70号,江苏省,南京市,建邺区,1,35543be1ae4685b6a2a93442
5216,南湖小区,118.766323,32.037316,湖西街,江苏省,南京市,建邺区,1,4362837d65a14aba7ab55c82
5217,蓓蕾小区,118.762866,32.036214,江苏省南京市建邺区南湖路4号,江苏省,南京市,建邺区,1,81d6a50971cbe5406f20b9b0
5218,西街头小区-7幢,118.767547,32.037035,江苏省南京市建邺区水西门大街7幢,江苏省,南京市,建邺区,1,a676304219f45e89d1ff23d8
5219,自由寓(河西店),118.760408,32.033644,南京市建邺区玉塘东街12号,江苏省,南京市,建邺区,1,d4ce1f0ebb624f73d9d891bf
5220,康福村,118.763569,32.032487,南京市建邺区南湖东路11号,江苏省,南京市,建邺区,1,10e44f42c6f58147631809ac
5221,车站村,118.762286,32.034164,南京市建邺区南湖东路4号,江苏省,南京市,建邺区,1,b5c43155205dc9d0e6e96555
5222,外贸小区,118.764702,32.037868,南京市建邺区水西门大街五洋百货时尚广场,江苏省,南京市,建邺区,1,d257ecc6c776bdb6130daae0
5223,车站小区(育英街),118.762059,32.034541,江苏省南京市建邺区南湖东路4号,江苏省,南京市,建邺区,1,ea4a3dc9aacc5f2e4f5547b3
5224,水西门大街157号大院,118.765301,32.037946,南京市建邺区水西门大街157号,江苏省,南京市,建邺区,1,fe05d5519799ca97223bf22d
5225,利民小区(文体西路),118.765077,32.031867,文体路与水西门大街交叉处,江苏省,南京市,建邺区,1,a868deb7d4f208a025d2bb33
5226,南湖边-76号,118.769243,32.036287,江苏省南京市建邺区南湖边76号,江苏省,南京市,建邺区,1,402531971c8f2989b6f42ff0
5227,玉塘东街四号小区,118.7614,32.035764,江苏省南京市建邺区玉塘东街4号,江苏省,南京市,建邺区,1,3644a5785a74c2b1e115f936
5228,车站南村,118.761243,32.033037,南湖东路20号,江苏省,南京市,建邺区,1,90719a535d062e569d82eac6
5229,迎宾村,118.762377,32.037889,江苏省南京市建邺区南湖路25号,江苏省,南京市,建邺区,1,51664db19b1ffc4f1ee99953
5230,车站南小区-东一门,118.761657,32.03336,南京市建邺区南湖东路与玉塘东街交叉口东南100米,江苏省,南京市,建邺区,1,99ec1ee010d90b0120f017ab
5231,长虹路131号小区,118.769286,32.032539,南京市建邺区长虹路131号,江苏省,南京市,建邺区,1,9fbbfd8c957d5da61288248b
5232,利民东村小区,118.766778,32.031211,文体路与集庆门大街交叉口,江苏省,南京市,建邺区,1,79cceb36c238e1f41f5800a0
5233,长虹路小区,118.773496,32.02896,南京市建邺区长虹路华驿酒店(南京莫愁湖店)南侧约30米,江苏省,南京市,建邺区,1,0b92cf325e73a056441a32ac
5234,园中园公寓,118.763532,32.039513,南京市建邺区水西门大街258号,江苏省,南京市,建邺区,1,05dd7d5f663b9501ac080fb3
5235,茶亭村,118.761017,32.037986,江苏省南京市建邺区玉塘街208-5号,江苏省,南京市,建邺区,1,91c13f93c6376afb21f017c2
5236,东升沿一小区,118.763476,32.03032,江苏省南京市建邺区集庆门大街107号,江苏省,南京市,建邺区,1,ffd6d4035682588f16b54bb3
5237,沿河社区-东区,118.761127,32.031858,南京市建邺区沿河街沿河社区,江苏省,南京市,建邺区,1,9ee7cc78d9ef947017c905b3
5238,沿河二村,118.760869,32.031355,南京市建邺区集庆门大街沿河社区,江苏省,南京市,建邺区,1,8409931d49cd6926f90cadcd
5239,莫园新寓,118.762562,32.039646,南京市建邺区莫园水西门大街226号,江苏省,南京市,建邺区,1,e1f03e5b6582845843ab9aa1
5240,金基唐城,118.761456,32.040624,南京市建邺区汉中门大街87号,江苏省,南京市,建邺区,1,d52831f927076cda2ffaa780
5241,君莱商务中心,118.767228,32.032764,南京市建邺区南湖东路22号,江苏省,南京市,建邺区,1,fd994ad67d6792eb077ce8ea
5242,莫愁大厦,118.769539,32.036922,江苏省南京市建邺区水西门大街101号,江苏省,南京市,建邺区,1,2e00c5dda039a41cd6851fb3
5243,金基广场,118.761315,32.039571,江苏省南京市水西门大街268号,江苏省,南京市,建邺区,1,4ce10ce67ce28cb8441a3229
5244,茶亭东街小区,118.749326,32.041602,南京市建邺区茶亭东街公寓区西南侧约70米,江苏省,南京市,建邺区,1,a96f8052761900929222e0be
5245,利民村,118.765077,32.031867,文体路与水西门大街交叉处,江苏省,南京市,建邺区,1,a868deb7d4f208a025d2bb33
5246,建宇大厦,118.775694,32.036831,南京市秦淮区虎踞南路100-102号,江苏省,南京市,秦淮区,1,69fcd6dff7f0d22fcb2915b3
5247,长虹路后街小区-5幢,118.772411,32.03596,江苏省南京市建邺区长虹路后街小区5幢,江苏省,南京市,建邺区,1,007689bea44712f94e776e39
5248,升州商务大楼,118.777869,32.034676,南京市秦淮区升州路385号,江苏省,南京市,秦淮区,1,0adce3e292a5e86181a00ca8
5249,新银都现代家庭商务广场,118.778017,32.036425,南京市秦淮区水西门大街2号,江苏省,南京市,秦淮区,1,bbc10e6244f0dc9557bfff38
5250,水西门大街57号小区-西门,118.773457,32.03625,南京市建邺区西水门大街57号,江苏省,南京市,建邺区,1,a33649e9e1c08f863904b124
5251,来凤街社区,118.776959,32.028412,南京市秦淮区菱角市66号43号楼二楼(桃园人家正对面、逆鳞楼上),江苏省,南京市,秦淮区,1,027ba202adff433e26e0a0e6
5252,韩家苑小区,118.777328,32.037032,南京市秦淮区莫愁路97号,江苏省,南京市,秦淮区,1,ef773a0fc8f39e3422022045
5253,左邻风度,118.774087,32.03755,南京市建邺区莫愁湖东路6号,江苏省,南京市,建邺区,1,91c13f9353e7e7fa20f017b3
5254,虎踞南路小区,118.773994,32.047093,南京市秦淮区虎距南路98号,江苏省,南京市,秦淮区,1,23c8fa1a09437333d92f283a
5255,长虹路三九五九巷小区(碧虹苑西南),118.773004,32.034433,南京市建邺区长虹路53号,江苏省,南京市,建邺区,1,e76e0631ee0be7794054d717
5256,西关头物业管理区,118.776267,32.033289,江苏省南京市秦淮区凤台路16-21号物业管理区3幢,江苏省,南京市,秦淮区,1,19efb5cbb3f082322fb96d67
5257,紫金(秦淮)科技创业特别社区,118.775945,32.032266,南京市秦淮区凤台路西关头西3门南侧约50米,江苏省,南京市,秦淮区,1,1ed5fc6362bb82b9c5effbbd
5258,金陵商贸服务中心,118.77873,32.034208,南京市秦淮区升州路355号,江苏省,南京市,秦淮区,1,d2ab6a9b92bd1b38e5e965c3
5259,碧虹苑,118.772312,32.034176,南京市建邺区长虹路49号,江苏省,南京市,建邺区,1,e889a7448de748b58705bfb0
5260,南京社会保障服务大楼,118.77249,32.036536,江苏省南京市建邺区水西门大街73号,江苏省,南京市,建邺区,1,f66ab4e8cdd0e5d8270bd0e4
5261,建邺大厦(水西门大街),118.772829,32.037404,江苏省南京市建邺区水西门大街58号,江苏省,南京市,建邺区,1,75d0881a2ad6ed4d3b04b1b0
5262,长虹路后街小区-力生大厦,118.772071,32.036647,南京市建邺区水西门大街77号,江苏省,南京市,建邺区,1,c5ddcc082291c7c6d91318b3
5263,止马公馆,118.77656,32.03847,南京市秦淮区朝天宫西侧西止马营52号,江苏省,南京市,秦淮区,1,befdb292a1f6aee187154144
5264,仓巷39-45大院,118.779453,32.035937,南京市秦淮区朝天宫街道升州路488号,江苏省,南京市,秦淮区,1,f8fb2a858d761bba3a04b1fa
5265,长虹路后街小区,118.771509,32.035974,江苏省南京市建邺区水西门大街85-4号,江苏省,南京市,建邺区,1,b292b3aa526c9756bf4842b3
5266,水西门大街276号,118.759908,32.039696,江苏省南京市建邺区水西门大街276号,江苏省,南京市,建邺区,1,f7d858ad3a367b5512882432
5267,南京市建邺区房屋征收管理办公室,118.775581,32.038806,南京市秦淮区虎踞南路86号南京德洋商贸中心,江苏省,南京市,秦淮区,1,41be8f778011c0d9b817e7e5
5268,小庄子-67号,118.771185,32.035882,南京市建邺区南湖边长虹路后街小区,江苏省,南京市,建邺区,1,307ff2f6c4468e2db6147f3e
5269,莫愁东寓小区,118.774083,32.038794,南京市建邺区莫愁湖东路12号,江苏省,南京市,建邺区,1,0a46dc0faeb349233062126c
5270,小庄子-66号,118.770993,32.035769,南京市建邺区小庄子66号长虹路后街小区,江苏省,南京市,建邺区,1,c49c5c4f1cdf4aa50e3ddaaa
5271,小庄子-68号,118.771011,32.035922,南京市建邺区南湖边长虹路后街小区,江苏省,南京市,建邺区,1,23abae835f949b2b80288a58
5272,小庄子-69号,118.770998,32.035981,南京市建邺区南湖边长虹路后街小区,江苏省,南京市,建邺区,1,bba54d6de57faba48bb988ef
5273,小庄子-60号,118.77078,32.036108,南京市建邺区南湖边长虹路后街小区,江苏省,南京市,建邺区,1,ced2e08bee88dc40fbf0cba9
5274,小庄子-64号,118.770686,32.035782,南京市建邺区南湖边长虹路后街小区,江苏省,南京市,建邺区,1,2ba966165ec41613b020a80e
5275,水西门大街87号,118.771032,32.036633,江苏省南京市建邺区水西门大街87幢,江苏省,南京市,建邺区,1,22836b4713f9d78df03cbac3
5276,小庄子-61号,118.770653,32.036067,江苏省南京市建邺区小庄子61号,江苏省,南京市,建邺区,1,ecdfc8c753306f7b72210bd8
5277,通宇花园,118.7766,32.039599,南京市秦淮区西止马营48号,江苏省,南京市,秦淮区,1,003701d9524223ba9b68b4b7
5278,牌坊街小区,118.771965,32.038376,江苏省南京市建邺区莫愁湖东路35号,江苏省,南京市,建邺区,1,8f58b1d2c45bf37e5bf6be4f
5279,君园,118.773828,32.03932,南京市建邺区莫愁湖街道莫愁湖东路16号,江苏省,南京市,建邺区,1,4ea3f2f16acaf5aaafcb66b3
5280,南湖东路小区,118.771314,32.03216,南京市建邺区南湖东路70号,江苏省,南京市,建邺区,1,35543be1ae4685b6a2a93442
5281,欢喜城招商中心,118.773074,32.032996,江苏南京市建邺区长虹路105号,江苏省,南京市,建邺区,1,3db8f895913411efa2d2304d
5282,长虹路131号小区,118.769286,32.032539,南京市建邺区长虹路131号,江苏省,南京市,建邺区,1,9fbbfd8c957d5da61288248b
5283,名湖雅居,118.771761,32.038702,南京市建邺区莫愁湖东路9-13号,江苏省,南京市,建邺区,1,b3e2ae956f9b303294ec84d9
5284,凤凰峨眉小区,118.77136,32.032256,江苏省南京市建邺区长虹路199号,江苏省,南京市,建邺区,1,d36fc6cc63d0ef980c0a70b0
5285,虎踞南路小区,118.773994,32.047093,南京市秦淮区虎距南路98号,江苏省,南京市,秦淮区,1,23c8fa1a09437333d92f283a
5286,天一居,118.780166,32.037984,南京市秦淮区丁家巷8号,江苏省,南京市,秦淮区,1,ff7691d0f92644c8a204645c
5287,桃园人家,118.779419,32.031865,江苏省南京市秦淮区柳叶街133号,江苏省,南京市,秦淮区,1,53349ee3a380eb6e230262a8
5288,菱角市小区,118.778445,32.030792,江苏省南京市秦淮区来凤街93号,江苏省,南京市,秦淮区,1,c6f85db6feba5c2121026245
5289,止马营小区,118.778504,32.040383,江苏省南京市秦淮区西止马营,江苏省,南京市,秦淮区,1,2888b394704687df095cb3a9
5290,止马营,118.778504,32.040383,江苏省南京市秦淮区西止马营,江苏省,南京市,秦淮区,1,2888b394704687df095cb3a9
5291,集庆门来风街,118.778243,32.030307,南京市秦淮区来凤街菱角市小区,江苏省,南京市,秦淮区,1,aaecca066912577e1b11d5cb
5292,毛家苑-35号,118.778445,32.030463,南京市秦淮区菱角市小区西门,江苏省,南京市,秦淮区,1,bf87ac072b4a8a326f476083
5293,长虹路131号小区,118.769286,32.032539,南京市建邺区长虹路131号,江苏省,南京市,建邺区,1,9fbbfd8c957d5da61288248b
5294,定做冷库鱼缸制冷空调维修,118.777179,32.01463,南京市秦淮区应天大街中国石化(南京集合村加油站)东侧约90米,江苏省,南京市,秦淮区,1,0c6e8c8321d5c7682902e13b
5295,评事街小区,118.785381,32.034837,南京市秦淮区千章巷14号,江苏省,南京市,秦淮区,1,2c2059b4d8740989fb2d6122
5296,红土桥-30号,118.784775,32.034739,江苏省南京市秦淮区红土桥30号,江苏省,南京市,秦淮区,1,db1f0634c90ddbd6c0364423
5297,红土桥-28号,118.784675,32.034442,江苏省南京市秦淮区红土桥28号,江苏省,南京市,秦淮区,1,eae2e5438e71303cc16c1427
5298,金鼎国际,118.785218,32.036497,江苏省南京市秦淮区鼎新路88号(鼎新大厦东南侧),江苏省,南京市,秦淮区,1,222cfe47a90f4d9abd484232
5299,金鼎湾,118.785218,32.036497,江苏省南京市秦淮区鼎新路88号(鼎新大厦东南侧),江苏省,南京市,秦淮区,1,222cfe47a90f4d9abd484232
5300,红士桥-22号,118.784548,32.03409,江苏省南京市秦淮区红士桥22号,江苏省,南京市,秦淮区,1,9337121e2cc36ccb1d5800be
5301,踹布坊-21号,118.787072,32.03496,江苏省南京市秦淮区踹布坊21号,江苏省,南京市,秦淮区,1,7973bf51369205707369d312
5302,绒庄新村小区,118.787614,32.035673,南京市秦淮区评事街208号,江苏省,南京市,秦淮区,1,8ab0dfc428ed9f16d8eced45
5303,大常巷,118.782773,32.035992,南京市秦淮区大常巷2号,江苏省,南京市,秦淮区,1,a40244257d766b688605bfb2
5304,鼎新苑,118.783227,32.036278,南京市秦淮区鼎新路35号,江苏省,南京市,秦淮区,1,75c22facb7e9fb2033f71d9d
5305,金鼎湾-东门,118.783288,32.036753,江苏省南京市秦淮区鼎新路99号,江苏省,南京市,秦淮区,1,f5340968eec72117b020a8fe
5306,鸿信大厦,118.78672,32.037402,建邺路98-100号,江苏省,南京市,秦淮区,1,606289fd79ff1f4da2046444
5307,创联商务中心,118.78719,32.037598,南京市秦淮区建邺路98号8楼,江苏省,南京市,秦淮区,1,0c771bcff1b79224ca09f06d
5308,金鼎湾(鼎新路),118.785218,32.036497,江苏省南京市秦淮区鼎新路88号(鼎新大厦东南侧),江苏省,南京市,秦淮区,1,222cfe47a90f4d9abd484232
5309,建邺商务中心,118.788319,32.03679,南京市秦淮区建邺路80-3号,江苏省,南京市,秦淮区,1,341c35de34755abee6073844
5310,明瓦廊小区,118.787163,32.037567,南京市秦淮区木料市鸿信大厦,江苏省,南京市,秦淮区,1,1fc29f3f0b35b86cab059d4d
5311,天安·恒隆花园,118.782862,32.033507,南京市秦淮区鼎新路1号,江苏省,南京市,秦淮区,1,0dc3d82d2ef8df1175e5b66d
5312,福祥公寓,118.78836,32.0342,南京市秦淮区白衣庵11号、15号,江苏省,南京市,秦淮区,1,dbbf2e7d932b4890b5f42f1e
5313,古钵营小区,118.788412,32.034226,秦淮古钵营巷9号,江苏省,南京市,秦淮区,1,14120d56b9c0bca4df1e5200
5314,福祥大厦,118.788217,32.033779,南京市秦淮区白衣庵17号,江苏省,南京市,秦淮区,1,baddf8881d47afda40ab9a9b
5315,内桥湾小区,118.789039,32.035374,江苏省南京市秦淮区绒庄街72号附近,江苏省,南京市,秦淮区,1,5ce2637d4051f851ae31e545
5316,华信公寓,118.788098,32.033391,南京市秦淮区中山南路白衣庵27号,江苏省,南京市,秦淮区,1,19b52c0c5847388a4bcc4a0b
5317,七家湾-84号楼,118.782766,32.03753,南京市秦淮区七家湾鼎新大厦,江苏省,南京市,秦淮区,1,20bfca4be0981b1428d7abae
5318,金苑银府,118.787398,32.038216,江苏省南京市秦淮区建邺路92号,江苏省,南京市,秦淮区,1,585e903e1b17990a4107c16e
5319,朗诗熙园,118.786041,32.038731,南京市秦淮区丰富路18号,江苏省,南京市,秦淮区,1,1e726ca0b1602800a11de9b4
5320,鼎新大厦,118.782732,32.037586,江苏省南京市秦淮区七家湾84号,江苏省,南京市,秦淮区,1,cda21a8c11405b9d43e192ad
5321,程善坊-1号,118.784629,32.032154,江苏省南京市秦淮区程善坊1号,江苏省,南京市,秦淮区,1,a73f83ff10b8001d2ce67b64
5322,程善坊-3号,118.784751,32.03213,江苏省南京市秦淮区程善坊3号,江苏省,南京市,秦淮区,1,2147cfc594e7ce93b7f42ff2
5323,南京电力电容商务中心,118.782957,32.032373,南京市秦淮区升州路292号a楼,江苏省,南京市,秦淮区,1,7ef543fe0cfa0f3e07fef5f5
5324,城市之星停车场门卫室,118.78463,32.031912,江苏省南京市秦淮区升州路228号901号,江苏省,南京市,秦淮区,1,68d278bade06c8504f3a59da
5325,七家湾-98号,118.782373,32.037772,江苏省南京市秦淮区七家湾98号,江苏省,南京市,秦淮区,1,9119a1ac61cd6d70130daa8c
5326,东沛大厦,118.782145,32.037999,江苏省南京市秦淮区建邺路199号,江苏省,南京市,秦淮区,1,637df60a66537c0c40afe6dd
5327,建邺路住宅小区,118.789116,32.037265,南京市秦淮区建邺路76-5临,江苏省,南京市,秦淮区,1,a3e8341cb98552954afd3f45
5328,七家湾-88号,118.782026,32.037473,江苏省南京市秦淮区七家湾88号,江苏省,南京市,秦淮区,1,1e4746086365dc296140a9af
5329,同坤大厦,118.789795,32.034406,江苏省南京市秦淮区中山南路360号,江苏省,南京市,秦淮区,1,750ec165da19b6554d3a5982
5330,聚缘阁(南捕厅),118.788278,32.03274,江苏省南京市秦淮区中山南路398号熙南里南捕厅17号,江苏省,南京市,秦淮区,1,6551a7b76da17a44c9fa5fbc
5331,亚东名座,118.789404,32.033845,南京市秦淮区中山南路368号,江苏省,南京市,秦淮区,1,2e7158162ce0b0791288248a
5332,万科安品园舍,118.781512,32.036155,江苏省南京市秦淮区安品街86号,江苏省,南京市,秦淮区,1,fd79fb0bcf29beb1a21de96f
5333,七家湾-96号,118.782164,32.037886,南京市秦淮区建邺路199号,江苏省,南京市,秦淮区,1,130589e9ae2ca6ece2110381
5334,张府园小区-西区,118.788729,32.038302,江苏省南京市秦淮区张府园34～74,江苏省,南京市,秦淮区,1,4909afde37d6c95a72210bb7
5335,外贸大厦,118.780633,32.035122,朝天宫街道登隆巷19号,江苏省,南京市,秦淮区,1,da90d46a1624754d6fa3cc99
5336,瑜蔓宏逸商务楼,118.78521,32.03103,南京市秦淮区升州路161号,江苏省,南京市,秦淮区,1,6745e3fae4467d6d6140a93d
5337,张府园小区,118.789636,32.038159,南京市秦淮区中山南路289号,江苏省,南京市,秦淮区,1,e3a7fd13a2f7254b29b97cf7
5338,江隆邨,118.780535,32.035115,南京市秦淮区朝天宫街道登隆巷19号,江苏省,南京市,秦淮区,1,b60aa2873daebc1788fc0612
5339,魔方公寓(升州路店),118.781303,32.032829,江苏省南京市秦淮区升州路289号,江苏省,南京市,秦淮区,1,75f1252006ba6aaf7adbd262
5340,张府园小区,118.789636,32.038159,南京市秦淮区中山南路289号,江苏省,南京市,秦淮区,1,e3a7fd13a2f7254b29b97cf7
5341,南通大楼,118.781228,32.037773,江苏南京市秦淮区建邺路仓巷120号,江苏省,南京市,秦淮区,1,1a512062bff439ca05fef543
5342,南捕厅-21号,118.787818,32.032678,江苏省南京市秦淮区南捕厅21号,江苏省,南京市,秦淮区,1,6a285af67670b4de40ab9a5d
5343,渡船口小区,118.782545,32.031935,秦淮区升州路仙鹤街渡船口1-3号,江苏省,南京市,秦淮区,1,8d274d5e5dfffcb7eb1e971f
5344,大香炉-32号,118.788093,32.03896,江苏省南京市秦淮区大香炉32号,江苏省,南京市,秦淮区,1,5d94091fd80ed0c1cf06a48d
5345,秦淮区住建局,118.78997,32.022891,南京市秦淮区中华路465号秦淮区中华路办公楼,江苏省,南京市,秦淮区,1,71f1284c72691557bd484261
5347,交通设计大厦,118.79001,32.037653,南京市秦淮区张府园南京互联网金融中心,江苏省,南京市,秦淮区,1,d387758c94232f9d95ca0710
5348,曹都巷小区,118.787186,32.039757,南京市秦淮区曹都巷45号,江苏省,南京市,秦淮区,1,9ee7cc78d985947016c90545
5349,建全大厦,118.786188,32.030739,南京市秦淮区升州路127-9号,江苏省,南京市,秦淮区,1,cc788fde2cf4068a89fc06a8
5350,互联网金融大厦,118.790286,32.037535,南京市秦淮区中山南路342号,江苏省,南京市,秦淮区,1,059ba1341a3d12fb593ac8e0
5351,交通设计大厦-西门,118.789648,32.037636,江苏省南京市秦淮区中山南路张府园小区南(天盛大酒店西南),江苏省,南京市,秦淮区,1,3f9891415597d453fb221324
5352,江苏苏贸大厦,118.790002,32.038704,南京市秦淮区中山南路288号,江苏省,南京市,秦淮区,1,d0b8923f1d3bf59fb4f42fa0
5353,南京砂珠巷小区(日租公寓),118.789567,32.030751,中山南路砂珠巷小区(近升州路),江苏省,南京市,秦淮区,1,1c78d93faf29764d2cb17edc
5354,瑞华大厦,118.789642,32.032041,南京市秦淮区中山南路315号,江苏省,南京市,秦淮区,1,3f9337d6691a31b3f7231044
5355,丰富路小区,118.785763,32.040357,南京市秦淮区丰富路61号(新街口),江苏省,南京市,秦淮区,1,56960d3635ad22716e20b939
5356,中国工商银行江苏省分行营业部出国金融服务中心,118.787743,32.02942,江苏省南京市秦淮区中山南路408号,江苏省,南京市,秦淮区,1,179640bb65065d905b109351
5357,大香炉,118.788479,32.039499,南京市秦淮区洪公祠42号,江苏省,南京市,秦淮区,1,036e6a72034c4fa02102620e
5358,玉带园小区,118.784162,32.03074,南京市秦淮区升州路179-4号,江苏省,南京市,秦淮区,1,a3f21eee987ea1442eb17ea8
5359,小王府-16号,118.784447,32.040334,江苏省南京市秦淮区小王府16号,江苏省,南京市,秦淮区,1,1b1e71b80235e80d17764369
5360,中国建设银行,118.784607,32.031328,南京市秦淮区升州路玉带园小区北门西北侧,江苏省,南京市,秦淮区,1,d50a298e4acc8152a8f0cdaa
5361,中国农业银行(南京来凤街分理处),118.778069,32.031623,江苏省南京市秦淮区菱角市66号,江苏省,南京市,秦淮区,1,4c850768f62577c59de3216c
5362,南京洪宇商务中心,118.795514,32.035233,南京市秦淮区白下路111号,江苏省,南京市,秦淮区,1,341c35de89b0f5bde6073805
5363,洪宇大厦,118.795502,32.035434,江苏省南京市秦淮区白下路113号斯亚首府对面,江苏省,南京市,秦淮区,1,8ab827372238426b1e58004d
5364,白下路99号小区,118.794664,32.035401,南京市秦淮区白下路99号,江苏省,南京市,秦淮区,1,a1bd015ddc4fc2b838e4a642
5365,斯亚·首府,118.795287,32.034768,南京市秦淮区白下路166号(白下路与太平南路交界处),江苏省,南京市,秦淮区,1,eceb7c0c49e6dcc529b97cf1
5366,糖果公寓,118.79449,32.03498,南京市秦淮区白下路128-1号,江苏省,南京市,秦淮区,1,32b29c81b020a44771210b4e
5367,汇鸿大厦(广艺街),118.794189,32.035842,南京市秦淮区白下路87号,江苏省,南京市,秦淮区,1,bb1d38e4c36be54d0c0a7044
5368,斯亚·财富中心,118.796364,32.034322,江苏省南京市秦淮区太平南路450号,江苏省,南京市,秦淮区,1,a4197956c14ab1ffa6da39ca
5369,金盾公寓(广艺街),118.795245,32.036723,南京市秦淮区广艺街8号,江苏省,南京市,秦淮区,1,5e53af1a7630185f4151c045
5370,白下路住宅,118.799096,32.034441,南京市秦淮区白下路201号,江苏省,南京市,秦淮区,1,a447c6cbb5d5f18dbbdf8f75
5371,中华公寓,118.793833,32.034973,南京市秦淮区白下路128号,江苏省,南京市,秦淮区,1,3dc9befda1ce5e16bea24044
5372,白下路153号院,118.796735,32.035234,南京市秦淮区白下路153号,江苏省,南京市,秦淮区,1,8f3504bc699ef365d72ce2c9
5373,西一新村高层,118.796015,32.033185,南京市秦淮区洪武路街道太平南路四象桥西一巷,江苏省,南京市,秦淮区,1,3f826ed3e561b846d1f49e45
5374,太平路394号院-南楼,118.796983,32.036108,南京市秦淮区太平路394号南楼,江苏省,南京市,秦淮区,1,b9204964e9d68f569de3215b
5375,金宝花园,118.79413,32.036858,南京市秦淮区洪武路333号,江苏省,南京市,秦淮区,1,f5e3bcae2fa317c15e17c345
5376,东王府园-90号,118.794385,32.034003,江苏省南京市秦淮区东王府园90号,江苏省,南京市,秦淮区,1,9f9d72556945ef6ac9fa5f07
5377,福鑫国际大厦,118.793286,32.036084,南京市秦淮区洪武路359号,江苏省,南京市,秦淮区,1,cd9d05dd700007af85420e59
5378,凤凰和睿大厦,118.797786,32.035348,太平南路389号,江苏省,南京市,秦淮区,1,321296aa3a1a03ae8bfc0613
5379,龙吟大厦(洪武路),118.793199,32.036752,南京市秦淮区洪武路357号龙吟大厦,江苏省,南京市,秦淮区,1,63c59b1d23a905df0d3dda7c
5380,博苑综合楼住宅区,118.793515,32.037878,西方路26号,江苏省,南京市,秦淮区,1,0e7ed33073181f5a5bf6be36
5381,观城国际,118.792998,32.034487,江苏省南京市秦淮区中华路1号,江苏省,南京市,秦淮区,1,0b94455ad73d49f7770269a6
5382,洪武高层,118.794588,32.037781,江苏省南京市秦淮区火瓦巷3~7号,江苏省,南京市,秦淮区,1,7c5e480b5d8bb8b4adb22a45
5383,粮食大厦,118.797996,32.036088,江苏省南京市秦淮区太平南路371号,江苏省,南京市,秦淮区,1,e30bdfa865ea8d2c75026989
5384,五马街小区,118.797517,32.03408,白下路228号,江苏省,南京市,秦淮区,1,55fa2c0b3c9e342d1ce99945
5385,西一新村,118.796015,32.033185,南京市秦淮区洪武路街道太平南路四象桥西一巷,江苏省,南京市,秦淮区,1,3f826ed3e561b846d1f49e45
5386,天元大厦(白下路),118.792449,32.035846,江苏省南京市秦淮区洪武路396号,江苏省,南京市,秦淮区,1,e46fbc753de33d46f5eafc4f
5387,火瓦巷28号院-1栋,118.79523,32.03814,南京市秦淮区火瓦巷28号1栋,江苏省,南京市,秦淮区,1,97ba31536532ac34a3d23045
5388,外贸公寓,118.79655,32.037957,南京市秦淮区火瓦巷26-3号,江苏省,南京市,秦淮区,1,901157b7ea35e6a03010aff1
5389,邀贵井小区,118.797342,32.032846,南京市秦淮区邀贵井,江苏省,南京市,秦淮区,1,291936091f148609dc1e52b5
5390,王府园小区,118.793573,32.033154,南京市秦淮区慧园街24号,江苏省,南京市,秦淮区,1,8eb48fa1044b64a7f32d8318
5391,苏发大厦,118.792581,32.036981,南京市秦淮区洪武路336-342号,江苏省,南京市,秦淮区,1,2a7a25ec01a03b636c3e1b44
5392,水晶街超妍,118.811998,32.032388,江苏省南京市秦淮区大光路118号东苑9栋3楼102室,江苏省,南京市,秦淮区,1,01619e9823ae3a3cabf729e7
5393,龙王庙小区,118.795093,32.038352,南京市秦淮区小火瓦巷37号,江苏省,南京市,秦淮区,1,a101ae83b25f1cb115c905bd
5394,西一巷-A幢,118.796115,32.032522,江苏省南京市秦淮区西一巷A幢,江苏省,南京市,秦淮区,1,a7f6a44a4d6febe7b320a8a6
5395,六中老师宿舍,118.798693,32.035675,南京市秦淮区马府街16号南京超妍2幢,江苏省,南京市,秦淮区,1,02b76baf7bf5ec168605bf30
5396,万里商务中心,118.791614,32.0363,江苏省南京市秦淮区白下路9号,江苏省,南京市,秦淮区,1,4642844a4d0020a5c8fa5f92
5397,麟和里-17号,118.798349,32.037094,江苏省南京市秦淮区麟和里17号,江苏省,南京市,秦淮区,1,d2dec70de3dd8be2d32dd6b9
5398,白下路住宅,118.799096,32.034441,南京市秦淮区白下路201号,江苏省,南京市,秦淮区,1,a447c6cbb5d5f18dbbdf8f75
5399,金陵御景园商务大厦,118.798355,32.037573,南京市秦淮区太平南路333号,江苏省,南京市,秦淮区,1,fa7da3e8b940d86242d63e44
5400,马府街16号,118.798895,32.035607,南京市秦淮区马府街16号,江苏省,南京市,秦淮区,1,b89d2593e0f52f794107c130
5401,银达雅居,118.791862,32.034788,南京市秦淮区中华路８号,江苏省,南京市,秦淮区,1,c7fb04bd0af8d015fa0cad45
5402,宁中里,118.792042,32.037104,厅后街5号,江苏省,南京市,秦淮区,1,f88af93f0a10b17726e0a04b
5403,娃娃桥,118.798844,32.036932,太平南路263号,江苏省,南京市,秦淮区,1,4946990e29c04987a8f729e7
5404,中华广场-1号楼,118.792641,32.03318,江苏省南京市秦淮区中华路1号,江苏省,南京市,秦淮区,1,f76ce094f54cf3344e2fdf54
5405,长江都市地面停车场,118.792491,32.037546,江苏省南京市秦淮区洪武路328号,江苏省,南京市,秦淮区,1,7d10385f17f6dee54557264b
5406,白下路2号商贸楼,118.791517,32.035405,南京市秦淮区白下路2号,江苏省,南京市,秦淮区,1,ace16c841e5f348240ab9ad2
5407,洪武公寓,118.794145,32.038755,洪武路293~297号,江苏省,南京市,秦淮区,1,750ec165ba3e16564d3a59a0
5408,小火瓦巷1号商务楼,118.798024,32.038422,南京市秦淮区太平南路330号,江苏省,南京市,秦淮区,1,5b91f17e764fbea1d8ecedbc
5409,中国银行江苏分行家属院,118.792206,32.037921,南京市秦淮区九条巷6号,江苏省,南京市,秦淮区,1,c48106c1e66e870e4002454c
5410,白下路185号院-2幢,118.799415,32.035079,江苏省南京市秦淮区白下路185号院2幢,江苏省,南京市,秦淮区,1,99546481be2bb6ce9ff77989
5411,白下路260号小区,118.799327,32.034147,白下路260号,江苏省,南京市,秦淮区,1,c3a56818febfbe7c28d7abc2
5412,邀贵井-17号,118.797066,32.03312,江苏省南京市秦淮区邀贵井17号,江苏省,南京市,秦淮区,1,2ffec94f01f678ea1de999a5
5413,慧园里-29号,118.79458,32.032583,江苏省南京市秦淮区慧园里29号,江苏省,南京市,秦淮区,1,e006c0b4656999b9cf06a44c
5414,慧园里-35号,118.794796,32.0332,江苏省南京市秦淮区慧园里35号,江苏省,南京市,秦淮区,1,686f633297bc8ae0465726a3
5415,慧园里-25号,118.794598,32.032419,江苏省南京市秦淮区慧园里25号,江苏省,南京市,秦淮区,1,dbe7a9cb2e0170ad9f09f718
5416,慧园里-27号,118.794519,32.032379,江苏省南京市秦淮区慧园里27号,江苏省,南京市,秦淮区,1,6bdbec259bcd02e03a13fd31
5417,慧园里-28号,118.794349,32.032339,江苏省南京市秦淮区慧园里28号,江苏省,南京市,秦淮区,1,e733d715ec72c6224afd3fc0
5418,龙王庙-3号,118.795753,32.03875,江苏省南京市秦淮区龙王庙3号,江苏省,南京市,秦淮区,1,e4afb45500e0ea1a82a12e6c
5419,慧园里-23号,118.794508,32.032208,江苏省南京市秦淮区慧园里23号,江苏省,南京市,秦淮区,1,0bfd97c791076c472fb90886
5420,宁中里-3号,118.791722,32.036822,江苏省南京市秦淮区宁中里3号,江苏省,南京市,秦淮区,1,f7dd91eb4d251cb7d3ff23d8
5421,宁中里-4号,118.791738,32.036909,江苏省南京市秦淮区宁中里4号,江苏省,南京市,秦淮区,1,743d41ec047aae7aab059d1c
5422,慧园里-22号,118.794432,32.032101,江苏省南京市秦淮区慧园里22号,江苏省,南京市,秦淮区,1,d32c404edb2a6be9a2a934c0
5423,慧园里,118.794498,32.032326,江苏省南京市秦淮区慧园里,江苏省,南京市,秦淮区,1,231deded39714a27c16c14c5
5424,慧园里-21号,118.794508,32.032136,江苏省南京市秦淮区慧园里21号,江苏省,南京市,秦淮区,1,de2626cda80ee67507fef506
5425,慧园里-20号,118.794557,32.032068,江苏省南京市秦淮区慧园里20号,江苏省,南京市,秦淮区,1,f8b780351fb1f6fe6ca3cc41
5426,中苑(小火瓦巷),118.797416,32.038784,江苏省南京市秦淮区小火瓦巷7号,江苏省,南京市,秦淮区,1,a6b28d8ef7b412030aa8d453
5427,慧园里-27号,118.794519,32.032379,江苏省南京市秦淮区慧园里27号,江苏省,南京市,秦淮区,1,6bdbec259bcd02e03a13fd31
5428,王府园小区,118.793573,32.033154,南京市秦淮区慧园街24号,江苏省,南京市,秦淮区,1,8eb48fa1044b64a7f32d8318
5429,慧园里-36号,118.794432,32.033141,江苏省南京市秦淮区慧园里36号,江苏省,南京市,秦淮区,1,4ed967530009070a14948ec9
5430,江苏银行总部大厦,118.791773,32.03397,江苏省南京市秦淮区中华路26号,江苏省,南京市,秦淮区,1,8addc1e24cce86af714b87c4
5431,慧园里-29号,118.79458,32.032583,江苏省南京市秦淮区慧园里29号,江苏省,南京市,秦淮区,1,e006c0b4656999b9cf06a44c
5432,九条巷-6号院,118.792136,32.037669,南京市秦淮区九条巷6号,江苏省,南京市,秦淮区,1,4fcac98c19326b3f6f4760f2
5433,中检大厦(白下路),118.791062,32.035998,江苏省南京市秦淮区白下路1号,江苏省,南京市,秦淮区,1,1bf85b25731ae4a4a1a93444
5434,森林警察学院家属大院,118.792756,32.03846,南京市秦淮区洪武路320号,江苏省,南京市,秦淮区,1,b90b294f569551b91df74ddf
5435,慧园里-23号,118.794508,32.032208,江苏省南京市秦淮区慧园里23号,江苏省,南京市,秦淮区,1,0bfd97c791076c472fb90886
5436,慧园里-32号,118.794749,32.032777,江苏省南京市秦淮区慧园里32号,江苏省,南京市,秦淮区,1,602e0a27f19f138d17948e45
5437,儒林雅居,118.798537,32.032782,江苏省南京市秦淮区太平南路邀贵井2-3号(拉斯维加斯旁),江苏省,南京市,秦淮区,1,34f68ab0609f7b0a8f55ec45
5438,慧园里-35号,118.794796,32.0332,江苏省南京市秦淮区慧园里35号,江苏省,南京市,秦淮区,1,686f633297bc8ae0465726a3
5439,慧园里,118.794498,32.032326,江苏省南京市秦淮区慧园里,江苏省,南京市,秦淮区,1,231deded39714a27c16c14c5
5440,小火瓦巷1号商务楼B座-北门,118.79809,32.038864,南京市秦淮区太平南路与太平巷交叉口西50米,江苏省,南京市,秦淮区,1,8b70a16a7c518460b8bd63db
5441,儒林雅居-北区,118.798444,32.033244,南京市秦淮区西八府塘30号,江苏省,南京市,秦淮区,1,7cb17b746062f5dd4f6d46d0
5442,慧园里-20号,118.794557,32.032068,江苏省南京市秦淮区慧园里20号,江苏省,南京市,秦淮区,1,f8b780351fb1f6fe6ca3cc41
5443,慧园街四号小区,118.795569,32.031604,南京市秦淮区慧园街4号,江苏省,南京市,秦淮区,1,3f8b16bc7870ecf6f03cba23
5444,龙庙小区,118.795093,32.038352,南京市秦淮区小火瓦巷37号,江苏省,南京市,秦淮区,1,a101ae83b25f1cb115c905bd
5445,慧园里,118.794498,32.032326,江苏省南京市秦淮区慧园里,江苏省,南京市,秦淮区,1,231deded39714a27c16c14c5
5446,慧园里-8号,118.794548,32.031642,江苏省南京市秦淮区慧园里8号,江苏省,南京市,秦淮区,1,c83d219cf00ac82e81288a77
5447,太平南路516号院,118.795895,32.031625,南京市秦淮区太平南路慧园街四号,江苏省,南京市,秦淮区,1,8969f74b62347c91af045738
5448,刘公巷小区,118.796737,32.031687,南京市秦淮区太平南路549号,江苏省,南京市,秦淮区,1,76000afb7c9e276d71455b0e
5449,洪武大厦,118.79403,32.039411,南京市秦淮区洪武路267号,江苏省,南京市,秦淮区,1,fd007c5e3250c96ca8f72945
5450,儒林雅居,118.798537,32.032782,江苏省南京市秦淮区太平南路邀贵井2-3号(拉斯维加斯旁),江苏省,南京市,秦淮区,1,34f68ab0609f7b0a8f55ec45
5451,慧园里,118.794498,32.032326,江苏省南京市秦淮区慧园里,江苏省,南京市,秦淮区,1,231deded39714a27c16c14c5
5452,慧园里-28号,118.794349,32.032339,江苏省南京市秦淮区慧园里28号,江苏省,南京市,秦淮区,1,e733d715ec72c6224afd3fc0
5453,南京桃源村大厦,118.799938,32.034065,南京市秦淮区白下路264号,江苏省,南京市,秦淮区,1,79cceb36f073d3881e580073
5454,扬剧团宿舍,118.80204,32.039724,南京市秦淮区洪武路街道常府街34号标13号扬剧团宿舍,江苏省,南京市,秦淮区,1,6a110d8754138c50ca213d70
5455,八条巷小区,118.791147,32.038929,江苏省南京市秦淮区新街口八条巷小区,江苏省,南京市,秦淮区,1,6d3dec7a0576fe50b54f54ae
5456,江苏省京剧院家属院,118.796303,32.039686,南京市秦淮区小火瓦巷20号,江苏省,南京市,秦淮区,1,16812ac9c6e95dda96ca0740
5457,江苏国际经贸大厦,118.791386,32.032645,南京市秦淮区中华路50号,江苏省,南京市,秦淮区,1,4cf8d24e02b7ede49cf77944
5458,西八府塘-30号,118.799395,32.032945,江苏省南京市秦淮区西八府塘30号,江苏省,南京市,秦淮区,1,5a51d56f7dfa0dbfa1d23069
5459,益乐村小区,118.794798,32.039957,南京市秦淮区小火瓦巷76号,江苏省,南京市,秦淮区,1,f4a33da9fba825093010af45
5460,八方公寓,118.792083,32.039021,江苏省南京市秦淮区八条巷2号,江苏省,南京市,秦淮区,1,ccf31f90d03c561a0c0e6b26
5461,王府东苑,118.794456,32.030913,江苏省南京市秦淮区慧园街23号,江苏省,南京市,秦淮区,1,be1ea5efb5545abf14948e45
5462,王府西苑小区,118.793366,32.031238,南京市秦淮区旧王府王府园小区-南园,江苏省,南京市,秦淮区,1,16a5f1959ff8c129f822139e
5463,弘业大厦,118.791072,32.032295,南京市秦淮区中华路50号,江苏省,南京市,秦淮区,1,f9fd6062b1a1a31f0f0e6b44
5465,盛天大厦,118.790973,32.03855,中山南路239号,江苏省,南京市,秦淮区,1,f696f3c25d18de951a11d5bb
5466,盛天大厦,118.790973,32.03855,中山南路239号,江苏省,南京市,秦淮区,1,f696f3c25d18de951a11d5bb
5467,综合办公写字楼,118.791637,32.031752,南京市秦淮区中华路110号,江苏省,南京市,秦淮区,1,04db76719c4cc157c8213d7d
5468,东部战区空军医院,118.804538,32.035905,南京市秦淮区马路街1号,江苏省,南京市,秦淮区,1,c8e8f633393e8f75aa0dd8a4
5469,琥珀巷高层,118.80628,32.03349,南京市秦淮区白下路295号,江苏省,南京市,秦淮区,1,3bbbde57148d055fcae33c30
5470,棉鞋营小区,118.806831,32.037086,南京市秦淮区马路街38号,江苏省,南京市,秦淮区,1,06e781ae1ab51e2d631c6774
5471,复兴巷5-3号临,118.804043,32.034491,南京市秦淮区复兴巷东部战区空军医院南侧约60米,江苏省,南京市,秦淮区,1,489c61d6ebecb88c077ce8c5
5472,申家巷48号小区,118.802156,32.036435,申家巷48号,江苏省,南京市,秦淮区,1,9cb29b9fa0b5a2b0c26c14c3
5473,绣花巷小区,118.80496,32.037658,南京市秦淮区绣花巷8号,江苏省,南京市,秦淮区,1,f9fd606215c6c7620e0e6ba0
5474,泰康人寿(龙蟠中路店),118.807844,32.035773,江苏南京市秦淮区龙蟠中路323号5楼,江苏省,南京市,秦淮区,1,94ae815bc71bc2ec4f6d46ce
5475,五福新村,118.802573,32.035688,江苏省南京市秦淮区长白街332号小区(郑和公园东南),江苏省,南京市,秦淮区,1,8a5af187f16b4685cf06a459
5476,绣花巷小区,118.80496,32.037658,南京市秦淮区绣花巷8号,江苏省,南京市,秦淮区,1,f9fd606215c6c7620e0e6ba0
5477,琥珀巷小区,118.80628,32.03349,南京市秦淮区白下路295号,江苏省,南京市,秦淮区,1,3bbbde57148d055fcae33c30
5478,申家巷社区多功能活动室,118.802654,32.035459,江苏省南京市秦淮区申家巷65号,江苏省,南京市,秦淮区,1,3a8ed5311d0d3976c51b757a
5479,达美御园,118.807608,32.036281,南京市秦淮区龙蟠中路319号,江苏省,南京市,秦淮区,1,3f9337d6691d31b3f7231045
5480,陶然苑,118.807391,32.03499,南京市秦淮区龙蟠中路329号,江苏省,南京市,秦淮区,1,8eb48fa19f98fba6f32d8345
5481,五福巷33号小区,118.802861,32.035045,南京市秦淮区五福巷33号,江苏省,南京市,秦淮区,1,b1a2bdd570ed69d3c7f50d18
5482,达美御苑5号楼南楼,118.808087,32.036644,南京市秦淮区龙蟠中路317-2号,江苏省,南京市,秦淮区,1,5842e16a3ed3e2dda1d23063
5483,申家巷20号,118.803834,32.037866,南京市秦淮区申家巷20号,江苏省,南京市,秦淮区,1,a1e438dbd68e1fe1085cb3a3
5484,申家巷48号小区,118.802156,32.036435,申家巷48号,江苏省,南京市,秦淮区,1,9cb29b9fa0b5a2b0c26c14c3
5485,文思苑,118.804039,32.033067,南京市秦淮区白下路362号,江苏省,南京市,秦淮区,1,be54cde9079cd95878f79645
5486,南京海关办公楼,118.802993,32.033513,南京市秦淮区白下路360号,江苏省,南京市,秦淮区,1,8eac945f9c870eedd5b74eab
5487,长白街332号小区,118.802239,32.03676,南京市秦淮区长白街332号,江苏省,南京市,秦淮区,1,2b09d181e6500b2ac41e5156
5488,复成新村,118.805126,32.038514,江苏省南京市秦淮区马路街29号,江苏省,南京市,秦淮区,1,f5ca6c32cd1dc691b6147f03
5489,东八府塘,118.799191,32.033131,南京市秦淮区白下路西,江苏省,南京市,秦淮区,1,3d880d176d0d4236a31de978
5490,城佐营-18号,118.803911,32.038051,江苏省南京市秦淮区城佐营18号,江苏省,南京市,秦淮区,1,95d8c4b67851f510c9e33cb4
5491,菲呢克斯国际公寓,118.808032,32.03821,江苏省南京市秦淮区龙潘中路313号(瑞金路金润发斜对面),江苏省,南京市,秦淮区,1,a8c47d2d5782f71fb020a82e
5492,糖烟酒公司宿舍(马路街),118.806415,32.038454,南京市秦淮区马路街38号,江苏省,南京市,秦淮区,1,edaaa9f81b02218df8f0cb2c
5493,广电大厦(白下路),118.802436,32.033353,江苏省南京市秦淮区白下路358号,江苏省,南京市,秦淮区,1,7c5e480ba209b5c8adb22ac7
5494,中天商厦,118.7976,32.029016,江苏省南京市秦淮区平江府路18号,江苏省,南京市,秦淮区,1,684dc454009f9053cbe33c73
5495,长白街346号院-北楼,118.802817,32.038135,南京市秦淮区长白街346号北楼,江苏省,南京市,秦淮区,1,cb73da9c58ab0eb50c0a7095
5496,长白街346号院-南楼,118.802721,32.037908,南京市秦淮区长白街346号南楼,江苏省,南京市,秦淮区,1,384442ed2e792989dbd891a8
5497,棉鞋营小区-68号院,118.807135,32.038488,棉鞋营小区68号楼,江苏省,南京市,秦淮区,1,b2b33869ddf2694e2b3a9f5c
5498,常府新寓,118.805716,32.038987,南京市秦淮区常府街37号,江苏省,南京市,秦淮区,1,780da2dab634ee5981a12ef2
5499,中天花园,118.801409,32.034771,南京市秦淮区白下路209号,江苏省,南京市,秦淮区,1,ffd6d40356ef588f17b54b44
5500,常府风华苑,118.80415,32.038899,南京市秦淮区常府街75号,江苏省,南京市,秦淮区,1,b1c556e80681c271b52655a0
5501,明龙雅居,118.809242,32.03466,南京市秦淮区大光路街道龙蟠中路公园里5号,江苏省,南京市,秦淮区,1,06d2dffdd4790d8b89f15da0
5502,长白街354号小区,118.803144,32.03854,南京市秦淮区长白街354号,江苏省,南京市,秦淮区,1,df7a197f038a5b21b54f54fb
5503,东九儿园小区,118.805947,32.031976,南京市秦淮区建康路470号,江苏省,南京市,秦淮区,1,34059f973dfedf2970455ba0
5504,文思新村,118.803732,32.032004,江苏省南京市秦淮区建康路425号,江苏省,南京市,秦淮区,1,cde9e2c7d0bf68b4e81e9745
5505,达美广场,118.808435,32.038423,南京市秦淮区龙蟠中路311号,江苏省,南京市,秦淮区,1,79cceb36ea99c9f41e580001
5506,金龙蟠家苑,118.80927,32.037364,江苏省南京市秦淮区龙蟠中路318号,江苏省,南京市,秦淮区,1,cd6dbd4b1db175c172210be5
5507,南京海关大楼,118.80891,32.033048,江苏省南京市秦淮区龙蟠中路360号,江苏省,南京市,秦淮区,1,8ef0dd717e12863a14c8f63f
5508,体育里-7号,118.809875,32.034413,江苏省南京市秦淮区体育里7号,江苏省,南京市,秦淮区,1,4b8770f9fadb9c6ed3ff2348
5509,金汇大厦(白下路),118.801103,32.03377,南京市秦淮区白下路300号,江苏省,南京市,秦淮区,1,c03c8f56dc3f764ba0acc449
5510,白玉兰公寓,118.802069,32.0386,南京市秦淮区长白街265号,江苏省,南京市,秦淮区,1,cc788fde2c97068a88fc0645
5511,新大都广场,118.803421,32.039549,江苏省南京市秦淮区常府街85号,江苏省,南京市,秦淮区,1,4420764616b21e6adeee8b49
5512,锦江丽舍,118.809737,32.03343,南京市秦淮区龙蟠中路(南京电视台旁)大光路188号,江苏省,南京市,秦淮区,1,409dd72212fe4d63157643fd
5513,公园新寓,118.810252,32.034483,江苏省南京市秦淮区八宝前街40号,江苏省,南京市,秦淮区,1,c13d27d21fe950b7cb213d7f
5514,马府新村,118.800799,32.036448,南京市秦淮区长白街221号(近郑和公园),江苏省,南京市,秦淮区,1,c8e8f633cb315d6cab0dd845
5515,复成大厦,118.807486,32.039646,南京市秦淮区常府街6号,江苏省,南京市,秦淮区,1,06d2dffd681e69f688f15d44
5516,四条巷小区-76号楼,118.805527,32.043892,南京市秦淮区四条巷76号,江苏省,南京市,秦淮区,1,00b6e363a1f66a9a2fb17eb8
5517,光大新寓,118.809706,32.032793,南京市秦淮区大光路188号,江苏省,南京市,秦淮区,1,dffd631c2e0cc3bc38221c45
5518,文思小区,118.8022,32.031778,南京市秦淮区建康路205号,江苏省,南京市,秦淮区,1,f9d931d5f46c36be9e9d680f
5519,福安里-7号,118.80271,32.039677,江苏省南京市秦淮区福安里7号,江苏省,南京市,秦淮区,1,b408844a0a573f6f0c0e6bc8
5520,福安里-3号,118.802477,32.039645,南京市秦淮区常府街119号,江苏省,南京市,秦淮区,1,2bbb68783905bbcf21022064
5521,万厦商务楼,118.802701,32.040429,南京市秦淮区五老村街道常府街58号,江苏省,南京市,秦淮区,1,6113ef774e5356148e772744
5522,东城水岸,118.806088,32.030741,南京市秦淮区龙蟠中路399号,江苏省,南京市,秦淮区,1,25ec69fcb1847c7dc26c1445
5523,报业大厦,118.808519,32.039568,南京市秦淮区龙蟠中路233号,江苏省,南京市,秦淮区,1,15c8268a2e2efd1fad045791
5524,建康新村,118.80154,32.030926,江苏省南京市秦淮区长白街86号,江苏省,南京市,秦淮区,1,341c35de34725abee6073845
5525,海宇公寓,118.804818,32.040498,南京市秦淮区四条巷8号,江苏省,南京市,秦淮区,1,1fd5d9648f21bbd9b5147f93
5526,长白街98号小区,118.801119,32.031845,南京市秦淮区长白街98号,江苏省,南京市,秦淮区,1,f1e74751d4f497347c29bdbd
5527,凯悦·天琴花园,118.808826,32.031424,南京市秦淮区龙蟠中路368号,江苏省,南京市,秦淮区,1,82b693b6667dc499acee7a50
5528,建康花苑,118.802591,32.031079,夫子庙健康路409号,江苏省,南京市,秦淮区,1,8e62aba3926950594d2fdf27
5529,建康新村-1幢办公楼,118.800775,32.03161,江苏省南京市秦淮区长白街86号,江苏省,南京市,秦淮区,1,43f17af269402433cac3dbb7
5530,天同苑,118.808744,32.040246,江苏省南京市秦淮区龙蟠中路231号,江苏省,南京市,秦淮区,1,764672e5a88ccead94ec8445
5531,建康大厦-1幢,118.800871,32.031129,江苏省南京市秦淮区建康大厦1幢,江苏省,南京市,秦淮区,1,8061664ecdde2c7d84154153
5532,常府商厦,118.801537,32.040299,南京市秦淮区杨公井34号标34号,江苏省,南京市,秦淮区,1,8cba4bb06d85b484ad045744
5533,九莲塘小区,118.800445,32.039707,南京市秦淮区九莲塘7号,江苏省,南京市,秦淮区,1,8d96925cc9543845c1f1cf45
5534,香悦邻里,118.80988,32.030949,南京市秦淮区大光路141号,江苏省,南京市,秦淮区,1,3d8429cc6ad6cb3695ca072c
5535,公园里5号小区,118.820893,32.024504,南京市秦淮区御道街中和桥小区,江苏省,南京市,秦淮区,1,bb87c3fb622ffb7fa21de9ca
5536,马路街38号院,118.806049,32.038585,南京市秦淮区马路街糖烟酒公司宿舍,江苏省,南京市,秦淮区,1,12b1bdfb32945a46c72ba128
5537,瑞鑫兰庭,118.814948,32.035443,南京市秦淮区八宝东街3号,江苏省,南京市,秦淮区,1,b9e5d0b87f6280c181a12e42
5538,金基·尚书里,118.814853,32.033841,江苏省南京市秦淮区八宝东街9号,江苏省,南京市,秦淮区,1,8c9a6bb0f26e765102897243
5539,银通公寓,118.816537,32.036998,南京市秦淮区解放路72号,江苏省,南京市,秦淮区,1,881a28e701ad2a47f942b245
5540,金网商务楼,118.816394,32.0339,江苏省南京市秦淮区解放南路78号,江苏省,南京市,秦淮区,1,8b6a8f469546747472455b3d
5541,尚书公寓,118.816201,32.034075,南京市秦淮区解放南路尚书村78号,江苏省,南京市,秦淮区,1,0a15c7ec6a7047fced74f845
5542,五十三中教工宿舍,118.815641,32.03357,南京市秦淮区尚书里210-10号,江苏省,南京市,秦淮区,1,2a62955e6212b920047ce891
5543,学府瑞苑,118.814779,32.036749,南京市秦淮区瑞金路6-1号,江苏省,南京市,秦淮区,1,b0d0d27c68b29cb74afd3ffe
5544,尚书村,118.813452,32.034291,南京市秦淮区大光路108号,江苏省,南京市,秦淮区,1,dbe2c1676ef013e390114cc7
5545,金鑫园小区,118.816099,32.037289,南京市秦淮区解放路68号,江苏省,南京市,秦淮区,1,d5f93c0e3e9e835ceddfca45
5546,瑞金路8号小区,118.815312,32.037979,南京市秦淮区瑞金路33号,江苏省,南京市,秦淮区,1,d8d9e7c997cb574c3586f468
5547,尚书巷小区,118.81336,32.034719,南京市秦淮区尚书巷6号,江苏省,南京市,秦淮区,1,d170b341655f0bbcc5effb98
5548,瑞金路小区,118.815312,32.037979,南京市秦淮区瑞金路33号,江苏省,南京市,秦淮区,1,d8d9e7c997cb574c3586f468
5549,鸿福苑,118.81807,32.034142,南京市秦淮区大阳沟7号,江苏省,南京市,秦淮区,1,504d61139a2cd7b346572645
5550,御河新村,118.813991,32.03643,南京市秦淮区瑞金路6号,江苏省,南京市,秦淮区,1,a0521396167bc11d16a1902a
5551,八宝前街72号院,118.812052,32.03535,南京市秦淮区八宝前街72号,江苏省,南京市,秦淮区,1,81c749644d393870da2f2862
5552,瑞金新村,118.818469,32.036673,瑞金路36号,江苏省,南京市,秦淮区,1,ec9f45d813e2833e1c389437
5553,尚书里-48号,118.817606,32.033167,南京市秦淮区尚书里48号,江苏省,南京市,秦淮区,1,1f4224896700b5c4eb12e425
5554,大光里小区,118.814585,32.032231,南京市秦淮区大光路88号,江苏省,南京市,秦淮区,1,37d60a46be54e7601e1d1145
5555,御河苑,118.819125,32.034046,南京市秦淮区大阳沟7号,江苏省,南京市,秦淮区,1,a74481d6ae559646f503b845
5556,金城集团,118.815281,32.039049,江苏南京市秦淮区瑞金路1号4号小区,江苏省,南京市,秦淮区,1,b82ea7d76bf5eda478f79676
5557,公园路小区,118.810917,32.036184,南京市秦淮区瑞金路1号-58-8号,江苏省,南京市,秦淮区,1,bf05a7e198511d9ba3acc49a
5558,瑞金路二号四号小区,118.811486,32.03747,南京市秦淮区瑞金路4号,江苏省,南京市,秦淮区,1,bd5046e8de863a41d72ce245
5559,金陵尚府,118.81183,32.033072,江苏省南京市秦淮区大光路118号,江苏省,南京市,秦淮区,1,e2c734e4d6d0682015a190c4
5560,体育大厦,118.810658,32.035619,江苏省南京市秦淮区公园路42号,江苏省,南京市,秦淮区,1,631c4157405c286131f71d44
5561,汇盈商都,118.816992,32.039138,南京市秦淮区解放路101号6楼,江苏省,南京市,秦淮区,1,06f66b8594cdd36fac0457b3
5562,友谊商务大厦(瑞金路),118.818975,32.038789,江苏省南京市秦淮区瑞金路21号,江苏省,南京市,秦淮区,1,edd64ce18ebab1913fe23144
5563,供销瑞鑫大厦,118.817877,32.039347,江苏省南京市秦淮区解放路101-2临,江苏省,南京市,秦淮区,1,29a6bfde7e8ca357f03cba91
5564,瑞金北村-南区,118.817748,32.039272,江苏省南京市秦淮区解放路87号,江苏省,南京市,秦淮区,1,f63ba5f4df3ffcbaf72310a7
5565,大光路50号大院院-19幢,118.817053,32.031383,南京市秦淮区解放南路大光路50号,江苏省,南京市,秦淮区,1,bc77d85d8d6deeaa30621220
5566,拓博商务楼,118.819927,32.03904,江苏省南京市秦淮区瑞金路25号,江苏省,南京市,秦淮区,1,dac23d9d410359278715412e
5567,御道园,118.82016,32.032566,大阳沟15号,江苏省,南京市,秦淮区,1,7bfa08fc9b83e07f25d2bb45
5568,香格里拉菁英汇,118.811906,32.031405,南京市秦淮区大光路117号,江苏省,南京市,秦淮区,1,3e43a373bb0208b049fd3fcc
5569,长发东村,118.818908,32.03959,江苏省南京市秦淮区大清河1号,江苏省,南京市,秦淮区,1,36dfb3a764a1124180a00c7c
5570,大阳沟57号院,118.819879,32.031962,江苏省南京市秦淮区大阳沟57号,江苏省,南京市,秦淮区,1,ddd41144b9d5201ec9213df8
5571,清华公寓,118.82003,32.039888,南京市秦淮区大清河10号,江苏省,南京市,秦淮区,1,74c933fb43d8b15e9e82ea45
5572,大清河-12号,118.819545,32.039969,大清河12号,江苏省,南京市,秦淮区,1,24f7af7ac8af7a9a990050b9
5573,香格里拉花园(大光路),118.810843,32.030869,南京市秦淮区大光路117号,江苏省,南京市,秦淮区,1,c61bd3052a44d468c27da245
5574,小格里拉花园小区,118.810843,32.030869,南京市秦淮区大光路117号,江苏省,南京市,秦淮区,1,c61bd3052a44d468c27da245
5576,海宇公寓,118.804818,32.040498,南京市秦淮区四条巷8号,江苏省,南京市,秦淮区,1,1fd5d9648f21bbd9b5147f93
5577,御通大厦,118.824178,32.035553,江苏省南京市秦淮区瑞金路街道御道街标营3号,江苏省,南京市,秦淮区,1,bfd07f44f931968ac42ba1a9
5578,御通西苑,118.823302,32.034085,标营1号,江苏省,南京市,秦淮区,1,f762c0c023ec4df2cb213d17
5579,御通东苑,118.826811,32.034486,江苏省南京市秦淮区标营2号,江苏省,南京市,秦淮区,1,7bebf1812cc7194340afe685
5580,大正投资大厦,118.823529,32.037165,南京市秦淮区御道街33号,江苏省,南京市,秦淮区,1,34059f979999bb5471455b44
5581,标营2号,118.826887,32.034568,南京市秦淮区御道街与标营交叉口东50米,江苏省,南京市,秦淮区,1,883ea656705f1145c03644fd
5582,后标营-13号,118.825307,32.037994,后标营13号,江苏省,南京市,秦淮区,1,d8fa78572fa181239de321a0
5583,后标营-11号,118.824883,32.038044,江苏省南京市秦淮区后标营11号,江苏省,南京市,秦淮区,1,58c0cbd2614b5a439f09f767
5584,后标营-25号,118.825798,32.038024,江苏省南京市秦淮区后标营25号,江苏省,南京市,秦淮区,1,f5155085268942b46fc02c17
5585,蓝旗新村-北区,118.826372,32.032684,南京市秦淮区蓝旗街6号,江苏省,南京市,秦淮区,1,cd9d05dd556b18c884420eab
5586,后标营-3号,118.824134,32.038191,江苏省南京市秦淮区后标营3号,江苏省,南京市,秦淮区,1,303cd611337d907f4bcc4ada
5587,后标营-27号,118.827829,32.037776,江苏省南京市秦淮区后标营27号,江苏省,南京市,秦淮区,1,f42c315794321d783ce23187
5588,科苑花园,118.829138,32.036183,南京市秦淮区后标营20号,江苏省,南京市,秦淮区,1,e6ee2fd21cf036482b11d145
5589,南京航空航天大学住宅楼,118.823707,32.038724,南京市秦淮区御道街29-1号,江苏省,南京市,秦淮区,1,899dc8639b9bd7ea5d0d0276
5590,后标营-29号,118.828408,32.037722,江苏省南京市秦淮区后标营29号,江苏省,南京市,秦淮区,1,95b3f4675ad6ffcf6f476094
5591,御道家园,118.82016,32.032566,大阳沟15号,江苏省,南京市,秦淮区,1,7bfa08fc9b83e07f25d2bb45
5592,南京航空航天大学住宅楼,118.823707,32.038724,南京市秦淮区御道街29-1号,江苏省,南京市,秦淮区,1,899dc8639b9bd7ea5d0d0276
5593,民航宿舍(瑞金路),118.82161,32.037606,南京市秦淮区瑞金路50号,江苏省,南京市,秦淮区,1,f38fd17c0b786740b54f5400
5594,后标营31号小区,118.828394,32.037756,南京市秦淮区后标营路27-5号,江苏省,南京市,秦淮区,1,00224fcc43c17937e6073832
5595,蓝旗新村,118.824331,32.031651,南京市秦淮区蓝旗街18号,江苏省,南京市,秦淮区,1,a1d0e4e310d823c1e0110374
5596,瑞金花苑,118.82212,32.038321,南京市秦淮区瑞金路街道瑞金路33号,江苏省,南京市,秦淮区,1,f821144841ec0b83dfee8b30
5597,后标营-28号,118.829913,32.035459,南京市秦淮区后标营28号,江苏省,南京市,秦淮区,1,4c02c4d0b7cd99c7fb2d61fb
5598,澳丽嘉园,118.821259,32.033322,南京市秦淮区御道街56号,江苏省,南京市,秦淮区,1,79cceb36265885891e580045
5599,御道街三十四号,118.820606,32.036099,南京市秦淮区御道街,江苏省,南京市,秦淮区,1,92b806d24cc6cf8378b55ca0
5600,南京航空航天大学明故宫校区-B9幢公寓,118.829183,32.038895,南京市秦淮区御道街29号南京航空航天大学明故宫校区,江苏省,南京市,秦淮区,1,2064f818a80ea7e783a00cdd
5601,正阳大厦,118.822132,32.032384,南京市秦淮区御道街56号,江苏省,南京市,秦淮区,1,09185c56698aa15df1193744
5602,蓝旗街六号小区,118.827616,32.031672,南京市秦淮区蓝旗街六号,江苏省,南京市,秦淮区,1,4cd3bf8f22c5394fd2f49e3f
5603,瑞阳街1号小区,118.820708,32.037101,江苏省南京市秦淮区瑞阳街1号,江苏省,南京市,秦淮区,1,15a938100d2217bd14c8f645
5604,清水雅居,118.830396,32.035614,江苏省南京市秦淮区后标营38号,江苏省,南京市,秦淮区,1,bfc6022e103c434cb817e7c3
5605,瑞金路8号小区,118.815312,32.037979,南京市秦淮区瑞金路33号,江苏省,南京市,秦淮区,1,d8d9e7c997cb574c3586f468
5606,华岩大厦,118.822304,32.031727,南京市秦淮区御道街58-1号,江苏省,南京市,秦淮区,1,803708f1b0af27790189724a
5607,瑞金大厦,118.820581,32.037818,南京市秦淮区瑞金路48号,江苏省,南京市,秦淮区,1,bb1d38e48292264f0c0a703e
5608,御都花苑,118.8211,32.032506,南京市秦淮区御道街58-8号,江苏省,南京市,秦淮区,1,81d6a50971a6e5406e20b945
5609,南京航空航天大学明故宫校区-B9幢公寓,118.829183,32.038895,南京市秦淮区御道街29号南京航空航天大学明故宫校区,江苏省,南京市,秦淮区,1,2064f818a80ea7e783a00cdd
5610,明御大厦-东门,118.822416,32.031353,南京市秦淮区御道街58-2号,江苏省,南京市,秦淮区,1,8ee94a13b0f058707adbd2ca
5611,紫荆大厦,118.830058,32.032401,南京市秦淮区蓝旗街标营路4号,江苏省,南京市,秦淮区,1,8d1646cd003cfb0f15948e37
5612,西苑(御道街),118.822169,32.039782,江苏省南京市秦淮区御道街30号,江苏省,南京市,秦淮区,1,e11108ca082916550d0a70a0
5613,南京航空航天大学明故宫校区-B10幢公寓,118.829226,32.039178,江苏省南京市秦淮区御道街29号南京航空航天大学明故宫校区,江苏省,南京市,秦淮区,1,2b6e7a3a37cac1dd764ff1b8
5614,金基·月亮湾花园,118.827529,32.030413,江苏省南京市秦淮区光华门光华东街8号,江苏省,南京市,秦淮区,1,565eab1dfc94aecda6da39dd
5615,御道街-60号院,118.822033,32.030964,南京市秦淮区御道街60号,江苏省,南京市,秦淮区,1,a1cc916cc7d0aa24f33cbade
5616,南京航空航天大学明故宫校区-B9幢公寓,118.829183,32.038895,南京市秦淮区御道街29号南京航空航天大学明故宫校区,江苏省,南京市,秦淮区,1,2064f818a80ea7e783a00cdd
5617,南京航空航天大学社区委员会-宿舍区,118.830366,32.039877,南京市秦淮区李府街8号,江苏省,南京市,秦淮区,1,a5bb3ea2780a5c60c42ba1b4
5618,南航东苑,118.830143,32.040227,南京市秦淮区瑞金路街道李府街8号,江苏省,南京市,秦淮区,1,a1b005604cf0e627f72310e5
5619,金陵御庭园,118.836191,32.034731,南京市秦淮区苜蓿园大街67号(地铁站),江苏省,南京市,秦淮区,1,1020060fcb0842a61894c645
5620,锦湖大厦,118.838233,32.035038,南京市秦淮区苜蓿园大街88号,江苏省,南京市,秦淮区,1,3a0a78bd0aad3cfa6318094a
5621,月牙湖花园,118.835885,32.032592,江苏省南京市秦淮区苜蓿园大街69号,江苏省,南京市,秦淮区,1,f1f5cac55f4dfce537b06ca0
5622,98阳光公寓,118.838196,32.034229,南京市秦淮区苜蓿园大街198号,江苏省,南京市,秦淮区,1,969088cb3ca3572d0c0e6b59
5623,后标营小区水缘居-1幢,118.831928,32.036744,南京市秦淮区瑞金路街道后标营50号后标营小区水缘居1幢,江苏省,南京市,秦淮区,1,23d5395fdeb7d922d8d89106
5624,苜蓿园大街238号小区,118.838428,32.033153,南京市秦淮区苜蓿园大街238号,江苏省,南京市,秦淮区,1,b50fc9fbadd5a06dd13ce3a8
5625,后标营小区,118.83139,32.036563,江苏省南京市秦淮区后标营28号,江苏省,南京市,秦淮区,1,5c2dc21dc6be3d046fc02c45
5626,独立小区,118.832269,32.037536,江苏省南京市秦淮区后标营43号,江苏省,南京市,秦淮区,1,aba476976d2fb6554f3a59d7
5627,大邦花园,118.835949,32.038729,江苏省南京市秦淮区苜蓿园大街59号,江苏省,南京市,秦淮区,1,05dd7d5f66519501ad080f45
5628,君安东苑,118.838385,32.031757,江苏省南京市秦淮区苜蓿园大街242号,江苏省,南京市,秦淮区,1,87248d960f07b8b32806ce45
5629,梅花山庄-丽景苑,118.839835,32.038968,江苏省南京市秦淮区苜蓿园大街66号,江苏省,南京市,秦淮区,1,542589b4e572546a32f71d1a
5630,明湖山庄,118.834362,32.030887,江苏省南京市秦淮区紫金路1号,江苏省,南京市,秦淮区,1,53cebd50f4b382612a02e145
5631,梅花山庄·湖畔之星,118.838301,32.036657,南京市秦淮区苜蓿园大街66号梅花山庄内,江苏省,南京市,秦淮区,1,3a0fbba8c4c3773c9ee32150
5632,梅花山庄园中苑-19幢,118.840823,32.038663,江苏省南京市秦淮区梅花山庄园中苑19幢,江苏省,南京市,秦淮区,1,964f5738daee62a140e1920b
5633,戎苑山庄,118.840124,32.032231,南京市秦淮区苜蓿园大街240号,江苏省,南京市,秦淮区,1,50f7d1468ccfffc673210bbb
5634,节能大厦,118.838297,32.039673,南京市秦淮区苜蓿园大街52号,江苏省,南京市,秦淮区,1,b4be2bf1f4bb2415e5e96593
5635,雅舍园,118.83731,32.040173,南京市秦淮区苜蓿园西12号苜蓿园大街,江苏省,南京市,秦淮区,1,c8b5cdefb7847203130daa45
5636,八五一一研究所家属区,118.83091,32.039057,江苏省南京市秦淮区后标营35号,江苏省,南京市,秦淮区,1,c59c0aef3c85bf329ee321e5
5637,东庭公寓,118.839591,32.039673,南京市秦淮区苜蓿园大街56号,江苏省,南京市,秦淮区,1,cc0849a04021c85094031945
5638,青年就业创业见习基地,118.830862,32.031447,南京市秦淮区光华东街1号-2号楼,江苏省,南京市,秦淮区,1,ee4923d132d0c1619f09f777
5639,富丽山庄,118.842218,32.032033,江苏省南京市秦淮区苜蓿园大街4号,江苏省,南京市,秦淮区,1,41572e00a88621b4b45f1e45
5640,二十八所,118.844123,32.039705,江苏省南京市秦淮区苜蓿园东街1号,江苏省,南京市,秦淮区,1,3de4a1baf732deec72455b57
5641,美林东苑,118.845861,32.036898,南京市玄武区美林东苑童卫路19号,江苏省,南京市,玄武区,1,d7fd2ad3829825540bccdd45
5642,翰苑大厦,118.844976,32.035218,南京市玄武区卫岗童卫路20号(锦湖休闲中心向东),江苏省,南京市,玄武区,1,61f634f6e3239b616b49f365
5643,大邦紫云阁,118.841049,32.039339,南京市秦淮区苜蓿园大街58号,江苏省,南京市,秦淮区,1,e3e2cd9d5b8690e3c7f50d45
5644,童卫路18号公寓,118.846116,32.038092,南京市玄武区童卫路18号,江苏省,南京市,玄武区,1,7b9a8a1cb27d419cc1f1cf78
5645,海福巷92号院,118.843715,32.024207,南京市秦淮区海福巷92号,江苏省,南京市,秦淮区,1,d7661112d6f9069fc909f037
5646,戎泰山庄,118.849766,32.032605,南京市秦淮区后标营100号,江苏省,南京市,秦淮区,1,21fbb805ca98bf452cb17ecc
5647,大邦云顶人家,118.846685,32.039008,南京市玄武区童卫路13-17号(卫岗),江苏省,南京市,玄武区,1,cd9d05dd2004d7b685420e45
5648,二十八所-生活区,118.844912,32.036991,江苏省南京市秦淮区苜蓿园东街1号,江苏省,南京市,秦淮区,1,b6bba42175f4c2be71455ba0
5649,二十八所-南区,118.843782,32.039732,苜蓿园东街1号,江苏省,南京市,秦淮区,1,22b920c72c56a654441a3263
5650,南京农业大学南苑12舍,118.853342,32.038849,南京市玄武区卫岗1号南京农业大学,江苏省,南京市,玄武区,1,4a344dedb948aa31bca822b8
5651,佛山花园城博雅居,118.853372,32.035688,南京市玄武区后标营路与东苑路交叉路口往东北约100米,江苏省,南京市,玄武区,1,22e1140746313cc8d5b74efd
5652,南京农业大学学生宿舍三舍,118.852103,32.037152,江苏省南京市玄武区卫岗1号南京农业大学,江苏省,南京市,玄武区,1,30ba79b3714c5c83da131854
5653,南京农业大学(卫岗校区)-南苑1舍,118.852078,32.036605,南京市玄武区卫岗1号,江苏省,南京市,玄武区,1,c87aeed304add545220220e0
5654,南京农业大学-南苑4舍,118.853158,32.036504,江苏省南京市玄武区卫岗1号南京农业大学卫岗校区,江苏省,南京市,玄武区,1,ed06a59f666dbf3f58f6be87
5655,南京农业大学(卫岗校区)-南苑8舍,118.854071,32.037011,南京市玄武区后标营路15-103号,江苏省,南京市,玄武区,1,ceb4d3de676a2d9c9222e044
5656,钟山花园城-山水居,118.855994,32.037733,江苏省南京市玄武区龙宫路,江苏省,南京市,玄武区,1,bf09a2d7b0f64ee5a0d23021
5657,南京农业大学学生宿舍三舍,118.852103,32.037152,江苏省南京市玄武区卫岗1号南京农业大学,江苏省,南京市,玄武区,1,30ba79b3714c5c83da131854
5658,南京农业大学-学生宿舍八舍,118.853958,32.037038,江苏省南京市玄武区卫岗1号南京农业大学卫岗校区,江苏省,南京市,玄武区,1,0c0771b8b6ca6c35fe0eb0c7
5659,南京农业大学-南苑5舍,118.853285,32.03684,南京市玄武区卫岗1号,江苏省,南京市,玄武区,1,85f9d0001ef3edcc213bf21b
5660,南京农业大学(卫岗校区)-南苑9舍,118.854079,32.037389,南京市玄武区孝陵卫街道卫岗1号,江苏省,南京市,玄武区,1,d1ec119e0f8008c25fd4fe5b
5661,南京农业大学-学生宿舍八舍,118.853958,32.037038,江苏省南京市玄武区卫岗1号南京农业大学卫岗校区,江苏省,南京市,玄武区,1,0c0771b8b6ca6c35fe0eb0c7
5662,银城东苑,118.853447,32.032995,南京市玄武区东苑路,江苏省,南京市,玄武区,1,b4dbf33279c3f8bb223bf2ac
5663,南京农业大学学生宿舍20舍,118.852111,32.037439,南京市玄武区卫岗1号,江苏省,南京市,玄武区,1,136a4fcfbeaf38accd04ef3e
5664,南京农业大学-南苑11舍,118.853284,32.038453,南京市玄武区卫岗1号,江苏省,南京市,玄武区,1,7a9222eda65bcf36dbd89123
5665,南京理工大学204栋学生宿舍,118.859251,32.034212,南京市玄武区孝陵卫街200号204幢,江苏省,南京市,玄武区,1,3ceed1481dea10c0bca822a6
5666,南京农业大学南苑12舍,118.853342,32.038849,南京市玄武区卫岗1号南京农业大学,江苏省,南京市,玄武区,1,4a344dedb948aa31bca822b8
5667,南京理工大学-第二十五舍,118.859236,32.033851,南京市玄武区孝陵卫街200号,江苏省,南京市,玄武区,1,7d7957039184f4451e5800be
5668,南京农业大学(卫岗校区)-南苑1舍,118.852078,32.036605,南京市玄武区卫岗1号,江苏省,南京市,玄武区,1,c87aeed304add545220220e0
5669,南京农业大学(卫岗校区)-南苑1舍,118.852078,32.036605,南京市玄武区卫岗1号,江苏省,南京市,玄武区,1,c87aeed304add545220220e0
5670,南京理工大学住宅区,118.859538,32.033394,南京市玄武区孝陵卫街200号南京理工大学,江苏省,南京市,玄武区,1,7c2ffcdb0eb6a1151df74deb
5671,南京农业大学学生宿舍20舍,118.852111,32.037439,南京市玄武区卫岗1号,江苏省,南京市,玄武区,1,136a4fcfbeaf38accd04ef3e
5672,长巷苑小区,118.856469,32.031427,南京市玄武区胜利村路50号,江苏省,南京市,玄武区,1,7e3955b3e3ceb293f4eafc42
5673,南京农业大学-学生宿舍十三舍,118.853367,32.038083,南京市玄武区卫岗1号,江苏省,南京市,玄武区,1,9d292c1a9006cb4b364aaeeb
5674,南京农业大学学生宿舍三舍,118.852103,32.037152,江苏省南京市玄武区卫岗1号南京农业大学,江苏省,南京市,玄武区,1,30ba79b3714c5c83da131854
5675,住宅六区竹园小区,118.858388,32.038149,孝陵卫街200号,江苏省,南京市,玄武区,1,850815e10aaac99b43e192ec
5676,南京农业大学-南苑13舍,118.853293,32.038016,南京市玄武区卫岗1号,江苏省,南京市,玄武区,1,098778e022ac85d288f15da4
5677,南京农业大学学生宿舍20舍,118.852111,32.037439,南京市玄武区卫岗1号,江苏省,南京市,玄武区,1,136a4fcfbeaf38accd04ef3e
5678,钟山花园城-陶然居,118.854755,32.038322,南京市玄武区长巷80号,江苏省,南京市,玄武区,1,aab2b450d5903ab40482c24a
5679,南京农业大学-南苑11舍,118.853284,32.038453,南京市玄武区卫岗1号,江苏省,南京市,玄武区,1,7a9222eda65bcf36dbd89123
5680,南京理工大学-第二舍,118.860046,32.033769,南京市玄武区孝陵卫街200号南京理工大学240幢,江苏省,南京市,玄武区,1,92ac3582fae4bd03901fc98d
5681,南京农业大学学生宿舍三舍,118.852103,32.037152,江苏省南京市玄武区卫岗1号南京农业大学,江苏省,南京市,玄武区,1,30ba79b3714c5c83da131854
5682,南京理工大学-第四舍,118.860066,32.03338,南京市玄武区孝陵卫街200号,江苏省,南京市,玄武区,1,c75992534619ce60f33cbac3
5683,孝陵卫长巷200号,118.855004,32.03059,江苏省南京市玄武区孝陵卫长巷200号,江苏省,南京市,玄武区,1,cec43f65a5dfd97028d7ab9a
5684,南京理工大学-第六舍,118.860028,32.03308,南京市玄武区孝陵卫街200号,江苏省,南京市,玄武区,1,13eb563a2b479fe5eb12e437
5685,南京理工大学思源楼,118.860304,32.033439,南京市玄武区孝陵卫街南京理工大学,江苏省,南京市,玄武区,1,d62d6dce84119130b54f5417
5686,南京农业大学南苑12舍,118.853342,32.038849,南京市玄武区卫岗1号南京农业大学,江苏省,南京市,玄武区,1,4a344dedb948aa31bca822b8
5687,南京理工大学第二十三舍B楼,118.858368,32.030928,南京市玄武区孝陵卫街200号南京理工大学272幢,江苏省,南京市,玄武区,1,365cb125255a98d5128824c5
5688,南京理工大学女生宿舍,118.860216,32.037347,江苏省南京市玄武区孝陵卫街200号南京理工大学108幢,江苏省,南京市,玄武区,1,0422e12b9cbd91122b3a9f39
5689,南京理工大学第二十三舍A楼,118.858374,32.030653,孝陵卫街200号南京理工大学274幢,江苏省,南京市,玄武区,1,4e6e0cd72851471b51e5c576
5690,南京理工大学第二十四舍B楼,118.859141,32.030988,南京市玄武区孝陵卫街200号,江苏省,南京市,玄武区,1,e9a0ae109e6ca2ce5d0d022f
5691,南京理工大学青年教工公寓,118.860133,32.037929,南京市玄武区孝陵卫街200号南京理工大学,江苏省,南京市,玄武区,1,35df8b1eadc19938f6e73b7a
5692,南京理工大学-第八舍,118.860042,32.031593,南京市玄武区孝陵卫街200号,江苏省,南京市,玄武区,1,d7a629fd0426630b07026f47
5693,南京理工大学-第二十一舍,118.858381,32.03032,孝陵卫街200号南京理工大学276幢,江苏省,南京市,玄武区,1,4306b3f09bafd1211c1d1178
5694,南京理工大学求真园-271幢,118.859299,32.029463,江苏省南京市玄武区南京理工大学求真园271幢,江苏省,南京市,玄武区,1,7885334364beba5af5c59caa
5695,南京理工大学第十六舍-C幢,118.858496,32.029981,南京市玄武区孝陵卫街200号南京理工大学278幢,江苏省,南京市,玄武区,1,cf54e0a2092a470cf3193776
5696,南京理工大学-第二十二舍,118.859194,32.030322,孝陵卫街200号南京理工大学265幢,江苏省,南京市,玄武区,1,28dde2200788c93817948e08
5697,南京理工大学-第九舍,118.860326,32.031199,南京市玄武区孝陵卫街200号,江苏省,南京市,玄武区,1,fa5f93875818d0cc15c90522
5698,银城东苑-西华园,118.85081,32.031083,南京市玄武区东苑路18号,江苏省,南京市,玄武区,1,d146b38867c6e9a3750269a0
5699,南京理工大学明理居,118.860578,32.030857,南京市玄武区孝陵卫200号,江苏省,南京市,玄武区,1,f1f138ecbe1f74a77069d3b5
5700,南京理工大学第十七舍C楼,118.859306,32.029967,孝陵卫街200号南京理工大学267幢,江苏省,南京市,玄武区,1,2b228e78716864c19cec2be3
5701,南京理工大学-第十舍,118.860102,32.031141,南京市玄武区孝陵卫街200号南京理工大学246幢,江苏省,南京市,玄武区,1,4a914e343b33802646e2743a
5702,南京理工大学宁静轩,118.860982,32.030674,孝陵卫街200号南京理工大学246幢,江苏省,南京市,玄武区,1,d7b8a6eee2dcf5c0b13c8149
5703,南京理工大学第二十舍C楼,118.860124,32.030097,南京市玄武区南京理工大学第二十舍C幢,江苏省,南京市,玄武区,1,593fa45cd4ed3d8814764382
5704,钟山花园城,118.850337,32.03488,4路;52路;99路;115路;202路;202路区间;306路;Y4路夜间,江苏省,南京市,玄武区,0,aaa44cd80b5f88f5980050d1
5705,东园小区(一号路),118.866686,32.037508,孝陵卫街200号,江苏省,南京市,玄武区,1,7d4b02e493224914fda778c8
5706,住宅三区科园小区,118.863929,32.038284,南京市玄武区孝陵卫街200号,江苏省,南京市,玄武区,1,3114d0e1a64d11303fe231d1
5707,二号小区紫园小区,118.865527,32.037643,南京市玄武区孝陵卫街200号,江苏省,南京市,玄武区,1,cde9e2c7d11069b4e81e97ec
5708,中山小区(孝陵卫街),118.861273,32.038714,孝陵卫街200号,江苏省,南京市,玄武区,1,49d95938d6c0ed3ec71e51a0
5709,晏公庙新村小区,118.869315,32.037656,南京市玄武区孝陵卫街道晏公庙社区双拜巷98号,江苏省,南京市,玄武区,1,de20f3e90ba10501afee7a2e
5710,晏公庙西村小区,118.868077,32.037725,南京市玄武区晏公庙67号,江苏省,南京市,玄武区,1,8be2b349c695c959d13ce3cf
5711,佳诚花园,118.865644,32.039084,南京市玄武区罗汉巷24号,江苏省,南京市,玄武区,1,f696f3c290c81beb1b11d5ec
5712,紫竹路,118.849791,32.042504,江苏省南京市玄武区,江苏省,南京市,玄武区,0,ab95cfa315f7134fc2f1cfec
5713,孝陵卫罗汉巷123号,118.866183,32.039825,江苏省南京市玄武区孝陵卫罗汉巷123号,江苏省,南京市,玄武区,1,c7899a664156bb4a7069d386
5714,双拜巷188号,118.870283,32.032777,南京市玄武区双拜巷188号9号,江苏省,南京市,玄武区,1,733371cdee8a50f0130daa13
5715,南京理工大学-男生宿舍,118.869412,32.036077,南京市玄武区孝陵卫街200号南京理工大学82幢,江苏省,南京市,玄武区,1,05a5b0ec28e9d68c5d0d0233
5716,南京理工大学-第十三舍,118.861036,32.031613,南京市玄武区孝陵卫街200号,江苏省,南京市,玄武区,1,81950f36aa5aecf24f6d469b
5717,南京理工大学-第七舍,118.860605,32.031568,南京市玄武区孝陵卫街200号,江苏省,南京市,玄武区,1,09391dd511bdbfcc6318092d
5718,南京理工大学-第十二舍,118.861051,32.031208,南京市玄武区孝陵卫街200号,江苏省,南京市,玄武区,1,7e25089400caf2f8ca2915c1
5719,南京理工大学-第十一舍,118.861018,32.031156,南京市玄武区孝陵卫街200号,江苏省,南京市,玄武区,1,fbdc521e67301a9300ec011c
5720,南京理工大学-第五舍,118.860848,32.0332,南京市玄武区孝陵卫街200号南京理工大学232幢,江苏省,南京市,玄武区,1,19d258dc109cf24fa8175a7a
5721,南京理工大学-第三舍,118.860785,32.033413,南京市玄武区孝陵卫街200号,江苏省,南京市,玄武区,1,4f833afc35c17eb54f3a5953
5722,南京理工大学-第一舍,118.860668,32.03379,南京市玄武区孝陵卫街200号,江苏省,南京市,玄武区,1,74be79c1ebae53170f0e6bb3
5723,大发·融悦,118.875753,32.037379,南京市玄武区双拜岗135号,江苏省,南京市,玄武区,1,584c49b9d15c214114c8f6a9
5724,中建八局,118.878487,32.034518,江苏省南京市玄武区双拜巷100号,江苏省,南京市,玄武区,1,c084ae2cf0cc2a969868b46a
5725,晏公庙52号院,118.871619,32.039789,江苏省南京市玄武区孝陵卫晏公庙52号,江苏省,南京市,玄武区,1,454133462f101784b2077d95
5726,双拜巷192号小区,118.870296,32.031096,江苏省南京市玄武区双拜巷192号,江苏省,南京市,玄武区,1,9af29d25cd3748351b11d5e7
5727,双拜巷151号院-1幢,118.87366,32.035526,江苏省南京市玄武区双拜巷151号1幢,江苏省,南京市,玄武区,1,a19c3a149d8a8a2bd5b74e44
5728,双拜岗-84号,118.876163,32.035554,江苏省南京市玄武区双拜岗84号,江苏省,南京市,玄武区,1,04285137b3a5be906d20b954
5729,双拜巷2号,118.870626,32.038239,南京市玄武区孝陵卫双拜巷2号,江苏省,南京市,玄武区,1,c024d35bc5539e9cc9c3db9c
5730,双拜巷1号院,118.871388,32.039224,江苏省南京市玄武区双拜巷1号,江苏省,南京市,玄武区,1,66dd632172a6f44e5bf6bed0
5731,晏公庙-53号院,118.871313,32.039702,南京市玄武区晏公庙53号,江苏省,南京市,玄武区,1,c3613fd9d96f839d31f71de1
5732,福康苑,118.900405,32.038949,南京市栖霞区百水桥南路10号,江苏省,南京市,栖霞区,1,1eebf9a353f964e00ab93a77
5733,盛和家园,118.896567,32.039931,南京市玄武区马高路318号,江苏省,南京市,玄武区,1,ddfc44d89c481c3015c90513
5734,花港·幸福城-海棠园,118.905231,32.035443,江苏省南京市栖霞区花港路2号,江苏省,南京市,栖霞区,1,8a1f09fb21d9593ee6e96575
5735,花港·幸福城-杜鹃园,118.910086,32.037264,南京市栖霞区花港路8号,江苏省,南京市,栖霞区,1,4ea115292b18ee9d077ce820
5736,花港·幸福城-玉兰园,118.907774,32.036407,南京市栖霞区花港路6号,江苏省,南京市,栖霞区,1,c8af6ceaa2a923549122e041
5737,花港·幸福城-芙蓉园,118.906039,32.038531,南京市栖霞区花港路9号,江苏省,南京市,栖霞区,1,76e4b9ed7d2fbf8328d7ab1d
5738,花港·幸福城-牡丹园,118.908208,32.039683,南京市栖霞区花港路11号,江苏省,南京市,栖霞区,1,38e790ed215f65ab25d2bb4a
5739,花港·幸福城-牡丹园,118.908208,32.039683,南京市栖霞区花港路11号,江苏省,南京市,栖霞区,1,38e790ed215f65ab25d2bb4a
5740,幸福城居住区经济适用房,118.909002,32.038252,江苏省南京市栖霞区马群街道西花岗1号(土城头路以南｜银河紫苑以西｜向上村以东),江苏省,南京市,栖霞区,1,0a74722590d15739acb22ad6
5741,花港·幸福城-西南门,118.903894,32.037546,南京市栖霞区祈福西路与花港北路交叉口南200米,江苏省,南京市,栖霞区,1,f006b13d9f9a094e8bfc066c
5742,启迪方洲雅园,118.912757,32.031453,江苏省南京市江宁区天兴路,江苏省,南京市,江宁区,1,c8088ce611c873603517dcf2
5743,中海御山府,118.917789,32.033005,南京市江宁区智康路103号,江苏省,南京市,江宁区,1,495d87c6b7ff02819a005012
5744,中海国际社区-南区,118.919949,32.033161,南京市江宁区智汇路中海御山府-一期,江苏省,南京市,江宁区,1,79c0e7d1b55c2a4a0869d9ae
5745,启迪方洲雅园,118.912757,32.031453,江苏省南京市江宁区天兴路,江苏省,南京市,江宁区,1,c8088ce611c873603517dcf2
5746,启迪·方洲(慧园),118.914029,32.0333,江苏省南京市江宁区智通路,江苏省,南京市,江宁区,1,87ecc5858f13e217c51b75d3
5747,启迪·方洲,118.913706,32.034744,江苏省南京市江宁区麒麟街道智通路168号,江苏省,南京市,江宁区,1,b70248d5f2e9fc9828b97ca3
5748,中海国际社区-三期,118.915887,32.033447,南京市江宁区智通路111号,江苏省,南京市,江宁区,1,2514818a6706fdb8354aae90
5749,中海国际社区-三期,118.915887,32.033447,南京市江宁区智通路111号,江苏省,南京市,江宁区,1,2514818a6706fdb8354aae90
5750,花港·幸福城玫瑰园-西门,118.909545,32.040018,南京市栖霞区花港路15号,江苏省,南京市,栖霞区,1,52e6dc882757ab25f60e7707
5751,小五组,118.952659,32.030897,南京市江宁区,江苏省,南京市,江宁区,1,be1ea5efb58a5abf14948e1f
5752,力标赞城,118.604379,32.029056,江苏省南京市浦口区江浦街道台南路10号(花莲路和荣庄路交汇处),江苏省,南京市,浦口区,1,99f8efb9a866f58fc61e51ef
5753,杨柳新村,118.60642,32.029771,江苏省南京市浦口区台南路8号,江苏省,南京市,浦口区,1,1c96bea74a525eec84330433
5754,恒通国际,118.613816,32.028611,江苏省南京市江北新区自贸区江浦街道行知路6号,江苏省,南京市,浦口区,1,113d538ca11d13fd4c3a59fd
5756,洲岛家园-绿洲苑,118.704478,32.028733,江苏省南京市建邺区红星街90号,江苏省,南京市,建邺区,1,2a8637a65f6c4b642dfaa759
5757,洲岛家园-绿洲苑,118.704478,32.028733,江苏省南京市建邺区红星街90号,江苏省,南京市,建邺区,1,2a8637a65f6c4b642dfaa759
5758,南京生态岛一期经济适用房,118.704469,32.029251,"南京市建邺区江心洲街道西下村(江心洲的中部,东至夹江、北至夹江大桥)",江苏省,南京市,建邺区,1,45dc3fb0ebacbffc118824cb
5759,新加坡生态科技岛二期,118.69237,32.012443,南京市建邺区林荫路与龙恩街交叉路口往西南约120米,江苏省,南京市,建邺区,1,623d2e703ffcbf0ac7f02582
5760,御江金城-南门,118.719818,32.022704,南京市建邺区梦都大街188号,江苏省,南京市,建邺区,1,1c88292bde17ca2257bfffc1
5761,天正滨江,118.724501,32.025577,"南京市建邺区松花江西街66号(兴隆大街,月安街交汇处东南角)",江苏省,南京市,建邺区,1,e6226506303ca3e03de231de
5762,静思苑-3幢,118.727796,32.024724,南京市建邺区苍山路29号,江苏省,南京市,建邺区,1,fd931b5290141ee6ee74f876
5763,苍山路社区,118.727257,32.025511,江苏省南京市建邺区兴隆街道兴隆大街209号,江苏省,南京市,建邺区,1,7b132655b28763e31e1d11fd
5764,滨江奥城-西区,118.723657,32.023029,南京市建邺区梦都大街178号,江苏省,南京市,建邺区,1,2e00c5dda038a41cd6851fb0
5765,滨江奥城观澜苑,118.723805,32.023327,南京市建邺区松花江西街69号,江苏省,南京市,建邺区,1,18f7a2fb48da17611c389436
5766,奥体新城青桐园,118.726147,32.027655,南京市建邺区苍山路18号,江苏省,南京市,建邺区,1,fdd9f7411c89d02203ec012e
5767,滨江奥城-听雨苑,118.726639,32.021958,南京市建邺区兴隆街道松花江西街59号奥城,江苏省,南京市,建邺区,1,2e2ae795f7f9e424354aaea8
5768,御江金城,118.721018,32.023539,江苏省南京市建邺区梦都大街188号,江苏省,南京市,建邺区,1,f6faff103c2ae9ab3617dc2b
5769,滨江奥城,118.722408,32.022936,南京市建邺区松花江西街59号,江苏省,南京市,建邺区,1,89fcfa0acd595a5616a1906f
5770,苏瑞·茗芳苑,118.728372,32.027694,南京市建邺区月安街51号,江苏省,南京市,建邺区,1,74e0c7c8ad73c539fda778ba
5771,汇锦国际凌江府,118.727314,32.02994,南京市建邺区奥体月安街50号(苍山路口),江苏省,南京市,建邺区,1,d54e362834c9f2c6d8d891d6
5772,汇锦国际(月安街),118.730073,32.029092,南京市建邺区月安街50号,江苏省,南京市,建邺区,1,604b223b37b230064bfc8da5
5773,奥体新城-紫薇园,118.730232,32.021125,南京市建邺区梦都大街158号(江东南路与上新河路交汇处),江苏省,南京市,建邺区,1,d12ff2d0dc522cd4aaf0cd5f
5774,苍山路社区三楼,118.727349,32.025442,好邻居生活广场苍山路3楼,江苏省,南京市,建邺区,1,4b6a2f213d977d854c3a5913
5775,金基汇锦国际,118.730073,32.029092,南京市建邺区月安街50号,江苏省,南京市,建邺区,1,604b223b37b230064bfc8da5
5776,月安花园,118.7376,32.027268,燕山路28号,江苏省,南京市,建邺区,1,606ab0d0ffc21b2a0f3ddab0
5777,海棠园,118.731152,32.023057,南京市建邺区兴隆大街199号,江苏省,南京市,建邺区,1,1ae8d2fe9228bc2e1288248f
5778,丹枫园,118.734707,32.021505,南京市建邺区兴隆大街169号(近清竹园),江苏省,南京市,建邺区,1,5a0445ba977f2bb0704b8751
5779,奥体新城,118.730182,32.02055,江苏省南京市建邺区梦都大街158号(江东南路与上新河路交汇处),江苏省,南京市,建邺区,1,443ef89d75a23c3a01897293
5780,清竹园,118.736197,32.024611,江苏省南京市建邺区兴隆大街168号,江苏省,南京市,建邺区,1,f75b8ded3bca4949a7c75648
5781,奥体新城翠杉园,118.732552,32.025561,南京市建邺区兴隆大街198号,江苏省,南京市,建邺区,1,e74cb97b46928aa44afd3fb8
5782,丹桂园,118.737123,32.020768,南京市建邺区燕山路149号,江苏省,南京市,建邺区,1,95e4815e59328f6288f15d2f
5783,舒心苑,118.73924,32.029561,南京市建邺区应天大街燕山路128号,江苏省,南京市,建邺区,1,af1ae56b67d351124307c1b0
5784,南京中北,118.740283,32.027854,江苏省南京市建邺区应天大街927号,江苏省,南京市,建邺区,1,60794483513ad77a4107c1a7
5785,莱蒙·水榭春天(月安街),118.733416,32.028277,南京市建邺区月安街36号,江苏省,南京市,建邺区,1,70a53b98a0d6fe1a28b97cfa
5786,海玥名都,118.740028,32.023393,江苏省南京市建邺区月安街11号,江苏省,南京市,建邺区,1,825288ba98f7bc999f09f7f7
5787,中共奥体社区,118.733338,32.024326,江苏省南京市建邺区兴隆街道华山路18附近,江苏省,南京市,建邺区,1,237af1611d716fdb77026931
5788,桃园居-南门,118.737007,32.029327,南京市建邺区应天大街942号桃园居内,江苏省,南京市,建邺区,1,d625b788b844d4e0932ca3f7
5789,莱蒙·水榭春天-南门,118.732911,32.027729,南京市建邺区月安街36号,江苏省,南京市,建邺区,1,069a79bbf78cd9ca1f3894e9
5790,桃园居,118.737284,32.029737,南京市建邺区应天大街942号,江苏省,南京市,建邺区,1,a7c56ee08710ebb3a2acc4b0
5791,悦达新寓,118.743983,32.025962,南京市建邺区江东中路142号,江苏省,南京市,建邺区,1,f633606a1ae0bb4e0a69d9b0
5792,兴达新寓,118.748554,32.023591,江苏省南京市建邺区怡康街,江苏省,南京市,建邺区,1,373cf75742dec26e4254d7b0
5793,鸿达新寓,118.743457,32.026636,南京市建邺区江东中路168号,江苏省,南京市,建邺区,1,dffd631c2e67c3bc39221cb0
5794,凤凰和熙,118.744221,32.021441,南京市建邺区云锦路186号,江苏省,南京市,建邺区,1,fac5bd7637bb2b30a3acc42c
5795,和熙翔苑-5幢,118.744927,32.021357,南京市建邺区凤凰和熙5栋,江苏省,南京市,建邺区,1,d75ddeaff15319c5ab175af5
5796,美丽嘉园,118.742108,32.025889,江东南路190号,江苏省,南京市,建邺区,1,09185c5669e6a15df01937b0
5797,栖庭,118.742488,32.023438,江苏省南京市建邺区江东中路156号(月安街与江东中路交界口西南角),江苏省,南京市,建邺区,1,e4678ba0ed9502cdfbdc8500
5798,金陵世家,118.748584,32.024897,江苏省南京市建邺区应天大街885号,江苏省,南京市,建邺区,1,53cebd504e09f8602a02e1c3
5799,泰达新寓,118.742538,32.026866,南京市建邺区应天大街通江路2号,江苏省,南京市,建邺区,1,6ee01020903fb3ef53e5c5b0
5800,宏图上水云锦-一期,118.747357,32.021213,南京市建邺区云锦路169号,江苏省,南京市,建邺区,1,5e4e7360fc03611e22f017ec
5801,宏图上水云锦,118.747228,32.021368,南京市建邺区云锦路169号,江苏省,南京市,建邺区,1,b6c0c9e206ee4b2a8836ee8b
5802,凤凰和熙-II期,118.744632,32.020176,南京市建邺区南苑街道云锦路188号,江苏省,南京市,建邺区,1,6e87e1095e9d5a04c3364460
5803,凤凰和熙-二期,118.744517,32.020107,南京市建邺区云锦路188号,江苏省,南京市,建邺区,1,eb61c9e0542b315ac17da27c
5804,华隆新寓,118.751131,32.022077,南京市建邺区怡康街80号,江苏省,南京市,建邺区,1,ef773a0fc8989e34230220b0
5805,积善新寓睦和园东区-6幢,118.742365,32.028273,南京市建邺区积善新寓睦和园6幢,江苏省,南京市,建邺区,1,897abb6070d2eb1ba5da39ff
5806,和熙星苑,118.744328,32.020028,南京市建邺区云锦路188号,江苏省,南京市,建邺区,1,6ee1912fc2d853591811d505
5807,悦府,118.750333,32.028466,南京市所街169号,江苏省,南京市,建邺区,1,9518a4e26ec60424f8221369
5808,积善新寓,118.741341,32.029146,南京市建邺区商业文化旅游中心区江东中路128号,江苏省,南京市,建邺区,1,9ef677f4f315d25e4d6d4659
5809,新悦天地,118.748791,32.029305,南京市建邺区所街171号,江苏省,南京市,建邺区,1,34d28ec3cbef380d7fc87624
5810,月规矩小区,118.740696,32.028496,南京市建邺区应天大街912号,江苏省,南京市,建邺区,1,774fa30dac0b3cb2213bf229
5811,今日家园,118.740645,32.02922,南京市建邺区通江路1号,江苏省,南京市,建邺区,1,bad9e67fd5c426243310af47
5812,河西大厦,118.74566,32.02647,江苏省南京市建邺区应天西路198号,江苏省,南京市,建邺区,1,bd5046e8deed3a41d62ce2b0
5813,凤凰文化培训广场-B座,118.743376,32.019929,江苏省南京市建邺区江东中路215号,江苏省,南京市,建邺区,1,e223afd973cfdf3dd92f28e0
5814,凤凰文化培训广场-A座,118.743816,32.021235,江苏省南京市建邺区江东中路211号,江苏省,南京市,建邺区,1,7c5a8b817bb10c0b4107c17e
5815,建邺区社会管理服务大厦,118.741596,32.02709,南京市建邺区应天大街919号,江苏省,南京市,建邺区,1,b639c56567b9ef38220262dc
5817,南苑大厦,118.756479,32.024604,南京市建邺区南湖路58号,江苏省,南京市,建邺区,1,480b24d0692b798f9dec2bb8
5818,江苏城市职业学院应天校区6幢宿舍楼,118.755025,32.026785,南京市建邺区所街江苏城市职业学院,江苏省,南京市,建邺区,1,508c992c220730630389726e
5819,城开宜家东园,118.75711,32.026441,南京市建邺区南湖路28号,江苏省,南京市,建邺区,1,416df37c9d7ca51d6018094d
5820,弘瑞广场,118.753274,32.022764,江苏省南京市建邺区应天大街837号,江苏省,南京市,建邺区,1,8cce2ce9f42e9b83132935f5
5821,江苏福彩大厦,118.757136,32.023544,南京市建邺区南湖路113号,江苏省,南京市,建邺区,1,2a7a25ec01cd3b636d3e1bb3
5822,江苏城市职业学院学生公寓1,118.753488,32.026754,南京市建邺区应天大街832号,江苏省,南京市,建邺区,1,75202f7ecfda4e78c91b950e
5823,江苏城市职业学院学生公寓1,118.753488,32.026754,南京市建邺区应天大街832号,江苏省,南京市,建邺区,1,75202f7ecfda4e78c91b950e
5824,江苏城市职业学院学生公寓1,118.753488,32.026754,南京市建邺区应天大街832号,江苏省,南京市,建邺区,1,75202f7ecfda4e78c91b950e
5825,香缇丽舍,118.757581,32.023623,南京市建邺区南湖路109号,江苏省,南京市,建邺区,1,154438a3658abdd7eb12e480
5826,城开怡家西园,118.75506,32.027269,南京市建邺区南湖路28号,江苏省,南京市,建邺区,1,91c13f9353e6e7fa20f017b0
5827,江苏城市职业学院学生公寓1,118.753488,32.026754,南京市建邺区应天大街832号,江苏省,南京市,建邺区,1,75202f7ecfda4e78c91b950e
5828,江苏城市职业学院-4号学生公寓,118.753591,32.027366,南京市建邺区城市职业学院4号学生公寓,江苏省,南京市,建邺区,1,649b10dcbd968e5fa11de9ba
5829,天都芳庭,118.756946,32.021875,南京市建邺区南湖街道应天大街815号,江苏省,南京市,建邺区,1,a3f21eee9877a1442eb17eb3
5830,金虹花园,118.758171,32.027719,南京市建邺区南湖路28号,江苏省,南京市,建邺区,1,d219bb1d7cdb6d8bf40e77a1
5831,苏建豪庭,118.751744,32.023784,南京市建邺区庐山路1号,江苏省,南京市,建邺区,1,ba7bce397dfcfd1503ec015e
5832,金陵机动车检测大厦,118.754749,32.021573,南京市建邺区黄山路2号,江苏省,南京市,建邺区,1,15ed53ce0e60ab549322e0b0
5833,利星公寓,118.759384,32.026257,南京市建邺区南湖路99号,江苏省,南京市,建邺区,1,606289fd79921f4da30464b3
5834,安如村,118.755561,32.028885,南京市建邺区湖西街53号,江苏省,南京市,建邺区,1,e3e2cd9d5bed90e3c6f50db0
5835,虹苑新寓四村(嵩山路),118.756453,32.020792,江苏省南京市建邺区黄山路9号虹苑新寓五村(黄山路)附近,江苏省,南京市,建邺区,1,3b26db16c68a71262806cedf
5836,安和小区,118.756526,32.028945,南京市建邺区康泰街安如村,江苏省,南京市,建邺区,1,f66e5c0aac2618d6c9c3db26
5837,省农机大院家属楼,118.75946,32.02679,南京市建邺区南湖路97号,江苏省,南京市,建邺区,1,4cf6334931c13816ad0457d0
5838,盛世公馆,118.754015,32.020768,黄山路12号(河西应天大街与黄山路交汇处),江苏省,南京市,建邺区,1,6f567da157c0d4640bf5eb56
5839,横塘西苑,118.752746,32.02113,南京市建邺区怡康街80号,江苏省,南京市,建邺区,1,c16534054b19f37aab175a13
5841,虹苑四村-五村,118.757311,32.020747,南京市建邺区嵩山路22号附近,江苏省,南京市,建邺区,1,bc513da313801c00f4eafce1
5842,乐基广场-东区,118.752133,32.028395,南京市建邺区集庆门大街169号-3号,江苏省,南京市,建邺区,1,2be0bd00c2a6ba3712882414
5843,虹苑四村-五村,118.757311,32.020747,南京市建邺区嵩山路22号附近,江苏省,南京市,建邺区,1,bc513da313801c00f4eafce1
5844,华隆新寓,118.751131,32.022077,南京市建邺区怡康街80号,江苏省,南京市,建邺区,1,ef773a0fc8989e34230220b0
5845,春晓大厦,118.760112,32.027796,南京市建邺区南湖路27号210017号,江苏省,南京市,建邺区,1,3c9631853871841ae81e9734
5846,虹苑新寓五村,118.755254,32.020043,江苏省南京市建邺区黄山路9号,江苏省,南京市,建邺区,1,64f14591bcefff95223bf231
5847,安泰小区,118.759566,32.029363,南京市建邺区南湖路22号,江苏省,南京市,建邺区,1,b9e5d0b850f655c181a12ed6
5848,虹苑新寓小区,118.759153,32.020598,南京市建邺区应天大街787号,江苏省,南京市,建邺区,1,7388dffd8d872eead3ff2304
5849,南湖春晓,118.75988,32.027544,南京市建邺区南湖路52号,江苏省,南京市,建邺区,1,8ccb79628e2ca12c26e0a051
5850,虹苑新寓五村,118.755254,32.020043,江苏省南京市建邺区黄山路9号,江苏省,南京市,建邺区,1,64f14591bcefff95223bf231
5851,健园小区,118.76632,32.024455,南京市建邺区台晔路,江苏省,南京市,建邺区,1,2e92eefabfd9850dc6effb41
5852,发园,118.764779,32.02431,江苏省南京市建邺区南苑发园(台晔路西),江苏省,南京市,建邺区,1,e3082848e5e739bfb24c49b3
5853,南苑小区(集庆门大街),118.766971,32.026016,江苏省南京市建邺区集庆门大街41号,江苏省,南京市,建邺区,1,94b1765f1a950629bca822d3
5854,澄园,118.76369,32.02475,江苏省南京市建邺区南苑所街(思园东100米),江苏省,南京市,建邺区,1,636f72a636a8d3f64f3a596e
5855,晔园,118.766249,32.025869,南京市建邺区集庆门大街41号,江苏省,南京市,建邺区,1,a179de877ae3a80c704b8757
5856,真园,118.762612,32.025931,南京市建邺区文体路90号,江苏省,南京市,建邺区,1,3f9337d6697731b3f62310b3
5857,贡园小区,118.764704,32.022999,南京市建邺区所街16号,江苏省,南京市,建邺区,1,25ec69fc7cb03b00c26c146c
5858,台园趣园,118.764603,32.027007,南京市建邺区文体路14号,江苏省,南京市,建邺区,1,bb1d38e4c306e54d0d0a70b3
5859,庆园,118.76312,32.02677,江苏省南京市建邺区文体路90号,江苏省,南京市,建邺区,1,38e480374ac01c49363a71b3
5860,尚文东苑,118.766268,32.027703,南京市建邺区文体路71号,江苏省,南京市,建邺区,1,cc788fdec0f762f789fc06a0
5861,金轮·翡翠名园,118.763678,32.022452,南京市建邺区南苑街道所街33号(北临所街西接文体路),江苏省,南京市,建邺区,1,ef211e3a65f2491af6c59c38
5862,话园小区,118.763772,32.027813,江苏省南京市建邺区文体路88号,江苏省,南京市,建邺区,1,978b87eb7f4ed846882fb5ec
5863,海苑华庭,118.766146,32.021522,南京市建邺区所街东路5号,江苏省,南京市,建邺区,1,1c57e650c25dfd75fda77831
5864,云河湾,118.76843,32.027651,南京市建邺区集庆门大街36号,江苏省,南京市,建邺区,1,cd9d05dd206ed7b684420eb3
5865,爱达花园-紫藤园,118.768781,32.022523,江苏省南京市建邺区长虹路373号,江苏省,南京市,建邺区,1,cde9fa797b134e69f603b857
5866,未来域一期,118.764867,32.021528,南京市建邺区所街未来域(南京所街店),江苏省,南京市,建邺区,1,fc309145a9260181725e807b
5867,东升村,118.763972,32.030237,南京市建邺区文体路23号,江苏省,南京市,建邺区,1,666c069eb48cf989c51e5117
5868,思园,118.760626,32.024872,江苏省南京市建邺区文体路所街26号,江苏省,南京市,建邺区,1,48eb00582939bfad2ee67bb3
5869,尚文西苑,118.763705,32.02894,"南京市建邺区文体路70,71号",江苏省,南京市,建邺区,1,61085211942856a1c41b75b3
5870,爱达花园,118.76912,32.021273,江苏省南京市建邺区长虹路389号,江苏省,南京市,建邺区,1,93df0dc3de1c8b2b892fb5b0
5871,南湖春晓嘉怡苑,118.761122,32.027464,南京市建邺区南湖路29号,江苏省,南京市,建邺区,1,00e699681b5076e5c1f1cf7d
5872,电站村小区,118.767465,32.029154,南京市建邺区云河北路30号,江苏省,南京市,建邺区,1,81f84ed5d285607dae31e5bf
5873,铂领,118.764542,32.020329,江苏省南京市建邺区应天大街770号,江苏省,南京市,建邺区,1,f041db16aef82a9ce856faf7
5874,彩虹苑,118.767747,32.030217,南京市建邺区长虹路193-1号,江苏省,南京市,建邺区,1,435d7aea4c8605355bbbbcb0
5875,宇园,118.76225,32.029374,南京市建邺区集庆门大街集庆门大街115号,江苏省,南京市,建邺区,1,b414b6998f156b9adf1e52ab
5876,云锦美地-碧云居,118.769911,32.028936,南京市建邺区云河路9-3号附近,江苏省,南京市,建邺区,1,dffcf04f8fb31d0a01294fc6
5877,南京中医药大学职工宿舍-1栋,118.761255,32.029355,南京市建邺区,江苏省,南京市,建邺区,1,fa1e852ecc1e8c102911d1db
5878,三层商务楼商业用房,118.767842,32.027875,南京市建邺区集庆门大街36号3层,江苏省,南京市,建邺区,1,cb23657ff8a9946c08ccdd24
5879,雨花电子商务大厦,118.769163,32.002994,赛虹桥街道雨花南路南京玻璃纤维研究院内,江苏省,南京市,雨花台区,1,c5e81e58ebdfaa8c41d63e01
5880,云河湾七号公馆,118.769134,32.028319,南京市建邺区云河路26号,江苏省,南京市,建邺区,1,84b353115854cfdf3ce231a7
5881,尚文西苑(话园小区北),118.763705,32.02894,"南京市建邺区文体路70,71号",江苏省,南京市,建邺区,1,61085211942856a1c41b75b3
5882,来凤街一号小区,118.775967,32.025807,江苏省南京市秦淮区来凤街1号(凤台路与集庆路交汇处),江苏省,南京市,秦淮区,1,5b7efb56dc1cabccfa42b266
5883,豆腐坊小区,118.776158,32.024351,南京市秦淮区集庆路227号,江苏省,南京市,秦淮区,1,3c087e3b910f3042d42ce2e3
5884,工农兵公寓,118.775811,32.026814,南京市秦淮区来凤街9号-1号,江苏省,南京市,秦淮区,1,083a55fac73c3b79256e98a9
5885,凤游寺-24号,118.776861,32.023791,江苏省南京市秦淮区凤游寺24号,江苏省,南京市,秦淮区,1,a0a76d0b3b9729ff5e17c381
5886,达来花苑,118.776092,32.027242,江苏省南京市秦淮区来凤街9号,江苏省,南京市,秦淮区,1,5b0d4ed47479a1258bdb7373
5887,金粟佳园,118.777522,32.026917,南京市秦淮区来凤街6号,江苏省,南京市,秦淮区,1,dea08c78e981a7c1e0110367
5888,仓顶93号,118.77805,32.026161,江苏省南京市秦淮区仓顶93号,江苏省,南京市,秦淮区,1,4c951ad43ae30f31abf0cd12
5889,仓顶91号,118.778322,32.026073,江苏省南京市秦淮区仓顶91号,江苏省,南京市,秦淮区,1,b0e4144893a61323cd04ef89
5890,花北岗-21号,118.778161,32.0237,江苏省南京市秦淮区花北岗21号,江苏省,南京市,秦淮区,1,d336c6e31f2205695bf6be4c
5891,撮箕巷,118.777691,32.027207,西关头8号,江苏省,南京市,秦淮区,1,7f4699b5d204ec3a1776430f
5892,来凤街住宅,118.77893,32.028802,江苏省南京市秦淮区五福街72号附近,江苏省,南京市,秦淮区,1,e5612198df87f8740782c266
5893,高家苑-18号,118.77921,32.0243,江苏省南京市秦淮区高家苑18号,江苏省,南京市,秦淮区,1,aa3d9d155a3baf47d813188b
5894,来凤新村小区,118.776378,32.028521,南京市秦淮区来凤街50-73号,江苏省,南京市,秦淮区,1,08fc93df0afb35919a68b4a9
5895,五福花园,118.778794,32.027196,太平苑53-63号,江苏省,南京市,秦淮区,1,b388f9fd595a6441b25c6aa8
5896,云锦美地-绮云居,118.772114,32.027331,南京市建邺区云河路1-7号,江苏省,南京市,建邺区,1,15e1e85e789fcea358109328
5897,来凤街二机宿舍大院,118.777007,32.028571,南京市秦淮区二机宿舍来凤街27号,江苏省,南京市,秦淮区,1,049f37fe85dabb85e5073840
5898,太平雅苑,118.778822,32.027583,太平苑64-75号,江苏省,南京市,秦淮区,1,e4b7b7b361cec389da2f2813
5899,来凤小区,118.779714,32.026806,仙鹤街,江苏省,南京市,秦淮区,1,d6ee8724e7e1b39ea8f0cd64
5900,江南名府,118.770825,32.024391,南京市建邺区集庆门大街15号,江苏省,南京市,建邺区,1,4642844a593f2cd9c8fa5fb3
5901,来凤里小区,118.778086,32.028652,南京市秦淮区双塘路85号,江苏省,南京市,秦淮区,1,93df0dc3de158b2b892fb5a9
5902,长虹路140,118.77344,32.028909,南京市建邺区长虹路140号,江苏省,南京市,建邺区,1,302cd46ce72a53b43ce231b3
5903,长虹路社区,118.768552,32.03026,南京市建邺区长虹路134号,江苏省,南京市,建邺区,1,6556b6f2370fdcfb0e3dda95
5904,云锦美地-丽云居,118.772087,32.028543,南京市建邺区长虹路265号,江苏省,南京市,建邺区,1,3f4bb856a28f2ee92afc4856
5905,云锦美地-六期,118.772555,32.028873,江苏省南京市建邺区长虹路265号,江苏省,南京市,建邺区,1,ffb54c7b030ba23ad618b722
5906,西城映象,118.771083,32.02228,南京市建邺区长虹路297号,江苏省,南京市,建邺区,1,6835e3a7ad224e4ee21103b3
5907,润花园,118.77046,32.027318,集庆门大街15号,江苏省,南京市,建邺区,1,dc0f0adc46c0655cf92213b9
5908,来凤小区-东区,118.779705,32.028432,南京市秦淮区五福街来凤小区,江苏省,南京市,秦淮区,1,e5e6ea6baef6e97d3ae4a690
5909,毛家苑小区,118.779029,32.029853,"双塘街毛家苑,毛家苑23号",江苏省,南京市,秦淮区,1,bd2afe5fba55b5348605bf23
5910,鸿仁名居,118.770846,32.021285,南京市建邺区长虹路301号,江苏省,南京市,建邺区,1,3be122e10a3680521ff74db3
5911,云锦美地,118.771255,32.029799,南京市建邺区长虹路251号云锦美地,江苏省,南京市,建邺区,1,052e30d868d212dba2046453
5912,钱家村住宅小区-西门,118.778825,32.010261,南京市雨花台区雨花西路57号,江苏省,南京市,雨花台区,1,cb11f76f5d988e24aecb66bb
5913,钓鱼台224-1临,118.785122,32.024835,江苏省南京市秦淮区集庆路小区旁(皇册家园东南),江苏省,南京市,秦淮区,1,1a529b38802e20d6940319df
5914,皇册家园三期-南第,118.78412,32.0262,江苏省南京市秦淮区双塘路19号,江苏省,南京市,秦淮区,1,ad3cbc5aa754bff8d22dd623
5915,牛市泰禾院子,118.785639,32.027001,双塘街道牛市,江苏省,南京市,秦淮区,1,b8f8cb6d513cc4fc213bf2dc
5916,集庆路小区,118.783843,32.023948,南京市秦淮区磨盘街32号,江苏省,南京市,秦淮区,1,982b4aee2ae66cd5b0077dac
5917,钓鱼台188-1临,118.785355,32.0235,南京市秦淮区钓鱼台南京市钓鱼台小学东2门东南侧约80米,江苏省,南京市,秦淮区,1,ab7d372fc5776945ed74f8d3
5918,钓鱼台131-3临,118.785096,32.023421,南京市秦淮区钓鱼台南京市钓鱼台小学东2门南侧约80米,江苏省,南京市,秦淮区,1,b923848135ae0862d8ecede4
5919,胭脂巷,118.782918,32.02569,江苏省南京市秦淮区集庆路98号,江苏省,南京市,秦淮区,1,23116913124c0b80734b876d
5920,达来佳园,118.783335,32.026427,江苏省南京市秦淮区胭脂巷14号,江苏省,南京市,秦淮区,1,15e1e85ec51053a2591093a9
5921,钓鱼台131-2临,118.78512,32.023226,南京市秦淮区钓鱼台一二三巷南京市钓鱼台小学西南门东南侧约100米,江苏省,南京市,秦淮区,1,84a1a29ad92d41d56d20b957
5922,一品丽庭,118.782829,32.02507,南京市秦淮区集庆路98-104号,江苏省,南京市,秦淮区,1,d219bb1d7cdc6d8bf40e77a8
5923,钓鱼台131-3临,118.785096,32.023421,南京市秦淮区钓鱼台南京市钓鱼台小学东2门南侧约80米,江苏省,南京市,秦淮区,1,b923848135ae0862d8ecede4
5924,钓鱼台,118.785143,32.023611,江苏省南京市秦淮区,江苏省,南京市,秦淮区,0,c1d4db1a9040548902ff2d2a
5925,钓鱼台182-1临,118.78551,32.023046,南京市秦淮区钓鱼台南京夫子庙-秦淮风光带,江苏省,南京市,秦淮区,1,6fc7d2566e97ee8a13293503
5926,水斋庵-41号,118.78358,32.023422,江苏省南京市秦淮区水斋庵41号,江苏省,南京市,秦淮区,1,924886b18aa4a9f7400245f6
5927,水斋庵-31号,118.78353,32.022917,江苏省南京市秦淮区水斋庵31号,江苏省,南京市,秦淮区,1,ad2d28ada6d0a9ccbb17e77f
5928,殷高巷小区,118.782516,32.024208,南京市秦淮区集庆路83-97号,江苏省,南京市,秦淮区,1,88f0e15965dfe0150bccddec
5929,水斋庵-37号,118.783538,32.023194,江苏省南京市秦淮区水斋庵37号,江苏省,南京市,秦淮区,1,9327047c7a38cbc99d9d68d5
5930,达来公寓,118.782237,32.025286,南京市秦淮区集庆路118号,江苏省,南京市,秦淮区,1,e85e25276129485394f08ca9
5931,实辉巷小区,118.788332,32.024187,江苏省南京市秦淮区中华路实辉巷1-7号,江苏省,南京市,秦淮区,1,c0daf4f8e4e8a90f1b94c69e
5932,水斋庵-31号,118.78353,32.022917,江苏省南京市秦淮区水斋庵31号,江苏省,南京市,秦淮区,1,ad2d28ada6d0a9ccbb17e77f
5933,仙鹤里,118.78207,32.02649,南京市秦淮区仙鹤街29号,江苏省,南京市,秦淮区,1,3be122e1643ff6531ff74dab
5934,孝顺里-28号,118.782602,32.023354,江苏省南京市秦淮区孝顺里28号,江苏省,南京市,秦淮区,1,924dd5b1026897b576e5b6d2
5935,花族小镇,118.788367,32.028065,南京市秦淮区中山南路393号101服饰广场B1层,江苏省,南京市,秦淮区,1,8a69f51e34c3b83b3310af1d
5936,水斋庵-25号,118.783372,32.022582,江苏省南京市秦淮区水斋庵25号,江苏省,南京市,秦淮区,1,f489148362b36ab141d63e23
5937,金轮园,118.78164,32.025282,南京市秦淮区双塘街道集庆路120号,江苏省,南京市,秦淮区,1,4edf9fbf19c53894cd06a4a9
5938,皇册家园,118.783019,32.027738,江苏省南京市秦淮区双塘路19号,江苏省,南京市,秦淮区,1,8b6faa37e50f9ae426e0a0e5
5939,许家巷-16号楼,118.789302,32.026884,南京市秦淮区许家巷16号楼,江苏省,南京市,秦淮区,1,7f141d12b85cfa93ee74f817
5940,侨宁公寓,118.788631,32.027798,南京市秦淮区金沙井96号,江苏省,南京市,秦淮区,1,3be122e10a3f80521ff74da8
5941,许苑小区,118.789205,32.026253,南京市秦淮区中华路许家巷17-19号,江苏省,南京市,秦淮区,1,7c05ecaafb808dba4c3a59d0
5942,秦状元里小区,118.789115,32.027252,南京市秦淮区许家巷16号,江苏省,南京市,秦淮区,1,98b6074b173c57015d17c321
5943,江苏金坛万和国际商贸城,118.78159,32.024307,南京市秦淮区集庆路123号永丰大厦7层707室,江苏省,南京市,秦淮区,1,6fc5ce2e8477ed7b100daac3
5944,鞍辔坊小区,118.788336,32.023187,鞍辔坊4号,江苏省,南京市,秦淮区,1,8cedb191d48a7ec6ad080fa6
5945,长乐公寓,118.789127,32.024192,长乐路50号,江苏省,南京市,秦淮区,1,b703e96b9e179bfa8e1a89a9
5946,永丰国际公寓,118.781547,32.024269,南京市秦淮区集庆路123号,江苏省,南京市,秦淮区,1,15d4bd7dc2bb14a2df1e52a6
5947,小百花巷,118.787813,32.022697,南京市秦淮区璇子巷南京夫子庙-秦淮风光带,江苏省,南京市,秦淮区,1,9b6e5576011d341ad12dd66b
5948,水斋庵-39号,118.783527,32.023339,江苏省南京市秦淮区水斋庵39号,江苏省,南京市,秦淮区,1,b9d79edbd765a22df4e73bf9
5949,钓鱼台99-3临,118.785672,32.021937,南京市秦淮区平江府路80-1号,江苏省,南京市,秦淮区,1,f5b2f718edbd13bed618b71d
5950,钓鱼台99-2临,118.785672,32.021937,南京市秦淮区平江府路80-1号,江苏省,南京市,秦淮区,1,f5b2f718edbd13bed618b71d
5951,磨盘街小区,118.784283,32.02206,江苏省南京市秦淮区磨盘街18号,江苏省,南京市,秦淮区,1,5301b73561753bd4eee4a54d
5952,孝顺里-13号,118.782351,32.02286,江苏省南京市秦淮区孝顺里13号,江苏省,南京市,秦淮区,1,adc852a7c01eac47336212c2
5953,磨盘街18号院-南门,118.784176,32.021851,南京市秦淮区磨盘街,江苏省,南京市,秦淮区,1,51af0423c1c2f2018936ee21
5954,荷花塘-10号,118.783031,32.022376,江苏省南京市秦淮区荷花塘10号,江苏省,南京市,秦淮区,1,ae8854a92dbd7fc63913fd1c
5955,仙鹤街小区,118.781111,32.026531,南京市秦淮区仙鹤街20号,江苏省,南京市,秦淮区,1,e5fcfef4e9dc8bdf2202620f
5956,水斋庵-37号,118.783538,32.023194,江苏省南京市秦淮区水斋庵37号,江苏省,南京市,秦淮区,1,9327047c7a38cbc99d9d68d5
5957,弓箭坊高层住宅小区,118.785627,32.029516,南京市秦淮区弓箭坊53号,江苏省,南京市,秦淮区,1,55fa2c0b3cf2342d1de999a9
5958,弓箭坊高层住宅小区-40号地下停车库,118.786236,32.029273,南京市秦淮区弓箭坊40号,江苏省,南京市,秦淮区,1,0d2b84aa3afc56c22eb96d6c
5959,过街楼13,118.787936,32.022066,过街楼9-1号附近,江苏省,南京市,秦淮区,1,e243cf3bd052fb6c59bbbce7
5960,学智坊-14号,118.781957,32.022655,江苏省南京市秦淮区学智坊14号,江苏省,南京市,秦淮区,1,08678ca12ad4cf7dfe0eb096
5961,钓鱼台91-3临,118.786167,32.021481,钓鱼台91-1号附近,江苏省,南京市,秦淮区,1,344e07bbf3e9106f0e3ddaf8
5962,水斋庵-9号,118.783281,32.021781,江苏省南京市秦淮区水斋庵9号,江苏省,南京市,秦淮区,1,5959e3adefe0f7cff50e77b3
5963,南京侨宁公寓业主委员会,118.788173,32.027855,江苏省南京市秦淮区金沙井96号,江苏省,南京市,秦淮区,1,3f4c2c7475a449ebb34c4981
5964,大学生科技创业见习基地,118.789412,32.023898,秦淮区中华路420号江苏省高新技术创业服务中心6层,江苏省,南京市,秦淮区,1,1a220700decc7c3b01294f16
5965,皇册家园-1期,118.78251,32.02848,南京市秦淮区双塘路19号,江苏省,南京市,秦淮区,1,88a2c82a20abc1af6b49f3e5
5966,皇册家园一至-三区,118.782947,32.028679,南京市秦淮区双塘路19号,江苏省,南京市,秦淮区,1,3409f87534aa016f276e9853
5967,五福里-4号,118.782305,32.022276,江苏省南京市秦淮区五福里4号,江苏省,南京市,秦淮区,1,9e2f5031f1bf4c2ef5b9165b
5968,仓顶91号,118.778322,32.026073,江苏省南京市秦淮区仓顶91号,江苏省,南京市,秦淮区,1,b0e4144893a61323cd04ef89
5969,煤灰堆-17号楼,118.787469,32.021703,江苏省南京市秦淮区鞍辔坊小区西南(小百花巷南),江苏省,南京市,秦淮区,1,43cf69440e23435b1ef74df0
5970,五福里-26号,118.781339,32.022124,江苏省南京市秦淮区五福里26号,江苏省,南京市,秦淮区,1,074d67f5808fba1f03ec01b8
5971,江苏通信大厦,118.780831,32.025157,南京市秦淮区集庆路198号,江苏省,南京市,秦淮区,1,d1469ee79b406262853304a8
5972,五福里-14号,118.781712,32.022437,江苏省南京市秦淮区五福里14号,江苏省,南京市,秦淮区,1,3d80776d1919fabe95ca07b0
5973,五福里-3号,118.782075,32.022044,江苏省南京市秦淮区五福里3号,江苏省,南京市,秦淮区,1,bb5465f66389a77c6318093f
5974,甘露巷住宅区,118.78503,32.020723,江苏省南京市秦淮区青果里六角井客舍(中山南路东),江苏省,南京市,秦淮区,1,f9897f29fda3a65ec16c140b
5975,秦淮科技创业中心办公室,118.790206,32.026792,南京市秦淮区中华路278号秦淮科技创业中心504号,江苏省,南京市,秦淮区,1,7006b52432cb904d10293529
5976,水斋庵-31号,118.78353,32.022917,江苏省南京市秦淮区水斋庵31号,江苏省,南京市,秦淮区,1,ad2d28ada6d0a9ccbb17e77f
5977,鹤望楼-10号,118.789003,32.028842,江苏省南京市秦淮区鹤望楼10号,江苏省,南京市,秦淮区,1,8bd5774499c129c04f3a5947
5978,五福里-26号,118.781339,32.022124,江苏省南京市秦淮区五福里26号,江苏省,南京市,秦淮区,1,074d67f5808fba1f03ec01b8
5979,鹤望楼-8号,118.788961,32.029032,江苏省南京市秦淮区鹤望楼8号,江苏省,南京市,秦淮区,1,0192a57af8deec244f3a5916
5980,军师巷小区,118.789627,32.022234,南京市秦淮区军师巷56号,江苏省,南京市,秦淮区,1,28e700f1c7c3e901085cb3a9
5981,三山花园住宅小区业主委员会,118.790112,32.028407,南京市秦淮区金沙井12号,江苏省,南京市,秦淮区,1,0eb1c1d614e21ba02a02e1d0
5982,罗马假日,118.786148,32.030129,南京市秦淮区弓箭坊55号,江苏省,南京市,秦淮区,1,3dc9befda1aa5e16bfa240a8
5983,铜坊苑小区,118.782719,32.029532,南京市秦淮区双塘路12号,江苏省,南京市,秦淮区,1,5ffb1816600c735f6e4760a8
5984,鹤望楼-4号,118.789194,32.029171,江苏省南京市秦淮区鹤望楼4号,江苏省,南京市,秦淮区,1,3093ffd5b9d861b3d3ff23b1
5985,五福里-11号,118.781657,32.021858,江苏省南京市秦淮区五福里11号,江苏省,南京市,秦淮区,1,d36cde8756d8202d220220e7
5986,高岗里-1号,118.783126,32.020933,江苏省南京市秦淮区高岗里1号,江苏省,南京市,秦淮区,1,e37d00de0af81f90bea24023
5987,高岗里-4号,118.782809,32.020918,江苏省南京市秦淮区高岗里4号,江苏省,南京市,秦淮区,1,3a0a9db7360f2b0870210b15
5988,仙鹤雅居,118.781239,32.028757,南京市秦淮区仙鹤街66号,江苏省,南京市,秦淮区,1,517a2587f80be1cd31870af2
5989,三山花园城,118.790067,32.028342,金沙井18号,江苏省,南京市,秦淮区,1,34059f9799fdbb5470455ba8
5990,五福里-13号,118.78171,32.021626,江苏省南京市秦淮区五福里13号,江苏省,南京市,秦淮区,1,3f6d295a66aa5ee1471a3291
5991,高岗里-9号,118.783034,32.020764,江苏省南京市秦淮区高岗里9号,江苏省,南京市,秦淮区,1,e9b4abe82462f25c4c6d462b
5992,金沙井,118.790674,32.02767,江苏省南京市秦淮区,江苏省,南京市,秦淮区,0,4d48572d4aed015a5ed4fe5d
5993,高岗里-37号,118.781277,32.020477,江苏省南京市秦淮区高岗里37号,江苏省,南京市,秦淮区,1,0e1ac35cf0f150aff5c59c23
5994,高岗里-12号,118.782895,32.020685,江苏省南京市秦淮区高岗里12号,江苏省,南京市,秦淮区,1,ca4174183a0e8feac8fa5fbb
5995,谢公祠-28号,118.781639,32.021435,江苏省南京市秦淮区谢公祠28号,江苏省,南京市,秦淮区,1,7e33d12f0af00280f4b916c9
5996,商岗里24号,118.78152,32.021039,江苏省南京市秦淮区商岗里24号,江苏省,南京市,秦淮区,1,98ac7fc38e851521cb09f07c
5997,钓鱼台-41-2临,118.78708,32.020413,南京市秦淮区钓鱼台南京市文枢中学东北门北侧约40米,江苏省,南京市,秦淮区,1,43f38bedb4ddcf072806ce81
5998,高岗里-15号,118.782751,32.020437,江苏省南京市秦淮区高岗里15号,江苏省,南京市,秦淮区,1,69fc52d2e3ab31621fe9991c
5999,宏图上福园,118.79031,32.021605,南京市秦淮区马道街1号,江苏省,南京市,秦淮区,1,22ccfc0842f6195b86420e7f
6000,宏图上福园,118.79031,32.021605,南京市秦淮区马道街1号,江苏省,南京市,秦淮区,1,22ccfc0842f6195b86420e7f
6001,高岗里-18号,118.781942,32.020665,南京市秦淮区高岗里南京夫子庙-秦淮风光带,江苏省,南京市,秦淮区,1,073835bee1602277081cc7e6
6002,谢公祠-32号,118.781124,32.021271,江苏省南京市秦淮区谢公祠32号,江苏省,南京市,秦淮区,1,a2c39d775b09b4dcddee8b50
6003,高岗里小区,118.782017,32.020557,南京市秦淮区高岗里24号,江苏省,南京市,秦淮区,1,2a13e6a7e95e58f2f5c59c23
6004,中华路517号公寓,118.789239,32.020793,南京市秦淮区中华路519号,江苏省,南京市,秦淮区,1,7f778fafa2d9e7616ca3cce4
6005,高岗里-29号,118.781807,32.020509,江苏省南京市秦淮区高岗里29号,江苏省,南京市,秦淮区,1,bc953df94e82654332f71d04
6006,军师巷13号小区,118.789627,32.022234,南京市秦淮区军师巷56号,江苏省,南京市,秦淮区,1,28e700f1c7c3e901085cb3a9
6007,高岗里-31号,118.781625,32.020499,江苏省南京市秦淮区高岗里31号,江苏省,南京市,秦淮区,1,f9edb7dd0e359838c9e33cdc
6008,宏图上福园北园,118.79017,32.021829,江苏省南京市秦淮区马道街1-1号,江苏省,南京市,秦淮区,1,6ed3083ab9cdc1b72a3a9fa9
6009,高岗里-33号,118.781421,32.020491,江苏省南京市秦淮区高岗里33号,江苏省,南京市,秦淮区,1,b02d918010371f12ce04ef98
6010,军师巷3号小区,118.789627,32.022234,南京市秦淮区军师巷56号,江苏省,南京市,秦淮区,1,28e700f1c7c3e901085cb3a9
6011,高岗里-37号,118.781277,32.020477,江苏省南京市秦淮区高岗里37号,江苏省,南京市,秦淮区,1,0e1ac35cf0f150aff5c59c23
6012,高岗里-39号,118.781121,32.020373,江苏省南京市秦淮区高岗里39号,江苏省,南京市,秦淮区,1,a7a42bb5e803f67f03ec010a
6013,新月楼,118.790087,32.030245,江苏省南京市秦淮区升州路28号,江苏省,南京市,秦淮区,1,8181a9f3470ed7e74c3a59ff
6014,胡家花园,118.780497,32.022602,江苏省南京市秦淮区鸣羊街45号,江苏省,南京市,秦淮区,1,0a08de4017696f893c9a5efe
6015,中华园-商住楼,118.790415,32.025623,南京市秦淮区中华路363号,江苏省,南京市,秦淮区,1,e3e2cd9d5be590e3c6f50da8
6016,秦淮区中华路办公楼,118.789839,32.022908,江苏省南京市秦淮区中华路465号,江苏省,南京市,秦淮区,1,4953b989e641f2d7ae0457f1
6017,投资大厦,118.787266,32.028935,南京市秦淮区中山南路414号,江苏省,南京市,秦淮区,1,3a0a78bd0acf3cfa621809a8
6018,永丰大厦,118.781523,32.024343,南京市秦淮区集庆路123号,江苏省,南京市,秦淮区,1,f633606ad80579300b69d9ca
6019,宏安大厦,118.780841,32.024249,江苏省南京市秦淮区集庆路127号,江苏省,南京市,秦淮区,1,79cceb36263b85891f5800a8
6020,通服大厦,118.787639,32.026391,秦淮区中山南路501号,江苏省,南京市,秦淮区,1,4bb049d93810ff3a980050b7
6021,西华大厦,118.7897,32.026144,南京市秦淮区中华路302号,江苏省,南京市,秦淮区,1,7d5f3a0a2385bd4b2db908a8
6022,盈嘉大厦,118.788481,32.029205,南京市秦淮区中山南路369号,江苏省,南京市,秦淮区,1,8d5bbf41d78d32642afc4825
6023,秦淮科技创业中心办公室,118.790206,32.026792,南京市秦淮区中华路278号秦淮科技创业中心504号,江苏省,南京市,秦淮区,1,7006b52432cb904d10293529
6024,精锐SOHO,118.780951,32.02589,江苏省南京市秦淮区仙鹤街2号精锐soho,江苏省,南京市,秦淮区,1,f23120414692543b2db17e57
6025,江苏省科技创业大厦,118.789364,32.023826,南京市秦淮区中华路420号,江苏省,南京市,秦淮区,1,9ee7cc78d9e6947017c905a8
6026,长乐公寓,118.789127,32.024192,长乐路50号,江苏省,南京市,秦淮区,1,b703e96b9e179bfa8e1a89a9
6027,殷高巷小区-77-81单号楼,118.783099,32.024475,集庆路83-97殷高巷小区,江苏省,南京市,秦淮区,1,14edffa6cabd587ae81e976f
6028,东牌楼-2号,118.793684,32.025145,江苏省南京市秦淮区东牌楼2号,江苏省,南京市,秦淮区,1,555bb1bb4ccf9bd9ab175a2f
6029,大四福巷小区,118.794173,32.026719,南京市秦淮区大四福巷9-1号,江苏省,南京市,秦淮区,1,8acc92d90a6150990bb93a48
6030,南京航天管理干部学院-家属区,118.793517,32.026532,南京市秦淮区瞻园路126号,江苏省,南京市,秦淮区,1,0d614bbf534608eec356ac40
6031,一品嘉园,118.797892,32.025044,南京市秦淮区大石坝街53号,江苏省,南京市,秦淮区,1,bb1d38e4c30fe54d0d0a70a8
6032,瞻园路126号建筑,118.792789,32.026225,南京市秦淮区瞻园路126号,江苏省,南京市,秦淮区,1,8fdc8785fc6d9c735cbe8632
6033,琵琶小区,118.796685,32.023453,南京市秦淮区琵琶巷24-36号,江苏省,南京市,秦淮区,1,14076deeff30c5f403294fa8
6034,龙翔隐园,118.797814,32.02449,南京市秦淮区乌衣巷26号,江苏省,南京市,秦淮区,1,1b4f127e9846e1f71811d5ec
6035,东牌楼-74号,118.792371,32.024685,江苏省南京市秦淮区东牌楼74号,江苏省,南京市,秦淮区,1,cf072c28ab10222941d63e63
6036,文晖阁,118.798406,32.026091,江苏省南京市秦淮区大石坝街39号,江苏省,南京市,秦淮区,1,f10988b8b1d5a6b1bb17e708
6037,糟坊园-8号,118.798047,32.023643,江苏省南京市秦淮区糟坊园8号,江苏省,南京市,秦淮区,1,548a9a593adcfba331870a98
6038,闻建和颂中心,118.793049,32.023418,南京市秦淮区长乐路72-6号,江苏省,南京市,秦淮区,1,af3ad8434e39ece851e5c56d
6039,喜乐家园,118.793097,32.023396,江苏省南京市秦淮区长乐路72-3号,江苏省,南京市,秦淮区,1,ea800129d9b1a3c029b97c89
6040,全福小区,118.793393,32.028092,南京市秦淮区大全福巷8号,江苏省,南京市,秦淮区,1,56e88cba6e88a465a5c756a8
6041,长乐路104号院,118.794641,32.022853,南京市秦淮区长乐路104号,江苏省,南京市,秦淮区,1,80d8ad9bfee2603fafee7aa4
6042,小西湖小区,118.794123,32.022557,南京市秦淮区长乐路88号,江苏省,南京市,秦淮区,1,7524cb4fed7e5e3405026fa8
6043,平江府路158号院,118.798973,32.024779,江苏省南京市秦淮区平江府路158号,江苏省,南京市,秦淮区,1,14da68f26bed2b8688db7311
6044,大油坊巷小区,118.792623,32.02283,大油坊巷39-43号,江苏省,南京市,秦淮区,1,6d45e420ad741c84bfa822e5
6045,壮元境-59号,118.793385,32.02858,江苏省南京市秦淮区壮元境59号,江苏省,南京市,秦淮区,1,4b61abb2af03e7ab49fd3fc5
6046,林耀荟广场,118.792816,32.028661,江苏省南京市秦淮区教敷营38号林耀荟广场,江苏省,南京市,秦淮区,1,5b98032db69cbd522dfaa708
6047,白鹭芳洲,118.799703,32.02559,江苏省南京市秦淮区长乐路126号,江苏省,南京市,秦淮区,1,cba36678771b64b8b9df8ff2
6048,金轮新邨,118.799899,32.025411,南京市秦淮区平江府路151号,江苏省,南京市,秦淮区,1,1b422ac2080864e4c26c14b7
6049,江苏省政协宿舍,118.799743,32.0245,西石坝街27号,江苏省,南京市,秦淮区,1,f450037803b37281223bf231
6050,壮元境-73号,118.793185,32.028724,江苏省南京市秦淮区壮元境73号,江苏省,南京市,秦淮区,1,ce7a7c8f67f7aeb040e1927c
6051,壮元境-38号,118.793247,32.028991,江苏省南京市秦淮区壮元境38号,江苏省,南京市,秦淮区,1,511ffd3d445ee86a35b06c07
6052,教敷营-38号,118.792926,32.02861,江苏省南京市秦淮区教敷营38号,江苏省,南京市,秦淮区,1,e11bf0dcf24e94720c0a7061
6053,马道街-143号院,118.798431,32.019679,南京市秦淮区马道街143号,江苏省,南京市,秦淮区,1,77d77b74a72adf9a2d47331c
6054,晨光巷小区,118.789316,32.010794,南京市秦淮区正学路1号,江苏省,南京市,秦淮区,1,c9b61de9ec35f68e22f017c3
6055,水平方(建康路店)-南1门,118.793904,32.029512,南京市秦淮区建康路3号水平方F1,江苏省,南京市,秦淮区,1,be1c6d532f6c2d29c06c1461
6056,西湖里-9号,118.793676,32.021447,江苏省南京市秦淮区西湖里9号,江苏省,南京市,秦淮区,1,1a590d9acf2ce40a95f08c81
6057,箍桶巷19号院,118.794542,32.021154,南京市秦淮区箍桶巷19号,江苏省,南京市,秦淮区,1,aab76f457286441bacee7ac4
6058,水佐营小区,118.797987,32.019685,南京市秦淮区马道街123号,江苏省,南京市,秦淮区,1,0ba99c8792eb30e1e4e965f3
6059,新姚家巷小区,118.798986,32.029195,南京市秦淮区贡院街44号,江苏省,南京市,秦淮区,1,65148d65dc5354a84f6d4615
6060,夫子庙贡院街小区,118.799405,32.028889,江苏省南京市秦淮区夫子庙贡院街30号,江苏省,南京市,秦淮区,1,e43f6f73260264399ff7790d
6061,建康路115号大院,118.794507,32.030157,南京市秦淮区建康路115号航天宾馆附近,江苏省,南京市,秦淮区,1,0a4072bf40dbceea223bf215
6062,上花园,118.795925,32.020759,江苏省南京市秦淮区马道街99号,江苏省,南京市,秦淮区,1,39d43f8280e4e586a9059da9
6063,木匠营-4号,118.797199,32.020607,南京市秦淮区马道街119号,江苏省,南京市,秦淮区,1,f53ec22127898fa20b1cc75c
6064,凤凰峨眉小区,118.77136,32.032256,江苏省南京市建邺区长虹路199号,江苏省,南京市,建邺区,1,d36fc6cc63d0ef980c0a70b0
6065,益仁巷小区,118.796243,32.030568,益仁巷3号204号,江苏省,南京市,秦淮区,1,b3f58033d39fb9f0a0acc49e
6066,木匠营10号,118.797212,32.020897,江苏省南京市秦淮区木匠营10号,江苏省,南京市,秦淮区,1,55e2d8049122c94c9a00505f
6067,润德里9号小区,118.79481,32.030438,江苏省南京市秦淮区太平南路润德里9号,江苏省,南京市,秦淮区,1,049ba922aecc6022f1193788
6068,蔡家苑,118.796526,32.020589,南京市秦淮区马道街99号,江苏省,南京市,秦淮区,1,96374a0f153ed8e6ca213d4e
6069,吉庆里农贸市场,118.767297,32.014684,凤台南路28号南京实验学校南京一中分校旁边,江苏省,南京市,雨花台区,1,2067537cc6f39510095cb39f
6070,饮虹园,118.798654,32.020868,南京市秦淮区平江府路与马道街交叉路口向东北约150米,江苏省,南京市,秦淮区,1,68f6de4952e12c12d2f49e8f
6071,莲子营小区,118.800028,32.021861,南京市秦淮区长乐路157号,江苏省,南京市,秦淮区,1,c2ed2151026d5c9f57bfffe7
6072,中华路商务楼,118.791139,32.030434,南京市秦淮区中华路166号,江苏省,南京市,秦淮区,1,541fb48c5cb63dc4fa0cadc5
6073,桃叶渡小区,118.800034,32.029592,南京市秦淮区贡院街43号,江苏省,南京市,秦淮区,1,4f1328e551c12fa5a8175a53
6074,京隆国际公寓,118.799028,32.030336,南京市秦淮区建康路253号京隆国际,江苏省,南京市,秦淮区,1,6027caa40d54f1f18433045c
6075,信府河-95号,118.790898,32.020574,江苏省南京市秦淮区信府河95号,江苏省,南京市,秦淮区,1,08fda350185b8b89b5147fc9
6076,瞻园铭楼-西门,118.791993,32.025845,江苏省南京市秦淮区瞻园19号、21号,江苏省,南京市,秦淮区,1,f2c167154c987e7329fc489e
6077,瞻园铭楼,118.792339,32.025809,南京市秦淮区瞻园路21号,江苏省,南京市,秦淮区,1,79310268f3c28ca4c909f0a7
6078,夫子庙商贸城(南京古玩城),118.793314,32.02535,南京市秦淮区瞻园路11号,江苏省,南京市,秦淮区,1,31f9101b6539eea027e0a09a
6079,瑞和楼,118.794106,32.024461,江苏省南京市秦淮区钞库街18号,江苏省,南京市,秦淮区,1,9469091d4c94de3ea8059df5
6080,莲子营综合楼,118.799253,32.022178,江苏省南京市秦淮区平江府路199号,江苏省,南京市,秦淮区,1,07e50485b5684c13f7e73b55
6081,白鹭洲综合楼,118.799403,32.022914,南京市秦淮区平江府路191号,江苏省,南京市,秦淮区,1,5fb42bb1e0671618f8dc8564
6083,中天商厦,118.7976,32.029016,江苏省南京市秦淮区平江府路18号,江苏省,南京市,秦淮区,1,684dc454009f9053cbe33c73
6084,瞻园商厦,118.790841,32.027315,江苏省南京市秦淮区中华路257号,江苏省,南京市,秦淮区,1,d2c6874feab9ee4c38221c97
6085,曙光天地(来燕路店)-地下停车场,118.794672,32.024404,江苏省南京市秦淮区来燕路1号曙光天地F1,江苏省,南京市,秦淮区,1,315c18b551c22dd7e5e96545
6086,三七八巷,118.79751,32.021989,江苏省南京市秦淮区,江苏省,南京市,秦淮区,0,e8b5d9c848093743353a715d
6087,蕴金广场,118.799139,32.022183,平江府路199号(夫子庙大市场对面),江苏省,南京市,秦淮区,1,bd5da692a97178ca3913fdf7
6088,南京茂业天地,118.791785,32.028739,江苏省南京市秦淮区建康路2号南京茂业天地F1南京茂业天地F1,江苏省,南京市,秦淮区,1,86965bcb1af0dac81f3894f7
6089,自由生活馆,118.793223,32.028937,建康路48-1号,江苏省,南京市,秦淮区,1,8cd2caa1054640ff306212a7
6090,状元境46临,118.79395,32.02845,南京市秦淮区大四福巷南京金陵状元楼大酒店西门西南侧约40米,江苏省,南京市,秦淮区,1,57dfde8b26f3aa5bc26c142f
6091,龙蟠中路小区,118.805337,32.025025,南京市秦淮区龙蟠中路480-484号,江苏省,南京市,秦淮区,1,24d05508f06da5ae13882483
6092,武定门北巷小区,118.804199,32.025371,南京市秦淮区武定门外34号,江苏省,南京市,秦淮区,1,ddc713190a3ee56415c90556
6093,武定门北巷小区,118.804199,32.025371,南京市秦淮区武定门外34号,江苏省,南京市,秦淮区,1,ddc713190a3ee56415c90556
6094,蓝天华门国际花园,118.807403,32.025914,南京市秦淮区龙蟠中路453号,江苏省,南京市,秦淮区,1,e197d0e3669efea1fc0eb0a2
6095,清雅苑,118.805699,32.027492,南京市秦淮区龙蟠中路418号,江苏省,南京市,秦淮区,1,8cba4bb06de1b484ac0457a8
6096,七里街-77号院,118.806159,32.023658,南京市秦淮区七里街77号,江苏省,南京市,秦淮区,1,f00ae04139fc3ba416a190f1
6097,枫丹白露城市花园,118.807442,32.023879,南京市秦淮区龙蟠中路459号,江苏省,南京市,秦淮区,1,b6d8a2dffd9f0feb1e1d1132
6098,七里街20号院,118.806072,32.028133,南京市秦淮区龙蟠中路460号,江苏省,南京市,秦淮区,1,610e6a72f256ccfe28b97c9d
6099,南京酿造公司七里街96号168小区,118.804732,32.022781,南京市秦淮区龙蟠中路542-564号,江苏省,南京市,秦淮区,1,f4e849f63baeff9e2b06ceec
6100,水秀花园-3号,118.808781,32.025783,江苏省南京市秦淮区水秀花园3号,江苏省,南京市,秦淮区,1,6cb36dec6b4edb90c72ba127
6101,长白街-2号院,118.803694,32.027422,南京市秦淮区长白街2号,江苏省,南京市,秦淮区,1,68c9d95380eada8c3586f481
6102,水秀花园-2号,118.809003,32.025754,江苏省南京市秦淮区水秀花园2号,江苏省,南京市,秦淮区,1,dcaf6b5819d9e520cafa5f40
6103,白鹭小区,118.802955,32.027994,南京市秦淮区长白街2号,江苏省,南京市,秦淮区,1,c8e8f633706c386daa0dd89e
6104,枫丹·白露水秀花园,118.809301,32.026273,南京市秦淮区龙蟠中路459号,江苏省,南京市,秦淮区,1,5ecf1e456dc36d82b11e368d
6105,亚都公寓,118.804647,32.022226,江苏省南京市秦淮区龙蟠中路530-5号,江苏省,南京市,秦淮区,1,f1f5cac5c34e989837b06ca8
6106,水秀花园-1号,118.809456,32.025748,江苏省南京市秦淮区水秀花园1号,江苏省,南京市,秦淮区,1,09dc956ed65c908612882447
6107,枫丹·白露城市花园水秀苑,118.809301,32.026273,南京市秦淮区龙蟠中路459号,江苏省,南京市,秦淮区,1,5ecf1e456dc36d82b11e368d
6108,佳日雅苑,118.805895,32.022171,南京市秦淮区龙蟠中路511号,江苏省,南京市,秦淮区,1,9c74df8e4d0cc8fcb75f1e25
6109,长白街-1号院,118.801601,32.02716,南京市秦淮区长白街1号,江苏省,南京市,秦淮区,1,e32e2553936bf6daaeb22a0a
6110,节制闸,118.807144,32.022498,节制闸路9号,江苏省,南京市,秦淮区,1,6a8163b1ec583c49744ff129
6111,扇骨营35号大院,118.809492,32.027532,南京市秦淮区扇骨营与扇骨营北路交叉路口向东北约100米,江苏省,南京市,秦淮区,1,42aa9491595e7602a8059d0a
6112,扇骨营,118.809336,32.02814,南京市秦淮区扇骨里35号,江苏省,南京市,秦淮区,1,a0d9d257cefd3ffe601c67d6
6113,白鹭东苑,118.80434,32.021391,南京市秦淮区龙蟠中路584号,江苏省,南京市,秦淮区,1,7fd72311bc24e89f5dbe86a9
6114,金陵闸小区,118.800799,32.027327,南京市秦淮区长白街9号,江苏省,南京市,秦淮区,1,d52831f9e42c2ba72ffaa7a9
6115,龙蟠和园,118.809517,32.028328,南京市秦淮区象房村路50号,江苏省,南京市,秦淮区,1,4194ff98c010034f07026ff8
6116,钓鱼巷小区,118.803068,32.03011,南京市秦淮区建康路284号,江苏省,南京市,秦淮区,1,91c13f93538de7fa21f01745
6117,白鹭新村,118.801959,32.021478,南京市秦淮区长乐路169号,江苏省,南京市,秦淮区,1,72e57fd7f52684aff9dc85a9
6118,京门府,118.808527,32.030133,龙蟠中路388号,江苏省,南京市,秦淮区,1,151bd9f76d7648c00b69d9c2
6119,骂架桥3幢小区,118.800634,32.021764,江苏省南京市秦淮区长乐路167-1号,江苏省,南京市,秦淮区,1,7067598742493b3b09b93af9
6120,骂驾桥,118.800865,32.021279,南京市秦淮区长乐路167-1号,江苏省,南京市,秦淮区,1,cf917cb1057d3d2b14c8f654
6121,鸿意地产大厦,118.806437,32.024544,南京市秦淮区美华羽绒制品龙蟠中路459号,江苏省,南京市,秦淮区,1,8fde79ccbf0e98bf94ca07a8
6122,中国太平洋财产保险大厦,118.807332,32.026881,江苏省南京市秦淮区龙蟠中路439号成教大厦,江苏省,南京市,秦淮区,1,d7f8ecf67e2dd1fd4054d704
6123,光华门中和桥30号,118.817798,32.024685,南京市秦淮区中和桥30号,江苏省,南京市,秦淮区,1,88635746f5aabe18bca822a8
6124,象房村小区-5幢,118.813373,32.026268,江苏省南京市秦淮区象房村5幢,江苏省,南京市,秦淮区,1,ea7963239657ed8840ab9ae0
6125,金象园小区,118.818525,32.026146,南京市秦淮区象房村路120号,江苏省,南京市,秦淮区,1,3c0ea7c5f6bbfd9cfbf0cb45
6126,清水花苑,118.811473,32.025763,南京市秦淮区扇骨营30-2号,江苏省,南京市,秦淮区,1,8f30ee54ba1fa84ca2d230cf
6127,象房新村,118.815941,32.027073,南京市秦淮区中和桥路2号,江苏省,南京市,秦淮区,1,bd5752c220e37a8dcb213d56
6128,宏鹰花园,118.816718,32.028911,大光路67号,江苏省,南京市,秦淮区,1,b9e5d0b8ef6410bc81a12e45
6129,中和桥路10号院,118.819668,32.025453,江苏省南京市秦淮区光华路中和桥路10号,江苏省,南京市,秦淮区,1,0e647c13be7437c1d42ce24b
6130,南空光华小区,118.81813,32.028633,南京市秦淮区大光路37号,江苏省,南京市,秦淮区,1,afac109d2d5b108ee31103c7
6131,扇骨里小区,118.811198,32.027412,南京市秦淮区扇骨营148号,江苏省,南京市,秦淮区,1,c1653405b6af5c79aa175aa8
6132,五十五所扇骨营宿舍区,118.810419,32.026572,扇骨里55所41栋-43号,江苏省,南京市,秦淮区,1,55062c013bf1fed58bdb7399
6133,大光路37号院,118.819215,32.028646,南京市秦淮区大光路37号,江苏省,南京市,秦淮区,1,65a26dd4622b65abe8e5826a
6134,香格里拉东苑,118.814639,32.029942,南京市秦淮区大光路55号,江苏省,南京市,秦淮区,1,5211d219e8c2e7247dc876fd
6135,白领易居,118.81895,32.02882,南京市秦淮区大光路35号,江苏省,南京市,秦淮区,1,26e7938d4d3f87c4e5e96505
6136,金陵雅颂居,118.812652,32.030339,南京市秦淮区大光路99号,江苏省,南京市,秦淮区,1,7d7b7ea9dbde762adb13184a
6137,乔虹苑小区,118.813529,32.021029,南京市秦淮区秦虹路313号,江苏省,南京市,秦淮区,1,22e1140770d60eb4d4b74ea8
6138,凤虹苑小区,118.816029,32.020518,秦虹路373号,江苏省,南京市,秦淮区,1,fa01e93764869e37774ff16c
6139,停车场(豪门府第西),118.810293,32.029622,南京市秦淮区酒精厂路香格里拉花园南侧,江苏省,南京市,秦淮区,1,8814269a7877b3762906cebf
6140,凤虹苑小区,118.816029,32.020518,秦虹路373号,江苏省,南京市,秦淮区,1,fa01e93764869e37774ff16c
6141,大光路38号小区,118.818628,32.030656,大光路38号,江苏省,南京市,秦淮区,1,cca2367b84cdeb1a5bf6be00
6142,大光路36号小区,118.819154,32.030424,南京市秦淮区大光路36号,江苏省,南京市,秦淮区,1,6ac1a6d82db0e51dd8eced11
6143,光华大厦,118.818059,32.029585,南京市秦淮区大光路41号,江苏省,南京市,秦淮区,1,49a02a7a3cfb54592a201ae1
6144,宏鹰大厦,118.816737,32.029935,江苏省南京市秦淮区大光路47号,江苏省,南京市,秦淮区,1,ed0a31c04fa2aa631df74d1d
6145,清水花苑清水湾公馆,118.811473,32.025763,南京市秦淮区扇骨营30-2号,江苏省,南京市,秦淮区,1,8f30ee54ba1fa84ca2d230cf
6146,黄埔鑫园,118.824081,32.024881,光华路2号,江苏省,南京市,秦淮区,1,b7021bf8d37e19faf4e73b45
6147,东城雅筑,118.827164,32.025516,南京市秦淮区光华路16号,江苏省,南京市,秦淮区,1,532c0217048610564251c06d
6148,石门坎100-3号院,118.830278,32.02422,南京市秦淮区石门坎100-3号,江苏省,南京市,秦淮区,1,622dc3949135fc1aa7c75660
6149,鑫园凯旋城,118.826775,32.024025,南京市秦淮区光华路2号,江苏省,南京市,秦淮区,1,6113ef7706269e6a8f7727b6
6150,光华门中和桥30号,118.817798,32.024685,南京市秦淮区中和桥30号,江苏省,南京市,秦淮区,1,88635746f5aabe18bca822a8
6151,友谊村中央商场宿舍大院,118.823773,32.028169,光华门,江苏省,南京市,秦淮区,1,c31b805af05af674fd0eb0b6
6152,友谊村,118.826394,32.028446,南京市秦淮区御道街119号,江苏省,南京市,秦淮区,1,3810c8799582ab889c09f71f
6153,御道街115号小区,118.822615,32.028152,南京市秦淮区御道街115号,江苏省,南京市,秦淮区,1,ecba7536e586a64fb54f54d8
6154,光华园-8幢,118.825915,32.028847,南京市秦淮区光华园8幢,江苏省,南京市,秦淮区,1,53283cd6ed0798a13813fd1c
6155,五洲家居装饰广场,118.830848,32.025905,江苏省南京市秦淮区光华路石门坎115号,江苏省,南京市,秦淮区,1,128a922a4956bdd4465726a3
6156,元发商务,118.822806,32.02887,御道街113号光华商厦内,江苏省,南京市,秦淮区,1,60362f0fdc0073c72ce67b4e
6157,中和桥小区,118.820666,32.02476,南京市秦淮区中和桥,江苏省,南京市,秦淮区,1,7491136a8d728fc12b06cef2
6158,御水湾小区(东区),118.823631,32.021631,南京市秦淮区御道街169号,江苏省,南京市,秦淮区,1,3bc3d8f4a6675152bbbd638f
6159,中和桥5号小区,118.820666,32.02476,南京市秦淮区中和桥,江苏省,南京市,秦淮区,1,7491136a8d728fc12b06cef2
6160,光华东街-14号院,118.825814,32.029847,江苏省南京市秦淮区光华东街14号,江苏省,南京市,秦淮区,1,0f7c6f7cafb99e7d4002459a
6161,中和桥北村,118.820753,32.023621,江苏省南京市秦淮区,江苏省,南京市,秦淮区,1,15a93810b8fab8be14c8f61f
6162,观门口北村-4幢,118.82999,32.023141,江苏省南京市秦淮区观门口北村4幢,江苏省,南京市,秦淮区,1,40aea13eac9ddc3d081cc7b1
6163,观门口北村小区,118.829999,32.023399,南京市秦淮区石门坎100-3号,江苏省,南京市,秦淮区,1,761ecb6ebcf22f4772210b3b
6164,光华东街18号小区,118.823684,32.030138,南京市秦淮区光华东街18号,江苏省,南京市,秦淮区,1,76e603b8baadec18acee7a5f
6165,御道街124号小区,118.821084,32.029065,南京市秦淮区御道街124号,江苏省,南京市,秦淮区,1,846694c597bd5781bb17e787
6166,光华东街16号小区,118.824923,32.030418,南京市秦淮区光华东街16号,江苏省,南京市,秦淮区,1,b5953822942cd1a6ae04570b
6167,华御大厦,118.822848,32.030355,南京市秦淮区御道街69号,江苏省,南京市,秦淮区,1,38e480374aad1c49373a7144
6168,御水湾小区(西区),118.820698,32.022134,南京市秦淮区御道街168号,江苏省,南京市,秦淮区,1,e889a7448d8a48b58605bf45
6169,大光路20号院,118.821498,32.030028,南京市秦淮区大光路20号,江苏省,南京市,秦淮区,1,ce57583926dace1208ccddfa
6170,华东大厦(大光路),118.820449,32.030027,南京市秦淮区大光路26号,江苏省,南京市,秦淮区,1,cb4fd14688d414419d9d6844
6171,御水湾花园-西门,118.821692,32.021626,江苏省南京市秦淮区御道街169号,江苏省,南京市,秦淮区,1,195c214d9975ea597dc87695
6172,藤煌阁,118.821678,32.026062,南京市秦淮区光华路2号石林家居广场(黄埔鑫园西北)5层,江苏省,南京市,秦淮区,1,3c94192c708fe9d30bccddad
6173,鑫园森林海,118.823071,32.025964,江苏省南京市秦淮区光华路2号一期10栋,江苏省,南京市,秦淮区,1,d68e9e87efb9cc5340e19215
6174,金弘基大厦,118.835766,32.025092,南京市秦淮区光华路114号,江苏省,南京市,秦淮区,1,fd13a3f250b238fab1077d44
6175,天堂新村-14号,118.840352,32.024308,天堂新村14号,江苏省,南京市,秦淮区,1,8c53d99f343ee583f60e7706
6176,石门坎110号小区,118.83449,32.024477,南京市秦淮区光华路58号,江苏省,南京市,秦淮区,1,25b32c734309f90a08f5ebc6
6177,天坛新寓,118.835545,32.023898,"南京市秦淮区光华路与苜蓿园大街交叉口,光华路56号",江苏省,南京市,秦淮区,1,7fd72311bc48e89f5cbe8645
6178,停车场(北京华联华东大区西),118.835684,32.026398,南京市秦淮区光华路城开家园东南侧约40米,江苏省,南京市,秦淮区,1,a0804d8cacd9284b43e192b5
6179,建发东城新筑,118.836322,32.023826,江苏省南京市秦淮区苜蓿园大街99号,江苏省,南京市,秦淮区,1,1e4f6d8976b0a824e81e9728
6180,城开家园,118.834504,32.026869,南京市秦淮区苜蓿园大街石门坎119号,江苏省,南京市,秦淮区,1,7d5f3a0a23e6bd4b2cb90845
6181,现代服务大厦,118.832965,32.024869,器石门坎104号,江苏省,南京市,秦淮区,1,1f9b29deb97a564a4c2fdfa5
6182,天坛村小区,118.837758,32.024487,江苏省南京市秦淮区光华路56号,江苏省,南京市,秦淮区,1,23116913d1784cfd734b8745
6183,大地豪庭,118.832646,32.026647,石门坎117号,江苏省,南京市,秦淮区,1,0a46dc0f6b870e5e30621245
6184,天苜雅园,118.837793,32.022768,江苏省南京市秦淮区天苜雅园(苜蓿园大街东),江苏省,南京市,秦淮区,1,8b62f50bd701fca44302459e
6185,紫金名门住宅楼-东门,118.836701,32.027827,南京市秦淮区苜蓿园大街89号,江苏省,南京市,秦淮区,1,fab78d891b054a12d1f49eea
6186,紫金名门写字楼,118.836328,32.028675,江苏省南京市秦淮区苜蓿园大街77号,江苏省,南京市,秦淮区,1,f7c7e3c9e659bb23e6e9657b
6187,天坛新村,118.839489,32.024294,南京市秦淮区军农路18号,江苏省,南京市,秦淮区,1,ca24618d209d161751e5c515
6188,华鑫大厦,118.830904,32.025273,光华路街道华东有色金属地质勘查局石门坎102号,江苏省,南京市,秦淮区,1,f1f5cac5c32a989836b06c44
6189,南京工业职业技术学院(天堂校区)-教工宿舍,118.839376,32.023357,江苏省南京市秦淮区军农路14号,江苏省,南京市,秦淮区,1,30df0a22e1ab8e58c8213d52
6190,广汇商务,118.838461,32.021775,南京市秦淮区军农路2-6号,江苏省,南京市,秦淮区,1,7c61019df82d023ee607385c
6191,工程兵学院,118.844008,32.024732,17路;25路;29路;37路;59路;81路;82路;87路;90路;90路区间;93路;110路;Y24路夜间,江苏省,南京市,秦淮区,0,17f660474e1cc02bf90cad17
6192,富康新村,118.834213,32.029488,南京市秦淮区紫金路51号,江苏省,南京市,秦淮区,1,2e00c5dda053a41cd7851f45
6193,南京工业职业技术学院学生公寓-4号楼,118.840445,32.024021,江苏省南京市秦淮区南京工业职业技术学院(天堂校区),江苏省,南京市,秦淮区,1,aea3246189a36d899d9d68e9
6194,新天地花园(北门),118.835244,32.030182,江苏省南京市秦淮区紫金路天地花园西区富康新村14栋,江苏省,南京市,秦淮区,1,6a45da72800def3647e274b9
6195,天地花园-西区,118.836125,32.027436,南京市秦淮区紫苜路与苜蓿园大街交叉路口往西约90米,江苏省,南京市,秦淮区,1,0850a9f3be40acd56b49f3f0
6196,将军塘,118.839283,32.02175,南京市秦淮区军农路12号,江苏省,南京市,秦淮区,1,bff8fa7d2db3d9a0c8213d45
6197,光华商务-B区,118.83912,32.020463,南京市秦淮区将军塘巷光华科技创意园,江苏省,南京市,秦淮区,1,0e39ee2758e2729a09b93a52
6198,光华商务-C区,118.839313,32.02045,南京市秦淮区将军塘巷光华科技创意园,江苏省,南京市,秦淮区,1,2826ce503c79b67059bbbca0
6199,天地花园,118.836362,32.029851,南京市秦淮区苜蓿园大街与紫金路交叉口,江苏省,南京市,秦淮区,1,e9ce838dde2d474da8175a2a
6200,逸境东苑,118.844383,32.024323,江苏省南京市秦淮区光华路108号,江苏省,南京市,秦淮区,1,acd47686cfd5e6b15d0d02c2
6201,海福巷92号院,118.843715,32.024207,南京市秦淮区海福巷92号,江苏省,南京市,秦淮区,1,d7661112d6f9069fc909f037
6202,海福巷28号-1幢,118.84235,32.024118,江苏省南京市秦淮区海福巷28号1幢,江苏省,南京市,秦淮区,1,8335ce3dee3ad20cf6c59cf1
6203,四方新村,118.846035,32.022659,南京市秦淮区光华路海福巷,江苏省,南京市,秦淮区,1,4fc3161ac089e7a93a13fd45
6204,四方新村,118.846035,32.022659,南京市秦淮区光华路海福巷,江苏省,南京市,秦淮区,1,4fc3161ac089e7a93a13fd45
6205,银城东岳府,118.848778,32.025542,江苏省南京市秦淮区海福巷71号,江苏省,南京市,秦淮区,1,b9e633438158b2726ca3cc7d
6206,天堂新村-14号,118.840352,32.024308,天堂新村14号,江苏省,南京市,秦淮区,1,8c53d99f343ee583f60e7706
6207,三金福邸,118.842303,32.022213,江苏省南京市秦淮区四方巷8号,江苏省,南京市,秦淮区,1,2c0bd6c59fb171d742ab9abc
6208,四方新村-八村,118.84708,32.021194,南京市秦淮区华新巷附近,江苏省,南京市,秦淮区,1,09f5e3ca6c558d12b42655bb
6209,南京航空航天大学8村,118.84708,32.021194,南京市秦淮区华新巷附近,江苏省,南京市,秦淮区,1,09f5e3ca6c558d12b42655bb
6210,南航学生宿舍,118.840377,32.024287,南京市秦淮区光华路海福巷天堂新村14号,江苏省,南京市,秦淮区,1,7e200a8c8781a0d080a00cc8
6211,壹城南苑,118.842411,32.020905,江苏省南京市秦淮区三金·福邸南(四方新村西南),江苏省,南京市,秦淮区,1,0e6e8e906e97772d306212bf
6212,逸境南苑,118.842606,32.020673,南京市秦淮区光华路街道光华路四方巷10号,江苏省,南京市,秦淮区,1,9fbbc8d1e0df969e43024585
6213,南京理工大学继续教育学院学生公寓,118.841312,32.020824,南京市秦淮区光华路街道军农路14号,江苏省,南京市,秦淮区,1,4c1ce0bd08164722d7851f40
6214,保洁员公寓(友谊河路),118.850319,32.020902,江苏省南京市秦淮区友谊河路5号,江苏省,南京市,秦淮区,1,7329006f4ab99ab745e27472
6215,将军塘20号小区,118.840617,32.021051,南京市秦淮区将军塘20号,江苏省,南京市,秦淮区,1,c630d09d98d262ed8d77276c
6216,南京蔷蔷公寓,118.82052,32.023254,江苏省南京市秦淮区中和桥12号,江苏省,南京市,秦淮区,1,47a327b6e5b7a4a1631c6785
6217,康定里,118.856538,32.025547,南京市玄武区南理工四号门外,江苏省,南京市,玄武区,1,beabdbf476b56a987069d345
6218,华盛园(光华路),118.856714,32.023946,江苏省南京市秦淮区光华路97号,江苏省,南京市,秦淮区,1,09185c56698da15df1193745
6219,胜利村-108号院,118.85709,32.024307,江苏省南京市玄武区胜利村108号,江苏省,南京市,玄武区,1,7f5da2b3f1393a926f476096
6220,紫金南苑-24号楼,118.853626,32.025853,南京市秦淮区长巷西街紫金南苑,江苏省,南京市,秦淮区,1,067c10eda1baaeca882fb59b
6221,庆盛园小区,118.858809,32.025304,庆盛园6幢,江苏省,南京市,秦淮区,1,251374c989a0173fa11de945
6222,金龙花园小区,118.850809,32.023883,南京市秦淮区友谊河路1号,江苏省,南京市,秦淮区,1,6ee010209054b3ef52e5c545
6223,联合村小区,118.860435,32.025475,南京市秦淮区胜利村路联合村,江苏省,南京市,秦淮区,1,75d0881a2a8fed4d3a04b179
6224,联合村小区,118.860435,32.025475,南京市秦淮区胜利村路联合村,江苏省,南京市,秦淮区,1,75d0881a2a8fed4d3a04b179
6225,银城东苑-紫荆园,118.855803,32.029542,南京市玄武区紫金东路北50米,江苏省,南京市,玄武区,1,f696f3c2d31f58961a11d5b8
6226,南京理工大学第十六舍A楼,118.858509,32.029419,孝陵卫街200号南京理工大学紫金东路附近,江苏省,南京市,玄武区,1,9d9d6bd48e99d25bf603b850
6227,南京理工大学第十六舍A楼,118.858509,32.029419,孝陵卫街200号南京理工大学紫金东路附近,江苏省,南京市,玄武区,1,9d9d6bd48e99d25bf603b850
6228,南京理工大学第十七舍A楼,118.859341,32.029442,江苏省南京市玄武区胜利村路南京理工大学第十七舍A幢,江苏省,南京市,玄武区,1,92db2c8383fc734dca2915fd
6229,南京理工大学学生公寓第五小区知行驿,118.858807,32.030023,江苏省南京市玄武区孝陵卫街200号南京理工大学,江苏省,南京市,玄武区,1,db056b6e0a1259c51f389422
6230,南京理工大学第十七舍B楼,118.859279,32.029667,南京理工大学第十七舍B幢,江苏省,南京市,玄武区,1,58bd52b0987b37148c1a8915
6231,南京理工大学第二十舍-A幢,118.860113,32.029429,南京市玄武区孝陵卫街南京理工大学4号门东侧,江苏省,南京市,玄武区,1,c1da2b53a3f57a6e9703198a
6232,南京理工大学第二十舍-B幢,118.860105,32.029734,孝陵卫街200号南京理工大学301幢,江苏省,南京市,玄武区,1,99a36acc3845472c4054d7b8
6233,南京理工大学-慧质阁,118.85982,32.029777,孝陵卫街200号南京理工大学,江苏省,南京市,玄武区,1,ffd6d40332883cf216b54ba0
6234,江苏有线,118.851816,32.022432,江苏南京市秦淮区友谊河路2号6楼,江苏省,南京市,秦淮区,1,6187460b920996da2cb908e1
6235,德基紫金南苑4栋,118.856643,32.028761,南京市玄武区紫金东路紫金南苑4幢,江苏省,南京市,玄武区,1,89643fc3e9f436a433169b9b
6236,南京理工大学学生宿舍28舍,118.865689,32.026833,江苏省南京市玄武区孝陵卫街200号,江苏省,南京市,玄武区,1,f08d6a6fdd4481a3b75f1ed3
6237,鸿信·清新家园,118.867123,32.026569,南京市秦淮区光华路1号,江苏省,南京市,秦淮区,1,844a750e4e5ebdc4636858a0
6238,必得科技大厦B座-光华路158号A座,118.867914,32.024998,南京市秦淮区光华路158号,江苏省,南京市,秦淮区,1,bde4fbb41d0d8e3bc8213daf
6239,南京理工大学学生宿舍-27舍,118.865054,32.027303,江苏省南京市玄武区孝陵卫街200号,江苏省,南京市,玄武区,1,e217e0367bfe28dfb05c6a74
6240,南京理工大学32舍,118.865935,32.027506,南京市玄武区一号巷南京理工大学,江苏省,南京市,玄武区,1,faa6fbd569fc049d6e20b9ee
6241,南京理工大学高等职业技术学院1号宿舍,118.860882,32.025123,南京市秦淮区胜利村路南京理工大学继续教育学院,江苏省,南京市,秦淮区,1,95e36d797f5493c14354d781
6242,南京理工大学高等职业技术学院教工之家,118.862133,32.024851,南京市秦淮区光华路南京理工大学继续教育学院,江苏省,南京市,秦淮区,1,810857758c89853bc42ba16f
6243,南京理工大学高等职业技术学院9号宿舍,118.861987,32.024735,江苏省南京市秦淮区联合村1号,江苏省,南京市,秦淮区,1,c62c899e10e467e44f3a592e
6244,南京理工大学-学生宿舍南区26舍,118.865177,32.027868,江苏省南京市玄武区光华路135号,江苏省,南京市,玄武区,1,1a368b7c2e1e8708b9bd6306
6245,必得科技大厦A座-光华路160号B座,118.869756,32.025625,南京市秦淮区光华路160号,江苏省,南京市,秦淮区,1,d68ca42155345c542db96d91
6246,南京理工大学高等职业技术学院12号宿舍,118.861824,32.024104,南京市秦淮区光华路南京理工大学继续教育学院,江苏省,南京市,秦淮区,1,35d359b493cb37feb6f42f3e
6247,南京理工大学高等职业技术学院3号宿舍,118.861605,32.025334,南京市秦淮区联合村1号,江苏省,南京市,秦淮区,1,30fe87a06563b2073517dca8
6248,南京理工大学学生宿舍-31舍,118.864167,32.028068,江苏省南京市玄武区孝陵卫街道孝陵卫200号,江苏省,南京市,玄武区,1,a926f29402be88df2fb96dad
6249,南京理工大学高等职业技术学院1号宿舍,118.860882,32.025123,南京市秦淮区胜利村路南京理工大学继续教育学院,江苏省,南京市,秦淮区,1,95e36d797f5493c14354d781
6250,万达紫金明珠,118.866191,32.021477,江苏省南京市秦淮区星海路8号,江苏省,南京市,秦淮区,1,b0d056f2a515b17dcac3db1f
6251,南京理工大学学生宿舍-30舍,118.863464,32.028174,江苏省南京市玄武区孝陵卫街200号,江苏省,南京市,玄武区,1,7bbc5be1764efb01d12dd639
6252,必得科技大厦A座-光华路160号B座,118.869756,32.025625,南京市秦淮区光华路160号,江苏省,南京市,秦淮区,1,d68ca42155345c542db96d91
6253,南京理工大学学生宿舍-29舍,118.862916,32.028123,江苏省南京市玄武区孝陵卫街道孝陵卫200号,江苏省,南京市,玄武区,1,a6c983076d325f16d3ff23f6
6254,南京理工大学高等职业技术学院1号宿舍,118.860882,32.025123,南京市秦淮区胜利村路南京理工大学继续教育学院,江苏省,南京市,秦淮区,1,95e36d797f5493c14354d781
6255,万达新村,118.86107,32.02346,南京市秦淮区光华路海福巷百安居旁,江苏省,南京市,秦淮区,1,fa2d04b42d93f7830bccddaf
6256,鸿意星城,118.870167,32.023554,江苏省南京市秦淮区星海路6号,江苏省,南京市,秦淮区,1,d0b8923f815b91e2b5f42f45
6257,必得科技大厦,118.868908,32.025351,南京市秦淮区光华158号、160号,江苏省,南京市,秦淮区,1,fffafeb6ded47fb3db13187e
6258,必得科技大厦,118.868908,32.025351,南京市秦淮区光华158号、160号,江苏省,南京市,秦淮区,1,fffafeb6ded47fb3db13187e
6259,星展大厦,118.866596,32.024386,南京市秦淮区光华路156号,江苏省,南京市,秦淮区,1,91d7285eca91036a8605bf7e
6260,STD电子商务大厦,118.877698,32.025254,南京市秦淮区永顺路2号1幢,江苏省,南京市,秦淮区,1,cd0ca9a1429d21baf942b257
6261,首屏大厦B3,118.877835,32.024101,江苏省南京市秦淮区永丰大道12号-3幢,江苏省,南京市,秦淮区,1,c9e19bab5c0237090f0a7027
6262,斯坦德大厦,118.877925,32.025049,南京市秦淮区永丰大道8号,江苏省,南京市,秦淮区,1,fdb79f52e18626c010293581
6263,首屏大厦-B2,118.877942,32.023545,江苏省南京市秦淮区永丰大道12号-2幢,江苏省,南京市,秦淮区,1,bdf682a6c9e24c804054d747
6264,首屏大厦,118.878041,32.023905,南京市秦淮区永丰大道2号,江苏省,南京市,秦淮区,1,1d51c9c5d58ca0bb6c3e1b77
6265,首屏大厦B1,118.878365,32.023874,南京市秦淮区永丰大道秦淮电子商务产业园,江苏省,南京市,秦淮区,1,b4258a9190a71ed6fb2d61d1
6266,孵化大楼,118.874192,32.028174,南京市玄武区光华路1号南京理工大学科技园,江苏省,南京市,玄武区,1,7abcde2017e94c5ff90cad7b
6267,锋晖大厦,118.878683,32.024451,江苏省南京市秦淮区高新科技园永丰大道8号,江苏省,南京市,秦淮区,1,158bfaa0b428cabae6073892
6268,孵化大楼,118.874192,32.028174,南京市玄武区光华路1号南京理工大学科技园,江苏省,南京市,玄武区,1,7abcde2017e94c5ff90cad7b
6269,白下高新创新园孵化楼A座,118.874323,32.028003,南京市秦淮区光华路1号,江苏省,南京市,秦淮区,1,3b7c07a722a330fe616858ff
6270,德兰大厦,118.872126,32.026692,南京市秦淮区光华路166号,江苏省,南京市,秦淮区,1,378766c59f250a2fc6effb36
6271,秦淮电子商务产业园,118.877129,32.023003,南京市秦淮区永丰大道与紫光路交叉路口往西北约100米,江苏省,南京市,秦淮区,1,383088a84ccfb7f4d13ce3f5
6272,斯坦德大厦北楼,118.878028,32.025305,永顺路2号1栋附近,江苏省,南京市,秦淮区,1,63c18aeb5d554ce088db732b
6273,江苏汇鸿国际集团分部大厦,118.871835,32.027588,江苏省南京市秦淮区光华路1号,江苏省,南京市,秦淮区,1,fee79300f1a7606e2cb17e26
6274,江苏汇鸿国际集团分部大厦研发孵化综合楼A7,118.872391,32.027599,南京市秦淮区光华路1号,江苏省,南京市,秦淮区,1,8950207338d5235a09a8d45b
6275,白下高新产业园-A幢,118.879103,32.025502,南京市秦淮区紫霞路软件信息服务中心,江苏省,南京市,秦淮区,1,7e60d4a0c8798a0e00ec01ad
6276,白下321大厦,118.870768,32.027177,南京市秦淮区光华路街道光华路127号,江苏省,南京市,秦淮区,1,b69d2c5c65a452bb51e5c5d0
6277,紫金社区,118.871315,32.025527,南京市秦淮区星海路1号,江苏省,南京市,秦淮区,1,f1d416690d8795f06fa3ccec
6278,孝陵卫街179号院-3幢,118.864783,32.040356,江苏省南京市玄武区孝陵卫街179号3幢,江苏省,南京市,玄武区,1,029f688b851520e1b320a800
6279,秦淮紫金人才公寓,118.877077,32.022991,江苏省南京市秦淮区永丰大道18号,江苏省,南京市,秦淮区,1,b369f9a022eb2113220262eb
6280,二十八所-东区,118.882516,32.020774,南京市秦淮区永智路1号,江苏省,南京市,秦淮区,1,dba9322cda8e39e6363a71a0
6281,波沧门大门-西158号,118.887429,32.029536,江苏省南京市玄武区波沧门大门西158号,江苏省,南京市,玄武区,1,afcbb5584b5cc33376e5b671
6282,科创园中央公园1期,118.903669,32.021209,南京市江宁区X001麒麟科技生态中央公园,江苏省,南京市,江宁区,1,920cde7cc750b7b3eaf853dd
6283,大泉水210号,118.926741,32.028995,南京市江宁区G25长深高速附近,江苏省,南京市,江宁区,1,f3d803d4524f3831bb17e7b0
6284,泉水新村咏泉园,118.929145,32.024859,南京市江宁区麒麟门麒麟街道泉水社区,江苏省,南京市,江宁区,1,2a7a25eccfda791e6d3e1bb5
6285,泉水小区(泉水路),118.937359,32.029609,南京市江宁区泉水路218号,江苏省,南京市,江宁区,1,c659d495725f065507fef531
6286,龙泉山庄(差田观大路),118.58495,32.01427,江苏省南京市浦口区珠江镇高旺街道龙泉山庄(差田观大路)附近,江苏省,南京市,浦口区,1,0f3e7d486d6b9631d7851f94
6287,白鹭苑(林荫路),118.6945,32.014743,江心洲白鹭村,江苏省,南京市,建邺区,1,b48d123f468064aebea24042
6288,绿岛新村,118.702212,32.014919,南京市建邺区东寿218号,江苏省,南京市,建邺区,1,5c56edd6cfd1e15aa0d230b0
6289,江心花苑小区,118.702787,32.013011,江苏省南京市建邺区民安路江心花苑小区(绿岛新村南100米),江苏省,南京市,建邺区,1,c05af55e250ef1a104026f5f
6290,郦城御园,118.718617,32.013727,南京市建邺区奥体大街199-3号,江苏省,南京市,建邺区,1,99ced0c5a780e9abb04c490e
6291,碧瑶花园-熙苑,118.719659,32.010842,南京市建邺区乐山路189号,江苏省,南京市,建邺区,1,56d30f0729171fb77bb55c7c
6292,金陵江滨酒店-5号别墅,118.71425,32.015246,江苏省南京市建邺区万景园路8号5号别墅,江苏省,南京市,建邺区,1,9c7cb66ed3666b62f50e77ec
6293,南京奥林匹克体育中心,118.731268,32.014363,南京市建邺区江东中路222号,江苏省,南京市,建邺区,1,287820f181098c170c0a70c2
6294,金马郦城-A区,118.724265,32.011671,江苏省南京市建邺区奥体大街111号,江苏省,南京市,建邺区,1,587d8a25c1c2c34194ec843f
6295,金马郦城,118.724861,32.011517,南京市建邺区奥体大街111号,江苏省,南京市,建邺区,1,fd007c5e323bc96ca9f729b0
6296,金马郦城,118.724861,32.011517,南京市建邺区奥体大街111号,江苏省,南京市,建邺区,1,fd007c5e323bc96ca9f729b0
6297,金马郦城-B区,118.724613,32.011693,江苏省南京市建邺区奥体大街111号,江苏省,南京市,建邺区,1,0a27c3bc60da8450d3ff23e3
6298,南京奥林匹克体育中心-南门,118.72928,32.01118,江苏省南京市建邺区江东中路222号,江苏省,南京市,建邺区,1,50fb64ff1bd1cf5de8f853b0
6299,金马郦城-西区,118.721453,32.012936,南京市建邺区兴隆街道奥体大街199号,江苏省,南京市,建邺区,1,7c5e480b5de0b8b4acb22ab0
6300,金马郦城-二期,118.723325,32.011939,南京市建邺区奥体大街111号,江苏省,南京市,建邺区,1,38e7a37fb1573fb3c17da27b
6301,碧瑶花园-熙苑,118.719659,32.010842,南京市建邺区乐山路189号,江苏省,南京市,建邺区,1,56d30f0729171fb77bb55c7c
6302,金马郦城,118.724861,32.011517,南京市建邺区奥体大街111号,江苏省,南京市,建邺区,1,fd007c5e323bc96ca9f729b0
6303,商业西区,118.728958,32.014747,南京市建邺区兴隆街道河西中央商务区江东中路222号,江苏省,南京市,建邺区,1,08c6ab197fba73f0932ca3f7
6304,紫鑫商务花园,118.736433,32.017226,南京市建邺区梦都大街132号业鑫商务花园,江苏省,南京市,建邺区,1,20ac5d512148830fc336440e
6305,紫鑫国际公寓,118.737069,32.016974,南京市建邺区梦都大街130号,江苏省,南京市,建邺区,1,149a7e9d439c591e8d7727e3
6307,紫檀雅居,118.737014,32.017872,江苏省南京市建邺区梦都大街126号,江苏省,南京市,建邺区,1,76e0a5b19b0d3d452806ceda
6308,雨润国际广场,118.738775,32.013037,江苏省南京市建邺区河西中央商务区江东中路237号雨润国际广场,江苏省,南京市,建邺区,1,20104441d56cc931c6f025b7
6309,紫鑫中华广场,118.737087,32.018557,"南京市建邺区江东南路220号,奥体中心北侧",江苏省,南京市,建邺区,1,d7fd2ad382f325540accddb0
6310,建筑师工社(商业),118.733535,32.018412,梦都大街150号以北奥体中心北门正对面,江苏省,南京市,建邺区,1,4f6ff486344974613686f4ff
6311,新城大厦E座(牡丹江街),118.739383,32.010721,南京市建邺区江东中路259号,江苏省,南京市,建邺区,1,9d1dd0b9dfef3d06e6073869
6312,仁恒国际公寓,118.740392,32.012035,江苏省南京市建邺区庐山路116号,江苏省,南京市,建邺区,1,a0bb0bc4778f4a0d4afd3ffc
6313,华夏天成,118.732149,32.019183,江苏省南京市建邺区梦都大街156号,江苏省,南京市,建邺区,1,6560b6bc98e32e0d2bb97c36
6314,木樨园,118.733542,32.019859,南京市建邺区华山路159号,江苏省,南京市,建邺区,1,bb1d38e40815a0300d0a70b9
6315,宏普捷座广场-A座,118.740632,32.018877,江苏省南京市建邺区江东中路186-1号,江苏省,南京市,建邺区,1,2a316ac0f46cca04deee8ba9
6316,建邺大厦(新安江街),118.738977,32.009958,南京市建邺区江东中路269号,江苏省,南京市,建邺区,1,1835d20a3751571f1d1d110f
6317,阅江公馆,118.731385,32.013649,江苏省南京市建邺区江东中路222号奥体中心内,江苏省,南京市,建邺区,1,b8a2d96d309d6d3dbd4842d2
6318,新城大厦-二期自行车租车点,118.73893,32.011256,江苏省南京市建邺区江东中路259号,江苏省,南京市,建邺区,1,3165235985655baa04fef595
6319,欧洲城铂金商务,118.74355,32.015415,江苏省南京市建邺区庐山路104号,江苏省,南京市,建邺区,1,9cbb84fd428ce15f90114c75
6320,欧洲城信达商务,118.741175,32.01656,江苏省南京市建邺区江东中路227号,江苏省,南京市,建邺区,1,82d99db8d834196a97ec8401
6321,西提国际第一区,118.742774,32.010893,恒山路120号,江苏省,南京市,建邺区,1,2c2330a50863922de3110334
6322,凯旋丽都花园,118.742539,32.018264,江苏省南京市建邺区江东中路219号,江苏省,南京市,建邺区,1,5a14e035f71ce1d642d63e0d
6323,欧洲城·铂金时代公寓,118.742549,32.016168,南京市建邺区松花江东街99号,江苏省,南京市,建邺区,1,02f13aff6befbbe7cc06a406
6324,兴隆新寓兴宏园,118.744098,32.017695,南京市建邺区兴隆大街139号,江苏省,南京市,建邺区,1,f3c2373c52670b52d32dd6b0
6325,兴隆新寓兴宏园,118.744098,32.017695,南京市建邺区兴隆大街139号,江苏省,南京市,建邺区,1,f3c2373c52670b52d32dd6b0
6326,凯旋城广场,118.740792,32.014675,建邺区江东路219号。,江苏省,南京市,建邺区,1,eefd577b668840e5c72ba192
6327,紫荆中心,118.740967,32.019255,江苏省南京市建邺区江东中路170号,江苏省,南京市,建邺区,1,4cfc9e8ca317ed2288db73f0
6328,宏普捷座广场-A座,118.740632,32.018877,江苏省南京市建邺区江东中路186-1号,江苏省,南京市,建邺区,1,2a316ac0f46cca04deee8ba9
6329,南京欧洲城,118.74166,32.015086,江苏省南京市建邺区江东路219号(公交车站),江苏省,南京市,建邺区,1,df6f36f31afa933dbca82231
6330,凯旋城广场-B座,118.74163,32.015729,江苏省南京市建邺区江东中路229号,江苏省,南京市,建邺区,1,fdac23b1bfa8fe27d42ce2f8
6331,凯旋城广场-A座,118.742135,32.015489,江苏省南京市建邺区江东中路229号,江苏省,南京市,建邺区,1,531bc60002858dba43ab9acb
6332,石家庄村三队20号,118.748029,32.019562,江苏省南京市建邺区石家庄村三队20号,江苏省,南京市,建邺区,1,e60cab9303294772eb56fa69
6333,欧洲城·铂金时代公寓,118.742549,32.016168,南京市建邺区松花江东街99号,江苏省,南京市,建邺区,1,02f13aff6befbbe7cc06a406
6334,腾达雅苑(嵩山路),118.75669,32.016904,怡康路29号,江苏省,南京市,建邺区,1,3c0ea7c5f6d0fd9cfaf0cbb0
6335,苏建艳阳居,118.75404,32.017618,南京市建邺区黄山路19号,江苏省,南京市,建邺区,1,1020060fcb6342a61994c6b0
6336,天成苑,118.752954,32.01954,南京市建邺区黄山路22号,江苏省,南京市,建邺区,1,550fd5f9a63e4a79921fc9b0
6337,怡康新寓,118.760281,32.017764,江苏省南京市建邺区泰山路55号,江苏省,南京市,建邺区,1,3a0a78bd0ac63cfa621809b3
6338,南京城西纺织公寓,118.760241,32.015521,南京市建邺区应天巷28号,江苏省,南京市,建邺区,1,4eb3b533fc7bd075420245b3
6339,金隅紫京府,118.757837,32.013892,江苏省南京市建邺区白鹭东街9号,江苏省,南京市,建邺区,1,1ae1fe99ab7b240743e192fa
6340,招商·雍华府,118.758877,32.016129,南京市建邺区怡康街19号,江苏省,南京市,建邺区,1,a81aa0bdd558dc19ac31e55d
6341,泰山路,118.753155,32.009503,江苏省南京市建邺区,江苏省,南京市,建邺区,0,293b2d4f09219f8eaf04576d
6342,苏星员工宿舍,118.753996,32.012532,南京市建邺区新城科技园舜天产业园,江苏省,南京市,建邺区,1,0216b132e6a45c71f02d8355
6343,虹苑新寓小区-二村,118.75922,32.019801,南京市建邺区应天西路94号,江苏省,南京市,建邺区,1,8d50207e4c8d633435b06c30
6345,凤凰和美,118.769505,32.013007,南京市雨花台区长虹路399号(凤台南路与长虹路交汇处),江苏省,南京市,雨花台区,1,7d74981d0771556057bfffc5
6346,长江装饰城东区综合装饰大楼,118.768848,32.018846,江苏省南京市雨花台区应天大街608号长江装饰城东区2楼,江苏省,南京市,雨花台区,1,720d87df878cfc65d518b718
6347,新百花园,118.760794,32.019323,江苏省南京市建邺区应天大街769号,江苏省,南京市,建邺区,1,eb3675033a040e1b01ec01b3
6348,和记黄埔涟城,118.762774,32.017141,江苏省南京市建邺区西城路1号,江苏省,南京市,建邺区,1,fe44a39c427ddec30c0e6bc4
6349,兴隆纺织公寓,118.761065,32.012075,江苏省南京市建邺区兴隆大街16号,江苏省,南京市,建邺区,1,d663726467f4aac028b97c2c
6350,应天花园(应天大街),118.766821,32.016707,南京市雨花台区应天大街695号,江苏省,南京市,雨花台区,1,befdb292a1b3aee18615418b
6351,禹洲吉庆里,118.766236,32.013905,江苏省南京市雨花台区凤台南路38号,江苏省,南京市,雨花台区,1,3b9c69f897df227ffa0cada2
6352,长虹新寓,118.770222,32.014517,南京市雨花台区长虹路415号,江苏省,南京市,雨花台区,1,08fc93df0ada35919a68b488
6353,涟城里,118.763481,32.015646,南京市建邺区怡康街18号,江苏省,南京市,建邺区,1,565254c7ac82f7822b06ce69
6354,德盈国际广场-8幢,118.770025,32.014763,南京市雨花台区凤台南路1号,江苏省,南京市,雨花台区,1,4fc37cf3cdc9599731870adf
6355,双润居小区,118.762124,32.019344,南京市建邺区应天大街吉山路6号,江苏省,南京市,建邺区,1,0058610815203fa547e274b3
6356,和记黄埔·涟城北区,118.763406,32.017219,秀山路16号,江苏省,南京市,建邺区,1,58aa41da1a807901c6effb13
6357,和记黄浦·涟城-南区,118.762531,32.013942,南京市建邺区秀山路18号,江苏省,南京市,建邺区,1,6f4ed4becf4a3fa0a2a9344b
6358,应天花园(应天大街)-南门,118.766517,32.015329,江苏省南京市雨花台区应天大街高架应天花园,江苏省,南京市,雨花台区,1,675e701b351f84ba6f47606a
6359,禹洲吉庆里,118.766236,32.013905,江苏省南京市雨花台区凤台南路38号,江苏省,南京市,雨花台区,1,3b9c69f897df227ffa0cada2
6360,德盈国际广场-西门,118.770043,32.014826,江苏省南京市雨花台区德盈国际广场8幢(虹悦城西),江苏省,南京市,雨花台区,1,91ba35abf12dced8d22dd6e2
6361,德安花园,118.767417,31.999433,南京市雨花台区小行路2号,江苏省,南京市,雨花台区,1,3c0ea7c5f6f8fd9cfaf0cb88
6362,亚东观樾,118.772811,32.013124,南京市雨花台区长虹路236号,江苏省,南京市,雨花台区,1,776174bd8d15dd12d23ce3ce
6363,德盈国际广场,118.772305,32.014897,江苏省南京市雨花台区长虹路222号(润泰市场对面),江苏省,南京市,雨花台区,1,2653247222973c21100daa36
6364,亚东国际公寓-二期,118.773686,32.01211,南京市雨花台区雨花街道雨花西路128号,江苏省,南京市,雨花台区,1,ebee7485b3f28265c2f1cfb1
6365,江苏省质量技术监督液压件/齿轮传动产品质量检验站,118.773793,32.007616,南京市雨花台区长虹路445号,江苏省,南京市,雨花台区,1,326fe6b2582cf4139e9d68f5
6366,亚东国际公寓-二期,118.773686,32.01211,南京市雨花台区雨花街道雨花西路128号,江苏省,南京市,雨花台区,1,ebee7485b3f28265c2f1cfb1
6368,锦虹美苑,118.771608,32.010869,南京市雨花台区长虹路439号,江苏省,南京市,雨花台区,1,a74481d6ae109646f403b888
6369,南京火柴厂研发综合楼,118.779894,32.010573,南京市雨花台区雨花西路55号,江苏省,南京市,雨花台区,1,52fa1daf538ae7da220220fe
6370,雨花西路230号院,118.771889,32.002723,南京市雨花台区雨花南路与雨花西路交叉口北100米,江苏省,南京市,雨花台区,1,760b8a6f05448d849868b48a
6371,西河沿22号,118.785212,32.016795,南京市秦淮区西河沿水榭华庭西侧,江苏省,南京市,秦淮区,1,4b235b04d431ea3d07fef581
6372,西河沿20号,118.785157,32.016891,南京市秦淮区西河沿水榭华庭西侧,江苏省,南京市,秦淮区,1,86892a922059207a8d7727f4
6373,西河沿22号,118.785212,32.016795,南京市秦淮区西河沿水榭华庭西侧,江苏省,南京市,秦淮区,1,4b235b04d431ea3d07fef581
6374,西河沿22号,118.785212,32.016795,南京市秦淮区西河沿水榭华庭西侧,江苏省,南京市,秦淮区,1,4b235b04d431ea3d07fef581
6375,水榭华庭,118.785958,32.016771,上码头与窑湾街交叉口东南50米,江苏省,南京市,秦淮区,1,06d2dffd687a69f689f15da8
6376,西河沿20号,118.785157,32.016891,南京市秦淮区西河沿水榭华庭西侧,江苏省,南京市,秦淮区,1,86892a922059207a8d7727f4
6377,聚宝园(雨花路店),118.78687,32.016376,南京市秦淮区雨花路46号,江苏省,南京市,秦淮区,1,c7fb04bd0a94d015fb0cada9
6378,西河沿22号,118.785212,32.016795,南京市秦淮区西河沿水榭华庭西侧,江苏省,南京市,秦淮区,1,4b235b04d431ea3d07fef581
6379,西河沿22号,118.785212,32.016795,南京市秦淮区西河沿水榭华庭西侧,江苏省,南京市,秦淮区,1,4b235b04d431ea3d07fef581
6380,南宝塔根-16号,118.789059,32.01373,江苏省南京市秦淮区南宝塔根16号,江苏省,南京市,秦淮区,1,67356d89da9155a4c336445f
6381,美河园,118.784402,32.017771,南京市秦淮区中山南路689号,江苏省,南京市,秦淮区,1,4eb3b533fc72d075420245a8
6383,南宝塔根-16号,118.789059,32.01373,江苏省南京市秦淮区南宝塔根16号,江苏省,南京市,秦淮区,1,67356d89da9155a4c336445f
6384,南宝塔根-16号,118.789059,32.01373,江苏省南京市秦淮区南宝塔根16号,江苏省,南京市,秦淮区,1,67356d89da9155a4c336445f
6385,南宝塔根-16号,118.789059,32.01373,江苏省南京市秦淮区南宝塔根16号,江苏省,南京市,秦淮区,1,67356d89da9155a4c336445f
6386,南宝塔根-16号,118.789059,32.01373,江苏省南京市秦淮区南宝塔根16号,江苏省,南京市,秦淮区,1,67356d89da9155a4c336445f
6387,路子铺小区47号楼,118.801332,32.00829,南京市秦淮区路子铺47幢,江苏省,南京市,秦淮区,1,8d079bd342996d2532870adf
6388,南宝塔根-16号,118.789059,32.01373,江苏省南京市秦淮区南宝塔根16号,江苏省,南京市,秦淮区,1,67356d89da9155a4c336445f
6389,南宝塔根-16号,118.789059,32.01373,江苏省南京市秦淮区南宝塔根16号,江苏省,南京市,秦淮区,1,67356d89da9155a4c336445f
6390,长虹路389号-4栋,118.770515,32.019305,江苏省南京市秦淮区应天大街木材公司家属院04幢,江苏省,南京市,秦淮区,1,8a564a30cf7e387207026f78
6391,南宝塔根22号,118.788796,32.013748,南京市秦淮区晨光大道与正学路交叉口南100米,江苏省,南京市,秦淮区,1,f39b1f86d158a8af6cc02c7a
6392,玻纤院住宅区,118.771372,32.004377,南京市雨花台区安德里30号,江苏省,南京市,雨花台区,1,5e53af1a7673185f4051c088
6393,南宝塔根-16号,118.789059,32.01373,江苏省南京市秦淮区南宝塔根16号,江苏省,南京市,秦淮区,1,67356d89da9155a4c336445f
6394,煤灰堆-29号,118.787678,32.021265,江苏省南京市秦淮区煤灰堆29号,江苏省,南京市,秦淮区,1,08bba8c98db08575eedfca48
6395,六角井-57号,118.784811,32.019604,江苏省南京市秦淮区六角井57号,江苏省,南京市,秦淮区,1,59390ac5af69d354902ca3f6
6396,六角井-57号,118.784811,32.019604,江苏省南京市秦淮区六角井57号,江苏省,南京市,秦淮区,1,59390ac5af69d354902ca3f6
6397,六角井-8号,118.786912,32.019097,江苏省南京市秦淮区六角井8号,江苏省,南京市,秦淮区,1,2a437def81dfa3717c29bdd1
6398,六角井,118.785547,32.01938,六角井,江苏省,南京市,秦淮区,1,ae994c2f4ed3e48032f71d73
6399,六角井-9号,118.786576,32.019117,江苏省南京市秦淮区六角井9号,江苏省,南京市,秦淮区,1,c2f84140ff4059792b06ce18
6400,六角井-13号,118.786438,32.019106,江苏省南京市秦淮区六角井13号,江苏省,南京市,秦淮区,1,a59d0c9286602df49cec2ba6
6401,六角井-57号,118.784811,32.019604,江苏省南京市秦淮区六角井57号,江苏省,南京市,秦淮区,1,59390ac5af69d354902ca3f6
6402,六角井-31号,118.785969,32.019303,江苏省南京市秦淮区六角井31号,江苏省,南京市,秦淮区,1,2ebe1e1a79dd36f62a201ae7
6403,六角井-49号,118.785434,32.019406,江苏省南京市秦淮区六角井49号,江苏省,南京市,秦淮区,1,f0821f2faa1325b1931fc9ab
6404,六角井-49号,118.785434,32.019406,江苏省南京市秦淮区六角井49号,江苏省,南京市,秦淮区,1,f0821f2faa1325b1931fc9ab
6405,六角井,118.785547,32.01938,六角井,江苏省,南京市,秦淮区,1,ae994c2f4ed3e48032f71d73
6406,晨光公寓,118.789641,32.013366,江苏省南京市秦淮区中华门外正学路1号,江苏省,南京市,秦淮区,1,764672e5f8541eb494ec8475
6407,六角井-40号,118.785355,32.019714,江苏省南京市秦淮区六角井40号,江苏省,南京市,秦淮区,1,2f25471e1472e5770482c2e5
6408,六角井-36号,118.785721,32.019567,江苏省南京市秦淮区六角井36号,江苏省,南京市,秦淮区,1,b58ffbea0123328e13293537
6409,六角井-61号,118.784922,32.019567,江苏省南京市秦淮区六角井61号,江苏省,南京市,秦淮区,1,b4484954d3578ad29e95de8e
6410,六角井-57号,118.784811,32.019604,江苏省南京市秦淮区六角井57号,江苏省,南京市,秦淮区,1,59390ac5af69d354902ca3f6
6411,六角井-42号,118.785045,32.019639,江苏省南京市秦淮区六角井42号,江苏省,南京市,秦淮区,1,878d6b7d0ac775ce80a00c02
6412,六角井-57号,118.784811,32.019604,江苏省南京市秦淮区六角井57号,江苏省,南京市,秦淮区,1,59390ac5af69d354902ca3f6
6413,六角井-48号,118.784987,32.019815,江苏省南京市秦淮区六角井48号,江苏省,南京市,秦淮区,1,1639a13e33d964cda4c7568e
6414,六角井-34号,118.785648,32.0198,江苏省南京市秦淮区六角井34号,江苏省,南京市,秦淮区,1,c02f5ab42f27051bcf06a458
6415,雨花东路15号大院,118.787885,32.011578,南京市秦淮区雨花路雨花东路15号,江苏省,南京市,秦淮区,1,57008bc6cdec633cca2915af
6416,雨花苑小区,118.782226,32.011769,江苏省南京市雨花台区雨花西路16号,江苏省,南京市,雨花台区,1,25068747040af54883a00cf0
6417,钓鱼台-19号,118.786667,32.019899,江苏省南京市秦淮区钓鱼台19号,江苏省,南京市,秦淮区,1,4faa34139ceee356ab0dd833
6418,公正村,118.788776,32.011445,江苏省南京市秦淮区雨花路公正村(雨花台风景区北150米),江苏省,南京市,秦淮区,1,394302e5e8ec5adb601c67e6
6419,丁村小区,118.790144,32.012481,南京市秦淮区应天大街408号,江苏省,南京市,秦淮区,1,4f72925f902c302b6fc02ca3
6420,城南芳邻,118.783603,32.010882,南京市雨花台区雨花西路11号,江苏省,南京市,雨花台区,1,a0120643c18aca89cb213d7c
6421,陈家牌坊-21号,118.782747,32.02002,江苏省南京市秦淮区陈家牌坊21号,江苏省,南京市,秦淮区,1,e470cef62eea5dba22026248
6422,普德花园-东区,118.781755,32.010926,南京市雨花台区雨花西路19号,江苏省,南京市,雨花台区,1,8e7d43a5ae218770bda240c6
6423,陈家牌坊-23号,118.782109,32.019892,江苏省南京市秦淮区陈家牌坊23号,江苏省,南京市,秦淮区,1,65bead2a632c6cdf581093fd
6424,苏博花雨公寓(东北门),118.780932,32.011403,南京市雨花台区中山南路高架桥与雨花西路交叉口东南150米,江苏省,南京市,雨花台区,1,80e06ca169d8befa44e27453
6425,陈家牌坊-33号,118.781808,32.019986,江苏省南京市秦淮区陈家牌坊33号,江苏省,南京市,秦淮区,1,be16317bc51317867369d3b1
6426,陈家牌坊-42号,118.781517,32.019817,江苏省南京市秦淮区陈家牌坊42号,江苏省,南京市,秦淮区,1,21f6e6681f3c85c52b11d1c1
6427,晨光巷小区,118.789316,32.010794,南京市秦淮区正学路1号,江苏省,南京市,秦淮区,1,c9b61de9ec35f68e22f017c3
6428,陈家牌坊-78号,118.78183,32.020186,江苏省南京市秦淮区陈家牌坊78号,江苏省,南京市,秦淮区,1,c00ffcc1a40b99dc9e82ea95
6429,陈家牌坊-40号,118.78168,32.020179,江苏省南京市秦淮区陈家牌坊40号,江苏省,南京市,秦淮区,1,cfc02985e76591f9d81318a9
6430,绿竹园-41号,118.781135,32.019749,江苏省南京市秦淮区绿竹园41号,江苏省,南京市,秦淮区,1,534a236748f57ccb9868b4d6
6431,陈家牌坊-38号,118.781584,32.020165,江苏省南京市秦淮区陈家牌坊38号,江苏省,南京市,秦淮区,1,ce5552c75f3da51d1b11d549
6432,陈家牌坊-44号,118.781221,32.020023,江苏省南京市秦淮区陈家牌坊44号,江苏省,南京市,秦淮区,1,af88db55b90c8b45dc1e52a5
6433,梅花村,118.790376,32.011107,南京市秦淮区应天大街390号,江苏省,南京市,秦淮区,1,25497e7e6b3ad1f7a6da396a
6434,绿竹园-41号,118.781135,32.019749,江苏省南京市秦淮区绿竹园41号,江苏省,南京市,秦淮区,1,534a236748f57ccb9868b4d6
6435,宏图上福园-南园,118.790132,32.0204,南京市秦淮区马道街6号,江苏省,南京市,秦淮区,1,2171fab58f55b2a2bbbd63da
6436,晨光商务楼,118.790146,32.01394,江苏省南京市秦淮区正学路1号,江苏省,南京市,秦淮区,1,56cf2ea27ef9c5655d0d0265
6437,华西证券大厦-南门,118.787634,32.01075,雨花东路9号,江苏省,南京市,雨花台区,1,78b22f01e253d0b7a2d2309d
6438,钓鱼台41-1临,118.786919,32.020313,南京市秦淮区钓鱼台南京市文枢中学东北门西北侧约40米,江苏省,南京市,秦淮区,1,a5d20510788d41fe9e82ea6c
6439,钓鱼台-5-1临,118.787787,32.019775,南京市秦淮区中华路与钓鱼台交叉口北50米,江苏省,南京市,秦淮区,1,cfb988e258c100cb33621269
6440,边营86号,118.796562,32.016246,江苏省南京市秦淮区边营86号,江苏省,南京市,秦淮区,1,d571036572e46cc6ae045781
6441,枫秦居(老虎头),118.797832,32.015804,南京市秦淮区江宁路4号,江苏省,南京市,秦淮区,1,d991e116596320551e3894a9
6442,仁厚里小区,118.797694,32.015312,南京市秦淮区江宁路4号,江苏省,南京市,秦淮区,1,b1c556e8aa82a60cb52655a8
6443,积善里,118.795947,32.017494,南京市秦淮区三条营南京夫子庙-秦淮风光带,江苏省,南京市,秦淮区,1,5bc8003f9f017f258415415a
6444,转龙车小区,118.797842,32.01684,南京市秦淮区老虎头32号,江苏省,南京市,秦淮区,1,64ff3be10c49cac790114c34
6445,双塘园小区,118.796401,32.01879,南京市秦淮区剪子巷114号,江苏省,南京市,秦淮区,1,227c25856595742726d2bb73
6446,剪子巷小区,118.797654,32.018625,南京市秦淮区剪子巷110号,江苏省,南京市,秦淮区,1,269e74ab85dfcca585420ef6
6447,老虎头小区,118.799186,32.015808,江苏省南京市秦淮区边营14号,江苏省,南京市,秦淮区,1,46b1c4553ac5195d932ca3b3
6448,金城公寓,118.799321,32.014499,南京市秦淮区江宁路3-3号,江苏省,南京市,秦淮区,1,e0f57d04242157776e20b9ca
6449,和园(东门),118.794441,32.012879,江苏省南京市秦淮区1865科技·创意产业园C-3,江苏省,南京市,秦淮区,1,911271d9448e49abe6e96564
6450,剪子巷110号-北门,118.795862,32.018909,南京市秦淮区剪子巷与双塘园交叉口西50米,江苏省,南京市,秦淮区,1,89c105e6379453fe085cb3ad
6451,南京无为文化创意产业园-B座,118.799654,32.015133,江苏省南京市秦淮区江宁路5号,江苏省,南京市,秦淮区,1,00d1079c25afb57b86154135
6452,小心桥小区,118.799281,32.017517,南京市秦淮区小心桥东街南京市教育局老年教师公寓,江苏省,南京市,秦淮区,1,ba1970844dc12595931fc9e9
6453,教育局老年教师公寓,118.799061,32.017738,南京市秦淮区夫子庙街道马道街剪纸巷42号,江苏省,南京市,秦淮区,1,ae01523bf118b8daa2a93465
6454,秦淮花园小区,118.799971,32.014618,南京市秦淮区江宁路３号,江苏省,南京市,秦淮区,1,593850fb45c7d65dde1e52a8
6455,华静家园,118.796671,32.019263,江苏省南京市秦淮区马道街88号,江苏省,南京市,秦淮区,1,ccccfd4a100e3dacca291589
6456,清朝金陵制造局遗址,118.791745,32.014058,江苏省南京市秦淮区南环路a区f3栋,江苏省,南京市,秦淮区,1,108b1cead29ed5ac3486f4a9
6457,杏花苑,118.799794,32.01766,南京市秦淮区江宁路22-24号,江苏省,南京市,秦淮区,1,7a70a8d297334fcac909f040
6458,逸景园-西门,118.800328,32.017099,南京市秦淮区江宁路13-1号,江苏省,南京市,秦淮区,1,13b1171f8cefaf8490114c82
6459,清清百合干洗店,118.797329,32.019742,江苏省南京市秦淮区马道街123-5号,江苏省,南京市,秦淮区,1,1020060fcb6e42a61994c6a7
6460,双桥门-28号,118.799859,32.012656,江苏省南京市秦淮区双桥门28号,江苏省,南京市,秦淮区,1,b8e93d36a808d7b779dbd273
6461,双桥门-20号,118.799784,32.012455,江苏省南京市秦淮区双桥门20号,江苏省,南京市,秦淮区,1,624950009a4158db1811d5f1
6462,雅诗公寓,118.783303,32.008987,南京市雨花台区共青团路普德18商务中心,江苏省,南京市,雨花台区,1,d81d782f38d48ec03ce231e4
6463,双桥门-18号,118.799839,32.012304,江苏省南京市秦淮区双桥门18号,江苏省,南京市,秦淮区,1,c4b7da691b0eac4f53e5c5e2
6464,银杏居,118.800087,32.018581,南京市秦淮区江宁路26号,江苏省,南京市,秦淮区,1,d5464cf89976a557fca778a8
6465,蔡家苑-20号,118.796468,32.020526,江苏省南京市秦淮区蔡家苑20号,江苏省,南京市,秦淮区,1,12aeb32dbc96fe6e9122e02e
6466,木匠营小区,118.79735,32.020451,秦淮马道街119号,江苏省,南京市,秦淮区,1,e56bf5e368dd15390782c268
6467,双桥里15号小区,118.800045,32.012226,江苏省南京市秦淮区双桥里15号,江苏省,南京市,秦淮区,1,9ec1b4e1328c0440130daa88
6468,三条营小区,118.80033,32.018793,南京市秦淮区江宁路银杏居西门东北侧约60米,江苏省,南京市,秦淮区,1,d01be5b71f9386a15bbbbcad
6469,水佐营-14号,118.798147,32.020407,江苏省南京市秦淮区托乐嘉旺邻居,江苏省,南京市,秦淮区,1,c3d9467837bf5c536f476090
6470,雅居乐(马道街),118.791693,32.019868,江苏省南京市秦淮区剪子巷18号,江苏省,南京市,秦淮区,1,07a3bf9bcb70b24d4302452a
6471,土城头1号小区(晨光路),118.798095,32.010592,南京市秦淮区晨光路与双桥门立交交叉路口往南约90米,江苏省,南京市,秦淮区,1,32edef1abc0eab24b3077d77
6472,信府河-97号,118.790797,32.020415,江苏省南京市秦淮区信府河97号,江苏省,南京市,秦淮区,1,250d0a4444dddeed2fb96dca
6473,翡翠芳洲,118.799068,32.012467,南京市秦淮区双桥门双桥门,江苏省,南京市,秦淮区,1,0ab9c92da9fbfbc77bf7964c
6474,1865创意园E10楼,118.794284,32.014523,南京市秦淮区应天大街388号E10幢,江苏省,南京市,秦淮区,1,e4aa7dc79945ec9025e0a07e
6475,南京无为文化创意产业园,118.800257,32.015362,南京市秦淮区江宁路5号,江苏省,南京市,秦淮区,1,cf6bfb452004babeb817e79f
6476,龢园,118.794399,32.012878,应天大街388南京晨光1865创意产业园C,江苏省,南京市,秦淮区,1,fc11c1a9ec9e276c95f08cbc
6477,江苏爱涛公共艺术发展有限公司,118.79368,32.01884,江苏省南京市秦淮区老门东五板桥15号,江苏省,南京市,秦淮区,1,ba6a497b4ddd3bc9725e80b1
6478,南京雅居乐花园,118.805502,32.015497,江苏省南京市秦淮区龙蟠南路33号,江苏省,南京市,秦淮区,1,16843ee9a75b753d1d1d116a
6479,精彩住宅,118.806606,32.018202,南京市秦淮区秦虹路红花村25号,江苏省,南京市,秦淮区,1,07f3c8b537d8a3636340a9a9
6480,蔚蓝星座,118.804799,32.012792,南京市秦淮区龙蟠南路101号,江苏省,南京市,秦淮区,1,4ea3f2f16ac3f5aaafcb66a8
6481,旭光里,118.808358,32.014229,江苏省南京市秦淮区应天大街,江苏省,南京市,秦淮区,1,cac5fc764b1c26f32db96da8
6482,仟居阁公寓,118.806334,32.012407,南京市秦淮区应天大街268-270号,江苏省,南京市,秦淮区,1,4f2d934324b7bb352b06ce58
6483,文安里小区-南区,118.808791,32.017163,南京市秦淮区文东巷与旭光里交叉路口往东北约120米,江苏省,南京市,秦淮区,1,a3f21eee647dc5392eb17ea0
6484,龙蟠花苑-南园,118.807685,32.018617,南京市秦淮区秦虹路80号,江苏省,南京市,秦淮区,1,c410f0765b753c7093114cce
6485,龙蟠花苑,118.807164,32.019231,南京市秦淮区秦虹路41号,江苏省,南京市,秦淮区,1,435d7aea4c8f05355bbbbca9
6486,文安里住宅,118.80926,32.018431,南京市秦淮区文安街与秦虹路交叉口东南角,江苏省,南京市,秦淮区,1,89fd4ea3c4c9b247e4e965a8
6487,江苏省水利厅职工宿舍,118.806355,32.019475,南京市秦淮区秦虹路水利花苑(文安街),江苏省,南京市,秦淮区,1,97eab64c4f1f8ab6ddee8b6c
6488,文安里住宅,118.80926,32.018431,南京市秦淮区文安街与秦虹路交叉口东南角,江苏省,南京市,秦淮区,1,89fd4ea3c4c9b247e4e965a8
6489,逸景园,118.80039,32.0164,南京市秦淮区江宁路13-1号,江苏省,南京市,秦淮区,1,803708f1b0cd2779008972a8
6490,赞成领尚,118.806136,32.010902,双桥门宏光路8号,江苏省,南京市,秦淮区,1,3ee7b467e7f5d9e404fef503
6491,红花村,118.808243,32.020267,江苏省南京市秦淮区红花村,江苏省,南京市,秦淮区,1,0a15c7ecc879e5e5ec74f8aa
6492,宇秦园,118.809442,32.011351,南京市秦淮区应天大街116号,江苏省,南京市,秦淮区,1,3f414614860ce48cd42ce20d
6493,长乐花园,118.801525,32.019693,南京市秦淮区长乐路223号,江苏省,南京市,秦淮区,1,61085211782232dcc41b75a0
6494,水利花苑(文安街),118.806448,32.019629,南京市秦淮区红花村165号,江苏省,南京市,秦淮区,1,c3bfe6ca939dc5d19703191a
6495,秦虹商务中心,118.807399,32.010832,南京市秦淮区中牌楼西108号,江苏省,南京市,秦淮区,1,dc0f0adc83da2021f92213a8
6496,南光公司物业办公楼,118.808016,32.015606,南京市秦淮区旭光里2号58号,江苏省,南京市,秦淮区,1,aab2ed426dac11432afc487c
6497,苏尧大厦,118.809606,32.020501,江苏省南京市秦淮区红花村165号-2号,江苏省,南京市,秦淮区,1,78bd50f7887e735b30870aa8
6498,双桥门,118.80009,32.012666,江苏省南京市秦淮区双桥门,江苏省,南京市,秦淮区,1,4f4a7002eb0baa35f503b8e8
6499,康安里住宅区,118.815414,32.016106,秦虹南路7号,江苏省,南京市,秦淮区,1,881a28e701c92a47f842b2a9
6500,岗虹苑小区,118.81464,32.016445,南京市秦淮区秦虹南路56号,江苏省,南京市,秦淮区,1,2c0bd6c530a60caa42ab9aa9
6501,商茂新园,118.817279,32.015385,南京市秦淮区大明路118号(近怡馨花园),江苏省,南京市,秦淮区,1,b25c86936a315e4295f08cc9
6502,康居里小区,118.814823,32.013784,南京市秦淮区秦虹南路168号,江苏省,南京市,秦淮区,1,0cb005df506855caca09f019
6503,明通家园,118.817282,32.014446,南京市秦淮区大明路120号,江苏省,南京市,秦淮区,1,d4034eb3a20b07f6c13644a8
6504,怡馨花园(秦虹路),118.817295,32.017024,南京市秦淮区秦虹路441号,江苏省,南京市,秦淮区,1,61085211942156a1c41b75a8
6505,贸新园小区,118.817984,32.01517,南京市秦淮区大明路118号,江苏省,南京市,秦淮区,1,8c06dc2d97e46a14734b872e
6506,良城美景家园,118.811422,32.014287,南京市秦淮区秦虹南路168号,江苏省,南京市,秦淮区,1,d47568bd25e148492afc48c7
6507,康馨花园,118.815667,32.018023,江苏省南京市秦淮区秦虹南路18号,江苏省,南京市,秦淮区,1,5c466d909429d4ae46e274fb
6508,商茶名府,118.793952,32.012249,江苏省南京市秦淮区应天大街388号b3栋1865,江苏省,南京市,秦淮区,1,274499e8fffbaba532f71dd1
6509,碧水云天,118.816238,32.012224,江苏省南京市秦淮区应天大街15号,江苏省,南京市,秦淮区,1,e96b4420af719f5983288aa9
6510,康美里小区,118.813922,32.012283,南京市秦淮区秦虹应天大街75号,江苏省,南京市,秦淮区,1,669775d08b22c55bfc0eb0a9
6511,秦虹小区,118.813804,32.018669,南京市秦淮区秦虹南路52号,江苏省,南京市,秦淮区,1,9d04eed69e2a271fc9291524
6512,丁家园-15号,118.810874,32.015439,江苏省南京市秦淮区丁家园15号,江苏省,南京市,秦淮区,1,c59b30721c059ed1c42ba1e4
6513,良城美景家园,118.811422,32.014287,南京市秦淮区秦虹南路168号,江苏省,南京市,秦淮区,1,d47568bd25e148492afc48c7
6514,丁家园-20号,118.810751,32.01521,江苏省南京市秦淮区丁家园20号,江苏省,南京市,秦淮区,1,f1a9b8748e259e2e902ca3e8
6515,九龙盛世园,118.817724,32.018716,南京市秦淮区秦虹路443号,江苏省,南京市,秦淮区,1,0ca21f0cadd241a2a2d2301a
6516,高虹苑小区,118.814776,32.019568,秦虹路260号,江苏省,南京市,秦淮区,1,bd3a2299dab1aecdb04c4964
6517,丁家园-32号,118.810537,32.014798,江苏省南京市秦淮区丁家园32号,江苏省,南京市,秦淮区,1,b2aec8b37769fae293114c4e
6518,武定新村,118.811204,32.017938,南京市秦淮区秦虹路98号,江苏省,南京市,秦淮区,1,f9fd6062b1c5a31f0e0e6ba8
6519,大明宏苑,118.814605,32.01092,南京市秦淮区宏光路276号,江苏省,南京市,秦淮区,1,cba09d448f42ef70b8bd6300
6520,新翠林美食休闲中心-地上停车场,118.818619,32.011881,江苏省南京市秦淮区大明路79号,江苏省,南京市,秦淮区,1,16a133f2e77194d89868b46f
6521,龙苑新寓-四村,118.820457,32.013831,南京市秦淮区大校场路36号,江苏省,南京市,秦淮区,1,bf2134bc79461257c7f025cc
6522,康业里小区东区,118.812604,32.011417,南京市秦淮区应天大街119号,江苏省,南京市,秦淮区,1,2d1f372cd3d356e39ff77963
6523,美达·上河明苑,118.818042,32.019855,江苏省南京市秦淮区大明路18号,江苏省,南京市,秦淮区,1,c1653405ef7f1704ab175af7
6524,康业里小区-西区,118.811298,32.011453,南京市秦淮区应天大街119号,江苏省,南京市,秦淮区,1,f6512087cb2b0ab440afe6a6
6525,康业里小区,118.811828,32.011415,应天大街119号,江苏省,南京市,秦淮区,1,91a55674b434aeed2cb96d4b
6526,莺虹苑小区,118.810552,32.020085,南京市秦淮区秦虹路211号,江苏省,南京市,秦淮区,1,1eeed54600c03ff2b4147fa8
6527,龙苑新寓-二村,118.821116,32.015524,江苏省南京市秦淮区秦淮特殊教育学校(怡居园路北),江苏省,南京市,秦淮区,1,eee7952bf0b6319a873304dd
6528,九龙雅苑,118.814139,32.006712,南京市秦淮区大明路210号,江苏省,南京市,秦淮区,1,04bdf4a3c09eea4f344aaea9
6529,龙苑新寓,118.821437,32.017,南京市秦淮区大明路怡居路21号,江苏省,南京市,秦淮区,1,b292b3aa52659756bf4842a8
6530,怡水嘉园(金源路),118.830095,32.017026,南京市秦淮区中和桥路59-8号,江苏省,南京市,秦淮区,1,5211d219fe25d5587cc876a8
6531,东南花苑,118.820346,32.015961,南京市秦淮区怡居路9号,江苏省,南京市,秦淮区,1,850815e10969c89b42e192a9
6532,怡居园,118.820655,32.014839,南京市秦淮区大明路31号,江苏省,南京市,秦淮区,1,38e480374ac91c49363a71a8
6533,戎兴苑,118.828816,32.014627,南京市秦淮区中和桥路142-9号,江苏省,南京市,秦淮区,1,cf2e77e9d92cf9ba08ccdd12
6534,龙苑新寓-四村,118.820457,32.013831,南京市秦淮区大校场路36号,江苏省,南京市,秦淮区,1,bf2134bc79461257c7f025cc
6535,龙苑新寓-二村,118.821116,32.015524,江苏省南京市秦淮区秦淮特殊教育学校(怡居园路北),江苏省,南京市,秦淮区,1,eee7952bf0b6319a873304dd
6536,观门口31号,118.82932,32.020321,南京市秦淮区石杨路观门口北村南侧约240米,江苏省,南京市,秦淮区,1,4733b7a1c2c863ab6849f359
6537,观门口121号,118.828161,32.022379,观门口91号附近,江苏省,南京市,秦淮区,1,169e1350f670636cb5147f6f
6538,观门口31号,118.82932,32.020321,南京市秦淮区石杨路观门口北村南侧约240米,江苏省,南京市,秦淮区,1,4733b7a1c2c863ab6849f359
6539,观门口31号,118.82932,32.020321,南京市秦淮区石杨路观门口北村南侧约240米,江苏省,南京市,秦淮区,1,4733b7a1c2c863ab6849f359
6540,观门口31号,118.82932,32.020321,南京市秦淮区石杨路观门口北村南侧约240米,江苏省,南京市,秦淮区,1,4733b7a1c2c863ab6849f359
6541,观门口31号,118.82932,32.020321,南京市秦淮区石杨路观门口北村南侧约240米,江苏省,南京市,秦淮区,1,4733b7a1c2c863ab6849f359
6542,中和桥路59-8号,118.829848,32.017635,南京市秦淮区中和桥路59-8号,江苏省,南京市,秦淮区,1,37d3e5d45e5cb53c9d82ea55
6543,中和桥5号小区,118.820666,32.02476,南京市秦淮区中和桥,江苏省,南京市,秦淮区,1,7491136a8d728fc12b06cef2
6544,中和桥-163号,118.834942,32.013899,江苏省南京市秦淮区中和桥163号,江苏省,南京市,秦淮区,1,31cbc67487926b71f7b9162e
6545,中和桥-157号,118.834404,32.013853,江苏省南京市秦淮区中和桥157号,江苏省,南京市,秦淮区,1,f40ec8f2bb820f8f631809c9
6546,中和桥-155号,118.834437,32.013852,江苏省南京市秦淮区中和桥155号,江苏省,南京市,秦淮区,1,e7fa2a02af7738ba75e5b6e9
6547,中和桥-161号,118.834829,32.013632,江苏省南京市秦淮区中和桥161号,江苏省,南京市,秦淮区,1,c3c608d52f34ebd4b4265569
6548,中和桥-165号,118.834901,32.01361,江苏省南京市秦淮区中和桥165号,江苏省,南京市,秦淮区,1,b1cfa43c49743bc8306212cd
6549,七桥瓮-20号,118.83358,32.014693,江苏省南京市秦淮区七桥瓮20号,江苏省,南京市,秦淮区,1,d7840f356e5b22a3213bf26a
6550,中和桥-167号,118.835067,32.013562,江苏省南京市秦淮区中和桥167号,江苏省,南京市,秦淮区,1,6614449eea0c5db87369d3f4
6551,中和桥-133号,118.834063,32.015971,江苏省南京市秦淮区中和桥133号,江苏省,南京市,秦淮区,1,7a425f0ed76462ffb6147f1e
6552,中和桥-119号,118.835296,32.013455,江苏省南京市秦淮区中和桥119号,江苏省,南京市,秦淮区,1,f6b8eab83c0a55a27c29bd91
6553,七桥瓮-102号,118.833297,32.014776,江苏省南京市秦淮区七桥瓮102号,江苏省,南京市,秦淮区,1,b21ab56a2e4510ad0f0e6bea
6554,中和桥路142-10号院,118.831047,32.014497,南京市秦淮区中和桥路142-10号,江苏省,南京市,秦淮区,1,8a108b8f96a31291c16c1460
6555,七桥瓮187号,118.835516,32.013339,南京市秦淮区承天大道与中和桥路交叉路口往东南约90米,江苏省,南京市,秦淮区,1,0bb07d1bd8ad38d78d77276f
6556,七桥瓮189号,118.835677,32.013268,南京市秦淮区承天大道与中和桥路交叉路口往东南约100米,江苏省,南京市,秦淮区,1,453f961c8895386ed42ce21c
6557,七桥瓮-34号,118.833085,32.014921,江苏省南京市秦淮区七桥瓮34号,江苏省,南京市,秦淮区,1,a769210033901e48734b8715
6558,七桥瓮191号,118.835833,32.013209,江苏省南京市秦淮区七桥瓮191号,江苏省,南京市,秦淮区,1,9449e2f9ab77c24ec9fa5f39
6559,七桥瓮72号,118.834145,32.013437,南京市秦淮区承天大道中和桥路142-10号院东侧约260米,江苏省,南京市,秦淮区,1,fbb8966c22a668d4c72ba1d7
6560,中和桥-200号,118.835369,32.012789,江苏省南京市秦淮区中和桥200号,江苏省,南京市,秦淮区,1,a69be80dff38d673b04c496a
6561,七桥瓮-7号,118.832728,32.014531,江苏省南京市秦淮区七桥瓮7号,江苏省,南京市,秦淮区,1,79b5a908ef17bce8e115f96a
6562,七桥瓮-12号,118.832098,32.013992,江苏省南京市秦淮区七桥瓮12号,江苏省,南京市,秦淮区,1,d3df0986be47167f32f71d22
6563,七桥瓮-34号,118.833085,32.014921,江苏省南京市秦淮区七桥瓮34号,江苏省,南京市,秦淮区,1,a769210033901e48734b8715
6564,七桥翁-18号,118.832188,32.013272,江苏省南京市秦淮区七桥翁18号,江苏省,南京市,秦淮区,1,52518ee56c4da70ee8e58241
6565,七桥瓮-78号,118.831291,32.015223,江苏省南京市秦淮区七桥瓮78号,江苏省,南京市,秦淮区,1,8aa6681389b88ad7d4851fc0
6566,七桥瓮-56号,118.831634,32.015558,江苏省南京市秦淮区七桥瓮56号,江苏省,南京市,秦淮区,1,ea845a369cfd9a05077ce8da
6567,七桥瓮110号,118.834291,32.012948,江苏省南京市秦淮区七桥瓮110号,江苏省,南京市,秦淮区,1,3f4bb8928ead313925e0a073
6568,七桥瓮-12号,118.832098,32.013992,江苏省南京市秦淮区七桥瓮12号,江苏省,南京市,秦淮区,1,d3df0986be47167f32f71d22
6569,七桥瓮-12号,118.832098,32.013992,江苏省南京市秦淮区七桥瓮12号,江苏省,南京市,秦淮区,1,d3df0986be47167f32f71d22
6570,七桥瓮-78号,118.831291,32.015223,江苏省南京市秦淮区七桥瓮78号,江苏省,南京市,秦淮区,1,8aa6681389b88ad7d4851fc0
6571,七桥瓮44号,118.832438,32.014083,南京市秦淮区中和桥路中和桥路142-10号院东侧约90米,江苏省,南京市,秦淮区,1,9a2a5989c41f3cc1f90cad74
6572,七桥瓮-90号,118.832754,32.013427,江苏省南京市秦淮区七桥翁90号,江苏省,南京市,秦淮区,1,95138a44781541d3fb2d6184
6573,七桥瓮-12号,118.832098,32.013992,江苏省南京市秦淮区七桥瓮12号,江苏省,南京市,秦淮区,1,d3df0986be47167f32f71d22
6574,七桥瓮-34号,118.833085,32.014921,江苏省南京市秦淮区七桥瓮34号,江苏省,南京市,秦淮区,1,a769210033901e48734b8715
6575,七桥瓮-56号,118.831634,32.015558,江苏省南京市秦淮区七桥瓮56号,江苏省,南京市,秦淮区,1,ea845a369cfd9a05077ce8da
6576,七桥翁30号,118.831895,32.015463,南京市秦淮区七桥瓮30号,江苏省,南京市,秦淮区,1,1a4924ef24b21543d4851f47
6577,七桥瓮-12号,118.832098,32.013992,江苏省南京市秦淮区七桥瓮12号,江苏省,南京市,秦淮区,1,d3df0986be47167f32f71d22
6578,七桥翁-3号,118.831719,32.014055,江苏省南京市秦淮区七桥翁3号,江苏省,南京市,秦淮区,1,d5364b71b705148c0b69d92e
6579,七桥翁14号,118.832052,32.013648,江苏省南京市秦淮区七桥翁14号,江苏省,南京市,秦淮区,1,69545c0df43d8f266d20b974
6580,七桥瓮-78号,118.831291,32.015223,江苏省南京市秦淮区七桥瓮78号,江苏省,南京市,秦淮区,1,8aa6681389b88ad7d4851fc0
6581,七桥翁-24号,118.831905,32.013556,江苏省南京市秦淮区七桥翁24号,江苏省,南京市,秦淮区,1,471226c2a98e8e213904b189
6582,七桥翁30号,118.831895,32.015463,南京市秦淮区七桥瓮30号,江苏省,南京市,秦淮区,1,1a4924ef24b21543d4851f47
6583,七桥瓮-94号,118.830274,32.016128,江苏省南京市秦淮区七桥瓮94号,江苏省,南京市,秦淮区,1,9c63b109b47347f64e554780
6584,中和桥路142-10号院,118.831047,32.014497,南京市秦淮区中和桥路142-10号,江苏省,南京市,秦淮区,1,8a108b8f96a31291c16c1460
6585,七桥瓮-199号,118.835968,32.01315,江苏省南京市秦淮区七桥瓮199号,江苏省,南京市,秦淮区,1,ba007105ba48e4212ad7abce
6586,万达江南明珠,118.846265,32.018478,江苏省南京市秦淮区石杨路2号,江苏省,南京市,秦淮区,1,17c708d87684c3bc94ec84e2
6587,江南明珠小区,118.846265,32.018478,江苏省南京市秦淮区石杨路2号,江苏省,南京市,秦淮区,1,17c708d87684c3bc94ec84e2
6588,银龙雅苑,118.851746,32.010217,西桐路9号,江苏省,南京市,秦淮区,1,7fd2cb24e8265d660869d9e7
6589,银龙花园-三期,118.866767,32.00978,江苏省南京市秦淮区石杨路101号,江苏省,南京市,秦淮区,1,8ea90af8557598a29e82eac6
6590,银龙花园一期小区,118.861608,32.012014,江苏省南京市秦淮区石杨路55号,江苏省,南京市,秦淮区,1,28e700f1c7a7e901095cb345
6591,银龙东苑社区,118.865087,32.011509,南京市秦淮区石杨路101号52幢,江苏省,南京市,秦淮区,1,d3f69c35327dedbd1e1d1134
6592,郑家营-46号,118.870173,32.019743,江苏省南京市秦淮区郑家营46号,江苏省,南京市,秦淮区,1,53429da0198685861d1d1102
6593,郑家营-15号,118.870322,32.019402,江苏省南京市秦淮区郑家营15号,江苏省,南京市,秦淮区,1,5498264c6b3516ab081cc7fa
6594,紫杨佳园,118.860523,32.016928,江苏省南京市秦淮区(绕城高速公路北),江苏省,南京市,秦淮区,1,04a0be6ebc3cb36b6140a9eb
6595,银龙花园一期小区,118.861608,32.012014,江苏省南京市秦淮区石杨路55号,江苏省,南京市,秦淮区,1,28e700f1c7a7e901095cb345
6596,银龙花园一期南区-北门,118.862914,32.013217,南京市秦淮区石杨路55号,江苏省,南京市,秦淮区,1,e6598beb81020f5b5d17c37d
6597,紫杨佳园-东门,118.864477,32.0188,江苏省南京市秦淮区星海路,江苏省,南京市,秦淮区,1,b576fc983f2ca870f4eafc56
6598,银龙花园一期北区-东门,118.865005,32.013659,江苏省南京市秦淮区银龙南苑社区石杨路银龙花园一期旁,江苏省,南京市,秦淮区,1,3a7995b68d4ed651cc06a4b9
6599,银龙花园一期-北区,118.864186,32.014539,南京市秦淮区石杨路50号,江苏省,南京市,秦淮区,1,00f1c7fbfbe6191fc056ac45
6600,天安数码城,118.87526,32.01746,南京市永丰大道36号,江苏省,南京市,秦淮区,1,82533651f8de03adc2364455
6601,江苏省住建大厦,118.877758,32.012652,南京市秦淮区石杨路116号,江苏省,南京市,秦淮区,1,a61fdb5bb05c60d382288a1d
6602,南京生命源大厦,118.879344,32.015352,南京市秦淮区紫云大道18号,江苏省,南京市,秦淮区,1,be18a761dac11d7e6e20b9ae
6603,智方大厦,118.880219,32.015348,南京市秦淮区紫云大道26号,江苏省,南京市,秦淮区,1,5853e0396677da9e8bf15d12
6604,弘瑞大厦,118.87837,32.019282,南京市秦淮区工业园区永丰大道永智路,江苏省,南京市,秦淮区,1,6ef937277d888d52d22dd6af
6605,弘瑞大厦,118.87837,32.019282,南京市秦淮区工业园区永丰大道永智路,江苏省,南京市,秦淮区,1,6ef937277d888d52d22dd6af
6606,世茂君望·墅,118.87383,32.013938,南京市秦淮区石杨路108号,江苏省,南京市,秦淮区,1,0d8826a031f308a45abbbccc
6607,银龙鑫苑-北苑,118.873191,32.010501,江苏省南京市秦淮区石杨路107号,江苏省,南京市,秦淮区,1,67a526e6ca80dba104fef55a
6608,富力城-北区,118.887894,32.017226,江苏省南京市江宁区富力城东南70米(运粮河东路东),江苏省,南京市,江宁区,1,8871270fd202884f97031918
6609,富力城-南区,118.88761,32.01579,南京市江宁区东麒路277号,江苏省,南京市,江宁区,1,2f084927d19164a783a00c7d
6610,富力城-2期,118.887623,32.017337,江苏省南京市江宁区富力城二期(运粮河东路东100米),江苏省,南京市,江宁区,1,a4e9fcc0dfc9b34eeddfcac7
6611,富力十号住宅区,118.889539,32.018692,江苏省南京市江宁区运粮河东路703号,江苏省,南京市,江宁区,1,4ca76d30fb5f2f9796ca072e
6612,富力城,118.887949,32.017437,江苏省南京市江宁区科技创新园东麒路277号,江苏省,南京市,江宁区,1,3f87843856bb3ad232870a60
6613,富力城,118.887949,32.017437,江苏省南京市江宁区科技创新园东麒路277号,江苏省,南京市,江宁区,1,3f87843856bb3ad232870a60
6614,东窦803号,118.912178,32.016112,江苏省南京市江宁区东窦803号,江苏省,南京市,江宁区,1,172271adb7c36a4b6849f36f
6615,东窦801号,118.912557,32.015673,江苏省南京市江宁区东窦801号,江苏省,南京市,江宁区,1,d99236f9da83faebc3364470
6616,东窦804号,118.911037,32.017334,江苏省南京市江宁区东窦804号,江苏省,南京市,江宁区,1,bb0b71f8af7fa29b83a00c46
6617,东窦805号,118.911441,32.017529,江苏省南京市江宁区东窦805号,江苏省,南京市,江宁区,1,24e87126c43cbec228fc48e3
6618,建南社区,118.913742,32.016812,南京市江宁区宝善寺路1号,江苏省,南京市,江宁区,1,8d17073f267747f6a1d2308f
6620,苏宁滨江壹号,118.717856,32.009097,南京市建邺区楠溪江西街111号,江苏省,南京市,建邺区,1,c8941a388e08cae59e95dea4
6621,仁恒江湾城,118.718189,32.006111,南京市建邺区乐山路198号,江苏省,南京市,建邺区,1,a3bf80091df13dd5e4073876
6622,仁恒江湾天成,118.716944,32.002521,江苏省南京市建邺区双闸街道河西大街仁恒江湾城四期,江苏省,南京市,建邺区,1,f6446a61a5f82051400245c8
6623,江湾社区,118.718706,32.004673,南京市建邺区乐山路1987,江苏省,南京市,建邺区,1,e78f80bff604a44638221ced
6624,仁恒江湾城和苑,118.718321,32.000608,江苏省南京市建邺区乐山路207号,江苏省,南京市,建邺区,1,1efbbce15f3a162a1b94c63e
6626,仁恒江湾城-三期和苑,118.718321,32.000608,江苏省南京市建邺区乐山路207号,江苏省,南京市,建邺区,1,1efbbce15f3a162a1b94c63e
6627,华新城璟园-1期,118.726636,32.005693,南京市建邺区楠溪江西街华新城璟园西南侧约40米,江苏省,南京市,建邺区,1,04734bc6aa64dc2b0c0a70e2
6628,同进文化广场,118.723109,32.005821,江苏省南京市建邺区河西大街198号7楼5单元,江苏省,南京市,建邺区,1,0a393fe4da54c2fc88fc0682
6629,华新城璟园,118.72749,32.006937,南京市建邺区巴山路33号,江苏省,南京市,建邺区,1,6773b527c4028176eb12e4ef
6630,同进大厦,118.72357,32.005676,南京市建邺区河西大街198号,江苏省,南京市,建邺区,1,a80351821fd39ac5fbf0cb33
6631,华新城·珺庭,118.729102,32.006008,南京市建邺区双闸街道奥体巴山路33号,江苏省,南京市,建邺区,1,568c4188e2154b459f09f749
6632,融侨·中央花园-玫瑰街区,118.725184,32.008473,南京市建邺区富春江西街29号,江苏省,南京市,建邺区,1,58f9151015135c7108ccdd6c
6633,仁恒江湾城二期兰苑-西门,118.719669,32.004903,南京市建邺区乐山路199号,江苏省,南京市,建邺区,1,087cb6866639ad64fa42b272
6634,仁恒江湾城兰苑,118.721012,32.004444,南京市建邺区乐山路199号,江苏省,南京市,建邺区,1,f24712b879ff03762ce67bb6
6635,广发银行南京分行总部大楼,118.730086,32.004824,江苏省南京市建邺区江东中路238号,江苏省,南京市,建邺区,1,7481fd59554c70ddd6b74e6a
6636,融侨·中央花园,118.729039,32.008763,江苏省南京市建邺区富春江西街18号,江苏省,南京市,建邺区,1,26dd421f1c19ad88d0ff2340
6637,碧瑶花园-东园,118.722392,32.009963,南京市建邺区乐山路189号,江苏省,南京市,建邺区,1,9dba57be727dcb8f21022001
6638,南京台湾名品城-北门,118.723451,32.007804,南京市建邺区河西大街230号,江苏省,南京市,建邺区,1,0963c82ccc71369a46e27419
6639,融侨·中央花园-枫树街区,118.72636,32.009772,南京市建邺区富春江西街28号,江苏省,南京市,建邺区,1,e7715bb13765bb4dd518b7d3
6640,融侨社区,118.729021,32.01,江苏省南京市建邺区兴隆街道富春江西街18号,江苏省,南京市,建邺区,1,181b0fa4b5ed3072f4e73b2e
6641,南京国金中心,118.728298,31.999672,江东中路345号,江苏省,南京市,建邺区,1,3850e1d50126d16a9e82eaab
6642,嘉业·国际城,118.734841,32.004683,江苏省南京市建邺区庐山路158号,江苏省,南京市,建邺区,1,799902401e51dfacca291588
6643,胜科大楼,118.734099,32.003783,南京市建邺区庐山路新地中心-二期,江苏省,南京市,建邺区,1,c0c304548b3d3fe7b917e770
6644,印象护肤造型,118.736986,32.007842,江苏省南京市建邺区奥体大街118号,江苏省,南京市,建邺区,1,3ec645cb18ce1778f723102f
6646,东方夏威夷,118.734118,32.007442,南京市建邺区江东中路313号齐家网建材馆4层,江苏省,南京市,建邺区,1,70f596f66d3692fef02d832f
6647,中泰国际广场,118.73382,32.006744,江苏省南京市建邺区江东中路313号,江苏省,南京市,建邺区,1,ef52350a55fc0637eb12e425
6650,紫金西城中心-西北门,118.736901,32.00737,南京市建邺区奥体大街118号,江苏省,南京市,建邺区,1,55aa2ecbf327956e8bfc0671
6651,嘉业国际城购物中心-西门,118.73423,32.005212,江苏省南京市建邺区富春江西街嘉业国际城购物中心,江苏省,南京市,建邺区,1,84e88dbc5a5885231d1d11cd
6652,中泰国际广场-西南门,118.73344,32.006527,南京市建邺区江东中路313号附近,江苏省,南京市,建邺区,1,1acf6e2ecc281b9195ca07f9
6653,中泰国际广场-05幢,118.733848,32.007235,南京市建邺区江东中路311号,江苏省,南京市,建邺区,1,c770dedee3c3ab8501294f1c
6655,紫金西城中心,118.736587,32.007514,南京市建邺区庐山路,江苏省,南京市,建邺区,1,2ad32cc365d81b8f9c95deb0
6656,融侨·中央花园,118.729039,32.008763,江苏省南京市建邺区富春江西街18号,江苏省,南京市,建邺区,1,26dd421f1c19ad88d0ff2340
6657,金奥国际购物中心-停车场,118.731382,32.004482,江苏省南京市建邺区江东中路333号号金奥中心,江苏省,南京市,建邺区,1,d9d71ed555292103d13ce3b1
6658,新地中心,118.733043,32.002592,江苏省南京市建邺区庐山路188号,江苏省,南京市,建邺区,1,0298e867ce4aac3f14948ecd
6659,紫金西城中心1幢-北门,118.737665,32.007759,南京市建邺区庐山路118号,江苏省,南京市,建邺区,1,c06b24b0e4fadf7ed12dd62f
6660,奥体名座,118.735098,32.008494,江苏省南京市建邺区奥体大街128号,江苏省,南京市,建邺区,1,3f2a69090bc7f64c17b54ba6
6661,宋都·奥体名座大厦-F座,118.73479,32.008176,江苏省南京市建邺区奥体大街130号,江苏省,南京市,建邺区,1,7b59305b73cb40f9c5effb06
6662,奥体中心东门,118.735778,32.011113,85路;109路;166路;D22路;有轨电车1号线,江苏省,南京市,建邺区,0,aa7f69d9b6ef91d63a04b1fe
6663,东渡新锐大厦,118.737539,32.008506,江苏省南京市建邺区庐山路128号,江苏省,南京市,建邺区,1,2e2c20cdde73f0528bb98821
6664,招银大厦,118.734378,32.000363,庐山路199号,江苏省,南京市,建邺区,1,33308ea56b6c60feb64f548c
6665,华泰证券广场,118.73204,32.007764,南京市建邺区江东中路228号,江苏省,南京市,建邺区,1,487b2fef3f3bc04b6268589c
6666,河西CBD绿轴公园-B2停车场,118.732801,32.00504,江苏省南京市建邺区金奥国际中心(富春江东街南),江苏省,南京市,建邺区,1,e10645c3e03d2874fbf0cb1c
6667,华泰奥体大街项目,118.731266,32.007826,"奥体大街与富春江西街之间,江东中路与巴山路之间",江苏省,南京市,建邺区,1,3de804acb45d61dbd618b70d
6668,华泰证券总部大楼,118.73204,32.007764,南京市建邺区江东中路228号,江苏省,南京市,建邺区,1,487b2fef3f3bc04b6268589c
6669,联强国际大厦,118.735947,32.009497,南京市建邺区江东中路289号,江苏省,南京市,建邺区,1,637df60aa0ddbe7241afe6b0
6670,银城西堤国际(第五区),118.739493,32.006819,南京市建邺区恒山路128号,江苏省,南京市,建邺区,1,6d9a5740512222a4246e98b8
6671,新锐国际公寓,118.737668,32.008697,江苏省南京市建邺区庐山路128号,江苏省,南京市,建邺区,1,da9f43ab00448db4bca822e0
6672,嘉业阳光城天景苑,118.739604,32.003062,江苏省南京市建邺区黄山路128号,江苏省,南京市,建邺区,1,fdf23fc0c166f3ff17948edc
6673,梧桐花园·南苑,118.735881,32.003074,南京市建邺区恒山路130号,江苏省,南京市,建邺区,1,b1332959a3db4bb14c3a59dd
6674,拉德芳斯梧桐花园-北苑,118.737526,32.004164,南京市建邺区恒山路130号,江苏省,南京市,建邺区,1,fcbc49219198d798d4851fdf
6675,中奥社区党群服务中心,118.739751,31.997945,南京市建邺区嵩山路138号紫金1912·玖爱谷F1,江苏省,南京市,建邺区,1,630afe68e2a2f9089cec2bf7
6676,嘉业阳光城-云景苑,118.7379,32.00088,南京市建邺区富春江东街81号,江苏省,南京市,建邺区,1,1799f41a71fbcccdb5f42f8b
6677,梵思·豪宅,118.734118,32.007443,南京市建邺区江东中路313号,江苏省,南京市,建邺区,1,2d6bf5f77f68f44a4e776e78
6678,嘉业国际壹号公馆,118.734887,32.004746,"南京市建邺区庐山路158号(河西地区,地铁1号线圆通站及地铁2号线奥体东站出站即达)",江苏省,南京市,建邺区,1,dad495ccccf4f53fb21e36af
6679,苏瑞·沁园村,118.740369,32.009028,南京市建邺区奥体庐山路121号,江苏省,南京市,建邺区,1,a8b6631c85d4727382a12e0b
6680,东渡新锐大厦-南裙楼,118.737758,32.007947,南京市建邺区庐山路128号,江苏省,南京市,建邺区,1,47f7ac8c04c989a8373a7139
6681,南京金奥费尔蒙公寓,118.732091,32.005211,南京市建邺区富春江东街与江东中路交叉路口往东南约50米,江苏省,南京市,建邺区,1,d82e24063ab5eade22f017dd
6682,中海·塞纳丽舍西苑,118.745665,32.006136,南京市建邺区嵩山路126号,江苏省,南京市,建邺区,1,4816d6d114e0a26c45572644
6683,中海·塞纳丽舍西苑-西区,118.745759,32.006322,南京市建邺区嵩山路126号,江苏省,南京市,建邺区,1,2ad4e2c67f65c485fa42b25f
6684,万达华府-西苑,118.743999,32.003825,江苏省南京市建邺区嵩山路128号,江苏省,南京市,建邺区,1,fa01e937a3d9d94a764ff1b1
6685,中海·塞纳丽舍(东区),118.747607,32.004772,南京市建邺区新安江路62号,江苏省,南京市,建邺区,1,ba69b1c0dd32430cc16c1420
6686,中海塞纳丽舍东苑,118.747607,32.004772,南京市建邺区新安江路62号,江苏省,南京市,建邺区,1,ba69b1c0dd32430cc16c1420
6687,万达华府-东苑,118.745885,32.002731,南京市建邺区嵩山路129号,江苏省,南京市,建邺区,1,d766c6f2051c712da5da39d5
6688,万科·光明城市西苑,118.747294,32.008371,江苏省南京市建邺区嵩山路122号,江苏省,南京市,建邺区,1,beabdbf476de6a987169d3b0
6689,万科·光明城市,118.749487,32.007202,江苏省南京市建邺区嵩山路121号,江苏省,南京市,建邺区,1,b62a6ef297decb97e31103f5
6690,银城西堤国际,118.740587,32.007856,南京市建邺区恒山路128号,江苏省,南京市,建邺区,1,3dcf54c428ad04d5c056ac59
6691,西提国际第一区,118.742774,32.010893,恒山路120号,江苏省,南京市,建邺区,1,2c2330a50863922de3110334
6692,兴元嘉园小区,118.743446,32.000268,江苏省南京市建邺区嵩山路135号,江苏省,南京市,建邺区,1,06b2fb4d8bc72aad6e20b96a
6693,银城西堤国际西堤坊,118.741253,32.008531,江苏省南京市建邺区新安江街80号,江苏省,南京市,建邺区,1,893317b88aa8bfb1f822134a
6694,江苏中烟工业有限责任公司南京卷烟厂办公楼,118.755468,32.008437,南京市建邺区梦都路28号,江苏省,南京市,建邺区,1,05e906210493689340afe6c6
6695,紫金(建邺科技创业特别社区),118.755455,32.003961,南京市建邺区云龙山路东200米,江苏省,南京市,建邺区,1,98751f0b838e44b63a13fd9a
6696,南区电子商务大楼,118.769238,32.002952,江苏省南京市雨花台区雨花南路51号南区,江苏省,南京市,雨花台区,1,218b582a769a955f9c09f7af
6697,龙福花园,118.764336,32.00439,江苏省南京市雨花台区雨花南路53号,江苏省,南京市,雨花台区,1,37d60a461a36831d1f1d11a6
6698,君悦城市花园,118.769259,32.003382,南京市雨花台区雨花南路51号,江苏省,南京市,雨花台区,1,46e86fdd67e5c76fd03ce388
6699,枫情国度尚园,118.767546,32.002168,江苏省南京市雨花台区雨花南路56号,江苏省,南京市,雨花台区,1,925c550f4ee1d1b25b3ac888
6700,格林美地,118.770102,32.001748,雨花南路安德门,江苏省,南京市,雨花台区,1,ea6fb9c3d140ab02754ff150
6701,V泊·赛虹创业大厦,118.761487,32.00602,江苏省南京市雨花台区凤台南路138号,江苏省,南京市,雨花台区,1,a0fa3fd82b8b21ffc61e5128
6702,凤台南路小区,118.762715,32.007476,江苏省南京市雨花台区凤台南路124号,江苏省,南京市,雨花台区,1,62bbda8b7353ccb6ca1b95e5
6703,安德门-60号,118.767316,32.000532,江苏省南京市雨花台区安德门60号,江苏省,南京市,雨花台区,1,4a6b7f51f37b217802897214
6704,安德门-60号,118.767316,32.000532,江苏省南京市雨花台区安德门60号,江苏省,南京市,雨花台区,1,4a6b7f51f37b217802897214
6705,安德门-58号,118.767084,32.000326,江苏省南京市雨花台区安德门58号,江苏省,南京市,雨花台区,1,cc4831417b24bf4ac42ba178
6706,安德门-54号,118.767451,32.000232,江苏省南京市雨花台区安德门54号,江苏省,南京市,雨花台区,1,500ac5627b377924c41b7583
6707,安德门-50号,118.767811,32.000426,江苏省南京市雨花台区安德门50号,江苏省,南京市,雨花台区,1,fe5cb9c1dfefdcbcbbdf8f18
6708,安德门-60号,118.767316,32.000532,江苏省南京市雨花台区安德门60号,江苏省,南京市,雨花台区,1,4a6b7f51f37b217802897214
6709,龙福山庄,118.766256,32.001931,南京市雨花台区雨花南路58号(公交车站),江苏省,南京市,雨花台区,1,fa835ce2d4651bb6e912e488
6710,凤台南路124号院,118.762135,32.007109,南京市雨花台区凤台南路124号,江苏省,南京市,雨花台区,1,03bbcc668cc9f4c3f82213a4
6711,能仁里,118.775524,32.005988,南京市雨花台区共青团路58号能仁里,江苏省,南京市,雨花台区,1,505cdfc515a614953f9a5eec
6712,雨花西路206号小区,118.775262,32.00694,南京市雨花台区雨花西路206号,江苏省,南京市,雨花台区,1,57ce792a5a436c97f7eafcaa
6713,先锋青年公寓,118.775558,32.003034,南京市雨花台区雨花西路123-1号,江苏省,南京市,雨花台区,1,22fda68b3b28ada1843304a5
6714,紫淮公寓,118.776315,32.006893,南京市雨花台区雨花西路111-2号,江苏省,南京市,雨花台区,1,8a047df658226f4d0ab93a39
6715,安德公寓,118.773193,32.004739,南京市雨花台区雨花西路212号,江苏省,南京市,雨花台区,1,47a0e8ff697e44f0b21e3640
6716,四季阳光花园,118.776659,32.003453,南京市雨花台区雨花西路121-1号,江苏省,南京市,雨花台区,1,f0d2895b40f2e359cae33c3d
6717,电信局宿舍(长虹路),118.775607,32.0072,南京市雨花台区赛虹桥街道长虹路449-1-2-503室,江苏省,南京市,雨花台区,1,b349c31416b865b4601c678b
6718,能仁里一村小区,118.777938,32.005437,江苏省南京市雨花台区雨花北路能仁里1村,江苏省,南京市,雨花台区,1,43b7e889aa5d6c6a59f6be88
6719,航天晨光股份有限公司单身公寓,118.778112,32.006527,南京市雨花台区雨花北路58号,江苏省,南京市,雨花台区,1,cec61a2bc72760b8e50738c4
6720,能仁新居,118.776833,32.00758,南京市雨花台区雨花街道雨花西路能仁里1号(地铁站),江苏省,南京市,雨花台区,1,c3775d8846bc47a6cb213dc9
6721,长虹路449号,118.774126,32.007754,南京市雨花台区长虹路449号,江苏省,南京市,雨花台区,1,af15fcd7cb410a4d77e5b619
6722,安德新寓,118.772087,32.005195,南京市雨花台区安德里20号,江苏省,南京市,雨花台区,1,af1ae56b67fb51124307c188
6723,共青团路二村,118.779088,32.005415,雨花台区雨花北路能仁里,江苏省,南京市,雨花台区,1,73bd3368cadb4ebc223bf23e
6724,雨花新村-二村,118.779585,32.00477,南京市雨花台区共青团路66号,江苏省,南京市,雨花台区,1,c7fd3ac2daa952f2b220a8e2
6725,能仁里-二村,118.779338,32.006458,南京市雨花台区共青团路56号,江苏省,南京市,雨花台区,1,d2b7af03eae4919204fef5b5
6726,玻纤院住宅区,118.771372,32.004377,南京市雨花台区安德里30号,江苏省,南京市,雨花台区,1,5e53af1a7673185f4051c088
6727,飞龙大厦,118.77678,32.009171,南京市雨花台区钱家村2号,江苏省,南京市,雨花台区,1,f633606a92e3234f0a69d9ad
6728,雨虹雅苑,118.774219,32.009273,长虹路294-298号,江苏省,南京市,雨花台区,1,3dc9befda18b5e16bfa2408b
6729,钱家村住宅小区-16号小区,118.775106,32.009352,钱家村16号,江苏省,南京市,雨花台区,1,f6f6e06b8e6df93f902ca383
6730,绿岛华庭,118.772814,32.00886,南京市雨花台区长虹路441号,江苏省,南京市,雨花台区,1,37d60a46cd7234791e1d117f
6731,邓府山村,118.774683,31.997139,南京市雨花台区雨花南路26号,江苏省,南京市,雨花台区,1,d5f93c0e3edd835cecdfca88
6732,能仁里三村,118.780224,32.007577,江苏省南京市雨花台区共青团路40号,江苏省,南京市,雨花台区,1,7b9580531b06ded238e4a6f6
6733,广厦嘉苑,118.779269,32.008964,南京市雨花台区雨花西路75号,江苏省,南京市,雨花台区,1,80b8e3105a8ec1660a5cb3cf
6734,雨花西路120号院,118.777111,32.009837,南京市雨花台区雨花西路120号,江苏省,南京市,雨花台区,1,e83881355ae0cd8dcd04ef3b
6735,明门公寓,118.77065,32.002156,江苏省南京市雨花台区雨花西路258号,江苏省,南京市,雨花台区,1,eb9aa464acc373172fe67bdd
6736,雨花新村-五村,118.778572,32.000841,南京市雨花台区雨花街道雨花南路雨花新村五村,江苏省,南京市,雨花台区,1,f2c69d42e2b4bcc98bfc068f
6737,明门大厦,118.77048,32.001987,江苏省南京市雨花台区雨花西路258号,江苏省,南京市,雨花台区,1,f88814e1a514e8eb2fb908d4
6738,钱家村住宅小区,118.775279,32.009416,雨花西路57号,江苏省,南京市,雨花台区,1,077d9d36d6f068759e95de5f
6739,普德花园-西区,118.7801,32.009629,南京市雨花台区普德村路与雨花西路交叉路口往南约180米,江苏省,南京市,雨花台区,1,95f3a1f91296a3087069d357
6740,亚东观云国际,118.770536,32.009687,南京市雨花台区窑岗村30号,江苏省,南京市,雨花台区,1,61eb5596d9fde8a56fc02cda
6741,幸福村,118.780261,32.000432,南京市雨花台区雨花南路163号附近,江苏省,南京市,雨花台区,1,53d14971516dab671676435d
6742,悦强商务中心,118.773068,32.003949,南京市雨花台区雨花西路222号,江苏省,南京市,雨花台区,1,d3989ade37687080ede4a550
6743,苏缆大厦,118.774496,32.006034,江苏省南京市雨花台区赛虹桥街道雨花西路210号03幢苏缆大厦,江苏省,南京市,雨花台区,1,c99922c51b84b4bdbca822c7
6744,淳天大厦,118.777004,32.007479,南京市雨花台区能仁里1号,江苏省,南京市,雨花台区,1,9c509eebf58c473295ec84f9
6745,安德里28号,118.769607,32.006292,南京市雨花台区安德里28号,江苏省,南京市,雨花台区,1,b9c4f765b5f10132ca291599
6746,窑岗村,118.77223,32.007857,南京市雨花台区,江苏省,南京市,雨花台区,1,c879fa0187b42349c909f01f
6748,清源楼,118.781434,32.005842,南京市雨花台区共青团路66号,江苏省,南京市,雨花台区,1,9f97b1c533cb237bb74f54b8
6750,共青团路一村,118.780834,32.003746,南京市雨花台区共青团路80号,江苏省,南京市,雨花台区,1,3004dbf19587f9ce14b54baa
6751,雨麓苑,118.784116,32.009339,南京市雨花台区雨花西路3号,江苏省,南京市,雨花台区,1,ea4a3dc9aae45f2e4f55478b
6752,北园,118.781928,32.0024,南京市雨花台区共青团路28号,江苏省,南京市,雨花台区,1,f1a8b0864b0ff86b4154d75c
6754,职工住宅,118.782477,32.001398,南京市雨花台区雨花路215号雨花台风景区,江苏省,南京市,雨花台区,1,0e8751ee617e4b76da2f2819
6755,普德村小区,118.782321,32.007719,普德村132号,江苏省,南京市,雨花台区,1,c7db67107ed9d9e76c3e1ba6
6756,长发·诸公,118.78406,32.000719,南京市雨花台区雨花南路5号,江苏省,南京市,雨花台区,1,cd7a1fd4ef0a64b12806cee8
6757,共青团路51号大院,118.782436,32.001169,南京市雨花台区共青团路51号,江苏省,南京市,雨花台区,1,a90a7fd6f89c21988c1a893c
6758,普德村132号院(东门),118.783306,32.008688,南京市雨花台区共青团路41号附近,江苏省,南京市,雨花台区,1,e982a2826c8ee93f88b9884e
6759,雨花新村,118.781491,32.004289,江苏省南京市雨花台区共青团路55号,江苏省,南京市,雨花台区,1,fdb160958c93d527157643b3
6760,雨花台风景区管理局办公楼,118.78714,32.010147,南京市雨花台区雨花路215号雨花台风景区,江苏省,南京市,雨花台区,1,b64a88a08d761238d3ff23a7
6761,南山别墅,118.781258,32.00152,南京市雨花台区共青团路28号,江苏省,南京市,雨花台区,1,a50946b46e7e5bcd00ec01f1
6762,普德村流动人口公寓,118.7816,32.009521,南京市雨花台区普德村148号,江苏省,南京市,雨花台区,1,3d078d53e27182bb770269de
6763,共青团路四村,118.780741,32.000227,江苏省南京市雨花台区共青团路53号附近,江苏省,南京市,雨花台区,1,77bd8d762785ccd58bfc06c7
6764,雨花新村-四村,118.780329,32.000471,江苏省南京市雨花台区雨花新村四村(雨花南路北60米),江苏省,南京市,雨花台区,1,8af391aa420c7cb815c90570
6765,普德18商务中心,118.78322,32.009154,南京市雨花台区共青团路18号,江苏省,南京市,雨花台区,1,0a4c963c27b28969dc1e524f
6766,普天公寓,118.796822,32.005408,南京市秦淮区普天路1号,江苏省,南京市,秦淮区,1,a22d97925fe787304d776e6c
6767,养回红村五号小区(雨花东路),118.793271,32.005085,江苏省南京市秦淮区雨花东路5号,江苏省,南京市,秦淮区,1,c5ddcc083147cabad81318f5
6768,养虎仓-36号,118.79691,32.006962,江苏省南京市秦淮区养虎仓36号,江苏省,南京市,秦淮区,1,508a7904a96edc19f50e773b
6769,养虎仓-34号,118.796846,32.006737,江苏省南京市秦淮区养虎仓34号,江苏省,南京市,秦淮区,1,4ef154855c634f882806ceed
6770,养虎仓-36号,118.79691,32.006962,江苏省南京市秦淮区养虎仓36号,江苏省,南京市,秦淮区,1,508a7904a96edc19f50e773b
6771,养虎仓-31号,118.796982,32.007091,江苏省南京市秦淮区养虎仓31号,江苏省,南京市,秦淮区,1,73583dc9caf839872eb96d5e
6772,爱涛·逸珍公馆,118.79434,32.003173,江苏省南京市雨花台区雨花东路55号,江苏省,南京市,雨花台区,1,18165334e9953a79fb2d6165
6773,养虎仓-27号,118.797452,32.006943,江苏省南京市秦淮区养虎仓27号,江苏省,南京市,秦淮区,1,5aa357463bc1bb1f276e98a4
6774,养虎仓-19号,118.796636,32.007439,江苏省南京市秦淮区养虎仓19号,江苏省,南京市,秦淮区,1,a403be5408b1c953a8f0cdc9
6775,雨东机电花园,118.79502,32.0024,南京市雨花台区雨花东路57号,江苏省,南京市,雨花台区,1,d3a4e473f5616aa99e95de11
6776,养虎仓-6号,118.797781,32.007091,江苏省南京市秦淮区养虎仓6号,江苏省,南京市,秦淮区,1,a29d36acdfbd97b541d63e6f
6777,雨花东路小区,118.773884,32.009095,江苏省南京市雨花台区长虹路294-296号,江苏省,南京市,雨花台区,1,7e43d8c3a71d0f2cb45f1ee0
6778,养虎仓-16号,118.797275,32.007675,江苏省南京市秦淮区养虎仓16号,江苏省,南京市,秦淮区,1,2b03427d3ad5bd239c09f75d
6779,花雨南庭,118.797048,32.002983,南京市雨花台区雨花东路养回红村139号,江苏省,南京市,雨花台区,1,63de236818473e36abf7291a
6780,开源小区,118.799121,32.005544,南京市秦淮区晨光路35号,江苏省,南京市,秦淮区,1,083a55fac73d3b79256e98ae
6781,雨花小区,118.780771,32.002377,南京市雨花台区共青团路66号,江苏省,南京市,雨花台区,1,3218e5ff88c31c378c1a8959
6782,金墙花苑,118.799482,32.006805,南京市秦淮区土城头76号,江苏省,南京市,秦淮区,1,96b672aada7cde08ce04ef6c
6783,雨花村,118.798612,32.00846,江苏省南京市秦淮区晨光路31号,江苏省,南京市,秦淮区,1,e3a7fd13eccaf35229b97ca8
6784,土城头住宅,118.798674,32.009822,江苏省南京市秦淮区长乐路城头,江苏省,南京市,秦淮区,1,9988fb099b7de1e40a5cb315
6785,金运蜂鸟科创中心,118.799601,32.009561,南京市秦淮区晨光路98号土城头61号,江苏省,南京市,秦淮区,1,b2be6c528bac44b82dfaa7c1
6786,洪家园小区,118.804839,32.005248,南京市秦淮区永乐路龙翔雅苑北侧约70米,江苏省,南京市,秦淮区,1,b2f97dabbfcc127894ec84cf
6787,海鲸公寓,118.804872,32.00424,南京市秦淮区永乐路107号,江苏省,南京市,秦淮区,1,4cf8d24eaf8150e59cf77975
6788,春光里小区,118.806939,32.004693,南京市秦淮区永乐路,江苏省,南京市,秦淮区,1,c61bd3052a29d468c37da2ae
6789,双桥新村-205宿舍,118.808027,32.006014,南京市秦淮区大明西路双桥新村,江苏省,南京市,秦淮区,1,3e3ee2c9324c30322802e140
6790,龙翔鸣翠苑,118.804666,32.002446,南京市秦淮区永乐路8号,江苏省,南京市,秦淮区,1,39d43f8280e5e586a9059dae
6791,双桥新村,118.806791,32.009626,江苏省南京市秦淮区宏光路1号,江苏省,南京市,秦淮区,1,61788e07e19e423e8605bfe9
6792,居易时代,118.800977,32.006129,南京市秦淮区晨光路110号,江苏省,南京市,秦淮区,1,00f1c7fbfb8a191fc156aca9
6793,春天家园迎春苑-05幢,118.807607,31.996282,江苏省南京市秦淮区东瓜匙路14号,江苏省,南京市,秦淮区,1,14de0823aa276116631c6701
6794,春天家园10号楼,118.806603,31.997283,南京市秦淮区东瓜匙1号,江苏省,南京市,秦淮区,1,13af893574c43f9bb34c498c
6795,阳光里小区,118.8096,32.004018,南京市秦淮区永乐北路43号,江苏省,南京市,秦淮区,1,05dd7d5ffa33f17cac080fa6
6796,路子铺小区,118.801554,32.008214,南京市秦淮区双桥门,江苏省,南京市,秦淮区,1,befdb292a192aee1861541a8
6797,南城·美境,118.80038,32.007833,南京市秦淮区晨光路108号,江苏省,南京市,秦淮区,1,e3082848e5ee39bfb24c49a8
6798,晨光新苑,118.80996,32.009217,南京市秦淮区宏光路77号,江苏省,南京市,秦淮区,1,126a98a5f3459d93364aae77
6799,金陵王榭,118.800857,32.009409,南京市秦淮区路子铺19号,江苏省,南京市,秦淮区,1,05436ee0c4b64c7d28d7abd9
6800,杜克商务,118.803176,32.00145,南京市秦淮区明匙路108号,江苏省,南京市,秦淮区,1,e37e41a19e75a04b6c47607a
6801,绿国万象都荟,118.803331,32.004471,江苏省南京市秦淮区永乐路111号,江苏省,南京市,秦淮区,1,bcd605a2123b062672455b8b
6802,华悦广场,118.802042,32.006664,南京市秦淮区龙蟠南路居易时代东北侧约80米,江苏省,南京市,秦淮区,1,0245c1863f6ef76546e274fa
6803,绿国万象都荟,118.803331,32.004471,江苏省南京市秦淮区永乐路111号,江苏省,南京市,秦淮区,1,bcd605a2123b062672455b8b
6804,开源小区,118.799121,32.005544,南京市秦淮区晨光路35号,江苏省,南京市,秦淮区,1,083a55fac73d3b79256e98ae
6805,阳光里小区,118.8096,32.004018,南京市秦淮区永乐北路43号,江苏省,南京市,秦淮区,1,05dd7d5ffa33f17cac080fa6
6806,小教场-12号,118.815482,32.005133,江苏省南京市秦淮区小教场12号,江苏省,南京市,秦淮区,1,020dbb79562eb15e9d09f7eb
6807,小教场-17号,118.815956,32.005039,江苏省南京市秦淮区小教场17号,江苏省,南京市,秦淮区,1,cff1117783cce562d618b70c
6808,南京市中医院-科研综合楼,118.814582,32.002202,大明路157号南京市中医院科研综合楼,江苏省,南京市,秦淮区,1,d241d97d9c77bad19ff7794e
6809,九龙新寓,118.81471,32.004659,南京市秦淮区大明路147号,江苏省,南京市,秦淮区,1,55fa2c0b3cf3342d1de999ae
6810,九龙商务,118.81607,32.006931,江苏省南京市秦淮区大明路129号,江苏省,南京市,秦淮区,1,b9e5d0b890e995bd81a12ece
6811,城南枫景,118.813582,32.005207,南京市秦淮区大明西路238号,江苏省,南京市,秦淮区,1,2c0bd6c530a70caa42ab9aae
6812,九龙雅苑,118.814139,32.006712,南京市秦淮区大明路210号,江苏省,南京市,秦淮区,1,04bdf4a3c09eea4f344aaea9
6813,天华园,118.817349,32.006784,南京市秦淮区大明路127号,江苏省,南京市,秦淮区,1,18165334acdb7f04fa2d61a8
6814,风光里小区,118.811693,32.003524,南京市秦淮区大明路238号,江苏省,南京市,秦淮区,1,fa7da3e8affdea1e42d63eff
6815,明都雅苑小区,118.817727,32.004053,南京市秦淮区大明路168号,江苏省,南京市,秦淮区,1,d305db1fc9e2d23e922ca3ae
6816,曙光里,118.814558,32.008086,南京市秦淮区大明路208号,江苏省,南京市,秦淮区,1,3810c87929c737f79c09f7da
6817,风光里小区,118.811693,32.003524,南京市秦淮区大明路238号,江苏省,南京市,秦淮区,1,fa7da3e8affdea1e42d63eff
6818,富华新寓,118.819214,32.007355,南京市秦淮区富华路99号,江苏省,南京市,秦淮区,1,d6c5d991092153e831169ba9
6820,秦淮教师公寓,118.814833,32.009474,南京市秦淮区后江沿18号,江苏省,南京市,秦淮区,1,49d9593872c38943c71e51a8
6821,育仁雅居,118.810953,32.007298,南京市秦淮区育仁路121号,江苏省,南京市,秦淮区,1,e3a7fd1310c9972f29b97ca0
6822,霞光里小区,118.810352,32.006219,南京市秦淮区霞光里79号,江苏省,南京市,秦淮区,1,99e280b6e458a61a2bd7ab1b
6823,晨光新苑-东门,118.810931,32.008353,南京市秦淮区中牌楼95号,江苏省,南京市,秦淮区,1,57bc09054c694f500f0a70de
6824,中牌楼东95号小区,118.811151,32.009178,南京市秦淮区育仁路155号,江苏省,南京市,秦淮区,1,f0bdc66fd1dcb2df29fc4804
6825,风光里小区,118.811693,32.003524,南京市秦淮区大明路238号,江苏省,南京市,秦淮区,1,fa7da3e8affdea1e42d63eff
6826,美龄楼,118.826805,32.009607,江苏省南京市秦淮区大校场路1号-9号,江苏省,南京市,秦淮区,1,5dd9469564b1e08b0f0a7065
6827,常家圩-8号,118.835255,32.010037,江苏省南京市秦淮区常家圩8号,江苏省,南京市,秦淮区,1,895cf60330f7d203725e8083
6828,康安里住宅区-10号楼,118.816418,32.016489,江苏省南京市秦淮区秦虹南路康安里,江苏省,南京市,秦淮区,1,3cee0f000c728b6d077ce8f4
6829,金家圩-11号,118.836995,32.000309,江苏省南京市秦淮区金家圩11号,江苏省,南京市,秦淮区,1,6f19c82e484f23ed4d554733
6830,常家圩-20号,118.837642,32.009756,江苏省南京市秦淮区常家圩20号,江苏省,南京市,秦淮区,1,4045b52bfb081603b6147f0a
6831,常家圩-8号,118.835255,32.010037,江苏省南京市秦淮区常家圩8号,江苏省,南京市,秦淮区,1,895cf60330f7d203725e8083
6832,金家圩-16号,118.837257,32.00025,江苏省南京市秦淮区金家圩16号,江苏省,南京市,秦淮区,1,269fc0297b682d59bca24044
6833,金家圩-7号,118.836661,32.0004,江苏省南京市秦淮区金家圩7号,江苏省,南京市,秦淮区,1,67d749f6eba734e9ae31e52c
6834,常家圩-8号,118.835255,32.010037,江苏省南京市秦淮区常家圩8号,江苏省,南京市,秦淮区,1,895cf60330f7d203725e8083
6835,金家圩-11号,118.836995,32.000309,江苏省南京市秦淮区金家圩11号,江苏省,南京市,秦淮区,1,6f19c82e484f23ed4d554733
6836,金家圩-13号,118.836812,32.000608,江苏省南京市秦淮区金家圩13号,江苏省,南京市,秦淮区,1,7b5d3ccea1179732a20464b6
6837,银龙景苑,118.849797,32.008764,南京市秦淮区西桐路10号,江苏省,南京市,秦淮区,1,e0a57970fe93cf92b817e731
6838,高桥地块经济适用房,118.849987,32.009518,南京市秦淮区梅家廊银龙景苑,江苏省,南京市,秦淮区,1,6f2eedf9ae2ed4bf770269d6
6839,银龙花园-三期,118.866767,32.00978,江苏省南京市秦淮区石杨路101号,江苏省,南京市,秦淮区,1,8ea90af8557598a29e82eac6
6840,银龙翠苑小区东院,118.85584,32.003072,南京市秦淮区高桥村高桥门200号,江苏省,南京市,秦淮区,1,3743db12131fec39a10464c8
6841,桥西里-10号,118.859635,32.001464,江苏省南京市秦淮区桥西里10号,江苏省,南京市,秦淮区,1,4c84098d0e6c43034f3a592c
6842,桥西里-27号,118.858868,32.00066,江苏省南京市秦淮区桥西里27号,江苏省,南京市,秦淮区,1,9933768be3c21fb5774ff13b
6843,银龙翠苑小区西院,118.854767,32.004347,南京市秦淮区高桥村高桥门200号,江苏省,南京市,秦淮区,1,7cea27d77ac973142e473390
6844,银龙花园四期,118.855163,32.004733,南京市秦淮区绕城路高桥门高桥村200号,江苏省,南京市,秦淮区,1,bd6f5cbfb362d18617c8f645
6845,新桥24号,118.869592,32.0066,江苏省南京市江宁区新桥24号,江苏省,南京市,江宁区,1,0599e3787dcf03e417948e9b
6846,十字河-300号,118.865968,32.004057,江苏省南京市江宁区十字河300号,江苏省,南京市,江宁区,1,03cb6388290b37cf38e4a6fd
6847,后庄14号,118.868313,32.001828,江苏省南京市江宁区后庄14号,江苏省,南京市,江宁区,1,816c85f9591ff1ec03ff2d55
6848,新桥22号,118.869546,32.006852,江苏省南京市江宁区新桥22号,江苏省,南京市,江宁区,1,994e50a46ad6b414b42655b4
6849,新桥16号,118.869788,32.006868,江苏省南京市江宁区新桥16号,江苏省,南京市,江宁区,1,55d053817348f6c3f5c59ca2
6850,高桥门-280号,118.863944,32.00288,江苏省南京市江宁区高桥门280号,江苏省,南京市,江宁区,1,d2ade95e26ef7163f82d6152
6851,后庄7号,118.867656,32.001041,江苏省南京市江宁区后庄7号,江苏省,南京市,江宁区,1,e4282050006381a2fda778d3
6852,小水关18号,118.866806,32.007652,南京市秦淮区双麒路南京公用水务有限公司,江苏省,南京市,秦淮区,1,a892612f73f2a50cffa7780d
6853,小水关18号,118.866806,32.007652,南京市秦淮区双麒路南京公用水务有限公司,江苏省,南京市,秦淮区,1,a892612f73f2a50cffa7780d
6854,小水关16号,118.867181,32.006969,南京市秦淮区双麒路银龙花园-三期南侧约190米,江苏省,南京市,秦淮区,1,2eb717a2dd51953ee81e97ed
6855,小水关18号,118.866806,32.007652,南京市秦淮区双麒路南京公用水务有限公司,江苏省,南京市,秦淮区,1,a892612f73f2a50cffa7780d
6856,小水关12号,118.866884,32.006669,南京市秦淮区双麒路银龙花园-三期南侧约230米,江苏省,南京市,秦淮区,1,40e51239c2deac72e9f853e5
6857,南京万汇新城,118.883274,32.00085,南京市江宁区润发路大里聚福城-华庭北园东南侧约30米,江苏省,南京市,江宁区,1,e111cad465d7f5ee58f6be92
6858,银龙鑫苑,118.872862,32.011268,江苏省南京市秦淮区石杨路111号,江苏省,南京市,秦淮区,1,c7788b4efa6e261459bbbc1c
6859,觅秀西园,118.879181,32.005667,江苏省南京市江宁区觅秀西园(万福路北50米),江苏省,南京市,江宁区,1,4f69f843718f9b011ce999eb
6860,银龙鑫苑-南苑,118.872022,32.008771,南京市秦淮区石杨路111号,江苏省,南京市,秦淮区,1,cae175015025e7daf8dc8585
6861,大里聚福城华庭南园,118.879424,32.000065,南京市江宁区永胜路199号,江苏省,南京市,江宁区,1,0a979630d3c81f6ebb17e79d
6862,银龙鑫苑北苑-南门,118.874152,32.009757,南京市秦淮区石杨路107号,江苏省,南京市,秦淮区,1,c1165ae1a02fe651f4b91673
6863,银龙花园五期,118.870767,32.00944,江苏省南京市秦淮区石扬路111号银龙鑫苑,江苏省,南京市,秦淮区,1,0c016f2338d3ee12774ff142
6864,觅秀东园,118.882815,32.004557,江苏省南京市江宁区万福路18-11号,江苏省,南京市,江宁区,1,5d529207856e5a7a31f71de8
6865,大里聚福城-怡景园,118.889152,32.00432,润发路3号,江苏省,南京市,江宁区,1,2daa811288f047881894c683
6866,大里聚福城-康居园,118.886751,32.001848,江苏省南京市江宁区万福路66号,江苏省,南京市,江宁区,1,5f855ab857bbab85c72ba1c7
6867,大里聚福城,118.880936,32.00216,南京市江宁区万福路与润发路交叉口,江苏省,南京市,江宁区,1,6a92b9c271738a299c09f793
6868,南京万辉上坊保障房,118.884852,32.001984,南京市江宁区孙家头巷与怡景街交叉路口往西北约80米,江苏省,南京市,江宁区,1,b87c535197c0393f7069d39b
6869,中粮鸿云,118.889423,31.998067,丰泽路118号,江苏省,南京市,江宁区,1,90c749f1b9af684314948e84
6870,觅秀东园,118.882815,32.004557,江苏省南京市江宁区万福路18-11号,江苏省,南京市,江宁区,1,5d529207856e5a7a31f71de8
6871,大里聚福城-华庭北园,118.881472,32.0021,南京市江宁区永胜路198号,江苏省,南京市,江宁区,1,bed6f33d98ffb568bda24052
6872,沟西57号,118.910332,32.009026,江苏省南京市江宁区沟西57号,江苏省,南京市,江宁区,1,87836925d9a7869dadee7a6c
6873,沟西73号,118.910347,32.008388,江苏省南京市江宁区沟西73号,江苏省,南京市,江宁区,1,ac68cc06d2b763c3932ca376
6874,沟西85号,118.909796,32.007552,南京市江宁区G25长深高速附近,江苏省,南京市,江宁区,1,36964c895ff87736873304f4
6875,沟西65号,118.910748,32.008432,南京市江宁区G25长深高速附近,江苏省,南京市,江宁区,1,68865c53d8feb332f6c59c22
6876,沟西13号,118.910793,32.009688,南京市江宁区G25长深高速附近,江苏省,南京市,江宁区,1,2945289f3c92fc4e276e9855
6877,科技创新总部大厦,118.607914,31.99972,江浦街道浦滨路320号,江苏省,南京市,浦口区,1,958c5ac8a64a25079de321ff
6878,南京青奥村,118.711051,31.994274,江苏省南京市建邺区青奥南路9号,江苏省,南京市,建邺区,1,23dcfbeecba3967e4bcc4a67
6879,青奥城迎宾楼,118.714892,31.99802,南京市建邺区虎距关21号,江苏省,南京市,建邺区,1,52e7e833d992407ce8e5827d
6880,盛捷青奥国际社区,118.712582,31.994607,江苏省南京市建邺区青奥北路9号,江苏省,南京市,建邺区,1,564a9e479d8e1413f02d8366
6881,青奥中心,118.716194,31.997689,南京市建邺区金沙江西街9号,江苏省,南京市,建邺区,1,971b5a7c04058353c1f1cf3f
6882,中建三局生活区,118.718047,31.996778,江苏省南京市建邺区金沙江西街16号,江苏省,南京市,建邺区,1,569dc300a8c379179b68b426
6883,邺城路·青奥村东,118.711567,31.991865,7路;102路;169路;D22路;Y7路夜间,江苏省,南京市,建邺区,0,cc3654eaed39bfead7b74e22
6884,双闸社区中心(宜悦街),118.713229,31.992651,江苏省南京市建邺区邺城路19号,江苏省,南京市,建邺区,1,76c3507850c3ae71d2f49e2c
6885,南京青奥中心-双塔楼,118.715668,31.997614,南京市建邺区金沙江西街,江苏省,南京市,建邺区,1,3b19475a594ababa735e80c0
6886,南京青奥村-东门,118.712983,31.994287,南京市建邺区宜悦街与邺城路交叉口西北150米,江苏省,南京市,建邺区,1,d2e18cb3da9471e1c61e510f
6887,中国联通江苏分公司通信综合楼,118.726626,31.995507,江苏省南京市建邺区庐山路230号,江苏省,南京市,建邺区,1,ada26d2eae31d30d0c0e6b7b
6888,南京金融城,118.724791,31.994489,江苏省南京市建邺区江东中路371号,江苏省,南京市,建邺区,1,852b43b9b5bf970fabf729fa
6889,河西中央商务区-2期,118.727304,31.995294,南京市建邺区庐山路中国联通江苏分公司,江苏省,南京市,建邺区,1,92fd0fb0a699e11041d63e70
6890,新华报业传媒广场,118.725301,31.996712,南京市建邺区河西中央商务区江东中路369号,江苏省,南京市,建邺区,1,d5000d91b50dc067f33cba43
6891,新华报业传媒集团大厦,118.725304,31.996521,南京市建邺区河西中央商务区江东中路369号,江苏省,南京市,建邺区,1,e609a2e88d0088a0d12dd618
6892,南京证券总部大厦,118.723627,31.994306,江苏省南京市建邺区江东中路389号,江苏省,南京市,建邺区,1,4d4812fcb2315da300ff2dc8
6893,南京移动通信综合楼,118.727841,31.996127,南京市建邺区中央商务区庐山路226号,江苏省,南京市,建邺区,1,6a1aac3044f77c9409b93a7b
6894,南京报业传媒大厦,118.722853,31.993843,南京市建邺区江东中路385号,江苏省,南京市,建邺区,1,8f1e42ac7990f0259b68b4ec
6895,国睿大厦,118.726738,31.998093,南京市建邺区江东中路359号,江苏省,南京市,建邺区,1,3292ddd6694883789e82eab2
6896,交银大厦,118.728307,31.997156,江苏省南京市建邺区庐山路218号,江苏省,南京市,建邺区,1,f605b03901badb92f7e73b61
6897,朗诗·国际街区中园(东北门),118.730108,31.996406,南京市建邺区白龙江东街87号,江苏省,南京市,建邺区,1,ff1c94f854d3b2fbfd0eb0c7
6898,江苏省农村信用社联合社综合楼,118.721753,31.99249,南京市建邺区河西中央商务区江东中路395号,江苏省,南京市,建邺区,1,7fa29058049b2ed517c8f656
6899,双和综合大楼,118.72531,31.990223,南京市建邺区雨润大街99号,江苏省,南京市,建邺区,1,346398268634d306c52ba1a2
6900,奥美大厦,118.723146,31.991321,南京市建邺区庐山路268号,江苏省,南京市,建邺区,1,5cb1e1dea04785f7c1f1cf5c
6901,朗诗·国际街区(中园),118.729487,31.994905,南京市建邺区白龙江东街87号,江苏省,南京市,建邺区,1,918c566134b3efd6095cb3ed
6902,朗诗·国际街区-南园,118.72761,31.992869,江苏省南京市建邺区嘉陵江东街87号,江苏省,南京市,建邺区,1,74c933fb7bfa79209e82ea66
6903,清荷园-北园,118.723254,31.978879,南京市建邺区中和路69号,江苏省,南京市,建邺区,1,5dcf44c4e1c913b233169b78
6904,德基世贸壹号,118.729614,31.998636,南京市建邺区庐山路208号,江苏省,南京市,建邺区,1,ab02cf585e214127fa42b2d9
6905,朗诗·国际街区,118.731097,31.997035,南京市建邺区河西大街87号,江苏省,南京市,建邺区,1,abc8a61b75603f1b266e9843
6906,仁恒晶园(G53公寓),118.740135,31.999431,南京市建邺区嵩山路136号,江苏省,南京市,建邺区,1,d7f94e622e56d51588f15d62
6907,金润国际公寓,118.736832,31.998217,沙洲街道溪楠江东街81号,江苏省,南京市,建邺区,1,a93eb95ed2470f8529fc48d6
6908,宋都美域·锦园,118.731492,31.993718,江苏省南京市建邺区恒山路139号(河西大街与恒山路交汇处),江苏省,南京市,建邺区,1,e2ce13f8d4acdb9c223bf2d3
6909,金奥·缤润汇-地下停车库,118.736216,31.998884,江苏省南京市建邺区楠溪江东街83号缤润汇B2金奥·缤润汇B4,江苏省,南京市,建邺区,1,07c7d254a83b81da3517dc98
6910,宋都美域·沁园,118.73263,31.995658,江苏省南京市建邺区恒山路139号,江苏省,南京市,建邺区,1,dc0f0adcc7c7e45ff92213ba
6911,万得大厦,118.738099,31.990262,南京市建邺区泰山路199号,江苏省,南京市,建邺区,1,e33a4b00f65879ca86420e11
6912,仁恒社区中心,118.739712,31.998292,南京市建邺区朗诗嵩山路136号,江苏省,南京市,建邺区,1,962193fa72a1d5b094ec84c2
6913,朗诗·国际街区-北园,118.731365,31.996819,江苏省南京市建邺区河西大街87号,江苏省,南京市,建邺区,1,47a05834e8d3092c8d772705
6914,朗诗·国际街区中园(东北门),118.730108,31.996406,南京市建邺区白龙江东街87号,江苏省,南京市,建邺区,1,ff1c94f854d3b2fbfd0eb0c7
6915,河西1号街区,118.742689,31.994677,南京市建邺区河西大街66号,江苏省,南京市,建邺区,1,3daa6e15ffff21edd4851fea
6916,朗诗·国际街区-北园,118.731365,31.996819,江苏省南京市建邺区河西大街87号,江苏省,南京市,建邺区,1,47a05834e8d3092c8d772705
6917,建邺区邮电设计大厦,118.745534,31.995266,江苏省南京市建邺区楠溪江东街58号,江苏省,南京市,建邺区,1,0819388818fe7086471a3288
6918,建测大厦,118.746276,31.994702,南京市建邺区创意路88号,江苏省,南京市,建邺区,1,c4dff18bd6bed2ac22026284
6919,烽火科技大厦-东南门,118.744813,31.995664,江苏省南京市建邺区云龙山路88号,江苏省,南京市,建邺区,1,150b5ca53d01a6c93904b1e4
6920,天泽信息,118.745428,31.996439,南京市建邺区新城科技园云龙山路80号,江苏省,南京市,建邺区,1,cb8b1decc95efe3f81288ac2
6921,辐射环保生产综合楼,118.74679,31.997136,江苏南京市建邺区云龙山路75号,江苏省,南京市,建邺区,1,5b4d8d681cfedb21c356ac49
6922,南京通信综合楼,118.74729,31.996459,南京市建邺区富春江东街50号,江苏省,南京市,建邺区,1,5445297738befcf145e27469
6923,方中大厦,118.744652,31.996966,南京市建邺区富春江东街69号,江苏省,南京市,建邺区,1,2844b55ca58c33e282288a23
6924,旭建大厦,118.743211,31.996266,江苏省南京市建邺区楠溪江东街68号,江苏省,南京市,建邺区,1,10c4e017f5e26fb24354d7f9
6925,河西1号街区,118.742689,31.994677,南京市建邺区河西大街66号,江苏省,南京市,建邺区,1,3daa6e15ffff21edd4851fea
6926,徐矿明星国际商务中心,118.742689,31.994779,南京市建邺区河西大街66号,江苏省,南京市,建邺区,1,f5bf01b6fa6a86be5fbe867b
6927,江苏省辐射环境保护技术研发生产基地实验楼,118.74678,31.997135,江苏省南京市建邺区云龙山路75号,江苏省,南京市,建邺区,1,0f9ec89667e19e8d3be4a684
6928,徐矿明星国际商务中心-A座,118.742202,31.99424,江苏省南京市建邺区河西大街66号,江苏省,南京市,建邺区,1,23ce9029c6981633c7f50dce
6929,南京欣网视讯研发大楼,118.743975,31.997152,南京市建邺区富春江东街69号,江苏省,南京市,建邺区,1,e982588934b35d006c4760d9
6930,康苑新村,118.748938,31.993498,南京市建邺区小青路39号,江苏省,南京市,建邺区,1,7729031051a171004c3a5984
6931,金洲苑小区,118.747601,31.99206,南京市建邺区小青路42号,江苏省,南京市,建邺区,1,74c933fb43acb15e9f82eab1
6932,钟鼎雅居,118.74954,31.993491,富春江东街9号中冶华天集团对面,江苏省,南京市,建邺区,1,d4b399bae282b94b81a12e3c
6933,建邺区苏交科科研设计大楼,118.750221,31.994163,江苏省建邺区新城科技园南京市建邺区富春江东街8号,江苏省,南京市,建邺区,1,73fada7d9af01815a104640c
6934,万科金域缇香,118.74176,31.997846,南京市建邺区嵩山路139号,江苏省,南京市,建邺区,1,1bf85b25984b01a6a0a93496
6935,北纬国际中心-B栋,118.743204,31.990132,南京市建邺区新城科技园南区文广路与创智路交汇处创智路1号北纬国际中心B栋,江苏省,南京市,建邺区,1,9a8f735eed2338d8ede4a555
6936,瑞泰大厦,118.742272,31.990788,南京市建邺区沙洲街道河西大街明基医院向东200米创智路2号,江苏省,南京市,建邺区,1,26548b4649d6286974026945
6937,江苏省建大厦,118.741373,31.990884,南京市建邺区云龙山路99号,江苏省,南京市,建邺区,1,d97651d0ea5957d488fc06c8
6938,仁恒晶园,118.740569,32.000172,江苏省南京市建邺区嵩山路136号,江苏省,南京市,建邺区,1,3f1d25a4e019e4126318092e
6939,鑫信金融产业服务大厦,118.740777,31.98992,南京市建邺区文广路与云龙山路交叉路口往南约190米,江苏省,南京市,建邺区,1,cbbeb3a2dbb32f2d3fe2315f
6940,新城科技园-06幢,118.74628,31.99785,南京市建邺区奥体大街69号,江苏省,南京市,建邺区,1,17165900fb8b356d3ce2310d
6941,时光澔韵-一期,118.759922,31.992424,南京市雨花台区小行路29号,江苏省,南京市,雨花台区,1,a33de5d4276a32568f1a890a
6942,金浦名城世家花园-二期,118.756758,31.994629,江苏省南京市雨花台区小行路27号,江苏省,南京市,雨花台区,1,65be0ec45010c914f603b848
6943,柏悦澜庭,118.759967,31.99539,南京市雨花台区小行路52号,江苏省,南京市,雨花台区,1,8c1019f7a295e24a2fb96d53
6944,时光澔韵-华景园,118.758251,31.99029,江苏省南京市雨花台区小行路29号,江苏省,南京市,雨花台区,1,acaf54efce582308882fb5ed
6945,时光澔韵-华盛园,118.760365,31.992812,南京市雨花台区小行路29号,江苏省,南京市,雨花台区,1,7951a7534c5009618c55ecab
6946,华巨臣第3届南京茶博会,118.756312,31.993145,南京市雨花台区小行路37号,江苏省,南京市,雨花台区,1,816e80477cc181df75e5b620
6947,名城世家-二期,118.756758,31.994629,江苏省南京市雨花台区小行路27号,江苏省,南京市,雨花台区,1,65be0ec45010c914f603b848
6948,金浦名城世家花园-东区,118.756702,31.99546,江苏省南京市雨花台区凤台南路名城世家二期,江苏省,南京市,雨花台区,1,6de70af025c4f819f7e73b73
6949,金浦名城世家花园南区-南四门,118.753185,31.991924,南京市雨花台区小行路58号,江苏省,南京市,雨花台区,1,9ec3c927649e2a4716c90512
6950,火警宿舍,118.763701,31.995655,南京市雨花台区小行路25号康润园旁,江苏省,南京市,雨花台区,1,368b79e3b17dcdfd79b55cf8
6951,金蕊家苑,118.763384,31.994641,江苏省南京市雨花台区小行路27号,江苏省,南京市,雨花台区,1,c8e8f633cb725d6caa0dd888
6952,警察,118.750183,32.001701,南京市建邺区云龙山路苏美达国际大厦,江苏省,南京市,建邺区,1,01956ff0be54cc742fe67bb4
6953,德盈菁华园,118.760821,31.993956,菊花台公园与金蕊家园交汇处,江苏省,南京市,雨花台区,1,edc286dfd868f8d521026256
6954,安德门,118.76374,31.999008,南京市雨花台区安德门,江苏省,南京市,雨花台区,1,f8c69f1de7f98506c61e511f
6955,安德门22号租-1号,118.767834,31.999796,江苏省南京市雨花台区安德门22号租1号,江苏省,南京市,雨花台区,1,3655fd43e035bd269d09f799
6956,德盈YOUNG,118.760821,31.993956,菊花台公园与金蕊家园交汇处,江苏省,南京市,雨花台区,1,edc286dfd868f8d521026256
6957,益居园小区,118.766867,31.998278,南京市雨花台区小行路10号,江苏省,南京市,雨花台区,1,ea1ad8965009a551eb56fa18
6958,康润园小区,118.761348,31.996375,江苏省南京市雨花台区小行路30号,江苏省,南京市,雨花台区,1,251374c9583dc626a11de936
6959,猫的天空之城青年公寓(安德门地铁站店),118.761068,31.996255,"南京市雨花台区小行路27号康润园(地铁站1、10号线,安德门地铁站出300米)",江苏省,南京市,雨花台区,1,528982300ffda6212811d12b
6960,时光澔韵-一期,118.759922,31.992424,南京市雨花台区小行路29号,江苏省,南京市,雨花台区,1,a33de5d4276a32568f1a890a
6961,德安花园,118.767417,31.999433,南京市雨花台区小行路2号,江苏省,南京市,雨花台区,1,3c0ea7c5f6f8fd9cfaf0cb88
6962,时光澔韵华盛园-南门,118.760776,31.991904,南京市雨花台区小行路29-12号楼附近,江苏省,南京市,雨花台区,1,73f793838885b7c090114cca
6963,安德门10号租-3号,118.768277,31.999599,江苏省南京市雨花台区安德门10号租3号,江苏省,南京市,雨花台区,1,5c1a37221689c0e1adb22aed
6964,创E梦工场,118.767496,31.998358,南京市雨花台区小行路6号,江苏省,南京市,雨花台区,1,7f52136bec26dbd752e5c5f6
6965,瑞尔大厦,118.768471,31.999761,南京市雨花台区安德门北街与小行路交叉路口往北约80米,江苏省,南京市,雨花台区,1,653a682a4e740e1b10293518
6966,邓府上农贸市场综合楼,118.775044,31.9999,江苏省南京市雨花台区雨花南路36号,江苏省,南京市,雨花台区,1,d562238fb00dc558e6073813
6967,邓府山村,118.774683,31.997139,南京市雨花台区雨花南路26号,江苏省,南京市,雨花台区,1,d5f93c0e3edd835cecdfca88
6968,望江矶二号小区,118.779929,31.998619,苏省南京市雨花台区雨花南路22号,江苏省,南京市,雨花台区,1,af273838f469ba0dc256ac40
6969,邓府苑,118.774909,31.999999,南京市雨花台区雨花南路36号,江苏省,南京市,雨花台区,1,aeb971402c1f26d0a0acc467
6970,雨花南路小区,118.779312,31.999556,江苏省南京市雨花台区雨花南路22号,江苏省,南京市,雨花台区,1,fe9da23673995e25c61e51cd
6971,vdo公司,118.782235,31.980397,江苏南京市雨花台区花神大道19号,江苏省,南京市,雨花台区,1,86c55974d008fb0988f15d72
6972,花神庙-189号,118.773771,31.99199,江苏省南京市雨花台区花神庙189号,江苏省,南京市,雨花台区,1,9832d3f3eaa1b26b6b49f3d6
6973,阅城国际花园,118.783451,31.990837,江苏省南京市雨花台区花神大道9号,江苏省,南京市,雨花台区,1,c7eca12b6058fd37e015f988
6974,花好月苑,118.782408,32.00005,南京市雨花台区雨花南路9号,江苏省,南京市,雨花台区,1,b0d056f25e8e1e7ecbc3db88
6975,君悦湖滨商务中心,118.797126,31.990878,南京市雨花台区玉兰路19-17号,江苏省,南京市,雨花台区,1,0e2201738a27dcebf03cba99
6976,康盛花园,118.795037,31.99697,雨花台区宁南玉兰路1号,江苏省,南京市,雨花台区,1,f60a15ede7d650ecba17e788
6977,仁恒翠竹园,118.798251,31.995063,南京市雨花台区玉兰路5号,江苏省,南京市,雨花台区,1,900c2c6277894548c929158e
6978,君悦湖滨花园,118.797899,31.99063,南京市雨花台区宁南新区玉兰路19号(花神美境小区旁),江苏省,南京市,雨花台区,1,2a7a25ec499fe3616c3e1b7c
6979,玉兰小区,118.799899,31.992945,南京市雨花台区郁金香路16号(公交车站),江苏省,南京市,雨花台区,1,69fcd6df5bf8b652cb2915a6
6980,仁恒玉兰山庄,118.790517,31.996684,江苏省南京市雨花台区玉兰路2号,江苏省,南京市,雨花台区,1,e0e99c52f97a04bb58f6beb8
6981,君子兰花园,118.798828,31.991674,南京市雨花台区郁金香路22号,江苏省,南京市,雨花台区,1,bd5046e8dec53a41d62ce288
6982,泰龙家园,118.798423,31.992715,南京市雨花台区郁金香路20号,江苏省,南京市,雨花台区,1,fa01e937a3eed94a764ff188
6983,翠岛花城-菊香苑,118.795907,31.990921,江苏省南京市雨花台区玉兰路菊香苑(仁恒翠竹园南150米),江苏省,南京市,雨花台区,1,0a46dc0fcfe56a23316212a6
6984,国资大厦,118.794964,31.992187,南京市雨花台区玉兰路8号,江苏省,南京市,雨花台区,1,8297bbcad5cbf6faf7eafc67
6986,南京紫荆国际酒店公寓-B座,118.800534,31.997927,江苏省南京市雨花台区雨花东路158号2栋,江苏省,南京市,雨花台区,1,f74edf9d6878761c3be4a6a4
6987,翠竹园社区,118.796987,31.995195,江苏省南京市雨花台区雨花街道,江苏省,南京市,雨花台区,1,05d6b3853bc2d1779f09f79b
6988,仁恒翠竹园-三期,118.796519,31.995898,江苏省南京市雨花台区宁南新区玉兰路5号,江苏省,南京市,雨花台区,1,21c1e6e5cff3387fd1f49e95
6989,紫荆广场·花漫里-2号门,118.800229,31.998405,南京市雨花台区雨花东路158号,江苏省,南京市,雨花台区,1,272ded98976eb06feb1e9748
6990,南京紫荆国际酒店公寓-B座,118.800534,31.997927,江苏省南京市雨花台区雨花东路158号2栋,江苏省,南京市,雨花台区,1,f74edf9d6878761c3be4a6a4
6991,乌金墅外,118.805455,31.995143,江苏省南京市秦淮区卡子门大街29号红星美凯龙全球家居生活广场(卡子门店)-南门3层,江苏省,南京市,秦淮区,1,a0280ae3dc0520b69e95ded3
6992,卓依娅·沃里,118.805066,31.996153,卡子门大街29号红星美凯龙全球家居生活广场(卡子门店)-南门2层,江苏省,南京市,秦淮区,1,c6d6e9bc291c99dc93114c3d
6994,枫丹榭丽,118.803846,31.995001,南京市雨花台区卡子门大街38号,江苏省,南京市,雨花台区,1,6af27643b8bb2a7d4f3a5991
6995,春天家园,118.80685,31.996934,江苏省南京市秦淮区窨子山路95号,江苏省,南京市,秦淮区,1,cde9e2c7d0d268b4e91e97ae
6996,映山菁华,118.807922,31.997607,南京市秦淮区窨子山路99号,江苏省,南京市,秦淮区,1,5937335fca658a8223f01766
6997,窨子山-23号,118.809484,31.993878,江苏省南京市秦淮区窨子山23号,江苏省,南京市,秦淮区,1,90fd03157ac9bc1b88fc06de
6998,美林·玛莎拉蒂(红星美凯龙),118.805743,31.995566,南京市秦淮区卡子门大街29号红星美凯龙全球家居生活广场(卡子门店)-南门4层,江苏省,南京市,秦淮区,1,aca2e07eb916d6fa16c90517
6999,红星美凯龙江苏1号店-南2门,118.804694,31.996068,南京市秦淮区卡子门大街39号附近,江苏省,南京市,秦淮区,1,86b989b82a575d73b5f42f50
7000,红星美凯龙(江苏全球家居1号店),118.805292,31.995957,江苏省南京市秦淮区卡子门大街29号,江苏省,南京市,秦淮区,1,aee2cbebd583b33ea2d23070
7001,兰公馆(红星美凯龙店),118.805797,31.995601,江苏省南京市秦淮区卡子门大街29号红星美凯龙尚兰北苑负1楼,江苏省,南京市,秦淮区,1,794be567bad97ed6b5147fdc
7002,府上(红星美凯龙),118.805063,31.996598,江苏省南京市秦淮区卡子门大街29号b1层,江苏省,南京市,秦淮区,1,6453c3bca863f2eca8175a53
7003,红星美凯龙(江苏全球家居1号店),118.805292,31.995957,江苏省南京市秦淮区卡子门大街29号,江苏省,南京市,秦淮区,1,aee2cbebd583b33ea2d23070
7004,盛世华庭(月星家居卡子门店),118.803359,31.995004,南京市雨花台区卡子门大街38号月星家居B1层,江苏省,南京市,雨花台区,1,5269b1bec7d2c352a204643e
7005,红星美凯龙江苏1号店-南2门,118.804694,31.996068,南京市秦淮区卡子门大街39号附近,江苏省,南京市,秦淮区,1,86b989b82a575d73b5f42f50
7006,红星美凯龙(江苏全球家居1号店),118.805292,31.995957,江苏省南京市秦淮区卡子门大街29号,江苏省,南京市,秦淮区,1,aee2cbebd583b33ea2d23070
7007,格林小镇(月星国际家居卡子门大街),118.803787,31.994016,南京市雨花台区卡子门大街38号F3层C010,江苏省,南京市,雨花台区,1,2f0adf9909c6569ef9221329
7008,窨子山-20号,118.809227,31.993524,江苏省南京市秦淮区窨子山20号,江苏省,南京市,秦淮区,1,abb450feb8d89e3bf03cba94
7009,窨子山-25号,118.809649,31.993761,江苏省南京市秦淮区窨子山25号,江苏省,南京市,秦淮区,1,cb8fe4f21e13e928b21e36aa
7010,锦明家苑,118.801046,31.993381,江苏省南京市雨花台区郁金香路12号,江苏省,南京市,雨花台区,1,5ce2637d0223ba2caf31e5b6
7011,丁墙社区,118.804703,31.991588,南京市雨花台区雨花街道软件大道1号,江苏省,南京市,雨花台区,1,770de6877795458732870a08
7012,石婆婆庙-309号,118.806488,31.999954,江苏省南京市秦淮区石婆婆庙309号,江苏省,南京市,秦淮区,1,58c08e3745b4379f08ccdd4c
7013,软件大道,118.781038,31.98327,地铁1号线,江苏省,南京市,雨花台区,1,67e38b1e54ffab581df74dec
7014,迎春苑,118.805705,32.000547,南京市秦淮区明匙路97号,江苏省,南京市,秦淮区,1,d52831f9e42d2ba72ffaa7ae
7016,郁金香花苑(盐业路),118.803364,31.991238,南京市雨花台区软件大道3号,江苏省,南京市,雨花台区,1,108b1cead2b1d5ac3486f488
7017,停车场(大明路汽车商务中心西南),118.805822,31.994082,南京市秦淮区窨子山路月星国际家居(卡子门大街店)东侧约110米,江苏省,南京市,秦淮区,1,5dcb70654c57cd72901fc92c
7018,郁金香软件大厦,118.803879,31.993156,江苏省南京市雨花台区郁金香路2号,江苏省,南京市,雨花台区,1,54fb0f86bb28a10b882fb556
7020,智慧餐厅(民智路店),118.80951,31.974331,江苏省南京市雨花台区民智路2号,江苏省,南京市,雨花台区,1,c13ca7d4c288f92e7069d375
7021,汇景家园-汇吉苑,118.819261,31.990761,江苏省南京市秦淮区汇景路36号,江苏省,南京市,秦淮区,1,f5f9aeb12ec15478c26c1461
7022,汇景家园景富苑,118.818951,31.991883,南京市秦淮区汇景北路133号,江苏省,南京市,秦淮区,1,9ee90e0c31d93c62f6c59c87
7023,丽景华庭,118.810893,32.000497,南京市秦淮区永乐路11号,江苏省,南京市,秦淮区,1,1bf85b25c6c74ba7a1a9341d
7024,汇景家园-景明苑,118.816107,31.990408,汇景北路33号,江苏省,南京市,秦淮区,1,add47a7e9759c3040582c20d
7025,梁塘14号,118.816374,31.99157,江苏省南京市秦淮区梁塘14号,江苏省,南京市,秦淮区,1,978c242c37c263f231870af5
7026,梁塘16号,118.816439,31.991728,江苏省南京市秦淮区梁塘16号,江苏省,南京市,秦淮区,1,4bc6a4060223b2ba3686f433
7027,夹岗商业用房,118.819199,31.991778,南京市秦淮区汇景路57-105号、汇景南路51-92号,江苏省,南京市,秦淮区,1,2f989863ebeab1e440e192d7
7028,刘家岗-89号,118.823614,31.995618,江苏省南京市秦淮区刘家岗89号,江苏省,南京市,秦淮区,1,4d731842a09e4ed52202624b
7029,刘家岗-89号,118.823614,31.995618,江苏省南京市秦淮区刘家岗89号,江苏省,南京市,秦淮区,1,4d731842a09e4ed52202624b
7030,刘家岗-128号,118.822894,31.992945,江苏省南京市秦淮区刘家岗128号,江苏省,南京市,秦淮区,1,c60b1df7e6afcea86fa3ccbf
7031,刘家岗-34号,118.829028,31.990522,江苏省南京市秦淮区刘家岗34号,江苏省,南京市,秦淮区,1,6ed22b0caf57a53a902ca37a
7032,刘家岗-89号,118.823614,31.995618,江苏省南京市秦淮区刘家岗89号,江苏省,南京市,秦淮区,1,4d731842a09e4ed52202624b
7033,刘家岗-128号,118.822894,31.992945,江苏省南京市秦淮区刘家岗128号,江苏省,南京市,秦淮区,1,c60b1df7e6afcea86fa3ccbf
7034,翁家营125号,118.82967,31.993015,南京市秦淮区佳营中路与佳营路交叉口东150米,江苏省,南京市,秦淮区,1,35476500fa47149775e5b694
7035,翁家营-198号,118.832155,31.994744,江苏省南京市秦淮区翁家营198号,江苏省,南京市,秦淮区,1,14a958c88ee225e4d12dd67d
7036,翁家营125号,118.82967,31.993015,南京市秦淮区佳营中路与佳营路交叉口东150米,江苏省,南京市,秦淮区,1,35476500fa47149775e5b694
7037,翁家营125号,118.82967,31.993015,南京市秦淮区佳营中路与佳营路交叉口东150米,江苏省,南京市,秦淮区,1,35476500fa47149775e5b694
7038,翁家营-168号,118.831944,31.994086,江苏省南京市秦淮区翁家营168号,江苏省,南京市,秦淮区,1,8f64fe7c8f415555c0364494
7039,刘家岗-128号,118.822894,31.992945,江苏省南京市秦淮区刘家岗128号,江苏省,南京市,秦淮区,1,c60b1df7e6afcea86fa3ccbf
7040,汇景家园景裕苑,118.820393,31.992237,南京市秦淮区汇景北路195号,江苏省,南京市,秦淮区,1,270faec450d5866328201a1a
7041,刘家岗-23号,118.828186,31.990559,江苏省南京市秦淮区刘家岗23号,江苏省,南京市,秦淮区,1,3e4e76781eac95e754bfff4b
7042,刘家岗-23号,118.828186,31.990559,江苏省南京市秦淮区刘家岗23号,江苏省,南京市,秦淮区,1,3e4e76781eac95e754bfff4b
7043,刘家岗2号,118.829838,31.99121,江苏省南京市秦淮区刘家岗2号,江苏省,南京市,秦淮区,1,1bf7617a07fce09c9222e0b2
7044,刘家岗-32号,118.828505,31.990684,江苏省南京市秦淮区刘家岗32号,江苏省,南京市,秦淮区,1,c755fe6ae9687f3a4151c00e
7045,汇景家园-景乐苑,118.820827,31.991662,南京市秦淮区柴园北路38号,江苏省,南京市,秦淮区,1,a82e36d7435ffd0d8e772789
7046,刘家岗-34号,118.829028,31.990522,江苏省南京市秦淮区刘家岗34号,江苏省,南京市,秦淮区,1,6ed22b0caf57a53a902ca37a
7047,刘家岗-128号,118.822894,31.992945,江苏省南京市秦淮区刘家岗128号,江苏省,南京市,秦淮区,1,c60b1df7e6afcea86fa3ccbf
7048,刘家岗-128号,118.822894,31.992945,江苏省南京市秦淮区刘家岗128号,江苏省,南京市,秦淮区,1,c60b1df7e6afcea86fa3ccbf
7049,金家圩29号,118.837785,31.999975,南京市秦淮区丫洋路南50米,江苏省,南京市,秦淮区,1,5be70a5f49d2fa2bb64f548a
7050,汤家坝-166号,118.832478,31.985023,江苏省南京市江宁区汤家坝166号,江苏省,南京市,江宁区,1,afb813266006cbb5c61e5195
7051,金家圩59号,118.841429,31.998825,南京市秦淮区丫洋路与广洋路交叉口西南150米,江苏省,南京市,秦淮区,1,f54a7b4db62c9da7c91b95c6
7052,金家圩68号,118.840553,31.999293,南京市秦淮区丫洋路与广洋路交叉口西南200米,江苏省,南京市,秦淮区,1,ab4f5657019c2db5c8213da2
7053,赵史岗,118.837585,31.992973,南京市秦淮区广盛路,江苏省,南京市,秦淮区,1,b56591387371e2bb83288ae1
7054,翁家营-168号,118.831944,31.994086,江苏省南京市秦淮区翁家营168号,江苏省,南京市,秦淮区,1,8f64fe7c8f415555c0364494
7055,翁家营-66号,118.830812,31.992529,江苏省南京市秦淮区翁家营66号,江苏省,南京市,秦淮区,1,3859531ac57dc1e9102935a3
7056,翁家营125号,118.82967,31.993015,南京市秦淮区佳营中路与佳营路交叉口东150米,江苏省,南京市,秦淮区,1,35476500fa47149775e5b694
7057,汤家坝-166号,118.832478,31.985023,江苏省南京市江宁区汤家坝166号,江苏省,南京市,江宁区,1,afb813266006cbb5c61e5195
7058,金家圩38号,118.835755,32.000223,南京市秦淮区丫洋路与吴家山路交叉口东北150米,江苏省,南京市,秦淮区,1,ef841f19becdbfa258f6be9c
7059,翁家营-198号,118.832155,31.994744,江苏省南京市秦淮区翁家营198号,江苏省,南京市,秦淮区,1,14a958c88ee225e4d12dd67d
7060,翁家营-168号,118.831944,31.994086,江苏省南京市秦淮区翁家营168号,江苏省,南京市,秦淮区,1,8f64fe7c8f415555c0364494
7061,翁家营-198号,118.832155,31.994744,江苏省南京市秦淮区翁家营198号,江苏省,南京市,秦淮区,1,14a958c88ee225e4d12dd67d
7062,汤家坝-166号,118.832478,31.985023,江苏省南京市江宁区汤家坝166号,江苏省,南京市,江宁区,1,afb813266006cbb5c61e5195
7063,汇景和园,118.840988,31.990256,南京市秦淮区佳营东路6号,江苏省,南京市,秦淮区,1,d08953ec5fe5a066c6effb52
7064,汇景和园-11幢,118.841342,31.990963,江苏省南京市秦淮区双麒路上坊桥经济适用房(汇景和园附近),江苏省,南京市,秦淮区,1,ab1d99064a11e0b5b7147f45
7065,南圩62号,118.849963,31.994794,江苏省南京市秦淮区南圩62号,江苏省,南京市,秦淮区,1,8799287bd06e8e376849f393
7066,金家圩59号,118.841429,31.998825,南京市秦淮区丫洋路与广洋路交叉口西南150米,江苏省,南京市,秦淮区,1,f54a7b4db62c9da7c91b95c6
7067,金家圩68号,118.840553,31.999293,南京市秦淮区丫洋路与广洋路交叉口西南200米,江苏省,南京市,秦淮区,1,ab4f5657019c2db5c8213da2
7068,金家圩-7号,118.836661,32.0004,江苏省南京市秦淮区金家圩7号,江苏省,南京市,秦淮区,1,67d749f6eba734e9ae31e52c
7069,南圩108号,118.854545,31.995784,江苏省南京市秦淮区南圩108号,江苏省,南京市,秦淮区,1,4231eac3db98bbb504fef5c6
7070,南圩36号,118.850821,31.993969,江苏省南京市秦淮区南圩36号,江苏省,南京市,秦淮区,1,7a3c286b477eebe8f503b89d
7071,南圩168号,118.854131,31.995036,江苏省南京市江宁区南圩168号,江苏省,南京市,江宁区,1,1633260e416d2a8a1ce999cf
7072,南圩126号,118.851433,31.994097,江苏省南京市秦淮区南圩126号,江苏省,南京市,秦淮区,1,0fb333cac9efac0dc8213d41
7073,江苏润桥电子科技有限公司研发楼,118.870239,31.992238,南京市江宁区上高路上坊派出所西北侧约30米,江苏省,南京市,江宁区,1,f2230d9075fa93f05cd4feda
7074,前庄31号,118.869821,31.998821,江苏省南京市江宁区前庄31号,江苏省,南京市,江宁区,1,e144c3b92a391e473913fd35
7075,前庄18号,118.868471,31.999377,富康路东200米,江苏省,南京市,江宁区,1,c1c6b9f077d7391688f15d49
7076,前庄34号,118.869971,31.998718,江苏省南京市江宁区前庄34号,江苏省,南京市,江宁区,1,e1529d690a1e0bbec91b95af
7077,前庄30号,118.869627,31.998877,江苏省南京市江宁区前庄30号,江苏省,南京市,江宁区,1,6b70d1a6aedcbbf1932ca3f7
7078,祥宇大厦,118.875474,31.990425,南京市江宁区东山工业园区市井路9号,江苏省,南京市,江宁区,1,750368356c8652d25f0d02be
7079,南京萌虎智能科技有限公司,118.885969,31.988323,江苏省南京市江宁区东麒路33号,江苏省,南京市,江宁区,1,0935a51e8e86b35b6da3cc7c
7080,华脉国际广场,118.88163,31.993537,江苏省南京市江宁区丰泽路66号,江苏省,南京市,江宁区,1,fa6f419c6bf0127d00ff2d2a
7081,中粮鸿云坊-1期,118.889145,31.998555,南京市江宁区丰泽路118号,江苏省,南京市,江宁区,1,96dae74198fc0260ad080fa7
7082,中粮鸿云坊-2期,118.88932,32.000506,南京市江宁区丰泽路与孙家头巷交叉路口往东约150米,江苏省,南京市,江宁区,1,7422d41f7f842ee6f02d83c5
7083,鸿信云深处,118.956084,32.003204,江苏省南京市江宁区东山街道神凤路1169号(上坊天云湖横山水库东侧),江苏省,南京市,江宁区,1,1ae93e5daefadf8ef03cba82
7084,西江口社区,118.626238,31.980833,张西路东50米,江苏省,南京市,浦口区,1,dbf4d5572a130d8c591093b8
7085,西江佳园,118.62673,31.981286,江苏省南京市浦口区西江佳园(张西路北70米),江苏省,南京市,浦口区,1,dd273398554e42ee6ca3cc70
7086,云玺湾,118.688736,31.981964,江苏省南京市建邺区双闸海峡城云璟湾西(新亭街西),江苏省,南京市,建邺区,1,d45ed4d72ca80da3a01de9bd
7087,海峡城第三街区,118.688069,31.981344,江苏省南京市建邺区扬子江大道399号,江苏省,南京市,建邺区,1,f7d9f3b8de0f330e15c905cf
7088,海峡城,118.692702,31.987184,区扬子江大道399号(扬子江大道与淮河路交叉口),江苏省,南京市,建邺区,1,f8407595a356e5a346e274e5
7089,海峡城,118.692702,31.987184,区扬子江大道399号(扬子江大道与淮河路交叉口),江苏省,南京市,建邺区,1,f8407595a356e5a346e274e5
7090,云珑湾,118.692081,31.985257,江苏省南京市建邺区双闸路,江苏省,南京市,建邺区,1,a604d81fba90f9e3ae080f4e
7091,云璟湾,118.691954,31.982933,南京市建邺区新亭街9号,江苏省,南京市,建邺区,1,46df388da5af6a70a2a9347c
7092,金地中心风华,118.696882,31.983516,江苏省南京市建邺区双闸路106号附近,江苏省,南京市,建邺区,1,914a1d766b83a1f9e9f853eb
7093,海峡城D地块二期,118.687596,31.981862,南京市建邺区邺城路云玺湾,江苏省,南京市,建邺区,1,414f8ad198910fee4354d7e8
7094,南京升龙汇金中心,118.717632,31.987351,江东南路与江山大街交叉口西南侧,江苏省,南京市,建邺区,1,92bdcc07755e94f34e776eeb
7095,升龙·河西公馆,118.717447,31.984827,南京建邺区庐山路288号升龙汇金中心,江苏省,南京市,建邺区,1,e7d7690ab609b89b1f1d11c1
7096,和熙臻苑,118.71216,31.98997,江苏省南京市建邺区保东路6号,江苏省,南京市,建邺区,1,cac38711e412bdaee0110357
7097,和熙臻苑-南门,118.712133,31.98921,南京市建邺区友谊街与支路三交叉口北100米,江苏省,南京市,建邺区,1,0e85ab593100dad7471a3246
7098,和熙臻苑-东门,118.713182,31.990277,南京市建邺区保东路6号,江苏省,南京市,建邺区,1,b9d3fdd1d73645cf03ec0179
7099,保利·香槟国际(金沙江东街),118.723916,31.987038,江苏省南京市建邺区金沙江东街89号,江苏省,南京市,建邺区,1,3da907f36297f34ab220a89a
7100,中和园,118.729145,31.984439,南京市建邺区金沙江东街18-3号,江苏省,南京市,建邺区,1,5ffb1816a8a9bb216f47603d
7101,和府奥园,118.727182,31.989401,南京市建邺区雨润大街69号,江苏省,南京市,建邺区,1,db7cb072d4a3f3ae6f47608c
7102,恒山花苑,118.726285,31.987897,江苏省南京市建邺区恒山路199号,江苏省,南京市,建邺区,1,b1de9683053dbaffc4f02501
7103,金沙雅苑,118.728599,31.985738,南京市建邺区金沙江东街26号,江苏省,南京市,建邺区,1,1368b1a7e4a80dd01ef74de3
7104,双和园,118.729649,31.987556,南京市建邺区雨润大街19号,江苏省,南京市,建邺区,1,61f634f64a9f32786a49f3b1
7105,金沙江东路26号小区,118.728542,31.985674,南京市建邺区金沙江东街26号,江苏省,南京市,建邺区,1,da8b66e22875c810c9e33c1c
7106,双和园-西区,118.729334,31.987931,南京市建邺区雨润大街19号双和园,江苏省,南京市,建邺区,1,be1d0a61762db135eb1e97fc
7107,保利·香槟国际(北门),118.723712,31.988934,南京市建邺区金沙江东街115号,江苏省,南京市,建邺区,1,b63ab2f3642bb7fcadcb660a
7108,名通网络科技有限公司,118.740421,31.984631,江苏省南京市建邺区广聚路31号安科大厦京妆楼12楼1201,江苏省,南京市,建邺区,1,5108051d7067b7548e1a8981
7109,双和园-东区,118.73137,31.986383,南京市建邺区雨润大街19号,江苏省,南京市,建邺区,1,8ab0dfc428999f16d9ecedb1
7110,南京美展利研发大厦,118.739596,31.989387,南京市建邺区康文路与云龙山路交叉路口往东北约90米,江苏省,南京市,建邺区,1,e77e8b6461cb080257bfff32
7111,卫检大厦,118.739526,31.9857,江苏省南京市建邺区创智路39号,江苏省,南京市,建邺区,1,25e34290aba1c3b232870a5f
7112,雨润公司第二公寓,118.736151,31.988074,南京市建邺区雨润路10号,江苏省,南京市,建邺区,1,d454f0609faa9a5c78f796f2
7113,金浦·翡翠谷,118.744954,31.982418,"赛虹桥街道纬九路金浦翡翠谷,丁树路29号",江苏省,南京市,雨花台区,1,ae0509f427ea945024e0a06f
7114,金浦小行G44地块,118.74389,31.982061,南京市雨花台区凤台南路翡翠谷花园,江苏省,南京市,雨花台区,1,9256e07994db7f65eb12e4da
7115,中博信息技术研究院有限公司,118.749077,31.98722,南京市雨花台区丁树路菊花小区西侧约150米,江苏省,南京市,雨花台区,1,5896a1b4b27df663f33cba71
7116,雨润公司第二公寓-西门,118.735624,31.988229,南京市建邺区雨润路10号,江苏省,南京市,建邺区,1,f3c500376acac0e9eb12e4e8
7117,顶健科技大厦,118.741865,31.984493,南京市建邺区嘉陵江东街1号,江苏省,南京市,建邺区,1,bf0138600ae73b028bb9887c
7118,南京质监大厦,118.74115,31.985057,南京市建邺区嘉陵江东街3号,江苏省,南京市,建邺区,1,667aff02e5cf49ea6ec02cae
7119,君泰国际,118.741056,31.98387,南京市建邺区西城路300号,江苏省,南京市,建邺区,1,6f92a73c67270abc6fa3cc3a
7120,南京国际人才港,118.742179,31.988459,南京市建邺区新城科技园嘉陵江东街18号南京国家广告产业园,江苏省,南京市,建邺区,1,e452a383239364afa80dd8be
7121,南京朗睿软件科技有限公司,118.74175,31.987459,江苏南京市建邺区嘉陵江东街18号1栋4楼,江苏省,南京市,建邺区,1,8c64cb897b39552cf02d8375
7122,菊花二村,118.752136,31.987161,南京市雨花台区赛虹桥街道菊花小区(菊花路),江苏省,南京市,雨花台区,1,63290000ad4bcf458d55ec4f
7123,南京国际广告大厦,118.741517,31.988161,南京市建邺区创智路舜禹大厦东南侧约70米,江苏省,南京市,建邺区,1,a23d01686577238643e192d5
7124,南河西岸,118.748097,31.989554,南京市建邺区河西大街金洲苑小区南侧约180米,江苏省,南京市,建邺区,1,f8580c111dce9644a1d230f5
7125,北纬国际中心,118.743539,31.989755,南京市建邺区新城科技园南区文广路与创智路交汇处创智路1号,江苏省,南京市,建邺区,1,87121b1345b11d4926d2bb8d
7126,尤家凹1号,118.749348,31.980628,江苏省南京市雨花台区龙家凹1号,江苏省,南京市,雨花台区,1,256d9a3f9d81b3c34e2fdfbc
7127,南京建邺区嘉陵江东街18号6幢3楼,118.741723,31.987648,南京市建邺区嘉陵江东街18号1栋附近,江苏省,南京市,建邺区,1,cba0f6033e40d8de82288a6d
7128,理想家青年公寓,118.746426,31.98361,南京市雨花台区小行路158号(南京市公安局地铁分局后面),江苏省,南京市,雨花台区,1,175db2b9ac409ea946e274e4
7129,菊花小区,118.752798,31.987121,南京市雨花台区小行里菊花小区,江苏省,南京市,雨花台区,1,0ce65c2d3750c1582d473356
7130,中南锦苑,118.756213,31.984545,江苏省南京市雨花台区软件大道165号,江苏省,南京市,雨花台区,1,46a2076cf13e6ff7081cc7f0
7131,软件大道188号,118.755076,31.982985,江苏省南京市雨花台区软件大道188号,江苏省,南京市,雨花台区,1,2509535f153f4447a2a93419
7132,菊花三村,118.754138,31.987398,江苏省南京市雨花台区小行路29-21(地铁站),江苏省,南京市,雨花台区,1,21e224e3e63ce1f577026934
7133,尤家凹,118.751911,31.98035,南京市雨花台区宁双路西50米,江苏省,南京市,雨花台区,1,83b471974a0d30db931fc911
7134,南京高精齿轮集团有限公司-家属院,118.753285,31.982954,南京市雨花台区尤家凹3号6号,江苏省,南京市,雨花台区,1,6a4c0bfac1631497d6b74e85
7135,恒大华府,118.753972,31.985682,南京市雨花台区软件大道198号,江苏省,南京市,雨花台区,1,546827131c29590500ec0173
7136,丰盛·商汇-1期,118.767999,31.982084,南京市雨花台区软件大道119号(软件大道与安德门大街交汇处),江苏省,南京市,雨花台区,1,c21db9e5ceeadf9a01ff2daa
7137,江苏科技金融大厦,118.770424,31.990259,江苏省南京市雨花台区安德门大街21号,江苏省,南京市,雨花台区,1,91df911a19898c3288fc06e8
7138,沈氏大厦,118.769241,31.980382,南京市雨花台区安德门大街46号,江苏省,南京市,雨花台区,1,27a9f00e168c2fa7f603b8f5
7139,丰盛商汇C地块,118.769577,31.986542,南京市雨花台区安德门大街雨花客厅,江苏省,南京市,雨花台区,1,2f7bc2e11cdb4217a3acc48e
7140,丰盛·商汇-1期,118.767999,31.982084,南京市雨花台区软件大道119号(软件大道与安德门大街交汇处),江苏省,南京市,雨花台区,1,c21db9e5ceeadf9a01ff2daa
7141,雨花客厅,118.771582,31.984484,江苏省南京市雨花台区软件大道109号,江苏省,南京市,雨花台区,1,af5320dc69e53ecb00ff2d87
7142,蓝筹谷,118.777211,31.980906,南京市雨花台区软件大道108号,江苏省,南京市,雨花台区,1,637df60aa0f5be7241afe688
7143,中兴物联研发大楼,118.77903,31.980067,江苏省南京市雨花台区花神大道90号,江苏省,南京市,雨花台区,1,ca8c721d1e31b19e02897295
7144,望江矶小区,118.780849,31.994727,南京市雨花台区花神大道8号,江苏省,南京市,雨花台区,1,5b98b298f7b92b2e1e580085
7145,雨花台区检察院业务综合楼,118.786232,31.985814,南京市雨花台区软件谷雨花大道6号,江苏省,南京市,雨花台区,1,0d633481aa54f2673310af3f
7146,宏图上水园,118.784321,31.986698,南京市雨花台区郁金香路58号,江苏省,南京市,雨花台区,1,58fdc0836574990a3fe23115
7147,凯润大厦,118.784201,31.980427,南京市雨花台区文竹路8号,江苏省,南京市,雨花台区,1,bd78c2366d6d9cd58bf15d19
7148,华通大厦,118.783311,31.981716,南京市雨花台区软件大道66号,江苏省,南京市,雨花台区,1,d1caed1a27b90e18744ff168
7149,吉美思大厦,118.787407,31.987621,江苏省南京市雨花台区郁金香路30号,江苏省,南京市,雨花台区,1,4d1bced5d6d32aa70f0e6b8c
7150,国泰科创大厦,118.786171,31.987166,江苏省南京市雨花台区郁金香路36号,江苏省,南京市,雨花台区,1,f6667352c72aad5415c90564
7151,宏图·上水庭院,118.784295,31.984453,江苏省南京市雨花台区花神大道11号,江苏省,南京市,雨花台区,1,9f1123c4544f03604e776e32
7152,阅城国际花园馨然园-1幢,118.784034,31.989119,江苏省南京市雨花台区阅城国际花园馨然园1幢,江苏省,南京市,雨花台区,1,9b13df4a1eb0977d1fe999d0
7153,国泰科创大厦-B座,118.785836,31.987125,南京市雨花台区郁金香路36号,江苏省,南京市,雨花台区,1,7d79b5c9b5ebd45433169b4f
7154,国泰科创大厦-A座,118.786326,31.986978,江苏省南京市雨花台区郁金香路36号,江苏省,南京市,雨花台区,1,7282f4f6e2eb5c0ed1f49eb6
7155,翠岛花城,118.794623,31.987826,南京市雨花台区宁南新区丁墙村10号,江苏省,南京市,雨花台区,1,6ee010209017b3ef53e5c588
7156,花神美境,118.800692,31.988352,南京市雨花台区9号(宁南新区玉兰路与宁南大道交汇处),江苏省,南京市,雨花台区,1,101bc61bb158a6dec42ba143
7157,苏豪国际广场,118.795278,31.983239,江苏省南京市雨花台区软件大道48号,江苏省,南京市,雨花台区,1,7c5e480b6f7d4ecaadb22a32
7158,花神大厦,118.799009,31.987543,江苏省南京市雨花台区软件大道11号,江苏省,南京市,雨花台区,1,131fc8a0af02d905a5da3915
7160,雅菊苑-1号楼,118.79313,31.98636,江苏省南京市雨花台区软件大道19号,江苏省,南京市,雨花台区,1,f210913c1f68a46609b93a16
7161,绿地玉晖晶舍,118.798887,31.983329,软件大道丁墙路2号,江苏省,南京市,雨花台区,1,00f8355523ff94f4901fc99b
7163,芳庭居,118.796525,31.987025,南京市雨花台区软件大道19号,江苏省,南京市,雨花台区,1,bc884d7f79298e6a2fe67b75
7164,水芙苑-1号楼,118.79409,31.98924,南京市雨花台区水芙苑1号,江苏省,南京市,雨花台区,1,58d5a7cc779127d0c33644c9
7165,南研二区,118.793948,31.981671,南京市雨花台区软件谷软件大道50号,江苏省,南京市,雨花台区,1,cbf8dbd817f4522b6fa3cc8d
7166,苏豪国际广场-B座,118.795009,31.982296,江苏省南京市雨花台区苏豪国际广场B幢,江苏省,南京市,雨花台区,1,8c7a1315f419cfee4354d7e0
7167,苏豪国际广场,118.795278,31.983239,江苏省南京市雨花台区软件大道48号,江苏省,南京市,雨花台区,1,7c5e480b6f7d4ecaadb22a32
7168,苏豪国际广场-A座,118.795813,31.982955,江苏省南京市雨花台区软件大道48号,江苏省,南京市,雨花台区,1,b7b388f32e33b1c3d618b7e2
7169,苏豪国际广场-C座,118.794554,31.983292,南京市雨花台区软件大道48号,江苏省,南京市,雨花台区,1,0b5d63695d7b7c14c9fa5f77
7170,苏豪国际广场-西北门,118.794705,31.984294,南京市雨花台区软件大道48号,江苏省,南京市,雨花台区,1,5dcbfa8e8a1c84b6b320a8bf
7171,金美家国际,118.808027,31.987609,南京市雨花台区卡子门大街88号家乐家5层,江苏省,南京市,雨花台区,1,95781783a9337d2c00ec013c
7172,智谷安卓大屏,118.804014,31.987217,南京市雨花台区宁南大道20号-1幢-115室,江苏省,南京市,雨花台区,1,85a40967057709dfa8f72934
7173,蝉园丝锦坊,118.803806,31.98352,玉兰路99号明发商业广场4层中影·国际影城(雨花台南站店)附近,江苏省,南京市,雨花台区,1,166195c8e8bde423d7851ff2
7174,宁南农花村经济适用房,118.807556,31.987354,南京市雨花台区丁墙路家乐家,江苏省,南京市,雨花台区,1,788f61d8ce2927ed250bd00c
7175,华袖美景,118.800557,31.98818,江苏省南京市雨花台区软件大道9号,江苏省,南京市,雨花台区,1,fc8a15db149def36c7f025b5
7176,爱尚公寓管理处,118.805392,31.985323,南京市雨花台区雨花经济开发区玉兰路99号明发商业广场2栋3楼33025室,江苏省,南京市,雨花台区,1,b3792d0023b7e1e703ff2d6f
7177,南京明发商业广场-6栋,118.803648,31.981753,江苏省南京市雨花台区宁南六朝路明发商业广场,江苏省,南京市,雨花台区,1,67cf856f37230242adcb666a
7178,南京明发商业广场-西北1门,118.800715,31.98372,南京市雨花台区玉兰路66号附近,江苏省,南京市,雨花台区,1,5dc9c75ac3e300cc9222e0cd
7179,石林家乐家(北门),118.807294,31.987626,南京市雨花台区卡子门大街88号,江苏省,南京市,雨花台区,1,4cdb4512bb5be49102ff2d0d
7180,汇景家园-汇美苑,118.815679,31.987497,南京市秦淮区汇景路145号,江苏省,南京市,秦淮区,1,539579f72c350a1c15948ea3
7181,下坞营-128号,118.818302,31.987003,江苏省南京市秦淮区下坞营128号,江苏省,南京市,秦淮区,1,a1d102cb64e55c170869d9c3
7182,汇景家园-汇祥苑,118.81819,31.987682,南京市秦淮区汇景东路1号,江苏省,南京市,秦淮区,1,733028f82e951537d418b7a2
7183,夹岗经济适用房综合楼,118.817387,31.988094,江苏省南京市秦淮区汇景西路18号,江苏省,南京市,秦淮区,1,51295a4af831853cdeee8b88
7184,保利·堂悦营销中心,118.812633,31.987207,江苏省南京市秦淮区汇景北路1号,江苏省,南京市,秦淮区,1,f2e2a756f368337ce115f9f7
7185,夹岗门-78号,118.819293,31.984922,江苏省南京市秦淮区夹岗门78号,江苏省,南京市,秦淮区,1,067860a1b38d527ee5073859
7186,汇景家园-汇满苑,118.81482,31.988912,南京市秦淮区汇景西路33号,江苏省,南京市,秦淮区,1,3b1f9b3c8e9aab6e0289724c
7187,夹岗门-77号,118.81946,31.984982,江苏省南京市秦淮区夹岗门77号,江苏省,南京市,秦淮区,1,c1e030654f8530ec213bf267
7188,汇景家园-汇幸苑,118.817973,31.988834,南京市秦淮区汇景路73号,江苏省,南京市,秦淮区,1,d6c5d991092053e831169bae
7189,夹岗门-43号,118.820089,31.983898,江苏省南京市秦淮区夹岗门43号,江苏省,南京市,秦淮区,1,9d7a86c67dfda4eaf503b80e
7190,夹岗门-36号,118.819646,31.983562,江苏省南京市秦淮区夹岗门36号,江苏省,南京市,秦淮区,1,a57b0ee889ccd9de86420ed9
7191,夹岗门-71号,118.820141,31.985137,江苏省南京市秦淮区夹岗门71号,江苏省,南京市,秦淮区,1,6ea73fb230eb3108128824ae
7192,夹岗门-43号,118.820089,31.983898,江苏省南京市秦淮区夹岗门43号,江苏省,南京市,秦淮区,1,9d7a86c67dfda4eaf503b80e
7193,汇景家园(景文苑),118.814987,31.990135,江苏省南京市秦淮区汇景北路33号,江苏省,南京市,秦淮区,1,34ff3de848c3ae7c4d2fdf19
7194,夹岗门-41号,118.819987,31.983593,江苏省南京市秦淮区夹岗门41号,江苏省,南京市,秦淮区,1,e9892b09684fc30a0389721d
7195,复地宴南都北区,118.811194,31.989704,南京市秦淮区丁墙路复地宴南都,江苏省,南京市,秦淮区,1,6b048e8d58497a0c29201a6c
7196,汇景家园-汇福苑,118.817192,31.989991,江苏省南京市秦淮区汇景路78号,江苏省,南京市,秦淮区,1,d991e116596220551e3894ae
7197,汇景家园-64号,118.818572,31.989934,江苏省南京市秦淮区汇景家园64号,江苏省,南京市,秦淮区,1,e8240cd9cdb2f638e856fae8
7198,张家板跳,118.811827,31.988319,南京市秦淮区汇景北路,江苏省,南京市,秦淮区,1,5ce2637d4034f851af31e5a6
7199,汇景家园-汇平苑,118.820302,31.988689,南京市秦淮区汇景南路17号,江苏省,南京市,秦淮区,1,d1e7479833255d5af503b8e3
7200,张家板跳,118.811827,31.988319,南京市秦淮区汇景北路,江苏省,南京市,秦淮区,1,5ce2637d4034f851af31e5a6
7201,汇景家园-汇安苑,118.819855,31.989567,南京市秦淮区汇景南路44号,江苏省,南京市,秦淮区,1,63d071d65800ebb3d22dd6ec
7202,长发荟邻,118.817311,31.98832,南京市秦淮区汇景西路18号,江苏省,南京市,秦淮区,1,6328aa123035d20a95ca07be
7203,汇景家园-景泰苑,118.822442,31.989313,南京市秦淮区康泰路26号,江苏省,南京市,秦淮区,1,8c38732706bb7c1728201a65
7204,汇景家园-景泰苑,118.822442,31.989313,南京市秦淮区康泰路26号,江苏省,南京市,秦淮区,1,8c38732706bb7c1728201a65
7205,汇景家园-景康苑,118.821824,31.990347,南京市秦淮区康景路26号,江苏省,南京市,秦淮区,1,20d589b9cb7a1cb88505bfea
7206,柴家营-58号,118.824558,31.987571,江苏省南京市秦淮区柴家营58号,江苏省,南京市,秦淮区,1,8f8dfe427caa1f2c9d9d68e6
7207,柴家营-129号,118.828178,31.988122,江苏省南京市秦淮区柴家营129号,江苏省,南京市,秦淮区,1,b7c7494a1bc81491d4851f0c
7208,柴家园-37号,118.825732,31.987556,江苏省南京市秦淮区柴家园37号,江苏省,南京市,秦淮区,1,3c640665910d2af3f11937c0
7209,柴家园-32号,118.825734,31.98789,江苏省南京市秦淮区柴家园32号,江苏省,南京市,秦淮区,1,ae1c6675f3a9ca34725e8093
7210,柴家营-77号,118.824879,31.987222,江苏省南京市秦淮区柴家营77号,江苏省,南京市,秦淮区,1,6df27c20f0d3da37a0a93489
7211,柴家营-47号,118.824929,31.987397,江苏省南京市秦淮区柴家营47号,江苏省,南京市,秦淮区,1,2287f34d85995cde15a190e7
7212,柴家营-124号,118.827532,31.988185,江苏省南京市秦淮区柴家营124号,江苏省,南京市,秦淮区,1,dd4b96275d697ee98e77270c
7213,柴家园-26号,118.826503,31.988187,江苏省南京市秦淮区柴家园26号,江苏省,南京市,秦淮区,1,b1900d75b75e8a4a0869d954
7214,柴家营-17号,118.826222,31.987625,江苏省南京市秦淮区柴家营17号,江苏省,南京市,秦淮区,1,c4a67fa2344644bb85420ed8
7215,柴家营82号,118.824841,31.986994,南京市秦淮区柴园路汇景家园-景泰苑东南侧约290米,江苏省,南京市,秦淮区,1,c5c2199739421db94f3a5968
7216,柴家园-35号,118.826036,31.987725,江苏省南京市秦淮区柴家园35号,江苏省,南京市,秦淮区,1,d08b8c030122f75fd5b74ece
7217,明月港湾,118.839571,31.982772,江苏省南京市江宁区金盛路988号,江苏省,南京市,江宁区,1,108b1ceac6a7d9d03486f492
7218,金港花园,118.84013,31.985703,南京市江宁区金盛路998号,江苏省,南京市,江宁区,1,b388f9fd59086441b35c6a7a
7219,金竹花园,118.836618,31.985276,江苏省南京市江宁区岔路口金盛路359号,江苏省,南京市,江宁区,1,803708f1b09f27790189727a
7220,天地新城天玑座小区,118.83473,31.984,江苏省南京市江宁区东山街道金盛路天地新城天柱座小区,江苏省,南京市,江宁区,1,89fa3982da2ce9f5d7851f89
7221,邵圣安置房,118.833778,31.984876,南京市江宁区汤家坝166号,江苏省,南京市,江宁区,1,79eec6f2299e9a6d118824d6
7222,汤家坝-166号,118.832478,31.985023,江苏省南京市江宁区汤家坝166号,江苏省,南京市,江宁区,1,afb813266006cbb5c61e5195
7223,天地新城-天心座,118.829889,31.98132,江苏省南京市江宁区天地新城,江苏省,南京市,江宁区,1,a053e83705513cd0ae31e5c8
7224,汤家坝-166号,118.832478,31.985023,江苏省南京市江宁区汤家坝166号,江苏省,南京市,江宁区,1,afb813266006cbb5c61e5195
7225,明月港湾彩云湾,118.840678,31.984217,南京市江宁区东山街道金盛路明月港湾小区,江苏省,南京市,江宁区,1,c07fc40c9d943806932ca30c
7226,前马场-100号,118.847757,31.984915,江苏省南京市江宁区前马场100号,江苏省,南京市,江宁区,1,33b78aa43db9e23c2902e1fd
7227,前马场-43号,118.848362,31.985042,江苏省南京市江宁区前马场43号,江苏省,南京市,江宁区,1,8506144937f861f932169b65
7228,后淹儿港-76号,118.845568,31.979741,江苏省南京市江宁区后淹儿港76号,江苏省,南京市,江宁区,1,295928c8d552aa252fe67b8f
7229,前马场-71号,118.847995,31.9843,江苏省南京市江宁区前马场71号,江苏省,南京市,江宁区,1,b4bd307461cb6d620aa8d4c7
7230,前马场-76号,118.846843,31.985695,江苏省南京市江宁区前马场76号,江苏省,南京市,江宁区,1,fdfb0dff8c573adad8eced85
7231,后淹儿港-76号,118.845568,31.979741,江苏省南京市江宁区后淹儿港76号,江苏省,南京市,江宁区,1,295928c8d552aa252fe67b8f
7232,后淹儿港-76号,118.845568,31.979741,江苏省南京市江宁区后淹儿港76号,江苏省,南京市,江宁区,1,295928c8d552aa252fe67b8f
7233,后淹儿港43号,118.845186,31.980431,江苏省南京市江宁区后淹儿港43号,江苏省,南京市,江宁区,1,6a854d4fbfeab522d92f28b4
7234,后淹儿港-44号,118.845654,31.98006,江苏省南京市江宁区后淹儿港44号,江苏省,南京市,江宁区,1,575edfcb13102c586849f37e
7235,后奥东-49号,118.857209,31.986009,江苏省南京市江宁区后奥东49号,江苏省,南京市,江宁区,1,58e59839e601c12007026f7a
7236,后奥东-8号,118.856193,31.98602,江苏省南京市江宁区后奥东8号,江苏省,南京市,江宁区,1,300d5280035f957ee3110364
7237,卢家桥-18号,118.867648,31.983157,江苏省南京市江宁区卢家桥18号,江苏省,南京市,江宁区,1,50fa739fc08eb5d588db7339
7238,卢家桥-81号,118.865721,31.9816,江苏省南京市江宁区卢家桥81号,江苏省,南京市,江宁区,1,a140b77a86f4072c83a00cd2
7239,卢家桥-14号,118.867335,31.983048,江苏省南京市江宁区卢家桥14号,江苏省,南京市,江宁区,1,69c72088b05952150c0e6b22
7240,润景国际,118.876397,31.98197,南京市江宁区天行路98号,江苏省,南京市,江宁区,1,3deb4639b35d9f6b4bcc4a97
7241,润景国际-2幢,118.875287,31.981762,江苏省南京市江宁区天行西路9号,江苏省,南京市,江宁区,1,601f709ead5a1c092afc4827
7242,南京德赞投资管理有限公司,118.863796,31.968875,江苏省南京市江宁区天印大道696号a1栋5楼,江苏省,南京市,江宁区,1,c69611830f24eb21a9175a4c
7243,金威科技广场,118.880523,31.979884,江苏省南京市江宁区上高路79号,江苏省,南京市,江宁区,1,c28004d61e69439a1d58001a
7244,平达国际广场,118.883144,31.980649,江苏省南京市江宁区上高路88号,江苏省,南京市,江宁区,1,9d3a5a0e33e69c406e20b991
7245,南京东山国际企业研发园C1座,118.879479,31.979446,南京市江宁区东山国际企业研发园C1栋,江苏省,南京市,江宁区,1,19321e8edbe740b23617dc54
7246,南京东山国际企业研发园C1座,118.879479,31.979446,南京市江宁区东山国际企业研发园C1栋,江苏省,南京市,江宁区,1,19321e8edbe740b23617dc54
7247,东山国际企业研发园B座,118.885677,31.988802,南京市江宁区东麒路33号,江苏省,南京市,江宁区,1,de424196cee3fec6c61b75fa
7248,东山国际企业研发园载体平台项目管委会大楼,118.88082,31.980876,南京市江宁区X102金威科技广场,江苏省,南京市,江宁区,1,cb9510a611f59e64250bd05c
7249,岗山村经济适用房,118.870654,31.969387,南京市江宁区湖山路与文靖东路交叉路口往西北约170米,江苏省,南京市,江宁区,1,a862ccc0b2a3afa22b06ce14
7250,江宁区东山街道桃园老年公寓,118.909418,31.985723,南京市江宁区桃园村156号,江苏省,南京市,江宁区,1,666a846beb40fadb4151c050
7251,兰花塘社区,118.559574,31.959349,南京市浦口区绕城公路,江苏省,南京市,浦口区,1,ca11956448a527e5fbf0cb96
7252,中和村经济适用房四期,118.697483,31.973601,江苏省南京市建邺区定康街与高庙路交叉路口西侧(朗诗熙华府西南侧约50米),江苏省,南京市,建邺区,1,c92b475d34c52e52740269f1
7253,鲁能公馆一期-东南门,118.69852,31.969377,南京市建邺区螺塘路附近,江苏省,南京市,建邺区,1,cc42816d2a3400358e1a8992
7254,招商雍和府,118.697204,31.975564,高庙路60号,江苏省,南京市,建邺区,1,d7ad37ab5781b127f50e77bd
7255,朗诗熙华府,118.698966,31.975182,江苏省南京市建邺区高庙路58号,江苏省,南京市,建邺区,1,8b766daafe9dffef2dfaa771
7256,正荣润峰,118.701542,31.971632,江苏省南京市建邺区吴侯街与高庙路交汇处,江苏省,南京市,建邺区,1,b83e77a6a3051d1c7c29bd97
7257,升龙天汇,118.704363,31.971155,江苏省南京市建邺区螺塘路38号,江苏省,南京市,建邺区,1,2d76f606a459760c9c82ead8
7258,正荣润峰,118.701542,31.971632,江苏省南京市建邺区吴侯街与高庙路交汇处,江苏省,南京市,建邺区,1,b83e77a6a3051d1c7c29bd97
7259,五矿·崇文金城,118.703533,31.973783,南京市建邺区吴侯街158号,江苏省,南京市,建邺区,1,4e2b9a8f594a90242811d188
7260,佳兆业城市广场,118.710802,31.976074,南京市建邺区尚元街与永出路交叉口东北面,江苏省,南京市,建邺区,1,bfaeb7b6676e5e9059f6be97
7261,五矿·崇文金城-B区,118.702173,31.974147,江苏省南京市建邺区吴侯街158号,江苏省,南京市,建邺区,1,cd240d291a587bf228b97cd8
7262,佳兆业城市广场,118.710802,31.976074,南京市建邺区尚元街与永出路交叉口东北面,江苏省,南京市,建邺区,1,bfaeb7b6676e5e9059f6be97
7263,清辉园,118.713166,31.971062,南京市建邺区高庙路8号,江苏省,南京市,建邺区,1,688a954d30dee1e8260bd08d
7264,金穗花园,118.718681,31.974416,南京市建邺区中和路99号,江苏省,南京市,建邺区,1,d2767a0af41424d4f60e7706
7265,中和村经济适用住房3期,118.712768,31.971689,南京市建邺区清润路东南青年汇(中和店),江苏省,南京市,建邺区,1,62a54ba552dd3d26ddee8bcc
7266,金穗花园社区,118.717367,31.973843,江苏省南京市建邺区沙洲街道中和路101-12,江苏省,南京市,建邺区,1,2fcbead49beef2684e5547f0
7267,金穗花园-西门,118.717505,31.974569,江苏省南京市建邺区中和路99号,江苏省,南京市,建邺区,1,ff3434e0ce49bb89b75f1e04
7268,清荷园小区-南园,118.720588,31.976374,南京市建邺区友谊街69号,江苏省,南京市,建邺区,1,9d5863e37284bc594c6d465b
7269,中和村经济适用房二期,118.711549,31.970636,南京市建邺区高庙路与清润路交叉路口西南侧,江苏省,南京市,建邺区,1,bb73eaf263ab3705d72ce2f1
7270,莲花新城-北苑,118.72671,31.974558,江苏省南京市建邺区友谊街38号,江苏省,南京市,建邺区,1,373b0b9a702a01ed48cc4a15
7271,竹柳新村,118.730215,31.973016,南京市雨花台区西善桥北路40号,江苏省,南京市,雨花台区,1,9f97b1c571f06106b74f5488
7272,天迈广场,118.727664,31.971868,南京市建邺区莲池路,江苏省,南京市,建邺区,1,4a1d074f40d07d13ed74f8a6
7274,清荷园小区,118.719979,31.976642,江苏省南京市建邺区中和路69号,江苏省,南京市,建邺区,1,b4f91860f692de04eddfcaf7
7275,铂悦公寓,118.726967,31.971352,江苏省南京市建邺区2号线油坊桥地铁站2号出口左走50米铂悦公寓,江苏省,南京市,建邺区,1,b8f8206a8587c0302bb97c70
7276,莲花新城嘉园,118.722558,31.971106,南京市建邺区莲池路50号,江苏省,南京市,建邺区,1,44db68b19ebe565c6c47604f
7277,竹柳南苑,118.729479,31.972135,南京市雨花台区西善桥北路42号,江苏省,南京市,雨花台区,1,dfc6c16cbc8503b5970319ae
7278,沙洲司法所莲花北苑社区,118.726613,31.975542,江苏省南京市建邺区友谊街46-2号,江苏省,南京市,建邺区,1,f1438ac6c34109001c3894fc
7279,莲花新城,118.726469,31.972667,江苏省南京市建邺区友谊街38号,江苏省,南京市,建邺区,1,7449648bdd8ad3b2b7f42f40
7280,清荷园-北园,118.723254,31.978879,南京市建邺区中和路69号,江苏省,南京市,建邺区,1,5dcf44c4e1c913b233169b78
7281,嘉园公寓南京莲花新城南苑店,118.722558,31.971106,南京市建邺区莲池路50号,江苏省,南京市,建邺区,1,44db68b19ebe565c6c47604f
7282,友谊公寓,118.728255,31.969548,南京市雨花台区西善桥北路93号,江苏省,南京市,雨花台区,1,b1c556e8aaa2a60cb5265588
7283,清荷园小区-南园,118.720588,31.976374,南京市建邺区友谊街69号,江苏省,南京市,建邺区,1,9d5863e37284bc594c6d465b
7284,油坊公寓,118.735566,31.961002,南京市雨花台区龙西路100号,江苏省,南京市,雨花台区,1,dee2b021a90f7ee628fc48f3
7285,清荷园小区-南园,118.720588,31.976374,南京市建邺区友谊街69号,江苏省,南京市,建邺区,1,9d5863e37284bc594c6d465b
7286,汪家8号,118.73697,31.975282,江苏省南京市雨花台区汪家8号,江苏省,南京市,雨花台区,1,3f4ba8f92a99bcda715e8024
7287,大众花园,118.735434,31.97721,江苏省南京市雨花台区西善桥北路28号,江苏省,南京市,雨花台区,1,435d7aea4caf05355bbbbc89
7288,青山竹苑-1幢,118.73682,31.976306,南京市雨花台区青山竹苑1幢,江苏省,南京市,雨花台区,1,719d95cffbf6ed5287330443
7289,汪家8号,118.73697,31.975282,江苏省南京市雨花台区汪家8号,江苏省,南京市,雨花台区,1,3f4ba8f92a99bcda715e8024
7290,汪家8号,118.73697,31.975282,江苏省南京市雨花台区汪家8号,江苏省,南京市,雨花台区,1,3f4ba8f92a99bcda715e8024
7291,樊家洼-5号,118.739574,31.971832,江苏省南京市雨花台区樊家洼5号,江苏省,南京市,雨花台区,1,bde98ca41620ad87e31103d4
7292,樊家洼-5号,118.739574,31.971832,江苏省南京市雨花台区樊家洼5号,江苏省,南京市,雨花台区,1,bde98ca41620ad87e31103d4
7293,樊家洼-5号,118.739574,31.971832,江苏省南京市雨花台区樊家洼5号,江苏省,南京市,雨花台区,1,bde98ca41620ad87e31103d4
7294,朝发电机厂家属院,118.738976,31.979578,南京市雨花台区沪蓉高速明豪花园北侧约90米,江苏省,南京市,雨花台区,1,edadf6d3d8bd0b9115764349
7295,樊家洼-7号,118.738888,31.971389,江苏省南京市雨花台区樊家洼7号,江苏省,南京市,雨花台区,1,617b87cafeca1db0a2a934fa
7296,明豪花园,118.739186,31.978202,江苏省南京市雨花台区贾东村101号,江苏省,南京市,雨花台区,1,14076deeff10c5f403294f88
7297,樊家洼-7号,118.738888,31.971389,江苏省南京市雨花台区樊家洼7号,江苏省,南京市,雨花台区,1,617b87cafeca1db0a2a934fa
7298,樊家洼-5号,118.739574,31.971832,江苏省南京市雨花台区樊家洼5号,江苏省,南京市,雨花台区,1,bde98ca41620ad87e31103d4
7299,樊家洼-4号,118.739328,31.97156,江苏省南京市雨花台区樊家洼4号,江苏省,南京市,雨花台区,1,4ff24bd7a6cbaed6283a9f40
7300,樊家洼-2号,118.739239,31.971433,江苏省南京市雨花台区樊家洼2号,江苏省,南京市,雨花台区,1,18945d9809a68546e81e9730
7301,樊家洼-2号,118.739239,31.971433,江苏省南京市雨花台区樊家洼2号,江苏省,南京市,雨花台区,1,18945d9809a68546e81e9730
7302,贾西新苑2号楼,118.741469,31.965647,江苏省南京市雨花台区贾西新苑2幢,江苏省,南京市,雨花台区,1,b6fb92f9f2731645cc06a404
7303,七贤街16号3栋,118.741518,31.966193,江苏省南京市雨花台区贾西新苑3幢,江苏省,南京市,雨花台区,1,d7ffb81eb8bf5a2d40e192bf
7304,贾西,118.740464,31.964989,地铁S3号线,江苏省,南京市,雨花台区,1,e57f2d9a1041c3e4b020a862
7305,贾西101号,118.74099,31.971564,江苏省南京市雨花台区贾西101号,江苏省,南京市,雨花台区,1,af4193dfd498073aa8175a53
7306,七贤街16号3栋,118.741518,31.966193,江苏省南京市雨花台区贾西新苑3幢,江苏省,南京市,雨花台区,1,d7ffb81eb8bf5a2d40e192bf
7307,贾东村106号,118.740737,31.976117,江苏省南京市雨花台区贾东村106号,江苏省,南京市,雨花台区,1,0039f8cd8524ef9d770269c3
7308,七贤街16号3栋,118.741518,31.966193,江苏省南京市雨花台区贾西新苑3幢,江苏省,南京市,雨花台区,1,d7ffb81eb8bf5a2d40e192bf
7309,七贤街16号3栋,118.741518,31.966193,江苏省南京市雨花台区贾西新苑3幢,江苏省,南京市,雨花台区,1,d7ffb81eb8bf5a2d40e192bf
7310,七贤街16号3栋,118.741518,31.966193,江苏省南京市雨花台区贾西新苑3幢,江苏省,南京市,雨花台区,1,d7ffb81eb8bf5a2d40e192bf
7311,贾西新苑4号楼,118.741563,31.966672,江苏省南京市雨花台区七贤街16号贾西新苑,江苏省,南京市,雨花台区,1,c6e12b391476c6f9d8d89128
7312,贾西101号,118.74099,31.971564,江苏省南京市雨花台区贾西101号,江苏省,南京市,雨花台区,1,af4193dfd498073aa8175a53
7313,七彩星城,118.731515,31.971064,南京市雨花台区西善桥北路9-2号,江苏省,南京市,雨花台区,1,b57d05b280331e73ce04efe3
7314,贾西101号,118.74099,31.971564,江苏省南京市雨花台区贾西101号,江苏省,南京市,雨花台区,1,af4193dfd498073aa8175a53
7315,七贤街16号3栋,118.741518,31.966193,江苏省南京市雨花台区贾西新苑3幢,江苏省,南京市,雨花台区,1,d7ffb81eb8bf5a2d40e192bf
7316,七彩星城国学府,118.730354,31.969699,江苏省南京市雨花台区西善桥北路9-16号,江苏省,南京市,雨花台区,1,2dfde6d6a0a077d8d81318ff
7317,七彩星城-幸福里,118.731295,31.970958,江苏省南京市雨花台区西善桥北路87号,江苏省,南京市,雨花台区,1,3d6095828f2acd4443ab9ae2
7319,琥珀花园-西苑,118.744648,31.978604,南京市雨花台区凤信路68号,江苏省,南京市,雨花台区,1,4a2ac5236aae2db89868b488
7320,琥珀花园,118.746675,31.976398,江苏省南京市雨花台区凤信路68号,江苏省,南京市,雨花台区,1,31ee0961cb3acabf21026210
7321,贾西101号,118.74099,31.971564,江苏省南京市雨花台区贾西101号,江苏省,南京市,雨花台区,1,af4193dfd498073aa8175a53
7322,七贤街16号3栋,118.741518,31.966193,江苏省南京市雨花台区贾西新苑3幢,江苏省,南京市,雨花台区,1,d7ffb81eb8bf5a2d40e192bf
7323,樊家洼-5号,118.739574,31.971832,江苏省南京市雨花台区樊家洼5号,江苏省,南京市,雨花台区,1,bde98ca41620ad87e31103d4
7324,樊家洼-2号,118.739239,31.971433,江苏省南京市雨花台区樊家洼2号,江苏省,南京市,雨花台区,1,18945d9809a68546e81e9730
7325,汇智大厦,118.759656,31.978243,南京市雨花台区宁双路28号,江苏省,南京市,雨花台区,1,b11a01b1d391c6a12cb908d9
7326,创智大厦,118.755227,31.974847,江苏省南京市雨花台区西春路1号,江苏省,南京市,雨花台区,1,ed1450b863ff02ae4e554752
7327,中和大厦,118.755869,31.976186,江苏省南京市雨花台区宁双路80号,江苏省,南京市,雨花台区,1,f40eabc09a46a19122f017d6
7328,铁心桥服务区-停车场,118.752704,31.970975,南京市雨花台区铁心桥服务区,江苏省,南京市,雨花台区,1,f056a8f239b1029c940319b1
7329,铁心桥服务区-停车场,118.752704,31.970975,南京市雨花台区铁心桥服务区,江苏省,南京市,雨花台区,1,f056a8f239b1029c940319b1
7330,中和大厦-A座,118.755691,31.975946,江苏省南京市雨花台区邃密科技大厦(西春路西),江苏省,南京市,雨花台区,1,db4a0472a46741d9593ac854
7331,龙家凹-22号,118.752542,31.979729,江苏省南京市雨花台区龙家凹22号,江苏省,南京市,雨花台区,1,887c1baa03c4e5a648cc4ad2
7332,龙家凹-99号,118.751466,31.979507,江苏省南京市雨花台区龙家凹99号,江苏省,南京市,雨花台区,1,31ac9e3025063420364aae7b
7333,小行小区,118.750488,31.986882,26路;96路;127路;153路;338路;Y20路夜间;Y22路夜间,江苏省,南京市,雨花台区,0,cbf7c7b50b96a2e9b220a892
7334,春江新城-新河苑,118.750934,31.968575,南京市雨花台区江艺路25号,江苏省,南京市,雨花台区,1,a0d7b48a311c8cdfd3ff233d
7335,春江新城,118.760539,31.967438,江苏省南京市春江路59号,江苏省,南京市,雨花台区,1,a74481d6b2199a3af403b88d
7336,春江新城龙泉坊,118.758965,31.970284,南京市雨花台区江艺路25号,江苏省,南京市,雨花台区,1,fb8b5de76fafd383fbf0cbc6
7337,凤翔新城-二期,118.766827,31.975325,南京市雨花台区宁双路7号,江苏省,南京市,雨花台区,1,cc2651c7c5a001500bf5ebcf
7338,凤翔新城,118.763998,31.975338,江苏省南京市雨花台区宁双路7号,江苏省,南京市,雨花台区,1,556696edff3fbb8d31870a84
7340,民警附属及备勤综合用房,118.76148,31.973824,南京市雨花台区凤信路凤翔新城-一期西南侧约60米,江苏省,南京市,雨花台区,1,07625358502c6d122fb9085b
7341,凤翔花园-三期,118.768557,31.972462,铁心桥大街4号,江苏省,南京市,雨花台区,1,7ecc3b053d4b3c21f8dc85da
7342,南京九号别墅,118.768902,31.971715,江苏省南京市雨花台区铁心桥大街6号,江苏省,南京市,雨花台区,1,a3083f905d11fab4f4b91653
7343,凤翔山庄(二、四区),118.762747,31.97014,南京市雨花台区春江路52号,江苏省,南京市,雨花台区,1,2fd2beab7aec3b527bdbd288
7344,饮溪坊,118.760945,31.970593,南京市雨花台区春江路60号,江苏省,南京市,雨花台区,1,333a11e72f16ad5d77026945
7345,怡化中心,118.768568,31.978502,南京市雨花台区安德门大街50号,江苏省,南京市,雨花台区,1,f093717e447de684f4b91610
7346,楚翘城,118.770655,31.976922,南京市雨花台区安德门大街61号,江苏省,南京市,雨花台区,1,b8de9a751aa7b5fe704b8724
7347,中兴人才公寓,118.773836,31.976743,南京市雨花台区安德门大街53号,江苏省,南京市,雨花台区,1,9fe33428cd51c296b13c811b
7348,梁家,118.775622,31.980696,南京市雨花台区,江苏省,南京市,雨花台区,1,05dd7d5f66179501ac080f87
7349,南京外国语学校雨花国际学校-西门,118.772827,31.979083,南京市雨花台区华为路与宁双路交叉口东北150米梁家洼6号西北侧,江苏省,南京市,雨花台区,1,cfb85fa0cd1d007f0c0a70ff
7350,景明佳园-畅景苑,118.785222,31.971039,南京市雨花台区花神大道298号,江苏省,南京市,雨花台区,1,fe9b109c8811e66145572666
7351,三江学院高等职业技术学院-2号男生公寓,118.781093,31.972232,南京市雨花台区铁心桥街道共青团路与花神大道交叉口西100米三江学院高等职业技术学院2号,江苏省,南京市,雨花台区,1,25700847c09eba870b69d968
7352,三江学院高等职业技术学院-1号女生公寓,118.780888,31.971574,南京市雨花台区铁心桥街道三江学院高等职业技术学院1号,江苏省,南京市,雨花台区,1,4d4fb6cc104534756c3e1be7
7353,京妆商务,118.783973,31.978935,江苏省南京市雨花台区花神大道23号,江苏省,南京市,雨花台区,1,69d6ea04c633061ae8e582ee
7354,泽天能源-西楼,118.782816,31.978958,南京市雨花台区花神大道23号,江苏省,南京市,雨花台区,1,e04bae501338822e2cb96d6f
7355,泽天能源东楼,118.783025,31.978972,南京市雨花台区花神大道23号,江苏省,南京市,雨花台区,1,cb062f8d0bf7d3eb2e473327
7356,雨花台区德讯科技大厦,118.782587,31.979705,江苏省南京市雨花台区花神大道21号,江苏省,南京市,雨花台区,1,fcc7ba7e2ca170ff095cb310
7357,双龙嘉园,118.795784,31.97561,南京市雨花台区石华街16号,江苏省,南京市,雨花台区,1,3b7b564bdd0453f483a00c4e
7358,绿地之窗(锦绣街),118.797493,31.974353,江苏省南京市雨花台区锦绣街5号,江苏省,南京市,雨花台区,1,7c7bb7d7403f541b32870a00
7359,双龙嘉园-西区,118.793614,31.97546,南京市雨花台区石华街17号,江苏省,南京市,雨花台区,1,1290e42388a1ca94f603b8bd
7360,双龙嘉园-东区,118.793869,31.97437,南京市雨花台区梅香路5号,江苏省,南京市,雨花台区,1,d59b06562769c0f6593ac8f7
7361,双龙嘉园-南区,118.796274,31.975783,南京市雨花台区石华街16号,江苏省,南京市,雨花台区,1,3ab26eda193720788f1a89e5
7362,双龙嘉园,118.795784,31.97561,南京市雨花台区石华街16号,江苏省,南京市,雨花台区,1,3b7b564bdd0453f483a00c4e
7363,双龙嘉园-北区,118.795636,31.976232,南京市雨花台区石华街15号,江苏省,南京市,雨花台区,1,7dddb89815fffd9c00294f43
7364,梅香路5号院,118.793395,31.973966,南京市雨花台区梅香路5号,江苏省,南京市,雨花台区,1,88822f7a6da081a8a2046498
7365,金轮·星立方B区,118.806868,31.978337,江苏省南京市雨花台区玉盘东街2号,江苏省,南京市,雨花台区,1,0f3fde19ed044be77cc87616
7366,万科九都荟-G区,118.814344,31.970474,南京市雨花台区开明街与民和路交叉路口往西约50米,江苏省,南京市,雨花台区,1,aa784f73161dde242fb90848
7367,万科九都荟-B区,118.812186,31.975481,南京市雨花台区民和路万科星荟,江苏省,南京市,雨花台区,1,577f6bff3c848d387069d33a
7368,九都荟-C区,118.813654,31.973982,江苏省南京市雨花台区民和路5号,江苏省,南京市,雨花台区,1,94c618bfd08420cfc9e33c8d
7369,证大喜玛拉雅-F座,118.81128,31.972627,南京市雨花台区明城大道10号,江苏省,南京市,雨花台区,1,bebf23c3ccdc107a220262e4
7370,祥云苑,118.825478,31.976264,江苏省南京市江宁区双龙大道355号,江苏省,南京市,江宁区,1,1e9bb490b6fb8617e01103ee
7371,天龙山庄(双龙大道辅路),118.819602,31.975145,江苏省南京市江宁区双龙大道464号2栋,江苏省,南京市,江宁区,1,e259c2519984395421f0179d
7372,双龙别墅,118.817049,31.977878,双龙大道322号,江苏省,南京市,雨花台区,1,7c5e480b5dbab8b4adb22a7a
7373,证大喜玛拉雅中心,118.810565,31.972651,南京市雨花台区民智路3号,江苏省,南京市,雨花台区,1,3d0bf1ca771b289ca2a93499
7374,南京万科尚都荟花园,118.814214,31.976782,江苏省南京市雨花区博爱街27号,江苏省,南京市,雨花区,1,3b9457a834c9cdb4e4e965a0
7375,铁投大厦,118.816721,31.9789,江苏省南京市雨花台区双龙大道286号,江苏省,南京市,雨花台区,1,77e8c0f348a624186c3e1b89
7376,万科·九都荟-D区,118.814466,31.972599,江苏省南京市雨花台区民和路11号,江苏省,南京市,雨花台区,1,224cd0a2a47541efc27da2f9
7377,万科九都荟-G区,118.814344,31.970474,南京市雨花台区开明街与民和路交叉路口往西约50米,江苏省,南京市,雨花台区,1,aa784f73161dde242fb90848
7378,经纬城市花园,118.824981,31.974803,南京市江宁区岔路口金盛路69号经纬城市花园,江苏省,南京市,江宁区,1,bb1d38e4c35de54d0c0a707a
7379,金盛花园,118.829739,31.972161,南京市江宁区岔路口宏运大道1903号,江苏省,南京市,江宁区,1,7524cb4fed2c5e3404026f7a
7380,鑫泰国际广场,118.821457,31.971718,南京市江宁区双龙大道568号,江苏省,南京市,江宁区,1,cde9e2c79566b5cae81e9719
7381,名嘉佳园,118.826482,31.973057,南京市江宁区双龙大道577号,江苏省,南京市,江宁区,1,cd76d5d7da208d1c5d17c315
7382,紫薇花园,118.825863,31.974005,南京市江宁区金盛路50号,江苏省,南京市,江宁区,1,a12baa40d9e1f156e856fa7a
7383,金盛大厦,118.830181,31.974958,南京市江宁区金盛路199号,江苏省,南京市,江宁区,1,bff8fa7d51d1bdddc9213da6
7384,盈家春天花园,118.829065,31.976239,南京市江宁区金盛路175号,江苏省,南京市,江宁区,1,c21db9e51513348200ff2d34
7385,金盛南苑,118.830129,31.974233,南京市江宁区金盛路252号,江苏省,南京市,江宁区,1,c96be51c5f7cc0a601294f9e
7386,武夷商城-天骄阁,118.827038,31.971873,南京市江宁区东山街道宏运大道1813号,江苏省,南京市,江宁区,1,a0a36b86d5832369aeb22a1d
7387,武夷商城风尚阁,118.824244,31.97217,南京市江宁区双龙大道595号,江苏省,南京市,江宁区,1,8c6811695bff9558018972c2
7388,盈嘉·青春渡-B座,118.829044,31.975228,南京市江宁区金盛路175号,江苏省,南京市,江宁区,1,c18ca9ff541a786a9d95deb5
7389,武夷商城-凌云阁,118.82453,31.970755,南京市江宁区双龙大道626号,江苏省,南京市,江宁区,1,a0b7b467271bbf8d09a8d49f
7390,盈嘉·青春渡,118.829349,31.974902,江苏省南京市江宁区金盛路175号,江苏省,南京市,江宁区,1,72aa2513cfa3de47077ce87a
7391,盈家春天花园-南门,118.82903,31.976262,南京市江宁区中水路15号附近,江苏省,南京市,江宁区,1,ca1be035aea9b643fbdc85b7
7392,天地新城,118.8337,31.977304,南京市江宁区金盛路299号,江苏省,南京市,江宁区,1,fa7da3e8b976d86242d63e7a
7393,碧水湾,118.83705,31.975006,南京市江宁区金盛路518号,江苏省,南京市,江宁区,1,0b1de79c0ac557e6a11de95a
7394,天水雅居,118.832301,31.974267,南京市江宁区金盛路328号,江苏省,南京市,江宁区,1,4642844a8aaadba7c9fa5f3a
7395,山水方舟,118.836018,31.971523,南京市江宁区岔路口宏运大道2199号(秦淮河畔),江苏省,南京市,江宁区,1,e6b7f09e6d13dfb78e772794
7396,瀛洲湾花园,118.837965,31.977986,江苏省南京市江宁区金盛路800号,江苏省,南京市,江宁区,1,5d262f572e5a5cc1da13184c
7397,金盛公寓,118.830996,31.975808,南京市江宁区金盛路227号,江苏省,南京市,江宁区,1,739e3b37add7d240715e8076
7398,三江学院东山校区-男生宿舍A楼,118.831727,31.976691,南京市江宁区中水路58号三江学院东三校区内,江苏省,南京市,江宁区,1,d2bdcc2af4a632cab21e3666
7399,三江学院东山校区-男生宿舍A楼,118.831727,31.976691,南京市江宁区中水路58号三江学院东三校区内,江苏省,南京市,江宁区,1,d2bdcc2af4a632cab21e3666
7400,邵圣社区,118.831323,31.983919,南京市江宁区中水路18号,江苏省,南京市,江宁区,1,c679b7ab05c484a609b93ae4
7401,东秦新苑,118.831137,31.971549,南京市江宁区宏运大道1923号,江苏省,南京市,江宁区,1,25655a28e1adcb358b2fb595
7402,天地新城天-1座,118.836731,31.984093,南京市江宁区金盛路299号,江苏省,南京市,江宁区,1,f4291c0bef098385dbeced05
7403,前淹儿港1号,118.844633,31.976108,江苏省南京市江宁区前淹儿港1号,江苏省,南京市,江宁区,1,2aa7fac7183cd3266f3e1b9f
7404,前淹儿港-85号,118.844766,31.977239,江苏省南京市江宁区前淹儿港85号,江苏省,南京市,江宁区,1,2f8bbcee9c6b74122102623d
7405,前淹儿港3号,118.844375,31.976251,江苏省南京市江宁区前淹儿港3号,江苏省,南京市,江宁区,1,0cd7df3e609f25109c09f789
7406,前淹儿港4号,118.844463,31.97635,江苏省南京市江宁区前淹儿港4号,江苏省,南京市,江宁区,1,ab1f0a98c2ee5d01ca2915b0
7407,前淹儿港34号,118.844567,31.976838,江苏省南京市江宁区前淹儿港34号,江苏省,南京市,江宁区,1,29cfec897b48de8cb13c8183
7408,前淹儿港87号,118.844118,31.976519,江苏省南京市江宁区前淹儿港87号,江苏省,南京市,江宁区,1,0f74b06fa4cd7234102935ef
7409,前淹儿港35号,118.84441,31.976711,江苏省南京市江宁区前淹儿港35号,江苏省,南京市,江宁区,1,55d2f66dc91226615dbe8698
7410,前淹儿港1号,118.844633,31.976108,江苏省南京市江宁区前淹儿港1号,江苏省,南京市,江宁区,1,2aa7fac7183cd3266f3e1b9f
7411,前淹儿港-16号,118.843681,31.976648,江苏省南京市江宁区前淹儿港16号,江苏省,南京市,江宁区,1,12d3451a3ad81a3313293525
7412,前淹儿港-85号,118.844766,31.977239,江苏省南京市江宁区前淹儿港85号,江苏省,南京市,江宁区,1,2f8bbcee9c6b74122102623d
7413,前淹儿港-85号,118.844766,31.977239,江苏省南京市江宁区前淹儿港85号,江苏省,南京市,江宁区,1,2f8bbcee9c6b74122102623d
7414,前淹儿港-25号,118.843702,31.976731,江苏省南京市江宁区前淹儿港25号,江苏省,南京市,江宁区,1,c1e47c58292a4fd89222e017
7415,前淹儿港64号,118.843994,31.977054,江苏省南京市江宁区前淹儿港64号,江苏省,南京市,江宁区,1,5c17f4e0ed0c54e7774ff1a4
7416,前淹儿港51号,118.845092,31.977513,江苏省南京市江宁区前淹儿港51号,江苏省,南京市,江宁区,1,5a4b7927bf7e2caaeee4a52e
7417,前淹儿港63号,118.843624,31.977073,江苏省南京市江宁区前淹儿港63号,江苏省,南京市,江宁区,1,9063f9155677e11a4c6d4608
7418,前淹儿港-85号,118.844766,31.977239,江苏省南京市江宁区前淹儿港85号,江苏省,南京市,江宁区,1,2f8bbcee9c6b74122102623d
7419,前淹儿港74号,118.844796,31.977827,江苏省南京市江宁区前淹儿港74号,江苏省,南京市,江宁区,1,db1dc5b1abe75df025d2bbfd
7420,前淹儿港-85号,118.844766,31.977239,江苏省南京市江宁区前淹儿港85号,江苏省,南京市,江宁区,1,2f8bbcee9c6b74122102623d
7421,后淹儿港87号,118.844982,31.978256,江苏省南京市江宁区后淹儿港87号,江苏省,南京市,江宁区,1,30076d705caa9c16eb12e457
7422,后淹儿港23号,118.844514,31.978348,江苏省南京市江宁区后淹儿港23号,江苏省,南京市,江宁区,1,28aa79c2b188e9469e82ea11
7423,后淹儿港-22号,118.844772,31.978936,江苏省南京市江宁区后淹儿港22号,江苏省,南京市,江宁区,1,e6de0c5cefd2def62a201ab3
7424,后淹儿港-65号,118.844977,31.979159,江苏省南京市江宁区后淹儿港65号,江苏省,南京市,江宁区,1,c358c32a7ca10b62fb2213cc
7425,后淹儿港-76号,118.845568,31.979741,江苏省南京市江宁区后淹儿港76号,江苏省,南京市,江宁区,1,295928c8d552aa252fe67b8f
7426,后淹儿港-24号,118.847062,31.979422,江苏省南京市江宁区后淹儿港24号,江苏省,南京市,江宁区,1,6a200148fd2b92148bf15d2d
7427,后淹儿港-83号,118.845615,31.979491,江苏省南京市江宁区后淹儿港83号,江苏省,南京市,江宁区,1,3ffee73868d6865407fef5c4
7428,后淹儿港-76号,118.845568,31.979741,江苏省南京市江宁区后淹儿港76号,江苏省,南京市,江宁区,1,295928c8d552aa252fe67b8f
7429,后淹儿港-31号,118.845746,31.979585,江苏省南京市江宁区后淹儿港31号,江苏省,南京市,江宁区,1,e74351af91d740154e776ef1
7430,后淹儿港-9号,118.845763,31.979418,江苏省南京市江宁区后淹儿港9号,江苏省,南京市,江宁区,1,94862866e14d3db417948e46
7431,后淹儿港-31号,118.845746,31.979585,江苏省南京市江宁区后淹儿港31号,江苏省,南京市,江宁区,1,e74351af91d740154e776ef1
7432,后淹儿港-76号,118.845568,31.979741,江苏省南京市江宁区后淹儿港76号,江苏省,南京市,江宁区,1,295928c8d552aa252fe67b8f
7433,后淹儿港-8号,118.84498,31.979599,江苏省南京市江宁区后淹儿港8号,江苏省,南京市,江宁区,1,03ea39687a7fec65b8df8faa
7434,后淹儿港-31号,118.845746,31.979585,江苏省南京市江宁区后淹儿港31号,江苏省,南京市,江宁区,1,e74351af91d740154e776ef1
7435,后淹儿港-53号,118.846838,31.979477,江苏省南京市江宁区后淹儿港53号,江苏省,南京市,江宁区,1,9dedd1184a506250d2f49e12
7436,后淹儿港52号,118.846667,31.979561,江苏省南京市江宁区后淹儿港52号,江苏省,南京市,江宁区,1,8a70c8a9d72e24dea2a9341e
7437,后淹儿港-76号,118.845568,31.979741,江苏省南京市江宁区后淹儿港76号,江苏省,南京市,江宁区,1,295928c8d552aa252fe67b8f
7438,后淹儿港-76号,118.845568,31.979741,江苏省南京市江宁区后淹儿港76号,江苏省,南京市,江宁区,1,295928c8d552aa252fe67b8f
7439,后淹儿港35号,118.846393,31.979668,江苏省南京市江宁区后淹儿港35号,江苏省,南京市,江宁区,1,bc043fac2cad9881a3a93456
7440,后淹儿港-31号,118.845746,31.979585,江苏省南京市江宁区后淹儿港31号,江苏省,南京市,江宁区,1,e74351af91d740154e776ef1
7441,后淹儿港-32号,118.845783,31.979768,江苏省南京市江宁区后淹儿港32号,江苏省,南京市,江宁区,1,7505616ae0550a86dbeced29
7442,后淹儿港-86号,118.848269,31.979074,江苏省南京市江宁区后淹儿港86号,江苏省,南京市,江宁区,1,37e8fe3b7d2c2e403ce2310c
7443,后淹儿港-76号,118.845568,31.979741,江苏省南京市江宁区后淹儿港76号,江苏省,南京市,江宁区,1,295928c8d552aa252fe67b8f
7444,后淹儿港-22号,118.844772,31.978936,江苏省南京市江宁区后淹儿港22号,江苏省,南京市,江宁区,1,e6de0c5cefd2def62a201ab3
7445,后淹儿港-27号,118.844959,31.979796,江苏省南京市江宁区后淹儿港27号,江苏省,南京市,江宁区,1,05db917eb09f8035f82d617c
7446,后淹儿港-76号,118.845568,31.979741,江苏省南京市江宁区后淹儿港76号,江苏省,南京市,江宁区,1,295928c8d552aa252fe67b8f
7447,后淹儿港-76号,118.845568,31.979741,江苏省南京市江宁区后淹儿港76号,江苏省,南京市,江宁区,1,295928c8d552aa252fe67b8f
7448,后淹儿港-76号,118.845568,31.979741,江苏省南京市江宁区后淹儿港76号,江苏省,南京市,江宁区,1,295928c8d552aa252fe67b8f
7449,后淹儿港41号,118.845558,31.979852,江苏省南京市江宁区后淹儿港41号,江苏省,南京市,江宁区,1,8d581fa9da486bd45d0d02f2
7450,后淹儿港-76号,118.845568,31.979741,江苏省南京市江宁区后淹儿港76号,江苏省,南京市,江宁区,1,295928c8d552aa252fe67b8f
7451,后淹儿港-76号,118.845568,31.979741,江苏省南京市江宁区后淹儿港76号,江苏省,南京市,江宁区,1,295928c8d552aa252fe67b8f
7452,后淹儿港-31号,118.845746,31.979585,江苏省南京市江宁区后淹儿港31号,江苏省,南京市,江宁区,1,e74351af91d740154e776ef1
7453,秦淮绿洲-三期,118.840849,31.971649,南京市江宁区东山街道宏运大道2299号,江苏省,南京市,江宁区,1,8b9bce0312dd342ffa42b23b
7454,秦淮绿洲,118.838194,31.968351,江苏省南京市江宁区宏运大道2288号,江苏省,南京市,江宁区,1,14076dee05040b8a03294f92
7455,秦淮绿洲-北区,118.840613,31.970624,南京市江宁区岔路口宏运大道2299号,江苏省,南京市,江宁区,1,c63292b53c75afa5774ff1d1
7456,香樟园-南门,118.849676,31.976959,共建路699号,江苏省,南京市,江宁区,1,765f2118d80b3ad422022062
7457,紫峰公馆,118.860609,31.969987,江苏省南京市江宁区东山街道东新北路188号(华润苏果后面约50米),江苏省,南京市,江宁区,1,6d2fb96afc96d5a1a5da397f
7458,商贸小区,118.859123,31.972,南京市江宁区古庙北路68号,江苏省,南京市,江宁区,1,71bbb52a1880c4640c3dda72
7459,南空章村,118.856056,31.971814,江宁区古庙北路,江苏省,南京市,江宁区,1,de39288f17e831f909b93ad7
7460,爱涛尚逸华府,118.869439,31.977088,南京市江宁区东山街道宏运大道4699号,江苏省,南京市,江宁区,1,c879fa0169475134c909f06f
7461,青山湾花园,118.869751,31.972638,南京市江宁区宏运大道4597号,江苏省,南京市,江宁区,1,2885f55e4506f30ed3ff2379
7462,景祥北苑,118.865522,31.9755,景祥北苑,江苏省,南京市,江宁区,1,ff4576fa2b56dc64eee4a542
7463,安和家园,118.866953,31.976176,南京市江宁区湖山路108号,江苏省,南京市,江宁区,1,04527f4cc54739962811d1f7
7464,景祥大厦,118.865014,31.972424,南京市江宁区宏运大道4597号,江苏省,南京市,江宁区,1,2746c57eac4241168c55ecf8
7465,章村集团章建三处公寓,118.862602,31.971916,江苏省南京市江宁区石羊路6号下章村25号,江苏省,南京市,江宁区,1,ca3032799f3a25674c3a59d1
7466,章村社区,118.863074,31.966452,737路;791路;818路,江苏省,南京市,江宁区,0,313a68d9c0c788cee856fa41
7467,瑞祥佳苑,118.866673,31.977859,南京市江宁区湖西路68号,江苏省,南京市,江宁区,1,3fa839b8e48c61ba5d0d0250
7468,景祥佳园,118.866633,31.974409,宏运大道4599号,江苏省,南京市,江宁区,1,2a7a25eca5c55f1e6d3e1ba6
7469,南祥星际,118.867168,31.972033,南京市江宁区宏运大道4588号,江苏省,南京市,江宁区,1,3d226afa38b2049dd13ce3d2
7470,宁杭高铁安置房,118.865748,31.97697,南京市江宁区湖西路瑞祥佳苑,江苏省,南京市,江宁区,1,6ef0efda9947005cb1077d8d
7471,景祥佳园竹园21幢,118.867028,31.974853,南京市江宁区宏运大道4599号景祥佳园东苑21幢,江苏省,南京市,江宁区,1,e1ca0ee29898115a43ab9a62
7472,章村工业园-1号,118.861462,31.975657,江苏省南京市江宁区章村工业园1号,江苏省,南京市,江宁区,1,875cc26583c978c4931fc9e4
7473,武夷水岸家园,118.874171,31.971045,江苏省南京市江宁区湖山北路95号,江苏省,南京市,江宁区,1,0adce3e2a040da1d80a00cc3
7474,武夷水岸家园-南区,118.87392,31.971017,南京市江宁区湖山北路95号,江苏省,南京市,江宁区,1,1891f0f70ab3b2289cec2bbe
7475,武夷水岸家园-北区,118.872751,31.973514,江苏省南京市江宁区湖山北路95号,江苏省,南京市,江宁区,1,6fb8c2f5cbcfb98de856faa8
7476,武夷水岸家园北区-南门,118.873289,31.972119,南京市江宁区湖山北路95号,江苏省,南京市,江宁区,1,426efc10fcbc2d72c8213d9b
7477,青山湾花园-东门,118.870746,31.972664,南京市江宁区宏运大道4618号附近,江苏省,南京市,江宁区,1,e403c3bc876b160eb5f42fa7
7478,东麒佳苑,118.884563,31.976386,"南京市江宁区东山街道永安社区上高路东麒佳苑,上高路66号",江苏省,南京市,江宁区,1,6713887d69ff6b0588fc0628
7479,南京浩瀚研发大楼,118.884798,31.990417,天行路19号,江苏省,南京市,江宁区,1,5230c943da4f5e55adcb6660
7480,东麒雅苑,118.88365,31.977873,江苏省南京市江宁区上高路69号,江苏省,南京市,江宁区,1,36ae0a6aaf19027b7bf796a6
7481,东城金茂悦,118.885447,31.974462,江苏省南京市江宁区文靖东路88号,江苏省,南京市,江宁区,1,51fe143213427b73631c6729
7482,祈泽佳苑,118.882165,31.972608,文靖东路祈泽佳苑,江苏省,南京市,江宁区,1,d1b3e662a5871108e5073878
7483,天宁雅居1号楼,118.891611,31.961628,江苏省南京市江宁区天宁雅居01幢,江苏省,南京市,江宁区,1,736ecdefd51fbcd67dc876f7
7484,东麒佳苑-北门,118.883611,31.976882,江苏省南京市江宁区永安社区万安北路东麒佳苑北门,江苏省,南京市,江宁区,1,9e2fc7faa06dc972f72310cf
7485,江宁殡仪馆-北门,118.893267,31.978046,江苏省南京市江宁区陈陵路199号西南方向162米,江苏省,南京市,江宁区,1,1d158a6ca791c66a6c4760c5
7486,青龙山总部·经济岛,118.934933,31.976824,江苏省南京市江宁区青龙山科技文化创意园(青龙山庄附近),江苏省,南京市,江宁区,1,c3168ba44c40119e8bfc0640
7487,悦峰小筑,119.022599,31.974446,汤山街道孟墓社区七坊农家乐附近,江苏省,南京市,江宁区,1,86dcd6a59dcf4844a9059d96
7488,鲁能公馆一期-东南门,118.69852,31.969377,南京市建邺区螺塘路附近,江苏省,南京市,建邺区,1,cc42816d2a3400358e1a8992
7489,升龙天汇B区,118.706237,31.969863,南京市建邺区文远街升龙天汇,江苏省,南京市,建邺区,1,bf01121bb443eaa79122e079
7490,南京升龙天汇-C区,118.704326,31.968666,江苏省南京市建邺区吴侯街169号,江苏省,南京市,建邺区,1,b0d2dfd48b58895bea56fa4f
7491,清润园小区,118.712021,31.969383,江苏省南京市建邺区高庙路7号,江苏省,南京市,建邺区,1,c39cec5db590b27a16a19015
7493,清泽园,118.710621,31.970121,江苏省南京市建邺区高庙路9号,江苏省,南京市,建邺区,1,72d955538d6a9bda04026fc5
7494,莲花新城-南苑,118.720316,31.967828,南京市建邺区平良大街43号,江苏省,南京市,建邺区,1,71ad9de72b32bb084557267f
7495,南京河西南部市政综合体,118.715248,31.969772,江苏省南京市建邺区河西中央商务区中和路清风园附近,江苏省,南京市,建邺区,1,9e52d9bf2632261cc51e519d
7496,地勘新苑小区,118.713855,31.960858,南京市雨花台区西善桥南路20号,江苏省,南京市,雨花台区,1,b3aa435d6af2ae0b14764388
7497,明华家园,118.725761,31.966001,南京市雨花台区西善桥北路101号,江苏省,南京市,雨花台区,1,22e1140770f60eb4d4b74e88
7498,明华家园-二期,118.727275,31.968589,南京市雨花台区西善桥北路95号,江苏省,南京市,雨花台区,1,cb7d4a3922f88760c7f025b1
7499,友谊公寓,118.728255,31.969548,南京市雨花台区西善桥北路93号,江苏省,南京市,雨花台区,1,b1c556e8aaa2a60cb5265588
7500,映月溪山花园-南1门,118.731033,31.956795,江苏省南京市雨花台区泰山北路,江苏省,南京市,雨花台区,1,04b79a7d7ec83bdaa8f0cdc5
7502,铁路安居房,118.725596,31.962226,南京市雨花台区西善桥北路与陇西路交叉路口往东南约210米,江苏省,南京市,雨花台区,1,81f97ce8091916daca291502
7503,新西公寓,118.722492,31.963075,江苏省南京市雨花台区西善桥北路76号,江苏省,南京市,雨花台区,1,56e88cba6ea8a465a5c75688
7504,西善桥铁路工区,118.719976,31.959894,西善北路西善桥大酒店后面,江苏省,南京市,雨花台区,1,37fac3cda11a9e8f1d58005b
7505,交通二期,118.725168,31.96583,江苏省南京市雨花台区西善桥北路64号,江苏省,南京市,雨花台区,1,db7a8399a5f1c370fb2d61a8
7506,西善公寓,118.724055,31.964137,江苏省南京市雨花台区西善桥北路70号刘家村6单元,江苏省,南京市,雨花台区,1,57e3fa038156d1b88bfc06ff
7507,交通1期,118.724718,31.965247,南京市雨花台区西善桥北路64号,江苏省,南京市,雨花台区,1,20a7e1af5995dedd931fc9ef
7508,西善花苑-万兴园,118.702905,31.944765,江苏省南京市雨花台区梅山村中心路9号,江苏省,南京市,雨花台区,1,ba2bd28dcb2053916018095c
7509,东升园,118.737255,31.964453,南京市雨花台区龙西路193号,江苏省,南京市,雨花台区,1,b7729151a3f47ea92b201a31
7510,贾西,118.740464,31.964989,地铁S3号线,江苏省,南京市,雨花台区,1,e57f2d9a1041c3e4b020a862
7511,东升山庄,118.738448,31.963346,龙西路199号,江苏省,南京市,雨花台区,1,befdb292a1b2aee186154188
7512,油坊新村,118.735305,31.962043,南京市雨花台区西善桥龙西路105号,江苏省,南京市,雨花台区,1,a69839f5e5e6a9710782c286
7513,龙凤佳园,118.734314,31.961915,南京市雨花台区西善桥陇西路18号,江苏省,南京市,雨花台区,1,300bf74f51cc0de30c0a708d
7514,东升裕园,118.739239,31.964495,南京市雨花台区龙西路199号西门,江苏省,南京市,雨花台区,1,b292b3aa9af85f28be484235
7515,贾西新苑,118.742112,31.967245,江苏省南京市雨花台区七贤街16号,江苏省,南京市,雨花台区,1,7570a4eab6879557f503b8f1
7516,七贤街16号3栋,118.741518,31.966193,江苏省南京市雨花台区贾西新苑3幢,江苏省,南京市,雨花台区,1,d7ffb81eb8bf5a2d40e192bf
7517,龙西路198号院,118.737977,31.961776,南京市雨花台区龙西路198号,江苏省,南京市,雨花台区,1,1722cfe4edb3344c07026f36
7518,七贤街16号3栋,118.741518,31.966193,江苏省南京市雨花台区贾西新苑3幢,江苏省,南京市,雨花台区,1,d7ffb81eb8bf5a2d40e192bf
7519,福润雅居四圩新村,118.738316,31.961798,江苏省南京市雨花台区刘家村6号,江苏省,南京市,雨花台区,1,d288b552aae0c183ab0dd8c2
7520,油坊公寓,118.735566,31.961002,南京市雨花台区龙西路100号,江苏省,南京市,雨花台区,1,dee2b021a90f7ee628fc48f3
7521,贾西101号,118.74099,31.971564,江苏省南京市雨花台区贾西101号,江苏省,南京市,雨花台区,1,af4193dfd498073aa8175a53
7522,龙凤园,118.731713,31.96257,南京市雨花台区龙西路87号,江苏省,南京市,雨花台区,1,6aaef30ef9e1b3285e17c301
7523,七贤街16号16栋,118.743338,31.968393,江苏省南京市雨花台区七贤街16号16栋,江苏省,南京市,雨花台区,1,8635ea0547f51c939122e098
7524,七贤街16号15栋,118.743559,31.96783,江苏省南京市雨花台区七贤街16号15栋,江苏省,南京市,雨花台区,1,0b0900f5df695457c6effb14
7525,福润雅居-翠竹园,118.736453,31.960901,南京市雨花台区许家88号,江苏省,南京市,雨花台区,1,881a28e765c84e3af842b2a7
7526,贾西新苑14号楼,118.743682,31.967438,江苏省南京市雨花台区七贤街16号14栋,江苏省,南京市,雨花台区,1,3be9ff4f1df57e9fab175ac8
7527,贾西新苑12号楼,118.742345,31.967163,江苏省南京市雨花台区贾西新苑12幢,江苏省,南京市,雨花台区,1,d64416f32ff88149ca09f0e2
7528,双骏楼酒店,118.709753,31.959039,南京市雨花台区西善桥街道建宁二村9栋,江苏省,南京市,雨花台区,1,1bd3be8b59586b150b1cc72b
7529,七贤街16号17栋,118.742858,31.968913,江苏省南京市雨花台区七贤街16号17栋,江苏省,南京市,雨花台区,1,215f15f672f16df516c8f604
7530,七贤街16号3栋,118.741518,31.966193,江苏省南京市雨花台区贾西新苑3幢,江苏省,南京市,雨花台区,1,d7ffb81eb8bf5a2d40e192bf
7531,贾西新苑,118.742112,31.967245,江苏省南京市雨花台区七贤街16号,江苏省,南京市,雨花台区,1,7570a4eab6879557f503b8f1
7532,贾西新苑,118.742112,31.967245,江苏省南京市雨花台区七贤街16号,江苏省,南京市,雨花台区,1,7570a4eab6879557f503b8f1
7533,贾西新苑2号楼,118.741469,31.965647,江苏省南京市雨花台区贾西新苑2幢,江苏省,南京市,雨花台区,1,b6fb92f9f2731645cc06a404
7534,贾西新苑,118.742112,31.967245,江苏省南京市雨花台区七贤街16号,江苏省,南京市,雨花台区,1,7570a4eab6879557f503b8f1
7535,福润雅居樟香园-14号,118.737702,31.960733,江苏省南京市雨花台区福润雅居樟香园14号,江苏省,南京市,雨花台区,1,f30b8e442bd22f302bb97c5f
7536,七贤街16号3栋,118.741518,31.966193,江苏省南京市雨花台区贾西新苑3幢,江苏省,南京市,雨花台区,1,d7ffb81eb8bf5a2d40e192bf
7537,七贤街16号3栋,118.741518,31.966193,江苏省南京市雨花台区贾西新苑3幢,江苏省,南京市,雨花台区,1,d7ffb81eb8bf5a2d40e192bf
7538,七贤街16号9栋,118.742189,31.965684,江苏省南京市雨花台区七贤街16号9栋,江苏省,南京市,雨花台区,1,3ae91d1c7087bf19d2f49e86
7539,贾西新苑,118.742112,31.967245,江苏省南京市雨花台区七贤街16号,江苏省,南京市,雨花台区,1,7570a4eab6879557f503b8f1
7540,贾西新苑12号楼,118.742345,31.967163,江苏省南京市雨花台区贾西新苑12幢,江苏省,南京市,雨花台区,1,d64416f32ff88149ca09f0e2
7541,贾西新苑,118.742112,31.967245,江苏省南京市雨花台区七贤街16号,江苏省,南京市,雨花台区,1,7570a4eab6879557f503b8f1
7542,小村一期,118.740921,31.961966,南京市雨花台区龙西路204号,江苏省,南京市,雨花台区,1,473f1549544a74c7ce04ef89
7543,七贤街16号3栋,118.741518,31.966193,江苏省南京市雨花台区贾西新苑3幢,江苏省,南京市,雨花台区,1,d7ffb81eb8bf5a2d40e192bf
7544,贾西,118.740464,31.964989,地铁S3号线,江苏省,南京市,雨花台区,1,e57f2d9a1041c3e4b020a862
7545,梅苑小区,118.733069,31.960095,南京市雨花台区龙西路82号,江苏省,南京市,雨花台区,1,b537f95a4854d61200ec012c
7546,贾西新苑2号楼,118.741469,31.965647,江苏省南京市雨花台区贾西新苑2幢,江苏省,南京市,雨花台区,1,b6fb92f9f2731645cc06a404
7547,贾西,118.740464,31.964989,地铁S3号线,江苏省,南京市,雨花台区,1,e57f2d9a1041c3e4b020a862
7548,晓村和苑,118.741086,31.961156,江苏省南京市雨花台区龙西路204号,江苏省,南京市,雨花台区,1,0ac9cfc4760e4a93871541a3
7549,贾西101号,118.74099,31.971564,江苏省南京市雨花台区贾西101号,江苏省,南京市,雨花台区,1,af4193dfd498073aa8175a53
7550,贾西新苑,118.742112,31.967245,江苏省南京市雨花台区七贤街16号,江苏省,南京市,雨花台区,1,7570a4eab6879557f503b8f1
7551,贾西社区巴士(贾西-中和村),118.741159,31.966827,南京市雨花台区七贤街贾西新苑,江苏省,南京市,雨花台区,1,26a96e44ea9fef74f33cba30
7552,小村一期,118.740921,31.961966,南京市雨花台区龙西路204号,江苏省,南京市,雨花台区,1,473f1549544a74c7ce04ef89
7553,贾西新苑,118.742112,31.967245,江苏省南京市雨花台区七贤街16号,江苏省,南京市,雨花台区,1,7570a4eab6879557f503b8f1
7555,春江新城升景坊,118.753679,31.965677,南京市雨花台区春晓路(春园路11号院东北侧约100米),江苏省,南京市,雨花台区,1,50fb64ff1bf9cf5de8f85388
7556,三江学院学生公寓(江泉路),118.756212,31.963023,南京市雨花台区燕西线三江学院3号门东北侧约100米,江苏省,南京市,雨花台区,1,916d654fa5115d8b95f08c52
7557,天隆坊,118.752799,31.967522,南京市雨花台区江艺路21号,江苏省,南京市,雨花台区,1,514ec3398feb1e90e5e96589
7559,将军坊-11幢,118.760411,31.967659,南京市雨花台区春江路与西春路交叉路口往东约50米将军坊11幢(春江新城),江苏省,南京市,雨花台区,1,0d4b64a7562c1eb9c056ac9f
7560,铁心桥社区,118.75119,31.965478,江苏省南京市雨花台区江艺路9-15号,江苏省,南京市,雨花台区,1,93e9d882da25e819f4b9165d
7561,秦河坊-13幢,118.754294,31.968549,江苏省南京市雨花台区秦河坊13幢,江苏省,南京市,雨花台区,1,083e913bec8d10339a0050b2
7562,秦河坊-103号,118.757409,31.968982,江苏省南京市雨花台区秦河坊103号,江苏省,南京市,雨花台区,1,b830e8da56e310cb94ec8499
7563,秦河坊-106号,118.75764,31.969,江苏省南京市雨花台区秦河坊106号,江苏省,南京市,雨花台区,1,56c33fe1ae2cfd8edc1e5204
7564,春江新城韩府坊,118.754323,31.969637,南京市雨花台区江泉路25号,江苏省,南京市,雨花台区,1,b533ea4a28d153414e6d4688
7565,牛首坊,118.759299,31.969581,南京市雨花台区铁心桥春江路60号,江苏省,南京市,雨花台区,1,7843824779fe591d0a5cb35d
7566,春江新城-新河苑,118.750934,31.968575,南京市雨花台区江艺路25号,江苏省,南京市,雨花台区,1,a0d7b48a311c8cdfd3ff233d
7567,万科金色里程-1幢,118.767068,31.964674,江苏省南京市雨花台区万科金色里程1幢,江苏省,南京市,雨花台区,1,9bd0e5571961fab9fd0eb0f4
7568,三江学院学生公寓23,118.765036,31.963895,江苏省南京市雨花台区龙西路3附近,江苏省,南京市,雨花台区,1,a1fab21f1009f69d2b06ce12
7569,美甲美睫,118.7573,31.967528,南京市雨花台区江泉路春江新城一期西门北侧,江苏省,南京市,雨花台区,1,2862bfc42ad1a2b3c7f50d8e
7570,菁英公寓,118.752138,31.945078,南京市雨花台区大周路47号附近,江苏省,南京市,雨花台区,1,b0a5f5416478e164bda240bf
7572,蓝岸3G,118.76738,31.966964,江苏省南京市雨花台区铁心桥大道36号,江苏省,南京市,雨花台区,1,bca6784a896b28d08f1a89f5
7573,蓝岸·尚城,118.765232,31.968328,南京市雨花台区春江路49号,江苏省,南京市,雨花台区,1,ab8c4c242fb3570d6ca3cc2b
7574,春江社区,118.761325,31.967889,江苏省南京市雨花台区铁心桥江淮路沁顺坊(春江新城旁),江苏省,南京市,雨花台区,1,ea2389f893db93fb86420e07
7575,水文苑小区,118.769709,31.96671,南京市雨花台区铁心桥大街43号,江苏省,南京市,雨花台区,1,2d6cc8512b0b3a779e95de27
7576,春江佳园,118.761559,31.965585,春晓路1号,江苏省,南京市,雨花台区,1,1bd589eb744f609c3fe23134
7577,沁顺坊,118.761681,31.967488,南京市雨花台区春江新城东南部江阳路西侧,江苏省,南京市,雨花台区,1,7a9948f8745bceecca09f03c
7578,水文苑小区-北区,118.769331,31.967199,南京市雨花台区铁心桥大街43号,江苏省,南京市,雨花台区,1,abae2217cdc28958e8e582cc
7579,正和坊,118.76216,31.968082,江艺路25号,江苏省,南京市,雨花台区,1,103142aa5e50f4f96c476058
7580,南京摩登公寓(三江学院店),118.760299,31.967422,南京市雨花台区春晓路春江新城-一期,江苏省,南京市,雨花台区,1,a37efe0d23fe1b032cb9083c
7581,银河苑-北门,118.766121,31.960892,江苏省南京市雨花台区铁心桥大道银河苑北门(翠岭银河旁),江苏省,南京市,雨花台区,1,07809f7d05aed4459e82eaf8
7582,双联别墅小区,118.765434,31.9694,南京市雨花台区春江路49号,江苏省,南京市,雨花台区,1,d6e06705e536017ba8059dbf
7583,凤翔山庄,118.764641,31.969751,南京市雨花台区春江路28号,江苏省,南京市,雨花台区,1,c51cceb75d0a494af4b91632
7584,春江新城,118.760539,31.967438,江苏省南京市春江路59号,江苏省,南京市,雨花台区,1,a74481d6b2199a3af403b88d
7585,凤翔山庄一区怡园-南门,118.767117,31.969356,南京市雨花台区春江路6号,江苏省,南京市,雨花台区,1,855f3e43870e2082260bd0e1
7586,隐龙坊,118.761068,31.969167,南京市雨花台区春江路60号,江苏省,南京市,雨花台区,1,e91aba9d88d032bcd0ff23f6
7587,铁心大厦,118.768991,31.965796,南京市雨花台区铁心桥大街111号,江苏省,南京市,雨花台区,1,c879fa012a2f8c4ac809f088
7588,春江花园,118.769995,31.96926,南京市雨花台区铁心桥大街19号,江苏省,南京市,雨花台区,1,d70d19b2f41ce6fb43d63eac
7589,蓝岸live科技青年街区,118.768035,31.966551,南京市雨花台区铁心桥大街36号,江苏省,南京市,雨花台区,1,153adc116b7933061fe99972
7590,万科金色城品-东门,118.768233,31.964686,江苏省南京市雨花台区铁心桥大道万科金色里程东门,江苏省,南京市,雨花台区,1,bbcb720118c1c85e8f55ec80
7591,雅轩域精品公寓,118.768472,31.967505,江苏省南京市雨花台区铁心桥大街30-12号二区,江苏省,南京市,雨花台区,1,2316588bb3e6fe80c2f1cfe6
7592,凤翔翠园-公寓楼,118.771457,31.967374,南京市雨花台区龙西路17号,江苏省,南京市,雨花台区,1,186f78c2108a2674d518b73d
7593,凤翔翠园公寓楼附属房,118.771054,31.966757,江苏省南京市雨花台区龙西路17号凤翔公寓,江苏省,南京市,雨花台区,1,bc054df60503cecc260bd0fe
7594,银杏山庄,118.770758,31.961758,江苏省南京市雨花台区宁丹路5号,江苏省,南京市,雨花台区,1,91c13f93ffef838720f017a6
7595,凤翔翠园-公寓楼,118.771457,31.967374,南京市雨花台区龙西路17号,江苏省,南京市,雨花台区,1,186f78c2108a2674d518b73d
7596,凤翔翠园,118.772335,31.968263,南京市雨花台区龙西路19号,江苏省,南京市,雨花台区,1,259bd7adae22977e52e5c539
7597,凤翔翠园-别墅区,118.772986,31.96796,南京市雨花台区龙西路19号,江苏省,南京市,雨花台区,1,de40a002109b20936e20b92c
7598,铁心桥水文所家属区,118.770649,31.967363,南京市雨花台区铁心桥街道铁心桥43号,江苏省,南京市,雨花台区,1,d501f00f65ea3b2e2fb96d30
7599,海通大厦,118.787113,31.962004,南京市江宁区江宁开发区秦淮路100号,江苏省,南京市,江宁区,1,a1418eb45ecba27febe5827a
7600,紫杉阁,118.788206,31.962225,南京市江宁区秦淮路98号,江苏省,南京市,江宁区,1,27f945fb90c7fbd84d2fdfa9
7601,左岸名苑-月桂阁,118.788648,31.961592,南京市江宁区秣陵街道秦淮路98号,江苏省,南京市,江宁区,1,ed7b11f16d9a53cb0ab93acb
7602,海通大厦-接送点,118.787486,31.961498,南京市江宁区海通大厦附近,江苏省,南京市,江宁区,1,b70c01580798fb3c87330490
7604,左岸名苑,118.790337,31.961923,南京市江宁区秣陵街道秦淮路98号,江苏省,南京市,江宁区,1,0a15c7ec6a4147fced74f87a
7605,石马新寓,118.796892,31.961265,江苏省南京市江宁区秦淮路88号,江苏省,南京市,江宁区,1,5508504d177902cbc7f0257a
7606,万科·新都荟,118.795935,31.968186,江苏省南京市江宁区梅香路22号,江苏省,南京市,江宁区,1,d75dcc2504a340e028d7ab86
7607,龙西新寓,118.797808,31.968982,南京市江宁区梅香路21号,江苏省,南京市,江宁区,1,6229f4c472a0169ad518b715
7608,铂悦·秦淮,118.799758,31.964902,江苏省南京市江宁区映淮街与梅香路交叉路口往东北约50米,江苏省,南京市,江宁区,1,826db570e2027918f50e77a5
7609,南京万科龙西,118.795844,31.968067,南京市江宁区宏运大道与松风路交叉路口往北约140米,江苏省,南京市,江宁区,1,5d6c0bce5d68ce2b4afc8d95
7610,龙西社区拆迁安置保障房,118.796593,31.969774,南京市江宁区金阳西街龙西新寓西北侧约50米,江苏省,南京市,江宁区,1,c46b6eb4bb3e69eceedfca0e
7611,天龙湾花园,118.802686,31.961056,南京市江宁区秣陵街道双龙大道1008号,江苏省,南京市,江宁区,1,84062552756f171dad31e534
7612,中驰商都-1号楼,118.817922,31.96769,江苏省南京市江宁区中驰商都1号楼,江苏省,南京市,江宁区,1,2549cf6e107296f7f8f0cb01
7613,枫叶苑,118.817158,31.966686,南京市江宁区中驰路76号,江苏省,南京市,江宁区,1,2e00c5dd1c31c061d6851fa6
7614,中驰商都-3号楼,118.819518,31.965907,江苏省南京市江宁区中驰商都3号楼,江苏省,南京市,江宁区,1,2cf332df9e383986c26c142c
7615,宏运国际村,118.815445,31.965986,南京市江宁区宏运大道1158号,江苏省,南京市,江宁区,1,844a750eea0fd9b96268587a
7616,宋艾新村,118.814078,31.965762,南京市江宁区宏运大道1160号(地铁站),江苏省,南京市,江宁区,1,0a3b5e8abdba0181130daac5
7617,中交锦致,118.812127,31.970093,南京市雨花台区宏运大道150号,江苏省,南京市,雨花台区,1,27eefe01f5fc9d5dad31e572
7618,左邻右里,118.817429,31.964036,江苏省南京市江宁区宏运大道1188号,江苏省,南京市,江宁区,1,4ef9b3434da43b61b05c6ace
7619,天秀湾花园-15A座,118.815726,31.960542,江苏省南京市江宁区秦淮路20号,江苏省,南京市,江宁区,1,b2d93b59c95114a500ec01ec
7620,左邻右里,118.817429,31.964036,江苏省南京市江宁区宏运大道1188号,江苏省,南京市,江宁区,1,4ef9b3434da43b61b05c6ace
7621,南方花园,118.827456,31.967064,江苏省南京市江宁区东山镇双龙大道833号,江苏省,南京市,江宁区,1,2db467ee1626fd24a5da396e
7622,铂金水岸,118.825406,31.962629,南京市江宁区东山街道双龙大道958号,江苏省,南京市,江宁区,1,58304a6e5d00ddb982a12ef8
7623,天印·天琴湾花园,118.82075,31.960528,南京市江宁区双龙大道1008号,江苏省,南京市,江宁区,1,e56bf5e32dc452440782c27a
7624,秦淮园,118.826897,31.970324,江苏省南京市江宁区宏运大道1890号,江苏省,南京市,江宁区,1,60e577d4cab8188da1d23027
7625,宋艾新村-2期,118.820712,31.964944,江苏省南京市江宁区中驰路,江苏省,南京市,江宁区,1,33e24e47733ca09f6e4760b2
7626,南方花园-D组团,118.823931,31.963409,南京市江宁区双龙大道838号,江苏省,南京市,江宁区,1,e4584fe2000df8ff49cc4afc
7627,水岸明珠,118.824552,31.962793,南京市江宁区双龙大道958号,江苏省,南京市,江宁区,1,257faba8bae5b746a1d23010
7628,秦湾景园,118.829528,31.969759,学院路与宏运大道交叉口,江苏省,南京市,江宁区,1,9b18045882d3c4a3922ca3d3
7629,三钢生活小区,118.821603,31.96647,南京市江宁区东山镇双龙大道838号,江苏省,南京市,江宁区,1,ba39f0e921f709aea4c756b9
7630,南方花园-西区,118.823564,31.967497,江苏省南京市江宁区双龙大道838号,江苏省,南京市,江宁区,1,7d5f3a0a23d7bd4b2cb9087a
7631,南方花园-枫彩园,118.829654,31.965781,江苏省南京市江宁区双龙大道833号,江苏省,南京市,江宁区,1,2e057cd60f8fb061246e98ce
7632,南方花园-C组团,118.827327,31.966755,南京市江宁区双龙大道833号,江苏省,南京市,江宁区,1,75b4ffe9975891edb5f42fb2
7633,南方花园-A组团,118.827324,31.965976,南京市江宁区双龙大道833-1号,江苏省,南京市,江宁区,1,bf699e58d5fc8ba3276e9809
7634,南方花园B组团-北门,118.823394,31.968338,江苏省南京市江宁区双龙大道838号南方花园B组团,江苏省,南京市,江宁区,1,85e864dfb67dd4bd88fc0692
7635,南方花园枫彩园-西门,118.827905,31.967523,江苏省南京市江宁区东山街道学院路南方花园南一门附近,江苏省,南京市,江宁区,1,cf0a06f9914ed60e441a32dc
7636,水岸明珠-南1门,118.824637,31.962355,南京市江宁区双龙大道958号,江苏省,南京市,江宁区,1,26b3bfb942e99157cac3db99
7637,南方花园-B组团,118.824673,31.96676,南京市江宁区双龙大道833号,江苏省,南京市,江宁区,1,ad2371162bb8256526e0a0b1
7638,南方花园枫彩园-北区,118.828731,31.967601,江苏省南京市江宁区双龙大道833号南方花园枫彩园,江苏省,南京市,江宁区,1,3da87b6dd95050b031870a40
7639,爱秦湾,118.834953,31.967832,南京市江宁区东山街道河滨路1199号,江苏省,南京市,江宁区,1,ca88dccccb45ddf388b98805
7640,武夷花园,118.836784,31.963087,南京市江宁区北沿路,江苏省,南京市,江宁区,1,f696f3c291561aeb1b11d57a
7641,长青社区,118.839804,31.961201,南京市江宁区北沿路85号,江苏省,南京市,江宁区,1,31f9101b6578eea026e0a055
7642,秦淮绿洲二期北苑-西南门,118.837847,31.970117,南京市江宁区宏运大道2299号,江苏省,南京市,江宁区,1,ac73f9073b006ce08bdb738c
7643,秦淮绿洲,118.838194,31.968351,江苏省南京市江宁区宏运大道2288号,江苏省,南京市,江宁区,1,14076dee05040b8a03294f92
7644,杭怡花园,118.839766,31.964535,南京市江宁区北沿路165号,江苏省,南京市,江宁区,1,9f97b1c571826106b64f547a
7645,东山国际滨河街区,118.832875,31.96331,南京市江宁区上元大街115号,江苏省,南京市,江宁区,1,029ca4e73130e8e98415417b
7646,名境雅筑,118.839915,31.967143,南京市江宁区北沿路225号,江苏省,南京市,江宁区,1,04462870246e0c56c9291582
7647,秦淮绿洲-南区,118.838252,31.968336,江苏省南京市江宁区宏运大道2288号,江苏省,南京市,江宁区,1,53d316a5465f51473fe23130
7648,武夷花园-35幢,118.836748,31.962192,江苏省南京市江宁区武夷花园35幢,江苏省,南京市,江宁区,1,3487ff0762381395100daa71
7649,秦淮绿洲,118.838194,31.968351,江苏省南京市江宁区宏运大道2288号,江苏省,南京市,江宁区,1,14076dee05040b8a03294f92
7650,文靖新村,118.855459,31.966769,南京市江宁区文靖路321号,江苏省,南京市,江宁区,1,373cf7574284c26e4354d77a
7651,蓝鹰花园,118.844343,31.966385,南京市江宁区文靖西路76号,江苏省,南京市,江宁区,1,2363b68e1d07e3aa17c8f6cf
7652,商住楼1幢102室,118.848167,31.965886,南京市江宁区文靖路康馨花园南侧约30米,江苏省,南京市,江宁区,1,57a319807746e1cef7231015
7653,靖雅居,118.843475,31.966908,南京市江宁区东山镇文靖西路80号,江苏省,南京市,江宁区,1,d219bb1d7c8e6d8bf50e777a
7654,康馨花园,118.848623,31.966607,南京市江宁区东山镇文靖路59号,江苏省,南京市,江宁区,1,744acd18da61e2a628b97c88
7655,北苑阁新村(文靖路),118.849467,31.964427,南京市江宁区芙阁路11号,江苏省,南京市,江宁区,1,d82d669771ba65a6d518b77b
7656,中前公寓,118.841482,31.965092,南京市江宁区北沿路180号,江苏省,南京市,江宁区,1,1cea15a9fe7a25c507fef57a
7657,靖安里-35号,118.841323,31.964166,江苏省南京市江宁区靖安里35号,江苏省,南京市,江宁区,1,6e9ba1a9df2a24d4badf8f59
7658,府后村,118.848122,31.962329,上元路137号,江苏省,南京市,江宁区,1,5eb41f127d5b120c138824e9
7659,靖安里34-4号,118.841886,31.963675,南京市江宁区黄泥塘路中前公寓南侧约100米,江苏省,南京市,江宁区,1,ac0d0d8b7f3f7b137369d372
7660,东沟巷110号,118.85015,31.965372,南京市江宁区东沟巷110号,江苏省,南京市,江宁区,1,21b4efb1a08d5dd5e856fa8b
7661,东沟巷112号,118.850189,31.965462,南京市江宁区东沟巷康馨花园东南侧约150米,江苏省,南京市,江宁区,1,a8b15578bfea5ad782a12e9c
7662,东沟巷,118.85067,31.963394,南京市江宁区上元大街58号,江苏省,南京市,江宁区,1,0c4316393c6033d1d8d891b4
7663,东沟巷98号,118.85031,31.964771,南京市江宁区东沟巷98号,江苏省,南京市,江宁区,1,cd6f5a97355e44f1badf8f4d
7664,土山路70号院,118.849347,31.962664,南京市江宁区土山路70号,江苏省,南京市,江宁区,1,4691d0ffc63bdd00e6e965d2
7665,东沟巷78号,118.850401,31.96375,南京市江宁区东沟巷78号,江苏省,南京市,江宁区,1,924054e50dd664d796ca0721
7666,土山路88号院,118.849445,31.962084,土山路88号,江苏省,南京市,江宁区,1,8c747dab4463a3ef97ec846e
7667,戴家塘-二区,118.847207,31.960822,南京市江宁区戴家塘与土山路交叉路口往西南约230米,江苏省,南京市,江宁区,1,1a607fad12c1475dbbbd6310
7668,秦淮绿洲(东区),118.841489,31.967944,南京市江宁区宏运大道2298号,江苏省,南京市,江宁区,1,2e77263381cc61cb4e6d46a6
7669,东沟巷,118.85067,31.963394,南京市江宁区上元大街58号,江苏省,南京市,江宁区,1,0c4316393c6033d1d8d891b4
7670,中宁巷-65号院,118.842573,31.960792,南京市江宁区中宁巷65号,江苏省,南京市,江宁区,1,da87144f9ec023acd72ce2b3
7671,东沟巷28号,118.850569,31.962138,江苏省南京市江宁区东沟巷28号,江苏省,南京市,江宁区,1,a7277b2064ce05ce1ce99929
7672,中前社区,118.842809,31.967004,南京市江宁区文靖西路108号,江苏省,南京市,江宁区,1,d47c0fa1bfbf692095ca07e1
7673,本家润园,118.849583,31.969285,南京市江宁区文华街56号,江苏省,南京市,江宁区,1,25ec69fc1de61800c36c14a6
7674,秦淮绿洲82号,118.842566,31.970114,江苏省南京市江宁区秦淮绿洲82号,江苏省,南京市,江宁区,1,0e75cebe0d346a1f90114c85
7675,靖安里-1号院,118.841373,31.960837,南京市江宁区靖安里1号,江苏省,南京市,江宁区,1,202522f6d58ad4409122e0de
7676,秦淮绿洲,118.838194,31.968351,江苏省南京市江宁区宏运大道2288号,江苏省,南京市,江宁区,1,14076dee05040b8a03294f92
7677,蓝园文院,118.849537,31.969807,南京市江宁区文华街57号,江苏省,南京市,江宁区,1,a3f21eee982ca1442fb17e7a
7678,西城美苑,118.850219,31.966661,江苏省南京市江宁区文靖路89号,江苏省,南京市,江宁区,1,9dd5bb5c113f20d0a1a934b4
7679,芙蓉苑,118.85125,31.966057,737路;791路;818路;838路,江苏省,南京市,江宁区,0,80e44c57e9e6de703310af7d
7680,芙阁新村,118.856486,31.96501,南京市江宁区东新北路99号,江苏省,南京市,江宁区,1,e3082848e5bc39bfb34c497a
7681,江宁商业大厦,118.856205,31.965815,江苏省南京市江宁区文靖路290号,江苏省,南京市,江宁区,1,a1c7cc14941673ffede4a5ff
7682,芙蓉阁-292号,118.855944,31.963592,江苏省南京市江宁区芙蓉阁292号,江苏省,南京市,江宁区,1,0f0a6e99ecb854d1e856fa37
7683,青云巷-2号院,118.857555,31.961974,江苏省南京市江宁区青云巷2号,江苏省,南京市,江宁区,1,b0ee822b6f85fa471c389461
7684,教工新寓,118.854062,31.966661,南京市江宁区文靖路245号文华街50号,江苏省,南京市,江宁区,1,d1469ee7cef9cd618433041d
7685,文靖新村,118.855459,31.966769,南京市江宁区文靖路321号,江苏省,南京市,江宁区,1,373cf7574284c26e4354d77a
7686,顺达佳苑,118.855818,31.962568,江苏省南京市江宁区上元大街619号,江苏省,南京市,江宁区,1,5c2dc21dc68f3d046fc02c7a
7687,东新北路小区,118.857944,31.963704,江苏省南京市江宁区东新北路14号,江苏省,南京市,江宁区,1,539b940f7c6200d228fc48f1
7688,二小区,118.856553,31.964597,江苏省南京市江宁区东新北路与文靖路交叉口,江苏省,南京市,江宁区,1,44c67f1041c1d390fe0eb039
7689,青云巷-2号院,118.857555,31.961974,江苏省南京市江宁区青云巷2号,江苏省,南京市,江宁区,1,b0ee822b6f85fa471c389461
7690,章村社区-东门,118.864088,31.970277,南京市江宁区天印大道660号,江苏省,南京市,江宁区,1,e6b12d3fee1351059e95decd
7691,顺莲佳苑门面房-2号,118.856732,31.961504,江苏省南京市江宁区顺莲佳苑门面房2号,江苏省,南京市,江宁区,1,37152d6b86a9964475e5b6ad
7692,江宁商厦新寓,118.851328,31.965497,南京市江宁区文靖路146号,江苏省,南京市,江宁区,1,cebfe5d98a4443138d77273f
7693,芙阁路89号小区,118.85146,31.963713,南京市江宁区芙阁路89号,江苏省,南京市,江宁区,1,c658f6ee44cb5496b23c81bf
7694,三新村-1号院,118.859552,31.96297,江苏省南京市江宁区三新村1幢,江苏省,南京市,江宁区,1,827d0d474fc49e3a22f01742
7695,江宁高级中学家属区,118.85176,31.962044,南京市江宁区东沟巷38号,江苏省,南京市,江宁区,1,4512b4083538dc0512882412
7696,汇景东园,118.858751,31.966939,南京市江宁区东山街道东新北路128号,江苏省,南京市,江宁区,1,6b7ead6c1d27ae72fa42b212
7697,宁中巷小区,118.856214,31.960992,南京市江宁区上元大街顺达佳苑南侧,江苏省,南京市,江宁区,1,fd9c4db4c4856b2b1df74d46
7698,东山街道晓里社区广汇居民小组,118.863546,31.952106,南京市江宁区东新南路228号,江苏省,南京市,江宁区,1,ed114b39b8fa0264f40e77c2
7699,章村新寓,118.859762,31.966806,南京市江宁区文靖路457号,江苏省,南京市,江宁区,1,e93761f6f59c670c223bf27a
7700,玉靖花园,118.86014,31.965403,江苏省南京市江宁区东新北路108号(公交车站),江苏省,南京市,江宁区,1,61f634f64ada32786b49f37a
7701,汇景新苑,118.856202,31.968955,南京市江宁区文靖路377号,江苏省,南京市,江宁区,1,401cb7e6da016addf942b242
7702,东山社区宁中居民小组,118.853383,31.960709,东山街道宁中巷2号1幢,江苏省,南京市,江宁区,1,02aacf32d85bd4255fd4fef5
7703,瑶池巷小区,118.852309,31.960564,江苏省南京市江宁区瑶池巷8号,江苏省,南京市,江宁区,1,f7ab8492f7ad54a909b93aa9
7704,新光花园,118.851869,31.961379,南京市江宁区东沟巷20号,江苏省,南京市,江宁区,1,d7fd2ad382a925540bccdd7a
7705,江宁物资大厦,118.860472,31.96254,南京市江宁区东山街道上元大街761号,江苏省,南京市,江宁区,1,827ce036724f98bd59bbbc77
7706,东沟巷38号,118.851258,31.962543,南京市江宁区东沟巷38号,江苏省,南京市,江宁区,1,b93ef002cb3c5566b626551f
7707,电机厂家属区,118.857188,31.960112,南京市江宁区东山街道上元大街618号,江苏省,南京市,江宁区,1,f6fe3bf512e336c26d3e1b86
7708,广都苑,118.860171,31.961293,南京市江宁区东山街道上元大街708号,江苏省,南京市,江宁区,1,49d9593872918943c61e517a
7709,瓯江华府-B座,118.859076,31.960522,南京市江宁区东新南路15号,江苏省,南京市,江宁区,1,b696e5b9799170524054d7c5
7710,瓯江华府-A座,118.859171,31.960557,南京市江宁区东新南路9号,江苏省,南京市,江宁区,1,05dd30ac6662e59b593ac80b
7711,金瓴湾(汇福佳苑),118.858872,31.959331,南京市江宁区东新南路16号附近,江苏省,南京市,江宁区,1,3ceb5356bdf5ef716240a999
7712,瓯江华府-C座,118.859277,31.959986,南京市江宁区东新南路9号瓯江华府C座,江苏省,南京市,江宁区,1,801ebe477c6b8e9cfbf0cb87
7713,华意泰富花苑,118.850784,31.960524,江苏省南京市江宁区东山镇上元大街485号,江苏省,南京市,江宁区,1,92b806d2f097abfe79b55c7a
7714,日光佳园,118.860504,31.960117,南京市江宁区东新南路199号,江苏省,南京市,江宁区,1,2a7a25ec01963b636c3e1b7a
7716,山水方舟-26幢,118.838217,31.971241,江苏省南京市江宁区山水方舟26幢,江苏省,南京市,江宁区,1,2ffe5614ca5cee4ef23cba4a
7717,石羊小区,118.865785,31.965052,南京市江宁区天印大道709号,江苏省,南京市,江宁区,1,3ab39711af021346c7f50d8a
7718,阳光新城售楼处,118.866704,31.960858,江苏南京市江宁区天印大道837号,江苏省,南京市,江宁区,1,3b5d959fda5758269de32119
7719,东城家园,118.863709,31.964333,南京市江宁区上元大街863号,江苏省,南京市,江宁区,1,ea4a3dc9aa975f2e4e55477a
7720,时花公寓,118.86355,31.965741,南京市江宁区天印大道710号,江苏省,南京市,江宁区,1,01d44f30745190f9d6b74e40
7721,阳光新城售楼处,118.866704,31.960858,江苏南京市江宁区天印大道837号,江苏省,南京市,江宁区,1,3b5d959fda5758269de32119
7722,宁泉北苑,118.864509,31.962142,南京市江宁区天印大道794号,江苏省,南京市,江宁区,1,0a46dc0f6bb60e5e3062127a
7723,中国烟草综合大楼,118.868477,31.963547,南京市江宁区东山街道同夏路20号,江苏省,南京市,江宁区,1,a1c336e02514d703102935b2
7724,上元大街-808号院,118.862952,31.962934,南京市江宁区上元大街斯卡兰德,江苏省,南京市,江宁区,1,d459409f7f99f6558c1a8946
7725,金发小区,118.861816,31.963409,南京市江宁区上元大街763号,江苏省,南京市,江宁区,1,3428b894e6d894f3354aae63
7726,爱涛尚书云邸,118.862856,31.967813,江宁区文靖路599号,江苏省,南京市,江宁区,1,645d2153ec68550609b93a27
7727,天印大道796号-2幢,118.864394,31.960969,江苏省南京市江宁区天印大道796号2幢,江苏省,南京市,江宁区,1,55c63c10f085869072455b59
7728,江宁邮政生产综合楼,118.866652,31.968161,南京市江宁区东山街道文靖东路5号,江苏省,南京市,江宁区,1,223a0a9fe1adaf72ca09f05c
7729,小上海理发店,118.862411,31.965317,江苏省南京市江宁区东山街道文靖路新瀚特旁(东城家园北),江苏省,南京市,江宁区,1,a8e7104f247e185c96f08c68
7730,长塘佳苑,118.861395,31.964511,南京市江宁区长塘巷21号,江苏省,南京市,江宁区,1,122ff7fc1855dd79260bd0b9
7731,粮食和物资储备局大院,118.862053,31.962627,南京市江宁区上元大街772号,江苏省,南京市,江宁区,1,4e06067b6399ca71adb22ad6
7732,宁泉南苑,118.865304,31.96094,南京市江宁区天印大道810号,江苏省,南京市,江宁区,1,a5ef680f3088abd4b9df8f17
7733,金发公寓,118.86175,31.963399,南京市江宁区东山镇上元大街763号,江苏省,南京市,江宁区,1,f9fd6062b197a31f0f0e6b7a
7734,岗山经济适用房生活区,118.870654,31.969387,南京市江宁区湖山路与文靖东路交叉路口往西北约170米,江苏省,南京市,江宁区,1,a862ccc0b2a3afa22b06ce14
7735,利民小区(上元大街),118.863349,31.963099,江苏省南京市江宁区上元大街862号,江苏省,南京市,江宁区,1,e3a7fd13ec98f35228b97c7a
7736,东城风景,118.865869,31.960578,南京市江宁区天印大道880号,江苏省,南京市,江宁区,1,3dc9befda1f85e16bea2407a
7737,石羊新寓,118.860866,31.967683,南京市江宁区通湖路18号,江苏省,南京市,江宁区,1,464f2a35254cb05b7dc876c1
7738,上元路小区,118.861413,31.961326,江苏省南京市江宁区上元路121,江苏省,南京市,江宁区,1,ab2f606732874668e8e5824e
7739,岗山村经济适用房,118.870654,31.969387,南京市江宁区湖山路与文靖东路交叉路口往西北约170米,江苏省,南京市,江宁区,1,a862ccc0b2a3afa22b06ce14
7740,利民新村-东门,118.86426,31.961091,南京市江宁区天印大道796号,江苏省,南京市,江宁区,1,adae2a685d4ed03ff7e73b7d
7741,世纪东山,118.875253,31.967532,江苏省南京万安西路168号,江苏省,南京市,江宁区,1,82d99e97dfce4a27fea77806
7742,天鹅湖花园(湖山路),118.872694,31.962042,南京市江宁区东山街道上元大街1088号,江苏省,南京市,江宁区,1,52adb0d732b7eeae9f09f7e6
7743,东福金座,118.876008,31.964058,南京市江宁区万安西路73号,江苏省,南京市,江宁区,1,5ffb181652ff81216f4760d0
7744,上善居,118.880577,31.963593,江苏省南京市江宁区万安西路65号,江苏省,南京市,江宁区,1,8b1e6672e5011ef0e311034b
7745,银安大厦,118.870984,31.963825,南京市江宁区上元大街1088号,江苏省,南京市,江宁区,1,cf8f3a0921736a3cb11e36b7
7746,天鹅湖花园-北门,118.873098,31.964381,南京市江宁区上元大街1088号,江苏省,南京市,江宁区,1,d1d81e89a9f3f80e94ec8412
7747,上善居-南门,118.880081,31.96221,江苏省南京市江宁区泥塘社区G104(旧)上善居南门,江苏省,南京市,江宁区,1,41b9511e3249c63c0c3dda5a
7748,江苏区种子站大楼,118.879311,31.965695,南京市江宁区万安西路120号,江苏省,南京市,江宁区,1,38679df245c9cf0fc61b756b
7749,康馨公寓,118.889002,31.962326,南京市江宁区天云南街33号,江苏省,南京市,江宁区,1,b292b3aa52369756be484275
7750,新塘小区,118.889647,31.969032,南京市江宁区万安北路14号,江苏省,南京市,江宁区,1,14076deeff63c5f402294f75
7751,远洋绿地云峰公馆,118.882539,31.962866,南京市江宁区东山街道泉东路28号,江苏省,南京市,江宁区,1,b31add915c11ba2fb21e367b
7752,融侨悦城,118.887508,31.964017,江苏省南京市江宁区东山街道万安南路9号,江苏省,南京市,江宁区,1,4bf219fadcd4efc1008972ab
7753,天云小区,118.889132,31.965218,南京市江宁区万安西路55号,江苏省,南京市,江宁区,1,a32d3bdf1845098358f6be15
7754,天云小区-南区,118.88885,31.964586,南京市江宁区万安东路66号附近,江苏省,南京市,江宁区,1,6deee3083323126a29fc4875
7755,天云小区-北区,118.890296,31.967715,南京市江宁区万安西路65号,江苏省,南京市,江宁区,1,e3082848e5bd39bfb34c4975
7756,远洋绿地云峰公馆(建设中),118.882539,31.962866,南京市江宁区东山街道泉东路28号,江苏省,南京市,江宁区,1,b31add915c11ba2fb21e367b
7757,天云小区南区-南门,118.888811,31.963561,南京市江宁区泉东路,江苏省,南京市,江宁区,1,7dd27161a99638c2c4f50d4b
7758,天云小区南区-北门,118.88908,31.965359,江苏省南京市江宁区上坊天云小区(南区),江苏省,南京市,江宁区,1,6ca0fee21f208cfa715e8079
7759,金建大厦,118.894834,31.963294,江苏省南京市江宁区万安东路28号,江苏省,南京市,江宁区,1,53ee2050f00f49233904b11e
7760,朝阳园,118.893477,31.962848,南京市江宁区万安东路与天宁路交叉路口往南约110米,江苏省,南京市,江宁区,1,edb92584d0b287f980a00c7d
7761,天宁雅居,118.890888,31.962033,南京市江宁区园中路18号,江苏省,南京市,江宁区,1,2528a8de63d81c60bbbd6387
7762,上坊经济适用房2期,118.892784,31.964105,南京市江宁区天宁路朝阳园西北侧,江苏省,南京市,江宁区,1,990daa85870d23a9081cc7ee
7763,明月新寓花园-25幢,118.868662,31.952844,江苏省南京市江宁区明月新寓花园25幢,江苏省,南京市,江宁区,1,ec45e71ec68ee18bee74f8ee
7764,明月新寓花园-29幢,118.868286,31.953555,江苏省南京市江宁区明月新寓花园29幢,江苏省,南京市,江宁区,1,64d4fe927ea732e13913fd54
7765,明月新寓花园-27幢,118.867414,31.952438,江苏省南京市江宁区明月新寓花园27幢,江苏省,南京市,江宁区,1,a8ae60500811421a4054d73f
7766,上坊经济适用房2期,118.892784,31.964105,南京市江宁区天宁路朝阳园西北侧,江苏省,南京市,江宁区,1,990daa85870d23a9081cc7ee
7767,上坊经济适用房2期,118.892784,31.964105,南京市江宁区天宁路朝阳园西北侧,江苏省,南京市,江宁区,1,990daa85870d23a9081cc7ee
7768,雨花经济开发区近华社区,118.649653,31.950035,南京市雨花台区凤集大道20-3号附近,江苏省,南京市,雨花台区,1,1e22e43364bb93c140e19294
7769,南京金福联汽车销售服务有限公司,118.662119,31.949316,南京市雨花台区雨花国际汽贸园,江苏省,南京市,雨花台区,1,8710f48819d9ebbad62ce2b1
7770,雨花开发区健康社区,118.684777,31.960203,天保路与宝双路交叉口西南50米,江苏省,南京市,雨花台区,1,026742b7707ac0bbf503b867
7771,建宁一村,118.70717,31.957889,南京市雨花台区宁芜公路40号附近,江苏省,南京市,雨花台区,1,48fd754b510368373fe23188
7772,岱山·齐修南苑,118.707012,31.951458,白家凹街5号,江苏省,南京市,雨花台区,1,eb1e8cdcb45401937702691a
7773,明尚东苑,118.704222,31.951162,南京市雨花台区西善桥西柿路11号,江苏省,南京市,雨花台区,1,e62bedfadde7f0e388db73fc
7774,岱山齐修北苑,118.702969,31.953275,江苏省南京市雨花台区盛家岗街18号,江苏省,南京市,雨花台区,1,202316b96e33fa302ce67b5b
7775,岱善·润福城,118.702762,31.950423,南京市雨花台区盛家岗街6-9号,江苏省,南京市,雨花台区,1,dfb52b4028c96abd04fef5bb
7776,秦淮新苑,118.707691,31.958093,南京市雨花台区西善桥南路40号,江苏省,南京市,雨花台区,1,9f885cd7e796962014948ed6
7777,岱善福润城,118.702762,31.950423,南京市雨花台区盛家岗街6-9号,江苏省,南京市,雨花台区,1,dfb52b4028c96abd04fef5bb
7778,建宁二村,118.709686,31.958901,南京市雨花台区西善桥宁芜公路旁,江苏省,南京市,雨花台区,1,cc908b71494c5b027bf79693
7779,爱恩比宿舍,118.701016,31.950522,中国建设银行附近(南京岱山分理处),江苏省,南京市,雨花台区,1,4864b10d944426409c82ea50
7780,梅欣小区,118.71965,31.958105,南京市雨花台区油新线梅欣小区,江苏省,南京市,雨花台区,1,e70d15071e5a79876ca3cc2e
7781,兴梅雅苑,118.713763,31.953838,吴家山口80,江苏省,南京市,雨花台区,1,2fb3c1d17f9ef126e0110303
7782,梅欣社区,118.716988,31.957546,双合路与油新线交叉口西北100米,江苏省,南京市,雨花台区,1,e3082848e5ce39bfb24c4988
7783,兴梅中路苏果社区,118.71843,31.957837,南京市雨花台区油新线梅欣集贸市场,江苏省,南京市,雨花台区,1,f8636b186bf7ded84afd3ff7
7784,副井集体宿舍-3幢,118.716074,31.957438,南京市雨花台区油新线梅欣小区-西区西南侧约40米,江苏省,南京市,雨花台区,1,6a8c5984f9b48d6328201a7e
7785,副井集体宿舍-2幢,118.716058,31.957216,南京市雨花台区油新线梅欣小区-西区西南侧约60米,江苏省,南京市,雨花台区,1,f4d5ffb85e9be45643afe634
7786,副井集体宿舍-1幢,118.716085,31.957013,南京市雨花台区油新线梅欣小区-西区西南侧约80米,江苏省,南京市,雨花台区,1,9cc27700aae688851e580081
7787,副井集体宿舍-4幢,118.716206,31.957807,南京市雨花台区油新线梅欣小区-西区,江苏省,南京市,雨花台区,1,adfea16b2d29db98354aaeaa
7788,副井集体宿舍-0幢,118.716031,31.956831,江苏省南京市雨花台区西善桥南路19-1号,江苏省,南京市,雨花台区,1,9df9c02d28b4a1b641d63e07
7790,梅欣社区,118.716988,31.957546,双合路与油新线交叉口西北100米,江苏省,南京市,雨花台区,1,e3082848e5ce39bfb24c4988
7791,梅岭小区,118.728616,31.959214,雨花台区泰山北路,江苏省,南京市,雨花台区,1,d5f93c0e01268e20eddfcaf9
7792,点将台公寓,118.72511,31.956743,梅山街道梅山矿业游泳池,江苏省,南京市,雨花台区,1,b292b3aa52459756bf484288
7793,秦淮新苑,118.707691,31.958093,南京市雨花台区西善桥南路40号,江苏省,南京市,雨花台区,1,9f885cd7e796962014948ed6
7794,新河村32号,118.720909,31.963318,江苏省南京市雨花台区新河村32号,江苏省,南京市,雨花台区,1,bb6110fd2f7aadc6a3acc4b8
7795,福润雅居福润园-30幢,118.740517,31.956844,南京市雨花台区西善桥村许家88号30幢,江苏省,南京市,雨花台区,1,4a7e566c05be10a3601c673b
7796,天虹山庄,118.735757,31.954846,江苏省南京市秦淮区姚村1号,江苏省,南京市,秦淮区,1,49d9593872e38943c71e5188
7797,福润雅居樟香园,118.739336,31.95961,南京市雨花台区横七路与龙淮路东侧,江苏省,南京市,雨花台区,1,d82d66971de901dbd418b7a7
7798,福润雅居,118.739758,31.95652,江苏省南京市雨花台区泰山北路与龙淮路交汇处,江苏省,南京市,雨花台区,1,e04552f8b26736d6c4f02544
7799,泰山公寓,118.733691,31.955273,小刘村1号,江苏省,南京市,雨花台区,1,593850fb45e7d65dde1e5288
7800,福润雅居-东区,118.739771,31.954617,江苏省南京市雨花台区许家88号福润雅居,江苏省,南京市,雨花台区,1,d805415c541483c28b36ee66
7802,善水湾花园,118.735567,31.956717,南京市雨花台区西善桥村许家89号,江苏省,南京市,雨花台区,1,58e65b75f96a184625d2bb82
7803,福润社区,118.739808,31.957867,江苏省南京市雨花台区西善桥街道,江苏省,南京市,雨花台区,1,46c3d23f04ab5e340aa8d411
7804,善水湾花园,118.735567,31.956717,南京市雨花台区西善桥村许家89号,江苏省,南京市,雨花台区,1,58e65b75f96a184625d2bb82
7805,福润雅居福润园-北区,118.738782,31.956544,许家88,江苏省,南京市,雨花台区,1,d53a7af2b5505dd455bfffd1
7806,福润雅居-东区,118.739771,31.954617,江苏省南京市雨花台区许家88号福润雅居,江苏省,南京市,雨花台区,1,d805415c541483c28b36ee66
7807,钟山驾校-西北门,118.747256,31.954801,南京市雨花台区泰山北路,江苏省,南京市,雨花台区,1,89f1462a94833c2f22022023
7808,大定坊经纪适用房2期,118.750552,31.949956,江苏省南京市雨花台区大定坊经济适用房二期(韩府茗苑西北),江苏省,南京市,雨花台区,1,763d2cd5fd629203f8221307
7809,大定坊经济适用房二期-A区,118.750163,31.951426,南京市雨花台区志远路定坊嘉苑,江苏省,南京市,雨花台区,1,3f2b121eb730260271210bda
7810,韩府雅苑,118.758667,31.950559,南京市雨花台区福园路1号,江苏省,南京市,雨花台区,1,a518c9b2bc9a8c5d1b11d5f2
7811,牛首新城-东区,118.756009,31.951199,南京市雨花台区福园路7号,江苏省,南京市,雨花台区,1,e2733c8ba201df6b71455b86
7812,定坊和苑-C区,118.752771,31.951372,南京市雨花台区福园路11号,江苏省,南京市,雨花台区,1,3e3c6df2e3a42acc9fe321b1
7813,定坊和苑东区(东南门),118.755656,31.951134,江苏省南京市雨花台区福园路9号,江苏省,南京市,雨花台区,1,72b064cc24927c0ed518b712
7814,牛首福园,118.757222,31.950784,南京市雨花台区大定坊福园路7号,江苏省,南京市,雨花台区,1,4ac4a6346a8e337b2cb908c4
7815,定坊工业园-1号,118.75875,31.954744,江苏省南京市雨花台区定坊工业园1号,江苏省,南京市,雨花台区,1,01436d61ae3a1f8cdbd891e2
7816,定坊工业园-1号,118.75875,31.954744,江苏省南京市雨花台区定坊工业园1号,江苏省,南京市,雨花台区,1,01436d61ae3a1f8cdbd891e2
7817,定坊工业园-1号,118.75875,31.954744,江苏省南京市雨花台区定坊工业园1号,江苏省,南京市,雨花台区,1,01436d61ae3a1f8cdbd891e2
7818,定坊工业园9号,118.756382,31.952839,南京市雨花台区盛花路东50米,江苏省,南京市,雨花台区,1,73849cdc830f7e05283a9f1c
7819,莱蒙·水榭阳光,118.759646,31.953112,江苏省南京市雨花台区宁丹路34号,江苏省,南京市,雨花台区,1,05739b1bb30c087a57bfffbc
7820,牛首新城-西门,118.754012,31.951407,南京市雨花台区铁心桥定坊和苑B区(管道路北)附近,江苏省,南京市,雨花台区,1,e73222fdcebb75529e9d6841
7821,牛首新城-西区,118.755614,31.951217,南京市雨花台区福园路9号,江苏省,南京市,雨花台区,1,701adcf565ee66d8c61b75e9
7822,翠岭银河社区,118.764811,31.95818,江苏省南京市雨花台区铁心桥街道,江苏省,南京市,雨花台区,1,c8909e7af69836dc4354d703
7823,银河苑,118.764884,31.959674,江苏省南京市雨花台区宁丹路18号,江苏省,南京市,雨花台区,1,ce97c06097a64eb89122e032
7824,江意山庄,118.763378,31.958691,南京市雨花台区铁心桥王燕街88号,江苏省,南京市,雨花台区,1,7bdfd55b4470e9c11ef74dfd
7825,翠岭苑(王燕街),118.762814,31.95719,南京市雨花台区宁丹路28号,江苏省,南京市,雨花台区,1,89d4ad852f2c7633b42655c4
7826,嘉瑞山庄-2期,118.779822,31.950417,南京市江宁区开元欣街11号,江苏省,南京市,江宁区,1,6217d99fe18750764557260d
7827,翠屏清华园,118.786527,31.950945,江苏省南京市江宁区将军大道10号,江苏省,南京市,江宁区,1,b3aa435d6a80ae0b1576437a
7828,玛斯蓝德羚羊谷,118.783233,31.954855,南京市江宁区将军大道8号,江苏省,南京市,江宁区,1,4c14030fe7d6dcaebfa8227f
7829,运盛美之国别墅,118.78167,31.960055,江苏省南京市江宁区将军大道2号,江苏省,南京市,江宁区,1,eb3675033a5f0e1b00ec017a
7830,美仕别墅,118.783233,31.954855,南京市江宁区将军大道8号,江苏省,南京市,江宁区,1,4c14030fe7d6dcaebfa8227f
7831,托乐嘉吉邻居-5栋,118.790684,31.956387,南京市江宁区托乐嘉吉邻居5幢,江苏省,南京市,江宁区,1,955b2ab34c8526b0725e80ff
7832,美之国花园9组团,118.787829,31.957366,南京市江宁区开发区将军大道2号,江苏省,南京市,江宁区,1,77a946a81084c1c121f01723
7833,美之国7组团,118.778347,31.958279,南京市江宁区将军大道2号,江苏省,南京市,江宁区,1,359f2fb9b04502311676430d
7834,美国6组团,118.783297,31.958674,南京市江宁区将军大道2号,江苏省,南京市,江宁区,1,f8c7441fea215080dbeced49
7835,玛斯兰德桃子街区,118.787906,31.953842,江苏省南京市江宁区将军大道8号,江苏省,南京市,江宁区,1,fa08c25c31bf714fb1077d79
7836,辣椒街区,118.787157,31.955834,南京市江宁区将军大道8号,江苏省,南京市,江宁区,1,f175bad06175627646572625
7837,托乐嘉街区,118.792994,31.9526,江苏省南京市江宁区将军大道9号,江苏省,南京市,江宁区,1,93a39074fcd6dd2377026913
7838,托乐嘉花园,118.79175,31.956072,南京市江宁区将军大道3号,江苏省,南京市,江宁区,1,c5f2ae4ea02ac64183a00c72
7839,翠屏东南,118.790666,31.959189,南京市江宁区将军大道1号,江苏省,南京市,江宁区,1,43b7e889aa2e6c6a58f6be7b
7840,托乐嘉单身公寓,118.792212,31.950656,南京市江宁区将军大道109号,江苏省,南京市,江宁区,1,a152e4f0d45153b87702694e
7841,托乐嘉友邻居,118.794882,31.952606,江苏省南京市江宁区将军大道9号,江苏省,南京市,江宁区,1,e76acffe75f18109d418b7b9
7842,托乐嘉睦邻居-6幢,118.791032,31.951384,江苏省南京市江宁区托乐嘉睦邻居6幢,江苏省,南京市,江宁区,1,a4e166c0d5242e3452e5c528
7843,托乐嘉旺邻居,118.790237,31.955759,南京市江宁区将军大道9号,江苏省,南京市,江宁区,1,38e0384e8e9e1f82c26c141e
7844,托乐嘉友邻居,118.794882,31.952606,江苏省南京市江宁区将军大道9号,江苏省,南京市,江宁区,1,e76acffe75f18109d418b7b9
7845,核心街区,118.79175,31.952337,南京市江宁区秣陵街道将军大道9号,江苏省,南京市,江宁区,1,b744386ebe7b52428b2fb52e
7846,托乐嘉花园-东门,118.795508,31.954447,江苏省南京市江宁区托乐嘉花园(顺翔西街西),江苏省,南京市,江宁区,1,efc572bba01d2c7d58f6bef4
7847,欧陆经典花园,118.810036,31.951527,南京市江宁区胜太西路28号,江苏省,南京市,江宁区,1,91c13f9353bce7fa21f0177a
7848,京状商务,118.812291,31.95192,江苏省南京市江宁区胜利西路9号,江苏省,南京市,江宁区,1,fec16ab9e61fd1c931870a0f
7849,仲景公寓,118.812708,31.951129,江苏省南京市江宁区胜太西路8号,江苏省,南京市,江宁区,1,15a938100d1317bd14c8f67a
7850,碧水湾西园,118.811881,31.954087,南京市江宁区胜利西路18号,江苏省,南京市,江宁区,1,0dc3d82d63fd986c75e5b67b
7851,天琪雅居,118.811686,31.951121,南京市江宁区胜太西路16号,江苏省,南京市,江宁区,1,f5e3bcae2f9217c15e17c37a
7852,汇金新天地广场-北门,118.816247,31.952842,南京市江宁区胜利路18号,江苏省,南京市,江宁区,1,838d3e7b46c27078a104643c
7853,巴莱大厦,118.817896,31.950884,南京市江宁区开发区胜太路39号,江苏省,南京市,江宁区,1,0ed20a150b864c9757bfff7a
7854,银江苑,118.817116,31.950897,南京市江宁区胜太路33号,江苏省,南京市,江宁区,1,33fbfa83e4888ec10bf5eb7a
7855,天恒大厦,118.813127,31.959462,江苏省南京市江宁区秦淮路58号,江苏省,南京市,江宁区,1,0b40df57895d8c6b04026f26
7856,和建大厦,118.817872,31.952627,南京市江宁区胜利路38号,江苏省,南京市,江宁区,1,b04b7229eae8478fa2046494
7857,汇金新天地广场-北门,118.816247,31.952842,南京市江宁区胜利路18号,江苏省,南京市,江宁区,1,838d3e7b46c27078a104643c
7858,水月秦淮19栋3单元,118.811279,31.960762,江苏省南京市江宁区秦淮路水月秦淮19栋3单元,江苏省,南京市,江宁区,1,75e8bc69d344d934d92f28c6
7859,隆仁大厦,118.812432,31.959393,南京市江宁区秦淮路66号,江苏省,南京市,江宁区,1,4cf513e3f0fd259375e5b6ef
7860,河定桥宝色钛业单位房,118.822295,31.956545,江苏省南京市江宁区董村路99号,江苏省,南京市,江宁区,1,0abf07df436de21d0ab93a1f
7861,金王府商业广场1号商务楼,118.827331,31.955604,江苏省南京市江宁区双龙大道1179号,江苏省,南京市,江宁区,1,62601ec7b1c8e8c0c62ba159
7862,金轮新都汇,118.82605,31.956755,南京市江宁区双龙大道1118号,江苏省,南京市,江宁区,1,72790f5f56d9820846e2740f
7863,三色商务楼,118.827573,31.955041,南京市江宁区双龙大道1229号,江苏省,南京市,江宁区,1,1822a999addb95020869d95c
7864,名家科技大厦,118.825222,31.95384,南京市江宁区胜利路99号,江苏省,南京市,江宁区,1,02debacc23d1802e3010affd
7865,金穗科技苑中心机房楼,118.8257,31.953017,南京市江宁区胜利路100号,江苏省,南京市,江宁区,1,08543956117a91c883a00c67
7866,中国农业银行南京江宁支行办公楼,118.826699,31.953069,江苏省南京市江宁区胜利路102号,江苏省,南京市,江宁区,1,4b8f5e699378dcd7095cb3b3
7867,金王府-西区,118.828384,31.954907,南京市江宁区上元大街88号,江苏省,南京市,江宁区,1,1ef7d43c40ee361cca2915f0
7868,新蕾公寓,118.828163,31.956686,南京市江宁区上元大街88号,江苏省,南京市,江宁区,1,3045bbd6420f944bd23ce319
7869,双龙苑,118.82854,31.953984,南京市江宁区双龙大道1251号,江苏省,南京市,江宁区,1,b9e3535f43c758a282288a92
7870,河定桥新苑,118.827766,31.957497,南京市江宁区上元大街30号,江苏省,南京市,江宁区,1,e977df897f27d6ec40afe627
7871,胜利路1号小区,118.822462,31.953244,江苏省南京市江宁区胜利路1号,江苏省,南京市,江宁区,1,6783d2bc940de8a858f6be6d
7872,金长城大厦,118.827221,31.952341,南京市江宁区双龙大道1198号,江苏省,南京市,江宁区,1,e96b4420af2c9f5982288a7a
7873,胜利新村,118.828576,31.953075,南京市江宁区胜太路严柳街42号,江苏省,南京市,江宁区,1,dffd631c2e3dc3bc38221c7a
7874,双子星广场,118.827861,31.958532,江苏省南京市江宁区上元大街1101号1楼,江苏省,南京市,江宁区,1,27396bf09c9c8e079cec2b6f
7875,大才大厦,118.826643,31.951327,南京市江宁区胜太路109号,江苏省,南京市,江宁区,1,693ac182d06dfaa6c909f02c
7876,悦恒君铂商务大厦,118.828495,31.951902,江苏省南京市江宁区双龙大道1341号,江苏省,南京市,江宁区,1,a3a28f985acce247be4842fc
7877,同曦·青春水岸,118.822997,31.959535,南京市江宁区秣陵街道秦淮路4号(南临秦淮路，东靠江宁国税局，西侧为江宁建工局),江苏省,南京市,江宁区,1,a74481d66d934b38f503b801
7878,胜泰新寓,118.821809,31.951742,南京市江宁区秣陵街道胜太路77号,江苏省,南京市,江宁区,1,ef773a0fc8c29e342202207a
7879,胜利家园小区,118.831071,31.951504,江苏省南京市江宁区严南路2号,江苏省,南京市,江宁区,1,93d8333f6c9f110a6b49f3ab
7880,同曦·青春水岸,118.822997,31.959535,南京市江宁区秣陵街道秦淮路4号(南临秦淮路，东靠江宁国税局，西侧为江宁建工局),江苏省,南京市,江宁区,1,a74481d66d934b38f503b801
7881,江宁1号,118.827092,31.950426,南京市江宁区胜太路弘阳家居(南京江宁店),江苏省,南京市,江宁区,1,f60a15ed2dcb9e92ba17e79a
7882,胜利新村,118.828576,31.953075,南京市江宁区胜太路严柳街42号,江苏省,南京市,江宁区,1,dffd631c2e3dc3bc38221c7a
7883,同曦大厦-写字楼,118.828704,31.950532,南京市江宁区胜太东路8号,江苏省,南京市,江宁区,1,8f5a47c13d3c50f355bfff5b
7884,亲水湾花园,118.829378,31.959753,南京市江宁区上元大街29号(河定桥地铁东北侧),江苏省,南京市,江宁区,1,69fcd6dff7abd22fca29157a
7885,同曦鸣城,118.82923,31.950753,南京市江宁区胜太东路8号,江苏省,南京市,江宁区,1,14a25d04bae569a08a36ee41
7886,同曦大厦,118.82872,31.950533,南京市江宁区胜太东路8号(近双龙大道),江苏省,南京市,江宁区,1,30b0cf363134204d4f3a5940
7887,胜利家园小区,118.831071,31.951504,江苏省南京市江宁区严南路2号,江苏省,南京市,江宁区,1,93d8333f6c9f110a6b49f3ab
7888,金轮第一城,118.820505,31.951521,江苏省南京市江宁区胜太路59号,江苏省,南京市,江宁区,1,d146b388c3978dde7402697a
7889,瑞都,118.82864,31.948817,江苏南京市江宁区双龙大道1351号,江苏省,南京市,江宁区,1,ec98811610350b2731f71dab
7890,瑞都,118.82864,31.948817,江苏南京市江宁区双龙大道1351号,江苏省,南京市,江宁区,1,ec98811610350b2731f71dab
7891,瑞都,118.82864,31.948817,江苏南京市江宁区双龙大道1351号,江苏省,南京市,江宁区,1,ec98811610350b2731f71dab
7892,21世纪假日花园,118.835576,31.955216,南京市江宁区上元大街160号,江苏省,南京市,江宁区,1,5211d2190ea245257dc876dc
7893,梦蝶园,118.836986,31.956284,南京市江宁区胜太东路195号,江苏省,南京市,江宁区,1,79cceb36266985891e58007a
7894,金轮第一居,118.837484,31.954857,南京市江宁区明月路100号,江苏省,南京市,江宁区,1,f1f5cac57e00dfe536b06c65
7895,金轮一居(北院),118.837654,31.955704,南京市江宁区明月路64号,江苏省,南京市,江宁区,1,3a0fbba8a5b1563c9fe321a6
7896,明月蓝色假日,118.838003,31.956271,南京市江宁区明月路62号,江苏省,南京市,江宁区,1,4c27a3681324e68e71210be5
7897,海明珠花园,118.838907,31.95491,江苏省南京市江宁区明月路211号,江苏省,南京市,江宁区,1,41572e00a8b721b4b45f1e7a
7898,雅仕居-1幢,118.840925,31.955901,南京市江宁区雅仕居01幢,江苏省,南京市,江宁区,1,af137028293dff782806ce92
7899,金王府,118.830345,31.955549,江苏省南京市江宁区上元大街88号,江苏省,南京市,江宁区,1,d58f7be97a49555de6e96546
7900,东虹园,118.836175,31.95931,南京市江宁区上元大街171号,江苏省,南京市,江宁区,1,b533ea4a28a353414f6d467a
7901,南京百米阳光单身公寓,118.840318,31.957262,江苏省南京市江宁区明月路1号国贸大厦4楼,江苏省,南京市,江宁区,1,3a84f535e1e60f326240a9b0
7902,鑫都公寓,118.833229,31.950835,南京市江宁区胜太东路50号,江苏省,南京市,江宁区,1,2ad32cc365821b8f9d95de7a
7903,康达花园城,118.839882,31.958301,江苏省南京市江宁区河滨路27号,江苏省,南京市,江宁区,1,5b5aab97aaf58264cc06a45d
7904,金辉金陵铭著,118.830224,31.952174,江苏省南京市江宁区胜太东路11号,江苏省,南京市,江宁区,1,58c7366823c1ca6f0f0e6b13
7905,枫林湾花园,118.840015,31.959492,南京市江宁区东山北沿路街道北沿路15号,江苏省,南京市,江宁区,1,b4975384d9732c1607fef523
7906,胜泰华府,118.831165,31.95087,"南京市江宁区开发区胜太东路36号,百家湖中学北侧",江苏省,南京市,江宁区,1,505a90a4a4c96c83c3f1cf5b
7907,供销商厦,118.839439,31.957542,南京市江宁区上元大街242号,江苏省,南京市,江宁区,1,f15a47a81b9a4d3f6d20b90c
7908,明月贵都花园,118.844479,31.954355,南京市江宁区江宁商城明月路158号(公交车站),江苏省,南京市,江宁区,1,50f7d146c68d21c472210b7a
7909,银谷大厦,118.843223,31.955666,南京市江宁区金箔路999号,江苏省,南京市,江宁区,1,76cc4261a32a25e6f503b822
7910,黄金海岸广场,118.842968,31.95574,江苏省南京市江宁区东山街道金箔路999号,江苏省,南京市,江宁区,1,69130523722b6308725e807a
7911,黄金海岸二街区,118.841956,31.955716,南京市江宁区萃文路黄金海岸广场,江苏省,南京市,江宁区,1,15d60135a6853eb2c5effb82
7912,城建大厦,118.844775,31.958378,江苏省南京市江宁区上元大街327号,江苏省,南京市,江宁区,1,8054de1d899175a8ca2915ab
7913,江苏国贸大厦,118.841201,31.957126,南京市江宁区上元大街300号,江苏省,南京市,江宁区,1,d0b8923f814191e2b4f42fa3
7914,江宁万达广场-F座,118.848926,31.956915,江苏省南京市江宁区府前东路9号万达广场(南京江宁店)F座,江苏省,南京市,江宁区,1,36ab393b228f7ae27ab55c4d
7915,东平雅苑,118.850787,31.955488,南京市江宁区金箔路713号,江苏省,南京市,江宁区,1,f550a652290cca0249fd3f59
7916,万达广场-E座,118.848823,31.957894,南京市江宁区竹山路68号江宁万达广场,江苏省,南京市,江宁区,1,de339e6a759d2739b5147fba
7917,万欣翠园,118.84916,31.952634,竹山路86号,江苏省,南京市,江宁区,1,beabdbf476846a987069d37a
7918,万达江宁府-江宁府(北区),118.852722,31.957134,南京市江宁区鼓山路与竹山路交叉路口往东北约140米,江苏省,南京市,江宁区,1,45fd7a0107d643115bf6be71
7919,建设大厦,118.84181,31.957686,南京市江宁区上元大街313号,江苏省,南京市,江宁区,1,72e57fd7f57b84aff8dc857a
7920,香海大厦,118.840901,31.955257,南京市江宁区明月路188号,江苏省,南京市,江宁区,1,76cdfe76a7bdf3c30ab93ad8
7921,香海大厦-明月LOVE生活广场,118.841156,31.955518,江苏省南京市江宁区明月路188号香海大厦2层,江苏省,南京市,江宁区,1,2dd54f57cf169233a31de95f
7922,恒通大厦,118.84774,31.958793,南京市江宁区东山镇上元大街395号,江苏省,南京市,江宁区,1,0523a1415cde621db23c817a
7923,一鸣花园,118.840742,31.956158,南京市江宁区明月路19号,江苏省,南京市,江宁区,1,01b0cd736d758d8996f08c48
7924,明月花园,118.840539,31.953603,南京市江宁区萃文路99号,江苏省,南京市,江宁区,1,78bd50f7882c735b31870a7a
7925,南京江宁万达广场-D座,118.848892,31.958495,南京市江宁区上元大街420号万达广场(南京江宁店)D座,江苏省,南京市,江宁区,1,9db6ccaa99c9538016c905db
7926,江宁万达中心D座,118.848892,31.958495,南京市江宁区上元大街420号万达广场(南京江宁店)D座,江苏省,南京市,江宁区,1,9db6ccaa99c9538016c905db
7927,万达公馆-2幢,118.853089,31.956628,南京市江宁区鼓山路79号2幢,江苏省,南京市,江宁区,1,af0aeaa1cbca42db16a19052
7928,公园路11号院,118.844981,31.959562,南京市江宁区公园路11号,江苏省,南京市,江宁区,1,5367734e3bf5d4ce17c8f6d5
7929,广电宿舍楼,118.841695,31.95865,江苏省南京市江宁区北沿路128号,江苏省,南京市,江宁区,1,951fccd3342c46302ffaa799
7930,竹山公寓,118.849076,31.951382,南京市江宁区宁竹山路和金箔路交叉处,江苏省,南京市,江宁区,1,a3f1c6474849f26badcb6664
7931,卫生大厦,118.848456,31.959003,南京市江宁区上元大街397号,江苏省,南京市,江宁区,1,15e1e85ec54d53a25810937a
7932,南京江宁万达广场万达中心-C座,118.849704,31.958698,江苏省南京市江宁区上元大街420号,江苏省,南京市,江宁区,1,ad4b02043d90b1eb7ab55cbc
7933,三新村-7号院,118.859528,31.96335,江苏省南京市江宁区三新村7号,江苏省,南京市,江宁区,1,cd01c3d95c316ab04c3a5975
7934,戴家塘-15号,118.847552,31.95964,江苏省南京市江宁区戴家塘15号,江苏省,南京市,江宁区,1,143852e7eb7416b58f55ec84
7935,天琪福苑,118.842947,31.950593,江苏省南京市江宁区竹新路,江苏省,南京市,江宁区,1,7f814a7594b7c0608c55ecdb
7936,万达广场C座(上元大街),118.849704,31.958698,江苏省南京市江宁区上元大街420号,江苏省,南京市,江宁区,1,ad4b02043d90b1eb7ab55cbc
7937,上元大街-319号院,118.842208,31.959648,南京市江宁区上元大街319号,江苏省,南京市,江宁区,1,974ced97b49a45805d17c315
7938,城中大市口,118.85153,31.959759,南京市江宁区上元大街与土山路交叉路口向东北约100米,江苏省,南京市,江宁区,1,316b9f3f01884307bb17e78f
7940,东银花园,118.85518,31.951914,南京市江宁区金箔路619号,江苏省,南京市,江宁区,1,11c9e7ed2be75f099de32132
7941,五小区,118.855323,31.953086,南京市江宁区金箔路579号,江苏省,南京市,江宁区,1,94fee774b72065bca7da39b9
7942,玉堂巷8号小区,118.854278,31.957144,南京市江宁区玉堂巷8号,江苏省,南京市,江宁区,1,d0f1dfb9b6bab0050f0e6b8b
7943,玉堂花园,118.853192,31.955805,南京市江宁区玉堂巷66号,江苏省,南京市,江宁区,1,05b9714128e450a096f08cc5
7944,南京市江宁医院住宅区,118.857295,31.956955,南京市江宁区鼓山路222号,江苏省,南京市,江宁区,1,f2f15ffb2c7cbe88631c677a
7945,金箔路468号院,118.858563,31.955002,金箔路468号,江苏省,南京市,江宁区,1,e4efdf6b48b62829266e984c
7946,东银花园,118.85518,31.951914,南京市江宁区金箔路619号,江苏省,南京市,江宁区,1,11c9e7ed2be75f099de32132
7947,桃园路18号院,118.85873,31.95572,南京市江宁区桃园路18号,江苏省,南京市,江宁区,1,c5772f8ea950fbbc9e9d6847
7948,志宁花园,118.852071,31.955678,南京市江宁区东山街道竹山路65号,江苏省,南京市,江宁区,1,fa01e937a39cd94a774ff17a
7949,中心花园,118.854182,31.957705,江苏省南京市江宁区东山镇玉堂巷4号,江苏省,南京市,江宁区,1,108b1cead2c3d5ac3586f47a
7950,景福庭院,118.85861,31.95689,南京市江宁区桃园路51号,江苏省,南京市,江宁区,1,4ce10ce6985e68dc441a3268
7951,晓里社区企业退休人员之家,118.858422,31.956419,江苏省南京市江宁区桃园路41号,江苏省,南京市,江宁区,1,92b78b24c99d973dc336442f
7952,南京市江宁区人民政府-东南门,118.846463,31.958359,南京市江宁区上元大街369号,江苏省,南京市,江宁区,1,2af3b460099969a0f42310f8
7953,邮电公寓(桃园路),118.859273,31.956074,江苏省南京市江宁区桃园路36号,江苏省,南京市,江宁区,1,5209f0fd1703fdb4be4842ed
7954,晓里社区,118.858519,31.956421,江苏省南京市江宁区桃园路景福庭院旁(江宁医院东100米),江苏省,南京市,江宁区,1,88d22d8d8d6ed63dd518b7a2
7955,恒达嘉园,118.851435,31.954963,南京市江宁区金箔路730号,江苏省,南京市,江宁区,1,be1ea5efb5655abf14948e7a
7956,东山发动机厂住宅楼,118.852203,31.952316,南京市江宁区竹山路99号,江苏省,南京市,江宁区,1,65ec4cd0642d3d27b8bd630e
7957,万达公馆,118.85235,31.957785,江苏省南京市江宁区竹山路59号,江苏省,南京市,江宁区,1,58ee9745355c0ff8744ff147
7958,晓里村经济适用房,118.857172,31.958514,南京市江宁区鼓山路280号,江苏省,南京市,江宁区,1,a4e414ccd8d3d23307fef5dc
7959,城开·利民城,118.85514,31.958703,南京市江宁区新医路28-36号,江苏省,南京市,江宁区,1,49a02a7ae8d5e03d2a201aa6
7960,苗圃路小区,118.859506,31.95128,南京市江宁区苗圃路19号,江苏省,南京市,江宁区,1,31be7dc27566f4a92102625a
7961,新医路小区,118.855657,31.95878,南京市江宁区新医路山水大厦,江苏省,南京市,江宁区,1,5d352717cf5d223c28201a29
7962,竹山大厦,118.851847,31.952631,南京市江宁区竹山路88-4号,江苏省,南京市,江宁区,1,a82c2b822cc825658605bfab
7963,桃园新居,118.859831,31.956367,南京市江宁区桃园路40号,江苏省,南京市,江宁区,1,35debf293d68f644a6da397a
7964,东新城,118.861459,31.954355,南京市江宁区东新南路398号,江苏省,南京市,江宁区,1,908ec73b1ee4241e6fc02c2f
7965,山水大厦,118.855698,31.959055,南京市江宁区新医路15-1号,江苏省,南京市,江宁区,1,e85e25276174485395f08c7a
7966,嘉业广场,118.855119,31.95902,江苏省南京市江宁区东山步行街东入口,江苏省,南京市,江宁区,1,04d76e867cb366f5471a3240
7967,南京江宁万达广场万达中心-B座,118.850738,31.956975,江苏省南京市江宁区竹山路68号,江苏省,南京市,江宁区,1,75eb18b9bafa548790114c55
7968,供电苑,118.859326,31.954534,南京市江宁区科学园东新南路346号,江苏省,南京市,江宁区,1,64ff3be13d8bf9bb90114c7a
7969,南京市江宁区市场监督管理局,118.853642,31.954422,南京市江宁区金箔路666号,江苏省,南京市,江宁区,1,a25e19b3da89a47db04c4972
7970,万达中心B座(竹山路),118.850738,31.956975,江苏省南京市江宁区竹山路68号,江苏省,南京市,江宁区,1,75eb18b9bafa548790114c55
7971,外港新村,118.856382,31.950503,南京市江宁区金箔路579号,江苏省,南京市,江宁区,1,d6ee872413fc7fe0a8f0cd7a
7972,南京化工技师学院金陵校区公寓楼3,118.852613,31.949983,南京市江宁区竹山路东山宾馆西北侧约60米,江苏省,南京市,江宁区,1,70f48a26a890f6f54f6d46cb
7973,莱茵达路6号住宅,118.860307,31.951924,南京市江宁区金箔路与莱茵达路交叉路口往南约60米,江苏省,南京市,江宁区,1,cad4c0d9093e785ee6073818
7974,嘉顺·时代广场-1幢,118.856425,31.959165,南京市江宁区东山镇上元二街488号嘉顺·时代广场1幢,江苏省,南京市,江宁区,1,38dc37e73fe0dc557adbd277
7975,绿野大厦,118.853634,31.959635,南京市江宁区东山镇上元大街518号,江苏省,南京市,江宁区,1,2527be1e7b8585b34afc8d7a
7976,长城大厦(上元大街),118.852968,31.959486,南京市江宁区东山街道上元大街504号,江苏省,南京市,江宁区,1,0ad83a5a9173672e4f3a591a
7977,南京市江宁区竹山路68号万达广场A座,118.850462,31.957726,江苏省南京市江宁区竹山路16号,江苏省,南京市,江宁区,1,3a74e571e8ef3af81d5800e4
7978,管道学院,118.858434,31.948522,新亭路146号,江苏省,南京市,江宁区,1,81a7b58f62dab73207026fc6
7979,南京化工技师学院金陵校区公寓楼3,118.852613,31.949983,南京市江宁区竹山路东山宾馆西北侧约60米,江苏省,南京市,江宁区,1,70f48a26a890f6f54f6d46cb
7980,日光广场-111号,118.860373,31.958665,江苏省南京市江宁区日光广场111号,江苏省,南京市,江宁区,1,aab40789c4da7ac42b11d10a
7981,蚂蚁工坊-B座,118.859628,31.959582,南京市江宁区东新南路15号,江苏省,南京市,江宁区,1,c6641e0f2f63d95312882476
7982,瓯江大厦,118.859884,31.959303,江苏省南京市江宁区东新南路285号,江苏省,南京市,江宁区,1,3a03682957567b74deee8bb5
7983,蚂蚁工坊-A座,118.859899,31.95954,南京市江宁区东新南路15号,江苏省,南京市,江宁区,1,1582de2df93017606cc02cd0
7984,凯旋国际停车场,118.851447,31.954872,南京市江宁区金箔路700号,江苏省,南京市,江宁区,1,7d86363607dd0dc1a1046402
7985,金箔路287号院,118.864362,31.954715,南京市江宁区金箔路287号,江苏省,南京市,江宁区,1,e8a216baf925985e8c55ec75
7986,金陵天成,118.866422,31.956325,南京市江宁区金箔路1号(公交车站),江苏省,南京市,江宁区,1,2a7a25ecb150ab1e6c3e1b33
7987,明月新寓花园,118.867977,31.954138,南京市江宁区天印大道1088号,江苏省,南京市,江宁区,1,3a0a78bd0a9d3cfa6318097a
7988,天宝新寓,118.865243,31.952305,江苏省南京市江宁区东新南路519号,江苏省,南京市,江宁区,1,341c35de34435abee607387a
7989,丝织厂小区,118.867378,31.957126,南京市江宁区天印大道996号,江苏省,南京市,江宁区,1,19a0b3b2e222459487154192
7990,西苑阳光翠庭,118.869717,31.956615,南京市江宁区东山街道天印大道1089号,江苏省,南京市,江宁区,1,abb030617e33c06f43e192b3
7991,东新城,118.861459,31.954355,南京市江宁区东新南路398号,江苏省,南京市,江宁区,1,908ec73b1ee4241e6fc02c2f
7992,桃园路小区,118.859225,31.955478,江苏省南京市江宁区桃园路36号,江苏省,南京市,江宁区,1,5131b9e69a6c0ddf9222e025
7993,东新南路313号院,118.861744,31.956546,南京市江宁区东新南路313号,江苏省,南京市,江宁区,1,654d5261c1ef1bc7adb22ad1
7994,温州商业街小区,118.861516,31.956466,南京市江宁区东新南路281号,江苏省,南京市,江宁区,1,63e4be959082da330c0e6b7c
7995,东方花园(东新南路店),118.863311,31.951662,江苏省南京市江宁区东新南路518号19区2栋,江苏省,南京市,江宁区,1,7f7bd5cccabd68afbea24044
7996,天印大道-999号院,118.869237,31.957147,江苏省南京市江宁区天印大道999号,江苏省,南京市,江宁区,1,25a961bd8a1c3963a8f0cdf6
7997,馨绿园,118.866739,31.951071,江苏省南京市江宁区上元路508号,江苏省,南京市,江宁区,1,6fddd7fd85b9c17f3517dc7a
7998,南京万达嘉华酒店员工之家,118.862208,31.952063,南京市江宁区莱茵达路广汇街15号广汇花园13栋,江苏省,南京市,江宁区,1,ee73d81fa172e0504051c0af
7999,国府大院-326号,118.861432,31.953693,南京市江宁区金箔路东新城南侧,江苏省,南京市,江宁区,1,dba07cbcfc6a05b1badf8f1b
8000,时代雅居,118.868722,31.951509,南京市江宁区天印大道1218号,江苏省,南京市,江宁区,1,504d61139a1dd7b34657267a
8001,乐超生活区,118.862721,31.958614,南京市江宁区上元路171号,江苏省,南京市,江宁区,1,b5903dd756119f253310af7e
8002,玲珑华庭,118.860937,31.95689,江苏省南京市江宁区东新南路285号,江苏省,南京市,江宁区,1,3a3ae0d3461e93124e776eb7
8003,上元路151号院,118.862364,31.959053,南京市江宁区上元路151号,江苏省,南京市,江宁区,1,d08244db4a82565ccb09f068
8004,莱茵达路7号院,118.860867,31.951709,江苏省南京市江宁区莱茵达路7号,江苏省,南京市,江宁区,1,3d90c2abd660669129fc48cf
8005,新亭兰苑小区,118.86344,31.950363,南京市江宁区东山街道新亭东路111号,江苏省,南京市,江宁区,1,62a7e5707df2bbf6276e9809
8006,利民新村,118.863199,31.960013,南京市江宁区上元路826号,江苏省,南京市,江宁区,1,f7cef40ec64d81794054d7c7
8007,广汇花园,118.862072,31.950955,南京市江宁区东山街道莱茵达路15号,江苏省,南京市,江宁区,1,a9a7db4da8cf5e15bda24061
8008,日光广场,118.861184,31.958346,南京市江宁区东新南路253号,江苏省,南京市,江宁区,1,a29f1a8a7dc3f30388f15dcd
8009,都市丽景家园,118.86053,31.950164,江苏省南京市江宁区苗圃路33号,江苏省,南京市,江宁区,1,90b35a256b5f422b85420e15
8010,都市丽景家园,118.86053,31.950164,江苏省南京市江宁区苗圃路33号,江苏省,南京市,江宁区,1,90b35a256b5f422b85420e15
8011,金箔大楼,118.864056,31.958075,南京市江宁区金箔路98号,江苏省,南京市,江宁区,1,a8df33e95b681fc802294f9c
8012,明月新家花园(东北门),118.868762,31.95583,江苏省南京市江宁区天印大道1088号,江苏省,南京市,江宁区,1,3fdff8e80520cd225810936a
8013,明月新寓花园-南门,118.869301,31.952965,南京市江宁区天印大道与昌宁路交叉口西100米,江苏省,南京市,江宁区,1,e68b90ba5626a1f06cc02c07
8014,天元吉第城,118.878834,31.953783,南京市江宁区东山镇湖山路369号,江苏省,南京市,江宁区,1,d5fb9d19bfc77693a6da39db
8015,西苑,118.870943,31.954661,南京市江宁区天印大道1089号,江苏省,南京市,江宁区,1,f633606a1ababb4e0b69d97a
8016,成山公寓,118.873495,31.952339,南京市江宁区天印大道1255号,江苏省,南京市,江宁区,1,81d6a5097190e5406e20b97b
8017,康桥公寓,118.872502,31.949997,南京市江宁区天印大道1299号,江苏省,南京市,江宁区,1,204d02cb4a6873812b11d1ab
8018,金东城雅居,118.876403,31.957986,南京市江宁区秣陵街道湖山路189号,江苏省,南京市,江宁区,1,bba873880ac4eaddbda822a6
8019,香江豪庭,118.874962,31.950105,南京市江宁区湖山路388号(湖山路和新亭路交汇处),江苏省,南京市,江宁区,1,eec82b95221e797b88db73d9
8020,泥塘新苑,118.878508,31.957539,江苏省南京市江宁区湖东路188号,江苏省,南京市,江宁区,1,6264f4bfdfd48f8cb45f1edd
8021,天景山小区l组团二期,118.878457,31.956814,江苏省南京市江宁区湖东路泥塘新苑(金东城雅居小区东),江苏省,南京市,江宁区,1,d7078036c8addfcab11e36da
8022,湖山尊邸,118.876578,31.956247,南京市江宁区昌宁路99号,江苏省,南京市,江宁区,1,0ccce3bedd454b3ec42ba180
8023,天景山公寓荣华苑-西区,118.880528,31.950056,江苏省南京市江宁区天景山路,江苏省,南京市,江宁区,1,a885c8ddf259b20d631809b7
8024,泥塘新苑,118.878508,31.957539,江苏省南京市江宁区湖东路188号,江苏省,南京市,江宁区,1,6264f4bfdfd48f8cb45f1edd
8025,西苑新寓8幢,118.870294,31.95454,江苏省南京市江宁区西苑新寓8幢,江苏省,南京市,江宁区,1,2cdcee732d7d822149fc8d74
8026,天景山公寓佳福苑,118.883542,31.953015,南京市江宁区湖山路419号,江苏省,南京市,江宁区,1,bff8fa7d2d82d9a0c8213d7a
8027,天景山公寓-瑞庭苑,118.885365,31.956198,江苏省南京市江宁区新亭东路,江苏省,南京市,江宁区,1,aa0707c20c407bb142d63e2d
8028,天景山公寓-荣华苑,118.881434,31.950605,江苏省南京市江宁区湖东路59号附近,江苏省,南京市,江宁区,1,a448343d3741127c8f1a8960
8029,天景山公寓-盛乐苑,118.887421,31.954193,江苏省南京市江宁区湖山路149号,江苏省,南京市,江宁区,1,b0d056f2faac7a03cbc3dba6
8030,中航樾园,118.887294,31.957399,南京市江宁区泉东路58号,江苏省,南京市,江宁区,1,93579044df0c04381e1d1136
8031,王墅社区,118.882814,31.958569,天景山小区春秀苑附近,江苏省,南京市,江宁区,1,e53225ea867e26e5233bf2a2
8032,陵里社区,118.882846,31.958567,南京市江宁区东山街道新亭东路天景山公寓春秀苑,江苏省,南京市,江宁区,1,8a91be25c0838844c92915df
8033,天景山公寓春秀苑,118.883036,31.959364,湖山路419号,江苏省,南京市,江宁区,1,4bab76739156e598631c678d
8034,天景山公寓荣华苑-东区,118.882237,31.95114,江苏省南京市江宁区天景山公寓荣华苑(新亭东路东),江苏省,南京市,江宁区,1,51c8abee123ece871188245a
8035,天景山公寓瑞庭苑-西门,118.884141,31.955286,江苏省南京市江宁区天景山公寓(瑞庭苑),江苏省,南京市,江宁区,1,dddcf8fcab5629e754bfff22
8036,天景山公寓盛乐苑-北一门,118.886303,31.954851,江苏省南京市江宁区湖东路,江苏省,南京市,江宁区,1,62a56d201b96738de5e965e7
8037,天景山公寓景秀苑,118.89072,31.954313,南京市江宁区天印路865号,江苏省,南京市,江宁区,1,e2c734e42ec3302315a190d0
8038,天宁家园,118.893032,31.959864,南京市江宁区园中路3号,江苏省,南京市,江宁区,1,a53403f1417b1d2d1d1d11a2
8039,天景山公寓如意苑,118.890627,31.950442,淳化街道南医大后勤总公司江宁校区物业中心,江苏省,南京市,江宁区,1,c36fcc38e3f0a1d9a6da398a
8040,怡居香汇园,119.003193,31.952299,南京市江宁区怡居香汇园(青杜路北250米),江苏省,南京市,江宁区,1,16114cd85f2809a479dbd203
8041,北柚08,118.649181,31.942032,南京市雨花台区凤集大道电子信息产业园,江苏省,南京市,雨花台区,1,2e2ff5b0cb6dd0e8740269e0
8042,北柚18A,118.648876,31.942205,南京市雨花台区凤集大道电子信息产业园,江苏省,南京市,雨花台区,1,2b207ced6a99c35b09a8d44c
8043,北柚01,118.651058,31.941679,江苏省南京市雨花台区凤集大道15号60附近,江苏省,南京市,雨花台区,1,140a00fcacc0d7cc13293500
8044,明发.华东国际城商业小区,118.650797,31.941766,南京市雨花台区凤集大道15号60附近,江苏省,南京市,雨花台区,1,5fac31ae77fcc3edf7e73bd4
8046,弘阳装饰城-1号入口,118.675513,31.947655,南京市雨花台区龙藏大道12号,江苏省,南京市,雨花台区,1,2587ab540d19c130b8bd63b4
8047,精艺瓷别墅砖,118.676064,31.944959,南京市雨花台区佛山路弘阳装饰城,江苏省,南京市,雨花台区,1,0050ca6c305123599122e04f
8048,雨花经济开发区保天社区,118.676304,31.949224,弘阳大道与绕城公路交叉口北200米天保社区居委会附近,江苏省,南京市,雨花台区,1,37250ecad9df4fbb70455bb6
8049,恒永东苑,118.698821,31.948519,南京市雨花台区周村街10号,江苏省,南京市,雨花台区,1,6172d2c0c92f99a215c905f3
8050,恒永西苑,118.69415,31.945754,江苏省南京市雨花台区邱村街9号,江苏省,南京市,雨花台区,1,4abcf0e1f2d4d6f1b74f5485
8051,长盛东苑,118.693979,31.949354,南京市雨花台区天保桥路8号,江苏省,南京市,雨花台区,1,7b1edaebb3a4ce5331f71dac
8052,西善花苑-祥和园,118.698316,31.944831,南京市雨花台区邱村69号,江苏省,南京市,雨花台区,1,a0ac23df41d75ad6373a7126
8053,长盛西苑,118.692073,31.948363,南京市雨花台区天保桥路7号,江苏省,南京市,雨花台区,1,2eeebf052bf9ee8dc2f1cf61
8054,恒永东苑-西2门,118.697697,31.948614,南京市雨花台区周村街10号恒永东苑,江苏省,南京市,雨花台区,1,808b37a52433ce7e0bf5eb31
8055,西善花苑-家和园,118.700638,31.942814,江苏省南京市雨花台区邱村68号,江苏省,南京市,雨花台区,1,8cba4bb06dc1b484ac045788
8056,平治南苑,118.70683,31.944713,江苏省南京市雨花台区梅山村路16号,江苏省,南京市,雨花台区,1,c99a292a9d96ab859e95de3a
8057,乐业·东苑,118.7048,31.942918,南京市雨花台区单家村街8号,江苏省,南京市,雨花台区,1,2bd9cd1cf90957c0eddfca7d
8058,义德东苑,118.705174,31.949518,江苏省南京市雨花台区西柿路12号,江苏省,南京市,雨花台区,1,44d05a6e34dd990b02897223
8059,明尚西苑,118.701655,31.950012,南京市雨花台区西柿路9号,江苏省,南京市,雨花台区,1,4592c4f74fc48f81a5da3936
8060,义德西苑,118.7031,31.947965,南京市雨花台区西柿路10号,江苏省,南京市,雨花台区,1,3f5626a4b40f50b90b1cc765
8061,平治北苑,118.704961,31.946078,江苏省南京市雨花台区岱善路,江苏省,南京市,雨花台区,1,da0f3214bfbb7ba4100daa6b
8062,乐业西苑,118.703342,31.941546,江苏省南京市雨花台区西善桥单家村街7号,江苏省,南京市,雨花台区,1,797ee9baaa80e5c53062122c
8063,平治东苑,118.70731,31.94765,南京市雨花台区衡村街10号,江苏省,南京市,雨花台区,1,6e7e1de2fbfbd8f90f3ddae2
8064,东来·奥南城,118.704263,31.945354,江苏省南京市雨花台区岱山中路4号,江苏省,南京市,雨花台区,1,96defb7f62416e5016c90521
8065,西善花苑-万福园,118.700574,31.946529,南京市雨花台区邱村71号,江苏省,南京市,雨花台区,1,e48f5a7aee1b0b20725e80b9
8066,岱山24号地块,118.70554,31.941023,江苏省南京市雨花台区岱山南路16号,江苏省,南京市,雨花台区,1,397596dc765aa4ed48cc4a5d
8067,明尚西苑-南门,118.702404,31.949219,南京市雨花台区西柿路9号,江苏省,南京市,雨花台区,1,7b3aa7ac3b06f4b3c27da211
8068,义德西苑,118.7031,31.947965,南京市雨花台区西柿路10号,江苏省,南京市,雨花台区,1,3f5626a4b40f50b90b1cc765
8069,岱山新城,118.702966,31.950506,南京市雨花台区西善桥西柿路9号,江苏省,南京市,雨花台区,1,a7a67595c88b463a6d20b919
8070,西善花苑-万兴园,118.702905,31.944765,江苏省南京市雨花台区梅山村中心路9号,江苏省,南京市,雨花台区,1,ba2bd28dcb2053916018095c
8071,南京西善花苑,118.70039,31.942365,南京市雨花台区岱善路与单家村街交叉路口往南约150米,江苏省,南京市,雨花台区,1,e92910ed94a6bde23517dcc1
8072,紫金(雨花)科技创业特许社区东片区-一期,118.750542,31.945363,铁心桥街道软件谷人才公寓5-102,江苏省,南京市,雨花台区,1,7e382768e39e9b5a2bb97c61
8073,韩府山庄,118.758619,31.948048,南京市雨花台区宁丹路60号,江苏省,南京市,雨花台区,1,56f2f69654dada800ba8d488
8074,韩府新苑,118.75614,31.948954,南京市雨花台区大周路12号,江苏省,南京市,雨花台区,1,0adce3e20ea48c1c81a00ca6
8075,韩府茗苑,118.751308,31.948704,南京市雨花台区大周路31号,江苏省,南京市,雨花台区,1,5ce2637d88a2302fae31e537
8076,新驱动大厦,118.751836,31.942709,南京市雨花台区南大周路88号,江苏省,南京市,雨花台区,1,1a4c353c47a28cd208ccdd61
8077,高家库工业园,118.756766,31.941189,南京市雨花台区宁丹路西侧,江苏省,南京市,雨花台区,1,b134bde1243905b67ab55c24
8078,软件谷人才公寓,118.751476,31.945394,江苏省南京市雨花台区铁心桥街道牛首大道软件谷人才公寓,江苏省,南京市,雨花台区,1,d13791cca9308c1ab7265511
8079,韩府山庄门面房-4号,118.759936,31.949482,江苏省南京市雨花台区韩府山庄门面房4号,江苏省,南京市,雨花台区,1,3b59586ec7013ad5213bf239
8080,嘉瑞山庄,118.779222,31.947816,南京市江宁区开发区开元欣街11号,江苏省,南京市,江宁区,1,7388dffdb725c896d2ff23a6
8081,香山美墅,118.783047,31.95011,南京市江宁区开元欣街9号,江苏省,南京市,江宁区,1,2cc3c8e85a598dd64d2fdf7a
8082,翠屏滟紫台,118.785919,31.94197,江苏省南京市江宁区将军山韩府路18号,江苏省,南京市,江宁区,1,dc88b184c3c233d2e115f9b3
8083,翠屏国际城-银杏苑,118.789657,31.941145,江苏省南京市江宁区将军大道20号,江苏省,南京市,江宁区,1,da43a4b5ce67c828f7231020
8084,南京航空航天大学揽翠苑,118.787976,31.946129,南京市江宁区韩府路19号(近正德职业技术学院),江苏省,南京市,江宁区,1,9659f100a814d5fc2fb17eac
8085,紫气云谷,118.788256,31.942946,南京市江宁区将军大道韩府路18号(翠屏国际城北侧),江苏省,南京市,江宁区,1,dbb60d2a9467563ec9e33c81
8086,正德职业技术学院-学生公寓,118.78834,31.949101,南京市江宁区经济技术开发区将军大道18号北门,江苏省,南京市,江宁区,1,9d10036ed700c8322806ce9b
8087,正德职业技术学院-学生公寓,118.78834,31.949101,南京市江宁区经济技术开发区将军大道18号北门,江苏省,南京市,江宁区,1,9d10036ed700c8322806ce9b
8088,正德学院学生公寓1幢,118.7891,31.947869,江苏省南京市江宁区将军大道18号正德职业技术学院内,江苏省,南京市,江宁区,1,61bbff2ade8c5a0bfbdc854c
8089,学生工公寓,118.78834,31.949101,南京市江宁区经济技术开发区将军大道18号北门,江苏省,南京市,江宁区,1,9d10036ed700c8322806ce9b
8090,南京航空航天大学(将军路校区东区)-学生宿舍,118.793742,31.947095,江苏省南京市江宁区将军路29号,江苏省,南京市,江宁区,1,65f6cb94b04ce87226e0a030
8091,翠屏新天地,118.790895,31.943255,南京市江宁区秣陵街道将军大道20号,江苏省,南京市,江宁区,1,6347048915ac8af99cec2ba3
8093,翠屏国际城-紫檀苑,118.78872,31.940994,江苏省南京市将军大道20号,江苏省,南京市,江宁区,1,de6ad8d2fd460e6030169b2b
8094,中惠大厦,118.793297,31.941735,江苏省南京市江宁区将军大道20号,江苏省,南京市,江宁区,1,e20ef5b8846869cf42d63e14
8095,翠屏国际城,118.791683,31.942363,南京市江宁区将军大道20号,江苏省,南京市,江宁区,1,213e21de8505c143921fc9b6
8096,中惠国际,118.794159,31.941381,江苏省南京市江宁区秣陵街道将军大道20号翠屏国际广场苑9幢中惠国际,江苏省,南京市,江宁区,1,bd01ae44718a5faa93114ce0
8097,托乐嘉街区,118.792994,31.9526,江苏省南京市江宁区将军大道9号,江苏省,南京市,江宁区,1,93a39074fcd6dd2377026913
8098,翠屏国际城,118.791683,31.942363,南京市江宁区将军大道20号,江苏省,南京市,江宁区,1,213e21de8505c143921fc9b6
8099,南京航空航天大学将军路校区慧园学生公寓-1号楼,118.79725,31.946963,南京市江宁区慧园路南京航空航天大学(将军路校区),江苏省,南京市,江宁区,1,d7ef5fc680ae11db07026fcc
8100,南京航空航天大学(将军路校区)东区学生公寓怡园-16号楼,118.793612,31.947085,江苏省南京市江宁区将军路29号南京航空航天大学将军路校区,江苏省,南京市,江宁区,1,3922e0b8f140057446e274b7
8101,南京航空航天大学将军路校区慧园学生公寓-2号楼,118.797053,31.947299,南京市江宁区慧园路南京航空航天大学(将军路校区),江苏省,南京市,江宁区,1,204bad4a6277c88a9222e0e8
8102,南京航空航天大学将军路校区怡园学生公寓-18号楼,118.79256,31.946778,南京市江宁区秣陵街道将军路29号南京航空航天大学(将军路校区),江苏省,南京市,江宁区,1,7707f43063c46259f40e7786
8103,南京航空航天大学将军路校区慧园学生公寓-3号楼,118.797026,31.947706,南京市江宁区将军路29号,江苏省,南京市,江宁区,1,10ea8e3c6068b1266f3e1bb3
8104,南京航空航天大学将军路校区怡园学生公寓-18号楼,118.79256,31.946778,南京市江宁区秣陵街道将军路29号南京航空航天大学(将军路校区),江苏省,南京市,江宁区,1,7707f43063c46259f40e7786
8105,南京航空航天大学将军路校区怡园学生公寓-18号楼,118.79256,31.946778,南京市江宁区秣陵街道将军路29号南京航空航天大学(将军路校区),江苏省,南京市,江宁区,1,7707f43063c46259f40e7786
8106,南京航空航天大学将军路校区怡园学生公寓-18号楼,118.79256,31.946778,南京市江宁区秣陵街道将军路29号南京航空航天大学(将军路校区),江苏省,南京市,江宁区,1,7707f43063c46259f40e7786
8107,南京航空航天大学将军路校区慧园学生公寓4号楼,118.796874,31.948113,江苏省南京市江宁区将军路29号南京航空航天大学将军路校区,江苏省,南京市,江宁区,1,e3309d7e0dff8ac016c90551
8108,南京航空航天大学将军路校区博园学生公寓10号楼,118.795101,31.94853,将军路29号南京航空航天大学将军路校区,江苏省,南京市,江宁区,1,fde9d1b60d773b8f223bf282
8109,南京航空航天大学将军路校区博园学生公寓13号楼,118.794304,31.94882,将军路29号,江苏省,南京市,江宁区,1,b86574cddc932458cae33cc2
8110,南京航空航天大学将军路校区博园学生公寓12,118.794562,31.948479,南京市江宁区将军路29号,江苏省,南京市,江宁区,1,19cbd4dde8d7d5c92ce67b03
8111,南京航空航天大学将军路校区博园学生公寓13号楼,118.794304,31.94882,将军路29号,江苏省,南京市,江宁区,1,b86574cddc932458cae33cc2
8112,南京航空航天大学将军路校区博园学生公寓13号楼,118.794304,31.94882,将军路29号,江苏省,南京市,江宁区,1,b86574cddc932458cae33cc2
8113,南京航空航天大学将军路校区慧园学生公寓-1号楼,118.79725,31.946963,南京市江宁区慧园路南京航空航天大学(将军路校区),江苏省,南京市,江宁区,1,d7ef5fc680ae11db07026fcc
8114,南京航空航天大学将军路校区博园学生公寓11号楼,118.794804,31.948858,将军路29号南京航空航天大学将军路校区,江苏省,南京市,江宁区,1,c928ef04db584027ad31e53d
8115,南京航空航天大学将军路校区博园学生公寓13号楼,118.794304,31.94882,将军路29号,江苏省,南京市,江宁区,1,b86574cddc932458cae33cc2
8116,南京航空航天大学将军路校区博园学生公寓13号楼,118.794304,31.94882,将军路29号,江苏省,南京市,江宁区,1,b86574cddc932458cae33cc2
8117,南京航空航天大学将军路校区博园学生公寓13号楼,118.794304,31.94882,将军路29号,江苏省,南京市,江宁区,1,b86574cddc932458cae33cc2
8118,南京航空航天大学将军路校区博园学生公寓15号楼,118.793833,31.948792,将军路29号南京航空航天大学将军路校区,江苏省,南京市,江宁区,1,bd5c874c5edcca38260bd012
8119,南京航空航天大学将军路校区怡园学生公寓21号楼,118.7921,31.947996,将军路29号南京航空航天大学将军路校区,江苏省,南京市,江宁区,1,ed13354ec2762be91fe99907
8120,南京航空航天大学将军路校区怡园学生公寓22号楼,118.792542,31.948449,南京市江宁区胜太西路169号,江苏省,南京市,江宁区,1,b00a77bfb7b82e9745572606
8121,南京航空航天大学将军路校区学生公寓-25号楼,118.801814,31.948291,江苏省南京市江宁区将军路29号南京航空航天大学将军路校区,江苏省,南京市,江宁区,1,f7631833556b2613f423107d
8122,南京航空航天大学将军路校区学生公寓-25号楼,118.801814,31.948291,江苏省南京市江宁区将军路29号南京航空航天大学将军路校区,江苏省,南京市,江宁区,1,f7631833556b2613f423107d
8123,南京航空航天大学将军路校区学生公寓-25号楼,118.801814,31.948291,江苏省南京市江宁区将军路29号南京航空航天大学将军路校区,江苏省,南京市,江宁区,1,f7631833556b2613f423107d
8124,南京航空航天大学将军路校区学生公寓-25号楼,118.801814,31.948291,江苏省南京市江宁区将军路29号南京航空航天大学将军路校区,江苏省,南京市,江宁区,1,f7631833556b2613f423107d
8125,太平商住楼,118.807533,31.949656,胜太西路59-5号附近,江苏省,南京市,江宁区,1,4c15693e0c62399bb6147fb9
8126,太平花苑-南区,118.807295,31.942424,平泰街92号,江苏省,南京市,江宁区,1,00f1c7fbae36b61cc056ac17
8127,太平花苑-北区,118.806587,31.947571,南京市江宁区通淮街18号,江苏省,南京市,江宁区,1,5c56edd6cf8be15aa1d2307a
8128,太平花苑,118.806764,31.947374,江苏省南京市江宁区通淮街18号,江苏省,南京市,江宁区,1,c8812b54885c0cd21ce999ea
8129,太平花苑北苑,118.806587,31.947571,南京市江宁区通淮街18号,江苏省,南京市,江宁区,1,5c56edd6cf8be15aa1d2307a
8130,南京航空航天大学将军路校区学生公寓27,118.801119,31.948223,江苏省南京市江宁区南京航空航天大学学生公寓27幢,江苏省,南京市,江宁区,1,1be33370ba9f383172210b50
8131,南京航空航天大学将军路校区学生公寓-25号楼,118.801814,31.948291,江苏省南京市江宁区将军路29号南京航空航天大学将军路校区,江苏省,南京市,江宁区,1,f7631833556b2613f423107d
8132,南京航空航天大学将军路校区学生公寓-25号楼,118.801814,31.948291,江苏省南京市江宁区将军路29号南京航空航天大学将军路校区,江苏省,南京市,江宁区,1,f7631833556b2613f423107d
8133,南京航空航天大学将军路校区学生公寓-25号楼,118.801814,31.948291,江苏省南京市江宁区将军路29号南京航空航天大学将军路校区,江苏省,南京市,江宁区,1,f7631833556b2613f423107d
8134,南京航空航天大学将军路校区学生公寓-25号楼,118.801814,31.948291,江苏省南京市江宁区将军路29号南京航空航天大学将军路校区,江苏省,南京市,江宁区,1,f7631833556b2613f423107d
8135,南京航空航天大学将军路校区学生公寓-25号楼,118.801814,31.948291,江苏省南京市江宁区将军路29号南京航空航天大学将军路校区,江苏省,南京市,江宁区,1,f7631833556b2613f423107d
8136,南京航空航天大学将军路校区学生公寓-25号楼,118.801814,31.948291,江苏省南京市江宁区将军路29号南京航空航天大学将军路校区,江苏省,南京市,江宁区,1,f7631833556b2613f423107d
8137,南京航空航天大学将军路校区学生公寓30号楼,118.800426,31.948074,江苏省南京市江宁区南京航空航天大学学生公寓30幢,江苏省,南京市,江宁区,1,48e4a5535ae07f58ca09f028
8138,湖滨世纪花园-秋山苑,118.810354,31.947323,南京市江宁区利源中路20号,江苏省,南京市,江宁区,1,95cce6cdfb2f95e6d72ce292
8139,太平花苑,118.806764,31.947374,江苏省南京市江宁区通淮街18号,江苏省,南京市,江宁区,1,c8812b54885c0cd21ce999ea
8140,环湖西路小区,118.81643,31.944291,南京市江宁区佳湖西路6号,江苏省,南京市,江宁区,1,e59ad40ae6b754b740afe6e6
8141,百家湖西苑,118.816204,31.94782,南京市江宁区湖滨路18号,江苏省,南京市,江宁区,1,75d0881a2a8ded4d3a04b17b
8142,春水苑(通淮街),118.811855,31.946161,南京市江宁区利源中路20号,江苏省,南京市,江宁区,1,5d8f5d6a3b0ef68ab320a8bd
8143,佳湖绿岛,118.818565,31.943579,南京市江宁区佳湖西路9号,江苏省,南京市,江宁区,1,18165334ac897f04fb2d617a
8144,尚园(佳湖西路),118.81842,31.947671,南京市江宁区佳湖西路百家湖别墅花园,江苏省,南京市,江宁区,1,2d721d2bd2e1728717948ef9
8145,高尔夫国际花园(平泰街),118.812724,31.943536,南京市江宁区利源中路88号(百家湖畔西侧),江苏省,南京市,江宁区,1,41572e0014e445c9b55f1ea6
8146,瑞竹园,118.815434,31.949065,南京市江宁区湖滨路9号,江苏省,南京市,江宁区,1,1ba58cdbb28114e1d7851f2b
8147,南京世界村,118.816962,31.949263,南京市江宁区湖滨路15号,江苏省,南京市,江宁区,1,cd9d05dd2035d7b685420e7a
8148,湖滨公寓-商铺,118.81859,31.94832,南京市江宁区湖滨路20号,江苏省,南京市,江宁区,1,cb27da0e68e286247ec87653
8149,百家湖西花园,118.812636,31.936947,江苏省南京市江宁区利源中路168号,江苏省,南京市,江宁区,1,d28b70051352e045cb213d5d
8150,百家湖别墅花园,118.820111,31.947342,江苏省南京市江宁区湖滨路58号,江苏省,南京市,江宁区,1,f4a33da9fb9a25093010af7b
8151,高尔夫西花园,118.810469,31.943473,南京市江宁区开发区通淮街111号,江苏省,南京市,江宁区,1,3be122e10a6d80521ef74d7a
8152,君铂国际公寓酒店(南京南站胜太路店),118.828398,31.951418,南京市江宁区胜太路与双龙大道交汇处悦恒君铂国际公寓20楼,江苏省,南京市,江宁区,1,4e57560a34769b3b47e274c6
8153,湖滨世纪花园,118.81153,31.949292,南京市江宁区利源中路20号,江苏省,南京市,江宁区,1,22e1140770840eb4d5b74e7a
8154,枫情佳园小区,118.817536,31.950204,南京市江宁区胜太路38号,江苏省,南京市,江宁区,1,6d4ab716bfb25e8bc42ba1f7
8155,颐秀居,118.810703,31.941938,江苏省南京市江宁区通淮街125号,江苏省,南京市,江宁区,1,fa835ce2d4171bb6e812e47a
8156,湖滨公寓-西区,118.819869,31.949351,南京市江宁区胜太路88号,江苏省,南京市,江宁区,1,9de6ec5a10db8af129d7abab
8157,汇金旗林大厦,118.815531,31.950064,南京市江宁区胜太路6号,江苏省,南京市,江宁区,1,d7fd2ad320f247290accddaf
8158,百家湖花园-8幢,118.815402,31.944377,江苏省南京市江宁区百家湖花园8幢(利源中路东),江苏省,南京市,江宁区,1,f59e2af8e6bf0e63b35c6ac5
8159,百家湖西花园新街坊,118.813112,31.941233,南京市江宁区百家湖大街巴黎城,江苏省,南京市,江宁区,1,a91dbc163b27996d774ff1f7
8160,湖滨公寓,118.821025,31.949684,南京市江宁区胜太路86号,江苏省,南京市,江宁区,1,1bf85b2503fc74d9a1a93421
8161,新贵之都,118.828471,31.947265,南京市江宁区双龙大道1361号,江苏省,南京市,江宁区,1,31f9101b390e32c527e0a08b
8162,静月花园,118.827247,31.948922,南京市江宁区双龙大道1290号,江苏省,南京市,江宁区,1,5211d219fe77d5587dc8767a
8163,湖畔水竹苑,118.826202,31.948958,南京市江宁区湖滨路88号,江苏省,南京市,江宁区,1,c21db9e5aed27f8300ff2d7a
8164,岚岛别墅宁湖园,118.826971,31.947071,南京市江宁区双龙大道1368号,江苏省,南京市,江宁区,1,435d7aea8f1dd84b5abbbc31
8165,同曦国际广场,118.825437,31.949764,江苏省南京市江宁区双龙大道1222号,江苏省,南京市,江宁区,1,f91be146efa0a90bcc04ef4d
8166,湖东音乐苑小区,118.828856,31.946208,南京市江宁区池田路1号,江苏省,南京市,江宁区,1,06d2dffd682869f688f15d7a
8167,同曦步行街/同曦街(路口),118.829632,31.950671,南京市江宁区同曦步行街,江苏省,南京市,江宁区,1,bbea98401ac946e790114c9d
8168,天元国际大厦,118.828748,31.942877,南京市江宁区双龙大道南京景枫万豪酒店,江苏省,南京市,江宁区,1,a77627fa3231ad1b9122e078
8169,招商中心,118.827682,31.947111,南京市江宁区双龙大道1366号,江苏省,南京市,江宁区,1,d366f03bb5ead5f0c33644dc
8170,湖滨公寓-东区,118.822723,31.949697,东山镇胜太西路,江苏省,南京市,江宁区,1,dffd631c926ea7c139221ca6
8171,同曦万尚城,118.828713,31.948592,江苏省南京市江宁区双龙大道1351号,江苏省,南京市,江宁区,1,e56bf5e39131ee5d0782c219
8173,胜利新寓,118.835241,31.94778,南京市江宁区庄排路39号,江苏省,南京市,江宁区,1,bba87388ae978ea0bca8227a
8174,龙池新寓,118.837403,31.944185,江苏省南京市江宁区庄排路39号,江苏省,南京市,江宁区,1,6835e3a7ad794e4ee311037a
8175,新区花苑,118.834488,31.946289,南京市江宁区庄排路55号,江苏省,南京市,江宁区,1,46e86fdd6797c76fd13ce37a
8176,艺术家园(池田路),118.831633,31.945838,江苏省南京市江宁区池田路30号,江苏省,南京市,江宁区,1,2c0bd6c5651efbd443ab9a0c
8177,天平公寓,118.833971,31.949354,南京市江宁区庄排路27号,江苏省,南京市,江宁区,1,bcaebff875174e54c9e33c7a
8178,胜利新寓,118.835241,31.94778,南京市江宁区庄排路39号,江苏省,南京市,江宁区,1,bba87388ae978ea0bca8227a
8179,万欣花园,118.849417,31.940602,江苏省南京市江宁区竹山路378号,江苏省,南京市,江宁区,1,2fd2beab7a9e3b527adbd27a
8180,东城福园,118.84731,31.94915,江苏省南京市江宁区新亭西路158号,江苏省,南京市,江宁区,1,d3bdb5a48bfcdd8717948e3b
8181,蓝天公寓,118.849606,31.942577,南京市江宁区金山路78号,江苏省,南京市,江宁区,1,d5464cf89924a557fda7787a
8182,万欣北苑,118.848265,31.942568,南京市江宁区金山路158号,江苏省,南京市,江宁区,1,dbf4d6ee184e602a6fa3cc7a
8183,龙湖·春江郦城,118.843169,31.948016,江宁新亭路与竹山路向西500米,江苏省,南京市,江宁区,1,5313cd986f316fbc9e95ded8
8184,骆村新寓,118.84943,31.946748,江苏省南京市江宁区新亭西路103号,江苏省,南京市,江宁区,1,3fb1be621775404241d63e01
8185,鑫都公寓-北门,118.83353,31.951058,南京市江宁区胜太东路44号,江苏省,南京市,江宁区,1,85dc31a0f69da529d3ff23ee
8187,骆村新寓-A区,118.848911,31.946906,江苏省南京市江宁区科学园骆村新寓A区(湾东路西),江苏省,南京市,江宁区,1,9f9881a0da5d1c5f6d20b91c
8188,南京江宁技工学校教工宿舍搂,118.855431,31.944586,南京市江宁区潭园西路南京市江宁高级技工学校,江苏省,南京市,江宁区,1,b57cc67b0d4ebf0e6849f3bc
8189,江宁技师学院-教师公寓,118.8555,31.944424,南京市江宁区东山街道竹山路谭园西路137号,江苏省,南京市,江宁区,1,6eec8bebaaa9dd82373a71e9
8190,煤气公司宿舍(潭园西路),118.854102,31.945071,南京市江宁区东山街道潭园西路148号,江苏省,南京市,江宁区,1,8e965bf38090f129ca2915fe
8191,谭园西路139号院,118.854064,31.944607,南京市江宁区潭园西路139号,江苏省,南京市,江宁区,1,3e0f8078b12ae79095f08c39
8192,竹山雅居小区,118.85341,31.944155,江苏省南京市江宁区潭园西路141号,江苏省,南京市,江宁区,1,07299840d5c0efe997ca0738
8193,天泰北苑,118.855165,31.942653,天泰路128号,江苏省,南京市,江宁区,1,242d90b0bbcb08e5b320a80d
8194,市政天元城-星韵座,118.855953,31.947161,江苏省南京市江宁区莱茵达路28号,江苏省,南京市,江宁区,1,db78409de01f0d63f503b86a
8195,天泰花园,118.857499,31.94292,江苏省南京市江宁区天泰路1号,江苏省,南京市,江宁区,1,80ac859570000e94fa42b2d4
8196,天泰北苑,118.855165,31.942653,天泰路128号,江苏省,南京市,江宁区,1,242d90b0bbcb08e5b320a80d
8197,明珠小区,118.853772,31.942433,南京市江宁区竹山路333号,江苏省,南京市,江宁区,1,e4858c73afc3a17e2a02e163
8198,玲珑屿花园,118.837457,31.932279,江宁区秣陵街道前河路9号(1号线小龙湾站对面),江苏省,南京市,江宁区,1,1f8e1505cd688a41fa42b297
8199,骆村社区,118.849795,31.946688,江苏省南京市江宁区骆村新寓A6栋,江苏省,南京市,江宁区,1,8f190f8710186b12882fb599
8200,三江学院竹山路校区-西门,118.852594,31.947507,南京市江宁区竹山路181号,江苏省,南京市,江宁区,1,5a1c18c1e6ba9794d7851f7d
8201,南京工程学院02幢男生宿舍,118.854897,31.947837,南京市江宁区竹山路181号,江苏省,南京市,江宁区,1,d217af57f5925edc4e5547e7
8202,檀香座-31幢,118.859948,31.943948,江苏省南京市江宁区天元城檀香座31幢,江苏省,南京市,江宁区,1,a062add0f90dc96bfd0eb0c7
8203,市政天元城-椰树座,118.857908,31.947351,南京市江宁区莱茵达路28号,江苏省,南京市,江宁区,1,3380b9a0a6bcab28fb22137d
8204,天元城-四期小区,118.855188,31.948137,南京市江宁区新亭路市政天元城-星韵座西北侧约50米,江苏省,南京市,江宁区,1,ad7c0395294969d09ee321fd
8205,南京工程学院02幢男生宿舍,118.854897,31.947837,南京市江宁区竹山路181号,江苏省,南京市,江宁区,1,d217af57f5925edc4e5547e7
8206,江山品阁,118.851931,31.946235,江苏省南京市江宁区竹山路248号,江苏省,南京市,江宁区,1,f7af24cbf798fae4b64f544b
8207,天泰南苑,118.855493,31.941445,南京市江宁区天泰路1号,江苏省,南京市,江宁区,1,079357af28b0e3a086420e46
8208,南京工程学院02幢男生宿舍,118.854897,31.947837,南京市江宁区竹山路181号,江苏省,南京市,江宁区,1,d217af57f5925edc4e5547e7
8209,新亭路366号住宅,118.853457,31.948587,南京市江宁区新亭路与竹山路交叉路口往东约100米,江苏省,南京市,江宁区,1,c2f8ce57540761fd9703192b
8210,新亭路330号院,118.853923,31.948626,南京市江宁区新亭路330号,江苏省,南京市,江宁区,1,37856a1294d4a65993114c5f
8211,骆村新寓-C区,118.851417,31.94692,江苏省南京市江宁区科学园骆村新寓C区(辅竹路东),江苏省,南京市,江宁区,1,62da6d0bd79700dcb11e3621
8212,宁电馨苑(兴民北路),118.857469,31.941185,南京市江宁区兴民北路1号,江苏省,南京市,江宁区,1,0adce3e292f7e86180a00c7a
8213,工程学院家属区,118.853717,31.948955,南京市江宁区东山街道新亭路330号,江苏省,南京市,江宁区,1,092ca4ff5f12c5b7a11de9ce
8214,瑞鸿名邸,118.834497,31.93508,南京市江宁区开发区庄排路179号(公交车站),江苏省,南京市,江宁区,1,db9acb457cb9aedd25d2bbc2
8215,花语座-18号楼,118.860288,31.941015,江苏省南京市江宁区天元城花语座18幢,江苏省,南京市,江宁区,1,d8e0abfaaf4a38c9b13c81b8
8216,科苑公寓,118.855457,31.940528,南京市江宁区百家湖兴民北路18号,江苏省,南京市,江宁区,1,48eb00582962bfad2fe67b7a
8217,喜荟天元府(莱茵达路店),118.861692,31.948187,南京市江宁区莱茵达路28号,江苏省,南京市,江宁区,1,bfd1105a286d153cf8f0cb75
8218,骆村新寓-B区,118.850404,31.947491,江宁区骆村路与新亭西路交叉路口往南约100米(骆村新寓),江苏省,南京市,江宁区,1,2f24e59d722ff6e5df1e5205
8219,蓝天公寓-东区,118.851087,31.942049,南京市江宁区金山路78号,江苏省,南京市,江宁区,1,7a370941030d8f5f93114cf0
8220,天元城,118.859869,31.947736,南京市江宁区新亭路9号,江苏省,南京市,江宁区,1,35ba3c73a864c70bf8dc85cc
8221,广兴花园,118.858924,31.949244,南京市江宁区新亭路126号,江苏省,南京市,江宁区,1,56e88cba6edaa465a4c7567a
8222,竹山路17号楼(A座),118.851889,31.947092,南京市江宁区竹山路246号,江苏省,南京市,江宁区,1,5cdc0cd489a3ea186b49f366
8223,南京工程学院康尼学院,118.853064,31.948203,竹山路181号,江苏省,南京市,江宁区,1,b1d089577b1d7831c51e5173
8224,南京工程学院02幢男生宿舍,118.854897,31.947837,南京市江宁区竹山路181号,江苏省,南京市,江宁区,1,d217af57f5925edc4e5547e7
8225,江山大厦B幢,118.851505,31.948188,南京市江宁区竹山路246号,江苏省,南京市,江宁区,1,70234e9886f40b5da4da3917
8226,江山大厦C幢,118.851375,31.947852,南京市江宁区竹山路244号,江苏省,南京市,江宁区,1,d30de4e6e76a0bf371455b18
8227,骆村大厦,118.853331,31.945066,南京市江宁区潭园西路128号,江苏省,南京市,江宁区,1,31008f82613a46c10869d967
8228,江山名座大厦,118.8517,31.941558,南京市江宁区金山路1号,江苏省,南京市,江宁区,1,99d76a5171adc7201329356b
8229,江山大厦-A座,118.851896,31.947609,南京市江宁区竹山路246号,江苏省,南京市,江宁区,1,7780d2305d8afe0dfb2d61e7
8230,市政天天城(熊猫快收),118.855822,31.94819,南京市江宁区秣陵街道新亭路85号(菜鸟驿站),江苏省,南京市,江宁区,1,eb4ccd1bef04f46504026fb1
8231,双赢花园,118.86579,31.944664,南京市江宁区莱茵达路139号,江苏省,南京市,江宁区,1,f4460918a9949017b11e36d9
8232,双宁新村,118.863898,31.945937,成墟路133号,江苏省,南京市,江宁区,1,fd007c5e3261c96ca8f7297a
8233,风和日丽(天元东路辅路),118.867687,31.943657,南京市江宁区天元东路547号,江苏省,南京市,江宁区,1,016a00e197359704ad31e510
8234,南京江宁科技金融中心,118.865091,31.942455,南京市江宁区天元东路391号,江苏省,南京市,江宁区,1,15e1e85e172b25a359109394
8235,天元城-摩登道,118.862106,31.945119,南京市江宁区莱茵达路98号,江苏省,南京市,江宁区,1,6ee010209065b3ef52e5c57a
8236,景致国际商务中心,118.869112,31.943377,南京市江宁区淳化街道天元东路555号,江苏省,南京市,江宁区,1,0a38f41fda38664d9f95de4b
8237,财富广场-2期,118.86924,31.942811,南京市江宁区天元东路228号,江苏省,南京市,江宁区,1,8176441eba809da6eee4a5e0
8238,魔方公寓(竹山路店),118.856957,31.939049,江苏省南京市江宁区兴民南路9号,江苏省,南京市,江宁区,1,356ce732cb641da095f08c4f
8239,天印花园,118.862237,31.94291,南京市江宁区成墟路288号,江苏省,南京市,江宁区,1,060f5e533b7008d7081cc77a
8240,金箔新村小区,118.861835,31.946292,南京市江宁区莱茵达路88号,江苏省,南京市,江宁区,1,eb712bdecb5c9c013686f46b
8241,莱茵铂郡大厦,118.866066,31.941344,南京市江宁区科学园天元东路228号(天元东路与莱茵达路交界处),江苏省,南京市,江宁区,1,429fdeb78b898fd788db73c3
8242,福信呼叫中心,118.866264,31.941337,南京市江宁区莱茵铂郡1708室,江苏省,南京市,江宁区,1,1065e1d8be2fd9eb48fd3f5b
8243,莱茵铂群大厦,118.866066,31.941344,南京市江宁区科学园天元东路228号(天元东路与莱茵达路交界处),江苏省,南京市,江宁区,1,429fdeb78b898fd788db73c3
8244,莱茵小镇,118.86773,31.941734,南京市江宁区科学园天元东路228号,江苏省,南京市,江宁区,1,4cf8d24e0281ede49cf7797a
8245,财富广场-2期,118.86924,31.942811,南京市江宁区天元东路228号,江苏省,南京市,江宁区,1,8176441eba809da6eee4a5e0
8246,莱茵·量子国际,118.869167,31.942273,南京市江宁区天元东路228号,江苏省,南京市,江宁区,1,23f249f13916e7dd9e9d6869
8247,书香名门,118.870532,31.945383,南京市江宁区天印大道388号,江苏省,南京市,江宁区,1,889a715a030b134f4251c045
8248,书香名门,118.870532,31.945383,南京市江宁区天印大道388号,江苏省,南京市,江宁区,1,889a715a030b134f4251c045
8249,天印大道站商贸中心,118.87004,31.942838,江苏省南京市江宁区天元东路莱茵小镇天印大道站商贸中心,江苏省,南京市,江宁区,1,7979d668bf8f081d9fec2b5e
8250,天印花园,118.863584,31.944565,803路;812路,江苏省,南京市,江宁区,0,5c15ba66e5b310911b94c656
8251,江宁城建园林高,118.870259,31.946756,南京市江宁区潭园路书香名门,江苏省,南京市,江宁区,1,a3f71e29391403ff6fa3cc38
8252,成墟路29号小区,118.863028,31.94874,江苏省南京市江宁区成墟路29号,江苏省,南京市,江宁区,1,a74481d6ae639646f503b87b
8253,市政天元城-碧水座,118.860489,31.948039,江苏省南京市江宁区莱茵达路28号,江苏省,南京市,江宁区,1,6e8c62665dbd367033621275
8254,成墟路住宅小区,118.862494,31.948888,南京市江宁区新亭东路成墟路29号小区,江苏省,南京市,江宁区,1,7b9af9d0da8367772efaa7bc
8255,莱茵东郡(沁茵苑)-1幢,118.866329,31.940829,江苏省南京市江宁区莱茵东郡花园沁茵苑1幢,江苏省,南京市,江宁区,1,21a45ec64d5b332442afe61b
8256,恒安嘉园-恒园,118.863255,31.940194,南京市江宁区天元东路188号,江苏省,南京市,江宁区,1,b8d549dfa586a8358836ee93
8257,莱茵东郡花园-云栖苑,118.866805,31.939773,南京市江宁区科学园天元东路230号,江苏省,南京市,江宁区,1,d24e48eb49328cb4afee7a7a
8258,莱茵达路18号院,118.860993,31.949518,南京市江宁区莱茵达路18号,江苏省,南京市,江宁区,1,7c7726f6054b1e773b221c55
8259,广博苑,118.873016,31.948704,南京市江宁区秣陵街道天印大道1369号,江苏省,南京市,江宁区,1,8ed62fa02f878f069703199b
8260,天印慧谷,118.872018,31.948513,江苏省南京市江宁区秣陵街道天印大道1369号,江苏省,南京市,江宁区,1,22e0eb02a509533bd3ff23b4
8261,景枫科技大厦,118.874003,31.943408,江苏省南京市江宁区淳化街道天元东路288号(天印大道与天元东路交叉口),江苏省,南京市,江宁区,1,a902b59429719a45ebe582e7
8262,天景山公寓-永福苑,118.877776,31.948174,江苏省南京市江宁区湖山路419号,江苏省,南京市,江宁区,1,4cef8703bf16ac47cf06a462
8263,莱茵东郡·苹果都市-B座,118.871378,31.942533,南京市江宁区天元东路228号,江苏省,南京市,江宁区,1,07a8e7e23072ebde882fb51f
8264,天景山公寓-欣荣苑,118.879537,31.946343,南京市江宁区湖山路419号,江苏省,南京市,江宁区,1,0ce65c2d262430242c4733a6
8265,莱茵东郡·苹果都市-B座,118.871378,31.942533,南京市江宁区天元东路228号,江苏省,南京市,江宁区,1,07a8e7e23072ebde882fb51f
8266,友情公寓(欣荣苑23幢),118.878414,31.94688,江苏省南京市江宁区天景山公寓欣荣苑23幢二单元502,江苏省,南京市,江宁区,1,583c324b784d413d1df74df8
8267,莱茵东郡苹果都市-A座,118.871045,31.942659,南京市江宁区天元东路228号,江苏省,南京市,江宁区,1,123e4e832cb4d5167069d3c7
8268,安宿国际,118.865033,31.947639,江苏省南京市江宁区莱茵达路99号金宝装饰城,江苏省,南京市,江宁区,1,d955345d464a4f032cb17e3f
8269,融侨世家,118.883121,31.941009,江苏省南京市江宁区兴苑路18号,江苏省,南京市,江宁区,1,4c038e3412b234065b3ac8b2
8270,城市之光大厦,118.886746,31.945501,南京市江宁区秣陵街道天元东路388号(江宁义乌小商品城东侧),江苏省,南京市,江宁区,1,dd6203e2de74640c9b68b4e8
8271,天景山公寓-碧华苑,118.884561,31.947333,南京中国江苏省南京江宁区龙眠大道地铁口天景山碧华苑,江苏省,南京市,江宁区,1,f696f3c23d067e961a11d5a6
8272,天景山公寓花锦苑,118.887144,31.949947,南京市江宁区东山镇湖山路419号,江苏省,南京市,江宁区,1,56f2f696f8f8befd0ba8d4a6
8273,紫金银座,118.885442,31.943914,江苏省南京市江宁区天元东路388号南京义乌小商品城D区,江苏省,南京市,江宁区,1,8ea87749508f597b16a19063
8274,义乌商品城D区-1栋,118.885338,31.943996,江苏省南京市江宁区南京义乌小商品城D区1幢,江苏省,南京市,江宁区,1,b3de83e924876db7220262c7
8275,城市之光国际公寓-B座,118.886621,31.944919,江苏省南京市江宁区天元东路388号,江苏省,南京市,江宁区,1,988c2fc36bd320cfb13c8155
8276,天景山公寓,118.881338,31.946843,南京市江宁区湖东路,江苏省,南京市,江宁区,1,bf0790997f8e13efacee7a27
8277,米多米公寓,118.878262,31.939847,南京市江宁区湖山路789号南京中致科技内,江苏省,南京市,江宁区,1,ed0a727d60fc09d1b1077d0e
8278,狅龙电现城,118.881347,31.945727,南京市江宁区天元东路天景山公寓-欣荣苑东南侧,江苏省,南京市,江宁区,1,516b26dc9d52fc104c3a59a3
8279,城市之光国际公寓-A座,118.886788,31.945632,江苏省南京市江宁区天元东路388号,江苏省,南京市,江宁区,1,56d84dabe6830508095cb39b
8280,江苏经贸职业技术学院江宁校区兰馨苑,118.889818,31.940688,南京市江宁区龙眠大道180号,江苏省,南京市,江宁区,1,f2a91f490f5faa7fb8df8fa0
8281,321人才创业大厦,118.887861,31.947326,南京市江宁区天元东路1009号高新园区,江苏省,南京市,江宁区,1,2c5df1fe87a965d3fda7781f
8282,明苑1幢-南座,118.896566,31.94614,江苏省南京市江宁区明苑1幢南座,江苏省,南京市,江宁区,1,56bcadda2b2682a63c9a5ead
8283,南京医科大学江宁校区学生公寓-7幢,118.898202,31.947547,南京市江宁区十一号路南京医科大学(江宁校区),江苏省,南京市,江宁区,1,222b136e7a70c10ec8c3db17
8284,明苑1幢-北座,118.896678,31.946472,江苏省南京市江宁区明苑1幢北座,江苏省,南京市,江宁区,1,96cd09ad82e1bf4f02ec013a
8285,明苑6幢-南座,118.898248,31.946796,江苏省南京市江宁区明苑6幢南座,江苏省,南京市,江宁区,1,4e197c2d6766426cf5b9163e
8286,南京医科大学江宁校区学生公寓-7幢,118.898202,31.947547,南京市江宁区十一号路南京医科大学(江宁校区),江苏省,南京市,江宁区,1,222b136e7a70c10ec8c3db17
8287,明苑7幢-北座,118.898063,31.947764,江苏省南京市江宁区明苑7幢北座,江苏省,南京市,江宁区,1,3ca4aaab1464756b38221ced
8288,明苑1幢-南座,118.896566,31.94614,江苏省南京市江宁区明苑1幢南座,江苏省,南京市,江宁区,1,56bcadda2b2682a63c9a5ead
8289,学生公寓-03幢,118.896174,31.947482,南京市江宁区九号路南京医科大学(江宁校区),江苏省,南京市,江宁区,1,8cc98cddb2a75ccf354aae60
8290,南京医科大学江宁校区学生公寓-3幢,118.896466,31.947507,南京市江宁区十一号路南京医科大学(江宁校区),江苏省,南京市,江宁区,1,5755cbc540db7e68f7231082
8291,明苑5幢-南座,118.898159,31.946109,江苏省南京市江宁区明苑5幢南座,江苏省,南京市,江宁区,1,d7367a9061902c434d554748
8292,明苑5幢-北座,118.898149,31.946462,江苏省南京市江宁区明苑5幢北座,江苏省,南京市,江宁区,1,194c9610f477d5a540ab9ae8
8293,南京医科大学学生公寓-6幢,118.898321,31.946979,南京市江宁区十一号路南京医科大学(江宁校区),江苏省,南京市,江宁区,1,db8ae1bc3ade3e1d07fef5f4
8294,明苑6幢-南座,118.898248,31.946796,江苏省南京市江宁区明苑6幢南座,江苏省,南京市,江宁区,1,4e197c2d6766426cf5b9163e
8295,南京医科大学江宁校区学生公寓-7幢,118.898202,31.947547,南京市江宁区十一号路南京医科大学(江宁校区),江苏省,南京市,江宁区,1,222b136e7a70c10ec8c3db17
8296,南京医科大学学生公寓-6幢,118.898321,31.946979,南京市江宁区十一号路南京医科大学(江宁校区),江苏省,南京市,江宁区,1,db8ae1bc3ade3e1d07fef5f4
8297,明苑6幢-北座,118.898259,31.947115,江苏省南京市江宁区明苑6幢北座,江苏省,南京市,江宁区,1,c848acfd64736c73fbf0cb38
8298,明苑7幢-南座,118.897928,31.94746,江苏省南京市江宁区明苑7幢南座,江苏省,南京市,江宁区,1,259ab63e9d042bedeb12e405
8299,明苑7幢-北座,118.898063,31.947764,江苏省南京市江宁区明苑7幢北座,江苏省,南京市,江宁区,1,3ca4aaab1464756b38221ced
8300,南京医科大学江宁校区学生公寓-7幢,118.898202,31.947547,南京市江宁区十一号路南京医科大学(江宁校区),江苏省,南京市,江宁区,1,222b136e7a70c10ec8c3db17
8301,明苑7幢-北座,118.898063,31.947764,江苏省南京市江宁区明苑7幢北座,江苏省,南京市,江宁区,1,3ca4aaab1464756b38221ced
8302,南京医科大学江宁校区学生公寓-7幢,118.898202,31.947547,南京市江宁区十一号路南京医科大学(江宁校区),江苏省,南京市,江宁区,1,222b136e7a70c10ec8c3db17
8303,天景山公寓如意苑,118.890627,31.950442,淳化街道南医大后勤总公司江宁校区物业中心,江苏省,南京市,江宁区,1,c36fcc38e3f0a1d9a6da398a
8304,南京医科大学学生公寓-6幢,118.898321,31.946979,南京市江宁区十一号路南京医科大学(江宁校区),江苏省,南京市,江宁区,1,db8ae1bc3ade3e1d07fef5f4
8305,南京医科大学研究生公寓,118.900698,31.942821,南京市江宁区三号路南京医科大学(江宁校区),江苏省,南京市,江宁区,1,2a5d5af55e2f7c618433041b
8306,南京医科大学江宁校区榴竹苑,118.901302,31.942395,南京市江宁区三号路南京医科大学(江宁校区),江苏省,南京市,江宁区,1,d58ea044fa55f4bf210262e0
8307,南京医科大学江宁校区枇杷苑,118.900454,31.942818,南京市江宁区淳化街道龙眠大道101号南京医科大学研究生公寓,江苏省,南京市,江宁区,1,c698d4006999a3479868b455
8308,梅珑雅苑,118.934468,31.943329,南京市江宁区龙济路9号,江苏省,南京市,江宁区,1,1c092b4300ee60a514b54b48
8309,迎湖花园,118.935669,31.947354,南京市江宁区淳关路18号,江苏省,南京市,江宁区,1,22e1140770850eb4d5b74e75
8310,梅龙湖.无界(销售中心),118.934364,31.943808,江苏省南京市江宁区龙济路9号11栋,江苏省,南京市,江宁区,1,b1f091301ab215ee2cfaa71d
8311,淳东花园,118.946411,31.940348,江苏省南京市江宁区东月桥37号、39号,江苏省,南京市,江宁区,1,60418229991bb73909a8d40c
8312,润盛花园,118.94855,31.944178,南京市江宁区东月桥路5号,江苏省,南京市,江宁区,1,eb36750372fec66500ec01d0
8313,万宇汽车五金博览中心,118.95018,31.945757,江苏省南京市江宁区104国道b区b3栋,江苏省,南京市,江宁区,1,757480f584527c8599005087
8314,龙山云居,118.950461,31.941723,南京市江宁区淳化街道淳关路477号,江苏省,南京市,江宁区,1,d23924598720f85e5cd4fecb
8315,龙魏小区,119.000974,31.950747,江苏省南京市江宁区龙魏小区(东大路北150米),江苏省,南京市,江宁区,1,4dc1fdaa6835c089bea24076
8316,南京数字大厦,118.640206,31.937454,南京市雨花台区凤汇大道20号,江苏省,南京市,雨花台区,1,f3d3903c265982397369d348
8317,省创中心软件谷基地-艾塔楼,118.644574,31.936695,江苏省南京市雨花台区凤华路18号省创中心软件谷基地,江苏省,南京市,雨花台区,1,52ecab744e40a518373a71b7
8318,人才公寓,118.641405,31.937975,南京市雨花台区雨花经济开发区三鸿路6号,江苏省,南京市,雨花台区,1,88ad52cf9d9d2d228605bf7b
8319,南莓07,118.650193,31.939107,南京市雨花台区龙藏大道电子信息产业园,江苏省,南京市,雨花台区,1,446c4d4c3fc17f8f0b69d949
8320,南莓07,118.650193,31.939107,南京市雨花台区龙藏大道电子信息产业园,江苏省,南京市,雨花台区,1,446c4d4c3fc17f8f0b69d949
8321,锦华新城-北门,118.646431,31.930559,江苏省南京市雨花台区凤汇大道19号,江苏省,南京市,雨花台区,1,a00c5e8a4b91ad54eedfcade
8322,软件谷·未来域人才公寓A栋,118.648237,31.939514,南京市雨花台区凤集大道14号,江苏省,南京市,雨花台区,1,e5ef86914826f710100daadd
8323,江苏华商大厦,118.656899,31.93788,南京市雨花台区凤集大道与集思路交叉路口往西北约110米,江苏省,南京市,雨花台区,1,0e935bfc1c2f3be6cf06a461
8324,东橙02,118.652685,31.938931,南京市雨花台区凤集大道15号22附近,江苏省,南京市,雨花台区,1,7f8a74edb20390dbd7851f1f
8325,南京锦都科技大厦,118.659636,31.933236,龙飞路12号,江苏省,南京市,雨花台区,1,420121d5fd42d977a1d230cd
8326,金叶花园(龙飞路),118.658523,31.930815,南京市雨花台区龙飞路8号,江苏省,南京市,雨花台区,1,4eb3b533fc52d07542024588
8327,创业创新园东橙区,118.652009,31.937883,南京市雨花台区凤集大道15号,江苏省,南京市,雨花台区,1,02a804064104e888b04c4910
8328,凤凰美地,118.662809,31.933563,江苏省南京市雨花台区凤集大道,江苏省,南京市,雨花台区,1,9f35c91a2b9b44602202628c
8329,南奥新居,118.665345,31.934482,江苏省南京市雨花台区凤集大道6号,江苏省,南京市,雨花台区,1,b292b3aa9b4d5c28bf48428e
8330,石林大公园-西区,118.663763,31.935545,南京市雨花台区龙飞路18号,江苏省,南京市,雨花台区,1,c368fd8b6248cd430482c250
8332,安嘉·西苑,118.700318,31.939144,南京市雨花台区夏家村街7号,江苏省,南京市,雨花台区,1,9991b9425a6f4d1f2811d19d
8333,安嘉·东苑,118.701802,31.94034,江苏省南京市雨花台区夏家村街6号,江苏省,南京市,雨花台区,1,e9fed70178d97cd8e9f8532b
8334,马家店居民委员会,118.744925,31.939091,南京市雨花台区大周路67号附近,江苏省,南京市,雨花台区,1,7850f6bb15b270b528201a04
8335,翠屏国际城,118.791683,31.942363,南京市江宁区将军大道20号,江苏省,南京市,江宁区,1,213e21de8505c143921fc9b6
8336,翠屏国际城-金榕苑,118.792447,31.940519,南京市江宁区将军大道20号,江苏省,南京市,江宁区,1,566eed610baf8c19fbdc8557
8337,国睿科技股份有限公司-西门,118.797125,31.935155,江苏省南京市江宁区将军大道39号,江苏省,南京市,江宁区,1,62474da835e6ed1d7ec876a0
8338,南京江宁经济技术开发区管理委员会停车场-出入口,118.796525,31.934242,江苏省南京市江宁区将军大道南京新华电脑专修学院南,江苏省,南京市,江宁区,1,a7edce8a2940d34bb04c49da
8339,南京挪威森林,118.797104,31.938195,江苏省南京市江宁区将军大道33号,江苏省,南京市,江宁区,1,3f9337d6692c31b3f723107a
8340,印象苑,118.797366,31.928678,江苏省南京市江宁区将军大道50号,江苏省,南京市,江宁区,1,604f2a8e6bb3b955a80dd89e
8341,名家花园,118.792189,31.931746,南京市江宁区翠屏山路9号,江苏省,南京市,江宁区,1,83d5ee15117fd31d7369d377
8343,翠屏国际城,118.791683,31.942363,南京市江宁区将军大道20号,江苏省,南京市,江宁区,1,213e21de8505c143921fc9b6
8344,江宁创业大厦,118.798137,31.936795,江苏省南京市江宁区秣陵街道秣陵镇国家创新创业基地,江苏省,南京市,江宁区,1,b1ada3b6150c1c6b28d7aba4
8345,钱宝大厦,118.797598,31.934253,南京市江宁区将军大道55号,江苏省,南京市,江宁区,1,7fe8789068ccbcb279b55ceb
8347,帝景天成半岛阁别墅专区,118.789728,31.938813,南京市江宁区将军大道20号(公交车站),江苏省,南京市,江宁区,1,b292b3aa52379756be48427a
8348,瑞景文华-北门,118.79525,31.931202,江苏省南京市江宁区将军大道翠屏山路瑞景文华旁,江苏省,南京市,江宁区,1,ac4bdebae707130fc9c3db1f
8349,亚都天元大厦,118.80785,31.934827,南京市江宁区天元西路158号,江苏省,南京市,江宁区,1,e75c177cbe39fd89a204648e
8350,中航樾府,118.803963,31.938152,江苏省南京市江宁区静淮街128号,江苏省,南京市,江宁区,1,1892ce1c9048d2ee15a190c3
8351,亚都天元大厦-A座,118.807475,31.934892,南京市江宁区天元西路158号,江苏省,南京市,江宁区,1,03a95c9a6718f4829ee321b5
8352,亚都天元大厦-B座,118.808593,31.934974,江苏省南京市江宁区天元西路158号,江苏省,南京市,江宁区,1,ddde0233ae40c791a8f72984
8353,中航·樾府三期,118.80513,31.935309,江苏省南京市江宁区静淮街附近,江苏省,南京市,江宁区,1,66697ae2a1680de9130daaa5
8354,太平花苑-东区,118.808889,31.940317,江苏省南京市江宁区通淮街82号,江苏省,南京市,江宁区,1,e0cbb95074e5fba696f08c0c
8355,亚都天元居,118.807707,31.935906,南京市江宁区静淮街137号,江苏省,南京市,江宁区,1,00586108a29c96a446e27416
8356,逸翠居,118.808422,31.938908,江苏省南京市江宁区江宁开发区石柱街10号,江苏省,南京市,江宁区,1,597dc8624a96c595eaf8534d
8357,百家湖西花园伦敦城-30幢,118.811287,31.937766,江苏省南京市江宁区百家湖西花园伦敦城30幢,江苏省,南京市,江宁区,1,a1d847d3b1d4c4b80782c2c3
8358,文化名园,118.818029,31.936182,南京市江宁区天元西路88号,江苏省,南京市,江宁区,1,c21db9e53e02effe00ff2d21
8359,海花苑,118.812354,31.931254,江苏省南京市江宁区高湖路1号,江苏省,南京市,江宁区,1,b1c556e8aad0a60cb426557a
8360,百家湖西花园,118.812636,31.936947,江苏省南京市江宁区利源中路168号,江苏省,南京市,江宁区,1,d28b70051352e045cb213d5d
8361,百家湖利源国际公馆,118.811962,31.93532,江苏省南京市江宁区天元西路117号,江苏省,南京市,江宁区,1,ab62233bcaa7a659213bf200
8362,巴黎城-40栋,118.811252,31.935385,南京市江宁区巴黎城40栋,江苏省,南京市,江宁区,1,35a9cfc438255a76f6eafcae
8363,凌波阁,118.815202,31.937645,南京市江宁区利源中路143号,江苏省,南京市,江宁区,1,7be242e5addc2bbeeb56fa46
8364,文化名园烟波阁,118.815202,31.937645,南京市江宁区利源中路143号,江苏省,南京市,江宁区,1,7be242e5addc2bbeeb56fa46
8365,百家湖艺术公馆,118.811254,31.935385,利源路230号,江苏省,南京市,江宁区,1,d5571839c5ba3d0288fc069f
8366,百宾湖印象威尼斯,118.818224,31.939395,江苏省南京市江宁区开发区利源中路99号,江苏省,南京市,江宁区,1,9ee7cc789bdf560e17c9059e
8367,牛首社区便民服务区,118.815322,31.932515,南京市江宁区高湖路与苏源大道交叉路口往北约230米,江苏省,南京市,江宁区,1,be407ceed6caf429cd04efa9
8368,文化名园-涵翠苑,118.820207,31.935379,南京市江宁区天元西路88号,江苏省,南京市,江宁区,1,b37824cddd9121bcc33644ce
8369,丽天花园,118.812015,31.932393,南京市江宁区秣陵街道通淮街377号,江苏省,南京市,江宁区,1,5e7d5dbb2cd3dd49cd04ef40
8370,文化名园碧波阁,118.815202,31.937645,南京市江宁区利源中路143号,江苏省,南京市,江宁区,1,7be242e5addc2bbeeb56fa46
8371,文化名园,118.818029,31.936182,南京市江宁区天元西路88号,江苏省,南京市,江宁区,1,c21db9e53e02effe00ff2d21
8372,7墅,118.817898,31.935079,南京市江宁区天元西路88号(地铁站),江苏省,南京市,江宁区,1,fc690e96be998a10c5effb2e
8373,怡胡华挺,118.82476,31.935408,南京市江宁区天元西路18号,江苏省,南京市,江宁区,1,8adc6a57da9a0a02eee4a5e8
8374,怡湖华庭,118.82476,31.935408,南京市江宁区天元西路18号,江苏省,南京市,江宁区,1,8adc6a57da9a0a02eee4a5e8
8375,澜郡怡湖华庭,118.82476,31.935408,南京市江宁区天元西路18号,江苏省,南京市,江宁区,1,8adc6a57da9a0a02eee4a5e8
8376,景枫凤凰台,118.826679,31.936079,江苏省南京市双龙大道1698号,江苏省,南京市,江宁区,1,6807462803a6c75b9d9d68d1
8377,景枫广场,118.827013,31.935744,江苏省南京市江宁区双龙大道1698号,江苏省,南京市,江宁区,1,f0d4cfb5e38e9a5c213bf2d6
8378,朗诗凤凰台,118.823358,31.934854,南京市江宁区天元西路52号,江苏省,南京市,江宁区,1,2f5e619c1a924cd3bd484251
8379,蓝宝湾花园,118.822843,31.935871,南京市江宁区开发区天元西路58号,江苏省,南京市,江宁区,1,2848ffd6cd69a30f48cc4a7a
8380,东恒国际大厦,118.827468,31.933314,南京市江宁区双龙大道1700号,江苏省,南京市,江宁区,1,4fc3161ac0b8e7a93a13fd7a
8381,21世纪现代城-28栋,118.833196,31.932695,江苏省南京市江宁区百家湖天元中路21世纪现代城(西区),江苏省,南京市,江宁区,1,4c5587531ed392781fe9995a
8382,文化名园-腾龙阁,118.821318,31.93514,南京市江宁区天元西路88号文化名园,江苏省,南京市,江宁区,1,0a74f39a8cda1f3a88db733d
8383,翠屏国际金融中心,118.827549,31.939163,南京市江宁区兴湖街金鹰天地广场(江宁店),江苏省,南京市,江宁区,1,26d71c79258783e5f4eafc58
8384,金鹰天地广场(江宁店)-停车场,118.826574,31.939361,江苏省南京市江宁区双龙大道1688号金鹰国际购物中心(江宁店)B3,江苏省,南京市,江宁区,1,4c5af6c8a1cfea3681288a2a
8385,科亚二期,118.820021,31.933728,南京市江宁区天元西路59号,江苏省,南京市,江宁区,1,16f5b9f240c6532f4054d7c9
8386,水晶蓝湾酒店公寓-1幢,118.826808,31.939664,南京市江宁区双龙大道1568号,江苏省,南京市,江宁区,1,096be0476c2c27ea40ab9ac1
8387,颐心园,118.822345,31.931207,南京市江宁区高湖路61号,江苏省,南京市,江宁区,1,5ce2637d4060f851ae31e57a
8388,绿城水晶蓝湾-停车场,118.827569,31.939961,江苏省南京市江宁区双龙大道1568号,江苏省,南京市,江宁区,1,ac7408043e0255891e5800f4
8389,瑞鸿名邸,118.834497,31.93508,南京市江宁区开发区庄排路179号(公交车站),江苏省,南京市,江宁区,1,db9acb457cb9aedd25d2bbc2
8390,紫元府(紫御龙湾),118.83295,31.935001,江苏省南京市江宁区庄排路158号,江苏省,南京市,江宁区,1,8a9d3411e524b0e8eb12e410
8391,紫元府(紫御龙湾),118.83295,31.935001,江苏省南京市江宁区庄排路158号,江苏省,南京市,江宁区,1,8a9d3411e524b0e8eb12e410
8392,21世纪太阳城购物中心,118.829626,31.933326,南京市江宁区双龙大道1539号,江苏省,南京市,江宁区,1,5b9a607cf1412dd1b04c496c
8393,21世纪现代城东区-39幢,118.834053,31.932093,江苏省南京市江宁区21世纪国际公寓南区39幢,江苏省,南京市,江宁区,1,7086f6034951e37c00ec01ad
8394,21世纪百家湖-1号,118.831131,31.931878,江苏省南京市江宁区双龙大道1539号(双龙大道与天元路交汇处),江苏省,南京市,江宁区,1,dfbf9025ae642bdb8e772783
8395,21世纪国际公寓-西区,118.832446,31.933219,南京市江宁区双龙大道1539号,江苏省,南京市,江宁区,1,4478e12ac7d93b6d9d82ea31
8396,朗诗玲珑屿,118.837457,31.932279,江宁区秣陵街道前河路9号(1号线小龙湾站对面),江苏省,南京市,江宁区,1,1f8e1505cd688a41fa42b297
8397,江宁开发区科技产业园庄排路工业坊,118.833906,31.938423,南京市江宁区开发区庄排路109号,江苏省,南京市,江宁区,1,00aee11193b1bacc26e0a088
8398,天元中路,118.828429,31.934332,江苏省南京市江宁区,江苏省,南京市,江宁区,0,0dbdeafca993829689b9883d
8399,21世纪国际公寓,118.833435,31.933132,双龙大道1539号(小龙湾地铁口路南),江苏省,南京市,江宁区,1,79cceb36578776f71e58001b
8400,21世纪现代城-西区,118.8322,31.931974,江苏省南京市江宁区双龙大道1539号,江苏省,南京市,江宁区,1,1575895d189267c09122e04b
8401,21世纪国际公寓,118.833435,31.933132,双龙大道1539号(小龙湾地铁口路南),江苏省,南京市,江宁区,1,79cceb36578776f71e58001b
8402,新城发展中心,118.831917,31.935008,南京市江宁区秣陵街道天元中路126号,江苏省,南京市,江宁区,1,40422df3693406604f3a5951
8403,百家湖·诚基大厦,118.83105,31.934646,南京市江宁区天元中路128号,江苏省,南京市,江宁区,1,f021d788eb0e28bcc909f039
8404,诚基名苑,118.831076,31.935125,南京市江宁区天元中路128号,江苏省,南京市,江宁区,1,0f2fc7a57b03068496ca0745
8405,合荣大厦,118.833964,31.937583,南京市江宁区庄排路157号,江苏省,南京市,江宁区,1,f68c13172c3e150d0a5cb39a
8406,东渡国际青年城,118.845356,31.937749,天元中路68号,江苏省,南京市,江宁区,1,669775d0fba05526fd0eb026
8407,武夷绿洲赏桂苑,118.846404,31.935267,南京市江宁区竹山南路393号,江苏省,南京市,江宁区,1,271083b2338e00f99ff779b6
8408,武夷绿洲赏桂苑,118.846404,31.935267,南京市江宁区竹山南路393号,江苏省,南京市,江宁区,1,271083b2338e00f99ff779b6
8409,武夷绿洲-品兰苑,118.848358,31.931464,南京市江宁区淳化街道天元中路99号,江苏省,南京市,江宁区,1,a3377216d215394aebf8530b
8410,南京民光科技大厦,118.849248,31.936951,南京市江宁区天元中路武夷绿洲-观竹苑西北侧约90米,江苏省,南京市,江宁区,1,c03ca1750f2910ab9de32154
8411,武夷绿洲揽胜阁,118.846316,31.932239,江苏省南京市江宁区兴宁路,江苏省,南京市,江宁区,1,80237260a54cd4fbe5073801
8412,武夷绿洲沁荷苑,118.847183,31.933652,南京市江宁区天元中路99号,江苏省,南京市,江宁区,1,2e6806f6088cb300d72ce2f8
8413,武夷绿洲4期品兰苑,118.848358,31.931464,南京市江宁区淳化街道天元中路99号,江苏省,南京市,江宁区,1,a3377216d215394aebf8530b
8414,武夷绿洲-品茗苑,118.852307,31.932514,南京市江宁区竹山路502-7号,江苏省,南京市,江宁区,1,4b83ba734935cee482a12e7c
8415,有志大厦,118.854971,31.933161,南京市江宁区科建路29号,江苏省,南京市,江宁区,1,33268ddb2d9b07d5e311031d
8416,尚景公寓,118.853379,31.936287,竹山南路499号,江苏省,南京市,江宁区,1,daa9e5ea618e8aed3a04b1b2
8417,因泰莱大厦,118.855864,31.93841,南京市江宁区天元东路52号,江苏省,南京市,江宁区,1,c7af4d547a134916591093cb
8418,武夷绿洲,118.849478,31.933444,江苏省南京市江宁区天元中路99号,江苏省,南京市,江宁区,1,5b25f446e321d597112935a6
8419,武夷绿洲-观竹苑,118.850342,31.934705,江苏省南京市江宁区科学园兴宁路观竹苑(武夷绿洲附近),江苏省,南京市,江宁区,1,3822dd8ead9b547196f08c17
8420,天元瑞沨名苑,118.851227,31.936822,南京市江宁区天元中路1号,江苏省,南京市,江宁区,1,057d337c2f0249e4d2f49e59
8421,江苏省邮政电子商务,118.854588,31.939313,江苏省南京市江宁区天元东路39号,江苏省,南京市,江宁区,1,a9d446794f76e1a02b06cee7
8422,天元瑞沨名苑,118.851227,31.936822,南京市江宁区天元中路1号,江苏省,南京市,江宁区,1,057d337c2f0249e4d2f49e59
8423,武夷绿洲-品茗苑,118.852307,31.932514,南京市江宁区竹山路502-7号,江苏省,南京市,江宁区,1,4b83ba734935cee482a12e7c
8424,天邦竹山华庭,118.854137,31.939247,南京市江宁区天元东路与竹山路十字路口东南侧(江宁公安局旁),江苏省,南京市,江宁区,1,3058f1df31eedb20d0ff2301
8425,金钥匙大厦,118.852712,31.938612,江苏省南京市江宁区竹山路88号,江苏省,南京市,江宁区,1,a5ef680f6b6904d7b9df8f7a
8426,西门町国际广场,118.857833,31.938837,南京市江宁区天元东路56号,江苏省,南京市,江宁区,1,3a2b2f0f7f21a6ca6d20b948
8427,南京旭辉九著坊,118.856864,31.930113,南京市江宁区科宁路219号,江苏省,南京市,江宁区,1,4059a363f5b9530508f5eb0b
8428,致远大厦(天元东路辅路),118.858481,31.939351,南京市江宁区天元东路58号,江苏省,南京市,江宁区,1,850815e10934c89b43e1927a
8429,潭桥公寓-北园,118.852816,31.930147,南京市江宁区竹山南路510号,江苏省,南京市,江宁区,1,c21db9e532811bfe01ff2da6
8430,天元大厦(天元东路辅路),118.85889,31.939604,南京市江宁区天元东路118-2号,江苏省,南京市,江宁区,1,612f766ce7260c7ac909f03c
8431,恒安嘉园,118.864305,31.937418,南京市江宁区天元中路188号,江苏省,南京市,江宁区,1,750ec1651e6f722b4c3a597a
8432,映霞苑-2幢,118.868108,31.937263,南京市江宁区莱茵东郡(映霞苑)2幢,江苏省,南京市,江宁区,1,0d810d4b8b4be92f26e0a01f
8433,鸿意·万嘉,118.862721,31.937443,"江苏省南京市江宁区秣陵街道开源路9号(开源路以东,恒安嘉园以北)",江苏省,南京市,江宁区,1,39465fdf57f481a1db1318fe
8434,江宁供销科技大厦,118.861453,31.939146,江苏省南京市江宁区天元东路168号附近,江苏省,南京市,江宁区,1,9ff625935392a0f19f82ea90
8435,莱茵东郡花园,118.870833,31.940164,江宁区科学园天元东路228号,江苏省,南京市,江宁区,1,00e4358261cb4685c5f025db
8436,春晓·风荷苑-3号楼,118.86975,31.937956,江苏省南京市江宁区莱茵东郡(风荷苑)3幢,江苏省,南京市,江宁区,1,cf379ad5cd65bf8eaecb66ad
8437,汇鸿打样中心,118.869322,31.931385,江苏省南京市江宁区莱茵达路699号4楼,江苏省,南京市,江宁区,1,a59f16bce2bb156821f01774
8438,银城·林茵里,118.867485,31.935872,南京市江宁区淳化街道科建路371号,江苏省,南京市,江宁区,1,02f5b53602fc0fc52d47336c
8439,银城·林茵里,118.867485,31.935872,南京市江宁区淳化街道科建路371号,江苏省,南京市,江宁区,1,02f5b53602fc0fc52d47336c
8440,莱茵东郡花园-秋月苑,118.871558,31.938365,江苏省南京市江宁区科学园天元东路228号莱茵东郡,江苏省,南京市,江宁区,1,01c36be91377ed1e15a190cc
8441,莱茵东郡花园-馨茵苑,118.870076,31.937084,江苏省南京市江宁区莱茵达路春晓·风荷苑莱茵东郡馨茵苑,江苏省,南京市,江宁区,1,c2deda2e1b2cfb6540ab9aac
8442,莱茵东郡花园-东2门,118.872863,31.938235,南京市江宁区天印大道1529号附近,江苏省,南京市,江宁区,1,4cb706929a35843421f01793
8443,南京工程学院-教工公寓,118.886675,31.933266,南京市江宁区映霞路南京工程学院(江宁校区),江苏省,南京市,江宁区,1,3ceac98681e2acc43417dcb6
8444,南京工程学院-萃园,118.885708,31.934172,南京市江宁区弘景大道1号,江苏省,南京市,江宁区,1,6fdf548282560ef143afe678
8445,江苏经贸职业技术学院江宁校区百合苑,118.887955,31.937932,南京市江宁区日晖路江苏经贸职业技术学院(江宁校区),江苏省,南京市,江宁区,1,f4dc089b8a1b734402294f2c
8446,江苏经贸职业技术学院江宁校区松竹苑,118.888855,31.937934,南京市江宁区淳化街道龙眠大道180号,江苏省,南京市,江宁区,1,a57eff6857e94210d72ce28d
8447,江苏经贸职业技术学院-玫瑰苑,118.888257,31.938997,南京市江宁区善鉴路江苏经贸职业技术学院(江宁校区),江苏省,南京市,江宁区,1,255e3e3d45f36308acb22a07
8448,南京旅游职业学院-学生宿舍A,118.895365,31.934112,南京市江宁区月华西路1号,江苏省,南京市,江宁区,1,ea3d3b192b04e3ccc37da22a
8449,江苏经贸职业技术学院-紫微苑,118.894887,31.936422,江苏省南京市江宁区龙眠大道紫薇苑10栋,江苏省,南京市,江宁区,1,1f91f62cf1d42a5fb54f544f
8450,丽泽路,118.895713,31.925368,江苏省南京市江宁区,江苏省,南京市,江宁区,0,b50bb93bd64eb41cdaeced34
8451,江苏经贸职业技术学院学生公寓F座管理站,118.894807,31.936436,南京市江宁区丽泽路樱花苑,江苏省,南京市,江宁区,1,f70c26354a44618ebe4842e6
8452,江苏经贸职业技术学院-樱花苑,118.894326,31.935756,江苏省南京市江宁区龙眠大道180号,江苏省,南京市,江宁区,1,fa183b64eba9c1fba2046474
8453,南京旅游职业学院-学生宿舍B,118.895319,31.93357,南京市江宁区月华西路1号,江苏省,南京市,江宁区,1,9c3e2b3401170101adcb663a
8454,江苏经贸职业技术学院-丹桂苑,118.894202,31.9363,南京市江宁区龙眠大道180号,江苏省,南京市,江宁区,1,9601f87c6dba9ff649fd3fd0
8455,南京旅游职业学院-学生宿舍D,118.895341,31.933266,南京市江宁区月华西路1号,江苏省,南京市,江宁区,1,d62a893c7870ca8b8bfc06f0
8456,博学苑银杏园(至善路),118.907207,31.929282,南京市江宁区至善路8号,江苏省,南京市,江宁区,1,3ee65ab640392258c4f0251e
8457,南京旅游职业学院-学生宿舍E,118.895319,31.9328,月华西路1号,江苏省,南京市,江宁区,1,c7b8ba9bbd71ec8e71210be4
8458,南京旅游职业学院-学生宿舍H,118.896341,31.932739,月华西路1号,江苏省,南京市,江宁区,1,ed4e83d514ffef242fb96d28
8459,南京旅游职业学院-学生宿舍B,118.895319,31.93357,南京市江宁区月华西路1号,江苏省,南京市,江宁区,1,9c3e2b3401170101adcb663a
8460,中航樾广场10栋,118.896271,31.938229,南京市江宁区丽泽路保利·樾广场,江苏省,南京市,江宁区,1,966bc002ee7ca3dd9a00507e
8461,南京工程学院·润园9幢公寓,118.894094,31.930551,江苏省南京市江宁区弘景大道1号,江苏省,南京市,江宁区,1,7ade83a8b3c6b13991114c8c
8462,南京工程学院·润园10幢,118.893655,31.930428,南京市江宁区弘景大道1号,江苏省,南京市,江宁区,1,debecc58e205e901c356ac10
8463,南京工程学院润园-11幢,118.892559,31.930577,南京市江宁区鸣翠路南京工程学院(江宁校区),江苏省,南京市,江宁区,1,e0520309c841107ec61e51a4
8464,南京工程学院润园-11幢,118.892559,31.930577,南京市江宁区鸣翠路南京工程学院(江宁校区),江苏省,南京市,江宁区,1,e0520309c841107ec61e51a4
8465,方山熙园,118.9093,31.933526,江苏省南京市江宁区至善路1号,江苏省,南京市,江宁区,1,76863c1473b1b7e2067ce899
8466,商苑小区,118.905404,31.931324,南京市江宁区宋墅路1号,江苏省,南京市,江宁区,1,7e54f0865a6587fd1d58002a
8467,弘阳上院,118.905054,31.934046,江苏省南京市江宁区龙眠大道和月华路交界处,江苏省,南京市,江宁区,1,f69c8c99629810ccca09f03a
8468,博学苑玉兰园,118.907096,31.93157,南京市江宁区江宁大学城至善路1号,江苏省,南京市,江宁区,1,1187b4462b6a21d66240a9ab
8469,博学苑银杏园(至善路),118.907207,31.929282,南京市江宁区至善路8号,江苏省,南京市,江宁区,1,3ee65ab640392258c4f0251e
8470,江苏海事职业技术学院澄园7号学生公寓,118.908044,31.923824,南京市江宁区格致路309号江苏海事职业技术学院,江苏省,南京市,江宁区,1,57c70f978591db4aeee4a516
8471,丹桂园-30幢,118.912062,31.932423,南京市江宁区樵歌路博学苑丹桂园,江苏省,南京市,江宁区,1,e1ff132ffb7b691a6e20b9ea
8472,金斯瑞生物科技公司宿舍,118.915927,31.936974,南京市江宁区侯焦路与月华路交叉路口往东北约60米,江苏省,南京市,江宁区,1,38d2708131ca0357dc1e520d
8473,鸿裕华庭,118.945042,31.940833,南京市江宁区淳化街道东月桥路246号,江苏省,南京市,江宁区,1,a3f3fbf8b2a0dbbf87154138
8474,淳化镇淳湖佳苑,118.94982,31.936316,江苏省南京市江宁区淳化街道淳化社区上漆阁路淳湖佳苑,江苏省,南京市,江宁区,1,af2a5cbf0fa6cae8bbbd6307
8475,旺运花园,118.94389,31.938183,南京市江宁区淳化街道东月桥路332号,江苏省,南京市,江宁区,1,7736ddada7584cbfc356ac42
8476,青龙新苑,118.970349,31.935977,南京市江宁区园岗路青龙山林场派出所西侧约190米,江苏省,南京市,江宁区,1,a38c738d6edb8cfee9f85319
8477,教师公寓,118.97451,31.938174,淳化街道七里岗菜市场对面,江苏省,南京市,江宁区,1,9872784e8699a15da8f0cd4a
8478,索墅社区,119.006239,31.934312,南京市江宁区索墅镇西70号,江苏省,南京市,江宁区,1,d69286219b27847a4d2fdf1d
8479,索墅新苑,119.009112,31.933502,南京市江宁区淳化街道索墅社区G104,江苏省,南京市,江宁区,1,b0dfd85f1b70b8fa0b69d996
8480,锦华新城,118.645317,31.929501,江苏省南京市雨花台区凤汇大道19号,江苏省,南京市,雨花台区,1,b851a80bf6cb29b7ab175a4f
8481,梦幻家,118.647806,31.92754,江苏省南京市雨花台区凤汇大道15号,江苏省,南京市,雨花台区,1,cd47a77967204b9f8505bfc5
8482,弘阳·春上西江,118.645944,31.925938,江苏省南京市雨花台区龙慧路8号,江苏省,南京市,雨花台区,1,f261d61fdc4b886e1811d5d8
8483,雨花区锦华新城二期南片,118.643595,31.927341,凤锦路与龙藏大道交叉口南100米,江苏省,南京市,雨花台区,1,57f3bfc784f51ef59d9d6899
8484,朝阳西苑,118.657649,31.924237,江苏省南京市雨花台区雄风路169号,江苏省,南京市,雨花台区,1,d0994e8979bb5d719e9d683b
8485,静华公寓,118.660087,31.925292,南京市雨花台区板桥街道雄风路101号,江苏省,南京市,雨花台区,1,d4034eb3a22b07f6c1364488
8486,惠安新居,118.656801,31.929321,南京市雨花台区板桥振兴路111号,江苏省,南京市,雨花台区,1,434046ee0228a604aeb22a55
8487,正达公寓,118.655193,31.929098,南京市雨花台区龙飞路6号,江苏省,南京市,雨花台区,1,a3e8341c66db99eb4bfd3f9a
8488,金叶花园-12幢,118.657133,31.930043,江苏省南京市雨花台区雨花经济开发区振兴路金叶花园南门,江苏省,南京市,雨花台区,1,801b7a145ec27ddfa11de926
8489,凤凰山庄,118.654303,31.926563,南京市雨花台区龙飞路88号消防训练基地,江苏省,南京市,雨花台区,1,6974a456f3fb8e266e20b980
8490,近华新村小区,118.656939,31.927139,江苏省南京市雨花台区板桥社区近华新村12号,江苏省,南京市,雨花台区,1,8a5ce514d758c05ec6effb3b
8491,板桥新村,118.6671,31.927374,江苏省南京市雨花台区振兴路1号,江苏省,南京市,雨花台区,1,00f1c7fb67847d62c156aca7
8492,向阳雅居,118.667468,31.929056,南京市雨花台区振兴路1号,江苏省,南京市,雨花台区,1,08fc93df66fa51ec9a68b4a7
8493,胜利南苑,118.666424,31.926041,雨花台区雄风路39~40号,江苏省,南京市,雨花台区,1,93df0dc3b214ef56892fb5a7
8494,板桥新村-北区,118.665802,31.928714,振兴路1-17号附近,江苏省,南京市,雨花台区,1,019c92fb958fc264b75f1ed8
8495,古雄电商大厦,118.671293,31.925058,南京市雨花台区宁谷路108号,江苏省,南京市,雨花台区,1,02d22fd7ff06cfb9ca1b95e8
8496,蓝光公园-1号,118.673239,31.92598,江苏省南京市雨花台区板桥新城古雄村,江苏省,南京市,雨花台区,1,5940fdae52a2e12ae60738dc
8497,湾景,118.67616,31.925051,江苏省南京市雨花台区华兴路97号,江苏省,南京市,雨花台区,1,d10c9005415c8b345bf6be1f
8498,富力尚悦居,118.681552,31.923603,江苏省南京市雨花台区新湖大道与荆雄路交汇处东北300米,江苏省,南京市,雨花台区,1,63b4f45acffc3453c7f025b5
8499,河海大学江宁校区宿舍20号楼,118.789006,31.920897,南京市江宁区松辽路河海大学(江宁校区),江苏省,南京市,江宁区,1,83ea18da1503f5bc80a00c2d
8500,南京九间堂-1期,118.787178,31.921319,南京市江宁区康厚街南京九间堂,江苏省,南京市,江宁区,1,78b00ecc78870ebcee74f832
8501,揽翠山庄,118.789439,31.924157,江苏省南京市江宁区康厚街6号409栋,江苏省,南京市,江宁区,1,8e5f5bc961cac04132f71d15
8502,河海大学江宁校区女生公寓,118.789915,31.922662,南京市江宁区佛城西路8号河海大学江宁校区,江苏省,南京市,江宁区,1,ceff8e4021d6040928b97cea
8503,河海大学江宁校区17栋,118.788412,31.921396,南京市江宁区青海湖路河海大学(江宁校区),江苏省,南京市,江宁区,1,72780d264c8516399cf779e5
8504,河海大学江宁校区四期学生公寓,118.788412,31.921396,南京市江宁区佛城西路8号河海大学江宁校区,江苏省,南京市,江宁区,1,47b86814414910e7283a9f65
8505,河海大学(江宁校区)-12舍,118.789939,31.921837,江苏省南京市江宁区佛城西路8号河海大学江宁校区,江苏省,南京市,江宁区,1,68dd0bce474447650482c230
8506,河海大学江宁校区-学生公寓15、16舍,118.788617,31.921784,南京市江宁区佛城西路8号河海大学江宁校区,江苏省,南京市,江宁区,1,58eafb81fb8989f4c26c1452
8507,"河海大学江宁校区-学生公寓13,14舍",118.789406,31.921831,南京市江宁区佛城西路8号河海大学江宁校区,江苏省,南京市,江宁区,1,ba48f1b8323b45d7b75f1ec2
8508,河海大学江宁校区宿舍-15号楼,118.788572,31.922148,江苏省南京市江宁区佛城西路8号河海大学(江宁校区),江苏省,南京市,江宁区,1,6504e60c6cb14903f40e77e4
8509,河海大学江宁校区宿舍-12号楼,118.789996,31.921884,南京市江宁区佛城西路8号,江苏省,南京市,江宁区,1,39d25a778aa61e43a3acc4dc
8510,河海大学江宁校区宿舍-15号楼,118.788572,31.922148,江苏省南京市江宁区佛城西路8号河海大学(江宁校区),江苏省,南京市,江宁区,1,6504e60c6cb14903f40e77e4
8511,河海大学学生江宁校区宿舍-9号楼,118.789856,31.923017,南京市江宁区佛城西路8号河海大学江宁校区,江苏省,南京市,江宁区,1,e202caf1d12daa586140a922
8512,河海大学学生江宁校区宿舍-10号楼,118.789882,31.922626,南京市江宁区佛城西路8号河海大学江宁校区,江苏省,南京市,江宁区,1,d373b9e11740153926d2bb1d
8513,河海大学学生宿舍15号楼,118.788572,31.922148,江苏省南京市江宁区佛城西路8号河海大学(江宁校区),江苏省,南京市,江宁区,1,6504e60c6cb14903f40e77e4
8514,河海大学学生江宁校区宿舍-13号楼,118.78928,31.922168,南京市江宁区佛城西路8号河海大学江宁校区,江苏省,南京市,江宁区,1,eb4151866ef8ef37eb56fadf
8515,河海大学学生江宁校区宿舍-14号楼,118.789248,31.921766,南京市江宁区佛城西路8号,江苏省,南京市,江宁区,1,a9b9f951a6479de0902ca35d
8516,地铁精装社区,118.795833,31.918444,南京市江宁区佛城西路翰海翠庭南侧约30米,江苏省,南京市,江宁区,1,c81f31d86de8b6c343ab9adc
8517,山水华门小区-东门,118.796457,31.925747,南京市江宁区将军大道58号,江苏省,南京市,江宁区,1,b50c4548bc0ce37a744ff149
8518,河海大学江宁校区三期学生公寓,118.793753,31.923144,佛城西路8号河海大学江宁校区河海大学江宁校区宿舍1号楼附近,江苏省,南京市,江宁区,1,a715535f830dde2604026f61
8519,河海大学江宁校区女生公寓,118.789915,31.922662,南京市江宁区佛城西路8号河海大学江宁校区,江苏省,南京市,江宁区,1,ceff8e4021d6040928b97cea
8520,翠湖花园,118.799883,31.92533,南京市江宁区将军大道109号,江苏省,南京市,江宁区,1,8d87acb37569294ff21937ae
8521,名家花园-南区,118.792014,31.93161,南京市江宁区翠屏山路9号,江苏省,南京市,江宁区,1,30b873df8fa9e066bca8226b
8522,瑞景文华,118.794918,31.92974,江苏省南京市江宁区将军大道50号,江苏省,南京市,江宁区,1,49a02a7a4c8684402b201a7a
8523,江南文枢苑-C8幢,118.800511,31.927172,江苏省南京市江宁区将军大道99号,江苏省,南京市,江宁区,1,c45c2450c6a91708fa42b214
8524,领秀1+1,118.794688,31.92967,南京市江宁区翠屏山路瑞景文华,江苏省,南京市,江宁区,1,9a28b549975fab3ba1a93427
8525,华门花园岭秀苑,118.796954,31.925924,南京市江宁区将军大道58号,江苏省,南京市,江宁区,1,99099aec08c4d3d32fb17ef1
8526,河海大学(江宁校区)学生宿舍-4号楼,118.793991,31.923786,江苏省南京市江宁区佛城西路8号河海大学江宁校区,江苏省,南京市,江宁区,1,f75bb0ea00bbcfa801ff2dad
8527,河海大学学生江宁校区宿舍-18号楼,118.788474,31.920911,江苏省南京市江宁区河海大学江宁校区南海路与松辽路交叉口西北150米,江苏省,南京市,江宁区,1,979f7abb12b66cfed72ce2cc
8528,河海大学学生江宁校区宿舍-5号楼,118.793214,31.92382,南京市江宁区佛城西路8号河海大学江宁校区,江苏省,南京市,江宁区,1,b4d264f27cd62df5f942b24e
8529,河海大学学生江宁校区宿舍-2号楼,118.793772,31.923165,南京市江宁区佛城西路8号,江苏省,南京市,江宁区,1,19148fadcc6bb590d0ff2371
8530,河海大学学生江宁校区宿舍-18号楼,118.788474,31.920911,江苏省南京市江宁区河海大学江宁校区南海路与松辽路交叉口西北150米,江苏省,南京市,江宁区,1,979f7abb12b66cfed72ce2cc
8531,河海大学江宁校区宿舍1号楼,118.793661,31.922825,江苏省南京市江宁区河海大学江宁校区1幢,江苏省,南京市,江宁区,1,38f6ab2b3f46012839221c20
8532,河海大学学生江宁校区宿舍-18号楼,118.788474,31.920911,江苏省南京市江宁区河海大学江宁校区南海路与松辽路交叉口西北150米,江苏省,南京市,江宁区,1,979f7abb12b66cfed72ce2cc
8533,河海大学学生江宁校区宿舍-18号楼,118.788474,31.920911,江苏省南京市江宁区河海大学江宁校区南海路与松辽路交叉口西北150米,江苏省,南京市,江宁区,1,979f7abb12b66cfed72ce2cc
8534,山水华门别墅园-南门,118.793888,31.9242,南京市江宁区佛城西路8号河海大学江宁校区河海大学学生江宁校区宿舍4号楼附近,江苏省,南京市,江宁区,1,813a1194ce3dd25cbca822f2
8535,爱涛漪水园,118.805651,31.925443,江苏省南京市江宁区开发区秣陵街道爱涛路18号,江苏省,南京市,江宁区,1,3da907f333dc2053b320a87b
8536,水韵别墅,118.806257,31.922002,江苏省南京市江宁区佛城东路88号,江苏省,南京市,江宁区,1,cc788fde1a1334f688fc06fd
8537,爱涛丽舍,118.804515,31.927714,江苏省南京市江宁区爱涛路18号,江苏省,南京市,江宁区,1,3aa92c90de8a017d1b94c634
8539,颐和美地-西园,118.811247,31.927798,江苏省南京市江宁区苏源大道8号,江苏省,南京市,江宁区,1,bc28463869d042a8fea7784d
8540,颐和公馆,118.818484,31.92656,江苏省南京市江宁区佛城东路98号,江苏省,南京市,江宁区,1,f7e8cfd710fa3db56fa3cc0a
8541,颐和美地-东园,118.818337,31.928655,南京市江宁区苏源大道8~9号,江苏省,南京市,江宁区,1,0ce65c2d427754592d47337a
8542,九龙湖别墅,118.812897,31.920804,江苏省南京市江宁区清水亭西路188号,江苏省,南京市,江宁区,1,2519bacfb97c869e46572693
8543,颐和美地美辰苑,118.812016,31.927832,南京市江宁区苏源大道9号,江苏省,南京市,江宁区,1,f382e1ca4ab5432b9cf7798d
8544,金聚龙大厦,118.816445,31.930978,江苏省南京市江宁区高湖路25号,江苏省,南京市,江宁区,1,b703e96b9e4a9bfa8f1a897a
8545,和畅居,118.819398,31.927548,南京市江宁区苏源大道9号,江苏省,南京市,江宁区,1,9d885cc36c9613f7ee74f81f
8547,颐和美地,118.811046,31.927629,南京市江宁区苏源大道8号,江苏省,南京市,江宁区,1,4953b75ea67c05f04e2fdf6d
8548,颐和美的丰苑,118.815247,31.928879,南京市江宁区苏源大道9号,江苏省,南京市,江宁区,1,52d0f5e11c2660f586420e5e
8549,何雅居,118.814667,31.928217,江苏省南京市江宁区苏源大道8号,江苏省,南京市,江宁区,1,cbbcbc849950ba05bda822b5
8550,颐和美地西园-北门,118.811306,31.93003,南京市江宁区颐和美地西园,江苏省,南京市,江宁区,1,923ffd00a367c1cad82f28a6
8551,颐和美地,118.811046,31.927629,南京市江宁区苏源大道8号,江苏省,南京市,江宁区,1,4953b75ea67c05f04e2fdf6d
8552,美嘉苑,118.814658,31.928178,南京市江宁区苏源大道8号,江苏省,南京市,江宁区,1,1f421ccb7233d4ca601c6755
8553,中国人家,118.823977,31.928578,南京市江宁区高湖路68号,江苏省,南京市,江宁区,1,3810c8793e6b048b9c09f77a
8554,俊杰科创大厦,118.829533,31.921933,江苏省南京市江宁区清水亭西路999号,江苏省,南京市,江宁区,1,0c2a53b79fe199abf32d83d4
8555,玉登园,118.825642,31.928661,南京市江宁区马浦街49号,江苏省,南京市,江宁区,1,ec889a9a6d50dbc10ab93a9b
8556,乐恵大厦,118.822885,31.921957,江苏省南京市江宁区秣陵街道清水亭西路61号南京宇翔乐惠大厦,江苏省,南京市,江宁区,1,e266d8cc7d8f045086420e6a
8557,玉鉴园,118.825642,31.928661,南京市江宁区马浦街49号,江苏省,南京市,江宁区,1,ec889a9a6d50dbc10ab93a9b
8558,天目水秀府,118.818471,31.926597,江苏省南京市江宁区佛城东路98号,江苏省,南京市,江宁区,1,3c4c3e0c66a24c91d2f49eed
8559,代理点大象社区,118.828525,31.929954,南京市江宁区高湖路88号,江苏省,南京市,江宁区,1,109f9dee2654c9d94107c167
8560,水闲居,118.822259,31.930271,江苏省南京市江宁区高湖路61号,江苏省,南京市,江宁区,1,3e74e230c51ec9394c6d4603
8562,殷巷打工楼,118.837403,31.920573,南京市江宁区殷华街24号,江苏省,南京市,江宁区,1,bd5999e808871e606168581f
8563,万科金域蓝湾,118.839556,31.926785,江苏省南京市江宁区清水亭东路9号,江苏省,南京市,江宁区,1,f23ce9f0cabe80a12b201a85
8564,殷富商业街-2幢,118.837253,31.920736,江苏省南京市江宁区清水亭西路殷富商业街殷巷打工楼,江苏省,南京市,江宁区,1,e849479ac5135812b5f42fab
8565,万科翡翠公园,118.83376,31.926722,南京市江宁区双龙大道1699号,江苏省,南京市,江宁区,1,813189c6b375ece5c27da2d4
8566,银城·千花溪,118.837247,31.92337,南京市江宁区清水亭东路10号,江苏省,南京市,江宁区,1,5e5c602c836464b26c3e1bb0
8567,润龙锦园,118.837692,31.922116,南京市江宁区殷华街36号,江苏省,南京市,江宁区,1,dc0f0adcfea4fd5ff8221355
8568,博琳大厦,118.833577,31.921516,南京市江宁区双龙大道2188-1号,江苏省,南京市,江宁区,1,2d0902f1a6187782c5effbbc
8569,中榕大厦,118.833629,31.921418,南京市江宁区双龙大道2188号,江苏省,南京市,江宁区,1,79b03a3e94c36a1eadb22a10
8570,伊蒙儿童之家(九龙湖园),118.835615,31.9113,南京市江宁区龙亭街55号10幢108室二楼,江苏省,南京市,江宁区,1,ef5c59862d32fa1fc9fa5fff
8571,殷富商业街-2幢,118.837253,31.920736,江苏省南京市江宁区清水亭西路殷富商业街殷巷打工楼,江苏省,南京市,江宁区,1,e849479ac5135812b5f42fab
8572,万科金域蓝湾,118.839556,31.926785,江苏省南京市江宁区清水亭东路9号,江苏省,南京市,江宁区,1,f23ce9f0cabe80a12b201a85
8573,南京恒大绿洲-北区,118.848248,31.922119,江苏省南京市江宁区秣陵街道清水亭东路158号,江苏省,南京市,江宁区,1,7691039bbb71d791b04c49fb
8574,骏景华庭,118.840978,31.92428,南京市江宁区经济技术开发区秣陵街道铺岗街28号,江苏省,南京市,江宁区,1,0b845fa51714f6aed7851f75
8575,潭桥公寓西园,118.84928,31.92869,南京市江宁区竹山路512-6号,江苏省,南京市,江宁区,1,c1f84060072ae9c17f29bd4f
8576,殷巷新寓-东一区,118.844423,31.923006,江苏省南京市江宁区秣陵街道铺岗街与清水亭东路交汇口东南侧,江苏省,南京市,江宁区,1,03f1e117854a7321f7231002
8577,骏景华庭-二期,118.841924,31.922781,南京市江宁区骏景街骏景华庭,江苏省,南京市,江宁区,1,f47d6007cdf07ad5f7b9168d
8578,殷巷新寓-242幢,118.843989,31.920835,江苏省南京市江宁区秣陵街道铺岗街与清水亭东路交汇口东南侧殷巷新寓242幢,江苏省,南京市,江宁区,1,ee4c22efbcc2c734744ff140
8579,万科金域蓝湾-二期,118.843133,31.92674,江苏省南京市江宁区清水亭东路,江苏省,南京市,江宁区,1,32e1a030bf5b6cccadcb6622
8580,恒大绿洲-东区,118.847589,31.920305,江苏省南京市江宁区恒大绿洲东区(殷富街南),江苏省,南京市,江宁区,1,1b2219080e521c9e8505bf49
8581,银城·千花溪,118.837247,31.92337,南京市江宁区清水亭东路10号,江苏省,南京市,江宁区,1,5e5c602c836464b26c3e1bb0
8582,潭桥公寓,118.85384,31.927342,江苏省南京市江宁区竹山路512-6号,江苏省,南京市,江宁区,1,5e53af1a8118e9214151c068
8583,潭桥公寓-南园,118.853456,31.926907,南京市江宁区科宁路128号,江苏省,南京市,江宁区,1,359b1a000899d207d4851fef
8584,天泽苑,118.857232,31.924255,江苏省南京市江宁区淳化街道竹山路588号(彤天路与竹山南路交汇处),江苏省,南京市,江宁区,1,dc0f0adcfb64f820f822131e
8585,雍景园小区,118.859921,31.92023,竹山南路618号,江苏省,南京市,江宁区,1,418f16659d62d74bf90cadad
8586,潭桥公寓北园,118.851843,31.931378,719路,江苏省,南京市,江宁区,0,8e3b197fa21dd3bf364aae39
8587,横岭新寓,118.868737,31.912455,竹山路,江苏省,南京市,江宁区,1,41e3f1fe08db0d8d31870a2d
8588,印湖山庄,118.879519,31.921163,江苏省南京市江宁区秣陵街道印湖路39号,江苏省,南京市,江宁区,1,6113ef770b8b8b6a8e77271b
8589,天祥家园,118.877227,31.925569,南京市江宁区天印大道2007号,江苏省,南京市,江宁区,1,c4cd083ab1618978100daa8e
8590,印湖山庄-2期,118.878381,31.921071,南京市江宁区印湖路39号,江苏省,南京市,江宁区,1,3d7935bc78460e24047ce8ad
8591,印湖山庄,118.879519,31.921163,江苏省南京市江宁区秣陵街道印湖路39号,江苏省,南京市,江宁区,1,6113ef770b8b8b6a8e77271b
8592,江苏省方山体育训练基地-运动员公寓,118.87809,31.923826,江苏省南京市江宁区江宁足球训练基地,江苏省,南京市,江宁区,1,943e7d8e6503e35143afe60b
8594,南京工程学院·润园01幢公寓,118.894765,31.926379,南京市江宁区荟萃路南京工程学院工业中心(江宁校区) 东门东北侧约30米,江苏省,南京市,江宁区,1,2cc2b86796b9a5fca8f0cd62
8595,南京工程学院·润园2幢公寓,118.894892,31.92699,南京市江宁区丽泽路南京工程学院工业中心(江宁校区) 东门东北侧约90米,江苏省,南京市,江宁区,1,9c79ddf489b1d1bf1d389458
8596,南京工程学院.润园08幢公寓,118.894259,31.92993,南京市江宁区丽泽路南京工程学院(江宁校区),江苏省,南京市,江宁区,1,7a1517cf0f4a18a91d1d115a
8597,南京工程学院·润园04幢公寓,118.895123,31.927666,南京市江宁区丽泽路南京工程学院(江宁校区),江苏省,南京市,江宁区,1,19302bf83d8a0fdf2ce67b91
8598,南京工程学院润园-5幢,118.895256,31.9278,南京市江宁区丽泽路南京工程学院(江宁校区),江苏省,南京市,江宁区,1,6d2f775044b5fd21ab175afa
8599,南京工程学院润园-04B幢学生公寓,118.895371,31.927842,南京市江宁区,江苏省,南京市,江宁区,1,9fe3ab7f7c22df11e812e425
8600,南京工程学院·润园2幢公寓,118.894892,31.92699,南京市江宁区丽泽路南京工程学院工业中心(江宁校区) 东门东北侧约90米,江苏省,南京市,江宁区,1,9c79ddf489b1d1bf1d389458
8601,南京工程学院·润园2幢公寓,118.894892,31.92699,南京市江宁区丽泽路南京工程学院工业中心(江宁校区) 东门东北侧约90米,江苏省,南京市,江宁区,1,9c79ddf489b1d1bf1d389458
8602,南京工程学院.润园08幢公寓,118.894259,31.92993,南京市江宁区丽泽路南京工程学院(江宁校区),江苏省,南京市,江宁区,1,7a1517cf0f4a18a91d1d115a
8603,御山湖,118.900798,31.9268,南京市江宁区龙眠大道588号,江苏省,南京市,江宁区,1,8bb24f7ea4ef0c18d2f49ec8
8604,南京工程学院工业中心江宁校区(东门),118.894516,31.926236,南京市江宁区丽泽路与荟萃路交叉口西150米,江苏省,南京市,江宁区,1,7b44441241db70b8d518b7c1
8605,文鼎广场,118.905685,31.920324,南京市江宁区格致路99号,江苏省,南京市,江宁区,1,f5994939efcde99b8e772792
8606,东方龙湖湾东湖苑,118.90482,31.926344,南京市江宁区龙眠大道588号,江苏省,南京市,江宁区,1,01cba7b424d2abb279b55ca6
8607,江苏海事职业技术学院澄园7号学生公寓,118.908044,31.923824,南京市江宁区格致路309号江苏海事职业技术学院,江苏省,南京市,江宁区,1,57c70f978591db4aeee4a516
8608,东方·龙湖湾,118.90266,31.925814,南京市江宁区大学城龙眠大道588号(地铁南京交院站往北500米),江苏省,南京市,江宁区,1,42acc2084d64bf8bc6effb7c
8609,江苏海事职业技术学院澄园7号学生公寓,118.908044,31.923824,南京市江宁区格致路309号江苏海事职业技术学院,江苏省,南京市,江宁区,1,57c70f978591db4aeee4a516
8610,东方龙湖湾南湖苑,118.902039,31.923932,南京市江宁区龙眠大道588号东方龙湖湾,江苏省,南京市,江宁区,1,a0b47b8818f15dc697ec8400
8611,江苏海事职业技术学院澄园5号学生公寓,118.909261,31.92533,南京市江宁区格致路309号,江苏省,南京市,江宁区,1,bf4c3a30765a6f5242d63e81
8612,湖语山,118.903412,31.922675,南京市江宁区龙眠大道588号(地铁南京交院站往北500米),江苏省,南京市,江宁区,1,22a69ab7f0ad5100b04c4970
8613,江苏海事职业技术学院澄园5号学生公寓,118.909261,31.92533,南京市江宁区格致路309号,江苏省,南京市,江宁区,1,bf4c3a30765a6f5242d63e81
8614,江苏海事职业技术学院澄园5号学生公寓,118.909261,31.92533,南京市江宁区格致路309号,江苏省,南京市,江宁区,1,bf4c3a30765a6f5242d63e81
8615,江苏海事职业技术学院澄园5号学生公寓,118.909261,31.92533,南京市江宁区格致路309号,江苏省,南京市,江宁区,1,bf4c3a30765a6f5242d63e81
8616,江苏海事职业技术学院澄园7号学生公寓,118.908044,31.923824,南京市江宁区格致路309号江苏海事职业技术学院,江苏省,南京市,江宁区,1,57c70f978591db4aeee4a516
8617,江苏海事职业技术学院学生公寓No.6,118.909572,31.924966,南京市江宁区郑和路江苏海事职业技术学院(江宁校区),江苏省,南京市,江宁区,1,bdb94b3a858141cdbbbd633c
8618,博学苑银杏园(至善路),118.907207,31.929282,南京市江宁区至善路8号,江苏省,南京市,江宁区,1,3ee65ab640392258c4f0251e
8619,中粮·祥云,118.903569,31.921618,南京市江宁区鹏山路28号,江苏省,南京市,江宁区,1,81fe8efe29454560fd0eb022
8620,协众雅居,118.90754,31.921659,江苏省南京市江宁区秣陵街道龙眠大道618号,江苏省,南京市,江宁区,1,b7f66871f4f161933c9a5eca
8621,东方龙湖湾西湖苑,118.900606,31.926952,南京市江宁区龙眠大道588号东方龙湖湾,江苏省,南京市,江宁区,1,493492158cd60fb175e5b68f
8622,协众雅居,118.90754,31.921659,江苏省南京市江宁区秣陵街道龙眠大道618号,江苏省,南京市,江宁区,1,b7f66871f4f161933c9a5eca
8623,文鼎广场-北门,118.904262,31.920996,南京市江宁区格致路99号,江苏省,南京市,江宁区,1,d7e0d5d552ad90e6cc06a48a
8624,协众财富广场,118.908843,31.92095,江苏省南京市江宁区秣陵街道龙眠大道618号,江苏省,南京市,江宁区,1,72c666c65c5f2950ad080faa
8625,文鼎广场,118.905685,31.920324,南京市江宁区格致路99号,江苏省,南京市,江宁区,1,f5994939efcde99b8e772792
8626,学府风景花园,118.912831,31.930293,江苏省南京市江宁区樵歌路168号,江苏省,南京市,江宁区,1,06d5081b33314f872a02e1c7
8627,江苏海事职业技术学院学生公寓No.6,118.909572,31.924966,南京市江宁区郑和路江苏海事职业技术学院(江宁校区),江苏省,南京市,江宁区,1,bdb94b3a858141cdbbbd633c
8628,江苏海事职业技术学院江宁校区沁园学生公寓-2号楼,118.91521,31.9283,南京市江宁区学生公寓2号楼,江苏省,南京市,江宁区,1,47fb95f1cb45ef233be4a685
8629,江苏海事职业技术学院江宁校区沁园学生公寓-2号楼,118.91521,31.9283,南京市江宁区学生公寓2号楼,江苏省,南京市,江宁区,1,47fb95f1cb45ef233be4a685
8630,江苏海事职业技术学院江宁校区沁园学生公寓-2号楼,118.91521,31.9283,南京市江宁区学生公寓2号楼,江苏省,南京市,江宁区,1,47fb95f1cb45ef233be4a685
8631,江苏海事职业技术学院江宁校区沁园学生公寓-2号楼,118.91521,31.9283,南京市江宁区学生公寓2号楼,江苏省,南京市,江宁区,1,47fb95f1cb45ef233be4a685
8632,学府风景花园-7号,118.912692,31.9298,南京市江宁区樵歌路学府风景花园,江苏省,南京市,江宁区,1,ca7bf774109f73a7b33c819d
8633,上海梅山有限公司培训中心安全教育大楼,118.63961,31.911234,南京市雨花台区十四号路上怡新村西门西北侧约100米,江苏省,南京市,雨花台区,1,99da3843e599d7ef081cc7b0
8634,江宁区新林芳庭,118.648151,31.910948,南京市雨花台区新亭大街69号,江苏省,南京市,雨花台区,1,74f23efdbba37ab407026ff6
8635,新城公馆,118.657857,31.91653,江苏省南京市雨花台区新林大道11号,江苏省,南京市,雨花台区,1,d24d4ebf2ac716d7fb2d6126
8636,古雄新居-西门,118.649691,31.913846,江苏省南京市雨花台区新亭大街68号,江苏省,南京市,雨花台区,1,9c8e245b35213de4c7f0253e
8637,金域华府,118.654284,31.914962,南京市雨花台区新林大道7号,江苏省,南京市,雨花台区,1,ee0fab4ae4604db8c909f03b
8638,古雄新居,118.651332,31.912642,南京市雨花台区新亭大街68号,江苏省,南京市,雨花台区,1,db1f39d4d095836ff4c59c89
8639,朗诗·绿色街区-西园,118.655802,31.910714,南京市雨花台区新亭大街66号,江苏省,南京市,雨花台区,1,3a650ab5a8a683a5c4f50d7a
8640,新林社区,118.651402,31.911532,江苏省南京市雨花台区板桥新城,江苏省,南京市,雨花台区,1,6755d2ee44d0eb02f4eafce0
8641,金域华府2期,118.657244,31.915843,南京市雨花台区新林大道7号,江苏省,南京市,雨花台区,1,4b35067038a8fa6a7dc8768f
8642,古雄新居-33号,118.652092,31.913489,江苏省南京市雨花台区古雄新居33号(湖景路南),江苏省,南京市,雨花台区,1,e8b34c2597b05f757adbd28d
8643,朗诗·绿色街区-北门,118.659322,31.909403,江苏省南京市雨花台区湖景路66号,江苏省,南京市,雨花台区,1,84439363ed217873b5f42ff8
8644,花样年·花生唐-东南2门,118.6672,31.912668,南京市雨花台区新湖大道与莲花湖东街交叉口东北100米,江苏省,南京市,雨花台区,1,976d27800d4109f107fef5d7
8645,金地自在城西-2区,118.669548,31.912468,金地自在城五号街西200米,江苏省,南京市,雨花台区,1,691fb643d32c9144dbd89173
8646,金地自在城-三期,118.669417,31.912298,南京市雨花台区新湖大道9号,江苏省,南京市,雨花台区,1,a78ff36002fafcbc8e7727e0
8647,金地自在城-西1区,118.670892,31.913943,南京市雨花台区大方路金地自在城-一期,江苏省,南京市,雨花台区,1,6baf63320833a31283a00c9f
8648,宋都南郡国际,118.671268,31.916162,江苏省南京市雨花台区新湖大道10号,江苏省,南京市,雨花台区,1,f8b9e8c0f19986b06fc02cab
8649,金地自在城-4期,118.671651,31.910945,城五号街南150米,江苏省,南京市,雨花台区,1,5de993f536f87d3957bfff1e
8650,金地自在城-一期,118.67042,31.914051,江苏省南京市雨花台区金地自在城一期(花生唐东),江苏省,南京市,雨花台区,1,78ba04e0dfcfe5c1de1e52b2
8651,金地自在城-一期,118.67042,31.914051,江苏省南京市雨花台区金地自在城一期(花生唐东),江苏省,南京市,雨花台区,1,78ba04e0dfcfe5c1de1e52b2
8652,金地自在城-东2区,118.672609,31.910643,南京市雨花台区胡福海板桥新城新湖大道8号,江苏省,南京市,雨花台区,1,c0b38c2a3f342a6f29fc48eb
8653,南京家徳城业金地自在城中心店4期,118.671881,31.911514,南京市雨花台区大方路金地自在城-4期,江苏省,南京市,雨花台区,1,3112a90f475bccb340afe6f5
8654,金地自在城-二期,118.673307,31.91299,江苏省南京市雨花台区金地自在城二期(新城大街南),江苏省,南京市,雨花台区,1,b40437fb47d96b5e79b55c7b
8655,宋都·南郡国际南区,118.672316,31.916436,江苏省南京市雨花台区新湖大道10号,江苏省,南京市,雨花台区,1,5fac413184e04e4597ec8417
8656,宋都·南郡国际北区,118.674293,31.918924,江苏省南京市雨花台区南郡国际北区(新湖大道南),江苏省,南京市,雨花台区,1,0df5b4118e0128f2c42ba1b7
8657,荆刘社区,118.697804,31.919146,南京市江宁区荆刘路4号,江苏省,南京市,江宁区,1,2c1f81952cf4d1843517dcc4
8658,复地·朗香,118.780684,31.91864,江苏省南京市江宁区佛城西路88号,江苏省,南京市,江宁区,1,3a68f9e40a761e2231870a82
8659,复地·朗香别墅-东南1门,118.778796,31.915786,江苏省南京市江宁区佛城西路88号,江苏省,南京市,江宁区,1,f8487a41d061057132870a34
8660,中电光伏宿舍,118.773224,31.915855,南京市江宁区佛城西路与水阁路交叉路口往西北约250米,江苏省,南京市,江宁区,1,4b2b0704986e289ac8c3db1e
8661,科嘉花园,118.79013,31.910862,南京市江宁区诚信大道68号,江苏省,南京市,江宁区,1,55fa2c0b3cad342d1ce99978
8662,香榭岛,118.786743,31.91892,江苏省南京市江宁区经济开发区康后街10号,江苏省,南京市,江宁区,1,15e1e85e005116df5810936a
8663,证大九间堂,118.786758,31.918719,江苏省南京市江宁区康厚街10号,江苏省,南京市,江宁区,1,c6a0154ce0aec2be81288a26
8664,诚基花园,118.788581,31.913419,江苏省南京市江宁区金智路11号丹佛小镇,江苏省,南京市,江宁区,1,5175f095629ba2b9e5e96530
8665,江南青年城汉楚门,118.789114,31.916317,南京市江宁区秣陵街道江宁开发区佛城西路11号,江苏省,南京市,江宁区,1,ef18cab63d1e1bb5cafa5f65
8666,丹佛soho小公馆,118.788518,31.913989,南京市江宁区金智路11号,江苏省,南京市,江宁区,1,982228653c4520e08bb988de
8667,江南青年城-楚襄园,118.789558,31.915488,江苏省南京市江宁区江南青年城楚襄园,江苏省,南京市,江宁区,1,d991e116593c20551f389478
8668,诚基花园·丹佛小镇-北门,118.788773,31.914232,江苏省南京市江宁区佛城西路诚基花园丹佛小镇北门,江苏省,南京市,江宁区,1,311649481f7f6f0614948e7b
8669,江南骏园,118.794885,31.916357,南京市江宁区佛城西路9号,江苏省,南京市,江宁区,1,be54cde907afd95878f79678
8670,江南青年城,118.793211,31.913784,江苏省南京市江宁区佛城西路11号,江苏省,南京市,江宁区,1,d6c5d991097e53e830169b78
8671,翰海翠庭,118.795758,31.919195,南京市江宁区佛城西路6号,江苏省,南京市,江宁区,1,2ec029ea0a94fe54ad31e54f
8672,天泰青城苑,118.797004,31.919251,江苏省南京市江宁区将军大道62号,江苏省,南京市,江宁区,1,1bf85b25a54a2adaa0a93493
8673,雍福龙庭,118.799289,31.91476,南京市江宁区将军大道129号,江苏省,南京市,江宁区,1,99ee3da23800b671128824c4
8674,将军大道蓝湾,118.796865,31.91943,南京市江宁区将军大道60号,江苏省,南京市,江宁区,1,ce59af630176428c40ab9a26
8675,美丽新世界金德茂花园,118.799712,31.918609,南京市江宁区佛城东路8号,江苏省,南京市,江宁区,1,083a55fac7633b79246e9878
8676,翠屏湾花园城,118.800149,31.91261,南京市江宁区将军大道129号,江苏省,南京市,江宁区,1,e85e25276176485395f08c78
8677,青年公社(佛城西路店),118.796022,31.91765,南京市江宁区开发区佛城西路9-116号,江苏省,南京市,江宁区,1,4cf8d24eb4f43bfd9df77998
8678,河海大学(江宁校区)-11舍,118.790023,31.922182,江苏省南京市江宁区佛城西路8号河海大学江宁校区,江苏省,南京市,江宁区,1,6c83680e63e0ab25465726f0
8679,复地·朗香别墅,118.780684,31.91864,江苏省南京市江宁区佛城西路88号,江苏省,南京市,江宁区,1,3a68f9e40a761e2231870a82
8680,雅居乐藏龙御景,118.806458,31.917672,南京市江宁区清水亭西路200号,江苏省,南京市,江宁区,1,58dbb2899689427f4054d787
8681,水韵雨滴苑,118.80372,31.92032,南京市江宁区佛城东路66号,江苏省,南京市,江宁区,1,a8f7e68cc3f116770869d90c
8682,美丽新世界金德茂花园-26号楼,118.799094,31.918459,江苏省南京市江宁区佛城东路8号,江苏省,南京市,江宁区,1,8af2489a26f803b907026fc0
8683,美丽新世界金德茂花园,118.799712,31.918609,南京市江宁区佛城东路8号,江苏省,南京市,江宁区,1,083a55fac7633b79246e9878
8684,美丽新世界金德茂花园,118.799712,31.918609,南京市江宁区佛城东路8号,江苏省,南京市,江宁区,1,083a55fac7633b79246e9878
8685,美丽新世界金德茂花园-30号楼,118.798785,31.917675,江苏省南京市江宁区佛城东路8号,江苏省,南京市,江宁区,1,1dcc71e2f7526224f32d83d1
8686,苏源大厦,118.813428,31.911678,苏源大道58号,江苏省,南京市,江宁区,1,d6c5d991ad2f379531169ba7
8687,江南环保大厦,118.817009,31.913233,江苏省南京市江宁区苏源大道29号,江苏省,南京市,江宁区,1,49f99e5f9dfe85d4c17da243
8688,苏源大厦-北门,118.812276,31.912469,南京市江宁区苏源大道58号,江苏省,南京市,江宁区,1,dff416eb0431a1eab6f42f5a
8689,九龙湖,118.827594,31.922063,地铁3号线,江苏省,南京市,江宁区,1,15c9159ab7b89fe34afd3f85
8690,颐和南园,118.826242,31.917065,江苏省南京市江宁区经济技术开发区九龙湖路1号,江苏省,南京市,江宁区,1,850815e1ad67ace642e192a7
8691,颐和南园颐盛湾,118.824114,31.9144,南京市江宁区经济技术开发区九龙湖路1号,江苏省,南京市,江宁区,1,1fc201713bcf628d0e0e6be9
8694,新城玖珑湖,118.835248,31.910035,江苏省南京市江宁区秣陵街道长亭街55号,江苏省,南京市,江宁区,1,433c960dbc61ae44774ff19f
8695,优尚天地-A座,118.840251,31.914673,南京市江宁区诚信大道990号,江苏省,南京市,江宁区,1,8483164b404f4fbee812e4cd
8696,殷巷新寓1幢,118.837353,31.918265,江苏省南京市江宁区殷华街268号殷巷公寓01幢,江苏省,南京市,江宁区,1,e585c1808e3f1c5880a12eac
8697,新城珑湾花园-二期,118.835092,31.912779,南京市江宁区秣陵街道长亭街53号,江苏省,南京市,江宁区,1,eb0068558431bdd18bb988ef
8698,殷巷新寓1幢,118.837353,31.918265,江苏省南京市江宁区殷华街268号殷巷公寓01幢,江苏省,南京市,江宁区,1,e585c1808e3f1c5880a12eac
8699,颐和南园颐泓湾,118.83074,31.9155,南京市江宁区长亭街西100米,江苏省,南京市,江宁区,1,87e3db94ffa9bbfc96f08c66
8700,金轮星光名座广场-05幢,118.843641,31.914565,南京市江宁区道诚信大道998号,江苏省,南京市,江宁区,1,fa5d6c88968aae72354aaeec
8701,青源雅居,118.844371,31.91646,南京市江宁区诚信大道777号,江苏省,南京市,江宁区,1,ed91d754a5317bdfcf06a4a9
8702,合家春天,118.848584,31.917534,南京市江宁区秣陵街道诚信大道899号,江苏省,南京市,江宁区,1,a90eca11108aab00cbe33c34
8703,UCT优尚天地,118.839776,31.914673,江苏省南京市江宁区诚信大道990号,江苏省,南京市,江宁区,1,7d06653362fed3057bf79615
8704,殷巷新寓,118.841216,31.919759,南京市江宁区铺岗街263号,江苏省,南京市,江宁区,1,9fbfeef22340dc45ede4a578
8705,殷巷新寓,118.841216,31.919759,南京市江宁区铺岗街263号,江苏省,南京市,江宁区,1,9fbfeef22340dc45ede4a578
8706,南京恒大绿洲-南区,118.847566,31.919842,江苏省南京市江宁区诚信大道合家春天恒大绿洲南区,江苏省,南京市,江宁区,1,c7de09d4988a7cf60accddcf
8707,航信大厦(诚信大道),118.844379,31.914533,南京市江宁区诚信大道998号2栋,江苏省,南京市,江宁区,1,49b40054d7fe3a1cad045762
8708,诚信大厦,118.845673,31.916469,南京市江宁区诚信大道885号,江苏省,南京市,江宁区,1,58c1da69971e3cfc4302450b
8709,中冶天城,118.851865,31.918331,江苏省南京市江宁区秣陵街道殷富街375号,江苏省,南京市,江宁区,1,9bc0e52fd2cac4af1576434b
8710,阳光翠堤小区,118.8593,31.918391,南京市江宁区诚信大道雍景园小区南侧约80米,江苏省,南京市,江宁区,1,a8d808f382f9653deb56faad
8711,中冶天城-西2门,118.850651,31.918975,南京市江宁区潭桥商业街10号附近,江苏省,南京市,江宁区,1,3cefd562b8b429d2a8f729b3
8712,横岭新寓,118.868737,31.912455,竹山路,江苏省,南京市,江宁区,1,41e3f1fe08db0d8d31870a2d
8713,恒丰大厦,118.861445,31.91844,南京市江宁区高新技术产业园竹山南路688号罗托鲁拉小镇145号楼,江苏省,南京市,江宁区,1,9f47b43b31904e8904fef5ed
8714,明月天珑湾,118.861382,31.913645,江苏省南京市江宁区竹山南路688号(竹山路与诚信大道交汇处),江苏省,南京市,江宁区,1,83a7bdc96ecff2963fe23122
8715,南京·罗托鲁拉小镇,118.86311,31.914901,南京市江宁区竹山南路688号(竹山路与诚信大道交汇处),江苏省,南京市,江宁区,1,6ed3083ab992c1b72b3a9f78
8717,横岭新寓-东门,118.870792,31.914928,江苏省南京市江宁区横岭新寓(天秣路北),江苏省,南京市,江宁区,1,4b3838b39f2245083310af19
8718,横岭新寓,118.868737,31.912455,竹山路,江苏省,南京市,江宁区,1,41e3f1fe08db0d8d31870a2d
8719,印湖山庄-06幢,118.878026,31.921294,南京市江宁区秣陵街道印湖路39号印湖山庄06幢,江苏省,南京市,江宁区,1,b0c7c2d80ef730119a68b4ee
8720,伴山香槟园,118.896281,31.913553,南京市江宁区大学城格致路9号(江宁体育中心对面),江苏省,南京市,江宁区,1,0a46dc0f3a50fd2030621213
8721,五矿·九玺台,118.892751,31.915564,南京市江宁区科学园弘景大道以南丽泽路599号,江苏省,南京市,江宁区,1,09f007cef11525a0128824af
8723,Waiting台球吧(比夫会员店),118.907298,31.919087,江苏省南京市江宁区格致路99号文鼎广场负1层,江苏省,南京市,江宁区,1,5433629304ae082876e5b6bd
8724,鲁能泰山七号院,118.898383,31.911923,江苏省南京市江宁区格致西路1号,江苏省,南京市,江宁区,1,c914fb1cec01e62809b93a3e
8725,弘景·雅墅,118.895751,31.915953,江宁区科学园弘景大道2888号,江苏省,南京市,江宁区,1,b1c556e8669b6272b52655b9
8726,文鼎大厦,118.90654,31.919348,南京市江宁区格致路99号文鼎广场八栋F1层,江苏省,南京市,江宁区,1,58757e153981eb183c9a5e9f
8727,天御溪岸花园,118.911953,31.916587,江苏省南京市江宁区龙眠大道688号(地铁1号南延线南京交院站西面),江苏省,南京市,江宁区,1,d05c45b5ea975a4db020a85d
8728,水岸风华,118.908387,31.920102,南京市江宁区秣陵街道龙眠大道618号,江苏省,南京市,江宁区,1,70b22d8cb5b3928d25d2bb2f
8729,龙庭水岸家园2期,118.910568,31.910445,南京市江宁区文齐路与知行路交叉路口往东北约110米,江苏省,南京市,江宁区,1,98dedf0ebb166832e0110306
8730,金陵科技学院-学生一宿舍,118.905929,31.913732,南京市江宁区金陵北路金陵科技学院(江宁校区),江苏省,南京市,江宁区,1,b0f0993030e62567f50e7734
8731,金陵科技学院宿舍北区07幢学生宿舍,118.908271,31.911474,南京市江宁区金陵东路金陵科技学院(江宁校区),江苏省,南京市,江宁区,1,940ff0552bc2a8ba97ca0744
8732,金陵科技学院-教职工宿舍,118.908062,31.91133,弘景大道99号,江苏省,南京市,江宁区,1,111057a32a4a2cd56d20b917
8733,天御溪岸花园,118.911953,31.916587,江苏省南京市江宁区龙眠大道688号(地铁1号南延线南京交院站西面),江苏省,南京市,江宁区,1,d05c45b5ea975a4db020a85d
8734,文鼎广场-东门,118.906087,31.920792,南京市江宁区格致路99号,江苏省,南京市,江宁区,1,890736e45267c08654bfffa2
8735,文鼎雅苑,118.918684,31.915326,南京市江宁区秣陵街道玉树路88号(公交车站),江苏省,南京市,江宁区,1,fa5a06081821946a1b11d5ac
8736,宜家国际公寓,118.916016,31.913358,南京市江宁区文博路1号(江宁大学城地铁南京交院站往南300米),江苏省,南京市,江宁区,1,9cc78b94df8f2e34d2f49e4c
8737,天正·天御溪岸,118.911953,31.916587,江苏省南京市江宁区龙眠大道688号(地铁1号南延线南京交院站西面),江苏省,南京市,江宁区,1,d05c45b5ea975a4db020a85d
8738,文博苑,118.917699,31.91075,秣陵街道文博路2号,江苏省,南京市,江宁区,1,c33c35333eff5f292efaa7a9
8739,万裕龍底水岸家园小区,118.912429,31.914287,江苏省南京市江宁区龙眠大道668号,江苏省,南京市,江宁区,1,223395165c2dc02814c8f643
8740,龙庭水岸家园2期,118.910568,31.910445,南京市江宁区文齐路与知行路交叉路口往东北约110米,江苏省,南京市,江宁区,1,98dedf0ebb166832e0110306
8742,王墅村,118.921972,31.915485,南京市江宁区玉树路,江苏省,南京市,江宁区,1,407808dcec1ae4623617dc6f
8743,晓庄学院学生公寓-2幢,118.910029,31.901518,江苏省南京市江宁区弘景大道3601号南京晓庄学院方山校区内,江苏省,南京市,江宁区,1,4835a7206689f0350c0e6b4a
8744,天御溪岸花园,118.911953,31.916587,江苏省南京市江宁区龙眠大道688号(地铁1号南延线南京交院站西面),江苏省,南京市,江宁区,1,d05c45b5ea975a4db020a85d
8745,文鼎雅苑,118.918684,31.915326,南京市江宁区秣陵街道玉树路88号(公交车站),江苏省,南京市,江宁区,1,fa5a06081821946a1b11d5ac
8746,中国药科大学(江宁校区)-文德苑,118.928231,31.910681,南京市江宁区龙眠大道639号中国药科大学江宁校区,江苏省,南京市,江宁区,1,855ed4df6bc4577b28201a09
8747,南京交通职业技术学院学生公寓-A座,118.923522,31.917035,南京市江宁区龙眠大道629号,江苏省,南京市,江宁区,1,3e9af7953c992108f82d6104
8748,南京交通职业技术学院学生公寓-H座,118.921779,31.920322,南京市江宁区龙眠大道629号,江苏省,南京市,江宁区,1,4e3609281642fda1f8f0cb17
8749,南京交通职业技术学院学生公寓-I座,118.921148,31.919632,南京市江宁区龙眠大道629号,江苏省,南京市,江宁区,1,4be5997ee08947c24bcc4a0c
8750,南京交通职业技术学院学生公寓-E座,118.923527,31.918614,南京市江宁区龙眠大道629号,江苏省,南京市,江宁区,1,17d0b418c3c5f1075ed4fe0d
8751,南京交通职业技术学院学生公寓B座-西门,118.923487,31.91788,江苏省南京市江宁区和思源路思源堂南楼附近,江苏省,南京市,江宁区,1,463d2603330d6b089868b4cc
8752,南京交通职业技术学院学生公寓C座-西栋,118.922265,31.917334,南京市江宁区思源路南京交通职业技术学院,江苏省,南京市,江宁区,1,7725b38bd96441c66d20b913
8753,南京交通职业技术学院学生公寓-F座,118.92312,31.919609,南京市江宁区龙眠大道629号,江苏省,南京市,江宁区,1,5b126b0561f6714c461a325e
8754,南京交通职业技术学院学生公寓-D座,118.922111,31.917118,南京市江宁区龙眠大道629号,江苏省,南京市,江宁区,1,0588e885c6c60b1a2ce67b46
8755,双岗社区,118.94634,31.919666,江苏省南京市江宁区山田路1号,江苏省,南京市,江宁区,1,024b1ec2c6dd1ebd9fec2b45
8756,文化大楼,118.63506,31.905037,南京市雨花台区一号路梅山宾馆北侧约140米,江苏省,南京市,雨花台区,1,d8de8a7b25532394dbeced0c
8757,上海梅山钢铁股份有限公司办公楼,118.634171,31.905808,南京市雨花台区二号路与一号路交叉路口往东北约90米,江苏省,南京市,雨花台区,1,ecf89e1b25d79207b15c6a5b
8758,永安花苑,118.635065,31.900124,南京市雨花台区雄风路518号,江苏省,南京市,雨花台区,1,4fc3161a3ceb83d43b13fda7
8759,梅苑新村(一号路),118.636753,31.902383,南京市雨花台区雄风路488号,江苏省,南京市,雨花台区,1,d7fd2ad382ab25540bccdd78
8760,汪海大厦,118.636807,31.903411,江苏省南京市雨花台区板桥街道雄风路486号,江苏省,南京市,雨花台区,1,3504414c80a2fec8631809be
8761,梅山灯光球场小区,118.634415,31.90723,南京市雨花台区梅康路与文化路交叉路口西北侧,江苏省,南京市,雨花台区,1,2a851d1d402eb17f27d2bb53
8762,梅山中学新村小区,118.636964,31.909549,江苏省南京市雨花台区梅山中学新村,江苏省,南京市,雨花台区,1,daa597b2c1411b3ac51b758c
8763,英华园,118.631795,31.903655,江苏省南京市雨花台区英华园(二号路南60米),江苏省,南京市,雨花台区,1,f4460918d93e006ab11e3678
8764,新建雅苑,118.638572,31.903809,江苏省南京市雨花台区雄风路486号,江苏省,南京市,雨花台区,1,649506e00300ca1e46e27493
8765,风华园-2号楼,118.634822,31.908213,江苏省南京市雨花台区中兴路风华园(梅山中学新村小区西南),江苏省,南京市,雨花台区,1,db451f58ba10e1ca9ff7793e
8766,新建雅苑-南区,118.639244,31.902853,南京市雨花台区振翔路新建雅苑南侧,江苏省,南京市,雨花台区,1,bb3df79d6f87e7f22e473363
8767,永安花苑,118.635065,31.900124,南京市雨花台区雄风路518号,江苏省,南京市,雨花台区,1,4fc3161a3ceb83d43b13fda7
8768,梅怡新村小区,118.631868,31.903678,南京市雨花台区梅山街道梅山生活区,江苏省,南京市,雨花台区,1,6492c0bacbc9bb4ea80dd818
8769,上怡新村-南区,118.640016,31.909038,南京市雨花台区怡园路上怡新村,江苏省,南京市,雨花台区,1,606ab0d0ff9a1b2a0e3dda78
8770,新建公寓,118.648763,31.905585,辅机路178号,江苏省,南京市,雨花台区,1,6fddd7fd85bbc17f3517dc78
8771,新建一村,118.647021,31.905809,雨花台区辅机路180,江苏省,南京市,雨花台区,1,46e86fdd6795c76fd13ce378
8772,梅清苑-1号门,118.643826,31.906898,江苏省南京市雨花台区梅山街道新建村绿洲路梅清苑一号门,江苏省,南京市,雨花台区,1,2c8221b1ed8640513be4a689
8773,上怡南苑,118.643892,31.905694,江苏省南京市雨花台区古雄大道,江苏省,南京市,雨花台区,1,0ed20a15f7d528ea56bfffa7
8774,上怡二村,118.644431,31.90761,江苏省南京市雨花台区古雄大道,江苏省,南京市,雨花台区,1,0a15c7ec8e122381ec74f8a7
8775,上怡新村,118.641504,31.910004,江苏省南京市雨花台区梅山中学新村,江苏省,南京市,雨花台区,1,1fffdcf80e514f2a465726b7
8776,绿洲南苑,118.646399,31.902556,江苏省南京市雨花台区辅机路182号,江苏省,南京市,雨花台区,1,90c1e970839f8eb80e3ddab5
8777,梅秀苑,118.645605,31.907406,健康路梅秀苑,江苏省,南京市,雨花台区,1,2ad32cc365801b8f9d95de78
8778,梅华苑,118.646035,31.9092,江苏省南京市雨花台区古雄大道梅华苑(新林芳庭南100米),江苏省,南京市,雨花台区,1,56f2f69654aada800aa8d478
8779,新建二村-西门,118.642797,31.903998,南京市雨花台区辅机路182号,江苏省,南京市,雨花台区,1,4b01569ca08b3d9b96f08c79
8780,新建二村-西门,118.642797,31.903998,南京市雨花台区辅机路182号,江苏省,南京市,雨花台区,1,4b01569ca08b3d9b96f08c79
8781,建绿新苑,118.643362,31.902658,江苏省南京市雨花台区辅机路181号,江苏省,南京市,雨花台区,1,0f71de8232fe9a2715c905c0
8782,绿州南路经济适用房,118.644021,31.905058,江苏省南京市雨花台区永安绿洲南路以南(梅钢集资建房以东、板桥大道以西),江苏省,南京市,雨花台区,1,f02054ff5fde943d96ca0704
8783,梅盛苑(康健路),118.647957,31.907487,梅胜苑小区(孙虞村路北100米),江苏省,南京市,雨花台区,1,c8e8f633cb025d6cab0dd878
8784,朗诗·绿色街区-西园,118.655802,31.910714,南京市雨花台区新亭大街66号,江苏省,南京市,雨花台区,1,3a650ab5a8a683a5c4f50d7a
8785,朗诗·绿色街区-东园,118.658836,31.909021,南京市雨花台区新亭大街66号,江苏省,南京市,雨花台区,1,f7f973ca79b08aeb2b201a23
8786,朗诗·绿色街区东区,118.658836,31.909021,南京市雨花台区新亭大街66号,江苏省,南京市,雨花台区,1,f7f973ca79b08aeb2b201a23
8787,绿洲新村,118.652997,31.907756,南京市雨花台区绿洲路1号,江苏省,南京市,雨花台区,1,f696f3c291541aeb1b11d578
8788,小盛店-12号楼,118.656882,31.902256,梅村路西200米,江苏省,南京市,雨花台区,1,82cf9f75420ac266c8fa5f89
8789,金地自在城-七期,118.666846,31.908339,江苏省南京市雨花台区板桥新城新湖大道,江苏省,南京市,雨花台区,1,9a11960bb67344fe3a04b12b
8790,金地自在城-5期,118.66802,31.910241,江苏省南京市雨花台区新湖大道金地自在城第五街区,江苏省,南京市,雨花台区,1,fd41df8082737044343a71cc
8791,金地·艺境,118.667958,31.910332,江苏省南京市雨花台区新湖大道金地自在城第五街区,江苏省,南京市,雨花台区,1,43107371f396e1d5c1f1cf27
8792,金地自在城-八期,118.670154,31.906995,江苏省南京市雨花台区湖景路与石板路交叉口北200米,江苏省,南京市,雨花台区,1,1db4cde82a747abc223bf26c
8793,板桥新城,118.66807,31.910233,南京市雨花台区新亭大街69-37号,江苏省,南京市,雨花台区,1,8b123801165626180582c268
8794,金地自在城,118.669541,31.91267,南京市雨花台区新湖大道与莲花湖东街交叉路口往东北约100米,江苏省,南京市,雨花台区,1,e8356c5cfa438a23a6c756ee
8795,金地自在城-六期,118.671138,31.908907,江苏省南京市雨花台区板桥新城大方路金地自在城第六街区,江苏省,南京市,雨花台区,1,cfc9d128bf7ad1aed718b75f
8796,金地自在城第六街区(东门),118.672672,31.908826,江苏省南京市雨花台区板桥新城板东路金地自在城八期北门,江苏省,南京市,雨花台区,1,1205b9409bb8c470a80dd889
8797,箭塘社区,118.726233,31.900029,江苏省南京市江宁区X206(牛首大道),江苏省,南京市,江宁区,1,bbb102caba37e9a5b817e78c
8798,南瑞大厦,118.784605,31.908036,南京市江宁区秣陵街道诚信大道19号国网电力科学研究院,江苏省,南京市,江宁区,1,fb8d619e5539a0b24c776e7d
8799,金智科技园,118.795811,31.906524,南京市江宁区江宁经济技术开发区将军大道100号,江苏省,南京市,江宁区,1,56e88cba6ec1a465a4c75673
8800,苏源南园,118.816615,31.908313,苏源大道与诚信大道交接处,江苏省,南京市,江宁区,1,73ab40650b04d4ad8f772786
8801,马自达生活区,118.815548,31.901813,南京市江宁区苏源大道长安马自达汽车有限公司,江苏省,南京市,江宁区,1,92d5e269c6107ed3b9df8f31
8802,融园,118.822836,31.902263,江苏省南京市江宁区兰台街58号,江苏省,南京市,江宁区,1,da5fed81ccee92b294031931
8803,康博花园-康雅苑,118.828886,31.904146,南京市江宁区文心街28号,江苏省,南京市,江宁区,1,2563448c48b9b0d62b11d17c
8804,康博花园-亲情公寓,118.833723,31.905442,南京市江宁区秣陵街道文心街28号,江苏省,南京市,江宁区,1,c276264b57cbdd9fbadf8fc7
8805,保利中央公园,118.835877,31.907344,南京市江宁区秣陵街道长亭街59号,江苏省,南京市,江宁区,1,0fa1aa68abc3281a2fe67b0f
8806,兰台花园-西区,118.834366,31.906852,双龙大道兰台花园西区,江苏省,南京市,江宁区,1,2375e1eba19b58173310af79
8807,中粮·彩云居,118.835879,31.902343,南京市江宁区吉印大道2009号(同仁医院旁),江苏省,南京市,江宁区,1,15a938105c07e4c314c8f61d
8808,康博花园,118.831491,31.904197,南京市江宁区秣陵街道文心街28号,江苏省,南京市,江宁区,1,b5d252dc1c68217df503b8d4
8809,康桥水岸,118.831526,31.903993,南京市江宁区文心街28号,江苏省,南京市,江宁区,1,d0b1932acb81582cc2f1cf5c
8810,龙湖文馨苑,118.830418,31.906997,江苏省南京市江宁经济开发区兰台街99号,江苏省,南京市,江宁区,1,64a76644bea3f4be8e7727f7
8811,新城珑湾花园-一期,118.835056,31.91011,南京市江宁区长亭街55号,江苏省,南京市,江宁区,1,196232991894ebf2ae045747
8812,德茂大厦,118.843835,31.906373,江苏省南京市江宁区铺岗街381号,江苏省,南京市,江宁区,1,cb6b76159cd0718a8bdb73d0
8813,红星花园,118.845222,31.907145,南京市江宁区红星花园松岗街道,江苏省,南京市,江宁区,1,d2c80a4f4047e349a2d230d3
8814,加州城,118.898688,31.906822,南京市江宁区弘景大道3888号(西靠方山东临弘景大道),江苏省,南京市,江宁区,1,16bdada19092f5994e554786
8815,景枫·你山,118.900184,31.900862,南京市江宁区科学园弘景大道3888号,江苏省,南京市,江宁区,1,2e14667ebf3b718b931fc97a
8816,加州城4期,118.900044,31.900829,南京市江宁区科学园弘景大道3888号,江苏省,南京市,江宁区,1,ebef4974aa1b97a493114c19
8817,南京金陵科技学院学生公寓楼1幢,118.909971,31.907481,南京市江宁区南苑路金陵科技学院(江宁校区),江苏省,南京市,江宁区,1,29dba9fd27ad573b72210b2b
8818,景枫法兰谷,118.902254,31.904622,江苏省南京市江宁区弘景大道3888号,江苏省,南京市,江宁区,1,d99d01b48c87cb9d220220b7
8819,金陵科技学院宿舍-10幢,118.909093,31.90717,南京市江宁区金陵南路金陵科技学院(江宁校区),江苏省,南京市,江宁区,1,907f27fd9fecc7602fb96d63
8820,金陵科技学院宿舍-01幢,118.910285,31.907671,南京市江宁区南苑路金陵科技学院(江宁校区),江苏省,南京市,江宁区,1,042552e36f4cb19c70210b55
8821,金陵科技学院宿舍-09幢,118.909634,31.906425,南京市江宁区南苑路金陵科技学院(江宁校区),江苏省,南京市,江宁区,1,e2cde2d45904199fee74f87d
8822,金陵科技学院宿舍-09幢,118.909634,31.906425,南京市江宁区南苑路金陵科技学院(江宁校区),江苏省,南京市,江宁区,1,e2cde2d45904199fee74f87d
8823,金陵科技学院宿舍-07幢,118.909176,31.905025,南京市江宁区南苑路金陵科技学院南门东北侧约70米,江苏省,南京市,江宁区,1,db1e686459a28be722022012
8824,金陵科技学院宿舍-09幢,118.909634,31.906425,南京市江宁区南苑路金陵科技学院(江宁校区),江苏省,南京市,江宁区,1,e2cde2d45904199fee74f87d
8825,南京晓庄学院方山校区F区学生公寓,118.90948,31.903622,南京市江宁区弘景大道99号南区,江苏省,南京市,江宁区,1,79cee72d4285dd7b5fd4fea6
8826,晓庄学院树惠苑学生宿舍-15幢,118.910032,31.900634,南京市江宁区行知大道南京晓庄学院,江苏省,南京市,江宁区,1,d294209da7bd45793fe23133
8827,南京晓庄学院滋兰苑学生公寓,118.909858,31.901824,南京市江宁区宝善路南京晓庄学院,江苏省,南京市,江宁区,1,bfb977edf8aff1f7940319ad
8828,加州城,118.898688,31.906822,南京市江宁区弘景大道3888号(西靠方山东临弘景大道),江苏省,南京市,江宁区,1,16bdada19092f5994e554786
8829,晓庄学院学生公寓-6幢,118.909825,31.90231,江苏省南京市江宁区弘景大道3601号南京晓庄学院方山校区内,江苏省,南京市,江宁区,1,02c2d2b419e14141f4e73b84
8830,金陵科技学院学生宿舍-2幢,118.910371,31.906894,南京市江宁区南苑路金陵科技学院(江宁校区),江苏省,南京市,江宁区,1,b4b25b2516f644c3704b876c
8831,晓庄学院树惠苑学生宿舍-5幢,118.909597,31.902592,南京市江宁区宝善路南京晓庄学院,江苏省,南京市,江宁区,1,8f32cbaf4974d76df4eafc70
8832,晓庄学院学生公寓-2幢,118.910029,31.901518,江苏省南京市江宁区弘景大道3601号南京晓庄学院方山校区内,江苏省,南京市,江宁区,1,4835a7206689f0350c0e6b4a
8833,南京金陵科技学院学生公寓楼-1幢,118.909971,31.907481,南京市江宁区南苑路金陵科技学院(江宁校区),江苏省,南京市,江宁区,1,29dba9fd27ad573b72210b2b
8834,紫金1号软通楼,118.914671,31.905606,南京市江宁区芝兰路南京生命科技小镇南区1期,江苏省,南京市,江宁区,1,0fcde47087fed32fe81e9740
8835,紫金1号软通楼,118.914671,31.905606,南京市江宁区芝兰路南京生命科技小镇南区1期,江苏省,南京市,江宁区,1,0fcde47087fed32fe81e9740
8836,紫金3号斯泰潘楼,118.916437,31.904645,江苏省南京市江宁区紫金3号斯泰潘楼(中国药科大学地铁站西),江苏省,南京市,江宁区,1,07b65cb6c676528708f5eb4c
8837,紫金5号泰融孵化楼,118.91537,31.905619,南京市江宁区淳化街道芝兰路18号紫金方山科创园5号,江苏省,南京市,江宁区,1,27d6e29e57dc751385420e71
8838,南京生命科技小镇6号公共技术平台-东北门,118.915975,31.905433,南京市江宁区淳化街道芝兰路18号紫金方山科技创业特别社区6号紫金6号公共技术平台附近,江苏省,南京市,江宁区,1,f32cdaa1bfab037788fc0620
8839,水岸家园三期,118.911128,31.909159,南京市江宁区龙眠大道668号,江苏省,南京市,江宁区,1,7e1d7947ddbc9eaac9c3db48
8840,紫金方山二期-5号楼,118.914485,31.907963,江苏省南京市江宁区文芳路,江苏省,南京市,江宁区,1,add9b68e71e32178306212a6
8841,津桥华府,118.918888,31.903743,江苏省南京市江宁区修文路3号,江苏省,南京市,江宁区,1,572bed3547410e1e6949f330
8842,龙庭水岸家园2期,118.910568,31.910445,南京市江宁区文齐路与知行路交叉路口往东北约110米,江苏省,南京市,江宁区,1,98dedf0ebb166832e0110306
8843,金陵科技学院宿舍02幢,118.910371,31.906894,南京市江宁区南苑路金陵科技学院(江宁校区),江苏省,南京市,江宁区,1,b4b25b2516f644c3704b876c
8844,南京金陵科技学院学生宿舍-3幢,118.910573,31.906166,南京市江宁区南苑路金陵科技学院(江宁校区),江苏省,南京市,江宁区,1,9ed4ac24b8e9b07bb45f1e0d
8845,金陵科技学院宿舍-4幢,118.911195,31.905644,南京市江宁区知行路金陵科技学院(江宁校区),江苏省,南京市,江宁区,1,e893375cf81b97f1b75f1ebd
8846,金陵科技学院宿舍-05幢,118.910261,31.905271,江苏省南京市江宁区弘景大道99号内,江苏省,南京市,江宁区,1,34e8a8b0c1cca9880ab93a0b
8847,高家边,118.927216,31.900931,南京市江宁区,江苏省,南京市,江宁区,1,e3a7fd13ec71f35228b97c1d
8848,高家边,118.927216,31.900931,南京市江宁区,江苏省,南京市,江宁区,1,e3a7fd13ec71f35228b97c1d
8849,中国药科大学(江宁校区)-文萃苑,118.926227,31.905791,江苏省南京市江宁区龙眠大道639号中国药科大学江宁校区,江苏省,南京市,江宁区,1,4080b8b1ee7e04b0e3110326
8850,中国药科大学江宁校区G组团-1栋,118.92884,31.90936,南京市江宁区龙眠大道639号中国药科大学江宁校区,江苏省,南京市,江宁区,1,eddf50817b690eb49b68b49b
8851,中国药科大学文翠苑,118.926227,31.905791,江苏省南京市江宁区龙眠大道639号中国药科大学江宁校区,江苏省,南京市,江宁区,1,4080b8b1ee7e04b0e3110326
8852,中国药科大学(江宁校区)-文澜苑(D组团),118.925371,31.904574,江苏省南京市江宁区淳化街道江宁大学城龙眠大道639号,江苏省,南京市,江宁区,1,7d90cd54c486e0f0cf06a4db
8853,中国药科大学(江宁校区)-文菁苑,118.924454,31.904949,江苏省南京市江宁区淳化街道江宁大学城龙眠大道639号B组团,江苏省,南京市,江宁区,1,076755127418be0977026953
8854,中国药科大学(江宁校区)-文轩苑,118.925901,31.905921,南京市江宁区淳化街道龙眠大道639号中国药科大学江宁校区中国药科大学江宁校区,江苏省,南京市,江宁区,1,d00a6ea5b95be62a246e9892
8855,中国药科大学(江宁校区)-文昌苑F组团,118.927897,31.908591,南京市江宁区龙眠大道639号,江苏省,南京市,江宁区,1,cd5f5693a6d0ede925e0a0bb
8856,中国药科大学江宁校区文思苑,118.928436,31.910066,南京市江宁区龙眠大道639号中国药科大学江宁校区,江苏省,南京市,江宁区,1,a0ee6272a3c6c6f11de999ac
8857,中国药科大学(江宁校区)-文枢苑,118.926938,31.908875,南京市江宁区福英路中国药科大学(江宁校区),江苏省,南京市,江宁区,1,2aed4bc65ad87bff2a02e151
8858,淳化咸田社区,118.952182,31.907886,南京市江宁区淳湖路与田园一路交叉路口往南约140米,江苏省,南京市,江宁区,1,1738f21583fa7632cc04ef6f
8859,河北社区,118.997783,31.901292,江苏省南京市江宁区湖熟街道河北社区(洪林路东),江苏省,南京市,江宁区,1,41b4053b4b4bd02e5fd4feea
8860,瑞安翠湖山,118.723875,31.891067,南京市江宁区牛首大道121号,江苏省,南京市,江宁区,1,7b5ac2c0197675b86fc02cb5
8861,禾浩大厦,118.774528,31.899837,江苏省南京市江宁区水长街8号,江苏省,南京市,江宁区,1,42d051b23620d2b4c17da27e
8862,华宝宿舍A区,118.787307,31.89384,江苏省南京市江宁区长盛街8号,江苏省,南京市,江宁区,1,9b0e9cfc865796c25b109383
8863,南京华宝B区宿舍,118.794127,31.88994,南京市江宁区水长街29号,江苏省,南京市,江宁区,1,df1ce8693f625c22128824d2
8864,东南大学九龙湖校区-橘园7舍,118.818951,31.890844,南京市江宁区东南大学路2号,江苏省,南京市,江宁区,1,586ae0f65a6ae8c43904b134
8865,东南大学九龙湖校区-青教公寓1,118.82816,31.897782,江苏省南京市江宁区秣陵街道东南大学路2号,江苏省,南京市,江宁区,1,dc3b6978612987f59122e079
8866,东南大学九龙湖校区桃园6B,118.833758,31.897696,南京市江宁区苏源大道79号东南大学九龙湖校区,江苏省,南京市,江宁区,1,b6d04afb43faaa64744ff161
8867,东南大学九龙湖校区桃园1C,118.834416,31.894965,南京市江宁区苏源大道79号东南大学九龙湖校区,江苏省,南京市,江宁区,1,093a528528c0f8ddb7265508
8868,东南大学九龙湖校区桃园1A,118.833749,31.894927,南京市江宁区苏源大道79号东南大学九龙湖校区,江苏省,南京市,江宁区,1,ef3a4ada9376d82f3804b146
8869,东南大学(九龙湖校区)桃园生活区-3B幢,118.833776,31.895875,南京市江宁区,江苏省,南京市,江宁区,1,ed471a5c2d212103b34c4901
8870,东南大学九龙湖校区桃园1舍-2舍,118.834019,31.89553,南京市江宁区苏源大道79号东南大学九龙湖校区内,江苏省,南京市,江宁区,1,8a48ffb6e97a4d9958f6be91
8871,东南大学九龙湖校区桃园1A,118.833749,31.894927,南京市江宁区苏源大道79号东南大学九龙湖校区,江苏省,南京市,江宁区,1,ef3a4ada9376d82f3804b146
8872,东南大学九龙湖校区桃园6B,118.833758,31.897696,南京市江宁区苏源大道79号东南大学九龙湖校区,江苏省,南京市,江宁区,1,b6d04afb43faaa64744ff161
8873,东南大学九龙湖校区桃园2B,118.833614,31.895272,南京市江宁区苏源大道79号东南大学九龙湖校区,江苏省,南京市,江宁区,1,fd98bd8456d7e56f0af5ebef
8874,东南大学九龙湖校区桃园1B,118.833694,31.894642,南京市江宁区东南大学路2号东南大学九龙湖校区,江苏省,南京市,江宁区,1,77f4d6dfb8d0906eb320a82d
8875,东南大学九龙湖校区桃园3舍-4舍,118.834019,31.895879,南京市江宁区苏源大道79号东南大学九龙湖校区内,江苏省,南京市,江宁区,1,77da9fad4f7e3fc22a02e19b
8876,东南大学九龙湖校区桃园4C,118.834293,31.89672,江苏省南京市江宁区东南大学桃园生活区4C幢,江苏省,南京市,江宁区,1,b67b1ee2b572ac82744ff114
8877,东南大学九龙湖校区桃园6B,118.833758,31.897696,南京市江宁区苏源大道79号东南大学九龙湖校区,江苏省,南京市,江宁区,1,b6d04afb43faaa64744ff161
8878,东南大学九龙湖校区桃园6B,118.833758,31.897696,南京市江宁区苏源大道79号东南大学九龙湖校区,江苏省,南京市,江宁区,1,b6d04afb43faaa64744ff161
8879,东南大学(九龙湖校区)桃园生活区-4A幢,118.833739,31.896687,江苏省南京市江宁区东南大学桃园生活区4A幢,江苏省,南京市,江宁区,1,af1f47f188a9ac4ef82d6152
8880,南京东南大学桃园5B宿舍,118.833827,31.897143,南京市江宁区东南路东南大学(九龙湖校区),江苏省,南京市,江宁区,1,412a1c262d4b4ab740ab9adc
8881,东南大学九龙湖校区桃园5C,118.834395,31.897446,江苏省南京市江宁区东南大学桃园生活区5C幢,江苏省,南京市,江宁区,1,29032a0cc2e4639deee4a5b6
8882,东南大学(九龙湖校区)桃园生活区-5A幢,118.833783,31.897402,江苏省南京市江宁区东南大学桃园生活区5A幢,江苏省,南京市,江宁区,1,0c8d6d698490a36a873304aa
8883,东南大学九龙湖校区桃园6B,118.833758,31.897696,南京市江宁区苏源大道79号东南大学九龙湖校区,江苏省,南京市,江宁区,1,b6d04afb43faaa64744ff161
8884,东南大学九龙湖校区桃园5舍6舍,118.834119,31.897747,南京市江宁区苏源大道79号东南大学九龙湖校区内,江苏省,南京市,江宁区,1,5ecf03eff8931acb6a49f3d8
8885,东南大学九龙湖校区桃园6B,118.833758,31.897696,南京市江宁区苏源大道79号东南大学九龙湖校区,江苏省,南京市,江宁区,1,b6d04afb43faaa64744ff161
8886,东南大学九龙湖校区桃园6B,118.833758,31.897696,南京市江宁区苏源大道79号东南大学九龙湖校区,江苏省,南京市,江宁区,1,b6d04afb43faaa64744ff161
8887,东南大学九龙湖校区-桃园7舍,118.832624,31.897064,南京市江宁区东南大学九龙湖校区内,江苏省,南京市,江宁区,1,2a88eb3776a5ca1ff33cba35
8888,东南大学九龙湖校区桃园6B,118.833758,31.897696,南京市江宁区苏源大道79号东南大学九龙湖校区,江苏省,南京市,江宁区,1,b6d04afb43faaa64744ff161
8889,东南大学九龙湖校区教师公寓,118.833687,31.899203,江苏省南京市江宁区苏源大道79号东南大学九龙湖校区内,江苏省,南京市,江宁区,1,56f74c483ee8973f45e27452
8890,中国传媒大学南广学院-学生公寓5-6,118.897615,31.890788,南京市江宁区玉兰东路南京传媒学院,江苏省,南京市,江宁区,1,068ec344c6018eb9704b874c
8891,中国传媒大学南广学院教师公寓19-21,118.898217,31.892935,南京市江宁区玉兰东路南京传媒学院,江苏省,南京市,江宁区,1,57370ef460604f4831f71d99
8892,中国传媒大学南广学院教师公寓19-21,118.898217,31.892935,南京市江宁区玉兰东路南京传媒学院,江苏省,南京市,江宁区,1,57370ef460604f4831f71d99
8893,中国传媒大学南广学院-教师公寓3-4,118.898427,31.892029,南京市江宁区玉兰东路南京传媒学院,江苏省,南京市,江宁区,1,d9869e9bdd084c9b1676435f
8894,中国传媒大学南广学院-学生公寓24-25,118.893752,31.891564,南京市江宁区银杏路南京传媒学院,江苏省,南京市,江宁区,1,44f73bf3d43be630a2d23025
8895,中国传媒大学南广学院教师公寓1-2(玉兰东路),118.897855,31.891275,南京市江宁区玉兰东路南京传媒学院,江苏省,南京市,江宁区,1,5d987ae8f034e807c0364416
8896,翰香苑,118.902529,31.893822,江苏省南京市江宁区秣陵街道弘景大道3699号,江苏省,南京市,江宁区,1,f1e95c0a699b7524d4851f84
8897,世茂梦享家,118.903208,31.890646,南京市江宁区方山东麓大学城内(弘景大道南广学院对面),江苏省,南京市,江宁区,1,91c2efea3d863c8d43afe613
8898,陶苑,118.904182,31.892904,南京市江宁区弘景大道齐武路2号,江苏省,南京市,江宁区,1,24430d8431d7ec5496f08c18
8899,华菁水苑,118.905983,31.891601,南京市江宁区秣陵街道文鸿路9号(弘景大道以东、学十一路以南),江苏省,南京市,江宁区,1,ec74fa9fc9decf0814948eea
8900,南京传媒学院学生公寓-3号楼,118.897417,31.88998,中国传媒大学南广学院学生公寓34,江苏省,南京市,江宁区,1,0294413d02868141c9291538
8901,树蕙苑,118.908492,31.898362,江苏省南京市江宁区弘景大道3601号,江苏省,南京市,江宁区,1,a251536f8772e9620482c260
8903,秋实苑学生公寓,118.909183,31.897807,南京市江宁区弘景大道3601号,江苏省,南京市,江宁区,1,7b8976b689231128c4f50d50
8904,南京晓庄学院学生宿舍-29幢,118.908548,31.897,江苏省南京市江宁区弘景大道3601号南京晓庄学院方山校区内,江苏省,南京市,江宁区,1,da81fef849c1cc8e51e5c5bb
8905,南京四金学生公寓翰香苑店,118.901558,31.893499,江苏省南京市江宁区弘景大道3699号翰香苑7-205室(近中国传媒大学南广学院),江苏省,南京市,江宁区,1,648817736f3e1f7fe6e965c7
8906,华菁水苑-二期,118.907579,31.891503,南京市江宁区文鸿路9号,江苏省,南京市,江宁区,1,ae8fcb49e0f7054b3a13fd79
8907,南京晓庄学院学生宿舍-28幢,118.908938,31.896777,江苏省南京市江宁区弘景大道3601号南京晓庄学院方山校区内,江苏省,南京市,江宁区,1,3f8c639b1c76d42df82d6129
8908,晓庄学院树惠苑学生宿舍-15幢,118.910032,31.900634,南京市江宁区行知大道南京晓庄学院,江苏省,南京市,江宁区,1,d294209da7bd45793fe23133
8909,晓庄学院学生宿舍秋实院-24幢,118.909787,31.897364,江苏省南京市江宁区弘景大道3601号南京晓庄学院方山校区内,江苏省,南京市,江宁区,1,48975d1ed2c9a491e115f908
8910,晓庄学院学生宿舍秋实苑-23幢,118.909767,31.897716,江苏省南京市江宁区弘景大道3601号南京晓庄学院方山校区内,江苏省,南京市,江宁区,1,b20d126f0dc6d08aa0acc49e
8911,晓庄学院树惠苑学生宿舍-13幢,118.91011,31.899956,江苏省南京市江宁区弘景大道3601号南京晓庄学院方山校区内,江苏省,南京市,江宁区,1,b15d7dfc2623bd8133169b4d
8912,晓庄学院学生公寓楼-9幢,118.911359,31.900347,江苏省南京市江宁区弘景大道3601号南京晓庄学院方山校区内,江苏省,南京市,江宁区,1,15499adfbff6bab8fb2d613d
8913,保利·梧桐语,118.917419,31.900072,江苏省南京市江宁区秣陵街道修文路9号,江苏省,南京市,江宁区,1,046590c3410bd8ae2efaa710
8914,保利·梧桐语,118.917419,31.900072,江苏省南京市江宁区秣陵街道修文路9号,江苏省,南京市,江宁区,1,046590c3410bd8ae2efaa710
8915,春华苑学生公寓,118.910704,31.898145,江苏省南京市江宁区淳化街道弘景大道3601号南京晓庄学院方山校区东门,江苏省,南京市,江宁区,1,a5288b3a6def6e0040024549
8916,春华苑学生公寓,118.910704,31.898145,江苏省南京市江宁区淳化街道弘景大道3601号南京晓庄学院方山校区东门,江苏省,南京市,江宁区,1,a5288b3a6def6e0040024549
8917,南京晓庄学院(方山校区)E区-学生公寓,118.912353,31.900015,江苏省南京市江宁区弘景大道3601号,江苏省,南京市,江宁区,1,d3d4c07d8db7d80c2cb17efd
8918,南京晓庄学院树蕙苑学生公寓,118.910388,31.900372,南京市江宁区淳化街道弘景大道3601号,江苏省,南京市,江宁区,1,f589458db225376638221c83
8919,晓庄学院学生宿舍-22幢,118.911177,31.898161,江苏省南京市江宁区弘景大道3601号南京晓庄学院方山校区内,江苏省,南京市,江宁区,1,18f2631be099e869b05c6aac
8920,晓庄学院春华苑学生宿舍-11幢,118.911235,31.89968,江苏省南京市江宁区弘景大道3601号南京晓庄学院(方山校区),江苏省,南京市,江宁区,1,52cd5c08742561bb5fd4fe64
8921,晓庄学院春华苑学生宿舍-11幢,118.911235,31.89968,江苏省南京市江宁区弘景大道3601号南京晓庄学院(方山校区),江苏省,南京市,江宁区,1,52cd5c08742561bb5fd4fe64
8922,晓庄学院春华苑学生宿舍-11幢,118.911235,31.89968,江苏省南京市江宁区弘景大道3601号南京晓庄学院(方山校区),江苏省,南京市,江宁区,1,52cd5c08742561bb5fd4fe64
8923,晓庄学院春华苑学生宿舍-11幢,118.911235,31.89968,江苏省南京市江宁区弘景大道3601号南京晓庄学院(方山校区),江苏省,南京市,江宁区,1,52cd5c08742561bb5fd4fe64
8924,竹园小区,118.960868,31.895003,江苏省南京市江宁区X202(瑞泽路),江苏省,南京市,江宁区,1,da97a6af5fe58eaae115f99b
8925,南京碧桂园,118.704574,31.888005,南京市江宁区谷里街道庆兴路8号,江苏省,南京市,江宁区,1,a03a1b4b566f33de42d63e03
8926,九岛梦都城,118.712961,31.887655,南京市江宁区庆兴路8号,江苏省,南京市,江宁区,1,15e1e85e8e989cdc581093dc
8927,中港大厦(庆兴路),118.712093,31.884693,江苏省南京市江宁区庆兴路1号,江苏省,南京市,江宁区,1,31a3b455f0c0b13197f08c71
8928,晨光新区,118.776158,31.890021,丹阳大道与康平街交叉口南150米,江苏省,南京市,江宁区,1,51174532335a78875b109324
8929,南京华宝B区宿舍,118.794127,31.88994,南京市江宁区水长街29号,江苏省,南京市,江宁区,1,df1ce8693f625c22128824d2
8931,九龙湖人才公寓,118.819212,31.881925,南京市江宁区苏源大道70号,江苏省,南京市,江宁区,1,7835d18b27e987875cd4fead
8932,东南大学九龙湖校区-橘园5舍,118.819067,31.890236,南京市江宁区东南大学路2号,江苏省,南京市,江宁区,1,f564591f3a1ea3bd581093fe
8933,东南大学九龙湖校区-橘园1B,118.819948,31.887331,南京市江宁区东南大学路2号,江苏省,南京市,江宁区,1,dab4cebfab25f4580869d9a1
8934,华宝员工宿舍,118.817676,31.883043,南京市江宁区苏源大道68-18号,江苏省,南京市,江宁区,1,df638d2ef47f610efb2213d2
8935,东南大学九龙湖校区橘园生活区,118.82023,31.887688,苏源大道79东南大学九龙湖校区,江苏省,南京市,江宁区,1,ac038bc016e393728936eeb5
8936,东南大学九龙湖校区-橘园3A,118.819639,31.888756,南京市江宁区东南大学路2号,江苏省,南京市,江宁区,1,b9b465cb3920cecc1d5800ce
8937,东南大学九龙湖校区-橘园3A,118.819639,31.888756,南京市江宁区东南大学路2号,江苏省,南京市,江宁区,1,b9b465cb3920cecc1d5800ce
8938,东南大学九龙湖校区-橘园3A,118.819639,31.888756,南京市江宁区东南大学路2号,江苏省,南京市,江宁区,1,b9b465cb3920cecc1d5800ce
8939,东南大学九龙湖校区-橘园1B,118.819948,31.887331,南京市江宁区东南大学路2号,江苏省,南京市,江宁区,1,dab4cebfab25f4580869d9a1
8940,东南大学九龙湖校区-橘园2B,118.819891,31.887831,南京市江宁区东南大学路2号,江苏省,南京市,江宁区,1,e85d7d0dfcf8d09116c905e9
8941,东南大学九龙湖校区-橘园7舍,118.818951,31.890844,南京市江宁区东南大学路2号,江苏省,南京市,江宁区,1,586ae0f65a6ae8c43904b134
8942,东南大学九龙湖校区橘园1舍-3舍,118.819938,31.888547,南京市江宁区苏源大道79号东南大学九龙湖校区内,江苏省,南京市,江宁区,1,03e311421c108a90c9e33cb3
8943,依恋服饰(苏源大道店),118.818541,31.88277,清水西苑B02栋,江苏省,南京市,江宁区,1,6eed76dc4748889d4d2fdf8b
8944,乐陶苑,118.824331,31.883635,南京市江宁区苏源大道南京大学江宁科技园南150米,江苏省,南京市,江宁区,1,6076fe602965a11d88f15d9d
8945,东南大学九龙湖校区橘园3D,118.820388,31.888521,南京市江宁区东南大学路2号,江苏省,南京市,江宁区,1,38e9d86a49471f388733043e
8946,东南大学九龙湖校区-橘园7舍,118.818951,31.890844,南京市江宁区东南大学路2号,江苏省,南京市,江宁区,1,586ae0f65a6ae8c43904b134
8947,东南大学九龙湖校区橘园2C,118.820398,31.888169,南京市江宁区苏源大道79号东南大学九龙湖校区,江苏省,南京市,江宁区,1,4eef46d1e793ac3a17b54b6b
8948,东南大学九龙湖校区橘园2D,118.820559,31.887927,南京市江宁区东南大学路2号,江苏省,南京市,江宁区,1,c987b17a15819150a4c756b6
8949,东南大学九龙湖校区橘园2C,118.820398,31.888169,南京市江宁区苏源大道79号东南大学九龙湖校区,江苏省,南京市,江宁区,1,4eef46d1e793ac3a17b54b6b
8950,东南大学槁园生活区-2C幢,118.820471,31.88817,江苏省南京市江宁区东南大学槁园生活区2C幢,江苏省,南京市,江宁区,1,ca85146ff323024295ca0708
8951,东南大学九龙湖校区橘园2D,118.820559,31.887927,南京市江宁区东南大学路2号,江苏省,南京市,江宁区,1,c987b17a15819150a4c756b6
8952,东南大学九龙湖校区梅园1A,118.832497,31.888036,江苏省南京市江宁区苏源大道79号东南大学九龙湖校区,江苏省,南京市,江宁区,1,8a68b915879130944207c1c0
8953,东南大学九龙湖校区梅园6B,118.833759,31.888322,江苏省南京市江宁区苏源大道79号东南大学九龙湖校区,江苏省,南京市,江宁区,1,867c7513ae8f70a50f0a7038
8954,东南大学九龙湖校区梅园-4C,118.83299,31.889192,江苏省南京市江宁区苏源大道79号东南大学九龙湖校区,江苏省,南京市,江宁区,1,eb38e8b222b982a322022017
8955,东南大学九龙湖校区梅园1D,118.833104,31.887746,江苏省南京市江宁区苏源大道79号东南大学九龙湖校区,江苏省,南京市,江宁区,1,7440c2d9ce0fa5defca778c2
8956,东南大学九龙湖校区梅园7A,118.834413,31.888604,江苏省南京市江宁区苏源大道79号东南大学九龙湖校区,江苏省,南京市,江宁区,1,e05d52a1821aae2e6d20b9ba
8957,东南大学(九龙湖校区)梅园生活区-1C幢,118.833143,31.888028,江苏省南京市江宁区东南大学梅园生活区1C幢,江苏省,南京市,江宁区,1,b32a7385bf1beb754d554727
8958,东南大学九龙湖校区梅园7A,118.834413,31.888604,江苏省南京市江宁区苏源大道79号东南大学九龙湖校区,江苏省,南京市,江宁区,1,e05d52a1821aae2e6d20b9ba
8959,东南大学九龙湖校区梅园5舍-8舍,118.83413,31.889212,南京市江宁区苏源大道79号东南大学九龙湖校区内,江苏省,南京市,江宁区,1,3db4fd0a9613d6b1f7eafc11
8960,东南大学九龙湖校区梅园1A,118.832497,31.888036,江苏省南京市江宁区苏源大道79号东南大学九龙湖校区,江苏省,南京市,江宁区,1,8a68b915879130944207c1c0
8961,东南大学(九龙湖校区)梅园生活区-3A幢,118.833258,31.888465,江苏省南京市江宁区东南大学梅园生活区3A幢,江苏省,南京市,江宁区,1,0db1447308f4ed0ad81318f0
8962,东南大学九龙湖校区梅园1A,118.832497,31.888036,江苏省南京市江宁区苏源大道79号东南大学九龙湖校区,江苏省,南京市,江宁区,1,8a68b915879130944207c1c0
8963,东南大学九龙湖校区梅园8D,118.834407,31.88893,南京市江宁区苏源大道79号东南大学九龙湖校区,江苏省,南京市,江宁区,1,b5e8e7fb50abf88ebbbd6366
8964,东南大学九龙湖校区梅园1A,118.832497,31.888036,江苏省南京市江宁区苏源大道79号东南大学九龙湖校区,江苏省,南京市,江宁区,1,8a68b915879130944207c1c0
8965,东南大学(九龙湖校区)梅园生活区-3A幢,118.833258,31.888465,江苏省南京市江宁区东南大学梅园生活区3A幢,江苏省,南京市,江宁区,1,0db1447308f4ed0ad81318f0
8966,东南大学九龙湖校区梅园1舍-4舍,118.832663,31.88921,南京市江宁区苏源大道79号东南大学九龙湖校区内,江苏省,南京市,江宁区,1,b35543535a0e6a9e9de3211d
8967,东南大学(九龙湖校区)梅园生活区-2A幢,118.832199,31.88857,江苏省南京市江宁区东南大学梅园生活区2A幢,江苏省,南京市,江宁区,1,a68cddd4dd52e363abf0cd0b
8968,东南大学(九龙湖校区)梅园生活区-4D幢,118.833055,31.888926,南京市江宁区苏源大道79号东南大学九龙湖校区,江苏省,南京市,江宁区,1,f198c795bf87e7f58505bf72
8969,东南大学九龙湖校区梅园生活区,118.83263,31.88878,秣陵街道江宁开发区东南大学路2号,江苏省,南京市,江宁区,1,3d21ba35529be54b901fc943
8970,东南大学(九龙湖校区)梅园生活区-4B幢,118.832346,31.888852,南京市江宁区苏源大道79号东南大学九龙湖校区,江苏省,南京市,江宁区,1,15fde13e4a5ed8df3ce231eb
8971,东南大学九龙湖校区梅园9舍,118.83411,31.889589,南京市江宁区苏源大道79号东南大学九龙湖校区内,江苏省,南京市,江宁区,1,f8295434b65f40e0ab0dd872
8972,东南大学(九龙湖校区)梅园生活区-9C幢,118.834437,31.889872,江苏省南京市江宁区东南大学梅园生活区9C幢,江苏省,南京市,江宁区,1,9dc7bdccb07ad1a30289727e
8973,东南大学九龙湖校区梅园9A,118.833784,31.889883,江苏省南京市江宁区东南大学梅园生活区9A幢,江苏省,南京市,江宁区,1,2b690e9ad09feee3f02d8332
8974,武夷名仕园,118.900111,31.887561,江苏省南京市江宁区武夷名仕园(平和路南80米),江苏省,南京市,江宁区,1,c17319dfb03e5f2b1ef74d8d
8975,银城·一方山-北门,118.898891,31.885515,南京市江宁区弘景大道,江苏省,南京市,江宁区,1,fe5a0cf88fcd6ace1ce999a6
8976,山语禧园,118.898224,31.884933,南京市江宁区吉印大道4199号,江苏省,南京市,江宁区,1,3c1c767cb42b9d5228201a64
8977,中国传媒大学南广学院-学生公寓24-25,118.893752,31.891564,南京市江宁区银杏路南京传媒学院,江苏省,南京市,江宁区,1,44f73bf3d43be630a2d23025
8978,中国传媒大学南广学院-学生公寓24-25,118.893752,31.891564,南京市江宁区银杏路南京传媒学院,江苏省,南京市,江宁区,1,44f73bf3d43be630a2d23025
8979,骋望骊都,118.901304,31.889347,江苏省南京市江宁区弘景大道3889号,江苏省,南京市,江宁区,1,3810c8797b71d9f59c09f76f
8980,招商方山里,118.903285,31.886109,江苏省南京市江宁区弘景大道与平和路交汇处东侧,江苏省,南京市,江宁区,1,d7b6562e8d39476f4e776e37
8981,方山里花园,118.903285,31.886109,江苏省南京市江宁区弘景大道与平和路交汇处东侧,江苏省,南京市,江宁区,1,d7b6562e8d39476f4e776e37
8982,金宝湖熟商业广场-综合楼,118.977492,31.88015,南京市江宁区X202金宝湖熟商业广场,江苏省,南京市,江宁区,1,d2473e03cf4bbba74afd3faf
8983,梁台煦府,118.989925,31.88412,南京市江宁区润湖大道398号,江苏省,南京市,江宁区,1,793ad283ec2f46fc601c671b
8984,金城产业配套区,118.981912,31.884419,南京市江宁区湖熟镇盛达路28号,江苏省,南京市,江宁区,1,c3b8a59522a80259ce04efc4
8985,盛江花苑-石榴园,118.607532,31.870364,南京市江宁区润寿北路与澄江路交叉口北150米,江苏省,南京市,江宁区,1,6124c2e4c52f3f56f03cbaf4
8986,盛江花苑(六期),118.607427,31.869516,长兴大街298盛江花苑,江苏省,南京市,江宁区,1,6f4fae84c6a4c4c4aa175abc
8987,司家小苑,118.607156,31.87285,南京市江宁区宁新路80号,江苏省,南京市,江宁区,1,bdaf620f211c7606d2f49e76
8988,府前小区,118.617622,31.870038,南京市江宁区宁桥南路5号,江苏省,南京市,江宁区,1,99fe827ba64b2f1e343a7150
8989,梅府花园小区,118.617166,31.877516,南京市江宁区太康路100号,江苏省,南京市,江宁区,1,cb0c575f684f424816a1902a
8990,柏树社区,118.657578,31.877727,江苏省南京市江宁区Y518(新区路),江苏省,南京市,江宁区,1,a2ee8c88ec48e776fd0eb0eb
8991,庆缘北路小区,118.697373,31.876021,南京市江宁区庆缘北路与兴谷西路交叉路口往南约110米,江苏省,南京市,江宁区,1,bec5b59d78832f07e01103ec
8992,庆缘北路小区,118.697373,31.876021,南京市江宁区庆缘北路与兴谷西路交叉路口往南约110米,江苏省,南京市,江宁区,1,bec5b59d78832f07e01103ec
8993,谷里供销花苑,118.694432,31.87101,南京市江宁区莲花街与金牛街交叉路口西北侧,江苏省,南京市,江宁区,1,eea082067a66b7a9581093cf
8994,谷里复建四期经济适用房,118.696053,31.872567,南京市江宁区庆缘东街谷里初级中学,江苏省,南京市,江宁区,1,b288cf5596c064387bf79626
8995,金牛花苑(庆缘东街),118.701193,31.873256,南京市江宁区庆缘东街1号,江苏省,南京市,江宁区,1,5b25f4468f70b1ea10293578
8996,康居小区-青青家园,118.704514,31.873509,南京市江宁区振容路1号,江苏省,南京市,江宁区,1,fcd8cc8cedbe2e8d28d7ab56
8997,康居园,118.705202,31.875087,江苏省南京市江宁区振容路2号,江苏省,南京市,江宁区,1,1e59e1db69d8b0c44f3a591b
8998,中琅大厦,118.708484,31.873954,南京市江宁区谷里街道邻里大道1号,江苏省,南京市,江宁区,1,8fa14fc325238713f6eafca7
8999,康居小区-青青家园,118.704514,31.873509,南京市江宁区振容路1号,江苏省,南京市,江宁区,1,fcd8cc8cedbe2e8d28d7ab56
9000,东虹花苑北苑,118.780164,31.880075,江苏省南京市江宁区东虹花苑北苑(东阁街西),江苏省,南京市,江宁区,1,22137c57ffeff7824254d7dc
9001,东虹花苑西苑,118.779003,31.87737,南京市江宁区东屏街56号,江苏省,南京市,江宁区,1,b703e96b7a19ff878e1a89a7
9002,东虹花苑东屏苑,118.771798,31.878052,南京市江宁区X002(板汤线)东虹花苑东屏苑,江苏省,南京市,江宁区,1,56da5aa9bc1f9a4f97ec8452
9003,东虹花苑-H区,118.777448,31.873606,南京市江宁区东宁街与西虹街交叉口西北150米,江苏省,南京市,江宁区,1,70cf884400438c7088f15d4f
9004,东善桥供销社福利房,118.78006,31.875478,南京市江宁区东虹街62号,江苏省,南京市,江宁区,1,6d7a0c438112829940ab9a57
9005,东虹花苑,118.78128,31.872896,南京市江宁区东屏街与东虹街交叉口东南方向,江苏省,南京市,江宁区,1,34e48508f78905e2d8d89178
9006,东虹花苑-东苑,118.781186,31.872659,东屏街与东虹街交叉口东南200米,江苏省,南京市,江宁区,1,5e7388b2791132c7ae31e5fb
9007,东虹花苑,118.78128,31.872896,南京市江宁区东屏街与东虹街交叉口东南方向,江苏省,南京市,江宁区,1,34e48508f78905e2d8d89178
9008,东善供销大厦,118.780666,31.87527,南京市江宁区东虹街与东屏街交叉路口西南侧,江苏省,南京市,江宁区,1,a100a9aaf76afe8baaf0cd0d
9009,南京云数网络科技有限公司,118.834143,31.874,江苏省南京市江宁区秣周东路12号悠谷3号楼,江苏省,南京市,江宁区,1,2b87b9136191afb64afd3f30
9010,悠谷1号楼,118.832988,31.874107,南京市江宁区秣周东路12号,江苏省,南京市,江宁区,1,74988936d5245d6db72655e5
9011,悠谷1号楼,118.832988,31.874107,南京市江宁区秣周东路12号,江苏省,南京市,江宁区,1,74988936d5245d6db72655e5
9012,秣周东路12号悠谷-4号楼,118.834931,31.874055,江苏省南京市江宁区秣周东路12号4号楼毅力大厦3楼,江苏省,南京市,江宁区,1,a35bc659a6505182e011037c
9013,悠谷1号楼,118.832988,31.874107,南京市江宁区秣周东路12号,江苏省,南京市,江宁区,1,74988936d5245d6db72655e5
9014,悠谷1号楼,118.832988,31.874107,南京市江宁区秣周东路12号,江苏省,南京市,江宁区,1,74988936d5245d6db72655e5
9015,翠屏·诚园,118.839071,31.877167,南京市江宁区双龙大道3000号,江苏省,南京市,江宁区,1,ea9e5d33aadf75fd2a02e151
9016,风迅科技创业大厦,118.835872,31.87053,南京市江宁区江云路与悠湖街交叉路口往北约70米,江苏省,南京市,江宁区,1,12be9fa0d9419c76b6147f75
9017,悠湖人才公寓,118.831806,31.878037,江苏省南京市江宁区·江宁无线谷(秣周东路北300米),江苏省,南京市,江宁区,1,446cbab43941b808f4b91684
9019,翠屏·诚园北区,118.838911,31.877198,江苏省南京市江宁区秣周东路,江苏省,南京市,江宁区,1,7e189d21c546ed73fda77884
9020,悠谷1期,118.83414,31.874401,南京市江宁区秣周东路12号,江苏省,南京市,江宁区,1,b33b3d19a0423b34c41b759c
9021,翠屏诚园-南区,118.840533,31.873899,南京市江宁区秣周东路22号,江苏省,南京市,江宁区,1,0a8e0646be84854d4002455b
9022,诚园2期,118.842746,31.877097,南京市江宁区敏轩街翠屏诚园-南区东北侧约230米,江苏省,南京市,江宁区,1,2b291b4a3550de9cad080fd8
9023,金城花园,118.979415,31.877666,南京市江宁区虎踞北路归云堂30号,江苏省,南京市,江宁区,1,b886560e27b00b0b8936ee70
9024,江宁区湖熟街道金桥工业园管理办公室,118.976042,31.878349,金桥工业园(金宝湖熟商业广场西南)附近,江苏省,南京市,江宁区,1,9962edcee76df407e8e58273
9025,恒业花园,118.985594,31.872935,南京市江宁区灵顺北路211号,江苏省,南京市,江宁区,1,80d821525d7559455fd4fe11
9026,陶然·经典,118.983515,31.870485,南京市江宁区湖熟街道宝塔北路123号,江苏省,南京市,江宁区,1,93fdddbc33d692bba20464fc
9027,绿野枫景花园-东区,118.983387,31.877424,江苏省南京市江宁区灵顺北路318号,江苏省,南京市,江宁区,1,a601204a1d5696cec03644bb
9028,绿野枫景花园-西区,118.981954,31.879397,南京市江宁区灵顺北路318号,江苏省,南京市,江宁区,1,053f9e70460cd483c51b7510
9029,银湖佳苑,118.983989,31.871323,南京市江宁区宝塔北路123号,江苏省,南京市,江宁区,1,f8119af5e0a5893dc4f50d6a
9030,绿野枫景花园,118.982603,31.878375,南京市江宁区湖熟镇灵顺北路318号,江苏省,南京市,江宁区,1,5ce2637d344cf42dae31e55a
9031,金陵美域,118.98559,31.872886,南京市江宁区湖熟街道灵顺北路211号,江苏省,南京市,江宁区,1,49e113a4194aec484e776e71
9032,绿野枫景花园-南区,118.982083,31.87647,南京市江宁区灵顺北路318号,江苏省,南京市,江宁区,1,085a66f9184bf533d7851f0b
9033,盛江花苑,118.609413,31.861827,江苏省南京市江宁区长兴大街298号,江苏省,南京市,江宁区,1,09185c5669bea15df1193778
9034,宝驰景秀苑,118.60463,31.860307,南京市江宁区滨江经济开发区地秀路518号,江苏省,南京市,江宁区,1,435d7aea8facd84b5bbbbc80
9035,盛江花苑7期-A区,118.606738,31.868434,南京市江宁区G205(宁芜大道),江苏省,南京市,江宁区,1,885ac0df7fff4957deee8bf3
9036,新理想家,118.607799,31.860663,江苏省南京市江宁区地秀路516号,江苏省,南京市,江宁区,1,f36e7adcb5b782f238e4a695
9037,盛江花苑-玉兰园,118.608826,31.866278,南京市江宁区地秀路附近,江苏省,南京市,江宁区,1,1d39eb9e092f05380aa8d498
9038,盛江花苑-银杏园,118.6072,31.863561,南京市江宁区地秀路715号,江苏省,南京市,江宁区,1,01f6fadc6757528c223bf297
9039,盛江花苑7期-A区,118.606738,31.868434,南京市江宁区G205(宁芜大道),江苏省,南京市,江宁区,1,885ac0df7fff4957deee8bf3
9040,盛世嘉苑,118.612066,31.864033,江苏省南京市江宁区复建路,江苏省,南京市,江宁区,1,8b61c9500dc584f214b54b1f
9041,盛世嘉苑-B区,118.611756,31.864749,宁芜大道盛世嘉园B区,江苏省,南京市,江宁区,1,df4724ec1ce217e74f6d463c
9042,中国铁建原香颂,118.614073,31.864661,江苏省南京市江宁区宁桥南路108号,江苏省,南京市,江宁区,1,94ecf348eeb7eb25740269a1
9043,盛世嘉苑-A区,118.613337,31.860047,南京市江宁区宁芜大道盛江花苑东南侧约100米,江苏省,南京市,江宁区,1,60bac0c869e39590120daafc
9045,金谷家园(金牛街),118.695402,31.869524,南京市江宁区金谷南街1号,江苏省,南京市,江宁区,1,7e95a8a0530b32ae0869d9f4
9046,庆缘花苑,118.701905,31.87078,江苏省南京市江宁区庆缘路庆缘花苑(省电台复建房二期附近),江苏省,南京市,江宁区,1,d3776fd09c1e1712e8e58276
9047,新民花苑-南门,118.709953,31.867265,南京市江宁区邻里大道50号,江苏省,南京市,江宁区,1,3b5b0403bdbcd312d42ce21a
9048,新民花苑,118.711546,31.868891,江苏省南京市江宁区邻里大道50号,江苏省,南京市,江宁区,1,161a0ed23b2c4e2d5dd4fea7
9049,国信慧谷山居,118.771614,31.861614,江苏省南京市江宁区吉山大道8号,江苏省,南京市,江宁区,1,3dbaf49c5d63383dd5b74ee7
9050,康和欣居,118.780197,31.866796,南京市江宁区丹阳大道99号,江苏省,南京市,江宁区,1,e79561f34f83baa84251c0b9
9054,和进社区,118.96882,31.863297,南京市江宁区友谊路南50米,江苏省,南京市,江宁区,1,642e9b9f20889ab7a0acc491
9055,国府大院,118.973609,31.868731,江苏省南京市江宁区瑞鑫路国府大院,江苏省,南京市,江宁区,1,e9eb187b142fff7ec9c3db67
9056,瑞鑫苑,118.975623,31.869818,南京市江宁区瑞鑫路2号,江苏省,南京市,江宁区,1,1a920c2e3f09b848744ff136
9057,湖鑫苑,118.98538,31.863335,南京市江宁区宝塔南路1号,江苏省,南京市,江宁区,1,ed5d0b4900b11ee7eddfca3a
9058,姚西台,118.989891,31.86482,南京市江宁区灵顺南路12号,江苏省,南京市,江宁区,1,5df406e25d539a002e473348
9059,家乐花园,118.987359,31.868892,南京市江宁区灵顺北路57号,江苏省,南京市,江宁区,1,c0b59c9b1cbcfc7a3f9a5ed0
9060,卫星小区,118.990394,31.864194,南京市江宁区河南西街26号,江苏省,南京市,江宁区,1,0e264ff930fc1b90f7eafcb4
9061,新燕公寓,118.990969,31.863165,南京市江宁区灵顺南路33号,江苏省,南京市,江宁区,1,025d0e3e2c5cd6bbddee8b46
9062,花园新寓,118.991158,31.866152,姚东大街8号,江苏省,南京市,江宁区,1,bb8345df744543d679b55cc8
9063,丹桂社区,119.042421,31.868667,915路,江苏省,南京市,江宁区,0,9f570f8b0a532b93841541d1
9064,滨江消防,118.586807,31.840756,南京市江宁区春阳路滨江开发区派出所西北侧约30米,江苏省,南京市,江宁区,1,e1535ebfbe7862d1c91b9585
9065,绿地国际花都,118.601095,31.856118,江苏省南京市江宁区锦文路9号,江苏省,南京市,江宁区,1,d13802ca91c6330a9a0050d1
9066,朗诗未来家,118.598998,31.857403,南京市江宁区安居街368号,江苏省,南京市,江宁区,1,f3223c628d69efea2cb90885
9067,绿地国际花都,118.601095,31.856118,江苏省南京市江宁区锦文路9号,江苏省,南京市,江宁区,1,d13802ca91c6330a9a0050d1
9068,禹洲弘阳竹水居,118.600758,31.859411,南京市江宁区滨江开发区江宁街道润寿路599号,江苏省,南京市,江宁区,1,efb56dc580dd9c5c89db73e5
9069,恒信珑湖国际,118.60821,31.859446,江苏省南京市江宁区太白路,江苏省,南京市,江宁区,1,d8dcd83834c6ec4716a19030
9070,御境园,118.607031,31.859876,南京市江宁区江宁街道地秀路99号,江苏省,南京市,江宁区,1,8ff98d2600c54147774ff1b3
9071,宝驰景秀苑-南区,118.603007,31.858844,南京市江宁区地秀路518号,江苏省,南京市,江宁区,1,4ef14d9b1050d436c17da2e6
9072,奥登金属大院,118.601602,31.85211,江苏省南京市江宁区锦文路7号奥登金属,江苏省,南京市,江宁区,1,f7b1a7a17c2454e2c6effb68
9073,盛江花苑-牡丹园,118.614936,31.858125,南京市江宁区长兴大街298号,江苏省,南京市,江宁区,1,72aa25136bf0ba3a067ce8a7
9074,滨江华苑,118.611294,31.857452,南京市江宁区盛江路209号(长兴大街与盛江路交汇处西南侧),江苏省,南京市,江宁区,1,6affca7bfc3e577130169b2f
9075,碧湖天辰,118.61438,31.856305,南京市江宁区宁桥南路178号,江苏省,南京市,江宁区,1,19e27a7758c41b7b4f3a59f0
9076,盛江花苑-玫瑰园,118.613152,31.856817,南京市江宁区二零五国道,江苏省,南京市,江宁区,1,28babdc7969b424b30169bde
9077,碧湖天辰-南门,118.615064,31.856261,南京市江宁区宁桥南路178号碧湖天辰附近,江苏省,南京市,江宁区,1,7e66156f0aef18c07f29bd12
9078,盛江花苑玫瑰园-西门,118.613023,31.857502,江苏省南京市江宁区盛江社区宁芜大道盛江花苑玫瑰园,江苏省,南京市,江宁区,1,d0d866b8ab1c3820c056accf
9079,碧桂园湖光山色,118.707007,31.852892,正方中路悦湖路9号,江苏省,南京市,江宁区,1,aef56364b34c6fef0b69d9d0
9080,慧谷水轩,118.769731,31.859151,南京市江宁区吉山大道8号,江苏省,南京市,江宁区,1,0b6f4f90156f7e523686f43b
9081,叶泊蓝山,118.779374,31.850831,江苏省南京市江宁区丹阳大道111号(开发区丹阳大道与科技大道交叉口东北侧),江苏省,南京市,江宁区,1,203d86a23e51442995f08ca2
9082,景瑞春风十里,118.769753,31.859168,南京市江宁区吉山大道9号,江苏省,南京市,江宁区,1,27fae2f04dfbef04fa42b25c
9083,思围,118.773488,31.860914,江宁区丹阳大道88号(江苏软件园吉山基地内),江苏省,南京市,江宁区,1,a59dc9f4b2b07aadbca822ed
9084,荣平宿舍园区,118.840223,31.853888,江苏省南京市江宁区秣陵街道江宁开发区秣陵镇爱陵路16号,江苏省,南京市,江宁区,1,3536b361bb0718fbd7851f00
9085,万安社区,118.92999,31.854286,龙葛路东50米,江苏省,南京市,江宁区,1,6380056d52f287461f3894be
9086,河南公寓,118.993024,31.858257,南京市江宁区灵顺南路168号,江苏省,南京市,江宁区,1,d37bfc8c01c9cab35fbe86e8
9087,芭堤雅商业小区,118.607682,31.847445,南京市江宁区宁芜大道与X003交叉路口往西南约140米,江苏省,南京市,江宁区,1,bcc063ff65c5e73158109389
9088,青青家园,118.78112,31.848696,江苏省南京市江宁区青青家园(宁丹大道东260米),江苏省,南京市,江宁区,1,1fdfca40bbd0fd376ca3cc32
9089,江苏软件园,118.779641,31.834108,南京市江宁区东吉大道1号,江苏省,南京市,江宁区,1,cf72c18ecd986bc9eddfcacf
9090,凤凰山新寓,118.810476,31.842934,南京市江宁区秣陵街道将军大道550号,江苏省,南京市,江宁区,1,51fdf9a0285f880c14948ecf
9091,两港科创产业园1号科研楼,118.832939,31.848268,江宁区苏源大道117号,江苏省,南京市,江宁区,1,f96e814be417c7ceb7265526
9092,欣旺花苑-南区,118.849796,31.841247,江苏省南京市江宁区玉麟街13号附近,江苏省,南京市,江宁区,1,187d9782ace86adde81e97e1
9093,欣旺花苑-西区,118.849802,31.841439,江苏省南京市江宁区X003(龙秣路),江苏省,南京市,江宁区,1,4c6619f0eab638c8c61b7589
9094,欣旺花苑-二期,118.848768,31.846271,江苏省南京市江宁区凤仪街123号正东方向190米,江苏省,南京市,江宁区,1,2527be1ee7d6e1ce4bfc8da7
9095,欣旺花苑-北区,118.849448,31.846049,江苏省南京市江宁区Y005(天秣路),江苏省,南京市,江宁区,1,febec4e814612c12b75f1ef7
9096,凤仪街-16号院,118.846503,31.842915,凤仪街16号,江苏省,南京市,江宁区,1,ce70d8229859b0e0283a9f16
9097,天禧公寓,118.845033,31.842928,南京市江宁区凤仪街39号,江苏省,南京市,江宁区,1,a96babe264aff1da4251c073
9098,宏健公寓,118.845258,31.845076,南京市江宁区秣陵街道正方东路1号,江苏省,南京市,江宁区,1,c43cd5595e5b8e9e9900508b
9099,欣旺花苑南区-东门,118.851927,31.842358,江苏省南京市江宁区方正路秣陵街道新型合作医疗结算中心附近,江苏省,南京市,江宁区,1,67b01cd1a50ecaa571210bf8
9100,欣旺花苑,118.851204,31.842108,江苏省南京市江宁区秣欣路6号,江苏省,南京市,江宁区,1,23db64be62d9aa9aa6da3986
9101,欣旺花苑-东区,118.853243,31.841745,南京市江宁区兴旺路与秣欣东路交叉路口往西约80米,江苏省,南京市,江宁区,1,906973106880e54994ec8489
9102,欣旺花苑-三期,118.853796,31.841148,南京市江宁区兴旺路欣旺花苑-东区,江苏省,南京市,江宁区,1,e85e2527fd272c2e94f08ca7
9103,欣旺花苑-三期,118.853796,31.841148,南京市江宁区兴旺路欣旺花苑-东区,江苏省,南京市,江宁区,1,e85e2527fd272c2e94f08ca7
9104,虹南苑小区,118.939389,31.842933,南京市江宁区虹南路与南陵街交叉路口往西北约100米,江苏省,南京市,江宁区,1,56e88cba6ed9a465a4c7567b
9105,虹南苑-20号楼,118.938326,31.842151,南京市江宁区南陵街虹南苑小区西南侧约70米,江苏省,南京市,江宁区,1,02bf23d3361795169de321eb
9106,虹南苑33号楼,118.939003,31.842787,江苏省南京市江宁区湖熟街道龙都社区虹南路虹南苑小区,江苏省,南京市,江宁区,1,fbffa786e5c4ccd4d03ce3e9
9107,虹南苑-21号楼,118.938229,31.842152,南京市江宁区虹园街虹南苑21号楼(虹南苑小区南50米),江苏省,南京市,江宁区,1,742f5321d6cbbe8f29fc4895
9108,虹南苑32号楼,118.939103,31.842899,江苏省南京市江宁区湖熟街道龙都社区虹南路虹南苑小区,江苏省,南京市,江宁区,1,712690d3f1d95bebeb1e9758
9109,顺力大厦,118.600832,31.84029,南京市江宁区滨江开发区飞鹰路2号,江苏省,南京市,江宁区,1,ae6984d5fcb3dcf3931fc9da
9110,东吉大厦东方楼,118.779958,31.835226,江苏省南京市江宁区东吉大道1号东吉大厦A座,江苏省,南京市,江宁区,1,36c3620c7208e91ceb56faf2
9111,江苏软件园东方楼,118.779921,31.83524,南京市江宁区东吉大道江苏软件园,江苏省,南京市,江宁区,1,0395fbcc3a4a105076e5b6c9
9112,东吉大厦吉云楼,118.778527,31.833124,江苏省南京市江宁区江苏软件园大楼(联岛路东),江苏省,南京市,江宁区,1,49d6431bf01459d614c8f692
9113,东吉大厦吉联楼,118.778413,31.834358,南京市江宁区秣陵街道(紫金吉山)东吉大道1号江苏软件园科技转化中心10号楼,江苏省,南京市,江宁区,1,987277c9d5c08192ab175acf
9114,东吉大厦-B座,118.779247,31.833751,江苏省南京市江宁区东吉大厦(研发西路北100米),江苏省,南京市,江宁区,1,56bda1d8bf660bee29fc48d6
9115,东吉大厦-C座,118.780082,31.833929,江苏省南京市江宁区东吉大厦(研发西路北100米),江苏省,南京市,江宁区,1,8016b001fe5072696f4760a8
9116,东吉大厦-A座,118.779574,31.834665,江苏省南京市江宁区东吉大厦(东吉大道南100米),江苏省,南京市,江宁区,1,31335c06d57e6dcb5d0d0248
9117,甲骨文宝云大楼,118.779355,31.832882,江苏省南京市江宁区东吉大道1号,江苏省,南京市,江宁区,1,259e61b3533790d8e60738b5
9118,江苏软件园大楼,118.779638,31.834414,江苏省南京市江宁区东吉大道1号,江苏省,南京市,江宁区,1,f306b859754f5ead343a7135
9119,东吉大厦东来楼,118.780556,31.834463,南京市江宁区东吉大道1号江苏软件园,江苏省,南京市,江宁区,1,b8cfdc190556935e441a32b0
9120,南京南溪谷花园,118.78841,31.830523,南京市江宁区银城蓝溪郡售楼处南,江苏省,南京市,江宁区,1,ff2b1f68f02e176c774ff1a1
9121,梅家巷,118.843928,31.838124,南京市江宁区骆家巷南京市秣陵中学西南侧约120米,江苏省,南京市,江宁区,1,30612286483687bd1894c68b
9122,虹南新寓-东南门,118.939602,31.838148,南京市江宁区虹南路西50米,江苏省,南京市,江宁区,1,e4f6e68d9d169996dc1e52fa
9123,银城蓝溪郡,118.786357,31.831659,南京市江宁区秣陵街道创新东路2号,江苏省,南京市,江宁区,1,1298fbba15f5b3d4e4e965e9
9124,希泉新寓,118.7869,31.824469,银杏湖大道,江苏省,南京市,江宁区,1,d7fd2ad33efa41290accdda7
9125,希泉新寓-北门,118.78726,31.825523,江苏省南京市江宁区希泉新寓北门(银杏湖大道南60米),江苏省,南京市,江宁区,1,45ca7c7d3efe38f20f0a7063
9126,白鹭湖垂钓俱乐部,118.73486,31.810246,南京市江宁区上庄园,江苏省,南京市,江宁区,1,7c95a32d537218bd31f71d8a
9127,周里新寓,118.853692,31.814652,南京市江宁区新宁路1号,江苏省,南京市,江宁区,1,20f6cc58de37d409dbeced5a
9128,绿杨社区,118.968174,31.813666,南京市江宁区绿东路,江苏省,南京市,江宁区,1,ef4884c6d2ed12f4b35c6ac8
9129,牧龙原墅,118.612258,31.800797,南京市江宁区江宁街道滨溪大道1000号,江苏省,南京市,江宁区,1,1841e129df8b7f3a1c38949f
9130,奥斯博恩庄园,118.863874,31.800109,江苏省南京市江宁区禄口街道宁溧路188号,江苏省,南京市,江宁区,1,0209789bfdbd68f287154198
9131,奥斯博恩庄园,118.863874,31.800109,江苏省南京市江宁区禄口街道宁溧路188号,江苏省,南京市,江宁区,1,0209789bfdbd68f287154198
9132,博恩花园4期,118.862255,31.803911,南京市江宁区S123(天禄大道),江苏省,南京市,江宁区,1,e8dfd4d2873f37d55abbbcfd
9133,翠屏城,118.865973,31.802656,江苏省南京市江宁区天禄大道1号(宁溧路188号机场高速禄口出口500米),江苏省,南京市,江宁区,1,090496aab80eef5617764330
9135,外侨花园别墅,118.949592,31.802094,江苏省南京市江宁区湖熟镇齐尚路88号,江苏省,南京市,江宁区,1,90955482839799ab471a3217
9136,尚桥社区,118.94209,31.80527,江宁区,江苏省,南京市,江宁区,1,aba8d034ef16dd05f7c59c5e
9137,建工商厦,118.954366,31.802388,南京市江宁区齐尚街161号,江苏省,南京市,江宁区,1,03839627a74837b3a0acc46e
9138,云龙轩,118.773093,31.79385,陶吴镇西阳社区,江苏省,南京市,江宁区,1,c8f3d88efea4807e213bf200
9139,大才大厦,118.779244,31.791382,南京市江宁区横溪街道陶建路28号,江苏省,南京市,江宁区,1,450e723d93e7091b43e19285
9140,空港青年公寓,118.819102,31.793148,江苏省南京市江宁区将军大道,江苏省,南京市,江宁区,1,f3c2373c9ac2c32cd22dd60a
9141,空港公寓,118.819007,31.799151,江苏省南京市江宁区乾清路(座上客附近),江苏省,南京市,江宁区,1,f696a62f1b49468f5d17c3c7
9142,人才公寓,118.817473,31.793628,江苏省南京市江宁区空港青年公寓人才公寓(越秀路南),江苏省,南京市,江宁区,1,396dff2d07f144fa764ff1c7
9143,新城保利天地,118.82265,31.797214,南京市江宁区越秀路与乾清路交汇处,江苏省,南京市,江宁区,1,d40bc840d7ac30fa0a69d9ba
9144,新城保利天地,118.82265,31.797214,南京市江宁区越秀路与乾清路交汇处,江苏省,南京市,江宁区,1,d40bc840d7ac30fa0a69d9ba
9145,空港公寓-D组团,118.823052,31.800343,南京市江宁区乾清路东200米,江苏省,南京市,江宁区,1,755101ca52868d8346e274a0
9146,空港公寓,118.819007,31.799151,江苏省南京市江宁区乾清路(座上客附近),江苏省,南京市,江宁区,1,f696a62f1b49468f5d17c3c7
9147,翠屏城,118.865973,31.802656,江苏省南京市江宁区天禄大道1号(宁溧路188号机场高速禄口出口500米),江苏省,南京市,江宁区,1,090496aab80eef5617764330
9148,博恩庄园-15号楼,118.866348,31.796967,江苏省南京市江宁区天禄大道奥斯博恩庄园博思庄园,江苏省,南京市,江宁区,1,11133fcfb2a011e2adcb6662
9149,君驰华庭,118.864793,31.794982,南京市江宁区禄口街道天禄大道45号,江苏省,南京市,江宁区,1,2cc3c8e8e60ae9ab4c2fdfa7
9150,自由度,118.868094,31.792353,天禄大道139号,江苏省,南京市,江宁区,1,497353841a71f880b11e3612
9151,星汉公寓,118.870483,31.790701,天禄大道139号,江苏省,南京市,江宁区,1,69011ba1322d61526849f3df
9152,江山星汉城,118.871563,31.791623,南京市江宁区天禄大道139号,江苏省,南京市,江宁区,1,0d86fac7bfec077c2afc48da
9153,徐慕社区,118.979245,31.799861,南京市江宁区徐东路,江苏省,南京市,江宁区,1,72596c3a1ff6cfb2ca2915b9
9154,南山美苑,118.596358,31.78843,南京市江宁区江宁街道铜井镇南山湖,江苏省,南京市,江宁区,1,2e00c5ddf8766c62d7851f1d
9155,荷花社区,118.646863,31.78553,南京市江宁区山河线,江苏省,南京市,江宁区,1,9069408232734970e81e9788
9157,金宁花园,118.782334,31.786138,金宁街与陶建路交叉口东100米,江苏省,南京市,江宁区,1,59d5692f832166cbacee7ac1
9158,陶茂小区,118.785903,31.782097,南京市江宁区陶禄路46号,江苏省,南京市,江宁区,1,e4976fabcaf96868b320a837
9159,春华园14号,118.782201,31.780512,南京市江宁区陶小路江宁区桃红中学西北侧约30米,江苏省,南京市,江宁区,1,a0307fc830e0680e5bf6be1b
9160,同坤大厦,118.82857,31.786922,南京市江宁区信诚大道,江苏省,南京市,江宁区,1,93447d20dbeeec3bc16c14ed
9161,南京空港枢纽经济区临空创造中心,118.840485,31.783909,江苏省南京市江宁区丰盛医疗科技产业园北门(信诚大道南),江苏省,南京市,江宁区,1,a13ce4c5214e875eaecb668f
9162,禄口空港研发大楼,118.842364,31.783663,南京市江宁区禄口街道空港工业园飞天大道69号丰盛科技产业园,江苏省,南京市,江宁区,1,bf51d6181e49f20e1ce999b6
9163,朗诗青春街区,118.857931,31.782605,江苏省南京市江宁区路禄口镇来凤路18号(禄口派出所对面),江苏省,南京市,江宁区,1,ff70fe21e6d4ecaaa8f0cd81
9164,招商依云郡,118.853066,31.781935,江苏省南京市江宁区禄口街道鸣鹤路8号,江苏省,南京市,江宁区,1,a3983f4544a98d726140a90d
9165,百利华府,118.862262,31.782255,正阳路与茅亭路交叉口西南150米,江苏省,南京市,江宁区,1,ce1b2ae315c9210d4f6d469e
9166,颐家春天花园,118.867872,31.787291,南京市江宁区来凤路3号,江苏省,南京市,江宁区,1,dffd631c2e3fc3bc38221c78
9167,艳阳广场-41号楼,118.864915,31.782314,南京市江宁区艳阳路百利华府东侧约90米,江苏省,南京市,江宁区,1,c8247e16043638bb27d2bb77
9168,禄口空港研发大楼,118.842364,31.783663,南京市江宁区禄口街道空港工业园飞天大道69号丰盛科技产业园,江苏省,南京市,江宁区,1,bf51d6181e49f20e1ce999b6
9169,艳阳广场53号,118.865384,31.783298,南京市江宁区茅亭路百利华府东侧约160米,江苏省,南京市,江宁区,1,b90abdd5dff8a23a6c3e1bc9
9170,艳阳广场-19号,118.865615,31.782382,南京市江宁区康宁巷OYO裘都假日酒店(南京禄口国际机场店)北侧约140米,江苏省,南京市,江宁区,1,283976c333e46894fda778b8
9171,艳阳广场78号,118.864594,31.782506,南京市江宁区艳阳路百利华府东侧约60米,江苏省,南京市,江宁区,1,3ca2e1574c70e35a07fef597
9172,艳阳广场-54号,118.865375,31.783252,南京市江宁区茅亭路百利华府东侧约160米,江苏省,南京市,江宁区,1,0aa3cb9c52cd827040e19249
9173,艳阳广场-55号,118.865375,31.783206,南京市江宁区艳阳路百利华府东侧约160米,江苏省,南京市,江宁区,1,f674d484a92b3052a5da3976
9174,颐家春天花园,118.867872,31.787291,南京市江宁区来凤路3号,江苏省,南京市,江宁区,1,dffd631c2e3fc3bc38221c78
9175,玺禄苑,118.87112,31.777873,南京市江宁区禄口街道信陵路59号,江苏省,南京市,江宁区,1,5e8d14adbd5245f5b65f1e49
9176,金禄雅居,118.871874,31.78354,南京市江宁区金禄路81号,江苏省,南京市,江宁区,1,937794d2154ac8440a5cb302
9177,天元新城,118.875925,31.780689,南京市江宁区金石路99号,江苏省,南京市,江宁区,1,30d790069b69f44c97031966
9178,文豪花园,118.881024,31.783142,南京市江宁区禄口街道天禄路508号,江苏省,南京市,江宁区,1,2e00c5dda060a41cd7851f78
9179,宁徽小园,118.608735,31.772477,南京市江宁区,江苏省,南京市,江宁区,1,f9eb9e5abaaa1f09b54f544f
9180,龙庵16-12号,118.779603,31.779092,南京市江宁区陶杨路江宁区桃红中学西侧约270米,江苏省,南京市,江宁区,1,a75663a8385650dad1f49e86
9181,弘景新寓,118.788465,31.774459,南京市江宁区东方文理研修学院,江苏省,南京市,江宁区,1,a2d169d0ea5b781472455bea
9182,狮子山花苑-A区,118.78706,31.776182,南京市江宁区陶吴镇狮山路98号,江苏省,南京市,江宁区,1,e042e3324e0a13812cb17e0e
9183,狮子山花苑-B区,118.784774,31.774302,南京市江宁区狮山路,江苏省,南京市,江宁区,1,2ad32cc3d9d17ff29c95dea7
9184,大学生公寓,118.791605,31.778758,南京市江宁区石坝路与西坝路交叉路口往东南约180米,江苏省,南京市,江宁区,1,4c7cef0e16a441f25fbe860e
9185,学府佳园,118.791832,31.77968,石坝路与西坝路交叉口东南100米,江苏省,南京市,江宁区,1,28124de81deaa93983a00c68
9186,百丽明珠花园,118.861132,31.775735,南京市江宁区禄口街道信陵路448号,江苏省,南京市,江宁区,1,fe88f13d6f4a9e9b364aae42
9187,百利华府-三期,118.861143,31.77982,南京市江宁区来凤路29号,江苏省,南京市,江宁区,1,6fb1212a5c036a66c7effb16
9188,祥福乐园,118.866023,31.778196,南京市江宁区正阳路175号,江苏省,南京市,江宁区,1,a58e75398a23dfbe48cc4ab9
9189,瑞祥假日,118.860395,31.778706,南京市江宁区禄口街道蓝天路288号,江苏省,南京市,江宁区,1,fdc1f1b891576e283586f489
9190,永欣新寓,118.871106,31.775107,江苏省南京市江宁区信陵路269号,江苏省,南京市,江宁区,1,2e00c5dddb880b1fd7851f62
9191,里外城,118.875079,31.779838,南京市江宁区禄口街道金石路99号,江苏省,南京市,江宁区,1,79ebea940397e00dbd484237
9192,玺禄苑,118.87112,31.777873,南京市江宁区禄口街道信陵路59号,江苏省,南京市,江宁区,1,5e8d14adbd5245f5b65f1e49
9193,永欣新寓百合苑,118.877314,31.771685,南京市江宁区禄口大街188号,江苏省,南京市,江宁区,1,a1a167c07eb3405fede4a5cf
9194,百利华府,118.862262,31.782255,正阳路与茅亭路交叉口西南150米,江苏省,南京市,江宁区,1,ce1b2ae315c9210d4f6d469e
9195,绿都文化园,118.677202,31.766694,南京市江宁区江横线东日生华,江苏省,南京市,江宁区,1,557743d0f30145f73813fd69
9196,东日生华,118.678052,31.767021,南京市江宁区江横线,江苏省,南京市,江宁区,1,d24e48eb49308cb4afee7a78
9197,中浩·青溪庄园,118.72763,31.762861,南京市江宁区横溪街道甘泉湖路1号,江苏省,南京市,江宁区,1,a91721803a54c3ab78f796cd
9198,江宁台湾农民创业园,118.78677,31.766855,科一路与002县道交叉口西南50米,江苏省,南京市,江宁区,1,2172a0f01d7abf93c056acd8
9199,平安科技园,118.840424,31.765731,南京市江宁区,江苏省,南京市,江宁区,1,f924a2e3089c7df431f71dee
9200,海棠苑,118.867585,31.766933,江苏省南京市江宁区海棠苑(正阳路西310米),江苏省,南京市,江宁区,1,86848a3b80da22e9067ce820
9201,紫荆苑,118.866724,31.769329,江苏省南京市江宁区禄口街道高伏社区大伏译路紫荆苑,江苏省,南京市,江宁区,1,064b39ca79dd45ee2fb96dbb
