8441,莱茵东郡花园-馨茵苑,118.870076,31.937084,江苏省南京市江宁区莱茵达路春晓·风荷苑莱茵东郡馨茵苑,江苏省,南京市,江宁区,1,c2deda2e1b2cfb6540ab9aac,118.86691044499331,31.936876122295192,1
8441,莱茵东郡花园-馨茵苑,118.870076,31.937084,江苏省南京市江宁区莱茵达路春晓·风荷苑莱茵东郡馨茵苑,江苏省,南京市,江宁区,1,c2deda2e1b2cfb6540ab9aac,118.86711705526061,31.936945068720647,2
8441,莱茵东郡花园-馨茵苑,118.870076,31.937084,江苏省南京市江宁区莱茵达路春晓·风荷苑莱茵东郡馨茵苑,江苏省,南京市,江宁区,1,c2deda2e1b2cfb6540ab9aac,118.8678177335584,31.937014015093872,3
8441,莱茵东郡花园-馨茵苑,118.870076,31.937084,江苏省南京市江宁区莱茵达路春晓·风荷苑莱茵东郡馨茵苑,江苏省,南京市,江宁区,1,c2deda2e1b2cfb6540ab9aac,118.86836120839193,31.93705614896291,4
8441,莱茵东郡花园-馨茵苑,118.870076,31.937084,江苏省南京市江宁区莱茵达路春晓·风荷苑莱茵东郡馨茵苑,江苏省,南京市,江宁区,1,c2deda2e1b2cfb6540ab9aac,118.86877442892651,31.9371557380304,5
8441,莱茵东郡花园-馨茵苑,118.870076,31.937084,江苏省南京市江宁区莱茵达路春晓·风荷苑莱茵东郡馨茵苑,江苏省,南京市,江宁区,1,c2deda2e1b2cfb6540ab9aac,118.86918764946111,31.937297460746272,6
8441,莱茵东郡花园-馨茵苑,118.870076,31.937084,江苏省南京市江宁区莱茵达路春晓·风荷苑莱茵东郡馨茵苑,江苏省,南京市,江宁区,1,c2deda2e1b2cfb6540ab9aac,118.8694751072243,31.937443013576143,7
8441,莱茵东郡花园-馨茵苑,118.870076,31.937084,江苏省南京市江宁区莱茵达路春晓·风荷苑莱茵东郡馨茵苑,江苏省,南京市,江宁区,1,c2deda2e1b2cfb6540ab9aac,118.86985239553849,31.93766134238455,8
8441,莱茵东郡花园-馨茵苑,118.870076,31.937084,江苏省南京市江宁区莱茵达路春晓·风荷苑莱茵东郡馨茵苑,江苏省,南京市,江宁区,1,c2deda2e1b2cfb6540ab9aac,118.87024764996288,31.93782987654519,9
8441,莱茵东郡花园-馨茵苑,118.870076,31.937084,江苏省南京市江宁区莱茵达路春晓·风荷苑莱茵东郡馨茵苑,江苏省,南京市,江宁区,1,c2deda2e1b2cfb6540ab9aac,118.87076866715867,31.93793712539403,10
8441,莱茵东郡花园-馨茵苑,118.870076,31.937084,江苏省南京市江宁区莱茵达路春晓·风荷苑莱茵东郡馨茵苑,江苏省,南京市,江宁区,1,c2deda2e1b2cfb6540ab9aac,118.87146934545645,31.93804054380718,11
8441,莱茵东郡花园-馨茵苑,118.870076,31.937084,江苏省南京市江宁区莱茵达路春晓·风荷苑莱茵东郡馨茵苑,江苏省,南京市,江宁区,1,c2deda2e1b2cfb6540ab9aac,118.87181968460534,31.938166943930337,12
8441,莱茵东郡花园-馨茵苑,118.870076,31.937084,江苏省南京市江宁区莱茵达路春晓·风荷苑莱茵东郡馨茵苑,江苏省,南京市,江宁区,1,c2deda2e1b2cfb6540ab9aac,118.87222392208483,31.938232059076793,13
8441,莱茵东郡花园-馨茵苑,118.870076,31.937084,江苏省南京市江宁区莱茵达路春晓·风荷苑莱茵东郡馨茵苑,江苏省,南京市,江宁区,1,c2deda2e1b2cfb6540ab9aac,118.87265510872962,31.938270362082363,14
8441,莱茵东郡花园-馨茵苑,118.870076,31.937084,江苏省南京市江宁区莱茵达路春晓·风荷苑莱茵东郡馨茵苑,江苏省,南京市,江宁区,1,c2deda2e1b2cfb6540ab9aac,118.87310875301216,31.938323986263082,15
8441,莱茵东郡花园-馨茵苑,118.870076,31.937084,江苏省南京市江宁区莱茵达路春晓·风荷苑莱茵东郡馨茵苑,江苏省,南京市,江宁区,1,c2deda2e1b2cfb6540ab9aac,118.87322553272845,31.93759239650163,16
8441,莱茵东郡花园-馨茵苑,118.870076,31.937084,江苏省南京市江宁区莱茵达路春晓·风荷苑莱茵东郡馨茵苑,江苏省,南京市,江宁区,1,c2deda2e1b2cfb6540ab9aac,118.87322553272845,31.937458334913117,17
8441,莱茵东郡花园-馨茵苑,118.870076,31.937084,江苏省南京市江宁区莱茵达路春晓·风荷苑莱茵东郡馨茵苑,江苏省,南京市,江宁区,1,c2deda2e1b2cfb6540ab9aac,118.87314917676011,31.937397049549748,18
8441,莱茵东郡花园-馨茵苑,118.870076,31.937084,江苏省南京市江宁区莱茵达路春晓·风荷苑莱茵东郡馨茵苑,江苏省,南京市,江宁区,1,c2deda2e1b2cfb6540ab9aac,118.8675302757952,31.9356389081179,19
8441,莱茵东郡花园-馨茵苑,118.870076,31.937084,江苏省南京市江宁区莱茵达路春晓·风荷苑莱茵东郡馨茵苑,江苏省,南京市,江宁区,1,c2deda2e1b2cfb6540ab9aac,118.8674404452442,31.93563124729661,20
8441,莱茵东郡花园-馨茵苑,118.870076,31.937084,江苏省南京市江宁区莱茵达路春晓·风荷苑莱茵东郡馨茵苑,江苏省,南京市,江宁区,1,c2deda2e1b2cfb6540ab9aac,118.86738654691361,31.93568487303205,21
8441,莱茵东郡花园-馨茵苑,118.870076,31.937084,江苏省南京市江宁区莱茵达路春晓·风荷苑莱茵东郡馨茵苑,江苏省,南京市,江宁区,1,c2deda2e1b2cfb6540ab9aac,118.86691044499331,31.936876122295192,22
8444,南京工程学院-萃园,118.885708,31.934172,南京市江宁区弘景大道1号,江苏省,南京市,江宁区,1,6fdf548282560ef143afe678,118.88519355103784,31.93488039175304,1
8444,南京工程学院-萃园,118.885708,31.934172,南京市江宁区弘景大道1号,江苏省,南京市,江宁区,1,6fdf548282560ef143afe678,118.8862301524777,31.93489877504015,2
8444,南京工程学院-萃园,118.885708,31.934172,南京市江宁区弘景大道1号,江苏省,南京市,江宁区,1,6fdf548282560ef143afe678,118.88622963505372,31.934328636151186,3
8444,南京工程学院-萃园,118.885708,31.934172,南京市江宁区弘景大道1号,江苏省,南京市,江宁区,1,6fdf548282560ef143afe678,118.8862342460559,31.933928617603524,4
8444,南京工程学院-萃园,118.885708,31.934172,南京市江宁区弘景大道1号,江苏省,南京市,江宁区,1,6fdf548282560ef143afe678,118.88851507159322,31.93397553042921,5
8444,南京工程学院-萃园,118.885708,31.934172,南京市江宁区弘景大道1号,江苏省,南京市,江宁区,1,6fdf548282560ef143afe678,118.88852893514215,31.934988999822103,6
8444,南京工程学院-萃园,118.885708,31.934172,南京市江宁区弘景大道1号,江苏省,南京市,江宁区,1,6fdf548282560ef143afe678,118.88832885375929,31.93498558077324,7
8444,南京工程学院-萃园,118.885708,31.934172,南京市江宁区弘景大道1号,江苏省,南京市,江宁区,1,6fdf548282560ef143afe678,118.88832068726391,31.934760390502056,8
8444,南京工程学院-萃园,118.885708,31.934172,南京市江宁区弘景大道1号,江苏省,南京市,江宁区,1,6fdf548282560ef143afe678,118.8873839351764,31.934755615236323,9
8444,南京工程学院-萃园,118.885708,31.934172,南京市江宁区弘景大道1号,江苏省,南京市,江宁区,1,6fdf548282560ef143afe678,118.88731145449803,31.934971460015788,10
8444,南京工程学院-萃园,118.885708,31.934172,南京市江宁区弘景大道1号,江苏省,南京市,江宁区,1,6fdf548282560ef143afe678,118.88730459413884,31.936220623957237,11
8444,南京工程学院-萃园,118.885708,31.934172,南京市江宁区弘景大道1号,江苏省,南京市,江宁区,1,6fdf548282560ef143afe678,118.88838371776832,31.936244796064546,12
8444,南京工程学院-萃园,118.885708,31.934172,南京市江宁区弘景大道1号,江苏省,南京市,江宁区,1,6fdf548282560ef143afe678,118.88847422833659,31.936161324123457,13
8444,南京工程学院-萃园,118.885708,31.934172,南京市江宁区弘景大道1号,江苏省,南京市,江宁区,1,6fdf548282560ef143afe678,118.88847272816639,31.93558517150325,14
8444,南京工程学院-萃园,118.885708,31.934172,南京市江宁区弘景大道1号,江苏省,南京市,江宁区,1,6fdf548282560ef143afe678,118.88938946690543,31.935596017239664,15
8444,南京工程学院-萃园,118.885708,31.934172,南京市江宁区弘景大道1号,江苏省,南京市,江宁区,1,6fdf548282560ef143afe678,118.8894819663221,31.93552261708789,16
8444,南京工程学院-萃园,118.885708,31.934172,南京市江宁区弘景大道1号,江苏省,南京市,江宁区,1,6fdf548282560ef143afe678,118.88945419880048,31.933447657127147,17
8444,南京工程学院-萃园,118.885708,31.934172,南京市江宁区弘景大道1号,江苏省,南京市,江宁区,1,6fdf548282560ef143afe678,118.88634926689001,31.933414349521286,18
8444,南京工程学院-萃园,118.885708,31.934172,南京市江宁区弘景大道1号,江苏省,南京市,江宁区,1,6fdf548282560ef143afe678,118.88635592063892,31.93202912589709,19
8444,南京工程学院-萃园,118.885708,31.934172,南京市江宁区弘景大道1号,江苏省,南京市,江宁区,1,6fdf548282560ef143afe678,118.88522074274564,31.932002135750682,20
8444,南京工程学院-萃园,118.885708,31.934172,南京市江宁区弘景大道1号,江苏省,南京市,江宁区,1,6fdf548282560ef143afe678,118.88518181018483,31.934017010769367,21
8444,南京工程学院-萃园,118.885708,31.934172,南京市江宁区弘景大道1号,江苏省,南京市,江宁区,1,6fdf548282560ef143afe678,118.88519355103784,31.93488039175304,22
8452,江苏经贸职业技术学院-樱花苑,118.894326,31.935756,江苏省南京市江宁区龙眠大道180号,江苏省,南京市,江宁区,1,fa183b64eba9c1fba2046474,118.89381217976172,31.93827963140729,1
8452,江苏经贸职业技术学院-樱花苑,118.894326,31.935756,江苏省南京市江宁区龙眠大道180号,江苏省,南京市,江宁区,1,fa183b64eba9c1fba2046474,118.89391270014829,31.938361523170787,2
8452,江苏经贸职业技术学院-樱花苑,118.894326,31.935756,江苏省南京市江宁区龙眠大道180号,江苏省,南京市,江宁区,1,fa183b64eba9c1fba2046474,118.89585798073016,31.936711033697584,3
8452,江苏经贸职业技术学院-樱花苑,118.894326,31.935756,江苏省南京市江宁区龙眠大道180号,江苏省,南京市,江宁区,1,fa183b64eba9c1fba2046474,118.89532798047927,31.935968016391378,4
8452,江苏经贸职业技术学院-樱花苑,118.894326,31.935756,江苏省南京市江宁区龙眠大道180号,江苏省,南京市,江宁区,1,fa183b64eba9c1fba2046474,118.89502201762257,31.935504996869042,5
8452,江苏经贸职业技术学院-樱花苑,118.894326,31.935756,江苏省南京市江宁区龙眠大道180号,江苏省,南京市,江宁区,1,fa183b64eba9c1fba2046474,118.89466296491022,31.934853977018445,6
8452,江苏经贸职业技术学院-樱花苑,118.894326,31.935756,江苏省南京市江宁区龙眠大道180号,江苏省,南京市,江宁区,1,fa183b64eba9c1fba2046474,118.89438404104938,31.933899961759852,7
8452,江苏经贸职业技术学院-樱花苑,118.894326,31.935756,江苏省南京市江宁区龙眠大道180号,江苏省,南京市,江宁区,1,fa183b64eba9c1fba2046474,118.89442500378063,31.932797005617143,8
8452,江苏经贸职业技术学院-樱花苑,118.894326,31.935756,江苏省南京市江宁区龙眠大道180号,江苏省,南京市,江宁区,1,fa183b64eba9c1fba2046474,118.89289303356392,31.93378497056812,9
8452,江苏经贸职业技术学院-樱花苑,118.894326,31.935756,江苏省南京市江宁区龙眠大道180号,江苏省,南京市,江宁区,1,fa183b64eba9c1fba2046474,118.89372899667151,31.93473500336539,10
8452,江苏经贸职业技术学院-樱花苑,118.894326,31.935756,江苏省南京市江宁区龙眠大道180号,江苏省,南京市,江宁区,1,fa183b64eba9c1fba2046474,118.89381217976172,31.93827963140729,11
8456,博学苑银杏园(至善路),118.907207,31.929282,南京市江宁区至善路8号,江苏省,南京市,江宁区,1,3ee65ab640392258c4f0251e,118.90508097323165,31.92919102643755,1
8456,博学苑银杏园(至善路),118.907207,31.929282,南京市江宁区至善路8号,江苏省,南京市,江宁区,1,3ee65ab640392258c4f0251e,118.90535001573187,31.928539961437252,2
8456,博学苑银杏园(至善路),118.907207,31.929282,南京市江宁区至善路8号,江苏省,南京市,江宁区,1,3ee65ab640392258c4f0251e,118.90551198021534,31.927743017217356,3
8456,博学苑银杏园(至善路),118.907207,31.929282,南京市江宁区至善路8号,江苏省,南京市,江宁区,1,3ee65ab640392258c4f0251e,118.90572326167127,31.927471034080842,4
8456,博学苑银杏园(至善路),118.907207,31.929282,南京市江宁区至善路8号,江苏省,南京市,江宁区,1,3ee65ab640392258c4f0251e,118.90591639735592,31.927517003118705,5
8456,博学苑银杏园(至善路),118.907207,31.929282,南京市江宁区至善路8号,江苏省,南京市,江宁区,1,3ee65ab640392258c4f0251e,118.90704799280685,31.928033999966463,6
8456,博学苑银杏园(至善路),118.907207,31.929282,南京市江宁区至善路8号,江苏省,南京市,江宁区,1,3ee65ab640392258c4f0251e,118.90792402034018,31.92881201799498,7
8456,博学苑银杏园(至善路),118.907207,31.929282,南京市江宁区至善路8号,江苏省,南京市,江宁区,1,3ee65ab640392258c4f0251e,118.90868704104034,31.928971987790796,8
8456,博学苑银杏园(至善路),118.907207,31.929282,南京市江宁区至善路8号,江苏省,南京市,江宁区,1,3ee65ab640392258c4f0251e,118.90866503255536,31.92914896554206,9
8456,博学苑银杏园(至善路),118.907207,31.929282,南京市江宁区至善路8号,江苏省,南京市,江宁区,1,3ee65ab640392258c4f0251e,118.90860700201941,31.92933996322275,10
8456,博学苑银杏园(至善路),118.907207,31.929282,南京市江宁区至善路8号,江苏省,南京市,江宁区,1,3ee65ab640392258c4f0251e,118.90832798832801,31.92980799395232,11
8456,博学苑银杏园(至善路),118.907207,31.929282,南京市江宁区至善路8号,江苏省,南京市,江宁区,1,3ee65ab640392258c4f0251e,118.90825603405665,31.92993800631764,12
8456,博学苑银杏园(至善路),118.907207,31.929282,南京市江宁区至善路8号,江苏省,南京市,江宁区,1,3ee65ab640392258c4f0251e,118.90814401535957,31.930167998273518,13
8456,博学苑银杏园(至善路),118.907207,31.929282,南京市江宁区至善路8号,江苏省,南京市,江宁区,1,3ee65ab640392258c4f0251e,118.90796004239112,31.930344054348183,14
8456,博学苑银杏园(至善路),118.907207,31.929282,南京市江宁区至善路8号,江苏省,南京市,江宁区,1,3ee65ab640392258c4f0251e,118.90764114393508,31.930321070545748,15
8456,博学苑银杏园(至善路),118.907207,31.929282,南京市江宁区至善路8号,江苏省,南京市,江宁区,1,3ee65ab640392258c4f0251e,118.90747495741573,31.93052409393322,16
8456,博学苑银杏园(至善路),118.907207,31.929282,南京市江宁区至善路8号,江苏省,南京市,江宁区,1,3ee65ab640392258c4f0251e,118.90516604276344,31.929325023587076,17
8456,博学苑银杏园(至善路),118.907207,31.929282,南京市江宁区至善路8号,江苏省,南京市,江宁区,1,3ee65ab640392258c4f0251e,118.90508097323165,31.92919102643755,18
8465,方山熙园,118.9093,31.933526,江苏省南京市江宁区至善路1号,江苏省,南京市,江宁区,1,76863c1473b1b7e2067ce899,118.91179004611423,31.933140970911637,1
8465,方山熙园,118.9093,31.933526,江苏省南京市江宁区至善路1号,江苏省,南京市,江宁区,1,76863c1473b1b7e2067ce899,118.90943976089999,31.935715820958954,2
8465,方山熙园,118.9093,31.933526,江苏省南京市江宁区至善路1号,江苏省,南京市,江宁区,1,76863c1473b1b7e2067ce899,118.90943080265339,31.93572319202428,3
8465,方山熙园,118.9093,31.933526,江苏省南京市江宁区至善路1号,江苏省,南京市,江宁区,1,76863c1473b1b7e2067ce899,118.90942054789592,31.93572874371557,4
8465,方山熙园,118.9093,31.933526,江苏省南京市江宁区至善路1号,江苏省,南京市,江宁区,1,76863c1473b1b7e2067ce899,118.90940939498385,31.935732381800534,5
8465,方山熙园,118.9093,31.933526,江苏省南京市江宁区至善路1号,江苏省,南京市,江宁区,1,76863c1473b1b7e2067ce899,118.90939774209473,31.935733812008444,6
8465,方山熙园,118.9093,31.933526,江苏省南京市江宁区至善路1号,江苏省,南京市,江宁区,1,76863c1473b1b7e2067ce899,118.90938598766832,31.93573304015166,7
8465,方山熙园,118.9093,31.933526,江苏省南京市江宁区至善路1号,江苏省,南京市,江宁区,1,76863c1473b1b7e2067ce899,118.90937462974945,31.935730073508655,8
8465,方山熙园,118.9093,31.933526,江苏省南京市江宁区至善路1号,江苏省,南京市,江宁区,1,76863c1473b1b7e2067ce899,118.90936386773055,31.935725115050186,9
8465,方山熙园,118.9093,31.933526,江苏省南京市江宁区至善路1号,江苏省,南京市,江宁区,1,76863c1473b1b7e2067ce899,118.90927417457358,31.935672088986703,10
8465,方山熙园,118.9093,31.933526,江苏省南京市江宁区至善路1号,江苏省,南京市,江宁区,1,76863c1473b1b7e2067ce899,118.90862954967186,31.935327722755748,11
8465,方山熙园,118.9093,31.933526,江苏省南京市江宁区至善路1号,江苏省,南京市,江宁区,1,76863c1473b1b7e2067ce899,118.90861818988454,31.93532115006888,12
8465,方山熙园,118.9093,31.933526,江苏省南京市江宁区至善路1号,江苏省,南京市,江宁区,1,76863c1473b1b7e2067ce899,118.90860762581443,31.935313389033045,13
8465,方山熙园,118.9093,31.933526,江苏省南京市江宁区至善路1号,江苏省,南京市,江宁区,1,76863c1473b1b7e2067ce899,118.90859785745526,31.9353044396648,14
8465,方山熙园,118.9093,31.933526,江苏省南京市江宁区至善路1号,江苏省,南京市,江宁区,1,76863c1473b1b7e2067ce899,118.90858918386103,31.935294606558426,15
8465,方山熙园,118.9093,31.933526,江苏省南京市江宁区至善路1号,江苏省,南京市,江宁区,1,76863c1473b1b7e2067ce899,118.90858160493828,31.935283789707338,16
8465,方山熙园,118.9093,31.933526,江苏省南京市江宁区至善路1号,江苏省,南京市,江宁区,1,76863c1473b1b7e2067ce899,118.90857522054628,31.935272290702073,17
8465,方山熙园,118.9093,31.933526,江苏省南京市江宁区至善路1号,江苏省,南京市,江宁区,1,76863c1473b1b7e2067ce899,118.90857013036728,31.93526021108393,18
8465,方山熙园,118.9093,31.933526,江苏省南京市江宁区至善路1号,江苏省,南京市,江宁区,1,76863c1473b1b7e2067ce899,118.9085615419288,31.935234275442244,19
8465,方山熙园,118.9093,31.933526,江苏省南京市江宁区至善路1号,江苏省,南京市,江宁区,1,76863c1473b1b7e2067ce899,118.90855874272529,31.935222530470536,20
8465,方山熙园,118.9093,31.933526,江苏省南京市江宁区至善路1号,江苏省,南京市,江宁区,1,76863c1473b1b7e2067ce899,118.90855773588471,31.93521041248863,21
8465,方山熙园,118.9093,31.933526,江苏省南京市江宁区至善路1号,江苏省,南京市,江宁区,1,76863c1473b1b7e2067ce899,118.90855872104918,31.935198424631693,22
8465,方山熙园,118.9093,31.933526,江苏省南京市江宁区至善路1号,江苏省,南京市,江宁区,1,76863c1473b1b7e2067ce899,118.90856159880232,31.935186765439347,23
8465,方山熙园,118.9093,31.933526,江苏省南京市江宁区至善路1号,江苏省,南京市,江宁区,1,76863c1473b1b7e2067ce899,118.90856626982209,31.93517573346999,24
8465,方山熙园,118.9093,31.933526,江苏省南京市江宁区至善路1号,江苏省,南京市,江宁区,1,76863c1473b1b7e2067ce899,118.90857253510057,31.9351655257497,25
8465,方山熙园,118.9093,31.933526,江苏省南京市江宁区至善路1号,江苏省,南京市,江宁区,1,76863c1473b1b7e2067ce899,118.90858049459943,31.93515654386112,26
8465,方山熙园,118.9093,31.933526,江苏省南京市江宁区至善路1号,江苏省,南京市,江宁区,1,76863c1473b1b7e2067ce899,118.90868885389811,31.9350451505514,27
8465,方山熙园,118.9093,31.933526,江苏省南京市江宁区至善路1号,江苏省,南京市,江宁区,1,76863c1473b1b7e2067ce899,118.90869760975917,31.935035579940532,28
8465,方山熙园,118.9093,31.933526,江苏省南京市江宁区至善路1号,江苏省,南京市,江宁区,1,76863c1473b1b7e2067ce899,118.90870566790097,31.935025398663644,29
8465,方山熙园,118.9093,31.933526,江苏省南京市江宁区至善路1号,江苏省,南京市,江宁区,1,76863c1473b1b7e2067ce899,118.90871302831897,31.935014606728977,30
8465,方山熙园,118.9093,31.933526,江苏省南京市江宁区至善路1号,江苏省,南京市,江宁区,1,76863c1473b1b7e2067ce899,118.90871969119198,31.935003404195438,31
8465,方山熙园,118.9093,31.933526,江苏省南京市江宁区至善路1号,江苏省,南京市,江宁区,1,76863c1473b1b7e2067ce899,118.90872545732162,31.93499178808049,32
8465,方山熙园,118.9093,31.933526,江苏省南京市江宁区至善路1号,江苏省,南京市,江宁区,1,76863c1473b1b7e2067ce899,118.90873052589995,31.93497976138246,33
8465,方山熙园,118.9093,31.933526,江苏省南京市江宁区至善路1号,江苏省,南京市,江宁区,1,76863c1473b1b7e2067ce899,118.90873469772868,31.93496732111881,34
8465,方山熙园,118.9093,31.933526,江苏省南京市江宁区至善路1号,江苏省,南京市,江宁区,1,76863c1473b1b7e2067ce899,118.9087502850073,31.934912642321784,35
8465,方山熙园,118.9093,31.933526,江苏省南京市江宁区至善路1号,江苏省,南京市,江宁区,1,76863c1473b1b7e2067ce899,118.9087508733534,31.93490244879366,36
8465,方山熙园,118.9093,31.933526,江苏省南京市江宁区至善路1号,江苏省,南京市,江宁区,1,76863c1473b1b7e2067ce899,118.9087489718149,31.934892317944204,37
8465,方山熙园,118.9093,31.933526,江苏省南京市江宁区至善路1号,江苏省,南京市,江宁区,1,76863c1473b1b7e2067ce899,118.90874458111945,31.934883049959744,38
8465,方山熙园,118.9093,31.933526,江苏省南京市江宁区至善路1号,江苏省,南京市,江宁区,1,76863c1473b1b7e2067ce899,118.90873800052404,31.934875149427818,39
8465,方山熙园,118.9093,31.933526,江苏省南京市江宁区至善路1号,江苏省,南京市,江宁区,1,76863c1473b1b7e2067ce899,118.90872972839061,31.93486902389562,40
8465,方山熙园,118.9093,31.933526,江苏省南京市江宁区至善路1号,江苏省,南京市,江宁区,1,76863c1473b1b7e2067ce899,118.9087168762825,31.934864529939496,41
8465,方山熙园,118.9093,31.933526,江苏省南京市江宁区至善路1号,江苏省,南京市,江宁区,1,76863c1473b1b7e2067ce899,118.90842284694197,31.934836183262906,42
8465,方山熙园,118.9093,31.933526,江苏省南京市江宁区至善路1号,江苏省,南京市,江宁区,1,76863c1473b1b7e2067ce899,118.90795624791721,31.934808328196,43
8465,方山熙园,118.9093,31.933526,江苏省南京市江宁区至善路1号,江苏省,南京市,江宁区,1,76863c1473b1b7e2067ce899,118.90794409835046,31.934808140363977,44
8465,方山熙园,118.9093,31.933526,江苏省南京市江宁区至善路1号,江苏省,南京市,江宁区,1,76863c1473b1b7e2067ce899,118.90793214988736,31.934810056044032,45
8465,方山熙园,118.9093,31.933526,江苏省南京市江宁区至善路1号,江苏省,南京市,江宁区,1,76863c1473b1b7e2067ce899,118.90792070128457,31.934814079865504,46
8465,方山熙园,118.9093,31.933526,江苏省南京市江宁区至善路1号,江苏省,南京市,江宁区,1,76863c1473b1b7e2067ce899,118.9079102503776,31.934820119520506,47
8465,方山熙园,118.9093,31.933526,江苏省南京市江宁区至善路1号,江苏省,南京市,江宁区,1,76863c1473b1b7e2067ce899,118.90790089638341,31.93482777647312,48
8465,方山熙园,118.9093,31.933526,江苏省南京市江宁区至善路1号,江苏省,南京市,江宁区,1,76863c1473b1b7e2067ce899,118.90789313722645,31.93483705845276,49
8465,方山熙园,118.9093,31.933526,江苏省南京市江宁区至善路1号,江苏省,南京市,江宁区,1,76863c1473b1b7e2067ce899,118.90788707212187,31.934847566925,50
8465,方山熙园,118.9093,31.933526,江苏省南京市江宁区至善路1号,江苏省,南京市,江宁区,1,76863c1473b1b7e2067ce899,118.90755185257309,31.935705037891555,51
8465,方山熙园,118.9093,31.933526,江苏省南京市江宁区至善路1号,江苏省,南京市,江宁区,1,76863c1473b1b7e2067ce899,118.90754588651119,31.935714846560035,52
8465,方山熙园,118.9093,31.933526,江苏省南京市江宁区至善路1号,江苏省,南京市,江宁区,1,76863c1473b1b7e2067ce899,118.90753802735846,31.93572342524014,53
8465,方山熙园,118.9093,31.933526,江苏省南京市江宁区至善路1号,江苏省,南京市,江宁区,1,76863c1473b1b7e2067ce899,118.90752867299956,31.935730280041117,54
8465,方山熙园,118.9093,31.933526,江苏省南京市江宁区至善路1号,江苏省,南京市,江宁区,1,76863c1473b1b7e2067ce899,118.907518221497,31.93573511712216,55
8465,方山熙园,118.9093,31.933526,江苏省南京市江宁区至善路1号,江苏省,南京市,江宁区,1,76863c1473b1b7e2067ce899,118.90750687201685,31.935737939590798,56
8465,方山熙园,118.9093,31.933526,江苏省南京市江宁区至善路1号,江苏省,南京市,江宁区,1,76863c1473b1b7e2067ce899,118.90749532144649,31.93573855833701,57
8465,方山熙园,118.9093,31.933526,江苏省南京市江宁区至善路1号,江苏省,南京市,江宁区,1,76863c1473b1b7e2067ce899,118.90748376885675,31.93573687646152,58
8465,方山熙园,118.9093,31.933526,江苏省南京市江宁区至善路1号,江苏省,南京市,江宁区,1,76863c1473b1b7e2067ce899,118.90680525015424,31.93559706096573,59
8465,方山熙园,118.9093,31.933526,江苏省南京市江宁区至善路1号,江苏省,南京市,江宁区,1,76863c1473b1b7e2067ce899,118.9067920042092,31.935593347222405,60
8465,方山熙园,118.9093,31.933526,江苏省南京市江宁区至善路1号,江苏省,南京市,江宁区,1,76863c1473b1b7e2067ce899,118.90678323715525,31.935587704985693,61
8465,方山熙园,118.9093,31.933526,江苏省南京市江宁区至善路1号,江苏省,南京市,江宁区,1,76863c1473b1b7e2067ce899,118.90677606144772,31.93558008786282,62
8465,方山熙园,118.9093,31.933526,江苏省南京市江宁区至善路1号,江苏省,南京市,江宁区,1,76863c1473b1b7e2067ce899,118.90677107494663,31.935571005602384,63
8465,方山熙园,118.9093,31.933526,江苏省南京市江宁区至善路1号,江苏省,南京市,江宁区,1,76863c1473b1b7e2067ce899,118.90676847723036,31.93556096154637,64
8465,方山熙园,118.9093,31.933526,江苏省南京市江宁区至善路1号,江苏省,南京市,江宁区,1,76863c1473b1b7e2067ce899,118.90676836848777,31.935550657473833,65
8465,方山熙园,118.9093,31.933526,江苏省南京市江宁区至善路1号,江苏省,南京市,江宁区,1,76863c1473b1b7e2067ce899,118.90713688486844,31.93456272561732,66
8465,方山熙园,118.9093,31.933526,江苏省南京市江宁区至善路1号,江苏省,南京市,江宁区,1,76863c1473b1b7e2067ce899,118.90846188239021,31.931346239211376,67
8465,方山熙园,118.9093,31.933526,江苏省南京市江宁区至善路1号,江苏省,南京市,江宁区,1,76863c1473b1b7e2067ce899,118.90846765050331,31.931337724553174,68
8465,方山熙园,118.9093,31.933526,江苏省南京市江宁区至善路1号,江苏省,南京市,江宁区,1,76863c1473b1b7e2067ce899,118.90847531228216,31.931330638926315,69
8465,方山熙园,118.9093,31.933526,江苏省南京市江宁区至善路1号,江苏省,南京市,江宁区,1,76863c1473b1b7e2067ce899,118.90848427065183,31.931325473382394,70
8465,方山熙园,118.9093,31.933526,江苏省南京市江宁区至善路1号,江苏省,南京市,江宁区,1,76863c1473b1b7e2067ce899,118.90849422712604,31.931322523454963,71
8465,方山熙园,118.9093,31.933526,江苏省南京市江宁区至善路1号,江苏省,南京市,江宁区,1,76863c1473b1b7e2067ce899,118.90850807026187,31.93132213293146,72
8465,方山熙园,118.9093,31.933526,江苏省南京市江宁区至善路1号,江苏省,南京市,江宁区,1,76863c1473b1b7e2067ce899,118.908518231318,31.931324687321933,73
8465,方山熙园,118.9093,31.933526,江苏省南京市江宁区至善路1号,江苏省,南京市,江宁区,1,76863c1473b1b7e2067ce899,118.91009668867508,31.93213811395287,74
8465,方山熙园,118.9093,31.933526,江苏省南京市江宁区至善路1号,江苏省,南京市,江宁区,1,76863c1473b1b7e2067ce899,118.91177763259567,31.93308079483953,75
8465,方山熙园,118.9093,31.933526,江苏省南京市江宁区至善路1号,江苏省,南京市,江宁区,1,76863c1473b1b7e2067ce899,118.91178630740893,31.93308630904564,76
8465,方山熙园,118.9093,31.933526,江苏省南京市江宁区至善路1号,江苏省,南京市,江宁区,1,76863c1473b1b7e2067ce899,118.91179309083184,31.93309389910847,77
8465,方山熙园,118.9093,31.933526,江苏省南京市江宁区至善路1号,江苏省,南京市,江宁区,1,76863c1473b1b7e2067ce899,118.9117976833334,31.933102961013983,78
8465,方山熙园,118.9093,31.933526,江苏省南京市江宁区至善路1号,江苏省,南京市,江宁区,1,76863c1473b1b7e2067ce899,118.91179968582438,31.93311298947366,79
8465,方山熙园,118.9093,31.933526,江苏省南京市江宁区至善路1号,江苏省,南京市,江宁区,1,76863c1473b1b7e2067ce899,118.91179909745314,31.933123084269877,80
8465,方山熙园,118.9093,31.933526,江苏省南京市江宁区至善路1号,江苏省,南京市,江宁区,1,76863c1473b1b7e2067ce899,118.91179571834759,31.93313264265484,81
8465,方山熙园,118.9093,31.933526,江苏省南京市江宁区至善路1号,江苏省,南京市,江宁区,1,76863c1473b1b7e2067ce899,118.91179004611423,31.933140970911637,82
8466,商苑小区,118.905404,31.931324,南京市江宁区宋墅路1号,江苏省,南京市,江宁区,1,7e54f0865a6587fd1d58002a,118.90432145592295,31.932225565350304,1
8466,商苑小区,118.905404,31.931324,南京市江宁区宋墅路1号,江苏省,南京市,江宁区,1,7e54f0865a6587fd1d58002a,118.9042091677342,31.932118309772424,2
8466,商苑小区,118.905404,31.931324,南京市江宁区宋墅路1号,江苏省,南京市,江宁区,1,7e54f0865a6587fd1d58002a,118.90415778465905,31.931914140769607,3
8466,商苑小区,118.905404,31.931324,南京市江宁区宋墅路1号,江苏省,南京市,江宁区,1,7e54f0865a6587fd1d58002a,118.90485145617383,31.929915711929937,4
8466,商苑小区,118.905404,31.931324,南京市江宁区宋墅路1号,江苏省,南京市,江宁区,1,7e54f0865a6587fd1d58002a,118.90594738889601,31.9302145022393,5
8466,商苑小区,118.905404,31.931324,南京市江宁区宋墅路1号,江苏省,南京市,江宁区,1,7e54f0865a6587fd1d58002a,118.90612462457314,31.930015538647492,6
8466,商苑小区,118.905404,31.931324,南京市江宁区宋墅路1号,江苏省,南京市,江宁区,1,7e54f0865a6587fd1d58002a,118.90667771127563,31.930355852697847,7
8466,商苑小区,118.905404,31.931324,南京市江宁区宋墅路1号,江苏省,南京市,江宁区,1,7e54f0865a6587fd1d58002a,118.90677832149274,31.930552747008807,8
8466,商苑小区,118.905404,31.931324,南京市江宁区宋墅路1号,江苏省,南京市,江宁区,1,7e54f0865a6587fd1d58002a,118.90670052823559,31.930857127920913,9
8466,商苑小区,118.905404,31.931324,南京市江宁区宋墅路1号,江苏省,南京市,江宁区,1,7e54f0865a6587fd1d58002a,118.9055762090593,31.93285201201211,10
8466,商苑小区,118.905404,31.931324,南京市江宁区宋墅路1号,江苏省,南京市,江宁区,1,7e54f0865a6587fd1d58002a,118.90528713434618,31.932907401426377,11
8466,商苑小区,118.905404,31.931324,南京市江宁区宋墅路1号,江苏省,南京市,江宁区,1,7e54f0865a6587fd1d58002a,118.90432145592295,31.932225565350304,12
8467,弘阳上院,118.905054,31.934046,江苏省南京市江宁区龙眠大道和月华路交界处,江苏省,南京市,江宁区,1,f69c8c99629810ccca09f03a,118.90413954905718,31.932395105516775,1
8467,弘阳上院,118.905054,31.934046,江苏省南京市江宁区龙眠大道和月华路交界处,江苏省,南京市,江宁区,1,f69c8c99629810ccca09f03a,118.90539717677115,31.93299266888206,2
8467,弘阳上院,118.905054,31.934046,江苏省南京市江宁区龙眠大道和月华路交界处,江苏省,南京市,江宁区,1,f69c8c99629810ccca09f03a,118.90700514363401,31.9343180197853,3
8467,弘阳上院,118.905054,31.934046,江苏省南京市江宁区龙眠大道和月华路交界处,江苏省,南京市,江宁区,1,f69c8c99629810ccca09f03a,118.90653398239404,31.935448000259424,4
8467,弘阳上院,118.905054,31.934046,江苏省南京市江宁区龙眠大道和月华路交界处,江苏省,南京市,江宁区,1,f69c8c99629810ccca09f03a,118.90642600607174,31.93555900572023,5
8467,弘阳上院,118.905054,31.934046,江苏省南京市江宁区龙眠大道和月华路交界处,江苏省,南京市,江宁区,1,f69c8c99629810ccca09f03a,118.90311098924825,31.93434483304376,6
8467,弘阳上院,118.905054,31.934046,江苏省南京市江宁区龙眠大道和月华路交界处,江苏省,南京市,江宁区,1,f69c8c99629810ccca09f03a,118.9030705655003,31.93425290183902,7
8467,弘阳上院,118.905054,31.934046,江苏省南京市江宁区龙眠大道和月华路交界处,江苏省,南京市,江宁区,1,f69c8c99629810ccca09f03a,118.90413954905718,31.932395105516775,8
8468,博学苑玉兰园,118.907096,31.93157,南京市江宁区江宁大学城至善路1号,江苏省,南京市,江宁区,1,1187b4462b6a21d66240a9ab,118.90673403503109,31.9322670119362,1
8468,博学苑玉兰园,118.907096,31.93157,南京市江宁区江宁大学城至善路1号,江苏省,南京市,江宁区,1,1187b4462b6a21d66240a9ab,118.90663046040581,31.932634207944282,2
8468,博学苑玉兰园,118.907096,31.93157,南京市江宁区江宁大学城至善路1号,江苏省,南京市,江宁区,1,1187b4462b6a21d66240a9ab,118.906648426516,31.93273763238194,3
8468,博学苑玉兰园,118.907096,31.93157,南京市江宁区江宁大学城至善路1号,江苏省,南京市,江宁区,1,1187b4462b6a21d66240a9ab,118.90753325744333,31.932990447179378,4
8468,博学苑玉兰园,118.907096,31.93157,南京市江宁区江宁大学城至善路1号,江苏省,南京市,江宁区,1,1187b4462b6a21d66240a9ab,118.90826088490641,31.93130117134296,5
8468,博学苑玉兰园,118.907096,31.93157,南京市江宁区江宁大学城至善路1号,江苏省,南京市,江宁区,1,1187b4462b6a21d66240a9ab,118.90826537643396,31.93123988183451,6
8468,博学苑玉兰园,118.907096,31.93157,南京市江宁区江宁大学城至善路1号,江苏省,南京市,江宁区,1,1187b4462b6a21d66240a9ab,118.90824741032377,31.931186253480774,7
8468,博学苑玉兰园,118.907096,31.93157,南京市江宁区江宁大学城至善路1号,江苏省,南京市,江宁区,1,1187b4462b6a21d66240a9ab,118.9069538503894,31.93051206576779,8
8468,博学苑玉兰园,118.907096,31.93157,南京市江宁区江宁大学城至善路1号,江苏省,南京市,江宁区,1,1187b4462b6a21d66240a9ab,118.90625766361916,31.931649754637636,9
8468,博学苑玉兰园,118.907096,31.93157,南京市江宁区江宁大学城至善路1号,江苏省,南京市,江宁区,1,1187b4462b6a21d66240a9ab,118.90608249404472,31.93199833659773,10
8468,博学苑玉兰园,118.907096,31.93157,南京市江宁区江宁大学城至善路1号,江苏省,南京市,江宁区,1,1187b4462b6a21d66240a9ab,118.90673403503109,31.9322670119362,11
8473,鸿裕华庭,118.945042,31.940833,南京市江宁区淳化街道东月桥路246号,江苏省,南京市,江宁区,1,a3f3fbf8b2a0dbbf87154138,118.94479160314816,31.94251959077161,1
8473,鸿裕华庭,118.945042,31.940833,南京市江宁区淳化街道东月桥路246号,江苏省,南京市,江宁区,1,a3f3fbf8b2a0dbbf87154138,118.94605458386468,31.94204682921424,2
8473,鸿裕华庭,118.945042,31.940833,南京市江宁区淳化街道东月桥路246号,江苏省,南京市,江宁区,1,a3f3fbf8b2a0dbbf87154138,118.9460876855244,31.941987290881244,3
8473,鸿裕华庭,118.945042,31.940833,南京市江宁区淳化街道东月桥路246号,江苏省,南京市,江宁区,1,a3f3fbf8b2a0dbbf87154138,118.94608160938593,31.941914373349277,4
8473,鸿裕华庭,118.945042,31.940833,南京市江宁区淳化街道东月桥路246号,江苏省,南京市,江宁区,1,a3f3fbf8b2a0dbbf87154138,118.94507253292521,31.93941665104571,5
8473,鸿裕华庭,118.945042,31.940833,南京市江宁区淳化街道东月桥路246号,江苏省,南京市,江宁区,1,a3f3fbf8b2a0dbbf87154138,118.94499213458208,31.939331867929322,6
8473,鸿裕华庭,118.945042,31.940833,南京市江宁区淳化街道东月桥路246号,江苏省,南京市,江宁区,1,a3f3fbf8b2a0dbbf87154138,118.94487867769786,31.939346608894635,7
8473,鸿裕华庭,118.945042,31.940833,南京市江宁区淳化街道东月桥路246号,江苏省,南京市,江宁区,1,a3f3fbf8b2a0dbbf87154138,118.9436991908853,31.93968731797107,8
8473,鸿裕华庭,118.945042,31.940833,南京市江宁区淳化街道东月桥路246号,江苏省,南京市,江宁区,1,a3f3fbf8b2a0dbbf87154138,118.94479160314816,31.94251959077161,9
8474,淳化镇淳湖佳苑,118.94982,31.936316,江苏省南京市江宁区淳化街道淳化社区上漆阁路淳湖佳苑,江苏省,南京市,江宁区,1,af2a5cbf0fa6cae8bbbd6307,118.94886711608092,31.938040421022784,1
8474,淳化镇淳湖佳苑,118.94982,31.936316,江苏省南京市江宁区淳化街道淳化社区上漆阁路淳湖佳苑,江苏省,南京市,江宁区,1,af2a5cbf0fa6cae8bbbd6307,118.95177625185937,31.937233985187003,2
8474,淳化镇淳湖佳苑,118.94982,31.936316,江苏省南京市江宁区淳化街道淳化社区上漆阁路淳湖佳苑,江苏省,南京市,江宁区,1,af2a5cbf0fa6cae8bbbd6307,118.95186257745411,31.937122401188493,3
8474,淳化镇淳湖佳苑,118.94982,31.936316,江苏省南京市江宁区淳化街道淳化社区上漆阁路淳湖佳苑,江苏省,南京市,江宁区,1,af2a5cbf0fa6cae8bbbd6307,118.95057718698054,31.93461375526289,4
8474,淳化镇淳湖佳苑,118.94982,31.936316,江苏省南京市江宁区淳化街道淳化社区上漆阁路淳湖佳苑,江苏省,南京市,江宁区,1,af2a5cbf0fa6cae8bbbd6307,118.95038316685016,31.93450815785025,5
8474,淳化镇淳湖佳苑,118.94982,31.936316,江苏省南京市江宁区淳化街道淳化社区上漆阁路淳湖佳苑,江苏省,南京市,江宁区,1,af2a5cbf0fa6cae8bbbd6307,118.94812036400624,31.93531243950065,6
8474,淳化镇淳湖佳苑,118.94982,31.936316,江苏省南京市江宁区淳化街道淳化社区上漆阁路淳湖佳苑,江苏省,南京市,江宁区,1,af2a5cbf0fa6cae8bbbd6307,118.94807722512071,31.935376182092615,7
8474,淳化镇淳湖佳苑,118.94982,31.936316,江苏省南京市江宁区淳化街道淳化社区上漆阁路淳湖佳苑,江苏省,南京市,江宁区,1,af2a5cbf0fa6cae8bbbd6307,118.94844565190043,31.937401457864336,8
8474,淳化镇淳湖佳苑,118.94982,31.936316,江苏省南京市江宁区淳化街道淳化社区上漆阁路淳湖佳苑,江苏省,南京市,江宁区,1,af2a5cbf0fa6cae8bbbd6307,118.94858641548973,31.93754409874552,9
8474,淳化镇淳湖佳苑,118.94982,31.936316,江苏省南京市江宁区淳化街道淳化社区上漆阁路淳湖佳苑,江苏省,南京市,江宁区,1,af2a5cbf0fa6cae8bbbd6307,118.94870501174361,31.937606091183195,10
8474,淳化镇淳湖佳苑,118.94982,31.936316,江苏省南京市江宁区淳化街道淳化社区上漆阁路淳湖佳苑,江苏省,南京市,江宁区,1,af2a5cbf0fa6cae8bbbd6307,118.94886711608092,31.938040421022784,11
8475,旺运花园,118.94389,31.938183,南京市江宁区淳化街道东月桥路332号,江苏省,南京市,江宁区,1,7736ddada7584cbfc356ac42,118.94387097294965,31.936897036049757,1
8475,旺运花园,118.94389,31.938183,南京市江宁区淳化街道东月桥路332号,江苏省,南京市,江宁区,1,7736ddada7584cbfc356ac42,118.94478302253394,31.939183960594043,2
8475,旺运花园,118.94389,31.938183,南京市江宁区淳化街道东月桥路332号,江苏省,南京市,江宁区,1,7736ddada7584cbfc356ac42,118.94368996438939,31.939495436910505,3
8475,旺运花园,118.94389,31.938183,南京市江宁区淳化街道东月桥路332号,江苏省,南京市,江宁区,1,7736ddada7584cbfc356ac42,118.94366184742692,31.93948180122589,4
8475,旺运花园,118.94389,31.938183,南京市江宁区淳化街道东月桥路332号,江苏省,南京市,江宁区,1,7736ddada7584cbfc356ac42,118.9428259741499,31.937342275721328,5
8475,旺运花园,118.94389,31.938183,南京市江宁区淳化街道东月桥路332号,江苏省,南京市,江宁区,1,7736ddada7584cbfc356ac42,118.94287798603892,31.937215031777285,6
8475,旺运花园,118.94389,31.938183,南京市江宁区淳化街道东月桥路332号,江苏省,南京市,江宁区,1,7736ddada7584cbfc356ac42,118.94387097294965,31.936897036049757,7
8479,索墅新苑,119.009112,31.933502,南京市江宁区淳化街道索墅社区G104,江苏省,南京市,江宁区,1,b0dfd85f1b70b8fa0b69d996,119.00955480234758,31.933524267148474,1
8479,索墅新苑,119.009112,31.933502,南京市江宁区淳化街道索墅社区G104,江苏省,南京市,江宁区,1,b0dfd85f1b70b8fa0b69d996,119.00957303794945,31.933149030648558,2
8479,索墅新苑,119.009112,31.933502,南京市江宁区淳化街道索墅社区G104,江苏省,南京市,江宁区,1,b0dfd85f1b70b8fa0b69d996,119.00863897988017,31.93330600502789,3
8479,索墅新苑,119.009112,31.933502,南京市江宁区淳化街道索墅社区G104,江苏省,南京市,江宁区,1,b0dfd85f1b70b8fa0b69d996,119.00854501712382,31.933494006197762,4
8479,索墅新苑,119.009112,31.933502,南京市江宁区淳化街道索墅社区G104,江苏省,南京市,江宁区,1,b0dfd85f1b70b8fa0b69d996,119.00865703582092,31.93383101302809,5
8479,索墅新苑,119.009112,31.933502,南京市江宁区淳化街道索墅社区G104,江苏省,南京市,江宁区,1,b0dfd85f1b70b8fa0b69d996,119.0094357768675,31.933725368147773,6
8479,索墅新苑,119.009112,31.933502,南京市江宁区淳化街道索墅社区G104,江苏省,南京市,江宁区,1,b0dfd85f1b70b8fa0b69d996,119.00955480234758,31.933524267148474,7
8480,锦华新城,118.645317,31.929501,江苏省南京市雨花台区凤汇大道19号,江苏省,南京市,雨花台区,1,b851a80bf6cb29b7ab175a4f,118.64273957476513,31.92948385009061,1
8480,锦华新城,118.645317,31.929501,江苏省南京市雨花台区凤汇大道19号,江苏省,南京市,雨花台区,1,b851a80bf6cb29b7ab175a4f,118.64280683429202,31.929398172028762,2
8480,锦华新城,118.645317,31.929501,江苏省南京市雨花台区凤汇大道19号,江苏省,南京市,雨花台区,1,b851a80bf6cb29b7ab175a4f,118.64344387367376,31.92889192562912,3
8480,锦华新城,118.645317,31.929501,江苏省南京市雨花台区凤汇大道19号,江苏省,南京市,雨花台区,1,b851a80bf6cb29b7ab175a4f,118.64520817308217,31.9275484311997,4
8480,锦华新城,118.645317,31.929501,江苏省南京市雨花台区凤汇大道19号,江苏省,南京市,雨花台区,1,b851a80bf6cb29b7ab175a4f,118.64546912506812,31.927400257062242,5
8480,锦华新城,118.645317,31.929501,江苏省南京市雨花台区凤汇大道19号,江苏省,南京市,雨花台区,1,b851a80bf6cb29b7ab175a4f,118.64563934942923,31.927346914228586,6
8480,锦华新城,118.645317,31.929501,江苏省南京市雨花台区凤汇大道19号,江苏省,南京市,雨花台区,1,b851a80bf6cb29b7ab175a4f,118.64580074710608,31.927431482438628,7
8480,锦华新城,118.645317,31.929501,江苏省南京市雨花台区凤汇大道19号,江苏省,南京市,雨花台区,1,b851a80bf6cb29b7ab175a4f,118.64788319547615,31.929457818551068,8
8480,锦华新城,118.645317,31.929501,江苏省南京市雨花台区凤汇大道19号,江苏省,南京市,雨花台区,1,b851a80bf6cb29b7ab175a4f,118.6459895726377,31.931070394861855,9
8480,锦华新城,118.645317,31.929501,江苏省南京市雨花台区凤汇大道19号,江苏省,南京市,雨花台区,1,b851a80bf6cb29b7ab175a4f,118.64571858035026,31.931323762707,10
8480,锦华新城,118.645317,31.929501,江苏省南京市雨花台区凤汇大道19号,江苏省,南京市,雨花台区,1,b851a80bf6cb29b7ab175a4f,118.64545752696492,31.931569322852972,11
8480,锦华新城,118.645317,31.929501,江苏省南京市雨花台区凤汇大道19号,江苏省,南京市,雨花台区,1,b851a80bf6cb29b7ab175a4f,118.6453150298508,31.931674926208583,12
8480,锦华新城,118.645317,31.929501,江苏省南京市雨花台区凤汇大道19号,江苏省,南京市,雨花台区,1,b851a80bf6cb29b7ab175a4f,118.6451135275256,31.931730416059267,13
8480,锦华新城,118.645317,31.929501,江苏省南京市雨花台区凤汇大道19号,江苏省,南京市,雨花台区,1,b851a80bf6cb29b7ab175a4f,118.6433972806627,31.930120363050936,14
8480,锦华新城,118.645317,31.929501,江苏省南京市雨花台区凤汇大道19号,江苏省,南京市,雨花台区,1,b851a80bf6cb29b7ab175a4f,118.64274864030624,31.929584002450873,15
8480,锦华新城,118.645317,31.929501,江苏省南京市雨花台区凤汇大道19号,江苏省,南京市,雨花台区,1,b851a80bf6cb29b7ab175a4f,118.64273957476513,31.92948385009061,16
8481,梦幻家,118.647806,31.92754,江苏省南京市雨花台区凤汇大道15号,江苏省,南京市,雨花台区,1,cd47a77967204b9f8505bfc5,118.64582200813297,31.927045972611356,1
8481,梦幻家,118.647806,31.92754,江苏省南京市雨花台区凤汇大道15号,江苏省,南京市,雨花台区,1,cd47a77967204b9f8505bfc5,118.64733098172863,31.925927993247203,2
8481,梦幻家,118.647806,31.92754,江苏省南京市雨花台区凤汇大道15号,江苏省,南京市,雨花台区,1,cd47a77967204b9f8505bfc5,118.64977500152962,31.927613001717948,3
8481,梦幻家,118.647806,31.92754,江苏省南京市雨花台区凤汇大道15号,江苏省,南京市,雨花台区,1,cd47a77967204b9f8505bfc5,118.64804100240372,31.929091964953226,4
8481,梦幻家,118.647806,31.92754,江苏省南京市雨花台区凤汇大道15号,江苏省,南京市,雨花台区,1,cd47a77967204b9f8505bfc5,118.64582200813297,31.927045972611356,5
8482,弘阳·春上西江,118.645944,31.925938,江苏省南京市雨花台区龙慧路8号,江苏省,南京市,雨花台区,1,f261d61fdc4b886e1811d5d8,118.64538181507713,31.926731722196116,1
8482,弘阳·春上西江,118.645944,31.925938,江苏省南京市雨花台区龙慧路8号,江苏省,南京市,雨花台区,1,f261d61fdc4b886e1811d5d8,118.64551540658105,31.926884849891874,2
8482,弘阳·春上西江,118.645944,31.925938,江苏省南京市雨花台区龙慧路8号,江苏省,南京市,雨花台区,1,f261d61fdc4b886e1811d5d8,118.64562802893946,31.926983643247983,3
8482,弘阳·春上西江,118.645944,31.925938,江苏省南京市雨花台区龙慧路8号,江苏省,南京市,雨花台区,1,f261d61fdc4b886e1811d5d8,118.64572166291597,31.927015126463804,4
8482,弘阳·春上西江,118.645944,31.925938,江苏省南京市雨花台区龙慧路8号,江苏省,南京市,雨花台区,1,f261d61fdc4b886e1811d5d8,118.6457953419339,31.927009289054645,5
8482,弘阳·春上西江,118.645944,31.925938,江苏省南京市雨花台区龙慧路8号,江苏省,南京市,雨花台区,1,f261d61fdc4b886e1811d5d8,118.6458739867847,31.926990529907886,6
8482,弘阳·春上西江,118.645944,31.925938,江苏省南京市雨花台区龙慧路8号,江苏省,南京市,雨花台区,1,f261d61fdc4b886e1811d5d8,118.64726081059372,31.925905732584926,7
8482,弘阳·春上西江,118.645944,31.925938,江苏省南京市雨花台区龙慧路8号,江苏省,南京市,雨花台区,1,f261d61fdc4b886e1811d5d8,118.64589279730207,31.92491629735855,8
8482,弘阳·春上西江,118.645944,31.925938,江苏省南京市雨花台区龙慧路8号,江苏省,南京市,雨花台区,1,f261d61fdc4b886e1811d5d8,118.64509747084084,31.925219921824635,9
8482,弘阳·春上西江,118.645944,31.925938,江苏省南京市雨花台区龙慧路8号,江苏省,南京市,雨花台区,1,f261d61fdc4b886e1811d5d8,118.64546331384453,31.925592703258726,10
8482,弘阳·春上西江,118.645944,31.925938,江苏省南京市雨花台区龙慧路8号,江苏省,南京市,雨花台区,1,f261d61fdc4b886e1811d5d8,118.64474284677466,31.926111710561692,11
8482,弘阳·春上西江,118.645944,31.925938,江苏省南京市雨花台区龙慧路8号,江苏省,南京市,雨花台区,1,f261d61fdc4b886e1811d5d8,118.64538181507713,31.926731722196116,12
8483,雨花区锦华新城二期南片,118.643595,31.927341,凤锦路与龙藏大道交叉口南100米,江苏省,南京市,雨花台区,1,57f3bfc784f51ef59d9d6899,118.64267634615238,31.9274288408427,1
8483,雨花区锦华新城二期南片,118.643595,31.927341,凤锦路与龙藏大道交叉口南100米,江苏省,南京市,雨花台区,1,57f3bfc784f51ef59d9d6899,118.64370828538664,31.92834583146312,2
8483,雨花区锦华新城二期南片,118.643595,31.927341,凤锦路与龙藏大道交叉口南100米,江苏省,南京市,雨花台区,1,57f3bfc784f51ef59d9d6899,118.64475316291514,31.92744921065506,3
8483,雨花区锦华新城二期南片,118.643595,31.927341,凤锦路与龙藏大道交叉口南100米,江苏省,南京市,雨花台区,1,57f3bfc784f51ef59d9d6899,118.64389977357898,31.926615199595123,4
8483,雨花区锦华新城二期南片,118.643595,31.927341,凤锦路与龙藏大道交叉口南100米,江苏省,南京市,雨花台区,1,57f3bfc784f51ef59d9d6899,118.64318956515802,31.926619886796566,5
8483,雨花区锦华新城二期南片,118.643595,31.927341,凤锦路与龙藏大道交叉口南100米,江苏省,南京市,雨花台区,1,57f3bfc784f51ef59d9d6899,118.64318660164815,31.926644850901855,6
8483,雨花区锦华新城二期南片,118.643595,31.927341,凤锦路与龙藏大道交叉口南100米,江苏省,南京市,雨花台区,1,57f3bfc784f51ef59d9d6899,118.64265661936338,31.926639362147398,7
8483,雨花区锦华新城二期南片,118.643595,31.927341,凤锦路与龙藏大道交叉口南100米,江苏省,南京市,雨花台区,1,57f3bfc784f51ef59d9d6899,118.64266367285823,31.926718481009406,8
8483,雨花区锦华新城二期南片,118.643595,31.927341,凤锦路与龙藏大道交叉口南100米,江苏省,南京市,雨花台区,1,57f3bfc784f51ef59d9d6899,118.64261386091941,31.926718786476275,9
8483,雨花区锦华新城二期南片,118.643595,31.927341,凤锦路与龙藏大道交叉口南100米,江苏省,南京市,雨花台区,1,57f3bfc784f51ef59d9d6899,118.64267634615238,31.9274288408427,10
8484,朝阳西苑,118.657649,31.924237,江苏省南京市雨花台区雄风路169号,江苏省,南京市,雨花台区,1,d0994e8979bb5d719e9d683b,118.65498418535144,31.92396904455744,1
8484,朝阳西苑,118.657649,31.924237,江苏省南京市雨花台区雄风路169号,江苏省,南京市,雨花台区,1,d0994e8979bb5d719e9d683b,118.65496361415525,31.923857718493664,2
8484,朝阳西苑,118.657649,31.924237,江苏省南京市雨花台区雄风路169号,江苏省,南京市,雨花台区,1,d0994e8979bb5d719e9d683b,118.65507985488824,31.923712833509004,3
8484,朝阳西苑,118.657649,31.924237,江苏省南京市雨花台区雄风路169号,江苏省,南京市,雨花台区,1,d0994e8979bb5d719e9d683b,118.65664281664505,31.92259381717707,4
8484,朝阳西苑,118.657649,31.924237,江苏省南京市雨花台区雄风路169号,江苏省,南京市,雨花台区,1,d0994e8979bb5d719e9d683b,118.6567718133163,31.92260523343501,5
8484,朝阳西苑,118.657649,31.924237,江苏省南京市雨花台区雄风路169号,江苏省,南京市,雨花台区,1,d0994e8979bb5d719e9d683b,118.65747249161409,31.92300748322094,6
8484,朝阳西苑,118.657649,31.924237,江苏省南京市雨花台区雄风路169号,江苏省,南京市,雨花台区,1,d0994e8979bb5d719e9d683b,118.65784528840072,31.92318753731144,7
8484,朝阳西苑,118.657649,31.924237,江苏省南京市雨花台区雄风路169号,江苏省,南京市,雨花台区,1,d0994e8979bb5d719e9d683b,118.65843601410408,31.923375023043544,8
8484,朝阳西苑,118.657649,31.924237,江苏省南京市雨花台区雄风路169号,江苏省,南京市,雨花台区,1,d0994e8979bb5d719e9d683b,118.658770543076,31.923436547701105,9
8484,朝阳西苑,118.657649,31.924237,江苏省南京市雨花台区雄风路169号,江苏省,南京市,雨花台区,1,d0994e8979bb5d719e9d683b,118.66070342704182,31.923513472619227,10
8484,朝阳西苑,118.657649,31.924237,江苏省南京市雨花台区雄风路169号,江苏省,南京市,雨花台区,1,d0994e8979bb5d719e9d683b,118.66066785414361,31.923766849355196,11
8484,朝阳西苑,118.657649,31.924237,江苏省南京市雨花台区雄风路169号,江苏省,南京市,雨花台区,1,d0994e8979bb5d719e9d683b,118.66054164221947,31.923927594194467,12
8484,朝阳西苑,118.657649,31.924237,江苏省南京市雨花台区雄风路169号,江苏省,南京市,雨花台区,1,d0994e8979bb5d719e9d683b,118.66019884883687,31.92399969176377,13
8484,朝阳西苑,118.657649,31.924237,江苏省南京市雨花台区雄风路169号,江苏省,南京市,雨花台区,1,d0994e8979bb5d719e9d683b,118.65993070464212,31.924329761522323,14
8484,朝阳西苑,118.657649,31.924237,江苏省南京市雨花台区雄风路169号,江苏省,南京市,雨花台区,1,d0994e8979bb5d719e9d683b,118.65980440288743,31.925053336445227,15
8484,朝阳西苑,118.657649,31.924237,江苏省南京市雨花台区雄风路169号,江苏省,南京市,雨花台区,1,d0994e8979bb5d719e9d683b,118.65966229095575,31.925207719804163,16
8484,朝阳西苑,118.657649,31.924237,江苏省南京市雨花台区雄风路169号,江苏省,南京市,雨花台区,1,d0994e8979bb5d719e9d683b,118.65887384820965,31.925294526808653,17
8484,朝阳西苑,118.657649,31.924237,江苏省南京市雨花台区雄风路169号,江苏省,南京市,雨花台区,1,d0994e8979bb5d719e9d683b,118.65853833110165,31.925329617348325,18
8484,朝阳西苑,118.657649,31.924237,江苏省南京市雨花台区雄风路169号,江苏省,南京市,雨花台区,1,d0994e8979bb5d719e9d683b,118.65837807339868,31.925545370238353,19
8484,朝阳西苑,118.657649,31.924237,江苏省南京市雨花台区雄风路169号,江苏省,南京市,雨花台区,1,d0994e8979bb5d719e9d683b,118.6582585089353,31.925623978941257,20
8484,朝阳西苑,118.657649,31.924237,江苏省南京市雨花台区雄风路169号,江苏省,南京市,雨花台区,1,d0994e8979bb5d719e9d683b,118.6575917865858,31.92569477268582,21
8484,朝阳西苑,118.657649,31.924237,江苏省南京市雨花台区雄风路169号,江苏省,南京市,雨花台区,1,d0994e8979bb5d719e9d683b,118.65752189841713,31.92583666647565,22
8484,朝阳西苑,118.657649,31.924237,江苏省南京市雨花台区雄风路169号,江苏省,南京市,雨花台区,1,d0994e8979bb5d719e9d683b,118.65708891516131,31.92587658364126,23
8484,朝阳西苑,118.657649,31.924237,江苏省南京市雨花台区雄风路169号,江苏省,南京市,雨花台区,1,d0994e8979bb5d719e9d683b,118.65694401848256,31.925904318782493,24
8484,朝阳西苑,118.657649,31.924237,江苏省南京市雨花台区雄风路169号,江苏省,南京市,雨花台区,1,d0994e8979bb5d719e9d683b,118.65682139978044,31.925853981793395,25
8484,朝阳西苑,118.657649,31.924237,江苏省南京市雨花台区雄风路169号,江苏省,南京市,雨花台区,1,d0994e8979bb5d719e9d683b,118.65653996066416,31.925459023173616,26
8484,朝阳西苑,118.657649,31.924237,江苏省南京市雨花台区雄风路169号,江苏省,南京市,雨花台区,1,d0994e8979bb5d719e9d683b,118.65498418535144,31.92396904455744,27
8485,静华公寓,118.660087,31.925292,南京市雨花台区板桥街道雄风路101号,江苏省,南京市,雨花台区,1,d4034eb3a22b07f6c1364488,118.6611299685488,31.924180382808967,1
8485,静华公寓,118.660087,31.925292,南京市雨花台区板桥街道雄风路101号,江苏省,南京市,雨花台区,1,d4034eb3a22b07f6c1364488,118.66011015374403,31.924327772909244,2
8485,静华公寓,118.660087,31.925292,南京市雨花台区板桥街道雄风路101号,江苏省,南京市,雨花台区,1,d4034eb3a22b07f6c1364488,118.65993707811973,31.924391603574886,3
8485,静华公寓,118.660087,31.925292,南京市雨花台区板桥街道雄风路101号,江苏省,南京市,雨花台区,1,d4034eb3a22b07f6c1364488,118.65995684263756,31.925243183042163,4
8485,静华公寓,118.660087,31.925292,南京市雨花台区板桥街道雄风路101号,江苏省,南京市,雨花台区,1,d4034eb3a22b07f6c1364488,118.65915389854561,31.925289353634504,5
8485,静华公寓,118.660087,31.925292,南京市雨花台区板桥街道雄风路101号,江苏省,南京市,雨花台区,1,d4034eb3a22b07f6c1364488,118.65855395712602,31.925336217126485,6
8485,静华公寓,118.660087,31.925292,南京市雨花台区板桥街道雄风路101号,江苏省,南京市,雨花台区,1,d4034eb3a22b07f6c1364488,118.6585152194975,31.925403512923953,7
8485,静华公寓,118.660087,31.925292,南京市雨花台区板桥街道雄风路101号,江苏省,南京市,雨花台区,1,d4034eb3a22b07f6c1364488,118.65853921952582,31.925521989805773,8
8485,静华公寓,118.660087,31.925292,南京市雨花台区板桥街道雄风路101号,江苏省,南京市,雨花台区,1,d4034eb3a22b07f6c1364488,118.65833144325796,31.925697163352826,9
8485,静华公寓,118.660087,31.925292,南京市雨花台区板桥街道雄风路101号,江苏省,南京市,雨花台区,1,d4034eb3a22b07f6c1364488,118.65751677807572,31.925920007751333,10
8485,静华公寓,118.660087,31.925292,南京市雨花台区板桥街道雄风路101号,江苏省,南京市,雨花台区,1,d4034eb3a22b07f6c1364488,118.6577002857219,31.926347546645925,11
8485,静华公寓,118.660087,31.925292,南京市雨花台区板桥街道雄风路101号,江苏省,南京市,雨花台区,1,d4034eb3a22b07f6c1364488,118.65872474566449,31.925973556614306,12
8485,静华公寓,118.660087,31.925292,南京市雨花台区板桥街道雄风路101号,江苏省,南京市,雨花台区,1,d4034eb3a22b07f6c1364488,118.66025592447404,31.92580182467524,13
8485,静华公寓,118.660087,31.925292,南京市雨花台区板桥街道雄风路101号,江苏省,南京市,雨花台区,1,d4034eb3a22b07f6c1364488,118.66146078931558,31.9256027414201,14
8485,静华公寓,118.660087,31.925292,南京市雨花台区板桥街道雄风路101号,江苏省,南京市,雨花台区,1,d4034eb3a22b07f6c1364488,118.66172543371204,31.92553850354274,15
8485,静华公寓,118.660087,31.925292,南京市雨花台区板桥街道雄风路101号,江苏省,南京市,雨花台区,1,d4034eb3a22b07f6c1364488,118.6614723675753,31.92524285956538,16
8485,静华公寓,118.660087,31.925292,南京市雨花台区板桥街道雄风路101号,江苏省,南京市,雨花台区,1,d4034eb3a22b07f6c1364488,118.66193976222029,31.924917202131432,17
8485,静华公寓,118.660087,31.925292,南京市雨花台区板桥街道雄风路101号,江苏省,南京市,雨花台区,1,d4034eb3a22b07f6c1364488,118.6611299685488,31.924180382808967,18
8486,惠安新居,118.656801,31.929321,南京市雨花台区板桥振兴路111号,江苏省,南京市,雨花台区,1,434046ee0228a604aeb22a55,118.65732651696871,31.929450593063944,1
8486,惠安新居,118.656801,31.929321,南京市雨花台区板桥振兴路111号,江苏省,南京市,雨花台区,1,434046ee0228a604aeb22a55,118.65742533057481,31.92919393775564,2
8486,惠安新居,118.656801,31.929321,南京市雨花台区板桥振兴路111号,江苏省,南京市,雨花台区,1,434046ee0228a604aeb22a55,118.65739954920666,31.929021556918585,3
8486,惠安新居,118.656801,31.929321,南京市雨花台区板桥振兴路111号,江苏省,南京市,雨花台区,1,434046ee0228a604aeb22a55,118.65678528789894,31.928860591228986,4
8486,惠安新居,118.656801,31.929321,南京市雨花台区板桥振兴路111号,江苏省,南京市,雨花台区,1,434046ee0228a604aeb22a55,118.65633838090773,31.928810868785664,5
8486,惠安新居,118.656801,31.929321,南京市雨花台区板桥振兴路111号,江苏省,南京市,雨花台区,1,434046ee0228a604aeb22a55,118.65623507577409,31.929634465078834,6
8486,惠安新居,118.656801,31.929321,南京市雨花台区板桥振兴路111号,江苏省,南京市,雨花台区,1,434046ee0228a604aeb22a55,118.65676732178875,31.92972632433385,7
8486,惠安新居,118.656801,31.929321,南京市雨花台区板桥振兴路111号,江苏省,南京市,雨花台区,1,434046ee0228a604aeb22a55,118.65707274566213,31.929760800260528,8
8486,惠安新居,118.656801,31.929321,南京市雨花台区板桥振兴路111号,江苏省,南京市,雨花台区,1,434046ee0228a604aeb22a55,118.65732651696871,31.929450593063944,9
8487,正达公寓,118.655193,31.929098,南京市雨花台区龙飞路6号,江苏省,南京市,雨花台区,1,a3e8341c66db99eb4bfd3f9a,118.65449433935684,31.92918934093755,1
8487,正达公寓,118.655193,31.929098,南京市雨花台区龙飞路6号,江苏省,南京市,雨花台区,1,a3e8341c66db99eb4bfd3f9a,118.65461058008984,31.928524791827734,2
8487,正达公寓,118.655193,31.929098,南京市雨花台区龙飞路6号,江苏省,南京市,雨花台区,1,a3e8341c66db99eb4bfd3f9a,118.65544600421413,31.928624390227878,3
8487,正达公寓,118.655193,31.929098,南京市雨花台区龙飞路6号,江苏省,南京市,雨花台区,1,a3e8341c66db99eb4bfd3f9a,118.65538815333927,31.929032282846848,4
8487,正达公寓,118.655193,31.929098,南京市雨花台区龙飞路6号,江苏省,南京市,雨花台区,1,a3e8341c66db99eb4bfd3f9a,118.6561202723299,31.929131880691894,5
8487,正达公寓,118.655193,31.929098,南京市雨花台区龙飞路6号,江苏省,南京市,雨花台区,1,a3e8341c66db99eb4bfd3f9a,118.65610679774726,31.92941152021294,6
8487,正达公寓,118.655193,31.929098,南京市雨花台区龙飞路6号,江苏省,南京市,雨花台区,1,a3e8341c66db99eb4bfd3f9a,118.65601642821296,31.929417342834945,7
8487,正达公寓,118.655193,31.929098,南京市雨花台区龙飞路6号,江苏省,南京市,雨花台区,1,a3e8341c66db99eb4bfd3f9a,118.65599846210276,31.929513109590673,8
8487,正达公寓,118.655193,31.929098,南京市雨花台区龙飞路6号,江苏省,南京市,雨花台区,1,a3e8341c66db99eb4bfd3f9a,118.65514058034073,31.929379036104446,9
8487,正达公寓,118.655193,31.929098,南京市雨花台区龙飞路6号,江苏省,南京市,雨花台区,1,a3e8341c66db99eb4bfd3f9a,118.65483964799489,31.9294441575367,10
8487,正达公寓,118.655193,31.929098,南京市雨花台区龙飞路6号,江苏省,南京市,雨花台区,1,a3e8341c66db99eb4bfd3f9a,118.65449433935684,31.92918934093755,11
8489,凤凰山庄,118.654303,31.926563,南京市雨花台区龙飞路88号消防训练基地,江苏省,南京市,雨花台区,1,6974a456f3fb8e266e20b980,118.65171974312818,31.92684761502096,1
8489,凤凰山庄,118.654303,31.926563,南京市雨花台区龙飞路88号消防训练基地,江苏省,南京市,雨花台区,1,6974a456f3fb8e266e20b980,118.65351141346783,31.925332069088583,2
8489,凤凰山庄,118.654303,31.926563,南京市雨花台区龙飞路88号消防训练基地,江苏省,南京市,雨花台区,1,6974a456f3fb8e266e20b980,118.65436103081916,31.924835973426248,3
8489,凤凰山庄,118.654303,31.926563,南京市雨花台区龙飞路88号消防训练基地,江苏省,南京市,雨花台区,1,6974a456f3fb8e266e20b980,118.65508901760445,31.924525979305326,4
8489,凤凰山庄,118.654303,31.926563,南京市雨花台区龙飞路88号消防训练基地,江苏省,南京市,雨花台区,1,6974a456f3fb8e266e20b980,118.65576876538385,31.925055098638882,5
8489,凤凰山庄,118.654303,31.926563,南京市雨花台区龙飞路88号消防训练基地,江苏省,南京市,雨花台区,1,6974a456f3fb8e266e20b980,118.65625492832585,31.925734306830897,6
8489,凤凰山庄,118.654303,31.926563,南京市雨花台区龙飞路88号消防训练基地,江苏省,南京市,雨花台区,1,6974a456f3fb8e266e20b980,118.65644204536358,31.925787861779146,7
8489,凤凰山庄,118.654303,31.926563,南京市雨花台区龙飞路88号消防训练基地,江苏省,南京市,雨花台区,1,6974a456f3fb8e266e20b980,118.65649495555812,31.92607402395167,8
8489,凤凰山庄,118.654303,31.926563,南京市雨花台区龙飞路88号消防训练基地,江苏省,南京市,雨花台区,1,6974a456f3fb8e266e20b980,118.65627900291351,31.92650996941513,9
8489,凤凰山庄,118.654303,31.926563,南京市雨花台区龙飞路88号消防训练基地,江苏省,南京市,雨花台区,1,6974a456f3fb8e266e20b980,118.6561072469,31.927252987295134,10
8489,凤凰山庄,118.654303,31.926563,南京市雨花台区龙飞路88号消防训练基地,江苏省,南京市,雨花台区,1,6974a456f3fb8e266e20b980,118.65615539607533,31.92759492058488,11
8489,凤凰山庄,118.654303,31.926563,南京市雨花台区龙飞路88号消防训练基地,江苏省,南京市,雨花台区,1,6974a456f3fb8e266e20b980,118.65602855533734,31.92815267591815,12
8489,凤凰山庄,118.654303,31.926563,南京市雨花台区龙飞路88号消防训练基地,江苏省,南京市,雨花台区,1,6974a456f3fb8e266e20b980,118.65544151268658,31.928086710802056,13
8489,凤凰山庄,118.654303,31.926563,南京市雨花台区龙飞路88号消防训练基地,江苏省,南京市,雨花台区,1,6974a456f3fb8e266e20b980,118.65466744282863,31.92819527357515,14
8489,凤凰山庄,118.654303,31.926563,南京市雨花台区龙飞路88号消防训练基地,江苏省,南京市,雨花台区,1,6974a456f3fb8e266e20b980,118.6534900337967,31.928406959118274,15
8489,凤凰山庄,118.654303,31.926563,南京市雨花台区龙飞路88号消防训练基地,江苏省,南京市,雨花台区,1,6974a456f3fb8e266e20b980,118.65171974312818,31.92684761502096,16
8490,近华新村小区,118.656939,31.927139,江苏省南京市雨花台区板桥社区近华新村12号,江苏省,南京市,雨花台区,1,8a5ce514d758c05ec6effb3b,118.65651471827933,31.92717882368753,1
8490,近华新村小区,118.656939,31.927139,江苏省南京市雨花台区板桥社区近华新村12号,江苏省,南京市,雨花台区,1,8a5ce514d758c05ec6effb3b,118.65666096241637,31.927369978731008,2
8490,近华新村小区,118.656939,31.927139,江苏省南京市雨花台区板桥社区近华新村12号,江苏省,南京市,雨花台区,1,8a5ce514d758c05ec6effb3b,118.65695488797923,31.92737419256513,3
8490,近华新村小区,118.656939,31.927139,江苏省南京市雨花台区板桥社区近华新村12号,江苏省,南京市,雨花台区,1,8a5ce514d758c05ec6effb3b,118.65710310838837,31.927121362173178,4
8490,近华新村小区,118.656939,31.927139,江苏省南京市雨花台区板桥社区近华新村12号,江苏省,南京市,雨花台区,1,8a5ce514d758c05ec6effb3b,118.65696836256187,31.92692216197602,5
8490,近华新村小区,118.656939,31.927139,江苏省南京市雨花台区板桥社区近华新村12号,江苏省,南京市,雨花台区,1,8a5ce514d758c05ec6effb3b,118.65651471827933,31.92717882368753,6
8491,板桥新村,118.6671,31.927374,江苏省南京市雨花台区振兴路1号,江苏省,南京市,雨花台区,1,00f1c7fb67847d62c156aca7,118.66744592853861,31.92803016923595,1
8491,板桥新村,118.6671,31.927374,江苏省南京市雨花台区振兴路1号,江苏省,南京市,雨花台区,1,00f1c7fb67847d62c156aca7,118.66709109786217,31.92762411088691,2
8491,板桥新村,118.6671,31.927374,江苏省南京市雨花台区振兴路1号,江苏省,南京市,雨花台区,1,00f1c7fb67847d62c156aca7,118.66618830082464,31.928141260355595,3
8491,板桥新村,118.6671,31.927374,江苏省南京市雨花台区振兴路1号,江苏省,南京市,雨花台区,1,00f1c7fb67847d62c156aca7,118.665905334589,31.927930570185858,4
8491,板桥新村,118.6671,31.927374,江苏省南京市雨花台区振兴路1号,江苏省,南京市,雨花台区,1,00f1c7fb67847d62c156aca7,118.66555948696765,31.927444065567826,5
8491,板桥新村,118.6671,31.927374,江苏省南京市雨花台区振兴路1号,江苏省,南京市,雨花台区,1,00f1c7fb67847d62c156aca7,118.6674638946488,31.92637527857908,6
8491,板桥新村,118.6671,31.927374,江苏省南京市雨花台区振兴路1号,江苏省,南京市,雨花台区,1,00f1c7fb67847d62c156aca7,118.66851491209549,31.92768540282921,7
8491,板桥新村,118.6671,31.927374,江苏省南京市雨花台区振兴路1号,江苏省,南京市,雨花台区,1,00f1c7fb67847d62c156aca7,118.66782770838036,31.928083722833986,8
8491,板桥新村,118.6671,31.927374,江苏省南京市雨花台区振兴路1号,江苏省,南京市,雨花台区,1,00f1c7fb67847d62c156aca7,118.6677064371365,31.92802250777442,9
8491,板桥新村,118.6671,31.927374,江苏省南京市雨花台区振兴路1号,江苏省,南京市,雨花台区,1,00f1c7fb67847d62c156aca7,118.66754923367226,31.928011015580925,10
8491,板桥新村,118.6671,31.927374,江苏省南京市雨花台区振兴路1号,江苏省,南京市,雨花台区,1,00f1c7fb67847d62c156aca7,118.66744592853861,31.92803016923595,11
8492,向阳雅居,118.667468,31.929056,南京市雨花台区振兴路1号,江苏省,南京市,雨花台区,1,08fc93df66fa51ec9a68b4a7,118.66997402973534,31.92908100919081,1
8492,向阳雅居,118.667468,31.929056,南京市雨花台区振兴路1号,江苏省,南京市,雨花台区,1,08fc93df66fa51ec9a68b4a7,118.6694349565988,31.928238024441107,2
8492,向阳雅居,118.667468,31.929056,南京市雨花台区振兴路1号,江苏省,南京市,雨花台区,1,08fc93df66fa51ec9a68b4a7,118.6688649817527,31.92840297517485,3
8492,向阳雅居,118.667468,31.929056,南京市雨花台区振兴路1号,江苏省,南京市,雨花台区,1,08fc93df66fa51ec9a68b4a7,118.66788502027188,31.92841400763314,4
8492,向阳雅居,118.667468,31.929056,南京市雨花台区振兴路1号,江苏省,南京市,雨花台区,1,08fc93df66fa51ec9a68b4a7,118.66747700990925,31.928506021347822,5
8492,向阳雅居,118.667468,31.929056,南京市雨花台区振兴路1号,江苏省,南京市,雨花台区,1,08fc93df66fa51ec9a68b4a7,118.66696470627691,31.928816691446062,6
8492,向阳雅居,118.667468,31.929056,南京市雨花台区振兴路1号,江苏省,南京市,雨花台区,1,08fc93df66fa51ec9a68b4a7,118.66715110467024,31.92962496503382,7
8492,向阳雅居,118.667468,31.929056,南京市雨花台区振兴路1号,江苏省,南京市,雨花台区,1,08fc93df66fa51ec9a68b4a7,118.66699390120598,31.930494521498165,8
8492,向阳雅居,118.667468,31.929056,南京市雨花台区振兴路1号,江苏省,南京市,雨花台区,1,08fc93df66fa51ec9a68b4a7,118.66694898593049,31.932582189238268,9
8492,向阳雅居,118.667468,31.929056,南京市雨花台区振兴路1号,江苏省,南京市,雨花台区,1,08fc93df66fa51ec9a68b4a7,118.6674409878583,31.93260900300796,10
8492,向阳雅居,118.667468,31.929056,南京市雨花台区振兴路1号,江苏省,南京市,雨花台区,1,08fc93df66fa51ec9a68b4a7,118.6676030421723,31.932405984269508,11
8492,向阳雅居,118.667468,31.929056,南京市雨花台区振兴路1号,江苏省,南京市,雨花台区,1,08fc93df66fa51ec9a68b4a7,118.667961825393,31.932137845619238,12
8492,向阳雅居,118.667468,31.929056,南京市雨花台区振兴路1号,江苏省,南京市,雨花台区,1,08fc93df66fa51ec9a68b4a7,118.66793038470014,31.931674346947148,13
8492,向阳雅居,118.667468,31.929056,南京市雨花台区振兴路1号,江苏省,南京市,雨花台区,1,08fc93df66fa51ec9a68b4a7,118.66765190999205,31.93095802617641,14
8492,向阳雅居,118.667468,31.929056,南京市雨花台区振兴路1号,江苏省,南京市,雨花台区,1,08fc93df66fa51ec9a68b4a7,118.66829419843168,31.9309005670469,15
8492,向阳雅居,118.667468,31.929056,南京市雨花台区振兴路1号,江苏省,南京市,雨花台区,1,08fc93df66fa51ec9a68b4a7,118.66850979175408,31.930176578908195,16
8492,向阳雅居,118.667468,31.929056,南京市雨花台区振兴路1号,江苏省,南京市,雨花台区,1,08fc93df66fa51ec9a68b4a7,118.66863555452547,31.929751376841864,17
8492,向阳雅居,118.667468,31.929056,南京市雨花台区振兴路1号,江苏省,南京市,雨花台区,1,08fc93df66fa51ec9a68b4a7,118.66965063975175,31.929736054207815,18
8492,向阳雅居,118.667468,31.929056,南京市雨花台区振兴路1号,江苏省,南京市,雨花台区,1,08fc93df66fa51ec9a68b4a7,118.66997402973534,31.92908100919081,19
8493,胜利南苑,118.666424,31.926041,雨花台区雄风路39~40号,江苏省,南京市,雨花台区,1,93df0dc3b214ef56892fb5a7,118.66615152357454,31.9266532128685,1
8493,胜利南苑,118.666424,31.926041,雨花台区雄风路39~40号,江苏省,南京市,雨花台区,1,93df0dc3b214ef56892fb5a7,118.66563153130312,31.925956465868804,2
8493,胜利南苑,118.666424,31.926041,雨花台区雄风路39~40号,江苏省,南京市,雨花台区,1,93df0dc3b214ef56892fb5a7,118.66601130490257,31.925825403150068,3
8493,胜利南苑,118.666424,31.926041,雨花台区雄风路39~40号,江苏省,南京市,雨花台区,1,93df0dc3b214ef56892fb5a7,118.66607803559923,31.925752779443915,4
8493,胜利南苑,118.666424,31.926041,雨花台区雄风路39~40号,江苏省,南京市,雨花台区,1,93df0dc3b214ef56892fb5a7,118.66659765587517,31.92536073087123,5
8493,胜利南苑,118.666424,31.926041,雨花台区雄风路39~40号,江苏省,南京市,雨花台区,1,93df0dc3b214ef56892fb5a7,118.66727727567746,31.92600184409212,6
8493,胜利南苑,118.666424,31.926041,雨花台区雄风路39~40号,江苏省,南京市,雨花台区,1,93df0dc3b214ef56892fb5a7,118.66615152357454,31.9266532128685,7
8494,板桥新村-北区,118.665802,31.928714,振兴路1-17号附近,江苏省,南京市,雨花台区,1,019c92fb958fc264b75f1ed8,118.66500415450139,31.92906331141794,1
8494,板桥新村-北区,118.665802,31.928714,振兴路1-17号附近,江苏省,南京市,雨花台区,1,019c92fb958fc264b75f1ed8,118.66497271380854,31.928530844349005,2
8494,板桥新村-北区,118.665802,31.928714,振兴路1-17号附近,江苏省,南京市,雨花台区,1,019c92fb958fc264b75f1ed8,118.6662662737429,31.928343139388186,3
8494,板桥新村-北区,118.665802,31.928714,振兴路1-17号附近,江苏省,南京市,雨花台区,1,019c92fb958fc264b75f1ed8,118.66681702485107,31.928841974046136,4
8494,板桥新村-北区,118.665802,31.928714,振兴路1-17号附近,江苏省,南京市,雨花台区,1,019c92fb958fc264b75f1ed8,118.66500415450139,31.92906331141794,5
8496,蓝光公园-1号,118.673239,31.92598,江苏省南京市雨花台区板桥新城古雄村,江苏省,南京市,雨花台区,1,5940fdae52a2e12ae60738dc,118.67379802646076,31.924750008775767,1
8496,蓝光公园-1号,118.673239,31.92598,江苏省南京市雨花台区板桥新城古雄村,江苏省,南京市,雨花台区,1,5940fdae52a2e12ae60738dc,118.67491201512368,31.92599901660438,2
8496,蓝光公园-1号,118.673239,31.92598,江苏省南京市雨花台区板桥新城古雄村,江苏省,南京市,雨花台区,1,5940fdae52a2e12ae60738dc,118.674399980983,31.926680975923354,3
8496,蓝光公园-1号,118.673239,31.92598,江苏省南京市雨花台区板桥新城古雄村,江苏省,南京市,雨花台区,1,5940fdae52a2e12ae60738dc,118.67378904340566,31.926922008744935,4
8496,蓝光公园-1号,118.673239,31.92598,江苏省南京市雨花台区板桥新城古雄村,江苏省,南京市,雨花台区,1,5940fdae52a2e12ae60738dc,118.67242002580845,31.92713300770968,5
8496,蓝光公园-1号,118.673239,31.92598,江苏省南京市雨花台区板桥新城古雄村,江苏省,南京市,雨花台区,1,5940fdae52a2e12ae60738dc,118.6715929559254,31.925485992274496,6
8496,蓝光公园-1号,118.673239,31.92598,江苏省南京市雨花台区板桥新城古雄村,江苏省,南京市,雨花台区,1,5940fdae52a2e12ae60738dc,118.67196099169286,31.925335976549487,7
8496,蓝光公园-1号,118.673239,31.92598,江苏省南京市雨花台区板桥新城古雄村,江苏省,南京市,雨花台区,1,5940fdae52a2e12ae60738dc,118.67370397387386,31.92477697808662,8
8496,蓝光公园-1号,118.673239,31.92598,江苏省南京市雨花台区板桥新城古雄村,江苏省,南京市,雨花台区,1,5940fdae52a2e12ae60738dc,118.67379802646076,31.924750008775767,9
8497,湾景,118.67616,31.925051,江苏省南京市雨花台区华兴路97号,江苏省,南京市,雨花台区,1,d10c9005415c8b345bf6be1f,118.67395720619713,31.924685190456234,1
8497,湾景,118.67616,31.925051,江苏省南京市雨花台区华兴路97号,江苏省,南京市,雨花台区,1,d10c9005415c8b345bf6be1f,118.67669299562776,31.923456008792108,2
8497,湾景,118.67616,31.925051,江苏省南京市雨花台区华兴路97号,江苏省,南京市,雨花台区,1,d10c9005415c8b345bf6be1f,118.67690364826986,31.923555076407432,3
8497,湾景,118.67616,31.925051,江苏省南京市雨花台区华兴路97号,江苏省,南京市,雨花台区,1,d10c9005415c8b345bf6be1f,118.67737975019016,31.924079910777525,4
8497,湾景,118.67616,31.925051,江苏省南京市雨花台区华兴路97号,江苏省,南京市,雨花台区,1,d10c9005415c8b345bf6be1f,118.67725398741875,31.92444767612516,5
8497,湾景,118.67616,31.925051,江苏省南京市雨花台区华兴路97号,江苏省,南京市,雨花台区,1,d10c9005415c8b345bf6be1f,118.6753226305723,31.926083447750894,6
8497,湾景,118.67616,31.925051,江苏省南京市雨花台区华兴路97号,江苏省,南京市,雨花台区,1,d10c9005415c8b345bf6be1f,118.67395720619713,31.924685190456234,7
8498,富力尚悦居,118.681552,31.923603,江苏省南京市雨花台区新湖大道与荆雄路交汇处东北300米,江苏省,南京市,雨花台区,1,63b4f45acffc3453c7f025b5,118.67889787302742,31.92266084997539,1
8498,富力尚悦居,118.681552,31.923603,江苏省南京市雨花台区新湖大道与荆雄路交汇处东北300米,江苏省,南京市,雨花台区,1,63b4f45acffc3453c7f025b5,118.68131196308545,31.924691982973904,2
8498,富力尚悦居,118.681552,31.923603,江苏省南京市雨花台区新湖大道与荆雄路交汇处东北300米,江苏省,南京市,雨花台区,1,63b4f45acffc3453c7f025b5,118.68153562768285,31.924648048389088,3
8498,富力尚悦居,118.681552,31.923603,江苏省南京市雨花台区新湖大道与荆雄路交汇处东北300米,江苏省,南京市,雨花台区,1,63b4f45acffc3453c7f025b5,118.68359254697857,31.923637444726502,4
8498,富力尚悦居,118.681552,31.923603,江苏省南京市雨花台区新湖大道与荆雄路交汇处东北300米,江苏省,南京市,雨花台区,1,63b4f45acffc3453c7f025b5,118.6835352961718,31.92334320811347,5
8498,富力尚悦居,118.681552,31.923603,江苏省南京市雨花台区新湖大道与荆雄路交汇处东北300米,江苏省,南京市,雨花台区,1,63b4f45acffc3453c7f025b5,118.68270886228906,31.922188266480642,6
8498,富力尚悦居,118.681552,31.923603,江苏省南京市雨花台区新湖大道与荆雄路交汇处东北300米,江苏省,南京市,雨花台区,1,63b4f45acffc3453c7f025b5,118.68198694176088,31.922505509845085,7
8498,富力尚悦居,118.681552,31.923603,江苏省南京市雨花台区新湖大道与荆雄路交汇处东北300米,江苏省,南京市,雨花台区,1,63b4f45acffc3453c7f025b5,118.68109703450912,31.921451052093513,8
8498,富力尚悦居,118.681552,31.923603,江苏省南京市雨花台区新湖大道与荆雄路交汇处东北300米,江苏省,南京市,雨花台区,1,63b4f45acffc3453c7f025b5,118.6799155193227,31.922139525338725,9
8498,富力尚悦居,118.681552,31.923603,江苏省南京市雨花台区新湖大道与荆雄路交汇处东北300米,江苏省,南京市,雨花台区,1,63b4f45acffc3453c7f025b5,118.67952319067936,31.922133010453255,10
8498,富力尚悦居,118.681552,31.923603,江苏省南京市雨花台区新湖大道与荆雄路交汇处东北300米,江苏省,南京市,雨花台区,1,63b4f45acffc3453c7f025b5,118.67889787302742,31.92266084997539,11
8520,翠湖花园,118.799883,31.92533,南京市江宁区将军大道109号,江苏省,南京市,江宁区,1,8d87acb37569294ff21937ae,118.79847555497106,31.92429030338526,1
8520,翠湖花园,118.799883,31.92533,南京市江宁区将军大道109号,江苏省,南京市,江宁区,1,8d87acb37569294ff21937ae,118.79851903295774,31.924248010372775,2
8520,翠湖花园,118.799883,31.92533,南京市江宁区将军大道109号,江苏省,南京市,江宁区,1,8d87acb37569294ff21937ae,118.79977198948306,31.924286012790688,3
8520,翠湖花园,118.799883,31.92533,南京市江宁区将军大道109号,江苏省,南京市,江宁区,1,8d87acb37569294ff21937ae,118.80108064095,31.924286472497258,4
8520,翠湖花园,118.799883,31.92533,南京市江宁区将军大道109号,江苏省,南京市,江宁区,1,8d87acb37569294ff21937ae,118.80133890378411,31.924297965160783,5
8520,翠湖花园,118.799883,31.92533,南京市江宁区将军大道109号,江苏省,南京市,江宁区,1,8d87acb37569294ff21937ae,118.80131195461882,31.92473851616928,6
8520,翠湖花园,118.799883,31.92533,南京市江宁区将军大道109号,江苏省,南京市,江宁区,1,8d87acb37569294ff21937ae,118.80128500545352,31.92605249478068,7
8520,翠湖花园,118.799883,31.92533,南京市江宁区将军大道109号,江苏省,南京市,江宁区,1,8d87acb37569294ff21937ae,118.80127602239843,31.92639726736968,8
8520,翠湖花园,118.799883,31.92533,南京市江宁区将军大道109号,江苏省,南京市,江宁区,1,8d87acb37569294ff21937ae,118.80059780173839,31.92638577497107,9
8520,翠湖花园,118.799883,31.92533,南京市江宁区将军大道109号,江苏省,南京市,江宁区,1,8d87acb37569294ff21937ae,118.80061352208482,31.92682248509842,10
8520,翠湖花园,118.799883,31.92533,南京市江宁区将军大道109号,江苏省,南京市,江宁区,1,8d87acb37569294ff21937ae,118.8005490237492,31.92683596944796,11
8520,翠湖花园,118.799883,31.92533,南京市江宁区将军大道109号,江苏省,南京市,江宁区,1,8d87acb37569294ff21937ae,118.79969302842875,31.926851982110456,12
8520,翠湖花园,118.799883,31.92533,南京市江宁区将军大道109号,江苏省,南京市,江宁区,1,8d87acb37569294ff21937ae,118.79962763178762,31.926830146660905,13
8520,翠湖花园,118.799883,31.92533,南京市江宁区将军大道109号,江苏省,南京市,江宁区,1,8d87acb37569294ff21937ae,118.79964110637026,31.926282343318377,14
8520,翠湖花园,118.799883,31.92533,南京市江宁区将军大道109号,江苏省,南京市,江宁区,1,8d87acb37569294ff21937ae,118.79964559789781,31.926125280213714,15
8520,翠湖花园,118.799883,31.92533,南京市江宁区将军大道109号,江苏省,南京市,江宁区,1,8d87acb37569294ff21937ae,118.79856313975829,31.92607164884765,16
8520,翠湖花园,118.799883,31.92533,南京市江宁区将军大道109号,江苏省,南京市,江宁区,1,8d87acb37569294ff21937ae,118.79855864823074,31.92599503255562,17
8520,翠湖花园,118.799883,31.92533,南京市江宁区将军大道109号,江苏省,南京市,江宁区,1,8d87acb37569294ff21937ae,118.79852047024656,31.925075632023415,18
8520,翠湖花园,118.799883,31.92533,南京市江宁区将军大道109号,江苏省,南京市,江宁区,1,8d87acb37569294ff21937ae,118.79848004649861,31.924780655719292,19
8520,翠湖花园,118.799883,31.92533,南京市江宁区将军大道109号,江苏省,南京市,江宁区,1,8d87acb37569294ff21937ae,118.79847555497106,31.92429030338526,20
8521,名家花园-南区,118.792014,31.93161,南京市江宁区翠屏山路9号,江苏省,南京市,江宁区,1,30b873df8fa9e066bca8226b,118.79078574719534,31.931360576006423,1
8521,名家花园-南区,118.792014,31.93161,南京市江宁区翠屏山路9号,江苏省,南京市,江宁区,1,30b873df8fa9e066bca8226b,118.79091730044406,31.93139938033948,2
8521,名家花园-南区,118.792014,31.93161,南京市江宁区翠屏山路9号,江苏省,南京市,江宁区,1,30b873df8fa9e066bca8226b,118.79199604498861,31.932009797643477,3
8521,名家花园-南区,118.792014,31.93161,南京市江宁区翠屏山路9号,江苏省,南京市,江宁区,1,30b873df8fa9e066bca8226b,118.79215855564179,31.932082893646406,4
8521,名家花园-南区,118.792014,31.93161,南京市江宁区翠屏山路9号,江苏省,南京市,江宁区,1,30b873df8fa9e066bca8226b,118.79235395325972,31.932150383340453,5
8521,名家花园-南区,118.792014,31.93161,南京市江宁区翠屏山路9号,江苏省,南京市,江宁区,1,30b873df8fa9e066bca8226b,118.79249651703907,31.932198181940727,6
8521,名家花园-南区,118.792014,31.93161,南京市江宁区翠屏山路9号,江苏省,南京市,江宁区,1,30b873df8fa9e066bca8226b,118.79274371993576,31.932228252177527,7
8521,名家花园-南区,118.792014,31.93161,南京市江宁区翠屏山路9号,江苏省,南京市,江宁区,1,30b873df8fa9e066bca8226b,118.79301779923499,31.93220859001841,8
8521,名家花园-南区,118.792014,31.93161,南京市江宁区翠屏山路9号,江苏省,南京市,江宁区,1,30b873df8fa9e066bca8226b,118.79324102815421,31.932158258276342,9
8521,名家花园-南区,118.792014,31.93161,南京市江宁区翠屏山路9号,江苏省,南京市,江宁区,1,30b873df8fa9e066bca8226b,118.79342237088413,31.932078388294734,10
8521,名家花园-南区,118.792014,31.93161,南京市江宁区翠屏山路9号,江苏省,南京市,江宁区,1,30b873df8fa9e066bca8226b,118.79356982414036,31.931995097166592,11
8521,名家花园-南区,118.792014,31.93161,南京市江宁区翠屏山路9号,江苏省,南京市,江宁区,1,30b873df8fa9e066bca8226b,118.79358674462294,31.931968287889386,12
8521,名家花园-南区,118.792014,31.93161,南京市江宁区翠屏山路9号,江苏省,南京市,江宁区,1,30b873df8fa9e066bca8226b,118.79357374344731,31.931925125533276,13
8521,名家花园-南区,118.792014,31.93161,南京市江宁区翠屏山路9号,江苏省,南京市,江宁区,1,30b873df8fa9e066bca8226b,118.79351192206211,31.931907398204984,14
8521,名家花园-南区,118.792014,31.93161,南京市江宁区翠屏山路9号,江苏省,南京市,江宁区,1,30b873df8fa9e066bca8226b,118.79276006011298,31.93160229759042,15
8521,名家花园-南区,118.792014,31.93161,南京市江宁区翠屏山路9号,江苏省,南京市,江宁区,1,30b873df8fa9e066bca8226b,118.79104929745569,31.930868036429725,16
8521,名家花园-南区,118.792014,31.93161,南京市江宁区翠屏山路9号,江苏省,南京市,江宁区,1,30b873df8fa9e066bca8226b,118.79060836868764,31.931324128773344,17
8521,名家花园-南区,118.792014,31.93161,南京市江宁区翠屏山路9号,江苏省,南京市,江宁区,1,30b873df8fa9e066bca8226b,118.79078574719534,31.931360576006423,18
8522,瑞景文华,118.794918,31.92974,江苏省南京市江宁区将军大道50号,江苏省,南京市,江宁区,1,49a02a7a4c8684402b201a7a,118.79117547524424,31.93089290582689,1
8522,瑞景文华,118.794918,31.92974,江苏省南京市江宁区将军大道50号,江苏省,南京市,江宁区,1,49a02a7a4c8684402b201a7a,118.79174500093755,31.931155225633127,2
8522,瑞景文华,118.794918,31.92974,江苏省南京市江宁区将军大道50号,江苏省,南京市,江宁区,1,49a02a7a4c8684402b201a7a,118.79324966266677,31.931821747441884,3
8522,瑞景文华,118.794918,31.92974,江苏省南京市江宁区将军大道50号,江苏省,南京市,江宁区,1,49a02a7a4c8684402b201a7a,118.79354161195751,31.931944325634138,4
8522,瑞景文华,118.794918,31.92974,江苏省南京市江宁区将军大道50号,江苏省,南京市,江宁区,1,49a02a7a4c8684402b201a7a,118.79382987819567,31.93187506897579,5
8522,瑞景文华,118.794918,31.92974,江苏省南京市江宁区将军大道50号,江苏省,南京市,江宁区,1,49a02a7a4c8684402b201a7a,118.79468129215803,31.931510704538326,6
8522,瑞景文华,118.794918,31.92974,江苏省南京市江宁区将军大道50号,江苏省,南京市,江宁区,1,49a02a7a4c8684402b201a7a,118.79522836021361,31.931210156408053,7
8522,瑞景文华,118.794918,31.92974,江苏省南京市江宁区将军大道50号,江苏省,南京市,江宁区,1,49a02a7a4c8684402b201a7a,118.79554366544761,31.931116153513617,8
8522,瑞景文华,118.794918,31.92974,江苏省南京市江宁区将军大道50号,江苏省,南京市,江宁区,1,49a02a7a4c8684402b201a7a,118.79599730973014,31.93110466171058,9
8522,瑞景文华,118.794918,31.92974,江苏省南京市江宁区将军大道50号,江苏省,南京市,江宁区,1,49a02a7a4c8684402b201a7a,118.79659917442183,31.93110083110924,10
8522,瑞景文华,118.794918,31.92974,江苏省南京市江宁区将军大道50号,江苏省,南京市,江宁区,1,49a02a7a4c8684402b201a7a,118.79662279985673,31.930592125819913,11
8522,瑞景文华,118.794918,31.92974,江苏省南京市江宁区将军大道50号,江苏省,南京市,江宁区,1,49a02a7a4c8684402b201a7a,118.79699559664337,31.930595956442648,12
8522,瑞景文华,118.794918,31.92974,江苏省南京市江宁区将军大道50号,江苏省,南京市,江宁区,1,49a02a7a4c8684402b201a7a,118.79700907122603,31.929373979614823,13
8522,瑞景文华,118.794918,31.92974,江苏省南京市江宁区将军大道50号,江苏省,南京市,江宁区,1,49a02a7a4c8684402b201a7a,118.79647457944759,31.929316519485674,14
8522,瑞景文华,118.794918,31.92974,江苏省南京市江宁区将军大道50号,江苏省,南京市,江宁区,1,49a02a7a4c8684402b201a7a,118.79654644388839,31.92893728172391,15
8522,瑞景文华,118.794918,31.92974,江苏省南京市江宁区将军大道50号,江苏省,南京市,江宁区,1,49a02a7a4c8684402b201a7a,118.79655991847103,31.928833852969305,16
8522,瑞景文华,118.794918,31.92974,江苏省南京市江宁区将军大道50号,江苏省,南京市,江宁区,1,49a02a7a4c8684402b201a7a,118.79662729138428,31.928776392499305,17
8522,瑞景文华,118.794918,31.92974,江苏省南京市江宁区将军大道50号,江苏省,南京市,江宁区,1,49a02a7a4c8684402b201a7a,118.79727856287901,31.928780223198437,18
8522,瑞景文华,118.794918,31.92974,江苏省南京市江宁区将军大道50号,江苏省,南京市,江宁区,1,49a02a7a4c8684402b201a7a,118.79727793406518,31.92848012574059,19
8522,瑞景文华,118.794918,31.92974,江苏省南京市江宁区将军大道50号,江苏省,南京市,江宁区,1,49a02a7a4c8684402b201a7a,118.79729311542829,31.927683257611932,20
8522,瑞景文华,118.794918,31.92974,江苏省南京市江宁区将军大道50号,江苏省,南京市,江宁区,1,49a02a7a4c8684402b201a7a,118.79727721542076,31.927500684112925,21
8522,瑞景文华,118.794918,31.92974,江苏省南京市江宁区将军大道50号,江苏省,南京市,江宁区,1,49a02a7a4c8684402b201a7a,118.79717795266191,31.927410201685053,22
8522,瑞景文华,118.794918,31.92974,江苏省南京市江宁区将军大道50号,江苏省,南京市,江宁区,1,49a02a7a4c8684402b201a7a,118.79704060174944,31.927396181114524,23
8522,瑞景文华,118.794918,31.92974,江苏省南京市江宁区将军大道50号,江苏省,南京市,江宁区,1,49a02a7a4c8684402b201a7a,118.79241720295067,31.927340175425993,24
8522,瑞景文华,118.794918,31.92974,江苏省南京市江宁区将军大道50号,江苏省,南京市,江宁区,1,49a02a7a4c8684402b201a7a,118.79209192652552,31.92738085808415,25
8522,瑞景文华,118.794918,31.92974,江苏省南京市江宁区将军大道50号,江苏省,南京市,江宁区,1,49a02a7a4c8684402b201a7a,118.79223574523766,31.927733133900702,26
8522,瑞景文华,118.794918,31.92974,江苏省南京市江宁区将军大道50号,江苏省,南京市,江宁区,1,49a02a7a4c8684402b201a7a,118.79229287746809,31.92786851226109,27
8522,瑞景文华,118.794918,31.92974,江苏省南京市江宁区将军大道50号,江苏省,南京市,江宁区,1,49a02a7a4c8684402b201a7a,118.79240525548738,31.928168994807088,28
8522,瑞景文华,118.794918,31.92974,江苏省南京市江宁区将军大道50号,江苏省,南京市,江宁区,1,49a02a7a4c8684402b201a7a,118.79250433858515,31.92839109995782,29
8522,瑞景文华,118.794918,31.92974,江苏省南京市江宁区将军大道50号,江苏省,南京市,江宁区,1,49a02a7a4c8684402b201a7a,118.79260620642998,31.92877179566015,30
8522,瑞景文华,118.794918,31.92974,江苏省南京市江宁区将军大道50号,江苏省,南京市,江宁区,1,49a02a7a4c8684402b201a7a,118.79243552838308,31.929016960091786,31
8522,瑞景文华,118.794918,31.92974,江苏省南京市江宁区将军大道50号,江苏省,南京市,江宁区,1,49a02a7a4c8684402b201a7a,118.79231874866679,31.929292769288374,32
8522,瑞景文华,118.794918,31.92974,江苏省南京市江宁区将军大道50号,江苏省,南京市,江宁区,1,49a02a7a4c8684402b201a7a,118.7919504434077,31.929672005569557,33
8522,瑞景文华,118.794918,31.92974,江苏省南京市江宁区将军大道50号,江苏省,南京市,江宁区,1,49a02a7a4c8684402b201a7a,118.79155968051086,31.930062732207247,34
8522,瑞景文华,118.794918,31.92974,江苏省南京市江宁区将军大道50号,江苏省,南京市,江宁区,1,49a02a7a4c8684402b201a7a,118.79126270070925,31.93039798964846,35
8522,瑞景文华,118.794918,31.92974,江苏省南京市江宁区将军大道50号,江苏省,南京市,江宁区,1,49a02a7a4c8684402b201a7a,118.79111169555301,31.930653415764397,36
8522,瑞景文华,118.794918,31.92974,江苏省南京市江宁区将军大道50号,江苏省,南京市,江宁区,1,49a02a7a4c8684402b201a7a,118.79117547524424,31.93089290582689,37
8536,水韵别墅,118.806257,31.922002,江苏省南京市江宁区佛城东路88号,江苏省,南京市,江宁区,1,cc788fde1a1334f688fc06fd,118.80379298460684,31.920721991237752,1
8536,水韵别墅,118.806257,31.922002,江苏省南京市江宁区佛城东路88号,江苏省,南京市,江宁区,1,cc788fde1a1334f688fc06fd,118.80371599982463,31.920676018769992,2
8536,水韵别墅,118.806257,31.922002,江苏省南京市江宁区佛城东路88号,江苏省,南京市,江宁区,1,cc788fde1a1334f688fc06fd,118.80373899644569,31.920530975482134,3
8536,水韵别墅,118.806257,31.922002,江苏省南京市江宁区佛城东路88号,江苏省,南京市,江宁区,1,cc788fde1a1334f688fc06fd,118.80379298460684,31.920254986506787,4
8536,水韵别墅,118.806257,31.922002,江苏省南京市江宁区佛城东路88号,江苏省,南京市,江宁区,1,cc788fde1a1334f688fc06fd,118.80383798971289,31.92000596741881,5
8536,水韵别墅,118.806257,31.922002,江苏省南京市江宁区佛城东路88号,江苏省,南京市,江宁区,1,cc788fde1a1334f688fc06fd,118.8044367103353,31.920298890416927,6
8536,水韵别墅,118.806257,31.922002,江苏省南京市江宁区佛城东路88号,江苏省,南京市,江宁区,1,cc788fde1a1334f688fc06fd,118.80822962569006,31.922324653580176,7
8536,水韵别墅,118.806257,31.922002,江苏省南京市江宁区佛城东路88号,江苏省,南京市,江宁区,1,cc788fde1a1334f688fc06fd,118.80904465827926,31.922849035326866,8
8536,水韵别墅,118.806257,31.922002,江苏省南京市江宁区佛城东路88号,江苏省,南京市,江宁区,1,cc788fde1a1334f688fc06fd,118.80912020577266,31.922948639934624,9
8536,水韵别墅,118.806257,31.922002,江苏省南京市江宁区佛城东路88号,江苏省,南京市,江宁区,1,cc788fde1a1334f688fc06fd,118.80909783796545,31.923035142617124,10
8536,水韵别墅,118.806257,31.922002,江苏省南京市江宁区佛城东路88号,江苏省,南京市,江宁区,1,cc788fde1a1334f688fc06fd,118.80904061590448,31.923387435244305,11
8536,水韵别墅,118.806257,31.922002,江苏省南京市江宁区佛城东路88号,江苏省,南京市,江宁区,1,cc788fde1a1334f688fc06fd,118.80889527007297,31.923607636598867,12
8536,水韵别墅,118.806257,31.922002,江苏省南京市江宁区佛城东路88号,江苏省,南京市,江宁区,1,cc788fde1a1334f688fc06fd,118.8088000496889,31.923791290557336,13
8536,水韵别墅,118.806257,31.922002,江苏省南京市江宁区佛城东路88号,江苏省,南京市,江宁区,1,cc788fde1a1334f688fc06fd,118.80873896491423,31.923812437172078,14
8536,水韵别墅,118.806257,31.922002,江苏省南京市江宁区佛城东路88号,江苏省,南京市,江宁区,1,cc788fde1a1334f688fc06fd,118.80869800218296,31.923806537573537,15
8536,水韵别墅,118.806257,31.922002,江苏省南京市江宁区佛城东路88号,江苏省,南京市,江宁区,1,cc788fde1a1334f688fc06fd,118.80863089876136,31.92378270932097,16
8536,水韵别墅,118.806257,31.922002,江苏省南京市江宁区佛城东路88号,江苏省,南京市,江宁区,1,cc788fde1a1334f688fc06fd,118.80841647323614,31.923664104292616,17
8536,水韵别墅,118.806257,31.922002,江苏省南京市江宁区佛城东路88号,江苏省,南京市,江宁区,1,cc788fde1a1334f688fc06fd,118.80731155745887,31.92314715925487,18
8536,水韵别墅,118.806257,31.922002,江苏省南京市江宁区佛城东路88号,江苏省,南京市,江宁区,1,cc788fde1a1334f688fc06fd,118.80393303043584,31.921492869444627,19
8536,水韵别墅,118.806257,31.922002,江苏省南京市江宁区佛城东路88号,江苏省,南京市,江宁区,1,cc788fde1a1334f688fc06fd,118.80377501849664,31.92139303338424,20
8536,水韵别墅,118.806257,31.922002,江苏省南京市江宁区佛城东路88号,江苏省,南京市,江宁区,1,cc788fde1a1334f688fc06fd,118.80370297439472,31.9212509794305,21
8536,水韵别墅,118.806257,31.922002,江苏省南京市江宁区佛城东路88号,江苏省,南京市,江宁区,1,cc788fde1a1334f688fc06fd,118.80368500828453,31.921090000005847,22
8536,水韵别墅,118.806257,31.922002,江苏省南京市江宁区佛城东路88号,江苏省,南京市,江宁区,1,cc788fde1a1334f688fc06fd,118.80379298460684,31.920721991237752,23
8539,颐和美地-西园,118.811247,31.927798,江苏省南京市江宁区苏源大道8号,江苏省,南京市,江宁区,1,bc28463869d042a8fea7784d,118.80791754627116,31.930259142576524,1
8539,颐和美地-西园,118.811247,31.927798,江苏省南京市江宁区苏源大道8号,江苏省,南京市,江宁区,1,bc28463869d042a8fea7784d,118.81478944777835,31.930068830134353,2
8539,颐和美地-西园,118.811247,31.927798,江苏省南京市江宁区苏源大道8号,江苏省,南京市,江宁区,1,bc28463869d042a8fea7784d,118.81479996693587,31.93006604617487,3
8539,颐和美地-西园,118.811247,31.927798,江苏省南京市江宁区苏源大道8号,江苏省,南京市,江宁区,1,bc28463869d042a8fea7784d,118.81480998394062,31.93006136566292,4
8539,颐和美地-西园,118.811247,31.927798,江苏省南京市江宁区苏源大道8号,江苏省,南京市,江宁区,1,bc28463869d042a8fea7784d,118.81481889692789,31.930054993307873,5
8539,颐和美地-西园,118.811247,31.927798,江苏省南京市江宁区苏源大道8号,江苏省,南京市,江宁区,1,bc28463869d042a8fea7784d,118.81482660528745,31.930047129988456,6
8539,颐和美地-西园,118.811247,31.927798,江苏省南京市江宁区苏源大道8号,江苏省,南京市,江宁区,1,bc28463869d042a8fea7784d,118.8148327092734,31.93003797903498,7
8539,颐和美地-西园,118.811247,31.927798,江苏省南京市江宁区苏源大道8号,江苏省,南京市,江宁区,1,bc28463869d042a8fea7784d,118.8148371091738,31.93002794136253,8
8539,颐和美地-西园,118.811247,31.927798,江苏省南京市江宁区苏源大道8号,江苏省,南京市,江宁区,1,bc28463869d042a8fea7784d,118.8148397043784,31.930017317829808,9
8539,颐和美地-西园,118.811247,31.927798,江苏省南京市江宁区苏源大道8号,江苏省,南京市,江宁区,1,bc28463869d042a8fea7784d,118.81484910065404,31.927089129925296,10
8539,颐和美地-西园,118.811247,31.927798,江苏省南京市江宁区苏源大道8号,江苏省,南京市,江宁区,1,bc28463869d042a8fea7784d,118.814846583602,31.9270770466027,11
8539,颐和美地-西园,118.811247,31.927798,江苏省南京市江宁区苏源大道8号,江苏省,南京市,江宁区,1,bc28463869d042a8fea7784d,118.81484256278654,31.927065275256506,12
8539,颐和美地-西园,118.811247,31.927798,江苏省南京市江宁区苏源大道8号,江苏省,南京市,江宁区,1,bc28463869d042a8fea7784d,118.8148372403264,31.927054014397434,13
8539,颐和美地-西园,118.811247,31.927798,江苏省南京市江宁区苏源大道8号,江苏省,南京市,江宁区,1,bc28463869d042a8fea7784d,118.81483071593348,31.927043463302425,14
8539,颐和美地-西园,118.811247,31.927798,江苏省南京市江宁区苏源大道8号,江苏省,南京市,江宁区,1,bc28463869d042a8fea7784d,118.81482288899757,31.927033822704207,15
8539,颐和美地-西园,118.811247,31.927798,江苏省南京市江宁区苏源大道8号,江苏省,南京市,江宁区,1,bc28463869d042a8fea7784d,118.81481406134932,31.927025090228,16
8539,颐和美地-西园,118.811247,31.927798,江苏省南京市江宁区苏源大道8号,江苏省,南京市,江宁区,1,bc28463869d042a8fea7784d,118.81480423298873,31.927017465917036,17
8539,颐和美地-西园,118.811247,31.927798,江苏省南京市江宁区苏源大道8号,江苏省,南京市,江宁区,1,bc28463869d042a8fea7784d,118.80924806698572,31.924332209918315,18
8539,颐和美地-西园,118.811247,31.927798,江苏省南京市江宁区苏源大道8号,江苏省,南京市,江宁区,1,bc28463869d042a8fea7784d,118.80923745530274,31.924328238132084,19
8539,颐和美地-西园,118.811247,31.927798,江苏省南京市江宁区苏源大道8号,江苏省,南京市,江宁区,1,bc28463869d042a8fea7784d,118.80922614563637,31.924326668771172,20
8539,颐和美地-西园,118.811247,31.927798,江苏省南京市江宁区苏源大道8号,江苏省,南京市,江宁区,1,bc28463869d042a8fea7784d,118.80921483776662,31.92432780003191,21
8539,颐和美地-西园,118.811247,31.927798,江苏省南京市江宁区苏源大道8号,江苏省,南京市,江宁区,1,bc28463869d042a8fea7784d,118.80920413355815,31.92433133019361,22
8539,颐和美地-西园,118.811247,31.927798,江苏省南京市江宁区苏源大道8号,江苏省,南京市,江宁区,1,bc28463869d042a8fea7784d,118.80919443275695,31.92433725810672,23
8539,颐和美地-西园,118.811247,31.927798,江苏省南京市江宁区苏源大道8号,江苏省,南京市,江宁区,1,bc28463869d042a8fea7784d,118.80918633453278,31.92434528228008,24
8539,颐和美地-西园,118.811247,31.927798,江苏省南京市江宁区苏源大道8号,江苏省,南京市,江宁区,1,bc28463869d042a8fea7784d,118.80918073988606,31.924355100073186,25
8539,颐和美地-西园,118.811247,31.927798,江苏省南京市江宁区苏源大道8号,江苏省,南京市,江宁区,1,bc28463869d042a8fea7784d,118.80883086695772,31.925018766412602,26
8539,颐和美地-西园,118.811247,31.927798,江苏省南京市江宁区苏源大道8号,江苏省,南京市,江宁区,1,bc28463869d042a8fea7784d,118.80861699119546,31.925669026983993,27
8539,颐和美地-西园,118.811247,31.927798,江苏省南京市江宁区苏源大道8号,江苏省,南京市,江宁区,1,bc28463869d042a8fea7784d,118.80856572220509,31.927218360482826,28
8539,颐和美地-西园,118.811247,31.927798,江苏省南京市江宁区苏源大道8号,江苏省,南京市,江宁区,1,bc28463869d042a8fea7784d,118.8078787843884,31.93021158605061,29
8539,颐和美地-西园,118.811247,31.927798,江苏省南京市江宁区苏源大道8号,江苏省,南京市,江宁区,1,bc28463869d042a8fea7784d,118.80787979408379,31.93022098712733,30
8539,颐和美地-西园,118.811247,31.927798,江苏省南京市江宁区苏源大道8号,江苏省,南京市,江宁区,1,bc28463869d042a8fea7784d,118.80788250337321,31.930230085659286,31
8539,颐和美地-西园,118.811247,31.927798,江苏省南京市江宁区苏源大道8号,江苏省,南京市,江宁区,1,bc28463869d042a8fea7784d,118.80788701376517,31.93023838144189,32
8539,颐和美地-西园,118.811247,31.927798,江苏省南京市江宁区苏源大道8号,江苏省,南京市,江宁区,1,bc28463869d042a8fea7784d,118.80789522607415,31.930247872076144,33
8539,颐和美地-西园,118.811247,31.927798,江苏省南京市江宁区苏源大道8号,江苏省,南京市,江宁区,1,bc28463869d042a8fea7784d,118.80790563743501,31.930254958908105,34
8539,颐和美地-西园,118.811247,31.927798,江苏省南京市江宁区苏源大道8号,江苏省,南京市,江宁区,1,bc28463869d042a8fea7784d,118.80791754627116,31.930259142576524,35
8540,颐和公馆,118.818484,31.92656,江苏省南京市江宁区佛城东路98号,江苏省,南京市,江宁区,1,f7e8cfd710fa3db56fa3cc0a,118.82008689909956,31.927059073850664,1
8540,颐和公馆,118.818484,31.92656,江苏省南京市江宁区佛城东路98号,江苏省,南京市,江宁区,1,f7e8cfd710fa3db56fa3cc0a,118.82008689909956,31.92632739356377,2
8540,颐和公馆,118.818484,31.92656,江苏省南京市江宁区佛城东路98号,江苏省,南京市,江宁区,1,f7e8cfd710fa3db56fa3cc0a,118.81892952228051,31.92617952447756,3
8540,颐和公馆,118.818484,31.92656,江苏省南京市江宁区佛城东路98号,江苏省,南京市,江宁区,1,f7e8cfd710fa3db56fa3cc0a,118.81832963386094,31.926105206763257,4
8540,颐和公馆,118.818484,31.92656,江苏省南京市江宁区佛城东路98号,江苏省,南京市,江宁区,1,f7e8cfd710fa3db56fa3cc0a,118.81772983527193,31.926009513039745,5
8540,颐和公馆,118.818484,31.92656,江苏省南京市江宁区佛城东路98号,江苏省,南京市,江宁区,1,f7e8cfd710fa3db56fa3cc0a,118.81759248435947,31.925989975878068,6
8540,颐和公馆,118.818484,31.92656,江苏省南京市江宁区佛城东路98号,江苏省,南京市,江宁区,1,f7e8cfd710fa3db56fa3cc0a,118.8174620503994,31.92599725442898,7
8540,颐和公馆,118.818484,31.92656,江苏省南京市江宁区佛城东路98号,江苏省,南京市,江宁区,1,f7e8cfd710fa3db56fa3cc0a,118.81718645026895,31.926065059849066,8
8540,颐和公馆,118.818484,31.92656,江苏省南京市江宁区佛城东路98号,江苏省,南京市,江宁区,1,f7e8cfd710fa3db56fa3cc0a,118.81704110443744,31.926132558753817,9
8540,颐和公馆,118.818484,31.92656,江苏省南京市江宁区佛城东路98号,江苏省,南京市,江宁区,1,f7e8cfd710fa3db56fa3cc0a,118.81698774509015,31.92620863861714,10
8540,颐和公馆,118.818484,31.92656,江苏省南京市江宁区佛城东路98号,江苏省,南京市,江宁区,1,f7e8cfd710fa3db56fa3cc0a,118.81698127729047,31.92649824718305,11
8540,颐和公馆,118.818484,31.92656,江苏省南京市江宁区佛城东路98号,江苏省,南京市,江宁区,1,f7e8cfd710fa3db56fa3cc0a,118.81694965693652,31.926940702935838,12
8540,颐和公馆,118.818484,31.92656,江苏省南京市江宁区佛城东路98号,江苏省,南京市,江宁区,1,f7e8cfd710fa3db56fa3cc0a,118.82008689909956,31.927059073850664,13
8541,颐和美地-东园,118.818337,31.928655,南京市江宁区苏源大道8~9号,江苏省,南京市,江宁区,1,0ce65c2d427754592d47337a,118.81603637038555,31.929949770703757,1
8541,颐和美地-东园,118.818337,31.928655,南京市江宁区苏源大道8~9号,江苏省,南京市,江宁区,1,0ce65c2d427754592d47337a,118.81603978933632,31.929960442970206,2
8541,颐和美地-东园,118.818337,31.928655,南京市江宁区苏源大道8~9号,江苏省,南京市,江宁区,1,0ce65c2d427754592d47337a,118.81604511179648,31.929970397908082,3
8541,颐和美地-东园,118.818337,31.928655,南京市江宁区苏源大道8~9号,江苏省,南京市,江宁区,1,0ce65c2d427754592d47337a,118.81605213744386,31.929979137150244,4
8541,颐和美地-东园,118.818337,31.928655,南京市江宁区苏源大道8~9号,江苏省,南京市,江宁区,1,0ce65c2d427754592d47337a,118.81606066595639,31.929986462422658,5
8541,颐和美地-东园,118.818337,31.928655,南京市江宁区苏源大道8~9号,江苏省,南京市,江宁区,1,0ce65c2d427754592d47337a,118.81607049521527,31.92999197549153,6
8541,颐和美地-东园,118.818337,31.928655,南京市江宁区苏源大道8~9号,江苏省,南京市,江宁区,1,0ce65c2d427754592d47337a,118.81608112486437,31.9299956807241,7
8541,颐和美地-东园,118.818337,31.928655,南京市江宁区苏源大道8~9号,江苏省,南京市,江宁区,1,0ce65c2d427754592d47337a,118.81609225307304,31.92999738076563,8
8541,颐和美地-东园,118.818337,31.928655,南京市江宁区苏源大道8~9号,江苏省,南京市,江宁区,1,0ce65c2d427754592d47337a,118.8208734724719,31.92979148045331,9
8541,颐和美地-东园,118.818337,31.928655,南京市江宁区苏源大道8~9号,江苏省,南京市,江宁区,1,0ce65c2d427754592d47337a,118.82088370506997,31.929788248988036,10
8541,颐和美地-东园,118.818337,31.928655,南京市江宁区苏源大道8~9号,江苏省,南京市,江宁区,1,0ce65c2d427754592d47337a,118.82089333310843,31.9297833246788,11
8541,颐和美地-东园,118.818337,31.928655,南京市江宁区苏源大道8~9号,江苏省,南京市,江宁区,1,0ce65c2d427754592d47337a,118.8209018562311,31.929776814017572,12
8541,颐和美地-东园,118.818337,31.928655,南京市江宁区苏源大道8~9号,江苏省,南京市,江宁区,1,0ce65c2d427754592d47337a,118.8209091738278,31.929768818286615,13
8541,颐和美地-东园,118.818337,31.928655,南京市江宁区苏源大道8~9号,江苏省,南京市,江宁区,1,0ce65c2d427754592d47337a,118.82091488435593,31.929759742769125,14
8541,颐和美地-东园,118.818337,31.928655,南京市江宁区苏源大道8~9号,江苏省,南京市,江宁区,1,0ce65c2d427754592d47337a,118.82091888810358,31.9297496887474,15
8541,颐和美地-东园,118.818337,31.928655,南京市江宁区苏源大道8~9号,江苏省,南京市,江宁区,1,0ce65c2d427754592d47337a,118.82092098474864,31.929739259013548,16
8541,颐和美地-东园,118.818337,31.928655,南京市江宁区苏源大道8~9号,江苏省,南京市,江宁区,1,0ce65c2d427754592d47337a,118.82081489935945,31.9277119395459,17
8541,颐和美地-东园,118.818337,31.928655,南京市江宁区苏源大道8~9号,江苏省,南京市,江宁区,1,0ce65c2d427754592d47337a,118.82081418790146,31.927702646007287,18
8541,颐和美地-东园,118.818337,31.928655,南京市江宁区苏源大道8~9号,江苏省,南京市,江宁区,1,0ce65c2d427754592d47337a,118.82081307490095,31.927693357524294,19
8541,颐和美地-东园,118.818337,31.928655,南京市江宁区苏源大道8~9号,江苏省,南京市,江宁区,1,0ce65c2d427754592d47337a,118.82081156035787,31.927684174156017,20
8541,颐和美地-东园,118.818337,31.928655,南京市江宁区苏源大道8~9号,江苏省,南京市,江宁区,1,0ce65c2d427754592d47337a,118.82080954456029,31.927674997145836,21
8541,颐和美地-东园,118.818337,31.928655,南京市江宁区苏源大道8~9号,江苏省,南京市,江宁区,1,0ce65c2d427754592d47337a,118.82080712722018,31.92766602538611,22
8541,颐和美地-东园,118.818337,31.928655,南京市江宁区苏源大道8~9号,江苏省,南京市,江宁区,1,0ce65c2d427754592d47337a,118.82080430833747,31.927657158664555,23
8541,颐和美地-东园,118.818337,31.928655,南京市江宁区苏源大道8~9号,江苏省,南京市,江宁区,1,0ce65c2d427754592d47337a,118.82080108881054,31.92764839705783,24
8541,颐和美地-东园,118.818337,31.928655,南京市江宁区苏源大道8~9号,江苏省,南京市,江宁区,1,0ce65c2d427754592d47337a,118.82079746774102,31.927639840625073,25
8541,颐和美地-东园,118.818337,31.928655,南京市江宁区苏源大道8~9号,江苏省,南京市,江宁区,1,0ce65c2d427754592d47337a,118.82079344512896,31.927631489366334,26
8541,颐和美地-东园,118.818337,31.928655,南京市江宁区苏源大道8~9号,江苏省,南京市,江宁区,1,0ce65c2d427754592d47337a,118.82078660992232,31.927619272652457,27
8541,颐和美地-东园,118.818337,31.928655,南京市江宁区苏源大道8~9号,江苏省,南京市,江宁区,1,0ce65c2d427754592d47337a,118.82058056379088,31.92727577581359,28
8541,颐和美地-东园,118.818337,31.928655,南京市江宁区苏源大道8~9号,江苏省,南京市,江宁区,1,0ce65c2d427754592d47337a,118.82057413012683,31.927264153203303,29
8541,颐和美地-东园,118.818337,31.928655,南京市江宁区苏源大道8~9号,江苏省,南京市,江宁区,1,0ce65c2d427754592d47337a,118.82056559083465,31.927253857338087,30
8541,颐和美地-东园,118.818337,31.928655,南京市江宁区苏源大道8~9号,江苏省,南京市,江宁区,1,0ce65c2d427754592d47337a,118.82055544806713,31.927245282097516,31
8541,颐和美地-东园,118.818337,31.928655,南京市江宁区苏源大道8~9号,江苏省,南京市,江宁区,1,0ce65c2d427754592d47337a,118.82054390214641,31.927238624843024,32
8541,颐和美地-东园,118.818337,31.928655,南京市江宁区苏源大道8~9号,江苏省,南京市,江宁区,1,0ce65c2d427754592d47337a,118.82053135551335,31.927233980577984,33
8541,颐和美地-东园,118.818337,31.928655,南京市江宁区苏源大道8~9号,江苏省,南京市,江宁区,1,0ce65c2d427754592d47337a,118.8205182088122,31.927231644348154,34
8541,颐和美地-东园,118.818337,31.928655,南京市江宁区苏源大道8~9号,江苏省,南京市,江宁区,1,0ce65c2d427754592d47337a,118.82050486358557,31.927231711156697,35
8541,颐和美地-东园,118.818337,31.928655,南京市江宁区苏源大道8~9号,江苏省,南京市,江宁区,1,0ce65c2d427754592d47337a,118.81582470355654,31.927085854080413,36
8541,颐和美地-东园,118.818337,31.928655,南京市江宁区苏源大道8~9号,江苏省,南京市,江宁区,1,0ce65c2d427754592d47337a,118.81581067022786,31.927085877448118,37
8541,颐和美地-东园,118.818337,31.928655,南京市江宁区苏源大道8~9号,江苏省,南京市,江宁区,1,0ce65c2d427754592d47337a,118.81579673840773,31.92708700017027,38
8541,颐和美地-东园,118.818337,31.928655,南京市江宁区苏源大道8~9号,江苏省,南京市,江宁区,1,0ce65c2d427754592d47337a,118.81578290809607,31.927089122033898,39
8541,颐和美地-东园,118.818337,31.928655,南京市江宁区苏源大道8~9号,江苏省,南京市,江宁区,1,0ce65c2d427754592d47337a,118.81576927900488,31.927092242272792,40
8541,颐和美地-东园,118.818337,31.928655,南京市江宁区苏源大道8~9号,江苏省,南京市,江宁区,1,0ce65c2d427754592d47337a,118.81575585113411,31.927096460946526,41
8541,颐和美地-东园,118.818337,31.928655,南京市江宁区苏源大道8~9号,江苏省,南京市,江宁区,1,0ce65c2d427754592d47337a,118.81574292631444,31.927101775296805,42
8541,颐和美地-东园,118.818337,31.928655,南京市江宁区苏源大道8~9号,江苏省,南京市,江宁区,1,0ce65c2d427754592d47337a,118.81573030242711,31.927107987196056,43
8541,颐和美地-东园,118.818337,31.928655,南京市江宁区苏源大道8~9号,江苏省,南京市,江宁区,1,0ce65c2d427754592d47337a,118.81534451973602,31.927314344763385,44
8541,颐和美地-东园,118.818337,31.928655,南京市江宁区苏源大道8~9号,江苏省,南京市,江宁区,1,0ce65c2d427754592d47337a,118.81533480635854,31.927322428434287,45
8541,颐和美地-东园,118.818337,31.928655,南京市江宁区苏源大道8~9号,江苏省,南京市,江宁区,1,0ce65c2d427754592d47337a,118.81532619520192,31.927331503045476,46
8541,颐和美地-东园,118.818337,31.928655,南京市江宁区苏源大道8~9号,江苏省,南京市,江宁区,1,0ce65c2d427754592d47337a,118.81531858835086,31.927341569516024,47
8541,颐和美地-东园,118.818337,31.928655,南京市江宁区苏源大道8~9号,江苏省,南京市,江宁区,1,0ce65c2d427754592d47337a,118.81531218522919,31.92735232613503,48
8541,颐和美地-东园,118.818337,31.928655,南京市江宁区苏源大道8~9号,江苏省,南京市,江宁区,1,0ce65c2d427754592d47337a,118.8153069849386,31.927363772749008,49
8541,颐和美地-东园,118.818337,31.928655,南京市江宁区苏源大道8~9号,江苏省,南京市,江宁区,1,0ce65c2d427754592d47337a,118.8153030880893,31.927375708625977,50
8541,颐和美地-东园,118.818337,31.928655,南京市江宁区苏源大道8~9号,江苏省,南京市,江宁区,1,0ce65c2d427754592d47337a,118.81530049468128,31.927387933723583,51
8541,颐和美地-东园,118.818337,31.928655,南京市江宁区苏源大道8~9号,江苏省,南京市,江宁区,1,0ce65c2d427754592d47337a,118.81530959182118,31.92896359719812,52
8541,颐和美地-东园,118.818337,31.928655,南京市江宁区苏源大道8~9号,江苏省,南京市,江宁区,1,0ce65c2d427754592d47337a,118.81531200916132,31.92897508015434,53
8541,颐和美地-东园,118.818337,31.928655,南京市江宁区苏源大道8~9号,江苏省,南京市,江宁区,1,0ce65c2d427754592d47337a,118.8153162294006,31.92898594790025,54
8541,颐和美地-东园,118.818337,31.928655,南京市江宁区苏源大道8~9号,江苏省,南京市,江宁区,1,0ce65c2d427754592d47337a,118.81532205311521,31.928996202044942,55
8541,颐和美地-东园,118.818337,31.928655,南京市江宁区苏源大道8~9号,江苏省,南京市,江宁区,1,0ce65c2d427754592d47337a,118.81532947850856,31.929005242396187,56
8541,颐和美地-东园,118.818337,31.928655,南京市江宁区苏源大道8~9号,江苏省,南京市,江宁区,1,0ce65c2d427754592d47337a,118.81533810583467,31.929013172382955,57
8541,颐和美地-东园,118.818337,31.928655,南京市江宁区苏源大道8~9号,江苏省,南京市,江宁区,1,0ce65c2d427754592d47337a,118.81534793419526,31.92901949171755,58
8541,颐和美地-东园,118.818337,31.928655,南京市江宁区苏源大道8~9号,江苏省,南京市,江宁区,1,0ce65c2d427754592d47337a,118.81535866355627,31.929024302986175,59
8541,颐和美地-东园,118.818337,31.928655,南京市江宁区苏源大道8~9号,江苏省,南京市,江宁区,1,0ce65c2d427754592d47337a,118.81564519157327,31.92909398073676,60
8541,颐和美地-东园,118.818337,31.928655,南京市江宁区苏源大道8~9号,江苏省,南京市,江宁区,1,0ce65c2d427754592d47337a,118.8158924025547,31.929322280899544,61
8541,颐和美地-东园,118.818337,31.928655,南京市江宁区苏源大道8~9号,江苏省,南京市,江宁区,1,0ce65c2d427754592d47337a,118.81600338281062,31.929638180362296,62
8541,颐和美地-东园,118.818337,31.928655,南京市江宁区苏源大道8~9号,江苏省,南京市,江宁区,1,0ce65c2d427754592d47337a,118.81603637038555,31.929949770703757,63
8542,九龙湖别墅,118.812897,31.920804,江苏省南京市江宁区清水亭西路188号,江苏省,南京市,江宁区,1,2519bacfb97c869e46572693,118.81484160339626,31.923483514815217,1
8542,九龙湖别墅,118.812897,31.920804,江苏省南京市江宁区清水亭西路188号,江苏省,南京市,江宁区,1,2519bacfb97c869e46572693,118.80975198403782,31.921078506937526,2
8542,九龙湖别墅,118.812897,31.920804,江苏省南京市江宁区清水亭西路188号,江苏省,南京市,江宁区,1,2519bacfb97c869e46572693,118.81021003001736,31.920076995394226,3
8542,九龙湖别墅,118.812897,31.920804,江苏省南京市江宁区清水亭西路188号,江苏省,南京市,江宁区,1,2519bacfb97c869e46572693,118.81106351008239,31.91866109933501,4
8542,九龙湖别墅,118.812897,31.920804,江苏省南京市江宁区清水亭西路188号,江苏省,南京市,江宁区,1,2519bacfb97c869e46572693,118.81553257999454,31.919691666047292,5
8542,九龙湖别墅,118.812897,31.920804,江苏省南京市江宁区清水亭西路188号,江苏省,南京市,江宁区,1,2519bacfb97c869e46572693,118.81530324259784,31.92106908262041,6
8542,九龙湖别墅,118.812897,31.920804,江苏省南京市江宁区清水亭西路188号,江苏省,南京市,江宁区,1,2519bacfb97c869e46572693,118.81484160339626,31.923483514815217,7
8544,金聚龙大厦,118.816445,31.930978,江苏省南京市江宁区高湖路25号,江苏省,南京市,江宁区,1,b703e96b9e4a9bfa8f1a897a,118.81602260565023,31.93164485149725,1
8544,金聚龙大厦,118.816445,31.930978,江苏省南京市江宁区高湖路25号,江苏省,南京市,江宁区,1,b703e96b9e4a9bfa8f1a897a,118.81602709717778,31.93049567068622,2
8544,金聚龙大厦,118.816445,31.930978,江苏省南京市江宁区高湖路25号,江苏省,南京市,江宁区,1,b703e96b9e4a9bfa8f1a897a,118.8170736230969,31.930465025666052,3
8544,金聚龙大厦,118.816445,31.930978,江苏省南京市江宁区高湖路25号,江苏省,南京市,江宁区,1,b703e96b9e4a9bfa8f1a897a,118.8171005722622,31.930721677391496,4
8544,金聚龙大厦,118.816445,31.930978,江苏省南京市江宁区高湖路25号,江苏省,南京市,江宁区,1,b703e96b9e4a9bfa8f1a897a,118.81710721972297,31.93155276434284,5
8544,金聚龙大厦,118.816445,31.930978,江苏省南京市江宁区高湖路25号,江苏省,南京市,江宁区,1,b703e96b9e4a9bfa8f1a897a,118.81660650423171,31.931564409312603,6
8544,金聚龙大厦,118.816445,31.930978,江苏省南京市江宁区高湖路25号,江苏省,南京市,江宁区,1,b703e96b9e4a9bfa8f1a897a,118.81652116520827,31.931637190339863,7
8544,金聚龙大厦,118.816445,31.930978,江苏省南京市江宁区高湖路25号,江苏省,南京市,江宁区,1,b703e96b9e4a9bfa8f1a897a,118.81602260565023,31.93164485149725,8
8553,中国人家,118.823977,31.928578,南京市江宁区高湖路68号,江苏省,南京市,江宁区,1,3810c8793e6b048b9c09f77a,118.82133329799467,31.929810139119546,1
8553,中国人家,118.823977,31.928578,南京市江宁区高湖路68号,江苏省,南京市,江宁区,1,3810c8793e6b048b9c09f77a,118.82138459123928,31.929960530538853,2
8553,中国人家,118.823977,31.928578,南京市江宁区高湖路68号,江苏省,南京市,江宁区,1,3810c8793e6b048b9c09f77a,118.82143884889209,31.930029788653506,3
8553,中国人家,118.823977,31.928578,南京市江宁区高湖路68号,江苏省,南京市,江宁区,1,3810c8793e6b048b9c09f77a,118.82169244053756,31.93004710317394,4
8553,中国人家,118.823977,31.928578,南京市江宁区高湖路68号,江苏省,南京市,江宁区,1,3810c8793e6b048b9c09f77a,118.82197846101194,31.930041203979297,5
8553,中国人家,118.823977,31.928578,南京市江宁区高湖路68号,江苏省,南京市,江宁区,1,3810c8793e6b048b9c09f77a,118.82441349775783,31.929956240211432,6
8553,中国人家,118.823977,31.928578,南京市江宁区高湖路68号,江苏省,南京市,江宁区,1,3810c8793e6b048b9c09f77a,118.8258113509619,31.929963365219354,7
8553,中国人家,118.823977,31.928578,南京市江宁区高湖路68号,江苏省,南京市,江宁区,1,3810c8793e6b048b9c09f77a,118.8258383001272,31.929473040792324,8
8553,中国人家,118.823977,31.928578,南京市江宁区高湖路68号,江苏省,南京市,江宁区,1,3810c8793e6b048b9c09f77a,118.82571702888336,31.92946537945221,9
8553,中国人家,118.823977,31.928578,南京市江宁区高湖路68号,江苏省,南京市,江宁区,1,3810c8793e6b048b9c09f77a,118.82570804582826,31.929354289947984,10
8553,中国人家,118.823977,31.928578,南京市江宁区高湖路68号,江苏省,南京市,江宁区,1,3810c8793e6b048b9c09f77a,118.82682194466064,31.92936961264628,11
8553,中国人家,118.823977,31.928578,南京市江宁区高湖路68号,江苏省,南京市,江宁区,1,3810c8793e6b048b9c09f77a,118.82675457174739,31.928239556729835,12
8553,中国人家,118.823977,31.928578,南京市江宁区高湖路68号,江苏省,南京市,江宁区,1,3810c8793e6b048b9c09f77a,118.8260359273394,31.927653454409427,13
8553,中国人家,118.823977,31.928578,南京市江宁区高湖路68号,江苏省,南京市,江宁区,1,3810c8793e6b048b9c09f77a,118.82556880847422,31.92743893235564,14
8553,中国人家,118.823977,31.928578,南京市江宁区高湖路68号,江苏省,南京市,江宁区,1,3810c8793e6b048b9c09f77a,118.82464804532648,31.92723590208923,15
8553,中国人家,118.823977,31.928578,南京市江宁区高湖路68号,江苏省,南京市,江宁区,1,3810c8793e6b048b9c09f77a,118.82428306379778,31.927202191359672,16
8553,中国人家,118.823977,31.928578,南京市江宁区高湖路68号,江苏省,南京市,江宁区,1,3810c8793e6b048b9c09f77a,118.82397880772155,31.927163883697293,17
8553,中国人家,118.823977,31.928578,南京市江宁区高湖路68号,江苏省,南京市,江宁区,1,3810c8793e6b048b9c09f77a,118.8222503780898,31.92696767159793,18
8553,中国人家,118.823977,31.928578,南京市江宁区高湖路68号,江苏省,南京市,江宁区,1,3810c8793e6b048b9c09f77a,118.82161985745235,31.926792911461167,19
8553,中国人家,118.823977,31.928578,南京市江宁区高湖路68号,江苏省,南京市,江宁区,1,3810c8793e6b048b9c09f77a,118.82140615057152,31.92680172226083,20
8553,中国人家,118.823977,31.928578,南京市江宁区高湖路68号,江苏省,南京市,江宁区,1,3810c8793e6b048b9c09f77a,118.8212687098285,31.926859567054862,21
8553,中国人家,118.823977,31.928578,南京市江宁区高湖路68号,江苏省,南京市,江宁区,1,3810c8793e6b048b9c09f77a,118.82124795897121,31.92696391743806,22
8553,中国人家,118.823977,31.928578,南京市江宁区高湖路68号,江苏省,南京市,江宁区,1,3810c8793e6b048b9c09f77a,118.82127490813652,31.9272857020078,23
8553,中国人家,118.823977,31.928578,南京市江宁区高湖路68号,江苏省,南京市,江宁区,1,3810c8793e6b048b9c09f77a,118.82133329799467,31.929810139119546,24
8554,俊杰科创大厦,118.829533,31.921933,江苏省南京市江宁区清水亭西路999号,江苏省,南京市,江宁区,1,0c2a53b79fe199abf32d83d4,118.8300309602787,31.92070353963587,1
8554,俊杰科创大厦,118.829533,31.921933,江苏省南京市江宁区清水亭西路999号,江苏省,南京市,江宁区,1,0c2a53b79fe199abf32d83d4,118.83029139422382,31.920703764298715,2
8554,俊杰科创大厦,118.829533,31.921933,江苏省南京市江宁区清水亭西路999号,江苏省,南京市,江宁区,1,0c2a53b79fe199abf32d83d4,118.83008182558046,31.921757342752954,3
8554,俊杰科创大厦,118.829533,31.921933,江苏省南京市江宁区清水亭西路999号,江苏省,南京市,江宁区,1,0c2a53b79fe199abf32d83d4,118.82996989616325,31.922367476974742,4
8554,俊杰科创大厦,118.829533,31.921933,江苏省南京市江宁区清水亭西路999号,江苏省,南京市,江宁区,1,0c2a53b79fe199abf32d83d4,118.82917078757711,31.922200513173355,5
8554,俊杰科创大厦,118.829533,31.921933,江苏省南京市江宁区清水亭西路999号,江苏省,南京市,江宁区,1,0c2a53b79fe199abf32d83d4,118.82951166796065,31.92065178306176,6
8554,俊杰科创大厦,118.829533,31.921933,江苏省南京市江宁区清水亭西路999号,江苏省,南京市,江宁区,1,0c2a53b79fe199abf32d83d4,118.8300309602787,31.92070353963587,7
8555,玉登园,118.825642,31.928661,南京市江宁区马浦街49号,江苏省,南京市,江宁区,1,ec889a9a6d50dbc10ab93a9b,118.82480091267004,31.929955178048907,1
8555,玉登园,118.825642,31.928661,南京市江宁区马浦街49号,江苏省,南京市,江宁区,1,ec889a9a6d50dbc10ab93a9b,118.8258161739642,31.92997044180732,2
8555,玉登园,118.825642,31.928661,南京市江宁区马浦街49号,江苏省,南京市,江宁区,1,ec889a9a6d50dbc10ab93a9b,118.82583975987366,31.929449922466702,3
8555,玉登园,118.825642,31.928661,南京市江宁区马浦街49号,江苏省,南京市,江宁区,1,ec889a9a6d50dbc10ab93a9b,118.82571020894791,31.929448962500576,4
8555,玉登园,118.825642,31.928661,南京市江宁区马浦街49号,江苏省,南京市,江宁区,1,ec889a9a6d50dbc10ab93a9b,118.82571011911736,31.92935893839524,5
8555,玉登园,118.825642,31.928661,南京市江宁区马浦街49号,江苏省,南京市,江宁区,1,ec889a9a6d50dbc10ab93a9b,118.82683098251236,31.929386017277444,6
8555,玉登园,118.825642,31.928661,南京市江宁区马浦街49号,江苏省,南京市,江宁区,1,ec889a9a6d50dbc10ab93a9b,118.8267575918505,31.92831190325318,7
8555,玉登园,118.825642,31.928661,南京市江宁区马浦街49号,江苏省,南京市,江宁区,1,ec889a9a6d50dbc10ab93a9b,118.82669218263311,31.928188928747335,8
8555,玉登园,118.825642,31.928661,南京市江宁区马浦街49号,江苏省,南京市,江宁区,1,ec889a9a6d50dbc10ab93a9b,118.8262187675446,31.92782844166645,9
8555,玉登园,118.825642,31.928661,南京市江宁区马浦街49号,江苏省,南京市,江宁区,1,ec889a9a6d50dbc10ab93a9b,118.82603780210299,31.92764127041308,10
8555,玉登园,118.825642,31.928661,南京市江宁区马浦街49号,江苏省,南京市,江宁区,1,ec889a9a6d50dbc10ab93a9b,118.82550835251338,31.927441551289885,11
8555,玉登园,118.825642,31.928661,南京市江宁区马浦街49号,江苏省,南京市,江宁区,1,ec889a9a6d50dbc10ab93a9b,118.82480628633358,31.927297339555306,12
8555,玉登园,118.825642,31.928661,南京市江宁区马浦街49号,江苏省,南京市,江宁区,1,ec889a9a6d50dbc10ab93a9b,118.8247858930019,31.927985847289033,13
8555,玉登园,118.825642,31.928661,南京市江宁区马浦街49号,江苏省,南京市,江宁区,1,ec889a9a6d50dbc10ab93a9b,118.82480091267004,31.929955178048907,14
8556,乐恵大厦,118.822885,31.921957,江苏省南京市江宁区秣陵街道清水亭西路61号南京宇翔乐惠大厦,江苏省,南京市,江宁区,1,e266d8cc7d8f045086420e6a,118.82200648351218,31.922680368088127,1
8556,乐恵大厦,118.822885,31.921957,江苏省南京市江宁区秣陵街道清水亭西路61号南京宇翔乐惠大厦,江苏省,南京市,江宁区,1,e266d8cc7d8f045086420e6a,118.82199524115224,31.922679019817753,2
8556,乐恵大厦,118.822885,31.921957,江苏省南京市江宁区秣陵街道清水亭西路61号南京宇翔乐惠大厦,江苏省,南京市,江宁区,1,e266d8cc7d8f045086420e6a,118.82198449835796,31.922675364062318,3
8556,乐恵大厦,118.822885,31.921957,江苏省南京市江宁区秣陵街道清水亭西路61号南京宇翔乐惠大厦,江苏省,南京市,江宁区,1,e266d8cc7d8f045086420e6a,118.82197485741086,31.922669492720797,4
8556,乐恵大厦,118.822885,31.921957,江苏省南京市江宁区秣陵街道清水亭西路61号南京宇翔乐惠大厦,江苏省,南京市,江宁区,1,e266d8cc7d8f045086420e6a,118.82196661979754,31.92266180185314,5
8556,乐恵大厦,118.822885,31.921957,江苏省南京市江宁区秣陵街道清水亭西路61号南京宇翔乐惠大厦,江苏省,南京市,江宁区,1,e266d8cc7d8f045086420e6a,118.82196028762762,31.922652584785293,6
8556,乐恵大厦,118.822885,31.921957,江苏省南京市江宁区秣陵街道清水亭西路61号南京宇翔乐惠大厦,江苏省,南京市,江宁区,1,e266d8cc7d8f045086420e6a,118.82195596155896,31.92264214026556,7
8556,乐恵大厦,118.822885,31.921957,江苏省南京市江宁区秣陵街道清水亭西路61号南京宇翔乐惠大厦,江苏省,南京市,江宁区,1,e266d8cc7d8f045086420e6a,118.8219538429099,31.92263106576124,8
8556,乐恵大厦,118.822885,31.921957,江苏省南京市江宁区秣陵街道清水亭西路61号南京宇翔乐惠大厦,江苏省,南京市,江宁区,1,e266d8cc7d8f045086420e6a,118.82195852777437,31.921168395944672,9
8556,乐恵大厦,118.822885,31.921957,江苏省南京市江宁区秣陵街道清水亭西路61号南京宇翔乐惠大厦,江苏省,南京市,江宁区,1,e266d8cc7d8f045086420e6a,118.82196102762835,31.921158859561924,10
8556,乐恵大厦,118.822885,31.921957,江苏省南京市江宁区秣陵街道清水亭西路61号南京宇翔乐惠大厦,江苏省,南京市,江宁区,1,e266d8cc7d8f045086420e6a,118.82196573627903,31.92115009355338,11
8556,乐恵大厦,118.822885,31.921957,江苏省南京市江宁区秣陵街道清水亭西路61号南京宇翔乐惠大厦,江苏省,南京市,江宁区,1,e266d8cc7d8f045086420e6a,118.82197245358483,31.921142700768648,12
8556,乐恵大厦,118.822885,31.921957,江苏省南京市江宁区秣陵街道清水亭西路61号南京宇翔乐惠大厦,江苏省,南京市,江宁区,1,e266d8cc7d8f045086420e6a,118.82198378835166,31.921135945710333,13
8556,乐恵大厦,118.822885,31.921957,江苏省南京市江宁区秣陵街道清水亭西路61号南京宇翔乐惠大厦,江苏省,南京市,江宁区,1,e266d8cc7d8f045086420e6a,118.8219967329709,31.9211332699125,14
8556,乐恵大厦,118.822885,31.921957,江苏省南京市江宁区秣陵街道清水亭西路61号南京宇翔乐惠大厦,江苏省,南京市,江宁区,1,e266d8cc7d8f045086420e6a,118.82200978226787,31.92113499379748,15
8556,乐恵大厦,118.822885,31.921957,江苏省南京市江宁区秣陵街道清水亭西路61号南京宇翔乐惠大厦,江苏省,南京市,江宁区,1,e266d8cc7d8f045086420e6a,118.8236969550317,31.921512646913822,16
8556,乐恵大厦,118.822885,31.921957,江苏省南京市江宁区秣陵街道清水亭西路61号南京宇翔乐惠大厦,江苏省,南京市,江宁区,1,e266d8cc7d8f045086420e6a,118.82370890504707,31.921515673240503,17
8556,乐恵大厦,118.822885,31.921957,江苏省南京市江宁区秣陵街道清水亭西路61号南京宇翔乐惠大厦,江苏省,南京市,江宁区,1,e266d8cc7d8f045086420e6a,118.82372005389071,31.9215207117493,18
8556,乐恵大厦,118.822885,31.921957,江苏省南京市江宁区秣陵街道清水亭西路61号南京宇翔乐惠大厦,江苏省,南京市,江宁区,1,e266d8cc7d8f045086420e6a,118.82373020057125,31.921527565340853,19
8556,乐恵大厦,118.822885,31.921957,江苏省南京市江宁区秣陵街道清水亭西路61号南京宇翔乐惠大厦,江苏省,南京市,江宁区,1,e266d8cc7d8f045086420e6a,118.82373904370716,31.921536038386083,20
8556,乐恵大厦,118.822885,31.921957,江苏省南京市江宁区秣陵街道清水亭西路61号南京宇翔乐惠大厦,江苏省,南京市,江宁区,1,e266d8cc7d8f045086420e6a,118.82374638221013,31.921545833765716,21
8556,乐恵大厦,118.822885,31.921957,江苏省南京市江宁区秣陵街道清水亭西路61号南京宇翔乐惠大厦,江苏省,南京市,江宁区,1,e266d8cc7d8f045086420e6a,118.82375191469319,31.921556755855267,22
8556,乐恵大厦,118.822885,31.921957,江苏省南京市江宁区秣陵街道清水亭西路61号南京宇翔乐惠大厦,江苏省,南京市,江宁区,1,e266d8cc7d8f045086420e6a,118.82375554036743,31.92156840603626,23
8556,乐恵大厦,118.822885,31.921957,江苏省南京市江宁区秣陵街道清水亭西路61号南京宇翔乐惠大厦,江苏省,南京市,江宁区,1,e266d8cc7d8f045086420e6a,118.82376836629085,31.921645539739465,24
8556,乐恵大厦,118.822885,31.921957,江苏省南京市江宁区秣陵街道清水亭西路61号南京宇翔乐惠大厦,江苏省,南京市,江宁区,1,e266d8cc7d8f045086420e6a,118.82376998506703,31.92165821956584,25
8556,乐恵大厦,118.822885,31.921957,江苏省南京市江宁区秣陵街道清水亭西路61号南京宇翔乐惠大厦,江苏省,南京市,江宁区,1,e266d8cc7d8f045086420e6a,118.82377100147455,31.921670908214768,26
8556,乐恵大厦,118.822885,31.921957,江苏省南京市江宁区秣陵街道清水亭西路61号南京宇翔乐惠大厦,江苏省,南京市,江宁区,1,e266d8cc7d8f045086420e6a,118.82377131521763,31.921683707183924,27
8556,乐恵大厦,118.822885,31.921957,江苏省南京市江宁区秣陵街道清水亭西路61号南京宇翔乐惠大厦,江苏省,南京市,江宁区,1,e266d8cc7d8f045086420e6a,118.82377102649416,31.92169641495135,28
8556,乐恵大厦,118.822885,31.921957,江苏省南京市江宁区秣陵街道清水亭西路61号南京宇翔乐惠大厦,江苏省,南京市,江宁区,1,e266d8cc7d8f045086420e6a,118.82377003500652,31.921709133013177,29
8556,乐恵大厦,118.822885,31.921957,江苏省南京市江宁区秣陵街道清水亭西路61号南京宇翔乐惠大厦,江苏省,南京市,江宁区,1,e266d8cc7d8f045086420e6a,118.82376834075652,31.921721861368656,30
8556,乐恵大厦,118.822885,31.921957,江苏省南京市江宁区秣陵街道清水亭西路61号南京宇翔乐惠大厦,江苏省,南京市,江宁区,1,e266d8cc7d8f045086420e6a,118.82376604394204,31.92173439849131,31
8556,乐恵大厦,118.822885,31.921957,江苏省南京市江宁区秣陵街道清水亭西路61号南京宇翔乐惠大厦,江苏省,南京市,江宁区,1,e266d8cc7d8f045086420e6a,118.82354387917349,31.922759923830466,32
8556,乐恵大厦,118.822885,31.921957,江苏省南京市江宁区秣陵街道清水亭西路61号南京宇翔乐惠大厦,江苏省,南京市,江宁区,1,e266d8cc7d8f045086420e6a,118.8235394723804,31.922770490732546,33
8556,乐恵大厦,118.822885,31.921957,江苏省南京市江宁区秣陵街道清水亭西路61号南京宇翔乐惠大厦,江苏省,南京市,江宁区,1,e266d8cc7d8f045086420e6a,118.82353295638214,31.922780087936843,34
8556,乐恵大厦,118.822885,31.921957,江苏省南京市江宁区秣陵街道清水亭西路61号南京宇翔乐惠大厦,江苏省,南京市,江宁区,1,e266d8cc7d8f045086420e6a,118.82352463176342,31.9227881108897,35
8556,乐恵大厦,118.822885,31.921957,江苏省南京市江宁区秣陵街道清水亭西路61号南京宇翔乐惠大厦,江苏省,南京市,江宁区,1,e266d8cc7d8f045086420e6a,118.82351489979732,31.92279425366406,36
8556,乐恵大厦,118.822885,31.921957,江苏省南京市江宁区秣陵街道清水亭西路61号南京宇翔乐惠大厦,江苏省,南京市,江宁区,1,e266d8cc7d8f045086420e6a,118.8235041620515,31.922798510417334,37
8556,乐恵大厦,118.822885,31.921957,江苏省南京市江宁区秣陵街道清水亭西路61号南京宇翔乐惠大厦,江苏省,南京市,江宁区,1,e266d8cc7d8f045086420e6a,118.82349281959699,31.92280037518006,38
8556,乐恵大厦,118.822885,31.921957,江苏省南京市江宁区秣陵街道清水亭西路61号南京宇翔乐惠大厦,江苏省,南京市,江宁区,1,e266d8cc7d8f045086420e6a,118.8234813745892,31.922800040729648,39
8556,乐恵大厦,118.822885,31.921957,江苏省南京市江宁区秣陵街道清水亭西路61号南京宇翔乐惠大厦,江苏省,南京市,江宁区,1,e266d8cc7d8f045086420e6a,118.82200648351218,31.922680368088127,40
8563,万科金域蓝湾,118.839556,31.926785,江苏省南京市江宁区清水亭东路9号,江苏省,南京市,江宁区,1,f23ce9f0cabe80a12b201a85,118.83711598682167,31.928519352219674,1
8563,万科金域蓝湾,118.839556,31.926785,江苏省南京市江宁区清水亭东路9号,江苏省,南京市,江宁区,1,f23ce9f0cabe80a12b201a85,118.84065531053098,31.92833930867067,2
8563,万科金域蓝湾,118.839556,31.926785,江苏省南京市江宁区清水亭东路9号,江苏省,南京市,江宁区,1,f23ce9f0cabe80a12b201a85,118.84126615827776,31.928492537245575,3
8563,万科金域蓝湾,118.839556,31.926785,江苏省南京市江宁区清水亭东路9号,江苏省,南京市,江宁区,1,f23ce9f0cabe80a12b201a85,118.8420791247643,31.928902422416037,4
8563,万科金域蓝湾,118.839556,31.926785,江苏省南京市江宁区清水亭东路9号,江苏省,南京市,江宁区,1,f23ce9f0cabe80a12b201a85,118.84309870151812,31.92796382095776,5
8563,万科金域蓝湾,118.839556,31.926785,江苏省南京市江宁区清水亭东路9号,江苏省,南京市,江宁区,1,f23ce9f0cabe80a12b201a85,118.84481446504218,31.92631659070083,6
8563,万科金域蓝湾,118.839556,31.926785,江苏省南京市江宁区清水亭东路9号,江苏省,南京市,江宁区,1,f23ce9f0cabe80a12b201a85,118.84475607518402,31.926102142113937,7
8563,万科金域蓝湾,118.839556,31.926785,江苏省南京市江宁区清水亭东路9号,江苏省,南京市,江宁区,1,f23ce9f0cabe80a12b201a85,118.84368816959378,31.925653782807967,8
8563,万科金域蓝湾,118.839556,31.926785,江苏省南京市江宁区清水亭东路9号,江苏省,南京市,江宁区,1,f23ce9f0cabe80a12b201a85,118.84358486446013,31.9257610460007,9
8563,万科金域蓝湾,118.839556,31.926785,江苏省南京市江宁区清水亭东路9号,江苏省,南京市,江宁区,1,f23ce9f0cabe80a12b201a85,118.84348605085403,31.925914278914025,10
8563,万科金域蓝湾,118.839556,31.926785,江苏省南京市江宁区清水亭东路9号,江苏省,南京市,江宁区,1,f23ce9f0cabe80a12b201a85,118.84312223712249,31.926282036854047,11
8563,万科金域蓝湾,118.839556,31.926785,江苏省南京市江宁区清水亭东路9号,江苏省,南京市,江宁区,1,f23ce9f0cabe80a12b201a85,118.84181520260547,31.925929602191182,12
8563,万科金域蓝湾,118.839556,31.926785,江苏省南京市江宁区清水亭东路9号,江苏省,南京市,江宁区,1,f23ce9f0cabe80a12b201a85,118.84192299926667,31.925519703639363,13
8563,万科金域蓝湾,118.839556,31.926785,江苏省南京市江宁区清水亭东路9号,江苏省,南京市,江宁区,1,f23ce9f0cabe80a12b201a85,118.84201732134522,31.92543159436396,14
8563,万科金域蓝湾,118.839556,31.926785,江苏省南京市江宁区清水亭东路9号,江苏省,南京市,江宁区,1,f23ce9f0cabe80a12b201a85,118.84205325356562,31.925354977533434,15
8563,万科金域蓝湾,118.839556,31.926785,江苏省南京市江宁区清水亭东路9号,江苏省,南京市,江宁区,1,f23ce9f0cabe80a12b201a85,118.84112692092371,31.925140603299138,16
8563,万科金域蓝湾,118.839556,31.926785,江苏省南京市江宁区清水亭东路9号,江苏省,南京市,江宁区,1,f23ce9f0cabe80a12b201a85,118.83646920685449,31.924213532358927,17
8563,万科金域蓝湾,118.839556,31.926785,江苏省南京市江宁区清水亭东路9号,江苏省,南京市,江宁区,1,f23ce9f0cabe80a12b201a85,118.83623564742189,31.92435144433599,18
8563,万科金域蓝湾,118.839556,31.926785,江苏省南京市江宁区清水亭东路9号,江苏省,南京市,江宁区,1,f23ce9f0cabe80a12b201a85,118.8360829354852,31.926768700911605,19
8563,万科金域蓝湾,118.839556,31.926785,江苏省南京市江宁区清水亭东路9号,江苏省,南京市,江宁区,1,f23ce9f0cabe80a12b201a85,118.83599310493419,31.92819757200932,20
8563,万科金域蓝湾,118.839556,31.926785,江苏省南京市江宁区清水亭东路9号,江苏省,南京市,江宁区,1,f23ce9f0cabe80a12b201a85,118.83711598682167,31.928519352219674,21
8565,万科翡翠公园,118.83376,31.926722,南京市江宁区双龙大道1699号,江苏省,南京市,江宁区,1,813189c6b375ece5c27da2d4,118.83112878059767,31.927300795208506,1
8565,万科翡翠公园,118.83376,31.926722,南京市江宁区双龙大道1699号,江苏省,南京市,江宁区,1,813189c6b375ece5c27da2d4,118.83261996774422,31.92489902944182,2
8565,万科翡翠公园,118.83376,31.926722,南京市江宁区双龙大道1699号,江苏省,南京市,江宁区,1,813189c6b375ece5c27da2d4,118.835629021711,31.925634015720085,3
8565,万科翡翠公园,118.83376,31.926722,南京市江宁区双龙大道1699号,江苏省,南京市,江宁区,1,813189c6b375ece5c27da2d4,118.83567896749737,31.928652967287174,4
8565,万科翡翠公园,118.83376,31.926722,南京市江宁区双龙大道1699号,江苏省,南京市,江宁区,1,813189c6b375ece5c27da2d4,118.83112878059767,31.927300795208506,5
8566,银城·千花溪,118.837247,31.92337,南京市江宁区清水亭东路10号,江苏省,南京市,江宁区,1,5e5c602c836464b26c3e1bb0,118.83662958313379,31.92344164911238,1
8566,银城·千花溪,118.837247,31.92337,南京市江宁区清水亭东路10号,江苏省,南京市,江宁区,1,5e5c602c836464b26c3e1bb0,118.83657785241438,31.923871333532997,2
8566,银城·千花溪,118.837247,31.92337,南京市江宁区清水亭东路10号,江苏省,南京市,江宁区,1,5e5c602c836464b26c3e1bb0,118.8365793705507,31.923881908364052,3
8566,银城·千花溪,118.837247,31.92337,南京市江宁区清水亭东路10号,江苏省,南京市,江宁区,1,5e5c602c836464b26c3e1bb0,118.8365826978743,31.92389194947224,4
8566,银城·千花溪,118.837247,31.92337,南京市江宁区清水亭东路10号,江苏省,南京市,江宁区,1,5e5c602c836464b26c3e1bb0,118.83658783258862,31.923901256807913,5
8566,银城·千花溪,118.837247,31.92337,南京市江宁区清水亭东路10号,江苏省,南京市,江宁区,1,5e5c602c836464b26c3e1bb0,118.83659447376124,31.923909535928036,6
8566,银城·千花溪,118.837247,31.92337,南京市江宁区清水亭东路10号,江苏省,南京市,江宁区,1,5e5c602c836464b26c3e1bb0,118.83660262229053,31.923916386580053,7
8566,银城·千花溪,118.837247,31.92337,南京市江宁区清水亭东路10号,江苏省,南京市,江宁区,1,5e5c602c836464b26c3e1bb0,118.83661177332876,31.92392181826494,8
8566,银城·千花溪,118.837247,31.92337,南京市江宁区清水亭东路10号,江苏省,南京市,江宁区,1,5e5c602c836464b26c3e1bb0,118.83662172655382,31.923925434484467,9
8566,银城·千花溪,118.837247,31.92337,南京市江宁区清水亭东路10号,江苏省,南京市,江宁区,1,5e5c602c836464b26c3e1bb0,118.83783560229791,31.924028645625864,10
8566,银城·千花溪,118.837247,31.92337,南京市江宁区清水亭东路10号,江苏省,南京市,江宁区,1,5e5c602c836464b26c3e1bb0,118.83784665684551,31.92402734051521,11
8566,银城·千花溪,118.837247,31.92337,南京市江宁区清水亭东路10号,江苏省,南京市,江宁区,1,5e5c602c836464b26c3e1bb0,118.83785740686754,31.92402404042553,12
8566,银城·千花溪,118.837247,31.92337,南京市江宁区清水亭东路10号,江苏省,南京市,江宁区,1,5e5c602c836464b26c3e1bb0,118.83786725049933,31.924018856605926,13
8566,银城·千花溪,118.837247,31.92337,南京市江宁区清水亭东路10号,江苏省,南京市,江宁区,1,5e5c602c836464b26c3e1bb0,118.83787598741873,31.924011792810358,14
8566,银城·千花溪,118.837247,31.92337,南京市江宁区清水亭东路10号,江苏省,南京市,江宁区,1,5e5c602c836464b26c3e1bb0,118.83788321518486,31.9240033564794,15
8566,银城·千花溪,118.837247,31.92337,南京市江宁区清水亭东路10号,江苏省,南京市,江宁区,1,5e5c602c836464b26c3e1bb0,118.8378887325773,31.9239936515067,16
8566,银城·千花溪,118.837247,31.92337,南京市江宁区清水亭东路10号,江苏省,南京市,江宁区,1,5e5c602c836464b26c3e1bb0,118.8378921389518,31.923983085346446,17
8566,银城·千花溪,118.837247,31.92337,南京市江宁区清水亭东路10号,江苏省,南京市,江宁区,1,5e5c602c836464b26c3e1bb0,118.8379942628137,31.923195467498356,18
8566,银城·千花溪,118.837247,31.92337,南京市江宁区清水亭东路10号,江苏省,南京市,江宁区,1,5e5c602c836464b26c3e1bb0,118.83798774920044,31.922610120282542,19
8566,银城·千花溪,118.837247,31.92337,南京市江宁区清水亭东路10号,江苏省,南京市,江宁区,1,5e5c602c836464b26c3e1bb0,118.83798512525004,31.92259956583776,20
8566,银城·千花溪,118.837247,31.92337,南京市江宁区清水亭东路10号,江苏省,南京市,江宁区,1,5e5c602c836464b26c3e1bb0,118.83798059329875,31.92258964687132,21
8566,银城·千花溪,118.837247,31.92337,南京市江宁区清水亭东路10号,江苏省,南京市,江宁区,1,5e5c602c836464b26c3e1bb0,118.8379744533806,31.922580758048884,22
8566,银城·千花溪,118.837247,31.92337,南京市江宁区清水亭东路10号,江苏省,南京市,江宁区,1,5e5c602c836464b26c3e1bb0,118.83796660668196,31.922573101109148,23
8566,银城·千花溪,118.837247,31.92337,南京市江宁区清水亭东路10号,江苏省,南京市,江宁区,1,5e5c602c836464b26c3e1bb0,118.83795765596585,31.92256706512476,24
8566,银城·千花溪,118.837247,31.92337,南京市江宁区清水亭东路10号,江苏省,南京市,江宁区,1,5e5c602c836464b26c3e1bb0,118.83794760123227,31.922562750007472,25
8566,银城·千花溪,118.837247,31.92337,南京市江宁区清水亭东路10号,江苏省,南京市,江宁区,1,5e5c602c836464b26c3e1bb0,118.83793694643063,31.9225604466807,26
8566,银城·千花溪,118.837247,31.92337,南京市江宁区清水亭东路10号,江苏省,南京市,江宁区,1,5e5c602c836464b26c3e1bb0,118.83639232717402,31.922568003633433,27
8566,银城·千花溪,118.837247,31.92337,南京市江宁区清水亭东路10号,江苏省,南京市,江宁区,1,5e5c602c836464b26c3e1bb0,118.83638097169407,31.922570015040847,28
8566,银城·千花溪,118.837247,31.92337,南京市江宁区清水亭东路10号,江苏省,南京市,江宁区,1,5e5c602c836464b26c3e1bb0,118.83637002134991,31.922574019466914,29
8566,银城·千花溪,118.837247,31.92337,南京市江宁区清水亭东路10号,江苏省,南京市,江宁区,1,5e5c602c836464b26c3e1bb0,118.83636007710791,31.922580005878235,30
8566,银城·千花溪,118.837247,31.92337,南京市江宁区清水亭东路10号,江苏省,南京市,江宁区,1,5e5c602c836464b26c3e1bb0,118.83635124047662,31.922587572100273,31
8566,银城·千花溪,118.837247,31.92337,南京市江宁区清水亭东路10号,江苏省,南京市,江宁区,1,5e5c602c836464b26c3e1bb0,118.83634391299857,31.922596710700567,32
8566,银城·千花溪,118.837247,31.92337,南京市江宁区清水亭东路10号,江苏省,南京市,江宁区,1,5e5c602c836464b26c3e1bb0,118.83633839560613,31.922606916068723,33
8566,银城·千花溪,118.837247,31.92337,南京市江宁区清水亭东路10号,江苏省,南京市,江宁区,1,5e5c602c836464b26c3e1bb0,118.83633488862142,31.922617884332773,34
8566,银城·千花溪,118.837247,31.92337,南京市江宁区清水亭东路10号,江苏省,南京市,江宁区,1,5e5c602c836464b26c3e1bb0,118.83623446525183,31.923301744976833,35
8566,银城·千花溪,118.837247,31.92337,南京市江宁区清水亭东路10号,江苏省,南京市,江宁区,1,5e5c602c836464b26c3e1bb0,118.83623578216772,31.923312323551716,36
8566,银城·千花溪,118.837247,31.92337,南京市江宁区清水亭东路10号,江苏省,南京市,江宁区,1,5e5c602c836464b26c3e1bb0,118.83623890737259,31.92332236840039,37
8566,银城·千花溪,118.837247,31.92337,南京市江宁区清水亭东路10号,江苏省,南京市,江宁区,1,5e5c602c836464b26c3e1bb0,118.83624374115453,31.92333168138744,38
8566,银城·千花溪,118.837247,31.92337,南京市江宁区清水亭东路10号,江苏省,南京市,江宁区,1,5e5c602c836464b26c3e1bb0,118.83625028261525,31.923339962321553,39
8566,银城·千花溪,118.837247,31.92337,南京市江宁区清水亭东路10号,江苏省,南京市,江宁区,1,5e5c602c836464b26c3e1bb0,118.8362581284156,31.92334701866061,40
8566,银城·千花溪,118.837247,31.92337,南京市江宁区清水亭东路10号,江苏省,南京市,江宁区,1,5e5c602c836464b26c3e1bb0,118.8362671797419,31.923352552205504,41
8566,银城·千花溪,118.837247,31.92337,南京市江宁区清水亭东路10号,江苏省,南京市,江宁区,1,5e5c602c836464b26c3e1bb0,118.83627703235675,31.923356370414123,42
8566,银城·千花溪,118.837247,31.92337,南京市江宁区清水亭东路10号,江苏省,南京市,江宁区,1,5e5c602c836464b26c3e1bb0,118.83658560838417,31.923386949865986,43
8566,银城·千花溪,118.837247,31.92337,南京市江宁区清水亭东路10号,江苏省,南京市,江宁区,1,5e5c602c836464b26c3e1bb0,118.83659566221942,31.923390564191294,44
8566,银城·千花溪,118.837247,31.92337,南京市江宁区清水亭东路10号,江苏省,南京市,江宁区,1,5e5c602c836464b26c3e1bb0,118.83660491386789,31.92339609405585,45
8566,银城·千花溪,118.837247,31.92337,南京市江宁区清水亭东路10号,江苏省,南京市,江宁区,1,5e5c602c836464b26c3e1bb0,118.83661296088864,31.9234030466491,46
8566,银城·千花溪,118.837247,31.92337,南京市江宁区清水亭东路10号,江苏省,南京市,江宁区,1,5e5c602c836464b26c3e1bb0,118.8366197035698,31.923411423886193,47
8566,银城·千花溪,118.837247,31.92337,南京市江宁区清水亭东路10号,江苏省,南京市,江宁区,1,5e5c602c836464b26c3e1bb0,118.83662473767387,31.923420833096944,48
8566,银城·千花溪,118.837247,31.92337,南京市江宁区清水亭东路10号,江苏省,南京市,江宁区,1,5e5c602c836464b26c3e1bb0,118.8366281647094,31.923430972404248,49
8566,银城·千花溪,118.837247,31.92337,南京市江宁区清水亭东路10号,江苏省,南京市,江宁区,1,5e5c602c836464b26c3e1bb0,118.83662958313379,31.92344164911238,50
8567,润龙锦园,118.837692,31.922116,南京市江宁区殷华街36号,江苏省,南京市,江宁区,1,dc0f0adcfea4fd5ff8221355,118.8364074034354,31.922388017811915,1
8567,润龙锦园,118.837692,31.922116,南京市江宁区殷华街36号,江苏省,南京市,江宁区,1,dc0f0adcfea4fd5ff8221355,118.83646579329356,31.921809463196322,2
8567,润龙锦园,118.837692,31.922116,南京市江宁区殷华街36号,江苏省,南京市,江宁区,1,dc0f0adcfea4fd5ff8221355,118.8365780814823,31.921675378368057,3
8567,润龙锦园,118.837692,31.922116,南京市江宁区殷华街36号,江苏省,南京市,江宁区,1,dc0f0adcfea4fd5ff8221355,118.83809621779416,31.921710317062324,4
8567,润龙锦园,118.837692,31.922116,南京市江宁区殷华街36号,江苏省,南京市,江宁区,1,dc0f0adcfea4fd5ff8221355,118.83893164191845,31.921713764959055,5
8567,润龙锦园,118.837692,31.922116,南京市江宁区殷华街36号,江苏省,南京市,江宁区,1,dc0f0adcfea4fd5ff8221355,118.83892409615216,31.92255497124166,6
8567,润龙锦园,118.837692,31.922116,南京市江宁区殷华街36号,江苏省,南京市,江宁区,1,dc0f0adcfea4fd5ff8221355,118.83652867467926,31.922548918323212,7
8567,润龙锦园,118.837692,31.922116,南京市江宁区殷华街36号,江苏省,南京市,江宁区,1,dc0f0adcfea4fd5ff8221355,118.8364074034354,31.922388017811915,8
8569,中榕大厦,118.833629,31.921418,南京市江宁区双龙大道2188号,江苏省,南京市,江宁区,1,79b03a3e94c36a1eadb22a10,118.83341177194956,31.921143694759042,1
8569,中榕大厦,118.833629,31.921418,南京市江宁区双龙大道2188号,江苏省,南京市,江宁区,1,79b03a3e94c36a1eadb22a10,118.83338194191849,31.921469333045778,2
8569,中榕大厦,118.833629,31.921418,南京市江宁区双龙大道2188号,江苏省,南京市,江宁区,1,79b03a3e94c36a1eadb22a10,118.8334181211729,31.92146967009773,3
8569,中榕大厦,118.833629,31.921418,南京市江宁区双龙大道2188号,江苏省,南京市,江宁区,1,79b03a3e94c36a1eadb22a10,118.83369154291249,31.92153967259802,4
8569,中榕大厦,118.833629,31.921418,南京市江宁区双龙大道2188号,江苏省,南京市,江宁区,1,79b03a3e94c36a1eadb22a10,118.83382892796058,31.921237062268602,5
8569,中榕大厦,118.833629,31.921418,南京市江宁区双龙大道2188号,江苏省,南京市,江宁区,1,79b03a3e94c36a1eadb22a10,118.83362886723876,31.921165718372503,6
8569,中榕大厦,118.833629,31.921418,南京市江宁区双龙大道2188号,江苏省,南京市,江宁区,1,79b03a3e94c36a1eadb22a10,118.83353740267003,31.92115339367594,7
8569,中榕大厦,118.833629,31.921418,南京市江宁区双龙大道2188号,江苏省,南京市,江宁区,1,79b03a3e94c36a1eadb22a10,118.83341177194956,31.921143694759042,8
8573,南京恒大绿洲-北区,118.848248,31.922119,江苏省南京市江宁区秣陵街道清水亭东路158号,江苏省,南京市,江宁区,1,7691039bbb71d791b04c49fb,118.8464457087974,31.92087987514992,1
8573,南京恒大绿洲-北区,118.848248,31.922119,江苏省南京市江宁区秣陵街道清水亭东路158号,江苏省,南京市,江宁区,1,7691039bbb71d791b04c49fb,118.84634979042997,31.92200023974581,2
8573,南京恒大绿洲-北区,118.848248,31.922119,江苏省南京市江宁区秣陵街道清水亭东路158号,江苏省,南京市,江宁区,1,7691039bbb71d791b04c49fb,118.84635000063348,31.922009638988552,3
8573,南京恒大绿洲-北区,118.848248,31.922119,江苏省南京市江宁区秣陵街道清水亭东路158号,江苏省,南京市,江宁区,1,7691039bbb71d791b04c49fb,118.84635051266761,31.922019133391963,4
8573,南京恒大绿洲-北区,118.848248,31.922119,江苏省南京市江宁区秣陵街道清水亭东路158号,江苏省,南京市,江宁区,1,7691039bbb71d791b04c49fb,118.84635112441366,31.9220285261201,5
8573,南京恒大绿洲-北区,118.848248,31.922119,江苏省南京市江宁区秣陵街道清水亭东路158号,江苏省,南京市,江宁区,1,7691039bbb71d791b04c49fb,118.84635213860058,31.92203791233458,6
8573,南京恒大绿洲-北区,118.848248,31.922119,江苏省南京市江宁区秣陵街道清水亭东路158号,江苏省,南京市,江宁区,1,7691039bbb71d791b04c49fb,118.84635325249941,31.922047296939102,7
8573,南京恒大绿洲-北区,118.848248,31.922119,江苏省南京市江宁区秣陵街道清水亭东路158号,江苏省,南京市,江宁区,1,7691039bbb71d791b04c49fb,118.84635466822888,31.92205667671561,8
8573,南京恒大绿洲-北区,118.848248,31.922119,江苏省南京市江宁区秣陵街道清水亭东路158号,江苏省,南京市,江宁区,1,7691039bbb71d791b04c49fb,118.84635638489073,31.922065951522253,9
8573,南京恒大绿洲-北区,118.848248,31.922119,江苏省南京市江宁区秣陵街道清水亭东路158号,江苏省,南京市,江宁区,1,7691039bbb71d791b04c49fb,118.84635820126447,31.922075224795563,10
8573,南京恒大绿洲-北区,118.848248,31.922119,江苏省南京市江宁区秣陵街道清水亭东路158号,江苏省,南京市,江宁区,1,7691039bbb71d791b04c49fb,118.84636031946886,31.922084393099055,11
8573,南京恒大绿洲-北区,118.848248,31.922119,江苏省南京市江宁区秣陵街道清水亭东路158号,江苏省,南京市,江宁区,1,7691039bbb71d791b04c49fb,118.8463626388937,31.922093558106987,12
8573,南京恒大绿洲-北区,118.848248,31.922119,江苏省南京市江宁区秣陵街道清水亭东路158号,江苏省,南京市,江宁区,1,7691039bbb71d791b04c49fb,118.84646704624821,31.92244887202772,13
8573,南京恒大绿洲-北区,118.848248,31.922119,江苏省南京市江宁区秣陵街道清水亭东路158号,江苏省,南京市,江宁区,1,7691039bbb71d791b04c49fb,118.84646966660537,31.92245793226039,14
8573,南京恒大绿洲-北区,118.848248,31.922119,江苏省南京市江宁区秣陵街道清水亭东路158号,江苏省,南京市,江宁区,1,7691039bbb71d791b04c49fb,118.84647248728467,31.922466989350767,15
8573,南京恒大绿洲-北区,118.848248,31.922119,江苏省南京市江宁区秣陵街道清水亭东路158号,江苏省,南京市,江宁区,1,7691039bbb71d791b04c49fb,118.8464755091844,31.92247584316928,16
8573,南京恒大绿洲-北区,118.848248,31.922119,江苏省南京市江宁区秣陵街道清水亭东路158号,江苏省,南京市,江宁区,1,7691039bbb71d791b04c49fb,118.84647873230458,31.922484693692304,17
8573,南京恒大绿洲-北区,118.848248,31.922119,江苏省南京市江宁区秣陵街道清水亭东路158号,江苏省,南京市,江宁区,1,7691039bbb71d791b04c49fb,118.84648225635709,31.922493539387467,18
8573,南京恒大绿洲-北区,118.848248,31.922119,江苏省南京市江宁区秣陵街道清水亭东路158号,江苏省,南京市,江宁区,1,7691039bbb71d791b04c49fb,118.84648598073174,31.922502181734227,19
8573,南京恒大绿洲-北区,118.848248,31.922119,江苏省南京市江宁区秣陵街道清水亭东路158号,江苏省,南京市,江宁区,1,7691039bbb71d791b04c49fb,118.84648990632681,31.92251072087404,20
8573,南京恒大绿洲-北区,118.848248,31.922119,江苏省南京市江宁区秣陵街道清水亭东路158号,江苏省,南京市,江宁区,1,7691039bbb71d791b04c49fb,118.84649403314232,31.92251915680692,21
8573,南京恒大绿洲-北区,118.848248,31.922119,江苏省南京市江宁区秣陵街道清水亭东路158号,江苏省,南京市,江宁区,1,7691039bbb71d791b04c49fb,118.84649836027997,31.922527589444393,22
8573,南京恒大绿洲-北区,118.848248,31.922119,江苏省南京市江宁区秣陵街道清水亭东路158号,江苏省,南京市,江宁区,1,7691039bbb71d791b04c49fb,118.84650298834995,31.922535817201265,23
8573,南京恒大绿洲-北区,118.848248,31.922119,江苏省南京市江宁区秣陵街道清水亭东路158号,江苏省,南京市,江宁区,1,7691039bbb71d791b04c49fb,118.84666426113816,31.922811303080902,24
8573,南京恒大绿洲-北区,118.848248,31.922119,江苏省南京市江宁区秣陵街道清水亭东路158号,江苏省,南京市,江宁区,1,7691039bbb71d791b04c49fb,118.84666929075071,31.922819224642627,25
8573,南京恒大绿洲-北区,118.848248,31.922119,江苏省南京市江宁区秣陵街道清水亭东路158号,江苏省,南京市,江宁区,1,7691039bbb71d791b04c49fb,118.8466745215837,31.922827042997877,26
8573,南京恒大绿洲-北区,118.848248,31.922119,江苏省南京市江宁区秣陵街道清水亭东路158号,江苏省,南京市,江宁区,1,7691039bbb71d791b04c49fb,118.8466828686385,31.92283841248902,27
8573,南京恒大绿洲-北区,118.848248,31.922119,江苏省南京市江宁区秣陵街道清水亭东路158号,江苏省,南京市,江宁区,1,7691039bbb71d791b04c49fb,118.84669161723585,31.922849375361857,28
8573,南京恒大绿洲-北区,118.848248,31.922119,江苏省南京市江宁区秣陵街道清水亭东路158号,江苏省,南京市,江宁区,1,7691039bbb71d791b04c49fb,118.84670096859621,31.922859928628405,29
8573,南京恒大绿洲-北区,118.848248,31.922119,江苏省南京市江宁区秣陵街道清水亭东路158号,江苏省,南京市,江宁区,1,7691039bbb71d791b04c49fb,118.84671072060084,31.922870075276947,30
8573,南京恒大绿洲-北区,118.848248,31.922119,江苏省南京市江宁区秣陵街道清水亭东路158号,江苏省,南京市,江宁区,1,7691039bbb71d791b04c49fb,118.84672097475824,31.922879813928475,31
8573,南京恒大绿洲-北区,118.848248,31.922119,江苏省南京市江宁区秣陵街道清水亭东路158号,江苏省,南京市,江宁区,1,7691039bbb71d791b04c49fb,118.84754518982636,31.923584090939364,32
8573,南京恒大绿洲-北区,118.848248,31.922119,江苏省南京市江宁区秣陵街道清水亭东路158号,江苏省,南京市,江宁区,1,7691039bbb71d791b04c49fb,118.84755423576284,31.923592352312856,33
8573,南京恒大绿洲-北区,118.848248,31.922119,江苏省南京市江宁区秣陵街道清水亭东路158号,江苏省,南京市,江宁区,1,7691039bbb71d791b04c49fb,118.84756498668318,31.923597986366115,34
8573,南京恒大绿洲-北区,118.848248,31.922119,江苏省南京市江宁区秣陵街道清水亭东路158号,江苏省,南京市,江宁区,1,7691039bbb71d791b04c49fb,118.8475769395363,31.923600600966953,35
8573,南京恒大绿洲-北区,118.848248,31.922119,江苏省南京市江宁区秣陵街道清水亭东路158号,江苏省,南京市,江宁区,1,7691039bbb71d791b04c49fb,118.84758929123706,31.92360000847734,36
8573,南京恒大绿洲-北区,118.848248,31.922119,江苏省南京市江宁区秣陵街道清水亭东路158号,江苏省,南京市,江宁区,1,7691039bbb71d791b04c49fb,118.8476010365816,31.923596424654452,37
8573,南京恒大绿洲-北区,118.848248,31.922119,江苏省南京市江宁区秣陵街道清水亭东路158号,江苏省,南京市,江宁区,1,7691039bbb71d791b04c49fb,118.84761157460353,31.923589858845382,38
8573,南京恒大绿洲-北区,118.848248,31.922119,江苏省南京市江宁区秣陵街道清水亭东路158号,江苏省,南京市,江宁区,1,7691039bbb71d791b04c49fb,118.84762010131945,31.92358092368985,39
8573,南京恒大绿洲-北区,118.848248,31.922119,江苏省南京市江宁区秣陵街道清水亭东路158号,江苏省,南京市,江宁区,1,7691039bbb71d791b04c49fb,118.85195040638624,31.919445842541993,40
8573,南京恒大绿洲-北区,118.848248,31.922119,江苏省南京市江宁区秣陵街道清水亭东路158号,江苏省,南京市,江宁区,1,7691039bbb71d791b04c49fb,118.85195390887941,31.919435394618016,41
8573,南京恒大绿洲-北区,118.848248,31.922119,江苏省南京市江宁区秣陵街道清水亭东路158号,江苏省,南京市,江宁区,1,7691039bbb71d791b04c49fb,118.8519528946925,31.919424604806128,42
8573,南京恒大绿洲-北区,118.848248,31.922119,江苏省南京市江宁区秣陵街道清水亭东路158号,江苏省,南京市,江宁区,1,7691039bbb71d791b04c49fb,118.85194756774082,31.919415170893405,43
8573,南京恒大绿洲-北区,118.848248,31.922119,江苏省南京市江宁区秣陵街道清水亭东路158号,江苏省,南京市,江宁区,1,7691039bbb71d791b04c49fb,118.8519387302112,31.919408783081998,44
8573,南京恒大绿洲-北区,118.848248,31.922119,江苏省南京市江宁区秣陵街道清水亭东路158号,江苏省,南京市,江宁区,1,7691039bbb71d791b04c49fb,118.85119465028272,31.919362753710974,45
8573,南京恒大绿洲-北区,118.848248,31.922119,江苏省南京市江宁区秣陵街道清水亭东路158号,江苏省,南京市,江宁区,1,7691039bbb71d791b04c49fb,118.85118089992028,31.91936243795211,46
8573,南京恒大绿洲-北区,118.848248,31.922119,江苏省南京市江宁区秣陵街道清水亭东路158号,江苏省,南京市,江宁区,1,7691039bbb71d791b04c49fb,118.85116725196467,31.919363621377403,47
8573,南京恒大绿洲-北区,118.848248,31.922119,江苏省南京市江宁区秣陵街道清水亭东路158号,江苏省,南京市,江宁区,1,7691039bbb71d791b04c49fb,118.85115380612778,31.919366302607617,48
8573,南京恒大绿洲-北区,118.848248,31.922119,江苏省南京市江宁区秣陵街道清水亭东路158号,江苏省,南京市,江宁区,1,7691039bbb71d791b04c49fb,118.85114066212157,31.91937038019521,49
8573,南京恒大绿洲-北区,118.848248,31.922119,江苏省南京市江宁区秣陵街道清水亭东路158号,江苏省,南京市,江宁区,1,7691039bbb71d791b04c49fb,118.85112812177665,31.91937585023229,50
8573,南京恒大绿洲-北区,118.848248,31.922119,江苏省南京市江宁区秣陵街道清水亭东路158号,江苏省,南京市,江宁区,1,7691039bbb71d791b04c49fb,118.85111618509303,31.919382712641983,51
8573,南京恒大绿洲-北区,118.848248,31.922119,江苏省南京市江宁区秣陵街道清水亭东路158号,江苏省,南京市,江宁区,1,7691039bbb71d791b04c49fb,118.8511048520707,31.919390667296053,52
8573,南京恒大绿洲-北区,118.848248,31.922119,江苏省南京市江宁区秣陵街道清水亭东路158号,江苏省,南京市,江宁区,1,7691039bbb71d791b04c49fb,118.85030248469091,31.92001774933173,53
8573,南京恒大绿洲-北区,118.848248,31.922119,江苏省南京市江宁区秣陵街道清水亭东路158号,江苏省,南京市,江宁区,1,7691039bbb71d791b04c49fb,118.85029295816096,31.920027385155908,54
8573,南京恒大绿洲-北区,118.848248,31.922119,江苏省南京市江宁区秣陵街道清水亭东路158号,江苏省,南京市,江宁区,1,7691039bbb71d791b04c49fb,118.85028142212161,31.920034648629223,55
8573,南京恒大绿洲-北区,118.848248,31.922119,江苏省南京市江宁区秣陵街道清水亭东路158号,江苏省,南京市,江宁区,1,7691039bbb71d791b04c49fb,118.85026857814943,31.920039129674848,56
8573,南京恒大绿洲-北区,118.848248,31.922119,江苏省南京市江宁区秣陵街道清水亭东路158号,江苏省,南京市,江宁区,1,7691039bbb71d791b04c49fb,118.85025512871934,31.920040618503997,57
8573,南京恒大绿洲-北区,118.848248,31.922119,江苏省南京市江宁区秣陵街道清水亭东路158号,江苏省,南京市,江宁区,1,7691039bbb71d791b04c49fb,118.85024167659432,31.920039106688442,58
8573,南京恒大绿洲-北区,118.848248,31.922119,江苏省南京市江宁区秣陵街道清水亭东路158号,江苏省,南京市,江宁区,1,7691039bbb71d791b04c49fb,118.8502290239612,31.920034482897268,59
8573,南京恒大绿洲-北区,118.848248,31.922119,江苏省南京市江宁区秣陵街道清水亭东路158号,江苏省,南京市,江宁区,1,7691039bbb71d791b04c49fb,118.85021777448131,31.920027238732526,60
8573,南京恒大绿洲-北区,118.848248,31.922119,江苏省南京市江宁区秣陵街道清水亭东路158号,江苏省,南京市,江宁区,1,7691039bbb71d791b04c49fb,118.84976142001105,31.91980915075498,61
8573,南京恒大绿洲-北区,118.848248,31.922119,江苏省南京市江宁区秣陵街道清水亭东路158号,江苏省,南京市,江宁区,1,7691039bbb71d791b04c49fb,118.84975197612522,31.919801483927927,62
8573,南京恒大绿洲-北区,118.848248,31.922119,江苏省南京市江宁区秣陵街道清水亭东路158号,江苏省,南京市,江宁区,1,7691039bbb71d791b04c49fb,118.84974343503643,31.919792703942484,63
8573,南京恒大绿洲-北区,118.848248,31.922119,江苏省南京市江宁区秣陵街道清水亭东路158号,江苏省,南京市,江宁区,1,7691039bbb71d791b04c49fb,118.84973609767702,31.919783006489748,64
8573,南京恒大绿洲-北区,118.848248,31.922119,江苏省南京市江宁区秣陵街道清水亭东路158号,江苏省,南京市,江宁区,1,7691039bbb71d791b04c49fb,118.8497299631487,31.919772491637197,65
8573,南京恒大绿洲-北区,118.848248,31.922119,江苏省南京市江宁区秣陵街道清水亭东路158号,江苏省,南京市,江宁区,1,7691039bbb71d791b04c49fb,118.84972523446848,31.919761356455215,66
8573,南京恒大绿洲-北区,118.848248,31.922119,江苏省南京市江宁区秣陵街道清水亭东路158号,江苏省,南京市,江宁区,1,7691039bbb71d791b04c49fb,118.84972181012789,31.91974970239055,67
8573,南京恒大绿洲-北区,118.848248,31.922119,江苏省南京市江宁区秣陵街道清水亭东路158号,江苏省,南京市,江宁区,1,7691039bbb71d791b04c49fb,118.84971989134732,31.91973762659916,68
8573,南京恒大绿洲-北区,118.848248,31.922119,江苏省南京市江宁区秣陵街道清水亭东路158号,江苏省,南京市,江宁区,1,7691039bbb71d791b04c49fb,118.84973840272896,31.919465887347847,69
8573,南京恒大绿洲-北区,118.848248,31.922119,江苏省南京市江宁区秣陵街道清水亭东路158号,江苏省,南京市,江宁区,1,7691039bbb71d791b04c49fb,118.84973658545692,31.919455010497177,70
8573,南京恒大绿洲-北区,118.848248,31.922119,江苏省南京市江宁区秣陵街道清水亭东路158号,江苏省,南京市,江宁区,1,7691039bbb71d791b04c49fb,118.84973286108227,31.91944456104182,71
8573,南京恒大绿洲-北区,118.848248,31.922119,江苏省南京市江宁区秣陵街道清水亭东路158号,江苏省,南京市,江宁区,1,7691039bbb71d791b04c49fb,118.84972743082545,31.91943483627464,72
8573,南京恒大绿洲-北区,118.848248,31.922119,江苏省南京市江宁区秣陵街道清水亭东路158号,江苏省,南京市,江宁区,1,7691039bbb71d791b04c49fb,118.84972039529671,31.919426334927525,73
8573,南京恒大绿洲-北区,118.848248,31.922119,江苏省南京市江宁区秣陵街道清水亭东路158号,江苏省,南京市,江宁区,1,7691039bbb71d791b04c49fb,118.84971195571644,31.91941905408917,74
8573,南京恒大绿洲-北区,118.848248,31.922119,江苏省南京市江宁区秣陵街道清水亭东路158号,江苏省,南京市,江宁区,1,7691039bbb71d791b04c49fb,118.84970241301703,31.919413389511778,75
8573,南京恒大绿洲-北区,118.848248,31.922119,江苏省南京市江宁区秣陵街道清水亭东路158号,江苏省,南京市,江宁区,1,7691039bbb71d791b04c49fb,118.84969206992736,31.91940943704961,76
8573,南京恒大绿洲-北区,118.848248,31.922119,江苏省南京市江宁区秣陵街道清水亭东路158号,江苏省,南京市,江宁区,1,7691039bbb71d791b04c49fb,118.84961475995858,31.919399346639118,77
8573,南京恒大绿洲-北区,118.848248,31.922119,江苏省南京市江宁区秣陵街道清水亭东路158号,江苏省,南京市,江宁区,1,7691039bbb71d791b04c49fb,118.84960130424035,31.91939533954494,78
8573,南京恒大绿洲-北区,118.848248,31.922119,江苏省南京市江宁区秣陵街道清水亭东路158号,江苏省,南京市,江宁区,1,7691039bbb71d791b04c49fb,118.84958734816594,31.919394140565817,79
8573,南京恒大绿洲-北区,118.848248,31.922119,江苏省南京市江宁区秣陵街道清水亭东路158号,江苏省,南京市,江宁区,1,7691039bbb71d791b04c49fb,118.84957329507453,31.91939564381041,80
8573,南京恒大绿洲-北区,118.848248,31.922119,江苏省南京市江宁区秣陵街道清水亭东路158号,江苏省,南京市,江宁区,1,7691039bbb71d791b04c49fb,118.84955984744106,31.919399939156058,81
8573,南京恒大绿洲-北区,118.848248,31.922119,江苏省南京市江宁区秣陵街道清水亭东路158号,江苏省,南京市,江宁区,1,7691039bbb71d791b04c49fb,118.84954750562166,31.919406819340203,82
8573,南京恒大绿洲-北区,118.848248,31.922119,江苏省南京市江宁区秣陵街道清水亭东路158号,江苏省,南京市,江宁区,1,7691039bbb71d791b04c49fb,118.84953677266742,31.919416077023513,83
8573,南京恒大绿洲-北区,118.848248,31.922119,江苏省南京市江宁区秣陵街道清水亭东路158号,江苏省,南京市,江宁区,1,7691039bbb71d791b04c49fb,118.84952814983284,31.919427304730274,84
8573,南京恒大绿洲-北区,118.848248,31.922119,江苏省南京市江宁区秣陵街道清水亭东路158号,江苏省,南京市,江宁区,1,7691039bbb71d791b04c49fb,118.84896814078807,31.91994904125322,85
8573,南京恒大绿洲-北区,118.848248,31.922119,江苏省南京市江宁区秣陵街道清水亭东路158号,江苏省,南京市,江宁区,1,7691039bbb71d791b04c49fb,118.8482231508761,31.920389146292628,86
8573,南京恒大绿洲-北区,118.848248,31.922119,江苏省南京市江宁区秣陵街道清水亭东路158号,江苏省,南京市,江宁区,1,7691039bbb71d791b04c49fb,118.84768350641725,31.92058629515729,87
8573,南京恒大绿洲-北区,118.848248,31.922119,江苏省南京市江宁区秣陵街道清水亭东路158号,江苏省,南京市,江宁区,1,7691039bbb71d791b04c49fb,118.846495969889,31.920821048111787,88
8573,南京恒大绿洲-北区,118.848248,31.922119,江苏省南京市江宁区秣陵街道清水亭东路158号,江苏省,南京市,江宁区,1,7691039bbb71d791b04c49fb,118.84648502673129,31.920825325690842,89
8573,南京恒大绿洲-北区,118.848248,31.922119,江苏省南京市江宁区秣陵街道清水亭东路158号,江苏省,南京市,江宁区,1,7691039bbb71d791b04c49fb,118.84647498906551,31.920831289230886,90
8573,南京恒大绿洲-北区,118.848248,31.922119,江苏省南京市江宁区秣陵街道清水亭东路158号,江苏省,南京市,江宁区,1,7691039bbb71d791b04c49fb,118.84646605721383,31.920838835370333,91
8573,南京恒大绿洲-北区,118.848248,31.922119,江苏省南京市江宁区秣陵街道清水亭东路158号,江苏省,南京市,江宁区,1,7691039bbb71d791b04c49fb,118.84645853300687,31.92084775922517,92
8573,南京恒大绿洲-北区,118.848248,31.922119,江苏省南京市江宁区秣陵街道清水亭东路158号,江苏省,南京市,江宁区,1,7691039bbb71d791b04c49fb,118.84645251705489,31.920857759062848,93
8573,南京恒大绿洲-北区,118.848248,31.922119,江苏省南京市江宁区秣陵街道清水亭东路158号,江苏省,南京市,江宁区,1,7691039bbb71d791b04c49fb,118.84644820878165,31.920868531618563,94
8573,南京恒大绿洲-北区,118.848248,31.922119,江苏省南京市江宁区秣陵街道清水亭东路158号,江苏省,南京市,江宁区,1,7691039bbb71d791b04c49fb,118.8464457087974,31.92087987514992,95
8574,骏景华庭,118.840978,31.92428,南京市江宁区经济技术开发区秣陵街道铺岗街28号,江苏省,南京市,江宁区,1,0b845fa51714f6aed7851f75,118.83895725127724,31.92418876949815,1
8574,骏景华庭,118.840978,31.92428,南京市江宁区经济技术开发区秣陵街道铺岗街28号,江苏省,南京市,江宁区,1,0b845fa51714f6aed7851f75,118.8390201700504,31.922993466620277,2
8574,骏景华庭,118.840978,31.92428,南京市江宁区经济技术开发区秣陵街道铺岗街28号,江苏省,南京市,江宁区,1,0b845fa51714f6aed7851f75,118.83969649686236,31.9230718701602,3
8574,骏景华庭,118.840978,31.92428,南京市江宁区经济技术开发区秣陵街道铺岗街28号,江苏省,南京市,江宁区,1,0b845fa51714f6aed7851f75,118.83989109332201,31.9226051760779,4
8574,骏景华庭,118.840978,31.92428,南京市江宁区经济技术开发区秣陵街道铺岗街28号,江苏省,南京市,江宁区,1,0b845fa51714f6aed7851f75,118.8399319238155,31.922533809437866,5
8574,骏景华庭,118.840978,31.92428,南京市江宁区经济技术开发区秣陵街道铺岗街28号,江苏省,南京市,江宁区,1,0b845fa51714f6aed7851f75,118.84230338716874,31.92297459122304,6
8574,骏景华庭,118.840978,31.92428,南京市江宁区经济技术开发区秣陵街道铺岗街28号,江苏省,南京市,江宁区,1,0b845fa51714f6aed7851f75,118.84242912968965,31.92301677617908,7
8574,骏景华庭,118.840978,31.92428,南京市江宁区经济技术开发区秣陵街道铺岗街28号,江苏省,南京市,江宁区,1,0b845fa51714f6aed7851f75,118.8424740469486,31.923120211362853,8
8574,骏景华庭,118.840978,31.92428,南京市江宁区经济技术开发区秣陵街道铺岗街28号,江苏省,南京市,江宁区,1,0b845fa51714f6aed7851f75,118.84242016671078,31.924196774067347,9
8574,骏景华庭,118.840978,31.92428,南京市江宁区经济技术开发区秣陵街道铺岗街28号,江苏省,南京市,江宁区,1,0b845fa51714f6aed7851f75,118.84237079305969,31.924955267342916,10
8574,骏景华庭,118.840978,31.92428,南京市江宁区经济技术开发区秣陵街道铺岗街28号,江苏省,南京市,江宁区,1,0b845fa51714f6aed7851f75,118.84225404276918,31.925062468094872,11
8574,骏景华庭,118.840978,31.92428,南京市江宁区经济技术开发区秣陵街道铺岗街28号,江苏省,南京市,江宁区,1,0b845fa51714f6aed7851f75,118.84214171635844,31.925073966386073,12
8574,骏景华庭,118.840978,31.92428,南京市江宁区经济技术开发区秣陵街道铺岗街28号,江苏省,南京市,江宁区,1,0b845fa51714f6aed7851f75,118.8390156563446,31.924403256132333,13
8574,骏景华庭,118.840978,31.92428,南京市江宁区经济技术开发区秣陵街道铺岗街28号,江苏省,南京市,江宁区,1,0b845fa51714f6aed7851f75,118.83895725127724,31.92418876949815,14
8575,潭桥公寓西园,118.84928,31.92869,南京市江宁区竹山路512-6号,江苏省,南京市,江宁区,1,c1f84060072ae9c17f29bd4f,118.847377959476,31.929980986204296,1
8575,潭桥公寓西园,118.84928,31.92869,南京市江宁区竹山路512-6号,江苏省,南京市,江宁区,1,c1f84060072ae9c17f29bd4f,118.84758501889605,31.930022970102517,2
8575,潭桥公寓西园,118.84928,31.92869,南京市江宁区竹山路512-6号,江苏省,南京市,江宁区,1,c1f84060072ae9c17f29bd4f,118.84877500420512,31.930352022065012,3
8575,潭桥公寓西园,118.84928,31.92869,南京市江宁区竹山路512-6号,江苏省,南京市,江宁区,1,c1f84060072ae9c17f29bd4f,118.84887399747232,31.930248977981126,4
8575,潭桥公寓西园,118.84928,31.92869,南京市江宁区竹山路512-6号,江苏省,南京市,江宁区,1,c1f84060072ae9c17f29bd4f,118.84920151966126,31.92947725452911,5
8575,潭桥公寓西园,118.84928,31.92869,南京市江宁区竹山路512-6号,江苏省,南京市,江宁区,1,c1f84060072ae9c17f29bd4f,118.85073313055578,31.929883304614368,6
8575,潭桥公寓西园,118.84928,31.92869,南京市江宁区竹山路512-6号,江苏省,南京市,江宁区,1,c1f84060072ae9c17f29bd4f,118.85184702938815,31.927826220910365,7
8575,潭桥公寓西园,118.84928,31.92869,南京市江宁区竹山路512-6号,江苏省,南京市,江宁区,1,c1f84060072ae9c17f29bd4f,118.8493359959961,31.927223030721233,8
8575,潭桥公寓西园,118.84928,31.92869,南京市江宁区竹山路512-6号,江苏省,南京市,江宁区,1,c1f84060072ae9c17f29bd4f,118.84899499922452,31.92719996951569,9
8575,潭桥公寓西园,118.84928,31.92869,南京市江宁区竹山路512-6号,江苏省,南京市,江宁区,1,c1f84060072ae9c17f29bd4f,118.84852329900123,31.927102208327007,10
8575,潭桥公寓西园,118.84928,31.92869,南京市江宁区竹山路512-6号,江苏省,南京市,江宁区,1,c1f84060072ae9c17f29bd4f,118.84832998365547,31.927249003301217,11
8575,潭桥公寓西园,118.84928,31.92869,南京市江宁区竹山路512-6号,江苏省,南京市,江宁区,1,c1f84060072ae9c17f29bd4f,118.84802500893484,31.927486970016595,12
8575,潭桥公寓西园,118.84928,31.92869,南京市江宁区竹山路512-6号,江苏省,南京市,江宁区,1,c1f84060072ae9c17f29bd4f,118.84768302402719,31.927812966551837,13
8575,潭桥公寓西园,118.84928,31.92869,南京市江宁区竹山路512-6号,江苏省,南京市,江宁区,1,c1f84060072ae9c17f29bd4f,118.8473820018508,31.928452008312586,14
8575,潭桥公寓西园,118.84928,31.92869,南京市江宁区竹山路512-6号,江苏省,南京市,江宁区,1,c1f84060072ae9c17f29bd4f,118.84735101031072,31.929087981039775,15
8575,潭桥公寓西园,118.84928,31.92869,南京市江宁区竹山路512-6号,江苏省,南京市,江宁区,1,c1f84060072ae9c17f29bd4f,118.847377959476,31.929980986204296,16
8576,殷巷新寓-东一区,118.844423,31.923006,江苏省南京市江宁区秣陵街道铺岗街与清水亭东路交汇口东南侧,江苏省,南京市,江宁区,1,03f1e117854a7321f7231002,118.84263030526249,31.92512973149331,1
8576,殷巷新寓-东一区,118.844423,31.923006,江苏省南京市江宁区秣陵街道铺岗街与清水亭东路交汇口东南侧,江苏省,南京市,江宁区,1,03f1e117854a7321f7231002,118.84378279170636,31.92519253921964,2
8576,殷巷新寓-东一区,118.844423,31.923006,江苏省南京市江宁区秣陵街道铺岗街与清水亭东路交汇口东南侧,江苏省,南京市,江宁区,1,03f1e117854a7321f7231002,118.84513606829611,31.925067098717125,3
8576,殷巷新寓-东一区,118.844423,31.923006,江苏省南京市江宁区秣陵街道铺岗街与清水亭东路交汇口东南侧,江苏省,南京市,江宁区,1,03f1e117854a7321f7231002,118.84589757714812,31.92477600021938,4
8576,殷巷新寓-东一区,118.844423,31.923006,江苏省南京市江宁区秣陵街道铺岗街与清水亭东路交汇口东南侧,江苏省,南京市,江宁区,1,03f1e117854a7321f7231002,118.84712512869531,31.92399980446886,5
8576,殷巷新寓-东一区,118.844423,31.923006,江苏省南京市江宁区秣陵街道铺岗街与清水亭东路交汇口东南侧,江苏省,南京市,江宁区,1,03f1e117854a7321f7231002,118.84713345508906,31.923990570236832,6
8576,殷巷新寓-东一区,118.844423,31.923006,江苏省南京市江宁区秣陵街道铺岗街与清水亭东路交汇口东南侧,江苏省,南京市,江宁区,1,03f1e117854a7321f7231002,118.8471376645487,31.923982101264635,7
8576,殷巷新寓-东一区,118.844423,31.923006,江苏省南京市江宁区秣陵街道铺岗街与清水亭东路交汇口东南侧,江苏省,南京市,江宁区,1,03f1e117854a7321f7231002,118.84713966327847,31.923973067080475,8
8576,殷巷新寓-东一区,118.844423,31.923006,江苏省南京市江宁区秣陵街道铺岗街与清水亭东路交汇口东南侧,江苏省,南京市,江宁区,1,03f1e117854a7321f7231002,118.8471395536852,31.9239636661249,9
8576,殷巷新寓-东一区,118.844423,31.923006,江苏省南京市江宁区秣陵街道铺岗街与清水亭东路交汇口东南侧,江苏省,南京市,江宁区,1,03f1e117854a7321f7231002,118.84713723515866,31.9239547002056,10
8576,殷巷新寓-东一区,118.844423,31.923006,江苏省南京市江宁区秣陵街道铺岗街与清水亭东路交汇口东南侧,江苏省,南京市,江宁区,1,03f1e117854a7321f7231002,118.84713099732521,31.92394409573181,11
8576,殷巷新寓-东一区,118.844423,31.923006,江苏省南京市江宁区秣陵街道铺岗街与清水亭东路交汇口东南侧,江苏省,南京市,江宁区,1,03f1e117854a7321f7231002,118.84625118433244,31.923232187989136,12
8576,殷巷新寓-东一区,118.844423,31.923006,江苏省南京市江宁区秣陵街道铺岗街与清水亭东路交汇口东南侧,江苏省,南京市,江宁区,1,03f1e117854a7321f7231002,118.84578591777321,31.922412357327126,13
8576,殷巷新寓-东一区,118.844423,31.923006,江苏省南京市江宁区秣陵街道铺岗街与清水亭东路交汇口东南侧,江苏省,南京市,江宁区,1,03f1e117854a7321f7231002,118.84572256567544,31.921733208106016,14
8576,殷巷新寓-东一区,118.844423,31.923006,江苏省南京市江宁区秣陵街道铺岗街与清水亭东路交汇口东南侧,江苏省,南京市,江宁区,1,03f1e117854a7321f7231002,118.84582213385816,31.92084172021484,15
8576,殷巷新寓-东一区,118.844423,31.923006,江苏省南京市江宁区秣陵街道铺岗街与清水亭东路交汇口东南侧,江苏省,南京市,江宁区,1,03f1e117854a7321f7231002,118.84582051690825,31.920831343861426,16
8576,殷巷新寓-东一区,118.844423,31.923006,江苏省南京市江宁区秣陵街道铺岗街与清水亭东路交汇口东南侧,江苏省,南京市,江宁区,1,03f1e117854a7321f7231002,118.84581699105912,31.920821399034494,17
8576,殷巷新寓-东一区,118.844423,31.923006,江苏省南京市江宁区秣陵街道铺岗街与清水亭东路交汇口东南侧,江苏省,南京市,江宁区,1,03f1e117854a7321f7231002,118.84581175932783,31.920812282476064,18
8576,殷巷新寓-东一区,118.844423,31.923006,江苏省南京市江宁区秣陵街道铺岗街与清水亭东路交汇口东南侧,江苏省,南京市,江宁区,1,03f1e117854a7321f7231002,118.84580492142629,31.92080439269062,19
8576,殷巷新寓-东一区,118.844423,31.923006,江苏省南京市江宁区秣陵街道铺岗街与清水亭东路交汇口东南侧,江苏省,南京市,江宁区,1,03f1e117854a7321f7231002,118.84579677918515,31.920797824688133,20
8576,殷巷新寓-东一区,118.844423,31.923006,江苏省南京市江宁区秣陵街道铺岗街与清水亭东路交汇口东南侧,江苏省,南京市,江宁区,1,03f1e117854a7321f7231002,118.84578753292652,31.920792775307476,21
8576,殷巷新寓-东一区,118.844423,31.923006,江苏省南京市江宁区秣陵街道铺岗街与清水亭东路交汇口东南侧,江苏省,南京市,江宁区,1,03f1e117854a7321f7231002,118.8457774853794,31.92078963968187,22
8576,殷巷新寓-东一区,118.844423,31.923006,江苏省南京市江宁区秣陵街道铺岗街与清水亭东路交汇口东南侧,江苏省,南京市,江宁区,1,03f1e117854a7321f7231002,118.84285091202794,31.92065697252305,23
8576,殷巷新寓-东一区,118.844423,31.923006,江苏省南京市江宁区秣陵街道铺岗街与清水亭东路交汇口东南侧,江苏省,南京市,江宁区,1,03f1e117854a7321f7231002,118.84284026351442,31.920658860153424,24
8576,殷巷新寓-东一区,118.844423,31.923006,江苏省南京市江宁区秣陵街道铺岗街与清水亭东路交汇口东南侧,江苏省,南京市,江宁区,1,03f1e117854a7321f7231002,118.84283001923839,31.92066264116063,25
8576,殷巷新寓-东一区,118.844423,31.923006,江苏省南京市江宁区秣陵街道铺岗街与清水亭东路交汇口东南侧,江苏省,南京市,江宁区,1,03f1e117854a7321f7231002,118.84282068045431,31.92066840687641,26
8576,殷巷新寓-东一区,118.844423,31.923006,江苏省南京市江宁区秣陵街道铺岗街与清水亭东路交汇口东南侧,江苏省,南京市,江宁区,1,03f1e117854a7321f7231002,118.84281264960306,31.920675750137473,27
8576,殷巷新寓-东一区,118.844423,31.923006,江苏省南京市江宁区秣陵街道铺岗街与清水亭东路交汇口东南侧,江苏省,南京市,江宁区,1,03f1e117854a7321f7231002,118.84280602639652,31.92068446897103,28
8576,殷巷新寓-东一区,118.844423,31.923006,江苏省南京市江宁区秣陵街道铺岗街与清水亭东路交汇口东南侧,江苏省,南京市,江宁区,1,03f1e117854a7321f7231002,118.84280131388583,31.920694254518317,29
8576,殷巷新寓-东一区,118.844423,31.923006,江苏省南京市江宁区秣陵街道铺岗街与清水亭东路交汇口东南侧,江苏省,南京市,江宁区,1,03f1e117854a7321f7231002,118.84279830905389,31.92070471026647,30
8576,殷巷新寓-东一区,118.844423,31.923006,江苏省南京市江宁区秣陵街道铺岗街与清水亭东路交汇口东南侧,江苏省,南京市,江宁区,1,03f1e117854a7321f7231002,118.84258272561286,31.925077055645687,31
8576,殷巷新寓-东一区,118.844423,31.923006,江苏省南京市江宁区秣陵街道铺岗街与清水亭东路交汇口东南侧,江苏省,南京市,江宁区,1,03f1e117854a7321f7231002,118.84258474590195,31.92508762305812,32
8576,殷巷新寓-东一区,118.844423,31.923006,江苏省南京市江宁区秣陵街道铺岗街与清水亭东路交汇口东南侧,江苏省,南京市,江宁区,1,03f1e117854a7321f7231002,118.84258867509025,31.9250977565868,33
8576,殷巷新寓-东一区,118.844423,31.923006,江苏省南京市江宁区秣陵街道铺岗街与清水亭东路交汇口东南侧,江苏省,南京市,江宁区,1,03f1e117854a7321f7231002,118.84259441166922,31.925106958067694,34
8576,殷巷新寓-东一区,118.844423,31.923006,江苏省南京市江宁区秣陵街道铺岗街与清水亭东路交汇口东南侧,江苏省,南京市,江宁区,1,03f1e117854a7321f7231002,118.84260165470657,31.925115032587257,35
8576,殷巷新寓-东一区,118.844423,31.923006,江苏省南京市江宁区秣陵街道铺岗街与清水亭东路交汇口东南侧,江苏省,南京市,江宁区,1,03f1e117854a7321f7231002,118.84261020118518,31.92512158372913,36
8576,殷巷新寓-东一区,118.844423,31.923006,江苏省南京市江宁区秣陵街道铺岗街与清水亭东路交汇口东南侧,江苏省,南京市,江宁区,1,03f1e117854a7321f7231002,118.84261985257957,31.925126614941416,37
8576,殷巷新寓-东一区,118.844423,31.923006,江苏省南京市江宁区秣陵街道铺岗街与清水亭东路交汇口东南侧,江苏省,南京市,江宁区,1,03f1e117854a7321f7231002,118.84263030526249,31.92512973149331,38
8583,潭桥公寓-南园,118.853456,31.926907,南京市江宁区科宁路128号,江苏省,南京市,江宁区,1,359b1a000899d207d4851fef,118.85089204080049,31.927181964915945,1
8583,潭桥公寓-南园,118.853456,31.926907,南京市江宁区科宁路128号,江苏省,南京市,江宁区,1,359b1a000899d207d4851fef,118.85049795417325,31.92708749817041,2
8583,潭桥公寓-南园,118.853456,31.926907,南京市江宁区科宁路128号,江苏省,南京市,江宁区,1,359b1a000899d207d4851fef,118.85050424231183,31.92691135918365,3
8583,潭桥公寓-南园,118.853456,31.926907,南京市江宁区科宁路128号,江苏省,南京市,江宁区,1,359b1a000899d207d4851fef,118.85060988303981,31.92658666188976,4
8583,潭桥公寓-南园,118.853456,31.926907,南京市江宁区科宁路128号,江苏省,南京市,江宁区,1,359b1a000899d207d4851fef,118.850847125525,31.926534563112835,5
8583,潭桥公寓-南园,118.853456,31.926907,南京市江宁区科宁路128号,江苏省,南京市,江宁区,1,359b1a000899d207d4851fef,118.85121543078408,31.926457947210256,6
8583,潭桥公寓-南园,118.853456,31.926907,南京市江宁区科宁路128号,江苏省,南京市,江宁区,1,359b1a000899d207d4851fef,118.85166009201153,31.92627406878109,7
8583,潭桥公寓-南园,118.853456,31.926907,南京市江宁区科宁路128号,江苏省,南京市,江宁区,1,359b1a000899d207d4851fef,118.85196551588491,31.92611562657015,8
8583,潭桥公寓-南园,118.853456,31.926907,南京市江宁区科宁路128号,江苏省,南京市,江宁区,1,359b1a000899d207d4851fef,118.85216763462466,31.926013573704193,9
8583,潭桥公寓-南园,118.853456,31.926907,南京市江宁区科宁路128号,江苏省,南京市,江宁区,1,359b1a000899d207d4851fef,118.85249174325266,31.92580165274784,10
8583,潭桥公寓-南园,118.853456,31.926907,南京市江宁区科宁路128号,江苏省,南京市,江宁区,1,359b1a000899d207d4851fef,118.85299955535744,31.925520086722994,11
8583,潭桥公寓-南园,118.853456,31.926907,南京市江宁区科宁路128号,江苏省,南京市,江宁区,1,359b1a000899d207d4851fef,118.85318271985093,31.925258899936857,12
8583,潭桥公寓-南园,118.853456,31.926907,南京市江宁区科宁路128号,江苏省,南京市,江宁区,1,359b1a000899d207d4851fef,118.85391483884156,31.9254389495763,13
8583,潭桥公寓-南园,118.853456,31.926907,南京市江宁区科宁路128号,江苏省,南京市,江宁区,1,359b1a000899d207d4851fef,118.85417983896701,31.92528571586316,14
8583,潭桥公寓-南园,118.853456,31.926907,南京市江宁区科宁路128号,江苏省,南京市,江宁区,1,359b1a000899d207d4851fef,118.85488500879234,31.925945002082123,15
8583,潭桥公寓-南园,118.853456,31.926907,南京市江宁区科宁路128号,江苏省,南京市,江宁区,1,359b1a000899d207d4851fef,118.85565701254761,31.927124963095817,16
8583,潭桥公寓-南园,118.853456,31.926907,南京市江宁区科宁路128号,江苏省,南京市,江宁区,1,359b1a000899d207d4851fef,118.85580999397597,31.927499994577396,17
8583,潭桥公寓-南园,118.853456,31.926907,南京市江宁区科宁路128号,江苏省,南京市,江宁区,1,359b1a000899d207d4851fef,118.85558496844571,31.928186003223434,18
8583,潭桥公寓-南园,118.853456,31.926907,南京市江宁区科宁路128号,江苏省,南京市,江宁区,1,359b1a000899d207d4851fef,118.85533802426102,31.92822798794929,19
8583,潭桥公寓-南园,118.853456,31.926907,南京市江宁区科宁路128号,江苏省,南京市,江宁区,1,359b1a000899d207d4851fef,118.85294404007693,31.927669007238684,20
8583,潭桥公寓-南园,118.853456,31.926907,南京市江宁区科宁路128号,江苏省,南京市,江宁区,1,359b1a000899d207d4851fef,118.8526661941827,31.927626332720543,21
8583,潭桥公寓-南园,118.853456,31.926907,南京市江宁区科宁路128号,江苏省,南京市,江宁区,1,359b1a000899d207d4851fef,118.85135466813813,31.92730838011553,22
8583,潭桥公寓-南园,118.853456,31.926907,南京市江宁区科宁路128号,江苏省,南京市,江宁区,1,359b1a000899d207d4851fef,118.85089204080049,31.927181964915945,23
8584,天泽苑,118.857232,31.924255,江苏省南京市江宁区淳化街道竹山路588号(彤天路与竹山南路交汇处),江苏省,南京市,江宁区,1,dc0f0adcfb64f820f822131e,118.85801632213902,31.921616151121054,1
8584,天泽苑,118.857232,31.924255,江苏省南京市江宁区淳化街道竹山路588号(彤天路与竹山南路交汇处),江苏省,南京市,江宁区,1,dc0f0adcfb64f820f822131e,118.85749386765443,31.921428891628803,2
8584,天泽苑,118.857232,31.924255,江苏省南京市江宁区淳化街道竹山路588号(彤天路与竹山南路交汇处),江苏省,南京市,江宁区,1,dc0f0adcfb64f820f822131e,118.85717460987617,31.921906770348077,3
8584,天泽苑,118.857232,31.924255,江苏省南京市江宁区淳化街道竹山路588号(彤天路与竹山南路交汇处),江苏省,南京市,江宁区,1,dc0f0adcfb64f820f822131e,118.85664083674213,31.922507773790954,4
8584,天泽苑,118.857232,31.924255,江苏省南京市江宁区淳化街道竹山路588号(彤天路与竹山南路交汇处),江苏省,南京市,江宁区,1,dc0f0adcfb64f820f822131e,118.85604588900289,31.92307061712129,5
8584,天泽苑,118.857232,31.924255,江苏省南京市江宁区淳化街道竹山路588号(彤天路与竹山南路交汇处),江苏省,南京市,江宁区,1,dc0f0adcfb64f820f822131e,118.85594069742767,31.92313160565336,6
8584,天泽苑,118.857232,31.924255,江苏省南京市江宁区淳化街道竹山路588号(彤天路与竹山南路交汇处),江苏省,南京市,江宁区,1,dc0f0adcfb64f820f822131e,118.85567165492743,31.922991086788215,7
8584,天泽苑,118.857232,31.924255,江苏省南京市江宁区淳化街道竹山路588号(彤天路与竹山南路交汇处),江苏省,南京市,江宁区,1,dc0f0adcfb64f820f822131e,118.85551004976618,31.923167693069562,8
8584,天泽苑,118.857232,31.924255,江苏省南京市江宁区淳化街道竹山路588号(彤天路与竹山南路交汇处),江苏省,南京市,江宁区,1,dc0f0adcfb64f820f822131e,118.85591877877323,31.92347799828757,9
8584,天泽苑,118.857232,31.924255,江苏省南京市江宁区淳化街道竹山路588号(彤天路与竹山南路交汇处),江苏省,南京市,江宁区,1,dc0f0adcfb64f820f822131e,118.85467911716945,31.924562142786563,10
8584,天泽苑,118.857232,31.924255,江苏省南京市江宁区淳化街道竹山路588号(彤天路与竹山南路交汇处),江苏省,南京市,江宁区,1,dc0f0adcfb64f820f822131e,118.85461623578375,31.924841796340825,11
8584,天泽苑,118.857232,31.924255,江苏省南京市江宁区淳化街道竹山路588号(彤天路与竹山南路交汇处),江苏省,南京市,江宁区,1,dc0f0adcfb64f820f822131e,118.85456224762261,31.925117235097993,12
8584,天泽苑,118.857232,31.924255,江苏省南京市江宁区淳化街道竹山路588号(彤天路与竹山南路交汇处),江苏省,南京市,江宁区,1,dc0f0adcfb64f820f822131e,118.85648911294152,31.927852423162584,13
8584,天泽苑,118.857232,31.924255,江苏省南京市江宁区淳化街道竹山路588号(彤天路与竹山南路交汇处),江苏省,南京市,江宁区,1,dc0f0adcfb64f820f822131e,118.85679067410122,31.927925896689285,14
8584,天泽苑,118.857232,31.924255,江苏省南京市江宁区淳化街道竹山路588号(彤天路与竹山南路交汇处),江苏省,南京市,江宁区,1,dc0f0adcfb64f820f822131e,118.85733352012089,31.926967518366922,15
8584,天泽苑,118.857232,31.924255,江苏省南京市江宁区淳化街道竹山路588号(彤天路与竹山南路交汇处),江苏省,南京市,江宁区,1,dc0f0adcfb64f820f822131e,118.85841939182134,31.92496936404679,16
8584,天泽苑,118.857232,31.924255,江苏省南京市江宁区淳化街道竹山路588号(彤天路与竹山南路交汇处),江苏省,南京市,江宁区,1,dc0f0adcfb64f820f822131e,118.8586675038032,31.924630715449876,17
8584,天泽苑,118.857232,31.924255,江苏省南京市江宁区淳化街道竹山路588号(彤天路与竹山南路交汇处),江苏省,南京市,江宁区,1,dc0f0adcfb64f820f822131e,118.85732902859334,31.92408672977352,18
8584,天泽苑,118.857232,31.924255,江苏省南京市江宁区淳化街道竹山路588号(彤天路与竹山南路交汇处),江苏省,南京市,江宁区,1,dc0f0adcfb64f820f822131e,118.85750824054257,31.92381044509989,19
8584,天泽苑,118.857232,31.924255,江苏省南京市江宁区淳化街道竹山路588号(彤天路与竹山南路交汇处),江苏省,南京市,江宁区,1,dc0f0adcfb64f820f822131e,118.85750707274542,31.923656365845474,20
8584,天泽苑,118.857232,31.924255,江苏省南京市江宁区淳化街道竹山路588号(彤天路与竹山南路交汇处),江苏省,南京市,江宁区,1,dc0f0adcfb64f820f822131e,118.85755710836231,31.923542970703064,21
8584,天泽苑,118.857232,31.924255,江苏省南京市江宁区淳化街道竹山路588号(彤天路与竹山南路交汇处),江苏省,南京市,江宁区,1,dc0f0adcfb64f820f822131e,118.85768394910033,31.9234588436751,22
8584,天泽苑,118.857232,31.924255,江苏省南京市江宁区淳化街道竹山路588号(彤天路与竹山南路交汇处),江苏省,南京市,江宁区,1,dc0f0adcfb64f820f822131e,118.85785013561967,31.92350098381721,23
8584,天泽苑,118.857232,31.924255,江苏省南京市江宁区淳化街道竹山路588号(彤天路与竹山南路交汇处),江苏省,南京市,江宁区,1,dc0f0adcfb64f820f822131e,118.85794885939522,31.92359254278606,24
8584,天泽苑,118.857232,31.924255,江苏省南京市江宁区淳化街道竹山路588号(彤天路与竹山南路交汇处),江苏省,南京市,江宁区,1,dc0f0adcfb64f820f822131e,118.85793538481258,31.923707470231747,25
8584,天泽苑,118.857232,31.924255,江苏省南京市江宁区淳化街道竹山路588号(彤天路与竹山南路交汇处),江苏省,南京市,江宁区,1,dc0f0adcfb64f820f822131e,118.85871691060626,31.92421314926981,26
8584,天泽苑,118.857232,31.924255,江苏省南京市江宁区淳化街道竹山路588号(彤天路与竹山南路交汇处),江苏省,南京市,江宁区,1,dc0f0adcfb64f820f822131e,118.8589819107317,31.923853044788082,27
8584,天泽苑,118.857232,31.924255,江苏省南京市江宁区淳化街道竹山路588号(彤天路与竹山南路交汇处),江苏省,南京市,江宁区,1,dc0f0adcfb64f820f822131e,118.8591302209714,31.92383810425223,28
8584,天泽苑,118.857232,31.924255,江苏省南京市江宁区淳化街道竹山路588号(彤天路与竹山南路交汇处),江苏省,南京市,江宁区,1,dc0f0adcfb64f820f822131e,118.86020710961675,31.922343272095407,29
8584,天泽苑,118.857232,31.924255,江苏省南京市江宁区淳化街道竹山路588号(彤天路与竹山南路交汇处),江苏省,南京市,江宁区,1,dc0f0adcfb64f820f822131e,118.86041318090075,31.922047903843307,30
8584,天泽苑,118.857232,31.924255,江苏省南京市江宁区淳化街道竹山路588号(彤天路与竹山南路交汇处),江苏省,南京市,江宁区,1,dc0f0adcfb64f820f822131e,118.85829928837467,31.92119857111977,31
8584,天泽苑,118.857232,31.924255,江苏省南京市江宁区淳化街道竹山路588号(彤天路与竹山南路交汇处),江苏省,南京市,江宁区,1,dc0f0adcfb64f820f822131e,118.85801632213902,31.921616151121054,32
8585,雍景园小区,118.859921,31.92023,竹山南路618号,江苏省,南京市,江宁区,1,418f16659d62d74bf90cadad,118.85796197465567,31.920525228912886,1
8585,雍景园小区,118.859921,31.92023,竹山南路618号,江苏省,南京市,江宁区,1,418f16659d62d74bf90cadad,118.85862447496928,31.919379738869882,2
8585,雍景园小区,118.859921,31.92023,竹山南路618号,江苏省,南京市,江宁区,1,418f16659d62d74bf90cadad,118.85879066148861,31.919176690636824,3
8585,雍景园小区,118.859921,31.92023,竹山南路618号,江苏省,南京市,江宁区,1,418f16659d62d74bf90cadad,118.85886477169319,31.91908474411826,4
8585,雍景园小区,118.859921,31.92023,竹山南路618号,江苏省,南京市,江宁区,1,418f16659d62d74bf90cadad,118.86149680683742,31.919931414802527,5
8585,雍景园小区,118.859921,31.92023,竹山南路618号,江苏省,南京市,江宁区,1,418f16659d62d74bf90cadad,118.8616517645379,31.920000374059182,6
8585,雍景园小区,118.859921,31.92023,竹山南路618号,江苏省,南京市,江宁区,1,418f16659d62d74bf90cadad,118.86072650986262,31.921490647461347,7
8585,雍景园小区,118.859921,31.92023,竹山南路618号,江苏省,南京市,江宁区,1,418f16659d62d74bf90cadad,118.85911180570844,31.920935149943386,8
8585,雍景园小区,118.859921,31.92023,竹山南路618号,江苏省,南京市,江宁区,1,418f16659d62d74bf90cadad,118.85796197465567,31.920525228912886,9
8587,横岭新寓,118.868737,31.912455,竹山路,江苏省,南京市,江宁区,1,41e3f1fe08db0d8d31870a2d,118.86658400077098,31.911876997627438,1
8587,横岭新寓,118.868737,31.912455,竹山路,江苏省,南京市,江宁区,1,41e3f1fe08db0d8d31870a2d,118.86686202632632,31.91233998403397,2
8587,横岭新寓,118.868737,31.912455,竹山路,江苏省,南京市,江宁区,1,41e3f1fe08db0d8d31870a2d,118.86677183645313,31.912382282575486,3
8587,横岭新寓,118.868737,31.912455,竹山路,江苏省,南京市,江宁区,1,41e3f1fe08db0d8d31870a2d,118.86704474166704,31.912761589271188,4
8587,横岭新寓,118.868737,31.912455,竹山路,江苏省,南京市,江宁区,1,41e3f1fe08db0d8d31870a2d,118.86847682031106,31.914875869499728,5
8587,横岭新寓,118.868737,31.912455,竹山路,江苏省,南京市,江宁区,1,41e3f1fe08db0d8d31870a2d,118.86864749835794,31.914803075076925,6
8587,横岭新寓,118.868737,31.912455,竹山路,江苏省,南京市,江宁区,1,41e3f1fe08db0d8d31870a2d,118.86908048161376,31.91534014329737,7
8587,横岭新寓,118.868737,31.912455,竹山路,江苏省,南京市,江宁区,1,41e3f1fe08db0d8d31870a2d,118.86948292248223,31.91530880354955,8
8587,横岭新寓,118.868737,31.912455,竹山路,江苏省,南京市,江宁区,1,41e3f1fe08db0d8d31870a2d,118.86947843095467,31.91499847050141,9
8587,横岭新寓,118.868737,31.912455,竹山路,江苏省,南京市,江宁区,1,41e3f1fe08db0d8d31870a2d,118.87093602147519,31.915006975939782,10
8587,横岭新寓,118.868737,31.912455,竹山路,江苏省,南京市,江宁区,1,41e3f1fe08db0d8d31870a2d,118.8710149825295,31.91505425390256,11
8587,横岭新寓,118.868737,31.912455,竹山路,江苏省,南京市,江宁区,1,41e3f1fe08db0d8d31870a2d,118.87144024035793,31.914792040969864,12
8587,横岭新寓,118.868737,31.912455,竹山路,江苏省,南京市,江宁区,1,41e3f1fe08db0d8d31870a2d,118.87164514384476,31.914554654092946,13
8587,横岭新寓,118.868737,31.912455,竹山路,江苏省,南京市,江宁区,1,41e3f1fe08db0d8d31870a2d,118.871622686207,31.914424389888627,14
8587,横岭新寓,118.868737,31.912455,竹山路,江苏省,南京市,江宁区,1,41e3f1fe08db0d8d31870a2d,118.87146494375945,31.914288914918536,15
8587,横岭新寓,118.868737,31.912455,竹山路,江苏省,南京市,江宁区,1,41e3f1fe08db0d8d31870a2d,118.87126030976428,31.914116659122694,16
8587,横岭新寓,118.868737,31.912455,竹山路,江苏省,南京市,江宁区,1,41e3f1fe08db0d8d31870a2d,118.87110166901122,31.913926319154566,17
8587,横岭新寓,118.868737,31.912455,竹山路,江苏省,南京市,江宁区,1,41e3f1fe08db0d8d31870a2d,118.86983981926134,31.912715689413606,18
8587,横岭新寓,118.868737,31.912455,竹山路,江苏省,南京市,江宁区,1,41e3f1fe08db0d8d31870a2d,118.86954382759582,31.912357991567628,19
8587,横岭新寓,118.868737,31.912455,竹山路,江苏省,南京市,江宁区,1,41e3f1fe08db0d8d31870a2d,118.86953709030449,31.911996231028223,20
8587,横岭新寓,118.868737,31.912455,竹山路,江苏省,南京市,江宁区,1,41e3f1fe08db0d8d31870a2d,118.8696239564473,31.911347801743304,21
8587,横岭新寓,118.868737,31.912455,竹山路,江苏省,南京市,江宁区,1,41e3f1fe08db0d8d31870a2d,118.86981538535149,31.90987667314516,22
8587,横岭新寓,118.868737,31.912455,竹山路,江苏省,南京市,江宁区,1,41e3f1fe08db0d8d31870a2d,118.86976094803758,31.909807706225315,23
8587,横岭新寓,118.868737,31.912455,竹山路,江苏省,南京市,江宁区,1,41e3f1fe08db0d8d31870a2d,118.86966707511178,31.909722646952282,24
8587,横岭新寓,118.868737,31.912455,竹山路,江苏省,南京市,江宁区,1,41e3f1fe08db0d8d31870a2d,118.86895292223134,31.909584712827225,25
8587,横岭新寓,118.868737,31.912455,竹山路,江苏省,南京市,江宁区,1,41e3f1fe08db0d8d31870a2d,118.867728980974,31.9093591134527,26
8587,横岭新寓,118.868737,31.912455,竹山路,江苏省,南京市,江宁区,1,41e3f1fe08db0d8d31870a2d,118.86707276879896,31.909221332038246,27
8587,横岭新寓,118.868737,31.912455,竹山路,江苏省,南京市,江宁区,1,41e3f1fe08db0d8d31870a2d,118.86685726530712,31.909473139293333,28
8587,横岭新寓,118.868737,31.912455,竹山路,江苏省,南京市,江宁区,1,41e3f1fe08db0d8d31870a2d,118.866732849994,31.910078056252395,29
8587,横岭新寓,118.868737,31.912455,竹山路,江苏省,南京市,江宁区,1,41e3f1fe08db0d8d31870a2d,118.86660448213661,31.910727720639844,30
8587,横岭新寓,118.868737,31.912455,竹山路,江苏省,南京市,江宁区,1,41e3f1fe08db0d8d31870a2d,118.86641700577668,31.91175400928386,31
8587,横岭新寓,118.868737,31.912455,竹山路,江苏省,南京市,江宁区,1,41e3f1fe08db0d8d31870a2d,118.86658400077098,31.911876997627438,32
8588,印湖山庄,118.879519,31.921163,江苏省南京市江宁区秣陵街道印湖路39号,江苏省,南京市,江宁区,1,6113ef770b8b8b6a8e77271b,118.87771008044453,31.92146334679132,1
8588,印湖山庄,118.879519,31.921163,江苏省南京市江宁区秣陵街道印湖路39号,江苏省,南京市,江宁区,1,6113ef770b8b8b6a8e77271b,118.8777114907842,31.92147816512454,2
8588,印湖山庄,118.879519,31.921163,江苏省南京市江宁区秣陵街道印湖路39号,江苏省,南京市,江宁区,1,6113ef770b8b8b6a8e77271b,118.87771608921008,31.92148931534405,3
8588,印湖山庄,118.879519,31.921163,江苏省南京市江宁区秣陵街道印湖路39号,江苏省,南京市,江宁区,1,6113ef770b8b8b6a8e77271b,118.87772337806099,31.921498892934505,4
8588,印湖山庄,118.879519,31.921163,江苏省南京市江宁区秣陵街道印湖路39号,江苏省,南京市,江宁区,1,6113ef770b8b8b6a8e77271b,118.87773295938757,31.921506193681083,5
8588,印湖山庄,118.879519,31.921163,江苏省南京市江宁区秣陵街道印湖路39号,江苏省,南京市,江宁区,1,6113ef770b8b8b6a8e77271b,118.87774393308767,31.921510908192374,6
8588,印湖山庄,118.879519,31.921163,江苏省南京市江宁区秣陵街道印湖路39号,江苏省,南京市,江宁区,1,6113ef770b8b8b6a8e77271b,118.88153697869676,31.921540739532524,7
8588,印湖山庄,118.879519,31.921163,江苏省南京市江宁区秣陵街道印湖路39号,江苏省,南京市,江宁区,1,6113ef770b8b8b6a8e77271b,118.8815465393623,31.92153556468936,8
8588,印湖山庄,118.879519,31.921163,江苏省南京市江宁区秣陵街道印湖路39号,江苏省,南京市,江宁区,1,6113ef770b8b8b6a8e77271b,118.88155440402703,31.921527966889087,9
8588,印湖山庄,118.879519,31.921163,江苏省南京市江宁区秣陵街道印湖路39号,江苏省,南京市,江宁区,1,6113ef770b8b8b6a8e77271b,118.8815599744195,31.921518438261913,10
8588,印湖山庄,118.879519,31.921163,江苏省南京市江宁区秣陵街道印湖路39号,江苏省,南京市,江宁区,1,6113ef770b8b8b6a8e77271b,118.88156265406485,31.921507771059083,11
8588,印湖山庄,118.879519,31.921163,江苏省南京市江宁区秣陵街道印湖路39号,江苏省,南京市,江宁区,1,6113ef770b8b8b6a8e77271b,118.88156244386136,31.921496765500603,12
8588,印湖山庄,118.879519,31.921163,江苏省南京市江宁区秣陵街道印湖路39号,江苏省,南京市,江宁区,1,6113ef770b8b8b6a8e77271b,118.88124161853999,31.92082718435511,13
8588,印湖山庄,118.879519,31.921163,江苏省南京市江宁区秣陵街道印湖路39号,江苏省,南京市,江宁区,1,6113ef770b8b8b6a8e77271b,118.88123572745246,31.920815704815485,14
8588,印湖山庄,118.879519,31.921163,江苏省南京市江宁区秣陵街道印湖路39号,江苏省,南京市,江宁区,1,6113ef770b8b8b6a8e77271b,118.88122794453352,31.92080550100891,15
8588,印湖山庄,118.879519,31.921163,江苏省南京市江宁区秣陵街道印湖路39号,江苏省,南京市,江宁区,1,6113ef770b8b8b6a8e77271b,118.8812183703934,31.920796874361635,16
8588,印湖山庄,118.879519,31.921163,江苏省南京市江宁区秣陵街道印湖路39号,江苏省,南京市,江宁区,1,6113ef770b8b8b6a8e77271b,118.88120740208312,31.920790030064346,17
8588,印湖山庄,118.879519,31.921163,江苏省南京市江宁区秣陵街道印湖路39号,江苏省,南京市,江宁区,1,6113ef770b8b8b6a8e77271b,118.88119543934864,31.920785373517628,18
8588,印湖山庄,118.879519,31.921163,江苏省南京市江宁区秣陵街道印湖路39号,江苏省,南京市,江宁区,1,6113ef770b8b8b6a8e77271b,118.88118288103762,31.920783009845398,19
8588,印湖山庄,118.879519,31.921163,江苏省南京市江宁区秣陵街道印湖路39号,江苏省,南京市,江宁区,1,6113ef770b8b8b6a8e77271b,118.88117012509937,31.92078294441132,20
8588,印湖山庄,118.879519,31.921163,江苏省南京市江宁区秣陵街道印湖路39号,江苏省,南京市,江宁区,1,6113ef770b8b8b6a8e77271b,118.87975610059951,31.92081174352618,21
8588,印湖山庄,118.879519,31.921163,江苏省南京市江宁区秣陵街道印湖路39号,江苏省,南京市,江宁区,1,6113ef770b8b8b6a8e77271b,118.87902145557378,31.92055652587395,22
8588,印湖山庄,118.879519,31.921163,江苏省南京市江宁区秣陵街道印湖路39号,江苏省,南京市,江宁区,1,6113ef770b8b8b6a8e77271b,118.87900988809373,31.92055309371732,23
8588,印湖山庄,118.879519,31.921163,江苏省南京市江宁区秣陵街道印湖路39号,江苏省,南京市,江宁区,1,6113ef770b8b8b6a8e77271b,118.87899782385072,31.920552256633965,24
8588,印湖山庄,118.879519,31.921163,江苏省南京市江宁区秣陵街道印湖路39号,江苏省,南京市,江宁区,1,6113ef770b8b8b6a8e77271b,118.87898596172647,31.920553922602235,25
8588,印湖山庄,118.879519,31.921163,江苏省南京市江宁区秣陵街道印湖路39号,江苏省,南京市,江宁区,1,6113ef770b8b8b6a8e77271b,118.8789748002805,31.920558197282237,26
8588,印湖山庄,118.879519,31.921163,江苏省南京市江宁区秣陵街道印湖路39号,江苏省,南京市,江宁区,1,6113ef770b8b8b6a8e77271b,118.87896473746218,31.920564784993573,27
8588,印湖山庄,118.879519,31.921163,江苏省南京市江宁区秣陵街道印湖路39号,江苏省,南京市,江宁区,1,6113ef770b8b8b6a8e77271b,118.87895647035658,31.920573393656923,28
8588,印湖山庄,118.879519,31.921163,江苏省南京市江宁区秣陵街道印湖路39号,江苏省,南京市,江宁区,1,6113ef770b8b8b6a8e77271b,118.87895020018412,31.9205836253795,29
8588,印湖山庄,118.879519,31.921163,江苏省南京市江宁区秣陵街道印湖路39号,江苏省,南京市,江宁区,1,6113ef770b8b8b6a8e77271b,118.87886451171981,31.920738398652635,30
8588,印湖山庄,118.879519,31.921163,江苏省南京市江宁区秣陵街道印湖路39号,江苏省,南京市,江宁区,1,6113ef770b8b8b6a8e77271b,118.87885724352995,31.920748019459534,31
8588,印湖山庄,118.879519,31.921163,江苏省南京市江宁区秣陵街道印湖路39号,江苏省,南京市,江宁区,1,6113ef770b8b8b6a8e77271b,118.87884927645838,31.92075663216646,32
8588,印湖山庄,118.879519,31.921163,江苏省南京市江宁区秣陵街道印湖路39号,江苏省,南京市,江宁区,1,6113ef770b8b8b6a8e77271b,118.87883951187747,31.920763324374114,33
8588,印湖山庄,118.879519,31.921163,江苏省南京市江宁区秣陵街道印湖路39号,江苏省,南京市,江宁区,1,6113ef770b8b8b6a8e77271b,118.87882844924512,31.920767501352874,34
8588,印湖山庄,118.879519,31.921163,江苏省南京市江宁区秣陵街道印湖路39号,江苏省,南京市,江宁区,1,6113ef770b8b8b6a8e77271b,118.87881668683278,31.920769070008895,35
8588,印湖山庄,118.879519,31.921163,江苏省南京市江宁区秣陵街道印湖路39号,江苏省,南京市,江宁区,1,6113ef770b8b8b6a8e77271b,118.87880492082722,31.920767838024318,36
8588,印湖山庄,118.879519,31.921163,江苏省南京市江宁区秣陵街道印湖路39号,江苏省,南京市,江宁区,1,6113ef770b8b8b6a8e77271b,118.87879365158457,31.920764111039105,37
8588,印湖山庄,118.879519,31.921163,江苏省南京市江宁区秣陵街道印湖路39号,江苏省,南京市,江宁区,1,6113ef770b8b8b6a8e77271b,118.87808925789521,31.920496467788055,38
8588,印湖山庄,118.879519,31.921163,江苏省南京市江宁区秣陵街道印湖路39号,江苏省,南京市,江宁区,1,6113ef770b8b8b6a8e77271b,118.87807848631385,31.92049405292554,39
8588,印湖山庄,118.879519,31.921163,江苏省南京市江宁区秣陵街道印湖路39号,江苏省,南京市,江宁区,1,6113ef770b8b8b6a8e77271b,118.87806761771547,31.920494037677972,40
8588,印湖山庄,118.879519,31.921163,江苏省南京市江宁区秣陵街道印湖路39号,江苏省,南京市,江宁区,1,6113ef770b8b8b6a8e77271b,118.87805695033754,31.920496425340055,41
8588,印湖山庄,118.879519,31.921163,江苏省南京市江宁区秣陵街道印湖路39号,江苏省,南京市,江宁区,1,6113ef770b8b8b6a8e77271b,118.87804708334981,31.920501022060584,42
8588,印湖山庄,118.879519,31.921163,江苏省南京市江宁区秣陵街道印湖路39号,江苏省,南京市,江宁区,1,6113ef770b8b8b6a8e77271b,118.87803841470165,31.920507732063076,43
8588,印湖山庄,118.879519,31.921163,江苏省南京市江宁区秣陵街道印湖路39号,江苏省,南京市,江宁区,1,6113ef770b8b8b6a8e77271b,118.8780315417662,31.920516161515458,44
8588,印湖山庄,118.879519,31.921163,江苏省南京市江宁区秣陵街道印湖路39号,江苏省,南京市,江宁区,1,6113ef770b8b8b6a8e77271b,118.87802656605197,31.92052591145209,45
8588,印湖山庄,118.879519,31.921163,江苏省南京市江宁区秣陵街道印湖路39号,江苏省,南京市,江宁区,1,6113ef770b8b8b6a8e77271b,118.87771008044453,31.92146334679132,46
8589,天祥家园,118.877227,31.925569,南京市江宁区天印大道2007号,江苏省,南京市,江宁区,1,c4cd083ab1618978100daa8e,118.8791800406319,31.92661700175201,1
8589,天祥家园,118.877227,31.925569,南京市江宁区天印大道2007号,江苏省,南京市,江宁区,1,c4cd083ab1618978100daa8e,118.87882296419167,31.92605770468729,2
8589,天祥家园,118.877227,31.925569,南京市江宁区天印大道2007号,江苏省,南京市,江宁区,1,c4cd083ab1618978100daa8e,118.87863432003458,31.9258201939358,3
8589,天祥家园,118.877227,31.925569,南京市江宁区天印大道2007号,江苏省,南京市,江宁区,1,c4cd083ab1618978100daa8e,118.87840525212954,31.92552905087924,4
8589,天祥家园,118.877227,31.925569,南京市江宁区天印大道2007号,江苏省,南京市,江宁区,1,c4cd083ab1618978100daa8e,118.87742609912365,31.92403884355486,5
8589,天祥家园,118.877227,31.925569,南京市江宁区天印大道2007号,江苏省,南京市,江宁区,1,c4cd083ab1618978100daa8e,118.875659042355,31.92392000900586,6
8589,天祥家园,118.877227,31.925569,南京市江宁区天印大道2007号,江苏省,南京市,江宁区,1,c4cd083ab1618978100daa8e,118.87562391860955,31.92441526686357,7
8589,天祥家园,118.877227,31.925569,南京市江宁区天印大道2007号,江苏省,南京市,江宁区,1,c4cd083ab1618978100daa8e,118.87555277281317,31.92503579112385,8
8589,天祥家园,118.877227,31.925569,南京市江宁区天印大道2007号,江苏省,南京市,江宁区,1,c4cd083ab1618978100daa8e,118.87747496694341,31.927455021527198,9
8589,天祥家园,118.877227,31.925569,南京市江宁区天印大道2007号,江苏省,南京市,江宁区,1,c4cd083ab1618978100daa8e,118.87830203682644,31.927048960613472,10
8589,天祥家园,118.877227,31.925569,南京市江宁区天印大道2007号,江苏省,南京市,江宁区,1,c4cd083ab1618978100daa8e,118.8791800406319,31.92661700175201,11
8605,文鼎广场,118.905685,31.920324,南京市江宁区格致路99号,江苏省,南京市,江宁区,1,f5994939efcde99b8e772792,118.9040295066322,31.9207916394822,1
8605,文鼎广场,118.905685,31.920324,南京市江宁区格致路99号,江苏省,南京市,江宁区,1,f5994939efcde99b8e772792,118.90541738864512,31.921902632880762,2
8605,文鼎广场,118.905685,31.920324,南京市江宁区格致路99号,江苏省,南京市,江宁区,1,f5994939efcde99b8e772792,118.90565094807772,31.92173406923718,3
8605,文鼎广场,118.905685,31.920324,南京市江宁区格致路99号,江苏省,南京市,江宁区,1,f5994939efcde99b8e772792,118.90600577875416,31.92122071440094,4
8605,文鼎广场,118.905685,31.920324,南京市江宁区格致路99号,江苏省,南京市,江宁区,1,f5994939efcde99b8e772792,118.90611806694291,31.92076482223267,5
8605,文鼎广场,118.905685,31.920324,南京市江宁区格致路99号,江苏省,南京市,江宁区,1,f5994939efcde99b8e772792,118.9064594230367,31.919910497151022,6
8605,文鼎广场,118.905685,31.920324,南京市江宁区格致路99号,江苏省,南京市,江宁区,1,f5994939efcde99b8e772792,118.90660315191829,31.919860693199535,7
8605,文鼎广场,118.905685,31.920324,南京市江宁区格致路99号,江苏省,南京市,江宁区,1,f5994939efcde99b8e772792,118.90702535550798,31.919044670731537,8
8605,文鼎广场,118.905685,31.920324,南京市江宁区格致路99号,江苏省,南京市,江宁区,1,f5994939efcde99b8e772792,118.90734874549157,31.918619416688834,9
8605,文鼎广场,118.905685,31.920324,南京市江宁区格致路99号,江苏省,南京市,江宁区,1,f5994939efcde99b8e772792,118.90647397558597,31.91817201664395,10
8605,文鼎广场,118.905685,31.920324,南京市江宁区格致路99号,江苏省,南京市,江宁区,1,f5994939efcde99b8e772792,118.90618696697554,31.918800015810394,11
8605,文鼎广场,118.905685,31.920324,南京市江宁区格致路99号,江苏省,南京市,江宁区,1,f5994939efcde99b8e772792,118.90593499227998,31.919240976522595,12
8605,文鼎广场,118.905685,31.920324,南京市江宁区格致路99号,江苏省,南京市,江宁区,1,f5994939efcde99b8e772792,118.90573628710116,31.91951206477665,13
8605,文鼎广场,118.905685,31.920324,南京市江宁区格致路99号,江苏省,南京市,江宁区,1,f5994939efcde99b8e772792,118.90530510045637,31.919906666078795,14
8605,文鼎广场,118.905685,31.920324,南京市江宁区格致路99号,江苏省,南京市,江宁区,1,f5994939efcde99b8e772792,118.90402501510465,31.920669046277023,15
8605,文鼎广场,118.905685,31.920324,南京市江宁区格致路99号,江苏省,南京市,江宁区,1,f5994939efcde99b8e772792,118.9040295066322,31.9207916394822,16
8606,东方龙湖湾东湖苑,118.90482,31.926344,南京市江宁区龙眠大道588号,江苏省,南京市,江宁区,1,01cba7b424d2abb279b55ca6,118.90420746095374,31.927716585089016,1
8606,东方龙湖湾东湖苑,118.90482,31.926344,南京市江宁区龙眠大道588号,江苏省,南京市,江宁区,1,01cba7b424d2abb279b55ca6,118.90350678265595,31.927444601873557,2
8606,东方龙湖湾东湖苑,118.90482,31.926344,南京市江宁区龙眠大道588号,江苏省,南京市,江宁区,1,01cba7b424d2abb279b55ca6,118.90371339292325,31.92695043310746,3
8606,东方龙湖湾东湖苑,118.90482,31.926344,南京市江宁区龙眠大道588号,江苏省,南京市,江宁区,1,01cba7b424d2abb279b55ca6,118.90401881679664,31.926643970509957,4
8606,东方龙湖湾东湖苑,118.90482,31.926344,南京市江宁区龙眠大道588号,江苏省,南京市,江宁区,1,01cba7b424d2abb279b55ca6,118.9041041558201,31.926134474159014,5
8606,东方龙湖湾东湖苑,118.90482,31.926344,南京市江宁区龙眠大道588号,江苏省,南京市,江宁区,1,01cba7b424d2abb279b55ca6,118.90431076608739,31.925743730665275,6
8606,东方龙湖湾东湖苑,118.90482,31.926344,南京市江宁区龙眠大道588号,江苏省,南京市,江宁区,1,01cba7b424d2abb279b55ca6,118.90421644400884,31.92557517413077,7
8606,东方龙湖湾东湖苑,118.90482,31.926344,南京市江宁区龙眠大道588号,江苏省,南京市,江宁区,1,01cba7b424d2abb279b55ca6,118.90428381692209,31.92515761228112,8
8606,东方龙湖湾东湖苑,118.90482,31.926344,南京市江宁区龙眠大道588号,江苏省,南京市,江宁区,1,01cba7b424d2abb279b55ca6,118.90431076608739,31.92498905466178,9
8606,东方龙湖湾东湖苑,118.90482,31.926344,南京市江宁区龙眠大道588号,江苏省,南京市,江宁区,1,01cba7b424d2abb279b55ca6,118.90471949509443,31.924724725039585,10
8606,东方龙湖湾东湖苑,118.90482,31.926344,南京市江宁区龙眠大道588号,江苏省,南京市,江宁区,1,01cba7b424d2abb279b55ca6,118.90494856299946,31.924510196086565,11
8606,东方龙湖湾东湖苑,118.90482,31.926344,南京市江宁区龙眠大道588号,江苏省,南京市,江宁区,1,01cba7b424d2abb279b55ca6,118.90500695285762,31.92434546815464,12
8606,东方龙湖湾东湖苑,118.90482,31.926344,南京市江宁区龙眠大道588号,江苏省,南京市,江宁区,1,01cba7b424d2abb279b55ca6,118.9053483089514,31.923962378788694,13
8606,东方龙湖湾东湖苑,118.90482,31.926344,南京市江宁区龙眠大道588号,江苏省,南京市,江宁区,1,01cba7b424d2abb279b55ca6,118.90603802792198,31.924644813063644,14
8606,东方龙湖湾东湖苑,118.90482,31.926344,南京市江宁区龙眠大道588号,江苏省,南京市,江宁区,1,01cba7b424d2abb279b55ca6,118.90605554487942,31.92468350487284,15
8606,东方龙湖湾东湖苑,118.90482,31.926344,南京市江宁区龙眠大道588号,江苏省,南京市,江宁区,1,01cba7b424d2abb279b55ca6,118.90605877877925,31.924739512195238,16
8606,东方龙湖湾东湖苑,118.90482,31.926344,南京市江宁区龙眠大道588号,江苏省,南京市,江宁区,1,01cba7b424d2abb279b55ca6,118.9055908514391,31.925923702729783,17
8606,东方龙湖湾东湖苑,118.90482,31.926344,南京市江宁区龙眠大道588号,江苏省,南京市,江宁区,1,01cba7b424d2abb279b55ca6,118.9048022290319,31.92804418970886,18
8606,东方龙湖湾东湖苑,118.90482,31.926344,南京市江宁区龙眠大道588号,江苏省,南京市,江宁区,1,01cba7b424d2abb279b55ca6,118.904767195117,31.928080428407547,19
8606,东方龙湖湾东湖苑,118.90482,31.926344,南京市江宁区龙眠大道588号,江苏省,南京市,江宁区,1,01cba7b424d2abb279b55ca6,118.90471464424468,31.928090694759316,20
8606,东方龙湖湾东湖苑,118.90482,31.926344,南京市江宁区龙眠大道588号,江苏省,南京市,江宁区,1,01cba7b424d2abb279b55ca6,118.90412661345783,31.92794642942651,21
8606,东方龙湖湾东湖苑,118.90482,31.926344,南京市江宁区龙眠大道588号,江苏省,南京市,江宁区,1,01cba7b424d2abb279b55ca6,118.90420746095374,31.927716585089016,22
8608,东方·龙湖湾,118.90266,31.925814,南京市江宁区大学城龙眠大道588号(地铁南京交院站往北500米),江苏省,南京市,江宁区,1,42acc2084d64bf8bc6effb7c,118.899018409955,31.928082640729833,1
8608,东方·龙湖湾,118.90266,31.925814,南京市江宁区大学城龙眠大道588号(地铁南京交院站往北500米),江苏省,南京市,江宁区,1,42acc2084d64bf8bc6effb7c,118.89922343381478,31.92813346413847,2
8608,东方·龙湖湾,118.90266,31.925814,南京市江宁区大学城龙眠大道588号(地铁南京交院站往北500米),江苏省,南京市,江宁区,1,42acc2084d64bf8bc6effb7c,118.90035796852132,31.928318478221986,3
8608,东方·龙湖湾,118.90266,31.925814,南京市江宁区大学城龙眠大道588号(地铁南京交院站往北500米),江苏省,南京市,江宁区,1,42acc2084d64bf8bc6effb7c,118.90132731921747,31.928443223798062,4
8608,东方·龙湖湾,118.90266,31.925814,南京市江宁区大学城龙眠大道588号(地铁南京交院站往北500米),江苏省,南京市,江宁区,1,42acc2084d64bf8bc6effb7c,118.90223202335761,31.9285465726281,5
8608,东方·龙湖湾,118.90266,31.925814,南京市江宁区大学城龙眠大道588号(地铁南京交院站往北500米),江苏省,南京市,江宁区,1,42acc2084d64bf8bc6effb7c,118.90245199681767,31.9285795147265,6
8608,东方·龙湖湾,118.90266,31.925814,南京市江宁区大学城龙眠大道588号(地铁南京交院站往北500米),江苏省,南京市,江宁区,1,42acc2084d64bf8bc6effb7c,118.90252248864765,31.928411729966914,7
8608,东方·龙湖湾,118.90266,31.925814,南京市江宁区大学城龙眠大道588号(地铁南京交院站往北500米),江苏省,南京市,江宁区,1,42acc2084d64bf8bc6effb7c,118.90263579641315,31.928264711007785,8
8608,东方·龙湖湾,118.90266,31.925814,南京市江宁区大学城龙眠大道588号(地铁南京交院站往北500米),江苏省,南京市,江宁区,1,42acc2084d64bf8bc6effb7c,118.9027899034183,31.92811141064475,9
8608,东方·龙湖湾,118.90266,31.925814,南京市江宁区大学城龙眠大道588号(地铁南京交院站往北500米),江苏省,南京市,江宁区,1,42acc2084d64bf8bc6effb7c,118.90302861103977,31.9279595986467,10
8608,东方·龙湖湾,118.90266,31.925814,南京市江宁区大学城龙眠大道588号(地铁南京交院站往北500米),江苏省,南京市,江宁区,1,42acc2084d64bf8bc6effb7c,118.90325535952,31.927787552118417,11
8608,东方·龙湖湾,118.90266,31.925814,南京市江宁区大学城龙眠大道588号(地铁南京交院站往北500米),江苏省,南京市,江宁区,1,42acc2084d64bf8bc6effb7c,118.90340041969036,31.927537036418144,12
8608,东方·龙湖湾,118.90266,31.925814,南京市江宁区大学城龙眠大道588号(地铁南京交院站往北500米),江苏省,南京市,江宁区,1,42acc2084d64bf8bc6effb7c,118.90416401261113,31.92770936589882,13
8608,东方·龙湖湾,118.90266,31.925814,南京市江宁区大学城龙眠大道588号(地铁南京交院站往北500米),江苏省,南京市,江宁区,1,42acc2084d64bf8bc6effb7c,118.90407767018043,31.927961938535354,14
8608,东方·龙湖湾,118.90266,31.925814,南京市江宁区大学城龙眠大道588号(地铁南京交院站往北500米),江苏省,南京市,江宁区,1,42acc2084d64bf8bc6effb7c,118.90482641680605,31.92816582396291,15
8608,东方·龙湖湾,118.90266,31.925814,南京市江宁区大学城龙眠大道588号(地铁南京交院站往北500米),江苏省,南京市,江宁区,1,42acc2084d64bf8bc6effb7c,118.9050298722244,31.927557117137876,16
8608,东方·龙湖湾,118.90266,31.925814,南京市江宁区大学城龙眠大道588号(地铁南京交院站往北500米),江苏省,南京市,江宁区,1,42acc2084d64bf8bc6effb7c,118.90524825748032,31.92694164124622,17
8608,东方·龙湖湾,118.90266,31.925814,南京市江宁区大学城龙眠大道588号(地铁南京交院站往北500米),江苏省,南京市,江宁区,1,42acc2084d64bf8bc6effb7c,118.9054745918417,31.926307272042965,18
8608,东方·龙湖湾,118.90266,31.925814,南京市江宁区大学城龙眠大道588号(地铁南京交院站往北500米),江苏省,南京市,江宁区,1,42acc2084d64bf8bc6effb7c,118.90573276754019,31.925650402176544,19
8608,东方·龙湖湾,118.90266,31.925814,南京市江宁区大学城龙眠大道588号(地铁南京交院站往北500米),江苏省,南京市,江宁区,1,42acc2084d64bf8bc6effb7c,118.90609525896602,31.92476515848065,20
8608,东方·龙湖湾,118.90266,31.925814,南京市江宁区大学城龙眠大道588号(地铁南京交院站往北500米),江苏省,南京市,江宁区,1,42acc2084d64bf8bc6effb7c,118.90614089558083,31.9246058666381,21
8608,东方·龙湖湾,118.90266,31.925814,南京市江宁区大学城龙眠大道588号(地铁南京交院站往北500米),江苏省,南京市,江宁区,1,42acc2084d64bf8bc6effb7c,118.9057144933112,31.924310758332414,22
8608,东方·龙湖湾,118.90266,31.925814,南京市江宁区大学城龙眠大道588号(地铁南京交院站往北500米),江苏省,南京市,江宁区,1,42acc2084d64bf8bc6effb7c,118.90555805071172,31.924168120427566,23
8608,东方·龙湖湾,118.90266,31.925814,南京市江宁区大学城龙眠大道588号(地铁南京交院站往北500米),江苏省,南京市,江宁区,1,42acc2084d64bf8bc6effb7c,118.90543449956849,31.92406203106112,24
8608,东方·龙湖湾,118.90266,31.925814,南京市江宁区大学城龙眠大道588号(地铁南京交院站往北500米),江苏省,南京市,江宁区,1,42acc2084d64bf8bc6effb7c,118.9050628373417,31.923719699116376,25
8608,东方·龙湖湾,118.90266,31.925814,南京市江宁区大学城龙眠大道588号(地铁南京交院站往北500米),江苏省,南京市,江宁区,1,42acc2084d64bf8bc6effb7c,118.90488944371725,31.923535718465956,26
8608,东方·龙湖湾,118.90266,31.925814,南京市江宁区大学城龙眠大道588号(地铁南京交院站往北500米),江苏省,南京市,江宁区,1,42acc2084d64bf8bc6effb7c,118.90445915717459,31.92327331656396,27
8608,东方·龙湖湾,118.90266,31.925814,南京市江宁区大学城龙眠大道588号(地铁南京交院站往北500米),江苏省,南京市,江宁区,1,42acc2084d64bf8bc6effb7c,118.90240158301414,31.921982951431694,28
8608,东方·龙湖湾,118.90266,31.925814,南京市江宁区大学城龙眠大道588号(地铁南京交院站往北500米),江苏省,南京市,江宁区,1,42acc2084d64bf8bc6effb7c,118.90221585026521,31.92235772143975,29
8608,东方·龙湖湾,118.90266,31.925814,南京市江宁区大学城龙眠大道588号(地铁南京交院站往北500米),江苏省,南京市,江宁区,1,42acc2084d64bf8bc6effb7c,118.90210166755014,31.922623739799054,30
8608,东方·龙湖湾,118.90266,31.925814,南京市江宁区大学城龙眠大道588号(地铁南京交院站往北500米),江苏省,南京市,江宁区,1,42acc2084d64bf8bc6effb7c,118.90191989093867,31.92296655733624,31
8608,东方·龙湖湾,118.90266,31.925814,南京市江宁区大学城龙眠大道588号(地铁南京交院站往北500米),江苏省,南京市,江宁区,1,42acc2084d64bf8bc6effb7c,118.90178171358511,31.923117104637505,32
8608,东方·龙湖湾,118.90266,31.925814,南京市江宁区大学城龙眠大道588号(地铁南京交院站往北500米),江苏省,南京市,江宁区,1,42acc2084d64bf8bc6effb7c,118.90145060625889,31.923395185896634,33
8608,东方·龙湖湾,118.90266,31.925814,南京市江宁区大学城龙眠大道588号(地铁南京交院站往北500米),江苏省,南京市,江宁区,1,42acc2084d64bf8bc6effb7c,118.90126165128808,31.92351478578218,34
8608,东方·龙湖湾,118.90266,31.925814,南京市江宁区大学城龙眠大道588号(地铁南京交院站往北500米),江苏省,南京市,江宁区,1,42acc2084d64bf8bc6effb7c,118.90091753380317,31.92370656483389,35
8608,东方·龙湖湾,118.90266,31.925814,南京市江宁区大学城龙眠大道588号(地铁南京交院站往北500米),江苏省,南京市,江宁区,1,42acc2084d64bf8bc6effb7c,118.90068285148868,31.923866313897317,36
8608,东方·龙湖湾,118.90266,31.925814,南京市江宁区大学城龙眠大道588号(地铁南京交院站往北500米),江苏省,南京市,江宁区,1,42acc2084d64bf8bc6effb7c,118.90040848113847,31.924137350306207,37
8608,东方·龙湖湾,118.90266,31.925814,南京市江宁区大学城龙眠大道588号(地铁南京交院站往北500米),江苏省,南京市,江宁区,1,42acc2084d64bf8bc6effb7c,118.90023271958069,31.924500210211196,38
8608,东方·龙湖湾,118.90266,31.925814,南京市江宁区大学城龙眠大道588号(地铁南京交院站往北500米),江苏省,南京市,江宁区,1,42acc2084d64bf8bc6effb7c,118.90014543213259,31.924776672919712,39
8608,东方·龙湖湾,118.90266,31.925814,南京市江宁区大学城龙眠大道588号(地铁南京交院站往北500米),江苏省,南京市,江宁区,1,42acc2084d64bf8bc6effb7c,118.90011400401602,31.92518619740053,40
8608,东方·龙湖湾,118.90266,31.925814,南京市江宁区大学城龙眠大道588号(地铁南京交院站往北500米),江苏省,南京市,江宁区,1,42acc2084d64bf8bc6effb7c,118.9000835963745,31.92562174717524,41
8608,东方·龙湖湾,118.90266,31.925814,南京市江宁区大学城龙眠大道588号(地铁南京交院站往北500米),江苏省,南京市,江宁区,1,42acc2084d64bf8bc6effb7c,118.90001613632562,31.925822554182787,42
8608,东方·龙湖湾,118.90266,31.925814,南京市江宁区大学城龙眠大道588号(地铁南京交院站往北500米),江苏省,南京市,江宁区,1,42acc2084d64bf8bc6effb7c,118.89982141243684,31.926125035884606,43
8608,东方·龙湖湾,118.90266,31.925814,南京市江宁区大学城龙眠大道588号(地铁南京交院站往北500米),江苏省,南京市,江宁区,1,42acc2084d64bf8bc6effb7c,118.89960180907865,31.926422049036773,44
8608,东方·龙湖湾,118.90266,31.925814,南京市江宁区大学城龙眠大道588号(地铁南京交院站往北500米),江苏省,南京市,江宁区,1,42acc2084d64bf8bc6effb7c,118.89925593810135,31.926816735708268,45
8608,东方·龙湖湾,118.90266,31.925814,南京市江宁区大学城龙眠大道588号(地铁南京交院站往北500米),江苏省,南京市,江宁区,1,42acc2084d64bf8bc6effb7c,118.89916359678647,31.927010069383208,46
8608,东方·龙湖湾,118.90266,31.925814,南京市江宁区大学城龙眠大道588号(地铁南京交院站往北500米),江苏省,南京市,江宁区,1,42acc2084d64bf8bc6effb7c,118.89908818942874,31.92722172136591,47
8608,东方·龙湖湾,118.90266,31.925814,南京市江宁区大学城龙眠大道588号(地铁南京交院站往北500米),江苏省,南京市,江宁区,1,42acc2084d64bf8bc6effb7c,118.89903568975981,31.927455804227012,48
8608,东方·龙湖湾,118.90266,31.925814,南京市江宁区大学城龙眠大道588号(地铁南京交院站往北500米),江苏省,南京市,江宁区,1,42acc2084d64bf8bc6effb7c,118.89897743105426,31.927899832364712,49
8608,东方·龙湖湾,118.90266,31.925814,南京市江宁区大学城龙眠大道588号(地铁南京交院站往北500米),江苏省,南京市,江宁区,1,42acc2084d64bf8bc6effb7c,118.899018409955,31.928082640729833,50
8610,东方龙湖湾南湖苑,118.902039,31.923932,南京市江宁区龙眠大道588号东方龙湖湾,江苏省,南京市,江宁区,1,a0b47b8818f15dc697ec8400,118.90030051829075,31.924436041278195,1
8610,东方龙湖湾南湖苑,118.902039,31.923932,南京市江宁区龙眠大道588号东方龙湖湾,江苏省,南京市,江宁区,1,a0b47b8818f15dc697ec8400,118.90030611114085,31.924456149191407,2
8610,东方龙湖湾南湖苑,118.902039,31.923932,南京市江宁区龙眠大道588号东方龙湖湾,江苏省,南京市,江宁区,1,a0b47b8818f15dc697ec8400,118.90040607278138,31.924512400527366,3
8610,东方龙湖湾南湖苑,118.902039,31.923932,南京市江宁区龙眠大道588号东方龙湖湾,江苏省,南京市,江宁区,1,a0b47b8818f15dc697ec8400,118.90042358704392,31.92451392261203,4
8610,东方龙湖湾南湖苑,118.902039,31.923932,南京市江宁区龙眠大道588号东方龙湖湾,江苏省,南京市,江宁区,1,a0b47b8818f15dc697ec8400,118.900436316033,31.924505754335872,5
8610,东方龙湖湾南湖苑,118.902039,31.923932,南京市江宁区龙眠大道588号东方龙湖湾,江苏省,南京市,江宁区,1,a0b47b8818f15dc697ec8400,118.9004649459279,31.92447787288879,6
8610,东方龙湖湾南湖苑,118.902039,31.923932,南京市江宁区龙眠大道588号东方龙湖湾,江苏省,南京市,江宁区,1,a0b47b8818f15dc697ec8400,118.90047767671359,31.924471705018487,7
8610,东方龙湖湾南湖苑,118.902039,31.923932,南京市江宁区龙眠大道588号东方龙湖湾,江苏省,南京市,江宁区,1,a0b47b8818f15dc697ec8400,118.90049400341623,31.924479206571345,8
8610,东方龙湖湾南湖苑,118.902039,31.923932,南京市江宁区龙眠大道588号东方龙湖湾,江苏省,南京市,江宁区,1,a0b47b8818f15dc697ec8400,118.9011157727614,31.92490708245037,9
8610,东方龙湖湾南湖苑,118.902039,31.923932,南京市江宁区龙眠大道588号东方龙湖湾,江苏省,南京市,江宁区,1,a0b47b8818f15dc697ec8400,118.90112693600399,31.924924890210537,10
8610,东方龙湖湾南湖苑,118.902039,31.923932,南京市江宁区龙眠大道588号东方龙湖湾,江苏省,南京市,江宁区,1,a0b47b8818f15dc697ec8400,118.9011197971701,31.924950366660024,11
8610,东方龙湖湾南湖苑,118.902039,31.923932,南京市江宁区龙眠大道588号东方龙湖湾,江苏省,南京市,江宁区,1,a0b47b8818f15dc697ec8400,118.90099658558636,31.925130566542556,12
8610,东方龙湖湾南湖苑,118.902039,31.923932,南京市江宁区龙眠大道588号东方龙湖湾,江苏省,南京市,江宁区,1,a0b47b8818f15dc697ec8400,118.90098864636225,31.925152827394307,13
8610,东方龙湖湾南湖苑,118.902039,31.923932,南京市江宁区龙眠大道588号东方龙湖湾,江苏省,南京市,江宁区,1,a0b47b8818f15dc697ec8400,118.90099663319654,31.925177779336586,14
8610,东方龙湖湾南湖苑,118.902039,31.923932,南京市江宁区龙眠大道588号东方龙湖湾,江苏省,南京市,江宁区,1,a0b47b8818f15dc697ec8400,118.9015193571728,31.92565620220728,15
8610,东方龙湖湾南湖苑,118.902039,31.923932,南京市江宁区龙眠大道588号东方龙湖湾,江苏省,南京市,江宁区,1,a0b47b8818f15dc697ec8400,118.9019059097117,31.926084092170168,16
8610,东方龙湖湾南湖苑,118.902039,31.923932,南京市江宁区龙眠大道588号东方龙湖湾,江苏省,南京市,江宁区,1,a0b47b8818f15dc697ec8400,118.9019306077234,31.92610134116783,17
8610,东方龙湖湾南湖苑,118.902039,31.923932,南京市江宁区龙眠大道588号东方龙湖湾,江苏省,南京市,江宁区,1,a0b47b8818f15dc697ec8400,118.90196405523076,31.926111545760186,18
8610,东方龙湖湾南湖苑,118.902039,31.923932,南京市江宁区龙眠大道588号东方龙湖湾,江苏省,南京市,江宁区,1,a0b47b8818f15dc697ec8400,118.90249675039817,31.92617790580774,19
8610,东方龙湖湾南湖苑,118.902039,31.923932,南京市江宁区龙眠大道588号东方龙湖湾,江苏省,南京市,江宁区,1,a0b47b8818f15dc697ec8400,118.90252102530798,31.926169536563364,20
8610,东方龙湖湾南湖苑,118.902039,31.923932,南京市江宁区龙眠大道588号东方龙湖湾,江苏省,南京市,江宁区,1,a0b47b8818f15dc697ec8400,118.9025357350607,31.926149793798146,21
8610,东方龙湖湾南湖苑,118.902039,31.923932,南京市江宁区龙眠大道588号东方龙湖湾,江苏省,南京市,江宁区,1,a0b47b8818f15dc697ec8400,118.90263477773469,31.924886437243284,22
8610,东方龙湖湾南湖苑,118.902039,31.923932,南京市江宁区龙眠大道588号东方龙湖湾,江苏省,南京市,江宁区,1,a0b47b8818f15dc697ec8400,118.90269354038963,31.92473224319758,23
8610,东方龙湖湾南湖苑,118.902039,31.923932,南京市江宁区龙眠大道588号东方龙湖湾,江苏省,南京市,江宁区,1,a0b47b8818f15dc697ec8400,118.90302594037749,31.924324430230993,24
8610,东方龙湖湾南湖苑,118.902039,31.923932,南京市江宁区龙眠大道588号东方龙湖湾,江苏省,南京市,江宁区,1,a0b47b8818f15dc697ec8400,118.90369541333847,31.923371139020393,25
8610,东方龙湖湾南湖苑,118.902039,31.923932,南京市江宁区龙眠大道588号东方龙湖湾,江苏省,南京市,江宁区,1,a0b47b8818f15dc697ec8400,118.90371212271926,31.92335942726412,26
8610,东方龙湖湾南湖苑,118.902039,31.923932,南京市江宁区龙眠大道588号东方龙湖湾,江苏省,南京市,江宁区,1,a0b47b8818f15dc697ec8400,118.90373203096597,31.923360574396924,27
8610,东方龙湖湾南湖苑,118.902039,31.923932,南京市江宁区龙眠大道588号东方龙湖湾,江苏省,南京市,江宁区,1,a0b47b8818f15dc697ec8400,118.9039503039337,31.92345559114488,28
8610,东方龙湖湾南湖苑,118.902039,31.923932,南京市江宁区龙眠大道588号东方龙湖湾,江苏省,南京市,江宁区,1,a0b47b8818f15dc697ec8400,118.90397737976008,31.923457660915965,29
8610,东方龙湖湾南湖苑,118.902039,31.923932,南京市江宁区龙眠大道588号东方龙湖湾,江苏省,南京市,江宁区,1,a0b47b8818f15dc697ec8400,118.90400205082261,31.923444484915233,30
8610,东方龙湖湾南湖苑,118.902039,31.923932,南京市江宁区龙眠大道588号东方龙湖湾,江苏省,南京市,江宁区,1,a0b47b8818f15dc697ec8400,118.90418894867379,31.923213256361905,31
8610,东方龙湖湾南湖苑,118.902039,31.923932,南京市江宁区龙眠大道588号东方龙湖湾,江苏省,南京市,江宁区,1,a0b47b8818f15dc697ec8400,118.90419131211559,31.92318769070205,32
8610,东方龙湖湾南湖苑,118.902039,31.923932,南京市江宁区龙眠大道588号东方龙湖湾,江苏省,南京市,江宁区,1,a0b47b8818f15dc697ec8400,118.90417775399052,31.92316665159153,33
8610,东方龙湖湾南湖苑,118.902039,31.923932,南京市江宁区龙眠大道588号东方龙湖湾,江苏省,南京市,江宁区,1,a0b47b8818f15dc697ec8400,118.90248546229114,31.922066269417098,34
8610,东方龙湖湾南湖苑,118.902039,31.923932,南京市江宁区龙眠大道588号东方龙湖湾,江苏省,南京市,江宁区,1,a0b47b8818f15dc697ec8400,118.90243608782708,31.92205418527482,35
8610,东方龙湖湾南湖苑,118.902039,31.923932,南京市江宁区龙眠大道588号东方龙湖湾,江苏省,南京市,江宁区,1,a0b47b8818f15dc697ec8400,118.90239630546928,31.922080681415018,36
8610,东方龙湖湾南湖苑,118.902039,31.923932,南京市江宁区龙眠大道588号东方龙湖湾,江苏省,南京市,江宁区,1,a0b47b8818f15dc697ec8400,118.90195611331174,31.92296420873793,37
8610,东方龙湖湾南湖苑,118.902039,31.923932,南京市江宁区龙眠大道588号东方龙湖湾,江苏省,南京市,江宁区,1,a0b47b8818f15dc697ec8400,118.90168732233704,31.923266637872374,38
8610,东方龙湖湾南湖苑,118.902039,31.923932,南京市江宁区龙眠大道588号东方龙湖湾,江苏省,南京市,江宁区,1,a0b47b8818f15dc697ec8400,118.90049879138459,31.924094797564543,39
8610,东方龙湖湾南湖苑,118.902039,31.923932,南京市江宁区龙眠大道588号东方龙湖湾,江苏省,南京市,江宁区,1,a0b47b8818f15dc697ec8400,118.9003024837832,31.924412071447662,40
8610,东方龙湖湾南湖苑,118.902039,31.923932,南京市江宁区龙眠大道588号东方龙湖湾,江苏省,南京市,江宁区,1,a0b47b8818f15dc697ec8400,118.90030051829075,31.924436041278195,41
8619,中粮·祥云,118.903569,31.921618,南京市江宁区鹏山路28号,江苏省,南京市,江宁区,1,81fe8efe29454560fd0eb022,118.9042709711533,31.922963350759773,1
8619,中粮·祥云,118.903569,31.921618,南京市江宁区鹏山路28号,江苏省,南京市,江宁区,1,81fe8efe29454560fd0eb022,118.90252376693638,31.92181406038693,2
8619,中粮·祥云,118.903569,31.921618,南京市江宁区鹏山路28号,江苏省,南京市,江宁区,1,81fe8efe29454560fd0eb022,118.90253670253573,31.92170526014688,3
8619,中粮·祥云,118.903569,31.921618,南京市江宁区鹏山路28号,江苏省,南京市,江宁区,1,81fe8efe29454560fd0eb022,118.90258664832209,31.921584200572088,4
8619,中粮·祥云,118.903569,31.921618,南京市江宁区鹏山路28号,江苏省,南京市,江宁区,1,81fe8efe29454560fd0eb022,118.90312563162807,31.92115895838537,5
8619,中粮·祥云,118.903569,31.921618,南京市江宁区鹏山路28号,江苏省,南京市,江宁区,1,81fe8efe29454560fd0eb022,118.90371851326466,31.920821828033663,6
8619,中粮·祥云,118.903569,31.921618,南京市江宁区鹏山路28号,江苏省,南京市,江宁区,1,81fe8efe29454560fd0eb022,118.90413173379925,31.92106701386775,7
8619,中粮·祥云,118.903569,31.921618,南京市江宁区鹏山路28号,江苏省,南京市,江宁区,1,81fe8efe29454560fd0eb022,118.90456292044404,31.921407974321188,8
8619,中粮·祥云,118.903569,31.921618,南京市江宁区鹏山路28号,江苏省,南京市,江宁区,1,81fe8efe29454560fd0eb022,118.90517825971837,31.921982623882467,9
8619,中粮·祥云,118.903569,31.921618,南京市江宁区鹏山路28号,江苏省,南京市,江宁区,1,81fe8efe29454560fd0eb022,118.90479198834909,31.922296764109912,10
8619,中粮·祥云,118.903569,31.921618,南京市江宁区鹏山路28号,江苏省,南京市,江宁区,1,81fe8efe29454560fd0eb022,118.9042709711533,31.922963350759773,11
8620,协众雅居,118.90754,31.921659,江苏省南京市江宁区秣陵街道龙眠大道618号,江苏省,南京市,江宁区,1,b7f66871f4f161933c9a5eca,118.90656829766452,31.922218382393638,1
8620,协众雅居,118.90754,31.921659,江苏省南京市江宁区秣陵街道龙眠大道618号,江苏省,南京市,江宁区,1,b7f66871f4f161933c9a5eca,118.90703541652971,31.920754938158705,2
8620,协众雅居,118.90754,31.921659,江苏省南京市江宁区秣陵街道龙眠大道618号,江苏省,南京市,江宁区,1,b7f66871f4f161933c9a5eca,118.90722109627862,31.92049228190884,3
8620,协众雅居,118.90754,31.921659,江苏省南京市江宁区秣陵街道龙眠大道618号,江苏省,南京市,江宁区,1,b7f66871f4f161933c9a5eca,118.90872872241601,31.921498156232182,4
8620,协众雅居,118.90754,31.921659,江苏省南京市江宁区秣陵街道龙眠大道618号,江苏省,南京市,江宁区,1,b7f66871f4f161933c9a5eca,118.9075025353949,31.92283516729206,5
8620,协众雅居,118.90754,31.921659,江苏省南京市江宁区秣陵街道龙眠大道618号,江苏省,南京市,江宁区,1,b7f66871f4f161933c9a5eca,118.90656829766452,31.922218382393638,6
8621,东方龙湖湾西湖苑,118.900606,31.926952,南京市江宁区龙眠大道588号东方龙湖湾,江苏省,南京市,江宁区,1,493492158cd60fb175e5b68f,118.90077817877109,31.925641106435496,1
8621,东方龙湖湾西湖苑,118.900606,31.926952,南京市江宁区龙眠大道588号东方龙湖湾,江苏省,南京市,江宁区,1,493492158cd60fb175e5b68f,118.90074315563587,31.92564526679459,2
8621,东方龙湖湾西湖苑,118.900606,31.926952,南京市江宁区龙眠大道588号东方龙湖湾,江苏省,南京市,江宁区,1,493492158cd60fb175e5b68f,118.90020559973733,31.92543294665043,3
8621,东方龙湖湾西湖苑,118.900606,31.926952,南京市江宁区龙眠大道588号东方龙湖湾,江苏省,南京市,江宁区,1,493492158cd60fb175e5b68f,118.90016898480475,31.925437073614116,4
8621,东方龙湖湾西湖苑,118.900606,31.926952,南京市江宁区龙眠大道588号东方龙湖湾,江苏省,南京市,江宁区,1,493492158cd60fb175e5b68f,118.90014751350645,31.92545828351526,5
8621,东方龙湖湾西湖苑,118.900606,31.926952,南京市江宁区龙眠大道588号东方龙湖湾,江苏省,南京市,江宁区,1,493492158cd60fb175e5b68f,118.90010081868773,31.92572789142102,6
8621,东方龙湖湾西湖苑,118.900606,31.926952,南京市江宁区龙眠大道588号东方龙湖湾,江苏省,南京市,江宁区,1,493492158cd60fb175e5b68f,118.8999148910065,31.926070148548032,7
8621,东方龙湖湾西湖苑,118.900606,31.926952,南京市江宁区龙眠大道588号东方龙湖湾,江苏省,南京市,江宁区,1,493492158cd60fb175e5b68f,118.89971933438851,31.926335401932096,8
8621,东方龙湖湾西湖苑,118.900606,31.926952,南京市江宁区龙眠大道588号东方龙湖湾,江苏省,南京市,江宁区,1,493492158cd60fb175e5b68f,118.8992614240531,31.92692866586934,9
8621,东方龙湖湾西湖苑,118.900606,31.926952,南京市江宁区龙眠大道588号东方龙湖湾,江苏省,南京市,江宁区,1,493492158cd60fb175e5b68f,118.89908680154672,31.92742474676055,10
8621,东方龙湖湾西湖苑,118.900606,31.926952,南京市江宁区龙眠大道588号东方龙湖湾,江苏省,南京市,江宁区,1,493492158cd60fb175e5b68f,118.89904915895262,31.92798658838253,11
8621,东方龙湖湾西湖苑,118.900606,31.926952,南京市江宁区龙眠大道588号东方龙湖湾,江苏省,南京市,江宁区,1,493492158cd60fb175e5b68f,118.899077084576,31.928051924105652,12
8621,东方龙湖湾西湖苑,118.900606,31.926952,南京市江宁区龙眠大道588号东方龙湖湾,江苏省,南京市,江宁区,1,493492158cd60fb175e5b68f,118.89914318908188,31.928086761597505,13
8621,东方龙湖湾西湖苑,118.900606,31.926952,南京市江宁区龙眠大道588号东方龙湖湾,江苏省,南京市,江宁区,1,493492158cd60fb175e5b68f,118.90113599990659,31.928385930177384,14
8621,东方龙湖湾西湖苑,118.900606,31.926952,南京市江宁区龙眠大道588号东方龙湖湾,江苏省,南京市,江宁区,1,493492158cd60fb175e5b68f,118.9011980862919,31.92837745808968,15
8621,东方龙湖湾西湖苑,118.900606,31.926952,南京市江宁区龙眠大道588号东方龙湖湾,江苏省,南京市,江宁区,1,493492158cd60fb175e5b68f,118.9012338693936,31.928336498686033,16
8621,东方龙湖湾西湖苑,118.900606,31.926952,南京市江宁区龙眠大道588号东方龙湖湾,江苏省,南京市,江宁区,1,493492158cd60fb175e5b68f,118.90144654591799,31.927660190010656,17
8621,东方龙湖湾西湖苑,118.900606,31.926952,南京市江宁区龙眠大道588号东方龙湖湾,江苏省,南京市,江宁区,1,493492158cd60fb175e5b68f,118.90158960646029,31.927422721286565,18
8621,东方龙湖湾西湖苑,118.900606,31.926952,南京市江宁区龙眠大道588号东方龙湖湾,江苏省,南京市,江宁区,1,493492158cd60fb175e5b68f,118.90172635820299,31.927242747664263,19
8621,东方龙湖湾西湖苑,118.900606,31.926952,南京市江宁区龙眠大道588号东方龙湖湾,江苏省,南京市,江宁区,1,493492158cd60fb175e5b68f,118.9021655370719,31.926956179118086,20
8621,东方龙湖湾西湖苑,118.900606,31.926952,南京市江宁区龙眠大道588号东方龙湖湾,江苏省,南京市,江宁区,1,493492158cd60fb175e5b68f,118.90246234709375,31.92679984977443,21
8621,东方龙湖湾西湖苑,118.900606,31.926952,南京市江宁区龙眠大道588号东方龙湖湾,江苏省,南京市,江宁区,1,493492158cd60fb175e5b68f,118.90249972289111,31.926755705360158,22
8621,东方龙湖湾西湖苑,118.900606,31.926952,南京市江宁区龙眠大道588号东方龙湖湾,江苏省,南京市,江宁区,1,493492158cd60fb175e5b68f,118.90251239528695,31.926690314769527,23
8621,东方龙湖湾西湖苑,118.900606,31.926952,南京市江宁区龙眠大道588号东方龙湖湾,江苏省,南京市,江宁区,1,493492158cd60fb175e5b68f,118.90252877858283,31.926356922301974,24
8621,东方龙湖湾西湖苑,118.900606,31.926952,南京市江宁区龙眠大道588号东方龙湖湾,江苏省,南京市,江宁区,1,493492158cd60fb175e5b68f,118.90250964018394,31.926326973477995,25
8621,东方龙湖湾西湖苑,118.900606,31.926952,南京市江宁区龙眠大道588号东方龙湖湾,江苏省,南京市,江宁区,1,493492158cd60fb175e5b68f,118.90248175947582,31.926312872676903,26
8621,东方龙湖湾西湖苑,118.900606,31.926952,南京市江宁区龙眠大道588号东方龙湖湾,江苏省,南京市,江宁区,1,493492158cd60fb175e5b68f,118.902044600896,31.926245027830802,27
8621,东方龙湖湾西湖苑,118.900606,31.926952,南京市江宁区龙眠大道588号东方龙湖湾,江苏省,南京市,江宁区,1,493492158cd60fb175e5b68f,118.90200239131671,31.926231465705,28
8621,东方龙湖湾西湖苑,118.900606,31.926952,南京市江宁区龙眠大道588号东方龙湖湾,江苏省,南京市,江宁区,1,493492158cd60fb175e5b68f,118.90196813353778,31.926207643450038,29
8621,东方龙湖湾西湖苑,118.900606,31.926952,南京市江宁区龙眠大道588号东方龙湖湾,江苏省,南京市,江宁区,1,493492158cd60fb175e5b68f,118.90143817999876,31.925681937569486,30
8621,东方龙湖湾西湖苑,118.900606,31.926952,南京市江宁区龙眠大道588号东方龙湖湾,江苏省,南京市,江宁区,1,493492158cd60fb175e5b68f,118.90099833548547,31.925287438134916,31
8621,东方龙湖湾西湖苑,118.900606,31.926952,南京市江宁区龙眠大道588号东方龙湖湾,江苏省,南京市,江宁区,1,493492158cd60fb175e5b68f,118.90096250028208,31.925276381623192,32
8621,东方龙湖湾西湖苑,118.900606,31.926952,南京市江宁区龙眠大道588号东方龙湖湾,江苏省,南京市,江宁区,1,493492158cd60fb175e5b68f,118.90093465011635,31.925288676417562,33
8621,东方龙湖湾西湖苑,118.900606,31.926952,南京市江宁区龙眠大道588号东方龙湖湾,江苏省,南京市,江宁区,1,493492158cd60fb175e5b68f,118.90080203866374,31.925619137229408,34
8621,东方龙湖湾西湖苑,118.900606,31.926952,南京市江宁区龙眠大道588号东方龙湖湾,江苏省,南京市,江宁区,1,493492158cd60fb175e5b68f,118.90077817877109,31.925641106435496,35
8624,协众财富广场,118.908843,31.92095,江苏省南京市江宁区秣陵街道龙眠大道618号,江苏省,南京市,江宁区,1,72c666c65c5f2950ad080faa,118.90946624291767,31.92083449986671,1
8624,协众财富广场,118.908843,31.92095,江苏省南京市江宁区秣陵街道龙眠大道618号,江苏省,南京市,江宁区,1,72c666c65c5f2950ad080faa,118.90887822111391,31.920467747493124,2
8624,协众财富广场,118.908843,31.92095,江苏省南京市江宁区秣陵街道龙眠大道618号,江苏省,南京市,江宁区,1,72c666c65c5f2950ad080faa,118.90877960064348,31.920450269940766,3
8624,协众财富广场,118.908843,31.92095,江苏省南京市江宁区秣陵街道龙眠大道618号,江苏省,南京市,江宁区,1,72c666c65c5f2950ad080faa,118.90822944690848,31.921070098224714,4
8624,协众财富广场,118.908843,31.92095,江苏省南京市江宁区秣陵街道龙眠大道618号,江苏省,南京市,江宁区,1,72c666c65c5f2950ad080faa,118.90885927944392,31.921474713541116,5
8624,协众财富广场,118.908843,31.92095,江苏省南京市江宁区秣陵街道龙眠大道618号,江苏省,南京市,江宁区,1,72c666c65c5f2950ad080faa,118.90946624291767,31.92083449986671,6
8626,学府风景花园,118.912831,31.930293,江苏省南京市江宁区樵歌路168号,江苏省,南京市,江宁区,1,06d5081b33314f872a02e1c7,118.91278816501561,31.92879723150062,1
8626,学府风景花园,118.912831,31.930293,江苏省南京市江宁区樵歌路168号,江苏省,南京市,江宁区,1,06d5081b33314f872a02e1c7,118.9128779955666,31.928857296830635,2
8626,学府风景花园,118.912831,31.930293,江苏省南京市江宁区樵歌路168号,江苏省,南京市,江宁区,1,06d5081b33314f872a02e1c7,118.91313230585646,31.929025464221166,3
8626,学府风景花园,118.912831,31.930293,江苏省南京市江宁区樵歌路168号,江苏省,南京市,江宁区,1,06d5081b33314f872a02e1c7,118.91358810607223,31.929329926852386,4
8626,学府风景花园,118.912831,31.930293,江苏省南京市江宁区樵歌路168号,江苏省,南京市,江宁区,1,06d5081b33314f872a02e1c7,118.91401417237562,31.929659900678327,5
8626,学府风景花园,118.912831,31.930293,江苏省南京市江宁区樵歌路168号,江苏省,南京市,江宁区,1,06d5081b33314f872a02e1c7,118.91413688090827,31.929786312437866,6
8626,学府风景花园,118.912831,31.930293,江苏省南京市江宁区樵歌路168号,江苏省,南京市,江宁区,1,06d5081b33314f872a02e1c7,118.91418988093336,31.929946970039,7
8626,学府风景花园,118.912831,31.930293,江苏省南京市江宁区樵歌路168号,江苏省,南京市,江宁区,1,06d5081b33314f872a02e1c7,118.9142189860319,31.9301073209052,8
8626,学府风景花园,118.912831,31.930293,江苏省南京市江宁区樵歌路168号,江苏省,南京市,江宁区,1,06d5081b33314f872a02e1c7,118.91420919450184,31.930326280208135,9
8626,学府风景花园,118.912831,31.930293,江苏省南京市江宁区樵歌路168号,江苏省,南京市,江宁区,1,06d5081b33314f872a02e1c7,118.91410085885732,31.930499041637816,10
8626,学府风景花园,118.912831,31.930293,江苏省南京市江宁区樵歌路168号,江苏省,南京市,江宁区,1,06d5081b33314f872a02e1c7,118.91359098064987,31.93117644714982,11
8626,学府风景花园,118.912831,31.930293,江苏省南京市江宁区樵歌路168号,江苏省,南京市,江宁区,1,06d5081b33314f872a02e1c7,118.91302837190898,31.93177187339267,12
8626,学府风景花园,118.912831,31.930293,江苏省南京市江宁区樵歌路168号,江苏省,南京市,江宁区,1,06d5081b33314f872a02e1c7,118.9129195871117,31.93172100336656,13
8626,学府风景花园,118.912831,31.930293,江苏省南京市江宁区樵歌路168号,江苏省,南京市,江宁区,1,06d5081b33314f872a02e1c7,118.91259251407553,31.931521506785057,14
8626,学府风景花园,118.912831,31.930293,江苏省南京市江宁区樵歌路168号,江苏省,南京市,江宁区,1,06d5081b33314f872a02e1c7,118.91207517993233,31.93120387422906,15
8626,学府风景花园,118.912831,31.930293,江苏省南京市江宁区樵歌路168号,江苏省,南京市,江宁区,1,06d5081b33314f872a02e1c7,118.9112622134458,31.930728878951868,16
8626,学府风景花园,118.912831,31.930293,江苏省南京市江宁区樵歌路168号,江苏省,南京市,江宁区,1,06d5081b33314f872a02e1c7,118.91120382358764,31.930694403391744,17
8626,学府风景花园,118.912831,31.930293,江苏省南京市江宁区樵歌路168号,江苏省,南京市,江宁区,1,06d5081b33314f872a02e1c7,118.91115890831215,31.93065226657831,18
8626,学府风景花园,118.912831,31.930293,江苏省南京市江宁区樵歌路168号,江苏省,南京市,江宁区,1,06d5081b33314f872a02e1c7,118.9111732812003,31.930604307199662,19
8626,学府风景花园,118.912831,31.930293,江苏省南京市江宁区樵歌路168号,江苏省,南京市,江宁区,1,06d5081b33314f872a02e1c7,118.9112810778615,31.930485557830714,20
8626,学府风景花园,118.912831,31.930293,江苏省南京市江宁区樵歌路168号,江苏省,南京市,江宁区,1,06d5081b33314f872a02e1c7,118.91202128160172,31.92962565455326,21
8626,学府风景花园,118.912831,31.930293,江苏省南京市江宁区樵歌路168号,江苏省,南京市,江宁区,1,06d5081b33314f872a02e1c7,118.91272645142706,31.928825042366256,22
8626,学府风景花园,118.912831,31.930293,江苏省南京市江宁区樵歌路168号,江苏省,南京市,江宁区,1,06d5081b33314f872a02e1c7,118.91278816501561,31.92879723150062,23
8634,江宁区新林芳庭,118.648151,31.910948,南京市雨花台区新亭大街69号,江苏省,南京市,雨花台区,1,74f23efdbba37ab407026ff6,118.64777905651701,31.912510787263187,1
8634,江宁区新林芳庭,118.648151,31.910948,南京市雨花台区新亭大街69号,江苏省,南京市,雨花台区,1,74f23efdbba37ab407026ff6,118.65106739366682,31.91111025263483,2
8634,江宁区新林芳庭,118.648151,31.910948,南京市雨花台区新亭大街69号,江苏省,南京市,雨花台区,1,74f23efdbba37ab407026ff6,118.65085413593877,31.910711321996793,3
8634,江宁区新林芳庭,118.648151,31.910948,南京市雨花台区新亭大街69号,江苏省,南京市,雨花台区,1,74f23efdbba37ab407026ff6,118.65078945794204,31.91065316043057,4
8634,江宁区新林芳庭,118.648151,31.910948,南京市雨花台区新亭大街69号,江苏省,南京市,雨花台区,1,74f23efdbba37ab407026ff6,118.65009578642724,31.91069185818297,5
8634,江宁区新林芳庭,118.648151,31.910948,南京市雨花台区新亭大街69号,江苏省,南京市,雨花台区,1,74f23efdbba37ab407026ff6,118.65005401522103,31.910142961595852,6
8634,江宁区新林芳庭,118.648151,31.910948,南京市雨花台区新亭大街69号,江苏省,南京市,雨花台区,1,74f23efdbba37ab407026ff6,118.64979871679509,31.90997644519684,7
8634,江宁区新林芳庭,118.648151,31.910948,南京市雨花台区新亭大街69号,江苏省,南京市,雨花台区,1,74f23efdbba37ab407026ff6,118.64622292188207,31.909930160787077,8
8634,江宁区新林芳庭,118.648151,31.910948,南京市雨花台区新亭大街69号,江苏省,南京市,雨花台区,1,74f23efdbba37ab407026ff6,118.64579874202025,31.90985843523143,9
8634,江宁区新林芳庭,118.648151,31.910948,南京市雨花台区新亭大街69号,江苏省,南京市,雨花台区,1,74f23efdbba37ab407026ff6,118.64529667907074,31.90963751096976,10
8634,江宁区新林芳庭,118.648151,31.910948,南京市雨花台区新亭大街69号,江苏省,南京市,雨花台区,1,74f23efdbba37ab407026ff6,118.64524583497887,31.909710002999507,11
8634,江宁区新林芳庭,118.648151,31.910948,南京市雨花台区新亭大街69号,江苏省,南京市,雨花台区,1,74f23efdbba37ab407026ff6,118.64595360989017,31.910706034583214,12
8634,江宁区新林芳庭,118.648151,31.910948,南京市雨花台区新亭大街69号,江苏省,南京市,雨花台区,1,74f23efdbba37ab407026ff6,118.64681337809378,31.911706193210133,13
8634,江宁区新林芳庭,118.648151,31.910948,南京市雨花台区新亭大街69号,江苏省,南京市,雨花台区,1,74f23efdbba37ab407026ff6,118.64777905651701,31.912510787263187,14
8637,金域华府,118.654284,31.914962,南京市雨花台区新林大道7号,江苏省,南京市,雨花台区,1,ee0fab4ae4604db8c909f03b,118.65429401722812,31.912848025000322,1
8637,金域华府,118.654284,31.914962,南京市雨花台区新林大道7号,江苏省,南京市,雨花台区,1,ee0fab4ae4604db8c909f03b,118.65590027731051,31.91474008869783,2
8637,金域华府,118.654284,31.914962,南京市雨花台区新林大道7号,江苏省,南京市,雨花台区,1,ee0fab4ae4604db8c909f03b,118.65760876455994,31.91583261268666,3
8637,金域华府,118.654284,31.914962,南京市雨花台区新林大道7号,江苏省,南京市,雨花台区,1,ee0fab4ae4604db8c909f03b,118.6575234255365,31.915974368591268,4
8637,金域华府,118.654284,31.914962,南京市雨花台区新林大道7号,江苏省,南京市,雨花台区,1,ee0fab4ae4604db8c909f03b,118.65729498644531,31.916104017582256,5
8637,金域华府,118.654284,31.914962,南京市雨花台区新林大道7号,江苏省,南京市,雨花台区,1,ee0fab4ae4604db8c909f03b,118.6553719838401,31.916886198596867,6
8637,金域华府,118.654284,31.914962,南京市雨花台区新林大道7号,江苏省,南京市,雨花台区,1,ee0fab4ae4604db8c909f03b,118.65074597995536,31.914525995983972,7
8637,金域华府,118.654284,31.914962,南京市雨花台区新林大道7号,江苏省,南京市,雨花台区,1,ee0fab4ae4604db8c909f03b,118.65429401722812,31.912848025000322,8
8638,古雄新居,118.651332,31.912642,南京市雨花台区新亭大街68号,江苏省,南京市,雨花台区,1,db1f39d4d095836ff4c59c89,118.6488247861449,31.912835566549415,1
8638,古雄新居,118.651332,31.912642,南京市雨花台区新亭大街68号,江苏省,南京市,雨花台区,1,db1f39d4d095836ff4c59c89,118.64866761326704,31.91257891491001,2
8638,古雄新居,118.651332,31.912642,南京市雨花台区新亭大街68号,江苏省,南京市,雨花台区,1,db1f39d4d095836ff4c59c89,118.65039717229159,31.91181238968812,3
8638,古雄新居,118.651332,31.912642,南京市雨花台区新亭大街68号,江苏省,南京市,雨花台区,1,db1f39d4d095836ff4c59c89,118.6507798219455,31.912452933275986,4
8638,古雄新居,118.651332,31.912642,南京市雨花台区新亭大街68号,江苏省,南京市,雨花台区,1,db1f39d4d095836ff4c59c89,118.65145629541298,31.912133834351174,5
8638,古雄新居,118.651332,31.912642,南京市雨花台区新亭大街68号,江苏省,南京市,雨花台区,1,db1f39d4d095836ff4c59c89,118.65113337333159,31.91147948984318,6
8638,古雄新居,118.651332,31.912642,南京市雨花台区新亭大街68号,江苏省,南京市,雨花台区,1,db1f39d4d095836ff4c59c89,118.65228768904885,31.911016035875363,7
8638,古雄新居,118.651332,31.912642,南京市雨花台区新亭大街68号,江苏省,南京市,雨花台区,1,db1f39d4d095836ff4c59c89,118.65248525924201,31.910939435736456,8
8638,古雄新居,118.651332,31.912642,南京市雨花台区新亭大街68号,江苏省,南京市,雨花台区,1,db1f39d4d095836ff4c59c89,118.6526873984667,31.910992950921024,9
8638,古雄新居,118.651332,31.912642,南京市雨花台区新亭大街68号,江苏省,南京市,雨花台区,1,db1f39d4d095836ff4c59c89,118.65292541612398,31.91112714870038,10
8638,古雄新居,118.651332,31.912642,南京市雨花台区新亭大街68号,江苏省,南京市,雨花台区,1,db1f39d4d095836ff4c59c89,118.65310054821033,31.91140302374258,11
8638,古雄新居,118.651332,31.912642,南京市雨花台区新亭大街68号,江苏省,南京市,雨花台区,1,db1f39d4d095836ff4c59c89,118.65396536150968,31.912755577571225,12
8638,古雄新居,118.651332,31.912642,南京市雨花台区新亭大街68号,江苏省,南京市,雨花台区,1,db1f39d4d095836ff4c59c89,118.65385806217556,31.91283660255636,13
8638,古雄新居,118.651332,31.912642,南京市雨花台区新亭大街68号,江苏省,南京市,雨花台区,1,db1f39d4d095836ff4c59c89,118.65186709267864,31.91378280462457,14
8638,古雄新居,118.651332,31.912642,南京市雨花台区新亭大街68号,江苏省,南京市,雨花台区,1,db1f39d4d095836ff4c59c89,118.65065919802419,31.914306751455797,15
8638,古雄新居,118.651332,31.912642,南京市雨花台区新亭大街68号,江苏省,南京市,雨花台区,1,db1f39d4d095836ff4c59c89,118.6505061916005,31.914375638640784,16
8638,古雄新居,118.651332,31.912642,南京市雨花台区新亭大街68号,江苏省,南京市,雨花台区,1,db1f39d4d095836ff4c59c89,118.65040315766977,31.914341699084993,17
8638,古雄新居,118.651332,31.912642,南京市雨花台区新亭大街68号,江苏省,南京市,雨花台区,1,db1f39d4d095836ff4c59c89,118.6502591927027,31.914276630635204,18
8638,古雄新居,118.651332,31.912642,南京市雨花台区新亭大街68号,江苏省,南京市,雨花台区,1,db1f39d4d095836ff4c59c89,118.64840485190489,31.91299270271648,19
8638,古雄新居,118.651332,31.912642,南京市雨花台区新亭大街68号,江苏省,南京市,雨花台区,1,db1f39d4d095836ff4c59c89,118.6488247861449,31.912835566549415,20
8639,朗诗·绿色街区-西园,118.655802,31.910714,南京市雨花台区新亭大街66号,江苏省,南京市,雨花台区,1,3a650ab5a8a683a5c4f50d7a,118.65769009818375,31.910474057752392,1
8639,朗诗·绿色街区-西园,118.655802,31.910714,南京市雨花台区新亭大街66号,江苏省,南京市,雨花台区,1,3a650ab5a8a683a5c4f50d7a,118.65769338883133,31.91048442105851,2
8639,朗诗·绿色街区-西园,118.655802,31.910714,南京市雨花台区新亭大街66号,江苏省,南京市,雨花台区,1,3a650ab5a8a683a5c4f50d7a,118.65769429183499,31.910495239817738,3
8639,朗诗·绿色街区-西园,118.655802,31.910714,南京市雨花台区新亭大街66号,江苏省,南京市,雨花台区,1,3a650ab5a8a683a5c4f50d7a,118.65769260777626,31.910505910199035,4
8639,朗诗·绿色街区-西园,118.655802,31.910714,南京市雨花台区新亭大街66号,江苏省,南京市,雨花台区,1,3a650ab5a8a683a5c4f50d7a,118.65768853530822,31.910515935828204,5
8639,朗诗·绿色街区-西园,118.655802,31.910714,南京市雨花台区新亭大街66号,江苏省,南京市,雨花台区,1,3a650ab5a8a683a5c4f50d7a,118.65768227294383,31.910524620291163,6
8639,朗诗·绿色街区-西园,118.655802,31.910714,南京市雨花台区新亭大街66号,江苏省,南京市,雨花台区,1,3a650ab5a8a683a5c4f50d7a,118.65767411890165,31.91053156909129,7
8639,朗诗·绿色街区-西园,118.655802,31.910714,南京市雨花台区新亭大街66号,江苏省,南京市,雨花台区,1,3a650ab5a8a683a5c4f50d7a,118.65766457040186,31.910536391450826,8
8639,朗诗·绿色街区-西园,118.655802,31.910714,南京市雨花台区新亭大街66号,江苏省,南京市,雨花台区,1,3a650ab5a8a683a5c4f50d7a,118.65449637316364,31.911943195510514,9
8639,朗诗·绿色街区-西园,118.655802,31.910714,南京市雨花台区新亭大街66号,江苏省,南京市,雨花台区,1,3a650ab5a8a683a5c4f50d7a,118.6544856299229,31.91194689612949,10
8639,朗诗·绿色街区-西园,118.655802,31.910714,南京市雨花台区新亭大街66号,江苏省,南京市,雨花台区,1,3a650ab5a8a683a5c4f50d7a,118.6544742879409,31.911948285176226,11
8639,朗诗·绿色街区-西园,118.655802,31.910714,南京市雨花台区新亭大街66号,江苏省,南京市,雨花台区,1,3a650ab5a8a683a5c4f50d7a,118.65446284487615,31.911947571959036,12
8639,朗诗·绿色街区-西园,118.655802,31.910714,南京市雨花台区新亭大街66号,江苏省,南京市,雨花台区,1,3a650ab5a8a683a5c4f50d7a,118.65445169858371,31.911944563849307,13
8639,朗诗·绿色街区-西园,118.655802,31.910714,南京市雨花台区新亭大街66号,江苏省,南京市,雨花台区,1,3a650ab5a8a683a5c4f50d7a,118.65444134680027,31.91193957017241,14
8639,朗诗·绿色街区-西园,118.655802,31.910714,南京市雨花台区新亭大街66号,江苏省,南京市,雨花台区,1,3a650ab5a8a683a5c4f50d7a,118.65443208803094,31.911932596484327,15
8639,朗诗·绿色街区-西园,118.655802,31.910714,南京市雨花台区新亭大街66号,江苏省,南京市,雨花台区,1,3a650ab5a8a683a5c4f50d7a,118.65442432051167,31.91192395025279,16
8639,朗诗·绿色街区-西园,118.655802,31.910714,南京市雨花台区新亭大街66号,江苏省,南京市,雨花台区,1,3a650ab5a8a683a5c4f50d7a,118.65373399530077,31.91085813206476,17
8639,朗诗·绿色街区-西园,118.655802,31.910714,南京市雨花台区新亭大街66号,江苏省,南京市,雨花台区,1,3a650ab5a8a683a5c4f50d7a,118.65372702210902,31.910846900852057,18
8639,朗诗·绿色街区-西园,118.655802,31.910714,南京市雨花台区新亭大街66号,江苏省,南京市,雨花台区,1,3a650ab5a8a683a5c4f50d7a,118.65372044672469,31.910835376966244,19
8639,朗诗·绿色街区-西园,118.655802,31.910714,南京市雨花台区新亭大街66号,江苏省,南京市,雨花台区,1,3a650ab5a8a683a5c4f50d7a,118.65371426921693,31.91082366042579,20
8639,朗诗·绿色街区-西园,118.655802,31.910714,南京市雨花台区新亭大街66号,江苏省,南京市,雨花台区,1,3a650ab5a8a683a5c4f50d7a,118.653708589021,31.91081165305343,21
8639,朗诗·绿色街区-西园,118.655802,31.910714,南京市雨花台区新亭大街66号,江苏省,南京市,雨花台区,1,3a650ab5a8a683a5c4f50d7a,118.6537033067744,31.91079955304256,22
8639,朗诗·绿色街区-西园,118.655802,31.910714,南京市雨花台区新亭大街66号,江苏省,南京市,雨花台区,1,3a650ab5a8a683a5c4f50d7a,118.65369852191147,31.910787262217443,23
8639,朗诗·绿色街区-西园,118.655802,31.910714,南京市雨花台区新亭大街66号,江苏省,南京市,雨花台区,1,3a650ab5a8a683a5c4f50d7a,118.65369413492871,31.910774778733554,24
8639,朗诗·绿色街区-西园,118.655802,31.910714,南京市雨花台区新亭大街66号,江苏省,南京市,雨花台区,1,3a650ab5a8a683a5c4f50d7a,118.65366930429029,31.910697905188073,25
8639,朗诗·绿色街区-西园,118.655802,31.910714,南京市雨花台区新亭大街66号,江苏省,南京市,雨花台区,1,3a650ab5a8a683a5c4f50d7a,118.6536661116083,31.91068574390854,26
8639,朗诗·绿色街区-西园,118.655802,31.910714,南京市雨花台区新亭大街66号,江苏省,南京市,雨花台区,1,3a650ab5a8a683a5c4f50d7a,118.65366391376286,31.910673301006604,27
8639,朗诗·绿色街区-西园,118.655802,31.910714,南京市雨花台区新亭大街66号,江苏省,南京市,雨花台区,1,3a650ab5a8a683a5c4f50d7a,118.65366300940994,31.910660782049224,28
8639,朗诗·绿色街区-西园,118.655802,31.910714,南京市雨花台区新亭大街66号,江苏省,南京市,雨花台区,1,3a650ab5a8a683a5c4f50d7a,118.65366319960997,31.910648283367,29
8639,朗诗·绿色街区-西园,118.655802,31.910714,南京市雨花台区新亭大街66号,江苏省,南京市,雨花台区,1,3a650ab5a8a683a5c4f50d7a,118.65366458386912,31.910635806805143,30
8639,朗诗·绿色街区-西园,118.655802,31.910714,南京市雨花台区新亭大街66号,江苏省,南京市,雨花台区,1,3a650ab5a8a683a5c4f50d7a,118.65366716239669,31.91062365241932,31
8639,朗诗·绿色街区-西园,118.655802,31.910714,南京市雨花台区新亭大街66号,江苏省,南京市,雨花台区,1,3a650ab5a8a683a5c4f50d7a,118.65367093512263,31.910611720193142,32
8639,朗诗·绿色街区-西园,118.655802,31.910714,南京市雨花台区新亭大街66号,江苏省,南京市,雨花台区,1,3a650ab5a8a683a5c4f50d7a,118.65369208882682,31.91055410189354,33
8639,朗诗·绿色街区-西园,118.655802,31.910714,南京市雨花台区新亭大街66号,江苏省,南京市,雨花台区,1,3a650ab5a8a683a5c4f50d7a,118.65371930038536,31.91047939294251,34
8639,朗诗·绿色街区-西园,118.655802,31.910714,南京市雨花台区新亭大街66号,江苏省,南京市,雨花台区,1,3a650ab5a8a683a5c4f50d7a,118.65372426708059,31.910467282853663,35
8639,朗诗·绿色街区-西园,118.655802,31.910714,南京市雨花台区新亭大街66号,江苏省,南京市,雨花台区,1,3a650ab5a8a683a5c4f50d7a,118.65372983094416,31.910455383871824,36
8639,朗诗·绿色街区-西园,118.655802,31.910714,南京市雨花台区新亭大街66号,江苏省,南京市,雨花台区,1,3a650ab5a8a683a5c4f50d7a,118.65373619112414,31.910443899724022,37
8639,朗诗·绿色街区-西园,118.655802,31.910714,南京市雨花台区新亭大街66号,江苏省,南京市,雨花台区,1,3a650ab5a8a683a5c4f50d7a,118.65374324811432,31.91043282856822,38
8639,朗诗·绿色街区-西园,118.655802,31.910714,南京市雨花台区新亭大街66号,江苏省,南京市,雨花台区,1,3a650ab5a8a683a5c4f50d7a,118.65375080297504,31.910422266736223,39
8639,朗诗·绿色街区-西园,118.655802,31.910714,南京市雨花台区新亭大街66号,江苏省,南京市,雨花台区,1,3a650ab5a8a683a5c4f50d7a,118.65375915414857,31.91041211974407,40
8639,朗诗·绿色街区-西园,118.655802,31.910714,南京市雨花台区新亭大街66号,江苏省,南京市,雨花台区,1,3a650ab5a8a683a5c4f50d7a,118.65376790368646,31.910402480235394,41
8639,朗诗·绿色街区-西园,118.655802,31.910714,南京市雨花台区新亭大街66号,江苏省,南京市,雨花台区,1,3a650ab5a8a683a5c4f50d7a,118.6538144374965,31.910354334534944,42
8639,朗诗·绿色街区-西园,118.655802,31.910714,南京市雨花台区新亭大街66号,江苏省,南京市,雨花台区,1,3a650ab5a8a683a5c4f50d7a,118.65382438101445,31.910344617225903,43
8639,朗诗·绿色街区-西园,118.655802,31.910714,南京市雨花台区新亭大街66号,江苏省,南京市,雨花台区,1,3a650ab5a8a683a5c4f50d7a,118.65383482253681,31.91033560928962,44
8639,朗诗·绿色街区-西园,118.655802,31.910714,南京市雨花台区新亭大街66号,江苏省,南京市,雨花台区,1,3a650ab5a8a683a5c4f50d7a,118.65384586142515,31.91032711253715,45
8639,朗诗·绿色街区-西园,118.655802,31.910714,南京市雨花台区新亭大街66号,江苏省,南京市,雨花台区,1,3a650ab5a8a683a5c4f50d7a,118.65385729874166,31.910319223296508,46
8639,朗诗·绿色街区-西园,118.655802,31.910714,南京市雨花台区新亭大街66号,江苏省,南京市,雨花台区,1,3a650ab5a8a683a5c4f50d7a,118.65386913455544,31.910312041588526,47
8639,朗诗·绿色街区-西园,118.655802,31.910714,南京市雨花台区新亭大街66号,江苏省,南京市,雨花台区,1,3a650ab5a8a683a5c4f50d7a,118.65388136886294,31.910305567414913,48
8639,朗诗·绿色街区-西园,118.655802,31.910714,南京市雨花台区新亭大街66号,江苏省,南京市,雨花台区,1,3a650ab5a8a683a5c4f50d7a,118.65389400166505,31.91029980077812,49
8639,朗诗·绿色街区-西园,118.655802,31.910714,南京市雨花台区新亭大街66号,江苏省,南京市,雨花台区,1,3a650ab5a8a683a5c4f50d7a,118.65665838059739,31.909098420501,50
8639,朗诗·绿色街区-西园,118.655802,31.910714,南京市雨花台区新亭大街66号,江苏省,南京市,雨花台区,1,3a650ab5a8a683a5c4f50d7a,118.65667111344469,31.909093958241908,51
8639,朗诗·绿色街区-西园,118.655802,31.910714,南京市雨花台区新亭大街66号,江苏省,南京市,雨花台区,1,3a650ab5a8a683a5c4f50d7a,118.65668424531391,31.90909110371134,52
8639,朗诗·绿色街区-西园,118.655802,31.910714,南京市雨花台区新亭大街66号,江苏省,南京市,雨花台区,1,3a650ab5a8a683a5c4f50d7a,118.65669767683269,31.9090900550806,53
8639,朗诗·绿色街区-西园,118.655802,31.910714,南京市雨花台区新亭大街66号,江苏省,南京市,雨花台区,1,3a650ab5a8a683a5c4f50d7a,118.65671120881078,31.909090508569424,54
8639,朗诗·绿色街区-西园,118.655802,31.910714,南京市雨花台区新亭大街66号,江苏省,南京市,雨花台区,1,3a650ab5a8a683a5c4f50d7a,118.65672464244327,31.909092760502734,55
8639,朗诗·绿色街区-西园,118.655802,31.910714,南京市雨花台区新亭大街66号,江苏省,南京市,雨花台区,1,3a650ab5a8a683a5c4f50d7a,118.65673767916935,31.909096705272024,56
8639,朗诗·绿色街区-西园,118.655802,31.910714,南京市雨花台区新亭大街66号,江苏省,南京市,雨花台区,1,3a650ab5a8a683a5c4f50d7a,118.65675011986434,31.909102139116474,57
8639,朗诗·绿色街区-西园,118.655802,31.910714,南京市雨花台区新亭大街66号,江苏省,南京市,雨花台区,1,3a650ab5a8a683a5c4f50d7a,118.65678993250943,31.909123288054587,58
8639,朗诗·绿色街区-西园,118.655802,31.910714,南京市雨花台区新亭大街66号,江苏省,南京市,雨花台区,1,3a650ab5a8a683a5c4f50d7a,118.65680197611385,31.909130114679204,59
8639,朗诗·绿色街区-西园,118.655802,31.910714,南京市雨花台区新亭大街66号,江苏省,南京市,雨花台区,1,3a650ab5a8a683a5c4f50d7a,118.65681352267598,31.909137632105086,60
8639,朗诗·绿色街区-西园,118.655802,31.910714,南京市雨花台区新亭大街66号,江苏省,南京市,雨花台区,1,3a650ab5a8a683a5c4f50d7a,118.65682457232423,31.909146040366757,61
8639,朗诗·绿色街区-西园,118.655802,31.910714,南京市雨花台区新亭大街66号,江苏省,南京市,雨花台区,1,3a650ab5a8a683a5c4f50d7a,118.65683502536734,31.909155037551358,62
8639,朗诗·绿色街区-西园,118.655802,31.910714,南京市雨花台区新亭大街66号,江苏省,南京市,雨花台区,1,3a650ab5a8a683a5c4f50d7a,118.65684498143374,31.909164825554747,63
8639,朗诗·绿色街区-西园,118.655802,31.910714,南京市雨花台区新亭大街66号,江苏省,南京市,雨花台区,1,3a650ab5a8a683a5c4f50d7a,118.65685414183501,31.909175098737535,64
8639,朗诗·绿色街区-西园,118.655802,31.910714,南京市雨花台区新亭大街66号,江苏省,南京市,雨花台区,1,3a650ab5a8a683a5c4f50d7a,118.65686270569765,31.909186060860762,65
8639,朗诗·绿色街区-西园,118.655802,31.910714,南京市雨花台区新亭大街66号,江苏省,南京市,雨花台区,1,3a650ab5a8a683a5c4f50d7a,118.65716147383957,31.909607122860802,66
8639,朗诗·绿色街区-西园,118.655802,31.910714,南京市雨花台区新亭大街66号,江苏省,南京市,雨花台区,1,3a650ab5a8a683a5c4f50d7a,118.65716635531345,31.9096163157461,67
8639,朗诗·绿色街区-西园,118.655802,31.910714,南京市雨花台区新亭大街66号,江苏省,南京市,雨花台区,1,3a650ab5a8a683a5c4f50d7a,118.65716855097334,31.90962645851949,68
8639,朗诗·绿色街区-西园,118.655802,31.910714,南京市雨花台区新亭大街66号,江苏省,南京市,雨花台区,1,3a650ab5a8a683a5c4f50d7a,118.65716815979093,31.909636752902063,69
8639,朗诗·绿色街区-西园,118.655802,31.910714,南京市雨花台区新亭大街66号,江苏省,南京市,雨花台区,1,3a650ab5a8a683a5c4f50d7a,118.65716508187106,31.90964659692546,70
8639,朗诗·绿色街区-西园,118.655802,31.910714,南京市雨花台区新亭大街66号,江苏省,南京市,雨花台区,1,3a650ab5a8a683a5c4f50d7a,118.65715951574644,31.90965529418879,71
8639,朗诗·绿色街区-西园,118.655802,31.910714,南京市雨花台区新亭大街66号,江苏省,南京市,雨花台区,1,3a650ab5a8a683a5c4f50d7a,118.65715205794763,31.909662155740616,72
8639,朗诗·绿色街区-西园,118.655802,31.910714,南京市雨花台区新亭大街66号,江苏省,南京市,雨花台区,1,3a650ab5a8a683a5c4f50d7a,118.65714290720673,31.909666785233842,73
8639,朗诗·绿色街区-西园,118.655802,31.910714,南京市雨花台区新亭大街66号,江苏省,南京市,雨花台区,1,3a650ab5a8a683a5c4f50d7a,118.65676821179481,31.909835898262447,74
8639,朗诗·绿色街区-西园,118.655802,31.910714,南京市雨花台区新亭大街66号,江苏省,南京市,雨花台区,1,3a650ab5a8a683a5c4f50d7a,118.65675876268264,31.909840622108145,75
8639,朗诗·绿色街区-西园,118.655802,31.910714,南京市雨花台区新亭大街66号,江苏省,南京市,雨花台区,1,3a650ab5a8a683a5c4f50d7a,118.65675080752979,31.909847574302272,76
8639,朗诗·绿色街区-西园,118.655802,31.910714,南京市雨花台区新亭大街66号,江苏省,南京市,雨花台区,1,3a650ab5a8a683a5c4f50d7a,118.65674484349894,31.909856264075767,77
8639,朗诗·绿色街区-西园,118.655802,31.910714,南京市雨花台区新亭大街66号,江苏省,南京市,雨花台区,1,3a650ab5a8a683a5c4f50d7a,118.6567411687512,31.909866196927812,78
8639,朗诗·绿色街区-西园,118.655802,31.910714,南京市雨花台区新亭大街66号,江苏省,南京市,雨花台区,1,3a650ab5a8a683a5c4f50d7a,118.656739981883,31.909876776479795,79
8639,朗诗·绿色街区-西园,118.655802,31.910714,南京市雨花台区新亭大街66号,江苏省,南京市,雨花台区,1,3a650ab5a8a683a5c4f50d7a,118.65674148142169,31.90988730633225,80
8639,朗诗·绿色街区-西园,118.655802,31.910714,南京市雨花台区新亭大街66号,江苏省,南京市,雨花台区,1,3a650ab5a8a683a5c4f50d7a,118.65674546803419,31.909897282666062,81
8639,朗诗·绿色街区-西园,118.655802,31.910714,南京市雨花台区新亭大街66号,江苏省,南京市,雨花台区,1,3a650ab5a8a683a5c4f50d7a,118.65698145645523,31.91030647111529,82
8639,朗诗·绿色街区-西园,118.655802,31.910714,南京市雨花台区新亭大街66号,江苏省,南京市,雨花台区,1,3a650ab5a8a683a5c4f50d7a,118.65698912455905,31.910316316372867,83
8639,朗诗·绿色街区-西园,118.655802,31.910714,南京市雨花台区新亭大街66号,江苏省,南京市,雨花台区,1,3a650ab5a8a683a5c4f50d7a,118.65699838368678,31.910324791179647,84
8639,朗诗·绿色街区-西园,118.655802,31.910714,南京市雨花台区新亭大街66号,江苏省,南京市,雨花台区,1,3a650ab5a8a683a5c4f50d7a,118.65700873613497,31.9103315861636,85
8639,朗诗·绿色街区-西园,118.655802,31.910714,南京市雨花台区新亭大街66号,江苏省,南京市,雨花台区,1,3a650ab5a8a683a5c4f50d7a,118.65702018183354,31.91033660130442,86
8639,朗诗·绿色街区-西园,118.655802,31.910714,南京市雨花台区新亭大街66号,江苏省,南京市,雨花台区,1,3a650ab5a8a683a5c4f50d7a,118.65703212371923,31.9103397254046,87
8639,朗诗·绿色街区-西园,118.655802,31.910714,南京市雨花台区新亭大街66号,江苏省,南京市,雨花台区,1,3a650ab5a8a683a5c4f50d7a,118.65704446215382,31.910340756563226,88
8639,朗诗·绿色街区-西园,118.655802,31.910714,南京市雨花台区新亭大街66号,江苏省,南京市,雨花台区,1,3a650ab5a8a683a5c4f50d7a,118.65705679914214,31.9103396873274,89
8639,朗诗·绿色街区-西园,118.655802,31.910714,南京市雨花台区新亭大街66号,江苏省,南京市,雨花台区,1,3a650ab5a8a683a5c4f50d7a,118.65753324755593,31.91027039016124,90
8639,朗诗·绿色街区-西园,118.655802,31.910714,南京市雨花台区新亭大街66号,江苏省,南京市,雨花台区,1,3a650ab5a8a683a5c4f50d7a,118.65754528611728,31.910269315093082,91
8639,朗诗·绿色街区-西园,118.655802,31.910714,南京市雨花台区新亭大街66号,江苏省,南京市,雨花台区,1,3a650ab5a8a683a5c4f50d7a,118.65755732619047,31.910270440422575,92
8639,朗诗·绿色街区-西园,118.655802,31.910714,南京市雨花台区新亭大街66号,江苏省,南京市,雨花台区,1,3a650ab5a8a683a5c4f50d7a,118.65756906914102,31.910273560531845,93
8639,朗诗·绿色街区-西园,118.655802,31.910714,南京市雨花台区新亭大街66号,江苏省,南京市,雨花台区,1,3a650ab5a8a683a5c4f50d7a,118.65758011703758,31.910278767996857,94
8639,朗诗·绿色街区-西园,118.655802,31.910714,南京市雨花台区新亭大街66号,江苏省,南京市,雨花台区,1,3a650ab5a8a683a5c4f50d7a,118.65759007174573,31.910285855338948,95
8639,朗诗·绿色街区-西园,118.655802,31.910714,南京市雨花台区新亭大街66号,江苏省,南京市,雨花台区,1,3a650ab5a8a683a5c4f50d7a,118.65759873406084,31.91029451878443,96
8639,朗诗·绿色街区-西园,118.655802,31.910714,南京市雨花台区新亭大街66号,江苏省,南京市,雨花台区,1,3a650ab5a8a683a5c4f50d7a,118.65760580534756,31.91030455271667,97
8639,朗诗·绿色街区-西园,118.655802,31.910714,南京市雨花台区新亭大街66号,江苏省,南京市,雨花台区,1,3a650ab5a8a683a5c4f50d7a,118.65769009818375,31.910474057752392,98
8646,金地自在城-三期,118.669417,31.912298,南京市雨花台区新湖大道9号,江苏省,南京市,雨花台区,1,a78ff36002fafcbc8e7727e0,118.66816053057178,31.913011394434626,1
8646,金地自在城-三期,118.669417,31.912298,南京市雨花台区新湖大道9号,江苏省,南京市,雨花台区,1,a78ff36002fafcbc8e7727e0,118.66806620849324,31.912884959391494,2
8646,金地自在城-三期,118.669417,31.912298,南京市雨花台区新湖大道9号,江苏省,南京市,雨花台区,1,a78ff36002fafcbc8e7727e0,118.66851086972068,31.912612931885672,3
8646,金地自在城-三期,118.669417,31.912298,南京市雨花台区新湖大道9号,江苏省,南京市,雨花台区,1,a78ff36002fafcbc8e7727e0,118.66864112401963,31.912064966407513,4
8646,金地自在城-三期,118.669417,31.912298,南京市雨花台区新湖大道9号,江苏省,南京市,雨花台区,1,a78ff36002fafcbc8e7727e0,118.66879383595632,31.911973012711126,5
8646,金地自在城-三期,118.669417,31.912298,南京市雨花台区新湖大道9号,江苏省,南京市,雨花台区,1,a78ff36002fafcbc8e7727e0,118.67045120962223,31.91126803128917,6
8646,金地自在城-三期,118.669417,31.912298,南京市雨花台区新湖大道9号,江苏省,南京市,雨花台区,1,a78ff36002fafcbc8e7727e0,118.67109736077556,31.91230956278817,7
8646,金地自在城-三期,118.669417,31.912298,南京市雨花台区新湖大道9号,江苏省,南京市,雨花台区,1,a78ff36002fafcbc8e7727e0,118.67110697264451,31.91235446668898,8
8646,金地自在城-三期,118.669417,31.912298,南京市雨花台区新湖大道9号,江苏省,南京市,雨花台区,1,a78ff36002fafcbc8e7727e0,118.67110068450596,31.912410404964486,9
8646,金地自在城-三期,118.669417,31.912298,南京市雨花台区新湖大道9号,江苏省,南京市,雨花台区,1,a78ff36002fafcbc8e7727e0,118.67095426070782,31.912739290678818,10
8646,金地自在城-三期,118.669417,31.912298,南京市雨花台区新湖大道9号,江苏省,南京市,雨花台区,1,a78ff36002fafcbc8e7727e0,118.66894502077365,31.91354809008283,11
8646,金地自在城-三期,118.669417,31.912298,南京市雨花台区新湖大道9号,江苏省,南京市,雨花台区,1,a78ff36002fafcbc8e7727e0,118.66889399702069,31.913556978790538,12
8646,金地自在城-三期,118.669417,31.912298,南京市雨花台区新湖大道9号,江苏省,南京市,雨花台区,1,a78ff36002fafcbc8e7727e0,118.66884620716756,31.913546634173727,13
8646,金地自在城-三期,118.669417,31.912298,南京市雨花台区新湖大道9号,江苏省,南京市,雨花台区,1,a78ff36002fafcbc8e7727e0,118.66851625955374,31.91345368582331,14
8646,金地自在城-三期,118.669417,31.912298,南京市雨花台区新湖大道9号,江苏省,南京市,雨花台区,1,a78ff36002fafcbc8e7727e0,118.6684763747891,31.913432306923028,15
8646,金地自在城-三期,118.669417,31.912298,南京市雨花台区新湖大道9号,江苏省,南京市,雨花台区,1,a78ff36002fafcbc8e7727e0,118.66844610189342,31.913399817115153,16
8646,金地自在城-三期,118.669417,31.912298,南京市雨花台区新湖大道9号,江苏省,南京市,雨花台区,1,a78ff36002fafcbc8e7727e0,118.66816053057178,31.913011394434626,17
8648,宋都南郡国际,118.671268,31.916162,江苏省南京市雨花台区新湖大道10号,江苏省,南京市,雨花台区,1,f8b9e8c0f19986b06fc02cab,118.67052708499713,31.91643504510039,1
8648,宋都南郡国际,118.671268,31.916162,江苏省南京市雨花台区新湖大道10号,江苏省,南京市,雨花台区,1,f8b9e8c0f19986b06fc02cab,118.67158722114304,31.91754158602417,2
8648,宋都南郡国际,118.671268,31.916162,江苏省南京市雨花台区新湖大道10号,江苏省,南京市,雨花台区,1,f8b9e8c0f19986b06fc02cab,118.67159320655266,31.91754866610597,3
8648,宋都南郡国际,118.671268,31.916162,江苏省南京市雨花台区新湖大道10号,江苏省,南京市,雨花台区,1,f8b9e8c0f19986b06fc02cab,118.67160317684551,31.917554798202204,4
8648,宋都南郡国际,118.671268,31.916162,江苏省南京市雨花台区新湖大道10号,江苏省,南京市,雨花台区,1,f8b9e8c0f19986b06fc02cab,118.67162111870147,31.917561034582498,5
8648,宋都南郡国际,118.671268,31.916162,江苏省南京市雨花台区新湖大道10号,江苏省,南京市,雨花台区,1,f8b9e8c0f19986b06fc02cab,118.67266770750197,31.91775738586682,6
8648,宋都南郡国际,118.671268,31.916162,江苏省南京市雨花台区新湖大道10号,江苏省,南京市,雨花台区,1,f8b9e8c0f19986b06fc02cab,118.67279825105528,31.91773198341564,7
8648,宋都南郡国际,118.671268,31.916162,江苏省南京市雨花台区新湖大道10号,江苏省,南京市,雨花台区,1,f8b9e8c0f19986b06fc02cab,118.67299883908245,31.91800048568841,8
8648,宋都南郡国际,118.671268,31.916162,江苏省南京市雨花台区新湖大道10号,江苏省,南京市,雨花台区,1,f8b9e8c0f19986b06fc02cab,118.67300183942285,31.91801152454061,9
8648,宋都南郡国际,118.671268,31.916162,江苏省南京市雨花台区新湖大道10号,江苏省,南京市,雨花台区,1,f8b9e8c0f19986b06fc02cab,118.67300184930421,31.918022527225407,10
8648,宋都南郡国际,118.671268,31.916162,江苏省南京市雨花台区新湖大道10号,江苏省,南京市,雨花台区,1,f8b9e8c0f19986b06fc02cab,118.67299687269168,31.91803046897235,11
8648,宋都南郡国际,118.671268,31.916162,江苏省南京市雨花台区新湖大道10号,江苏省,南京市,雨花台区,1,f8b9e8c0f19986b06fc02cab,118.67297396590119,31.91805019656391,12
8648,宋都南郡国际,118.671268,31.916162,江苏省南京市雨花台区新湖大道10号,江苏省,南京市,雨花台区,1,f8b9e8c0f19986b06fc02cab,118.67294607171848,31.918065862366362,13
8648,宋都南郡国际,118.671268,31.916162,江苏省南京市雨花台区新湖大道10号,江苏省,南京市,雨花台区,1,f8b9e8c0f19986b06fc02cab,118.6724997423377,31.918272425465677,14
8648,宋都南郡国际,118.671268,31.916162,江苏省南京市雨花台区新湖大道10号,江苏省,南京市,雨花台区,1,f8b9e8c0f19986b06fc02cab,118.67245093829767,31.918306824814817,15
8648,宋都南郡国际,118.671268,31.916162,江苏省南京市雨花台区新湖大道10号,江苏省,南京市,雨花台区,1,f8b9e8c0f19986b06fc02cab,118.67244198039512,31.918319715985653,16
8648,宋都南郡国际,118.671268,31.916162,江苏省南京市雨花台区新湖大道10号,江苏省,南京市,雨花台区,1,f8b9e8c0f19986b06fc02cab,118.67243401961169,31.918332619490926,17
8648,宋都南郡国际,118.671268,31.916162,江苏省南京市雨花台区新湖大道10号,江苏省,南京市,雨花台区,1,f8b9e8c0f19986b06fc02cab,118.67243004550812,31.91834657310928,18
8648,宋都南郡国际,118.671268,31.916162,江苏省南京市雨花台区新湖大道10号,江苏省,南京市,雨花台区,1,f8b9e8c0f19986b06fc02cab,118.67243006167762,31.918363577383477,19
8648,宋都南郡国际,118.671268,31.916162,江苏省南京市雨花台区新湖大道10号,江苏省,南京市,雨花台区,1,f8b9e8c0f19986b06fc02cab,118.67243007694881,31.918380581577875,20
8648,宋都南郡国际,118.671268,31.916162,江苏省南京市雨花台区新湖大道10号,江苏省,南京市,雨花台区,1,f8b9e8c0f19986b06fc02cab,118.67243408159476,31.91839963619296,21
8648,宋都南郡国际,118.671268,31.916162,江苏省南京市雨花台区新湖大道10号,江苏省,南京市,雨花台区,1,f8b9e8c0f19986b06fc02cab,118.67244107041164,31.918413726955677,22
8648,宋都南郡国际,118.671268,31.916162,江苏省南京市雨花台区新湖大道10号,江苏省,南京市,雨花台区,1,f8b9e8c0f19986b06fc02cab,118.67244706570261,31.918429805691897,23
8648,宋都南郡国际,118.671268,31.916162,江苏省南京市雨花台区新湖大道10号,江苏省,南京市,雨花台区,1,f8b9e8c0f19986b06fc02cab,118.67246502821959,31.918455036007234,24
8648,宋都南郡国际,118.671268,31.916162,江苏省南京市雨花台区新湖大道10号,江苏省,南京市,雨花台区,1,f8b9e8c0f19986b06fc02cab,118.6733000516996,31.919273396436918,25
8648,宋都南郡国际,118.671268,31.916162,江苏省南京市雨花台区新湖大道10号,江苏省,南京市,雨花台区,1,f8b9e8c0f19986b06fc02cab,118.67406239058592,31.92002839755373,26
8648,宋都南郡国际,118.671268,31.916162,江苏省南京市雨花台区新湖大道10号,江苏省,南京市,雨花台区,1,f8b9e8c0f19986b06fc02cab,118.67445059061711,31.920407806578858,27
8648,宋都南郡国际,118.671268,31.916162,江苏省南京市雨花台区新湖大道10号,江苏省,南京市,雨花台区,1,f8b9e8c0f19986b06fc02cab,118.67446656159079,31.92042698627508,28
8648,宋都南郡国际,118.671268,31.916162,江苏省南京市雨花台区新湖大道10号,江苏省,南京市,雨花台区,1,f8b9e8c0f19986b06fc02cab,118.67448052934316,31.92043614141243,29
8648,宋都南郡国际,118.671268,31.916162,江苏省南京市雨花台区新湖大道10号,江苏省,南京市,雨花台区,1,f8b9e8c0f19986b06fc02cab,118.67450247494678,31.920446383800755,30
8648,宋都南郡国际,118.671268,31.916162,江苏省南京市雨花台区新湖大道10号,江苏省,南京市,雨花台区,1,f8b9e8c0f19986b06fc02cab,118.67454136618551,31.920452809543402,31
8648,宋都南郡国际,118.671268,31.916162,江苏省南京市雨花台区新湖大道10号,江苏省,南京市,雨花台区,1,f8b9e8c0f19986b06fc02cab,118.67460019441675,31.920453448868916,32
8648,宋都南郡国际,118.671268,31.916162,江苏省南京市雨花台区新湖大道10号,江苏省,南京市,雨花台区,1,f8b9e8c0f19986b06fc02cab,118.67463110151614,31.920450782918277,33
8648,宋都南郡国际,118.671268,31.916162,江苏省南京市雨花台区新湖大道10号,江苏省,南京市,雨花台区,1,f8b9e8c0f19986b06fc02cab,118.67465901366494,31.920444082872326,34
8648,宋都南郡国际,118.671268,31.916162,江苏省南京市雨花台区新湖大道10号,江苏省,南京市,雨花台区,1,f8b9e8c0f19986b06fc02cab,118.67468891645875,31.920433402671346,35
8648,宋都南郡国际,118.671268,31.916162,江苏省南京市雨花台区新湖大道10号,江苏省,南京市,雨花台区,1,f8b9e8c0f19986b06fc02cab,118.67606954016314,31.919835345199786,36
8648,宋都南郡国际,118.671268,31.916162,江苏省南京市雨花台区新湖大道10号,江苏省,南京市,雨花台区,1,f8b9e8c0f19986b06fc02cab,118.67576202683114,31.919495259397145,37
8648,宋都南郡国际,118.671268,31.916162,江苏省南京市雨花台区新湖大道10号,江苏省,南京市,雨花台区,1,f8b9e8c0f19986b06fc02cab,118.67544329725652,31.91886691156503,38
8648,宋都南郡国际,118.671268,31.916162,江苏省南京市雨花台区新湖大道10号,江苏省,南京市,雨花台区,1,f8b9e8c0f19986b06fc02cab,118.67516466893821,31.918436946619682,39
8648,宋都南郡国际,118.671268,31.916162,江苏省南京市雨花台区新湖大道10号,江苏省,南京市,雨花台区,1,f8b9e8c0f19986b06fc02cab,118.67491365992107,31.91765412884761,40
8648,宋都南郡国际,118.671268,31.916162,江苏省南京市雨花台区新湖大道10号,江苏省,南京市,雨花台区,1,f8b9e8c0f19986b06fc02cab,118.67490656151094,31.917523022922307,41
8648,宋都南郡国际,118.671268,31.916162,江苏省南京市雨花台区新湖大道10号,江苏省,南京市,雨花台区,1,f8b9e8c0f19986b06fc02cab,118.67437943044784,31.91677915474787,42
8648,宋都南郡国际,118.671268,31.916162,江苏省南京市雨花台区新湖大道10号,江苏省,南京市,雨花台区,1,f8b9e8c0f19986b06fc02cab,118.67393744527253,31.916418126515378,43
8648,宋都南郡国际,118.671268,31.916162,江苏省南京市雨花台区新湖大道10号,江苏省,南京市,雨花台区,1,f8b9e8c0f19986b06fc02cab,118.67381171304352,31.91628166061371,44
8648,宋都南郡国际,118.671268,31.916162,江苏省南京市雨花台区新湖大道10号,江苏省,南京市,雨花台区,1,f8b9e8c0f19986b06fc02cab,118.67344249420772,31.915851279499904,45
8648,宋都南郡国际,118.671268,31.916162,江苏省南京市雨花台区新湖大道10号,江苏省,南京市,雨花台区,1,f8b9e8c0f19986b06fc02cab,118.67327081275357,31.91558519262828,46
8648,宋都南郡国际,118.671268,31.916162,江苏省南京市雨花台区新湖大道10号,江苏省,南京市,雨花台区,1,f8b9e8c0f19986b06fc02cab,118.67295942233497,31.915117355079293,47
8648,宋都南郡国际,118.671268,31.916162,江苏省南京市雨花台区新湖大道10号,江苏省,南京市,雨花台区,1,f8b9e8c0f19986b06fc02cab,118.67276108905466,31.915134941773374,48
8648,宋都南郡国际,118.671268,31.916162,江苏省南京市雨花台区新湖大道10号,江苏省,南京市,雨花台区,1,f8b9e8c0f19986b06fc02cab,118.67267731937093,31.915078899963795,49
8648,宋都南郡国际,118.671268,31.916162,江苏省南京市雨花台区新湖大道10号,江苏省,南京市,雨花台区,1,f8b9e8c0f19986b06fc02cab,118.67264740849235,31.915066528315123,50
8648,宋都南郡国际,118.671268,31.916162,江苏省南京市雨花台区新湖大道10号,江苏省,南京市,雨花台区,1,f8b9e8c0f19986b06fc02cab,118.67260354333601,31.915052983144797,51
8648,宋都南郡国际,118.671268,31.916162,江苏省南京市雨花台区新湖大道10号,江苏省,南京市,雨花台区,1,f8b9e8c0f19986b06fc02cab,118.67255769292447,31.915048413887792,52
8648,宋都南郡国际,118.671268,31.916162,江苏省南京市雨花台区新湖大道10号,江苏省,南京市,雨花台区,1,f8b9e8c0f19986b06fc02cab,118.672515832786,31.9150478935238,53
8648,宋都南郡国际,118.671268,31.916162,江苏省南京市雨花台区新湖大道10号,江苏省,南京市,雨花台区,1,f8b9e8c0f19986b06fc02cab,118.67248294492298,31.91505048453953,54
8648,宋都南郡国际,118.671268,31.916162,江苏省南京市雨花台区新湖大道10号,江苏省,南京市,雨花台区,1,f8b9e8c0f19986b06fc02cab,118.67236837234333,31.915098061625645,55
8648,宋都南郡国际,118.671268,31.916162,江苏省南京市雨花台区新湖大道10号,江苏省,南京市,雨花台区,1,f8b9e8c0f19986b06fc02cab,118.67172184749491,31.9153878591538,56
8648,宋都南郡国际,118.671268,31.916162,江苏省南京市雨花台区新湖大道10号,江苏省,南京市,雨花台区,1,f8b9e8c0f19986b06fc02cab,118.6714708267998,31.91549559326786,57
8648,宋都南郡国际,118.671268,31.916162,江苏省南京市雨花台区新湖大道10号,江苏省,南京市,雨花台区,1,f8b9e8c0f19986b06fc02cab,118.67125869914007,31.91562680785353,58
8648,宋都南郡国际,118.671268,31.916162,江苏省南京市雨花台区新湖大道10号,江苏省,南京市,雨花台区,1,f8b9e8c0f19986b06fc02cab,118.67099675055844,31.915746316181405,59
8648,宋都南郡国际,118.671268,31.916162,江苏省南京市雨花台区新湖大道10号,江苏省,南京市,雨花台区,1,f8b9e8c0f19986b06fc02cab,118.6706880083445,31.915888141029395,60
8648,宋都南郡国际,118.671268,31.916162,江苏省南京市雨花台区新湖大道10号,江苏省,南京市,雨花台区,1,f8b9e8c0f19986b06fc02cab,118.67064817657987,31.915911598874033,61
8648,宋都南郡国际,118.671268,31.916162,江苏省南京市雨花台区新湖大道10号,江苏省,南京市,雨花台区,1,f8b9e8c0f19986b06fc02cab,118.67062029677008,31.915931219419882,62
8648,宋都南郡国际,118.671268,31.916162,江苏省南京市雨花台区新湖大道10号,江苏省,南京市,雨花台区,1,f8b9e8c0f19986b06fc02cab,118.67058246553182,31.915963705106797,63
8648,宋都南郡国际,118.671268,31.916162,江苏省南京市雨花台区新湖大道10号,江苏省,南京市,雨花台区,1,f8b9e8c0f19986b06fc02cab,118.67054463609018,31.9159971900453,64
8648,宋都南郡国际,118.671268,31.916162,江苏省南京市雨花台区新湖大道10号,江苏省,南京市,雨花台区,1,f8b9e8c0f19986b06fc02cab,118.67051477551674,31.91602978420927,65
8648,宋都南郡国际,118.671268,31.916162,江苏省南京市雨花台区新湖大道10号,江苏省,南京市,雨花台区,1,f8b9e8c0f19986b06fc02cab,118.67048392680722,31.916070365794475,66
8648,宋都南郡国际,118.671268,31.916162,江苏省南京市雨花台区新湖大道10号,江苏省,南京市,雨花台区,1,f8b9e8c0f19986b06fc02cab,118.67046502556099,31.916103110882823,67
8648,宋都南郡国际,118.671268,31.916162,江苏省南京市雨花台区新湖大道10号,江苏省,南京市,雨花台区,1,f8b9e8c0f19986b06fc02cab,118.67045409048801,31.916129965058598,68
8648,宋都南郡国际,118.671268,31.916162,江苏省南京市雨花台区新湖大道10号,江苏省,南京市,雨花台区,1,f8b9e8c0f19986b06fc02cab,118.67043821293812,31.916201760539526,69
8648,宋都南郡国际,118.671268,31.916162,江苏省南京市雨花台区新湖大道10号,江苏省,南京市,雨花台区,1,f8b9e8c0f19986b06fc02cab,118.67043824707372,31.916240769789407,70
8648,宋都南郡国际,118.671268,31.916162,江苏省南京市雨花台区新湖大道10号,江苏省,南京市,雨花台区,1,f8b9e8c0f19986b06fc02cab,118.6704382740229,31.916271777049406,71
8648,宋都南郡国际,118.671268,31.916162,江苏省南京市雨花台区新湖大道10号,江苏省,南京市,雨花台区,1,f8b9e8c0f19986b06fc02cab,118.67044827216321,31.916312925164753,72
8648,宋都南郡国际,118.671268,31.916162,江苏省南京市雨花台区新湖大道10号,江苏省,南京市,雨花台区,1,f8b9e8c0f19986b06fc02cab,118.67045826221879,31.916344070860564,73
8648,宋都南郡国际,118.671268,31.916162,江苏省南京市雨花台区新湖大道10号,江苏省,南京市,雨花台区,1,f8b9e8c0f19986b06fc02cab,118.6704822128403,31.916389413286648,74
8648,宋都南郡国际,118.671268,31.916162,江苏省南京市雨花台区新湖大道10号,江苏省,南京市,雨花台区,1,f8b9e8c0f19986b06fc02cab,118.67052708499713,31.91643504510039,75
8649,金地自在城-4期,118.671651,31.910945,城五号街南150米,江苏省,南京市,雨花台区,1,5de993f536f87d3957bfff1e,118.67113715570966,31.911857380806207,1
8649,金地自在城-4期,118.671651,31.910945,城五号街南150米,江苏省,南京市,雨花台区,1,5de993f536f87d3957bfff1e,118.67139452023825,31.91231592289834,2
8649,金地自在城-4期,118.671651,31.910945,城五号街南150米,江苏省,南京市,雨花台区,1,5de993f536f87d3957bfff1e,118.6726568191409,31.91181799389454,3
8649,金地自在城-4期,118.671651,31.910945,城五号街南150米,江苏省,南京市,雨花台区,1,5de993f536f87d3957bfff1e,118.67244625632934,31.911511327124536,4
8649,金地自在城-4期,118.671651,31.910945,城五号街南150米,江苏省,南京市,雨花台区,1,5de993f536f87d3957bfff1e,118.67212708838166,31.911052167952143,5
8649,金地自在城-4期,118.671651,31.910945,城五号街南150米,江苏省,南京市,雨花台区,1,5de993f536f87d3957bfff1e,118.67196063237066,31.911111095552116,6
8649,金地自在城-4期,118.671651,31.910945,城五号街南150米,江苏省,南京市,雨花台区,1,5de993f536f87d3957bfff1e,118.67182696451077,31.91088128535961,7
8649,金地自在城-4期,118.671651,31.910945,城五号街南150米,江苏省,南京市,雨花台区,1,5de993f536f87d3957bfff1e,118.67205504427976,31.910791016309187,8
8649,金地自在城-4期,118.671651,31.910945,城五号街南150米,江苏省,南京市,雨花台区,1,5de993f536f87d3957bfff1e,118.67225698335841,31.910810020327233,9
8649,金地自在城-4期,118.671651,31.910945,城五号街南150米,江苏省,南京市,雨花台区,1,5de993f536f87d3957bfff1e,118.67241400716154,31.91073400423126,10
8649,金地自在城-4期,118.671651,31.910945,城五号街南150米,江苏省,南京市,雨花台区,1,5de993f536f87d3957bfff1e,118.67248596143288,31.91059599500783,11
8649,金地自在城-4期,118.671651,31.910945,城五号街南150米,江苏省,南京市,雨花台区,1,5de993f536f87d3957bfff1e,118.67254003942459,31.910527028632412,12
8649,金地自在城-4期,118.671651,31.910945,城五号街南150米,江苏省,南京市,雨花台区,1,5de993f536f87d3957bfff1e,118.67258612249725,31.910470859312518,13
8649,金地自在城-4期,118.671651,31.910945,城五号街南150米,江苏省,南京市,雨花台区,1,5de993f536f87d3957bfff1e,118.67283198871533,31.910361968895266,14
8649,金地自在城-4期,118.671651,31.910945,城五号街南150米,江苏省,南京市,雨花台区,1,5de993f536f87d3957bfff1e,118.67319104142767,31.910442966213107,15
8649,金地自在城-4期,118.671651,31.910945,城五号街南150米,江苏省,南京市,雨花台区,1,5de993f536f87d3957bfff1e,118.67323981941685,31.91028978390231,16
8649,金地自在城-4期,118.671651,31.910945,城五号街南150米,江苏省,南京市,雨花台区,1,5de993f536f87d3957bfff1e,118.6735099398837,31.910226947662323,17
8649,金地自在城-4期,118.671651,31.910945,城五号街南150米,江苏省,南京市,雨花台区,1,5de993f536f87d3957bfff1e,118.673230387209,31.909626552867227,18
8649,金地自在城-4期,118.671651,31.910945,城五号街南150米,江苏省,南京市,雨花台区,1,5de993f536f87d3957bfff1e,118.67315564819057,31.909609617615253,19
8649,金地自在城-4期,118.671651,31.910945,城五号街南150米,江苏省,南京市,雨花台区,1,5de993f536f87d3957bfff1e,118.67115206758113,31.91044833027135,20
8649,金地自在城-4期,118.671651,31.910945,城五号街南150米,江苏省,南京市,雨花台区,1,5de993f536f87d3957bfff1e,118.67147500841196,31.911005960717702,21
8649,金地自在城-4期,118.671651,31.910945,城五号街南150米,江苏省,南京市,雨花台区,1,5de993f536f87d3957bfff1e,118.67080100978782,31.91129301224582,22
8649,金地自在城-4期,118.671651,31.910945,城五号街南150米,江苏省,南京市,雨花台区,1,5de993f536f87d3957bfff1e,118.67113715570966,31.911857380806207,23
8650,金地自在城-一期,118.67042,31.914051,江苏省南京市雨花台区金地自在城一期(花生唐东),江苏省,南京市,雨花台区,1,78ba04e0dfcfe5c1de1e52b2,118.6696976905366,31.915338502857995,1
8650,金地自在城-一期,118.67042,31.914051,江苏省南京市雨花台区金地自在城一期(花生唐东),江苏省,南京市,雨花台区,1,78ba04e0dfcfe5c1de1e52b2,118.66956483640136,31.915255369798697,2
8650,金地自在城-一期,118.67042,31.914051,江苏省南京市雨花台区金地自在城一期(花生唐东),江苏省,南京市,雨花台区,1,78ba04e0dfcfe5c1de1e52b2,118.6687700712688,31.914033627751188,3
8650,金地自在城-一期,118.67042,31.914051,江苏省南京市雨花台区金地自在城一期(花生唐东),江苏省,南京市,雨花台区,1,78ba04e0dfcfe5c1de1e52b2,118.66869689339845,31.913943514227693,4
8650,金地自在城-一期,118.67042,31.914051,江苏省南京市雨花台区金地自在城一期(花生唐东),江苏省,南京市,雨花台区,1,78ba04e0dfcfe5c1de1e52b2,118.66872388209278,31.913817092484667,5
8650,金地自在城-一期,118.67042,31.914051,江苏省南京市雨花台区金地自在城一期(花生唐东),江苏省,南京市,雨花台区,1,78ba04e0dfcfe5c1de1e52b2,118.66880468236026,31.91372518122922,6
8650,金地自在城-一期,118.67042,31.914051,江苏省南京市雨花台区金地自在城一期(花生唐东),江苏省,南京市,雨花台区,1,78ba04e0dfcfe5c1de1e52b2,118.67034526391147,31.91307380437542,7
8650,金地自在城-一期,118.67042,31.914051,江苏省南京市雨花台区金地自在城一期(花生唐东),江苏省,南京市,雨花台区,1,78ba04e0dfcfe5c1de1e52b2,118.67055641446274,31.913253872207374,8
8650,金地自在城-一期,118.67042,31.914051,江苏省南京市雨花台区金地自在城一期(花生唐东),江苏省,南京市,雨花台区,1,78ba04e0dfcfe5c1de1e52b2,118.67130644081169,31.913468487565577,9
8650,金地自在城-一期,118.67042,31.914051,江苏省南京市雨花台区金地自在城一期(花生唐东),江苏省,南京市,雨花台区,1,78ba04e0dfcfe5c1de1e52b2,118.6713917687743,31.9132577778447,10
8650,金地自在城-一期,118.67042,31.914051,江苏省南京市雨花台区金地自在城一期(花生唐东),江苏省,南京市,雨花台区,1,78ba04e0dfcfe5c1de1e52b2,118.67156244162719,31.9131044977649,11
8650,金地自在城-一期,118.67042,31.914051,江苏省南京市雨花台区金地自在城一期(花生唐东),江苏省,南京市,雨花台区,1,78ba04e0dfcfe5c1de1e52b2,118.67236645940983,31.914476104591603,12
8650,金地自在城-一期,118.67042,31.914051,江苏省南京市雨花台区金地自在城一期(花生唐东),江苏省,南京市,雨花台区,1,78ba04e0dfcfe5c1de1e52b2,118.67212760561966,31.9146355196212,13
8650,金地自在城-一期,118.67042,31.914051,江苏省南京市雨花台区金地自在城一期(花生唐东),江苏省,南京市,雨花台区,1,78ba04e0dfcfe5c1de1e52b2,118.6702502508096,31.91542816672354,14
8650,金地自在城-一期,118.67042,31.914051,江苏省南京市雨花台区金地自在城一期(花生唐东),江苏省,南京市,雨花台区,1,78ba04e0dfcfe5c1de1e52b2,118.6696976905366,31.915338502857995,15
8654,金地自在城-二期,118.673307,31.91299,江苏省南京市雨花台区金地自在城二期(新城大街南),江苏省,南京市,雨花台区,1,b40437fb47d96b5e79b55c7b,118.67391938753515,31.911571327225968,1
8654,金地自在城-二期,118.673307,31.91299,江苏省南京市雨花台区金地自在城二期(新城大街南),江苏省,南京市,雨花台区,1,b40437fb47d96b5e79b55c7b,118.67407811811877,31.911635695106956,2
8654,金地自在城-二期,118.673307,31.91299,江苏省南京市雨花台区金地自在城二期(新城大街南),江苏省,南京市,雨花台区,1,b40437fb47d96b5e79b55c7b,118.67488874901098,31.913177215643444,3
8654,金地自在城-二期,118.673307,31.91299,江苏省南京市雨花台区金地自在城二期(新城大街南),江苏省,南京市,雨花台区,1,b40437fb47d96b5e79b55c7b,118.67252171399218,31.914161868638,4
8654,金地自在城-二期,118.673307,31.91299,江苏省南京市雨花台区金地自在城二期(新城大街南),江苏省,南京市,雨花台区,1,b40437fb47d96b5e79b55c7b,118.67154786098881,31.912567491718917,5
8654,金地自在城-二期,118.673307,31.91299,江苏省南京市雨花台区金地自在城二期(新城大街南),江苏省,南京市,雨花台区,1,b40437fb47d96b5e79b55c7b,118.67391938753515,31.911571327225968,6
8655,宋都·南郡国际南区,118.672316,31.916436,江苏省南京市雨花台区新湖大道10号,江苏省,南京市,雨花台区,1,5fac413184e04e4597ec8417,118.67153187115075,31.91745214160505,1
8655,宋都·南郡国际南区,118.672316,31.916436,江苏省南京市雨花台区新湖大道10号,江苏省,南京市,雨花台区,1,5fac413184e04e4597ec8417,118.67056691137192,31.91645158630732,2
8655,宋都·南郡国际南区,118.672316,31.916436,江苏省南京市雨花台区新湖大道10号,江苏省,南京市,雨花台区,1,5fac413184e04e4597ec8417,118.67049432828672,31.916076815829335,3
8655,宋都·南郡国际南区,118.672316,31.916436,江苏省南京市雨花台区新湖大道10号,江苏省,南京市,雨花台区,1,5fac413184e04e4597ec8417,118.67291077010856,31.91503471439093,4
8655,宋都·南郡国际南区,118.672316,31.916436,江苏省南京市雨花台区新湖大道10号,江苏省,南京市,雨花台区,1,5fac413184e04e4597ec8417,118.67358449924104,31.916057659660446,5
8655,宋都·南郡国际南区,118.672316,31.916436,江苏省南京市雨花台区新湖大道10号,江苏省,南京市,雨花台区,1,5fac413184e04e4597ec8417,118.67399771977563,31.91646760079554,6
8655,宋都·南郡国际南区,118.672316,31.916436,江苏省南京市雨花台区新湖大道10号,江苏省,南京市,雨花台区,1,5fac413184e04e4597ec8417,118.67449627933367,31.91690818967842,7
8655,宋都·南郡国际南区,118.672316,31.916436,江苏省南京市雨花台区新湖大道10号,江苏省,南京市,雨花台区,1,5fac413184e04e4597ec8417,118.67275356664432,31.917666763805773,8
8655,宋都·南郡国际南区,118.672316,31.916436,江苏省南京市雨花台区新湖大道10号,江苏省,南京市,雨花台区,1,5fac413184e04e4597ec8417,118.67153187115075,31.91745214160505,9
8656,宋都·南郡国际北区,118.674293,31.918924,江苏省南京市雨花台区南郡国际北区(新湖大道南),江苏省,南京市,雨花台区,1,0df5b4118e0128f2c42ba1b7,118.67264082930281,31.918600567544768,1
8656,宋都·南郡国际北区,118.674293,31.918924,江苏省南京市雨花台区南郡国际北区(新湖大道南),江苏省,南京市,雨花台区,1,0df5b4118e0128f2c42ba1b7,118.67370082980457,31.91807953275041,2
8656,宋都·南郡国际北区,118.674293,31.918924,江苏省南京市雨花台区南郡国际北区(新湖大道南),江苏省,南京市,雨花台区,1,0df5b4118e0128f2c42ba1b7,118.67355260939543,31.917807520754604,3
8656,宋都·南郡国际北区,118.674293,31.918924,江苏省南京市雨花台区南郡国际北区(新湖大道南),江苏省,南京市,雨花台区,1,0df5b4118e0128f2c42ba1b7,118.67457335394643,31.917289393122893,4
8656,宋都·南郡国际北区,118.674293,31.918924,江苏省南京市雨花台区南郡国际北区(新湖大道南),江苏省,南京市,雨花台区,1,0df5b4118e0128f2c42ba1b7,118.67491857275391,31.917529148200785,5
8656,宋都·南郡国际北区,118.674293,31.918924,江苏省南京市雨花台区南郡国际北区(新湖大道南),江苏省,南京市,雨花台区,1,0df5b4118e0128f2c42ba1b7,118.67513569319567,31.91840265129669,6
8656,宋都·南郡国际北区,118.674293,31.918924,江苏省南京市雨花台区南郡国际北区(新湖大道南),江苏省,南京市,雨花台区,1,0df5b4118e0128f2c42ba1b7,118.6757242629658,31.91933997210063,7
8656,宋都·南郡国际北区,118.674293,31.918924,江苏省南京市雨花台区南郡国际北区(新湖大道南),江苏省,南京市,雨花台区,1,0df5b4118e0128f2c42ba1b7,118.67606112753204,31.91989547934698,8
8656,宋都·南郡国际北区,118.674293,31.918924,江苏省南京市雨花台区南郡国际北区(新湖大道南),江苏省,南京市,雨花台区,1,0df5b4118e0128f2c42ba1b7,118.67455197427527,31.92054292834501,9
8656,宋都·南郡国际北区,118.674293,31.918924,江苏省南京市雨花台区南郡国际北区(新湖大道南),江苏省,南京市,雨花台区,1,0df5b4118e0128f2c42ba1b7,118.67264082930281,31.918600567544768,10
8658,复地·朗香,118.780684,31.91864,江苏省南京市江宁区佛城西路88号,江苏省,南京市,江宁区,1,3a68f9e40a761e2231870a82,118.7753937745533,31.91483456825014,1
8658,复地·朗香,118.780684,31.91864,江苏省南京市江宁区佛城西路88号,江苏省,南京市,江宁区,1,3a68f9e40a761e2231870a82,118.77547911357674,31.915539522076298,2
8658,复地·朗香,118.780684,31.91864,江苏省南京市江宁区佛城西路88号,江苏省,南京市,江宁区,1,3a68f9e40a761e2231870a82,118.77609894437863,31.91550887202337,3
8658,复地·朗香,118.780684,31.91864,江苏省南京市江宁区佛城西路88号,江苏省,南京市,江宁区,1,3a68f9e40a761e2231870a82,118.77622470715002,31.915409259280146,4
8658,复地·朗香,118.780684,31.91864,江苏省南京市江宁区佛城西路88号,江苏省,南京市,江宁区,1,3a68f9e40a761e2231870a82,118.77629657159082,31.914964831868,5
8658,复地·朗香,118.780684,31.91864,江苏省南京市江宁区佛城西路88号,江苏省,南京市,江宁区,1,3a68f9e40a761e2231870a82,118.78296199847486,31.916010765341998,6
8658,复地·朗香,118.780684,31.91864,江苏省南京市江宁区佛城西路88号,江苏省,南京市,江宁区,1,3a68f9e40a761e2231870a82,118.78283318146472,31.917100898754736,7
8658,复地·朗香,118.780684,31.91864,江苏省南京市江宁区佛城西路88号,江苏省,南京市,江宁区,1,3a68f9e40a761e2231870a82,118.78284216451983,31.917415055818307,8
8658,复地·朗香,118.780684,31.91864,江苏省南京市江宁区佛城西路88号,江苏省,南京市,江宁区,1,3a68f9e40a761e2231870a82,118.78287809674023,31.91751083519536,9
8658,复地·朗香,118.780684,31.91864,江苏省南京市江宁区佛城西路88号,江苏省,南京市,江宁区,1,3a68f9e40a761e2231870a82,118.78289157132288,31.917648757321395,10
8658,复地·朗香,118.780684,31.91864,江苏省南京市江宁区佛城西路88号,江苏省,南京市,江宁区,1,3a68f9e40a761e2231870a82,118.78256818133929,31.92052591850121,11
8658,复地·朗香,118.780684,31.91864,江苏省南京市江宁区佛城西路88号,江苏省,南京市,江宁区,1,3a68f9e40a761e2231870a82,118.78251428300868,31.920571891044734,12
8658,复地·朗香,118.780684,31.91864,江苏省南京市江宁区佛城西路88号,江苏省,南京市,江宁区,1,3a68f9e40a761e2231870a82,118.78219089302509,31.920575722088977,13
8658,复地·朗香,118.780684,31.91864,江苏省南京市江宁区佛城西路88号,江苏省,南京市,江宁区,1,3a68f9e40a761e2231870a82,118.78171029957726,31.920479945934495,14
8658,复地·朗香,118.780684,31.91864,江苏省南京市江宁区佛城西路88号,江苏省,南京市,江宁区,1,3a68f9e40a761e2231870a82,118.78144529945182,31.920460790691514,15
8658,复地·朗香,118.780684,31.91864,江苏省南京市江宁区佛城西路88号,江苏省,南京市,江宁区,1,3a68f9e40a761e2231870a82,118.78015173951745,31.919943597608327,16
8658,复地·朗香,118.780684,31.91864,江苏省南京市江宁区佛城西路88号,江苏省,南京市,江宁区,1,3a68f9e40a761e2231870a82,118.77904233221263,31.91946088141455,17
8658,复地·朗香,118.780684,31.91864,江苏省南京市江宁区佛城西路88号,江苏省,南京市,江宁区,1,3a68f9e40a761e2231870a82,118.77800928087615,31.918679335486715,18
8658,复地·朗香,118.780684,31.91864,江苏省南京市江宁区佛城西路88号,江苏省,南京市,江宁区,1,3a68f9e40a761e2231870a82,118.7777622468609,31.918782775773945,19
8658,复地·朗香,118.780684,31.91864,江苏省南京市江宁区佛城西路88号,江苏省,南京市,江宁区,1,3a68f9e40a761e2231870a82,118.77735800938142,31.918748295691252,20
8658,复地·朗香,118.780684,31.91864,江苏省南京市江宁区佛城西路88号,江苏省,南京市,江宁区,1,3a68f9e40a761e2231870a82,118.77632495804494,31.918480116824792,21
8658,复地·朗香,118.780684,31.91864,江苏省南京市江宁区佛城西路88号,江苏省,南京市,江宁区,1,3a68f9e40a761e2231870a82,118.77611834777764,31.918357520508604,22
8658,复地·朗香,118.780684,31.91864,江苏省南京市江宁区佛城西路88号,江苏省,南京市,江宁区,1,3a68f9e40a761e2231870a82,118.77590275445525,31.91779817272228,23
8658,复地·朗香,118.780684,31.91864,江苏省南京市江宁区佛城西路88号,江苏省,南京市,江宁区,1,3a68f9e40a761e2231870a82,118.77564224585736,31.91749558712527,24
8658,复地·朗香,118.780684,31.91864,江苏省南京市江宁区佛城西路88号,江苏省,南京市,江宁区,1,3a68f9e40a761e2231870a82,118.77551648308597,31.917399807732195,25
8658,复地·朗香,118.780684,31.91864,江苏省南京市江宁区佛城西路88号,江苏省,南京市,江宁区,1,3a68f9e40a761e2231870a82,118.77535478809416,31.91734617122808,26
8658,复地·朗香,118.780684,31.91864,江苏省南京市江宁区佛城西路88号,江苏省,南京市,江宁区,1,3a68f9e40a761e2231870a82,118.77518860157481,31.91735766476733,27
8658,复地·朗香,118.780684,31.91864,江苏省南京市江宁区佛城西路88号,江苏省,南京市,江宁区,1,3a68f9e40a761e2231870a82,118.7742678384271,31.91745727538012,28
8658,复地·朗香,118.780684,31.91864,江苏省南京市江宁区佛城西路88号,江苏省,南京市,江宁区,1,3a68f9e40a761e2231870a82,118.77402080441185,31.9174994182989,29
8658,复地·朗香,118.780684,31.91864,江苏省南京市江宁区佛城西路88号,江苏省,南京市,江宁区,1,3a68f9e40a761e2231870a82,118.7739713976088,31.91745727538012,30
8658,复地·朗香,118.780684,31.91864,江苏省南京市江宁区佛城西路88号,江苏省,南京市,江宁区,1,3a68f9e40a761e2231870a82,118.7738456348374,31.917227404570873,31
8658,复地·朗香,118.780684,31.91864,江苏省南京市江宁区佛城西路88号,江苏省,南京市,江宁区,1,3a68f9e40a761e2231870a82,118.77385012636495,31.917097144188162,32
8658,复地·朗香,118.780684,31.91864,江苏省南京市江宁区佛城西路88号,江苏省,南京市,江宁区,1,3a68f9e40a761e2231870a82,118.77427682148219,31.91465664317234,33
8658,复地·朗香,118.780684,31.91864,江苏省南京市江宁区佛城西路88号,江苏省,南京市,江宁区,1,3a68f9e40a761e2231870a82,118.7753937745533,31.91483456825014,34
8660,中电光伏宿舍,118.773224,31.915855,南京市江宁区佛城西路与水阁路交叉路口往西北约250米,江苏省,南京市,江宁区,1,4b2b0704986e289ac8c3db1e,118.77232803750883,31.917057989413188,1
8660,中电光伏宿舍,118.773224,31.915855,南京市江宁区佛城西路与水阁路交叉路口往西北约250米,江苏省,南京市,江宁区,1,4b2b0704986e289ac8c3db1e,118.7737380178373,31.917272995660824,2
8660,中电光伏宿舍,118.773224,31.915855,南京市江宁区佛城西路与水阁路交叉路口往西北约250米,江苏省,南京市,江宁区,1,4b2b0704986e289ac8c3db1e,118.77409698071908,31.914624996685845,3
8660,中电光伏宿舍,118.773224,31.915855,南京市江宁区佛城西路与水阁路交叉路口往西北约250米,江苏省,南京市,江宁区,1,4b2b0704986e289ac8c3db1e,118.77273595804091,31.914429983590626,4
8660,中电光伏宿舍,118.773224,31.915855,南京市江宁区佛城西路与水阁路交叉路口往西北约250米,江苏省,南京市,江宁区,1,4b2b0704986e289ac8c3db1e,118.77232803750883,31.917057989413188,5
8661,科嘉花园,118.79013,31.910862,南京市江宁区诚信大道68号,江苏省,南京市,江宁区,1,55fa2c0b3cad342d1ce99978,118.788574251979,31.91147837686046,1
8661,科嘉花园,118.79013,31.910862,南京市江宁区诚信大道68号,江苏省,南京市,江宁区,1,55fa2c0b3cad342d1ce99978,118.78872247238814,31.911512859694664,2
8661,科嘉花园,118.79013,31.910862,南京市江宁区诚信大道68号,江苏省,南京市,江宁区,1,55fa2c0b3cad342d1ce99978,118.78883925210444,31.911535848243563,3
8661,科嘉花园,118.79013,31.910862,南京市江宁区诚信大道68号,江苏省,南京市,江宁区,1,55fa2c0b3cad342d1ce99978,118.79001603232251,31.911723587842424,4
8661,科嘉花园,118.79013,31.910862,南京市江宁区诚信大道68号,江苏省,南京市,江宁区,1,55fa2c0b3cad342d1ce99978,118.79151620252418,31.911949641131834,5
8661,科嘉花园,118.79013,31.910862,南京市江宁区诚信大道68号,江苏省,南京市,江宁区,1,55fa2c0b3cad342d1ce99978,118.79160154154762,31.911949641131834,6
8661,科嘉花园,118.79013,31.910862,南京市江宁区诚信大道68号,江苏省,南京市,江宁区,1,55fa2c0b3cad342d1ce99978,118.79166442293332,31.911861518729786,7
8661,科嘉花园,118.79013,31.910862,南京市江宁区诚信大道68号,江苏省,南京市,江宁区,1,55fa2c0b3cad342d1ce99978,118.79169137209863,31.911723587842424,8
8661,科嘉花园,118.79013,31.910862,南京市江宁区诚信大道68号,江苏省,南京市,江宁区,1,55fa2c0b3cad342d1ce99978,118.79178569417716,31.911072244720003,9
8661,科嘉花园,118.79013,31.910862,南京市江宁区诚信大道68号,江苏省,南京市,江宁区,1,55fa2c0b3cad342d1ce99978,118.79187103320062,31.91044388576597,10
8661,科嘉花园,118.79013,31.910862,南京市江宁区诚信大道68号,江苏省,南京市,江宁区,1,55fa2c0b3cad342d1ce99978,118.79186205014551,31.91037875074848,11
8661,科嘉花园,118.79013,31.910862,南京市江宁区诚信大道68号,江苏省,南京市,江宁区,1,55fa2c0b3cad342d1ce99978,118.79182611792511,31.910351930433638,12
8661,科嘉花园,118.79013,31.910862,南京市江宁区诚信大道68号,江苏省,南京市,江宁区,1,55fa2c0b3cad342d1ce99978,118.79154315168947,31.910290626827184,13
8661,科嘉花园,118.79013,31.910862,南京市江宁区诚信大道68号,江苏省,南京市,江宁区,1,55fa2c0b3cad342d1ce99978,118.79026306633776,31.909857668932464,14
8661,科嘉花园,118.79013,31.910862,南京市江宁区诚信大道68号,江苏省,南京市,江宁区,1,55fa2c0b3cad342d1ce99978,118.78910874375744,31.909286774404567,15
8661,科嘉花园,118.79013,31.910862,南京市江宁区诚信大道68号,江苏省,南京市,江宁区,1,55fa2c0b3cad342d1ce99978,118.78898298098603,31.909256122248202,16
8661,科嘉花园,118.79013,31.910862,南京市江宁区诚信大道68号,江苏省,南京市,江宁区,1,55fa2c0b3cad342d1ce99978,118.78886620126974,31.90928294288559,17
8661,科嘉花园,118.79013,31.910862,南京市江宁区诚信大道68号,江苏省,南京市,江宁区,1,55fa2c0b3cad342d1ce99978,118.78882128599425,31.909317426550622,18
8661,科嘉花园,118.79013,31.910862,南京市江宁区诚信大道68号,江苏省,南京市,江宁区,1,55fa2c0b3cad342d1ce99978,118.78877637071874,31.909669925489133,19
8661,科嘉花园,118.79013,31.910862,南京市江宁区诚信大道68号,江苏省,南京市,江宁区,1,55fa2c0b3cad342d1ce99978,118.78854281128615,31.911313625361323,20
8661,科嘉花园,118.79013,31.910862,南京市江宁区诚信大道68号,江苏省,南京市,江宁区,1,55fa2c0b3cad342d1ce99978,118.7885383197586,31.91139791686321,21
8661,科嘉花园,118.79013,31.910862,南京市江宁区诚信大道68号,江苏省,南京市,江宁区,1,55fa2c0b3cad342d1ce99978,118.788574251979,31.91147837686046,22
8662,香榭岛,118.786743,31.91892,江苏省南京市江宁区经济开发区康后街10号,江苏省,南京市,江宁区,1,15e1e85e005116df5810936a,118.78574602691138,31.920405010601005,1
8662,香榭岛,118.786743,31.91892,江苏省南京市江宁区经济开发区康后街10号,江苏省,南京市,江宁区,1,15e1e85e005116df5810936a,118.78731213273748,31.92088956068631,2
8662,香榭岛,118.786743,31.91892,江苏省南京市江宁区经济开发区康后街10号,江苏省,南京市,江宁区,1,15e1e85e005116df5810936a,118.78750203452228,31.920699005006767,3
8662,香榭岛,118.786743,31.91892,江苏省南京市江宁区经济开发区康后街10号,江苏省,南京市,江宁区,1,15e1e85e005116df5810936a,118.78754398538959,31.917577420958942,4
8662,香榭岛,118.786743,31.91892,江苏省南京市江宁区经济开发区康后街10号,江苏省,南京市,江宁区,1,15e1e85e005116df5810936a,118.78733090732263,31.91759711317199,5
8662,香榭岛,118.786743,31.91892,江苏省南京市江宁区经济开发区康后街10号,江苏省,南京市,江宁区,1,15e1e85e005116df5810936a,118.78733036833933,31.916949949731542,6
8662,香榭岛,118.786743,31.91892,江苏省南京市江宁区经济开发区康后街10号,江苏省,南京市,江宁区,1,15e1e85e005116df5810936a,118.78618601695015,31.916710959370626,7
8662,香榭岛,118.786743,31.91892,江苏省南京市江宁区经济开发区康后街10号,江苏省,南京市,江宁区,1,15e1e85e005116df5810936a,118.78603797620212,31.91660797647613,8
8662,香榭岛,118.786743,31.91892,江苏省南京市江宁区经济开发区康后街10号,江苏省,南京市,江宁区,1,15e1e85e005116df5810936a,118.78578600150657,31.916873019270202,9
8662,香榭岛,118.786743,31.91892,江苏省南京市江宁区经济开发区康后街10号,江苏省,南京市,江宁区,1,15e1e85e005116df5810936a,118.78595703887568,31.917017991758755,10
8662,香榭岛,118.786743,31.91892,江苏省南京市江宁区经济开发区康后街10号,江苏省,南京市,江宁区,1,15e1e85e005116df5810936a,118.78606411689246,31.917225642225773,11
8662,香榭岛,118.786743,31.91892,江苏省南京市江宁区经济开发区康后街10号,江苏省,南京市,江宁区,1,15e1e85e005116df5810936a,118.78628096784256,31.917723005312773,12
8662,香榭岛,118.786743,31.91892,江苏省南京市江宁区经济开发区康后街10号,江苏省,南京市,江宁区,1,15e1e85e005116df5810936a,118.78630297632756,31.918171020546183,13
8662,香榭岛,118.786743,31.91892,江苏省南京市江宁区经济开发区康后街10号,江苏省,南京市,江宁区,1,15e1e85e005116df5810936a,118.78621296611546,31.918489005051306,14
8662,香榭岛,118.786743,31.91892,江苏省南京市江宁区经济开发区康后街10号,江苏省,南京市,江宁区,1,15e1e85e005116df5810936a,118.78609196436328,31.918960999282174,15
8662,香榭岛,118.786743,31.91892,江苏省南京市江宁区经济开发区康后街10号,江苏省,南京市,江宁区,1,15e1e85e005116df5810936a,118.78597096261107,31.919373992228,16
8662,香榭岛,118.786743,31.91892,江苏省南京市江宁区经济开发区康后街10号,江苏省,南京市,江宁区,1,15e1e85e005116df5810936a,118.78542578099707,31.92022173292027,17
8662,香榭岛,118.786743,31.91892,江苏省南京市江宁区经济开发区康后街10号,江苏省,南京市,江宁区,1,15e1e85e005116df5810936a,118.78574602691138,31.920405010601005,18
8667,江南青年城-楚襄园,118.789558,31.915488,江苏省南京市江宁区江南青年城楚襄园,江苏省,南京市,江宁区,1,d991e116593c20551f389478,118.78785443977384,31.915984789557168,1
8667,江南青年城-楚襄园,118.789558,31.915488,江苏省南京市江宁区江南青年城楚襄园,江苏省,南京市,江宁区,1,d991e116593c20551f389478,118.7880299686705,31.914598024369052,2
8667,江南青年城-楚襄园,118.789558,31.915488,江苏省南京市江宁区江南青年城楚襄园,江苏省,南京市,江宁区,1,d991e116593c20551f389478,118.78808350767889,31.914379487007952,3
8667,江南青年城-楚襄园,118.789558,31.915488,江苏省南京市江宁区江南青年城楚襄园,江苏省,南京市,江宁区,1,d991e116593c20551f389478,118.791335373625,31.91486989269668,4
8667,江南青年城-楚襄园,118.789558,31.915488,江苏省南京市江宁区江南青年城楚襄园,江苏省,南京市,江宁区,1,d991e116593c20551f389478,118.79127249223932,31.915203213806386,5
8667,江南青年城-楚襄园,118.789558,31.915488,江苏省南京市江宁区江南青年城楚襄园,江苏省,南京市,江宁区,1,d991e116593c20551f389478,118.79115122099546,31.916072907971213,6
8667,江南青年城-楚襄园,118.789558,31.915488,江苏省南京市江宁区江南青年城楚襄园,江苏省,南京市,江宁区,1,d991e116593c20551f389478,118.79106139044447,31.91645603051964,7
8667,江南青年城-楚襄园,118.789558,31.915488,江苏省南京市江宁区江南青年城楚襄园,江苏省,南京市,江宁区,1,d991e116593c20551f389478,118.79040113589463,31.91636025003359,8
8667,江南青年城-楚襄园,118.789558,31.915488,江苏省南京市江宁区江南青年城楚襄园,江苏省,南京市,江宁区,1,d991e116593c20551f389478,118.79031579687118,31.916705059312108,9
8667,江南青年城-楚襄园,118.789558,31.915488,江苏省南京市江宁区江南青年城楚襄园,江苏省,南京市,江宁区,1,d991e116593c20551f389478,118.78860901640222,31.91643304321218,10
8667,江南青年城-楚襄园,118.789558,31.915488,江苏省南京市江宁区江南青年城楚襄园,江苏省,南京市,江宁区,1,d991e116593c20551f389478,118.78864944015017,31.91621466350192,11
8667,江南青年城-楚襄园,118.789558,31.915488,江苏省南京市江宁区江南青年城楚襄园,江苏省,南京市,江宁区,1,d991e116593c20551f389478,118.78789486352179,31.916130376456195,12
8667,江南青年城-楚襄园,118.789558,31.915488,江苏省南京市江宁区江南青年城楚襄园,江苏省,南京市,江宁区,1,d991e116593c20551f389478,118.78785443977384,31.915984789557168,13
8669,江南骏园,118.794885,31.916357,南京市江宁区佛城西路9号,江苏省,南京市,江宁区,1,be54cde907afd95878f79678,118.79224104524017,31.916525605401578,1
8669,江南骏园,118.794885,31.916357,南京市江宁区佛城西路9号,江苏省,南京市,江宁区,1,be54cde907afd95878f79678,118.79230985544224,31.916565526647943,2
8669,江南骏园,118.794885,31.916357,南京市江宁区佛城西路9号,江苏省,南京市,江宁区,1,be54cde907afd95878f79678,118.79263171830647,31.91656951110919,3
8669,江南骏园,118.794885,31.916357,南京市江宁区佛城西路9号,江苏省,南京市,江宁区,1,be54cde907afd95878f79678,118.79314797448305,31.916579012516088,4
8669,江南骏园,118.794885,31.916357,南京市江宁区佛城西路9号,江苏省,南京市,江宁区,1,be54cde907afd95878f79678,118.79313503888369,31.91669800989104,5
8669,江南骏园,118.794885,31.916357,南京市江宁区佛城西路9号,江苏省,南京市,江宁区,1,be54cde907afd95878f79678,118.79307602021169,31.916989027929056,6
8669,江南骏园,118.794885,31.916357,南京市江宁区佛城西路9号,江苏省,南京市,江宁区,1,be54cde907afd95878f79678,118.79279799465635,31.91693600417464,7
8669,江南骏园,118.794885,31.916357,南京市江宁区佛城西路9号,江苏省,南京市,江宁区,1,be54cde907afd95878f79678,118.79273996412041,31.917141969105597,8
8669,江南骏园,118.794885,31.916357,南京市江宁区佛城西路9号,江苏省,南京市,江宁区,1,be54cde907afd95878f79678,118.7932829898012,31.917233994208825,9
8669,江南骏园,118.794885,31.916357,南京市江宁区佛城西路9号,江苏省,南京市,江宁区,1,be54cde907afd95878f79678,118.79366000862373,31.91729598275635,10
8669,江南骏园,118.794885,31.916357,南京市江宁区佛城西路9号,江苏省,南京市,江宁区,1,be54cde907afd95878f79678,118.79414096139378,31.917394980448112,11
8669,江南骏园,118.794885,31.916357,南京市江宁区佛城西路9号,江苏省,南京市,江宁区,1,be54cde907afd95878f79678,118.79503504486784,31.917625004081245,12
8669,江南骏园,118.794885,31.916357,南京市江宁区佛城西路9号,江苏省,南京市,江宁区,1,be54cde907afd95878f79678,118.79558696377319,31.917744000089876,13
8669,江南骏园,118.794885,31.916357,南京市江宁区佛城西路9号,江苏省,南京市,江宁区,1,be54cde907afd95878f79678,118.79687603218001,31.91805800168964,14
8669,江南骏园,118.794885,31.916357,南京市江宁区佛城西路9号,江苏省,南京市,江宁区,1,be54cde907afd95878f79678,118.79693496102145,31.917920003560088,15
8669,江南骏园,118.794885,31.916357,南京市江宁区佛城西路9号,江苏省,南京市,江宁区,1,be54cde907afd95878f79678,118.79711004076535,31.91778997403742,16
8669,江南骏园,118.794885,31.916357,南京市江宁区佛城西路9号,江苏省,南京市,江宁区,1,be54cde907afd95878f79678,118.79723104251755,31.917606001484657,17
8669,江南骏园,118.794885,31.916357,南京市江宁区佛城西路9号,江苏省,南京市,江宁区,1,be54cde907afd95878f79678,118.79720615945493,31.91709101428321,18
8669,江南骏园,118.794885,31.916357,南京市江宁区佛城西路9号,江苏省,南京市,江宁区,1,be54cde907afd95878f79678,118.7972124475935,31.916937383405642,19
8669,江南骏园,118.794885,31.916357,南京市江宁区佛城西路9号,江苏省,南京市,江宁区,1,be54cde907afd95878f79678,118.79718990012519,31.916705135936255,20
8669,江南骏园,118.794885,31.916357,南京市江宁区佛城西路9号,江苏省,南京市,江宁区,1,be54cde907afd95878f79678,118.79687944574094,31.916494419310187,21
8669,江南骏园,118.794885,31.916357,南京市江宁区佛城西路9号,江苏省,南京市,江宁区,1,be54cde907afd95878f79678,118.79589301646044,31.91579897436124,22
8669,江南骏园,118.794885,31.916357,南京市江宁区佛城西路9号,江苏省,南京市,江宁区,1,be54cde907afd95878f79678,118.79380400699698,31.91579498986628,23
8669,江南骏园,118.794885,31.916357,南京市江宁区佛城西路9号,江苏省,南京市,江宁区,1,be54cde907afd95878f79678,118.793243015206,31.91575598778152,24
8669,江南骏园,118.794885,31.916357,南京市江宁区佛城西路9号,江苏省,南京市,江宁区,1,be54cde907afd95878f79678,118.79232602494142,31.91574503041482,25
8669,江南骏园,118.794885,31.916357,南京市江宁区佛城西路9号,江苏省,南京市,江宁区,1,be54cde907afd95878f79678,118.79223197235451,31.91643848354213,26
8669,江南骏园,118.794885,31.916357,南京市江宁区佛城西路9号,江苏省,南京市,江宁区,1,be54cde907afd95878f79678,118.79224104524017,31.916525605401578,27
8670,江南青年城,118.793211,31.913784,江苏省南京市江宁区佛城西路11号,江苏省,南京市,江宁区,1,d6c5d991097e53e830169b78,118.79310171174929,31.91056718239512,1
8670,江南青年城,118.793211,31.913784,江苏省南京市江宁区佛城西路11号,江苏省,南京市,江宁区,1,d6c5d991097e53e830169b78,118.79371705102362,31.910628485815504,2
8670,江南青年城,118.793211,31.913784,江苏省南京市江宁区佛城西路11号,江苏省,南京市,江宁区,1,d6c5d991097e53e830169b78,118.79425154280206,31.913272156578607,3
8670,江南青年城,118.793211,31.913784,江苏省南京市江宁区佛城西路11号,江苏省,南京市,江宁区,1,d6c5d991097e53e830169b78,118.79518578053244,31.914804684217426,4
8670,江南青年城,118.793211,31.913784,江苏省南京市江宁区佛城西路11号,江苏省,南京市,江宁区,1,d6c5d991097e53e830169b78,118.79509145845388,31.914992417080818,5
8670,江南青年城,118.793211,31.913784,江苏省南京市江宁区佛城西路11号,江苏省,南京市,江宁区,1,d6c5d991097e53e830169b78,118.79373986798356,31.915314320571955,6
8670,江南青年城,118.793211,31.913784,江苏省南京市江宁区佛城西路11号,江苏省,南京市,江宁区,1,d6c5d991097e53e830169b78,118.79316010160743,31.915582432133068,7
8670,江南青年城,118.793211,31.913784,江苏省南京市江宁区佛城西路11号,江苏省,南京市,江宁区,1,d6c5d991097e53e830169b78,118.79220340623931,31.91560925090829,8
8670,江南青年城,118.793211,31.913784,江苏省南京市江宁区佛城西路11号,江苏省,南京市,江宁区,1,d6c5d991097e53e830169b78,118.79201476208222,31.91611880613746,9
8670,江南青年城,118.793211,31.913784,江苏省南京市江宁区佛城西路11号,江苏省,南京市,江宁区,1,d6c5d991097e53e830169b78,118.79115274811483,31.916015439449982,10
8670,江南青年城,118.793211,31.913784,江苏省南京市江宁区佛城西路11号,江苏省,南京市,江宁区,1,d6c5d991097e53e830169b78,118.79124257866583,31.91537178953546,11
8670,江南青年城,118.793211,31.913784,江苏省南京市江宁区佛城西路11号,江苏省,南京市,江宁区,1,d6c5d991097e53e830169b78,118.79139529060252,31.914567220747514,12
8670,江南青年城,118.793211,31.913784,江苏省南京市江宁区佛城西路11号,江苏省,南京市,江宁区,1,d6c5d991097e53e830169b78,118.79171203312534,31.912118989160867,13
8670,江南青年城,118.793211,31.913784,江苏省南京市江宁区佛城西路11号,江苏省,南京市,江宁区,1,d6c5d991097e53e830169b78,118.79199679597201,31.910433081019235,14
8670,江南青年城,118.793211,31.913784,江苏省南京市江宁区佛城西路11号,江苏省,南京市,江宁区,1,d6c5d991097e53e830169b78,118.79310171174929,31.91056718239512,15
8671,翰海翠庭,118.795758,31.919195,南京市江宁区佛城西路6号,江苏省,南京市,江宁区,1,2ec029ea0a94fe54ad31e54f,118.79620598610012,31.918799019719486,1
8671,翰海翠庭,118.795758,31.919195,南京市江宁区佛城西路6号,江苏省,南京市,江宁区,1,2ec029ea0a94fe54ad31e54f,118.79523599581044,31.91854601227658,2
8671,翰海翠庭,118.795758,31.919195,南京市江宁区佛城西路6号,江苏省,南京市,江宁区,1,2ec029ea0a94fe54ad31e54f,118.79515901102823,31.91857696779793,3
8671,翰海翠庭,118.795758,31.919195,南京市江宁区佛城西路6号,江苏省,南京市,江宁区,1,2ec029ea0a94fe54ad31e54f,118.79524003818523,31.91934296035557,4
8671,翰海翠庭,118.795758,31.919195,南京市江宁区佛城西路6号,江苏省,南京市,江宁区,1,2ec029ea0a94fe54ad31e54f,118.79528998397159,31.919533978602527,5
8671,翰海翠庭,118.795758,31.919195,南京市江宁区佛城西路6号,江苏省,南京市,江宁区,1,2ec029ea0a94fe54ad31e54f,118.79542904166453,31.919622016961764,6
8671,翰海翠庭,118.795758,31.919195,南京市江宁区佛城西路6号,江苏省,南京市,江宁区,1,2ec029ea0a94fe54ad31e54f,118.79558597563712,31.919733961175556,7
8671,翰海翠庭,118.795758,31.919195,南京市江宁区佛城西路6号,江苏省,南京市,江宁区,1,2ec029ea0a94fe54ad31e54f,118.79626401663606,31.920048032537153,8
8671,翰海翠庭,118.795758,31.919195,南京市江宁区佛城西路6号,江苏省,南京市,江宁区,1,2ec029ea0a94fe54ad31e54f,118.79642678959448,31.91997409292641,9
8671,翰海翠庭,118.795758,31.919195,南京市江宁区佛城西路6号,江苏省,南京市,江宁区,1,2ec029ea0a94fe54ad31e54f,118.79636265058106,31.919726375637687,10
8671,翰海翠庭,118.795758,31.919195,南京市江宁区佛城西路6号,江苏省,南京市,江宁区,1,2ec029ea0a94fe54ad31e54f,118.79628072511854,31.919585621653862,11
8671,翰海翠庭,118.795758,31.919195,南京市江宁区佛城西路6号,江苏省,南京市,江宁区,1,2ec029ea0a94fe54ad31e54f,118.796217214919,31.919335374785142,12
8671,翰海翠庭,118.795758,31.919195,南京市江宁区佛城西路6号,江苏省,南京市,江宁区,1,2ec029ea0a94fe54ad31e54f,118.79623518102919,31.919147650871402,13
8671,翰海翠庭,118.795758,31.919195,南京市江宁区佛城西路6号,江苏省,南京市,江宁区,1,2ec029ea0a94fe54ad31e54f,118.79625763866694,31.918802850838297,14
8671,翰海翠庭,118.795758,31.919195,南京市江宁区佛城西路6号,江苏省,南京市,江宁区,1,2ec029ea0a94fe54ad31e54f,118.79620598610012,31.918799019719486,15
8672,天泰青城苑,118.797004,31.919251,江苏省南京市江宁区将军大道62号,江苏省,南京市,江宁区,1,1bf85b25a54a2adaa0a93493,118.79649419754162,31.92008823642825,1
8672,天泰青城苑,118.797004,31.919251,江苏省南京市江宁区将军大道62号,江苏省,南京市,江宁区,1,1bf85b25a54a2adaa0a93493,118.79715276956523,31.920265807481726,2
8672,天泰青城苑,118.797004,31.919251,江苏省南京市江宁区将军大道62号,江苏省,南京市,江宁区,1,1bf85b25a54a2adaa0a93493,118.79716624145297,31.920268925579133,3
8672,天泰青城苑,118.797004,31.919251,江苏省南京市江宁区将军大道62号,江苏省,南京市,江宁区,1,1bf85b25a54a2adaa0a93493,118.79717991096793,31.920270744948116,4
8672,天泰青城苑,118.797004,31.919251,江苏省南京市江宁区将军大道62号,江苏省,南京市,江宁区,1,1bf85b25a54a2adaa0a93493,118.79719367929647,31.92027136465989,5
8672,天泰青城苑,118.797004,31.919251,江苏省南京市江宁区将军大道62号,江苏省,南京市,江宁区,1,1bf85b25a54a2adaa0a93493,118.7972074458284,31.92027068388106,6
8672,天泰青城苑,118.797004,31.919251,江苏省南京市江宁区将军大道62号,江苏省,南京市,江宁区,1,1bf85b25a54a2adaa0a93493,118.79722111264844,31.920268701768777,7
8672,天泰青城苑,118.797004,31.919251,江苏省南京市江宁区将军大道62号,江苏省,南京市,江宁区,1,1bf85b25a54a2adaa0a93493,118.79723447853613,31.92026551655125,8
8672,天泰青城苑,118.797004,31.919251,江苏省南京市江宁区将军大道62号,江苏省,南京市,江宁区,1,1bf85b25a54a2adaa0a93493,118.79724754349145,31.920261228372187,9
8672,天泰青城苑,118.797004,31.919251,江苏省南京市江宁区将军大道62号,江苏省,南京市,江宁区,1,1bf85b25a54a2adaa0a93493,118.79750406091797,31.92016348938747,10
8672,天泰青城苑,118.797004,31.919251,江苏省南京市江宁区将军大道62号,江苏省,南京市,江宁区,1,1bf85b25a54a2adaa0a93493,118.79751413182103,31.92015697244514,11
8672,天泰青城苑,118.797004,31.919251,江苏省南京市江宁区将军大道62号,江苏省,南京市,江宁区,1,1bf85b25a54a2adaa0a93493,118.79752320380838,31.920149046590947,12
8672,天泰青城苑,118.797004,31.919251,江苏省南京市江宁区将军大道62号,江苏省,南京市,江宁区,1,1bf85b25a54a2adaa0a93493,118.7975311771681,31.920140011183758,13
8672,天泰青城苑,118.797004,31.919251,江苏省南京市江宁区将军大道62号,江苏省,南京市,江宁区,1,1bf85b25a54a2adaa0a93493,118.79753785247635,31.92012996460492,14
8672,天泰青城苑,118.797004,31.919251,江苏省南京市江宁区将军大道62号,江苏省,南京市,江宁区,1,1bf85b25a54a2adaa0a93493,118.79754322973314,31.92011910698887,15
8672,天泰青城苑,118.797004,31.919251,江苏省南京市江宁区将军大道62号,江苏省,南京市,江宁区,1,1bf85b25a54a2adaa0a93493,118.7975470098027,31.920107735779112,16
8672,天泰青城苑,118.797004,31.919251,江苏省南京市江宁区将军大道62号,江苏省,南京市,江宁区,1,1bf85b25a54a2adaa0a93493,118.79754919358341,31.920095851052064,17
8672,天泰青城苑,118.797004,31.919251,江苏省南京市江宁区将军大道62号,江苏省,南京市,江宁区,1,1bf85b25a54a2adaa0a93493,118.79752885415004,31.919374601985023,18
8672,天泰青城苑,118.797004,31.919251,江苏省南京市江宁区将军大道62号,江苏省,南京市,江宁区,1,1bf85b25a54a2adaa0a93493,118.79752844542105,31.91936519618735,19
8672,天泰青城苑,118.797004,31.919251,江苏省南京市江宁区将军大道62号,江苏省,南京市,江宁区,1,1bf85b25a54a2adaa0a93493,118.7975277384546,31.91935578793683,20
8672,天泰青城苑,118.797004,31.919251,江苏省南京市江宁区将军大道62号,江苏省,南京市,江宁区,1,1bf85b25a54a2adaa0a93493,118.79752663174222,31.91934637639058,21
8672,天泰青城苑,118.797004,31.919251,江苏省南京市江宁区将军大道62号,江苏省,南京市,江宁区,1,1bf85b25a54a2adaa0a93493,118.7975252267924,31.919337062306443,22
8672,天泰青城苑,118.797004,31.919251,江苏省南京市江宁区将军大道62号,江苏省,南京市,江宁区,1,1bf85b25a54a2adaa0a93493,118.79752352180854,31.919327845761078,23
8672,天泰青城苑,118.797004,31.919251,江苏省南京市江宁区将军大道62号,江苏省,南京市,江宁区,1,1bf85b25a54a2adaa0a93493,118.79752151768895,31.919318526618003,24
8672,天泰青城苑,118.797004,31.919251,江苏省南京市江宁区将军大道62号,江苏省,南京市,江宁区,1,1bf85b25a54a2adaa0a93493,118.7975192144336,31.919309405081982,25
8672,天泰青城苑,118.797004,31.919251,江苏省南京市江宁区将军大道62号,江苏省,南京市,江宁区,1,1bf85b25a54a2adaa0a93493,118.79751651143233,31.919300380165325,26
8672,天泰青城苑,118.797004,31.919251,江苏省南京市江宁区将军大道62号,江苏省,南京市,江宁区,1,1bf85b25a54a2adaa0a93493,118.79751360990554,31.9192913535621,27
8672,天泰青城苑,118.797004,31.919251,江苏省南京市江宁区将军大道62号,江苏省,南京市,江宁区,1,1bf85b25a54a2adaa0a93493,118.7975103086328,31.91928252364657,28
8672,天泰青城苑,118.797004,31.919251,江苏省南京市江宁区将军大道62号,江苏省,南京市,江宁区,1,1bf85b25a54a2adaa0a93493,118.79738510460743,31.918974589538287,29
8672,天泰青城苑,118.797004,31.919251,江苏省南京市江宁区将军大道62号,江苏省,南京市,江宁区,1,1bf85b25a54a2adaa0a93493,118.79704733365092,31.91858967158839,30
8672,天泰青城苑,118.797004,31.919251,江苏省南京市江宁区将军大道62号,江苏省,南京市,江宁区,1,1bf85b25a54a2adaa0a93493,118.79703784754474,31.918579585607812,31
8672,天泰青城苑,118.797004,31.919251,江苏省南京市江宁区将军大道62号,江苏省,南京市,江宁区,1,1bf85b25a54a2adaa0a93493,118.79702746313305,31.918570291750257,32
8672,天泰青城苑,118.797004,31.919251,江苏省南京市江宁区将军大道62号,江苏省,南京市,江宁区,1,1bf85b25a54a2adaa0a93493,118.79701628192436,31.918561991073602,33
8672,天泰青城苑,118.797004,31.919251,江苏省南京市江宁区将军大道62号,江苏省,南京市,江宁区,1,1bf85b25a54a2adaa0a93493,118.79700450334252,31.918554585194727,34
8672,天泰青城苑,118.797004,31.919251,江苏省南京市江宁区将军大道62号,江苏省,南京市,江宁区,1,1bf85b25a54a2adaa0a93493,118.7969921273875,31.918548274175425,35
8672,天泰青城苑,118.797004,31.919251,江苏省南京市江宁区将军大道62号,江苏省,南京市,江宁区,1,1bf85b25a54a2adaa0a93493,118.79697925287293,31.91854315892788,36
8672,天泰青城苑,118.797004,31.919251,江苏省南京市江宁区将军大道62号,江苏省,南京市,江宁区,1,1bf85b25a54a2adaa0a93493,118.79696598130734,31.918539040156922,37
8672,天泰青城苑,118.797004,31.919251,江苏省南京市江宁区将军大道62号,江苏省,南京市,江宁区,1,1bf85b25a54a2adaa0a93493,118.79641280297768,31.918390963037705,38
8672,天泰青城苑,118.797004,31.919251,江苏省南京市江宁区将军大道62号,江苏省,南京市,江宁区,1,1bf85b25a54a2adaa0a93493,118.79640152924352,31.918389357255318,39
8672,天泰青城苑,118.797004,31.919251,江苏省南京市江宁区将军大道62号,江苏省,南京市,江宁区,1,1bf85b25a54a2adaa0a93493,118.79639015939068,31.918390150913478,40
8672,天泰青城苑,118.797004,31.919251,江苏省南京市江宁区将军大道62号,江苏省,南京市,江宁区,1,1bf85b25a54a2adaa0a93493,118.7963791892838,31.918393248846687,41
8672,天泰青城苑,118.797004,31.919251,江苏省南京市江宁区将军大道62号,江苏省,南京市,江宁区,1,1bf85b25a54a2adaa0a93493,118.79636912017735,31.91839855565944,42
8672,天泰青城苑,118.797004,31.919251,江苏省南京市江宁区将军大道62号,江苏省,南京市,江宁区,1,1bf85b25a54a2adaa0a93493,118.79636044883424,31.91840587596344,43
8672,天泰青城苑,118.797004,31.919251,江苏省南京市江宁区将军大道62号,江苏省,南京市,江宁区,1,1bf85b25a54a2adaa0a93493,118.79635337467835,31.918414911619266,44
8672,天泰青城苑,118.797004,31.919251,江苏省南京市江宁区将军大道62号,江苏省,南京市,江宁区,1,1bf85b25a54a2adaa0a93493,118.79634839716753,31.918425167260718,45
8672,天泰青城苑,118.797004,31.919251,江苏省南京市江宁区将军大道62号,江苏省,南京市,江宁区,1,1bf85b25a54a2adaa0a93493,118.7962786635074,31.91862855829242,46
8672,天泰青城苑,118.797004,31.919251,江苏省南京市江宁区将军大道62号,江苏省,南京市,江宁区,1,1bf85b25a54a2adaa0a93493,118.7962451603051,31.9192807992691,47
8672,天泰青城苑,118.797004,31.919251,江苏省南京市江宁区将军大道62号,江苏省,南京市,江宁区,1,1bf85b25a54a2adaa0a93493,118.79624486925411,31.91929009872419,48
8672,天泰青城苑,118.797004,31.919251,江苏省南京市江宁区将军大道62号,江苏省,南京市,江宁区,1,1bf85b25a54a2adaa0a93493,118.79624497794907,31.919299402086054,49
8672,天泰青城苑,118.797004,31.919251,江苏省南京市江宁区将军大道62号,江苏省,南京市,江宁区,1,1bf85b25a54a2adaa0a93493,118.7962454854917,31.919308809193076,50
8672,天泰青城苑,118.797004,31.919251,江苏省南京市江宁区将军大道62号,江苏省,南京市,江宁区,1,1bf85b25a54a2adaa0a93493,118.79624649159386,31.919318020989817,51
8672,天泰青城苑,118.797004,31.919251,江苏省南京市江宁区将军大道62号,江苏省,南京市,江宁区,1,1bf85b25a54a2adaa0a93493,118.79624789654369,31.919327336608333,52
8672,天泰青城苑,118.797004,31.919251,江苏省南京市江宁区将军大道62号,江苏省,南京市,江宁区,1,1bf85b25a54a2adaa0a93493,118.79624980095136,31.919336456916618,53
8672,天泰青城苑,118.797004,31.919251,江苏省南京市江宁区将军大道62号,江苏省,南京市,江宁区,1,1bf85b25a54a2adaa0a93493,118.79625200359648,31.919345580058984,54
8672,天泰青城苑,118.797004,31.919251,江苏省南京市江宁区将军大道62号,江苏省,南京市,江宁区,1,1bf85b25a54a2adaa0a93493,118.79625470480114,31.9193546078828,55
8672,天泰青城苑,118.797004,31.919251,江苏省南京市江宁区将军大道62号,江苏省,南京市,江宁区,1,1bf85b25a54a2adaa0a93493,118.79625780575176,31.91936343947701,56
8672,天泰青城苑,118.797004,31.919251,江苏省南京市江宁区将军大道62号,江苏省,南京市,江宁区,1,1bf85b25a54a2adaa0a93493,118.79626120493981,31.91937207384561,57
8672,天泰青城苑,118.797004,31.919251,江苏省南京市江宁区将军大道62号,江苏省,南京市,江宁区,1,1bf85b25a54a2adaa0a93493,118.79649220869322,31.919886067779863,58
8672,天泰青城苑,118.797004,31.919251,江苏省南京市江宁区将军大道62号,江苏省,南京市,江宁区,1,1bf85b25a54a2adaa0a93493,118.7964972086617,31.919898517311015,59
8672,天泰青城苑,118.797004,31.919251,江苏省南京市江宁区将军大道62号,江苏省,南京市,江宁区,1,1bf85b25a54a2adaa0a93493,118.79650051262936,31.919911551155575,60
8672,天泰青城苑,118.797004,31.919251,江苏省南京市江宁区将军大道62号,江苏省,南京市,江宁区,1,1bf85b25a54a2adaa0a93493,118.79650222120645,31.91992487033649,61
8672,天泰青城苑,118.797004,31.919251,江苏省南京市江宁区将军大道62号,江苏省,南京市,江宁区,1,1bf85b25a54a2adaa0a93493,118.7965021340708,31.919938272879556,62
8672,天泰青城苑,118.797004,31.919251,江苏省南京市江宁区将军大道62号,江苏省,南京市,江宁区,1,1bf85b25a54a2adaa0a93493,118.79650035093437,31.9199515596457,63
8672,天泰青城苑,118.797004,31.919251,江苏省南京市江宁区将军大道62号,江苏省,南京市,江宁区,1,1bf85b25a54a2adaa0a93493,118.79649687179713,31.919964530576507,64
8672,天泰青城苑,118.797004,31.919251,江苏省南京市江宁区将军大道62号,江苏省,南京市,江宁区,1,1bf85b25a54a2adaa0a93493,118.79649179637099,31.919976886465598,65
8672,天泰青城苑,118.797004,31.919251,江苏省南京市江宁区将军大道62号,江苏省,南京市,江宁区,1,1bf85b25a54a2adaa0a93493,118.79646700942706,31.92003006927819,66
8672,天泰青城苑,118.797004,31.919251,江苏省南京市江宁区将军大道62号,江苏省,南京市,江宁区,1,1bf85b25a54a2adaa0a93493,118.79646582186717,31.920039860718997,67
8672,天泰青城苑,118.797004,31.919251,江苏省南京市江宁区将军大道62号,江苏省,南京市,江宁区,1,1bf85b25a54a2adaa0a93493,118.79646643002,31.92004966878558,68
8672,天泰青城苑,118.797004,31.919251,江苏省南京市江宁区将军大道62号,江苏省,南京市,江宁区,1,1bf85b25a54a2adaa0a93493,118.79646893269916,31.920059194424933,69
8672,天泰青城苑,118.797004,31.919251,江苏省南京市江宁区将军大道62号,江苏省,南京市,江宁区,1,1bf85b25a54a2adaa0a93493,118.7964730307689,31.920068034762284,70
8672,天泰青城苑,118.797004,31.919251,江苏省南京市江宁区将军大道62号,江苏省,南京市,江宁区,1,1bf85b25a54a2adaa0a93493,118.79647882394113,31.920076090649882,71
8672,天泰青城苑,118.797004,31.919251,江苏省南京市江宁区将军大道62号,江苏省,南京市,江宁区,1,1bf85b25a54a2adaa0a93493,118.79649419754162,31.92008823642825,72
8673,雍福龙庭,118.799289,31.91476,南京市江宁区将军大道129号,江苏省,南京市,江宁区,1,99ee3da23800b671128824c4,118.79806458020025,31.91412018393316,1
8673,雍福龙庭,118.799289,31.91476,南京市江宁区将军大道129号,江苏省,南京市,江宁区,1,99ee3da23800b671128824c4,118.7981050039482,31.91479066170638,2
8673,雍福龙庭,118.799289,31.91476,南京市江宁区将军大道129号,江苏省,南京市,江宁区,1,99ee3da23800b671128824c4,118.79857212281338,31.914855793569988,3
8673,雍福龙庭,118.799289,31.91476,南京市江宁区将军大道129号,江苏省,南京市,江宁区,1,99ee3da23800b671128824c4,118.79907517389897,31.915108658010887,4
8673,雍福龙庭,118.799289,31.91476,南京市江宁区将军大道129号,江苏省,南京市,江宁区,1,99ee3da23800b671128824c4,118.7995467842917,31.9154113281613,5
8673,雍福龙庭,118.799289,31.91476,南京市江宁区将军大道129号,江苏省,南京市,江宁区,1,99ee3da23800b671128824c4,118.80006330995995,31.915698672310338,6
8673,雍福龙庭,118.799289,31.91476,南京市江宁区将军大道129号,江苏省,南京市,江宁区,1,99ee3da23800b671128824c4,118.80142424280757,31.91650323110614,7
8673,雍福龙庭,118.799289,31.91476,南京市江宁区将军大道129号,江苏省,南京市,江宁区,1,99ee3da23800b671128824c4,118.80177458195645,31.916798234217616,8
8673,雍福龙庭,118.799289,31.91476,南京市江宁区将军大道129号,江苏省,南京市,江宁区,1,99ee3da23800b671128824c4,118.80188687014521,31.91671394771181,9
8673,雍福龙庭,118.799289,31.91476,南京市江宁区将军大道129号,江苏省,南京市,江宁区,1,99ee3da23800b671128824c4,118.80192998880969,31.915862956131274,10
8673,雍福龙庭,118.799289,31.91476,南京市江宁区将军大道129号,江苏省,南京市,江宁区,1,99ee3da23800b671128824c4,118.8019629566219,31.915152028023282,11
8673,雍福龙庭,118.799289,31.91476,南京市江宁区将军大道129号,江苏省,南京市,江宁区,1,99ee3da23800b671128824c4,118.80164199206318,31.915188961480442,12
8673,雍福龙庭,118.799289,31.91476,南京市江宁区将军大道129号,江苏省,南京市,江宁区,1,99ee3da23800b671128824c4,118.8015299733661,31.915216010247665,13
8673,雍福龙庭,118.799289,31.91476,南京市江宁区将军大道129号,江苏省,南京市,江宁区,1,99ee3da23800b671128824c4,118.80116795624558,31.91521302185736,14
8673,雍福龙庭,118.799289,31.91476,南京市江宁区将军大道129号,江苏省,南京市,江宁区,1,99ee3da23800b671128824c4,118.80089801543983,31.91519401875765,15
8673,雍福龙庭,118.799289,31.91476,南京市江宁区将军大道129号,江苏省,南京市,江宁区,1,99ee3da23800b671128824c4,118.80045802540104,31.914799013912674,16
8673,雍福龙庭,118.799289,31.91476,南京市江宁区将军大道129号,江苏省,南京市,江宁区,1,99ee3da23800b671128824c4,118.8001930252756,31.914492970184114,17
8673,雍福龙庭,118.799289,31.91476,南京市江宁区将军大道129号,江苏省,南京市,江宁区,1,99ee3da23800b671128824c4,118.7999229946393,31.91424401197111,18
8673,雍福龙庭,118.799289,31.91476,南京市江宁区将军大道129号,江苏省,南京市,江宁区,1,99ee3da23800b671128824c4,118.79977998440211,31.91414799928061,19
8673,雍福龙庭,118.799289,31.91476,南京市江宁区将军大道129号,江苏省,南京市,江宁区,1,99ee3da23800b671128824c4,118.79950600122157,31.914089993160772,20
8673,雍福龙庭,118.799289,31.91476,南京市江宁区将军大道129号,江苏省,南京市,江宁区,1,99ee3da23800b671128824c4,118.79914596037317,31.914074974397177,21
8673,雍福龙庭,118.799289,31.91476,南京市江宁区将军大道129号,江苏省,南京市,江宁区,1,99ee3da23800b671128824c4,118.79861200757804,31.91413198438463,22
8673,雍福龙庭,118.799289,31.91476,南京市江宁区将军大道129号,江苏省,南京市,江宁区,1,99ee3da23800b671128824c4,118.79836102101854,31.914147003138822,23
8673,雍福龙庭,118.799289,31.91476,南京市江宁区将军大道129号,江苏省,南京市,江宁区,1,99ee3da23800b671128824c4,118.79806458020025,31.91412018393316,24
8675,美丽新世界金德茂花园,118.799712,31.918609,南京市江宁区佛城东路8号,江苏省,南京市,江宁区,1,083a55fac7633b79246e9878,118.80043348250156,31.92008174207232,1
8675,美丽新世界金德茂花园,118.799712,31.918609,南京市江宁区佛城东路8号,江苏省,南京市,江宁区,1,083a55fac7633b79246e9878,118.8002089051566,31.91994389304901,2
8675,美丽新世界金德茂花园,118.799712,31.918609,南京市江宁区佛城东路8号,江苏省,南京市,江宁区,1,083a55fac7633b79246e9878,118.79880303520464,31.91902067788003,3
8675,美丽新世界金德茂花园,118.799712,31.918609,南京市江宁区佛城东路8号,江苏省,南京市,江宁区,1,083a55fac7633b79246e9878,118.79869074496148,31.91890192927294,4
8675,美丽新世界金德茂花园,118.799712,31.918609,南京市江宁区佛城东路8号,江苏省,南京市,江宁区,1,083a55fac7633b79246e9878,118.7985514768306,31.918637632609805,5
8675,美丽新世界金德茂花园,118.799712,31.918609,南京市江宁区佛城东路8号,江苏省,南京市,江宁区,1,083a55fac7633b79246e9878,118.79842571409603,31.918185576210004,6
8675,美丽新世界金德茂花园,118.799712,31.918609,南京市江宁区佛城东路8号,江苏省,南京市,江宁区,1,083a55fac7633b79246e9878,118.79835834155287,31.917955707894436,7
8675,美丽新世界金德茂花园,118.799712,31.918609,南京市江宁区佛城东路8号,江苏省,南京市,江宁区,1,083a55fac7633b79246e9878,118.79838981722664,31.91789053258197,8
8675,美丽新世界金德茂花园,118.799712,31.918609,南京市江宁区佛城东路8号,江苏省,南京市,江宁区,1,083a55fac7633b79246e9878,118.79860537543607,31.917775626636704,9
8675,美丽新世界金德茂花园,118.799712,31.918609,南京市江宁区佛城东路8号,江苏省,南京市,江宁区,1,083a55fac7633b79246e9878,118.79871771378171,31.917733445013802,10
8675,美丽新世界金德茂花园,118.799712,31.918609,南京市江宁区佛城东路8号,江苏省,南京市,江宁区,1,083a55fac7633b79246e9878,118.79896027535929,31.91754955108741,11
8675,美丽新世界金德茂花园,118.799712,31.918609,南京市江宁区佛城东路8号,江苏省,南京市,江宁区,1,083a55fac7633b79246e9878,118.79891536806882,31.917446106672777,12
8675,美丽新世界金德茂花园,118.799712,31.918609,南京市江宁区佛城东路8号,江苏省,南京市,江宁区,1,083a55fac7633b79246e9878,118.799081551445,31.91722382895804,13
8675,美丽新世界金德茂花园,118.799712,31.918609,南京市江宁区佛城东路8号,江苏省,南京市,江宁区,1,083a55fac7633b79246e9878,118.799849537095,31.917733350466047,14
8675,美丽新世界金德茂花园,118.799712,31.918609,南京市江宁区佛城东路8号,江苏省,南京市,江宁区,1,083a55fac7633b79246e9878,118.79974627394546,31.917909538343498,15
8675,美丽新世界金德茂花园,118.799712,31.918609,南京市江宁区佛城东路8号,江苏省,南京市,江宁区,1,083a55fac7633b79246e9878,118.79977771106036,31.91800916251967,16
8675,美丽新世界金德茂花园,118.799712,31.918609,南京市江宁区佛城东路8号,江苏省,南京市,江宁区,1,083a55fac7633b79246e9878,118.80026279112562,31.91831561044731,17
8675,美丽新世界金德茂花园,118.799712,31.918609,南京市江宁区佛城东路8号,江苏省,南京市,江宁区,1,083a55fac7633b79246e9878,118.80123743918864,31.91883274847097,18
8675,美丽新世界金德茂花园,118.799712,31.918609,南京市江宁区佛城东路8号,江苏省,南京市,江宁区,1,083a55fac7633b79246e9878,118.8017001523387,31.919162238345898,19
8675,美丽新世界金德茂花园,118.799712,31.918609,南京市江宁区佛城东路8号,江苏省,南京市,江宁区,1,083a55fac7633b79246e9878,118.80181684879825,31.919415026219074,20
8675,美丽新世界金德茂花园,118.799712,31.918609,南京市江宁区佛城东路8号,江苏省,南京市,江宁区,1,083a55fac7633b79246e9878,118.80181693918486,31.919510850589635,21
8675,美丽新世界金德茂花园,118.799712,31.918609,南京市江宁区佛城东路8号,江苏省,南京市,江宁区,1,083a55fac7633b79246e9878,118.80178096932725,31.919602713198753,22
8675,美丽新世界金德茂花园,118.799712,31.918609,南京市江宁区佛城东路8号,江苏省,南京市,江宁区,1,083a55fac7633b79246e9878,118.80140365738852,31.91961816031565,23
8675,美丽新世界金德茂花园,118.799712,31.918609,南京市江宁区佛城东路8号,江苏省,南京市,江宁区,1,083a55fac7633b79246e9878,118.80083991261274,31.91949155289067,24
8675,美丽新世界金德茂花园,118.799712,31.918609,南京市江宁区佛城东路8号,江苏省,南京市,江宁区,1,083a55fac7633b79246e9878,118.80043348250156,31.92008174207232,25
8676,翠屏湾花园城,118.800149,31.91261,南京市江宁区将军大道129号,江苏省,南京市,江宁区,1,e85e25276176485395f08c78,118.79807598868024,31.912385424314195,1
8676,翠屏湾花园城,118.800149,31.91261,南京市江宁区将军大道129号,江苏省,南京市,江宁区,1,e85e25276176485395f08c78,118.79794798014507,31.911531020648773,2
8676,翠屏湾花园城,118.800149,31.91261,南京市江宁区将军大道129号,江苏省,南京市,江宁区,1,e85e25276176485395f08c78,118.79787836146804,31.910872013245648,3
8676,翠屏湾花园城,118.800149,31.91261,南京市江宁区将军大道129号,江苏省,南京市,江宁区,1,e85e25276176485395f08c78,118.79795022590883,31.91074940669131,4
8676,翠屏湾花园城,118.800149,31.91261,南京市江宁区将军大道129号,江苏省,南京市,江宁区,1,e85e25276176485395f08c78,118.79851984143272,31.910748257254088,5
8676,翠屏湾花园城,118.800149,31.91261,南京市江宁区将军大道129号,江苏省,南京市,江宁区,1,e85e25276176485395f08c78,118.7990005247111,31.91073737591428,6
8676,翠屏湾花园城,118.800149,31.91261,南京市江宁区将军大道129号,江苏省,南京市,江宁区,1,e85e25276176485395f08c78,118.80037115925823,31.910714923568175,7
8676,翠屏湾花园城,118.800149,31.91261,南京市江宁区将军大道129号,江苏省,南京市,江宁区,1,e85e25276176485395f08c78,118.80100895617032,31.910645957282767,8
8676,翠屏湾花园城,118.800149,31.91261,南京市江宁区将军大道129号,江苏省,南京市,江宁区,1,e85e25276176485395f08c78,118.80131195461882,31.91067446335373,9
8676,翠屏湾花园城,118.800149,31.91261,南京市江宁区将军大道129号,江苏省,南京市,江宁区,1,e85e25276176485395f08c78,118.8018353972395,31.91044672105391,10
8676,翠屏湾花园城,118.800149,31.91261,南京市江宁区将军大道129号,江苏省,南京市,江宁区,1,e85e25276176485395f08c78,118.80220819402614,31.910450552523958,11
8676,翠屏湾花园城,118.800149,31.91261,南京市江宁区将军大道129号,江苏省,南京市,江宁区,1,e85e25276176485395f08c78,118.80206671090832,31.911386805715154,12
8676,翠屏湾花园城,118.800149,31.91261,南京市江宁区将军大道129号,江苏省,南京市,江宁区,1,e85e25276176485395f08c78,118.80201721427471,31.913607858962806,13
8676,翠屏湾花园城,118.800149,31.91261,南京市江宁区将军大道129号,江苏省,南京市,江宁区,1,e85e25276176485395f08c78,118.80206257870296,31.914360177229945,14
8676,翠屏湾花园城,118.800149,31.91261,南京市江宁区将军大道129号,江苏省,南京市,江宁区,1,e85e25276176485395f08c78,118.80202790411028,31.91493295561167,15
8676,翠屏湾花园城,118.800149,31.91261,南京市江宁区将军大道129号,江苏省,南京市,江宁区,1,e85e25276176485395f08c78,118.80182659384549,31.91502168804752,16
8676,翠屏湾花园城,118.800149,31.91261,南京市江宁区将军大道129号,江苏省,南京市,江宁区,1,e85e25276176485395f08c78,118.80163489544967,31.915081685837297,17
8676,翠屏湾花园城,118.800149,31.91261,南京市江宁区将军大道129号,江苏省,南京市,江宁区,1,e85e25276176485395f08c78,118.80135363599449,31.915099539578097,18
8676,翠屏湾花园城,118.800149,31.91261,南京市江宁区将军大道129号,江苏省,南京市,江宁区,1,e85e25276176485395f08c78,118.8010177595643,31.915094635546644,19
8676,翠屏湾花园城,118.800149,31.91261,南京市江宁区将军大道129号,江苏省,南京市,江宁区,1,e85e25276176485395f08c78,118.80081186794142,31.914967513764054,20
8676,翠屏湾花园城,118.800149,31.91261,南京市江宁区将军大道129号,江苏省,南京市,江宁区,1,e85e25276176485395f08c78,118.80020111002518,31.914326691613145,21
8676,翠屏湾花园城,118.800149,31.91261,南京市江宁区将军大道129号,江苏省,南京市,江宁区,1,e85e25276176485395f08c78,118.80003968452505,31.914173745710332,22
8676,翠屏湾花园城,118.800149,31.91261,南京市江宁区将军大道129号,江苏省,南京市,江宁区,1,e85e25276176485395f08c78,118.79979956746223,31.91403359615813,23
8676,翠屏湾花园城,118.800149,31.91261,南京市江宁区将军大道129号,江苏省,南京市,江宁区,1,e85e25276176485395f08c78,118.79939721642431,31.91401497594442,24
8676,翠屏湾花园城,118.800149,31.91261,南京市江宁区将军大道129号,江苏省,南京市,江宁区,1,e85e25276176485395f08c78,118.79908900780384,31.913990991877547,25
8676,翠屏湾花园城,118.800149,31.91261,南京市江宁区将军大道129号,江苏省,南京市,江宁区,1,e85e25276176485395f08c78,118.7985319685571,31.914025014002494,26
8676,翠屏湾花园城,118.800149,31.91261,南京市江宁区将军大道129号,江苏省,南京市,江宁区,1,e85e25276176485395f08c78,118.79827478368959,31.914030301223463,27
8676,翠屏湾花园城,118.800149,31.91261,南京市江宁区将军大道129号,江苏省,南京市,江宁区,1,e85e25276176485395f08c78,118.79821801078135,31.91382203046074,28
8676,翠屏湾花园城,118.800149,31.91261,南京市江宁区将军大道129号,江苏省,南京市,江宁区,1,e85e25276176485395f08c78,118.79821522603429,31.913676593126304,29
8676,翠屏湾花园城,118.800149,31.91261,南京市江宁区将军大道129号,江苏省,南京市,江宁区,1,e85e25276176485395f08c78,118.79858802282092,31.91369574979586,30
8676,翠屏湾花园城,118.800149,31.91261,南京市江宁区将军大道129号,江苏省,南京市,江宁区,1,e85e25276176485395f08c78,118.79861497198623,31.913036758049415,31
8676,翠屏湾花园城,118.800149,31.91261,南京市江宁区将军大道129号,江苏省,南京市,江宁区,1,e85e25276176485395f08c78,118.79853861601788,31.91296779352139,32
8676,翠屏湾花园城,118.800149,31.91261,南京市江宁区将军大道129号,江苏省,南京市,江宁区,1,e85e25276176485395f08c78,118.79852514143522,31.91242373819221,33
8676,翠屏湾花园城,118.800149,31.91261,南京市江宁区将军大道129号,江苏省,南京市,江宁区,1,e85e25276176485395f08c78,118.79847124310463,31.912377761536646,34
8676,翠屏湾花园城,118.800149,31.91261,南京市江宁区将军大道129号,江苏省,南京市,江宁区,1,e85e25276176485395f08c78,118.79839039560873,31.912362435979638,35
8676,翠屏湾花园城,118.800149,31.91261,南京市江宁区将军大道129号,江苏省,南京市,江宁区,1,e85e25276176485395f08c78,118.79807598868024,31.912385424314195,36
8680,雅居乐藏龙御景,118.806458,31.917672,南京市江宁区清水亭西路200号,江苏省,南京市,江宁区,1,58dbb2899689427f4054d787,118.80358403874521,31.917776028609104,1
8680,雅居乐藏龙御景,118.806458,31.917672,南京市江宁区清水亭西路200号,江苏省,南京市,江宁区,1,58dbb2899689427f4054d787,118.80354298618342,31.916481010053857,2
8680,雅居乐藏龙御景,118.806458,31.917672,南京市江宁区清水亭西路200号,江苏省,南京市,江宁区,1,58dbb2899689427f4054d787,118.80622900948879,31.91646200721864,3
8680,雅居乐藏龙御景,118.806458,31.917672,南京市江宁区清水亭西路200号,江苏省,南京市,江宁区,1,58dbb2899689427f4054d787,118.806246975599,31.917280964521268,4
8680,雅居乐藏龙御景,118.806458,31.917672,南京市江宁区清水亭西路200号,江苏省,南京市,江宁区,1,58dbb2899689427f4054d787,118.80887002768813,31.917280964521268,5
8680,雅居乐藏龙御景,118.806458,31.917672,南京市江宁区清水亭西路200号,江苏省,南京市,江宁区,1,58dbb2899689427f4054d787,118.80928890754743,31.917679023537776,6
8680,雅居乐藏龙御景,118.806458,31.917672,南京市江宁区清水亭西路200号,江苏省,南京市,江宁区,1,58dbb2899689427f4054d787,118.80737282189465,31.919770203181073,7
8680,雅居乐藏龙御景,118.806458,31.917672,南京市江宁区清水亭西路200号,江苏省,南京市,江宁区,1,58dbb2899689427f4054d787,118.80358403874521,31.917776028609104,8
8681,水韵雨滴苑,118.80372,31.92032,南京市江宁区佛城东路66号,江苏省,南京市,江宁区,1,a8f7e68cc3f116770869d90c,118.80382433546914,31.92000443499155,1
8681,水韵雨滴苑,118.80372,31.92032,南京市江宁区佛城东路66号,江苏省,南京市,江宁区,1,a8f7e68cc3f116770869d90c,118.80359392010583,31.919959841346873,2
8681,水韵雨滴苑,118.80372,31.92032,南京市江宁区佛城东路66号,江苏省,南京市,江宁区,1,a8f7e68cc3f116770869d90c,118.80343509969167,31.91997937980212,3
8681,水韵雨滴苑,118.80372,31.92032,南京市江宁区佛城东路66号,江苏省,南京市,江宁区,1,a8f7e68cc3f116770869d90c,118.80331679285601,31.92003508353194,4
8681,水韵雨滴苑,118.80372,31.92032,南京市江宁区佛城东路66号,江苏省,南京市,江宁区,1,a8f7e68cc3f116770869d90c,118.80325139621486,31.920151930997566,5
8681,水韵雨滴苑,118.80372,31.92032,南京市江宁区佛城东路66号,江苏省,南京市,江宁区,1,a8f7e68cc3f116770869d90c,118.80317288431328,31.92060874568369,6
8681,水韵雨滴苑,118.80372,31.92032,南京市江宁区佛城东路66号,江苏省,南京市,江宁区,1,a8f7e68cc3f116770869d90c,118.8031320114126,31.92064966121135,7
8681,水韵雨滴苑,118.80372,31.92032,南京市江宁区佛城东路66号,江苏省,南京市,江宁区,1,a8f7e68cc3f116770869d90c,118.80305601476644,31.92064943134888,8
8681,水韵雨滴苑,118.80372,31.92032,南京市江宁区佛城东路66号,江苏省,南京市,江宁区,1,a8f7e68cc3f116770869d90c,118.80299717575555,31.920698238798973,9
8681,水韵雨滴苑,118.80372,31.92032,南京市江宁区佛城东路66号,江苏省,南京市,江宁区,1,a8f7e68cc3f116770869d90c,118.80299717575555,31.920773250511942,10
8681,水韵雨滴苑,118.80372,31.92032,南京市江宁区佛城东路66号,江苏省,南京市,江宁区,1,a8f7e68cc3f116770869d90c,118.80332694370826,31.92082527596403,11
8681,水韵雨滴苑,118.80372,31.92032,南京市江宁区佛城东路66号,江苏省,南京市,江宁区,1,a8f7e68cc3f116770869d90c,118.8033437420213,31.920743828151807,12
8681,水韵雨滴苑,118.80372,31.92032,南京市江宁区佛城东路66号,江苏省,南京市,江宁区,1,a8f7e68cc3f116770869d90c,118.80345180817415,31.92074965132801,13
8681,水韵雨滴苑,118.80372,31.92032,南京市江宁区佛城东路66号,江苏省,南京市,江宁区,1,a8f7e68cc3f116770869d90c,118.8035017539605,31.92071777709584,14
8681,水韵雨滴苑,118.80372,31.92032,南京市江宁区佛城东路66号,江苏省,南京市,江宁区,1,a8f7e68cc3f116770869d90c,118.80352789465084,31.920632728008314,15
8681,水韵雨滴苑,118.80372,31.92032,南京市江宁区佛城东路66号,江苏省,南京市,江宁区,1,a8f7e68cc3f116770869d90c,118.80370252524199,31.920660311504864,16
8681,水韵雨滴苑,118.80372,31.92032,南京市江宁区佛城东路66号,江苏省,南京市,江宁区,1,a8f7e68cc3f116770869d90c,118.80382433546914,31.92000443499155,17
8686,苏源大厦,118.813428,31.911678,苏源大道58号,江苏省,南京市,江宁区,1,d6c5d991ad2f379531169ba7,118.81359306865944,31.912460476639012,1
8686,苏源大厦,118.813428,31.911678,苏源大道58号,江苏省,南京市,江宁区,1,d6c5d991ad2f379531169ba7,118.81114962649404,31.912499077946528,2
8686,苏源大厦,118.813428,31.911678,苏源大道58号,江苏省,南京市,江宁区,1,d6c5d991ad2f379531169ba7,118.81108674634531,31.912495263850605,3
8686,苏源大厦,118.813428,31.911678,苏源大道58号,江苏省,南京市,江宁区,1,d6c5d991ad2f379531169ba7,118.81105532752709,31.912387983578295,4
8686,苏源大厦,118.813428,31.911678,苏源大道58号,江苏省,南京市,江宁区,1,d6c5d991ad2f379531169ba7,118.81105084035991,31.910889906738916,5
8686,苏源大厦,118.813428,31.911678,苏源大道58号,江苏省,南京市,江宁区,1,d6c5d991ad2f379531169ba7,118.81350733613596,31.91097786265098,6
8686,苏源大厦,118.813428,31.911678,苏源大道58号,江苏省,南京市,江宁区,1,d6c5d991ad2f379531169ba7,118.81586578309985,31.91080288467065,7
8686,苏源大厦,118.813428,31.911678,苏源大道58号,江苏省,南京市,江宁区,1,d6c5d991ad2f379531169ba7,118.8158729454388,31.91239104098335,8
8686,苏源大厦,118.813428,31.911678,苏源大道58号,江苏省,南京市,江宁区,1,d6c5d991ad2f379531169ba7,118.8158074071367,31.912414424294536,9
8686,苏源大厦,118.813428,31.911678,苏源大道58号,江苏省,南京市,江宁区,1,d6c5d991ad2f379531169ba7,118.81569064343807,31.91242974890948,10
8686,苏源大厦,118.813428,31.911678,苏源大道58号,江苏省,南京市,江宁区,1,d6c5d991ad2f379531169ba7,118.81359306865944,31.912460476639012,11
8687,江南环保大厦,118.817009,31.913233,江苏省南京市江宁区苏源大道29号,江苏省,南京市,江宁区,1,49f99e5f9dfe85d4c17da243,118.81624331931403,31.912926414779513,1
8687,江南环保大厦,118.817009,31.913233,江苏省南京市江宁区苏源大道29号,江苏省,南京市,江宁区,1,49f99e5f9dfe85d4c17da243,118.81623433625892,31.913803793336697,2
8687,江南环保大厦,118.817009,31.913233,江苏省南京市江宁区苏源大道29号,江苏省,南京市,江宁区,1,49f99e5f9dfe85d4c17da243,118.8173931503668,31.913803793336697,3
8687,江南环保大厦,118.817009,31.913233,江苏省南京市江宁区苏源大道29号,江苏省,南京市,江宁区,1,49f99e5f9dfe85d4c17da243,118.81737518425659,31.912930246145287,4
8687,江南环保大厦,118.817009,31.913233,江苏省南京市江宁区苏源大道29号,江苏省,南京市,江宁区,1,49f99e5f9dfe85d4c17da243,118.81624331931403,31.912926414779513,5
8690,颐和南园,118.826242,31.917065,江苏省南京市江宁区经济技术开发区九龙湖路1号,江苏省,南京市,江宁区,1,850815e1ad67ace642e192a7,118.82492104037097,31.921284998844122,1
8690,颐和南园,118.826242,31.917065,江苏省南京市江宁区经济技术开发区九龙湖路1号,江苏省,南京市,江宁区,1,850815e1ad67ace642e192a7,118.82875698455967,31.92208996801863,2
8690,颐和南园,118.826242,31.917065,江苏省南京市江宁区经济技术开发区九龙湖路1号,江苏省,南京市,江宁区,1,850815e1ad67ace642e192a7,118.82891400836283,31.921829001254814,3
8690,颐和南园,118.826242,31.917065,江苏省南京市江宁区经济技术开发区九龙湖路1号,江苏省,南京市,江宁区,1,850815e1ad67ace642e192a7,118.82961899852704,31.918607003838304,4
8690,颐和南园,118.826242,31.917065,江苏省南京市江宁区经济技术开发区九龙湖路1号,江苏省,南京市,江宁区,1,850815e1ad67ace642e192a7,118.82875698455967,31.918479963579514,5
8690,颐和南园,118.826242,31.917065,江苏省南京市江宁区经济技术开发区九龙湖路1号,江苏省,南京市,江宁区,1,850815e1ad67ace642e192a7,118.82894598803897,31.918027965468244,6
8690,颐和南园,118.826242,31.917065,江苏省南京市江宁区经济技术开发区九龙湖路1号,江苏省,南京市,江宁区,1,850815e1ad67ace642e192a7,118.82910040675614,31.917863838797878,7
8690,颐和南园,118.826242,31.917065,江苏省南京市江宁区经济技术开发区九龙湖路1号,江苏省,南京市,江宁区,1,850815e1ad67ace642e192a7,118.82983001049134,31.91809003009847,8
8690,颐和南园,118.826242,31.917065,江苏省南京市江宁区经济技术开发区九龙湖路1号,江苏省,南京市,江宁区,1,850815e1ad67ace642e192a7,118.83010004112764,31.917684004053438,9
8690,颐和南园,118.826242,31.917065,江苏省南京市江宁区经济技术开发区九龙湖路1号,江苏省,南京市,江宁区,1,850815e1ad67ace642e192a7,118.83078472958735,31.916733640111516,10
8690,颐和南园,118.826242,31.917065,江苏省南京市江宁区经济技术开发区九龙湖路1号,江苏省,南京市,江宁区,1,850815e1ad67ace642e192a7,118.83027503104098,31.916449977195906,11
8690,颐和南园,118.826242,31.917065,江苏省南京市江宁区经济技术开发区九龙湖路1号,江苏省,南京市,江宁区,1,850815e1ad67ace642e192a7,118.83084096351227,31.915774990764003,12
8690,颐和南园,118.826242,31.917065,江苏省南京市江宁区经济技术开发区九龙湖路1号,江苏省,南京市,江宁区,1,850815e1ad67ace642e192a7,118.83026595815534,31.915454008402882,13
8690,颐和南园,118.826242,31.917065,江苏省南京市江宁区经济技术开发区九龙湖路1号,江苏省,南京市,江宁区,1,850815e1ad67ace642e192a7,118.82998703429449,31.91578295975548,14
8690,颐和南园,118.826242,31.917065,江苏省南京市江宁区经济技术开发区九龙湖路1号,江苏省,南京市,江宁区,1,850815e1ad67ace642e192a7,118.82933100178056,31.91541500617213,15
8690,颐和南园,118.826242,31.917065,江苏省南京市江宁区经济技术开发区九龙湖路1号,江苏省,南京市,江宁区,1,850815e1ad67ace642e192a7,118.82903303384289,31.91603635799591,16
8690,颐和南园,118.826242,31.917065,江苏省南京市江宁区经济技术开发区九龙湖路1号,江苏省,南京市,江宁区,1,850815e1ad67ace642e192a7,118.82596082899877,31.91506705036477,17
8690,颐和南园,118.826242,31.917065,江苏省南京市江宁区经济技术开发区九龙湖路1号,江苏省,南京市,江宁区,1,850815e1ad67ace642e192a7,118.82664102593091,31.91324296167688,18
8690,颐和南园,118.826242,31.917065,江苏省南京市江宁区经济技术开发区九龙湖路1号,江苏省,南京市,江宁区,1,850815e1ad67ace642e192a7,118.8237079686103,31.912013012580456,19
8690,颐和南园,118.826242,31.917065,江苏省南京市江宁区经济技术开发区九龙湖路1号,江苏省,南京市,江宁区,1,850815e1ad67ace642e192a7,118.82336697183871,31.912048031608723,20
8690,颐和南园,118.826242,31.917065,江苏省南京市江宁区经济技术开发区九龙湖路1号,江苏省,南京市,江宁区,1,850815e1ad67ace642e192a7,118.8231070022241,31.91249599812231,21
8690,颐和南园,118.826242,31.917065,江苏省南京市江宁区经济技术开发区九龙湖路1号,江苏省,南京市,江宁区,1,850815e1ad67ace642e192a7,118.82256801891812,31.913771993300745,22
8690,颐和南园,118.826242,31.917065,江苏省南京市江宁区经济技术开发区九龙湖路1号,江苏省,南京市,江宁区,1,850815e1ad67ace642e192a7,118.82263503250918,31.91466499539092,23
8690,颐和南园,118.826242,31.917065,江苏省南京市江宁区经济技术开发区九龙湖路1号,江苏省,南京市,江宁区,1,850815e1ad67ace642e192a7,118.82288700720471,31.915350027958873,24
8690,颐和南园,118.826242,31.917065,江苏省南京市江宁区经济技术开发区九龙湖路1号,江苏省,南京市,江宁区,1,850815e1ad67ace642e192a7,118.82341197694475,31.916082026306587,25
8690,颐和南园,118.826242,31.917065,江苏省南京市江宁区经济技术开发区九龙湖路1号,江苏省,南京市,江宁区,1,850815e1ad67ace642e192a7,118.82409397048794,31.917215987638905,26
8690,颐和南园,118.826242,31.917065,江苏省南京市江宁区经济技术开发区九龙湖路1号,江苏省,南京市,江宁区,1,850815e1ad67ace642e192a7,118.82451698255258,31.918142976558244,27
8690,颐和南园,118.826242,31.917065,江苏省南京市江宁区经济技术开发区九龙湖路1号,江苏省,南京市,江宁区,1,850815e1ad67ace642e192a7,118.8245774385134,31.91881396108193,28
8690,颐和南园,118.826242,31.917065,江苏省南京市江宁区经济技术开发区九龙湖路1号,江苏省,南京市,江宁区,1,850815e1ad67ace642e192a7,118.82446515032466,31.919331160579073,29
8690,颐和南园,118.826242,31.917065,江苏省南京市江宁区经济技术开发区九龙湖路1号,江苏省,南京市,江宁区,1,850815e1ad67ace642e192a7,118.82478854030825,31.919377133725597,30
8690,颐和南园,118.826242,31.917065,江苏省南京市江宁区经济技术开发区九龙湖路1号,江苏省,南京市,江宁区,1,850815e1ad67ace642e192a7,118.82541735416524,31.919361809346,31
8690,颐和南园,118.826242,31.917065,江苏省南京市江宁区经济技术开发区九龙湖路1号,江苏省,南京市,江宁区,1,850815e1ad67ace642e192a7,118.82548023555093,31.919779397767908,32
8690,颐和南园,118.826242,31.917065,江苏省南京市江宁区经济技术开发区九龙湖路1号,江苏省,南京市,江宁区,1,850815e1ad67ace642e192a7,118.82657904285072,31.919752963328236,33
8690,颐和南园,118.826242,31.917065,江苏省南京市江宁区经济技术开发区九龙湖路1号,江苏省,南京市,江宁区,1,850815e1ad67ace642e192a7,118.82658802590582,31.920123964240748,34
8690,颐和南园,118.826242,31.917065,江苏省南京市江宁区经济技术开发区九龙湖路1号,江苏省,南京市,江宁区,1,850815e1ad67ace642e192a7,118.82617902740714,31.920369994784988,35
8690,颐和南园,118.826242,31.917065,江苏省南京市江宁区经济技术开发区九龙湖路1号,江苏省,南京市,江宁区,1,850815e1ad67ace642e192a7,118.8257470322874,31.920410987040913,36
8690,颐和南园,118.826242,31.917065,江苏省南京市江宁区经济技术开发区九龙湖路1号,江苏省,南京市,江宁区,1,850815e1ad67ace642e192a7,118.82537504397571,31.92040401452765,37
8690,颐和南园,118.826242,31.917065,江苏省南京市江宁区经济技术开发区九龙湖路1号,江苏省,南京市,江宁区,1,850815e1ad67ace642e192a7,118.82511004385026,31.92064498734115,38
8690,颐和南园,118.826242,31.917065,江苏省南京市江宁区经济技术开发区九龙湖路1号,江苏省,南京市,江宁区,1,850815e1ad67ace642e192a7,118.82455803511439,31.921166007461224,39
8690,颐和南园,118.826242,31.917065,江苏省南京市江宁区经济技术开发区九龙湖路1号,江苏省,南京市,江宁区,1,850815e1ad67ace642e192a7,118.82492104037097,31.921284998844122,40
8691,颐和南园颐盛湾,118.824114,31.9144,南京市江宁区经济技术开发区九龙湖路1号,江苏省,南京市,江宁区,1,1fc201713bcf628d0e0e6be9,118.82311244357051,31.91572925816739,1
8691,颐和南园颐盛湾,118.824114,31.9144,南京市江宁区经济技术开发区九龙湖路1号,江苏省,南京市,江宁区,1,1fc201713bcf628d0e0e6be9,118.82310561890729,31.915731055828008,2
8691,颐和南园颐盛湾,118.824114,31.9144,南京市江宁区经济技术开发区九龙湖路1号,江苏省,南京市,江宁区,1,1fc201713bcf628d0e0e6be9,118.82309176599699,31.915731353157355,3
8691,颐和南园颐盛湾,118.824114,31.9144,南京市江宁区经济技术开发区九龙湖路1号,江苏省,南京市,江宁区,1,1fc201713bcf628d0e0e6be9,118.82308162482127,31.91572869683745,4
8691,颐和南园颐盛湾,118.824114,31.9144,南京市江宁区经济技术开发区九龙湖路1号,江苏省,南京市,江宁区,1,1fc201713bcf628d0e0e6be9,118.82307248569187,31.915723925686855,5
8691,颐和南园颐盛湾,118.824114,31.9144,南京市江宁区经济技术开发区九龙湖路1号,江苏省,南京市,江宁区,1,1fc201713bcf628d0e0e6be9,118.82306475022412,31.915717134034423,6
8691,颐和南园颐盛湾,118.824114,31.9144,南京市江宁区经济技术开发区九龙湖路1号,江苏省,南京市,江宁区,1,1fc201713bcf628d0e0e6be9,118.82305871982379,31.915708617688882,7
8691,颐和南园颐盛湾,118.824114,31.9144,南京市江宁区经济技术开发区九龙湖路1号,江苏省,南京市,江宁区,1,1fc201713bcf628d0e0e6be9,118.82305479662,31.915699071124237,8
8691,颐和南园颐盛湾,118.824114,31.9144,南京市江宁区经济技术开发区九龙湖路1号,江苏省,南京市,江宁区,1,1fc201713bcf628d0e0e6be9,118.82294236168767,31.914983592883253,9
8691,颐和南园颐盛湾,118.824114,31.9144,南京市江宁区经济技术开发区九龙湖路1号,江苏省,南京市,江宁区,1,1fc201713bcf628d0e0e6be9,118.82277158150701,31.914217119242785,10
8691,颐和南园颐盛湾,118.824114,31.9144,南京市江宁区经济技术开发区九龙湖路1号,江苏省,南京市,江宁区,1,1fc201713bcf628d0e0e6be9,118.82276906176814,31.91420455170164,11
8691,颐和南园颐盛湾,118.824114,31.9144,南京市江宁区经济技术开发区九龙湖路1号,江苏省,南京市,江宁区,1,1fc201713bcf628d0e0e6be9,118.82276704392783,31.914191977113735,12
8691,颐和南园颐盛湾,118.824114,31.9144,南京市江宁区经济技术开发区九龙湖路1号,江苏省,南京市,江宁区,1,1fc201713bcf628d0e0e6be9,118.82276552790344,31.91417929545882,13
8691,颐和南园颐盛湾,118.824114,31.9144,南京市江宁区经济技术开发区九龙湖路1号,江苏省,南京市,江宁区,1,1fc201713bcf628d0e0e6be9,118.82276451369405,31.914166506738372,14
8691,颐和南园颐盛湾,118.824114,31.9144,南京市江宁区经济技术开发区九龙湖路1号,江苏省,南京市,江宁区,1,1fc201713bcf628d0e0e6be9,118.82276400138234,31.91415371097571,15
8691,颐和南园颐盛湾,118.824114,31.9144,南京市江宁区经济技术开发区九龙湖路1号,江苏省,南京市,江宁区,1,1fc201713bcf628d0e0e6be9,118.82276399096739,31.91414090817083,16
8691,颐和南园颐盛湾,118.824114,31.9144,南京市江宁区经济技术开发区九龙湖路1号,江苏省,南京市,江宁区,1,1fc201713bcf628d0e0e6be9,118.82276458282765,31.914128096915327,17
8691,颐和南园颐盛湾,118.824114,31.9144,南京市江宁区经济技术开发区九龙湖路1号,江苏省,南京市,江宁区,1,1fc201713bcf628d0e0e6be9,118.82280650399878,31.913455555281462,18
8691,颐和南园颐盛湾,118.824114,31.9144,南京市江宁区经济技术开发区九龙湖路1号,江苏省,南京市,江宁区,1,1fc201713bcf628d0e0e6be9,118.82280759803967,31.91344273702782,19
8691,颐和南园颐盛湾,118.824114,31.9144,南京市江宁区经济技术开发区九龙湖路1号,江苏省,南京市,江宁区,1,1fc201713bcf628d0e0e6be9,118.82280929436207,31.91342991030508,20
8691,颐和南园颐盛湾,118.824114,31.9144,南京市江宁区经济技术开发区九龙湖路1号,江苏省,南京市,江宁区,1,1fc201713bcf628d0e0e6be9,118.82281149266387,31.913417176544314,21
8691,颐和南园颐盛湾,118.824114,31.9144,南京市江宁区经济技术开发区九龙湖路1号,江苏省,南京市,江宁区,1,1fc201713bcf628d0e0e6be9,118.82281439378554,31.91340463294142,22
8691,颐和南园颐盛湾,118.824114,31.9144,南京市江宁区经济技术开发区九龙湖路1号,江苏省,南京市,江宁区,1,1fc201713bcf628d0e0e6be9,118.8228177968884,31.913392182295205,23
8691,颐和南园颐盛湾,118.824114,31.9144,南京市江宁区经济技术开发区九龙湖路1号,江苏省,南京市,江宁区,1,1fc201713bcf628d0e0e6be9,118.82282180243176,31.913379923210815,24
8691,颐和南园颐盛湾,118.824114,31.9144,南京市江宁区经济技术开发区九龙湖路1号,江苏省,南京市,江宁区,1,1fc201713bcf628d0e0e6be9,118.82282630995995,31.913367757076305,25
8691,颐和南园颐盛湾,118.824114,31.9144,南京市江宁区经济技术开发区九龙湖路1号,江苏省,南京市,江宁区,1,1fc201713bcf628d0e0e6be9,118.82304240979998,31.912822581316345,26
8691,颐和南园颐盛湾,118.824114,31.9144,南京市江宁区经济技术开发区九龙湖路1号,江苏省,南京市,江宁区,1,1fc201713bcf628d0e0e6be9,118.82304752002018,31.912810406053136,27
8691,颐和南园颐盛湾,118.824114,31.9144,南京市江宁区经济技术开发区九龙湖路1号,江苏省,南京市,江宁区,1,1fc201713bcf628d0e0e6be9,118.8230529313991,31.912798226493322,28
8691,颐和南园颐盛湾,118.824114,31.9144,南京市江宁区经济技术开发区九龙湖路1号,江苏省,南京市,江宁区,1,1fc201713bcf628d0e0e6be9,118.8230584432481,31.912786145510022,29
8691,颐和南园颐盛湾,118.824114,31.9144,南京市江宁区经济技术开发区九龙湖路1号,江苏省,南京市,江宁区,1,1fc201713bcf628d0e0e6be9,118.82306425641121,31.912774260267618,30
8691,颐和南园颐盛湾,118.824114,31.9144,南京市江宁区经济技术开发区九龙湖路1号,江苏省,南京市,江宁区,1,1fc201713bcf628d0e0e6be9,118.82307027042917,31.912762472169657,31
8691,颐和南园颐盛湾,118.824114,31.9144,南京市江宁区经济技术开发区九龙湖路1号,江苏省,南京市,江宁区,1,1fc201713bcf628d0e0e6be9,118.82307648522558,31.912750681192815,32
8691,颐和南园颐盛湾,118.824114,31.9144,南京市江宁区经济技术开发区九龙湖路1号,江苏省,南京市,江宁区,1,1fc201713bcf628d0e0e6be9,118.82308290095318,31.91273908737694,33
8691,颐和南园颐盛湾,118.824114,31.9144,南京市江宁区经济技术开发区九龙湖路1号,江苏省,南京市,江宁区,1,1fc201713bcf628d0e0e6be9,118.82339840737079,31.912194249327772,34
8691,颐和南园颐盛湾,118.824114,31.9144,南京市江宁区经济技术开发区九龙湖路1号,江苏省,南京市,江宁区,1,1fc201713bcf628d0e0e6be9,118.82340612932083,31.912183435616992,35
8691,颐和南园颐盛湾,118.824114,31.9144,南京市江宁区经济技术开发区九龙湖路1号,江苏省,南京市,江宁区,1,1fc201713bcf628d0e0e6be9,118.82341515709268,31.912173603228513,36
8691,颐和南园颐盛湾,118.824114,31.9144,南京市江宁区经济技术开发区九龙湖路1号,江苏省,南京市,江宁区,1,1fc201713bcf628d0e0e6be9,118.82342539052797,31.912165053651528,37
8691,颐和南园颐盛湾,118.824114,31.9144,南京市江宁区经济技术开发区九龙湖路1号,江苏省,南京市,江宁区,1,1fc201713bcf628d0e0e6be9,118.82343662885,31.912157789765313,38
8691,颐和南园颐盛湾,118.824114,31.9144,南京市江宁区经济技术开发区九龙湖路1号,江苏省,南京市,江宁区,1,1fc201713bcf628d0e0e6be9,118.8234485711193,31.91215211596251,39
8691,颐和南园颐盛湾,118.824114,31.9144,南京市江宁区经济技术开发区九龙湖路1号,江苏省,南京市,江宁区,1,1fc201713bcf628d0e0e6be9,118.82346121726484,31.912147932208686,40
8691,颐和南园颐盛湾,118.824114,31.9144,南京市江宁区经济技术开发区九龙湖路1号,江苏省,南京市,江宁区,1,1fc201713bcf628d0e0e6be9,118.8234742661926,31.91214534286748,41
8691,颐和南园颐盛湾,118.824114,31.9144,南京市江宁区经济技术开发区九龙湖路1号,江苏省,南京市,江宁区,1,1fc201713bcf628d0e0e6be9,118.82372602319101,31.912105571905776,42
8691,颐和南园颐盛湾,118.824114,31.9144,南京市江宁区经济技术开发区九龙湖路1号,江苏省,南京市,江宁区,1,1fc201713bcf628d0e0e6be9,118.82374047887778,31.91210386009049,43
8691,颐和南园颐盛湾,118.824114,31.9144,南京市江宁区经济技术开发区九龙湖路1号,江苏省,南京市,江宁区,1,1fc201713bcf628d0e0e6be9,118.8237549354925,31.912103348390865,44
8691,颐和南园颐盛湾,118.824114,31.9144,南京市江宁区经济技术开发区九龙湖路1号,江苏省,南京市,江宁区,1,1fc201713bcf628d0e0e6be9,118.82376939296151,31.912103936787457,45
8691,颐和南园颐盛湾,118.824114,31.9144,南京市江宁区经济技术开发区九龙湖路1号,江苏省,南京市,江宁区,1,1fc201713bcf628d0e0e6be9,118.82378385128483,31.91210562528026,46
8691,颐和南园颐盛湾,118.824114,31.9144,南京市江宁区经济技术开发区九龙湖路1号,江苏省,南京市,江宁区,1,1fc201713bcf628d0e0e6be9,118.82379800934952,31.9121085183078,47
8691,颐和南园颐盛湾,118.824114,31.9144,南京市江宁区经济技术开发区九龙湖路1号,江苏省,南京市,江宁区,1,1fc201713bcf628d0e0e6be9,118.82381186708012,31.9121125158574,48
8691,颐和南园颐盛湾,118.824114,31.9144,南京市江宁区经济技术开发区九龙湖路1号,江苏省,南京市,江宁区,1,1fc201713bcf628d0e0e6be9,118.82382542447576,31.91211761793811,49
8691,颐和南园颐盛湾,118.824114,31.9144,南京市江宁区经济技术开发区九龙湖路1号,江苏省,南京市,江宁区,1,1fc201713bcf628d0e0e6be9,118.82537273637887,31.91279016130324,50
8691,颐和南园颐盛湾,118.824114,31.9144,南京市江宁区经济技术开发区九龙湖路1号,江苏省,南京市,江宁区,1,1fc201713bcf628d0e0e6be9,118.82650618160972,31.913316425066895,51
8691,颐和南园颐盛湾,118.824114,31.9144,南京市江宁区经济技术开发区九龙湖路1号,江苏省,南京市,江宁区,1,1fc201713bcf628d0e0e6be9,118.82651632980479,31.91332166262796,52
8691,颐和南园颐盛湾,118.824114,31.9144,南京市江宁区经济技术开发区九龙湖路1号,江苏省,南京市,江宁区,1,1fc201713bcf628d0e0e6be9,118.826525173857,31.913328821607937,53
8691,颐和南园颐盛湾,118.824114,31.9144,南京市江宁区经济技术开发区九龙湖路1号,江苏省,南京市,江宁区,1,1fc201713bcf628d0e0e6be9,118.8265322114294,31.913337710085706,54
8691,颐和南园颐盛湾,118.824114,31.9144,南京市江宁区经济技术开发区九龙湖路1号,江苏省,南京市,江宁区,1,1fc201713bcf628d0e0e6be9,118.8265373416881,31.913347829593913,55
8691,颐和南园颐盛湾,118.824114,31.9144,南京市江宁区经济技术开发区九龙湖路1号,江苏省,南京市,江宁区,1,1fc201713bcf628d0e0e6be9,118.82654026308721,31.91335888494676,56
8691,颐和南园颐盛湾,118.824114,31.9144,南京市江宁区经济技术开发区九龙湖路1号,江苏省,南京市,江宁区,1,1fc201713bcf628d0e0e6be9,118.82654077427964,31.91337027926829,57
8691,颐和南园颐盛湾,118.824114,31.9144,南京市江宁区经济技术开发区九龙湖路1号,江苏省,南京市,江宁区,1,1fc201713bcf628d0e0e6be9,118.82653897538422,31.91338161085392,58
8691,颐和南园颐盛湾,118.824114,31.9144,南京市江宁区经济技术开发区九龙湖路1号,江苏省,南京市,江宁区,1,1fc201713bcf628d0e0e6be9,118.82641545579398,31.91377999096025,59
8691,颐和南园颐盛湾,118.824114,31.9144,南京市江宁区经济技术开发区九龙湖路1号,江苏省,南京市,江宁区,1,1fc201713bcf628d0e0e6be9,118.82641124755425,31.913792461471022,60
8691,颐和南园颐盛湾,118.824114,31.9144,南京市江宁区经济技术开发区九龙湖路1号,江苏省,南京市,江宁区,1,1fc201713bcf628d0e0e6be9,118.82640693880671,31.91380483356702,61
8691,颐和南园颐盛湾,118.824114,31.9144,南京市江宁区经济技术开发区九龙湖路1号,江苏省,南京市,江宁区,1,1fc201713bcf628d0e0e6be9,118.82640232868577,31.913817110476593,62
8691,颐和南园颐盛湾,118.824114,31.9144,南京市江宁区经济技术开发区九龙湖路1号,江苏省,南京市,江宁区,1,1fc201713bcf628d0e0e6be9,118.82639741727137,31.913829392219636,63
8691,颐和南园颐盛湾,118.824114,31.9144,南京市江宁区经济技术开发区九龙湖路1号,江苏省,南京市,江宁区,1,1fc201713bcf628d0e0e6be9,118.82639240535094,31.91384157554419,64
8691,颐和南园颐盛湾,118.824114,31.9144,南京市江宁区经济技术开发区九龙湖路1号,江苏省,南京市,江宁区,1,1fc201713bcf628d0e0e6be9,118.82638709197715,31.913853563654893,65
8691,颐和南园颐盛湾,118.824114,31.9144,南京市江宁区经济技术开发区九龙湖路1号,江苏省,南京市,江宁区,1,1fc201713bcf628d0e0e6be9,118.82638157774495,31.91386555498002,66
8691,颐和南园颐盛湾,118.824114,31.9144,南京市江宁区经济技术开发区九龙湖路1号,江苏省,南京市,江宁区,1,1fc201713bcf628d0e0e6be9,118.82611958853117,31.91440757173028,67
8691,颐和南园颐盛湾,118.824114,31.9144,南京市江宁区经济技术开发区九龙湖路1号,江苏省,南京市,江宁区,1,1fc201713bcf628d0e0e6be9,118.82596616030992,31.914805704285293,68
8691,颐和南园颐盛湾,118.824114,31.9144,南京市江宁区经济技术开发区九龙湖路1号,江苏省,南京市,江宁区,1,1fc201713bcf628d0e0e6be9,118.82596175168787,31.914817977098433,69
8691,颐和南园颐盛湾,118.824114,31.9144,南京市江宁区经济技术开发区九龙湖路1号,江苏省,南京市,江宁区,1,1fc201713bcf628d0e0e6be9,118.82595764443926,31.91483034515034,70
8691,颐和南园颐盛湾,118.824114,31.9144,南京市江宁区经济技术开发区九龙湖路1号,江苏省,南京市,江宁区,1,1fc201713bcf628d0e0e6be9,118.8259538384796,31.91484270841758,71
8691,颐和南园颐盛湾,118.824114,31.9144,南京市江宁区经济技术开发区九龙湖路1号,江苏省,南京市,江宁区,1,1fc201713bcf628d0e0e6be9,118.82595043440477,31.914855265357655,72
8691,颐和南园颐盛湾,118.824114,31.9144,南京市江宁区经济技术开发区九龙湖路1号,江苏省,南京市,江宁区,1,1fc201713bcf628d0e0e6be9,118.8259472312746,31.914867919131712,73
8691,颐和南园颐盛湾,118.824114,31.9144,南京市江宁区经济技术开发区九龙湖路1号,江苏省,南京市,江宁区,1,1fc201713bcf628d0e0e6be9,118.82594442986036,31.91488056653641,74
8691,颐和南园颐盛湾,118.824114,31.9144,南京市江宁区经济技术开发区九龙湖路1号,江苏省,南京市,江宁区,1,1fc201713bcf628d0e0e6be9,118.82594192981684,31.914893309186585,75
8691,颐和南园颐盛湾,118.824114,31.9144,南京市江宁区经济技术开发区九龙湖路1号,江苏省,南京市,江宁区,1,1fc201713bcf628d0e0e6be9,118.82589645965622,31.915160293064886,76
8691,颐和南园颐盛湾,118.824114,31.9144,南京市江宁区经济技术开发区九龙湖路1号,江苏省,南京市,江宁区,1,1fc201713bcf628d0e0e6be9,118.82589255248989,31.91517155758369,77
8691,颐和南园颐盛湾,118.824114,31.9144,南京市江宁区经济技术开发区九龙湖路1号,江苏省,南京市,江宁区,1,1fc201713bcf628d0e0e6be9,118.82588663594886,31.915181853640078,78
8691,颐和南园颐盛湾,118.824114,31.9144,南京市江宁区经济技术开发区九龙湖路1号,江苏省,南京市,江宁区,1,1fc201713bcf628d0e0e6be9,118.8258788102104,31.915190879557837,79
8691,颐和南园颐盛湾,118.824114,31.9144,南京市江宁区经济技术开发区九龙湖路1号,江苏省,南京市,江宁区,1,1fc201713bcf628d0e0e6be9,118.82586947664636,31.915198228872512,80
8691,颐和南园颐盛湾,118.824114,31.9144,南京市江宁区经济技术开发区九龙湖路1号,江苏省,南京市,江宁区,1,1fc201713bcf628d0e0e6be9,118.82585893645593,31.91520379677857,81
8691,颐和南园颐盛湾,118.824114,31.9144,南京市江宁区经济技术开发区九龙湖路1号,江苏省,南京市,江宁区,1,1fc201713bcf628d0e0e6be9,118.82584749075106,31.91520737845054,82
8691,颐和南园颐盛湾,118.824114,31.9144,南京市江宁区经济技术开发区九龙湖路1号,江苏省,南京市,江宁区,1,1fc201713bcf628d0e0e6be9,118.82583574183845,31.91520866428909,83
8691,颐和南园颐盛湾,118.824114,31.9144,南京市江宁区经济技术开发区九龙湖路1号,江苏省,南京市,江宁区,1,1fc201713bcf628d0e0e6be9,118.82499395947004,31.915267284094828,84
8691,颐和南园颐盛湾,118.824114,31.9144,南京市江宁区经济技术开发区九龙湖路1号,江苏省,南京市,江宁区,1,1fc201713bcf628d0e0e6be9,118.82497889832895,31.91526861546408,85
8691,颐和南园颐盛湾,118.824114,31.9144,南京市江宁区经济技术开发区九龙湖路1号,江苏省,南京市,江宁区,1,1fc201713bcf628d0e0e6be9,118.82496383739087,31.915270146754963,86
8691,颐和南园颐盛湾,118.824114,31.9144,南京市江宁区经济技术开发区九龙湖路1号,江苏省,南京市,江宁区,1,1fc201713bcf628d0e0e6be9,118.82494877682558,31.915272078013274,87
8691,颐和南园颐盛湾,118.824114,31.9144,南京市江宁区经济技术开发区九龙湖路1号,江苏省,南京市,江宁区,1,1fc201713bcf628d0e0e6be9,118.82493381687591,31.91527420765454,88
8691,颐和南园颐盛湾,118.824114,31.9144,南京市江宁区经济技术开发区九龙湖路1号,江苏省,南京市,江宁区,1,1fc201713bcf628d0e0e6be9,118.82491895771253,31.915276735726845,89
8691,颐和南园颐盛湾,118.824114,31.9144,南京市江宁区经济技术开发区九龙湖路1号,江苏省,南京市,江宁区,1,1fc201713bcf628d0e0e6be9,118.82490399833866,31.915279465260127,90
8691,颐和南园颐盛湾,118.824114,31.9144,南京市江宁区经济技术开发区九龙湖路1号,江苏省,南京市,江宁区,1,1fc201713bcf628d0e0e6be9,118.82488924007833,31.91528249166746,91
8691,颐和南园颐盛湾,118.824114,31.9144,南京市江宁区经济技术开发区九龙湖路1号,江苏省,南京市,江宁区,1,1fc201713bcf628d0e0e6be9,118.8239547325392,31.91549068307254,92
8691,颐和南园颐盛湾,118.824114,31.9144,南京市江宁区经济技术开发区九龙湖路1号,江苏省,南京市,江宁区,1,1fc201713bcf628d0e0e6be9,118.82311244357051,31.91572925816739,93
8697,新城珑湾花园-二期,118.835092,31.912779,南京市江宁区秣陵街道长亭街53号,江苏省,南京市,江宁区,1,eb0068558431bdd18bb988ef,118.83408440507387,31.91119485152425,1
8697,新城珑湾花园-二期,118.835092,31.912779,南京市江宁区秣陵街道长亭街53号,江苏省,南京市,江宁区,1,eb0068558431bdd18bb988ef,118.83615964489545,31.91118753159945,2
8697,新城珑湾花园-二期,118.835092,31.912779,南京市江宁区秣陵街道长亭街53号,江苏省,南京市,江宁区,1,eb0068558431bdd18bb988ef,118.836169897956,31.911190041760534,3
8697,新城珑湾花园-二期,118.835092,31.912779,南京市江宁区秣陵街道长亭街53号,江苏省,南京市,江宁区,1,eb0068558431bdd18bb988ef,118.83617954938363,31.91119446348609,4
8697,新城珑湾花园-二期,118.835092,31.912779,南京市江宁区秣陵街道长亭街53号,江苏省,南京市,江宁区,1,eb0068558431bdd18bb988ef,118.83618819695756,31.911200504185008,5
8697,新城珑湾花园-二期,118.835092,31.912779,南京市江宁区秣陵街道长亭街53号,江苏省,南京市,江宁区,1,eb0068558431bdd18bb988ef,118.83619553910314,31.911208069436505,6
8697,新城珑湾花园-二期,118.835092,31.912779,南京市江宁区秣陵街道长亭街53号,江苏省,南京市,江宁区,1,eb0068558431bdd18bb988ef,118.83620127410111,31.91121686478273,7
8697,新城珑湾花园-二期,118.835092,31.912779,南京市江宁区秣陵街道长亭街53号,江苏省,南京市,江宁区,1,eb0068558431bdd18bb988ef,118.83620530130622,31.91122669205143,8
8697,新城珑湾花园-二期,118.835092,31.912779,南京市江宁区秣陵街道长亭街53号,江苏省,南京市,江宁区,1,eb0068558431bdd18bb988ef,118.8362074193561,31.911237054879624,9
8697,新城珑湾花园-二期,118.835092,31.912779,南京市江宁区秣陵街道长亭街53号,江苏省,南京市,江宁区,1,eb0068558431bdd18bb988ef,118.83599741089249,31.91402327179108,10
8697,新城珑湾花园-二期,118.835092,31.912779,南京市江宁区秣陵街道长亭街53号,江苏省,南京市,江宁区,1,eb0068558431bdd18bb988ef,118.83599460636202,31.91403492658988,11
8697,新城珑湾花园-二期,118.835092,31.912779,南京市江宁区秣陵街道长亭街53号,江苏省,南京市,江宁区,1,eb0068558431bdd18bb988ef,118.83598999240712,31.914046114865872,12
8697,新城珑湾花园-二期,118.835092,31.912779,南京市江宁区秣陵街道长亭街53号,江苏省,南京市,江宁区,1,eb0068558431bdd18bb988ef,118.8359837697029,31.914056432799086,13
8697,新城珑湾花园-二期,118.835092,31.912779,南京市江宁区秣陵街道长亭街53号,江苏省,南京市,江宁区,1,eb0068558431bdd18bb988ef,118.83597613916713,31.914065776633866,14
8697,新城珑湾花园-二期,118.835092,31.912779,南京市江宁区秣陵街道长亭街53号,江苏省,南京市,江宁区,1,eb0068558431bdd18bb988ef,118.83596710055272,31.914073846304017,15
8697,新城珑湾花园-二期,118.835092,31.912779,南京市江宁区秣陵街道长亭街53号,江苏省,南京市,江宁区,1,eb0068558431bdd18bb988ef,118.83595705578317,31.914080534322284,16
8697,新城珑湾花园-二期,118.835092,31.912779,南京市江宁区秣陵街道长亭街53号,江苏省,南京市,江宁区,1,eb0068558431bdd18bb988ef,118.83594600469223,31.914085640643645,17
8697,新城珑湾花园-二期,118.835092,31.912779,南京市江宁区秣陵街道长亭街53号,江苏省,南京市,江宁区,1,eb0068558431bdd18bb988ef,118.8354168699641,31.914219788358903,18
8697,新城珑湾花园-二期,118.835092,31.912779,南京市江宁区秣陵街道长亭街53号,江苏省,南京市,江宁区,1,eb0068558431bdd18bb988ef,118.83540300321361,31.914222846155354,19
8697,新城珑湾花园-二期,118.835092,31.912779,南京市江宁区秣陵街道长亭街53号,江苏省,南京市,江宁区,1,eb0068558431bdd18bb988ef,118.83538893488874,31.91422520751281,20
8697,新城珑湾花园-二期,118.835092,31.912779,南京市江宁区秣陵街道长亭街53号,江苏省,南京市,江宁区,1,eb0068558431bdd18bb988ef,118.83537486582547,31.91422666865997,21
8697,新城珑湾花园-二期,118.835092,31.912779,南京市江宁区秣陵街道长亭街53号,江苏省,南京市,江宁区,1,eb0068558431bdd18bb988ef,118.83536069568756,31.914227431503903,22
8697,新城珑湾花园-二期,118.835092,31.912779,南京市江宁区秣陵街道长亭街53号,江苏省,南京市,江宁区,1,eb0068558431bdd18bb988ef,118.83534652481035,31.91422729413684,23
8697,新城珑湾花园-二期,118.835092,31.912779,南京市江宁区秣陵街道长亭街53号,江苏省,南京市,江宁区,1,eb0068558431bdd18bb988ef,118.8353324537762,31.914226354718487,24
8697,新城珑湾花园-二期,118.835092,31.912779,南京市江宁区秣陵街道长亭街53号,江苏省,南京市,江宁区,1,eb0068558431bdd18bb988ef,118.83531838208718,31.914224615110868,25
8697,新城珑湾花园-二期,118.835092,31.912779,南京市江宁区秣陵街道长亭街53号,江苏省,南京市,江宁区,1,eb0068558431bdd18bb988ef,118.83387522480032,31.91401052510131,26
8697,新城珑湾花园-二期,118.835092,31.912779,南京市江宁区秣陵街道长亭街53号,江苏省,南京市,江宁区,1,eb0068558431bdd18bb988ef,118.83386577436765,31.91400609791254,27
8697,新城珑湾花园-二期,118.835092,31.912779,南京市江宁区秣陵街道长亭街53号,江苏省,南京市,江宁区,1,eb0068558431bdd18bb988ef,118.83385722710119,31.914000053719274,28
8697,新城珑湾花园-二期,118.835092,31.912779,南京市江宁区秣陵街道长亭街53号,江苏省,南京市,江宁区,1,eb0068558431bdd18bb988ef,118.83384988473463,31.913992687046314,29
8697,新城珑湾花园-二期,118.835092,31.912779,南京市江宁区秣陵街道长亭街53号,江苏省,南京市,江宁区,1,eb0068558431bdd18bb988ef,118.8338440488399,31.91398409237066,30
8697,新城珑湾花园-二期,118.835092,31.912779,南京市江宁区秣陵街道长亭街53号,江苏省,南京市,江宁区,1,eb0068558431bdd18bb988ef,118.83383982015833,31.913974567914405,31
8697,新城珑湾花园-二期,118.835092,31.912779,南京市江宁区秣陵街道长亭街53号,江苏省,南京市,江宁区,1,eb0068558431bdd18bb988ef,118.83383729942952,31.913964411897396,32
8697,新城珑湾花园-二期,118.835092,31.912779,南京市江宁区秣陵街道长亭街53号,江苏省,南京市,江宁区,1,eb0068558431bdd18bb988ef,118.83383668789189,31.913953920689092,33
8697,新城珑湾花园-二期,118.835092,31.912779,南京市江宁区秣陵街道长亭街53号,江苏省,南京市,江宁区,1,eb0068558431bdd18bb988ef,118.83394738901913,31.913269425895567,34
8697,新城珑湾花园-二期,118.835092,31.912779,南京市江宁区秣陵街道长亭街53号,江苏省,南京市,江宁区,1,eb0068558431bdd18bb988ef,118.8340331872339,31.911245305431866,35
8697,新城珑湾花园-二期,118.835092,31.912779,南京市江宁区秣陵街道长亭街53号,江苏省,南京市,江宁区,1,eb0068558431bdd18bb988ef,118.83403579250314,31.911234655240705,36
8697,新城珑湾花园-二期,118.835092,31.912779,南京市江宁区秣陵街道长亭街53号,江苏省,南京市,江宁区,1,eb0068558431bdd18bb988ef,118.83404040822323,31.911224668159015,37
8697,新城珑湾花园-二期,118.835092,31.912779,南京市江宁区秣陵街道长亭街53号,江苏省,南京市,江宁区,1,eb0068558431bdd18bb988ef,118.83404663262341,31.91121565164685,38
8697,新城珑湾花园-二期,118.835092,31.912779,南京市江宁区秣陵街道长亭街53号,江苏省,南京市,江宁区,1,eb0068558431bdd18bb988ef,118.83405456641636,31.911207903906114,39
8697,新城珑湾花园-二期,118.835092,31.912779,南京市江宁区秣陵街道长亭街53号,江苏省,南京市,江宁区,1,eb0068558431bdd18bb988ef,118.83406360683544,31.911201736100498,40
8697,新城珑湾花园-二期,118.835092,31.912779,南京市江宁区秣陵街道长亭街53号,江苏省,南京市,江宁区,1,eb0068558431bdd18bb988ef,118.83407375402533,31.91119734826436,41
8697,新城珑湾花园-二期,118.835092,31.912779,南京市江宁区秣陵街道长亭街53号,江苏省,南京市,江宁区,1,eb0068558431bdd18bb988ef,118.83408440507387,31.91119485152425,42
8699,颐和南园颐泓湾,118.83074,31.9155,南京市江宁区长亭街西100米,江苏省,南京市,江宁区,1,87e3db94ffa9bbfc96f08c66,118.82915758749508,31.916059290233697,1
8699,颐和南园颐泓湾,118.83074,31.9155,南京市江宁区长亭街西100米,江苏省,南京市,江宁区,1,87e3db94ffa9bbfc96f08c66,118.83067255728001,31.917000036024398,2
8699,颐和南园颐泓湾,118.83074,31.9155,南京市江宁区长亭街西100米,江苏省,南京市,江宁区,1,87e3db94ffa9bbfc96f08c66,118.83264448789144,31.915135120540565,3
8699,颐和南园颐泓湾,118.83074,31.9155,南京市江宁区长亭街西100米,江苏省,南京市,江宁区,1,87e3db94ffa9bbfc96f08c66,118.83252569956402,31.914890221411387,4
8699,颐和南园颐泓湾,118.83074,31.9155,南京市江宁区长亭街西100米,江苏省,南京市,江宁区,1,87e3db94ffa9bbfc96f08c66,118.82994267237518,31.914171195741343,5
8699,颐和南园颐泓湾,118.83074,31.9155,南京市江宁区长亭街西100米,江苏省,南京市,江宁区,1,87e3db94ffa9bbfc96f08c66,118.82915758749508,31.916059290233697,6
8701,青源雅居,118.844371,31.91646,南京市江宁区诚信大道777号,江苏省,南京市,江宁区,1,ed91d754a5317bdfcf06a4a9,118.8437714829383,31.916867222128214,1
8701,青源雅居,118.844371,31.91646,南京市江宁区诚信大道777号,江苏省,南京市,江宁区,1,ed91d754a5317bdfcf06a4a9,118.84494171450919,31.916933702084826,2
8701,青源雅居,118.844371,31.91646,南京市江宁区诚信大道777号,江苏省,南京市,江宁区,1,ed91d754a5317bdfcf06a4a9,118.84501164489824,31.916049102445253,3
8701,青源雅居,118.844371,31.91646,南京市江宁区诚信大道777号,江苏省,南京市,江宁区,1,ed91d754a5317bdfcf06a4a9,118.84382212491141,31.915973321207506,4
8701,青源雅居,118.844371,31.91646,南京市江宁区诚信大道777号,江苏省,南京市,江宁区,1,ed91d754a5317bdfcf06a4a9,118.8437714829383,31.916867222128214,5
8702,合家春天,118.848584,31.917534,南京市江宁区秣陵街道诚信大道899号,江苏省,南京市,江宁区,1,a90eca11108aab00cbe33c34,118.84949095369657,31.91904191233333,1
8702,合家春天,118.848584,31.917534,南京市江宁区秣陵街道诚信大道899号,江苏省,南京市,江宁区,1,a90eca11108aab00cbe33c34,118.84987048777454,31.918639645034204,2
8702,合家春天,118.848584,31.917534,南京市江宁区秣陵街道诚信大道899号,江苏省,南京市,江宁区,1,a90eca11108aab00cbe33c34,118.84997828443574,31.91807646783104,3
8702,合家春天,118.848584,31.917534,南京市江宁区秣陵街道诚信大道899号,江苏省,南京市,江宁区,1,a90eca11108aab00cbe33c34,118.849327012941,31.91804581863164,4
8702,合家春天,118.848584,31.917534,南京市江宁区秣陵街道诚信大道899号,江苏省,南京市,江宁区,1,a90eca11108aab00cbe33c34,118.84951116557055,31.91627580987356,5
8702,合家春天,118.848584,31.917534,南京市江宁区秣陵街道诚信大道899号,江苏省,南京市,江宁区,1,a90eca11108aab00cbe33c34,118.84890355172361,31.91610577994906,6
8702,合家春天,118.848584,31.917534,南京市江宁区秣陵街道诚信大道899号,江苏省,南京市,江宁区,1,a90eca11108aab00cbe33c34,118.84709113052666,31.915957511143887,7
8702,合家春天,118.848584,31.917534,南京市江宁区秣陵街道诚信大道899号,江苏省,南京市,江宁区,1,a90eca11108aab00cbe33c34,118.84682693887619,31.918743238611356,8
8702,合家春天,118.848584,31.917534,南京市江宁区秣陵街道诚信大道899号,江苏省,南京市,江宁区,1,a90eca11108aab00cbe33c34,118.84691703891883,31.918909892232712,9
8702,合家春天,118.848584,31.917534,南京市江宁区秣陵街道诚信大道899号,江苏省,南京市,江宁区,1,a90eca11108aab00cbe33c34,118.84949095369657,31.91904191233333,10
8703,UCT优尚天地,118.839776,31.914673,江苏省南京市江宁区诚信大道990号,江苏省,南京市,江宁区,1,7d06653362fed3057bf79615,118.84295991331683,31.91518666271799,1
8703,UCT优尚天地,118.839776,31.914673,江苏省南京市江宁区诚信大道990号,江苏省,南京市,江宁区,1,7d06653362fed3057bf79615,118.84300204384525,31.914283014703155,2
8703,UCT优尚天地,118.839776,31.914673,江苏省南京市江宁区诚信大道990号,江苏省,南京市,江宁区,1,7d06653362fed3057bf79615,118.8396204625835,31.914159876354752,3
8703,UCT优尚天地,118.839776,31.914673,江苏省南京市江宁区诚信大道990号,江苏省,南京市,江宁区,1,7d06653362fed3057bf79615,118.83961372529217,31.915044905587717,4
8703,UCT优尚天地,118.839776,31.914673,江苏省南京市江宁区诚信大道990号,江苏省,南京市,江宁区,1,7d06653362fed3057bf79615,118.84295991331683,31.91518666271799,5
8704,殷巷新寓,118.841216,31.919759,南京市江宁区铺岗街263号,江苏省,南京市,江宁区,1,9fbfeef22340dc45ede4a578,118.83681391901766,31.920297535602344,1
8704,殷巷新寓,118.841216,31.919759,南京市江宁区铺岗街263号,江苏省,南京市,江宁区,1,9fbfeef22340dc45ede4a578,118.84589337936646,31.9205636735309,2
8704,殷巷新寓,118.841216,31.919759,南京市江宁区铺岗街263号,江苏省,南京市,江宁区,1,9fbfeef22340dc45ede4a578,118.84630802012208,31.91718320517506,3
8704,殷巷新寓,118.841216,31.919759,南京市江宁区铺岗街263号,江苏省,南京市,江宁区,1,9fbfeef22340dc45ede4a578,118.83927303574106,31.916922146426664,4
8704,殷巷新寓,118.841216,31.919759,南京市江宁区铺岗街263号,江苏省,南京市,江宁区,1,9fbfeef22340dc45ede4a578,118.83704889597635,31.91685825029991,5
8704,殷巷新寓,118.841216,31.919759,南京市江宁区铺岗街263号,江苏省,南京市,江宁区,1,9fbfeef22340dc45ede4a578,118.83681391901766,31.920297535602344,6
8706,南京恒大绿洲-南区,118.847566,31.919842,江苏省南京市江宁区诚信大道合家春天恒大绿洲南区,江苏省,南京市,江宁区,1,c7de09d4988a7cf60accddcf,118.84652010735806,31.9205461829714,1
8706,南京恒大绿洲-南区,118.847566,31.919842,江苏省南京市江宁区诚信大道合家春天恒大绿洲南区,江苏省,南京市,江宁区,1,c7de09d4988a7cf60accddcf,118.84752106134036,31.920417575912204,2
8706,南京恒大绿洲-南区,118.847566,31.919842,江苏省南京市江宁区诚信大道合家春天恒大绿洲南区,江苏省,南京市,江宁区,1,c7de09d4988a7cf60accddcf,118.84812015386123,31.9202098677465,3
8706,南京恒大绿洲-南区,118.847566,31.919842,江苏省南京市江宁区诚信大道合家春天恒大绿洲南区,江苏省,南京市,江宁区,1,c7de09d4988a7cf60accddcf,118.84897592909685,31.919695756875864,4
8706,南京恒大绿洲-南区,118.847566,31.919842,江苏省南京市江宁区诚信大道合家春天恒大绿洲南区,江苏省,南京市,江宁区,1,c7de09d4988a7cf60accddcf,118.8489879690856,31.919688076707107,5
8706,南京恒大绿洲-南区,118.847566,31.919842,江苏省南京市江宁区诚信大道合家春天恒大绿洲南区,江苏省,南京市,江宁区,1,c7de09d4988a7cf60accddcf,118.84899950781987,31.919679803869347,6
8706,南京恒大绿洲-南区,118.847566,31.919842,江苏省南京市江宁区诚信大道合家春天恒大绿洲南区,江苏省,南京市,江宁区,1,c7de09d4988a7cf60accddcf,118.84901064321497,31.91967083691536,7
8706,南京恒大绿洲-南区,118.847566,31.919842,江苏省南京市江宁区诚信大道合家春天恒大绿洲南区,江苏省,南京市,江宁区,1,c7de09d4988a7cf60accddcf,118.84902127645731,31.91966137728326,8
8706,南京恒大绿洲-南区,118.847566,31.919842,江苏省南京市江宁区诚信大道合家春天恒大绿洲南区,江苏省,南京市,江宁区,1,c7de09d4988a7cf60accddcf,118.84903130693662,31.91965132643744,9
8706,南京恒大绿洲-南区,118.847566,31.919842,江苏省南京市江宁区诚信大道合家春天恒大绿洲南区,江苏省,南京市,江宁区,1,c7de09d4988a7cf60accddcf,118.84904083436486,31.919640682921905,10
8706,南京恒大绿洲-南区,118.847566,31.919842,江苏省南京市江宁区诚信大道合家春天恒大绿洲南区,江苏省,南京市,江宁区,1,c7de09d4988a7cf60accddcf,118.84904965931818,31.91962964970727,11
8706,南京恒大绿洲-南区,118.847566,31.919842,江苏省南京市江宁区诚信大道合家春天恒大绿洲南区,江苏省,南京市,江宁区,1,c7de09d4988a7cf60accddcf,118.84929682987587,31.919308434818237,12
8706,南京恒大绿洲-南区,118.847566,31.919842,江苏省南京市江宁区诚信大道合家春天恒大绿洲南区,江苏省,南京市,江宁区,1,c7de09d4988a7cf60accddcf,118.84929902982606,31.919298699999057,13
8706,南京恒大绿洲-南区,118.847566,31.919842,江苏省南京市江宁区诚信大道合家春天恒大绿洲南区,江苏省,南京市,江宁区,1,c7de09d4988a7cf60accddcf,118.84929811624937,31.91928871064066,14
8706,南京恒大绿洲-南区,118.847566,31.919842,江苏省南京市江宁区诚信大道合家春天恒大绿洲南区,江苏省,南京市,江宁区,1,c7de09d4988a7cf60accddcf,118.8492942930611,31.91927956404627,15
8706,南京恒大绿洲-南区,118.847566,31.919842,江苏省南京市江宁区诚信大道合家春天恒大绿洲南区,江苏省,南京市,江宁区,1,c7de09d4988a7cf60accddcf,118.84928786029535,31.91927195594371,16
8706,南京恒大绿洲-南区,118.847566,31.919842,江苏省南京市江宁区诚信大道合家春天恒大绿洲南区,江苏省,南京市,江宁区,1,c7de09d4988a7cf60accddcf,118.84927711206993,31.919265811320432,17
8706,南京恒大绿洲-南区,118.847566,31.919842,江苏省南京市江宁区诚信大道合家春天恒大绿洲南区,江苏省,南京市,江宁区,1,c7de09d4988a7cf60accddcf,118.84670699622617,31.919169304499796,18
8706,南京恒大绿洲-南区,118.847566,31.919842,江苏省南京市江宁区诚信大道合家春天恒大绿洲南区,江苏省,南京市,江宁区,1,c7de09d4988a7cf60accddcf,118.84669594976333,31.91917088184164,19
8706,南京恒大绿洲-南区,118.847566,31.919842,江苏省南京市江宁区诚信大道合家春天恒大绿洲南区,江苏省,南京市,江宁区,1,c7de09d4988a7cf60accddcf,118.84668530663964,31.919174453349257,20
8706,南京恒大绿洲-南区,118.847566,31.919842,江苏省南京市江宁区诚信大道合家春天恒大绿洲南区,江苏省,南京市,江宁区,1,c7de09d4988a7cf60accddcf,118.84667547019431,31.919180012509553,21
8706,南京恒大绿洲-南区,118.847566,31.919842,江苏省南京市江宁区诚信大道合家春天恒大绿洲南区,江苏省,南京市,江宁区,1,c7de09d4988a7cf60accddcf,118.8466669398852,31.919187351216667,22
8706,南京恒大绿洲-南区,118.847566,31.919842,江苏省南京市江宁区诚信大道合家春天恒大绿洲南区,江苏省,南京市,江宁区,1,c7de09d4988a7cf60accddcf,118.84665991783102,31.919196066131732,23
8706,南京恒大绿洲-南区,118.847566,31.919842,江苏省南京市江宁区诚信大道合家春天恒大绿洲南区,江苏省,南京市,江宁区,1,c7de09d4988a7cf60accddcf,118.84665460435393,31.919205954052707,24
8706,南京恒大绿洲-南区,118.847566,31.919842,江苏省南京市江宁区诚信大道合家春天恒大绿洲南区,江苏省,南京市,江宁区,1,c7de09d4988a7cf60accddcf,118.84665119977605,31.91921661156425,25
8706,南京恒大绿洲-南区,118.847566,31.919842,江苏省南京市江宁区诚信大道合家春天恒大绿洲南区,江苏省,南京市,江宁区,1,c7de09d4988a7cf60accddcf,118.84647607421857,31.92050278051129,26
8706,南京恒大绿洲-南区,118.847566,31.919842,江苏省南京市江宁区诚信大道合家春天恒大绿洲南区,江苏省,南京市,江宁区,1,c7de09d4988a7cf60accddcf,118.84647789149062,31.920512153780823,27
8706,南京恒大绿洲-南区,118.847566,31.919842,江苏省南京市江宁区诚信大道合家春天恒大绿洲南区,江苏省,南京市,江宁区,1,c7de09d4988a7cf60accddcf,118.84648151615336,31.920520997828643,28
8706,南京恒大绿洲-南区,118.847566,31.919842,江苏省南京市江宁区诚信大道合家春天恒大绿洲南区,江苏省,南京市,江宁区,1,c7de09d4988a7cf60accddcf,118.84648694730846,31.920528912463812,29
8706,南京恒大绿洲-南区,118.847566,31.919842,江苏省南京市江宁区诚信大道合家春天恒大绿洲南区,江苏省,南京市,江宁区,1,c7de09d4988a7cf60accddcf,118.8464962959739,31.92053756419151,30
8706,南京恒大绿洲-南区,118.847566,31.919842,江苏省南京市江宁区诚信大道合家春天恒大绿洲南区,江苏省,南京市,江宁区,1,c7de09d4988a7cf60accddcf,118.84650765145386,31.920543482850555,31
8706,南京恒大绿洲-南区,118.847566,31.919842,江苏省南京市江宁区诚信大道合家春天恒大绿洲南区,江苏省,南京市,江宁区,1,c7de09d4988a7cf60accddcf,118.84652010735806,31.9205461829714,32
8708,诚信大厦,118.845673,31.916469,南京市江宁区诚信大道885号,江苏省,南京市,江宁区,1,58c1da69971e3cfc4302450b,118.84500804987958,31.916027699404214,1
8708,诚信大厦,118.845673,31.916469,南京市江宁区诚信大道885号,江苏省,南京市,江宁区,1,58c1da69971e3cfc4302450b,118.84637347425475,31.9160583492826,2
8708,诚信大厦,118.845673,31.916469,南京市江宁区诚信大道885号,江苏省,南京市,江宁区,1,58c1da69971e3cfc4302450b,118.8464280013992,31.91611198654494,3
8708,诚信大厦,118.845673,31.916469,南京市江宁区诚信大道885号,江苏省,南京市,江宁区,1,58c1da69971e3cfc4302450b,118.8464230607189,31.916193055375818,4
8708,诚信大厦,118.845673,31.916469,南京市江宁区诚信大道885号,江苏省,南京市,江宁区,1,58c1da69971e3cfc4302450b,118.84636449119965,31.916924204086367,5
8708,诚信大厦,118.845673,31.916469,南京市江宁区诚信大道885号,江苏省,南京市,江宁区,1,58c1da69971e3cfc4302450b,118.84630385557773,31.916985503229576,6
8708,诚信大厦,118.845673,31.916469,南京市江宁区诚信大道885号,江苏省,南京市,江宁区,1,58c1da69971e3cfc4302450b,118.84492271085614,31.91692803528403,7
8708,诚信大厦,118.845673,31.916469,南京市江宁区诚信大道885号,江苏省,南京市,江宁区,1,58c1da69971e3cfc4302450b,118.84500804987958,31.916027699404214,8
8709,中冶天城,118.851865,31.918331,江苏省南京市江宁区秣陵街道殷富街375号,江苏省,南京市,江宁区,1,9bc0e52fd2cac4af1576434b,118.85163945305794,31.91916800765368,1
8709,中冶天城,118.851865,31.918331,江苏省南京市江宁区秣陵街道殷富街375号,江苏省,南京市,江宁区,1,9bc0e52fd2cac4af1576434b,118.8498212889346,31.919115606670985,2
8709,中冶天城,118.851865,31.918331,江苏省南京市江宁区秣陵街道殷富街375号,江苏省,南京市,江宁区,1,9bc0e52fd2cac4af1576434b,118.8498495622139,31.918972564609643,3
8709,中冶天城,118.851865,31.918331,江苏省南京市江宁区秣陵街道殷富街375号,江苏省,南京市,江宁区,1,9bc0e52fd2cac4af1576434b,118.85001579557449,31.918650715407313,4
8709,中冶天城,118.851865,31.918331,江苏省南京市江宁区秣陵街道殷富街375号,江苏省,南京市,江宁区,1,9bc0e52fd2cac4af1576434b,118.85014464639146,31.918288099352683,5
8709,中冶天城,118.851865,31.918331,江苏省南京市江宁区秣陵街道殷富街375号,江苏省,南京市,江宁区,1,9bc0e52fd2cac4af1576434b,118.85022159447878,31.918026448620417,6
8709,中冶天城,118.851865,31.918331,江苏省南京市江宁区秣陵街道殷富街375号,江苏省,南京市,江宁区,1,9bc0e52fd2cac4af1576434b,118.85047817817328,31.918046874004045,7
8709,中冶天城,118.851865,31.918331,江苏省南京市江宁区秣陵街道殷富街375号,江苏省,南京市,江宁区,1,9bc0e52fd2cac4af1576434b,118.85062795568635,31.91806800932502,8
8709,中冶天城,118.851865,31.918331,江苏省南京市江宁区秣陵街道殷富街375号,江苏省,南京市,江宁区,1,9bc0e52fd2cac4af1576434b,118.85103744416577,31.91815764760304,9
8709,中冶天城,118.851865,31.918331,江苏省南京市江宁区秣陵街道殷富街375号,江苏省,南京市,江宁区,1,9bc0e52fd2cac4af1576434b,118.8515209646945,31.918245619292005,10
8709,中冶天城,118.851865,31.918331,江苏省南京市江宁区秣陵街道殷富街375号,江苏省,南京市,江宁区,1,9bc0e52fd2cac4af1576434b,118.85159399805984,31.91821825138591,11
8709,中冶天城,118.851865,31.918331,江苏省南京市江宁区秣陵街道殷富街375号,江苏省,南京市,江宁区,1,9bc0e52fd2cac4af1576434b,118.8516715134783,31.918048191066998,12
8709,中冶天城,118.851865,31.918331,江苏省南京市江宁区秣陵街道殷富街375号,江苏省,南京市,江宁区,1,9bc0e52fd2cac4af1576434b,118.85200679358184,31.91707859472366,13
8709,中冶天城,118.851865,31.918331,江苏省南京市江宁区秣陵街道殷富街375号,江苏省,南京市,江宁区,1,9bc0e52fd2cac4af1576434b,118.85330950244791,31.91747757258381,14
8709,中冶天城,118.851865,31.918331,江苏省南京市江宁区秣陵街道殷富街375号,江苏省,南京市,江宁区,1,9bc0e52fd2cac4af1576434b,118.8533707584953,31.91754286169173,15
8709,中冶天城,118.851865,31.918331,江苏省南京市江宁区秣陵街道殷富街375号,江苏省,南京市,江宁区,1,9bc0e52fd2cac4af1576434b,118.85340293455454,31.917622601151013,16
8709,中冶天城,118.851865,31.918331,江苏省南京市江宁区秣陵街道殷富街375号,江苏省,南京市,江宁区,1,9bc0e52fd2cac4af1576434b,118.85341813907687,31.91768343705469,17
8709,中冶天城,118.851865,31.918331,江苏省南京市江宁区秣陵街道殷富街375号,江苏省,南京市,江宁区,1,9bc0e52fd2cac4af1576434b,118.85346979229136,31.91799560850168,18
8709,中冶天城,118.851865,31.918331,江苏省南京市江宁区秣陵街道殷富街375号,江苏省,南京市,江宁区,1,9bc0e52fd2cac4af1576434b,118.85311048269239,31.9185779434568,19
8709,中冶天城,118.851865,31.918331,江苏省南京市江宁区秣陵街道殷富街375号,江苏省,南京市,江宁区,1,9bc0e52fd2cac4af1576434b,118.85254762285983,31.919211410863973,20
8709,中冶天城,118.851865,31.918331,江苏省南京市江宁区秣陵街道殷富街375号,江苏省,南京市,江宁区,1,9bc0e52fd2cac4af1576434b,118.85227068198775,31.91920778824324,21
8709,中冶天城,118.851865,31.918331,江苏省南京市江宁区秣陵街道殷富街375号,江苏省,南京市,江宁区,1,9bc0e52fd2cac4af1576434b,118.85163945305794,31.91916800765368,22
8714,明月天珑湾,118.861382,31.913645,江苏省南京市江宁区竹山南路688号(竹山路与诚信大道交汇处),江苏省,南京市,江宁区,1,83a7bdc96ecff2963fe23122,118.86181696292118,31.91512298697486,1
8714,明月天珑湾,118.861382,31.913645,江苏省南京市江宁区竹山南路688号(竹山路与诚信大道交汇处),江苏省,南京市,江宁区,1,83a7bdc96ecff2963fe23122,118.86170718998787,31.9155907076417,2
8714,明月天珑湾,118.861382,31.913645,江苏省南京市江宁区竹山南路688号(竹山路与诚信大道交汇处),江苏省,南京市,江宁区,1,83a7bdc96ecff2963fe23122,118.86153399668555,31.916030994266638,3
8714,明月天珑湾,118.861382,31.913645,江苏省南京市江宁区竹山南路688号(竹山路与诚信大道交汇处),江苏省,南京市,江宁区,1,83a7bdc96ecff2963fe23122,118.86140625764202,31.916353200585842,4
8714,明月天珑湾,118.861382,31.913645,江苏省南京市江宁区竹山南路688号(竹山路与诚信大道交汇处),江苏省,南京市,江宁区,1,83a7bdc96ecff2963fe23122,118.86129199318115,31.916575028055252,5
8714,明月天珑湾,118.861382,31.913645,江苏省南京市江宁区竹山南路688号(竹山路与诚信大道交汇处),江苏省,南京市,江宁区,1,83a7bdc96ecff2963fe23122,118.86065401660797,31.917516965072064,6
8714,明月天珑湾,118.861382,31.913645,江苏省南京市江宁区竹山南路688号(竹山路与诚信大道交汇处),江苏省,南京市,江宁区,1,83a7bdc96ecff2963fe23122,118.86016902146314,31.917207022664467,7
8714,明月天珑湾,118.861382,31.913645,江苏省南京市江宁区竹山南路688号(竹山路与诚信大道交汇处),江苏省,南京市,江宁区,1,83a7bdc96ecff2963fe23122,118.86062302506788,31.916551964153538,8
8714,明月天珑湾,118.861382,31.913645,江苏省南京市江宁区竹山南路688号(竹山路与诚信大道交汇处),江苏省,南京市,江宁区,1,83a7bdc96ecff2963fe23122,118.86088524044624,31.916096508366763,9
8714,明月天珑湾,118.861382,31.913645,江苏省南京市江宁区竹山南路688号(竹山路与诚信大道交汇处),江苏省,南京市,江宁区,1,83a7bdc96ecff2963fe23122,118.86106939307578,31.91560994053383,10
8714,明月天珑湾,118.861382,31.913645,江苏省南京市江宁区竹山南路688号(竹山路与诚信大道交汇处),江苏省,南京市,江宁区,1,83a7bdc96ecff2963fe23122,118.861156977863,31.91517700791503,11
8714,明月天珑湾,118.861382,31.913645,江苏省南京市江宁区竹山南路688号(竹山路与诚信大道交汇处),江苏省,南京市,江宁区,1,83a7bdc96ecff2963fe23122,118.86122659654002,31.914590744907194,12
8714,明月天珑湾,118.861382,31.913645,江苏省南京市江宁区竹山南路688号(竹山路与诚信大道交汇处),江苏省,南京市,江宁区,1,83a7bdc96ecff2963fe23122,118.86120602534385,31.91406600911364,13
8714,明月天珑湾,118.861382,31.913645,江苏省南京市江宁区竹山南路688号(竹山路与诚信大道交汇处),江苏省,南京市,江宁区,1,83a7bdc96ecff2963fe23122,118.86108735918597,31.913295757699693,14
8714,明月天珑湾,118.861382,31.913645,江苏省南京市江宁区竹山南路688号(竹山路与诚信大道交汇处),江苏省,南京市,江宁区,1,83a7bdc96ecff2963fe23122,118.86100651169008,31.912889633659848,15
8714,明月天珑湾,118.861382,31.913645,江苏省南京市江宁区竹山南路688号(竹山路与诚信大道交汇处),江苏省,南京市,江宁区,1,83a7bdc96ecff2963fe23122,118.86082496414652,31.91233814496651,16
8714,明月天珑湾,118.861382,31.913645,江苏省南京市江宁区竹山南路688号(竹山路与诚信大道交汇处),江苏省,南京市,江宁区,1,83a7bdc96ecff2963fe23122,118.86114242531374,31.912252398404622,17
8714,明月天珑湾,118.861382,31.913645,江苏省南京市江宁区竹山南路688号(竹山路与诚信大道交汇处),江苏省,南京市,江宁区,1,83a7bdc96ecff2963fe23122,118.86137930847671,31.91223829887288,18
8714,明月天珑湾,118.861382,31.913645,江苏省南京市江宁区竹山南路688号(竹山路与诚信大道交汇处),江苏省,南京市,江宁区,1,83a7bdc96ecff2963fe23122,118.86148710513793,31.91245285672873,19
8714,明月天珑湾,118.861382,31.913645,江苏省南京市江宁区竹山南路688号(竹山路与诚信大道交汇处),江苏省,南京市,江宁区,1,83a7bdc96ecff2963fe23122,118.86166002894859,31.91308097194716,20
8714,明月天珑湾,118.861382,31.913645,江苏省南京市江宁区竹山南路688号(竹山路与诚信大道交汇处),江苏省,南京市,江宁区,1,83a7bdc96ecff2963fe23122,118.86187104091289,31.914156964556064,21
8714,明月天珑湾,118.861382,31.913645,江苏省南京市江宁区竹山南路688号(竹山路与诚信大道交汇处),江苏省,南京市,江宁区,1,83a7bdc96ecff2963fe23122,118.86181696292118,31.91512298697486,22
8715,南京·罗托鲁拉小镇,118.86311,31.914901,南京市江宁区竹山南路688号(竹山路与诚信大道交汇处),江苏省,南京市,江宁区,1,6ed3083ab992c1b72b3a9f78,118.86536188397213,31.913161394443435,1
8715,南京·罗托鲁拉小镇,118.86311,31.914901,南京市江宁区竹山南路688号(竹山路与诚信大道交汇处),江苏省,南京市,江宁区,1,6ed3083ab992c1b72b3a9f78,118.86536457439713,31.913148388444885,2
8715,南京·罗托鲁拉小镇,118.86311,31.914901,南京市江宁区竹山南路688号(竹山路与诚信大道交汇处),江苏省,南京市,江宁区,1,6ed3083ab992c1b72b3a9f78,118.86536536400767,31.913135084594767,3
8715,南京·罗托鲁拉小镇,118.86311,31.914901,南京市江宁区竹山南路688号(竹山路与诚信大道交汇处),江苏省,南京市,江宁区,1,6ed3083ab992c1b72b3a9f78,118.86536435251568,31.913121882963335,4
8715,南京·罗托鲁拉小镇,118.86311,31.914901,南京市江宁区竹山南路688号(竹山路与诚信大道交汇处),江苏省,南京市,江宁区,1,6ed3083ab992c1b72b3a9f78,118.86536144110751,31.913108883625704,5
8715,南京·罗托鲁拉小镇,118.86311,31.914901,南京市江宁区竹山南路688号(竹山路与诚信大道交汇处),江苏省,南京市,江宁区,1,6ed3083ab992c1b72b3a9f78,118.86535683010533,31.913096386424083,6
8715,南京·罗托鲁拉小镇,118.86311,31.914901,南京市江宁区竹山南路688号(竹山路与诚信大道交汇处),江苏省,南京市,江宁区,1,6ed3083ab992c1b72b3a9f78,118.86535051861081,31.913084691507372,7
8715,南京·罗托鲁拉小镇,118.86311,31.914901,南京市江宁区竹山南路688号(竹山路与诚信大道交汇处),江苏省,南京市,江宁区,1,6ed3083ab992c1b72b3a9f78,118.86534250752229,31.913074098947973,8
8715,南京·罗托鲁拉小镇,118.86311,31.914901,南京市江宁区竹山南路688号(竹山路与诚信大道交汇处),江苏省,南京市,江宁区,1,6ed3083ab992c1b72b3a9f78,118.86388396839118,31.91128183035667,9
8715,南京·罗托鲁拉小镇,118.86311,31.914901,南京市江宁区竹山南路688号(竹山路与诚信大道交汇处),江苏省,南京市,江宁区,1,6ed3083ab992c1b72b3a9f78,118.86377505244131,31.91123091218032,10
8715,南京·罗托鲁拉小镇,118.86311,31.914901,南京市江宁区竹山南路688号(竹山路与诚信大道交汇处),江苏省,南京市,江宁区,1,6ed3083ab992c1b72b3a9f78,118.86364695856712,31.911234471048967,11
8715,南京·罗托鲁拉小镇,118.86311,31.914901,南京市江宁区竹山南路688号(竹山路与诚信大道交汇处),江苏省,南京市,江宁区,1,6ed3083ab992c1b72b3a9f78,118.86137848203565,31.912069684549166,12
8715,南京·罗托鲁拉小镇,118.86311,31.914901,南京市江宁区竹山南路688号(竹山路与诚信大道交汇处),江苏省,南京市,江宁区,1,6ed3083ab992c1b72b3a9f78,118.86137007569269,31.912075828048636,13
8715,南京·罗托鲁拉小镇,118.86311,31.914901,南京市江宁区竹山南路688号(竹山路与诚信大道交汇处),江苏省,南京市,江宁区,1,6ed3083ab992c1b72b3a9f78,118.86136297189273,31.912083465334426,14
8715,南京·罗托鲁拉小镇,118.86311,31.914901,南京市江宁区竹山南路688号(竹山路与诚信大道交汇处),江苏省,南京市,江宁区,1,6ed3083ab992c1b72b3a9f78,118.86135727124595,31.91209219587154,15
8715,南京·罗托鲁拉小镇,118.86311,31.914901,南京市江宁区竹山南路688号(竹山路与诚信大道交汇处),江苏省,南京市,江宁区,1,6ed3083ab992c1b72b3a9f78,118.86135317317623,31.91210181851111,16
8715,南京·罗托鲁拉小镇,118.86311,31.914901,南京市江宁区竹山南路688号(竹山路与诚信大道交汇处),江苏省,南京市,江宁区,1,6ed3083ab992c1b72b3a9f78,118.86135077739543,31.9121119327183,17
8715,南京·罗托鲁拉小镇,118.86311,31.914901,南京市江宁区竹山南路688号(竹山路与诚信大道交汇处),江苏省,南京市,江宁区,1,6ed3083ab992c1b72b3a9f78,118.86135018451378,31.912122337880863,18
8715,南京·罗托鲁拉小镇,118.86311,31.914901,南京市江宁区竹山南路688号(竹山路与诚信大道交汇处),江苏省,南京市,江宁区,1,6ed3083ab992c1b72b3a9f78,118.861351393633,31.91213263400062,19
8715,南京·罗托鲁拉小镇,118.86311,31.914901,南京市江宁区竹山南路688号(竹山路与诚信大道交汇处),江苏省,南京市,江宁区,1,6ed3083ab992c1b72b3a9f78,118.86170549398706,31.91294298060782,20
8715,南京·罗托鲁拉小镇,118.86311,31.914901,南京市江宁区竹山南路688号(竹山路与诚信大道交汇处),江苏省,南京市,江宁区,1,6ed3083ab992c1b72b3a9f78,118.86194187589558,31.914034935970474,21
8715,南京·罗托鲁拉小镇,118.86311,31.914901,南京市江宁区竹山南路688号(竹山路与诚信大道交汇处),江苏省,南京市,江宁区,1,6ed3083ab992c1b72b3a9f78,118.86194234481104,31.91459186134681,22
8715,南京·罗托鲁拉小镇,118.86311,31.914901,南京市江宁区竹山南路688号(竹山路与诚信大道交汇处),江苏省,南京市,江宁区,1,6ed3083ab992c1b72b3a9f78,118.86185305593827,31.91508358040288,23
8715,南京·罗托鲁拉小镇,118.86311,31.914901,南京市江宁区竹山南路688号(竹山路与诚信大道交汇处),江苏省,南京市,江宁区,1,6ed3083ab992c1b72b3a9f78,118.861662932272,31.915675007216848,24
8715,南京·罗托鲁拉小镇,118.86311,31.914901,南京市江宁区竹山南路688号(竹山路与诚信大道交汇处),江苏省,南京市,江宁区,1,6ed3083ab992c1b72b3a9f78,118.86122320453842,31.91664062260266,25
8715,南京·罗托鲁拉小镇,118.86311,31.914901,南京市江宁区竹山南路688号(竹山路与诚信大道交汇处),江苏省,南京市,江宁区,1,6ed3083ab992c1b72b3a9f78,118.86011776235411,31.918215698202392,26
8715,南京·罗托鲁拉小镇,118.86311,31.914901,南京市江宁区竹山南路688号(竹山路与诚信大道交汇处),江苏省,南京市,江宁区,1,6ed3083ab992c1b72b3a9f78,118.86011566750568,31.918224713495412,27
8715,南京·罗托鲁拉小镇,118.86311,31.914901,南京市江宁区竹山南路688号(竹山路与诚信大道交汇处),江苏省,南京市,江宁区,1,6ed3083ab992c1b72b3a9f78,118.8601154761666,31.918233917049886,28
8715,南京·罗托鲁拉小镇,118.86311,31.914901,南京市江宁区竹山南路688号(竹山路与诚信大道交汇处),江苏省,南京市,江宁区,1,6ed3083ab992c1b72b3a9f78,118.86011708682838,31.91824310941649,29
8715,南京·罗托鲁拉小镇,118.86311,31.914901,南京市江宁区竹山南路688号(竹山路与诚信大道交汇处),江苏省,南京市,江宁区,1,6ed3083ab992c1b72b3a9f78,118.86012070071145,31.918251589266397,30
8715,南京·罗托鲁拉小镇,118.86311,31.914901,南京市江宁区竹山南路688号(竹山路与诚信大道交汇处),江苏省,南京市,江宁区,1,6ed3083ab992c1b72b3a9f78,118.86012792218943,31.918261547169912,31
8715,南京·罗托鲁拉小镇,118.86311,31.914901,南京市江宁区竹山南路688号(竹山路与诚信大道交汇处),江苏省,南京市,江宁区,1,6ed3083ab992c1b72b3a9f78,118.86013764544828,31.9182690890015,32
8715,南京·罗托鲁拉小镇,118.86311,31.914901,南京市江宁区竹山南路688号(竹山路与诚信大道交汇处),江苏省,南京市,江宁区,1,6ed3083ab992c1b72b3a9f78,118.86100746209732,31.918549741114877,33
8715,南京·罗托鲁拉小镇,118.86311,31.914901,南京市江宁区竹山南路688号(竹山路与诚信大道交汇处),江苏省,南京市,江宁区,1,6ed3083ab992c1b72b3a9f78,118.86101958383186,31.918554277248564,34
8715,南京·罗托鲁拉小镇,118.86311,31.914901,南京市江宁区竹山南路688号(竹山路与诚信大道交汇处),江苏省,南京市,江宁区,1,6ed3083ab992c1b72b3a9f78,118.8610324035498,31.918556009148812,35
8715,南京·罗托鲁拉小镇,118.86311,31.914901,南京市江宁区竹山南路688号(竹山路与诚信大道交汇处),江苏省,南京市,江宁区,1,6ed3083ab992c1b72b3a9f78,118.86104532118303,31.918555039873137,36
8715,南京·罗托鲁拉小镇,118.86311,31.914901,南京市江宁区竹山南路688号(竹山路与诚信大道交汇处),江苏省,南京市,江宁区,1,6ed3083ab992c1b72b3a9f78,118.86105773576519,31.918551272800386,37
8715,南京·罗托鲁拉小镇,118.86311,31.914901,南京市江宁区竹山南路688号(竹山路与诚信大道交汇处),江苏省,南京市,江宁区,1,6ed3083ab992c1b72b3a9f78,118.86106904632986,31.918545011049176,38
8715,南京·罗托鲁拉小镇,118.86311,31.914901,南京市江宁区竹山南路688号(竹山路与诚信大道交汇处),江苏省,南京市,江宁区,1,6ed3083ab992c1b72b3a9f78,118.86107885223281,31.918536456826047,39
8715,南京·罗托鲁拉小镇,118.86311,31.914901,南京市江宁区竹山南路688号(竹山路与诚信大道交汇处),江苏省,南京市,江宁区,1,6ed3083ab992c1b72b3a9f78,118.86108655340593,31.918526113310985,40
8715,南京·罗托鲁拉小镇,118.86311,31.914901,南京市江宁区竹山南路688号(竹山路与诚信大道交汇处),江苏省,南京市,江宁区,1,6ed3083ab992c1b72b3a9f78,118.86137261699898,31.918170245582097,41
8715,南京·罗托鲁拉小镇,118.86311,31.914901,南京市江宁区竹山南路688号(竹山路与诚信大道交汇处),江苏省,南京市,江宁区,1,6ed3083ab992c1b72b3a9f78,118.86138011695168,31.91815990524364,42
8715,南京·罗托鲁拉小镇,118.86311,31.914901,南京市江宁区竹山南路688号(竹山路与诚信大道交汇处),江苏省,南京市,江宁区,1,6ed3083ab992c1b72b3a9f78,118.86138982224442,31.918151654487723,43
8715,南京·罗托鲁拉小镇,118.86311,31.914901,南京市江宁区竹山南路688号(竹山路与诚信大道交汇处),江苏省,南京市,江宁区,1,6ed3083ab992c1b72b3a9f78,118.86140113191078,31.918145696365716,44
8715,南京·罗托鲁拉小镇,118.86311,31.914901,南京市江宁区竹山南路688号(竹山路与诚信大道交汇处),江苏省,南京市,江宁区,1,6ed3083ab992c1b72b3a9f78,118.86141354559463,31.918142333461994,45
8715,南京·罗托鲁拉小镇,118.86311,31.914901,南京市江宁区竹山南路688号(竹山路与诚信大道交汇处),江苏省,南京市,江宁区,1,6ed3083ab992c1b72b3a9f78,118.86142626200743,31.918141769976963,46
8715,南京·罗托鲁拉小镇,118.86311,31.914901,南京市江宁区竹山南路688号(竹山路与诚信大道交汇处),江苏省,南京市,江宁区,1,6ed3083ab992c1b72b3a9f78,118.86143888140323,31.91814400782625,47
8715,南京·罗托鲁拉小镇,118.86311,31.914901,南京市江宁区竹山南路688号(竹山路与诚信大道交汇处),江苏省,南京市,江宁区,1,6ed3083ab992c1b72b3a9f78,118.86145060159521,31.918148951001115,48
8715,南京·罗托鲁拉小镇,118.86311,31.914901,南京市江宁区竹山南路688号(竹山路与诚信大道交汇处),江苏省,南京市,江宁区,1,6ed3083ab992c1b72b3a9f78,118.8627097303777,31.918627684259324,49
8715,南京·罗托鲁拉小镇,118.86311,31.914901,南京市江宁区竹山南路688号(竹山路与诚信大道交汇处),江苏省,南京市,江宁区,1,6ed3083ab992c1b72b3a9f78,118.86272124575603,31.918631642042364,50
8715,南京·罗托鲁拉小镇,118.86311,31.914901,南京市江宁区竹山南路688号(竹山路与诚信大道交汇处),江苏省,南京市,江宁区,1,6ed3083ab992c1b72b3a9f78,118.8627332587956,31.918632997418083,51
8715,南京·罗托鲁拉小镇,118.86311,31.914901,南京市江宁区竹山南路688号(竹山路与诚信大道交汇处),江苏省,南京市,江宁区,1,6ed3083ab992c1b72b3a9f78,118.86274547036071,31.918631751459316,52
8715,南京·罗托鲁拉小镇,118.86311,31.914901,南京市江宁区竹山南路688号(竹山路与诚信大道交汇处),江苏省,南京市,江宁区,1,6ed3083ab992c1b72b3a9f78,118.86275697765429,31.91862790761397,53
8715,南京·罗托鲁拉小镇,118.86311,31.914901,南京市江宁区竹山南路688号(竹山路与诚信大道交汇处),江苏省,南京市,江宁区,1,6ed3083ab992c1b72b3a9f78,118.86276748243894,31.918621567023454,54
8715,南京·罗托鲁拉小镇,118.86311,31.914901,南京市江宁区竹山南路688号(竹山路与诚信大道交汇处),江苏省,南京市,江宁区,1,6ed3083ab992c1b72b3a9f78,118.862776283138,31.918613132262035,55
8715,南京·罗托鲁拉小镇,118.86311,31.914901,南京市江宁区竹山南路688号(竹山路与诚信大道交汇处),江苏省,南京市,江宁区,1,6ed3083ab992c1b72b3a9f78,118.86278308061581,31.918603004524776,56
8715,南京·罗托鲁拉小镇,118.86311,31.914901,南京市江宁区竹山南路688号(竹山路与诚信大道交汇处),江苏省,南京市,江宁区,1,6ed3083ab992c1b72b3a9f78,118.8645440576528,31.915793298065,57
8715,南京·罗托鲁拉小镇,118.86311,31.914901,南京市江宁区竹山南路688号(竹山路与诚信大道交汇处),江苏省,南京市,江宁区,1,6ed3083ab992c1b72b3a9f78,118.86538450959301,31.914037960720343,58
8715,南京·罗托鲁拉小镇,118.86311,31.914901,南京市江宁区竹山南路688号(竹山路与诚信大道交汇处),江苏省,南京市,江宁区,1,6ed3083ab992c1b72b3a9f78,118.86557769109125,31.913462524579508,59
8715,南京·罗托鲁拉小镇,118.86311,31.914901,南京市江宁区竹山南路688号(竹山路与诚信大道交汇处),江苏省,南京市,江宁区,1,6ed3083ab992c1b72b3a9f78,118.86557798304054,31.913452222020126,60
8715,南京·罗托鲁拉小镇,118.86311,31.914901,南京市江宁区竹山南路688号(竹山路与诚信大道交汇处),江苏省,南京市,江宁区,1,6ed3083ab992c1b72b3a9f78,118.86557637417536,31.91344202137334,61
8715,南京·罗托鲁拉小镇,118.86311,31.914901,南京市江宁区竹山南路688号(竹山路与诚信大道交汇处),江苏省,南京市,江宁区,1,6ed3083ab992c1b72b3a9f78,118.86557306481785,31.913432322554918,62
8715,南京·罗托鲁拉小镇,118.86311,31.914901,南京市江宁区竹山南路688号(竹山路与诚信大道交汇处),江苏省,南京市,江宁区,1,6ed3083ab992c1b72b3a9f78,118.86556805676464,31.91342332556124,63
8715,南京·罗托鲁拉小镇,118.86311,31.914901,南京市江宁区竹山南路688号(竹山路与诚信大道交汇处),江苏省,南京市,江宁区,1,6ed3083ab992c1b72b3a9f78,118.86556164825313,31.91341533023359,64
8715,南京·罗托鲁拉小镇,118.86311,31.914901,南京市江宁区竹山南路688号(竹山路与诚信大道交汇处),江苏省,南京市,江宁区,1,6ed3083ab992c1b72b3a9f78,118.86555374046972,31.913408636719854,65
8715,南京·罗托鲁拉小镇,118.86311,31.914901,南京市江宁区竹山南路688号(竹山路与诚信大道交汇处),江苏省,南京市,江宁区,1,6ed3083ab992c1b72b3a9f78,118.86554493438081,31.91340344448017,66
8715,南京·罗托鲁拉小镇,118.86311,31.914901,南京市江宁区竹山南路688号(竹山路与诚信大道交汇处),江苏省,南京市,江宁区,1,6ed3083ab992c1b72b3a9f78,118.86536364465093,31.913359935477015,67
8715,南京·罗托鲁拉小镇,118.86311,31.914901,南京市江宁区竹山南路688号(竹山路与诚信大道交汇处),江苏省,南京市,江宁区,1,6ed3083ab992c1b72b3a9f78,118.86535443791776,31.913354645381933,68
8715,南京·罗托鲁拉小镇,118.86311,31.914901,南京市江宁区竹山南路688号(竹山路与诚信大道交汇处),江苏省,南京市,江宁区,1,6ed3083ab992c1b72b3a9f78,118.8653461294901,31.913347853934482,69
8715,南京·罗托鲁拉小镇,118.86311,31.914901,南京市江宁区竹山南路688号(竹山路与诚信大道交汇处),江苏省,南京市,江宁区,1,6ed3083ab992c1b72b3a9f78,118.86533922062242,31.91333976059431,70
8715,南京·罗托鲁拉小镇,118.86311,31.914901,南京市江宁区竹山南路688号(竹山路与诚信大道交汇处),江苏省,南京市,江宁区,1,6ed3083ab992c1b72b3a9f78,118.86533371131473,31.91333066527908,71
8715,南京·罗托鲁拉小镇,118.86311,31.914901,南京市江宁区竹山南路688号(竹山路与诚信大道交汇处),江苏省,南京市,江宁区,1,6ed3083ab992c1b72b3a9f78,118.86532980188915,31.91332076790829,72
8715,南京·罗托鲁拉小镇,118.86311,31.914901,南京市江宁区竹山南路688号(竹山路与诚信大道交汇处),江苏省,南京市,江宁区,1,6ed3083ab992c1b72b3a9f78,118.86532759295591,31.91331036839973,73
8715,南京·罗托鲁拉小镇,118.86311,31.914901,南京市江宁区竹山南路688号(竹山路与诚信大道交汇处),江苏省,南京市,江宁区,1,6ed3083ab992c1b72b3a9f78,118.8653272839388,31.913299666443205,74
8715,南京·罗托鲁拉小镇,118.86311,31.914901,南京市江宁区竹山南路688号(竹山路与诚信大道交汇处),江苏省,南京市,江宁区,1,6ed3083ab992c1b72b3a9f78,118.86536188397213,31.913161394443435,75
8720,伴山香槟园,118.896281,31.913553,南京市江宁区大学城格致路9号(江宁体育中心对面),江苏省,南京市,江宁区,1,0a46dc0f3a50fd2030621213,118.89812458519292,31.913268708362363,1
8720,伴山香槟园,118.896281,31.913553,南京市江宁区大学城格致路9号(江宁体育中心对面),江苏省,南京市,江宁区,1,0a46dc0f3a50fd2030621213,118.89820992421636,31.913303190519013,2
8720,伴山香槟园,118.896281,31.913553,南京市江宁区大学城格致路9号(江宁体育中心对面),江苏省,南京市,江宁区,1,0a46dc0f3a50fd2030621213,118.89823238185411,31.91336066075111,3
8720,伴山香槟园,118.896281,31.913553,南京市江宁区大学城格致路9号(江宁体育中心对面),江苏省,南京市,江宁区,1,0a46dc0f3a50fd2030621213,118.89744187300533,31.914805067346112,4
8720,伴山香槟园,118.896281,31.913553,南京市江宁区大学城格致路9号(江宁体育中心对面),江苏省,南京市,江宁区,1,0a46dc0f3a50fd2030621213,118.896826533731,31.914609671506827,5
8720,伴山香槟园,118.896281,31.913553,南京市江宁区大学城格致路9号(江宁体育中心对面),江苏省,南京市,江宁区,1,0a46dc0f3a50fd2030621213,118.8963414487556,31.91446408217767,6
8720,伴山香槟园,118.896281,31.913553,南京市江宁区大学城格致路9号(江宁体育中心对面),江苏省,南京市,江宁区,1,0a46dc0f3a50fd2030621213,118.89568568573333,31.914326155230164,7
8720,伴山香槟园,118.896281,31.913553,南京市江宁区大学城格致路9号(江宁体育中心对面),江苏省,南京市,江宁区,1,0a46dc0f3a50fd2030621213,118.8946122106489,31.914161792011715,8
8720,伴山香槟园,118.896281,31.913553,南京市江宁区大学城格致路9号(江宁体育中心对面),江苏省,南京市,江宁区,1,0a46dc0f3a50fd2030621213,118.89455831231831,31.914123095733018,9
8720,伴山香槟园,118.896281,31.913553,南京市江宁区大学城格致路9号(江宁体育中心对面),江苏省,南京市,江宁区,1,0a46dc0f3a50fd2030621213,118.89457178690095,31.914061794663812,10
8720,伴山香槟园,118.896281,31.913553,南京市江宁区大学城格致路9号(江宁体育中心对面),江苏省,南京市,江宁区,1,0a46dc0f3a50fd2030621213,118.8949535667427,31.912188260843127,11
8720,伴山香槟园,118.896281,31.913553,南京市江宁区大学城格致路9号(江宁体育中心对面),江苏省,南京市,江宁区,1,0a46dc0f3a50fd2030621213,118.89812458519292,31.913268708362363,12
8721,五矿·九玺台,118.892751,31.915564,南京市江宁区科学园弘景大道以南丽泽路599号,江苏省,南京市,江宁区,1,09f007cef11525a0128824af,118.89167223637585,31.918990805329262,1
8721,五矿·九玺台,118.892751,31.915564,南京市江宁区科学园弘景大道以南丽泽路599号,江苏省,南京市,江宁区,1,09f007cef11525a0128824af,118.89075596475568,31.918764769510165,2
8721,五矿·九玺台,118.892751,31.915564,南京市江宁区科学园弘景大道以南丽泽路599号,江苏省,南京市,江宁区,1,09f007cef11525a0128824af,118.89052240532308,31.918580875548646,3
8721,五矿·九玺台,118.892751,31.915564,南京市江宁区科学园弘景大道以南丽泽路599号,江苏省,南京市,江宁区,1,09f007cef11525a0128824af,118.89059426976388,31.917270620327287,4
8721,五矿·九玺台,118.892751,31.915564,南京市江宁区科学园弘景大道以南丽泽路599号,江苏省,南京市,江宁区,1,09f007cef11525a0128824af,118.89129943958922,31.917370231035264,5
8721,五矿·九玺台,118.892751,31.915564,南京市江宁区科学园弘景大道以南丽泽路599号,江苏省,南京市,江宁区,1,09f007cef11525a0128824af,118.89173511776156,31.91732808805672,6
8721,五矿·九玺台,118.892751,31.915564,南京市江宁区科学园弘景大道以南丽泽路599号,江苏省,南京市,江宁区,1,09f007cef11525a0128824af,118.8921707959339,31.91681470838919,7
8721,五矿·九玺台,118.892751,31.915564,南京市江宁区科学园弘景大道以南丽泽路599号,江苏省,南京市,江宁区,1,09f007cef11525a0128824af,118.89217977898899,31.91657334232177,8
8721,五矿·九玺台,118.892751,31.915564,南京市江宁区科学园弘景大道以南丽泽路599号,江苏省,南京市,江宁区,1,09f007cef11525a0128824af,118.89178901609215,31.915814759089514,9
8721,五矿·九玺台,118.892751,31.915564,南京市江宁区科学园弘景大道以南丽泽路599号,江苏省,南京市,江宁区,1,09f007cef11525a0128824af,118.89177104998195,31.91573813416936,10
8721,五矿·九玺台,118.892751,31.915564,南京市江宁区科学园弘景大道以南丽泽路599号,江苏省,南京市,江宁区,1,09f007cef11525a0128824af,118.89260198257868,31.915186432841736,11
8721,五矿·九玺台,118.892751,31.915564,南京市江宁区科学园弘景大道以南丽泽路599号,江苏省,南京市,江宁区,1,09f007cef11525a0128824af,118.89261545716133,31.91451212668201,12
8721,五矿·九玺台,118.892751,31.915564,南京市江宁区科学园弘景大道以南丽泽路599号,江苏省,南京市,江宁区,1,09f007cef11525a0128824af,118.89252113508279,31.914171140417178,13
8721,五矿·九玺台,118.892751,31.915564,南京市江宁区科学园弘景大道以南丽泽路599号,江苏省,南京市,江宁区,1,09f007cef11525a0128824af,118.89215732135125,31.91388379145033,14
8721,五矿·九玺台,118.892751,31.915564,南京市江宁区科学园弘景大道以南丽泽路599号,江苏省,南京市,江宁区,1,09f007cef11525a0128824af,118.89150155832895,31.913952755285028,15
8721,五矿·九玺台,118.892751,31.915564,南京市江宁区科学园弘景大道以南丽泽路599号,江苏省,南京市,江宁区,1,09f007cef11525a0128824af,118.89142071083306,31.913945092639306,16
8721,五矿·九玺台,118.892751,31.915564,南京市江宁区科学园弘景大道以南丽泽路599号,江苏省,南京市,江宁区,1,09f007cef11525a0128824af,118.89094011738523,31.913531308813326,17
8721,五矿·九玺台,118.892751,31.915564,南京市江宁区科学园弘景大道以南丽泽路599号,江苏省,南京市,江宁区,1,09f007cef11525a0128824af,118.89133537180962,31.913106029033926,18
8721,五矿·九玺台,118.892751,31.915564,南京市江宁区科学园弘景大道以南丽泽路599号,江苏省,南京市,江宁区,1,09f007cef11525a0128824af,118.89169918554116,31.912780362995917,19
8721,五矿·九玺台,118.892751,31.915564,南京市江宁区科学园弘景大道以南丽泽路599号,江苏省,南京市,江宁区,1,09f007cef11525a0128824af,118.89237740620119,31.912217149571156,20
8721,五矿·九玺台,118.892751,31.915564,南京市江宁区科学园弘景大道以南丽泽路599号,江苏省,南京市,江宁区,1,09f007cef11525a0128824af,118.89311850824691,31.911554315706972,21
8721,五矿·九玺台,118.892751,31.915564,南京市江宁区科学园弘景大道以南丽泽路599号,江苏省,南京市,江宁区,1,09f007cef11525a0128824af,118.8939180001508,31.91181485213626,22
8721,五矿·九玺台,118.892751,31.915564,南京市江宁区科学园弘景大道以南丽泽路599号,江苏省,南京市,江宁区,1,09f007cef11525a0128824af,118.8937832543243,31.91212519602835,23
8721,五矿·九玺台,118.892751,31.915564,南京市江宁区科学园弘景大道以南丽泽路599号,江苏省,南京市,江宁区,1,09f007cef11525a0128824af,118.89467706830673,31.912447033022165,24
8721,五矿·九玺台,118.892751,31.915564,南京市江宁区科学园弘景大道以南丽泽路599号,江苏省,南京市,江宁区,1,09f007cef11525a0128824af,118.89465910219653,31.912592625574494,25
8721,五矿·九玺台,118.892751,31.915564,南京市江宁区科学园弘景大道以南丽泽路599号,江苏省,南京市,江宁区,1,09f007cef11525a0128824af,118.89452435637004,31.912879978613475,26
8721,五矿·九玺台,118.892751,31.915564,南京市江宁区科学园弘景大道以南丽泽路599号,江苏省,南京市,江宁区,1,09f007cef11525a0128824af,118.89446596651189,31.913152005321997,27
8721,五矿·九玺台,118.892751,31.915564,南京市江宁区科学园弘景大道以南丽泽路599号,江苏省,南京市,江宁区,1,09f007cef11525a0128824af,118.8943491867956,31.914063863575574,28
8721,五矿·九玺台,118.892751,31.915564,南京市江宁区科学园弘景大道以南丽泽路599号,江苏省,南京市,江宁区,1,09f007cef11525a0128824af,118.8942773223548,31.91549293399178,29
8721,五矿·九玺台,118.892751,31.915564,南京市江宁区科学园弘景大道以南丽泽路599号,江苏省,南京市,江宁区,1,09f007cef11525a0128824af,118.89416054263849,31.916933475584433,30
8721,五矿·九玺台,118.892751,31.915564,南京市江宁区科学园弘景大道以南丽泽路599号,江苏省,南京市,江宁区,1,09f007cef11525a0128824af,118.89414706805584,31.917086723349495,31
8721,五矿·九玺台,118.892751,31.915564,南京市江宁区科学园弘景大道以南丽泽路599号,江苏省,南京市,江宁区,1,09f007cef11525a0128824af,118.89442105123639,31.917692049501227,32
8721,五矿·九玺台,118.892751,31.915564,南京市江宁区科学园弘景大道以南丽泽路599号,江苏省,南京市,江宁区,1,09f007cef11525a0128824af,118.89434469526803,31.917761010453162,33
8721,五矿·九玺台,118.892751,31.915564,南京市江宁区科学园弘景大道以南丽泽路599号,江苏省,南京市,江宁区,1,09f007cef11525a0128824af,118.8934778304509,31.918067502941284,34
8721,五矿·九玺台,118.892751,31.915564,南京市江宁区科学园弘景大道以南丽泽路599号,江苏省,南京市,江宁区,1,09f007cef11525a0128824af,118.89279960979087,31.91838548780776,35
8721,五矿·九玺台,118.892751,31.915564,南京市江宁区科学园弘景大道以南丽泽路599号,江苏省,南京市,江宁区,1,09f007cef11525a0128824af,118.89178901609215,31.918960156437517,36
8721,五矿·九玺台,118.892751,31.915564,南京市江宁区科学园弘景大道以南丽泽路599号,江苏省,南京市,江宁区,1,09f007cef11525a0128824af,118.89167223637585,31.918990805329262,37
8724,鲁能泰山七号院,118.898383,31.911923,江苏省南京市江宁区格致西路1号,江苏省,南京市,江宁区,1,c914fb1cec01e62809b93a3e,118.89693989988636,31.9107441959091,1
8724,鲁能泰山七号院,118.898383,31.911923,江苏省南京市江宁区格致西路1号,江苏省,南京市,江宁区,1,c914fb1cec01e62809b93a3e,118.90082282545325,31.911136919468827,2
8724,鲁能泰山七号院,118.898383,31.911923,江苏省南京市江宁区格致西路1号,江苏省,南京市,江宁区,1,c914fb1cec01e62809b93a3e,118.89948884177093,31.913504719306918,3
8724,鲁能泰山七号院,118.898383,31.911923,江苏省南京市江宁区格致西路1号,江苏省,南京市,江宁区,1,c914fb1cec01e62809b93a3e,118.89641888269058,31.912453009984166,4
8724,鲁能泰山七号院,118.898383,31.911923,江苏省南京市江宁区格致西路1号,江苏省,南京市,江宁区,1,c914fb1cec01e62809b93a3e,118.89693989988636,31.9107441959091,5
8725,弘景·雅墅,118.895751,31.915953,江宁区科学园弘景大道2888号,江苏省,南京市,江宁区,1,b1c556e8669b6272b52655b9,118.89451402585667,31.91754500925272,1
8725,弘景·雅墅,118.895751,31.915953,江宁区科学园弘景大道2888号,江苏省,南京市,江宁区,1,b1c556e8669b6272b52655b9,118.89470797001627,31.917528994953898,2
8725,弘景·雅墅,118.895751,31.915953,江宁区科学园弘景大道2888号,江苏省,南京市,江宁区,1,b1c556e8669b6272b52655b9,118.89646334881331,31.916893707747267,3
8725,弘景·雅墅,118.895751,31.915953,江宁区科学园弘景大道2888号,江苏省,南京市,江宁区,1,b1c556e8669b6272b52655b9,118.897244874607,31.916430131486152,4
8725,弘景·雅墅,118.895751,31.915953,江宁区科学园弘景大道2888号,江苏省,南京市,江宁区,1,b1c556e8669b6272b52655b9,118.89794555290479,31.9158094719721,5
8725,弘景·雅墅,118.895751,31.915953,江宁区科学园弘景大道2888号,江苏省,南京市,江宁区,1,b1c556e8669b6272b52655b9,118.89760419681099,31.915422515443787,6
8725,弘景·雅墅,118.895751,31.915953,江宁区科学园弘景大道2888号,江苏省,南京市,江宁区,1,b1c556e8669b6272b52655b9,118.89765800531104,31.91509302641126,7
8725,弘景·雅墅,118.895751,31.915953,江宁区科学园弘景大道2888号,江苏省,南京市,江宁区,1,b1c556e8669b6272b52655b9,118.8971819932213,31.91490498725257,8
8725,弘景·雅墅,118.895751,31.915953,江宁区科学园弘景大道2888号,江苏省,南京市,江宁区,1,b1c556e8669b6272b52655b9,118.89706099146912,31.915139001696645,9
8725,弘景·雅墅,118.895751,31.915953,江宁区科学园弘景大道2888号,江苏省,南京市,江宁区,1,b1c556e8669b6272b52655b9,118.89579860273594,31.914759704898422,10
8725,弘景·雅墅,118.895751,31.915953,江宁区科学园弘景大道2888号,江苏省,南京市,江宁区,1,b1c556e8669b6272b52655b9,118.89585699259408,31.914518333386468,11
8725,弘景·雅墅,118.895751,31.915953,江宁区科学园弘景大道2888号,江苏省,南京市,江宁区,1,b1c556e8669b6272b52655b9,118.89454097502197,31.914330599546176,12
8725,弘景·雅墅,118.895751,31.915953,江宁区科学园弘景大道2888号,江苏省,南京市,江宁区,1,b1c556e8669b6272b52655b9,118.89432601051342,31.917074003794806,13
8725,弘景·雅墅,118.895751,31.915953,江宁区科学园弘景大道2888号,江苏省,南京市,江宁区,1,b1c556e8669b6272b52655b9,118.89437101561948,31.917241963072673,14
8725,弘景·雅墅,118.895751,31.915953,江宁区科学园弘景大道2888号,江苏省,南京市,江宁区,1,b1c556e8669b6272b52655b9,118.89451402585667,31.91754500925272,15
8729,龙庭水岸家园2期,118.910568,31.910445,南京市江宁区文齐路与知行路交叉路口往东北约110米,江苏省,南京市,江宁区,1,98dedf0ebb166832e0110306,118.91015534824855,31.909851630218906,1
8729,龙庭水岸家园2期,118.910568,31.910445,南京市江宁区文齐路与知行路交叉路口往东北约110米,江苏省,南京市,江宁区,1,98dedf0ebb166832e0110306,118.91159499151428,31.910327525784737,2
8729,龙庭水岸家园2期,118.910568,31.910445,南京市江宁区文齐路与知行路交叉路口往东北约110米,江苏省,南京市,江宁区,1,98dedf0ebb166832e0110306,118.91114588790019,31.911035283864347,3
8729,龙庭水岸家园2期,118.910568,31.910445,南京市江宁区文齐路与知行路交叉路口往东北约110米,江苏省,南京市,江宁区,1,98dedf0ebb166832e0110306,118.91025619583482,31.910776609466204,4
8729,龙庭水岸家园2期,118.910568,31.910445,南京市江宁区文齐路与知行路交叉路口往东北约110米,江苏省,南京市,江宁区,1,98dedf0ebb166832e0110306,118.9097906860971,31.910651581015564,5
8729,龙庭水岸家园2期,118.910568,31.910445,南京市江宁区文齐路与知行路交叉路口往东北约110米,江苏省,南京市,江宁区,1,98dedf0ebb166832e0110306,118.91015534824855,31.909851630218906,6
8735,文鼎雅苑,118.918684,31.915326,南京市江宁区秣陵街道玉树路88号(公交车站),江苏省,南京市,江宁区,1,fa5a06081821946a1b11d5ac,118.91725962082718,31.914234550549455,1
8735,文鼎雅苑,118.918684,31.915326,南京市江宁区秣陵街道玉树路88号(公交车站),江苏省,南京市,江宁区,1,fa5a06081821946a1b11d5ac,118.91741826607176,31.91544817117224,2
8735,文鼎雅苑,118.918684,31.915326,南京市江宁区秣陵街道玉树路88号(公交车站),江苏省,南京市,江宁区,1,fa5a06081821946a1b11d5ac,118.91751363557454,31.916129129237206,3
8735,文鼎雅苑,118.918684,31.915326,南京市江宁区秣陵街道玉树路88号(公交车站),江苏省,南京市,江宁区,1,fa5a06081821946a1b11d5ac,118.91755562327238,31.91622350275651,4
8735,文鼎雅苑,118.918684,31.915326,南京市江宁区秣陵街道玉树路88号(公交车站),江苏省,南京市,江宁区,1,fa5a06081821946a1b11d5ac,118.91762453498298,31.916299094447066,5
8735,文鼎雅苑,118.918684,31.915326,南京市江宁区秣陵街道玉树路88号(公交车站),江苏省,南京市,江宁区,1,fa5a06081821946a1b11d5ac,118.91770541212296,31.916364778383997,6
8735,文鼎雅苑,118.918684,31.915326,南京市江宁区秣陵街道玉树路88号(公交车站),江苏省,南京市,江宁区,1,fa5a06081821946a1b11d5ac,118.91797285923259,31.916400957595336,7
8735,文鼎雅苑,118.918684,31.915326,南京市江宁区秣陵街道玉树路88号(公交车站),江苏省,南京市,江宁区,1,fa5a06081821946a1b11d5ac,118.91835705821109,31.916410966962868,8
8735,文鼎雅苑,118.918684,31.915326,南京市江宁区秣陵街道玉树路88号(公交车站),江苏省,南京市,江宁区,1,fa5a06081821946a1b11d5ac,118.91878219836148,31.91640413850379,9
8735,文鼎雅苑,118.918684,31.915326,南京市江宁区秣陵街道玉树路88号(公交车站),江苏省,南京市,江宁区,1,fa5a06081821946a1b11d5ac,118.92031940480102,31.916317214679047,10
8735,文鼎雅苑,118.918684,31.915326,南京市江宁区秣陵街道玉树路88号(公交车站),江苏省,南京市,江宁区,1,fa5a06081821946a1b11d5ac,118.92030320925097,31.91601704856907,11
8735,文鼎雅苑,118.918684,31.915326,南京市江宁区秣陵街道玉树路88号(公交车站),江苏省,南京市,江宁区,1,fa5a06081821946a1b11d5ac,118.91961390080603,31.91433341065256,12
8735,文鼎雅苑,118.918684,31.915326,南京市江宁区秣陵街道玉树路88号(公交车站),江苏省,南京市,江宁区,1,fa5a06081821946a1b11d5ac,118.91951395264007,31.91418072276165,13
8735,文鼎雅苑,118.918684,31.915326,南京市江宁区秣陵街道玉树路88号(公交车站),江苏省,南京市,江宁区,1,fa5a06081821946a1b11d5ac,118.91725962082718,31.914234550549455,14
8736,宜家国际公寓,118.916016,31.913358,南京市江宁区文博路1号(江宁大学城地铁南京交院站往南300米),江苏省,南京市,江宁区,1,9cc78b94df8f2e34d2f49e4c,118.91519795937667,31.913006030527267,1
8736,宜家国际公寓,118.916016,31.913358,南京市江宁区文博路1号(江宁大学城地铁南京交院站往南300米),江苏省,南京市,江宁区,1,9cc78b94df8f2e34d2f49e4c,118.91430396573314,31.91466499539092,2
8736,宜家国际公寓,118.916016,31.913358,南京市江宁区文博路1号(江宁大学城地铁南京交院站往南300米),江苏省,南京市,江宁区,1,9cc78b94df8f2e34d2f49e4c,118.91549898155306,31.915040997685328,3
8736,宜家国际公寓,118.916016,31.913358,南京市江宁区文博路1号(江宁大学城地铁南京交院站往南300米),江苏省,南京市,江宁区,1,9cc78b94df8f2e34d2f49e4c,118.91722803999868,31.915159000938537,4
8736,宜家国际公寓,118.916016,31.913358,南京市江宁区文博路1号(江宁大学城地铁南京交院站往南300米),江苏省,南京市,江宁区,1,9cc78b94df8f2e34d2f49e4c,118.91694902630726,31.911864966999293,5
8736,宜家国际公寓,118.916016,31.913358,南京市江宁区文博路1号(江宁大学城地铁南京交院站往南300米),江苏省,南京市,江宁区,1,9cc78b94df8f2e34d2f49e4c,118.91674304485383,31.911446959155697,6
8736,宜家国际公寓,118.916016,31.913358,南京市江宁区文博路1号(江宁大学城地铁南京交院站往南300米),江苏省,南京市,江宁区,1,9cc78b94df8f2e34d2f49e4c,118.91656302442962,31.911274008328505,7
8736,宜家国际公寓,118.916016,31.913358,南京市江宁区文博路1号(江宁大学城地铁南京交院站往南300米),江苏省,南京市,江宁区,1,9cc78b94df8f2e34d2f49e4c,118.91613300558201,31.911102666378902,8
8736,宜家国际公寓,118.916016,31.913358,南京市江宁区文博路1号(江宁大学城地铁南京交院站往南300米),江苏省,南京市,江宁区,1,9cc78b94df8f2e34d2f49e4c,118.91552503241286,31.911014006755234,9
8736,宜家国际公寓,118.916016,31.913358,南京市江宁区文博路1号(江宁大学城地铁南京交院站往南300米),江苏省,南京市,江宁区,1,9cc78b94df8f2e34d2f49e4c,118.91519795937667,31.913006030527267,10
8738,文博苑,118.917699,31.91075,秣陵街道文博路2号,江苏省,南京市,江宁区,1,c33c35333eff5f292efaa7a9,118.91640850420394,31.908021559535324,1
8738,文博苑,118.917699,31.91075,秣陵街道文博路2号,江苏省,南京市,江宁区,1,c33c35333eff5f292efaa7a9,118.91636783252368,31.908065984917084,2
8738,文博苑,118.917699,31.91075,秣陵街道文博路2号,江苏省,南京市,江宁区,1,c33c35333eff5f292efaa7a9,118.91597102852228,31.90902074054755,3
8738,文博苑,118.917699,31.91075,秣陵街道文博路2号,江苏省,南京市,江宁区,1,c33c35333eff5f292efaa7a9,118.91558283388089,31.910796403948705,4
8738,文博苑,118.917699,31.91075,秣陵街道文博路2号,江苏省,南京市,江宁区,1,c33c35333eff5f292efaa7a9,118.91559882551559,31.9108461735449,5
8738,文博苑,118.917699,31.91075,秣陵街道文博路2号,江苏省,南京市,江宁区,1,c33c35333eff5f292efaa7a9,118.91564991574315,31.91088669284071,6
8738,文博苑,118.917699,31.91075,秣陵街道文博路2号,江苏省,南京市,江宁区,1,c33c35333eff5f292efaa7a9,118.9162404267515,31.91097166642879,7
8738,文博苑,118.917699,31.91075,秣陵街道文博路2号,江苏省,南京市,江宁区,1,c33c35333eff5f292efaa7a9,118.91664594072311,31.911158683814186,8
8738,文博苑,118.917699,31.91075,秣陵街道文博路2号,江苏省,南京市,江宁区,1,c33c35333eff5f292efaa7a9,118.91681363190419,31.911301033353677,9
8738,文博苑,118.917699,31.91075,秣陵街道文博路2号,江苏省,南京市,江宁区,1,c33c35333eff5f292efaa7a9,118.91685194283758,31.911306178893046,10
8738,文博苑,118.917699,31.91075,秣陵街道文博路2号,江苏省,南京市,江宁区,1,c33c35333eff5f292efaa7a9,118.91688385514084,31.91129046211958,11
8738,文博苑,118.917699,31.91075,秣陵街道文博路2号,江苏省,南京市,江宁区,1,c33c35333eff5f292efaa7a9,118.9171366481927,31.910999843583095,12
8738,文博苑,118.917699,31.91075,秣陵街道文博路2号,江苏省,南京市,江宁区,1,c33c35333eff5f292efaa7a9,118.9173313568103,31.91094471701536,13
8738,文博苑,118.917699,31.91075,秣陵街道文博路2号,江苏省,南京市,江宁区,1,c33c35333eff5f292efaa7a9,118.91736568555535,31.91095541235188,14
8738,文博苑,118.917699,31.91075,秣陵街道文博路2号,江苏省,南京市,江宁区,1,c33c35333eff5f292efaa7a9,118.91739523351849,31.910978068165235,15
8738,文博苑,118.917699,31.91075,秣陵街道文博路2号,江苏省,南京市,江宁区,1,c33c35333eff5f292efaa7a9,118.91791065696586,31.91177608405625,16
8738,文博苑,118.917699,31.91075,秣陵街道文博路2号,江苏省,南京市,江宁区,1,c33c35333eff5f292efaa7a9,118.91790190387697,31.911813620720245,17
8738,文博苑,118.917699,31.91075,秣陵街道文博路2号,江苏省,南京市,江宁区,1,c33c35333eff5f292efaa7a9,118.91787477594887,31.911832605367955,18
8738,文博苑,118.917699,31.91075,秣陵街道文博路2号,江苏省,南京市,江宁区,1,c33c35333eff5f292efaa7a9,118.91716522059605,31.91188985913347,19
8738,文博苑,118.917699,31.91075,秣陵街道文博路2号,江苏省,南京市,江宁区,1,c33c35333eff5f292efaa7a9,118.9171205442698,31.911915074095305,20
8738,文博苑,118.917699,31.91075,秣陵街道文博路2号,江苏省,南京市,江宁区,1,c33c35333eff5f292efaa7a9,118.91710302461746,31.91196773088798,21
8738,文博苑,118.917699,31.91075,秣陵街道文博路2号,江苏省,南京市,江宁区,1,c33c35333eff5f292efaa7a9,118.91732730365582,31.914037290699255,22
8738,文博苑,118.917699,31.91075,秣陵街道文博路2号,江苏省,南京市,江宁区,1,c33c35333eff5f292efaa7a9,118.9173480850555,31.914072675989743,23
8738,文博苑,118.917699,31.91075,秣陵街道文博路2号,江苏省,南京市,江宁区,1,c33c35333eff5f292efaa7a9,118.91739199782204,31.91408985416059,24
8738,文博苑,118.917699,31.91075,秣陵街道文博路2号,江苏省,南京市,江宁区,1,c33c35333eff5f292efaa7a9,118.91950440634743,31.913978616862835,25
8738,文博苑,118.917699,31.91075,秣陵街道文博路2号,江苏省,南京市,江宁区,1,c33c35333eff5f292efaa7a9,118.91954270829775,31.913942061679606,26
8738,文博苑,118.917699,31.91075,秣陵街道文博路2号,江苏省,南京市,江宁区,1,c33c35333eff5f292efaa7a9,118.91955224830228,31.91388771288863,27
8738,文博苑,118.917699,31.91075,秣陵街道文博路2号,江苏省,南京市,江宁区,1,c33c35333eff5f292efaa7a9,118.91747873910039,31.908011879297803,28
8738,文博苑,118.917699,31.91075,秣陵街道文博路2号,江苏省,南京市,江宁区,1,c33c35333eff5f292efaa7a9,118.91743082438279,31.907971468306688,29
8738,文博苑,118.917699,31.91075,秣陵街道文博路2号,江苏省,南京市,江宁区,1,c33c35333eff5f292efaa7a9,118.91737653978083,31.907956604786197,30
8738,文博苑,118.917699,31.91075,秣陵街道文博路2号,江苏省,南京市,江宁区,1,c33c35333eff5f292efaa7a9,118.91647153470835,31.908001344618476,31
8738,文博苑,118.917699,31.91075,秣陵街道文博路2号,江苏省,南京市,江宁区,1,c33c35333eff5f292efaa7a9,118.91640850420394,31.908021559535324,32
8757,上海梅山钢铁股份有限公司办公楼,118.634171,31.905808,南京市雨花台区二号路与一号路交叉路口往东北约90米,江苏省,南京市,雨花台区,1,ecf89e1b25d79207b15c6a5b,118.63479576433718,31.906669246936545,1
8757,上海梅山钢铁股份有限公司办公楼,118.634171,31.905808,南京市雨花台区二号路与一号路交叉路口往东北约90米,江苏省,南京市,雨花台区,1,ecf89e1b25d79207b15c6a5b,118.63491317466395,31.906037079379388,2
8757,上海梅山钢铁股份有限公司办公楼,118.634171,31.905808,南京市雨花台区二号路与一号路交叉路口往东北约90米,江苏省,南京市,雨花台区,1,ecf89e1b25d79207b15c6a5b,118.63496202092436,31.905943453441402,3
8757,上海梅山钢铁股份有限公司办公楼,118.634171,31.905808,南京市雨花台区二号路与一号路交叉路口往东北约90米,江苏省,南京市,雨花台区,1,ecf89e1b25d79207b15c6a5b,118.634722954879,31.90478943245378,4
8757,上海梅山钢铁股份有限公司办公楼,118.634171,31.905808,南京市雨花台区二号路与一号路交叉路口往东北约90米,江苏省,南京市,雨花台区,1,ecf89e1b25d79207b15c6a5b,118.63468501045425,31.90474113406835,5
8757,上海梅山钢铁股份有限公司办公楼,118.634171,31.905808,南京市雨花台区二号路与一号路交叉路口往东北约90米,江苏省,南京市,雨花台区,1,ecf89e1b25d79207b15c6a5b,118.63376996052958,31.905065510887603,6
8757,上海梅山钢铁股份有限公司办公楼,118.634171,31.905808,南京市雨花台区二号路与一号路交叉路口往东北约90米,江苏省,南京市,雨花台区,1,ecf89e1b25d79207b15c6a5b,118.63347078347269,31.905632570453793,7
8757,上海梅山钢铁股份有限公司办公楼,118.634171,31.905808,南京市雨花台区二号路与一号路交叉路口往东北约90米,江苏省,南京市,雨花台区,1,ecf89e1b25d79207b15c6a5b,118.6332793357041,31.90605038150703,8
8757,上海梅山钢铁股份有限公司办公楼,118.634171,31.905808,南京市雨花台区二号路与一号路交叉路口往东北约90米,江苏省,南京市,雨花台区,1,ecf89e1b25d79207b15c6a5b,118.6332406645502,31.906537202316713,9
8757,上海梅山钢铁股份有限公司办公楼,118.634171,31.905808,南京市雨花台区二号路与一号路交叉路口往东北约90米,江苏省,南京市,雨花台区,1,ecf89e1b25d79207b15c6a5b,118.63393043472418,31.906566826057656,10
8757,上海梅山钢铁股份有限公司办公楼,118.634171,31.905808,南京市雨花台区二号路与一号路交叉路口往东北约90米,江苏省,南京市,雨花台区,1,ecf89e1b25d79207b15c6a5b,118.63405318188397,31.906531688594487,11
8757,上海梅山钢铁股份有限公司办公楼,118.634171,31.905808,南京市雨花台区二号路与一号路交叉路口往东北约90米,江苏省,南京市,雨花台区,1,ecf89e1b25d79207b15c6a5b,118.63479576433718,31.906669246936545,12
8758,永安花苑,118.635065,31.900124,南京市雨花台区雄风路518号,江苏省,南京市,雨花台区,1,4fc3161a3ceb83d43b13fda7,118.63337969619228,31.900203841194354,1
8758,永安花苑,118.635065,31.900124,南京市雨花台区雄风路518号,江苏省,南京市,雨花台区,1,4fc3161a3ceb83d43b13fda7,118.63439445533366,31.901196587240328,2
8758,永安花苑,118.635065,31.900124,南京市雨花台区雄风路518号,江苏省,南京市,雨花台区,1,4fc3161a3ceb83d43b13fda7,118.63440084587906,31.90120823570783,3
8758,永安花苑,118.635065,31.900124,南京市雨花台区雄风路518号,江苏省,南京市,雨花台区,1,4fc3161a3ceb83d43b13fda7,118.63440124921823,31.901221039632325,4
8758,永安花苑,118.635065,31.900124,南京市雨花台区雄风路518号,江苏省,南京市,雨花台区,1,4fc3161a3ceb83d43b13fda7,118.6343948685542,31.901243793892018,5
8758,永安花苑,118.635065,31.900124,南京市雨花台区雄风路518号,江苏省,南京市,雨花台区,1,4fc3161a3ceb83d43b13fda7,118.63439287790918,31.90126178047392,6
8758,永安花苑,118.635065,31.900124,南京市雨花台区雄风路518号,江苏省,南京市,雨花台区,1,4fc3161a3ceb83d43b13fda7,118.63439767216569,31.901276617266994,7
8758,永安花苑,118.635065,31.900124,南京市雨花台区雄风路518号,江苏省,南京市,雨花台区,1,4fc3161a3ceb83d43b13fda7,118.63459535058131,31.901536525381825,8
8758,永安花苑,118.635065,31.900124,南京市雨花台区雄风路518号,江苏省,南京市,雨花台区,1,4fc3161a3ceb83d43b13fda7,118.63462808842732,31.901551976374773,9
8758,永安花苑,118.635065,31.900124,南京市雨花台区雄风路518号,江苏省,南京市,雨花台区,1,4fc3161a3ceb83d43b13fda7,118.63466481115655,31.90154905750581,10
8758,永安花苑,118.635065,31.900124,南京市雨花台区雄风路518号,江苏省,南京市,雨花台区,1,4fc3161a3ceb83d43b13fda7,118.63530017725392,31.90131089635157,11
8758,永安花苑,118.635065,31.900124,南京市雨花台区雄风路518号,江苏省,南京市,雨花台区,1,4fc3161a3ceb83d43b13fda7,118.63534966759939,31.901312905469357,12
8758,永安花苑,118.635065,31.900124,南京市雨花台区雄风路518号,江苏省,南京市,雨花台区,1,4fc3161a3ceb83d43b13fda7,118.63539118009362,31.901330851573253,13
8758,永安花苑,118.635065,31.900124,南京市雨花台区雄风路518号,江苏省,南京市,雨花台区,1,4fc3161a3ceb83d43b13fda7,118.63571373375477,31.901621604250632,14
8758,永安花苑,118.635065,31.900124,南京市雨花台区雄风路518号,江苏省,南京市,雨花台区,1,4fc3161a3ceb83d43b13fda7,118.6357584388268,31.90164919197008,15
8758,永安花苑,118.635065,31.900124,南京市雨花台区雄风路518号,江苏省,南京市,雨花台区,1,4fc3161a3ceb83d43b13fda7,118.63581590702348,31.901656090661284,16
8758,永安花苑,118.635065,31.900124,南京市雨花台区雄风路518号,江苏省,南京市,雨花台区,1,4fc3161a3ceb83d43b13fda7,118.63743260811081,31.90161526071401,17
8758,永安花苑,118.635065,31.900124,南京市雨花台区雄风路518号,江苏省,南京市,雨花台区,1,4fc3161a3ceb83d43b13fda7,118.63747728174212,31.90159810992663,18
8758,永安花苑,118.635065,31.900124,南京市雨花台区雄风路518号,江苏省,南京市,雨花台区,1,4fc3161a3ceb83d43b13fda7,118.63750599248453,31.901563197546306,19
8758,永安花苑,118.635065,31.900124,南京市雨花台区雄风路518号,江苏省,南京市,雨花台区,1,4fc3161a3ceb83d43b13fda7,118.6374995938544,31.901510328588333,20
8758,永安花苑,118.635065,31.900124,南京市雨花台区雄风路518号,江苏省,南京市,雨花台区,1,4fc3161a3ceb83d43b13fda7,118.63544961307042,31.898518376019794,21
8758,永安花苑,118.635065,31.900124,南京市雨花台区雄风路518号,江苏省,南京市,雨花台区,1,4fc3161a3ceb83d43b13fda7,118.63537776929066,31.898484175283585,22
8758,永安花苑,118.635065,31.900124,南京市雨花台区雄风路518号,江苏省,南京市,雨花台区,1,4fc3161a3ceb83d43b13fda7,118.63529156250408,31.898491462393146,23
8758,永安花苑,118.635065,31.900124,南京市雨花台区雄风路518号,江苏省,南京市,雨花台区,1,4fc3161a3ceb83d43b13fda7,118.63285644311408,31.89959892475745,24
8758,永安花苑,118.635065,31.900124,南京市雨花台区雄风路518号,江苏省,南京市,雨花台区,1,4fc3161a3ceb83d43b13fda7,118.63283728225755,31.899638811651588,25
8758,永安花苑,118.635065,31.900124,南京市雨花台区雄风路518号,江苏省,南京市,雨花台区,1,4fc3161a3ceb83d43b13fda7,118.63285646197849,31.899686929728073,26
8758,永安花苑,118.635065,31.900124,南京市雨花台区雄风路518号,江苏省,南京市,雨花台区,1,4fc3161a3ceb83d43b13fda7,118.63337969619228,31.900203841194354,27
8759,梅苑新村(一号路),118.636753,31.902383,南京市雨花台区雄风路488号,江苏省,南京市,雨花台区,1,d7fd2ad382ab25540bccdd78,118.63894395233471,31.90225382672762,1
8759,梅苑新村(一号路),118.636753,31.902383,南京市雨花台区雄风路488号,江苏省,南京市,雨花台区,1,d7fd2ad382ab25540bccdd78,118.63833310458793,31.901552601961637,2
8759,梅苑新村(一号路),118.636753,31.902383,南京市雨花台区雄风路488号,江苏省,南京市,雨花台区,1,d7fd2ad382ab25540bccdd78,118.63800522307679,31.901836157981126,3
8759,梅苑新村(一号路),118.636753,31.902383,南京市雨花台区雄风路488号,江苏省,南京市,雨花台区,1,d7fd2ad382ab25540bccdd78,118.63709793451171,31.901885971785354,4
8759,梅苑新村(一号路),118.636753,31.902383,南京市雨花台区雄风路488号,江苏省,南京市,雨花台区,1,d7fd2ad382ab25540bccdd78,118.63556183208965,31.901928121906128,5
8759,梅苑新村(一号路),118.636753,31.902383,南京市雨花台区雄风路488号,江苏省,南京市,雨花台区,1,d7fd2ad382ab25540bccdd78,118.63503183183876,31.901437646567313,6
8759,梅苑新村(一号路),118.636753,31.902383,南京市雨花台区雄风路488号,江苏省,南京市,雨花台区,1,d7fd2ad382ab25540bccdd78,118.63468598421741,31.901587088551665,7
8759,梅苑新村(一号路),118.636753,31.902383,南京市雨花台区雄风路488号,江苏省,南京市,雨花台区,1,d7fd2ad382ab25540bccdd78,118.6353776794601,31.902334294798344,8
8759,梅苑新村(一号路),118.636753,31.902383,南京市雨花台区雄风路488号,江苏省,南京市,雨花台区,1,d7fd2ad382ab25540bccdd78,118.63546301848355,31.903047008895204,9
8759,梅苑新村(一号路),118.636753,31.902383,南京市雨花台区雄风路488号,江苏省,南京市,雨花台区,1,d7fd2ad382ab25540bccdd78,118.63534623876726,31.9031083173744,10
8759,梅苑新村(一号路),118.636753,31.902383,南京市雨花台区雄风路488号,江苏省,南京市,雨花台区,1,d7fd2ad382ab25540bccdd78,118.63548996764885,31.903261588392,11
8759,梅苑新村(一号路),118.636753,31.902383,南京市雨花台区雄风路488号,江苏省,南京市,雨花台区,1,d7fd2ad382ab25540bccdd78,118.63595259498649,31.903667755342124,12
8759,梅苑新村(一号路),118.636753,31.902383,南京市雨花台区雄风路488号,江苏省,南京市,雨花台区,1,d7fd2ad382ab25540bccdd78,118.63613225608849,31.903778876173522,13
8759,梅苑新村(一号路),118.636753,31.902383,南京市雨花台区雄风路488号,江苏省,南京市,雨花台区,1,d7fd2ad382ab25540bccdd78,118.63626700191497,31.903706072885495,14
8759,梅苑新村(一号路),118.636753,31.902383,南京市雨花台区雄风路488号,江苏省,南京市,雨花台区,1,d7fd2ad382ab25540bccdd78,118.63624903580478,31.902951214313894,15
8759,梅苑新村(一号路),118.636753,31.902383,南京市雨花台区雄风路488号,江苏省,南京市,雨花台区,1,d7fd2ad382ab25540bccdd78,118.63768632462074,31.902943550743046,16
8759,梅苑新村(一号路),118.636753,31.902383,南京市雨花台区雄风路488号,江苏省,南京市,雨花台区,1,d7fd2ad382ab25540bccdd78,118.63783454502989,31.902866914999063,17
8759,梅苑新村(一号路),118.636753,31.902383,南京市雨花台区雄风路488号,江苏省,南京市,雨花台区,1,d7fd2ad382ab25540bccdd78,118.63795132474618,31.902725138702838,18
8759,梅苑新村(一号路),118.636753,31.902383,南京市雨花台区雄风路488号,江苏省,南京市,雨花台区,1,d7fd2ad382ab25540bccdd78,118.63823429098183,31.902537380565725,19
8759,梅苑新村(一号路),118.636753,31.902383,南京市雨花台区雄风路488号,江苏省,南京市,雨花台区,1,d7fd2ad382ab25540bccdd78,118.63851725721747,31.902391771948235,20
8759,梅苑新村(一号路),118.636753,31.902383,南京市雨花台区雄风路488号,江苏省,南京市,雨花台区,1,d7fd2ad382ab25540bccdd78,118.63894395233471,31.90225382672762,21
8761,梅山灯光球场小区,118.634415,31.90723,南京市雨花台区梅康路与文化路交叉路口西北侧,江苏省,南京市,雨花台区,1,2a851d1d402eb17f27d2bb53,118.63401293240729,31.907704577852176,1
8761,梅山灯光球场小区,118.634415,31.90723,南京市雨花台区梅康路与文化路交叉路口西北侧,江苏省,南京市,雨花台区,1,2a851d1d402eb17f27d2bb53,118.63453196973774,31.90780739386779,2
8761,梅山灯光球场小区,118.634415,31.90723,南京市雨花台区梅康路与文化路交叉路口西北侧,江苏省,南京市,雨花台区,1,2a851d1d402eb17f27d2bb53,118.63457187785833,31.90779069346023,3
8761,梅山灯光球场小区,118.634415,31.90723,南京市雨花台区梅康路与文化路交叉路口西北侧,江苏省,南京市,雨花台区,1,2a851d1d402eb17f27d2bb53,118.6347640415764,31.907043054756368,4
8761,梅山灯光球场小区,118.634415,31.90723,南京市雨花台区梅康路与文化路交叉路口西北侧,江苏省,南京市,雨花台区,1,2a851d1d402eb17f27d2bb53,118.63405939546318,31.906935791439402,5
8761,梅山灯光球场小区,118.634415,31.90723,南京市雨花台区梅康路与文化路交叉路口西北侧,江苏省,南京市,雨花台区,1,2a851d1d402eb17f27d2bb53,118.63399054214246,31.906962306690147,6
8761,梅山灯光球场小区,118.634415,31.90723,南京市雨花台区梅康路与文化路交叉路口西北侧,江苏省,南京市,雨花台区,1,2a851d1d402eb17f27d2bb53,118.63389503070741,31.907493716036576,7
8761,梅山灯光球场小区,118.634415,31.90723,南京市雨花台区梅康路与文化路交叉路口西北侧,江苏省,南京市,雨花台区,1,2a851d1d402eb17f27d2bb53,118.63388510083831,31.90758066015716,8
8761,梅山灯光球场小区,118.634415,31.90723,南京市雨花台区梅康路与文化路交叉路口西北侧,江苏省,南京市,雨花台区,1,2a851d1d402eb17f27d2bb53,118.63401293240729,31.907704577852176,9
8762,梅山中学新村小区,118.636964,31.909549,江苏省南京市雨花台区梅山中学新村,江苏省,南京市,雨花台区,1,daa597b2c1411b3ac51b758c,118.63634643368141,31.908695701078756,1
8762,梅山中学新村小区,118.636964,31.909549,江苏省南京市雨花台区梅山中学新村,江苏省,南京市,雨花台区,1,daa597b2c1411b3ac51b758c,118.6355732675188,31.908689885714715,2
8762,梅山中学新村小区,118.636964,31.909549,江苏省南京市雨花台区梅山中学新村,江苏省,南京市,雨花台区,1,daa597b2c1411b3ac51b758c,118.63563618753163,31.908789437372903,3
8762,梅山中学新村小区,118.636964,31.909549,江苏省南京市雨花台区梅山中学新村,江苏省,南京市,雨花台区,1,daa597b2c1411b3ac51b758c,118.63661736801303,31.909622368480935,4
8762,梅山中学新村小区,118.636964,31.909549,江苏省南京市雨花台区梅山中学新村,江苏省,南京市,雨花台区,1,daa597b2c1411b3ac51b758c,118.6371203652003,31.910057269444298,5
8762,梅山中学新村小区,118.636964,31.909549,江苏省南京市雨花台区梅山中学新村,江苏省,南京市,雨花台区,1,daa597b2c1411b3ac51b758c,118.63729506585926,31.91029403730116,6
8762,梅山中学新村小区,118.636964,31.909549,江苏省南京市雨花台区梅山中学新村,江苏省,南京市,雨花台区,1,daa597b2c1411b3ac51b758c,118.63732217582125,31.910552354394227,7
8762,梅山中学新村小区,118.636964,31.909549,江苏省南京市雨花台区梅山中学新村,江苏省,南京市,雨花台区,1,daa597b2c1411b3ac51b758c,118.63737625920278,31.910870953925734,8
8762,梅山中学新村小区,118.636964,31.909549,江苏省南京市雨花台区梅山中学新村,江苏省,南京市,雨花台区,1,daa597b2c1411b3ac51b758c,118.63747313516389,31.911060963645987,9
8762,梅山中学新村小区,118.636964,31.909549,江苏省南京市雨花台区梅山中学新村,江苏省,南京市,雨花台区,1,daa597b2c1411b3ac51b758c,118.63782710526367,31.91098957522827,10
8762,梅山中学新村小区,118.636964,31.909549,江苏省南京市雨花台区梅山中学新村,江苏省,南京市,雨花台区,1,daa597b2c1411b3ac51b758c,118.63769830981286,31.910777204600176,11
8762,梅山中学新村小区,118.636964,31.909549,江苏省南京市雨花台区梅山中学新村,江苏省,南京市,雨花台区,1,daa597b2c1411b3ac51b758c,118.63769714560893,31.91054414961661,12
8762,梅山中学新村小区,118.636964,31.909549,江苏省南京市雨花台区梅山中学新村,江苏省,南京市,雨花台区,1,daa597b2c1411b3ac51b758c,118.63771091303917,31.910269241207637,13
8762,梅山中学新村小区,118.636964,31.909549,江苏省南京市雨花台区梅山中学新村,江苏省,南京市,雨花台区,1,daa597b2c1411b3ac51b758c,118.63771866811064,31.90994926368386,14
8762,梅山中学新村小区,118.636964,31.909549,江苏省南京市雨花台区梅山中学新村,江苏省,南京市,雨花台区,1,daa597b2c1411b3ac51b758c,118.63768264426308,31.909768861351033,15
8762,梅山中学新村小区,118.636964,31.909549,江苏省南京市雨花台区梅山中学新村,江苏省,南京市,雨花台区,1,daa597b2c1411b3ac51b758c,118.6376177129442,31.909606167881055,16
8762,梅山中学新村小区,118.636964,31.909549,江苏省南京市雨花台区梅山中学新村,江苏省,南京市,雨花台区,1,daa597b2c1411b3ac51b758c,118.63739504816084,31.909198843608806,17
8762,梅山中学新村小区,118.636964,31.909549,江苏省南京市雨花台区梅山中学新村,江苏省,南京市,雨花台区,1,daa597b2c1411b3ac51b758c,118.63718436138313,31.9088126836285,18
8762,梅山中学新村小区,118.636964,31.909549,江苏省南京市雨花台区梅山中学新村,江苏省,南京市,雨花台区,1,daa597b2c1411b3ac51b758c,118.63634643368141,31.908695701078756,19
8764,新建雅苑,118.638572,31.903809,江苏省南京市雨花台区雄风路486号,江苏省,南京市,雨花台区,1,649506e00300ca1e46e27493,118.6395144661641,31.90423661593541,1
8764,新建雅苑,118.638572,31.903809,江苏省南京市雨花台区雄风路486号,江苏省,南京市,雨花台区,1,649506e00300ca1e46e27493,118.6397659917069,31.904301755343006,2
8764,新建雅苑,118.638572,31.903809,江苏省南京市雨花台区雄风路486号,江苏省,南京市,雨花台区,1,649506e00300ca1e46e27493,118.64020166987923,31.904320913983433,3
8764,新建雅苑,118.638572,31.903809,江苏省南京市雨花台区雄风路486号,江苏省,南京市,雨花台区,1,649506e00300ca1e46e27493,118.64031395806798,31.904225120741003,4
8764,新建雅苑,118.638572,31.903809,江苏省南京市雨花台区雄风路486号,江苏省,南京市,雨花台区,1,649506e00300ca1e46e27493,118.64019196817974,31.903994986643898,5
8764,新建雅苑,118.638572,31.903809,江苏省南京市雨花台区雄风路486号,江苏省,南京市,雨花台区,1,649506e00300ca1e46e27493,118.6394066695029,31.902918490861847,6
8764,新建雅苑,118.638572,31.903809,江苏省南京市雨花台区雄风路486号,江苏省,南京市,雨花台区,1,649506e00300ca1e46e27493,118.63889912688977,31.902884004775547,7
8764,新建雅苑,118.638572,31.903809,江苏省南京市雨花台区雄风路486号,江苏省,南京市,雨花台区,1,649506e00300ca1e46e27493,118.63807699768704,31.903450954378297,8
8764,新建雅苑,118.638572,31.903809,江苏省南京市雨花台区雄风路486号,江苏省,南京市,雨花台区,1,649506e00300ca1e46e27493,118.63770438056149,31.903658022683537,9
8764,新建雅苑,118.638572,31.903809,江苏省南京市雨花台区雄风路486号,江苏省,南京市,雨花台区,1,649506e00300ca1e46e27493,118.63768201275431,31.903823017928268,10
8764,新建雅苑,118.638572,31.903809,江苏省南京市雨花台区雄风路486号,江苏省,南京市,雨花台区,1,649506e00300ca1e46e27493,118.63772701786036,31.90397199619268,11
8764,新建雅苑,118.638572,31.903809,江苏省南京市雨花台区雄风路486号,江苏省,南京市,雨花台区,1,649506e00300ca1e46e27493,118.63754717709725,31.904317082255677,12
8764,新建雅苑,118.638572,31.903809,江苏省南京市雨花台区雄风路486号,江苏省,南京市,雨花台区,1,649506e00300ca1e46e27493,118.63855327926842,31.904738571344023,13
8764,新建雅苑,118.638572,31.903809,江苏省南京市雨花台区雄风路486号,江苏省,南京市,雨花台区,1,649506e00300ca1e46e27493,118.63877336411836,31.904853522575277,14
8764,新建雅苑,118.638572,31.903809,江苏省南京市雨花台区雄风路486号,江苏省,南京市,雨花台区,1,649506e00300ca1e46e27493,118.63884495906751,31.90471902962028,15
8764,新建雅苑,118.638572,31.903809,江苏省南京市雨花台区雄风路486号,江苏省,南京市,雨花台区,1,649506e00300ca1e46e27493,118.6395144661641,31.90423661593541,16
8768,梅怡新村小区,118.631868,31.903678,南京市雨花台区梅山街道梅山生活区,江苏省,南京市,雨花台区,1,6492c0bacbc9bb4ea80dd818,118.6302439640808,31.902818832167682,1
8768,梅怡新村小区,118.631868,31.903678,南京市雨花台区梅山街道梅山生活区,江苏省,南京市,雨花台区,1,6492c0bacbc9bb4ea80dd818,118.63034311814468,31.903460255372472,2
8768,梅怡新村小区,118.631868,31.903678,南京市雨花台区梅山街道梅山生活区,江苏省,南京市,雨花台区,1,6492c0bacbc9bb4ea80dd818,118.63106837947106,31.903566166950174,3
8768,梅怡新村小区,118.631868,31.903678,南京市雨花台区梅山街道梅山生活区,江苏省,南京市,雨花台区,1,6492c0bacbc9bb4ea80dd818,118.63118436598359,31.90386270977737,4
8768,梅怡新村小区,118.631868,31.903678,南京市雨花台区梅山街道梅山生活区,江苏省,南京市,雨花台区,1,6492c0bacbc9bb4ea80dd818,118.63120144546625,31.904095812348743,5
8768,梅怡新村小区,118.631868,31.903678,南京市雨花台区梅山街道梅山生活区,江苏省,南京市,雨花台区,1,6492c0bacbc9bb4ea80dd818,118.63108483013986,31.90464336203398,6
8768,梅怡新村小区,118.631868,31.903678,南京市雨花台区梅山街道梅山生活区,江苏省,南京市,雨花台区,1,6492c0bacbc9bb4ea80dd818,118.63231625967192,31.904794467547834,7
8768,梅怡新村小区,118.631868,31.903678,南京市雨花台区梅山街道梅山生活区,江苏省,南京市,雨花台区,1,6492c0bacbc9bb4ea80dd818,118.63336662135559,31.904928798540407,8
8768,梅怡新村小区,118.631868,31.903678,南京市雨花台区梅山街道梅山生活区,江苏省,南京市,雨花台区,1,6492c0bacbc9bb4ea80dd818,118.63350537003143,31.904915707299253,9
8768,梅怡新村小区,118.631868,31.903678,南京市雨花台区梅山街道梅山生活区,江苏省,南京市,雨花台区,1,6492c0bacbc9bb4ea80dd818,118.6335162700705,31.90474475863605,10
8768,梅怡新村小区,118.631868,31.903678,南京市雨花台区梅山街道梅山生活区,江苏省,南京市,雨花台区,1,6492c0bacbc9bb4ea80dd818,118.63339833782823,31.904436945674224,11
8768,梅怡新村小区,118.631868,31.903678,南京市雨花台区梅山街道梅山生活区,江苏省,南京市,雨花台区,1,6492c0bacbc9bb4ea80dd818,118.63327441568482,31.904126107973465,12
8768,梅怡新村小区,118.631868,31.903678,南京市雨花台区梅山街道梅山生活区,江苏省,南京市,雨花台区,1,6492c0bacbc9bb4ea80dd818,118.6331135803714,31.90387205985252,13
8768,梅怡新村小区,118.631868,31.903678,南京市雨花台区梅山街道梅山生活区,江苏省,南京市,雨花台区,1,6492c0bacbc9bb4ea80dd818,118.63291089120766,31.90380880206316,14
8768,梅怡新村小区,118.631868,31.903678,南京市雨花台区梅山街道梅山生活区,江苏省,南京市,雨花台区,1,6492c0bacbc9bb4ea80dd818,118.63284991512793,31.903629413719198,15
8768,梅怡新村小区,118.631868,31.903678,南京市雨花台区梅山街道梅山生活区,江苏省,南京市,雨花台区,1,6492c0bacbc9bb4ea80dd818,118.63231174748336,31.90361830706503,16
8768,梅怡新村小区,118.631868,31.903678,南京市雨花台区梅山街道梅山生活区,江苏省,南京市,雨花台区,1,6492c0bacbc9bb4ea80dd818,118.63232162614905,31.903355333647365,17
8768,梅怡新村小区,118.631868,31.903678,南京市雨花台区梅山街道梅山生活区,江苏省,南京市,雨花台区,1,6492c0bacbc9bb4ea80dd818,118.63219273457956,31.90314960761565,18
8768,梅怡新村小区,118.631868,31.903678,南京市雨花台区梅山街道梅山生活区,江苏省,南京市,雨花台区,1,6492c0bacbc9bb4ea80dd818,118.63201680144543,31.902659622269134,19
8768,梅怡新村小区,118.631868,31.903678,南京市雨花台区梅山街道梅山生活区,江苏省,南京市,雨花台区,1,6492c0bacbc9bb4ea80dd818,118.6320107477646,31.902487574321288,20
8768,梅怡新村小区,118.631868,31.903678,南京市雨花台区梅山街道梅山生活区,江苏省,南京市,雨花台区,1,6492c0bacbc9bb4ea80dd818,118.6319328350328,31.902426163421847,21
8768,梅怡新村小区,118.631868,31.903678,南京市雨花台区梅山街道梅山生活区,江苏省,南京市,雨花台区,1,6492c0bacbc9bb4ea80dd818,118.63173400319292,31.902128128178543,22
8768,梅怡新村小区,118.631868,31.903678,南京市雨花台区梅山街道梅山生活区,江苏省,南京市,雨花台区,1,6492c0bacbc9bb4ea80dd818,118.63134158292242,31.902339267109692,23
8768,梅怡新村小区,118.631868,31.903678,南京市雨花台区梅山街道梅山生活区,江苏省,南京市,雨花台区,1,6492c0bacbc9bb4ea80dd818,118.63125468713552,31.90233086977216,24
8768,梅怡新村小区,118.631868,31.903678,南京市雨花台区梅山街道梅山生活区,江苏省,南京市,雨花台区,1,6492c0bacbc9bb4ea80dd818,118.63087811656743,31.902300231293232,25
8768,梅怡新村小区,118.631868,31.903678,南京市雨花台区梅山街道梅山生活区,江苏省,南京市,雨花台区,1,6492c0bacbc9bb4ea80dd818,118.63080029905602,31.902569935248795,26
8768,梅怡新村小区,118.631868,31.903678,南京市雨花台区梅山街道梅山生活区,江苏省,南京市,雨花台区,1,6492c0bacbc9bb4ea80dd818,118.63062552832922,31.902680245690803,27
8768,梅怡新村小区,118.631868,31.903678,南京市雨花台区梅山街道梅山生活区,江苏省,南京市,雨花台区,1,6492c0bacbc9bb4ea80dd818,118.63056766218318,31.902877039504162,28
8768,梅怡新村小区,118.631868,31.903678,南京市雨花台区梅山街道梅山生活区,江苏省,南京市,雨花台区,1,6492c0bacbc9bb4ea80dd818,118.6302439640808,31.902818832167682,29
8770,新建公寓,118.648763,31.905585,辅机路178号,江苏省,南京市,雨花台区,1,6fddd7fd85bbc17f3517dc78,118.64811960413584,31.90610908711695,1
8770,新建公寓,118.648763,31.905585,辅机路178号,江苏省,南京市,雨花台区,1,6fddd7fd85bbc17f3517dc78,118.64820494315929,31.905768069405916,2
8770,新建公寓,118.648763,31.905585,辅机路178号,江苏省,南京市,雨花台区,1,6fddd7fd85bbc17f3517dc78,118.64824087537968,31.90564545598447,3
8770,新建公寓,118.648763,31.905585,辅机路178号,江苏省,南京市,雨花台区,1,6fddd7fd85bbc17f3517dc78,118.64835316356844,31.90511668371483,4
8770,新建公寓,118.648763,31.905585,辅机路178号,江苏省,南京市,雨花台区,1,6fddd7fd85bbc17f3517dc78,118.64946706240082,31.905308268224896,5
8770,新建公寓,118.648763,31.905585,辅机路178号,江苏省,南京市,雨花台区,1,6fddd7fd85bbc17f3517dc78,118.64948502851101,31.905338921709127,6
8770,新建公寓,118.648763,31.905585,辅机路178号,江苏省,南京市,雨花台区,1,6fddd7fd85bbc17f3517dc78,118.64937274032226,31.90586002936376,7
8770,新建公寓,118.648763,31.905585,辅机路178号,江苏省,南京市,雨花台区,1,6fddd7fd85bbc17f3517dc78,118.64883375701628,31.905802554400985,8
8770,新建公寓,118.648763,31.905585,辅机路178号,江苏省,南京市,雨花台区,1,6fddd7fd85bbc17f3517dc78,118.64879782479588,31.905928999271243,9
8770,新建公寓,118.648763,31.905585,辅机路178号,江苏省,南京市,雨花台区,1,6fddd7fd85bbc17f3517dc78,118.64848790939493,31.905913672629648,10
8770,新建公寓,118.648763,31.905585,辅机路178号,江苏省,南京市,雨花台区,1,6fddd7fd85bbc17f3517dc78,118.64843850259189,31.906155066935412,11
8770,新建公寓,118.648763,31.905585,辅机路178号,江苏省,南京市,雨花台区,1,6fddd7fd85bbc17f3517dc78,118.64811960413584,31.90610908711695,12
8771,新建一村,118.647021,31.905809,雨花台区辅机路180,江苏省,南京市,雨花台区,1,46e86fdd6795c76fd13ce378,118.64791219617325,31.906252424449846,1
8771,新建一村,118.647021,31.905809,雨花台区辅机路180,江苏省,南京市,雨花台区,1,46e86fdd6795c76fd13ce378,118.64822422169384,31.905152563156083,2
8771,新建一村,118.647021,31.905809,雨花台区辅机路180,江苏省,南京市,雨花台区,1,46e86fdd6795c76fd13ce378,118.64700762677896,31.90499921171073,3
8771,新建一村,118.647021,31.905809,雨花台区辅机路180,江苏省,南京市,雨花台区,1,46e86fdd6795c76fd13ce378,118.64687225842674,31.905068999340553,4
8771,新建一村,118.647021,31.905809,雨花台区辅机路180,江苏省,南京市,雨花台区,1,46e86fdd6795c76fd13ce378,118.64675489391355,31.905317110989817,5
8771,新建一村,118.647021,31.905809,雨花台区辅机路180,江苏省,南京市,雨花台区,1,46e86fdd6795c76fd13ce378,118.64661157106605,31.905415789643637,6
8771,新建一村,118.647021,31.905809,雨花台区辅机路180,江苏省,南京市,雨花台区,1,46e86fdd6795c76fd13ce378,118.64646746130292,31.90593451900731,7
8771,新建一村,118.647021,31.905809,雨花台区辅机路180,江苏省,南京市,雨花台区,1,46e86fdd6795c76fd13ce378,118.64578132567303,31.90575051707486,8
8771,新建一村,118.647021,31.905809,雨花台区辅机路180,江苏省,南京市,雨花台区,1,46e86fdd6795c76fd13ce378,118.6455784775092,31.906308391223693,9
8771,新建一村,118.647021,31.905809,雨花台区辅机路180,江苏省,南京市,雨花台区,1,46e86fdd6795c76fd13ce378,118.64610830259052,31.906474813859766,10
8771,新建一村,118.647021,31.905809,雨花台区辅机路180,江苏省,南京市,雨花台区,1,46e86fdd6795c76fd13ce378,118.64644687124232,31.906540266474764,11
8771,新建一村,118.647021,31.905809,雨花台区辅机路180,江苏省,南京市,雨花台区,1,46e86fdd6795c76fd13ce378,118.64678043633242,31.906587692057148,12
8771,新建一村,118.647021,31.905809,雨花台区辅机路180,江苏省,南京市,雨花台区,1,46e86fdd6795c76fd13ce378,118.64693646301646,31.906052174031835,13
8771,新建一村,118.647021,31.905809,雨花台区辅机路180,江苏省,南京市,雨花台区,1,46e86fdd6795c76fd13ce378,118.64791219617325,31.906252424449846,14
8773,上怡南苑,118.643892,31.905694,江苏省南京市雨花台区古雄大道,江苏省,南京市,雨花台区,1,0ed20a15f7d528ea56bfffa7,118.64529263669593,31.905257153517,1
8773,上怡南苑,118.643892,31.905694,江苏省南京市雨花台区古雄大道,江苏省,南京市,雨花台区,1,0ed20a15f7d528ea56bfffa7,118.64472670422465,31.90513070771463,2
8773,上怡南苑,118.643892,31.905694,江苏省南京市雨花台区古雄大道,江苏省,南京市,雨花台区,1,0ed20a15f7d528ea56bfffa7,118.64412483953296,31.904969776439703,3
8773,上怡南苑,118.643892,31.905694,江苏省南京市雨花台区古雄大道,江苏省,南京市,雨花台区,1,0ed20a15f7d528ea56bfffa7,118.64351399178618,31.90470155701669,4
8773,上怡南苑,118.643892,31.905694,江苏省南京市雨花台区古雄大道,江苏省,南京市,雨花台区,1,0ed20a15f7d528ea56bfffa7,118.64337196968506,31.905310950405173,5
8773,上怡南苑,118.643892,31.905694,江苏省南京市雨花台区古雄大道,江苏省,南京市,雨花台区,1,0ed20a15f7d528ea56bfffa7,118.64243153364666,31.905303133765276,6
8773,上怡南苑,118.643892,31.905694,江苏省南京市雨花台区古雄大道,江苏省,南京市,雨花台区,1,0ed20a15f7d528ea56bfffa7,118.64237763531605,31.90547939116878,7
8773,上怡南苑,118.643892,31.905694,江苏省南京市雨花台区古雄大道,江苏省,南京市,雨花台区,1,0ed20a15f7d528ea56bfffa7,118.64335678832192,31.906862616783542,8
8773,上怡南苑,118.643892,31.905694,江苏省南京市雨花台区古雄大道,江苏省,南京市,雨花台区,1,0ed20a15f7d528ea56bfffa7,118.64396763606871,31.906694025311314,9
8773,上怡南苑,118.643892,31.905694,江苏省南京市雨花台区古雄大道,江苏省,南京市,雨花台区,1,0ed20a15f7d528ea56bfffa7,118.64486145005114,31.906207407267203,10
8773,上怡南苑,118.643892,31.905694,江苏省南京市雨花台区古雄大道,江苏省,南京市,雨花台区,1,0ed20a15f7d528ea56bfffa7,118.64526568753064,31.90574760830268,11
8773,上怡南苑,118.643892,31.905694,江苏省南京市雨花台区古雄大道,江苏省,南京市,雨花台区,1,0ed20a15f7d528ea56bfffa7,118.64558009445912,31.905364440726895,12
8773,上怡南苑,118.643892,31.905694,江苏省南京市雨花台区古雄大道,江苏省,南京市,雨花台区,1,0ed20a15f7d528ea56bfffa7,118.64529263669593,31.905257153517,13
8774,上怡二村,118.644431,31.90761,江苏省南京市雨花台区古雄大道,江苏省,南京市,雨花台区,1,0a15c7ec8e122381ec74f8a7,118.64499170435009,31.907624416451927,1
8774,上怡二村,118.644431,31.90761,江苏省南京市雨花台区古雄大道,江苏省,南京市,雨花台区,1,0a15c7ec8e122381ec74f8a7,118.6450100297825,31.906877023676707,2
8774,上怡二村,118.644431,31.90761,江苏省南京市雨花台区古雄大道,江苏省,南京市,雨花台区,1,0a15c7ec8e122381ec74f8a7,118.64488965684416,31.90681579436504,3
8774,上怡二村,118.644431,31.90761,江苏省南京市雨花台区古雄大道,江苏省,南京市,雨花台区,1,0a15c7ec8e122381ec74f8a7,118.64349530703157,31.906984998670517,4
8774,上怡二村,118.644431,31.90761,江苏省南京市雨花台区古雄大道,江苏省,南京市,雨花台区,1,0a15c7ec8e122381ec74f8a7,118.64342568835454,31.90706400655158,5
8774,上怡二村,118.644431,31.90761,江苏省南京市雨花台区古雄大道,江苏省,南京市,雨花台区,1,0a15c7ec8e122381ec74f8a7,118.64388454280905,31.907819827270995,6
8774,上怡二村,118.644431,31.90761,江苏省南京市雨花台区古雄大道,江苏省,南京市,雨花台区,1,0a15c7ec8e122381ec74f8a7,118.64448002953162,31.908593956523248,7
8774,上怡二村,118.644431,31.90761,江苏省南京市雨花台区古雄大道,江苏省,南京市,雨花台区,1,0a15c7ec8e122381ec74f8a7,118.64482776359452,31.90841755188116,8
8774,上怡二村,118.644431,31.90761,江苏省南京市雨花台区古雄大道,江苏省,南京市,雨花台区,1,0a15c7ec8e122381ec74f8a7,118.64536845368099,31.908141372945956,9
8774,上怡二村,118.644431,31.90761,江苏省南京市雨花台区古雄大道,江苏省,南京市,雨花台区,1,0a15c7ec8e122381ec74f8a7,118.64500167554127,31.907692618706964,10
8774,上怡二村,118.644431,31.90761,江苏省南京市雨花台区古雄大道,江苏省,南京市,雨花台区,1,0a15c7ec8e122381ec74f8a7,118.64499170435009,31.907624416451927,11
8775,上怡新村,118.641504,31.910004,江苏省南京市雨花台区梅山中学新村,江苏省,南京市,雨花台区,1,1fffdcf80e514f2a465726b7,118.64048301916496,31.906131004166635,1
8775,上怡新村,118.641504,31.910004,江苏省南京市雨花台区梅山中学新村,江苏省,南京市,雨花台区,1,1fffdcf80e514f2a465726b7,118.63943200171829,31.905576026061414,2
8775,上怡新村,118.641504,31.910004,江苏省南京市雨花台区梅山中学新村,江苏省,南京市,雨花台区,1,1fffdcf80e514f2a465726b7,118.63880803871106,31.906453015596906,3
8775,上怡新村,118.641504,31.910004,江苏省南京市雨花台区梅山中学新村,江苏省,南京市,雨花台区,1,1fffdcf80e514f2a465726b7,118.6387219810432,31.906663985343513,4
8775,上怡新村,118.641504,31.910004,江苏省南京市雨花台区梅山中学新村,江苏省,南京市,雨花台区,1,1fffdcf80e514f2a465726b7,118.63896901505845,31.90767897826003,5
8775,上怡新村,118.641504,31.910004,江苏省南京市雨花台区梅山中学新村,江苏省,南京市,雨花台区,1,1fffdcf80e514f2a465726b7,118.63946802376923,31.90762196423505,6
8775,上怡新村,118.641504,31.910004,江苏省南京市雨花台区梅山中学新村,江苏省,南京市,雨花台区,1,1fffdcf80e514f2a465726b7,118.63958004246633,31.907521959709932,7
8775,上怡新村,118.641504,31.910004,江苏省南京市雨花台区梅山中学新村,江苏省,南京市,雨花台区,1,1fffdcf80e514f2a465726b7,118.64060896159747,31.908422992689736,8
8775,上怡新村,118.641504,31.910004,江苏省南京市雨花台区梅山中学新村,江苏省,南京市,雨花台区,1,1fffdcf80e514f2a465726b7,118.63998904096502,31.909005004068966,9
8775,上怡新村,118.641504,31.910004,江苏省南京市雨花台区梅山中学新村,江苏省,南京市,雨花台区,1,1fffdcf80e514f2a465726b7,118.64006099523638,31.910521971096156,10
8775,上怡新村,118.641504,31.910004,江苏省南京市雨花台区梅山中学新村,江苏省,南京市,雨花台区,1,1fffdcf80e514f2a465726b7,118.64012396645263,31.91098197585875,11
8775,上怡新村,118.641504,31.910004,江苏省南京市雨花台区梅山中学新村,江苏省,南京市,雨花台区,1,1fffdcf80e514f2a465726b7,118.64437304134537,31.910617987607697,12
8775,上怡新村,118.641504,31.910004,江苏省南京市雨花台区梅山中学新村,江苏省,南京市,雨花台区,1,1fffdcf80e514f2a465726b7,118.64453042447072,31.910515917378152,13
8775,上怡新村,118.641504,31.910004,江苏省南京市雨花台区梅山中学新村,江苏省,南京市,雨花台区,1,1fffdcf80e514f2a465726b7,118.64451596175202,31.910411011745317,14
8775,上怡新村,118.641504,31.910004,江苏省南京市雨花台区梅山中学新村,江苏省,南京市,雨花台区,1,1fffdcf80e514f2a465726b7,118.64267901681465,31.90827302549505,15
8775,上怡新村,118.641504,31.910004,江苏省南京市雨花台区梅山中学新村,江苏省,南京市,雨花台区,1,1fffdcf80e514f2a465726b7,118.64117902627409,31.906756021029857,16
8775,上怡新村,118.641504,31.910004,江苏省南京市雨花台区梅山中学新村,江苏省,南京市,雨花台区,1,1fffdcf80e514f2a465726b7,118.64048301916496,31.906131004166635,17
8776,绿洲南苑,118.646399,31.902556,江苏省南京市雨花台区辅机路182号,江苏省,南京市,雨花台区,1,90c1e970839f8eb80e3ddab5,118.64848258962971,31.904167851967394,1
8776,绿洲南苑,118.646399,31.902556,江苏省南京市雨花台区辅机路182号,江苏省,南京市,雨花台区,1,90c1e970839f8eb80e3ddab5,118.64852139912266,31.904139512227545,2
8776,绿洲南苑,118.646399,31.902556,江苏省南京市雨花台区辅机路182号,江苏省,南京市,雨花台区,1,90c1e970839f8eb80e3ddab5,118.64854925737312,31.904108985553567,3
8776,绿洲南苑,118.646399,31.902556,江苏省南京市雨花台区辅机路182号,江苏省,南京市,雨花台区,1,90c1e970839f8eb80e3ddab5,118.64856416205814,31.90404523386417,4
8776,绿洲南苑,118.646399,31.902556,江苏省南京市雨花台区辅机路182号,江苏省,南京市,雨花台区,1,90c1e970839f8eb80e3ddab5,118.64854821623703,31.90399995618244,5
8776,绿洲南苑,118.646399,31.902556,江苏省南京市雨花台区辅机路182号,江苏省,南京市,雨花台区,1,90c1e970839f8eb80e3ddab5,118.64798643214058,31.903111319113123,6
8776,绿洲南苑,118.646399,31.902556,江苏省南京市雨花台区辅机路182号,江苏省,南京市,雨花台区,1,90c1e970839f8eb80e3ddab5,118.64766270439412,31.902583829435866,7
8776,绿洲南苑,118.646399,31.902556,江苏省南京市雨花台区辅机路182号,江苏省,南京市,雨花台区,1,90c1e970839f8eb80e3ddab5,118.6473489415507,31.902083557128677,8
8776,绿洲南苑,118.646399,31.902556,江苏省南京市雨花台区辅机路182号,江苏省,南京市,雨花台区,1,90c1e970839f8eb80e3ddab5,118.64725031389382,31.901873905505013,9
8776,绿洲南苑,118.646399,31.902556,江苏省南京市雨花台区辅机路182号,江苏省,南京市,雨花台区,1,90c1e970839f8eb80e3ddab5,118.64701823217379,31.901509048598534,10
8776,绿洲南苑,118.646399,31.902556,江苏省南京市雨花台区辅机路182号,江苏省,南京市,雨花台区,1,90c1e970839f8eb80e3ddab5,118.64662378802099,31.900873554820976,11
8776,绿洲南苑,118.646399,31.902556,江苏省南京市雨花台区辅机路182号,江苏省,南京市,雨花台区,1,90c1e970839f8eb80e3ddab5,118.64588669511275,31.899692640441977,12
8776,绿洲南苑,118.646399,31.902556,江苏省南京市雨花台区辅机路182号,江苏省,南京市,雨花台区,1,90c1e970839f8eb80e3ddab5,118.64425163176249,31.900342442318923,13
8776,绿洲南苑,118.646399,31.902556,江苏省南京市雨花台区辅机路182号,江苏省,南京市,雨花台区,1,90c1e970839f8eb80e3ddab5,118.64501485368308,31.901593121174564,14
8776,绿洲南苑,118.646399,31.902556,江苏省南京市雨花台区辅机路182号,江苏省,南京市,雨花台区,1,90c1e970839f8eb80e3ddab5,118.64502498477263,31.90213432062914,15
8776,绿洲南苑,118.646399,31.902556,江苏省南京市雨花台区辅机路182号,江苏省,南京市,雨花台区,1,90c1e970839f8eb80e3ddab5,118.64502702841766,31.902289365268224,16
8776,绿洲南苑,118.646399,31.902556,江苏省南京市雨花台区辅机路182号,江苏省,南京市,雨花台区,1,90c1e970839f8eb80e3ddab5,118.6450549459563,31.90238580405913,17
8776,绿洲南苑,118.646399,31.902556,江苏省南京市雨花台区辅机路182号,江苏省,南京市,雨花台区,1,90c1e970839f8eb80e3ddab5,118.64509679621341,31.902455456358062,18
8776,绿洲南苑,118.646399,31.902556,江苏省南京市雨花台区辅机路182号,江苏省,南京市,雨花台区,1,90c1e970839f8eb80e3ddab5,118.64514461750723,31.902515201246217,19
8776,绿洲南苑,118.646399,31.902556,江苏省南京市雨花台区辅机路182号,江苏省,南京市,雨花台区,1,90c1e970839f8eb80e3ddab5,118.64518047426996,31.90253275818543,20
8776,绿洲南苑,118.646399,31.902556,江苏省南京市雨花台区辅机路182号,江苏省,南京市,雨花台区,1,90c1e970839f8eb80e3ddab5,118.6452551674748,31.902548918812546,21
8776,绿洲南苑,118.646399,31.902556,江苏省南京市雨花台区辅机路182号,江苏省,南京市,雨花台区,1,90c1e970839f8eb80e3ddab5,118.6457052670438,31.902542968176842,22
8776,绿洲南苑,118.646399,31.902556,江苏省南京市雨花台区辅机路182号,江苏省,南京市,雨花台区,1,90c1e970839f8eb80e3ddab5,118.64593047672669,31.903009578822214,23
8776,绿洲南苑,118.646399,31.902556,江苏省南京市雨花台区辅机路182号,江苏省,南京市,雨花台区,1,90c1e970839f8eb80e3ddab5,118.64592263182466,31.903326484565977,24
8776,绿洲南苑,118.646399,31.902556,江苏省南京市雨花台区辅机路182号,江苏省,南京市,雨花台区,1,90c1e970839f8eb80e3ddab5,118.6448431659408,31.903317635400455,25
8776,绿洲南苑,118.646399,31.902556,江苏省南京市雨花台区辅机路182号,江苏省,南京市,雨花台区,1,90c1e970839f8eb80e3ddab5,118.64459820701128,31.90340991142247,26
8776,绿洲南苑,118.646399,31.902556,江苏省南京市雨花台区辅机路182号,江苏省,南京市,雨花台区,1,90c1e970839f8eb80e3ddab5,118.644529457894,31.903334862499683,27
8776,绿洲南苑,118.646399,31.902556,江苏省南京市雨花台区辅机路182号,江苏省,南京市,雨花台区,1,90c1e970839f8eb80e3ddab5,118.64445574833368,31.90330974639905,28
8776,绿洲南苑,118.646399,31.902556,江苏省南京市雨花台区辅机路182号,江苏省,南京市,雨花台区,1,90c1e970839f8eb80e3ddab5,118.64439200187978,31.903297784684618,29
8776,绿洲南苑,118.646399,31.902556,江苏省南京市雨花台区辅机路182号,江苏省,南京市,雨花台区,1,90c1e970839f8eb80e3ddab5,118.64428444596444,31.903319171556976,30
8776,绿洲南苑,118.646399,31.902556,江苏省南京市雨花台区辅机路182号,江苏省,南京市,雨花台区,1,90c1e970839f8eb80e3ddab5,118.64279253298704,31.903929557567103,31
8776,绿洲南苑,118.646399,31.902556,江苏省南京市雨花台区辅机路182号,江苏省,南京市,雨花台区,1,90c1e970839f8eb80e3ddab5,118.64272082305479,31.90397555603453,32
8776,绿洲南苑,118.646399,31.902556,江苏省南京市雨花台区辅机路182号,江苏省,南京市,雨花台区,1,90c1e970839f8eb80e3ddab5,118.6430068659868,31.904275623334126,33
8776,绿洲南苑,118.646399,31.902556,江苏省南京市雨花台区辅机路182号,江苏省,南京市,雨花台区,1,90c1e970839f8eb80e3ddab5,118.64312146461732,31.90436126398288,34
8776,绿洲南苑,118.646399,31.902556,江苏省南京市雨花台区辅机路182号,江苏省,南京市,雨花台区,1,90c1e970839f8eb80e3ddab5,118.6434353819693,31.904655808436853,35
8776,绿洲南苑,118.646399,31.902556,江苏省南京市雨花台区辅机路182号,江苏省,南京市,雨花台区,1,90c1e970839f8eb80e3ddab5,118.64348121441473,31.904680475013215,36
8776,绿洲南苑,118.646399,31.902556,江苏省南京市雨花台区辅机路182号,江苏省,南京市,雨花台区,1,90c1e970839f8eb80e3ddab5,118.64385780294893,31.904833996279653,37
8776,绿洲南苑,118.646399,31.902556,江苏省南京市雨花台区辅机路182号,江苏省,南京市,雨花台区,1,90c1e970839f8eb80e3ddab5,118.64432898305333,31.904979020339827,38
8776,绿洲南苑,118.646399,31.902556,江苏省南京市雨花台区辅机路182号,江苏省,南京市,雨花台区,1,90c1e970839f8eb80e3ddab5,118.6447274147843,31.905096061687416,39
8776,绿洲南苑,118.646399,31.902556,江苏省南京市雨花台区辅机路182号,江苏省,南京市,雨花台区,1,90c1e970839f8eb80e3ddab5,118.64525626700076,31.905191213432357,40
8776,绿洲南苑,118.646399,31.902556,江苏省南京市雨花台区辅机路182号,江苏省,南京市,雨花台区,1,90c1e970839f8eb80e3ddab5,118.64541362766847,31.905233670782188,41
8776,绿洲南苑,118.646399,31.902556,江苏省南京市雨花台区辅机路182号,江苏省,南京市,雨花台区,1,90c1e970839f8eb80e3ddab5,118.64572140150906,31.905391524826634,42
8776,绿洲南苑,118.646399,31.902556,江苏省南京市雨花台区辅机路182号,江苏省,南京市,雨花台区,1,90c1e970839f8eb80e3ddab5,118.64581594546908,31.90528300691068,43
8776,绿洲南苑,118.646399,31.902556,江苏省南京市雨花台区辅机路182号,江苏省,南京市,雨花台区,1,90c1e970839f8eb80e3ddab5,118.64603696994658,31.905222513591937,44
8776,绿洲南苑,118.646399,31.902556,江苏省南京市雨花台区辅机路182号,江苏省,南京市,雨花台区,1,90c1e970839f8eb80e3ddab5,118.64848258962971,31.904167851967394,45
8777,梅秀苑,118.645605,31.907406,健康路梅秀苑,江苏省,南京市,雨花台区,1,2ad32cc365801b8f9d95de78,118.64546798593148,31.908106965467258,1
8777,梅秀苑,118.645605,31.907406,健康路梅秀苑,江苏省,南京市,雨花台区,1,2ad32cc365801b8f9d95de78,118.64512438407391,31.90769315512899,2
8777,梅秀苑,118.645605,31.907406,健康路梅秀苑,江苏省,南京市,雨花台区,1,2ad32cc365801b8f9d95de78,118.64513103153469,31.90684200266117,3
8777,梅秀苑,118.645605,31.907406,健康路梅秀苑,江苏省,南京市,雨花台区,1,2ad32cc365801b8f9d95de78,118.6460047234737,31.90683870746646,4
8777,梅秀苑,118.645605,31.907406,健康路梅秀苑,江苏省,南京市,雨花台区,1,2ad32cc365801b8f9d95de78,118.64601819805634,31.907490080849737,5
8777,梅秀苑,118.645605,31.907406,健康路梅秀苑,江苏省,南京市,雨花台区,1,2ad32cc365801b8f9d95de78,118.64607209638693,31.90751307041349,6
8777,梅秀苑,118.645605,31.907406,健康路梅秀苑,江苏省,南京市,雨花台区,1,2ad32cc365801b8f9d95de78,118.64612150318999,31.907551386340216,7
8777,梅秀苑,118.645605,31.907406,健康路梅秀苑,江苏省,南京市,雨花台区,1,2ad32cc365801b8f9d95de78,118.64615294388284,31.907589702250817,8
8777,梅秀苑,118.645605,31.907406,健康路梅秀苑,江苏省,南京市,雨花台区,1,2ad32cc365801b8f9d95de78,118.64614396082773,31.907792776308074,9
8777,梅秀苑,118.645605,31.907406,健康路梅秀苑,江苏省,南京市,雨花台区,1,2ad32cc365801b8f9d95de78,118.64610102182436,31.907822969167007,10
8777,梅秀苑,118.645605,31.907406,健康路梅秀苑,江苏省,南京市,雨花台区,1,2ad32cc365801b8f9d95de78,118.64546798593148,31.908106965467258,11
8778,梅华苑,118.646035,31.9092,江苏省南京市雨花台区古雄大道梅华苑(新林芳庭南100米),江苏省,南京市,雨花台区,1,56f2f69654aada800aa8d478,118.64757835171012,31.909043237450305,1
8778,梅华苑,118.646035,31.9092,江苏省南京市雨花台区古雄大道梅华苑(新林芳庭南100米),江苏省,南京市,雨花台区,1,56f2f69654aada800aa8d478,118.64608491790149,31.90901882049117,2
8778,梅华苑,118.646035,31.9092,江苏省南京市雨花台区古雄大道梅华苑(新林芳庭南100米),江苏省,南京市,雨花台区,1,56f2f69654aada800aa8d478,118.64543418449176,31.908217405381507,3
8778,梅华苑,118.646035,31.9092,江苏省南京市雨花台区古雄大道梅华苑(新林芳庭南100米),江苏省,南京市,雨花台区,1,56f2f69654aada800aa8d478,118.6444525252135,31.908657394215826,4
8778,梅华苑,118.646035,31.9092,江苏省南京市雨花台区古雄大道梅华苑(新林芳庭南100米),江苏省,南京市,雨花台区,1,56f2f69654aada800aa8d478,118.64491007622671,31.90931746340982,5
8778,梅华苑,118.646035,31.9092,江苏省南京市雨花台区古雄大道梅华苑(新林芳庭南100米),江苏省,南京市,雨花台区,1,56f2f69654aada800aa8d478,118.64566915246739,31.909705336307667,6
8778,梅华苑,118.646035,31.9092,江苏省南京市雨花台区古雄大道梅华苑(新林芳庭南100米),江苏省,南京市,雨花台区,1,56f2f69654aada800aa8d478,118.64566785351762,31.909249239228437,7
8778,梅华苑,118.646035,31.9092,江苏省南京市雨花台区古雄大道梅华苑(新林芳庭南100米),江苏省,南京市,雨花台区,1,56f2f69654aada800aa8d478,118.64613286585639,31.909255626142965,8
8778,梅华苑,118.646035,31.9092,江苏省南京市雨花台区古雄大道梅华苑(新林芳庭南100米),江苏省,南京市,雨花台区,1,56f2f69654aada800aa8d478,118.6461242744625,31.90981058214692,9
8778,梅华苑,118.646035,31.9092,江苏省南京市雨花台区古雄大道梅华苑(新林芳庭南100米),江苏省,南京市,雨花台区,1,56f2f69654aada800aa8d478,118.64755698012375,31.909844014249934,10
8778,梅华苑,118.646035,31.9092,江苏省南京市雨花台区古雄大道梅华苑(新林芳庭南100米),江苏省,南京市,雨花台区,1,56f2f69654aada800aa8d478,118.64757835171012,31.909043237450305,11
8781,建绿新苑,118.643362,31.902658,江苏省南京市雨花台区辅机路181号,江苏省,南京市,雨花台区,1,0f71de8232fe9a2715c905c0,118.64315499476878,31.903557656765386,1
8781,建绿新苑,118.643362,31.902658,江苏省南京市雨花台区辅机路181号,江苏省,南京市,雨花台区,1,0f71de8232fe9a2715c905c0,118.64377153597589,31.903319601404913,2
8781,建绿新苑,118.643362,31.902658,江苏省南京市雨花台区辅机路181号,江苏省,南京市,雨花台区,1,0f71de8232fe9a2715c905c0,118.64423656448416,31.903127436032026,3
8781,建绿新苑,118.643362,31.902658,江苏省南京市雨花台区辅机路181号,江苏省,南京市,雨花台区,1,0f71de8232fe9a2715c905c0,118.64430226924408,31.90304941257154,4
8781,建绿新苑,118.643362,31.902658,江苏省南京市雨花台区辅机路181号,江苏省,南京市,雨花台区,1,0f71de8232fe9a2715c905c0,118.64427435170543,31.90296798641964,5
8781,建绿新苑,118.643362,31.902658,江苏省南京市雨花台区辅机路181号,江苏省,南京市,雨花台区,1,0f71de8232fe9a2715c905c0,118.6434661300686,31.901723968151206,6
8781,建绿新苑,118.643362,31.902658,江苏省南京市雨花台区辅机路181号,江苏省,南京市,雨花台区,1,0f71de8232fe9a2715c905c0,118.64243721992054,31.90223544029994,7
8781,建绿新苑,118.643362,31.902658,江苏省南京市雨花台区辅机路181号,江苏省,南京市,雨花台区,1,0f71de8232fe9a2715c905c0,118.64315499476878,31.903557656765386,8
8783,梅盛苑(康健路),118.647957,31.907487,梅胜苑小区(孙虞村路北100米),江苏省,南京市,雨花台区,1,c8e8f633cb025d6cab0dd878,118.64736092494618,31.906706266212176,1
8783,梅盛苑(康健路),118.647957,31.907487,梅胜苑小区(孙虞村路北100米),江苏省,南京市,雨花台区,1,c8e8f633cb025d6cab0dd878,118.64665805388466,31.90673371751938,2
8783,梅盛苑(康健路),118.647957,31.907487,梅胜苑小区(孙虞村路北100米),江苏省,南京市,雨花台区,1,c8e8f633cb025d6cab0dd878,118.64668353432045,31.907766280840026,3
8783,梅盛苑(康健路),118.647957,31.907487,梅胜苑小区(孙虞村路北100米),江苏省,南京市,雨花台区,1,c8e8f633cb025d6cab0dd878,118.64769605039298,31.907808012898027,4
8783,梅盛苑(康健路),118.647957,31.907487,梅胜苑小区(孙虞村路北100米),江苏省,南京市,雨花台区,1,c8e8f633cb025d6cab0dd878,118.64767651134981,31.908418779128365,5
8783,梅盛苑(康健路),118.647957,31.907487,梅胜苑小区(孙虞村路北100米),江苏省,南京市,雨花台区,1,c8e8f633cb025d6cab0dd878,118.64899150485365,31.908461165470182,6
8783,梅盛苑(康健路),118.647957,31.907487,梅胜苑小区(孙虞村路北100米),江苏省,南京市,雨花台区,1,c8e8f633cb025d6cab0dd878,118.64895865292286,31.906749346568226,7
8783,梅盛苑(康健路),118.647957,31.907487,梅胜苑小区(孙虞村路北100米),江苏省,南京市,雨花台区,1,c8e8f633cb025d6cab0dd878,118.64736092494618,31.906706266212176,8
8785,朗诗·绿色街区-东园,118.658836,31.909021,南京市雨花台区新亭大街66号,江苏省,南京市,雨花台区,1,f7f973ca79b08aeb2b201a23,118.65710081230871,31.90919892076265,1
8785,朗诗·绿色街区-东园,118.658836,31.909021,南京市雨花台区新亭大街66号,江苏省,南京市,雨花台区,1,f7f973ca79b08aeb2b201a23,118.65709593240776,31.909191928289577,2
8785,朗诗·绿色街区-东园,118.658836,31.909021,南京市雨花台区新亭大街66号,江苏省,南京市,雨花台区,1,f7f973ca79b08aeb2b201a23,118.65708955751174,31.909181007198846,3
8785,朗诗·绿色街区-东园,118.658836,31.909021,南京市雨花台区新亭大街66号,江苏省,南京市,雨花台区,1,f7f973ca79b08aeb2b201a23,118.65708427666111,31.909169406478014,4
8785,朗诗·绿色街区-东园,118.658836,31.909021,南京市雨花台区新亭大街66号,江苏省,南京市,雨花台区,1,f7f973ca79b08aeb2b201a23,118.65708028904791,31.90915742990615,5
8785,朗诗·绿色街区-东园,118.658836,31.909021,南京市雨花台区新亭大街66号,江苏省,南京市,雨花台区,1,f7f973ca79b08aeb2b201a23,118.65707759467216,31.909145077483874,6
8785,朗诗·绿色街区-东园,118.658836,31.909021,南京市雨花台区新亭大街66号,江苏省,南京市,雨花台区,1,f7f973ca79b08aeb2b201a23,118.6570760941633,31.909132547382907,7
8785,朗诗·绿色街区-东园,118.658836,31.909021,南京市雨花台区新亭大街66号,江苏省,南京市,雨花台区,1,f7f973ca79b08aeb2b201a23,118.65707658159195,31.90911685398846,8
8785,朗诗·绿色街区-东园,118.658836,31.909021,南京市雨花台区新亭大街66号,江苏省,南京市,雨花台区,1,f7f973ca79b08aeb2b201a23,118.65708224541807,31.909105058120574,9
8785,朗诗·绿色街区-东园,118.658836,31.909021,南京市雨花台区新亭大街66号,江苏省,南京市,雨花台区,1,f7f973ca79b08aeb2b201a23,118.65708910362402,31.909093884711076,10
8785,朗诗·绿色街区-东园,118.658836,31.909021,南京市雨花台区新亭大街66号,江苏省,南京市,雨花台区,1,f7f973ca79b08aeb2b201a23,118.65709715640021,31.909083633809423,11
8785,朗诗·绿色街区-东园,118.658836,31.909021,南京市雨花台区新亭大街66号,江苏省,南京市,雨花台区,1,f7f973ca79b08aeb2b201a23,118.65710620474775,31.909074301689365,12
8785,朗诗·绿色街区-东园,118.658836,31.909021,南京市雨花台区新亭大街66号,江苏省,南京市,雨花台区,1,f7f973ca79b08aeb2b201a23,118.65711634829229,31.90906609024667,13
8785,朗诗·绿色街区-东园,118.658836,31.909021,南京市雨花台区新亭大街66号,江苏省,南京市,雨花台区,1,f7f973ca79b08aeb2b201a23,118.65712728853681,31.90905899389297,14
8785,朗诗·绿色街区-东园,118.658836,31.909021,南京市雨花台区新亭大街66号,江苏省,南京市,雨花台区,1,f7f973ca79b08aeb2b201a23,118.65713892604516,31.909053110780047,15
8785,朗诗·绿色街区-东园,118.658836,31.909021,南京市雨花台区新亭大街66号,江苏省,南京市,雨花台区,1,f7f973ca79b08aeb2b201a23,118.65966313681638,31.907881031089417,16
8785,朗诗·绿色街区-东园,118.658836,31.909021,南京市雨花台区新亭大街66号,江苏省,南京市,雨花台区,1,f7f973ca79b08aeb2b201a23,118.65967666633671,31.907875680136538,17
8785,朗诗·绿色街区-东园,118.658836,31.909021,南京市雨花台区新亭大街66号,江苏省,南京市,雨花台区,1,f7f973ca79b08aeb2b201a23,118.65969039528893,31.907871032938566,18
8785,朗诗·绿色街区-东园,118.658836,31.909021,南京市雨花台区新亭大街66号,江苏省,南京市,雨花台区,1,f7f973ca79b08aeb2b201a23,118.6597044230616,31.90786689130029,19
8785,朗诗·绿色街区-东园,118.658836,31.909021,南京市雨花台区新亭大街66号,江苏省,南京市,雨花台区,1,f7f973ca79b08aeb2b201a23,118.65971855075907,31.90786345157717,20
8785,朗诗·绿色街区-东园,118.658836,31.909021,南京市雨花台区新亭大街66号,江苏省,南京市,雨花台区,1,f7f973ca79b08aeb2b201a23,118.65973287783093,31.907860615588902,21
8785,朗诗·绿色街区-东园,118.658836,31.909021,南京市雨花台区新亭大街66号,江苏省,南京市,雨花台区,1,f7f973ca79b08aeb2b201a23,118.65974730482765,31.907858481512864,22
8785,朗诗·绿色街区-东园,118.658836,31.909021,南京市雨花台区新亭大街66号,江苏省,南京市,雨花台区,1,f7f973ca79b08aeb2b201a23,118.65976063820204,31.90785792745582,23
8785,朗诗·绿色街区-东园,118.658836,31.909021,南京市雨花台区新亭大街66号,江苏省,南京市,雨花台区,1,f7f973ca79b08aeb2b201a23,118.65977466912327,31.907859086488525,24
8785,朗诗·绿色街区-东园,118.658836,31.909021,南京市雨花台区新亭大街66号,江苏省,南京市,雨花台区,1,f7f973ca79b08aeb2b201a23,118.65978850186121,31.90786164203669,25
8785,朗诗·绿色街区-东园,118.658836,31.909021,南京市雨花台区新亭大街66号,江苏省,南京市,雨花台区,1,f7f973ca79b08aeb2b201a23,118.65980213635663,31.907865494086792,26
8785,朗诗·绿色街区-东园,118.658836,31.909021,南京市雨花台区新亭大街66号,江苏省,南京市,雨花台区,1,f7f973ca79b08aeb2b201a23,118.65981527408907,31.907870637134216,27
8785,朗诗·绿色街区-东园,118.658836,31.909021,南京市雨花台区新亭大街66号,江苏省,南京市,雨花台区,1,f7f973ca79b08aeb2b201a23,118.65982791505948,31.90787707118105,28
8785,朗诗·绿色街区-东园,118.658836,31.909021,南京市雨花台区新亭大街66号,江苏省,南京市,雨花台区,1,f7f973ca79b08aeb2b201a23,118.659838865012,31.90788447416681,29
8785,朗诗·绿色街区-东园,118.658836,31.909021,南京市雨花台区新亭大街66号,江苏省,南京市,雨花台区,1,f7f973ca79b08aeb2b201a23,118.65984961678035,31.907893273683037,30
8785,朗诗·绿色街区-东园,118.658836,31.909021,南京市雨花台区新亭大街66号,江苏省,南京市,雨花台区,1,f7f973ca79b08aeb2b201a23,118.65985987137611,31.907902664103467,31
8785,朗诗·绿色街区-东园,118.658836,31.909021,南京市雨花台区新亭大街66号,江苏省,南京市,雨花台区,1,f7f973ca79b08aeb2b201a23,118.65986952923292,31.90791254357849,32
8785,朗诗·绿色街区-东园,118.658836,31.909021,南京市雨花台区新亭大街66号,江苏省,南京市,雨花台区,1,f7f973ca79b08aeb2b201a23,118.65987868991715,31.907923013963494,33
8785,朗诗·绿色街区-东园,118.658836,31.909021,南京市雨花台区新亭大街66号,江苏省,南京市,雨花台区,1,f7f973ca79b08aeb2b201a23,118.65988725386242,31.907933973408863,34
8785,朗诗·绿色街区-东园,118.658836,31.909021,南京市雨花台区新亭大街66号,江苏省,南京市,雨花台区,1,f7f973ca79b08aeb2b201a23,118.66060192233428,31.90892254681096,35
8785,朗诗·绿色街区-东园,118.658836,31.909021,南京市雨花台区新亭大街66号,江苏省,南京市,雨花台区,1,f7f973ca79b08aeb2b201a23,118.66060889487835,31.908933476059346,36
8785,朗诗·绿色街区-东园,118.658836,31.909021,南京市雨花台区新亭大街66号,江苏省,南京市,雨花台区,1,f7f973ca79b08aeb2b201a23,118.66061507166029,31.908944890822994,37
8785,朗诗·绿色街区-东园,118.658836,31.909021,南京市雨花台区新亭大街66号,江苏省,南京市,雨花台区,1,f7f973ca79b08aeb2b201a23,118.66062045261718,31.908956691089518,38
8785,朗诗·绿色街区-东园,118.658836,31.909021,南京市雨花台区新亭大街66号,江苏省,南京市,雨花台区,1,f7f973ca79b08aeb2b201a23,118.66062503774727,31.908968876860314,39
8785,朗诗·绿色街区-东园,118.658836,31.909021,南京市雨花台区新亭大街66号,江苏省,南京市,雨花台区,1,f7f973ca79b08aeb2b201a23,118.66062862790429,31.908981244464776,40
8785,朗诗·绿色街区-东园,118.658836,31.909021,南京市雨花台区新亭大街66号,江苏省,南京市,雨花台区,1,f7f973ca79b08aeb2b201a23,118.66063142217162,31.90899389756261,41
8785,朗诗·绿色街区-东园,118.658836,31.909021,南京市雨花台区新亭大街66号,江苏省,南京市,雨花台区,1,f7f973ca79b08aeb2b201a23,118.6606327226449,31.909004723058384,42
8785,朗诗·绿色街区-东园,118.658836,31.909021,南京市雨花台区新亭大街66号,江苏省,南京市,雨花台区,1,f7f973ca79b08aeb2b201a23,118.66063093930364,31.90901709241818,43
8785,朗诗·绿色街区-东园,118.658836,31.909021,南京市雨花台区新亭大街66号,江苏省,南京市,雨花台区,1,f7f973ca79b08aeb2b201a23,118.6606277625657,31.90902903623434,44
8785,朗诗·绿色街区-东园,118.658836,31.909021,南京市雨花台区新亭大街66号,江苏省,南京市,雨花台区,1,f7f973ca79b08aeb2b201a23,118.66062329193991,31.909040556323955,45
8785,朗诗·绿色街区-东园,118.658836,31.909021,南京市雨花台区新亭大街66号,江苏省,南京市,雨花台区,1,f7f973ca79b08aeb2b201a23,118.66061742772789,31.90905135081099,46
8785,朗诗·绿色街区-东园,118.658836,31.909021,南京市雨花台区新亭大街66号,江苏省,南京市,雨花台区,1,f7f973ca79b08aeb2b201a23,118.6606114626146,31.909059943095148,47
8785,朗诗·绿色街区-东园,118.658836,31.909021,南京市雨花台区新亭大街66号,江苏省,南京市,雨花台区,1,f7f973ca79b08aeb2b201a23,118.66060231412035,31.909069977380966,48
8785,朗诗·绿色街区-东园,118.658836,31.909021,南京市雨花台区新亭大街66号,江苏省,南京市,雨花台区,1,f7f973ca79b08aeb2b201a23,118.66059276727525,31.909079504282534,49
8785,朗诗·绿色街区-东园,118.658836,31.909021,南京市雨花台区新亭大街66号,江苏省,南京市,雨花台区,1,f7f973ca79b08aeb2b201a23,118.66058262305786,31.90908852015623,50
8785,朗诗·绿色街区-东园,118.658836,31.909021,南京市雨花台区新亭大街66号,江苏省,南京市,雨花台区,1,f7f973ca79b08aeb2b201a23,118.6605720804905,31.909097028639092,51
8785,朗诗·绿色街区-东园,118.658836,31.909021,南京市雨花台区新亭大街66号,江苏省,南京市,雨花台区,1,f7f973ca79b08aeb2b201a23,118.66056103993401,31.909104827874184,52
8785,朗诗·绿色街区-东园,118.658836,31.909021,南京市雨花台区新亭大街66号,江苏省,南京市,雨花台区,1,f7f973ca79b08aeb2b201a23,118.66000632732009,31.90947960723168,53
8785,朗诗·绿色街区-东园,118.658836,31.909021,南京市雨花台区新亭大街66号,江苏省,南京市,雨花台区,1,f7f973ca79b08aeb2b201a23,118.65999488925802,31.909487497968037,54
8785,朗诗·绿色街区-东园,118.658836,31.909021,南京市雨花台区新亭大街66号,江苏省,南京市,雨花台区,1,f7f973ca79b08aeb2b201a23,118.65998355084318,31.90949559054997,55
8785,朗诗·绿色街区-东园,118.658836,31.909021,南京市雨花台区新亭大街66号,江苏省,南京市,雨花台区,1,f7f973ca79b08aeb2b201a23,118.65997251115535,31.909503988658834,56
8785,朗诗·绿色街区-东园,118.658836,31.909021,南京市雨花台区新亭大街66号,江苏省,南京市,雨花台区,1,f7f973ca79b08aeb2b201a23,118.65996157111384,31.90951258861544,57
8785,朗诗·绿色街区-东园,118.658836,31.909021,南京市雨花台区新亭大街66号,江苏省,南京市,雨花台区,1,f7f973ca79b08aeb2b201a23,118.65995092980025,31.90952149410265,58
8785,朗诗·绿色街区-东园,118.658836,31.909021,南京市雨花台区新亭大街66号,江苏省,南京市,雨花台区,1,f7f973ca79b08aeb2b201a23,118.65994038806741,31.90953050142208,59
8785,朗诗·绿色街区-东园,118.658836,31.909021,南京市雨花台区新亭大街66号,江苏省,南京市,雨花台区,1,f7f973ca79b08aeb2b201a23,118.65993004555447,31.909539812441277,60
8785,朗诗·绿色街区-东园,118.658836,31.909021,南京市雨花台区新亭大街66号,江苏省,南京市,雨花台区,1,f7f973ca79b08aeb2b201a23,118.65977093361053,31.90968690349942,61
8785,朗诗·绿色街区-东园,118.658836,31.909021,南京市雨花台区新亭大街66号,江苏省,南京市,雨花台区,1,f7f973ca79b08aeb2b201a23,118.65957135184365,31.90987344926468,62
8785,朗诗·绿色街区-东园,118.658836,31.909021,南京市雨花台区新亭大街66号,江苏省,南京市,雨花台区,1,f7f973ca79b08aeb2b201a23,118.6594454580535,31.909989940899465,63
8785,朗诗·绿色街区-东园,118.658836,31.909021,南京市雨花台区新亭大街66号,江苏省,南京市,雨花台区,1,f7f973ca79b08aeb2b201a23,118.65943501637572,31.90999914926216,64
8785,朗诗·绿色街区-东园,118.658836,31.909021,南京市雨花台区新亭大街66号,江苏省,南京市,雨花台区,1,f7f973ca79b08aeb2b201a23,118.6594244750651,31.91000815573051,65
8785,朗诗·绿色街区-东园,118.658836,31.909021,南京市雨花台区新亭大街66号,江苏省,南京市,雨花台区,1,f7f973ca79b08aeb2b201a23,118.65941393369516,31.910017062165487,66
8785,朗诗·绿色街区-东园,118.658836,31.909021,南京市雨花台区新亭大街66号,江苏省,南京市,雨花台区,1,f7f973ca79b08aeb2b201a23,118.65940319325624,31.910025864881987,67
8785,朗诗·绿色街区-东园,118.658836,31.909021,南京市雨花台区新亭大街66号,江苏省,南京市,雨花台区,1,f7f973ca79b08aeb2b201a23,118.65939235325276,31.91003456572144,68
8785,朗诗·绿色街区-东园,118.658836,31.909021,南京市雨花台区新亭大街66号,江苏省,南京市,雨花台区,1,f7f973ca79b08aeb2b201a23,118.65938151312169,31.910043066508173,69
8785,朗诗·绿色街区-东园,118.658836,31.909021,南京市雨花台区新亭大街66号,江苏省,南京市,雨花台区,1,f7f973ca79b08aeb2b201a23,118.6593704739899,31.910051563593647,70
8785,朗诗·绿色街区-东园,118.658836,31.909021,南京市雨花台区新亭大街66号,江苏省,南京市,雨花台区,1,f7f973ca79b08aeb2b201a23,118.65877604624107,31.910485409025657,71
8785,朗诗·绿色街区-东园,118.658836,31.909021,南京市雨花台区新亭大街66号,江苏省,南京市,雨花台区,1,f7f973ca79b08aeb2b201a23,118.65829069017774,31.910780223774605,72
8785,朗诗·绿色街区-东园,118.658836,31.909021,南京市雨花台区新亭大街66号,江苏省,南京市,雨花台区,1,f7f973ca79b08aeb2b201a23,118.65827885356985,31.910785704056313,73
8785,朗诗·绿色街区-东园,118.658836,31.909021,南京市雨花台区新亭大街66号,江苏省,南京市,雨花台区,1,f7f973ca79b08aeb2b201a23,118.65826641883153,31.910789572887182,74
8785,朗诗·绿色街区-东园,118.658836,31.909021,南京市雨花台区新亭大街66号,江苏省,南京市,雨花台区,1,f7f973ca79b08aeb2b201a23,118.65825358482336,31.91079163393983,75
8785,朗诗·绿色街区-东园,118.658836,31.909021,南京市雨花台区新亭大街66号,江苏省,南京市,雨花台区,1,f7f973ca79b08aeb2b201a23,118.65824045097517,31.91079178904865,76
8785,朗诗·绿色街区-东园,118.658836,31.909021,南京市雨花台区新亭大街66号,江苏省,南京市,雨花台区,1,f7f973ca79b08aeb2b201a23,118.65822741536118,31.910790145655326,77
8785,朗诗·绿色街区-东园,118.658836,31.909021,南京市雨花台区新亭大街66号,江苏省,南京市,雨花台区,1,f7f973ca79b08aeb2b201a23,118.65821477641465,31.910786609311312,78
8785,朗诗·绿色街区-东园,118.658836,31.909021,南京市雨花台区新亭大街66号,江苏省,南京市,雨花台区,1,f7f973ca79b08aeb2b201a23,118.65820143920179,31.910780559484497,79
8785,朗诗·绿色街区-东园,118.658836,31.909021,南京市雨花台区新亭大街66号,江苏省,南京市,雨花台区,1,f7f973ca79b08aeb2b201a23,118.65819068767688,31.910772657545813,80
8785,朗诗·绿色街区-东园,118.658836,31.909021,南京市雨花台区新亭大街66号,江苏省,南京市,雨花台区,1,f7f973ca79b08aeb2b201a23,118.65818262303227,31.91076530581514,81
8785,朗诗·绿色街区-东园,118.658836,31.909021,南京市雨花台区新亭大街66号,江苏省,南京市,雨花台区,1,f7f973ca79b08aeb2b201a23,118.65817336233698,31.910755031252208,82
8785,朗诗·绿色街区-东园,118.658836,31.909021,南京市雨花台区新亭大街66号,江苏省,南京市,雨花台区,1,f7f973ca79b08aeb2b201a23,118.65816489723227,31.91074417142149,83
8785,朗诗·绿色街区-东园,118.658836,31.909021,南京市雨花台区新亭大街66号,江苏省,南京市,雨花台区,1,f7f973ca79b08aeb2b201a23,118.65710081230871,31.90919892076265,84
8787,绿洲新村,118.652997,31.907756,南京市雨花台区绿洲路1号,江苏省,南京市,雨花台区,1,f696f3c291541aeb1b11d578,118.65114808323972,31.906829801360722,1
8787,绿洲新村,118.652997,31.907756,南京市雨花台区绿洲路1号,江苏省,南京市,雨花台区,1,f696f3c291541aeb1b11d578,118.65268009682035,31.90686495967865,2
8787,绿洲新村,118.652997,31.907756,南京市雨花台区绿洲路1号,江苏省,南京市,雨花台区,1,f696f3c291541aeb1b11d578,118.65466694988346,31.906983160594645,3
8787,绿洲新村,118.652997,31.907756,南京市雨花台区绿洲路1号,江苏省,南京市,雨花台区,1,f696f3c291541aeb1b11d578,118.65466299847918,31.907213118983385,4
8787,绿洲新村,118.652997,31.907756,南京市雨花台区绿洲路1号,江苏省,南京市,雨花台区,1,f696f3c291541aeb1b11d578,118.65511096273106,31.90724318285333,5
8787,绿洲新村,118.652997,31.907756,南京市雨花台区绿洲路1号,江苏省,南京市,雨花台区,1,f696f3c291541aeb1b11d578,118.65502195576452,31.907669181576377,6
8787,绿洲新村,118.652997,31.907756,南京市雨花台区绿洲路1号,江苏省,南京市,雨花台区,1,f696f3c291541aeb1b11d578,118.65439806153604,31.907619041594028,7
8787,绿洲新村,118.652997,31.907756,南京市雨花台区绿洲路1号,江苏省,南京市,雨花台区,1,f696f3c291541aeb1b11d578,118.65433502015765,31.907861103773428,8
8787,绿洲新村,118.652997,31.907756,南京市雨花台区绿洲路1号,江苏省,南京市,雨花台区,1,f696f3c291541aeb1b11d578,118.65451396512779,31.90793314594329,9
8787,绿洲新村,118.652997,31.907756,南京市雨花台区绿洲路1号,江苏省,南京市,雨花台区,1,f696f3c291541aeb1b11d578,118.65447794493454,31.908098099712344,10
8787,绿洲新村,118.652997,31.907756,南京市雨花台区绿洲路1号,江苏省,南京市,雨花台区,1,f696f3c291541aeb1b11d578,118.65434401272401,31.90809110538539,11
8787,绿洲新村,118.652997,31.907756,南京市雨花台区绿洲路1号,江苏省,南京市,雨花台区,1,f696f3c291541aeb1b11d578,118.65429000202886,31.90828602997716,12
8787,绿洲新村,118.652997,31.907756,南京市雨花台区绿洲路1号,江苏省,南京市,雨花台区,1,f696f3c291541aeb1b11d578,118.65372038877949,31.908181237995475,13
8787,绿洲新村,118.652997,31.907756,南京市雨花台区绿洲路1号,江苏省,南京市,雨花台区,1,f696f3c291541aeb1b11d578,118.65370334488681,31.908297539889823,14
8787,绿洲新村,118.652997,31.907756,南京市雨花台区绿洲路1号,江苏省,南京市,雨花台区,1,f696f3c291541aeb1b11d578,118.65313339159196,31.90830940759594,15
8787,绿洲新村,118.652997,31.907756,南京市雨花台区绿洲路1号,江苏省,南京市,雨花台区,1,f696f3c291541aeb1b11d578,118.65307813796448,31.908426007133563,16
8787,绿洲新村,118.652997,31.907756,南京市雨花台区绿洲路1号,江苏省,南京市,雨花台区,1,f696f3c291541aeb1b11d578,118.6530479451824,31.908518265154743,17
8787,绿洲新村,118.652997,31.907756,南京市雨花台区绿洲路1号,江苏省,南京市,雨花台区,1,f696f3c291541aeb1b11d578,118.65303879499575,31.908525297703115,18
8787,绿洲新村,118.652997,31.907756,南京市雨花台区绿洲路1号,江苏省,南京市,雨花台区,1,f696f3c291541aeb1b11d578,118.65297678970585,31.908664177644784,19
8787,绿洲新村,118.652997,31.907756,南京市雨花台区绿洲路1号,江苏省,南京市,雨花台区,1,f696f3c291541aeb1b11d578,118.65293029006108,31.908774539253677,20
8787,绿洲新村,118.652997,31.907756,南京市雨花台区绿洲路1号,江苏省,南京市,雨花台区,1,f696f3c291541aeb1b11d578,118.65291479364245,31.90881666081477,21
8787,绿洲新村,118.652997,31.907756,南京市雨花台区绿洲路1号,江苏省,南京市,雨花台区,1,f696f3c291541aeb1b11d578,118.652893311613,31.90883466852364,22
8787,绿洲新村,118.652997,31.907756,南京市雨花台区绿洲路1号,江苏省,南京市,雨花台区,1,f696f3c291541aeb1b11d578,118.65264887599136,31.90876216704707,23
8787,绿洲新村,118.652997,31.907756,南京市雨花台区绿洲路1号,江苏省,南京市,雨花台区,1,f696f3c291541aeb1b11d578,118.65246211745658,31.908791849155527,24
8787,绿洲新村,118.652997,31.907756,南京市雨花台区绿洲路1号,江苏省,南京市,雨花台区,1,f696f3c291541aeb1b11d578,118.65245206673124,31.908472915247373,25
8787,绿洲新村,118.652997,31.907756,南京市雨花台区绿洲路1号,江苏省,南京市,雨花台区,1,f696f3c291541aeb1b11d578,118.65089808430066,31.907859760053277,26
8787,绿洲新村,118.652997,31.907756,南京市雨花台区绿洲路1号,江苏省,南京市,雨花台区,1,f696f3c291541aeb1b11d578,118.65114808323972,31.906829801360722,27
8789,金地自在城-七期,118.666846,31.908339,江苏省南京市雨花台区板桥新城新湖大道,江苏省,南京市,雨花台区,1,9a11960bb67344fe3a04b12b,118.66580472437187,31.909760655430038,1
8789,金地自在城-七期,118.666846,31.908339,江苏省南京市雨花台区板桥新城新湖大道,江苏省,南京市,雨花台区,1,9a11960bb67344fe3a04b12b,118.66606101093387,31.90979199708627,2
8789,金地自在城-七期,118.666846,31.908339,江苏省南京市雨花台区板桥新城新湖大道,江苏省,南京市,雨花台区,1,9a11960bb67344fe3a04b12b,118.66761507946615,31.909223247799048,3
8789,金地自在城-七期,118.666846,31.908339,江苏省南京市雨花台区板桥新城新湖大道,江苏省,南京市,雨花台区,1,9a11960bb67344fe3a04b12b,118.66882752241294,31.90867250322404,4
8789,金地自在城-七期,118.666846,31.908339,江苏省南京市雨花台区板桥新城新湖大道,江苏省,南京市,雨花台区,1,9a11960bb67344fe3a04b12b,118.66886183768344,31.90859878427364,5
8789,金地自在城-七期,118.666846,31.908339,江苏省南京市雨花台区板桥新城新湖大道,江苏省,南京市,雨花台区,1,9a11960bb67344fe3a04b12b,118.66788457111913,31.90693196909409,6
8789,金地自在城-七期,118.666846,31.908339,江苏省南京市雨花台区板桥新城新湖大道,江苏省,南京市,雨花台区,1,9a11960bb67344fe3a04b12b,118.66784414737118,31.906882158047665,7
8789,金地自在城-七期,118.666846,31.908339,江苏省南京市雨花台区板桥新城新湖大道,江苏省,南京市,雨花台区,1,9a11960bb67344fe3a04b12b,118.66492465446376,31.908184899537364,8
8789,金地自在城-七期,118.666846,31.908339,江苏省南京市雨花台区板桥新城新湖大道,江苏省,南京市,雨花台区,1,9a11960bb67344fe3a04b12b,118.66488396122415,31.908327663546018,9
8789,金地自在城-七期,118.666846,31.908339,江苏省南京市雨花台区板桥新城新湖大道,江苏省,南京市,雨花台区,1,9a11960bb67344fe3a04b12b,118.66580472437187,31.909760655430038,10
8790,金地自在城-5期,118.66802,31.910241,江苏省南京市雨花台区新湖大道金地自在城第五街区,江苏省,南京市,雨花台区,1,fd41df8082737044343a71cc,118.6677933320251,31.91066571160774,1
8790,金地自在城-5期,118.66802,31.910241,江苏省南京市雨花台区新湖大道金地自在城第五街区,江苏省,南京市,雨花台区,1,fd41df8082737044343a71cc,118.66813634818746,31.911288107396445,2
8790,金地自在城-5期,118.66802,31.910241,江苏省南京市雨花台区新湖大道金地自在城第五街区,江苏省,南京市,雨花台区,1,fd41df8082737044343a71cc,118.66979519507441,31.91054255557347,3
8790,金地自在城-5期,118.66802,31.910241,江苏省南京市雨花台区新湖大道金地自在城第五街区,江苏省,南京市,雨花台区,1,fd41df8082737044343a71cc,118.66983599880558,31.9104851287752,4
8790,金地自在城-5期,118.66802,31.910241,江苏省南京市雨花台区新湖大道金地自在城第五街区,江苏省,南京市,雨花台区,1,fd41df8082737044343a71cc,118.66988076496237,31.910395751988723,5
8790,金地自在城-5期,118.66802,31.910241,江苏省南京市雨花台区新湖大道金地自在城第五街区,江苏省,南京市,雨花台区,1,fd41df8082737044343a71cc,118.66990862231454,31.910343139728894,6
8790,金地自在城-5期,118.66802,31.910241,江苏省南京市雨花台区新湖大道金地自在城第五街区,江苏省,南京市,雨花台区,1,fd41df8082737044343a71cc,118.66989064452638,31.910273871624817,7
8790,金地自在城-5期,118.66802,31.910241,江苏省南京市雨花台区新湖大道金地自在城第五街区,江苏省,南京市,雨花台区,1,fd41df8082737044343a71cc,118.66902609284593,31.908837080872143,8
8790,金地自在城-5期,118.66802,31.910241,江苏省南京市雨花台区新湖大道金地自在城第五街区,江苏省,南京市,雨花台区,1,fd41df8082737044343a71cc,118.66894040887317,31.908794805053503,9
8790,金地自在城-5期,118.66802,31.910241,江苏省南京市雨花台区新湖大道金地自在城第五街区,江苏省,南京市,雨花台区,1,fd41df8082737044343a71cc,118.66884477706519,31.908771379707137,10
8790,金地自在城-5期,118.66802,31.910241,江苏省南京市雨花台区新湖大道金地自在城第五街区,江苏省,南京市,雨花台区,1,fd41df8082737044343a71cc,118.66720501018727,31.909469294295267,11
8790,金地自在城-5期,118.66802,31.910241,江苏省南京市雨花台区新湖大道金地自在城第五街区,江苏省,南京市,雨花台区,1,fd41df8082737044343a71cc,118.66612897044061,31.90991204970645,12
8790,金地自在城-5期,118.66802,31.910241,江苏省南京市雨花台区新湖大道金地自在城第五街区,江苏省,南京市,雨花台区,1,fd41df8082737044343a71cc,118.66606132264587,31.90999195529654,13
8790,金地自在城-5期,118.66802,31.910241,江苏省南京市雨花台区新湖大道金地自在城第五街区,江苏省,南京市,雨花台区,1,fd41df8082737044343a71cc,118.66677593725535,31.911061732693483,14
8790,金地自在城-5期,118.66802,31.910241,江苏省南京市雨花台区新湖大道金地自在城第五街区,江苏省,南京市,雨花台区,1,fd41df8082737044343a71cc,118.6677933320251,31.91066571160774,15
8791,金地·艺境,118.667958,31.910332,江苏省南京市雨花台区新湖大道金地自在城第五街区,江苏省,南京市,雨花台区,1,43107371f396e1d5c1f1cf27,118.66730599230287,31.911516345755224,1
8791,金地·艺境,118.667958,31.910332,江苏省南京市雨花台区新湖大道金地自在城第五街区,江苏省,南京市,雨花台区,1,43107371f396e1d5c1f1cf27,118.6698375322131,31.910397235381513,2
8791,金地·艺境,118.667958,31.910332,江苏省南京市雨花台区新湖大道金地自在城第五街区,江苏省,南京市,雨花台区,1,43107371f396e1d5c1f1cf27,118.6698451983523,31.91039044363699,3
8791,金地·艺境,118.667958,31.910332,江苏省南京市雨花台区新湖大道金地自在城第五街区,江苏省,南京市,雨花台区,1,43107371f396e1d5c1f1cf27,118.66985146852478,31.910382531799208,4
8791,金地·艺境,118.667958,31.910332,江苏省南京市雨花台区新湖大道金地自在城第五街区,江苏省,南京市,雨花台区,1,43107371f396e1d5c1f1cf27,118.66985624391687,31.910373498411904,5
8791,金地·艺境,118.667958,31.910332,江苏省南京市雨花台区新湖大道金地自在城第五街区,江苏省,南京市,雨花台区,1,43107371f396e1d5c1f1cf27,118.66985932600308,31.9103638407234,6
8791,金地·艺境,118.667958,31.910332,江苏省南京市雨花台区新湖大道金地自在城第五街区,江苏省,南京市,雨花台区,1,43107371f396e1d5c1f1cf27,118.6698607138851,31.910353658734962,7
8791,金地·艺境,118.667958,31.910332,江苏省南京市雨花台区新湖大道金地自在城第五街区,江苏省,南京市,雨花台区,1,43107371f396e1d5c1f1cf27,118.669860307851,31.910343451151135,8
8791,金地·艺境,118.667958,31.910332,江苏省南京市雨花台区新湖大道金地自在城第五街区,江苏省,南京市,雨花台区,1,43107371f396e1d5c1f1cf27,118.66985791027359,31.910333415216247,9
8791,金地·艺境,118.667958,31.910332,江苏省南京市雨花台区新湖大道金地自在城第五街区,江苏省,南京市,雨花台区,1,43107371f396e1d5c1f1cf27,118.6693014306712,31.909357412566163,10
8791,金地·艺境,118.667958,31.910332,江苏省南京市雨花台区新湖大道金地自在城第五街区,江苏省,南京市,雨花台区,1,43107371f396e1d5c1f1cf27,118.66929505000715,31.909347517675744,11
8791,金地·艺境,118.667958,31.910332,江苏省南京市雨花台区新湖大道金地自在城第五街区,江苏省,南京市,雨花台区,1,43107371f396e1d5c1f1cf27,118.66928657808789,31.909339192403387,12
8791,金地·艺境,118.667958,31.910332,江苏省南京市雨花台区新湖大道金地自在城第五街区,江苏省,南京市,雨花台区,1,43107371f396e1d5c1f1cf27,118.66927651347295,31.909333044198217,13
8791,金地·艺境,118.667958,31.910332,江苏省南京市雨花台区新湖大道金地自在城第五街区,江苏省,南京市,雨花台区,1,43107371f396e1d5c1f1cf27,118.6692653547219,31.90932928026914,14
8791,金地·艺境,118.667958,31.910332,江苏省南京市雨花台区新湖大道金地自在城第五街区,江苏省,南京市,雨花台区,1,43107371f396e1d5c1f1cf27,118.66925370010622,31.909328209360105,15
8791,金地·艺境,118.667958,31.910332,江苏省南京市雨花台区新湖大道金地自在城第五街区,江苏省,南京市,雨花台区,1,43107371f396e1d5c1f1cf27,118.66924214699905,31.909329740357716,16
8791,金地·艺境,118.667958,31.910332,江苏省南京市雨花台区新湖大道金地自在城第五街区,江苏省,南京市,雨花台区,1,43107371f396e1d5c1f1cf27,118.66923129277357,31.909333982000312,17
8791,金地·艺境,118.667958,31.910332,江苏省南京市雨花台区新湖大道金地自在城第五街区,江苏省,南京市,雨花台区,1,43107371f396e1d5c1f1cf27,118.66861921794145,31.909606439611416,18
8791,金地·艺境,118.667958,31.910332,江苏省南京市雨花台区新湖大道金地自在城第五街区,江苏省,南京市,雨花台区,1,43107371f396e1d5c1f1cf27,118.66860826490237,31.909610475642555,19
8791,金地·艺境,118.667958,31.910332,江苏省南京市雨花台区新湖大道金地自在城第五街区,江苏省,南京市,雨花台区,1,43107371f396e1d5c1f1cf27,118.66859681240544,31.90961190364457,20
8791,金地·艺境,118.667958,31.910332,江苏省南京市雨花台区新湖大道金地自在城第五街区,江苏省,南京市,雨花台区,1,43107371f396e1d5c1f1cf27,118.66858525839997,31.909610629592432,21
8791,金地·艺境,118.667958,31.910332,江苏省南京市雨花台区新湖大道金地自在城第五街区,江苏省,南京市,雨花台区,1,43107371f396e1d5c1f1cf27,118.66857420115744,31.909606862532996,22
8791,金地·艺境,118.667958,31.910332,江苏省南京市雨花台区新湖大道金地自在城第五街区,江苏省,南京市,雨花台区,1,43107371f396e1d5c1f1cf27,118.66856423715272,31.909600711433953,23
8791,金地·艺境,118.667958,31.910332,江苏省南京市雨花台区新湖大道金地自在城第五街区,江苏省,南京市,雨花台区,1,43107371f396e1d5c1f1cf27,118.66855586584367,31.90959248396476,24
8791,金地·艺境,118.667958,31.910332,江苏省南京市雨花台区新湖大道金地自在城第五街区,江苏省,南京市,雨花台区,1,43107371f396e1d5c1f1cf27,118.66854948517965,31.909582586187906,25
8791,金地·艺境,118.667958,31.910332,江苏省南京市雨花台区新湖大道金地自在城第五街区,江苏省,南京市,雨花台区,1,43107371f396e1d5c1f1cf27,118.66830160945213,31.909136360036417,26
8791,金地·艺境,118.667958,31.910332,江苏省南京市雨花台区新湖大道金地自在城第五街区,江苏省,南京市,雨花台区,1,43107371f396e1d5c1f1cf27,118.66829532939832,31.909126262894063,27
8791,金地·艺境,118.667958,31.910332,江苏省南京市雨花台区新湖大道金地自在城第五街区,江苏省,南京市,雨花台区,1,43107371f396e1d5c1f1cf27,118.66828695808927,31.909117834150283,28
8791,金地·艺境,118.667958,31.910332,江苏省南京市雨花台区新湖大道金地自在城第五街区,江苏省,南京市,雨花台区,1,43107371f396e1d5c1f1cf27,118.66827689527094,31.909111479870713,29
8791,金地·艺境,118.667958,31.910332,江苏省南京市雨花台区新湖大道金地自在城第五街区,江苏省,南京市,雨花台区,1,43107371f396e1d5c1f1cf27,118.66826583802843,31.90910741078972,30
8791,金地·艺境,118.667958,31.910332,江苏省南京市雨花台区新湖大道金地自在城第五街区,江苏省,南京市,雨花台区,1,43107371f396e1d5c1f1cf27,118.66825408549742,31.90910603151682,31
8791,金地·艺境,118.667958,31.910332,江苏省南京市雨花台区新湖大道金地自在城第五街区,江苏省,南京市,雨花台区,1,43107371f396e1d5c1f1cf27,118.66824243447498,31.909107254080297,32
8791,金地·艺境,118.667958,31.910332,江苏省南京市雨花台区新湖大道金地自在城第五街区,江苏省,南京市,雨花台区,1,43107371f396e1d5c1f1cf27,118.66823138172397,31.909111086143067,33
8791,金地·艺境,118.667958,31.910332,江苏省南京市雨花台区新湖大道金地自在城第五街区,江苏省,南京市,雨花台区,1,43107371f396e1d5c1f1cf27,118.66627950218984,31.909904105795842,34
8791,金地·艺境,118.667958,31.910332,江苏省南京市雨花台区新湖大道金地自在城第五街区,江苏省,南京市,雨花台区,1,43107371f396e1d5c1f1cf27,118.66627193935575,31.90991028361823,35
8791,金地·艺境,118.667958,31.910332,江苏省南京市雨花台区新湖大道金地自在城第五街区,江苏省,南京市,雨花台区,1,43107371f396e1d5c1f1cf27,118.66626577159012,31.90991788445647,36
8791,金地·艺境,118.667958,31.910332,江苏省南京市雨花台区新湖大道金地自在城第五街区,江苏省,南京市,雨花台区,1,43107371f396e1d5c1f1cf27,118.66626109860485,31.90992650968179,37
8791,金地·艺境,118.667958,31.910332,江苏省南京市雨花台区新湖大道金地自在城第五街区,江苏省,南京市,雨花台区,1,43107371f396e1d5c1f1cf27,118.66625821684079,31.90993586434566,38
8791,金地·艺境,118.667958,31.910332,江苏省南京市雨花台区新湖大道金地自在城第五街区,江苏省,南京市,雨花台区,1,43107371f396e1d5c1f1cf27,118.66625722780641,31.909945649898066,39
8791,金地·艺境,118.667958,31.910332,江苏省南京市雨花台区新湖大道金地自在城第五街区,江苏省,南京市,雨花台区,1,43107371f396e1d5c1f1cf27,118.66625803089154,31.909955564647298,40
8791,金地·艺境,118.667958,31.910332,江苏省南京市雨花台区新湖大道金地自在城第五街区,江苏省,南京市,雨花台区,1,43107371f396e1d5c1f1cf27,118.66626062609615,31.909965108507187,41
8791,金地·艺境,118.667958,31.910332,江苏省南京市雨花台区新湖大道金地自在城第五街区,江苏省,南京市,雨花台区,1,43107371f396e1d5c1f1cf27,118.66723368320085,31.91149380026753,42
8791,金地·艺境,118.667958,31.910332,江苏省南京市雨花台区新湖大道金地自在城第五街区,江苏省,南京市,雨花台区,1,43107371f396e1d5c1f1cf27,118.66724026239041,31.911503906036454,43
8791,金地·艺境,118.667958,31.910332,江苏省南京市雨花台区新湖大道金地自在城第五街区,江苏省,南京市,雨花台区,1,43107371f396e1d5c1f1cf27,118.6672491313607,31.911512047662395,44
8791,金地·艺境,118.667958,31.910332,江苏省南京市雨花台区新湖大道金地自在城第五街区,江苏省,南京市,雨花台区,1,43107371f396e1d5c1f1cf27,118.66725969004366,31.911518015566923,45
8791,金地·艺境,118.667958,31.910332,江苏省南京市雨花台区新湖大道金地自在城第五街区,江苏省,南京市,雨花台区,1,43107371f396e1d5c1f1cf27,118.66727114433722,31.91152159702976,46
8791,金地·艺境,118.667958,31.910332,江苏省南京市雨花台区新湖大道金地自在城第五街区,江苏省,南京市,雨花台区,1,43107371f396e1d5c1f1cf27,118.66728309359712,31.911522485767087,47
8791,金地·艺境,118.667958,31.910332,江苏省南京市雨花台区新湖大道金地自在城第五街区,江苏省,南京市,雨花台区,1,43107371f396e1d5c1f1cf27,118.6672949422468,31.911520672353664,48
8791,金地·艺境,118.667958,31.910332,江苏省南京市雨花台区新湖大道金地自在城第五街区,江苏省,南京市,雨花台区,1,43107371f396e1d5c1f1cf27,118.66730599230287,31.911516345755224,49
8792,金地自在城-八期,118.670154,31.906995,江苏省南京市雨花台区湖景路与石板路交叉口北200米,江苏省,南京市,雨花台区,1,1db4cde82a747abc223bf26c,118.66974280589707,31.90828520985988,1
8792,金地自在城-八期,118.670154,31.906995,江苏省南京市雨花台区湖景路与石板路交叉口北200米,江苏省,南京市,雨花台区,1,1db4cde82a747abc223bf26c,118.67205594258526,31.907296661756956,2
8792,金地自在城-八期,118.670154,31.906995,江苏省南京市雨花台区湖景路与石板路交叉口北200米,江苏省,南京市,雨花台区,1,1db4cde82a747abc223bf26c,118.6711102963749,31.905392028846165,3
8792,金地自在城-八期,118.670154,31.906995,江苏省南京市雨花台区湖景路与石板路交叉口北200米,江苏省,南京市,雨花台区,1,1db4cde82a747abc223bf26c,118.67070875381194,31.905427586854245,4
8792,金地自在城-八期,118.670154,31.906995,江苏省南京市雨花台区湖景路与石板路交叉口北200米,江苏省,南京市,雨花台区,1,1db4cde82a747abc223bf26c,118.66819816957266,31.906562293848445,5
8792,金地自在城-八期,118.670154,31.906995,江苏省南京市雨花台区湖景路与石板路交叉口北200米,江苏省,南京市,雨花台区,1,1db4cde82a747abc223bf26c,118.66921729717373,31.908492113919674,6
8792,金地自在城-八期,118.670154,31.906995,江苏省南京市雨花台区湖景路与石板路交叉口北200米,江苏省,南京市,雨花台区,1,1db4cde82a747abc223bf26c,118.66974280589707,31.90828520985988,7
8793,板桥新城,118.66807,31.910233,南京市雨花台区新亭大街69-37号,江苏省,南京市,雨花台区,1,8b123801165626180582c268,118.66699012832285,31.91106442857426,1
8793,板桥新城,118.66807,31.910233,南京市雨花台区新亭大街69-37号,江苏省,南京市,雨花台区,1,8b123801165626180582c268,118.66785250161243,31.910646800204344,2
8793,板桥新城,118.66807,31.910233,南京市雨花台区新亭大街69-37号,江苏省,南京市,雨花台区,1,8b123801165626180582c268,118.66815343395827,31.91109891156513,3
8793,板桥新城,118.66807,31.910233,南京市雨花台区新亭大街69-37号,江苏省,南京市,雨花台区,1,8b123801165626180582c268,118.66974792623847,31.910466721325786,4
8793,板桥新城,118.66807,31.910233,南京市雨花台区新亭大街69-37号,江苏省,南京市,雨花台区,1,8b123801165626180582c268,118.66982877373438,31.910183192157422,5
8793,板桥新城,118.66807,31.910233,南京市雨花台区新亭大街69-37号,江苏省,南京市,雨花台区,1,8b123801165626180582c268,118.66929428195594,31.909305778736336,6
8793,板桥新城,118.66807,31.910233,南京市雨花台区新亭大街69-37号,江苏省,南京市,雨花台区,1,8b123801165626180582c268,118.6685531799102,31.909616131174072,7
8793,板桥新城,118.66807,31.910233,南京市雨花台区新亭大街69-37号,江苏省,南京市,雨花台区,1,8b123801165626180582c268,118.66824326450927,31.90906439277622,8
8793,板桥新城,118.66807,31.910233,南京市雨花台区新亭大街69-37号,江苏省,南京市,雨花台区,1,8b123801165626180582c268,118.66621758558426,31.909903493599895,9
8793,板桥新城,118.66807,31.910233,南京市雨花台区新亭大街69-37号,江苏省,南京市,雨花台区,1,8b123801165626180582c268,118.66699012832285,31.91106442857426,10
8795,金地自在城-六期,118.671138,31.908907,江苏省南京市雨花台区板桥新城大方路金地自在城第六街区,江苏省,南京市,雨花台区,1,cfc9d128bf7ad1aed718b75f,118.67037683441752,31.910328732310877,1
8795,金地自在城-六期,118.671138,31.908907,江苏省南京市雨花台区板桥新城大方路金地自在城第六街区,江苏省,南京市,雨花台区,1,cfc9d128bf7ad1aed718b75f,118.67063977832167,31.910217353714113,2
8795,金地自在城-六期,118.671138,31.908907,江苏省南京市雨花台区板桥新城大方路金地自在城第六街区,江苏省,南京市,雨花台区,1,cfc9d128bf7ad1aed718b75f,118.67302378592477,31.909168996042883,3
8795,金地自在城-六期,118.671138,31.908907,江苏省南京市雨花台区板桥新城大方路金地自在城第六街区,江苏省,南京市,雨花台区,1,cfc9d128bf7ad1aed718b75f,118.67265148140955,31.9083083176949,4
8795,金地自在城-六期,118.671138,31.908907,江苏省南京市雨花台区板桥新城大方路金地自在城第六街区,江苏省,南京市,雨花台区,1,cfc9d128bf7ad1aed718b75f,118.67224536467494,31.907472121781648,5
8795,金地自在城-六期,118.671138,31.908907,江苏省南京市雨花台区板桥新城大方路金地自在城第六街区,江苏省,南京市,雨花台区,1,cfc9d128bf7ad1aed718b75f,118.67207590922183,31.907408960901556,6
8795,金地自在城-六期,118.671138,31.908907,江苏省南京市雨花台区板桥新城大方路金地自在城第六街区,江苏省,南京市,雨花台区,1,cfc9d128bf7ad1aed718b75f,118.67074298733662,31.907983410633015,7
8795,金地自在城-六期,118.671138,31.908907,江苏省南京市雨花台区板桥新城大方路金地自在城第六街区,江苏省,南京市,雨花台区,1,cfc9d128bf7ad1aed718b75f,118.66930481907957,31.908561135400276,8
8795,金地自在城-六期,118.671138,31.908907,江苏省南京市雨花台区板桥新城大方路金地自在城第六街区,江苏省,南京市,雨花台区,1,cfc9d128bf7ad1aed718b75f,118.66922117965014,31.90861091847828,9
8795,金地自在城-六期,118.671138,31.908907,江苏省南京市雨花台区板桥新城大方路金地自在城第六街区,江苏省,南京市,雨花台区,1,cfc9d128bf7ad1aed718b75f,118.66918039298676,31.908696333053577,10
8795,金地自在城-六期,118.671138,31.908907,江苏省南京市雨花台区板桥新城大方路金地自在城第六街区,江苏省,南京市,雨花台区,1,cfc9d128bf7ad1aed718b75f,118.67012676143476,31.910302222943923,11
8795,金地自在城-六期,118.671138,31.908907,江苏省南京市雨花台区板桥新城大方路金地自在城第六街区,江苏省,南京市,雨花台区,1,cfc9d128bf7ad1aed718b75f,118.67023637087647,31.91033877046855,12
8795,金地自在城-六期,118.671138,31.908907,江苏省南京市雨花台区板桥新城大方路金地自在城第六街区,江苏省,南京市,雨花台区,1,cfc9d128bf7ad1aed718b75f,118.67037683441752,31.910328732310877,13
8798,南瑞大厦,118.784605,31.908036,南京市江宁区秣陵街道诚信大道19号国网电力科学研究院,江苏省,南京市,江宁区,1,fb8d619e5539a0b24c776e7d,118.78372352798789,31.90767519878303,1
8798,南瑞大厦,118.784605,31.908036,南京市江宁区秣陵街道诚信大道19号国网电力科学研究院,江苏省,南京市,江宁区,1,fb8d619e5539a0b24c776e7d,118.78365093591962,31.90779195167506,2
8798,南瑞大厦,118.784605,31.908036,南京市江宁区秣陵街道诚信大道19号国网电力科学研究院,江苏省,南京市,江宁区,1,fb8d619e5539a0b24c776e7d,118.78363816471018,31.908078771325822,3
8798,南瑞大厦,118.784605,31.908036,南京市江宁区秣陵街道诚信大道19号国网电力科学研究院,江苏省,南京市,江宁区,1,fb8d619e5539a0b24c776e7d,118.7837159660521,31.9083561681199,4
8798,南瑞大厦,118.784605,31.908036,南京市江宁区秣陵街道诚信大道19号国网电力科学研究院,江苏省,南京市,江宁区,1,fb8d619e5539a0b24c776e7d,118.78377973765855,31.908471294718023,5
8798,南瑞大厦,118.784605,31.908036,南京市江宁区秣陵街道诚信大道19号国网电力科学研究院,江苏省,南京市,江宁区,1,fb8d619e5539a0b24c776e7d,118.78391122622926,31.90863960250982,6
8798,南瑞大厦,118.784605,31.908036,南京市江宁区秣陵街道诚信大道19号国网电力科学研究院,江苏省,南京市,江宁区,1,fb8d619e5539a0b24c776e7d,118.7841860376475,31.908783372964752,7
8798,南瑞大厦,118.784605,31.908036,南京市江宁区秣陵街道诚信大道19号国网电力科学研究院,江苏省,南京市,江宁区,1,fb8d619e5539a0b24c776e7d,118.78439908966361,31.90884404323585,8
8798,南瑞大厦,118.784605,31.908036,南京市江宁区秣陵街道诚信大道19号国网电力科学研究院,江苏省,南京市,江宁区,1,fb8d619e5539a0b24c776e7d,118.78466687633274,31.908873623313713,9
8798,南瑞大厦,118.784605,31.908036,南京市江宁区秣陵街道诚信大道19号国网电力科学研究院,江苏省,南京市,江宁区,1,fb8d619e5539a0b24c776e7d,118.78493063230505,31.90881209134923,10
8798,南瑞大厦,118.784605,31.908036,南京市江宁区秣陵街道诚信大道19号国网电力科学研究院,江苏省,南京市,江宁区,1,fb8d619e5539a0b24c776e7d,118.78516054192237,31.908737958628592,11
8798,南瑞大厦,118.784605,31.908036,南京市江宁区秣陵街道诚信大道19号国网电力科学研究院,江苏省,南京市,江宁区,1,fb8d619e5539a0b24c776e7d,118.78537347446382,31.90856650401389,12
8798,南瑞大厦,118.784605,31.908036,南京市江宁区秣陵街道诚信大道19号国网电力科学研究院,江苏省,南京市,江宁区,1,fb8d619e5539a0b24c776e7d,118.78553360909896,31.908327140384905,13
8798,南瑞大厦,118.784605,31.908036,南京市江宁区秣陵街道诚信大道19号国网电力科学研究院,江苏省,南京市,江宁区,1,fb8d619e5539a0b24c776e7d,118.78559016821048,31.908012034399853,14
8798,南瑞大厦,118.784605,31.908036,南京市江宁区秣陵街道诚信大道19号国网电力科学研究院,江苏省,南京市,江宁区,1,fb8d619e5539a0b24c776e7d,118.78552033394013,31.907759834891365,15
8798,南瑞大厦,118.784605,31.908036,南京市江宁区秣陵街道诚信大道19号国网电力科学研究院,江苏省,南京市,江宁区,1,fb8d619e5539a0b24c776e7d,118.78539477149087,31.907539707494195,16
8798,南瑞大厦,118.784605,31.908036,南京市江宁区秣陵街道诚信大道19号国网电力科学研究院,江苏省,南京市,江宁区,1,fb8d619e5539a0b24c776e7d,118.78520454182456,31.9073834969416,17
8798,南瑞大厦,118.784605,31.908036,南京市江宁区秣陵街道诚信大道19号国网电力科学研究院,江苏省,南京市,江宁区,1,fb8d619e5539a0b24c776e7d,118.78497751037808,31.907275655913008,18
8798,南瑞大厦,118.784605,31.908036,南京市江宁区秣陵街道诚信大道19号国网电力科学研究院,江苏省,南京市,江宁区,1,fb8d619e5539a0b24c776e7d,118.78467883637231,31.9072065795864,19
8798,南瑞大厦,118.784605,31.908036,南京市江宁区秣陵街道诚信大道19号国网电力科学研究院,江苏省,南京市,江宁区,1,fb8d619e5539a0b24c776e7d,118.78433742368526,31.90723674696779,20
8798,南瑞大厦,118.784605,31.908036,南京市江宁区秣陵街道诚信大道19号国网电力科学研究院,江苏省,南京市,江宁区,1,fb8d619e5539a0b24c776e7d,118.78410454426994,31.907310749332428,21
8798,南瑞大厦,118.784605,31.908036,南京市江宁区秣陵街道诚信大道19号国网电力科学研究院,江苏省,南京市,江宁区,1,fb8d619e5539a0b24c776e7d,118.78393936475106,31.907402906746853,22
8798,南瑞大厦,118.784605,31.908036,南京市江宁区秣陵街道诚信大道19号国网电力科学研究院,江苏省,南京市,江宁区,1,fb8d619e5539a0b24c776e7d,118.78383590331225,31.90750212692208,23
8798,南瑞大厦,118.784605,31.908036,南京市江宁区秣陵街道诚信大道19号国网电力科学研究院,江苏省,南京市,江宁区,1,fb8d619e5539a0b24c776e7d,118.78372352798789,31.90767519878303,24
8799,金智科技园,118.795811,31.906524,南京市江宁区江宁经济技术开发区将军大道100号,江苏省,南京市,江宁区,1,56e88cba6ec1a465a4c75673,118.79218696724847,31.904735122804837,1
8799,金智科技园,118.795811,31.906524,南京市江宁区江宁经济技术开发区将军大道100号,江苏省,南京市,江宁区,1,56e88cba6ec1a465a4c75673,118.79622035898828,31.90478876673283,2
8799,金智科技园,118.795811,31.906524,南京市江宁区江宁经济技术开发区将军大道100号,江苏省,南京市,江宁区,1,56e88cba6ec1a465a4c75673,118.79641798620047,31.904888391086764,3
8799,金智科技园,118.795811,31.906524,南京市江宁区江宁经济技术开发区将军大道100号,江苏省,南京市,江宁区,1,56e88cba6ec1a465a4c75673,118.79678629145955,31.90935604823996,4
8799,金智科技园,118.795811,31.906524,南京市江宁区江宁经济技术开发区将军大道100号,江苏省,南京市,江宁区,1,56e88cba6ec1a465a4c75673,118.79674137618406,31.909425015501647,5
8799,金智科技园,118.795811,31.906524,南京市江宁区江宁经济技术开发区将军大道100号,江苏省,南京市,江宁区,1,56e88cba6ec1a465a4c75673,118.79551968069049,31.90937137430263,6
8799,金智科技园,118.795811,31.906524,南京市江宁区江宁经济技术开发区将军大道100号,江苏省,南京市,江宁区,1,56e88cba6ec1a465a4c75673,118.79443273102342,31.908306206811815,7
8799,金智科技园,118.795811,31.906524,南京市江宁区江宁经济技术开发区将军大道100号,江苏省,南京市,江宁区,1,56e88cba6ec1a465a4c75673,118.79342662885225,31.90642105972999,8
8799,金智科技园,118.795811,31.906524,南京市江宁区江宁经济技术开发区将军大道100号,江苏省,南京市,江宁区,1,56e88cba6ec1a465a4c75673,118.79218696724847,31.904735122804837,9
8802,融园,118.822836,31.902263,江苏省南京市江宁区兰台街58号,江苏省,南京市,江宁区,1,da5fed81ccee92b294031931,118.82235700695382,31.905461305642195,1
8802,融园,118.822836,31.902263,江苏省南京市江宁区兰台街58号,江苏省,南京市,江宁区,1,da5fed81ccee92b294031931,118.823273278574,31.905442147241484,2
8802,融园,118.822836,31.902263,江苏省南京市江宁区兰台街58号,江苏省,南京市,江宁区,1,da5fed81ccee92b294031931,118.82333166843216,31.905331028437924,3
8802,融园,118.822836,31.902263,江苏省南京市江宁区兰台街58号,江苏省,南京市,江宁区,1,da5fed81ccee92b294031931,118.82315649885771,31.90480225434404,4
8802,融园,118.822836,31.902263,江苏省南京市江宁区兰台街58号,江苏省,南京市,江宁区,1,da5fed81ccee92b294031931,118.82308014288935,31.904173852156287,5
8802,融园,118.822836,31.902263,江苏省南京市江宁区兰台街58号,江苏省,南京市,江宁区,1,da5fed81ccee92b294031931,118.82308463441692,31.903576099713014,6
8802,融园,118.822836,31.902263,江苏省南京市江宁区兰台街58号,江苏省,南京市,江宁区,1,da5fed81ccee92b294031931,118.82315200733015,31.903058810780657,7
8802,融园,118.822836,31.902263,江苏省南京市江宁区兰台街58号,江苏省,南京市,江宁区,1,da5fed81ccee92b294031931,118.82340353287296,31.90231544228529,8
8802,融园,118.822836,31.902263,江苏省南京市江宁区兰台街58号,江苏省,南京市,江宁区,1,da5fed81ccee92b294031931,118.82372243132899,31.901725341328248,9
8802,融园,118.822836,31.902263,江苏省南京市江宁区兰台街58号,江苏省,南京市,江宁区,1,da5fed81ccee92b294031931,118.82430632991048,31.900775040848348,10
8802,融园,118.822836,31.902263,江苏省南京市江宁区兰台街58号,江苏省,南京市,江宁区,1,da5fed81ccee92b294031931,118.82441861809923,31.900445498852374,11
8802,融园,118.822836,31.902263,江苏省南京市江宁区兰台街58号,江苏省,南京市,江宁区,1,da5fed81ccee92b294031931,118.82427938074518,31.90028455930509,12
8802,融园,118.822836,31.902263,江苏省南京市江宁区兰台街58号,江苏省,南京市,江宁区,1,da5fed81ccee92b294031931,118.82418505866663,31.90017343421374,13
8802,融园,118.822836,31.902263,江苏省南京市江宁区兰台街58号,江苏省,南京市,江宁区,1,da5fed81ccee92b294031931,118.82202912544268,31.9000546451732,14
8802,融园,118.822836,31.902263,江苏省南京市江宁区兰台街58号,江苏省,南京市,江宁区,1,da5fed81ccee92b294031931,118.82191683725394,31.900342037747457,15
8802,融园,118.822836,31.902263,江苏省南京市江宁区兰台街58号,江苏省,南京市,江宁区,1,da5fed81ccee92b294031931,118.82180904059274,31.90066774823627,16
8802,融园,118.822836,31.902263,江苏省南京市江宁区兰台街58号,江苏省,南京市,江宁区,1,da5fed81ccee92b294031931,118.82177759989989,31.900993457561288,17
8802,融园,118.822836,31.902263,江苏省南京市江宁区兰台街58号,江苏省,南京市,江宁区,1,da5fed81ccee92b294031931,118.82180454906519,31.90130000645113,18
8802,融园,118.822836,31.902263,江苏省南京市江宁区兰台街58号,江苏省,南京市,江宁区,1,da5fed81ccee92b294031931,118.82188988808863,31.901556740353133,19
8802,融园,118.822836,31.902263,江苏省南京市江宁区兰台街58号,江苏省,南京市,江宁区,1,da5fed81ccee92b294031931,118.82234802389873,31.90214684240167,20
8802,融园,118.822836,31.902263,江苏省南京市江宁区兰台街58号,江苏省,南京市,江宁区,1,da5fed81ccee92b294031931,118.82263997318947,31.90251469629114,21
8802,融园,118.822836,31.902263,江苏省南京市江宁区兰台街58号,江苏省,南京市,江宁区,1,da5fed81ccee92b294031931,118.82271632915781,31.90274843601206,22
8802,融园,118.822836,31.902263,江苏省南京市江宁区兰台街58号,江苏省,南京市,江宁区,1,da5fed81ccee92b294031931,118.82259505791397,31.902993670484754,23
8802,融园,118.822836,31.902263,江苏省南京市江宁区兰台街58号,江苏省,南京市,江宁区,1,da5fed81ccee92b294031931,118.82245132903238,31.903169932354455,24
8802,融园,118.822836,31.902263,江苏省南京市江宁区兰台街58号,江苏省,南京市,江宁区,1,da5fed81ccee92b294031931,118.82230310862323,31.903208250107117,25
8802,融园,118.822836,31.902263,江苏省南京市江宁区兰台街58号,江苏省,南京市,江宁区,1,da5fed81ccee92b294031931,118.82205158308044,31.903350025651882,26
8802,融园,118.822836,31.902263,江苏省南京市江宁区兰台街58号,江苏省,南京市,江宁区,1,da5fed81ccee92b294031931,118.82189437961618,31.903576099713014,27
8802,融园,118.822836,31.902263,江苏省南京市江宁区兰台街58号,江苏省,南京市,江宁区,1,da5fed81ccee92b294031931,118.82188988808863,31.903882639917228,28
8802,融园,118.822836,31.902263,江苏省南京市江宁区兰台街58号,江苏省,南京市,江宁区,1,da5fed81ccee92b294031931,118.82199768474983,31.904177683890076,29
8802,融园,118.822836,31.902263,江苏省南京市江宁区兰台街58号,江苏省,南京市,江宁区,1,da5fed81ccee92b294031931,118.82225370182017,31.904771600679307,30
8802,融园,118.822836,31.902263,江苏省南京市江宁区兰台街58号,江苏省,南京市,江宁区,1,da5fed81ccee92b294031931,118.82232556626097,31.90501682970853,31
8802,融园,118.822836,31.902263,江苏省南京市江宁区兰台街58号,江苏省,南京市,江宁区,1,da5fed81ccee92b294031931,118.82235700695382,31.905461305642195,32
8804,康博花园-亲情公寓,118.833723,31.905442,南京市江宁区秣陵街道文心街28号,江苏省,南京市,江宁区,1,c276264b57cbdd9fbadf8fc7,118.83263608424338,31.905797438207937,1
8804,康博花园-亲情公寓,118.833723,31.905442,南京市江宁区秣陵街道文心街28号,江苏省,南京市,江宁区,1,c276264b57cbdd9fbadf8fc7,118.83467517217474,31.905832004576446,2
8804,康博花园-亲情公寓,118.833723,31.905442,南京市江宁区秣陵街道文心街28号,江苏省,南京市,江宁区,1,c276264b57cbdd9fbadf8fc7,118.83473009277701,31.905093887506965,3
8804,康博花园-亲情公寓,118.833723,31.905442,南京市江宁区秣陵街道文心街28号,江苏省,南京市,江宁区,1,c276264b57cbdd9fbadf8fc7,118.83265582720189,31.90504897673305,4
8804,康博花园-亲情公寓,118.833723,31.905442,南京市江宁区秣陵街道文心街28号,江苏省,南京市,江宁区,1,c276264b57cbdd9fbadf8fc7,118.83263608424338,31.905797438207937,5
8805,保利中央公园,118.835877,31.907344,南京市江宁区秣陵街道长亭街59号,江苏省,南京市,江宁区,1,0fa1aa68abc3281a2fe67b0f,118.83480999740155,31.908627259944897,1
8805,保利中央公园,118.835877,31.907344,南京市江宁区秣陵街道长亭街59号,江苏省,南京市,江宁区,1,0fa1aa68abc3281a2fe67b0f,118.8349087991096,31.90654668828533,2
8805,保利中央公园,118.835877,31.907344,南京市江宁区秣陵街道长亭街59号,江苏省,南京市,江宁区,1,0fa1aa68abc3281a2fe67b0f,118.83498512920404,31.905021758915602,3
8805,保利中央公园,118.835877,31.907344,南京市江宁区秣陵街道长亭街59号,江苏省,南京市,江宁区,1,0fa1aa68abc3281a2fe67b0f,118.8350077254198,31.903815391529704,4
8805,保利中央公园,118.835877,31.907344,南京市江宁区秣陵街道长亭街59号,江苏省,南京市,江宁区,1,0fa1aa68abc3281a2fe67b0f,118.83573856402863,31.90380504187791,5
8805,保利中央公园,118.835877,31.907344,南京市江宁区秣陵街道长亭街59号,江苏省,南京市,江宁区,1,0fa1aa68abc3281a2fe67b0f,118.83600952300888,31.90382201459025,6
8805,保利中央公园,118.835877,31.907344,南京市江宁区秣陵街道长亭街59号,江苏省,南京市,江宁区,1,0fa1aa68abc3281a2fe67b0f,118.83618923031612,31.903847480973,7
8805,保利中央公园,118.835877,31.907344,南京市江宁区秣陵街道长亭街59号,江苏省,南京市,江宁区,1,0fa1aa68abc3281a2fe67b0f,118.83623909192586,31.903878958769386,8
8805,保利中央公园,118.835877,31.907344,南京市江宁区秣陵街道长亭街59号,江苏省,南京市,江宁区,1,0fa1aa68abc3281a2fe67b0f,118.83624636354368,31.903966033933955,9
8805,保利中央公园,118.835877,31.907344,南京市江宁区秣陵街道长亭街59号,江苏省,南京市,江宁区,1,0fa1aa68abc3281a2fe67b0f,118.83624522237407,31.904122873746157,10
8805,保利中央公园,118.835877,31.907344,南京市江宁区秣陵街道长亭街59号,江苏省,南京市,江宁区,1,0fa1aa68abc3281a2fe67b0f,118.8362360440085,31.90428386364679,11
8805,保利中央公园,118.835877,31.907344,南京市江宁区秣陵街道长亭街59号,江苏省,南京市,江宁区,1,0fa1aa68abc3281a2fe67b0f,118.83656166930857,31.904282316600657,12
8805,保利中央公园,118.835877,31.907344,南京市江宁区秣陵街道长亭街59号,江苏省,南京市,江宁区,1,0fa1aa68abc3281a2fe67b0f,118.83655663838181,31.904729966062185,13
8805,保利中央公园,118.835877,31.907344,南京市江宁区秣陵街道长亭街59号,江苏省,南京市,江宁区,1,0fa1aa68abc3281a2fe67b0f,118.83647184266161,31.907535452752942,14
8805,保利中央公园,118.835877,31.907344,南京市江宁区秣陵街道长亭街59号,江苏省,南京市,江宁区,1,0fa1aa68abc3281a2fe67b0f,118.83644484070021,31.90876156569514,15
8805,保利中央公园,118.835877,31.907344,南京市江宁区秣陵街道长亭街59号,江苏省,南京市,江宁区,1,0fa1aa68abc3281a2fe67b0f,118.83627869839187,31.90874234731191,16
8805,保利中央公园,118.835877,31.907344,南京市江宁区秣陵街道长亭街59号,江苏省,南京市,江宁区,1,0fa1aa68abc3281a2fe67b0f,118.83480999740155,31.908627259944897,17
8807,中粮·彩云居,118.835879,31.902343,南京市江宁区吉印大道2009号(同仁医院旁),江苏省,南京市,江宁区,1,15a938105c07e4c314c8f61d,118.83497325868872,31.90377381826276,1
8807,中粮·彩云居,118.835879,31.902343,南京市江宁区吉印大道2009号(同仁医院旁),江苏省,南京市,江宁区,1,15a938105c07e4c314c8f61d,118.83656550520516,31.903758337988677,2
8807,中粮·彩云居,118.835879,31.902343,南京市江宁区吉印大道2009号(同仁医院旁),江苏省,南京市,江宁区,1,15a938105c07e4c314c8f61d,118.83667330186636,31.900880647310345,3
8807,中粮·彩云居,118.835879,31.902343,南京市江宁区吉印大道2009号(同仁医院旁),江苏省,南京市,江宁区,1,15a938105c07e4c314c8f61d,118.83509695535744,31.90080799498242,4
8807,中粮·彩云居,118.835879,31.902343,南京市江宁区吉印大道2009号(同仁医院旁),江苏省,南京市,江宁区,1,15a938105c07e4c314c8f61d,118.83497325868872,31.90377381826276,5
8808,康博花园,118.831491,31.904197,南京市江宁区秣陵街道文心街28号,江苏省,南京市,江宁区,1,b5d252dc1c68217df503b8d4,118.83251747108554,31.905684079230017,1
8808,康博花园,118.831491,31.904197,南京市江宁区秣陵街道文心街28号,江苏省,南京市,江宁区,1,b5d252dc1c68217df503b8d4,118.83249950497535,31.903783550908976,2
8808,康博花园,118.831491,31.904197,南京市江宁区秣陵街道文心街28号,江苏省,南京市,江宁区,1,b5d252dc1c68217df503b8d4,118.83245458969984,31.903680093592843,3
8808,康博花园,118.831491,31.904197,南京市江宁区秣陵街道文心街28号,江苏省,南京市,江宁区,1,b5d252dc1c68217df503b8d4,118.8320458606928,31.903112992144255,4
8808,康博花园,118.831491,31.904197,南京市江宁区秣陵街道文心街28号,江苏省,南京市,江宁区,1,b5d252dc1c68217df503b8d4,118.83129128406442,31.902568877978176,5
8808,康博花园,118.831491,31.904197,南京市江宁区秣陵街道文心街28号,江苏省,南京市,江宁区,1,b5d252dc1c68217df503b8d4,118.83097238560838,31.90244242844628,6
8808,康博花园,118.831491,31.904197,南京市江宁区秣陵街道文心街28号,江苏省,南京市,江宁区,1,b5d252dc1c68217df503b8d4,118.83053221590849,31.90231214692691,7
8808,康博花园,118.831491,31.904197,南京市江宁区秣陵街道文心街28号,江苏省,南京市,江宁区,1,b5d252dc1c68217df503b8d4,118.82928357124962,31.902193360673433,8
8808,康博花园,118.831491,31.904197,南京市江宁区秣陵街道文心街28号,江苏省,南京市,江宁区,1,b5d252dc1c68217df503b8d4,118.82916230000578,31.902193360673433,9
8808,康博花园,118.831491,31.904197,南京市江宁区秣陵街道文心街28号,江苏省,南京市,江宁区,1,b5d252dc1c68217df503b8d4,118.82906348639968,31.90222401520528,10
8808,康博花园,118.831491,31.904197,南京市江宁区秣陵街道文心街28号,江苏省,南京市,江宁区,1,b5d252dc1c68217df503b8d4,118.8289444609196,31.902304483302323,11
8808,康博花园,118.831491,31.904197,南京市江宁区秣陵街道文心街28号,江苏省,南京市,江宁区,1,b5d252dc1c68217df503b8d4,118.82878501169158,31.902894580510075,12
8808,康博花园,118.831491,31.904197,南京市江宁区秣陵街道文心街28号,江苏省,南京市,江宁区,1,b5d252dc1c68217df503b8d4,118.82862556246356,31.903680093592843,13
8808,康博花园,118.831491,31.904197,南京市江宁区秣陵街道文心街28号,江苏省,南京市,江宁区,1,b5d252dc1c68217df503b8d4,118.82850204545593,31.90496372235286,14
8808,康博花园,118.831491,31.904197,南京市江宁区秣陵街道文心街28号,江苏省,南京市,江宁区,1,b5d252dc1c68217df503b8d4,118.8284795878182,31.905569129046306,15
8808,康博花园,118.831491,31.904197,南京市江宁区秣陵街道文心街28号,江苏省,南京市,江宁区,1,b5d252dc1c68217df503b8d4,118.8285155200386,31.905607445790324,16
8808,康博花园,118.831491,31.904197,南京市江宁区秣陵街道文心街28号,江苏省,南京市,江宁区,1,b5d252dc1c68217df503b8d4,118.82856941836918,31.90562660415629,17
8808,康博花园,118.831491,31.904197,南京市江宁区秣陵街道文心街28号,江苏省,南京市,江宁区,1,b5d252dc1c68217df503b8d4,118.8296967917842,31.905718564256865,18
8808,康博花园,118.831491,31.904197,南京市江宁区秣陵街道文心街28号,江苏省,南京市,江宁区,1,b5d252dc1c68217df503b8d4,118.83251747108554,31.905684079230017,19
8810,龙湖文馨苑,118.830418,31.906997,江苏省南京市江宁经济开发区兰台街99号,江苏省,南京市,江宁区,1,64a76644bea3f4be8e7727f7,118.82811703171437,31.90797400994308,1
8810,龙湖文馨苑,118.830418,31.906997,江苏省南京市江宁经济开发区兰台街99号,江苏省,南京市,江宁区,1,64a76644bea3f4be8e7727f7,118.82837322844581,31.90649776911829,2
8810,龙湖文馨苑,118.830418,31.906997,江苏省南京市江宁经济开发区兰台街99号,江苏省,南京市,江宁区,1,64a76644bea3f4be8e7727f7,118.82842982169294,31.90607988992017,3
8810,龙湖文馨苑,118.830418,31.906997,江苏省南京市江宁经济开发区兰台街99号,江苏省,南京市,江宁区,1,64a76644bea3f4be8e7727f7,118.82851273529151,31.905789756637674,4
8810,龙湖文馨苑,118.830418,31.906997,江苏省南京市江宁经济开发区兰台街99号,江苏省,南京市,江宁区,1,64a76644bea3f4be8e7727f7,118.82923084071619,31.90586094896287,5
8810,龙湖文馨苑,118.830418,31.906997,江苏省南京市江宁经济开发区兰台街99号,江苏省,南京市,江宁区,1,64a76644bea3f4be8e7727f7,118.83273027966086,31.90592003318622,6
8810,龙湖文馨苑,118.830418,31.906997,江苏省南京市江宁经济开发区兰台街99号,江苏省,南京市,江宁区,1,64a76644bea3f4be8e7727f7,118.83264494063742,31.90821516889766,7
8810,龙湖文馨苑,118.830418,31.906997,江苏省南京市江宁经济开发区兰台街99号,江苏省,南京市,江宁区,1,64a76644bea3f4be8e7727f7,118.83158898251043,31.908131027714298,8
8810,龙湖文馨苑,118.830418,31.906997,江苏省南京市江宁经济开发区兰台街99号,江苏省,南京市,江宁区,1,64a76644bea3f4be8e7727f7,118.83074897702805,31.908122981422213,9
8810,龙湖文馨苑,118.830418,31.906997,江苏省南京市江宁经济开发区兰台街99号,江苏省,南京市,江宁区,1,64a76644bea3f4be8e7727f7,118.83074951601137,31.907778369559686,10
8810,龙湖文馨苑,118.830418,31.906997,江苏省南京市江宁经济开发区兰台街99号,江苏省,南京市,江宁区,1,64a76644bea3f4be8e7727f7,118.83070909226342,31.90763276931511,11
8810,龙湖文馨苑,118.830418,31.906997,江苏省南京市江宁经济开发区兰台街99号,江苏省,南京市,江宁区,1,64a76644bea3f4be8e7727f7,118.83026892256352,31.907625106137896,12
8810,龙湖文馨苑,118.830418,31.906997,江苏省南京市江宁经济开发区兰台街99号,江苏省,南京市,江宁区,1,64a76644bea3f4be8e7727f7,118.82971646467489,31.907724727391383,13
8810,龙湖文馨苑,118.830418,31.906997,江苏省南京市江宁经济开发区兰台街99号,江苏省,南京市,江宁区,1,64a76644bea3f4be8e7727f7,118.82968951550959,31.908173021684373,14
8810,龙湖文馨苑,118.830418,31.906997,江苏省南京市江宁经济开发区兰台街99号,江苏省,南京市,江宁区,1,64a76644bea3f4be8e7727f7,118.82830405892155,31.908252028535475,15
8810,龙湖文馨苑,118.830418,31.906997,江苏省南京市江宁经济开发区兰台街99号,江苏省,南京市,江宁区,1,64a76644bea3f4be8e7727f7,118.82811757069767,31.908171948845972,16
8810,龙湖文馨苑,118.830418,31.906997,江苏省南京市江宁经济开发区兰台街99号,江苏省,南京市,江宁区,1,64a76644bea3f4be8e7727f7,118.82811703171437,31.90797400994308,17
8811,新城珑湾花园-一期,118.835056,31.91011,南京市江宁区长亭街55号,江苏省,南京市,江宁区,1,196232991894ebf2ae045747,118.83406349277311,31.91104280544496,1
8811,新城珑湾花园-一期,118.835056,31.91011,南京市江宁区长亭街55号,江苏省,南京市,江宁区,1,196232991894ebf2ae045747,118.83404479494367,31.91103564838959,2
8811,新城珑湾花园-一期,118.835056,31.91011,南京市江宁区长亭街55号,江苏省,南京市,江宁区,1,196232991894ebf2ae045747,118.83403685117146,31.911029493438306,3
8811,新城珑湾花园-一期,118.835056,31.91011,南京市江宁区长亭街55号,江苏省,南京市,江宁区,1,196232991894ebf2ae045747,118.83403021293627,31.911022014163414,4
8811,新城珑湾花园-一期,118.835056,31.91011,南京市江宁区长亭街55号,江苏省,南京市,江宁区,1,196232991894ebf2ae045747,118.83402518187296,31.91101340505495,5
8811,新城珑湾花园-一期,118.835056,31.91011,南京市江宁区长亭街55号,江苏省,南京市,江宁区,1,196232991894ebf2ae045747,118.83402185869143,31.911003964320965,6
8811,新城珑湾花园-一期,118.835056,31.91011,南京市江宁区长亭街55号,江苏省,南京市,江宁区,1,196232991894ebf2ae045747,118.83402044460135,31.910993988319813,7
8811,新城珑湾花园-一期,118.835056,31.91011,南京市江宁区长亭街55号,江苏省,南京市,江宁区,1,196232991894ebf2ae045747,118.83418947896297,31.910121899272898,8
8811,新城珑湾花园-一期,118.835056,31.91011,南京市江宁区长亭街55号,江苏省,南京市,江宁区,1,196232991894ebf2ae045747,118.83434098215865,31.90989996178249,9
8811,新城珑湾花园-一期,118.835056,31.91011,南京市江宁区长亭街55号,江苏省,南京市,江宁区,1,196232991894ebf2ae045747,118.8343470043934,31.909888448433072,10
8811,新城珑湾花园-一期,118.835056,31.91011,南京市江宁区长亭街55号,江苏省,南京市,江宁区,1,196232991894ebf2ae045747,118.8343548364694,31.909878201925093,11
8811,新城珑湾花园-一期,118.835056,31.91011,南京市江宁区长亭街55号,江苏省,南京市,江宁区,1,196232991894ebf2ae045747,118.8343644785888,31.909869522307915,12
8811,新城珑湾花园-一期,118.835056,31.91011,南京市江宁区长亭街55号,江苏省,南京市,江宁区,1,196232991894ebf2ae045747,118.83437552896018,31.909862717050224,13
8811,新城珑湾花园-一期,118.835056,31.91011,南京市江宁区长亭街55号,江苏省,南京市,江宁区,1,196232991894ebf2ae045747,118.83438758579037,31.909858093621487,14
8811,新城珑湾花园-一期,118.835056,31.91011,南京市江宁区长亭街55号,江苏省,南京市,江宁区,1,196232991894ebf2ae045747,118.83440024708761,31.90985565944057,15
8811,新城珑湾花园-一期,118.835056,31.91011,南京市江宁区长亭街55号,江苏省,南京市,江宁区,1,196232991894ebf2ae045747,118.83441311105878,31.9098557219813,16
8811,新城珑湾花园-一期,118.835056,31.91011,南京市江宁区长亭街55号,江苏省,南京市,江宁区,1,196232991894ebf2ae045747,118.83565702221354,31.909873397246777,17
8811,新城珑湾花园-一期,118.835056,31.91011,南京市江宁区长亭街55号,江苏省,南京市,江宁区,1,196232991894ebf2ae045747,118.8356675733759,31.909871101060602,18
8811,新城珑湾花园-一期,118.835056,31.91011,南京市江宁区长亭街55号,江苏省,南京市,江宁区,1,196232991894ebf2ae045747,118.83567762082781,31.909867013869878,19
8811,新城珑湾花园-一期,118.835056,31.91011,南京市江宁区长亭街55号,江苏省,南京市,江宁区,1,196232991894ebf2ae045747,118.8356867625012,31.90986104311769,20
8811,新城珑湾花园-一期,118.835056,31.91011,南京市江宁区长亭街55号,江苏省,南京市,江宁区,1,196232991894ebf2ae045747,118.83569469709543,31.909853494453543,21
8811,新城珑湾花园-一期,118.835056,31.91011,南京市江宁区长亭街55号,江苏省,南京市,江宁区,1,196232991894ebf2ae045747,118.83570112337723,31.90984477354582,22
8811,新城珑湾花园-一期,118.835056,31.91011,南京市江宁区长亭街55号,江苏省,南京市,江宁区,1,196232991894ebf2ae045747,118.83570573991297,31.909834986010114,23
8811,新城珑湾花园-一期,118.835056,31.91011,南京市江宁区长亭街55号,江苏省,南京市,江宁区,1,196232991894ebf2ae045747,118.83570854697035,31.90982453191945,24
8811,新城珑湾花园-一期,118.835056,31.91011,南京市江宁区长亭街55号,江苏省,南京市,江宁区,1,196232991894ebf2ae045747,118.8357102233854,31.9091626761364,25
8811,新城珑湾花园-一期,118.835056,31.91011,南京市江宁区长亭街55号,江苏省,南京市,江宁区,1,196232991894ebf2ae045747,118.83571303078865,31.909152322137693,26
8811,新城珑湾花园-一期,118.835056,31.91011,南京市江宁区长亭街55号,江苏省,南京市,江宁区,1,196232991894ebf2ae045747,118.83571764765946,31.90914263468981,27
8811,新城珑湾花园-一期,118.835056,31.91011,南京市江宁区长亭街55号,江苏省,南京市,江宁区,1,196232991894ebf2ae045747,118.83572397368766,31.909133915707972,28
8811,新城珑湾花园-一期,118.835056,31.91011,南京市江宁区长亭街55号,江苏省,南京市,江宁区,1,196232991894ebf2ae045747,118.83573190862865,31.909126567124094,29
8811,新城珑湾花园-一期,118.835056,31.91011,南京市江宁区长亭街55号,江苏省,南京市,江宁区,1,196232991894ebf2ae045747,118.83574105060656,31.909120796433267,30
8811,新城珑湾花园-一期,118.835056,31.91011,南京市江宁区长亭街55号,江苏省,南京市,江宁区,1,196232991894ebf2ae045747,118.83575109831179,31.909116909278918,31
8811,新城珑湾花园-一期,118.835056,31.91011,南京市江宁区长亭街55号,江苏省,南京市,江宁区,1,196232991894ebf2ae045747,118.83576164973914,31.909114913122796,32
8811,新城珑湾花园-一期,118.835056,31.91011,南京市江宁区长亭街55号,江苏省,南京市,江宁区,1,196232991894ebf2ae045747,118.83627884523966,31.909132615616254,33
8811,新城珑湾花园-一期,118.835056,31.91011,南京市江宁区长亭街55号,江苏省,南京市,江宁区,1,196232991894ebf2ae045747,118.8362892993455,31.90913552203894,34
8811,新城珑湾花园-一期,118.835056,31.91011,南京市江宁区长亭街55号,江苏省,南京市,江宁区,1,196232991894ebf2ae045747,118.83629895072642,31.909140443736444,35
8811,新城珑湾花园-一期,118.835056,31.91011,南京市江宁区长亭街55号,江苏省,南京市,江宁区,1,196232991894ebf2ae045747,118.83630759812607,31.909146984374782,36
8811,新城珑湾花园-一期,118.835056,31.91011,南京市江宁区长亭街55号,江苏省,南京市,江宁区,1,196232991894ebf2ae045747,118.83631493991322,31.909154949519024,37
8811,新城珑湾花园-一期,118.835056,31.91011,南京市江宁区长亭街55号,江苏省,南京市,江宁区,1,196232991894ebf2ae045747,118.83632067439287,31.90916404471773,38
8811,新城珑湾花园-一期,118.835056,31.91011,南京市江宁区长亭街55号,江苏省,南京市,江宁区,1,196232991894ebf2ae045747,118.83632460049998,31.909174173687425,39
8811,新城珑湾花园-一期,118.835056,31.91011,南京市江宁区长亭街55号,江苏省,南京市,江宁区,1,196232991894ebf2ae045747,118.83632671791297,31.90918483634121,40
8811,新城珑湾花园-一期,118.835056,31.91011,南京市江宁区长亭街55号,江苏省,南京市,江宁区,1,196232991894ebf2ae045747,118.83622490467523,31.910954371898992,41
8811,新城珑湾花园-一期,118.835056,31.91011,南京市江宁区长亭街55号,江苏省,南京市,江宁区,1,196232991894ebf2ae045747,118.83622209820803,31.91096502619037,42
8811,新城珑湾花园-一期,118.835056,31.91011,南京市江宁区长亭街55号,江苏省,南京市,江宁区,1,196232991894ebf2ae045747,118.83621728129445,31.910975117694452,43
8811,新城珑湾花园-一期,118.835056,31.91011,南京市江宁区长亭街55号,江苏省,南京市,江宁区,1,196232991894ebf2ae045747,118.83621075515163,31.91098424073621,44
8811,新城珑湾花园-一期,118.835056,31.91011,南京市江宁区长亭街55号,江苏省,南京市,江宁区,1,196232991894ebf2ae045747,118.83620272049426,31.91099199150443,45
8811,新城珑湾花园-一期,118.835056,31.91011,南京市江宁区长亭街55号,江苏省,南京市,江宁区,1,196232991894ebf2ae045747,118.83619337825169,31.910998266246906,46
8811,新城珑湾花园-一期,118.835056,31.91011,南京市江宁区长亭街55号,江苏省,南京市,江宁区,1,196232991894ebf2ae045747,118.83618313021445,31.911002757439768,47
8811,新城珑湾花园-一期,118.835056,31.91011,南京市江宁区长亭街55号,江苏省,南京市,江宁区,1,196232991894ebf2ae045747,118.83617237831406,31.91100535759743,48
8811,新城珑湾花园-一期,118.835056,31.91011,南京市江宁区长亭街55号,江苏省,南京市,江宁区,1,196232991894ebf2ae045747,118.83406349277311,31.91104280544496,49
8812,德茂大厦,118.843835,31.906373,江苏省南京市江宁区铺岗街381号,江苏省,南京市,江宁区,1,cb6b76159cd0718a8bdb73d0,118.84333878085211,31.905963860014488,1
8812,德茂大厦,118.843835,31.906373,江苏省南京市江宁区铺岗街381号,江苏省,南京市,江宁区,1,cb6b76159cd0718a8bdb73d0,118.84333878893686,31.905980862384926,2
8812,德茂大厦,118.843835,31.906373,江苏省南京市江宁区铺岗街381号,江苏省,南京市,江宁区,1,cb6b76159cd0718a8bdb73d0,118.84336637679738,31.906847513759118,3
8812,德茂大厦,118.843835,31.906373,江苏省南京市江宁区铺岗街381号,江苏省,南京市,江宁区,1,cb6b76159cd0718a8bdb73d0,118.84337543441183,31.906875360600242,4
8812,德茂大厦,118.843835,31.906373,江苏省南京市江宁区铺岗街381号,江苏省,南京市,江宁区,1,cb6b76159cd0718a8bdb73d0,118.84340659573166,31.906902823121474,5
8812,德茂大厦,118.843835,31.906373,江苏省南京市江宁区铺岗街381号,江苏省,南京市,江宁区,1,cb6b76159cd0718a8bdb73d0,118.84343473784668,31.906923337301485,6
8812,德茂大厦,118.843835,31.906373,江苏省南京市江宁区铺岗街381号,江苏省,南京市,江宁区,1,cb6b76159cd0718a8bdb73d0,118.84346287636848,31.90693585059957,7
8812,德茂大厦,118.843835,31.906373,江苏省南京市江宁区铺岗街381号,江苏省,南京市,江宁区,1,cb6b76159cd0718a8bdb73d0,118.84350608216859,31.906943101859238,8
8812,德茂大厦,118.843835,31.906373,江苏省南京市江宁区铺岗街381号,江苏省,南京市,江宁区,1,cb6b76159cd0718a8bdb73d0,118.8439180019568,31.906952987048538,9
8812,德茂大厦,118.843835,31.906373,江苏省南京市江宁区铺岗街381号,江苏省,南京市,江宁区,1,cb6b76159cd0718a8bdb73d0,118.84393306923512,31.906947727081167,10
8812,德茂大厦,118.843835,31.906373,江苏省南京市江宁区铺岗街381号,江苏省,南京市,江宁区,1,cb6b76159cd0718a8bdb73d0,118.84394813471683,31.90694046693252,11
8812,德茂大厦,118.843835,31.906373,江苏省南京市江宁区铺岗街381号,江苏省,南京市,江宁区,1,cb6b76159cd0718a8bdb73d0,118.84395516216084,31.90693134469363,12
8812,德茂大厦,118.843835,31.906373,江苏省南京市江宁区铺岗街381号,江苏省,南京市,江宁区,1,cb6b76159cd0718a8bdb73d0,118.84396118350267,31.906919239232394,13
8812,德茂大厦,118.843835,31.906373,江苏省南京市江宁区铺岗街381号,江苏省,南京市,江宁区,1,cb6b76159cd0718a8bdb73d0,118.84397071182921,31.905946927760247,14
8812,德茂大厦,118.843835,31.906373,江苏省南京市江宁区铺岗街381号,江苏省,南京市,江宁区,1,cb6b76159cd0718a8bdb73d0,118.84396668921714,31.9059399959051,15
8812,德茂大厦,118.843835,31.906373,江苏省南京市江宁区铺岗街381号,江苏省,南京市,江宁区,1,cb6b76159cd0718a8bdb73d0,118.84395965368839,31.90593411599333,16
8812,德茂大厦,118.843835,31.906373,江苏省南京市江宁区铺岗街381号,江苏省,南京市,江宁区,1,cb6b76159cd0718a8bdb73d0,118.8439486009374,31.905930305407512,17
8812,德茂大厦,118.843835,31.906373,江苏省南京市江宁区铺岗街381号,江苏省,南京市,江宁区,1,cb6b76159cd0718a8bdb73d0,118.84338398178876,31.905943070658633,18
8812,德茂大厦,118.843835,31.906373,江苏省南京市江宁区铺岗街381号,江苏省,南京市,江宁区,1,cb6b76159cd0718a8bdb73d0,118.84336489279667,31.90594340271023,19
8812,德茂大厦,118.843835,31.906373,江苏省南京市江宁区铺岗街381号,江苏省,南京市,江宁区,1,cb6b76159cd0718a8bdb73d0,118.84334882121279,31.90595168353904,20
8812,德茂大厦,118.843835,31.906373,江苏省南京市江宁区铺岗街381号,江苏省,南京市,江宁区,1,cb6b76159cd0718a8bdb73d0,118.84333878085211,31.905963860014488,21
8814,加州城,118.898688,31.906822,南京市江宁区弘景大道3888号(西靠方山东临弘景大道),江苏省,南京市,江宁区,1,16bdada19092f5994e554786,118.89720744940286,31.903880050346537,1
8814,加州城,118.898688,31.906822,南京市江宁区弘景大道3888号(西靠方山东临弘景大道),江苏省,南京市,江宁区,1,16bdada19092f5994e554786,118.89717880423673,31.90390431556593,2
8814,加州城,118.898688,31.906822,南京市江宁区弘景大道3888号(西靠方山东临弘景大道),江苏省,南京市,江宁区,1,16bdada19092f5994e554786,118.89551937255293,31.907539230767473,3
8814,加州城,118.898688,31.906822,南京市江宁区弘景大道3888号(西靠方山东临弘景大道),江苏省,南京市,江宁区,1,16bdada19092f5994e554786,118.89551623477176,31.90761918342105,4
8814,加州城,118.898688,31.906822,南京市江宁区弘景大道3888号(西靠方山东临弘景大道),江苏省,南京市,江宁区,1,16bdada19092f5994e554786,118.89557040349231,31.90769060911676,5
8814,加州城,118.898688,31.906822,南京市江宁区弘景大道3888号(西靠方山东临弘景大道),江苏省,南京市,江宁区,1,16bdada19092f5994e554786,118.8960449890729,31.907993953973754,6
8814,加州城,118.898688,31.906822,南京市江宁区弘景大道3888号(西靠方山东临弘景大道),江苏省,南京市,江宁区,1,16bdada19092f5994e554786,118.89655773826478,31.90822120966456,7
8814,加州城,118.898688,31.906822,南京市江宁区弘景大道3888号(西靠方山东临弘景大道),江苏省,南京市,江宁区,1,16bdada19092f5994e554786,118.89802566109525,31.908424756814362,8
8814,加州城,118.898688,31.906822,南京市江宁区弘景大道3888号(西靠方山东临弘景大道),江苏省,南京市,江宁区,1,16bdada19092f5994e554786,118.8981084570158,31.90844550836141,9
8814,加州城,118.898688,31.906822,南京市江宁区弘景大道3888号(西靠方山东临弘景大道),江苏省,南京市,江宁区,1,16bdada19092f5994e554786,118.89818171562676,31.908488484519992,10
8814,加州城,118.898688,31.906822,南京市江宁区弘景大道3888号(西靠方山东临弘景大道),江苏省,南京市,江宁区,1,16bdada19092f5994e554786,118.89865635690228,31.90884940156428,11
8814,加州城,118.898688,31.906822,南京市江宁区弘景大道3888号(西靠方山东临弘景大道),江苏省,南京市,江宁区,1,16bdada19092f5994e554786,118.89944301112212,31.909145675853114,12
8814,加州城,118.898688,31.906822,南京市江宁区弘景大道3888号(西靠方山东临弘景大道),江苏省,南京市,江宁区,1,16bdada19092f5994e554786,118.9000002884198,31.909223194387646,13
8814,加州城,118.898688,31.906822,南京市江宁区弘景大道3888号(西靠方山东临弘景大道),江苏省,南京市,江宁区,1,16bdada19092f5994e554786,118.9008473078716,31.909229148648603,14
8814,加州城,118.898688,31.906822,南京市江宁区弘景大道3888号(西靠方山东临弘景大道),江苏省,南京市,江宁区,1,16bdada19092f5994e554786,118.9017836997386,31.90948459489765,15
8814,加州城,118.898688,31.906822,南京市江宁区弘景大道3888号(西靠方山东临弘景大道),江苏省,南京市,江宁区,1,16bdada19092f5994e554786,118.90183943151075,31.909488800593458,16
8814,加州城,118.898688,31.906822,南京市江宁区弘景大道3888号(西靠方山东临弘景大道),江苏省,南京市,江宁区,1,16bdada19092f5994e554786,118.90187603117214,31.909452654193757,17
8814,加州城,118.898688,31.906822,南京市江宁区弘景大道3888号(西靠方山东临弘景大道),江苏省,南京市,江宁区,1,16bdada19092f5994e554786,118.90252469578428,31.907824027066358,18
8814,加州城,118.898688,31.906822,南京市江宁区弘景大道3888号(西靠方山东临弘景大道),江苏省,南京市,江宁区,1,16bdada19092f5994e554786,118.90252465895377,31.907760017044826,19
8814,加州城,118.898688,31.906822,南京市江宁区弘景大道3888号(西靠方山东临弘景大道),江苏省,南京市,江宁区,1,16bdada19092f5994e554786,118.90249915336541,31.90771155532223,20
8814,加州城,118.898688,31.906822,南京市江宁区弘景大道3888号(西靠方山东临弘景大道),江苏省,南京市,江宁区,1,16bdada19092f5994e554786,118.90164234058695,31.907449731315936,21
8814,加州城,118.898688,31.906822,南京市江宁区弘景大道3888号(西靠方山东临弘景大道),江苏省,南京市,江宁区,1,16bdada19092f5994e554786,118.90104988744208,31.907192540043177,22
8814,加州城,118.898688,31.906822,南京市江宁区弘景大道3888号(西靠方山东临弘景大道),江苏省,南京市,江宁区,1,16bdada19092f5994e554786,118.90063893962044,31.906888988906275,23
8814,加州城,118.898688,31.906822,南京市江宁区弘景大道3888号(西靠方山东临弘景大道),江苏省,南京市,江宁区,1,16bdada19092f5994e554786,118.90025962922054,31.906165129998755,24
8814,加州城,118.898688,31.906822,南京市江宁区弘景大道3888号(西靠方山东临弘景大道),江苏省,南京市,江宁区,1,16bdada19092f5994e554786,118.89988327604239,31.904884438914088,25
8814,加州城,118.898688,31.906822,南京市江宁区弘景大道3888号(西靠方山东临弘景大道),江苏省,南京市,江宁区,1,16bdada19092f5994e554786,118.89968248589649,31.904461480805114,26
8814,加州城,118.898688,31.906822,南京市江宁区弘景大道3888号(西靠方山东临弘景大道),江苏省,南京市,江宁区,1,16bdada19092f5994e554786,118.89964744749007,31.90443042913964,27
8814,加州城,118.898688,31.906822,南京市江宁区弘景大道3888号(西靠方山东临弘景大道),江苏省,南京市,江宁区,1,16bdada19092f5994e554786,118.89958535571492,31.90442927954608,28
8814,加州城,118.898688,31.906822,南京市江宁区弘景大道3888号(西靠方山东临弘景大道),江苏省,南京市,江宁区,1,16bdada19092f5994e554786,118.89884185968499,31.904413869273966,29
8814,加州城,118.898688,31.906822,南京市江宁区弘景大道3888号(西靠方山东临弘景大道),江苏省,南京市,江宁区,1,16bdada19092f5994e554786,118.89724406523374,31.903880737072086,30
8814,加州城,118.898688,31.906822,南京市江宁区弘景大道3888号(西靠方山东临弘景大道),江苏省,南京市,江宁区,1,16bdada19092f5994e554786,118.89720744940286,31.903880050346537,31
8815,景枫·你山,118.900184,31.900862,南京市江宁区科学园弘景大道3888号,江苏省,南京市,江宁区,1,2e14667ebf3b718b931fc97a,118.89831542796352,31.899757084029098,1
8815,景枫·你山,118.900184,31.900862,南京市江宁区科学园弘景大道3888号,江苏省,南京市,江宁区,1,2e14667ebf3b718b931fc97a,118.89941339313067,31.89891048969461,2
8815,景枫·你山,118.900184,31.900862,南京市江宁区科学园弘景大道3888号,江苏省,南京市,江宁区,1,2e14667ebf3b718b931fc97a,118.89949935794787,31.89886088151884,3
8815,景枫·你山,118.900184,31.900862,南京市江宁区科学园弘景大道3888号,江苏省,南京市,江宁区,1,2e14667ebf3b718b931fc97a,118.89960761764064,31.898846886349375,4
8815,景枫·你山,118.900184,31.900862,南京市江宁区科学园弘景大道3888号,江苏省,南京市,江宁区,1,2e14667ebf3b718b931fc97a,118.90112333246849,31.89876913058829,5
8815,景枫·你山,118.900184,31.900862,南京市江宁区科学园弘景大道3888号,江苏省,南京市,江宁区,1,2e14667ebf3b718b931fc97a,118.90120453321227,31.89875060780934,6
8815,景枫·你山,118.900184,31.900862,南京市江宁区科学园弘景大道3888号,江苏省,南京市,江宁区,1,2e14667ebf3b718b931fc97a,118.90125229797572,31.89873547585979,7
8815,景枫·你山,118.900184,31.900862,南京市江宁区科学园弘景大道3888号,江苏省,南京市,江宁区,1,2e14667ebf3b718b931fc97a,118.90132155387475,31.898689532655126,8
8815,景枫·你山,118.900184,31.900862,南京市江宁区科学园弘景大道3888号,江苏省,南京市,江宁区,1,2e14667ebf3b718b931fc97a,118.90134861887296,31.898666823327584,9
8815,景枫·你山,118.900184,31.900862,南京市江宁区科学园弘景大道3888号,江苏省,南京市,江宁区,1,2e14667ebf3b718b931fc97a,118.9020722213165,31.89787746854279,10
8815,景枫·你山,118.900184,31.900862,南京市江宁区科学园弘景大道3888号,江苏省,南京市,江宁区,1,2e14667ebf3b718b931fc97a,118.90215502061918,31.897856554149136,11
8815,景枫·你山,118.900184,31.900862,南京市江宁区科学园弘景大道3888号,江苏省,南京市,江宁区,1,2e14667ebf3b718b931fc97a,118.90224419610873,31.897902953546,12
8815,景枫·你山,118.900184,31.900862,南京市江宁区科学园弘景大道3888号,江苏省,南京市,江宁区,1,2e14667ebf3b718b931fc97a,118.90253009635478,31.898539279568126,13
8815,景枫·你山,118.900184,31.900862,南京市江宁区科学园弘景大道3888号,江苏省,南京市,江宁区,1,2e14667ebf3b718b931fc97a,118.90336747610903,31.900517379886463,14
8815,景枫·你山,118.900184,31.900862,南京市江宁区科学园弘景大道3888号,江苏省,南京市,江宁区,1,2e14667ebf3b718b931fc97a,118.90336946901687,31.900527315429347,15
8815,景枫·你山,118.900184,31.900862,南京市江宁区科学园弘景大道3888号,江苏省,南京市,江宁区,1,2e14667ebf3b718b931fc97a,118.90336877460156,31.9005373038259,16
8815,景枫·你山,118.900184,31.900862,南京市江宁区科学园弘景大道3888号,江苏省,南京市,江宁区,1,2e14667ebf3b718b931fc97a,118.90336559180993,31.900546848536436,17
8815,景枫·你山,118.900184,31.900862,南京市江宁区科学园弘景大道3888号,江苏省,南京市,江宁区,1,2e14667ebf3b718b931fc97a,118.9033600199676,31.900555051242865,18
8815,景枫·你山,118.900184,31.900862,南京市江宁区科学园弘景大道3888号,江苏省,南京市,江宁区,1,2e14667ebf3b718b931fc97a,118.90335255666484,31.900561620647142,19
8815,景枫·你山,118.900184,31.900862,南京市江宁区科学园弘景大道3888号,江苏省,南京市,江宁区,1,2e14667ebf3b718b931fc97a,118.90334031556436,31.90056680607891,20
8815,景枫·你山,118.900184,31.900862,南京市江宁区科学园弘景大道3888号,江苏省,南京市,江宁区,1,2e14667ebf3b718b931fc97a,118.90271301221259,31.900659632166555,21
8815,景枫·你山,118.900184,31.900862,南京市江宁区科学园弘景大道3888号,江苏省,南京市,江宁区,1,2e14667ebf3b718b931fc97a,118.90270226384702,31.90066114129104,22
8815,景枫·你山,118.900184,31.900862,南京市江宁区科学园弘景大道3888号,江苏省,南京市,江宁区,1,2e14667ebf3b718b931fc97a,118.90269221276506,31.90066516292113,23
8815,景枫·你山,118.900184,31.900862,南京市江宁区科学园弘景大道3888号,江苏省,南京市,江宁区,1,2e14667ebf3b718b931fc97a,118.90268325699599,31.900671404121447,24
8815,景枫·你山,118.900184,31.900862,南京市江宁区科学园弘景大道3888号,江苏省,南京市,江宁区,1,2e14667ebf3b718b931fc97a,118.9026759935743,31.900679375486032,25
8815,景枫·你山,118.900184,31.900862,南京市江宁区科学园弘景大道3888号,江苏省,南京市,江宁区,1,2e14667ebf3b718b931fc97a,118.90267082057423,31.900688984099748,26
8815,景枫·你山,118.900184,31.900862,南京市江宁区科学园弘景大道3888号,江苏省,南京市,江宁区,1,2e14667ebf3b718b931fc97a,118.90266783733038,31.90069943168955,27
8815,景枫·你山,118.900184,31.900862,南京市江宁区科学园弘景大道3888号,江苏省,南京市,江宁区,1,2e14667ebf3b718b931fc97a,118.9026673423452,31.900710423553708,28
8815,景枫·你山,118.900184,31.900862,南京市江宁区科学园弘景大道3888号,江苏省,南京市,江宁区,1,2e14667ebf3b718b931fc97a,118.90270463015172,31.900975202773825,29
8815,景枫·你山,118.900184,31.900862,南京市江宁区科学园弘景大道3888号,江苏省,南京市,江宁区,1,2e14667ebf3b718b931fc97a,118.90270373724323,31.90098628761796,30
8815,景枫·你山,118.900184,31.900862,南京市江宁区科学园弘景大道3888号,江苏省,南京市,江宁区,1,2e14667ebf3b718b931fc97a,118.90270055509926,31.900996731745696,31
8815,景枫·你山,118.900184,31.900862,南京市江宁区科学园弘景大道3888号,江苏省,南京市,江宁区,1,2e14667ebf3b718b931fc97a,118.90269508364526,31.901006235127426,32
8815,景枫·你山,118.900184,31.900862,南京市江宁区科学园弘景大道3888号,江苏省,南京市,江宁区,1,2e14667ebf3b718b931fc97a,118.90268762132978,31.901014303025764,33
8815,景枫·你山,118.900184,31.900862,南京市江宁区科学园弘景大道3888号,江苏省,南京市,江宁区,1,2e14667ebf3b718b931fc97a,118.90267856612905,31.901020442467658,34
8815,景枫·你山,118.900184,31.900862,南京市江宁区科学园弘景大道3888号,江苏省,南京市,江宁区,1,2e14667ebf3b718b931fc97a,118.9026684155939,31.901024362266142,35
8815,景枫·你山,118.900184,31.900862,南京市江宁区科学园弘景大道3888号,江苏省,南京市,江宁区,1,2e14667ebf3b718b931fc97a,118.90265756782813,31.901026069491298,36
8815,景枫·你山,118.900184,31.900862,南京市江宁区科学园弘景大道3888号,江苏省,南京市,江宁区,1,2e14667ebf3b718b931fc97a,118.90221689640755,31.901088707157136,37
8815,景枫·你山,118.900184,31.900862,南京市江宁区科学园弘景大道3888号,江苏省,南京市,江宁区,1,2e14667ebf3b718b931fc97a,118.90220585005788,31.90109060934094,38
8815,景枫·你山,118.900184,31.900862,南京市江宁区科学园弘景大道3888号,江苏省,南京市,江宁区,1,2e14667ebf3b718b931fc97a,118.90219560048813,31.901094825922655,39
8815,景枫·你山,118.900184,31.900862,南京市江宁区科学园弘景大道3888号,江苏省,南京市,江宁区,1,2e14667ebf3b718b931fc97a,118.90218644623756,31.90110126225417,40
8815,景枫·你山,118.900184,31.900862,南京市江宁区科学园弘景大道3888号,江苏省,南京市,江宁区,1,2e14667ebf3b718b931fc97a,118.90217888478148,31.901109427232004,41
8815,景枫·你山,118.900184,31.900862,南京市江宁区科学园弘景大道3888号,江苏省,南京市,江宁区,1,2e14667ebf3b718b931fc97a,118.90217321460433,31.901119026200053,42
8815,景枫·你山,118.900184,31.900862,南京市江宁区科学园弘景大道3888号,江苏省,南京市,江宁区,1,2e14667ebf3b718b931fc97a,118.90216973416454,31.901129664494476,43
8815,景枫·你山,118.900184,31.900862,南京市江宁区科学园弘景大道3888号,江苏省,南京市,江宁区,1,2e14667ebf3b718b931fc97a,118.90216854285245,31.901140843870238,44
8815,景枫·你山,118.900184,31.900862,南京市江宁区科学园弘景大道3888号,江苏省,南京市,江宁区,1,2e14667ebf3b718b931fc97a,118.90217832937714,31.90126662776205,45
8815,景枫·你山,118.900184,31.900862,南京市江宁区科学园弘景大道3888号,江苏省,南京市,江宁区,1,2e14667ebf3b718b931fc97a,118.90217753636202,31.901278314336068,46
8815,景枫·你山,118.900184,31.900862,南京市江宁区科学园弘景大道3888号,江苏省,南京市,江宁区,1,2e14667ebf3b718b931fc97a,118.90217445425606,31.901289559839856,47
8815,景枫·你山,118.900184,31.900862,南京市江宁区科学园弘景大道3888号,江苏省,南京市,江宁区,1,2e14667ebf3b718b931fc97a,118.90216938154191,31.901300069598566,48
8815,景枫·你山,118.900184,31.900862,南京市江宁区科学园弘景大道3888号,江苏省,南京市,江宁区,1,2e14667ebf3b718b931fc97a,118.90216231811179,31.901309443573773,49
8815,景枫·你山,118.900184,31.900862,南京市江宁区科学园弘景大道3888号,江苏省,南京市,江宁区,1,2e14667ebf3b718b931fc97a,118.90215376143829,31.901317190641706,50
8815,景枫·你山,118.900184,31.900862,南京市江宁区科学园弘景大道3888号,江苏省,南京市,江宁区,1,2e14667ebf3b718b931fc97a,118.90214371146753,31.90132311077694,51
8815,景枫·你山,118.900184,31.900862,南京市江宁区科学园弘景大道3888号,江苏省,南京市,江宁区,1,2e14667ebf3b718b931fc97a,118.90213276529958,31.901327114671595,52
8815,景枫·你山,118.900184,31.900862,南京市江宁区科学园弘景大道3888号,江苏省,南京市,江宁区,1,2e14667ebf3b718b931fc97a,118.90141997845707,31.901540570021837,53
8815,景枫·你山,118.900184,31.900862,南京市江宁区科学园弘景大道3888号,江苏省,南京市,江宁区,1,2e14667ebf3b718b931fc97a,118.90140992861477,31.901544788043434,54
8815,景枫·你山,118.900184,31.900862,南京市江宁区科学园弘景大道3888号,江苏省,南京市,江宁区,1,2e14667ebf3b718b931fc97a,118.90140266635821,31.90155305689886,55
8815,景枫·你山,118.900184,31.900862,南京市江宁区科学园弘景大道3888号,江苏省,南京市,江宁区,1,2e14667ebf3b718b931fc97a,118.90139978345417,31.901563705362147,56
8815,景枫·你山,118.900184,31.900862,南京市江宁区科学园弘景大道3888号,江苏省,南京市,江宁区,1,2e14667ebf3b718b931fc97a,118.90140177688123,31.9015746423091,57
8815,景枫·你山,118.900184,31.900862,南京市江宁区科学园弘景大道3888号,江苏省,南京市,江宁区,1,2e14667ebf3b718b931fc97a,118.90140824794894,31.90158366034225,58
8815,景枫·你山,118.900184,31.900862,南京市江宁区科学园弘景大道3888号,江苏省,南京市,江宁区,1,2e14667ebf3b718b931fc97a,118.90157139045317,31.901708625282005,59
8815,景枫·你山,118.900184,31.900862,南京市江宁区科学园弘景大道3888号,江苏省,南京市,江宁区,1,2e14667ebf3b718b931fc97a,118.90211442843446,31.901931229327978,60
8815,景枫·你山,118.900184,31.900862,南京市江宁区科学园弘景大道3888号,江苏省,南京市,江宁区,1,2e14667ebf3b718b931fc97a,118.90212559134196,31.901985833832146,61
8815,景枫·你山,118.900184,31.900862,南京市江宁区科学园弘景大道3888号,江苏省,南京市,江宁区,1,2e14667ebf3b718b931fc97a,118.90210172356038,31.90204140975745,62
8815,景枫·你山,118.900184,31.900862,南京市江宁区科学园弘景大道3888号,江苏省,南京市,江宁区,1,2e14667ebf3b718b931fc97a,118.90166867767023,31.90222882455476,63
8815,景枫·你山,118.900184,31.900862,南京市江宁区科学园弘景大道3888号,江苏省,南京市,江宁区,1,2e14667ebf3b718b931fc97a,118.90157475394436,31.902291131071905,64
8815,景枫·你山,118.900184,31.900862,南京市江宁区科学园弘景大道3888号,江苏省,南京市,江宁区,1,2e14667ebf3b718b931fc97a,118.90148402494862,31.902382295573474,65
8815,景枫·你山,118.900184,31.900862,南京市江宁区科学园弘景大道3888号,江苏省,南京市,江宁区,1,2e14667ebf3b718b931fc97a,118.90026180328427,31.903960117090172,66
8815,景枫·你山,118.900184,31.900862,南京市江宁区科学园弘景大道3888号,江苏省,南京市,江宁区,1,2e14667ebf3b718b931fc97a,118.89994026291082,31.904123808744924,67
8815,景枫·你山,118.900184,31.900862,南京市江宁区科学园弘景大道3888号,江苏省,南京市,江宁区,1,2e14667ebf3b718b931fc97a,118.89965051911551,31.904164857877888,68
8815,景枫·你山,118.900184,31.900862,南京市江宁区科学园弘景大道3888号,江苏省,南京市,江宁区,1,2e14667ebf3b718b931fc97a,118.89940851273116,31.90413797161934,69
8815,景枫·你山,118.900184,31.900862,南京市江宁区科学园弘景大道3888号,江苏省,南京市,江宁区,1,2e14667ebf3b718b931fc97a,118.89737212536399,31.903643914529418,70
8815,景枫·你山,118.900184,31.900862,南京市江宁区科学园弘景大道3888号,江苏省,南京市,江宁区,1,2e14667ebf3b718b931fc97a,118.89732912777312,31.903607904879692,71
8815,景枫·你山,118.900184,31.900862,南京市江宁区科学园弘景大道3888号,江苏省,南京市,江宁区,1,2e14667ebf3b718b931fc97a,118.8973291046705,31.903548698676165,72
8815,景枫·你山,118.900184,31.900862,南京市江宁区科学园弘景大道3888号,江苏省,南京市,江宁区,1,2e14667ebf3b718b931fc97a,118.89775856107019,31.9025022510328,73
8815,景枫·你山,118.900184,31.900862,南京市江宁区科学园弘景大道3888号,江苏省,南京市,江宁区,1,2e14667ebf3b718b931fc97a,118.89790728203134,31.902102602552905,74
8815,景枫·你山,118.900184,31.900862,南京市江宁区科学园弘景大道3888号,江苏省,南京市,江宁区,1,2e14667ebf3b718b931fc97a,118.89821032214145,31.901304211306876,75
8815,景枫·你山,118.900184,31.900862,南京市江宁区科学园弘景大道3888号,江苏省,南京市,江宁区,1,2e14667ebf3b718b931fc97a,118.89827051267815,31.900047659656998,76
8815,景枫·你山,118.900184,31.900862,南京市江宁区科学园弘景大道3888号,江苏省,南京市,江宁区,1,2e14667ebf3b718b931fc97a,118.89827564236643,31.899831744410683,77
8815,景枫·你山,118.900184,31.900862,南京市江宁区科学园弘景大道3888号,江苏省,南京市,江宁区,1,2e14667ebf3b718b931fc97a,118.89827713239117,31.899819271629237,78
8815,景枫·你山,118.900184,31.900862,南京市江宁区科学园弘景大道3888号,江苏省,南京市,江宁区,1,2e14667ebf3b718b931fc97a,118.8982800155009,31.899807124894746,79
8815,景枫·你山,118.900184,31.900862,南京市江宁区科学园弘景大道3888号,江苏省,南京市,江宁区,1,2e14667ebf3b718b931fc97a,118.89828439121712,31.899795406070453,80
8815,景枫·你山,118.900184,31.900862,南京市江宁区科学园弘景大道3888号,江苏省,南京市,江宁区,1,2e14667ebf3b718b931fc97a,118.89829025957842,31.899784315165014,81
8815,景枫·你山,118.900184,31.900862,南京市江宁区科学园弘景大道3888号,江苏省,南京市,江宁区,1,2e14667ebf3b718b931fc97a,118.89829742164159,31.89977414847415,82
8815,景枫·你山,118.900184,31.900862,南京市江宁区科学园弘景大道3888号,江苏省,南京市,江宁区,1,2e14667ebf3b718b931fc97a,118.89830587744434,31.899765106004395,83
8815,景枫·你山,118.900184,31.900862,南京市江宁区科学园弘景大道3888号,江苏省,南京市,江宁区,1,2e14667ebf3b718b931fc97a,118.89831542796352,31.899757084029098,84
8818,景枫法兰谷,118.902254,31.904622,江苏省南京市江宁区弘景大道3888号,江苏省,南京市,江宁区,1,d99d01b48c87cb9d220220b7,118.90060202195889,31.906302661995955,1
8818,景枫法兰谷,118.902254,31.904622,江苏省南京市江宁区弘景大道3888号,江苏省,南京市,江宁区,1,d99d01b48c87cb9d220220b7,118.90008217256026,31.90456323212004,2
8818,景枫法兰谷,118.902254,31.904622,江苏省南京市江宁区弘景大道3888号,江苏省,南京市,江宁区,1,d99d01b48c87cb9d220220b7,118.90008846069884,31.904438547947418,3
8818,景枫法兰谷,118.902254,31.904622,江苏省南京市江宁区弘景大道3888号,江苏省,南京市,江宁区,1,d99d01b48c87cb9d220220b7,118.90075697965936,31.90391957794223,4
8818,景枫法兰谷,118.902254,31.904622,江苏省南京市江宁区弘景大道3888号,江苏省,南京市,江宁区,1,d99d01b48c87cb9d220220b7,118.90156213088795,31.902666895403723,5
8818,景枫法兰谷,118.902254,31.904622,江苏省南京市江宁区弘景大道3888号,江苏省,南京市,江宁区,1,d99d01b48c87cb9d220220b7,118.90215276676076,31.902325558268394,6
8818,景枫法兰谷,118.902254,31.904622,江苏省南京市江宁区弘景大道3888号,江苏省,南京市,江宁区,1,d99d01b48c87cb9d220220b7,118.90350947757248,31.902111129840844,7
8818,景枫法兰谷,118.902254,31.904622,江苏省南京市江宁区弘景大道3888号,江苏省,南京市,江宁区,1,d99d01b48c87cb9d220220b7,118.90361134541732,31.902132128215214,8
8818,景枫法兰谷,118.902254,31.904622,江苏省南京市江宁区弘景大道3888号,江苏省,南京市,江宁区,1,d99d01b48c87cb9d220220b7,118.90360415897324,31.902252523910658,9
8818,景枫法兰谷,118.902254,31.904622,江苏省南京市江宁区弘景大道3888号,江苏省,南京市,江宁区,1,d99d01b48c87cb9d220220b7,118.90361763355588,31.903041874308204,10
8818,景枫法兰谷,118.902254,31.904622,江苏省南京市江宁区弘景大道3888号,江苏省,南京市,江宁区,1,d99d01b48c87cb9d220220b7,118.90362661661098,31.903398229286868,11
8818,景枫法兰谷,118.902254,31.904622,江苏省南京市江宁区弘景大道3888号,江苏省,南京市,江宁区,1,d99d01b48c87cb9d220220b7,118.90372884377803,31.9042298720882,12
8818,景枫法兰谷,118.902254,31.904622,江苏省南京市江宁区弘景大道3888号,江苏省,南京市,江宁区,1,d99d01b48c87cb9d220220b7,118.90372893360858,31.90423937478185,13
8818,景枫法兰谷,118.902254,31.904622,江苏省南京市江宁区弘景大道3888号,江苏省,南京市,江宁区,1,d99d01b48c87cb9d220220b7,118.90372866411693,31.9042488008399,14
8818,景枫法兰谷,118.902254,31.904622,江苏省南京市江宁区弘景大道3888号,江苏省,南京市,江宁区,1,d99d01b48c87cb9d220220b7,118.90372821496416,31.904258303531574,15
8818,景枫法兰谷,118.902254,31.904622,江苏省南京市江宁区弘景大道3888号,江苏省,南京市,江宁区,1,d99d01b48c87cb9d220220b7,118.90372740648921,31.904267652953067,16
8818,景枫法兰谷,118.902254,31.904622,江苏省南京市江宁区弘景大道3888号,江苏省,南京市,江宁区,1,d99d01b48c87cb9d220220b7,118.90372650818371,31.904277079008192,17
8818,景枫法兰谷,118.902254,31.904622,江苏省南京市江宁区弘景大道3888号,江苏省,南京市,江宁区,1,d99d01b48c87cb9d220220b7,118.90372534038653,31.904286428427753,18
8818,景枫法兰谷,118.902254,31.904622,江苏省南京市江宁区弘景大道3888号,江苏省,南京市,江宁区,1,d99d01b48c87cb9d220220b7,118.90372381326716,31.90429577784636,19
8818,景枫法兰谷,118.902254,31.904622,江苏省南京市江宁区弘景大道3888号,江苏省,南京市,江宁区,1,d99d01b48c87cb9d220220b7,118.9037222861478,31.90430505062944,20
8818,景枫法兰谷,118.902254,31.904622,江苏省南京市江宁区弘景大道3888号,江苏省,南京市,江宁区,1,d99d01b48c87cb9d220220b7,118.90372039970624,31.90431432341158,21
8818,景枫法兰谷,118.902254,31.904622,江苏省南京市江宁区弘景大道3888号,江苏省,南京市,江宁区,1,d99d01b48c87cb9d220220b7,118.90371824377301,31.90432351955822,22
8818,景枫法兰谷,118.902254,31.904622,江苏省南京市江宁区弘景大道3888号,江苏省,南京市,江宁区,1,d99d01b48c87cb9d220220b7,118.90296393663628,31.9074365917756,23
8818,景枫法兰谷,118.902254,31.904622,江苏省南京市江宁区弘景大道3888号,江苏省,南京市,江宁区,1,d99d01b48c87cb9d220220b7,118.90291461966378,31.907486862310343,24
8818,景枫法兰谷,118.902254,31.904622,江苏省南京市江宁区弘景大道3888号,江苏省,南京市,江宁区,1,d99d01b48c87cb9d220220b7,118.90284616878392,31.90749851035712,25
8818,景枫法兰谷,118.902254,31.904622,江苏省南京市江宁区弘景大道3888号,江苏省,南京市,江宁区,1,d99d01b48c87cb9d220220b7,118.90182695135229,31.907227462988168,26
8818,景枫法兰谷,118.902254,31.904622,江苏省南京市江宁区弘景大道3888号,江苏省,南京市,江宁区,1,d99d01b48c87cb9d220220b7,118.90123442903793,31.906967066707377,27
8818,景枫法兰谷,118.902254,31.904622,江苏省南京市江宁区弘景大道3888号,江苏省,南京市,江宁区,1,d99d01b48c87cb9d220220b7,118.90088085598919,31.906683756547928,28
8818,景枫法兰谷,118.902254,31.904622,江苏省南京市江宁区弘景大道3888号,江苏省,南京市,江宁区,1,d99d01b48c87cb9d220220b7,118.90060202195889,31.906302661995955,29
8839,水岸家园三期,118.911128,31.909159,南京市江宁区龙眠大道668号,江苏省,南京市,江宁区,1,7e1d7947ddbc9eaac9c3db48,118.9100745620207,31.909557039387394,1
8839,水岸家园三期,118.911128,31.909159,南京市江宁区龙眠大道668号,江苏省,南京市,江宁区,1,7e1d7947ddbc9eaac9c3db48,118.9107567575272,31.90836075506412,2
8839,水岸家园三期,118.911128,31.909159,南京市江宁区龙眠大道668号,江苏省,南京市,江宁区,1,7e1d7947ddbc9eaac9c3db48,118.91157954768784,31.908626242538986,3
8839,水岸家园三期,118.911128,31.909159,南京市江宁区龙眠大道668号,江苏省,南京市,江宁区,1,7e1d7947ddbc9eaac9c3db48,118.91172642047525,31.90893381328643,4
8839,水岸家园三期,118.911128,31.909159,南京市江宁区龙眠大道668号,江苏省,南京市,江宁区,1,7e1d7947ddbc9eaac9c3db48,118.91177439559671,31.909161674436525,5
8839,水岸家园三期,118.911128,31.909159,南京市江宁区龙眠大道668号,江苏省,南京市,江宁区,1,7e1d7947ddbc9eaac9c3db48,118.91166334623863,31.91002436944997,6
8839,水岸家园三期,118.911128,31.909159,南京市江宁区龙眠大道668号,江苏省,南京市,江宁区,1,7e1d7947ddbc9eaac9c3db48,118.9106858906888,31.9097464038681,7
8839,水岸家园三期,118.911128,31.909159,南京市江宁区龙眠大道668号,江苏省,南京市,江宁区,1,7e1d7947ddbc9eaac9c3db48,118.9100745620207,31.909557039387394,8
8841,津桥华府,118.918888,31.903743,江苏省南京市江宁区修文路3号,江苏省,南京市,江宁区,1,572bed3547410e1e6949f330,118.91721391144961,31.9026943810343,1
8841,津桥华府,118.918888,31.903743,江苏省南京市江宁区修文路3号,江苏省,南京市,江宁区,1,572bed3547410e1e6949f330,118.91715210623391,31.902843857130343,2
8841,津桥华府,118.918888,31.903743,江苏省南京市江宁区修文路3号,江苏省,南京市,江宁区,1,572bed3547410e1e6949f330,118.91717607482153,31.902917072257782,3
8841,津桥华府,118.918888,31.903743,江苏省南京市江宁区修文路3号,江苏省,南京市,江宁区,1,572bed3547410e1e6949f330,118.91723798334235,31.903069622532556,4
8841,津桥华府,118.918888,31.903743,江苏省南京市江宁区修文路3号,江苏省,南京市,江宁区,1,572bed3547410e1e6949f330,118.91715519191334,31.903114908340005,5
8841,津桥华府,118.918888,31.903743,江苏省南京市江宁区修文路3号,江苏省,南京市,江宁区,1,572bed3547410e1e6949f330,118.91743070221325,31.903518313550364,6
8841,津桥华府,118.918888,31.903743,江苏省南京市江宁区修文路3号,江苏省,南京市,江宁区,1,572bed3547410e1e6949f330,118.917235186019,31.903611649616526,7
8841,津桥华府,118.918888,31.903743,江苏省南京市江宁区修文路3号,江苏省,南京市,江宁区,1,572bed3547410e1e6949f330,118.91717634431318,31.903669145196336,8
8841,津桥华府,118.918888,31.903743,江苏省南京市江宁区修文路3号,江苏省,南京市,江宁区,1,572bed3547410e1e6949f330,118.91713347178441,31.903740778756596,9
8841,津桥华府,118.918888,31.903743,江苏省南京市江宁区修文路3号,江苏省,南京市,江宁区,1,572bed3547410e1e6949f330,118.91724133761514,31.90404074597775,10
8841,津桥华府,118.918888,31.903743,江苏省南京市江宁区修文路3号,江苏省,南京市,江宁区,1,572bed3547410e1e6949f330,118.91733216618356,31.904138537050898,11
8841,津桥华府,118.918888,31.903743,江苏省南京市江宁区修文路3号,江苏省,南京市,江宁区,1,572bed3547410e1e6949f330,118.91742595197371,31.90413733564859,12
8841,津桥华府,118.918888,31.903743,江苏省南京市江宁区修文路3号,江苏省,南京市,江宁区,1,572bed3547410e1e6949f330,118.9175247449188,31.904179173131677,13
8841,津桥华府,118.918888,31.903743,江苏省南京市江宁区修文路3号,江苏省,南京市,江宁区,1,572bed3547410e1e6949f330,118.91800400707784,31.904928174509397,14
8841,津桥华府,118.918888,31.903743,江苏省南京市江宁区修文路3号,江苏省,南京市,江宁区,1,572bed3547410e1e6949f330,118.92101701987701,31.903290868798063,15
8841,津桥华府,118.918888,31.903743,江苏省南京市江宁区修文路3号,江苏省,南京市,江宁区,1,572bed3547410e1e6949f330,118.92040166533147,31.90252242473217,16
8841,津桥华府,118.918888,31.903743,江苏省南京市江宁区修文路3号,江苏省,南京市,江宁区,1,572bed3547410e1e6949f330,118.92061929511246,31.902400648792664,17
8841,津桥华府,118.918888,31.903743,江苏省南京市江宁区修文路3号,江苏省,南京市,江宁区,1,572bed3547410e1e6949f330,118.92016382367653,31.901800967730775,18
8841,津桥华府,118.918888,31.903743,江苏省南京市江宁区修文路3号,江苏省,南京市,江宁区,1,572bed3547410e1e6949f330,118.9205272035265,31.90161407077397,19
8841,津桥华府,118.918888,31.903743,江苏省南京市江宁区修文路3号,江苏省,南京市,江宁区,1,572bed3547410e1e6949f330,118.92083871701294,31.901520780330443,20
8841,津桥华府,118.918888,31.903743,江苏省南京市江宁区修文路3号,江苏省,南京市,江宁区,1,572bed3547410e1e6949f330,118.92083070772102,31.901440731665442,21
8841,津桥华府,118.918888,31.903743,江苏省南京市江宁区修文路3号,江苏省,南京市,江宁区,1,572bed3547410e1e6949f330,118.9206858667372,31.90123993007721,22
8841,津桥华府,118.918888,31.903743,江苏省南京市江宁区修文路3号,江苏省,南京市,江宁区,1,572bed3547410e1e6949f330,118.92045213932148,31.900914596159918,23
8841,津桥华府,118.918888,31.903743,江苏省南京市江宁区修文路3号,江苏省,南京市,江宁区,1,572bed3547410e1e6949f330,118.91952080581282,31.90142189375851,24
8841,津桥华府,118.918888,31.903743,江苏省南京市江宁区修文路3号,江苏省,南京市,江宁区,1,572bed3547410e1e6949f330,118.91849690102303,31.901978708079614,25
8841,津桥华府,118.918888,31.903743,江苏省南京市江宁区修文路3号,江苏省,南京市,江宁区,1,572bed3547410e1e6949f330,118.9175201536793,31.902518977411948,26
8841,津桥华府,118.918888,31.903743,江苏省南京市江宁区修文路3号,江苏省,南京市,江宁区,1,572bed3547410e1e6949f330,118.91721391144961,31.9026943810343,27
8860,瑞安翠湖山,118.723875,31.891067,南京市江宁区牛首大道121号,江苏省,南京市,江宁区,1,7b5ac2c0197675b86fc02cb5,118.7213539608368,31.890222974395286,1
8860,瑞安翠湖山,118.723875,31.891067,南京市江宁区牛首大道121号,江苏省,南京市,江宁区,1,7b5ac2c0197675b86fc02cb5,118.72137201677755,31.88980095831219,2
8860,瑞安翠湖山,118.723875,31.891067,南京市江宁区牛首大道121号,江苏省,南京市,江宁区,1,7b5ac2c0197675b86fc02cb5,118.72159201179694,31.889540972132266,3
8860,瑞安翠湖山,118.723875,31.891067,南京市江宁区牛首大道121号,江苏省,南京市,江宁区,1,7b5ac2c0197675b86fc02cb5,118.72311904133335,31.888946956115596,4
8860,瑞安翠湖山,118.723875,31.891067,南京市江宁区牛首大道121号,江苏省,南京市,江宁区,1,7b5ac2c0197675b86fc02cb5,118.72368955516274,31.888916143824396,5
8860,瑞安翠湖山,118.723875,31.891067,南京市江宁区牛首大道121号,江苏省,南京市,江宁区,1,7b5ac2c0197675b86fc02cb5,118.72412972486262,31.889161415505708,6
8860,瑞安翠湖山,118.723875,31.891067,南京市江宁区牛首大道121号,江苏省,南京市,江宁区,1,7b5ac2c0197675b86fc02cb5,118.72447108095642,31.889713274376795,7
8860,瑞安翠湖山,118.723875,31.891067,南京市江宁区牛首大道121号,江苏省,南京市,江宁区,1,7b5ac2c0197675b86fc02cb5,118.7252346406399,31.89141481820643,8
8860,瑞安翠湖山,118.723875,31.891067,南京市江宁区牛首大道121号,江苏省,南京市,江宁区,1,7b5ac2c0197675b86fc02cb5,118.72570598154097,31.89332702432545,9
8860,瑞安翠湖山,118.723875,31.891067,南京市江宁区牛首大道121号,江苏省,南京市,江宁区,1,7b5ac2c0197675b86fc02cb5,118.72597996472152,31.893717983491186,10
8860,瑞安翠湖山,118.723875,31.891067,南京市江宁区牛首大道121号,江苏省,南京市,江宁区,1,7b5ac2c0197675b86fc02cb5,118.72498176763884,31.894007158835414,11
8860,瑞安翠湖山,118.723875,31.891067,南京市江宁区牛首大道121号,江苏省,南京市,江宁区,1,7b5ac2c0197675b86fc02cb5,118.72312200574152,31.892012956972685,12
8860,瑞安翠湖山,118.723875,31.891067,南京市江宁区牛首大道121号,江苏省,南京市,江宁区,1,7b5ac2c0197675b86fc02cb5,118.72163198639213,31.89066399674394,13
8860,瑞安翠湖山,118.723875,31.891067,南京市江宁区牛首大道121号,江苏省,南京市,江宁区,1,7b5ac2c0197675b86fc02cb5,118.7213539608368,31.890222974395286,14
8861,禾浩大厦,118.774528,31.899837,江苏省南京市江宁区水长街8号,江苏省,南京市,江宁区,1,42d051b23620d2b4c17da27e,118.77398366936035,31.90006123199123,1
8861,禾浩大厦,118.774528,31.899837,江苏省南京市江宁区水长街8号,江苏省,南京市,江宁区,1,42d051b23620d2b4c17da27e,118.77483844478193,31.900314175038726,2
8861,禾浩大厦,118.774528,31.899837,江苏省南京市江宁区水长街8号,江苏省,南京市,江宁区,1,42d051b23620d2b4c17da27e,118.77506714528003,31.899603411712988,3
8861,禾浩大厦,118.774528,31.899837,江苏省南京市江宁区水长街8号,江苏省,南京市,江宁区,1,42d051b23620d2b4c17da27e,118.77421835706468,31.899364562854302,4
8861,禾浩大厦,118.774528,31.899837,江苏省南京市江宁区水长街8号,江苏省,南京市,江宁区,1,42d051b23620d2b4c17da27e,118.77398366936035,31.90006123199123,5
8896,翰香苑,118.902529,31.893822,江苏省南京市江宁区秣陵街道弘景大道3699号,江苏省,南京市,江宁区,1,f1e95c0a699b7524d4851f84,118.9010300645344,31.893033018249614,1
8896,翰香苑,118.902529,31.893822,江苏省南京市江宁区秣陵街道弘景大道3699号,江苏省,南京市,江宁区,1,f1e95c0a699b7524d4851f84,118.90217145151537,31.89515204813352,2
8896,翰香苑,118.902529,31.893822,江苏省南京市江宁区秣陵街道弘景大道3699号,江苏省,南京市,江宁区,1,f1e95c0a699b7524d4851f84,118.90227098376587,31.895220796216627,3
8896,翰香苑,118.902529,31.893822,江苏省南京市江宁区秣陵街道弘景大道3699号,江苏省,南京市,江宁区,1,f1e95c0a699b7524d4851f84,118.90237348042456,31.89523965019692,4
8896,翰香苑,118.902529,31.893822,江苏省南京市江宁区秣陵街道弘景大道3699号,江苏省,南京市,江宁区,1,f1e95c0a699b7524d4851f84,118.9024619635173,31.895255974981595,5
8896,翰香苑,118.902529,31.893822,江苏省南京市江宁区秣陵街道弘景大道3699号,江苏省,南京市,江宁区,1,f1e95c0a699b7524d4851f84,118.9025649991593,31.895244018801552,6
8896,翰香苑,118.902529,31.893822,江苏省南京市江宁区秣陵街道弘景大道3699号,江苏省,南京市,江宁区,1,f1e95c0a699b7524d4851f84,118.90267800599246,31.895236967720297,7
8896,翰香苑,118.902529,31.893822,江苏省南京市江宁区秣陵街道弘景大道3699号,江苏省,南京市,江宁区,1,f1e95c0a699b7524d4851f84,118.90328499102554,31.894888015158553,8
8896,翰香苑,118.902529,31.893822,江苏省南京市江宁区秣陵街道弘景大道3699号,江苏省,南京市,江宁区,1,f1e95c0a699b7524d4851f84,118.90333799105063,31.894807004017014,9
8896,翰香苑,118.902529,31.893822,江苏省南京市江宁区秣陵街道弘景大道3699号,江苏省,南京市,江宁区,1,f1e95c0a699b7524d4851f84,118.90394434726987,31.894454907452996,10
8896,翰香苑,118.902529,31.893822,江苏省南京市江宁区秣陵街道弘景大道3699号,江苏省,南京市,江宁区,1,f1e95c0a699b7524d4851f84,118.90399402356456,31.894386005506576,11
8896,翰香苑,118.902529,31.893822,江苏省南京市江宁区秣陵街道弘景大道3699号,江苏省,南京市,江宁区,1,f1e95c0a699b7524d4851f84,118.9039889930537,31.894259008122976,12
8896,翰香苑,118.902529,31.893822,江苏省南京市江宁区秣陵街道弘景大道3699号,江苏省,南京市,江宁区,1,f1e95c0a699b7524d4851f84,118.90385900824643,31.894017965529414,13
8896,翰香苑,118.902529,31.893822,江苏省南京市江宁区秣陵街道弘景大道3699号,江苏省,南京市,江宁区,1,f1e95c0a699b7524d4851f84,118.90363892339649,31.893776615724963,14
8896,翰香苑,118.902529,31.893822,江苏省南京市江宁区秣陵街道弘景大道3699号,江苏省,南京市,江宁区,1,f1e95c0a699b7524d4851f84,118.90354684708171,31.89362340540327,15
8896,翰香苑,118.902529,31.893822,江苏省南京市江宁区秣陵街道弘景大道3699号,江苏省,南京市,江宁区,1,f1e95c0a699b7524d4851f84,118.90315608418487,31.892991093948336,16
8896,翰香苑,118.902529,31.893822,江苏省南京市江宁区秣陵街道弘景大道3699号,江苏省,南京市,江宁区,1,f1e95c0a699b7524d4851f84,118.9025789228947,31.89207894820826,17
8896,翰香苑,118.902529,31.893822,江苏省南京市江宁区秣陵街道弘景大道3699号,江苏省,南京市,江宁区,1,f1e95c0a699b7524d4851f84,118.90245414825937,31.89208538637502,18
8896,翰香苑,118.902529,31.893822,江苏省南京市江宁区秣陵街道弘景大道3699号,江苏省,南京市,江宁区,1,f1e95c0a699b7524d4851f84,118.90239477026516,31.892094277176,19
8896,翰香苑,118.902529,31.893822,江苏省南京市江宁区秣陵街道弘景大道3699号,江苏省,南京市,江宁区,1,f1e95c0a699b7524d4851f84,118.90114100526488,31.89270797028293,20
8896,翰香苑,118.902529,31.893822,江苏省南京市江宁区秣陵街道弘景大道3699号,江苏省,南京市,江宁区,1,f1e95c0a699b7524d4851f84,118.90100715774389,31.89278139550852,21
8896,翰香苑,118.902529,31.893822,江苏省南京市江宁区秣陵街道弘景大道3699号,江苏省,南京市,江宁区,1,f1e95c0a699b7524d4851f84,118.90097059670963,31.892889540487815,22
8896,翰香苑,118.902529,31.893822,江苏省南京市江宁区秣陵街道弘景大道3699号,江苏省,南京市,江宁区,1,f1e95c0a699b7524d4851f84,118.90100239672469,31.892971932926706,23
8896,翰香苑,118.902529,31.893822,江苏省南京市江宁区秣陵街道弘景大道3699号,江苏省,南京市,江宁区,1,f1e95c0a699b7524d4851f84,118.9010300645344,31.893033018249614,24
8897,世茂梦享家,118.903208,31.890646,南京市江宁区方山东麓大学城内(弘景大道南广学院对面),江苏省,南京市,江宁区,1,91c2efea3d863c8d43afe613,118.90413766261561,31.8900415521739,1
8897,世茂梦享家,118.903208,31.890646,南京市江宁区方山东麓大学城内(弘景大道南广学院对面),江苏省,南京市,江宁区,1,91c2efea3d863c8d43afe613,118.90385020485242,31.88958550401581,2
8897,世茂梦享家,118.903208,31.890646,南京市江宁区方山东麓大学城内(弘景大道南广学院对面),江苏省,南京市,江宁区,1,91c2efea3d863c8d43afe613,118.90178410217948,31.890428616468377,3
8897,世茂梦享家,118.903208,31.890646,南京市江宁区方山东麓大学城内(弘景大道南广学院对面),江苏省,南京市,江宁区,1,91c2efea3d863c8d43afe613,118.90269139074455,31.89177758017907,4
8897,世茂梦享家,118.903208,31.890646,南京市江宁区方山东麓大学城内(弘景大道南广学院对面),江苏省,南京市,江宁区,1,91c2efea3d863c8d43afe613,118.90461376453591,31.890823343710345,5
8897,世茂梦享家,118.903208,31.890646,南京市江宁区方山东麓大学城内(弘景大道南广学院对面),江苏省,南京市,江宁区,1,91c2efea3d863c8d43afe613,118.90413766261561,31.8900415521739,6
8898,陶苑,118.904182,31.892904,南京市江宁区弘景大道齐武路2号,江苏省,南京市,江宁区,1,24430d8431d7ec5496f08c18,118.90258503137217,31.892058024163124,1
8898,陶苑,118.904182,31.892904,南京市江宁区弘景大道齐武路2号,江苏省,南京市,江宁区,1,24430d8431d7ec5496f08c18,118.90372102852008,31.891468010100873,2
8898,陶苑,118.904182,31.892904,南京市江宁区弘景大道齐武路2号,江苏省,南京市,江宁区,1,24430d8431d7ec5496f08c18,118.90411197107804,31.892053961985305,3
8898,陶苑,118.904182,31.892904,南京市江宁区弘景大道齐武路2号,江苏省,南京市,江宁区,1,24430d8431d7ec5496f08c18,118.90478596970216,31.89185897723732,4
8898,陶苑,118.904182,31.892904,南京市江宁区弘景大道齐武路2号,江苏省,南京市,江宁区,1,24430d8431d7ec5496f08c18,118.90523898517084,31.89256702127604,5
8898,陶苑,118.904182,31.892904,南京市江宁区弘景大道齐武路2号,江苏省,南京市,江宁区,1,24430d8431d7ec5496f08c18,118.90582701595768,31.893398992821584,6
8898,陶苑,118.904182,31.892904,南京市江宁区弘景大道齐武路2号,江苏省,南京市,江宁区,1,24430d8431d7ec5496f08c18,118.90587399733585,31.89352499503586,7
8898,陶苑,118.904182,31.892904,南京市江宁区弘景大道齐武路2号,江苏省,南京市,江宁区,1,24430d8431d7ec5496f08c18,118.9058110261196,31.89364900434438,8
8898,陶苑,118.904182,31.892904,南京市江宁区弘景大道齐武路2号,江苏省,南京市,江宁区,1,24430d8431d7ec5496f08c18,118.90408744733762,31.894378417858576,9
8898,陶苑,118.904182,31.892904,南京市江宁区弘景大道齐武路2号,江苏省,南京市,江宁区,1,24430d8431d7ec5496f08c18,118.90399761678661,31.894225131905067,10
8898,陶苑,118.904182,31.892904,南京市江宁区弘景大道齐武路2号,江苏省,南京市,江宁区,1,24430d8431d7ec5496f08c18,118.90379298279144,31.893931971801276,11
8898,陶苑,118.904182,31.892904,南京市江宁区弘景大道齐武路2号,江苏省,南京市,江宁区,1,24430d8431d7ec5496f08c18,118.9036269759332,31.893706027109484,12
8898,陶苑,118.904182,31.892904,南京市江宁区弘景大道齐武路2号,江苏省,南京市,江宁区,1,24430d8431d7ec5496f08c18,118.90267710768694,31.892130836753672,13
8898,陶苑,118.904182,31.892904,南京市江宁区弘景大道齐武路2号,江苏省,南京市,江宁区,1,24430d8431d7ec5496f08c18,118.90258503137217,31.892058024163124,14
8899,华菁水苑,118.905983,31.891601,南京市江宁区秣陵街道文鸿路9号(弘景大道以东、学十一路以南),江苏省,南京市,江宁区,1,ec74fa9fc9decf0814948eea,118.90599688552962,31.893318210288466,1
8899,华菁水苑,118.905983,31.891601,南京市江宁区秣陵街道文鸿路9号(弘景大道以东、学十一路以南),江苏省,南京市,江宁区,1,ec74fa9fc9decf0814948eea,118.90811239500562,31.892252855196094,2
8899,华菁水苑,118.905983,31.891601,南京市江宁区秣陵街道文鸿路9号(弘景大道以东、学十一路以南),江苏省,南京市,江宁区,1,ec74fa9fc9decf0814948eea,118.90811688653316,31.892111062392726,3
8899,华菁水苑,118.905983,31.891601,南京市江宁区秣陵街道文鸿路9号(弘景大道以东、学十一路以南),江苏省,南京市,江宁区,1,ec74fa9fc9decf0814948eea,118.90737578448744,31.890877072470776,4
8899,华菁水苑,118.905983,31.891601,南京市江宁区秣陵街道文鸿路9号(弘景大道以东、学十一路以南),江苏省,南京市,江宁区,1,ec74fa9fc9decf0814948eea,118.9072103166125,31.89064583163197,5
8899,华菁水苑,118.905983,31.891601,南京市江宁区秣陵街道文鸿路9号(弘景大道以东、学十一路以南),江苏省,南京市,江宁区,1,ec74fa9fc9decf0814948eea,118.90707934366915,31.890532165469402,6
8899,华菁水苑,118.905983,31.891601,南京市江宁区秣陵街道文鸿路9号(弘景大道以东、学十一路以南),江苏省,南京市,江宁区,1,ec74fa9fc9decf0814948eea,118.90683105202618,31.890361780929332,7
8899,华菁水苑,118.905983,31.891601,南京市江宁区秣陵街道文鸿路9号(弘景大道以东、学十一路以南),江苏省,南京市,江宁区,1,ec74fa9fc9decf0814948eea,118.90659111462446,31.89030797521896,8
8899,华菁水苑,118.905983,31.891601,南京市江宁区秣陵街道文鸿路9号(弘景大道以东、学十一路以南),江苏省,南京市,江宁区,1,ec74fa9fc9decf0814948eea,118.90631524500236,31.89031449015709,9
8899,华菁水苑,118.905983,31.891601,南京市江宁区秣陵街道文鸿路9号(弘景大道以东、学十一路以南),江苏省,南京市,江宁区,1,ec74fa9fc9decf0814948eea,118.90605635335437,31.89037220482396,10
8899,华菁水苑,118.905983,31.891601,南京市江宁区秣陵街道文鸿路9号(弘景大道以东、学十一路以南),江苏省,南京市,江宁区,1,ec74fa9fc9decf0814948eea,118.90568301758442,31.89052503737761,11
8899,华菁水苑,118.905983,31.891601,南京市江宁区秣陵街道文鸿路9号(弘景大道以东、学十一路以南),江苏省,南京市,江宁区,1,ec74fa9fc9decf0814948eea,118.90510055629176,31.89080625167292,12
8899,华菁水苑,118.905983,31.891601,南京市江宁区秣陵街道文鸿路9号(弘景大道以东、学十一路以南),江苏省,南京市,江宁区,1,ec74fa9fc9decf0814948eea,118.9043578372961,31.89117660398159,13
8899,华菁水苑,118.905983,31.891601,南京市江宁区秣陵街道文鸿路9号(弘景大道以东、学十一路以南),江苏省,南京市,江宁区,1,ec74fa9fc9decf0814948eea,118.90492403925904,31.892033191224215,14
8899,华菁水苑,118.905983,31.891601,南京市江宁区秣陵街道文鸿路9号(弘景大道以东、学十一路以南),江苏省,南京市,江宁区,1,ec74fa9fc9decf0814948eea,118.90524940551477,31.892558667032258,15
8899,华菁水苑,118.905983,31.891601,南京市江宁区秣陵街道文鸿路9号(弘景大道以东、学十一路以南),江苏省,南京市,江宁区,1,ec74fa9fc9decf0814948eea,118.90580482781158,31.893323881929753,16
8899,华菁水苑,118.905983,31.891601,南京市江宁区秣陵街道文鸿路9号(弘景大道以东、学十一路以南),江苏省,南京市,江宁区,1,ec74fa9fc9decf0814948eea,118.90599688552962,31.893318210288466,17
8913,保利·梧桐语,118.917419,31.900072,江苏省南京市江宁区秣陵街道修文路9号,江苏省,南京市,江宁区,1,046590c3410bd8ae2efaa710,118.91714701284165,31.897799003512763,1
8913,保利·梧桐语,118.917419,31.900072,江苏省南京市江宁区秣陵街道修文路9号,江苏省,南京市,江宁区,1,046590c3410bd8ae2efaa710,118.91843203887369,31.898500027235013,2
8913,保利·梧桐语,118.917419,31.900072,江苏省南京市江宁区秣陵街道修文路9号,江苏省,南京市,江宁区,1,046590c3410bd8ae2efaa710,118.9197750056111,31.899530975254294,3
8913,保利·梧桐语,118.917419,31.900072,江苏省南京市江宁区秣陵街道修文路9号,江苏省,南京市,江宁区,1,046590c3410bd8ae2efaa710,118.92038998556325,31.900723003947263,4
8913,保利·梧桐语,118.917419,31.900072,江苏省南京市江宁区秣陵街道修文路9号,江苏省,南京市,江宁区,1,046590c3410bd8ae2efaa710,118.91875497970452,31.901665028197062,5
8913,保利·梧桐语,118.917419,31.900072,江苏省南京市江宁区秣陵街道修文路9号,江苏省,南京市,江宁区,1,046590c3410bd8ae2efaa710,118.91687302966112,31.902661990703155,6
8913,保利·梧桐语,118.917419,31.900072,江苏省南京市江宁区秣陵街道修文路9号,江苏省,南京市,江宁区,1,046590c3410bd8ae2efaa710,118.91446997259138,31.898925988289474,7
8913,保利·梧桐语,118.917419,31.900072,江苏省南京市江宁区秣陵街道修文路9号,江苏省,南京市,江宁区,1,046590c3410bd8ae2efaa710,118.91714701284165,31.897799003512763,8
8924,竹园小区,118.960868,31.895003,江苏省南京市江宁区X202(瑞泽路),江苏省,南京市,江宁区,1,da97a6af5fe58eaae115f99b,118.96093401662003,31.89628895235993,1
8924,竹园小区,118.960868,31.895003,江苏省南京市江宁区X202(瑞泽路),江苏省,南京市,江宁区,1,da97a6af5fe58eaae115f99b,118.96169299494541,31.895081997079128,2
8924,竹园小区,118.960868,31.895003,江苏省南京市江宁区X202(瑞泽路),江苏省,南京市,江宁区,1,da97a6af5fe58eaae115f99b,118.96240202748443,31.893786962585825,3
8924,竹园小区,118.960868,31.895003,江苏省南京市江宁区X202(瑞泽路),江苏省,南京市,江宁区,1,da97a6af5fe58eaae115f99b,118.96174698310655,31.89347601974333,4
8924,竹园小区,118.960868,31.895003,江苏省南京市江宁区X202(瑞泽路),江苏省,南京市,江宁区,1,da97a6af5fe58eaae115f99b,118.96130600493171,31.894181981862676,5
8924,竹园小区,118.960868,31.895003,江苏省南京市江宁区X202(瑞泽路),江苏省,南京市,江宁区,1,da97a6af5fe58eaae115f99b,118.96122102523047,31.89409698465016,6
8924,竹园小区,118.960868,31.895003,江苏省南京市江宁区X202(瑞泽路),江苏省,南京市,江宁区,1,da97a6af5fe58eaae115f99b,118.96076297925093,31.893027959742625,7
8924,竹园小区,118.960868,31.895003,江苏省南京市江宁区X202(瑞泽路),江苏省,南京市,江宁区,1,da97a6af5fe58eaae115f99b,118.96060999782257,31.8926750132209,8
8924,竹园小区,118.960868,31.895003,江苏省南京市江宁区X202(瑞泽路),江苏省,南京市,江宁区,1,da97a6af5fe58eaae115f99b,118.96047102996019,31.892261975914817,9
8924,竹园小区,118.960868,31.895003,江苏省南京市江宁区X202(瑞泽路),江苏省,南京市,江宁区,1,da97a6af5fe58eaae115f99b,118.96053804355122,31.891361013117397,10
8924,竹园小区,118.960868,31.895003,江苏省南京市江宁区X202(瑞泽路),江苏省,南京市,江宁区,1,da97a6af5fe58eaae115f99b,118.96051100455539,31.89131502583664,11
8924,竹园小区,118.960868,31.895003,江苏省南京市江宁区X202(瑞泽路),江苏省,南京市,江宁区,1,da97a6af5fe58eaae115f99b,118.9600669721418,31.89111597728899,12
8924,竹园小区,118.960868,31.895003,江苏省南京市江宁区X202(瑞泽路),江苏省,南京市,江宁区,1,da97a6af5fe58eaae115f99b,118.9598559601775,31.891544962008503,13
8924,竹园小区,118.960868,31.895003,江苏省南京市江宁区X202(瑞泽路),江苏省,南京市,江宁区,1,da97a6af5fe58eaae115f99b,118.95983296355645,31.891894004009316,14
8924,竹园小区,118.960868,31.895003,江苏省南京市江宁区X202(瑞泽路),江苏省,南京市,江宁区,1,da97a6af5fe58eaae115f99b,118.95979703133605,31.89256096636548,15
8924,竹园小区,118.960868,31.895003,江苏省南京市江宁区X202(瑞泽路),江苏省,南京市,江宁区,1,da97a6af5fe58eaae115f99b,118.95980601439115,31.89293200134469,16
8924,竹园小区,118.960868,31.895003,江苏省南京市江宁区X202(瑞泽路),江苏省,南京市,江宁区,1,da97a6af5fe58eaae115f99b,118.9601700077838,31.89309701600326,17
8924,竹园小区,118.960868,31.895003,江苏省南京市江宁区X202(瑞泽路),江苏省,南京市,江宁区,1,da97a6af5fe58eaae115f99b,118.9600889806268,31.89343800447466,18
8924,竹园小区,118.960868,31.895003,江苏省南京市江宁区X202(瑞泽路),江苏省,南京市,江宁区,1,da97a6af5fe58eaae115f99b,118.96022399594494,31.8940629550857,19
8924,竹园小区,118.960868,31.895003,江苏省南京市江宁区X202(瑞泽路),江苏省,南京市,江宁区,1,da97a6af5fe58eaae115f99b,118.95934401586737,31.895614966220943,20
8924,竹园小区,118.960868,31.895003,江苏省南京市江宁区X202(瑞泽路),江苏省,南京市,江宁区,1,da97a6af5fe58eaae115f99b,118.96093401662003,31.89628895235993,21
8925,南京碧桂园,118.704574,31.888005,南京市江宁区谷里街道庆兴路8号,江苏省,南京市,江宁区,1,a03a1b4b566f33de42d63e03,118.701385286809,31.890265119814043,1
8925,南京碧桂园,118.704574,31.888005,南京市江宁区谷里街道庆兴路8号,江苏省,南京市,江宁区,1,a03a1b4b566f33de42d63e03,118.70144145908321,31.8850759217841,2
8925,南京碧桂园,118.704574,31.888005,南京市江宁区谷里街道庆兴路8号,江苏省,南京市,江宁区,1,a03a1b4b566f33de42d63e03,118.7016394205998,31.884968921321406,3
8925,南京碧桂园,118.704574,31.888005,南京市江宁区谷里街道庆兴路8号,江苏省,南京市,江宁区,1,a03a1b4b566f33de42d63e03,118.70509922772023,31.885018756998644,4
8925,南京碧桂园,118.704574,31.888005,南京市江宁区谷里街道庆兴路8号,江苏省,南京市,江宁区,1,a03a1b4b566f33de42d63e03,118.70509644446881,31.885703594188826,5
8925,南京碧桂园,118.704574,31.888005,南京市江宁区谷里街道庆兴路8号,江苏省,南京市,江宁区,1,a03a1b4b566f33de42d63e03,118.70526781134986,31.886371850956593,6
8925,南京碧桂园,118.704574,31.888005,南京市江宁区谷里街道庆兴路8号,江苏省,南京市,江宁区,1,a03a1b4b566f33de42d63e03,118.70638645860538,31.88633820926241,7
8925,南京碧桂园,118.704574,31.888005,南京市江宁区谷里街道庆兴路8号,江苏省,南京市,江宁区,1,a03a1b4b566f33de42d63e03,118.70643143354992,31.885044980872784,8
8925,南京碧桂园,118.704574,31.888005,南京市江宁区谷里街道庆兴路8号,江苏省,南京市,江宁区,1,a03a1b4b566f33de42d63e03,118.70898270389088,31.885061416086675,9
8925,南京碧桂园,118.704574,31.888005,南京市江宁区谷里街道庆兴路8号,江苏省,南京市,江宁区,1,a03a1b4b566f33de42d63e03,118.70907412173963,31.885066844816365,10
8925,南京碧桂园,118.704574,31.888005,南京市江宁区谷里街道庆兴路8号,江苏省,南京市,江宁区,1,a03a1b4b566f33de42d63e03,118.709413512482,31.885394937171302,11
8925,南京碧桂园,118.704574,31.888005,南京市江宁区谷里街道庆兴路8号,江苏省,南京市,江宁区,1,a03a1b4b566f33de42d63e03,118.70961314155096,31.885965487886235,12
8925,南京碧桂园,118.704574,31.888005,南京市江宁区谷里街道庆兴路8号,江苏省,南京市,江宁区,1,a03a1b4b566f33de42d63e03,118.70956154018575,31.886695180992483,13
8925,南京碧桂园,118.704574,31.888005,南京市江宁区谷里街道庆兴路8号,江苏省,南京市,江宁区,1,a03a1b4b566f33de42d63e03,118.70944885681624,31.887034090059448,14
8925,南京碧桂园,118.704574,31.888005,南京市江宁区谷里街道庆兴路8号,江苏省,南京市,江宁区,1,a03a1b4b566f33de42d63e03,118.70925879736085,31.887427326011633,15
8925,南京碧桂园,118.704574,31.888005,南京市江宁区谷里街道庆兴路8号,江苏省,南京市,江宁区,1,a03a1b4b566f33de42d63e03,118.70905557136255,31.88809864426269,16
8925,南京碧桂园,118.704574,31.888005,南京市江宁区谷里街道庆兴路8号,江苏省,南京市,江宁区,1,a03a1b4b566f33de42d63e03,118.70899921260548,31.88834268401118,17
8925,南京碧桂园,118.704574,31.888005,南京市江宁区谷里街道庆兴路8号,江苏省,南京市,江宁区,1,a03a1b4b566f33de42d63e03,118.70895082690811,31.88876046758925,18
8925,南京碧桂园,118.704574,31.888005,南京市江宁区谷里街道庆兴路8号,江苏省,南京市,江宁区,1,a03a1b4b566f33de42d63e03,118.70897279888058,31.889107953744904,19
8925,南京碧桂园,118.704574,31.888005,南京市江宁区谷里街道庆兴路8号,江苏省,南京市,江宁区,1,a03a1b4b566f33de42d63e03,118.7090289295336,31.889468953519213,20
8925,南京碧桂园,118.704574,31.888005,南京市江宁区谷里街道庆兴路8号,江苏省,南京市,江宁区,1,a03a1b4b566f33de42d63e03,118.70701866589498,31.89011752556449,21
8925,南京碧桂园,118.704574,31.888005,南京市江宁区谷里街道庆兴路8号,江苏省,南京市,江宁区,1,a03a1b4b566f33de42d63e03,118.70523640995786,31.890252890738534,22
8925,南京碧桂园,118.704574,31.888005,南京市江宁区谷里街道庆兴路8号,江苏省,南京市,江宁区,1,a03a1b4b566f33de42d63e03,118.701385286809,31.890265119814043,23
8926,九岛梦都城,118.712961,31.887655,南京市江宁区庆兴路8号,江苏省,南京市,江宁区,1,15e1e85e8e989cdc581093dc,118.70915748726672,31.889313100381,1
8926,九岛梦都城,118.712961,31.887655,南京市江宁区庆兴路8号,江苏省,南京市,江宁区,1,15e1e85e8e989cdc581093dc,118.70997269951702,31.88939741222886,2
8926,九岛梦都城,118.712961,31.887655,南京市江宁区庆兴路8号,江苏省,南京市,江宁区,1,15e1e85e8e989cdc581093dc,118.71100125932595,31.889527712204053,3
8926,九岛梦都城,118.712961,31.887655,南京市江宁区庆兴路8号,江苏省,南京市,江宁区,1,15e1e85e8e989cdc581093dc,118.71258182787075,31.890015109107683,4
8926,九岛梦都城,118.712961,31.887655,南京市江宁区庆兴路8号,江苏省,南京市,江宁区,1,15e1e85e8e989cdc581093dc,118.71387610644952,31.89025240661011,5
8926,九岛梦都城,118.712961,31.887655,南京市江宁区庆兴路8号,江苏省,南京市,江宁区,1,15e1e85e8e989cdc581093dc,118.71537816309277,31.890282681925328,6
8926,九岛梦都城,118.712961,31.887655,南京市江宁区庆兴路8号,江苏省,南京市,江宁区,1,15e1e85e8e989cdc581093dc,118.71753149123073,31.889610797502804,7
8926,九岛梦都城,118.712961,31.887655,南京市江宁区庆兴路8号,江苏省,南京市,江宁区,1,15e1e85e8e989cdc581093dc,118.71697490113675,31.888990185282708,8
8926,九岛梦都城,118.712961,31.887655,南京市江宁区庆兴路8号,江苏省,南京市,江宁区,1,15e1e85e8e989cdc581093dc,118.716435468678,31.88834527143175,9
8926,九岛梦都城,118.712961,31.887655,南京市江宁区庆兴路8号,江苏省,南京市,江宁区,1,15e1e85e8e989cdc581093dc,118.71613821938475,31.887839853229604,10
8926,九岛梦都城,118.712961,31.887655,南京市江宁区庆兴路8号,江苏省,南京市,江宁区,1,15e1e85e8e989cdc581093dc,118.71507830871353,31.88502681327338,11
8926,九岛梦都城,118.712961,31.887655,南京市江宁区庆兴路8号,江苏省,南京市,江宁区,1,15e1e85e8e989cdc581093dc,118.71499800020094,31.88477332881777,12
8926,九岛梦都城,118.712961,31.887655,南京市江宁区庆兴路8号,江苏省,南京市,江宁区,1,15e1e85e8e989cdc581093dc,118.7148272323235,31.884735463223258,13
8926,九岛梦都城,118.712961,31.887655,南京市江宁区庆兴路8号,江苏省,南京市,江宁区,1,15e1e85e8e989cdc581093dc,118.71350070457692,31.884994696594212,14
8926,九岛梦都城,118.712961,31.887655,南京市江宁区庆兴路8号,江苏省,南京市,江宁区,1,15e1e85e8e989cdc581093dc,118.71147286971869,31.88513565730485,15
8926,九岛梦都城,118.712961,31.887655,南京市江宁区庆兴路8号,江苏省,南京市,江宁区,1,15e1e85e8e989cdc581093dc,118.71109845598212,31.885135044099393,16
8926,九岛梦都城,118.712961,31.887655,南京市江宁区庆兴路8号,江苏省,南京市,江宁区,1,15e1e85e8e989cdc581093dc,118.71101814746955,31.886089416737487,17
8926,九岛梦都城,118.712961,31.887655,南京市江宁区庆兴路8号,江苏省,南京市,江宁区,1,15e1e85e8e989cdc581093dc,118.71011049958226,31.886109039104436,18
8926,九岛梦都城,118.712961,31.887655,南京市江宁区庆兴路8号,江苏省,南京市,江宁区,1,15e1e85e8e989cdc581093dc,118.70984945200105,31.886124062476277,19
8926,九岛梦都城,118.712961,31.887655,南京市江宁区庆兴路8号,江苏省,南京市,江宁区,1,15e1e85e8e989cdc581093dc,118.70976501128312,31.886748603315876,20
8926,九岛梦都城,118.712961,31.887655,南京市江宁区庆兴路8号,江苏省,南京市,江宁区,1,15e1e85e8e989cdc581093dc,118.70927543478018,31.887871509016623,21
8926,九岛梦都城,118.712961,31.887655,南京市江宁区庆兴路8号,江苏省,南京市,江宁区,1,15e1e85e8e989cdc581093dc,118.70917212964653,31.88833139814572,22
8926,九岛梦都城,118.712961,31.887655,南京市江宁区庆兴路8号,江苏省,南京市,江宁区,1,15e1e85e8e989cdc581093dc,118.70915748726672,31.889313100381,23
8927,中港大厦(庆兴路),118.712093,31.884693,江苏省南京市江宁区庆兴路1号,江苏省,南京市,江宁区,1,31a3b455f0c0b13197f08c71,118.71153351971348,31.884882503976982,1
8927,中港大厦(庆兴路),118.712093,31.884693,江苏省南京市江宁区庆兴路1号,江苏省,南京市,江宁区,1,31a3b455f0c0b13197f08c71,118.71252130094379,31.884879667050722,2
8927,中港大厦(庆兴路),118.712093,31.884693,江苏省南京市江宁区庆兴路1号,江苏省,南京市,江宁区,1,31a3b455f0c0b13197f08c71,118.71266400306219,31.88486607523621,3
8927,中港大厦(庆兴路),118.712093,31.884693,江苏省南京市江宁区庆兴路1号,江苏省,南京市,江宁区,1,31a3b455f0c0b13197f08c71,118.7125988247093,31.884619300526026,4
8927,中港大厦(庆兴路),118.712093,31.884693,江苏省南京市江宁区庆兴路1号,江苏省,南京市,江宁区,1,31a3b455f0c0b13197f08c71,118.71255761943557,31.88462704811375,5
8927,中港大厦(庆兴路),118.712093,31.884693,江苏省南京市江宁区庆兴路1号,江苏省,南京市,江宁区,1,31a3b455f0c0b13197f08c71,118.71242108148958,31.884407563457177,6
8927,中港大厦(庆兴路),118.712093,31.884693,江苏省南京市江宁区庆兴路1号,江苏省,南京市,江宁区,1,31a3b455f0c0b13197f08c71,118.71152061375824,31.884604780580883,7
8927,中港大厦(庆兴路),118.712093,31.884693,江苏省南京市江宁区庆兴路1号,江苏省,南京市,江宁区,1,31a3b455f0c0b13197f08c71,118.7115014987153,31.884646116761203,8
8927,中港大厦(庆兴路),118.712093,31.884693,江苏省南京市江宁区庆兴路1号,江苏省,南京市,江宁区,1,31a3b455f0c0b13197f08c71,118.71153351971348,31.884882503976982,9
8931,九龙湖人才公寓,118.819212,31.881925,南京市江宁区苏源大道70号,江苏省,南京市,江宁区,1,7835d18b27e987875cd4fead,118.81800687269121,31.882116873595443,1
8931,九龙湖人才公寓,118.819212,31.881925,南京市江宁区苏源大道70号,江苏省,南京市,江宁区,1,7835d18b27e987875cd4fead,118.8180248388014,31.88122385924136,2
8931,九龙湖人才公寓,118.819212,31.881925,南京市江宁区苏源大道70号,江苏省,南京市,江宁区,1,7835d18b27e987875cd4fead,118.81810119476975,31.88118162289531,3
8931,九龙湖人才公寓,118.819212,31.881925,南京市江宁区苏源大道70号,江苏省,南京市,江宁区,1,7835d18b27e987875cd4fead,118.8185638221074,31.880821348368343,4
8931,九龙湖人才公寓,118.819212,31.881925,南京市江宁区苏源大道70号,江苏省,南京市,江宁区,1,7835d18b27e987875cd4fead,118.8186626357135,31.88065270873919,5
8931,九龙湖人才公寓,118.819212,31.881925,南京市江宁区苏源大道70号,江苏省,南京市,江宁区,1,7835d18b27e987875cd4fead,118.82086797574048,31.880798352073636,6
8931,九龙湖人才公寓,118.819212,31.881925,南京市江宁区苏源大道70号,江苏省,南京市,江宁区,1,7835d18b27e987875cd4fead,118.8206344163079,31.881472984296597,7
8931,九龙湖人才公寓,118.819212,31.881925,南京市江宁区苏源大道70号,江苏省,南京市,江宁区,1,7835d18b27e987875cd4fead,118.82032450090695,31.8824809756516,8
8931,九龙湖人才公寓,118.819212,31.881925,南京市江宁区苏源大道70号,江苏省,南京市,江宁区,1,7835d18b27e987875cd4fead,118.81882442053583,31.88248480829709,9
8931,九龙湖人才公寓,118.819212,31.881925,南京市江宁区苏源大道70号,江苏省,南京市,江宁区,1,7835d18b27e987875cd4fead,118.8179978896361,31.88243498389311,10
8931,九龙湖人才公寓,118.819212,31.881925,南京市江宁区苏源大道70号,江苏省,南京市,江宁区,1,7835d18b27e987875cd4fead,118.81800687269121,31.882116873595443,11
8974,武夷名仕园,118.900111,31.887561,江苏省南京市江宁区武夷名仕园(平和路南80米),江苏省,南京市,江宁区,1,c17319dfb03e5f2b1ef74d8d,118.8974910184015,31.886380362734876,1
8974,武夷名仕园,118.900111,31.887561,江苏省南京市江宁区武夷名仕园(平和路南80米),江苏省,南京市,江宁区,1,c17319dfb03e5f2b1ef74d8d,118.89869486815779,31.888992597454298,2
8974,武夷名仕园,118.900111,31.887561,江苏省南京市江宁区武夷名仕园(平和路南80米),江苏省,南京市,江宁区,1,c17319dfb03e5f2b1ef74d8d,118.90230883566515,31.88729599344195,3
8974,武夷名仕园,118.900111,31.887561,江苏省南京市江宁区武夷名仕园(平和路南80米),江苏省,南京市,江宁区,1,c17319dfb03e5f2b1ef74d8d,118.90142376219535,31.88593920791523,4
8974,武夷名仕园,118.900111,31.887561,江苏省南京市江宁区武夷名仕园(平和路南80米),江苏省,南京市,江宁区,1,c17319dfb03e5f2b1ef74d8d,118.90101090098295,31.885689730049286,5
8974,武夷名仕园,118.900111,31.887561,江苏省南京市江宁区武夷名仕园(平和路南80米),江苏省,南京市,江宁区,1,c17319dfb03e5f2b1ef74d8d,118.89968842279761,31.88565542723201,6
8974,武夷名仕园,118.900111,31.887561,江苏省南京市江宁区武夷名仕园(平和路南80米),江苏省,南京市,江宁区,1,c17319dfb03e5f2b1ef74d8d,118.89910927625228,31.885695678642332,7
8974,武夷名仕园,118.900111,31.887561,江苏省南京市江宁区武夷名仕园(平和路南80米),江苏省,南京市,江宁区,1,c17319dfb03e5f2b1ef74d8d,118.8974910184015,31.886380362734876,8
8979,骋望骊都,118.901304,31.889347,江苏省南京市江宁区弘景大道3889号,江苏省,南京市,江宁区,1,3810c8797b71d9f59c09f76f,118.89997086532114,31.89109411112422,1
8979,骋望骊都,118.901304,31.889347,江苏省南京市江宁区弘景大道3889号,江苏省,南京市,江宁区,1,3810c8797b71d9f59c09f76f,118.90374613436248,31.889568152986275,2
8979,骋望骊都,118.901304,31.889347,江苏省南京市江宁区弘景大道3889号,江苏省,南京市,江宁区,1,3810c8797b71d9f59c09f76f,118.90280718232479,31.88799376310307,3
8979,骋望骊都,118.901304,31.889347,江苏省南京市江宁区弘景大道3889号,江苏省,南京市,江宁区,1,3810c8797b71d9f59c09f76f,118.90253161722823,31.88764093414434,4
8979,骋望骊都,118.901304,31.889347,江苏省南京市江宁区弘景大道3889号,江苏省,南京市,江宁区,1,3810c8797b71d9f59c09f76f,118.90242116248103,31.887600967728897,5
8979,骋望骊都,118.901304,31.889347,江苏省南京市江宁区弘景大道3889号,江苏省,南京市,江宁区,1,3810c8797b71d9f59c09f76f,118.90075890472806,31.888332821422324,6
8979,骋望骊都,118.901304,31.889347,江苏省南京市江宁区弘景大道3889号,江苏省,南京市,江宁区,1,3810c8797b71d9f59c09f76f,118.8999636860635,31.888687197444124,7
8979,骋望骊都,118.901304,31.889347,江苏省南京市江宁区弘景大道3889号,江苏省,南京市,江宁区,1,3810c8797b71d9f59c09f76f,118.89892565002975,31.889178880203914,8
8979,骋望骊都,118.901304,31.889347,江苏省南京市江宁区弘景大道3889号,江苏省,南京市,江宁区,1,3810c8797b71d9f59c09f76f,118.89997086532114,31.89109411112422,9
8980,招商方山里,118.903285,31.886109,江苏省南京市江宁区弘景大道与平和路交汇处东侧,江苏省,南京市,江宁区,1,d7b6562e8d39476f4e776e37,118.90261142358804,31.88722340218557,1
8980,招商方山里,118.903285,31.886109,江苏省南京市江宁区弘景大道与平和路交汇处东侧,江苏省,南京市,江宁区,1,d7b6562e8d39476f4e776e37,118.90478779146574,31.886159444040178,2
8980,招商方山里,118.903285,31.886109,江苏省南京市江宁区弘景大道与平和路交汇处东侧,江苏省,南京市,江宁区,1,d7b6562e8d39476f4e776e37,118.90412051935326,31.884914174127708,3
8980,招商方山里,118.903285,31.886109,江苏省南京市江宁区弘景大道与平和路交汇处东侧,江苏省,南京市,江宁区,1,d7b6562e8d39476f4e776e37,118.90173420310501,31.886046812808473,4
8980,招商方山里,118.903285,31.886109,江苏省南京市江宁区弘景大道与平和路交汇处东侧,江苏省,南京市,江宁区,1,d7b6562e8d39476f4e776e37,118.9024452352721,31.887183444095196,5
8980,招商方山里,118.903285,31.886109,江苏省南京市江宁区弘景大道与平和路交汇处东侧,江苏省,南京市,江宁区,1,d7b6562e8d39476f4e776e37,118.90252583034415,31.887226876987917,6
8980,招商方山里,118.903285,31.886109,江苏省南京市江宁区弘景大道与平和路交汇处东侧,江苏省,南京市,江宁区,1,d7b6562e8d39476f4e776e37,118.90261142358804,31.88722340218557,7
8983,梁台煦府,118.989925,31.88412,南京市江宁区润湖大道398号,江苏省,南京市,江宁区,1,793ad283ec2f46fc601c671b,118.98971662346523,31.88248687792559,1
8983,梁台煦府,118.989925,31.88412,南京市江宁区润湖大道398号,江苏省,南京市,江宁区,1,793ad283ec2f46fc601c671b,118.99188603127182,31.884886082347208,2
8983,梁台煦府,118.989925,31.88412,南京市江宁区润湖大道398号,江苏省,南京市,江宁区,1,793ad283ec2f46fc601c671b,118.99195340418507,31.884886082347208,3
8983,梁台煦府,118.989925,31.88412,南京市江宁区润湖大道398号,江苏省,南京市,江宁区,1,793ad283ec2f46fc601c671b,118.99198933640547,31.884935905412345,4
8983,梁台煦府,118.989925,31.88412,南京市江宁区润湖大道398号,江苏省,南京市,江宁区,1,793ad283ec2f46fc601c671b,118.99149077684743,31.88526167093678,5
8983,梁台煦府,118.989925,31.88412,南京市江宁区润湖大道398号,江苏省,南京市,江宁区,1,793ad283ec2f46fc601c671b,118.99137399713113,31.88528083357846,6
8983,梁台煦府,118.989925,31.88412,南京市江宁区润湖大道398号,江苏省,南京市,江宁区,1,793ad283ec2f46fc601c671b,118.99043077634566,31.885928451849292,7
8983,梁台煦府,118.989925,31.88412,南京市江宁区润湖大道398号,江苏省,南京市,江宁区,1,793ad283ec2f46fc601c671b,118.99033196273956,31.885874873473483,8
8983,梁台煦府,118.989925,31.88412,南京市江宁区润湖大道398号,江苏省,南京市,江宁区,1,793ad283ec2f46fc601c671b,118.9884634872788,31.883663415800175,9
8983,梁台煦府,118.989925,31.88412,南京市江宁区润湖大道398号,江苏省,南京市,江宁区,1,793ad283ec2f46fc601c671b,118.98813560576767,31.883303151074855,10
8983,梁台煦府,118.989925,31.88412,南京市江宁区润湖大道398号,江苏省,南京市,江宁区,1,793ad283ec2f46fc601c671b,118.98827933464926,31.883218833593236,11
8983,梁台煦府,118.989925,31.88412,南京市江宁区润湖大道398号,江苏省,南京市,江宁区,1,793ad283ec2f46fc601c671b,118.9887419619869,31.882973545930835,12
8983,梁台煦府,118.989925,31.88412,南京市江宁区润湖大道398号,江苏省,南京市,江宁区,1,793ad283ec2f46fc601c671b,118.9889126400338,31.88288156288738,13
8983,梁台煦府,118.989925,31.88412,南京市江宁区润湖大道398号,江苏省,南京市,江宁区,1,793ad283ec2f46fc601c671b,118.98904738586029,31.882804910280317,14
8983,梁台煦府,118.989925,31.88412,南京市江宁区润湖大道398号,江苏省,南京市,江宁区,1,793ad283ec2f46fc601c671b,118.98971662346523,31.88248687792559,15
8985,盛江花苑-石榴园,118.607532,31.870364,南京市江宁区润寿北路与澄江路交叉口北150米,江苏省,南京市,江宁区,1,6124c2e4c52f3f56f03cbaf4,118.60916826874825,31.869087809191786,1
8985,盛江花苑-石榴园,118.607532,31.870364,南京市江宁区润寿北路与澄江路交叉口北150米,江苏省,南京市,江宁区,1,6124c2e4c52f3f56f03cbaf4,118.6091061958375,31.868973732844843,2
8985,盛江花苑-石榴园,118.607532,31.870364,南京市江宁区润寿北路与澄江路交叉口北150米,江苏省,南京市,江宁区,1,6124c2e4c52f3f56f03cbaf4,118.60891898896922,31.868965146447362,3
8985,盛江花苑-石榴园,118.607532,31.870364,南京市江宁区润寿北路与澄江路交叉口北150米,江苏省,南京市,江宁区,1,6124c2e4c52f3f56f03cbaf4,118.60748170015326,31.86947496239756,4
8985,盛江花苑-石榴园,118.607532,31.870364,南京市江宁区润寿北路与澄江路交叉口北150米,江苏省,南京市,江宁区,1,6124c2e4c52f3f56f03cbaf4,118.60586924176285,31.8704409216512,5
8985,盛江花苑-石榴园,118.607532,31.870364,南京市江宁区润寿北路与澄江路交叉口北150米,江苏省,南京市,江宁区,1,6124c2e4c52f3f56f03cbaf4,118.60535271609461,31.870828069116975,6
8985,盛江花苑-石榴园,118.607532,31.870364,南京市江宁区润寿北路与澄江路交叉口北150米,江苏省,南京市,江宁区,1,6124c2e4c52f3f56f03cbaf4,118.6059366146761,31.871100221302935,7
8985,盛江花苑-石榴园,118.607532,31.870364,南京市江宁区润寿北路与澄江路交叉口北150米,江苏省,南京市,江宁区,1,6124c2e4c52f3f56f03cbaf4,118.60611178425054,31.871192216224504,8
8985,盛江花苑-石榴园,118.607532,31.870364,南京市江宁区润寿北路与澄江路交叉口北150米,江苏省,南京市,江宁区,1,6124c2e4c52f3f56f03cbaf4,118.60695169990237,31.871541029459717,9
8985,盛江花苑-石榴园,118.607532,31.870364,南京市江宁区润寿北路与澄江路交叉口北150米,江苏省,南京市,江宁区,1,6124c2e4c52f3f56f03cbaf4,118.60754458153896,31.871636780376114,10
8985,盛江花苑-石榴园,118.607532,31.870364,南京市江宁区润寿北路与澄江路交叉口北150米,江苏省,南京市,江宁区,1,6124c2e4c52f3f56f03cbaf4,118.60764788667261,31.87159078315099,11
8985,盛江花苑-石榴园,118.607532,31.870364,南京市江宁区润寿北路与澄江路交叉口北150米,江苏省,南京市,江宁区,1,6124c2e4c52f3f56f03cbaf4,118.60827670052959,31.87162144797031,12
8985,盛江花苑-石榴园,118.607532,31.870364,南京市江宁区润寿北路与澄江路交叉口北150米,江苏省,南京市,江宁区,1,6124c2e4c52f3f56f03cbaf4,118.60916826874825,31.869087809191786,13
8987,司家小苑,118.607156,31.87285,南京市江宁区宁新路80号,江苏省,南京市,江宁区,1,bdaf620f211c7606d2f49e76,118.60725784242017,31.873982531454796,1
8987,司家小苑,118.607156,31.87285,南京市江宁区宁新路80号,江苏省,南京市,江宁区,1,bdaf620f211c7606d2f49e76,118.60755652900224,31.87329067186332,2
8987,司家小苑,118.607156,31.87285,南京市江宁区宁新路80号,江苏省,南京市,江宁区,1,bdaf620f211c7606d2f49e76,118.60788216474961,31.872851712022072,3
8987,司家小苑,118.607156,31.87285,南京市江宁区宁新路80号,江苏省,南京市,江宁区,1,bdaf620f211c7606d2f49e76,118.6080438597414,31.872081265700388,4
8987,司家小苑,118.607156,31.87285,南京市江宁区宁新路80号,江苏省,南京市,江宁区,1,bdaf620f211c7606d2f49e76,118.6076575883721,31.872054434119242,5
8987,司家小苑,118.607156,31.87285,南京市江宁区宁新路80号,江苏省,南京市,江宁区,1,bdaf620f211c7606d2f49e76,118.60657288446882,31.8721905851466,6
8987,司家小苑,118.607156,31.87285,南京市江宁区宁新路80号,江苏省,南京市,江宁区,1,bdaf620f211c7606d2f49e76,118.60658186752391,31.87292270008224,7
8987,司家小苑,118.607156,31.87285,南京市江宁区宁新路80号,江苏省,南京市,江宁区,1,bdaf620f211c7606d2f49e76,118.60645161322496,31.87300319403614,8
8987,司家小苑,118.607156,31.87285,南京市江宁区宁新路80号,江苏省,南京市,江宁区,1,bdaf620f211c7606d2f49e76,118.60638873183927,31.873528319516662,9
8987,司家小苑,118.607156,31.87285,南京市江宁区宁新路80号,江苏省,南京市,江宁区,1,bdaf620f211c7606d2f49e76,118.60653210139866,31.873657108954088,10
8987,司家小苑,118.607156,31.87285,南京市江宁区宁新路80号,江苏省,南京市,江宁区,1,bdaf620f211c7606d2f49e76,118.60704126096171,31.873673974224094,11
8987,司家小苑,118.607156,31.87285,南京市江宁区宁新路80号,江苏省,南京市,江宁区,1,bdaf620f211c7606d2f49e76,118.60702994231228,31.873882106731507,12
8987,司家小苑,118.607156,31.87285,南京市江宁区宁新路80号,江苏省,南京市,江宁区,1,bdaf620f211c7606d2f49e76,118.60725784242017,31.873982531454796,13
8988,府前小区,118.617622,31.870038,南京市江宁区宁桥南路5号,江苏省,南京市,江宁区,1,99fe827ba64b2f1e343a7150,118.61707371655824,31.868828837279242,1
8988,府前小区,118.617622,31.870038,南京市江宁区宁桥南路5号,江苏省,南京市,江宁区,1,99fe827ba64b2f1e343a7150,118.61763515750198,31.8687100074109,2
8988,府前小区,118.617622,31.870038,南京市江宁区宁桥南路5号,江苏省,南京市,江宁区,1,99fe827ba64b2f1e343a7150,118.61766022022572,31.86876045262552,3
8988,府前小区,118.617622,31.870038,南京市江宁区宁桥南路5号,江苏省,南京市,江宁区,1,99fe827ba64b2f1e343a7150,118.61772947958053,31.868798171521572,4
8988,府前小区,118.617622,31.870038,南京市江宁区宁桥南路5号,江苏省,南京市,江宁区,1,99fe827ba64b2f1e343a7150,118.61781481860397,31.86972963931384,5
8988,府前小区,118.617622,31.870038,南京市江宁区宁桥南路5号,江苏省,南京市,江宁区,1,99fe827ba64b2f1e343a7150,118.61790914068253,31.870626599314,6
8988,府前小区,118.617622,31.870038,南京市江宁区宁桥南路5号,江苏省,南京市,江宁区,1,99fe827ba64b2f1e343a7150,118.61794956443048,31.871324228774945,7
8988,府前小区,118.617622,31.870038,南京市江宁区宁桥南路5号,江苏省,南京市,江宁区,1,99fe827ba64b2f1e343a7150,118.61789620508318,31.871335804779267,8
8988,府前小区,118.617622,31.870038,南京市江宁区宁桥南路5号,江苏省,南京市,江宁区,1,99fe827ba64b2f1e343a7150,118.61779604401882,31.871346614159457,9
8988,府前小区,118.617622,31.870038,南京市江宁区宁桥南路5号,江苏省,南京市,江宁区,1,99fe827ba64b2f1e343a7150,118.61737806246504,31.871352440491506,10
8988,府前小区,118.617622,31.870038,南京市江宁区宁桥南路5号,江苏省,南京市,江宁区,1,99fe827ba64b2f1e343a7150,118.61736907940993,31.87022549829074,11
8988,府前小区,118.617622,31.870038,南京市江宁区宁桥南路5号,江苏省,南京市,江宁区,1,99fe827ba64b2f1e343a7150,118.61734769973879,31.86994813038244,12
8988,府前小区,118.617622,31.870038,南京市江宁区宁桥南路5号,江苏省,南京市,江宁区,1,99fe827ba64b2f1e343a7150,118.61731967260688,31.869662021971887,13
8988,府前小区,118.617622,31.870038,南京市江宁区宁桥南路5号,江苏省,南京市,江宁区,1,99fe827ba64b2f1e343a7150,118.61707371655824,31.868828837279242,14
8989,梅府花园小区,118.617166,31.877516,南京市江宁区太康路100号,江苏省,南京市,江宁区,1,cb0c575f684f424816a1902a,118.61665117251076,31.878282906091513,1
8989,梅府花园小区,118.617166,31.877516,南京市江宁区太康路100号,江苏省,南京市,江宁区,1,cb0c575f684f424816a1902a,118.61815303512,31.87777412001977,2
8989,梅府花园小区,118.617166,31.877516,南京市江宁区太康路100号,江苏省,南京市,江宁区,1,cb0c575f684f424816a1902a,118.61801493861395,31.87752928034291,3
8989,梅府花园小区,118.617166,31.877516,南京市江宁区太康路100号,江苏省,南京市,江宁区,1,cb0c575f684f424816a1902a,118.61769788617575,31.87675405895055,4
8989,梅府花园小区,118.617166,31.877516,南京市江宁区太康路100号,江苏省,南京市,江宁区,1,cb0c575f684f424816a1902a,118.61619687426182,31.87723842255685,5
8989,梅府花园小区,118.617166,31.877516,南京市江宁区太康路100号,江苏省,南京市,江宁区,1,cb0c575f684f424816a1902a,118.61665117251076,31.878282906091513,6
8991,庆缘北路小区,118.697373,31.876021,南京市江宁区庆缘北路与兴谷西路交叉路口往南约110米,江苏省,南京市,江宁区,1,bec5b59d78832f07e01103ec,118.6970195832159,31.8769097485843,1
8991,庆缘北路小区,118.697373,31.876021,南京市江宁区庆缘北路与兴谷西路交叉路口往南约110米,江苏省,南京市,江宁区,1,bec5b59d78832f07e01103ec,118.69775170220653,31.87689058418413,2
8991,庆缘北路小区,118.697373,31.876021,南京市江宁区庆缘北路与兴谷西路交叉路口往南约110米,江苏省,南京市,江宁区,1,bec5b59d78832f07e01103ec,118.69777415984429,31.876656778177868,3
8991,庆缘北路小区,118.697373,31.876021,南京市江宁区庆缘北路与兴谷西路交叉路口往南约110米,江苏省,南京市,江宁区,1,bec5b59d78832f07e01103ec,118.69805712607993,31.876672109737623,4
8991,庆缘北路小区,118.697373,31.876021,南京市江宁区庆缘北路与兴谷西路交叉路口往南约110米,江苏省,南京市,江宁区,1,bec5b59d78832f07e01103ec,118.69806161760748,31.876215994733336,5
8991,庆缘北路小区,118.697373,31.876021,南京市江宁区庆缘北路与兴谷西路交叉路口往南约110米,江苏省,南京市,江宁区,1,bec5b59d78832f07e01103ec,118.69856916022061,31.876223660550558,6
8991,庆缘北路小区,118.697373,31.876021,南京市江宁区庆缘北路与兴谷西路交叉路口往南约110米,江苏省,南京市,江宁区,1,bec5b59d78832f07e01103ec,118.69858263480326,31.87580203964649,7
8991,庆缘北路小区,118.697373,31.876021,南京市江宁区庆缘北路与兴谷西路交叉路口往南约110米,江苏省,南京市,江宁区,1,bec5b59d78832f07e01103ec,118.69822780412682,31.875767543304487,8
8991,庆缘北路小区,118.697373,31.876021,南京市江宁区庆缘北路与兴谷西路交叉路口往南约110米,江苏省,南京市,江宁区,1,bec5b59d78832f07e01103ec,118.69834458384312,31.874483503518935,9
8991,庆缘北路小区,118.697373,31.876021,南京市江宁区庆缘北路与兴谷西路交叉路口往南约110米,江苏省,南京市,江宁区,1,bec5b59d78832f07e01103ec,118.69791339719833,31.874445173695367,10
8991,庆缘北路小区,118.697373,31.876021,南京市江宁区庆缘北路与兴谷西路交叉路口往南约110米,江苏省,南京市,江宁区,1,bec5b59d78832f07e01103ec,118.69785500734018,31.87504695006758,11
8991,庆缘北路小区,118.697373,31.876021,南京市江宁区庆缘北路与兴谷西路交叉路口往南约110米,江苏省,南京市,江宁区,1,bec5b59d78832f07e01103ec,118.69722574433044,31.87504917318313,12
8991,庆缘北路小区,118.697373,31.876021,南京市江宁区庆缘北路与兴谷西路交叉路口往南约110米,江苏省,南京市,江宁区,1,bec5b59d78832f07e01103ec,118.6971273798771,31.875598894333596,13
8991,庆缘北路小区,118.697373,31.876021,南京市江宁区庆缘北路与兴谷西路交叉路口往南约110米,江苏省,南京市,江宁区,1,bec5b59d78832f07e01103ec,118.69708569850143,31.8758343895376,14
8991,庆缘北路小区,118.697373,31.876021,南京市江宁区庆缘北路与兴谷西路交叉路口往南约110米,江苏省,南京市,江宁区,1,bec5b59d78832f07e01103ec,118.6970195832159,31.8769097485843,15
8993,谷里供销花苑,118.694432,31.87101,南京市江宁区莲花街与金牛街交叉路口西北侧,江苏省,南京市,江宁区,1,eea082067a66b7a9581093cf,118.69406119817141,31.87110355144405,1
8993,谷里供销花苑,118.694432,31.87101,南京市江宁区莲花街与金牛街交叉路口西北侧,江苏省,南京市,江宁区,1,eea082067a66b7a9581093cf,118.69425047204066,31.871204134543124,2
8993,谷里供销花苑,118.694432,31.87101,南京市江宁区莲花街与金牛街交叉路口西北侧,江苏省,南京市,江宁区,1,eea082067a66b7a9581093cf,118.69461705165487,31.871372306824433,3
8993,谷里供销花苑,118.694432,31.87101,南京市江宁区莲花街与金牛街交叉路口西北侧,江苏省,南京市,江宁区,1,eea082067a66b7a9581093cf,118.69469219221587,31.871388717449705,4
8993,谷里供销花苑,118.694432,31.87101,南京市江宁区莲花街与金牛街交叉路口西北侧,江苏省,南京市,江宁区,1,eea082067a66b7a9581093cf,118.69486603409477,31.87090447604012,5
8993,谷里供销花苑,118.694432,31.87101,南京市江宁区莲花街与金牛街交叉路口西北侧,江苏省,南京市,江宁区,1,eea082067a66b7a9581093cf,118.69484204215121,31.870843683544777,6
8993,谷里供销花苑,118.694432,31.87101,南京市江宁区莲花街与金牛街交叉路口西北侧,江苏省,南京市,江宁区,1,eea082067a66b7a9581093cf,118.694037556567,31.87069283401739,7
8993,谷里供销花苑,118.694432,31.87101,南京市江宁区莲花街与金牛街交叉路口西北侧,江苏省,南京市,江宁区,1,eea082067a66b7a9581093cf,118.69400329160163,31.87089502667957,8
8993,谷里供销花苑,118.694432,31.87101,南京市江宁区莲花街与金牛街交叉路口西北侧,江苏省,南京市,江宁区,1,eea082067a66b7a9581093cf,118.69406119817141,31.87110355144405,9
8995,金牛花苑(庆缘东街),118.701193,31.873256,南京市江宁区庆缘东街1号,江苏省,南京市,江宁区,1,5b25f4468f70b1ea10293578,118.70102386985718,31.87396420970054,1
8995,金牛花苑(庆缘东街),118.701193,31.873256,南京市江宁区庆缘东街1号,江苏省,南京市,江宁区,1,5b25f4468f70b1ea10293578,118.70102386985718,31.873642236849765,2
8995,金牛花苑(庆缘东街),118.701193,31.873256,南京市江宁区庆缘东街1号,江苏省,南京市,江宁区,1,5b25f4468f70b1ea10293578,118.70191768383961,31.87367290097973,3
8995,金牛花苑(庆缘东街),118.701193,31.873256,南京市江宁区庆缘东街1号,江苏省,南京市,江宁区,1,5b25f4468f70b1ea10293578,118.7019266668947,31.87282196754848,4
8995,金牛花苑(庆缘东街),118.701193,31.873256,南京市江宁区庆缘东街1号,江苏省,南京市,江宁区,1,5b25f4468f70b1ea10293578,118.7020973449416,31.872745306489364,5
8995,金牛花苑(庆缘东街),118.701193,31.873256,南京市江宁区庆缘东街1号,江苏省,南京市,江宁区,1,5b25f4468f70b1ea10293578,118.7021242941069,31.87256131968474,6
8995,金牛花苑(庆缘东街),118.701193,31.873256,南京市江宁区庆缘东街1号,江苏省,南京市,江宁区,1,5b25f4468f70b1ea10293578,118.70045344585834,31.872526822117567,7
8995,金牛花苑(庆缘东街),118.701193,31.873256,南京市江宁区庆缘东街1号,江苏省,南京市,江宁区,1,5b25f4468f70b1ea10293578,118.70041203397432,31.87277045132385,8
8995,金牛花苑(庆缘东街),118.701193,31.873256,南京市江宁区庆缘东街1号,江苏省,南京市,江宁区,1,5b25f4468f70b1ea10293578,118.70039954752774,31.873968042703826,9
8995,金牛花苑(庆缘东街),118.701193,31.873256,南京市江宁区庆缘东街1号,江苏省,南京市,江宁区,1,5b25f4468f70b1ea10293578,118.70102386985718,31.87396420970054,10
8996,康居小区-青青家园,118.704514,31.873509,南京市江宁区振容路1号,江苏省,南京市,江宁区,1,fcd8cc8cedbe2e8d28d7ab56,118.7036680986004,31.8740006045202,1
8996,康居小区-青青家园,118.704514,31.873509,南京市江宁区振容路1号,江苏省,南京市,江宁区,1,fcd8cc8cedbe2e8d28d7ab56,118.70553160194017,31.874033434941637,2
8996,康居小区-青青家园,118.704514,31.873509,南京市江宁区振容路1号,江苏省,南京市,江宁区,1,fcd8cc8cedbe2e8d28d7ab56,118.70563815354991,31.87391979736967,3
8996,康居小区-青青家园,118.704514,31.873509,南京市江宁区振容路1号,江苏省,南京市,江宁区,1,fcd8cc8cedbe2e8d28d7ab56,118.7047105291447,31.87263845451119,4
8996,康居小区-青青家园,118.704514,31.873509,南京市江宁区振容路1号,江苏省,南京市,江宁区,1,fcd8cc8cedbe2e8d28d7ab56,118.70369212467958,31.87300551847049,5
8996,康居小区-青青家园,118.704514,31.873509,南京市江宁区振容路1号,江苏省,南京市,江宁区,1,fcd8cc8cedbe2e8d28d7ab56,118.7036680986004,31.8740006045202,6
8997,康居园,118.705202,31.875087,江苏省南京市江宁区振容路2号,江苏省,南京市,江宁区,1,1e59e1db69d8b0c44f3a591b,118.70399719821381,31.874208720260697,1
8997,康居园,118.705202,31.875087,江苏省南京市江宁区振容路2号,江苏省,南京市,江宁区,1,1e59e1db69d8b0c44f3a591b,118.7039416514926,31.875674163327723,2
8997,康居园,118.705202,31.875087,江苏省南京市江宁区振容路2号,江苏省,南京市,江宁区,1,1e59e1db69d8b0c44f3a591b,118.7041083033342,31.875682696506146,3
8997,康居园,118.705202,31.875087,江苏省南京市江宁区振容路2号,江苏省,南京市,江宁区,1,1e59e1db69d8b0c44f3a591b,118.70438640883874,31.875688546172203,4
8997,康居园,118.705202,31.875087,江苏省南京市江宁区振容路2号,江苏省,南京市,江宁区,1,1e59e1db69d8b0c44f3a591b,118.70467657139982,31.87569716834993,5
8997,康居园,118.705202,31.875087,江苏省南京市江宁区振容路2号,江苏省,南京市,江宁区,1,1e59e1db69d8b0c44f3a591b,118.70514850697914,31.875691953187783,6
8997,康居园,118.705202,31.875087,江苏省南京市江宁区振容路2号,江苏省,南京市,江宁区,1,1e59e1db69d8b0c44f3a591b,118.70516548405499,31.87579666488729,7
8997,康居园,118.705202,31.875087,江苏省南京市江宁区振容路2号,江苏省,南京市,江宁区,1,1e59e1db69d8b0c44f3a591b,118.7052246994559,31.875830741819648,8
8997,康居园,118.705202,31.875087,江苏省南京市江宁区振容路2号,江苏省,南京市,江宁区,1,1e59e1db69d8b0c44f3a591b,118.70529996488135,31.87588256356365,9
8997,康居园,118.705202,31.875087,江苏省南京市江宁区振容路2号,江苏省,南京市,江宁区,1,1e59e1db69d8b0c44f3a591b,118.70535411024596,31.8759727009077,10
8997,康居园,118.705202,31.875087,江苏省南京市江宁区振容路2号,江苏省,南京市,江宁区,1,1e59e1db69d8b0c44f3a591b,118.70537016476204,31.87598644805393,11
8997,康居园,118.705202,31.875087,江苏省南京市江宁区振容路2号,江苏省,南京市,江宁区,1,1e59e1db69d8b0c44f3a591b,118.70620969504081,31.875997218707372,12
8997,康居园,118.705202,31.875087,江苏省南京市江宁区振容路2号,江苏省,南京市,江宁区,1,1e59e1db69d8b0c44f3a591b,118.70668875508113,31.87599851369703,13
8997,康居园,118.705202,31.875087,江苏省南京市江宁区振容路2号,江苏省,南京市,江宁区,1,1e59e1db69d8b0c44f3a591b,118.70669304269335,31.875693521009786,14
8997,康居园,118.705202,31.875087,江苏省南京市江宁区振容路2号,江苏省,南京市,江宁区,1,1e59e1db69d8b0c44f3a591b,118.70600758708073,31.875150650147614,15
8997,康居园,118.705202,31.875087,江苏省南京市江宁区振容路2号,江苏省,南京市,江宁区,1,1e59e1db69d8b0c44f3a591b,118.70636340499492,31.874819058818883,16
8997,康居园,118.705202,31.875087,江苏省南京市江宁区振容路2号,江苏省,南京市,江宁区,1,1e59e1db69d8b0c44f3a591b,118.70597619579468,31.874334359478418,17
8997,康居园,118.705202,31.875087,江苏省南京市江宁区振容路2号,江苏省,南京市,江宁区,1,1e59e1db69d8b0c44f3a591b,118.70576137321841,31.874241776983737,18
8997,康居园,118.705202,31.875087,江苏省南京市江宁区振容路2号,江苏省,南京市,江宁区,1,1e59e1db69d8b0c44f3a591b,118.70539085633116,31.87420558318577,19
8997,康居园,118.705202,31.875087,江苏省南京市江宁区振容路2号,江苏省,南京市,江宁区,1,1e59e1db69d8b0c44f3a591b,118.70531953177198,31.87423568298668,20
8997,康居园,118.705202,31.875087,江苏省南京市江宁区振容路2号,江苏省,南京市,江宁区,1,1e59e1db69d8b0c44f3a591b,118.70399719821381,31.874208720260697,21
8998,中琅大厦,118.708484,31.873954,南京市江宁区谷里街道邻里大道1号,江苏省,南京市,江宁区,1,8fa14fc325238713f6eafca7,118.70808607828496,31.874586380685827,1
8998,中琅大厦,118.708484,31.873954,南京市江宁区谷里街道邻里大道1号,江苏省,南京市,江宁区,1,8fa14fc325238713f6eafca7,118.70791090871053,31.87457488175341,2
8998,中琅大厦,118.708484,31.873954,南京市江宁区谷里街道邻里大道1号,江苏省,南京市,江宁区,1,8fa14fc325238713f6eafca7,118.70763692552998,31.874513477429765,3
8998,中琅大厦,118.708484,31.873954,南京市江宁区谷里街道邻里大道1号,江苏省,南京市,江宁区,1,8fa14fc325238713f6eafca7,118.70741684068004,31.87399993328492,4
8998,中琅大厦,118.708484,31.873954,南京市江宁区谷里街道邻里大道1号,江苏省,南京市,江宁区,1,8fa14fc325238713f6eafca7,118.70798726467888,31.873773785894628,5
8998,中琅大厦,118.708484,31.873954,南京市江宁区谷里街道邻里大道1号,江苏省,南京市,江宁区,1,8fa14fc325238713f6eafca7,118.70916404489695,31.873183500235232,6
8998,中琅大厦,118.708484,31.873954,南京市江宁区谷里街道邻里大道1号,江苏省,南京市,江宁区,1,8fa14fc325238713f6eafca7,118.70956828237644,31.87396926926484,7
8998,中琅大厦,118.708484,31.873954,南京市江宁区谷里街道邻里大道1号,江苏省,南京市,江宁区,1,8fa14fc325238713f6eafca7,118.70808607828496,31.874586380685827,8
9000,东虹花苑北苑,118.780164,31.880075,江苏省南京市江宁区东虹花苑北苑(东阁街西),江苏省,南京市,江宁区,1,22137c57ffeff7824254d7dc,118.78016395647238,31.881739892293176,1
9000,东虹花苑北苑,118.780164,31.880075,江苏省南京市江宁区东虹花苑北苑(东阁街西),江苏省,南京市,江宁区,1,22137c57ffeff7824254d7dc,118.78032565146417,31.88155975630994,2
9000,东虹花苑北苑,118.780164,31.880075,江苏省南京市江宁区东虹花苑北苑(东阁街西),江苏省,南京市,江宁区,1,22137c57ffeff7824254d7dc,118.78022683785808,31.88130679879683,3
9000,东虹花苑北苑,118.780164,31.880075,江苏省南京市江宁区东虹花苑北苑(东阁街西),江苏省,南京市,江宁区,1,22137c57ffeff7824254d7dc,118.78052777020392,31.880770219931883,4
9000,东虹花苑北苑,118.780164,31.880075,江苏省南京市江宁区东虹花苑北苑(东阁街西),江苏省,南京市,江宁区,1,22137c57ffeff7824254d7dc,118.78059514311717,31.880632241999347,5
9000,东虹花苑北苑,118.780164,31.880075,江苏省南京市江宁区东虹花苑北苑(东阁街西),江苏省,南京市,江宁区,1,22137c57ffeff7824254d7dc,118.78071641436101,31.880567085680887,6
9000,东虹花苑北苑,118.780164,31.880075,江苏省南京市江宁区东虹花苑北苑(东阁街西),江苏省,南京市,江宁区,1,22137c57ffeff7824254d7dc,118.78088709240791,31.880413776512682,7
9000,东虹花苑北苑,118.780164,31.880075,江苏省南京市江宁区东虹花苑北苑(东阁街西),江苏省,南京市,江宁区,1,22137c57ffeff7824254d7dc,118.78120374510017,31.880385414288334,8
9000,东虹花苑北苑,118.780164,31.880075,江苏省南京市江宁区东虹花苑北苑(东阁街西),江苏省,南京市,江宁区,1,22137c57ffeff7824254d7dc,118.78119027051753,31.879185760778633,9
9000,东虹花苑北苑,118.780164,31.880075,江苏省南京市江宁区东虹花苑北苑(东阁街西),江苏省,南京市,江宁区,1,22137c57ffeff7824254d7dc,118.77936599168787,31.879196952507275,10
9000,东虹花苑北苑,118.780164,31.880075,江苏省南京市江宁区东虹花苑北苑(东阁街西),江苏省,南京市,江宁区,1,22137c57ffeff7824254d7dc,118.7793644645685,31.879505414405642,11
9000,东虹花苑北苑,118.780164,31.880075,江苏省南京市江宁区东虹花苑北苑(东阁街西),江苏省,南京市,江宁区,1,22137c57ffeff7824254d7dc,118.77929709165525,31.879597400853367,12
9000,东虹花苑北苑,118.780164,31.880075,江苏省南京市江宁区东虹花苑北苑(东阁街西),江苏省,南京市,江宁区,1,22137c57ffeff7824254d7dc,118.7792926001277,31.881724561585038,13
9000,东虹花苑北苑,118.780164,31.880075,江苏省南京市江宁区东虹花苑北苑(东阁街西),江苏省,南京市,江宁区,1,22137c57ffeff7824254d7dc,118.78016395647238,31.881739892293176,14
9001,东虹花苑西苑,118.779003,31.87737,南京市江宁区东屏街56号,江苏省,南京市,江宁区,1,b703e96b7a19ff878e1a89a7,118.78004349370349,31.878071946944385,1
9001,东虹花苑西苑,118.779003,31.87737,南京市江宁区东屏街56号,江苏省,南京市,江宁区,1,b703e96b7a19ff878e1a89a7,118.78119781628381,31.878002955963733,2
9001,东虹花苑西苑,118.779003,31.87737,南京市江宁区东屏街56号,江苏省,南京市,江宁区,1,b703e96b7a19ff878e1a89a7,118.78210061332133,31.877807481235244,3
9001,东虹花苑西苑,118.779003,31.87737,南京市江宁区东屏街56号,江苏省,南京市,江宁区,1,b703e96b7a19ff878e1a89a7,118.7820792336502,31.877757347649165,4
9001,东虹花苑西苑,118.779003,31.87737,南京市江宁区东屏街56号,江苏省,南京市,江宁区,1,b703e96b7a19ff878e1a89a7,118.78179716572006,31.877047425516825,5
9001,东虹花苑西苑,118.779003,31.87737,南京市江宁区东屏街56号,江苏省,南京市,江宁区,1,b703e96b7a19ff878e1a89a7,118.78143883165214,31.877164864695974,6
9001,东虹花苑西苑,118.779003,31.87737,南京市江宁区东屏街56号,江苏省,南京市,江宁区,1,b703e96b7a19ff878e1a89a7,118.78085646019002,31.876006027748986,7
9001,东虹花苑西苑,118.779003,31.87737,南京市江宁区东屏街56号,江苏省,南京市,江宁区,1,b703e96b7a19ff878e1a89a7,118.77985934107394,31.876320326450564,8
9001,东虹花苑西苑,118.779003,31.87737,南京市江宁区东屏街56号,江苏省,南京市,江宁区,1,b703e96b7a19ff878e1a89a7,118.77974256135765,31.876052022748556,9
9001,东虹花苑西苑,118.779003,31.87737,南京市江宁区东屏街56号,江苏省,南京市,江宁区,1,b703e96b7a19ff878e1a89a7,118.77872478121483,31.87641607235207,10
9001,东虹花苑西苑,118.779003,31.87737,南京市江宁区东屏街56号,江苏省,南京市,江宁区,1,b703e96b7a19ff878e1a89a7,118.77731147715598,31.87689058418413,11
9001,东虹花苑西苑,118.779003,31.87737,南京市江宁区东屏街56号,江苏省,南京市,江宁区,1,b703e96b7a19ff878e1a89a7,118.77608726640699,31.877314576432983,12
9001,东虹花苑西苑,118.779003,31.87737,南京市江宁区东屏街56号,江苏省,南京市,江宁区,1,b703e96b7a19ff878e1a89a7,118.77604738164236,31.877367776550724,13
9001,东虹花苑西苑,118.779003,31.87737,南京市江宁区东屏街56号,江苏省,南京市,江宁区,1,b703e96b7a19ff878e1a89a7,118.77591577988514,31.877566011874787,14
9001,东虹花苑西苑,118.779003,31.87737,南京市江宁区东屏街56号,江苏省,南京市,江宁区,1,b703e96b7a19ff878e1a89a7,118.77585289849944,31.878110275244424,15
9001,东虹花苑西苑,118.779003,31.87737,南京市江宁区东屏街56号,江苏省,南京市,江宁区,1,b703e96b7a19ff878e1a89a7,118.77592476294024,31.878267421106248,16
9001,东虹花苑西苑,118.779003,31.87737,南京市江宁区东屏街56号,江苏省,南京市,江宁区,1,b703e96b7a19ff878e1a89a7,118.7773890009215,31.87820992874917,17
9001,东虹花苑西苑,118.779003,31.87737,南京市江宁区东屏街56号,江苏省,南京市,江宁区,1,b703e96b7a19ff878e1a89a7,118.77739564838228,31.878577802552208,18
9001,东虹花苑西苑,118.779003,31.87737,南京市江宁区东屏街56号,江苏省,南京市,江宁区,1,b703e96b7a19ff878e1a89a7,118.77904942882614,31.87849371067175,19
9001,东虹花苑西苑,118.779003,31.87737,南京市江宁区东屏街56号,江苏省,南京市,江宁区,1,b703e96b7a19ff878e1a89a7,118.7790194254221,31.87814093787286,20
9001,东虹花苑西苑,118.779003,31.87737,南京市江宁区东屏街56号,江苏省,南京市,江宁区,1,b703e96b7a19ff878e1a89a7,118.78004349370349,31.878071946944385,21
9002,东虹花苑东屏苑,118.771798,31.878052,南京市江宁区X002(板汤线)东虹花苑东屏苑,江苏省,南京市,江宁区,1,56da5aa9bc1f9a4f97ec8452,118.77011596019051,31.879269008809494,1
9002,东虹花苑东屏苑,118.771798,31.878052,南京市江宁区X002(板汤线)东虹花苑东屏苑,江苏省,南京市,江宁区,1,56da5aa9bc1f9a4f97ec8452,118.77343501938878,31.87890796017013,2
9002,东虹花苑东屏苑,118.771798,31.878052,南京市江宁区X002(板汤线)东虹花苑东屏苑,江苏省,南京市,江宁区,1,56da5aa9bc1f9a4f97ec8452,118.77350194314927,31.87880501121988,3
9002,东虹花苑东屏苑,118.771798,31.878052,南京市江宁区X002(板汤线)东虹花苑东屏苑,江苏省,南京市,江宁区,1,56da5aa9bc1f9a4f97ec8452,118.77359374997239,31.877213005516857,4
9002,东虹花苑东屏苑,118.771798,31.878052,南京市江宁区X002(板汤线)东虹花苑东屏苑,江苏省,南京市,江宁区,1,56da5aa9bc1f9a4f97ec8452,118.77335399223179,31.8771625649746,5
9002,东虹花苑东屏苑,118.771798,31.878052,南京市江宁区X002(板汤线)东虹花苑东屏苑,江苏省,南京市,江宁区,1,56da5aa9bc1f9a4f97ec8452,118.77280881061779,31.87705256156764,6
9002,东虹花苑东屏苑,118.771798,31.878052,南京市江宁区X002(板汤线)东虹花苑东屏苑,江苏省,南京市,江宁区,1,56da5aa9bc1f9a4f97ec8452,118.77241975450141,31.876968391623834,7
9002,东虹花苑东屏苑,118.771798,31.878052,南京市江宁区X002(板汤线)东虹花苑东屏苑,江苏省,南京市,江宁区,1,56da5aa9bc1f9a4f97ec8452,118.77223775780509,31.87687410279675,8
9002,东虹花苑东屏苑,118.771798,31.878052,南京市江宁区X002(板汤线)东虹花苑东屏苑,江苏省,南京市,江宁区,1,56da5aa9bc1f9a4f97ec8452,118.77205171873396,31.876774754463785,9
9002,东虹花苑东屏苑,118.771798,31.878052,南京市江宁区X002(板汤线)东虹花苑东屏苑,江苏省,南京市,江宁区,1,56da5aa9bc1f9a4f97ec8452,118.77191248137991,31.876667203638778,10
9002,东虹花苑东屏苑,118.771798,31.878052,南京市江宁区X002(板汤线)东虹花苑东屏苑,江苏省,南京市,江宁区,1,56da5aa9bc1f9a4f97ec8452,118.77187565085401,31.87669357391694,11
9002,东虹花苑东屏苑,118.771798,31.878052,南京市江宁区X002(板汤线)东虹花苑东屏苑,江苏省,南京市,江宁区,1,56da5aa9bc1f9a4f97ec8452,118.77190933731063,31.87687210969855,12
9002,东虹花苑东屏苑,118.771798,31.878052,南京市江宁区X002(板汤线)东虹花苑东屏苑,江苏省,南京市,江宁区,1,56da5aa9bc1f9a4f97ec8452,118.77018243479826,31.87708705742381,13
9002,东虹花苑东屏苑,118.771798,31.878052,南京市江宁区X002(板汤线)东虹花苑东屏苑,江苏省,南京市,江宁区,1,56da5aa9bc1f9a4f97ec8452,118.77030433485596,31.877759034100528,14
9002,东虹花苑东屏苑,118.771798,31.878052,南京市江宁区X002(板汤线)东虹花苑东屏苑,江苏省,南京市,江宁区,1,56da5aa9bc1f9a4f97ec8452,118.77035401115066,31.877766009876257,15
9002,东虹花苑东屏苑,118.771798,31.878052,南京市江宁区X002(板汤线)东虹花苑东屏苑,江苏省,南京市,江宁区,1,56da5aa9bc1f9a4f97ec8452,118.770425965422,31.87804197420253,16
9002,东虹花苑东屏苑,118.771798,31.878052,南京市江宁区X002(板汤线)东虹花苑东屏苑,江苏省,南京市,江宁区,1,56da5aa9bc1f9a4f97ec8452,118.77035787386434,31.87804197420253,17
9002,东虹花苑东屏苑,118.771798,31.878052,南京市江宁区X002(板汤线)东虹花苑东屏苑,江苏省,南京市,江宁区,1,56da5aa9bc1f9a4f97ec8452,118.7703990162567,31.878299003558972,18
9002,东虹花苑东屏苑,118.771798,31.878052,南京市江宁区X002(板汤线)东虹花苑东屏苑,江苏省,南京市,江宁区,1,56da5aa9bc1f9a4f97ec8452,118.76993063976381,31.87834430749515,19
9002,东虹花苑东屏苑,118.771798,31.878052,南京市江宁区X002(板汤线)东虹花苑东屏苑,江苏省,南京市,江宁区,1,56da5aa9bc1f9a4f97ec8452,118.77011596019051,31.879269008809494,20
9003,东虹花苑-H区,118.777448,31.873606,南京市江宁区东宁街与西虹街交叉口西北150米,江苏省,南京市,江宁区,1,70cf884400438c7088f15d4f,118.77826799286301,31.872969999871366,1
9003,东虹花苑-H区,118.777448,31.873606,南京市江宁区东宁街与西虹街交叉口西北150米,江苏省,南京市,江宁区,1,70cf884400438c7088f15d4f,118.77825496743313,31.87338396780618,2
9003,东虹花苑-H区,118.777448,31.873606,南京市江宁区东宁街与西虹街交叉口西北150米,江苏省,南京市,江宁区,1,70cf884400438c7088f15d4f,118.77927696961183,31.873413022151823,3
9003,东虹花苑-H区,118.777448,31.873606,南京市江宁区东宁街与西虹街交叉口西北150米,江苏省,南京市,江宁区,1,70cf884400438c7088f15d4f,118.7793650035518,31.873548021245952,4
9003,东虹花苑-H区,118.777448,31.873606,南京市江宁区东宁街与西虹街交叉口西北150米,江苏省,南京市,江宁区,1,70cf884400438c7088f15d4f,118.77924498993566,31.873620005349085,5
9003,东虹花苑-H区,118.777448,31.873606,南京市江宁区东宁街与西虹街交叉口西北150米,江苏省,南京市,江宁区,1,70cf884400438c7088f15d4f,118.77962398503033,31.87420001576294,6
9003,东虹花苑-H区,118.777448,31.873606,南京市江宁区东宁街与西虹街交叉口西北150米,江苏省,南京市,江宁区,1,70cf884400438c7088f15d4f,118.77947998665708,31.874248004828452,7
9003,东虹花苑-H区,118.777448,31.873606,南京市江宁区东宁街与西虹街交叉口西北150米,江苏省,南京市,江宁区,1,70cf884400438c7088f15d4f,118.77938296966201,31.874227996610916,8
9003,东虹花苑-H区,118.777448,31.873606,南京市江宁区东宁街与西虹街交叉口西北150米,江苏省,南京市,江宁区,1,70cf884400438c7088f15d4f,118.77831802847992,31.87424302193943,9
9003,东虹花苑-H区,118.777448,31.873606,南京市江宁区东宁街与西虹街交叉口西北150米,江苏省,南京市,江宁区,1,70cf884400438c7088f15d4f,118.77809803346052,31.874365984228863,10
9003,东虹花苑-H区,118.777448,31.873606,南京市江宁区东宁街与西虹街交叉口西北150米,江苏省,南京市,江宁区,1,70cf884400438c7088f15d4f,118.77790902998123,31.87443896426243,11
9003,东虹花苑-H区,118.777448,31.873606,南京市江宁区东宁街与西虹街交叉口西北150米,江苏省,南京市,江宁区,1,70cf884400438c7088f15d4f,118.77774796380328,31.874487949777436,12
9003,东虹花苑-H区,118.777448,31.873606,南京市江宁区东宁街与西虹街交叉口西北150米,江苏省,南京市,江宁区,1,70cf884400438c7088f15d4f,118.77728901951824,31.874492012737598,13
9003,东虹花苑-H区,118.777448,31.873606,南京市江宁区东宁街与西虹街交叉口西北150米,江苏省,南京市,江宁区,1,70cf884400438c7088f15d4f,118.77719496693135,31.874564992670376,14
9003,东虹花苑-H区,118.777448,31.873606,南京市江宁区东宁街与西虹街交叉口西北150米,江苏省,南京市,江宁区,1,70cf884400438c7088f15d4f,118.77634903263261,31.874562999521718,15
9003,东虹花苑-H区,118.777448,31.873606,南京市江宁区东宁街与西虹街交叉口西北150米,江苏省,南京市,江宁区,1,70cf884400438c7088f15d4f,118.77625695631784,31.8745269695194,16
9003,东虹花苑-H区,118.777448,31.873606,南京市江宁区东宁街与西虹街交叉口西北150米,江苏省,南京市,江宁区,1,70cf884400438c7088f15d4f,118.77644595979713,31.87346898432183,17
9003,东虹花苑-H区,118.777448,31.873606,南京市江宁区东宁街与西虹街交叉口西北150米,江苏省,南京市,江宁区,1,70cf884400438c7088f15d4f,118.77660199546422,31.872964020320786,18
9003,东虹花苑-H区,118.777448,31.873606,南京市江宁区东宁街与西虹街交叉口西北150米,江苏省,南京市,江宁区,1,70cf884400438c7088f15d4f,118.77826799286301,31.872969999871366,19
9004,东善桥供销社福利房,118.78006,31.875478,南京市江宁区东虹街62号,江苏省,南京市,江宁区,1,6d7a0c438112829940ab9a57,118.77980113087689,31.87584604162826,1
9004,东善桥供销社福利房,118.78006,31.875478,南京市江宁区东虹街62号,江苏省,南京市,江宁区,1,6d7a0c438112829940ab9a57,118.78065002958382,31.87554324010479,2
9004,东善桥供销社福利房,118.78006,31.875478,南京市江宁区东虹街62号,江苏省,南京市,江宁区,1,6d7a0c438112829940ab9a57,118.78039401251347,31.875079453544657,3
9004,东善桥供销社福利房,118.78006,31.875478,南京市江宁区东虹街62号,江苏省,南京市,江宁区,1,6d7a0c438112829940ab9a57,118.78007960558499,31.875225105776128,4
9004,东善桥供销社福利房,118.78006,31.875478,南京市江宁区东虹街62号,江苏省,南京市,江宁区,1,6d7a0c438112829940ab9a57,118.78010206322273,31.875259602323215,5
9004,东善桥供销社福利房,118.78006,31.875478,南京市江宁区东虹街62号,江苏省,南京市,江宁区,1,6d7a0c438112829940ab9a57,118.77962596130244,31.875497244848752,6
9004,东善桥供销社福利房,118.78006,31.875478,南京市江宁区东虹街62号,江苏省,南京市,江宁区,1,6d7a0c438112829940ab9a57,118.77980113087689,31.87584604162826,7
9008,东善供销大厦,118.780666,31.87527,南京市江宁区东虹街与东屏街交叉路口西南侧,江苏省,南京市,江宁区,1,a100a9aaf76afe8baaf0cd0d,118.78044207185826,31.87512391582944,1
9008,东善供销大厦,118.780666,31.87527,南京市江宁区东虹街与东屏街交叉路口西南侧,江苏省,南京市,江宁区,1,a100a9aaf76afe8baaf0cd0d,118.78066296518315,31.875543086787307,2
9008,东善供销大厦,118.780666,31.87527,南京市江宁区东虹街与东屏街交叉路口西南侧,江苏省,南京市,江宁区,1,a100a9aaf76afe8baaf0cd0d,118.78083624831604,31.875468267825543,3
9008,东善供销大厦,118.780666,31.87527,南京市江宁区东虹街与东屏街交叉路口西南侧,江苏省,南京市,江宁区,1,a100a9aaf76afe8baaf0cd0d,118.78088206189705,31.87543315808669,4
9008,东善供销大厦,118.780666,31.87527,南京市江宁区东虹街与东屏街交叉路口西南侧,江苏省,南京市,江宁区,1,a100a9aaf76afe8baaf0cd0d,118.78089499749639,31.875390382447726,5
9008,东善供销大厦,118.780666,31.87527,南京市江宁区东虹街与东屏街交叉路口西南侧,江苏省,南京市,江宁区,1,a100a9aaf76afe8baaf0cd0d,118.78087218053643,31.875321006144762,6
9008,东善供销大厦,118.780666,31.87527,南京市江宁区东虹街与东屏街交叉路口西南侧,江苏省,南京市,江宁区,1,a100a9aaf76afe8baaf0cd0d,118.78072952962145,31.87501276007685,7
9008,东善供销大厦,118.780666,31.87527,南京市江宁区东虹街与东屏街交叉路口西南侧,江苏省,南京市,江宁区,1,a100a9aaf76afe8baaf0cd0d,118.78044207185826,31.87512391582944,8
9015,翠屏·诚园,118.839071,31.877167,南京市江宁区双龙大道3000号,江苏省,南京市,江宁区,1,ea9e5d33aadf75fd2a02e151,118.83802429591032,31.878705379549807,1
9015,翠屏·诚园,118.839071,31.877167,南京市江宁区双龙大道3000号,江苏省,南京市,江宁区,1,ea9e5d33aadf75fd2a02e151,118.83801334191006,31.87870508247145,2
9015,翠屏·诚园,118.839071,31.877167,南京市江宁区双龙大道3000号,江苏省,南京市,江宁区,1,ea9e5d33aadf75fd2a02e151,118.83800269131066,31.878702380331404,3
9015,翠屏·诚园,118.839071,31.877167,南京市江宁区双龙大道3000号,江苏省,南京市,江宁区,1,ea9e5d33aadf75fd2a02e151,118.83799294702969,31.87869736194168,4
9015,翠屏·诚园,118.839071,31.877167,南京市江宁区双龙大道3000号,江苏省,南京市,江宁区,1,ea9e5d33aadf75fd2a02e151,118.83798461124591,31.87869041791146,5
9015,翠屏·诚园,118.839071,31.877167,南京市江宁区双龙大道3000号,江苏省,南京市,江宁区,1,ea9e5d33aadf75fd2a02e151,118.83797808579929,31.878681740751375,6
9015,翠屏·诚园,118.839071,31.877167,南京市江宁区双龙大道3000号,江苏省,南京市,江宁区,1,ea9e5d33aadf75fd2a02e151,118.83797367187006,31.878671724790706,7
9015,翠屏·诚园,118.839071,31.877167,南京市江宁区双龙大道3000号,江苏省,南京市,江宁区,1,ea9e5d33aadf75fd2a02e151,118.83797167040227,31.878661064295077,8
9015,翠屏·诚园,118.839071,31.877167,南京市江宁区双龙大道3000号,江苏省,南京市,江宁区,1,ea9e5d33aadf75fd2a02e151,118.83796231289301,31.877083408944912,9
9015,翠屏·诚园,118.839071,31.877167,南京市江宁区双龙大道3000号,江苏省,南京市,江宁区,1,ea9e5d33aadf75fd2a02e151,118.83800159606965,31.87536141021396,10
9015,翠屏·诚园,118.839071,31.877167,南京市江宁区双龙大道3000号,江苏省,南京市,江宁区,1,ea9e5d33aadf75fd2a02e151,118.83800401758599,31.875350668111437,11
9015,翠屏·诚园,118.839071,31.877167,南京市江宁区双龙大道3000号,江苏省,南京市,江宁区,1,ea9e5d33aadf75fd2a02e151,118.83800854896057,31.87534058676606,12
9015,翠屏·诚园,118.839071,31.877167,南京市江宁区双龙大道3000号,江苏省,南京市,江宁区,1,ea9e5d33aadf75fd2a02e151,118.83801529015503,31.875331764175137,13
9015,翠屏·诚园,118.839071,31.877167,南京市江宁区双龙大道3000号,江苏省,南京市,江宁区,1,ea9e5d33aadf75fd2a02e151,118.8380237383177,31.87532460955047,14
9015,翠屏·诚园,118.839071,31.877167,南京市江宁区双龙大道3000号,江苏省,南京市,江宁区,1,ea9e5d33aadf75fd2a02e151,118.838033491182,31.875319430264874,15
9015,翠屏·诚园,118.839071,31.877167,南京市江宁区双龙大道3000号,江苏省,南京市,江宁区,1,ea9e5d33aadf75fd2a02e151,118.83804424698195,31.875316531831366,16
9015,翠屏·诚园,118.839071,31.877167,南京市江宁区双龙大道3000号,江苏省,南京市,江宁区,1,ea9e5d33aadf75fd2a02e151,118.83805520163527,31.875316029112057,17
9015,翠屏·诚园,118.839071,31.877167,南京市江宁区双龙大道3000号,江苏省,南京市,江宁区,1,ea9e5d33aadf75fd2a02e151,118.83952224392424,31.875301778343577,18
9015,翠屏·诚园,118.839071,31.877167,南京市江宁区双龙大道3000号,江苏省,南京市,江宁区,1,ea9e5d33aadf75fd2a02e151,118.83953460419393,31.875302151468716,19
9015,翠屏·诚园,118.839071,31.877167,南京市江宁区双龙大道3000号,江苏省,南京市,江宁区,1,ea9e5d33aadf75fd2a02e151,118.8395467615957,31.87530462780093,20
9015,翠屏·诚园,118.839071,31.877167,南京市江宁区双龙大道3000号,江苏省,南京市,江宁区,1,ea9e5d33aadf75fd2a02e151,118.8395582137486,31.875309116577377,21
9015,翠屏·诚园,118.839071,31.877167,南京市江宁区双龙大道3000号,江苏省,南京市,江宁区,1,ea9e5d33aadf75fd2a02e151,118.8395687598445,31.875315421528697,22
9015,翠屏·诚园,118.839071,31.877167,南京市江宁区双龙大道3000号,江苏省,南京市,江宁区,1,ea9e5d33aadf75fd2a02e151,118.83957809849115,31.875323448201485,23
9015,翠屏·诚园,118.839071,31.877167,南京市江宁区双龙大道3000号,江苏省,南京市,江宁区,1,ea9e5d33aadf75fd2a02e151,118.83958592847769,31.875332902190568,24
9015,翠屏·诚园,118.839071,31.877167,南京市江宁区双龙大道3000号,江苏省,南京市,江宁区,1,ea9e5d33aadf75fd2a02e151,118.83959194850082,31.875343589065512,25
9015,翠屏·诚园,118.839071,31.877167,南京市江宁区双龙大道3000号,江苏省,南京市,江宁区,1,ea9e5d33aadf75fd2a02e151,118.83960377964164,31.87537386439402,26
9015,翠屏·诚园,118.839071,31.877167,南京市江宁区双龙大道3000号,江苏省,南京市,江宁区,1,ea9e5d33aadf75fd2a02e151,118.83960829101633,31.87538597858647,27
9015,翠屏·诚园,118.839071,31.877167,南京市江宁区双龙大道3000号,江苏省,南京市,江宁区,1,ea9e5d33aadf75fd2a02e151,118.83961260140508,31.875398096466117,28
9015,翠屏·诚园,118.839071,31.877167,南京市江宁区双龙大道3000号,江苏省,南京市,江宁区,1,ea9e5d33aadf75fd2a02e151,118.83961661022636,31.875410319852808,29
9015,翠屏·诚园,118.839071,31.877167,南京市江宁区双龙大道3000号,江苏省,南京市,江宁区,1,ea9e5d33aadf75fd2a02e151,118.8396204178856,31.87542274687824,30
9015,翠屏·诚园,118.839071,31.877167,南京市江宁区双龙大道3000号,江苏省,南京市,江宁区,1,ea9e5d33aadf75fd2a02e151,118.83962392406634,31.87543517943292,31
9015,翠屏·诚园,118.839071,31.877167,南京市江宁区双龙大道3000号,江苏省,南京市,江宁区,1,ea9e5d33aadf75fd2a02e151,118.83962712876765,31.87544761751683,32
9015,翠屏·诚园,118.839071,31.877167,南京市江宁区双龙大道3000号,江苏省,南京市,江宁区,1,ea9e5d33aadf75fd2a02e151,118.83963013230782,31.875460259238572,33
9015,翠屏·诚园,118.839071,31.877167,南京市江宁区双龙大道3000号,江苏省,南京市,江宁区,1,ea9e5d33aadf75fd2a02e151,118.83966496464744,31.87561708098293,34
9015,翠屏·诚园,118.839071,31.877167,南京市江宁区双龙大道3000号,江苏省,南京市,江宁区,1,ea9e5d33aadf75fd2a02e151,118.83967909116544,31.875665609829355,35
9015,翠屏·诚园,118.839071,31.877167,南京市江宁区双龙大道3000号,江苏省,南京市,江宁区,1,ea9e5d33aadf75fd2a02e151,118.83968259750336,31.875677942460918,36
9015,翠屏·诚园,118.839071,31.877167,南京市江宁区双龙大道3000号,江苏省,南京市,江宁区,1,ea9e5d33aadf75fd2a02e151,118.83968590276908,31.875690378754722,37
9015,翠屏·诚园,118.839071,31.877167,南京市江宁区双龙大道3000号,江苏省,南京市,江宁区,1,ea9e5d33aadf75fd2a02e151,118.83968890646915,31.87570292054978,38
9015,翠屏·诚园,118.839071,31.877167,南京市江宁区双龙大道3000号,江苏省,南京市,江宁区,1,ea9e5d33aadf75fd2a02e151,118.83969180967937,31.87571546418751,39
9015,翠屏·诚园,118.839071,31.877167,南京市江宁区双龙大道3000号,江苏省,南京市,江宁区,1,ea9e5d33aadf75fd2a02e151,118.83969441141286,31.8757280133506,40
9015,翠屏·诚园,118.839071,31.877167,南京市江宁区双龙大道3000号,江苏省,南京市,江宁区,1,ea9e5d33aadf75fd2a02e151,118.83969681207415,31.87574066617353,41
9015,翠屏·诚园,118.839071,31.877167,南京市江宁区双龙大道3000号,江苏省,南京市,江宁区,1,ea9e5d33aadf75fd2a02e151,118.83969901166503,31.87575342265624,42
9015,翠屏·诚园,118.839071,31.877167,南京市江宁区双龙大道3000号,江苏省,南京市,江宁区,1,ea9e5d33aadf75fd2a02e151,118.83973269563874,31.87596055353798,43
9015,翠屏·诚园,118.839071,31.877167,南京市江宁区双龙大道3000号,江苏省,南京市,江宁区,1,ea9e5d33aadf75fd2a02e151,118.8397819212868,31.876675075002794,44
9015,翠屏·诚园,118.839071,31.877167,南京市江宁区双龙大道3000号,江苏省,南京市,江宁区,1,ea9e5d33aadf75fd2a02e151,118.83988755444116,31.877368674096996,45
9015,翠屏·诚园,118.839071,31.877167,南京市江宁区双龙大道3000号,江苏省,南京市,江宁区,1,ea9e5d33aadf75fd2a02e151,118.83988975468151,31.877381330828833,46
9015,翠屏·诚园,118.839071,31.877167,南京市江宁区双龙大道3000号,江苏省,南京市,江宁区,1,ea9e5d33aadf75fd2a02e151,118.83989245738995,31.87739397837537,47
9015,翠屏·诚园,118.839071,31.877167,南京市江宁区双龙大道3000号,江苏省,南京市,江宁区,1,ea9e5d33aadf75fd2a02e151,118.8398955622401,31.877406418619998,48
9015,翠屏·诚园,118.839071,31.877167,南京市江宁区双龙大道3000号,江苏省,南京市,江宁区,1,ea9e5d33aadf75fd2a02e151,118.83989916955925,31.877418849680936,49
9015,翠屏·诚园,118.839071,31.877167,南京市江宁区双龙大道3000号,江苏省,南京市,江宁区,1,ea9e5d33aadf75fd2a02e151,118.8399032795953,31.877430971625568,50
9015,翠屏·诚园,118.839071,31.877167,南京市江宁区双龙大道3000号,江苏省,南京市,江宁区,1,ea9e5d33aadf75fd2a02e151,118.83990779160693,31.87744308622636,51
9015,翠屏·诚园,118.839071,31.877167,南京市江宁区双龙大道3000号,江苏省,南京市,江宁区,1,ea9e5d33aadf75fd2a02e151,118.83991270575846,31.877454993528566,52
9015,翠屏·诚园,118.839071,31.877167,南京市江宁区双龙大道3000号,江苏省,南京市,江宁区,1,ea9e5d33aadf75fd2a02e151,118.84022976415426,31.8781755354271,53
9015,翠屏·诚园,118.839071,31.877167,南京市江宁区双龙大道3000号,江苏省,南京市,江宁区,1,ea9e5d33aadf75fd2a02e151,118.84023558292459,31.878187426606367,54
9015,翠屏·诚园,118.839071,31.877167,南京市江宁区双龙大道3000号,江苏省,南京市,江宁区,1,ea9e5d33aadf75fd2a02e151,118.84024220594966,31.878198903230277,55
9015,翠屏·诚园,118.839071,31.877167,南京市江宁区双龙大道3000号,江苏省,南京市,江宁区,1,ea9e5d33aadf75fd2a02e151,118.8402496333103,31.878209865324347,56
9015,翠屏·诚园,118.839071,31.877167,南京市江宁区双龙大道3000号,江苏省,南京市,江宁区,1,ea9e5d33aadf75fd2a02e151,118.84025776443312,31.878220414701623,57
9015,翠屏·诚园,118.839071,31.877167,南京市江宁区双龙大道3000号,江苏省,南京市,江宁区,1,ea9e5d33aadf75fd2a02e151,118.84026649906721,31.878230253258984,58
9015,翠屏·诚园,118.839071,31.877167,南京市江宁区双龙大道3000号,江苏省,南京市,江宁区,1,ea9e5d33aadf75fd2a02e151,118.84027593754166,31.87823957912756,59
9015,翠屏·诚园,118.839071,31.877167,南京市江宁区双龙大道3000号,江苏省,南京市,江宁区,1,ea9e5d33aadf75fd2a02e151,118.84028597952377,31.87824819418354,60
9015,翠屏·诚园,118.839071,31.877167,南京市江宁区双龙大道3000号,江苏省,南京市,江宁区,1,ea9e5d33aadf75fd2a02e151,118.84052157218376,31.878439663488376,61
9015,翠屏·诚园,118.839071,31.877167,南京市江宁区双龙大道3000号,江苏省,南京市,江宁区,1,ea9e5d33aadf75fd2a02e151,118.84053131270713,31.878448184540996,62
9015,翠屏·诚园,118.839071,31.877167,南京市江宁区双龙大道3000号,江苏省,南京市,江宁区,1,ea9e5d33aadf75fd2a02e151,118.84054034915931,31.878457518218514,63
9015,翠屏·诚园,118.839071,31.877167,南京市江宁区双龙大道3000号,江苏省,南京市,江宁区,1,ea9e5d33aadf75fd2a02e151,118.84054858105493,31.878467666342804,64
9015,翠屏·诚园,118.839071,31.877167,南京市江宁区双龙大道3000号,江苏省,南京市,江宁区,1,ea9e5d33aadf75fd2a02e151,118.84055580757511,31.878478432601455,65
9015,翠屏·诚园,118.839071,31.877167,南京市江宁区双龙大道3000号,江苏省,南京市,江宁区,1,ea9e5d33aadf75fd2a02e151,118.8405621292124,31.878489815166795,66
9015,翠屏·诚园,118.839071,31.877167,南京市江宁区双龙大道3000号,江苏省,南京市,江宁区,1,ea9e5d33aadf75fd2a02e151,118.84056744563773,31.878501615902064,67
9015,翠屏·诚园,118.839071,31.877167,南京市江宁区双龙大道3000号,江苏省,南京市,江宁区,1,ea9e5d33aadf75fd2a02e151,118.84057165628401,31.878513936608165,68
9015,翠屏·诚园,118.839071,31.877167,南京市江宁区双龙大道3000号,江苏省,南京市,江宁区,1,ea9e5d33aadf75fd2a02e151,118.84061624676546,31.878672890723273,69
9015,翠屏·诚园,118.839071,31.877167,南京市江宁区双龙大道3000号,江苏省,南京市,江宁区,1,ea9e5d33aadf75fd2a02e151,118.84061684192521,31.878682677695167,70
9015,翠屏·诚园,118.839071,31.877167,南京市江宁区双龙大道3000号,江苏省,南京市,江宁区,1,ea9e5d33aadf75fd2a02e151,118.84061452314087,31.87869221761874,71
9015,翠屏·诚园,118.839071,31.877167,南京市江宁区双龙大道3000号,江苏省,南京市,江宁区,1,ea9e5d33aadf75fd2a02e151,118.84060979325426,31.878701001485403,72
9015,翠屏·诚园,118.839071,31.877167,南京市江宁区双龙大道3000号,江苏省,南京市,江宁区,1,ea9e5d33aadf75fd2a02e151,118.84060044054823,31.878710269175265,73
9015,翠屏·诚园,118.839071,31.877167,南京市江宁区双龙大道3000号,江苏省,南京市,江宁区,1,ea9e5d33aadf75fd2a02e151,118.84058837764101,31.878715786946426,74
9015,翠屏·诚园,118.839071,31.877167,南京市江宁区双龙大道3000号,江苏省,南京市,江宁区,1,ea9e5d33aadf75fd2a02e151,118.84057531323813,31.8787170239064,75
9015,翠屏·诚园,118.839071,31.877167,南京市江宁区双龙大道3000号,江苏省,南京市,江宁区,1,ea9e5d33aadf75fd2a02e151,118.8389595154383,31.87870540122278,76
9015,翠屏·诚园,118.839071,31.877167,南京市江宁区双龙大道3000号,江苏省,南京市,江宁区,1,ea9e5d33aadf75fd2a02e151,118.83802429591032,31.878705379549807,77
9016,风迅科技创业大厦,118.835872,31.87053,南京市江宁区江云路与悠湖街交叉路口往北约70米,江苏省,南京市,江宁区,1,12be9fa0d9419c76b6147f75,118.8348814518656,31.871150435209124,1
9016,风迅科技创业大厦,118.835872,31.87053,南京市江宁区江云路与悠湖街交叉路口往北约70米,江苏省,南京市,江宁区,1,12be9fa0d9419c76b6147f75,118.8358939320059,31.870107053557405,2
9016,风迅科技创业大厦,118.835872,31.87053,南京市江宁区江云路与悠湖街交叉路口往北约70米,江苏省,南京市,江宁区,1,12be9fa0d9419c76b6147f75,118.83696552064875,31.87066738395233,3
9016,风迅科技创业大厦,118.835872,31.87053,南京市江宁区江云路与悠湖街交叉路口往北约70米,江苏省,南京市,江宁区,1,12be9fa0d9419c76b6147f75,118.83639509664991,31.87161807484069,4
9016,风迅科技创业大厦,118.835872,31.87053,南京市江宁区江云路与悠湖街交叉路口往北约70米,江苏省,南京市,江宁区,1,12be9fa0d9419c76b6147f75,118.8348814518656,31.871150435209124,5
9021,翠屏诚园-南区,118.840533,31.873899,南京市江宁区秣周东路22号,江苏省,南京市,江宁区,1,0a8e0646be84854d4002455b,118.83821588915589,31.874876667841637,1
9021,翠屏诚园-南区,118.840533,31.873899,南京市江宁区秣周东路22号,江苏省,南京市,江宁区,1,0a8e0646be84854d4002455b,118.84277084426124,31.875009025547843,2
9021,翠屏诚园-南区,118.840533,31.873899,南京市江宁区秣周东路22号,江苏省,南京市,江宁区,1,0a8e0646be84854d4002455b,118.84297395832348,31.874829503654613,3
9021,翠屏诚园-南区,118.840533,31.873899,南京市江宁区秣周东路22号,江苏省,南京市,江宁区,1,0a8e0646be84854d4002455b,118.84305901078747,31.873026488513194,4
9021,翠屏诚园-南区,118.840533,31.873899,南京市江宁区秣周东路22号,江苏省,南京市,江宁区,1,0a8e0646be84854d4002455b,118.84296875713459,31.87284611852856,5
9021,翠屏诚园-南区,118.840533,31.873899,南京市江宁区秣周东路22号,江苏省,南京市,江宁区,1,0a8e0646be84854d4002455b,118.84054418115635,31.872843462684603,6
9021,翠屏诚园-南区,118.840533,31.873899,南京市江宁区秣周东路22号,江苏省,南京市,江宁区,1,0a8e0646be84854d4002455b,118.8390227390802,31.87284630903116,7
9021,翠屏诚园-南区,118.840533,31.873899,南京市江宁区秣周东路22号,江苏省,南京市,江宁区,1,0a8e0646be84854d4002455b,118.83811517473534,31.87293804576174,8
9021,翠屏诚园-南区,118.840533,31.873899,南京市江宁区秣周东路22号,江苏省,南京市,江宁区,1,0a8e0646be84854d4002455b,118.83784543245511,31.874459636689586,9
9021,翠屏诚园-南区,118.840533,31.873899,南京市江宁区秣周东路22号,江苏省,南京市,江宁区,1,0a8e0646be84854d4002455b,118.83796080542497,31.87467844192978,10
9021,翠屏诚园-南区,118.840533,31.873899,南京市江宁区秣周东路22号,江苏省,南京市,江宁区,1,0a8e0646be84854d4002455b,118.83821588915589,31.874876667841637,11
9025,恒业花园,118.985594,31.872935,南京市江宁区灵顺北路211号,江苏省,南京市,江宁区,1,80d821525d7559455fd4fe11,118.98392192411202,31.87340765591454,1
9025,恒业花园,118.985594,31.872935,南京市江宁区灵顺北路211号,江苏省,南京市,江宁区,1,80d821525d7559455fd4fe11,118.9831089576255,31.873189173128566,2
9025,恒业花园,118.985594,31.872935,南京市江宁区灵顺北路211号,江苏省,南京市,江宁区,1,80d821525d7559455fd4fe11,118.9835199323963,31.871924339169635,3
9025,恒业花园,118.985594,31.872935,南京市江宁区灵顺北路211号,江苏省,南京市,江宁区,1,80d821525d7559455fd4fe11,118.98581043178564,31.872799429203777,4
9025,恒业花园,118.985594,31.872935,南京市江宁区灵顺北路211号,江苏省,南京市,江宁区,1,80d821525d7559455fd4fe11,118.98554785708508,31.873212171341198,5
9025,恒业花园,118.985594,31.872935,南京市江宁区灵顺北路211号,江苏省,南京市,江宁区,1,80d821525d7559455fd4fe11,118.98513912807805,31.87317384098359,6
9025,恒业花园,118.985594,31.872935,南京市江宁区灵顺北路211号,江苏省,南京市,江宁区,1,80d821525d7559455fd4fe11,118.98415548354463,31.87284419924357,7
9025,恒业花园,118.985594,31.872935,南京市江宁区灵顺北路211号,江苏省,南京市,江宁区,1,80d821525d7559455fd4fe11,118.98392192411202,31.87340765591454,8
9027,绿野枫景花园-东区,118.983387,31.877424,江苏省南京市江宁区灵顺北路318号,江苏省,南京市,江宁区,1,a601204a1d5696cec03644bb,118.98473830415949,31.877280310634667,1
9027,绿野枫景花园-东区,118.983387,31.877424,江苏省南京市江宁区灵顺北路318号,江苏省,南京市,江宁区,1,a601204a1d5696cec03644bb,118.98476525332478,31.878119704003762,2
9027,绿野枫景花园-东区,118.983387,31.877424,江苏省南京市江宁区灵顺北路318号,江苏省,南京市,江宁区,1,a601204a1d5696cec03644bb,118.98408748181751,31.878904740621696,3
9027,绿野枫景花园-东区,118.983387,31.877424,江苏省南京市江宁区灵顺北路318号,江苏省,南京市,江宁区,1,a601204a1d5696cec03644bb,118.98398929702527,31.878958016468083,4
9027,绿野枫景花园-东区,118.983387,31.877424,江苏省南京市江宁区灵顺北路318号,江苏省,南京市,江宁区,1,a601204a1d5696cec03644bb,118.98385347323216,31.878985919201114,5
9027,绿野枫景花园-东区,118.983387,31.877424,江苏省南京市江宁区灵顺北路318号,江苏省,南京市,江宁区,1,a601204a1d5696cec03644bb,118.98157626876436,31.8768088671366,6
9027,绿野枫景花园-东区,118.983387,31.877424,江苏省南京市江宁区灵顺北路318号,江苏省,南京市,江宁区,1,a601204a1d5696cec03644bb,118.98163915015006,31.876636387199405,7
9027,绿野枫景花园-东区,118.983387,31.877424,江苏省南京市江宁区灵顺北路318号,江苏省,南京市,江宁区,1,a601204a1d5696cec03644bb,118.98267220148654,31.876015456725792,8
9027,绿野枫景花园-东区,118.983387,31.877424,江苏省南京市江宁区灵顺北路318号,江苏省,南京市,江宁区,1,a601204a1d5696cec03644bb,118.98288096768705,31.876034238018132,9
9027,绿野枫景花园-东区,118.983387,31.877424,江苏省南京市江宁区灵顺北路318号,江苏省,南京市,江宁区,1,a601204a1d5696cec03644bb,118.98300223893091,31.876110896314163,10
9027,绿野枫景花园-东区,118.983387,31.877424,江苏省南京市江宁区灵顺北路318号,江苏省,南京市,江宁区,1,a601204a1d5696cec03644bb,118.98365198330627,31.87666245085528,11
9027,绿野枫景花园-东区,118.983387,31.877424,江苏省南京市江宁区灵顺北路318号,江苏省,南京市,江宁区,1,a601204a1d5696cec03644bb,118.98422402425503,31.877015842630847,12
9027,绿野枫景花园-东区,118.983387,31.877424,江苏省南京市江宁区灵顺北路318号,江苏省,南京市,江宁区,1,a601204a1d5696cec03644bb,118.98473830415949,31.877280310634667,13
9028,绿野枫景花园-西区,118.981954,31.879397,南京市江宁区灵顺北路318号,江苏省,南京市,江宁区,1,053f9e70460cd483c51b7510,118.98194196893748,31.881037973180014,1
9028,绿野枫景花园-西区,118.981954,31.879397,南京市江宁区灵顺北路318号,江苏省,南京市,江宁区,1,053f9e70460cd483c51b7510,118.98216196395688,31.88109998634526,2
9028,绿野枫景花园-西区,118.981954,31.879397,南京市江宁区灵顺北路318号,江苏省,南京市,江宁区,1,053f9e70460cd483c51b7510,118.98230102164982,31.881008001412585,3
9028,绿野枫景花园-西区,118.981954,31.879397,南京市江宁区灵顺北路318号,江苏省,南京市,江宁区,1,053f9e70460cd483c51b7510,118.98269600658256,31.88045601321424,4
9028,绿野枫景花园-西区,118.981954,31.879397,南京市江宁区灵顺北路318号,江苏省,南京市,江宁区,1,053f9e70460cd483c51b7510,118.98318100172739,31.879976997279908,5
9028,绿野枫景花园-西区,118.981954,31.879397,南京市江宁区灵顺北路318号,江苏省,南京市,江宁区,1,053f9e70460cd483c51b7510,118.98339201369168,31.879301970716003,6
9028,绿野枫景花园-西区,118.981954,31.879397,南京市江宁区灵顺北路318号,江苏省,南京市,江宁区,1,053f9e70460cd483c51b7510,118.98278197441986,31.87873096149358,7
9028,绿野枫景花园-西区,118.981954,31.879397,南京市江宁区灵顺北路318号,江苏省,南京市,江宁区,1,053f9e70460cd483c51b7510,118.98289803549174,31.87861199120706,8
9028,绿野枫景花园-西区,118.981954,31.879397,南京市江宁区灵顺北路318号,江苏省,南京市,江宁区,1,053f9e70460cd483c51b7510,118.98259297094056,31.87834001473736,9
9028,绿野枫景花园-西区,118.981954,31.879397,南京市江宁区灵顺北路318号,江苏省,南京市,江宁区,1,053f9e70460cd483c51b7510,118.9824313657793,31.878473243447555,10
9028,绿野枫景花园-西区,118.981954,31.879397,南京市江宁区灵顺北路318号,江苏省,南京市,江宁区,1,053f9e70460cd483c51b7510,118.98156000943463,31.87757728045917,11
9028,绿野枫景花园-西区,118.981954,31.879397,南京市江宁区灵顺北路318号,江苏省,南京市,江宁区,1,053f9e70460cd483c51b7510,118.98144188226009,31.877558882769687,12
9028,绿野枫景花园-西区,118.981954,31.879397,南京市江宁区灵顺北路318号,江苏省,南京市,江宁区,1,053f9e70460cd483c51b7510,118.98079680907335,31.87779023344499,13
9028,绿野枫景花园-西区,118.981954,31.879397,南京市江宁区灵顺北路318号,江苏省,南京市,江宁区,1,053f9e70460cd483c51b7510,118.9807239564965,31.87789195703204,14
9028,绿野枫景花园-西区,118.981954,31.879397,南京市江宁区灵顺北路318号,江苏省,南京市,江宁区,1,053f9e70460cd483c51b7510,118.98177245868774,31.87863705776873,15
9028,绿野枫景花园-西区,118.981954,31.879397,南京市江宁区灵顺北路318号,江苏省,南京市,江宁区,1,053f9e70460cd483c51b7510,118.98167328575944,31.87875050878742,16
9028,绿野枫景花园-西区,118.981954,31.879397,南京市江宁区灵顺北路318号,江苏省,南京市,江宁区,1,053f9e70460cd483c51b7510,118.98099380747169,31.879468773111462,17
9028,绿野枫景花园-西区,118.981954,31.879397,南京市江宁区灵顺北路318号,江苏省,南京市,江宁区,1,053f9e70460cd483c51b7510,118.98079528195399,31.879684787892803,18
9028,绿野枫景花园-西区,118.981954,31.879397,南京市江宁区灵顺北路318号,江苏省,南京市,江宁区,1,053f9e70460cd483c51b7510,118.98073814972356,31.879768112123507,19
9028,绿野枫景花园-西区,118.981954,31.879397,南京市江宁区灵顺北路318号,江苏省,南京市,江宁区,1,053f9e70460cd483c51b7510,118.98069601919514,31.879849366589802,20
9028,绿野枫景花园-西区,118.981954,31.879397,南京市江宁区灵顺北路318号,江苏省,南京市,江宁区,1,053f9e70460cd483c51b7510,118.98073895819851,31.880123024967578,21
9028,绿野枫景花园-西区,118.981954,31.879397,南京市江宁区灵顺北路318号,江苏省,南京市,江宁区,1,053f9e70460cd483c51b7510,118.98075845142809,31.88024843228603,22
9028,绿野枫景花园-西区,118.981954,31.879397,南京市江宁区灵顺北路318号,江苏省,南京市,江宁区,1,053f9e70460cd483c51b7510,118.98194196893748,31.881037973180014,23
9029,银湖佳苑,118.983989,31.871323,南京市江宁区宝塔北路123号,江苏省,南京市,江宁区,1,f8119af5e0a5893dc4f50d6a,118.98301526436079,31.87150354168365,1
9029,银湖佳苑,118.983989,31.871323,南京市江宁区宝塔北路123号,江苏省,南京市,江宁区,1,f8119af5e0a5893dc4f50d6a,118.98333416281683,31.87025010717723,2
9029,银湖佳苑,118.983989,31.871323,南京市江宁区宝塔北路123号,江苏省,南京市,江宁区,1,f8119af5e0a5893dc4f50d6a,118.98388886646924,31.870381354459692,3
9029,银湖佳苑,118.983989,31.871323,南京市江宁区宝塔北路123号,江苏省,南京市,江宁区,1,f8119af5e0a5893dc4f50d6a,118.98392479868964,31.870556759411667,4
9029,银湖佳苑,118.983989,31.871323,南京市江宁区宝塔北路123号,江苏省,南京市,江宁区,1,f8119af5e0a5893dc4f50d6a,118.98420551916152,31.870855821010846,5
9029,银湖佳苑,118.983989,31.871323,南京市江宁区宝塔北路123号,江苏省,南京市,江宁区,1,f8119af5e0a5893dc4f50d6a,118.98417856999622,31.87099381372798,6
9029,银湖佳苑,118.983989,31.871323,南京市江宁区宝塔北路123号,江苏省,南京市,江宁区,1,f8119af5e0a5893dc4f50d6a,118.98541823159998,31.871561114928483,7
9029,银湖佳苑,118.983989,31.871323,南京市江宁区宝塔北路123号,江苏省,南京市,江宁区,1,f8119af5e0a5893dc4f50d6a,118.98504318904956,31.872277825957124,8
9029,银湖佳苑,118.983989,31.871323,南京市江宁区宝塔北路123号,江苏省,南京市,江宁区,1,f8119af5e0a5893dc4f50d6a,118.9834600154188,31.87167595466122,9
9029,银湖佳苑,118.983989,31.871323,南京市江宁区宝塔北路123号,江苏省,南京市,江宁区,1,f8119af5e0a5893dc4f50d6a,118.98301526436079,31.87150354168365,10
9036,新理想家,118.607799,31.860663,江苏省南京市江宁区地秀路516号,江苏省,南京市,江宁区,1,f36e7adcb5b782f238e4a695,118.60771425768596,31.86166996077915,1
9036,新理想家,118.607799,31.860663,江苏省南京市江宁区地秀路516号,江苏省,南京市,江宁区,1,f36e7adcb5b782f238e4a695,118.60669023197617,31.860243782087807,2
9036,新理想家,118.607799,31.860663,江苏省南京市江宁区地秀路516号,江苏省,南京市,江宁区,1,f36e7adcb5b782f238e4a695,118.60668574223715,31.86021316237777,3
9036,新理想家,118.607799,31.860663,江苏省南京市江宁区地秀路516号,江苏省,南京市,江宁区,1,f36e7adcb5b782f238e4a695,118.60671719533201,31.860193964465182,4
9036,新理想家,118.607799,31.860663,江苏省南京市江宁区地秀路516号,江苏省,南京市,江宁区,1,f36e7adcb5b782f238e4a695,118.60735494011273,31.860044508756072,5
9036,新理想家,118.607799,31.860663,江苏省南京市江宁区地秀路516号,江苏省,南京市,江宁区,1,f36e7adcb5b782f238e4a695,118.60808703767607,31.859975496403717,6
9036,新理想家,118.607799,31.860663,江苏省南京市江宁区地秀路516号,江苏省,南京市,江宁区,1,f36e7adcb5b782f238e4a695,118.6085005594583,31.86003390846307,7
9036,新理想家,118.607799,31.860663,江苏省南京市江宁区地秀路516号,江苏省,南京市,江宁区,1,f36e7adcb5b782f238e4a695,118.60894492796481,31.86024771763363,8
9036,新理想家,118.607799,31.860663,江苏省南京市江宁区地秀路516号,江苏省,南京市,江宁区,1,f36e7adcb5b782f238e4a695,118.60896739095018,31.860274578022526,9
9036,新理想家,118.607799,31.860663,江苏省南京市江宁区地秀路516号,江苏省,南京市,江宁区,1,f36e7adcb5b782f238e4a695,118.60895842217903,31.860309101159665,10
9036,新理想家,118.607799,31.860663,江苏省南京市江宁区地秀路516号,江苏省,南京市,江宁区,1,f36e7adcb5b782f238e4a695,118.60811365871463,31.861712308379552,11
9036,新理想家,118.607799,31.860663,江苏省南京市江宁区地秀路516号,江苏省,南京市,江宁区,1,f36e7adcb5b782f238e4a695,118.60806548940286,31.861684252232248,12
9036,新理想家,118.607799,31.860663,江苏省南京市江宁区地秀路516号,江苏省,南京市,江宁区,1,f36e7adcb5b782f238e4a695,118.60771425768596,31.86166996077915,13
9037,盛江花苑-玉兰园,118.608826,31.866278,南京市江宁区地秀路附近,江苏省,南京市,江宁区,1,1d39eb9e092f05380aa8d498,118.6072029559535,31.86531501105497,1
9037,盛江花苑-玉兰园,118.608826,31.866278,南京市江宁区地秀路附近,江苏省,南京市,江宁区,1,1d39eb9e092f05380aa8d498,118.60764303582285,31.865862950837233,2
9037,盛江花苑-玉兰园,118.608826,31.866278,南京市江宁区地秀路附近,江苏省,南京市,江宁区,1,1d39eb9e092f05380aa8d498,118.60772397314929,31.866258014376218,3
9037,盛江花苑-玉兰园,118.608826,31.866278,南京市江宁区地秀路附近,江苏省,南京市,江宁区,1,1d39eb9e092f05380aa8d498,118.6076929816092,31.866656986181876,4
9037,盛江花苑-玉兰园,118.608826,31.866278,南京市江宁区地秀路附近,江苏省,南京市,江宁区,1,1d39eb9e092f05380aa8d498,118.6074640035347,31.86704000974117,5
9037,盛江花苑-玉兰园,118.608826,31.866278,南京市江宁区地秀路附近,江苏省,南京市,江宁区,1,1d39eb9e092f05380aa8d498,118.6086295549339,31.868616936683395,6
9037,盛江花苑-玉兰园,118.608826,31.866278,南京市江宁区地秀路附近,江苏省,南京市,江宁区,1,1d39eb9e092f05380aa8d498,118.6095520248621,31.868358960076847,7
9037,盛江花苑-玉兰园,118.608826,31.866278,南京市江宁区地秀路附近,江苏省,南京市,江宁区,1,1d39eb9e092f05380aa8d498,118.61036328456817,31.865864637508412,8
9037,盛江花苑-玉兰园,118.608826,31.866278,南京市江宁区地秀路附近,江苏省,南京市,江宁区,1,1d39eb9e092f05380aa8d498,118.60908319921644,31.864158783687756,9
9037,盛江花苑-玉兰园,118.608826,31.866278,南京市江宁区地秀路附近,江苏省,南京市,江宁区,1,1d39eb9e092f05380aa8d498,118.60801421565957,31.864837295654834,10
9037,盛江花苑-玉兰园,118.608826,31.866278,南京市江宁区地秀路附近,江苏省,南京市,江宁区,1,1d39eb9e092f05380aa8d498,118.6072029559535,31.86531501105497,11
9038,盛江花苑-银杏园,118.6072,31.863561,南京市江宁区地秀路715号,江苏省,南京市,江宁区,1,01f6fadc6757528c223bf297,118.60554953483184,31.863236536002535,1
9038,盛江花苑-银杏园,118.6072,31.863561,南京市江宁区地秀路715号,江苏省,南京市,江宁区,1,01f6fadc6757528c223bf297,118.6071036033641,31.865180076449672,2
9038,盛江花苑-银杏园,118.6072,31.863561,南京市江宁区地秀路715号,江苏省,南京市,江宁区,1,01f6fadc6757528c223bf297,118.6090035195177,31.863999390144965,3
9038,盛江花苑-银杏园,118.6072,31.863561,南京市江宁区地秀路715号,江苏省,南京市,江宁区,1,01f6fadc6757528c223bf297,118.60799696819377,31.86263399172702,4
9038,盛江花苑-银杏园,118.6072,31.863561,南京市江宁区地秀路715号,江苏省,南京市,江宁区,1,01f6fadc6757528c223bf297,118.60660100143127,31.862710967957334,5
9038,盛江花苑-银杏园,118.6072,31.863561,南京市江宁区地秀路715号,江苏省,南京市,江宁区,1,01f6fadc6757528c223bf297,118.60629503857456,31.86286101008423,6
9038,盛江花苑-银杏园,118.6072,31.863561,南京市江宁区地秀路715号,江苏省,南京市,江宁区,1,01f6fadc6757528c223bf297,118.60646598611312,31.863026002470523,7
9038,盛江花苑-银杏园,118.6072,31.863561,南京市江宁区地秀路715号,江苏省,南京市,江宁区,1,01f6fadc6757528c223bf297,118.60645700305803,31.86314100628088,8
9038,盛江花苑-银杏园,118.6072,31.863561,南京市江宁区地秀路715号,江苏省,南京市,江宁区,1,01f6fadc6757528c223bf297,118.60554953483184,31.863236536002535,9
9040,盛世嘉苑,118.612066,31.864033,江苏省南京市江宁区复建路,江苏省,南京市,江宁区,1,8b61c9500dc584f214b54b1f,118.61191493781203,31.86351299921577,1
9040,盛世嘉苑,118.612066,31.864033,江苏省南京市江宁区复建路,江苏省,南京市,江宁区,1,8b61c9500dc584f214b54b1f,118.61253489125777,31.863661897531717,2
9040,盛世嘉苑,118.612066,31.864033,江苏省南京市江宁区复建路,江苏省,南京市,江宁区,1,8b61c9500dc584f214b54b1f,118.61179046546009,31.866044590597404,3
9040,盛世嘉苑,118.612066,31.864033,江苏省南京市江宁区复建路,江苏省,南京市,江宁区,1,8b61c9500dc584f214b54b1f,118.61102949876421,31.865917101503378,4
9040,盛世嘉苑,118.612066,31.864033,江苏省南京市江宁区复建路,江苏省,南京市,江宁区,1,8b61c9500dc584f214b54b1f,118.61191493781203,31.86351299921577,5
9041,盛世嘉苑-B区,118.611756,31.864749,宁芜大道盛世嘉园B区,江苏省,南京市,江宁区,1,df4724ec1ce217e74f6d463c,118.61110501542775,31.86588495422699,1
9041,盛世嘉苑-B区,118.611756,31.864749,宁芜大道盛世嘉园B区,江苏省,南京市,江宁区,1,df4724ec1ce217e74f6d463c,118.61166196484393,31.866041967808947,2
9041,盛世嘉苑-B区,118.611756,31.864749,宁芜大道盛世嘉园B区,江苏省,南京市,江宁区,1,df4724ec1ce217e74f6d463c,118.61183300221303,31.86542096524728,3
9041,盛世嘉苑-B区,118.611756,31.864749,宁芜大道盛世嘉园B区,江苏省,南京市,江宁区,1,df4724ec1ce217e74f6d463c,118.61212001082347,31.86461196890667,4
9041,盛世嘉苑-B区,118.611756,31.864749,宁芜大道盛世嘉园B区,江苏省,南京市,江宁区,1,df4724ec1ce217e74f6d463c,118.61239399400402,31.8635999467107,5
9041,盛世嘉苑-B区,118.611756,31.864749,宁芜大道盛世嘉园B区,江苏省,南京市,江宁区,1,df4724ec1ce217e74f6d463c,118.61184602764294,31.86347397982948,6
9041,盛世嘉苑-B区,118.611756,31.864749,宁芜大道盛世嘉园B区,江苏省,南京市,江宁区,1,df4724ec1ce217e74f6d463c,118.61110501542775,31.86588495422699,7
9042,中国铁建原香颂,118.614073,31.864661,江苏省南京市江宁区宁桥南路108号,江苏省,南京市,江宁区,1,94ecf348eeb7eb25740269a1,118.6121034820021,31.865814727361705,1
9042,中国铁建原香颂,118.614073,31.864661,江苏省南京市江宁区宁桥南路108号,江苏省,南京市,江宁区,1,94ecf348eeb7eb25740269a1,118.6156787379318,31.865339391263518,2
9042,中国铁建原香颂,118.614073,31.864661,江苏省南京市江宁区宁桥南路108号,江苏省,南京市,江宁区,1,94ecf348eeb7eb25740269a1,118.6155350090502,31.864917720072306,3
9042,中国铁建原香颂,118.614073,31.864661,江苏省南京市江宁区宁桥南路108号,江苏省,南京市,江宁区,1,94ecf348eeb7eb25740269a1,118.61548560224716,31.86461871568367,4
9042,中国铁建原香颂,118.614073,31.864661,江苏省南京市江宁区宁桥南路108号,江苏省,南京市,江宁区,1,94ecf348eeb7eb25740269a1,118.61548560224716,31.864266042581786,5
9042,中国铁建原香颂,118.614073,31.864661,江苏省南京市江宁区宁桥南路108号,江苏省,南京市,江宁区,1,94ecf348eeb7eb25740269a1,118.61472204256368,31.86426979932417,6
9042,中国铁建原香颂,118.614073,31.864661,江苏省南京市江宁区宁桥南路108号,江苏省,南京市,江宁区,1,94ecf348eeb7eb25740269a1,118.61467263576063,31.86357594938154,7
9042,中国铁建原香颂,118.614073,31.864661,江苏省南京市江宁区宁桥南路108号,江苏省,南京市,江宁区,1,94ecf348eeb7eb25740269a1,118.6137967878884,31.86340727788041,8
9042,中国铁建原香颂,118.614073,31.864661,江苏省南京市江宁区宁桥南路108号,江苏省,南京市,江宁区,1,94ecf348eeb7eb25740269a1,118.6136620420619,31.86373695370553,9
9042,中国铁建原香颂,118.614073,31.864661,江苏省南京市江宁区宁桥南路108号,江苏省,南京市,江宁区,1,94ecf348eeb7eb25740269a1,118.61324432999977,31.863641117832604,10
9042,中国铁建原香颂,118.614073,31.864661,江苏省南京市江宁区宁桥南路108号,江苏省,南京市,江宁区,1,94ecf348eeb7eb25740269a1,118.61311407570082,31.863993793348836,11
9042,中国铁建原香颂,118.614073,31.864661,江苏省南京市江宁区宁桥南路108号,江苏省,南京市,江宁区,1,94ecf348eeb7eb25740269a1,118.61265593989073,31.863859623476063,12
9042,中国铁建原香颂,118.614073,31.864661,江苏省南京市江宁区宁桥南路108号,江苏省,南京市,江宁区,1,94ecf348eeb7eb25740269a1,118.6121034820021,31.865814727361705,13
9045,金谷家园(金牛街),118.695402,31.869524,南京市江宁区金谷南街1号,江苏省,南京市,江宁区,1,7e95a8a0530b32ae0869d9f4,118.69536238921108,31.869588271480577,1
9045,金谷家园(金牛街),118.695402,31.869524,南京市江宁区金谷南街1号,江苏省,南京市,江宁区,1,7e95a8a0530b32ae0869d9f4,118.69564301985241,31.869604830847635,2
9045,金谷家园(金牛街),118.695402,31.869524,南京市江宁区金谷南街1号,江苏省,南京市,江宁区,1,7e95a8a0530b32ae0869d9f4,118.69568218597264,31.869567495603757,3
9045,金谷家园(金牛街),118.695402,31.869524,南京市江宁区金谷南街1号,江苏省,南京市,江宁区,1,7e95a8a0530b32ae0869d9f4,118.69576213516304,31.869067033201052,4
9045,金谷家园(金牛街),118.695402,31.869524,南京市江宁区金谷南街1号,江苏省,南京市,江宁区,1,7e95a8a0530b32ae0869d9f4,118.69559594864369,31.86905936678261,5
9045,金谷家园(金牛街),118.695402,31.869524,南京市江宁区金谷南街1号,江苏省,南京市,江宁区,1,7e95a8a0530b32ae0869d9f4,118.69556001642329,31.86910153207607,6
9045,金谷家园(金牛街),118.695402,31.869524,南京市江宁区金谷南街1号,江苏省,南京市,江宁区,1,7e95a8a0530b32ae0869d9f4,118.69556001642329,31.869189695808537,7
9045,金谷家园(金牛街),118.695402,31.869524,南京市江宁区金谷南街1号,江苏省,南京市,江宁区,1,7e95a8a0530b32ae0869d9f4,118.69534891462844,31.869159030172113,8
9045,金谷家园(金牛街),118.695402,31.869524,南京市江宁区金谷南街1号,江苏省,南京市,江宁区,1,7e95a8a0530b32ae0869d9f4,118.69531037732206,31.869503711332474,9
9045,金谷家园(金牛街),118.695402,31.869524,南京市江宁区金谷南街1号,江苏省,南京市,江宁区,1,7e95a8a0530b32ae0869d9f4,118.69534747733962,31.869506394565942,10
9045,金谷家园(金牛街),118.695402,31.869524,南京市江宁区金谷南街1号,江苏省,南京市,江宁区,1,7e95a8a0530b32ae0869d9f4,118.69533939259003,31.869569412197766,11
9045,金谷家园(金牛街),118.695402,31.869524,南京市江宁区金谷南街1号,江苏省,南京市,江宁区,1,7e95a8a0530b32ae0869d9f4,118.69536238921108,31.869588271480577,12
9046,庆缘花苑,118.701905,31.87078,江苏省南京市江宁区庆缘路庆缘花苑(省电台复建房二期附近),江苏省,南京市,江宁区,1,d3776fd09c1e1712e8e58276,118.70138727755462,31.86821380923779,1
9046,庆缘花苑,118.701905,31.87078,江苏省南京市江宁区庆缘路庆缘花苑(省电台复建房二期附近),江苏省,南京市,江宁区,1,d3776fd09c1e1712e8e58276,118.70119859207547,31.868241262780263,2
9046,庆缘花苑,118.701905,31.87078,江苏省南京市江宁区庆缘路庆缘花苑(省电台复建房二期附近),江苏省,南京市,江宁区,1,d3776fd09c1e1712e8e58276,118.70052842562265,31.872173712549564,3
9046,庆缘花苑,118.701905,31.87078,江苏省南京市江宁区庆缘路庆缘花苑(省电台复建房二期附近),江苏省,南京市,江宁区,1,d3776fd09c1e1712e8e58276,118.70059957950379,31.87226179672936,4
9046,庆缘花苑,118.701905,31.87078,江苏省南京市江宁区庆缘路庆缘花苑(省电台复建房二期附近),江苏省,南京市,江宁区,1,d3776fd09c1e1712e8e58276,118.70155776336414,31.87238840433124,5
9046,庆缘花苑,118.701905,31.87078,江苏省南京市江宁区庆缘路庆缘花苑(省电台复建房二期附近),江苏省,南京市,江宁区,1,d3776fd09c1e1712e8e58276,118.70198332481984,31.872346725209912,6
9046,庆缘花苑,118.701905,31.87078,江苏省南京市江宁区庆缘路庆缘花苑(省电台复建房二期附近),江苏省,南京市,江宁区,1,d3776fd09c1e1712e8e58276,118.70224132624703,31.872281234479967,7
9046,庆缘花苑,118.701905,31.87078,江苏省南京市江宁区庆缘路庆缘花苑(省电台复建房二期附近),江苏省,南京市,江宁区,1,d3776fd09c1e1712e8e58276,118.70310281829892,31.871987278470115,8
9046,庆缘花苑,118.701905,31.87078,江苏省南京市江宁区庆缘路庆缘花苑(省电台复建房二期附近),江苏省,南京市,江宁区,1,d3776fd09c1e1712e8e58276,118.70390020457468,31.87168582788167,9
9046,庆缘花苑,118.701905,31.87078,江苏省南京市江宁区庆缘路庆缘花苑(省电台复建房二期附近),江苏省,南京市,江宁区,1,d3776fd09c1e1712e8e58276,118.70138727755462,31.86821380923779,10
9048,新民花苑,118.711546,31.868891,江苏省南京市江宁区邻里大道50号,江苏省,南京市,江宁区,1,161a0ed23b2c4e2d5dd4fea7,118.71023024370673,31.87225452086301,1
9048,新民花苑,118.711546,31.868891,江苏省南京市江宁区邻里大道50号,江苏省,南京市,江宁区,1,161a0ed23b2c4e2d5dd4fea7,118.71096317117232,31.871804670051052,2
9048,新民花苑,118.711546,31.868891,江苏省南京市江宁区邻里大道50号,江苏省,南京市,江宁区,1,161a0ed23b2c4e2d5dd4fea7,118.71073338462287,31.87145585782355,3
9048,新民花苑,118.711546,31.868891,江苏省南京市江宁区邻里大道50号,江苏省,南京市,江宁区,1,161a0ed23b2c4e2d5dd4fea7,118.71373246739847,31.869858050794715,4
9048,新民花苑,118.711546,31.868891,江苏省南京市江宁区邻里大道50号,江苏省,南京市,江宁区,1,161a0ed23b2c4e2d5dd4fea7,118.71541795802686,31.868881275700968,5
9048,新民花苑,118.711546,31.868891,江苏省南京市江宁区邻里大道50号,江苏省,南京市,江宁区,1,161a0ed23b2c4e2d5dd4fea7,118.71521296470948,31.868601067118252,6
9048,新民花苑,118.711546,31.868891,江苏省南京市江宁区邻里大道50号,江苏省,南京市,江宁区,1,161a0ed23b2c4e2d5dd4fea7,118.71463643223318,31.86783863475919,7
9048,新民花苑,118.711546,31.868891,江苏省南京市江宁区邻里大道50号,江苏省,南京市,江宁区,1,161a0ed23b2c4e2d5dd4fea7,118.71514846637386,31.86756263957501,8
9048,新民花苑,118.711546,31.868891,江苏省南京市江宁区邻里大道50号,江苏省,南京市,江宁区,1,161a0ed23b2c4e2d5dd4fea7,118.7133338892437,31.865293314197242,9
9048,新民花苑,118.711546,31.868891,江苏省南京市江宁区邻里大道50号,江苏省,南京市,江宁区,1,161a0ed23b2c4e2d5dd4fea7,118.70890524307951,31.86787696735766,10
9048,新民花苑,118.711546,31.868891,江苏省南京市江宁区邻里大道50号,江苏省,南京市,江宁区,1,161a0ed23b2c4e2d5dd4fea7,118.70847405643472,31.868145295096134,11
9048,新民花苑,118.711546,31.868891,江苏省南京市江宁区邻里大道50号,江苏省,南京市,江宁区,1,161a0ed23b2c4e2d5dd4fea7,118.70822253089193,31.868336957283493,12
9048,新民花苑,118.711546,31.868891,江苏省南京市江宁区邻里大道50号,江苏省,南京市,江宁区,1,161a0ed23b2c4e2d5dd4fea7,118.70804286978994,31.868513286140406,13
9048,新民花苑,118.711546,31.868891,江苏省南京市江宁区邻里大道50号,江苏省,南京市,江宁区,1,161a0ed23b2c4e2d5dd4fea7,118.7076154560283,31.869042194002954,14
9048,新民花苑,118.711546,31.868891,江苏省南京市江宁区邻里大道50号,江苏省,南京市,江宁区,1,161a0ed23b2c4e2d5dd4fea7,118.70747343392716,31.86944238026036,15
9048,新民花苑,118.711546,31.868891,江苏省南京市江宁区邻里大道50号,江苏省,南京市,江宁区,1,161a0ed23b2c4e2d5dd4fea7,118.70742869831277,31.86992505468375,16
9048,新民花苑,118.711546,31.868891,江苏省南京市江宁区邻里大道50号,江苏省,南京市,江宁区,1,161a0ed23b2c4e2d5dd4fea7,118.70748762715421,31.870297944993634,17
9048,新民花苑,118.711546,31.868891,江苏省南京市江宁区邻里大道50号,江苏省,南京市,江宁区,1,161a0ed23b2c4e2d5dd4fea7,118.70757368482207,31.870582441489535,18
9048,新民花苑,118.711546,31.868891,江苏省南京市江宁区邻里大道50号,江苏省,南京市,江宁区,1,161a0ed23b2c4e2d5dd4fea7,118.7077149882788,31.870859194168645,19
9048,新民花苑,118.711546,31.868891,江苏省南京市江宁区邻里大道50号,江苏省,南京市,江宁区,1,161a0ed23b2c4e2d5dd4fea7,118.70864105142903,31.87206409348936,20
9048,新民花苑,118.711546,31.868891,江苏省南京市江宁区邻里大道50号,江苏省,南京市,江宁区,1,161a0ed23b2c4e2d5dd4fea7,118.70928711275181,31.872024996032554,21
9048,新民花苑,118.711546,31.868891,江苏省南京市江宁区邻里大道50号,江苏省,南京市,江宁区,1,161a0ed23b2c4e2d5dd4fea7,118.71004159954964,31.872024459400677,22
9048,新民花苑,118.711546,31.868891,江苏省南京市江宁区邻里大道50号,江苏省,南京市,江宁区,1,161a0ed23b2c4e2d5dd4fea7,118.71023024370673,31.87225452086301,23
9049,国信慧谷山居,118.771614,31.861614,江苏省南京市江宁区吉山大道8号,江苏省,南京市,江宁区,1,3dbaf49c5d63383dd5b74ee7,118.77060302143802,31.861929012176155,1
9049,国信慧谷山居,118.771614,31.861614,江苏省南京市江宁区吉山大道8号,江苏省,南京市,江宁区,1,3dbaf49c5d63383dd5b74ee7,118.77204399330658,31.862469995338618,2
9049,国信慧谷山居,118.771614,31.861614,江苏省南京市江宁区吉山大道8号,江苏省,南京市,江宁区,1,3dbaf49c5d63383dd5b74ee7,118.77248003080112,31.86178701889887,3
9049,国信慧谷山居,118.771614,31.861614,江苏省南京市江宁区吉山大道8号,江苏省,南京市,江宁区,1,3dbaf49c5d63383dd5b74ee7,118.77252898845143,31.86102498964916,4
9049,国信慧谷山居,118.771614,31.861614,江苏省南京市江宁区吉山大道8号,江苏省,南京市,江宁区,1,3dbaf49c5d63383dd5b74ee7,118.7718019898022,31.86099401458588,5
9049,国信慧谷山居,118.771614,31.861614,江苏省南京市江宁区吉山大道8号,江苏省,南京市,江宁区,1,3dbaf49c5d63383dd5b74ee7,118.77142497097965,31.861000991643134,6
9049,国信慧谷山居,118.771614,31.861614,江苏省南京市江宁区吉山大道8号,江苏省,南京市,江宁区,1,3dbaf49c5d63383dd5b74ee7,118.77080496051667,31.86099401458588,7
9049,国信慧谷山居,118.771614,31.861614,江苏省南京市江宁区吉山大道8号,江苏省,南京市,江宁区,1,3dbaf49c5d63383dd5b74ee7,118.77060302143802,31.861929012176155,8
9050,康和欣居,118.780197,31.866796,南京市江宁区丹阳大道99号,江苏省,南京市,江宁区,1,e79561f34f83baa84251c0b9,118.77812695889796,31.864189604340677,1
9050,康和欣居,118.780197,31.866796,南京市江宁区丹阳大道99号,江苏省,南京市,江宁区,1,e79561f34f83baa84251c0b9,118.77885458636104,31.86573445706851,2
9050,康和欣居,118.780197,31.866796,南京市江宁区丹阳大道99号,江苏省,南京市,江宁区,1,e79561f34f83baa84251c0b9,118.77910611190383,31.86655862338715,3
9050,康和欣居,118.780197,31.866796,南京市江宁区丹阳大道99号,江苏省,南京市,江宁区,1,e79561f34f83baa84251c0b9,118.77922738314767,31.867861940980973,4
9050,康和欣居,118.780197,31.866796,南京市江宁区丹阳大道99号,江苏省,南京市,江宁区,1,e79561f34f83baa84251c0b9,118.78105902808252,31.867751006378644,5
9050,康和欣居,118.780197,31.866796,南京市江宁区丹阳大道99号,江苏省,南京市,江宁区,1,e79561f34f83baa84251c0b9,118.78130696040327,31.86788110727732,6
9050,康和欣居,118.780197,31.866796,南京市江宁区丹阳大道99号,江苏省,南京市,江宁区,1,e79561f34f83baa84251c0b9,118.78154051983587,31.867804442067776,7
9050,康和欣居,118.780197,31.866796,南京市江宁区丹阳大道99号,江苏省,南京市,江宁区,1,e79561f34f83baa84251c0b9,118.78164831649707,31.86773176338966,8
9050,康和欣居,118.780197,31.866796,南京市江宁区丹阳大道99号,江苏省,南京市,江宁区,1,e79561f34f83baa84251c0b9,118.78169323177256,31.867279283651,9
9050,康和欣居,118.780197,31.866796,南京市江宁区丹阳大道99号,江苏省,南京市,江宁区,1,e79561f34f83baa84251c0b9,118.78180273521423,31.867045836348154,10
9050,康和欣居,118.780197,31.866796,南京市江宁区丹阳大道99号,江苏省,南京市,江宁区,1,e79561f34f83baa84251c0b9,118.78182896573512,31.866714409151772,11
9050,康和欣居,118.780197,31.866796,南京市江宁区丹阳大道99号,江苏省,南京市,江宁区,1,e79561f34f83baa84251c0b9,118.78150395880161,31.866417020643055,12
9050,康和欣居,118.780197,31.866796,南京市江宁区丹阳大道99号,江苏省,南京市,江宁区,1,e79561f34f83baa84251c0b9,118.78094314667173,31.866244367730967,13
9050,康和欣居,118.780197,31.866796,南京市江宁区丹阳大道99号,江苏省,南京市,江宁区,1,e79561f34f83baa84251c0b9,118.78053890919225,31.865914700961497,14
9050,康和欣居,118.780197,31.866796,南京市江宁区丹阳大道99号,江苏省,南京市,江宁区,1,e79561f34f83baa84251c0b9,118.78011670560255,31.865680866833472,15
9050,康和欣居,118.780197,31.866796,南京市江宁区丹阳大道99号,江苏省,南京市,江宁区,1,e79561f34f83baa84251c0b9,118.77960467146187,31.864496353605286,16
9050,康和欣居,118.780197,31.866796,南京市江宁区丹阳大道99号,江苏省,南京市,江宁区,1,e79561f34f83baa84251c0b9,118.77977534950877,31.864450352781517,17
9050,康和欣居,118.780197,31.866796,南京市江宁区丹阳大道99号,江苏省,南京市,江宁区,1,e79561f34f83baa84251c0b9,118.77969450201286,31.86413593653036,18
9050,康和欣居,118.780197,31.866796,南京市江宁区丹阳大道99号,江苏省,南京市,江宁区,1,e79561f34f83baa84251c0b9,118.77938907813947,31.864170437269188,19
9050,康和欣居,118.780197,31.866796,南京市江宁区丹阳大道99号,江苏省,南京市,江宁区,1,e79561f34f83baa84251c0b9,118.77900280677018,31.86413210311413,20
9050,康和欣居,118.780197,31.866796,南京市江宁区丹阳大道99号,江苏省,南京市,江宁区,1,e79561f34f83baa84251c0b9,118.77812695889796,31.864189604340677,21
9054,和进社区,118.96882,31.863297,南京市江宁区友谊路南50米,江苏省,南京市,江宁区,1,642e9b9f20889ab7a0acc491,118.96843603542551,31.86355900557664,1
9054,和进社区,118.96882,31.863297,南京市江宁区友谊路南50米,江苏省,南京市,江宁区,1,642e9b9f20889ab7a0acc491,118.96990503442598,31.863911988084165,2
9054,和进社区,118.96882,31.863297,南京市江宁区友谊路南50米,江苏省,南京市,江宁区,1,642e9b9f20889ab7a0acc491,118.96994500902117,31.863654994873226,3
9054,和进社区,118.96882,31.863297,南京市江宁区友谊路南50米,江苏省,南京市,江宁区,1,642e9b9f20889ab7a0acc491,118.97004400228838,31.863302011371985,4
9054,和进社区,118.96882,31.863297,南京市江宁区友谊路南50米,江苏省,南京市,江宁区,1,642e9b9f20889ab7a0acc491,118.97016096166577,31.8629070117089,5
9054,和进社区,118.96882,31.863297,南京市江宁区友谊路南50米,江苏省,南京市,江宁区,1,642e9b9f20889ab7a0acc491,118.97036299057497,31.862469995338618,6
9054,和进社区,118.96882,31.863297,南京市江宁区友谊路南50米,江苏省,南京市,江宁区,1,642e9b9f20889ab7a0acc491,118.97060499407935,31.861990961657753,7
9054,和进社区,118.96882,31.863297,南京市江宁区友谊路南50米,江苏省,南京市,江宁区,1,642e9b9f20889ab7a0acc491,118.97034502446476,31.86186499255634,8
9054,和进社区,118.96882,31.863297,南京市江宁区友谊路南50米,江苏省,南京市,江宁区,1,642e9b9f20889ab7a0acc491,118.97061002459021,31.861469986675495,9
9054,和进社区,118.96882,31.863297,南京市江宁区友谊路南50米,江苏省,南京市,江宁区,1,642e9b9f20889ab7a0acc491,118.96953601052248,31.860963959563936,10
9054,和进社区,118.96882,31.863297,南京市江宁区友谊路南50米,江苏省,南京市,江宁区,1,642e9b9f20889ab7a0acc491,118.96947797998654,31.860951998889192,11
9054,和进社区,118.96882,31.863297,南京市江宁区友谊路南50米,江苏省,南京市,江宁区,1,642e9b9f20889ab7a0acc491,118.96810402170902,31.861584992446048,12
9054,和进社区,118.96882,31.863297,南京市江宁区友谊路南50米,江苏省,南京市,江宁区,1,642e9b9f20889ab7a0acc491,118.96779401647753,31.862022013052886,13
9054,和进社区,118.96882,31.863297,南京市江宁区友谊路南50米,江苏省,南京市,江宁区,1,642e9b9f20889ab7a0acc491,118.96782096564283,31.862282997694745,14
9054,和进社区,118.96882,31.863297,南京市江宁区友谊路南50米,江苏省,南京市,江宁区,1,642e9b9f20889ab7a0acc491,118.96794196739502,31.862282997694745,15
9054,和进社区,118.96882,31.863297,南京市江宁区友谊路南50米,江苏省,南京市,江宁区,1,642e9b9f20889ab7a0acc491,118.96793702671471,31.86222495857774,16
9054,和进社区,118.96882,31.863297,南京市江宁区友谊路南50米,江苏省,南京市,江宁区,1,642e9b9f20889ab7a0acc491,118.96801796404117,31.86218700695552,17
9054,和进社区,118.96882,31.863297,南京市江宁区友谊路南50米,江苏省,南京市,江宁区,1,642e9b9f20889ab7a0acc491,118.96868297961021,31.862469995338618,18
9054,和进社区,118.96882,31.863297,南京市江宁区友谊路南50米,江苏省,南京市,江宁区,1,642e9b9f20889ab7a0acc491,118.96874101014615,31.8627890174951,19
9054,和进社区,118.96882,31.863297,南京市江宁区友谊路南50米,江苏省,南京市,江宁区,1,642e9b9f20889ab7a0acc491,118.96830596078766,31.862807954848332,20
9054,和进社区,118.96882,31.863297,南京市江宁区友谊路南50米,江苏省,南京市,江宁区,1,642e9b9f20889ab7a0acc491,118.96843603542551,31.86355900557664,21
9055,国府大院,118.973609,31.868731,江苏省南京市江宁区瑞鑫路国府大院,江苏省,南京市,江宁区,1,e9eb187b142fff7ec9c3db67,118.974597602749,31.870515591409067,1
9055,国府大院,118.973609,31.868731,江苏省南京市江宁区瑞鑫路国府大院,江苏省,南京市,江宁区,1,e9eb187b142fff7ec9c3db67,118.97538999803935,31.869099998793004,2
9055,国府大院,118.973609,31.868731,江苏省南京市江宁区瑞鑫路国府大院,江苏省,南京市,江宁区,1,e9eb187b142fff7ec9c3db67,118.9750349877018,31.868985002490298,3
9055,国府大院,118.973609,31.868731,江苏省南京市江宁区瑞鑫路国府大院,江苏省,南京市,江宁区,1,e9eb187b142fff7ec9c3db67,118.97562104221652,31.868217973444953,4
9055,国府大院,118.973609,31.868731,江苏省南京市江宁区瑞鑫路国府大院,江苏省,南京市,江宁区,1,e9eb187b142fff7ec9c3db67,118.97448531456025,31.867433764871226,5
9055,国府大院,118.973609,31.868731,江苏省南京市江宁区瑞鑫路国府大院,江苏省,南京市,江宁区,1,e9eb187b142fff7ec9c3db67,118.97409167708578,31.86790502680953,6
9055,国府大院,118.973609,31.868731,江苏省南京市江宁区瑞鑫路国府大院,江苏省,南京市,江宁区,1,e9eb187b142fff7ec9c3db67,118.97412742964508,31.86823552970407,7
9055,国府大院,118.973609,31.868731,江苏省南京市江宁区瑞鑫路国府大院,江苏省,南京市,江宁区,1,e9eb187b142fff7ec9c3db67,118.9739360007409,31.86833297071409,8
9055,国府大院,118.973609,31.868731,江苏省南京市江宁区瑞鑫路国府大院,江苏省,南京市,江宁区,1,e9eb187b142fff7ec9c3db67,118.97354999886326,31.868129962103755,9
9055,国府大院,118.973609,31.868731,江苏省南京市江宁区瑞鑫路国府大院,江苏省,南京市,江宁区,1,e9eb187b142fff7ec9c3db67,118.97316929698815,31.867855347774107,10
9055,国府大院,118.973609,31.868731,江苏省南京市江宁区瑞鑫路国府大院,江苏省,南京市,江宁区,1,e9eb187b142fff7ec9c3db67,118.9729511884103,31.86781946845392,11
9055,国府大院,118.973609,31.868731,江苏省南京市江宁区瑞鑫路国府大院,江苏省,南京市,江宁区,1,e9eb187b142fff7ec9c3db67,118.97235633050161,31.86858366425861,12
9055,国府大院,118.973609,31.868731,江苏省南京市江宁区瑞鑫路国府大院,江苏省,南京市,江宁区,1,e9eb187b142fff7ec9c3db67,118.974597602749,31.870515591409067,13
9056,瑞鑫苑,118.975623,31.869818,南京市江宁区瑞鑫路2号,江苏省,南京市,江宁区,1,1a920c2e3f09b848744ff136,118.97473261806715,31.870322477197444,1
9056,瑞鑫苑,118.975623,31.869818,南京市江宁区瑞鑫路2号,江苏省,南京市,江宁区,1,1a920c2e3f09b848744ff136,118.97543329636493,31.869042194002954,2
9056,瑞鑫苑,118.975623,31.869818,南京市江宁区瑞鑫路2号,江苏省,南京市,江宁区,1,1a920c2e3f09b848744ff136,118.97657899521236,31.869460856250175,3
9056,瑞鑫苑,118.975623,31.869818,南京市江宁区瑞鑫路2号,江苏省,南京市,江宁区,1,1a920c2e3f09b848744ff136,118.97623772894913,31.869878979932384,4
9056,瑞鑫苑,118.975623,31.869818,南京市江宁区瑞鑫路2号,江苏省,南京市,江宁区,1,1a920c2e3f09b848744ff136,118.97587346606483,31.870253480357402,5
9056,瑞鑫苑,118.975623,31.869818,南京市江宁区瑞鑫路2号,江苏省,南京市,江宁区,1,1a920c2e3f09b848744ff136,118.97566874223911,31.870415469522648,6
9056,瑞鑫苑,118.975623,31.869818,南京市江宁区瑞鑫路2号,江苏省,南京市,江宁区,1,1a920c2e3f09b848744ff136,118.97543087094006,31.870585814657435,7
9056,瑞鑫苑,118.975623,31.869818,南京市江宁区瑞鑫路2号,江苏省,南京市,江宁区,1,1a920c2e3f09b848744ff136,118.97473261806715,31.870322477197444,8
9057,湖鑫苑,118.98538,31.863335,南京市江宁区宝塔南路1号,江苏省,南京市,江宁区,1,ed5d0b4900b11ee7eddfca3a,118.98536604004987,31.86372967018272,1
9057,湖鑫苑,118.98538,31.863335,南京市江宁区宝塔南路1号,江苏省,南京市,江宁区,1,ed5d0b4900b11ee7eddfca3a,118.98580620974975,31.863158486847375,2
9057,湖鑫苑,118.98538,31.863335,南京市江宁区宝塔南路1号,江苏省,南京市,江宁区,1,ed5d0b4900b11ee7eddfca3a,118.98510103992442,31.862817308519332,3
9057,湖鑫苑,118.98538,31.863335,南京市江宁区宝塔南路1号,江苏省,南京市,江宁区,1,ed5d0b4900b11ee7eddfca3a,118.98475070077554,31.86336549330128,4
9057,湖鑫苑,118.98538,31.863335,南京市江宁区宝塔南路1号,江苏省,南京市,江宁区,1,ed5d0b4900b11ee7eddfca3a,118.98536604004987,31.86372967018272,5
9059,家乐花园,118.987359,31.868892,南京市江宁区灵顺北路57号,江苏省,南京市,江宁区,1,c0b59c9b1cbcfc7a3f9a5ed0,118.9872174602822,31.869706142063198,1
9059,家乐花园,118.987359,31.868892,南京市江宁区灵顺北路57号,江苏省,南京市,江宁区,1,c0b59c9b1cbcfc7a3f9a5ed0,118.98765545967598,31.86960852879922,2
9059,家乐花园,118.987359,31.868892,南京市江宁区灵顺北路57号,江苏省,南京市,江宁区,1,c0b59c9b1cbcfc7a3f9a5ed0,118.9876307131558,31.86935956914146,3
9059,家乐花园,118.987359,31.868892,南京市江宁区灵顺北路57号,江苏省,南京市,江宁区,1,c0b59c9b1cbcfc7a3f9a5ed0,118.98760973502722,31.86934255265943,4
9059,家乐花园,118.987359,31.868892,南京市江宁区灵顺北路57号,江苏省,南京市,江宁区,1,c0b59c9b1cbcfc7a3f9a5ed0,118.98754175036792,31.869345486588735,5
9059,家乐花园,118.987359,31.868892,南京市江宁区灵顺北路57号,江苏省,南京市,江宁区,1,c0b59c9b1cbcfc7a3f9a5ed0,118.98750988028503,31.869221490389478,6
9059,家乐花园,118.987359,31.868892,南京市江宁区灵顺北路57号,江苏省,南京市,江宁区,1,c0b59c9b1cbcfc7a3f9a5ed0,118.98751800635668,31.869092531934143,7
9059,家乐花园,118.987359,31.868892,南京市江宁区灵顺北路57号,江苏省,南京市,江宁区,1,c0b59c9b1cbcfc7a3f9a5ed0,118.98750924248812,31.86885758649436,8
9059,家乐花园,118.987359,31.868892,南京市江宁区灵顺北路57号,江苏省,南京市,江宁区,1,c0b59c9b1cbcfc7a3f9a5ed0,118.98750144339968,31.868657632828977,9
9059,家乐花园,118.987359,31.868892,南京市江宁区灵顺北路57号,江苏省,南京市,江宁区,1,c0b59c9b1cbcfc7a3f9a5ed0,118.98751647025425,31.86862665452908,10
9059,家乐花园,118.987359,31.868892,南京市江宁区灵顺北路57号,江苏省,南京市,江宁区,1,c0b59c9b1cbcfc7a3f9a5ed0,118.98772443426796,31.868606868326264,11
9059,家乐花园,118.987359,31.868892,南京市江宁区灵顺北路57号,江苏省,南京市,江宁区,1,c0b59c9b1cbcfc7a3f9a5ed0,118.98809426664641,31.868647333026118,12
9059,家乐花园,118.987359,31.868892,南京市江宁区灵顺北路57号,江苏省,南京市,江宁区,1,c0b59c9b1cbcfc7a3f9a5ed0,118.98811249416352,31.868412422472716,13
9059,家乐花园,118.987359,31.868892,南京市江宁区灵顺北路57号,江苏省,南京市,江宁区,1,c0b59c9b1cbcfc7a3f9a5ed0,118.98793857592864,31.86839518371631,14
9059,家乐花园,118.987359,31.868892,南京市江宁区灵顺北路57号,江苏省,南京市,江宁区,1,c0b59c9b1cbcfc7a3f9a5ed0,118.98764267139875,31.868392838388388,15
9059,家乐花园,118.987359,31.868892,南京市江宁区灵顺北路57号,江苏省,南京市,江宁区,1,c0b59c9b1cbcfc7a3f9a5ed0,118.98750070409424,31.868395702046662,16
9059,家乐花园,118.987359,31.868892,南京市江宁区灵顺北路57号,江苏省,南京市,江宁区,1,c0b59c9b1cbcfc7a3f9a5ed0,118.9873847310563,31.868394606200788,17
9059,家乐花园,118.987359,31.868892,南京市江宁区灵顺北路57号,江苏省,南京市,江宁区,1,c0b59c9b1cbcfc7a3f9a5ed0,118.98725574157152,31.868408511038048,18
9059,家乐花园,118.987359,31.868892,南京市江宁区灵顺北路57号,江苏省,南京市,江宁区,1,c0b59c9b1cbcfc7a3f9a5ed0,118.98706574995616,31.8684284006279,19
9059,家乐花园,118.987359,31.868892,南京市江宁区灵顺北路57号,江苏省,南京市,江宁区,1,c0b59c9b1cbcfc7a3f9a5ed0,118.98696372580616,31.86846434916691,20
9059,家乐花园,118.987359,31.868892,南京市江宁区灵顺北路57号,江苏省,南京市,江宁区,1,c0b59c9b1cbcfc7a3f9a5ed0,118.98693659877637,31.868594304996027,21
9059,家乐花园,118.987359,31.868892,南京市江宁区灵顺北路57号,江苏省,南京市,江宁区,1,c0b59c9b1cbcfc7a3f9a5ed0,118.98696344373822,31.868747273470895,22
9059,家乐花园,118.987359,31.868892,南京市江宁区灵顺北路57号,江苏省,南京市,江宁区,1,c0b59c9b1cbcfc7a3f9a5ed0,118.9870191476629,31.869039217285273,23
9059,家乐花园,118.987359,31.868892,南京市江宁区灵顺北路57号,江苏省,南京市,江宁区,1,c0b59c9b1cbcfc7a3f9a5ed0,118.9872174602822,31.869706142063198,24
9060,卫星小区,118.990394,31.864194,南京市江宁区河南西街26号,江苏省,南京市,江宁区,1,0e264ff930fc1b90f7eafcb4,118.99067116290014,31.864669009823704,1
9060,卫星小区,118.990394,31.864194,南京市江宁区河南西街26号,江苏省,南京市,江宁区,1,0e264ff930fc1b90f7eafcb4,118.99072488156963,31.864500340342254,2
9060,卫星小区,118.990394,31.864194,南京市江宁区河南西街26号,江苏省,南京市,江宁区,1,0e264ff930fc1b90f7eafcb4,118.99056767810538,31.86395216237513,3
9060,卫星小区,118.990394,31.864194,南京市江宁区河南西街26号,江苏省,南京市,江宁区,1,0e264ff930fc1b90f7eafcb4,118.99073835615228,31.863936828678376,4
9060,卫星小区,118.990394,31.864194,南京市江宁区河南西街26号,江苏省,南京市,江宁区,1,0e264ff930fc1b90f7eafcb4,118.99072901377498,31.86373795039808,5
9060,卫星小区,118.990394,31.864194,南京市江宁区河南西街26号,江苏省,南京市,江宁区,1,0e264ff930fc1b90f7eafcb4,118.99037005089319,31.863741323818935,6
9060,卫星小区,118.990394,31.864194,南京市江宁区河南西街26号,江苏省,南京市,江宁区,1,0e264ff930fc1b90f7eafcb4,118.99036996106264,31.863820062493073,7
9060,卫星小区,118.990394,31.864194,南京市江宁区河南西街26号,江苏省,南京市,江宁区,1,0e264ff930fc1b90f7eafcb4,118.99037400343744,31.863962972629803,8
9060,卫星小区,118.990394,31.864194,南京市江宁区河南西街26号,江苏省,南京市,江宁区,1,0e264ff930fc1b90f7eafcb4,118.9899568303586,31.863982829760918,9
9060,卫星小区,118.990394,31.864194,南京市江宁区河南西街26号,江苏省,南京市,江宁区,1,0e264ff930fc1b90f7eafcb4,118.99005115243715,31.864519584012477,10
9060,卫星小区,118.990394,31.864194,南京市江宁区河南西街26号,江苏省,南京市,江宁区,1,0e264ff930fc1b90f7eafcb4,118.99067116290014,31.864669009823704,11
9061,新燕公寓,118.990969,31.863165,南京市江宁区灵顺南路33号,江苏省,南京市,江宁区,1,025d0e3e2c5cd6bbddee8b46,118.99042700346251,31.8634479890758,1
9061,新燕公寓,118.990969,31.863165,南京市江宁区灵顺南路33号,江苏省,南京市,江宁区,1,025d0e3e2c5cd6bbddee8b46,118.99133402253595,31.863444002292873,2
9061,新燕公寓,118.990969,31.863165,南京市江宁区灵顺南路33号,江苏省,南京市,江宁区,1,025d0e3e2c5cd6bbddee8b46,118.99146382768214,31.863297181223384,3
9061,新燕公寓,118.990969,31.863165,南京市江宁区灵顺南路33号,江苏省,南京市,江宁区,1,025d0e3e2c5cd6bbddee8b46,118.99151521075731,31.862889531094265,4
9061,新燕公寓,118.990969,31.863165,南京市江宁区灵顺南路33号,江苏省,南京市,江宁区,1,025d0e3e2c5cd6bbddee8b46,118.99147029548182,31.862839312643214,5
9061,新燕公寓,118.990969,31.863165,南京市江宁区灵顺南路33号,江苏省,南京市,江宁区,1,025d0e3e2c5cd6bbddee8b46,118.99102284950729,31.862830342321573,6
9061,新燕公寓,118.990969,31.863165,南京市江宁区灵顺南路33号,江苏省,南京市,江宁区,1,025d0e3e2c5cd6bbddee8b46,118.99070116630418,31.862919968829,7
9061,新燕公寓,118.990969,31.863165,南京市江宁区灵顺南路33号,江苏省,南京市,江宁区,1,025d0e3e2c5cd6bbddee8b46,118.99043535770377,31.86297793083486,8
9061,新燕公寓,118.990969,31.863165,南京市江宁区灵顺南路33号,江苏省,南京市,江宁区,1,025d0e3e2c5cd6bbddee8b46,118.99042700346251,31.8634479890758,9
9062,花园新寓,118.991158,31.866152,姚东大街8号,江苏省,南京市,江宁区,1,bb8345df744543d679b55cc8,118.9909955410198,31.8661573381195,1
9062,花园新寓,118.991158,31.866152,姚东大街8号,江苏省,南京市,江宁区,1,bb8345df744543d679b55cc8,118.99118517061804,31.86630612614447,2
9062,花园新寓,118.991158,31.866152,姚东大街8号,江苏省,南京市,江宁区,1,bb8345df744543d679b55cc8,118.99130613284478,31.866198700597764,3
9062,花园新寓,118.991158,31.866152,姚东大街8号,江苏省,南京市,江宁区,1,bb8345df744543d679b55cc8,118.99111650773807,31.86605189016892,4
9062,花园新寓,118.991158,31.866152,姚东大街8号,江苏省,南京市,江宁区,1,bb8345df744543d679b55cc8,118.9909955410198,31.8661573381195,5
9065,绿地国际花都,118.601095,31.856118,江苏省南京市江宁区锦文路9号,江苏省,南京市,江宁区,1,d13802ca91c6330a9a0050d1,118.59649887954751,31.860057702313355,1
9065,绿地国际花都,118.601095,31.856118,江苏省南京市江宁区锦文路9号,江苏省,南京市,江宁区,1,d13802ca91c6330a9a0050d1,118.59653302324165,31.860085061779145,2
9065,绿地国际花都,118.601095,31.856118,江苏省南京市江宁区锦文路9号,江苏省,南京市,江宁区,1,d13802ca91c6330a9a0050d1,118.5965621498995,31.860103516584836,3
9065,绿地国际花都,118.601095,31.856118,江苏省南京市江宁区锦文路9号,江苏省,南京市,江宁区,1,d13802ca91c6330a9a0050d1,118.59658927333608,31.860115010593436,4
9065,绿地国际花都,118.601095,31.856118,江苏省南京市江宁区锦文路9号,江苏省,南京市,江宁区,1,d13802ca91c6330a9a0050d1,118.59661640126417,31.86012150575959,5
9065,绿地国际花都,118.601095,31.856118,江苏省南京市江宁区锦文路9号,江苏省,南京市,江宁区,1,d13802ca91c6330a9a0050d1,118.59664855880482,31.86012390895714,6
9065,绿地国际花都,118.601095,31.856118,江苏省南京市江宁区锦文路9号,江苏省,南京市,江宁区,1,d13802ca91c6330a9a0050d1,118.59666765408504,31.860123555040616,7
9065,绿地国际花都,118.601095,31.856118,江苏省南京市江宁区锦文路9号,江苏省,南京市,江宁区,1,d13802ca91c6330a9a0050d1,118.59669077287563,31.860119127633606,8
9065,绿地国际花都,118.601095,31.856118,江苏省南京市江宁区锦文路9号,江苏省,南京市,江宁区,1,d13802ca91c6330a9a0050d1,118.59699244812015,31.85993258681569,9
9065,绿地国际花都,118.601095,31.856118,江苏省南京市江宁区锦文路9号,江苏省,南京市,江宁区,1,d13802ca91c6330a9a0050d1,118.59786629366938,31.859390553847916,10
9065,绿地国际花都,118.601095,31.856118,江苏省南京市江宁区锦文路9号,江苏省,南京市,江宁区,1,d13802ca91c6330a9a0050d1,118.59855007034899,31.858969040803014,11
9065,绿地国际花都,118.601095,31.856118,江苏省南京市江宁区锦文路9号,江苏省,南京市,江宁区,1,d13802ca91c6330a9a0050d1,118.5985651681697,31.85894376933669,12
9065,绿地国际花都,118.601095,31.856118,江苏省南京市江宁区锦文路9号,江苏省,南京市,江宁区,1,d13802ca91c6330a9a0050d1,118.59857424015705,31.858914609943785,13
9065,绿地国际花都,118.601095,31.856118,江苏省南京市江宁区锦文路9号,江苏省,南京市,江宁区,1,d13802ca91c6330a9a0050d1,118.59857428327572,31.858869621377895,14
9065,绿地国际花都,118.601095,31.856118,江苏省南京市江宁区锦文路9号,江苏省,南京市,江宁区,1,d13802ca91c6330a9a0050d1,118.59856928600216,31.858839721532362,15
9065,绿地国际花都,118.601095,31.856118,江苏省南京市江宁区锦文路9号,江苏省,南京市,江宁区,1,d13802ca91c6330a9a0050d1,118.59855826559017,31.858803934356203,16
9065,绿地国际花都,118.601095,31.856118,江苏省南京市江宁区锦文路9号,江苏省,南京市,江宁区,1,d13802ca91c6330a9a0050d1,118.59854522578739,31.858777181985285,17
9065,绿地国际花都,118.601095,31.856118,江苏省南京市江宁区锦文路9号,江苏省,南京市,江宁区,1,d13802ca91c6330a9a0050d1,118.59724017742384,31.857246717115704,18
9065,绿地国际花都,118.601095,31.856118,江苏省南京市江宁区锦文路9号,江苏省,南京市,江宁区,1,d13802ca91c6330a9a0050d1,118.59723316165781,31.857225852554905,19
9065,绿地国际花都,118.601095,31.856118,江苏省南京市江宁区锦文路9号,江苏省,南京市,江宁区,1,d13802ca91c6330a9a0050d1,118.59723317333578,31.85721285567622,20
9065,绿地国际花都,118.601095,31.856118,江苏省南京市江宁区锦文路9号,江苏省,南京市,江宁区,1,d13802ca91c6330a9a0050d1,118.59723720762584,31.857196785082383,21
9065,绿地国际花都,118.601095,31.856118,江苏省南京市江宁区锦文路9号,江苏省,南京市,江宁区,1,d13802ca91c6330a9a0050d1,118.59724425123935,31.857186657269953,22
9065,绿地国际花都,118.601095,31.856118,江苏省南京市江宁区锦文路9号,江苏省,南京市,江宁区,1,d13802ca91c6330a9a0050d1,118.59756099735537,31.856990841762297,23
9065,绿地国际花都,118.601095,31.856118,江苏省南京市江宁区锦文路9号,江苏省,南京市,江宁区,1,d13802ca91c6330a9a0050d1,118.59844084358542,31.856435721807035,24
9065,绿地国际花都,118.601095,31.856118,江苏省南京市江宁区锦文路9号,江苏省,南京市,江宁区,1,d13802ca91c6330a9a0050d1,118.5993930617989,31.855830359532167,25
9065,绿地国际花都,118.601095,31.856118,江苏省南京市江宁区锦文路9号,江苏省,南京市,江宁区,1,d13802ca91c6330a9a0050d1,118.59941819279383,31.85582090117363,26
9065,绿地国际花都,118.601095,31.856118,江苏省南京市江宁区锦文路9号,江苏省,南京市,江宁区,1,d13802ca91c6330a9a0050d1,118.59944532880668,31.855817404702943,27
9065,绿地国际花都,118.601095,31.856118,江苏省南京市江宁区锦文路9号,江苏省,南京市,江宁区,1,d13802ca91c6330a9a0050d1,118.59946844220747,31.855817981071244,28
9065,绿地国际花都,118.601095,31.856118,江苏省南京市江宁区锦文路9号,江苏省,南京市,江宁区,1,d13802ca91c6330a9a0050d1,118.59948652330075,31.855826647680917,29
9065,绿地国际花都,118.601095,31.856118,江苏省南京市江宁区锦文路9号,江苏省,南京市,江宁区,1,d13802ca91c6330a9a0050d1,118.59951363056783,31.855856143744344,30
9065,绿地国际花都,118.601095,31.856118,江苏省南京市江宁区锦文路9号,江苏省,南京市,江宁区,1,d13802ca91c6330a9a0050d1,118.60012492836567,31.85664077864044,31
9065,绿地国际花都,118.601095,31.856118,江苏省南京市江宁区锦文路9号,江苏省,南京市,江宁区,1,d13802ca91c6330a9a0050d1,118.60079845807434,31.8574653401166,32
9065,绿地国际花都,118.601095,31.856118,江苏省南京市江宁区锦文路9号,江苏省,南京市,江宁区,1,d13802ca91c6330a9a0050d1,118.60081954759279,31.857479955008948,33
9065,绿地国际花都,118.601095,31.856118,江苏省南京市江宁区锦文路9号,江苏省,南京市,江宁区,1,d13802ca91c6330a9a0050d1,118.60086174279921,31.857489189997896,34
9065,绿地国际花都,118.601095,31.856118,江苏省南京市江宁区锦文路9号,江苏省,南京市,江宁区,1,d13802ca91c6330a9a0050d1,118.60089389674663,31.85749060869515,35
9065,绿地国际花都,118.601095,31.856118,江苏省南京市江宁区锦文路9号,江苏省,南京市,江宁区,1,d13802ca91c6330a9a0050d1,118.60095019445126,31.857462599560467,36
9065,绿地国际花都,118.601095,31.856118,江苏省南京市江宁区锦文路9号,江苏省,南京市,江宁区,1,d13802ca91c6330a9a0050d1,118.60144385285443,31.857151798046992,37
9065,绿地国际花都,118.601095,31.856118,江苏省南京市江宁区锦文路9号,江苏省,南京市,江宁区,1,d13802ca91c6330a9a0050d1,118.60230244427781,31.85659763704339,38
9065,绿地国际花都,118.601095,31.856118,江苏省南京市江宁区锦文路9号,江苏省,南京市,江宁区,1,d13802ca91c6330a9a0050d1,118.60270355834903,31.856349620961637,39
9065,绿地国际花都,118.601095,31.856118,江苏省南京市江宁区锦文路9号,江苏省,南京市,江宁区,1,d13802ca91c6330a9a0050d1,118.60272568541038,31.856323238518005,40
9065,绿地国际花都,118.601095,31.856118,江苏省南京市江宁区锦文路9号,江苏省,南京市,江宁区,1,d13802ca91c6330a9a0050d1,118.60272871898808,31.856301190729123,41
9065,绿地国际花都,118.601095,31.856118,江苏省南京市江宁区锦文路9号,江苏省,南京市,江宁区,1,d13802ca91c6330a9a0050d1,118.60272873336096,31.856285194579534,42
9065,绿地国际花都,118.601095,31.856118,江苏省南京市江宁区锦文路9号,江苏省,南京市,江宁区,1,d13802ca91c6330a9a0050d1,118.60272071328937,31.85626534060467,43
9065,绿地国际花都,118.601095,31.856118,江苏省南京市江宁区锦文路9号,江苏省,南京市,江宁区,1,d13802ca91c6330a9a0050d1,118.60270867869045,31.856240558496328,44
9065,绿地国际花都,118.601095,31.856118,江苏省南京市江宁区锦文路9号,江苏省,南京市,江宁区,1,d13802ca91c6330a9a0050d1,118.6015485144294,31.85467054382237,45
9065,绿地国际花都,118.601095,31.856118,江苏省南京市江宁区锦文路9号,江苏省,南京市,江宁区,1,d13802ca91c6330a9a0050d1,118.60152643497825,31.854638946905492,46
9065,绿地国际花都,118.601095,31.856118,江苏省南京市江宁区锦文路9号,江苏省,南京市,江宁区,1,d13802ca91c6330a9a0050d1,118.60148928285899,31.854607620185053,47
9065,绿地国际花都,118.601095,31.856118,江苏省南京市江宁区锦文路9号,江苏省,南京市,江宁区,1,d13802ca91c6330a9a0050d1,118.60145915459049,31.854588165022474,48
9065,绿地国际花都,118.601095,31.856118,江苏省南京市江宁区锦文路9号,江苏省,南京市,江宁区,1,d13802ca91c6330a9a0050d1,118.6014059120229,31.85457312365347,49
9065,绿地国际花都,118.601095,31.856118,江苏省南京市江宁区锦文路9号,江苏省,南京市,江宁区,1,d13802ca91c6330a9a0050d1,118.60136773224212,31.85456880999506,50
9065,绿地国际花都,118.601095,31.856118,江苏省南京市江宁区锦文路9号,江苏省,南京市,江宁区,1,d13802ca91c6330a9a0050d1,118.60133256268311,31.854569441424875,51
9065,绿地国际花都,118.601095,31.856118,江苏省南京市江宁区锦文路9号,江苏省,南京市,江宁区,1,d13802ca91c6330a9a0050d1,118.60128935418807,31.854570217542943,52
9065,绿地国际花都,118.601095,31.856118,江苏省南京市江宁区锦文路9号,江苏省,南京市,江宁区,1,d13802ca91c6330a9a0050d1,118.60123809867228,31.85458113648541,53
9065,绿地国际花都,118.601095,31.856118,江苏省南京市江宁区锦文路9号,江苏省,南京市,江宁区,1,d13802ca91c6330a9a0050d1,118.60082084025443,31.854872590098793,54
9065,绿地国际花都,118.601095,31.856118,江苏省南京市江宁区锦文路9号,江苏省,南京市,江宁区,1,d13802ca91c6330a9a0050d1,118.59926743826486,31.85583766185722,55
9065,绿地国际花都,118.601095,31.856118,江苏省南京市江宁区锦文路9号,江苏省,南京市,江宁区,1,d13802ca91c6330a9a0050d1,118.59708551526589,31.857130613119658,56
9065,绿地国际花都,118.601095,31.856118,江苏省南京市江宁区锦文路9号,江苏省,南京市,江宁区,1,d13802ca91c6330a9a0050d1,118.59521921011125,31.858280892478668,57
9065,绿地国际花都,118.601095,31.856118,江苏省南京市江宁区锦文路9号,江苏省,南京市,江宁区,1,d13802ca91c6330a9a0050d1,118.59520311606974,31.85829718584744,58
9065,绿地国际花都,118.601095,31.856118,江苏省南京市江宁区锦文路9号,江苏省,南京市,江宁区,1,d13802ca91c6330a9a0050d1,118.5951960670664,31.858312312247,59
9065,绿地国际花都,118.601095,31.856118,江苏省南京市江宁区锦文路9号,江苏省,南京市,江宁区,1,d13802ca91c6330a9a0050d1,118.59519504748965,31.858327327084538,60
9065,绿地国际花都,118.601095,31.856118,江苏省南京市江宁区锦文路9号,江苏省,南京市,江宁区,1,d13802ca91c6330a9a0050d1,118.59519603742231,31.8583443042165,61
9065,绿地国际花都,118.601095,31.856118,江苏省南京市江宁区锦文路9号,江苏省,南京市,江宁区,1,d13802ca91c6330a9a0050d1,118.5952030612731,31.858356171154878,62
9065,绿地国际花都,118.601095,31.856118,江苏省南京市江宁区锦文路9号,江苏省,南京市,江宁区,1,d13802ca91c6330a9a0050d1,118.59649887954751,31.860057702313355,63
9066,朗诗未来家,118.598998,31.857403,南京市江宁区安居街368号,江苏省,南京市,江宁区,1,f3223c628d69efea2cb90885,118.59747026131242,31.857086896927246,1
9066,朗诗未来家,118.598998,31.857403,南京市江宁区安居街368号,江苏省,南京市,江宁区,1,f3223c628d69efea2cb90885,118.59748307474221,31.857142645141977,2
9066,朗诗未来家,118.598998,31.857403,南京市江宁区安居街368号,江苏省,南京市,江宁区,1,f3223c628d69efea2cb90885,118.59858246324569,31.858505968491166,3
9066,朗诗未来家,118.598998,31.857403,南京市江宁区安居街368号,江苏省,南京市,江宁区,1,f3223c628d69efea2cb90885,118.59860977532642,31.8585302585872,4
9066,朗诗未来家,118.598998,31.857403,南京市江宁区安居街368号,江苏省,南京市,江宁区,1,f3223c628d69efea2cb90885,118.59865477953416,31.858548624306426,5
9066,朗诗未来家,118.598998,31.857403,南京市江宁区安居街368号,江苏省,南京市,江宁区,1,f3223c628d69efea2cb90885,118.59894656353669,31.85860643719845,6
9066,朗诗未来家,118.598998,31.857403,南京市江宁区安居街368号,江苏省,南京市,江宁区,1,f3223c628d69efea2cb90885,118.59899158211732,31.85860880869328,7
9066,朗诗未来家,118.598998,31.857403,南京市江宁区安居街368号,江苏省,南京市,江宁区,1,f3223c628d69efea2cb90885,118.59903018589831,31.858594502820367,8
9066,朗诗未来家,118.598998,31.857403,南京市江宁区安居街368号,江苏省,南京市,江宁区,1,f3223c628d69efea2cb90885,118.6006148300552,31.857617824184143,9
9066,朗诗未来家,118.598998,31.857403,南京市江宁区安居街368号,江苏省,南京市,江宁区,1,f3223c628d69efea2cb90885,118.60064702801961,31.857572452760234,10
9066,朗诗未来家,118.598998,31.857403,南京市江宁区安居街368号,江苏省,南京市,江宁区,1,f3223c628d69efea2cb90885,118.60063420740336,31.85752629709339,11
9066,朗诗未来家,118.598998,31.857403,南京市江宁区安居街368号,江苏省,南京市,江宁区,1,f3223c628d69efea2cb90885,118.59936056469877,31.85598831579976,12
9066,朗诗未来家,118.598998,31.857403,南京市江宁区安居街368号,江苏省,南京市,江宁区,1,f3223c628d69efea2cb90885,118.59931074018365,31.855965235421987,13
9066,朗诗未来家,118.598998,31.857403,南京市江宁区安居街368号,江苏省,南京市,江宁区,1,f3223c628d69efea2cb90885,118.59925284349524,31.855979094230534,14
9066,朗诗未来家,118.598998,31.857403,南京市江宁区安居街368号,江苏省,南京市,江宁区,1,f3223c628d69efea2cb90885,118.59749602381615,31.8570480299019,15
9066,朗诗未来家,118.598998,31.857403,南京市江宁区安居街368号,江苏省,南京市,江宁区,1,f3223c628d69efea2cb90885,118.59747026131242,31.857086896927246,16
9068,禹洲弘阳竹水居,118.600758,31.859411,南京市江宁区滨江开发区江宁街道润寿路599号,江苏省,南京市,江宁区,1,efb56dc580dd9c5c89db73e5,118.60258530631002,31.859907657265943,1
9068,禹洲弘阳竹水居,118.600758,31.859411,南京市江宁区滨江开发区江宁街道润寿路599号,江苏省,南京市,江宁区,1,efb56dc580dd9c5c89db73e5,118.60258467749615,31.859909574062772,2
9068,禹洲弘阳竹水居,118.600758,31.859411,南京市江宁区滨江开发区江宁街道润寿路599号,江苏省,南京市,江宁区,1,efb56dc580dd9c5c89db73e5,118.60254533171481,31.860006103899124,3
9068,禹洲弘阳竹水居,118.600758,31.859411,南京市江宁区滨江开发区江宁街道润寿路599号,江苏省,南京市,江宁区,1,efb56dc580dd9c5c89db73e5,118.60242846216796,31.860099873451812,4
9068,禹洲弘阳竹水居,118.600758,31.859411,南京市江宁区滨江开发区江宁街道润寿路599号,江苏省,南京市,江宁区,1,efb56dc580dd9c5c89db73e5,118.602003114509,31.86036485050609,5
9068,禹洲弘阳竹水居,118.600758,31.859411,南京市江宁区滨江开发区江宁街道润寿路599号,江苏省,南京市,江宁区,1,efb56dc580dd9c5c89db73e5,118.6007928274954,31.861091846680615,6
9068,禹洲弘阳竹水居,118.600758,31.859411,南京市江宁区滨江开发区江宁街道润寿路599号,江苏省,南京市,江宁区,1,efb56dc580dd9c5c89db73e5,118.60069518168648,31.861077509225005,7
9068,禹洲弘阳竹水居,118.600758,31.859411,南京市江宁区滨江开发区江宁街道润寿路599号,江苏省,南京市,江宁区,1,efb56dc580dd9c5c89db73e5,118.60060589011879,31.86100858206745,8
9068,禹洲弘阳竹水居,118.600758,31.859411,南京市江宁区滨江开发区江宁街道润寿路599号,江苏省,南京市,江宁区,1,efb56dc580dd9c5c89db73e5,118.59895094187775,31.85898774348693,9
9068,禹洲弘阳竹水居,118.600758,31.859411,南京市江宁区滨江开发区江宁街道润寿路599号,江苏省,南京市,江宁区,1,efb56dc580dd9c5c89db73e5,118.59892569949291,31.858875801354337,10
9068,禹洲弘阳竹水居,118.600758,31.859411,南京市江宁区滨江开发区江宁街道润寿路599号,江苏省,南京市,江宁区,1,efb56dc580dd9c5c89db73e5,118.60081645293032,31.85770009398108,11
9068,禹洲弘阳竹水居,118.600758,31.859411,南京市江宁区滨江开发区江宁街道润寿路599号,江苏省,南京市,江宁区,1,efb56dc580dd9c5c89db73e5,118.60258530631002,31.859907657265943,12
9069,恒信珑湖国际,118.60821,31.859446,江苏省南京市江宁区太白路,江苏省,南京市,江宁区,1,d8dcd83834c6ec4716a19030,118.60557953823589,31.858948410410775,1
9069,恒信珑湖国际,118.60821,31.859446,江苏省南京市江宁区太白路,江苏省,南京市,江宁区,1,d8dcd83834c6ec4716a19030,118.60655869124176,31.860090826189275,2
9069,恒信珑湖国际,118.60821,31.859446,江苏省南京市江宁区太白路,江苏省,南京市,江宁区,1,d8dcd83834c6ec4716a19030,118.60714501524811,31.859910954156465,3
9069,恒信珑湖国际,118.60821,31.859446,江苏省南京市江宁区太白路,江苏省,南京市,江宁区,1,d8dcd83834c6ec4716a19030,118.60793103256934,31.859823011477772,4
9069,恒信珑湖国际,118.60821,31.859446,江苏省南京市江宁区太白路,江苏省,南京市,江宁区,1,d8dcd83834c6ec4716a19030,118.60834856497038,31.8598415660866,5
9069,恒信珑湖国际,118.60821,31.859446,江苏省南京市江宁区太白路,江苏省,南京市,江宁区,1,d8dcd83834c6ec4716a19030,118.60874399905587,31.85990298028151,6
9069,恒信珑湖国际,118.60821,31.859446,江苏省南京市江宁区太白路,江苏省,南京市,江宁区,1,d8dcd83834c6ec4716a19030,118.6091259585587,31.86004098955753,7
9069,恒信珑湖国际,118.60821,31.859446,江苏省南京市江宁区太白路,江苏省,南京市,江宁区,1,d8dcd83834c6ec4716a19030,118.61001043016384,31.859400701427358,8
9069,恒信珑湖国际,118.60821,31.859446,江苏省南京市江宁区太白路,江苏省,南京市,江宁区,1,d8dcd83834c6ec4716a19030,118.61028665910817,31.85881039948322,9
9069,恒信珑湖国际,118.60821,31.859446,江苏省南京市江宁区太白路,江苏省,南京市,江宁区,1,d8dcd83834c6ec4716a19030,118.61034280320254,31.858204605716484,10
9069,恒信珑湖国际,118.60821,31.859446,江苏省南京市江宁区太白路,江苏省,南京市,江宁区,1,d8dcd83834c6ec4716a19030,118.61028216758062,31.857641131865325,11
9069,恒信珑湖国际,118.60821,31.859446,江苏省南京市江宁区太白路,江苏省,南京市,江宁区,1,d8dcd83834c6ec4716a19030,118.61018595906049,31.85741900766214,12
9069,恒信珑湖国际,118.60821,31.859446,江苏省南京市江宁区太白路,江苏省,南京市,江宁区,1,d8dcd83834c6ec4716a19030,118.60947818414918,31.857771477193797,13
9069,恒信珑湖国际,118.60821,31.859446,江苏省南京市江宁区太白路,江苏省,南京市,江宁区,1,d8dcd83834c6ec4716a19030,118.60940182818084,31.858304357630743,14
9069,恒信珑湖国际,118.60821,31.859446,江苏省南京市江宁区太白路,江苏省,南京市,江宁区,1,d8dcd83834c6ec4716a19030,118.6089302177881,31.85927043509713,15
9069,恒信珑湖国际,118.60821,31.859446,江苏省南京市江宁区太白路,江苏省,南京市,江宁区,1,d8dcd83834c6ec4716a19030,118.60870896514098,31.859239996145615,16
9069,恒信珑湖国际,118.60821,31.859446,江苏省南京市江宁区太白路,江苏省,南京市,江宁区,1,d8dcd83834c6ec4716a19030,118.6079589698707,31.859293973523698,17
9069,恒信珑湖国际,118.60821,31.859446,江苏省南京市江宁区太白路,江苏省,南京市,江宁区,1,d8dcd83834c6ec4716a19030,118.60716280169721,31.858875494663373,18
9069,恒信珑湖国际,118.60821,31.859446,江苏省南京市江宁区太白路,江苏省,南京市,江宁区,1,d8dcd83834c6ec4716a19030,118.60696966601257,31.858392455118516,19
9069,恒信珑湖国际,118.60821,31.859446,江苏省南京市江宁区太白路,江苏省,南京市,江宁区,1,d8dcd83834c6ec4716a19030,118.60666900315837,31.858422971025693,20
9069,恒信珑湖国际,118.60821,31.859446,江苏省南京市江宁区太白路,江苏省,南京市,江宁区,1,d8dcd83834c6ec4716a19030,118.60557953823589,31.858948410410775,21
9071,宝驰景秀苑-南区,118.603007,31.858844,南京市江宁区地秀路518号,江苏省,南京市,江宁区,1,4ef14d9b1050d436c17da2e6,118.60424815963954,31.859131657931083,1
9071,宝驰景秀苑-南区,118.603007,31.858844,南京市江宁区地秀路518号,江苏省,南京市,江宁区,1,4ef14d9b1050d436c17da2e6,118.60320612524797,31.857755375722117,2
9071,宝驰景秀苑-南区,118.603007,31.858844,南京市江宁区地秀路518号,江苏省,南京市,江宁区,1,4ef14d9b1050d436c17da2e6,118.60181824323504,31.85862178421153,3
9071,宝驰景秀苑-南区,118.603007,31.858844,南京市江宁区地秀路518号,江苏省,南京市,江宁区,1,4ef14d9b1050d436c17da2e6,118.60183620934524,31.858679288908814,4
9071,宝驰景秀苑-南区,118.603007,31.858844,南京市江宁区地秀路518号,江苏省,南京市,江宁区,1,4ef14d9b1050d436c17da2e6,118.60237070112368,31.859331006280264,5
9071,宝驰景秀苑-南区,118.603007,31.858844,南京市江宁区地秀路518号,江苏省,南京市,江宁区,1,4ef14d9b1050d436c17da2e6,118.60275697249297,31.859798706467934,6
9071,宝驰景秀苑-南区,118.603007,31.858844,南京市江宁区地秀路518号,江苏省,南京市,江宁区,1,4ef14d9b1050d436c17da2e6,118.60281087082357,31.859814040859746,7
9071,宝驰景秀苑-南区,118.603007,31.858844,南京市江宁区地秀路518号,江苏省,南京市,江宁区,1,4ef14d9b1050d436c17da2e6,118.60288722679192,31.859814040859746,8
9071,宝驰景秀苑-南区,118.603007,31.858844,南京市江宁区地秀路518号,江苏省,南京市,江宁区,1,4ef14d9b1050d436c17da2e6,118.60424815963954,31.859131657931083,9
9072,奥登金属大院,118.601602,31.85211,江苏省南京市江宁区锦文路7号奥登金属,江苏省,南京市,江宁区,1,f7b1a7a17c2454e2c6effb68,118.5999300104429,31.851716493833095,1
9072,奥登金属大院,118.601602,31.85211,江苏省南京市江宁区锦文路7号奥登金属,江苏省,南京市,江宁区,1,f7b1a7a17c2454e2c6effb68,118.60130212809243,31.853701193186442,2
9072,奥登金属大院,118.601602,31.85211,江苏省南京市江宁区锦文路7号奥登金属,江苏省,南京市,江宁区,1,f7b1a7a17c2454e2c6effb68,118.60336296759338,31.85232504589666,3
9072,奥登金属大院,118.601602,31.85211,江苏省南京市江宁区锦文路7号奥登金属,江苏省,南京市,江宁区,1,f7b1a7a17c2454e2c6effb68,118.60177072377188,31.85058947531076,4
9072,奥登金属大院,118.601602,31.85211,江苏省南京市江宁区锦文路7号奥登金属,江苏省,南京市,江宁区,1,f7b1a7a17c2454e2c6effb68,118.5999300104429,31.851716493833095,5
9073,盛江花苑-牡丹园,118.614936,31.858125,南京市江宁区长兴大街298号,江苏省,南京市,江宁区,1,72aa25136bf0ba3a067ce8a7,118.61415000161492,31.858766005923844,1
9073,盛江花苑-牡丹园,118.614936,31.858125,南京市江宁区长兴大街298号,江苏省,南京市,江宁区,1,72aa25136bf0ba3a067ce8a7,118.61565502266633,31.85881998358215,2
9073,盛江花苑-牡丹园,118.614936,31.858125,南京市江宁区长兴大街298号,江苏省,南京市,江宁区,1,72aa25136bf0ba3a067ce8a7,118.61565376503862,31.857741344437347,3
9073,盛江花苑-牡丹园,118.614936,31.858125,南京市江宁区长兴大街298号,江苏省,南京市,江宁区,1,72aa25136bf0ba3a067ce8a7,118.61543502764694,31.857358971928683,4
9073,盛江花苑-牡丹园,118.614936,31.858125,南京市江宁区长兴大街298号,江苏省,南京市,江宁区,1,72aa25136bf0ba3a067ce8a7,118.61487700026416,31.857458954788584,5
9073,盛江花苑-牡丹园,118.614936,31.858125,南京市江宁区长兴大街298号,江苏省,南京市,江宁区,1,72aa25136bf0ba3a067ce8a7,118.61423596945222,31.857417014139052,6
9073,盛江花苑-牡丹园,118.614936,31.858125,南京市江宁区长兴大街298号,江苏省,南京市,江宁区,1,72aa25136bf0ba3a067ce8a7,118.61425303725692,31.857738967552827,7
9073,盛江花苑-牡丹园,118.614936,31.858125,南京市江宁区长兴大街298号,江苏省,南京市,江宁区,1,72aa25136bf0ba3a067ce8a7,118.61426202031201,31.857853978023197,8
9073,盛江花苑-牡丹园,118.614936,31.858125,南京市江宁区长兴大街298号,江苏省,南京市,江宁区,1,72aa25136bf0ba3a067ce8a7,118.61425797793723,31.857941999271993,9
9073,盛江花苑-牡丹园,118.614936,31.858125,南京市江宁区长兴大街298号,江苏省,南京市,江宁区,1,72aa25136bf0ba3a067ce8a7,118.61415000161492,31.858766005923844,10
9074,滨江华苑,118.611294,31.857452,南京市江宁区盛江路209号(长兴大街与盛江路交汇处西南侧),江苏省,南京市,江宁区,1,6affca7bfc3e577130169b2f,118.61030171111528,31.856751019115183,1
9074,滨江华苑,118.611294,31.857452,南京市江宁区盛江路209号(长兴大街与盛江路交汇处西南侧),江苏省,南京市,江宁区,1,6affca7bfc3e577130169b2f,118.61055974128827,31.857774171506446,2
9074,滨江华苑,118.611294,31.857452,南京市江宁区盛江路209号(长兴大街与盛江路交汇处西南侧),江苏省,南京市,江宁区,1,6affca7bfc3e577130169b2f,118.61063830439326,31.858557882649222,3
9074,滨江华苑,118.611294,31.857452,南京市江宁区盛江路209号(长兴大街与盛江路交汇处西南侧),江苏省,南京市,江宁区,1,6affca7bfc3e577130169b2f,118.61210642125772,31.858658378671624,4
9074,滨江华苑,118.611294,31.857452,南京市江宁区盛江路209号(长兴大街与盛江路交汇处西南侧),江苏省,南京市,江宁区,1,6affca7bfc3e577130169b2f,118.61190714565491,31.85600861738771,5
9074,滨江华苑,118.611294,31.857452,南京市江宁区盛江路209号(长兴大街与盛江路交汇处西南侧),江苏省,南京市,江宁区,1,6affca7bfc3e577130169b2f,118.61030171111528,31.856751019115183,6
9075,碧湖天辰,118.61438,31.856305,南京市江宁区宁桥南路178号,江苏省,南京市,江宁区,1,19e27a7758c41b7b4f3a59f0,118.61379023025818,31.856101509435856,1
9075,碧湖天辰,118.61438,31.856305,南京市江宁区宁桥南路178号,江苏省,南京市,江宁区,1,19e27a7758c41b7b4f3a59f0,118.61430298304327,31.85731695455918,2
9075,碧湖天辰,118.61438,31.856305,南京市江宁区宁桥南路178号,江苏省,南京市,江宁区,1,19e27a7758c41b7b4f3a59f0,118.61433370509171,31.857378063756247,3
9075,碧湖天辰,118.61438,31.856305,南京市江宁区宁桥南路178号,江苏省,南京市,江宁区,1,19e27a7758c41b7b4f3a59f0,118.6148367561773,31.857412567048947,4
9075,碧湖天辰,118.61438,31.856305,南京市江宁区宁桥南路178号,江苏省,南京市,江宁区,1,19e27a7758c41b7b4f3a59f0,118.61498497658644,31.857397232253806,5
9075,碧湖天辰,118.61438,31.856305,南京市江宁区宁桥南路178号,江苏省,南京市,江宁区,1,19e27a7758c41b7b4f3a59f0,118.61538696830216,31.857318718062306,6
9075,碧湖天辰,118.61438,31.856305,南京市江宁区宁桥南路178号,江苏省,南京市,江宁区,1,19e27a7758c41b7b4f3a59f0,118.61445273057178,31.85553219526492,7
9075,碧湖天辰,118.61438,31.856305,南京市江宁区宁桥南路178号,江苏省,南京市,江宁区,1,19e27a7758c41b7b4f3a59f0,118.61424612030449,31.85529450075603,8
9075,碧湖天辰,118.61438,31.856305,南京市江宁区宁桥南路178号,江苏省,南京市,江宁区,1,19e27a7758c41b7b4f3a59f0,118.61408667107646,31.85511998658722,9
9075,碧湖天辰,118.61438,31.856305,南京市江宁区宁桥南路178号,江苏省,南京市,江宁区,1,19e27a7758c41b7b4f3a59f0,118.61374082345513,31.85524650172527,10
9075,碧湖天辰,118.61438,31.856305,南京市江宁区宁桥南路178号,江苏省,南京市,江宁区,1,19e27a7758c41b7b4f3a59f0,118.61352523013274,31.855415188303347,11
9075,碧湖天辰,118.61438,31.856305,南京市江宁区宁桥南路178号,江苏省,南京市,江宁区,1,19e27a7758c41b7b4f3a59f0,118.61379023025818,31.856101509435856,12
9076,盛江花苑-玫瑰园,118.613152,31.856817,南京市江宁区二零五国道,江苏省,南京市,江宁区,1,28babdc7969b424b30169bde,118.61262315173961,31.85415355850085,1
9076,盛江花苑-玫瑰园,118.613152,31.856817,南京市江宁区二零五国道,江苏省,南京市,江宁区,1,28babdc7969b424b30169bde,118.61278035520385,31.854222567510014,2
9076,盛江花苑-玫瑰园,118.613152,31.856817,南京市江宁区二零五国道,江苏省,南京市,江宁区,1,28babdc7969b424b30169bde,118.61396162694948,31.8572589122852,3
9076,盛江花苑-玫瑰园,118.613152,31.856817,南京市江宁区二零五国道,江苏省,南京市,江宁区,1,28babdc7969b424b30169bde,118.61409996599802,31.85779900303643,4
9076,盛江花苑-玫瑰园,118.613152,31.856817,南京市江宁区二零五国道,江苏省,南京市,江宁区,1,28babdc7969b424b30169bde,118.61387997097863,31.85871900546527,5
9076,盛江花苑-玫瑰园,118.613152,31.856817,南京市江宁区二零五国道,江苏省,南京市,江宁区,1,28babdc7969b424b30169bde,118.61289713492016,31.858719542175372,6
9076,盛江花苑-玫瑰园,118.613152,31.856817,南京市江宁区二零五国道,江苏省,南京市,江宁区,1,28babdc7969b424b30169bde,118.6128836603375,31.857458341397145,7
9076,盛江花苑-玫瑰园,118.613152,31.856817,南京市江宁区二零五国道,江苏省,南京市,江宁区,1,28babdc7969b424b30169bde,118.6127399314559,31.856354230117493,8
9076,盛江花苑-玫瑰园,118.613152,31.856817,南京市江宁区二零五国道,江苏省,南京市,江宁区,1,28babdc7969b424b30169bde,118.61260967715697,31.855759998034593,9
9076,盛江花苑-玫瑰园,118.613152,31.856817,南京市江宁区二零五国道,江苏省,南京市,江宁区,1,28babdc7969b424b30169bde,118.61229976175602,31.85459835898808,10
9076,盛江花苑-玫瑰园,118.613152,31.856817,南京市江宁区二零五国道,江苏省,南京市,江宁区,1,28babdc7969b424b30169bde,118.61217399898463,31.85436449587496,11
9076,盛江花苑-玫瑰园,118.613152,31.856817,南京市江宁区二零五国道,江苏省,南京市,江宁区,1,28babdc7969b424b30169bde,118.61262315173961,31.85415355850085,12
9079,碧桂园湖光山色,118.707007,31.852892,正方中路悦湖路9号,江苏省,南京市,江宁区,1,aef56364b34c6fef0b69d9d0,118.70628632319573,31.856208931146,1
9079,碧桂园湖光山色,118.707007,31.852892,正方中路悦湖路9号,江苏省,南京市,江宁区,1,aef56364b34c6fef0b69d9d0,118.70574284836219,31.855677955365785,2
9079,碧桂园湖光山色,118.707007,31.852892,正方中路悦湖路9号,江苏省,南京市,江宁区,1,aef56364b34c6fef0b69d9d0,118.70442233926254,31.855060716101647,3
9079,碧桂园湖光山色,118.707007,31.852892,正方中路悦湖路9号,江苏省,南京市,江宁区,1,aef56364b34c6fef0b69d9d0,118.70417081371974,31.854796183711258,4
9079,碧桂园湖光山色,118.707007,31.852892,正方中路悦湖路9号,江苏省,南京市,江宁区,1,aef56364b34c6fef0b69d9d0,118.7037531016576,31.85483643868966,5
9079,碧桂园湖光山色,118.707007,31.852892,正方中路悦湖路9号,江苏省,南京市,江宁区,1,aef56364b34c6fef0b69d9d0,118.7034746269495,31.85429203652657,6
9079,碧桂园湖光山色,118.707007,31.852892,正方中路悦湖路9号,江苏省,南京市,江宁区,1,aef56364b34c6fef0b69d9d0,118.70492539034812,31.85371120951359,7
9079,碧桂园湖光山色,118.707007,31.852892,正方中路悦湖路9号,江苏省,南京市,江宁区,1,aef56364b34c6fef0b69d9d0,118.70757539160255,31.851928450066996,8
9079,碧桂园湖光山色,118.707007,31.852892,正方中路悦湖路9号,江苏省,南京市,江宁区,1,aef56364b34c6fef0b69d9d0,118.70716666259551,31.851292015684695,9
9079,碧桂园湖光山色,118.707007,31.852892,正方中路悦湖路9号,江苏省,南京市,江宁区,1,aef56364b34c6fef0b69d9d0,118.7071846287057,31.850877947560623,10
9079,碧桂园湖光山色,118.707007,31.852892,正方中路悦湖路9号,江苏省,南京市,江宁区,1,aef56364b34c6fef0b69d9d0,118.70740022202811,31.85072075454045,11
9079,碧桂园湖光山色,118.707007,31.852892,正方中路悦湖路9号,江苏省,南京市,江宁区,1,aef56364b34c6fef0b69d9d0,118.70772810353925,31.85064790890276,12
9079,碧桂园湖光山色,118.707007,31.852892,正方中路悦湖路9号,江苏省,南京市,江宁区,1,aef56364b34c6fef0b69d9d0,118.70822666309729,31.850513719418107,13
9079,碧桂园湖光山色,118.707007,31.852892,正方中路悦湖路9号,江苏省,南京市,江宁区,1,aef56364b34c6fef0b69d9d0,118.70826708684524,31.85034885778135,14
9079,碧桂园湖光山色,118.707007,31.852892,正方中路悦湖路9号,江苏省,南京市,江宁区,1,aef56364b34c6fef0b69d9d0,118.7081547986565,31.85007280972325,15
9079,碧桂园湖光山色,118.707007,31.852892,正方中路悦湖路9号,江苏省,南京市,江宁区,1,aef56364b34c6fef0b69d9d0,118.70792573075144,31.849631897899936,16
9079,碧桂园湖光山色,118.707007,31.852892,正方中路悦湖路9号,江苏省,南京市,江宁区,1,aef56364b34c6fef0b69d9d0,118.70824912073503,31.849244660543047,17
9079,碧桂园湖光山色,118.707007,31.852892,正方中路悦湖路9号,江苏省,南京市,江宁区,1,aef56364b34c6fef0b69d9d0,118.70875298029559,31.84932295163415,18
9079,碧桂园湖光山色,118.707007,31.852892,正方中路悦湖路9号,江苏省,南京市,江宁区,1,aef56364b34c6fef0b69d9d0,118.70929564665416,31.849591640627416,19
9079,碧桂园湖光山色,118.707007,31.852892,正方中路悦湖路9号,江苏省,南京市,江宁区,1,aef56364b34c6fef0b69d9d0,118.71029725729778,31.84978525877554,20
9079,碧桂园湖光山色,118.707007,31.852892,正方中路悦湖路9号,江苏省,南京市,江宁区,1,aef56364b34c6fef0b69d9d0,118.71029276577023,31.850145655819613,21
9079,碧桂园湖光山色,118.707007,31.852892,正方中路悦湖路9号,江苏省,南京市,江宁区,1,aef56364b34c6fef0b69d9d0,118.71035115562839,31.851176996949636,22
9079,碧桂园湖光山色,118.707007,31.852892,正方中路悦湖路9号,江苏省,南京市,江宁区,1,aef56364b34c6fef0b69d9d0,118.7098930198183,31.852129961137347,23
9079,碧桂园湖光山色,118.707007,31.852892,正方中路悦湖路9号,江苏省,南京市,江宁区,1,aef56364b34c6fef0b69d9d0,118.70953396710595,31.85297295962993,24
9079,碧桂园湖光山色,118.707007,31.852892,正方中路悦湖路9号,江苏省,南京市,江宁区,1,aef56364b34c6fef0b69d9d0,118.70776403575965,31.854846023205717,25
9079,碧桂园湖光山色,118.707007,31.852892,正方中路悦湖路9号,江苏省,南京市,江宁区,1,aef56364b34c6fef0b69d9d0,118.70673996747827,31.855748956782517,26
9079,碧桂园湖光山色,118.707007,31.852892,正方中路悦湖路9号,江苏省,南京市,江宁区,1,aef56364b34c6fef0b69d9d0,118.70628632319573,31.856208931146,27
9080,慧谷水轩,118.769731,31.859151,南京市江宁区吉山大道8号,江苏省,南京市,江宁区,1,0b6f4f90156f7e523686f43b,118.76872346987032,31.859387847315393,1
9080,慧谷水轩,118.769731,31.859151,南京市江宁区吉山大道8号,江苏省,南京市,江宁区,1,0b6f4f90156f7e523686f43b,118.76880588221442,31.859605213593795,2
9080,慧谷水轩,118.769731,31.859151,南京市江宁区吉山大道8号,江苏省,南京市,江宁区,1,0b6f4f90156f7e523686f43b,118.76912710279021,31.859911693349968,3
9080,慧谷水轩,118.769731,31.859151,南京市江宁区吉山大道8号,江苏省,南京市,江宁区,1,0b6f4f90156f7e523686f43b,118.7698045643821,31.86029843748387,4
9080,慧谷水轩,118.769731,31.859151,南京市江宁区吉山大道8号,江苏省,南京市,江宁区,1,0b6f4f90156f7e523686f43b,118.77068112910212,31.85850241362175,5
9080,慧谷水轩,118.769731,31.859151,南京市江宁区吉山大道8号,江苏省,南京市,江宁区,1,0b6f4f90156f7e523686f43b,118.77008142303858,31.85802786069814,6
9080,慧谷水轩,118.769731,31.859151,南京市江宁区吉山大道8号,江苏省,南京市,江宁区,1,0b6f4f90156f7e523686f43b,118.76998786631633,31.858026207925192,7
9080,慧谷水轩,118.769731,31.859151,南京市江宁区吉山大道8号,江苏省,南京市,江宁区,1,0b6f4f90156f7e523686f43b,118.76872346987032,31.859387847315393,8
9081,叶泊蓝山,118.779374,31.850831,江苏省南京市江宁区丹阳大道111号(开发区丹阳大道与科技大道交叉口东北侧),江苏省,南京市,江宁区,1,203d86a23e51442995f08ca2,118.7785869811496,31.851624955766553,1
9081,叶泊蓝山,118.779374,31.850831,江苏省南京市江宁区丹阳大道111号(开发区丹阳大道与科技大道交叉口东北侧),江苏省,南京市,江宁区,1,203d86a23e51442995f08ca2,118.77956604432492,31.85163300704323,2
9081,叶泊蓝山,118.779374,31.850831,江苏省南京市江宁区丹阳大道111号(开发区丹阳大道与科技大道交叉口东北侧),江苏省,南京市,江宁区,1,203d86a23e51442995f08ca2,118.78033903621628,31.852920972136502,3
9081,叶泊蓝山,118.779374,31.850831,江苏省南京市江宁区丹阳大道111号(开发区丹阳大道与科技大道交叉口东北侧),江苏省,南京市,江宁区,1,203d86a23e51442995f08ca2,118.7814889570996,31.852503997630418,4
9081,叶泊蓝山,118.779374,31.850831,江苏省南京市江宁区丹阳大道111号(开发区丹阳大道与科技大道交叉口东北侧),江苏省,南京市,江宁区,1,203d86a23e51442995f08ca2,118.7805629837799,31.850267960450754,5
9081,叶泊蓝山,118.779374,31.850831,江苏省南京市江宁区丹阳大道111号(开发区丹阳大道与科技大道交叉口东北侧),江苏省,南京市,江宁区,1,203d86a23e51442995f08ca2,118.78050899561876,31.849746995261196,6
9081,叶泊蓝山,118.779374,31.850831,江苏省南京市江宁区丹阳大道111号(开发区丹阳大道与科技大道交叉口东北侧),江苏省,南京市,江宁区,1,203d86a23e51442995f08ca2,118.77876197106295,31.84970497438929,7
9081,叶泊蓝山,118.779374,31.850831,江苏省南京市江宁区丹阳大道111号(开发区丹阳大道与科技大道交叉口东北侧),江苏省,南京市,江宁区,1,203d86a23e51442995f08ca2,118.7785869811496,31.851624955766553,8
9082,景瑞春风十里,118.769753,31.859168,南京市江宁区吉山大道9号,江苏省,南京市,江宁区,1,27fae2f04dfbef04fa42b25c,118.76996734238628,31.858262690643755,1
9082,景瑞春风十里,118.769753,31.859168,南京市江宁区吉山大道9号,江苏省,南京市,江宁区,1,27fae2f04dfbef04fa42b25c,118.7700332187522,31.858276350749158,2
9082,景瑞春风十里,118.769753,31.859168,南京市江宁区吉山大道9号,江苏省,南京市,江宁区,1,27fae2f04dfbef04fa42b25c,118.7700472493635,31.85827969791649,3
9082,景瑞春风十里,118.769753,31.859168,南京市江宁区吉山大道9号,江苏省,南京市,江宁区,1,27fae2f04dfbef04fa42b25c,118.77006098062796,31.858283839672243,4
9082,景瑞春风十里,118.769753,31.859168,南京市江宁区吉山大道9号,江苏省,南京市,江宁区,1,27fae2f04dfbef04fa42b25c,118.77007441245216,31.85828887598592,5
9082,景瑞春风十里,118.769753,31.859168,南京市江宁区吉山大道9号,江苏省,南京市,江宁区,1,27fae2f04dfbef04fa42b25c,118.77008764455252,31.858294608663215,6
9082,景瑞春风十里,118.769753,31.859168,南京市江宁区吉山大道9号,江苏省,南京市,江宁区,1,27fae2f04dfbef04fa42b25c,118.77010037815889,31.85830123237119,7
9082,景瑞春风十里,118.769753,31.859168,南京市江宁区吉山大道9号,江苏省,南京市,江宁区,1,27fae2f04dfbef04fa42b25c,118.7701128124211,31.858308650649363,8
9082,景瑞春风十里,118.769753,31.859168,南京市江宁区吉山大道9号,江苏省,南京市,江宁区,1,27fae2f04dfbef04fa42b25c,118.7701247483789,31.858316759996377,9
9082,景瑞春风十里,118.769753,31.859168,南京市江宁区吉山大道9号,江苏省,南京市,江宁区,1,27fae2f04dfbef04fa42b25c,118.77051561964552,31.858607834678267,10
9082,景瑞春风十里,118.769753,31.859168,南京市江宁区吉山大道9号,江苏省,南京市,江宁区,1,27fae2f04dfbef04fa42b25c,118.77052447055358,31.858615190720624,11
9082,景瑞春风十里,118.769753,31.859168,南京市江宁区吉山大道9号,江苏省,南京市,江宁区,1,27fae2f04dfbef04fa42b25c,118.77053162794826,31.85862421620092,12
9082,景瑞春风十里,118.769753,31.859168,南京市江宁区吉山大道9号,江苏省,南京市,江宁区,1,27fae2f04dfbef04fa42b25c,118.77053689325282,31.85863440768489,13
9082,景瑞春风十里,118.769753,31.859168,南京市江宁区吉山大道9号,江苏省,南京市,江宁区,1,27fae2f04dfbef04fa42b25c,118.770540067701,31.85864546169068,14
9082,景瑞春风十里,118.769753,31.859168,南京市江宁区吉山大道9号,江苏省,南京市,江宁区,1,27fae2f04dfbef04fa42b25c,118.77054085319281,31.85865687301475,15
9082,景瑞春风十里,118.769753,31.859168,南京市江宁区吉山大道9号,江苏省,南京市,江宁区,1,27fae2f04dfbef04fa42b25c,118.77053934972135,31.85866814355517,16
9082,景瑞春风十里,118.769753,31.859168,南京市江宁区吉山大道9号,江苏省,南京市,江宁区,1,27fae2f04dfbef04fa42b25c,118.7705357567095,31.85867887696523,17
9082,景瑞春风十里,118.769753,31.859168,南京市江宁区吉山大道9号,江苏省,南京市,江宁区,1,27fae2f04dfbef04fa42b25c,118.76979719682166,31.860198232166923,18
9082,景瑞春风十里,118.769753,31.859168,南京市江宁区吉山大道9号,江苏省,南京市,江宁区,1,27fae2f04dfbef04fa42b25c,118.7697911179254,31.860205923376892,19
9082,景瑞春风十里,118.769753,31.859168,南京市江宁区吉山大道9号,江苏省,南京市,江宁区,1,27fae2f04dfbef04fa42b25c,118.7697806597736,31.860213437628875,20
9082,景瑞春风十里,118.769753,31.859168,南京市江宁区吉山大道9号,江苏省,南京市,江宁区,1,27fae2f04dfbef04fa42b25c,118.76976831400614,31.860217319611685,21
9082,景瑞春风十里,118.769753,31.859168,南京市江宁区吉山大道9号,江苏省,南京市,江宁区,1,27fae2f04dfbef04fa42b25c,118.76975527546996,31.860217090466303,22
9082,景瑞春风十里,118.769753,31.859168,南京市江宁区吉山大道9号,江苏省,南京市,江宁区,1,27fae2f04dfbef04fa42b25c,118.76974293750071,31.860212874656032,23
9082,景瑞春风十里,118.769753,31.859168,南京市江宁区吉山大道9号,江苏省,南京市,江宁区,1,27fae2f04dfbef04fa42b25c,118.76883005273214,31.85951985055581,24
9082,景瑞春风十里,118.769753,31.859168,南京市江宁区吉山大道9号,江苏省,南京市,江宁区,1,27fae2f04dfbef04fa42b25c,118.7688204048052,31.859511886189313,25
9082,景瑞春风十里,118.769753,31.859168,南京市江宁区吉山大道9号,江苏省,南京市,江宁区,1,27fae2f04dfbef04fa42b25c,118.76881195258937,31.85950264276629,26
9082,景瑞春风十里,118.769753,31.859168,南京市江宁区吉山大道9号,江苏省,南京市,江宁区,1,27fae2f04dfbef04fa42b25c,118.76880489497758,31.85949232365175,27
9082,景瑞春风十里,118.769753,31.859168,南京市江宁区吉山大道9号,江苏省,南京市,江宁区,1,27fae2f04dfbef04fa42b25c,118.76879923168595,31.859481228758735,28
9082,景瑞春风十里,118.769753,31.859168,南京市江宁区吉山大道9号,江苏省,南京市,江宁区,1,27fae2f04dfbef04fa42b25c,118.76879516169993,31.859469461479478,29
9082,景瑞春风十里,118.769753,31.859168,南京市江宁区吉山大道9号,江苏省,南京市,江宁区,1,27fae2f04dfbef04fa42b25c,118.76879268483269,31.859457221755036,30
9082,景瑞春风十里,118.769753,31.859168,南京市江宁区吉山大道9号,江苏省,南京市,江宁区,1,27fae2f04dfbef04fa42b25c,118.76879199987833,31.859444812931336,31
9082,景瑞春风十里,118.769753,31.859168,南京市江宁区吉山大道9号,江苏省,南京市,江宁区,1,27fae2f04dfbef04fa42b25c,118.76879373915679,31.859395454700323,32
9082,景瑞春风十里,118.769753,31.859168,南京市江宁区吉山大道9号,江苏省,南京市,江宁区,1,27fae2f04dfbef04fa42b25c,118.76879484619975,31.859382776799777,33
9082,景瑞春风十里,118.769753,31.859168,南京市江宁区吉山大道9号,江苏省,南京市,江宁区,1,27fae2f04dfbef04fa42b25c,118.7687970480876,31.859370217726536,34
9082,景瑞春风十里,118.769753,31.859168,南京市江宁区吉山大道9号,江苏省,南京市,江宁区,1,27fae2f04dfbef04fa42b25c,118.76880034243801,31.859360276846186,35
9082,景瑞春风十里,118.769753,31.859168,南京市江宁区吉山大道9号,江苏省,南京市,江宁区,1,27fae2f04dfbef04fa42b25c,118.7688060277498,31.859348277648945,36
9082,景瑞春风十里,118.769753,31.859168,南京市江宁区吉山大道9号,江苏省,南京市,江宁区,1,27fae2f04dfbef04fa42b25c,118.76881230991555,31.859336688649513,37
9082,景瑞春风十里,118.769753,31.859168,南京市江宁区吉山大道9号,江苏省,南京市,江宁区,1,27fae2f04dfbef04fa42b25c,118.76881918893432,31.85932550985112,38
9082,景瑞春风十里,118.769753,31.859168,南京市江宁区吉山大道9号,江苏省,南京市,江宁区,1,27fae2f04dfbef04fa42b25c,118.76882676443991,31.859314642999806,39
9082,景瑞春风十里,118.769753,31.859168,南京市江宁区吉山大道9号,江苏省,南京市,江宁区,1,27fae2f04dfbef04fa42b25c,118.7688348371612,31.85930428462003,40
9082,景瑞春风十里,118.769753,31.859168,南京市江宁区吉山大道9号,江苏省,南京市,江宁区,1,27fae2f04dfbef04fa42b25c,118.76884350673193,31.85929433645706,41
9082,景瑞春风十里,118.769753,31.859168,南京市江宁区吉山大道9号,江苏省,南京市,江宁区,1,27fae2f04dfbef04fa42b25c,118.76979957867063,31.85831992137385,42
9082,景瑞春风十里,118.769753,31.859168,南京市江宁区吉山大道9号,江苏省,南京市,江宁区,1,27fae2f04dfbef04fa42b25c,118.7698097399127,31.858310302385185,43
9082,景瑞春风十里,118.769753,31.859168,南京市江宁区吉山大道9号,江苏省,南京市,江宁区,1,27fae2f04dfbef04fa42b25c,118.76982039814227,31.85830139201174,44
9082,景瑞春风十里,118.769753,31.859168,南京市江宁区吉山大道9号,江苏省,南京市,江宁区,1,27fae2f04dfbef04fa42b25c,118.76983155345282,31.85829309028409,45
9082,景瑞春风十里,118.769753,31.859168,南京市江宁区吉山大道9号,江苏省,南京市,江宁区,1,27fae2f04dfbef04fa42b25c,118.76984320574908,31.858285497182,46
9082,景瑞春风十里,118.769753,31.859168,南京市江宁区吉山大道9号,江苏省,南京市,江宁区,1,27fae2f04dfbef04fa42b25c,118.76985525549881,31.858278610960582,47
9082,景瑞春风十里,118.769753,31.859168,南京市江宁区吉山大道9号,江苏省,南京市,江宁区,1,27fae2f04dfbef04fa42b25c,118.76986770270292,31.85827243162381,48
9082,景瑞春风十里,118.769753,31.859168,南京市江宁区吉山大道9号,江苏省,南京市,江宁区,1,27fae2f04dfbef04fa42b25c,118.76988054735962,31.858266959177197,49
9082,景瑞春风十里,118.769753,31.859168,南京市江宁区吉山大道9号,江苏省,南京市,江宁区,1,27fae2f04dfbef04fa42b25c,118.76989607809082,31.858262833809597,50
9082,景瑞春风十里,118.769753,31.859168,南京市江宁区吉山大道9号,江苏省,南京市,江宁区,1,27fae2f04dfbef04fa42b25c,118.76991011418178,31.85826048176008,51
9082,景瑞春风十里,118.769753,31.859168,南京市江宁区吉山大道9号,江苏省,南京市,江宁区,1,27fae2f04dfbef04fa42b25c,118.76992444781848,31.858259234766916,52
9082,景瑞春风十里,118.769753,31.859168,南京市江宁区吉山大道9号,江苏省,南京市,江宁区,1,27fae2f04dfbef04fa42b25c,118.76993878031972,31.858259187542323,53
9082,景瑞春风十里,118.769753,31.859168,南京市江宁区吉山大道9号,江苏省,南京市,江宁区,1,27fae2f04dfbef04fa42b25c,118.76995311168551,31.8582603400863,54
9082,景瑞春风十里,118.769753,31.859168,南京市江宁区吉山大道9号,江苏省,南京市,江宁区,1,27fae2f04dfbef04fa42b25c,118.76996734238628,31.858262690643755,55
9084,荣平宿舍园区,118.840223,31.853888,江苏省南京市江宁区秣陵街道江宁开发区秣陵镇爱陵路16号,江苏省,南京市,江宁区,1,3536b361bb0718fbd7851f00,118.83987180846519,31.853611529258774,1
9084,荣平宿舍园区,118.840223,31.853888,江苏省南京市江宁区秣陵街道江宁开发区秣陵镇爱陵路16号,江苏省,南京市,江宁区,1,3536b361bb0718fbd7851f00,118.84009440857055,31.85359289670677,2
9084,荣平宿舍园区,118.840223,31.853888,江苏省南京市江宁区秣陵街道江宁开发区秣陵镇爱陵路16号,江苏省,南京市,江宁区,1,3536b361bb0718fbd7851f00,118.84012333400798,31.8538377266034,3
9084,荣平宿舍园区,118.840223,31.853888,江苏省南京市江宁区秣陵街道江宁开发区秣陵镇爱陵路16号,江苏省,南京市,江宁区,1,3536b361bb0718fbd7851f00,118.84075214786496,31.85378021885703,4
9084,荣平宿舍园区,118.840223,31.853888,江苏省南京市江宁区秣陵街道江宁开发区秣陵镇爱陵路16号,江苏省,南京市,江宁区,1,3536b361bb0718fbd7851f00,118.84078808008536,31.85399874810056,5
9084,荣平宿舍园区,118.840223,31.853888,江苏省南京市江宁区秣陵街道江宁开发区秣陵镇爱陵路16号,江苏省,南京市,江宁区,1,3536b361bb0718fbd7851f00,118.83991672374069,31.854075424904178,6
9084,荣平宿舍园区,118.840223,31.853888,江苏省南京市江宁区秣陵街道江宁开发区秣陵镇爱陵路16号,江苏省,南京市,江宁区,1,3536b361bb0718fbd7851f00,118.83987180846519,31.853611529258774,7
9086,河南公寓,118.993024,31.858257,南京市江宁区灵顺南路168号,江苏省,南京市,江宁区,1,d37bfc8c01c9cab35fbe86e8,118.99192699400308,31.858163968856218,1
9086,河南公寓,118.993024,31.858257,南京市江宁区灵顺南路168号,江苏省,南京市,江宁区,1,d37bfc8c01c9cab35fbe86e8,118.9916849904987,31.85803699771969,2
9086,河南公寓,118.993024,31.858257,南京市江宁区灵顺南路168号,江苏省,南京市,江宁区,1,d37bfc8c01c9cab35fbe86e8,118.99172101254965,31.85763101092616,3
9086,河南公寓,118.993024,31.858257,南京市江宁区灵顺南路168号,江苏省,南京市,江宁区,1,d37bfc8c01c9cab35fbe86e8,118.99259847737179,31.857765266626487,4
9086,河南公寓,118.993024,31.858257,南京市江宁区灵顺南路168号,江苏省,南京市,江宁区,1,d37bfc8c01c9cab35fbe86e8,118.99253110445855,31.858014455724092,5
9086,河南公寓,118.993024,31.858257,南京市江宁区灵顺南路168号,江苏省,南京市,江宁区,1,d37bfc8c01c9cab35fbe86e8,118.99286347749724,31.85821756350397,6
9086,河南公寓,118.993024,31.858257,南京市江宁区灵顺南路168号,江苏省,南京市,江宁区,1,d37bfc8c01c9cab35fbe86e8,118.99319585053593,31.85826356746837,7
9086,河南公寓,118.993024,31.858257,南京市江宁区灵顺南路168号,江苏省,南京市,江宁区,1,d37bfc8c01c9cab35fbe86e8,118.99333957941752,31.85789177809949,8
9086,河南公寓,118.993024,31.858257,南京市江宁区灵顺南路168号,江苏省,南京市,江宁区,1,d37bfc8c01c9cab35fbe86e8,118.99404474924286,31.858075794474583,9
9086,河南公寓,118.993024,31.858257,南京市江宁区灵顺南路168号,江苏省,南京市,江宁区,1,d37bfc8c01c9cab35fbe86e8,118.99394800173944,31.85880794595374,10
9086,河南公寓,118.993024,31.858257,南京市江宁区灵顺南路168号,江苏省,南京市,江宁区,1,d37bfc8c01c9cab35fbe86e8,118.99389904408915,31.85888500208274,11
9086,河南公寓,118.993024,31.858257,南京市江宁区灵顺南路168号,江苏省,南京市,江宁区,1,d37bfc8c01c9cab35fbe86e8,118.9938410135532,31.858904016918494,12
9086,河南公寓,118.993024,31.858257,南京市江宁区灵顺南路168号,江苏省,南京市,江宁区,1,d37bfc8c01c9cab35fbe86e8,118.99303703012177,31.858830947790103,13
9086,河南公寓,118.993024,31.858257,南京市江宁区灵顺南路168号,江苏省,南京市,江宁区,1,d37bfc8c01c9cab35fbe86e8,118.99316701492907,31.858343997677107,14
9086,河南公寓,118.993024,31.858257,南京市江宁区灵顺南路168号,江苏省,南京市,江宁区,1,d37bfc8c01c9cab35fbe86e8,118.99256002989597,31.85825198980618,15
9086,河南公寓,118.993024,31.858257,南京市江宁区灵顺南路168号,江苏省,南京市,江宁区,1,d37bfc8c01c9cab35fbe86e8,118.99248403324982,31.858259963825322,16
9086,河南公寓,118.993024,31.858257,南京市江宁区灵顺南路168号,江苏省,南京市,江宁区,1,d37bfc8c01c9cab35fbe86e8,118.99192699400308,31.858163968856218,17
9087,芭堤雅商业小区,118.607682,31.847445,南京市江宁区宁芜大道与X003交叉路口往西南约140米,江苏省,南京市,江宁区,1,bcc063ff65c5e73158109389,118.60654395903138,31.84607899109389,1
9087,芭堤雅商业小区,118.607682,31.847445,南京市江宁区宁芜大道与X003交叉路口往西南约140米,江苏省,南京市,江宁区,1,bcc063ff65c5e73158109389,118.60706102368293,31.845814969474038,2
9087,芭堤雅商业小区,118.607682,31.847445,南京市江宁区宁芜大道与X003交叉路口往西南约140米,江苏省,南京市,江宁区,1,bcc063ff65c5e73158109389,118.60862802781453,31.84847600869614,3
9087,芭堤雅商业小区,118.607682,31.847445,南京市江宁区宁芜大道与X003交叉路口往西南约140米,江苏省,南京市,江宁区,1,bcc063ff65c5e73158109389,118.60866396003493,31.848771001844796,4
9087,芭堤雅商业小区,118.607682,31.847445,南京市江宁区宁芜大道与X003交叉路口往西南约140米,江苏省,南京市,江宁区,1,bcc063ff65c5e73158109389,118.60860997187379,31.848904963846508,5
9087,芭堤雅商业小区,118.607682,31.847445,南京市江宁区宁芜大道与X003交叉路口往西南约140米,江苏省,南京市,江宁区,1,bcc063ff65c5e73158109389,118.60825972255545,31.849076499334025,6
9087,芭堤雅商业小区,118.607682,31.847445,南京市江宁区宁芜大道与X003交叉路口往西南约140米,江苏省,南京市,江宁区,1,bcc063ff65c5e73158109389,118.60654395903138,31.84607899109389,7
9088,青青家园,118.78112,31.848696,江苏省南京市江宁区青青家园(宁丹大道东260米),江苏省,南京市,江宁区,1,1fdfca40bbd0fd376ca3cc32,118.78137060536213,31.848397868179415,1
9088,青青家园,118.78112,31.848696,江苏省南京市江宁区青青家园(宁丹大道东260米),江苏省,南京市,江宁区,1,1fdfca40bbd0fd376ca3cc32,118.78103428639162,31.84848663908334,2
9088,青青家园,118.78112,31.848696,江苏省南京市江宁区青青家园(宁丹大道东260米),江苏省,南京市,江宁区,1,1fdfca40bbd0fd376ca3cc32,118.78102045200617,31.848489586491777,3
9088,青青家园,118.78112,31.848696,江苏省南京市江宁区青青家园(宁丹大道东260米),江苏省,南京市,江宁区,1,1fdfca40bbd0fd376ca3cc32,118.78100631994921,31.848491128644127,4
9088,青青家园,118.78112,31.848696,江苏省南京市江宁区青青家园(宁丹大道东260米),江苏省,南京市,江宁区,1,1fdfca40bbd0fd376ca3cc32,118.78099218863967,31.848491470946332,5
9088,青青家园,118.78112,31.848696,江苏省南京市江宁区青青家园(宁丹大道东260米),江苏省,南京市,江宁区,1,1fdfca40bbd0fd376ca3cc32,118.78097805826077,31.848490313448124,6
9088,青青家园,118.78112,31.848696,江苏省南京市江宁区青青家园(宁丹大道东260米),江苏省,南京市,江宁区,1,1fdfca40bbd0fd376ca3cc32,118.78096402814263,31.848487957914777,7
9088,青青家园,118.78112,31.848696,江苏省南京市江宁区青青家园(宁丹大道东260米),江苏省,南京市,江宁区,1,1fdfca40bbd0fd376ca3cc32,118.78095029737223,31.848484307995186,8
9088,青青家园,118.78112,31.848696,江苏省南京市江宁区青青家园(宁丹大道东260米),江苏省,南京市,江宁区,1,1fdfca40bbd0fd376ca3cc32,118.78093696552314,31.848479265523853,9
9088,青青家园,118.78112,31.848696,江苏省南京市江宁区青青家园(宁丹大道东260米),江苏省,南京市,江宁区,1,1fdfca40bbd0fd376ca3cc32,118.78078952496534,31.84841518253094,10
9088,青青家园,118.78112,31.848696,江苏省南京市江宁区青青家园(宁丹大道东260米),江苏省,南京市,江宁区,1,1fdfca40bbd0fd376ca3cc32,118.78077818378283,31.84840967603899,11
9088,青青家园,118.78112,31.848696,江苏省南京市江宁区青青家园(宁丹大道东260米),江苏省,南京市,江宁区,1,1fdfca40bbd0fd376ca3cc32,118.78076773912986,31.84840268613631,12
9088,青青家园,118.78112,31.848696,江苏省南京市江宁区青青家园(宁丹大道东260米),江苏省,南京市,江宁区,1,1fdfca40bbd0fd376ca3cc32,118.78075839002874,31.848394216466463,13
9088,青青家园,118.78112,31.848696,江苏省南京市江宁区青青家园(宁丹大道东260米),江苏省,南京市,江宁区,1,1fdfca40bbd0fd376ca3cc32,118.78075033537957,31.84838447064464,14
9088,青青家园,118.78112,31.848696,江苏省南京市江宁区青青家园(宁丹大道东260米),江苏省,南京市,江宁区,1,1fdfca40bbd0fd376ca3cc32,118.78074367456819,31.84837365046253,15
9088,青青家园,118.78112,31.848696,江苏省南京市江宁区青青家园(宁丹大道东260米),江苏省,南京市,江宁区,1,1fdfca40bbd0fd376ca3cc32,118.7807395015573,31.848362875766636,16
9088,青青家园,118.78112,31.848696,江苏省南京市江宁区青青家园(宁丹大道东260米),江苏省,南京市,江宁区,1,1fdfca40bbd0fd376ca3cc32,118.78073463226085,31.848351588407894,17
9088,青青家园,118.78112,31.848696,江苏省南京市江宁区青青家园(宁丹大道东260米),江苏省,南京市,江宁区,1,1fdfca40bbd0fd376ca3cc32,118.78072787162617,31.848341266297926,18
9088,青青家园,118.78112,31.848696,江苏省南京市江宁区青青家园(宁丹大道东260米),江苏省,南京市,江宁区,1,1fdfca40bbd0fd376ca3cc32,118.78071951800834,31.84833221484221,19
9088,青青家园,118.78112,31.848696,江苏省南京市江宁区青青家园(宁丹大道东260米),江苏省,南京市,江宁区,1,1fdfca40bbd0fd376ca3cc32,118.78070977025631,31.848324737624345,20
9088,青青家园,118.78112,31.848696,江苏省南京市江宁区青青家园(宁丹大道东260米),江苏省,南京市,江宁区,1,1fdfca40bbd0fd376ca3cc32,118.78069892684644,31.848318940082684,21
9088,青青家园,118.78112,31.848696,江苏省南京市江宁区青青家园(宁丹大道东260米),江苏省,南京市,江宁区,1,1fdfca40bbd0fd376ca3cc32,118.78068738571008,31.84831502946033,22
9088,青青家园,118.78112,31.848696,江苏省南京市江宁区青青家园(宁丹大道东260米),江苏省,南京市,江宁区,1,1fdfca40bbd0fd376ca3cc32,118.78051076942629,31.848284798272854,23
9088,青青家园,118.78112,31.848696,江苏省南京市江宁区青青家园(宁丹大道东260米),江苏省,南京市,江宁区,1,1fdfca40bbd0fd376ca3cc32,118.78049604297586,31.848282628504673,24
9088,青青家园,118.78112,31.848696,江苏省南京市江宁区青青家园(宁丹大道东260米),江苏省,南京市,江宁区,1,1fdfca40bbd0fd376ca3cc32,118.78048131605472,31.848281258563492,25
9088,青青家园,118.78112,31.848696,江苏省南京市江宁区青青家园(宁丹大道东260米),江苏省,南京市,江宁区,1,1fdfca40bbd0fd376ca3cc32,118.78046648927165,31.848280486654698,26
9088,青青家园,118.78112,31.848696,江苏省南京市江宁区青青家园(宁丹大道东260米),江苏省,南京市,江宁区,1,1fdfca40bbd0fd376ca3cc32,118.78045166201787,31.848280514572945,27
9088,青青家园,118.78112,31.848696,江苏省南京市江宁区青青家园(宁丹大道东260米),江苏省,南京市,江宁区,1,1fdfca40bbd0fd376ca3cc32,118.78043693386427,31.8482812441596,28
9088,青青家园,118.78112,31.848696,江苏省南京市江宁区青青家园(宁丹大道东260米),江苏省,南京市,江宁区,1,1fdfca40bbd0fd376ca3cc32,118.78042220529922,31.848282673589644,29
9088,青青家园,118.78112,31.848696,江苏省南京市江宁区青青家园(宁丹大道东260米),江苏省,南京市,江宁区,1,1fdfca40bbd0fd376ca3cc32,118.78040757583254,31.848284804689573,30
9088,青青家园,118.78112,31.848696,江苏省南京市江宁区青青家园(宁丹大道东260米),江苏省,南京市,江宁区,1,1fdfca40bbd0fd376ca3cc32,118.7801137896849,31.84833569455087,31
9088,青青家园,118.78112,31.848696,江苏省南京市江宁区青青家园(宁丹大道东260米),江苏省,南京市,江宁区,1,1fdfca40bbd0fd376ca3cc32,118.78009906087732,31.84833792293088,32
9088,青青家园,118.78112,31.848696,江苏省南京市江宁区青青家园(宁丹大道东260米),江苏省,南京市,江宁区,1,1fdfca40bbd0fd376ca3cc32,118.78008423275398,31.848339849486006,33
9088,青青家园,118.78112,31.848696,江苏省南京市江宁区青青家园(宁丹大道东260米),江苏省,南京市,江宁区,1,1fdfca40bbd0fd376ca3cc32,118.78006940488396,31.848341376065314,34
9088,青青家园,118.78112,31.848696,江苏省南京市江宁区青青家园(宁丹大道东260米),江苏省,南京市,江宁区,1,1fdfca40bbd0fd376ca3cc32,118.78005457726636,31.84834250266964,35
9088,青青家园,118.78112,31.848696,江苏省南京市江宁区青青家园(宁丹大道东260米),江苏省,南京市,江宁区,1,1fdfca40bbd0fd376ca3cc32,118.78003965039498,31.848343227464728,36
9088,青青家园,118.78112,31.848696,江苏省南京市江宁区青青家园(宁丹大道东260米),江苏省,南京市,江宁区,1,1fdfca40bbd0fd376ca3cc32,118.78002472371585,31.848343652267673,37
9088,青青家园,118.78112,31.848696,江苏省南京市江宁区青青家园(宁丹大道东260米),江苏省,南京市,江宁区,1,1fdfca40bbd0fd376ca3cc32,118.78000979729003,31.848343677095635,38
9088,青青家园,118.78112,31.848696,江苏省南京市江宁区青青家园(宁丹大道东260米),江苏省,南京市,江宁区,1,1fdfca40bbd0fd376ca3cc32,118.77992650904777,31.84834214117501,39
9088,青青家园,118.78112,31.848696,江苏省南京市江宁区青青家园(宁丹大道东260米),江苏省,南京市,江宁区,1,1fdfca40bbd0fd376ca3cc32,118.77991327493072,31.848341197116564,40
9088,青青家园,118.78112,31.848696,江苏省南京市江宁区青青家园(宁丹大道东260米),江苏省,南京市,江宁区,1,1fdfca40bbd0fd376ca3cc32,118.77990034031683,31.848338658795015,41
9088,青青家园,118.78112,31.848696,江苏省南京市江宁区青青家园(宁丹大道东260米),江苏省,南京市,江宁区,1,1fdfca40bbd0fd376ca3cc32,118.77988780477244,31.848334428066195,42
9088,青青家园,118.78112,31.848696,江苏省南京市江宁区青青家园(宁丹大道东260米),江苏省,南京市,江宁区,1,1fdfca40bbd0fd376ca3cc32,118.77987586731089,31.848328508605256,43
9088,青青家园,118.78112,31.848696,江苏省南京市江宁区青青家园(宁丹大道东260米),江苏省,南京市,江宁区,1,1fdfca40bbd0fd376ca3cc32,118.7798648263313,31.848321105893238,44
9088,青青家园,118.78112,31.848696,江苏省南京市江宁区青青家园(宁丹大道东260米),江苏省,南京市,江宁区,1,1fdfca40bbd0fd376ca3cc32,118.77985488078586,31.848312323594108,45
9088,青青家园,118.78112,31.848696,江苏省南京市江宁区青青家园(宁丹大道东260米),江苏省,南京市,江宁区,1,1fdfca40bbd0fd376ca3cc32,118.77984603055063,31.84830236167933,46
9088,青青家园,118.78112,31.848696,江苏省南京市江宁区青青家园(宁丹大道东260米),江苏省,南京市,江宁区,1,1fdfca40bbd0fd376ca3cc32,118.77982594673368,31.848274394999322,47
9088,青青家园,118.78112,31.848696,江苏省南京市江宁区青青家园(宁丹大道东260米),江苏省,南京市,江宁区,1,1fdfca40bbd0fd376ca3cc32,118.77981928595823,31.848263973545684,48
9088,青青家园,118.78112,31.848696,江苏省南京市江宁区青青家园(宁丹大道东260米),江苏省,南京市,江宁区,1,1fdfca40bbd0fd376ca3cc32,118.77981391925833,31.848252776102374,49
9088,青青家园,118.78112,31.848696,江苏省南京市江宁区青青家园(宁丹大道东260米),江苏省,南京市,江宁区,1,1fdfca40bbd0fd376ca3cc32,118.77981004552514,31.848241006315675,50
9088,青青家园,118.78112,31.848696,江苏省南京市江宁区青青家园(宁丹大道东260米),江苏省,南京市,江宁区,1,1fdfca40bbd0fd376ca3cc32,118.77980776420462,31.848228766010966,51
9088,青青家园,118.78112,31.848696,江苏省南京市江宁区青青家园(宁丹大道东260米),江苏省,南京市,江宁区,1,1fdfca40bbd0fd376ca3cc32,118.77980707505608,31.848216455125268,52
9088,青青家园,118.78112,31.848696,江苏省南京市江宁区青青家园(宁丹大道东260米),江苏省,南京市,江宁区,1,1fdfca40bbd0fd376ca3cc32,118.77980787850952,31.84820417180421,53
9088,青青家园,118.78112,31.848696,江苏省南京市江宁区青青家园(宁丹大道东260米),江苏省,南京市,江宁区,1,1fdfca40bbd0fd376ca3cc32,118.77981037340214,31.848192219675937,54
9088,青青家园,118.78112,31.848696,江苏省南京市江宁区青青家园(宁丹大道东260米),江苏省,南京市,江宁区,1,1fdfca40bbd0fd376ca3cc32,118.77986512111205,31.847995159927326,55
9088,青青家园,118.78112,31.848696,江苏省南京市江宁区青青家园(宁丹大道东260米),江苏省,南京市,江宁区,1,1fdfca40bbd0fd376ca3cc32,118.77986821324401,31.84798271884571,56
9088,青青家园,118.78112,31.848696,江苏省南京市江宁区青青家园(宁丹大道东260米),江苏省,南京市,江宁区,1,1fdfca40bbd0fd376ca3cc32,118.77987110641386,31.847970174102258,57
9088,青青家园,118.78112,31.848696,江苏省南京市江宁区青青家园(宁丹大道东260米),江苏省,南京市,江宁区,1,1fdfca40bbd0fd376ca3cc32,118.77987370105434,31.847957623845954,58
9088,青青家园,118.78112,31.848696,江苏省南京市江宁区青青家园(宁丹大道东260米),江苏省,南京市,江宁区,1,1fdfca40bbd0fd376ca3cc32,118.77987599722384,31.84794496809279,59
9088,青青家园,118.78112,31.848696,江苏省南京市江宁区青青家园(宁丹大道东260米),江苏省,南京市,江宁区,1,1fdfca40bbd0fd376ca3cc32,118.77987819387995,31.847932310499804,60
9088,青青家园,118.78112,31.848696,江苏省南京市江宁区青青家园(宁丹大道东260米),江苏省,南京市,江宁区,1,1fdfca40bbd0fd376ca3cc32,118.7798799924978,31.84791964555816,61
9088,青青家园,118.78112,31.848696,江苏省南京市江宁区青青家园(宁丹大道东260米),江苏省,南京市,江宁区,1,1fdfca40bbd0fd376ca3cc32,118.77988169166062,31.847906878792646,62
9088,青青家园,118.78112,31.848696,江苏省南京市江宁区青青家园(宁丹大道东260米),江苏省,南京市,江宁区,1,1fdfca40bbd0fd376ca3cc32,118.77990321325325,31.847688907671632,63
9088,青青家园,118.78112,31.848696,江苏省南京市江宁区青青家园(宁丹大道东260米),江苏省,南京市,江宁区,1,1fdfca40bbd0fd376ca3cc32,118.77990640374966,31.847678168098206,64
9088,青青家园,118.78112,31.848696,江苏省南京市江宁区青青家园(宁丹大道东260米),江苏省,南京市,江宁区,1,1fdfca40bbd0fd376ca3cc32,118.77991178289288,31.847668368775526,65
9088,青青家园,118.78112,31.848696,江苏省南京市江宁区青青家园(宁丹大道东260米),江苏省,南京市,江宁区,1,1fdfca40bbd0fd376ca3cc32,118.77991905187417,31.84766000411362,66
9088,青青家园,118.78112,31.848696,江苏省南京市江宁区青青家园(宁丹大道东260米),江苏省,南京市,江宁区,1,1fdfca40bbd0fd376ca3cc32,118.77992801150685,31.8476533703867,67
9088,青青家园,118.78112,31.848696,江苏省南京市江宁区青青家园(宁丹大道东260米),江苏省,南京市,江宁区,1,1fdfca40bbd0fd376ca3cc32,118.77993816408205,31.84764875836395,68
9088,青青家园,118.78112,31.848696,江苏省南京市江宁区青青家园(宁丹大道东260米),江苏省,南京市,江宁区,1,1fdfca40bbd0fd376ca3cc32,118.77994911139895,31.8476464606518,69
9088,青青家园,118.78112,31.848696,江苏省南京市江宁区青青家园(宁丹大道东260米),江苏省,南京市,江宁区,1,1fdfca40bbd0fd376ca3cc32,118.77996025635291,31.84764656621784,70
9088,青青家园,118.78112,31.848696,江苏省南京市江宁区青青家园(宁丹大道东260米),江苏省,南京市,江宁区,1,1fdfca40bbd0fd376ca3cc32,118.78057302719034,31.84767352954469,71
9088,青青家园,118.78112,31.848696,江苏省南京市江宁区青青家园(宁丹大道东260米),江苏省,南京市,江宁区,1,1fdfca40bbd0fd376ca3cc32,118.78058795381737,31.847673903016645,72
9088,青青家园,118.78112,31.848696,江苏省南京市江宁区青青家园(宁丹大道东260米),江苏省,南京市,江宁区,1,1fdfca40bbd0fd376ca3cc32,118.78060288074533,31.847673776518707,73
9088,青青家园,118.78112,31.848696,江苏省南京市江宁区青青家园(宁丹大道东260米),江苏省,南京市,江宁区,1,1fdfca40bbd0fd376ca3cc32,118.78061780797512,31.847673150050884,74
9088,青青家园,118.78112,31.848696,江苏省南京市江宁区青青家园(宁丹大道东260米),江苏省,南京市,江宁区,1,1fdfca40bbd0fd376ca3cc32,118.78063263587838,31.84767222176058,75
9088,青青家园,118.78112,31.848696,江苏省南京市江宁区青青家园(宁丹大道东260米),江苏省,南京市,江宁区,1,1fdfca40bbd0fd376ca3cc32,118.78064746414097,31.847670693516037,76
9088,青青家园,118.78112,31.848696,江苏省南京市江宁区青青家园(宁丹大道东260米),江苏省,南京市,江宁区,1,1fdfca40bbd0fd376ca3cc32,118.7806621930779,31.84766886344977,77
9088,青青家园,118.78112,31.848696,江苏省南京市江宁区青青家园(宁丹大道东260米),江苏省,南京市,江宁区,1,1fdfca40bbd0fd376ca3cc32,118.78067692231578,31.847666533414305,78
9088,青青家园,118.78112,31.848696,江苏省南京市江宁区青青家园(宁丹大道东260米),江苏省,南京市,江宁区,1,1fdfca40bbd0fd376ca3cc32,118.78106009137711,31.84759644078259,79
9088,青青家园,118.78112,31.848696,江苏省南京市江宁区青青家园(宁丹大道东260米),江苏省,南京市,江宁区,1,1fdfca40bbd0fd376ca3cc32,118.7810716359315,31.84759505128481,80
9088,青青家园,118.78112,31.848696,江苏省南京市江宁区青青家园(宁丹大道东260米),江苏省,南京市,江宁区,1,1fdfca40bbd0fd376ca3cc32,118.78108317917346,31.847595961402973,81
9088,青青家园,118.78112,31.848696,江苏省南京市江宁区青青家园(宁丹大道东260米),江苏省,南京市,江宁区,1,1fdfca40bbd0fd376ca3cc32,118.78109442267605,31.84759896573145,82
9088,青青家园,118.78112,31.848696,江苏省南京市江宁区青青家园(宁丹大道东260米),江苏省,南京市,江宁区,1,1fdfca40bbd0fd376ca3cc32,118.78110486880763,31.847604155200564,83
9088,青青家园,118.78112,31.848696,江苏省南京市江宁区青青家园(宁丹大道东260米),江苏省,南京市,江宁区,1,1fdfca40bbd0fd376ca3cc32,118.78111421919512,31.84761122442613,84
9088,青青家园,118.78112,31.848696,江苏省南京市江宁区青青家园(宁丹大道东260米),江苏省,南京市,江宁区,1,1fdfca40bbd0fd376ca3cc32,118.78112207589189,31.84761996620018,85
9088,青青家园,118.78112,31.848696,江苏省南京市江宁区青青家园(宁丹大道东260米),江苏省,南京市,江宁区,1,1fdfca40bbd0fd376ca3cc32,118.78112804106627,31.847629973349047,86
9088,青青家园,118.78112,31.848696,江苏省南京市江宁区青青家园(宁丹大道东260米),江苏省,南京市,江宁区,1,1fdfca40bbd0fd376ca3cc32,118.78140397775947,31.84834168200567,87
9088,青青家园,118.78112,31.848696,江苏省南京市江宁区青青家园(宁丹大道东260米),江苏省,南京市,江宁区,1,1fdfca40bbd0fd376ca3cc32,118.78140606129826,31.848352118213175,88
9088,青青家园,118.78112,31.848696,江苏省南京市江宁区青青家园(宁丹大道东260米),江苏省,南京市,江宁区,1,1fdfca40bbd0fd376ca3cc32,118.78140555728777,31.8483627074736,89
9088,青青家园,118.78112,31.848696,江苏省南京市江宁区青青家园(宁丹大道东260米),江苏省,南京市,江宁区,1,1fdfca40bbd0fd376ca3cc32,118.78140256560795,31.848372851687593,90
9088,青青家园,118.78112,31.848696,江苏省南京市江宁区青青家园(宁丹大道东260米),江苏省,南京市,江宁区,1,1fdfca40bbd0fd376ca3cc32,118.78139708662614,31.848381950947168,91
9088,青青家园,118.78112,31.848696,江苏省南京市江宁区青青家园(宁丹大道东260米),江苏省,南京市,江宁区,1,1fdfca40bbd0fd376ca3cc32,118.78138971780807,31.848389416167354,92
9088,青青家园,118.78112,31.848696,江苏省南京市江宁区青青家园(宁丹大道东260米),江苏省,南京市,江宁区,1,1fdfca40bbd0fd376ca3cc32,118.78138065849402,31.848394751031137,93
9088,青青家园,118.78112,31.848696,江苏省南京市江宁区青青家园(宁丹大道东260米),江苏省,南京市,江宁区,1,1fdfca40bbd0fd376ca3cc32,118.78137060536213,31.848397868179415,94
9089,江苏软件园,118.779641,31.834108,南京市江宁区东吉大道1号,江苏省,南京市,江宁区,1,cf72c18ecd986bc9eddfcacf,118.77822226911256,31.835494906881515,1
9089,江苏软件园,118.779641,31.834108,南京市江宁区东吉大道1号,江苏省,南京市,江宁区,1,cf72c18ecd986bc9eddfcacf,118.77808743345551,31.835380481796193,2
9089,江苏软件园,118.779641,31.834108,南京市江宁区东吉大道1号,江苏省,南京市,江宁区,1,cf72c18ecd986bc9eddfcacf,118.7781728623095,31.832649575720165,3
9089,江苏软件园,118.779641,31.834108,南京市江宁区东吉大道1号,江苏省,南京市,江宁区,1,cf72c18ecd986bc9eddfcacf,118.7783704895217,31.832580550413553,4
9089,江苏软件园,118.779641,31.834108,南京市江宁区东吉大道1号,江苏省,南京市,江宁区,1,cf72c18ecd986bc9eddfcacf,118.7801897378405,31.832757485178373,5
9089,江苏软件园,118.779641,31.834108,南京市江宁区东吉大道1号,江苏省,南京市,江宁区,1,cf72c18ecd986bc9eddfcacf,118.78136993161952,31.833021007669497,6
9089,江苏软件园,118.779641,31.834108,南京市江宁区东吉大道1号,江苏省,南京市,江宁区,1,cf72c18ecd986bc9eddfcacf,118.78168972838107,31.83311741253536,7
9089,江苏软件园,118.779641,31.834108,南京市江宁区东吉大道1号,江苏省,南京市,江宁区,1,cf72c18ecd986bc9eddfcacf,118.78125854173628,31.83416811927657,8
9089,江苏软件园,118.779641,31.834108,南京市江宁区东吉大道1号,江苏省,南京市,江宁区,1,cf72c18ecd986bc9eddfcacf,118.7808093889813,31.835253325601673,9
9089,江苏软件园,118.779641,31.834108,南京市江宁区东吉大道1号,江苏省,南京市,江宁区,1,cf72c18ecd986bc9eddfcacf,118.78061625329664,31.83572881830585,10
9089,江苏软件园,118.779641,31.834108,南京市江宁区东吉大道1号,江苏省,南京市,江宁区,1,cf72c18ecd986bc9eddfcacf,118.7805309142732,31.835801675840315,11
9089,江苏软件园,118.779641,31.834108,南京市江宁区东吉大道1号,江苏省,南京市,江宁区,1,cf72c18ecd986bc9eddfcacf,118.77822226911256,31.835494906881515,12
9090,凤凰山新寓,118.810476,31.842934,南京市江宁区秣陵街道将军大道550号,江苏省,南京市,江宁区,1,51fdf9a0285f880c14948ecf,118.8101360994739,31.8440243873794,1
9090,凤凰山新寓,118.810476,31.842934,南京市江宁区秣陵街道将军大道550号,江苏省,南京市,江宁区,1,51fdf9a0285f880c14948ecf,118.80929753128032,31.843611129850466,2
9090,凤凰山新寓,118.810476,31.842934,南京市江宁区秣陵街道将军大道550号,江苏省,南京市,江宁区,1,51fdf9a0285f880c14948ecf,118.80932088722358,31.84296612535838,3
9090,凤凰山新寓,118.810476,31.842934,南京市江宁区秣陵街道将军大道550号,江苏省,南京市,江宁区,1,51fdf9a0285f880c14948ecf,118.8090735837167,31.84286382604658,4
9090,凤凰山新寓,118.810476,31.842934,南京市江宁区秣陵街道将军大道550号,江苏省,南京市,江宁区,1,51fdf9a0285f880c14948ecf,118.80947728221287,31.84163982966924,5
9090,凤凰山新寓,118.810476,31.842934,南京市江宁区秣陵街道将军大道550号,江苏省,南京市,江宁区,1,51fdf9a0285f880c14948ecf,118.81057231662953,31.841616976877468,6
9090,凤凰山新寓,118.810476,31.842934,南京市江宁区秣陵街道将军大道550号,江苏省,南京市,江宁区,1,51fdf9a0285f880c14948ecf,118.8105919895202,31.84216858645971,7
9090,凤凰山新寓,118.810476,31.842934,南京市江宁区秣陵街道将军大道550号,江苏省,南京市,江宁区,1,51fdf9a0285f880c14948ecf,118.81179122737602,31.842203095498466,8
9090,凤凰山新寓,118.810476,31.842934,南京市江宁区秣陵街道将军大道550号,江苏省,南京市,江宁区,1,51fdf9a0285f880c14948ecf,118.81180802568907,31.844024080638565,9
9090,凤凰山新寓,118.810476,31.842934,南京市江宁区秣陵街道将军大道550号,江苏省,南京市,江宁区,1,51fdf9a0285f880c14948ecf,118.8101360994739,31.8440243873794,10
9092,欣旺花苑-南区,118.849796,31.841247,江苏省南京市江宁区玉麟街13号附近,江苏省,南京市,江宁区,1,187d9782ace86adde81e97e1,118.84885171949567,31.84424493377584,1
9092,欣旺花苑-南区,118.849796,31.841247,江苏省南京市江宁区玉麟街13号附近,江苏省,南京市,江宁区,1,187d9782ace86adde81e97e1,118.84884084999901,31.8438611244224,2
9092,欣旺花苑-南区,118.849796,31.841247,江苏省南京市江宁区玉麟街13号附近,江苏省,南京市,江宁区,1,187d9782ace86adde81e97e1,118.84845134472987,31.843687968745705,3
9092,欣旺花苑-南区,118.849796,31.841247,江苏省南京市江宁区玉麟街13号附近,江苏省,南京市,江宁区,1,187d9782ace86adde81e97e1,118.84734463234159,31.84397998663229,4
9092,欣旺花苑-南区,118.849796,31.841247,江苏省南京市江宁区玉麟街13号附近,江苏省,南京市,江宁区,1,187d9782ace86adde81e97e1,118.84675983545459,31.842320502819394,5
9092,欣旺花苑-南区,118.849796,31.841247,江苏省南京市江宁区玉麟街13号附近,江苏省,南京市,江宁区,1,187d9782ace86adde81e97e1,118.84662131674496,31.841918740630287,6
9092,欣旺花苑-南区,118.849796,31.841247,江苏省南京市江宁区玉麟街13号附近,江苏省,南京市,江宁区,1,187d9782ace86adde81e97e1,118.84656517265059,31.841702636473535,7
9092,欣旺花苑-南区,118.849796,31.841247,江苏省南京市江宁区玉麟街13号附近,江苏省,南京市,江宁区,1,187d9782ace86adde81e97e1,118.84663245573329,31.841683541369108,8
9092,欣旺花苑-南区,118.849796,31.841247,江苏省南京市江宁区玉麟街13号附近,江苏省,南京市,江宁区,1,187d9782ace86adde81e97e1,118.84655421332336,31.84144680775501,9
9092,欣旺花苑-南区,118.849796,31.841247,江苏省南京市江宁区玉麟街13号附近,江苏省,南京市,江宁区,1,187d9782ace86adde81e97e1,118.84638443358196,31.841485611557566,10
9092,欣旺花苑-南区,118.849796,31.841247,江苏省南京市江宁区玉麟街13号附近,江苏省,南京市,江宁区,1,187d9782ace86adde81e97e1,118.84627807420958,31.84117732792848,11
9092,欣旺花苑-南区,118.849796,31.841247,江苏省南京市江宁区玉麟街13号附近,江苏省,南京市,江宁区,1,187d9782ace86adde81e97e1,118.8463253250794,31.84108154506675,12
9092,欣旺花苑-南区,118.849796,31.841247,江苏省南京市江宁区玉麟街13号附近,江苏省,南京市,江宁区,1,187d9782ace86adde81e97e1,118.84662464047533,31.841069735163323,13
9092,欣旺花苑-南区,118.849796,31.841247,江苏省南京市江宁区玉麟街13号附近,江苏省,南京市,江宁区,1,187d9782ace86adde81e97e1,118.84684759990292,31.84101919796189,14
9092,欣旺花苑-南区,118.849796,31.841247,江苏省南京市江宁区玉麟街13号附近,江苏省,南京市,江宁区,1,187d9782ace86adde81e97e1,118.84709966442902,31.840899181582447,15
9092,欣旺花苑-南区,118.849796,31.841247,江苏省南京市江宁区玉麟街13号附近,江苏省,南京市,江宁区,1,187d9782ace86adde81e97e1,118.8472483339909,31.840828858812745,16
9092,欣旺花苑-南区,118.849796,31.841247,江苏省南京市江宁区玉麟街13号附近,江苏省,南京市,江宁区,1,187d9782ace86adde81e97e1,118.84754657142022,31.840849181101806,17
9092,欣旺花苑-南区,118.849796,31.841247,江苏省南京市江宁区玉麟街13号附近,江苏省,南京市,江宁区,1,187d9782ace86adde81e97e1,118.84780465459325,31.840831159449472,18
9092,欣旺花苑-南区,118.849796,31.841247,江苏省南京市江宁区玉麟街13号附近,江苏省,南京市,江宁区,1,187d9782ace86adde81e97e1,118.84785082749646,31.84075546847083,19
9092,欣旺花苑-南区,118.849796,31.841247,江苏省南京市江宁区玉麟街13号附近,江苏省,南京市,江宁区,1,187d9782ace86adde81e97e1,118.8477415037159,31.840504161702,20
9092,欣旺花苑-南区,118.849796,31.841247,江苏省南京市江宁区玉麟街13号附近,江苏省,南京市,江宁区,1,187d9782ace86adde81e97e1,118.84780699018758,31.840339972194677,21
9092,欣旺花苑-南区,118.849796,31.841247,江苏省南京市江宁区玉麟街13号附近,江苏省,南京市,江宁区,1,187d9782ace86adde81e97e1,118.84766802232518,31.84012900243199,22
9092,欣旺花苑-南区,118.849796,31.841247,江苏省南京市江宁区玉麟街13号附近,江苏省,南京市,江宁区,1,187d9782ace86adde81e97e1,118.84768095792451,31.839714960394733,23
9092,欣旺花苑-南区,118.849796,31.841247,江苏省南京市江宁区玉麟街13号附近,江苏省,南京市,江宁区,1,187d9782ace86adde81e97e1,118.84768095792451,31.839297005333297,24
9092,欣旺花苑-南区,118.849796,31.841247,江苏省南京市江宁区玉麟街13号附近,江苏省,南京市,江宁区,1,187d9782ace86adde81e97e1,118.84773503591623,31.839117015656445,25
9092,欣旺花苑-南区,118.849796,31.841247,江苏省南京市江宁区玉麟街13号附近,江苏省,南京市,江宁区,1,187d9782ace86adde81e97e1,118.84895466530712,31.839129822773423,26
9092,欣旺花苑-南区,118.849796,31.841247,江苏省南京市江宁区玉麟街13号附近,江苏省,南京市,江宁区,1,187d9782ace86adde81e97e1,118.84905599416864,31.83817396211668,27
9092,欣旺花苑-南区,118.849796,31.841247,江苏省南京市江宁区玉麟街13号附近,江苏省,南京市,江宁区,1,187d9782ace86adde81e97e1,118.85302596553943,31.8383120042285,28
9092,欣旺花苑-南区,118.849796,31.841247,江苏省南京市江宁区玉麟街13号附近,江苏省,南京市,江宁区,1,187d9782ace86adde81e97e1,118.85264095179787,31.8400974067731,29
9092,欣旺花苑-南区,118.849796,31.841247,江苏省南京市江宁区玉麟街13号附近,江苏省,南京市,江宁区,1,187d9782ace86adde81e97e1,118.85249443816917,31.840170260824483,30
9092,欣旺花苑-南区,118.849796,31.841247,江苏省南京市江宁区玉麟街13号附近,江苏省,南京市,江宁区,1,187d9782ace86adde81e97e1,118.85229474485432,31.84021673401007,31
9092,欣旺花苑-南区,118.849796,31.841247,江苏省南京市江宁区玉麟街13号附近,江苏省,南京市,江宁区,1,187d9782ace86adde81e97e1,118.85194961587739,31.840245185404093,32
9092,欣旺花苑-南区,118.849796,31.841247,江苏省南京市江宁区玉麟街13号附近,江苏省,南京市,江宁区,1,187d9782ace86adde81e97e1,118.85157026146052,31.840206074321074,33
9092,欣旺花苑-南区,118.849796,31.841247,江苏省南京市江宁区玉麟街13号附近,江苏省,南京市,江宁区,1,187d9782ace86adde81e97e1,118.85123106129996,31.84010361854186,34
9092,欣旺花苑-南区,118.849796,31.841247,江苏省南京市江宁区玉麟街13号附近,江苏省,南京市,江宁区,1,187d9782ace86adde81e97e1,118.85100630526136,31.84010361854186,35
9092,欣旺花苑-南区,118.849796,31.841247,江苏省南京市江宁区玉麟街13号附近,江苏省,南京市,江宁区,1,187d9782ace86adde81e97e1,118.85109442903189,31.840743428461366,36
9092,欣旺花苑-南区,118.849796,31.841247,江苏省南京市江宁区玉麟街13号附近,江苏省,南京市,江宁区,1,187d9782ace86adde81e97e1,118.85115263922893,31.840930623588463,37
9092,欣旺花苑-南区,118.849796,31.841247,江苏省南京市江宁区玉麟街13号附近,江苏省,南京市,江宁区,1,187d9782ace86adde81e97e1,118.8512880138693,31.841057005005954,38
9092,欣旺花苑-南区,118.849796,31.841247,江苏省南京市江宁区玉麟街13号附近,江苏省,南京市,江宁区,1,187d9782ace86adde81e97e1,118.85238188048878,31.841060609327805,39
9092,欣旺花苑-南区,118.849796,31.841247,江苏省南京市江宁区玉麟街13号附近,江苏省,南京市,江宁区,1,187d9782ace86adde81e97e1,118.8519209599316,31.84297801170278,40
9092,欣旺花苑-南区,118.849796,31.841247,江苏省南京市江宁区玉麟街13号附近,江苏省,南京市,江宁区,1,187d9782ace86adde81e97e1,118.85163404115173,31.844012961282466,41
9092,欣旺花苑-南区,118.849796,31.841247,江苏省南京市江宁区玉麟街13号附近,江苏省,南京市,江宁区,1,187d9782ace86adde81e97e1,118.84885171949567,31.84424493377584,42
9095,欣旺花苑-北区,118.849448,31.846049,江苏省南京市江宁区Y005(天秣路),江苏省,南京市,江宁区,1,febec4e814612c12b75f1ef7,118.8514027158795,31.8447398912174,1
9095,欣旺花苑-北区,118.849448,31.846049,江苏省南京市江宁区Y005(天秣路),江苏省,南京市,江宁区,1,febec4e814612c12b75f1ef7,118.8509391359832,31.846008946604424,2
9095,欣旺花苑-北区,118.849448,31.846049,江苏省南京市江宁区Y005(天秣路),江苏省,南京市,江宁区,1,febec4e814612c12b75f1ef7,118.85076875218344,31.84632072599496,3
9095,欣旺花苑-北区,118.849448,31.846049,江苏省南京市江宁区Y005(天秣路),江苏省,南京市,江宁区,1,febec4e814612c12b75f1ef7,118.85027921007304,31.847107090594363,4
9095,欣旺花苑-北区,118.849448,31.846049,江苏省南京市江宁区Y005(天秣路),江苏省,南京市,江宁区,1,febec4e814612c12b75f1ef7,118.8498165912163,31.847574867359533,5
9095,欣旺花苑-北区,118.849448,31.846049,江苏省南京市江宁区Y005(天秣路),江苏省,南京市,江宁区,1,febec4e814612c12b75f1ef7,118.8495201837449,31.84785858806168,6
9095,欣旺花苑-北区,118.849448,31.846049,江苏省南京市江宁区Y005(天秣路),江苏省,南京市,江宁区,1,febec4e814612c12b75f1ef7,118.84923716209819,31.848057979154945,7
9095,欣旺花苑-北区,118.849448,31.846049,江苏省南京市江宁区Y005(天秣路),江苏省,南京市,江宁区,1,febec4e814612c12b75f1ef7,118.84879905311922,31.8481861359819,8
9095,欣旺花苑-北区,118.849448,31.846049,江苏省南京市江宁区Y005(天秣路),江苏省,南京市,江宁区,1,febec4e814612c12b75f1ef7,118.8482446283215,31.847321837907028,9
9095,欣旺花苑-北区,118.849448,31.846049,江苏省南京市江宁区Y005(天秣路),江苏省,南京市,江宁区,1,febec4e814612c12b75f1ef7,118.84808291601666,31.847237521537732,10
9095,欣旺花苑-北区,118.849448,31.846049,江苏省南京市江宁区Y005(天秣路),江苏省,南京市,江宁区,1,febec4e814612c12b75f1ef7,118.84791203843365,31.846835210908267,11
9095,欣旺花苑-北区,118.849448,31.846049,江苏省南京市江宁区Y005(天秣路),江苏省,南京市,江宁区,1,febec4e814612c12b75f1ef7,118.84745356568534,31.846022055504967,12
9095,欣旺花苑-北区,118.849448,31.846049,江苏省南京市江宁区Y005(天秣路),江苏省,南京市,江宁区,1,febec4e814612c12b75f1ef7,118.84758836106147,31.845958359340838,13
9095,欣旺花苑-北区,118.849448,31.846049,江苏省南京市江宁区Y005(天秣路),江苏省,南京市,江宁区,1,febec4e814612c12b75f1ef7,118.84775315557108,31.845740429633377,14
9095,欣旺花苑-北区,118.849448,31.846049,江苏省南京市江宁区Y005(天秣路),江苏省,南京市,江宁区,1,febec4e814612c12b75f1ef7,118.84791095641567,31.845438033275222,15
9095,欣旺花苑-北区,118.849448,31.846049,江苏省南京市江宁区Y005(天秣路),江苏省,南京市,江宁区,1,febec4e814612c12b75f1ef7,118.84801557652037,31.845251349383513,16
9095,欣旺花苑-北区,118.849448,31.846049,江苏省南京市江宁区Y005(天秣路),江苏省,南京市,江宁区,1,febec4e814612c12b75f1ef7,118.84908001679294,31.844921665171437,17
9095,欣旺花苑-北区,118.849448,31.846049,江苏省南京市江宁区Y005(天秣路),江苏省,南京市,江宁区,1,febec4e814612c12b75f1ef7,118.84991543002076,31.844760670665902,18
9095,欣旺花苑-北区,118.849448,31.846049,江苏省南京市江宁区Y005(天秣路),江苏省,南京市,江宁区,1,febec4e814612c12b75f1ef7,118.85059813145742,31.844672501998204,19
9095,欣旺花苑-北区,118.849448,31.846049,江苏省南京市江宁区Y005(天秣路),江苏省,南京市,江宁区,1,febec4e814612c12b75f1ef7,118.85138870184193,31.844660987516587,20
9095,欣旺花苑-北区,118.849448,31.846049,江苏省南京市江宁区Y005(天秣路),江苏省,南京市,江宁区,1,febec4e814612c12b75f1ef7,118.8514027158795,31.8447398912174,21
9096,凤仪街-16号院,118.846503,31.842915,凤仪街16号,江苏省,南京市,江宁区,1,ce70d8229859b0e0283a9f16,118.84631247931061,31.843307991342954,1
9096,凤仪街-16号院,118.846503,31.842915,凤仪街16号,江苏省,南京市,江宁区,1,ce70d8229859b0e0283a9f16,118.84613730973616,31.84286704686625,2
9096,凤仪街-16号院,118.846503,31.842915,凤仪街16号,江苏省,南京市,江宁区,1,ce70d8229859b0e0283a9f16,118.84682900497886,31.84264849098894,3
9096,凤仪街-16号院,118.846503,31.842915,凤仪街16号,江苏省,南京市,江宁区,1,ce70d8229859b0e0283a9f16,118.84690985247475,31.84284404100904,4
9096,凤仪街-16号院,118.846503,31.842915,凤仪街16号,江苏省,南京市,江宁区,1,ce70d8229859b0e0283a9f16,118.84646770650275,31.842983303042686,5
9096,凤仪街-16号院,118.846503,31.842915,凤仪街16号,江苏省,南京市,江宁区,1,ce70d8229859b0e0283a9f16,118.84655277603453,31.843233069275,6
9096,凤仪街-16号院,118.846503,31.842915,凤仪街16号,江苏省,南京市,江宁区,1,ce70d8229859b0e0283a9f16,118.84631247931061,31.843307991342954,7
9097,天禧公寓,118.845033,31.842928,南京市江宁区凤仪街39号,江苏省,南京市,江宁区,1,a96babe264aff1da4251c073,118.8447815852639,31.843689908735257,1
9097,天禧公寓,118.845033,31.842928,南京市江宁区凤仪街39号,江苏省,南京市,江宁区,1,a96babe264aff1da4251c073,118.84575602216584,31.843468673971955,2
9097,天禧公寓,118.845033,31.842928,南京市江宁区凤仪街39号,江苏省,南京市,江宁区,1,a96babe264aff1da4251c073,118.84525828186243,31.84216206279286,3
9097,天禧公寓,118.845033,31.842928,南京市江宁区凤仪街39号,江苏省,南京市,江宁区,1,a96babe264aff1da4251c073,118.84433203096634,31.842365680748188,4
9097,天禧公寓,118.845033,31.842928,南京市江宁区凤仪街39号,江苏省,南京市,江宁区,1,a96babe264aff1da4251c073,118.8447815852639,31.843689908735257,5
9098,宏健公寓,118.845258,31.845076,南京市江宁区秣陵街道正方东路1号,江苏省,南京市,江宁区,1,c43cd5595e5b8e9e9900508b,118.84635505899179,31.844903655760668,1
9098,宏健公寓,118.845258,31.845076,南京市江宁区秣陵街道正方东路1号,江苏省,南京市,江宁区,1,c43cd5595e5b8e9e9900508b,118.84607883004747,31.84427484093047,2
9098,宏健公寓,118.845258,31.845076,南京市江宁区秣陵街道正方东路1号,江苏省,南京市,江宁区,1,c43cd5595e5b8e9e9900508b,118.8452883211987,31.844612254304327,3
9098,宏健公寓,118.845258,31.845076,南京市江宁区秣陵街道正方东路1号,江苏省,南京市,江宁区,1,c43cd5595e5b8e9e9900508b,118.84519399912014,31.844435879287083,4
9098,宏健公寓,118.845258,31.845076,南京市江宁区秣陵街道正方东路1号,江苏省,南京市,江宁区,1,c43cd5595e5b8e9e9900508b,118.84427485292233,31.844759335471373,5
9098,宏健公寓,118.845258,31.845076,南京市江宁区秣陵街道正方东路1号,江苏省,南京市,江宁区,1,c43cd5595e5b8e9e9900508b,118.84443609876138,31.845813512483605,6
9098,宏健公寓,118.845258,31.845076,南京市江宁区秣陵街道正方东路1号,江苏省,南京市,江宁区,1,c43cd5595e5b8e9e9900508b,118.84634688441164,31.84517481164936,7
9098,宏健公寓,118.845258,31.845076,南京市江宁区秣陵街道正方东路1号,江苏省,南京市,江宁区,1,c43cd5595e5b8e9e9900508b,118.84624950809437,31.844949666431962,8
9098,宏健公寓,118.845258,31.845076,南京市江宁区秣陵街道正方东路1号,江苏省,南京市,江宁区,1,c43cd5595e5b8e9e9900508b,118.84635505899179,31.844903655760668,9
9101,欣旺花苑-东区,118.853243,31.841745,南京市江宁区兴旺路与秣欣东路交叉路口往西约80米,江苏省,南京市,江宁区,1,906973106880e54994ec8489,118.85438159838453,31.839279290131575,1
9101,欣旺花苑-东区,118.853243,31.841745,南京市江宁区兴旺路与秣欣东路交叉路口往西约80米,江苏省,南京市,江宁区,1,906973106880e54994ec8489,118.85344736065416,31.83911057375262,2
9101,欣旺花苑-东区,118.853243,31.841745,南京市江宁区兴旺路与秣欣东路交叉路口往西约80米,江苏省,南京市,江宁区,1,906973106880e54994ec8489,118.85337549621336,31.839129746084094,3
9101,欣旺花苑-东区,118.853243,31.841745,南京市江宁区兴旺路与秣欣东路交叉路口往西约80米,江苏省,南京市,江宁区,1,906973106880e54994ec8489,118.85282303832473,31.841426562286266,4
9101,欣旺花苑-东区,118.853243,31.841745,南京市江宁区兴旺路与秣欣东路交叉路口往西约80米,江苏省,南京市,江宁区,1,906973106880e54994ec8489,118.85284100443494,31.841480243443563,5
9101,欣旺花苑-东区,118.853243,31.841745,南京市江宁区兴旺路与秣欣东路交叉路口往西约80米,江苏省,南京市,江宁区,1,906973106880e54994ec8489,118.85325422496952,31.841556930756433,6
9101,欣旺花苑-东区,118.853243,31.841745,南京市江宁区兴旺路与秣欣东路交叉路口往西约80米,江苏省,南京市,江宁区,1,906973106880e54994ec8489,118.85302964859203,31.84255002564391,7
9101,欣旺花苑-东区,118.853243,31.841745,南京市江宁区兴旺路与秣欣东路交叉路口往西约80米,江苏省,南京市,江宁区,1,906973106880e54994ec8489,118.85232447876669,31.842458001861022,8
9101,欣旺花苑-东区,118.853243,31.841745,南京市江宁区兴旺路与秣欣东路交叉路口往西约80米,江苏省,南京市,江宁区,1,906973106880e54994ec8489,118.8522436312708,31.84247333916461,9
9101,欣旺花苑-东区,118.853243,31.841745,南京市江宁区兴旺路与秣欣东路交叉路口往西约80米,江苏省,南京市,江宁区,1,906973106880e54994ec8489,118.85194269892496,31.84399555373606,10
9101,欣旺花苑-东区,118.853243,31.841745,南京市江宁区兴旺路与秣欣东路交叉路口往西约80米,江苏省,南京市,江宁区,1,906973106880e54994ec8489,118.8519741396178,31.844030062084727,11
9101,欣旺花苑-东区,118.853243,31.841745,南京市江宁区兴旺路与秣欣东路交叉路口往西约80米,江苏省,南京市,江宁区,1,906973106880e54994ec8489,118.85299371637163,31.84414892407482,12
9101,欣旺花苑-东区,118.853243,31.841745,南京市江宁区兴旺路与秣欣东路交叉路口往西约80米,江苏省,南京市,江宁区,1,906973106880e54994ec8489,118.85304761470222,31.843957211111142,13
9101,欣旺花苑-东区,118.853243,31.841745,南京市江宁区兴旺路与秣欣东路交叉路口往西约80米,江苏省,南京市,江宁区,1,906973106880e54994ec8489,118.85373481841735,31.844049233383906,14
9101,欣旺花苑-东区,118.853243,31.841745,南京市江宁区兴旺路与秣欣东路交叉路口往西约80米,江苏省,南京市,江宁区,1,906973106880e54994ec8489,118.85383363202345,31.84398405095028,15
9101,欣旺花苑-东区,118.853243,31.841745,南京市江宁区兴旺路与秣欣东路交叉路口往西约80米,江苏省,南京市,江宁区,1,906973106880e54994ec8489,118.85389651340915,31.843612126762693,16
9101,欣旺花苑-东区,118.853243,31.841745,南京市江宁区兴旺路与秣欣东路交叉路口往西约80米,江苏省,南京市,江宁区,1,906973106880e54994ec8489,118.8538291404959,31.843596789650288,17
9101,欣旺花苑-东区,118.853243,31.841745,南京市江宁区兴旺路与秣欣东路交叉路口往西约80米,江苏省,南京市,江宁区,1,906973106880e54994ec8489,118.85423337797539,31.840567659479976,18
9101,欣旺花苑-东区,118.853243,31.841745,南京市江宁区兴旺路与秣欣东路交叉路口往西约80米,江苏省,南京市,江宁区,1,906973106880e54994ec8489,118.85438159838453,31.839279290131575,19
9104,虹南苑小区,118.939389,31.842933,南京市江宁区虹南路与南陵街交叉路口往西北约100米,江苏省,南京市,江宁区,1,56e88cba6ed9a465a4c7567b,118.93889004855794,31.84341443118646,1
9104,虹南苑小区,118.939389,31.842933,南京市江宁区虹南路与南陵街交叉路口往西北约100米,江苏省,南京市,江宁区,1,56e88cba6ed9a465a4c7567b,118.93949200308016,31.843403005013236,2
9104,虹南苑小区,118.939389,31.842933,南京市江宁区虹南路与南陵街交叉路口往西北约100米,江苏省,南京市,江宁区,1,56e88cba6ed9a465a4c7567b,118.93950098613526,31.843248943249485,3
9104,虹南苑小区,118.939389,31.842933,南京市江宁区虹南路与南陵街交叉路口往西北约100米,江苏省,南京市,江宁区,1,56e88cba6ed9a465a4c7567b,118.93969897266966,31.84326098292878,4
9104,虹南苑小区,118.939389,31.842933,南京市江宁区虹南路与南陵街交叉路口往西北约100米,江苏省,南京市,江宁区,1,56e88cba6ed9a465a4c7567b,118.93968666588418,31.84290523657641,5
9104,虹南苑小区,118.939389,31.842933,南京市江宁区虹南路与南陵街交叉路口往西北约100米,江苏省,南京市,江宁区,1,56e88cba6ed9a465a4c7567b,118.94010698303231,31.842904009598016,6
9104,虹南苑小区,118.939389,31.842933,南京市江宁区虹南路与南陵街交叉路口往西北约100米,江苏省,南京市,江宁区,1,56e88cba6ed9a465a4c7567b,118.9401159660874,31.84256298565255,7
9104,虹南苑小区,118.939389,31.842933,南京市江宁区虹南路与南陵街交叉路口往西北约100米,江苏省,南京市,江宁区,1,56e88cba6ed9a465a4c7567b,118.9388792688918,31.84258959584205,8
9104,虹南苑小区,118.939389,31.842933,南京市江宁区虹南路与南陵街交叉路口往西北约100米,江苏省,南京市,江宁区,1,56e88cba6ed9a465a4c7567b,118.93889004855794,31.84341443118646,9
9109,顺力大厦,118.600832,31.84029,南京市江宁区滨江开发区飞鹰路2号,江苏省,南京市,江宁区,1,ae6984d5fcb3dcf3931fc9da,118.60074027662307,31.841158309401877,1
9109,顺力大厦,118.600832,31.84029,南京市江宁区滨江开发区飞鹰路2号,江苏省,南京市,江宁区,1,ae6984d5fcb3dcf3931fc9da,118.60012942887629,31.840529545480855,2
9109,顺力大厦,118.600832,31.84029,南京市江宁区滨江开发区飞鹰路2号,江苏省,南京市,江宁区,1,ae6984d5fcb3dcf3931fc9da,118.60000815763243,31.840345417063975,3
9109,顺力大厦,118.600832,31.84029,南京市江宁区滨江开发区飞鹰路2号,江苏省,南京市,江宁区,1,ae6984d5fcb3dcf3931fc9da,118.60091544619752,31.839705144224382,4
9109,顺力大厦,118.600832,31.84029,南京市江宁区滨江开发区飞鹰路2号,江苏省,南京市,江宁区,1,ae6984d5fcb3dcf3931fc9da,118.60125231076375,31.83959777979239,5
9109,顺力大厦,118.600832,31.84029,南京市江宁区滨江开发区飞鹰路2号,江苏省,南京市,江宁区,1,ae6984d5fcb3dcf3931fc9da,118.6015442600545,31.839620786467012,6
9109,顺力大厦,118.600832,31.84029,南京市江宁区滨江开发区飞鹰路2号,江苏省,南京市,江宁区,1,ae6984d5fcb3dcf3931fc9da,118.6018407008728,31.839743488633808,7
9109,顺力大厦,118.600832,31.84029,南京市江宁区滨江开发区飞鹰路2号,江苏省,南京市,江宁区,1,ae6984d5fcb3dcf3931fc9da,118.6020203619748,31.839919872709913,8
9109,顺力大厦,118.600832,31.84029,南京市江宁区滨江开发区飞鹰路2号,江苏省,南京市,江宁区,1,ae6984d5fcb3dcf3931fc9da,118.60221798918698,31.840138435114444,9
9109,顺力大厦,118.600832,31.84029,南京市江宁区滨江开发区飞鹰路2号,江苏省,南京市,江宁区,1,ae6984d5fcb3dcf3931fc9da,118.60074027662307,31.841158309401877,10
9114,东吉大厦-B座,118.779247,31.833751,江苏省南京市江宁区东吉大厦(研发西路北100米),江苏省,南京市,江宁区,1,56bda1d8bf660bee29fc48d6,118.7795182544718,31.834315140563028,1
9114,东吉大厦-B座,118.779247,31.833751,江苏省南京市江宁区东吉大厦(研发西路北100米),江苏省,南京市,江宁区,1,56bda1d8bf660bee29fc48d6,118.7789630118361,31.83420378173868,2
9114,东吉大厦-B座,118.779247,31.833751,江苏省南京市江宁区东吉大厦(研发西路北100米),江苏省,南京市,江宁区,1,56bda1d8bf660bee29fc48d6,118.77894899827012,31.833781506616795,3
9114,东吉大厦-B座,118.779247,31.833751,江苏省南京市江宁区东吉大厦(研发西路北100米),江苏省,南京市,江宁区,1,56bda1d8bf660bee29fc48d6,118.77894899827012,31.83355955447188,4
9114,东吉大厦-B座,118.779247,31.833751,江苏省南京市江宁区东吉大厦(研发西路北100米),江苏省,南京市,江宁区,1,56bda1d8bf660bee29fc48d6,118.77895295081437,31.833414602711017,5
9114,东吉大厦-B座,118.779247,31.833751,江苏省南京市江宁区东吉大厦(研发西路北100米),江苏省,南京市,江宁区,1,56bda1d8bf660bee29fc48d6,118.77897477963826,31.83334902921986,6
9114,东吉大厦-B座,118.779247,31.833751,江苏省南京市江宁区东吉大厦(研发西路北100米),江苏省,南京市,江宁区,1,56bda1d8bf660bee29fc48d6,118.7790275101717,31.833324947247554,7
9114,东吉大厦-B座,118.779247,31.833751,江苏省南京市江宁区东吉大厦(研发西路北100米),江苏省,南京市,江宁区,1,56bda1d8bf660bee29fc48d6,118.77908724748812,31.83329810427732,8
9114,东吉大厦-B座,118.779247,31.833751,江苏省南京市江宁区东吉大厦(研发西路北100米),江苏省,南京市,江宁区,1,56bda1d8bf660bee29fc48d6,118.77931613573205,31.833321879479932,9
9114,东吉大厦-B座,118.779247,31.833751,江苏省南京市江宁区东吉大厦(研发西路北100米),江苏省,南京市,江宁区,1,56bda1d8bf660bee29fc48d6,118.77980571223499,31.83337556539855,10
9114,东吉大厦-B座,118.779247,31.833751,江苏省南京市江宁区东吉大厦(研发西路北100米),江苏省,南京市,江宁区,1,56bda1d8bf660bee29fc48d6,118.7795182544718,31.834315140563028,11
9115,东吉大厦-C座,118.780082,31.833929,江苏省南京市江宁区东吉大厦(研发西路北100米),江苏省,南京市,江宁区,1,8016b001fe5072696f4760a8,118.78056795679922,31.83352545041099,1
9115,东吉大厦-C座,118.780082,31.833929,江苏省南京市江宁区东吉大厦(研发西路北100米),江苏省,南京市,江宁区,1,8016b001fe5072696f4760a8,118.78043460604117,31.83348200346775,2
9115,东吉大厦-C座,118.780082,31.833929,江苏省南京市江宁区东吉大厦(研发西路北100米),江苏省,南京市,江宁区,1,8016b001fe5072696f4760a8,118.78029926733304,31.833443516540875,3
9115,东吉大厦-C座,118.780082,31.833929,江苏省南京市江宁区东吉大厦(研发西路北100米),江苏省,南京市,江宁区,1,8016b001fe5072696f4760a8,118.78013307991539,31.83339445777259,4
9115,东吉大厦-C座,118.780082,31.833929,江苏省南京市江宁区东吉大厦(研发西路北100米),江苏省,南京市,江宁区,1,8016b001fe5072696f4760a8,118.78004451417856,31.833367825501615,5
9115,东吉大厦-C座,118.780082,31.833929,江苏省南京市江宁区东吉大厦(研发西路北100米),江苏省,南京市,江宁区,1,8016b001fe5072696f4760a8,118.77993903245066,31.833348880126398,6
9115,东吉大厦-C座,118.780082,31.833929,江苏省南京市江宁区东吉大厦(研发西路北100米),江苏省,南京市,江宁区,1,8016b001fe5072696f4760a8,118.77983753291107,31.83333600647231,7
9115,东吉大厦-C座,118.780082,31.833929,江苏省南京市江宁区东吉大厦(研发西路北100米),江苏省,南京市,江宁区,1,8016b001fe5072696f4760a8,118.77978581117473,31.833494056858452,8
9115,东吉大厦-C座,118.780082,31.833929,江苏省南京市江宁区东吉大厦(研发西路北100米),江苏省,南京市,江宁区,1,8016b001fe5072696f4760a8,118.77973508745579,31.833683125819867,9
9115,东吉大厦-C座,118.780082,31.833929,江苏省南京市江宁区东吉大厦(研发西路北100米),江苏省,南京市,江宁区,1,8016b001fe5072696f4760a8,118.7795271881201,31.834326297758754,10
9115,东吉大厦-C座,118.780082,31.833929,江苏省南京市江宁区东吉大厦(研发西路北100米),江苏省,南京市,江宁区,1,8016b001fe5072696f4760a8,118.78029242134674,31.83453842119271,11
9115,东吉大厦-C座,118.780082,31.833929,江苏省南京市江宁区东吉大厦(研发西路北100米),江苏省,南京市,江宁区,1,8016b001fe5072696f4760a8,118.78058490333265,31.83375676841268,12
9115,东吉大厦-C座,118.780082,31.833929,江苏省南京市江宁区东吉大厦(研发西路北100米),江苏省,南京市,江宁区,1,8016b001fe5072696f4760a8,118.78063563244142,31.833588692202273,13
9115,东吉大厦-C座,118.780082,31.833929,江苏省南京市江宁区东吉大厦(研发西路北100米),江苏省,南京市,江宁区,1,8016b001fe5072696f4760a8,118.78060676898707,31.833548162268812,14
9115,东吉大厦-C座,118.780082,31.833929,江苏省南京市江宁区东吉大厦(研发西路北100米),江苏省,南京市,江宁区,1,8016b001fe5072696f4760a8,118.78056795679922,31.83352545041099,15
9116,东吉大厦-A座,118.779574,31.834665,江苏省南京市江宁区东吉大厦(东吉大道南100米),江苏省,南京市,江宁区,1,31335c06d57e6dcb5d0d0248,118.77900676650087,31.83422163973052,1
9116,东吉大厦-A座,118.779574,31.834665,江苏省南京市江宁区东吉大厦(东吉大道南100米),江苏省,南京市,江宁区,1,31335c06d57e6dcb5d0d0248,118.77901776535352,31.834898857755665,2
9116,东吉大厦-A座,118.779574,31.834665,江苏省南京市江宁区东吉大厦(东吉大道南100米),江苏省,南京市,江宁区,1,31335c06d57e6dcb5d0d0248,118.7800854760115,31.83503762196887,3
9116,东吉大厦-A座,118.779574,31.834665,江苏省南京市江宁区东吉大厦(东吉大道南100米),江苏省,南京市,江宁区,1,31335c06d57e6dcb5d0d0248,118.7802804819682,31.8345532020363,4
9116,东吉大厦-A座,118.779574,31.834665,江苏省南京市江宁区东吉大厦(东吉大道南100米),江苏省,南京市,江宁区,1,31335c06d57e6dcb5d0d0248,118.77975705731366,31.834424551779602,5
9116,东吉大厦-A座,118.779574,31.834665,江苏省南京市江宁区东吉大厦(东吉大道南100米),江苏省,南京市,江宁区,1,31335c06d57e6dcb5d0d0248,118.77900676650087,31.83422163973052,6
9123,银城蓝溪郡,118.786357,31.831659,南京市江宁区秣陵街道创新东路2号,江苏省,南京市,江宁区,1,1298fbba15f5b3d4e4e965e9,118.7847129755749,31.83325101401905,1
9123,银城蓝溪郡,118.786357,31.831659,南京市江宁区秣陵街道创新东路2号,江苏省,南京市,江宁区,1,1298fbba15f5b3d4e4e965e9,118.78741696499048,31.834020944366387,2
9123,银城蓝溪郡,118.786357,31.831659,南京市江宁区秣陵街道创新东路2号,江苏省,南京市,江宁区,1,1298fbba15f5b3d4e4e965e9,118.78841399427601,31.83043199663865,3
9123,银城蓝溪郡,118.786357,31.831659,南京市江宁区秣陵街道创新东路2号,江苏省,南京市,江宁区,1,1298fbba15f5b3d4e4e965e9,118.78472195863,31.829592011430005,4
9123,银城蓝溪郡,118.786357,31.831659,南京市江宁区秣陵街道创新东路2号,江苏省,南京市,江宁区,1,1298fbba15f5b3d4e4e965e9,118.78450196361061,31.830795998057994,5
9123,银城蓝溪郡,118.786357,31.831659,南京市江宁区秣陵街道创新东路2号,江苏省,南京市,江宁区,1,1298fbba15f5b3d4e4e965e9,118.78485203326784,31.83084999224538,6
9123,银城蓝溪郡,118.786357,31.831659,南京市江宁区秣陵街道创新东路2号,江苏省,南京市,江宁区,1,1298fbba15f5b3d4e4e965e9,118.7847129755749,31.83325101401905,7
9124,希泉新寓,118.7869,31.824469,银杏湖大道,江苏省,南京市,江宁区,1,d7fd2ad33efa41290accdda7,118.7860583677372,31.825337818789315,1
9124,希泉新寓,118.7869,31.824469,银杏湖大道,江苏省,南京市,江宁区,1,d7fd2ad33efa41290accdda7,118.78575384216931,31.82382457438426,2
9124,希泉新寓,118.7869,31.824469,银杏湖大道,江苏省,南京市,江宁区,1,d7fd2ad33efa41290accdda7,118.7858204066076,31.82363358580464,3
9124,希泉新寓,118.7869,31.824469,银杏湖大道,江苏省,南京市,江宁区,1,d7fd2ad33efa41290accdda7,118.78846932989543,31.82397069188363,4
9124,希泉新寓,118.7869,31.824469,银杏湖大道,江苏省,南京市,江宁区,1,d7fd2ad33efa41290accdda7,118.7884218993645,31.82452708677508,5
9124,希泉新寓,118.7869,31.824469,银杏湖大道,江苏省,南京市,江宁区,1,d7fd2ad33efa41290accdda7,118.78793088557273,31.824528544104925,6
9124,希泉新寓,118.7869,31.824469,银杏湖大道,江苏省,南京市,江宁区,1,d7fd2ad33efa41290accdda7,118.78741031752972,31.824593740416272,7
9124,希泉新寓,118.7869,31.824469,银杏湖大道,江苏省,南京市,江宁区,1,d7fd2ad33efa41290accdda7,118.78724413101037,31.82530706172679,8
9124,希泉新寓,118.7869,31.824469,银杏湖大道,江苏省,南京市,江宁区,1,d7fd2ad33efa41290accdda7,118.78719472420732,31.825517989005096,9
9124,希泉新寓,118.7869,31.824469,银杏湖大道,江苏省,南京市,江宁区,1,d7fd2ad33efa41290accdda7,118.7860583677372,31.825337818789315,10
9127,周里新寓,118.853692,31.814652,南京市江宁区新宁路1号,江苏省,南京市,江宁区,1,20f6cc58de37d409dbeced5a,118.85251560045039,31.81488019742064,1
9127,周里新寓,118.853692,31.814652,南京市江宁区新宁路1号,江苏省,南京市,江宁区,1,20f6cc58de37d409dbeced5a,118.85537572704159,31.81527361688892,2
9127,周里新寓,118.853692,31.814652,南京市江宁区新宁路1号,江苏省,南京市,江宁区,1,20f6cc58de37d409dbeced5a,118.85542362199645,31.81500705777977,3
9127,周里新寓,118.853692,31.814652,南京市江宁区新宁路1号,江苏省,南京市,江宁区,1,20f6cc58de37d409dbeced5a,118.85418784376742,31.814777304850015,4
9127,周里新寓,118.853692,31.814652,南京市江宁区新宁路1号,江苏省,南京市,江宁区,1,20f6cc58de37d409dbeced5a,118.8542776051489,31.81421615611994,5
9127,周里新寓,118.853692,31.814652,南京市江宁区新宁路1号,江苏省,南京市,江宁区,1,20f6cc58de37d409dbeced5a,118.85273653060582,31.813991228129304,6
9127,周里新寓,118.853692,31.814652,南京市江宁区新宁路1号,江苏省,南京市,江宁区,1,20f6cc58de37d409dbeced5a,118.85251560045039,31.81488019742064,7
9129,牧龙原墅,118.612258,31.800797,南京市江宁区江宁街道滨溪大道1000号,江苏省,南京市,江宁区,1,1841e129df8b7f3a1c38949f,118.61386869095632,31.80034253528643,1
9129,牧龙原墅,118.612258,31.800797,南京市江宁区江宁街道滨溪大道1000号,江苏省,南京市,江宁区,1,1841e129df8b7f3a1c38949f,118.61308297187253,31.800100706454767,2
9129,牧龙原墅,118.612258,31.800797,南京市江宁区江宁街道滨溪大道1000号,江苏省,南京市,江宁区,1,1841e129df8b7f3a1c38949f,118.61248601731876,31.80011703252343,3
9129,牧龙原墅,118.612258,31.800797,南京市江宁区江宁街道滨溪大道1000号,江苏省,南京市,江宁区,1,1841e129df8b7f3a1c38949f,118.61175858209306,31.800176314169374,4
9129,牧龙原墅,118.612258,31.800797,南京市江宁区江宁街道滨溪大道1000号,江苏省,南京市,江宁区,1,1841e129df8b7f3a1c38949f,118.61131206676305,31.800242200998987,5
9129,牧龙原墅,118.612258,31.800797,南京市江宁区江宁街道滨溪大道1000号,江苏省,南京市,江宁区,1,1841e129df8b7f3a1c38949f,118.61139368410677,31.800578210095484,6
9129,牧龙原墅,118.612258,31.800797,南京市江宁区江宁街道滨溪大道1000号,江苏省,南京市,江宁区,1,1841e129df8b7f3a1c38949f,118.61012816747382,31.800716532923435,7
9129,牧龙原墅,118.612258,31.800797,南京市江宁区江宁街道滨溪大道1000号,江苏省,南京市,江宁区,1,1841e129df8b7f3a1c38949f,118.61023913156023,31.801273129896853,8
9129,牧龙原墅,118.612258,31.800797,南京市江宁区江宁街道滨溪大道1000号,江苏省,南京市,江宁区,1,1841e129df8b7f3a1c38949f,118.6104088088948,31.801314775697506,9
9129,牧龙原墅,118.612258,31.800797,南京市江宁区江宁街道滨溪大道1000号,江苏省,南京市,江宁区,1,1841e129df8b7f3a1c38949f,118.61054817380823,31.801157802782416,10
9129,牧龙原墅,118.612258,31.800797,南京市江宁区江宁街道滨溪大道1000号,江苏省,南京市,江宁区,1,1841e129df8b7f3a1c38949f,118.61135605858048,31.801098852133872,11
9129,牧龙原墅,118.612258,31.800797,南京市江宁区江宁街道滨溪大道1000号,江苏省,南京市,江宁区,1,1841e129df8b7f3a1c38949f,118.61331025304791,31.80168542180548,12
9129,牧龙原墅,118.612258,31.800797,南京市江宁区江宁街道滨溪大道1000号,江苏省,南京市,江宁区,1,1841e129df8b7f3a1c38949f,118.61386869095632,31.80034253528643,13
9130,奥斯博恩庄园,118.863874,31.800109,江苏省南京市江宁区禄口街道宁溧路188号,江苏省,南京市,江宁区,1,0209789bfdbd68f287154198,118.85932200919777,31.8037883121921,1
9130,奥斯博恩庄园,118.863874,31.800109,江苏省南京市江宁区禄口街道宁溧路188号,江苏省,南京市,江宁区,1,0209789bfdbd68f287154198,118.86063101998693,31.80127995124401,2
9130,奥斯博恩庄园,118.863874,31.800109,江苏省南京市江宁区禄口街道宁溧路188号,江苏省,南京市,江宁区,1,0209789bfdbd68f287154198,118.86233798011698,31.798173002119338,3
9130,奥斯博恩庄园,118.863874,31.800109,江苏省南京市江宁区禄口街道宁溧路188号,江苏省,南京市,江宁区,1,0209789bfdbd68f287154198,118.86256695819147,31.797654962412373,4
9130,奥斯博恩庄园,118.863874,31.800109,江苏省南京市江宁区禄口街道宁溧路188号,江苏省,南京市,江宁区,1,0209789bfdbd68f287154198,118.86272901250547,31.79724095819248,5
9130,奥斯博恩庄园,118.863874,31.800109,江苏省南京市江宁区禄口街道宁溧路188号,江苏省,南京市,江宁区,1,0209789bfdbd68f287154198,118.86364501463399,31.795506969095882,6
9130,奥斯博恩庄园,118.863874,31.800109,江苏省南京市江宁区禄口街道宁溧路188号,江苏省,南京市,江宁区,1,0209789bfdbd68f287154198,118.86669898387628,31.796807003649246,7
9130,奥斯博恩庄园,118.863874,31.800109,江苏省南京市江宁区禄口街道宁溧路188号,江苏省,南京市,江宁区,1,0209789bfdbd68f287154198,118.86826913207716,31.79747795972545,8
9130,奥斯博恩庄园,118.863874,31.800109,江苏省南京市江宁区禄口街道宁溧路188号,江苏省,南京市,江宁区,1,0209789bfdbd68f287154198,118.86874703060846,31.799913999149073,9
9130,奥斯博恩庄园,118.863874,31.800109,江苏省南京市江宁区禄口街道宁溧路188号,江苏省,南京市,江宁区,1,0209789bfdbd68f287154198,118.86813196082578,31.801290999077178,10
9130,奥斯博恩庄园,118.863874,31.800109,江苏省南京市江宁区禄口街道宁溧路188号,江苏省,南京市,江宁区,1,0209789bfdbd68f287154198,118.86733201976914,31.802821955003466,11
9130,奥斯博恩庄园,118.863874,31.800109,江苏省南京市江宁区禄口街道宁溧路188号,江苏省,南京市,江宁区,1,0209789bfdbd68f287154198,118.86681495511759,31.803860965023297,12
9130,奥斯博恩庄园,118.863874,31.800109,江苏省南京市江宁区禄口街道宁溧路188号,江苏省,南京市,江宁区,1,0209789bfdbd68f287154198,118.86629402775237,31.804915997312303,13
9130,奥斯博恩庄园,118.863874,31.800109,江苏省南京市江宁区禄口街道宁溧路188号,江苏省,南京市,江宁区,1,0209789bfdbd68f287154198,118.86529124931158,31.806941407330267,14
9130,奥斯博恩庄园,118.863874,31.800109,江苏省南京市江宁区禄口街道宁溧路188号,江苏省,南京市,江宁区,1,0209789bfdbd68f287154198,118.86504870682388,31.807087168224633,15
9130,奥斯博恩庄园,118.863874,31.800109,江苏省南京市江宁区禄口街道宁溧路188号,江苏省,南京市,江宁区,1,0209789bfdbd68f287154198,118.86494989321778,31.806941407330267,16
9130,奥斯博恩庄园,118.863874,31.800109,江苏省南京市江宁区禄口街道宁溧路188号,江苏省,南京市,江宁区,1,0209789bfdbd68f287154198,118.86487353724944,31.806826332775945,17
9130,奥斯博恩庄园,118.863874,31.800109,江苏省南京市江宁区禄口街道宁溧路188号,江苏省,南京市,江宁区,1,0209789bfdbd68f287154198,118.86374616383442,31.805222945594053,18
9130,奥斯博恩庄园,118.863874,31.800109,江苏省南京市江宁区禄口街道宁溧路188号,江苏省,南京市,江宁区,1,0209789bfdbd68f287154198,118.86357548578752,31.80508868941157,19
9130,奥斯博恩庄园,118.863874,31.800109,江苏省南京市江宁区禄口街道宁溧路188号,江苏省,南京市,江宁区,1,0209789bfdbd68f287154198,118.8627445531908,31.804685919682072,20
9130,奥斯博恩庄园,118.863874,31.800109,江苏省南京市江宁区禄口街道宁溧路188号,江苏省,南京市,江宁区,1,0209789bfdbd68f287154198,118.862493027648,31.80451713945875,21
9130,奥斯博恩庄园,118.863874,31.800109,江苏省南京市江宁区禄口街道宁溧路188号,江苏省,南京市,江宁区,1,0209789bfdbd68f287154198,118.86145548478397,31.804191085872894,22
9130,奥斯博恩庄园,118.863874,31.800109,江苏省南京市江宁区禄口街道宁溧路188号,江苏省,南京市,江宁区,1,0209789bfdbd68f287154198,118.86102878966673,31.803907226510884,23
9130,奥斯博恩庄园,118.863874,31.800109,江苏省南京市江宁区禄口街道宁溧路188号,江苏省,南京市,江宁区,1,0209789bfdbd68f287154198,118.86052573858115,31.803972437523313,24
9130,奥斯博恩庄园,118.863874,31.800109,江苏省南京市江宁区禄口街道宁溧路188号,江苏省,南京市,江宁区,1,0209789bfdbd68f287154198,118.85932200919777,31.8037883121921,25
9133,翠屏城,118.865973,31.802656,江苏省南京市江宁区天禄大道1号(宁溧路188号机场高速禄口出口500米),江苏省,南京市,江宁区,1,090496aab80eef5617764330,118.86697997383979,31.797668005509706,1
9133,翠屏城,118.865973,31.802656,江苏省南京市江宁区天禄大道1号(宁溧路188号机场高速禄口出口500米),江苏省,南京市,江宁区,1,090496aab80eef5617764330,118.86720401123397,31.798565979929254,2
9133,翠屏城,118.865973,31.802656,江苏省南京市江宁区天禄大道1号(宁溧路188号机场高速禄口出口500米),江苏省,南京市,江宁区,1,090496aab80eef5617764330,118.86720904174483,31.79943294960595,3
9133,翠屏城,118.865973,31.802656,江苏省南京市江宁区天禄大道1号(宁溧路188号机场高速禄口出口500米),江苏省,南京市,江宁区,1,090496aab80eef5617764330,118.86703396200093,31.800287942453764,4
9133,翠屏城,118.865973,31.802656,江苏省南京市江宁区天禄大道1号(宁溧路188号机场高速禄口出口500米),江苏省,南京市,江宁区,1,090496aab80eef5617764330,118.86671003303402,31.801135945685473,5
9133,翠屏城,118.865973,31.802656,江苏省南京市江宁区天禄大道1号(宁溧路188号机场高速禄口出口500米),江苏省,南京市,江宁区,1,090496aab80eef5617764330,118.8661529937873,31.801883974221305,6
9133,翠屏城,118.865973,31.802656,江苏省南京市江宁区天禄大道1号(宁溧路188号机场高速禄口出口500米),江苏省,南京市,江宁区,1,090496aab80eef5617764330,118.86546102905297,31.802562948674975,7
9133,翠屏城,118.865973,31.802656,江苏省南京市江宁区天禄大道1号(宁溧路188号机场高速禄口出口500米),江苏省,南京市,江宁区,1,090496aab80eef5617764330,118.86468399478683,31.803095997631004,8
9133,翠屏城,118.865973,31.802656,江苏省南京市江宁区天禄大道1号(宁溧路188号机场高速禄口出口500米),江苏省,南京市,江宁区,1,090496aab80eef5617764330,118.8639969707328,31.803411007543325,9
9133,翠屏城,118.865973,31.802656,江苏省南京市江宁区天禄大道1号(宁溧路188号机场高速禄口出口500米),江苏省,南京市,江宁区,1,090496aab80eef5617764330,118.86301404484378,31.803729008412773,10
9133,翠屏城,118.865973,31.802656,江苏省南京市江宁区天禄大道1号(宁溧路188号机场高速禄口出口500米),江苏省,南京市,江宁区,1,090496aab80eef5617764330,118.86185496124426,31.803958935011618,11
9133,翠屏城,118.865973,31.802656,江苏省南京市江宁区天禄大道1号(宁溧路188号机场高速禄口出口500米),江苏省,南京市,江宁区,1,090496aab80eef5617764330,118.86178300697291,31.804204971943417,12
9133,翠屏城,118.865973,31.802656,江苏省南京市江宁区天禄大道1号(宁溧路188号机场高速禄口出口500米),江苏省,南京市,江宁区,1,090496aab80eef5617764330,118.86247497170724,31.80438894299924,13
9133,翠屏城,118.865973,31.802656,江苏省南京市江宁区天禄大道1号(宁溧路188号机场高速禄口出口500米),江苏省,南京市,江宁区,1,090496aab80eef5617764330,118.86340902977652,31.804810970283114,14
9133,翠屏城,118.865973,31.802656,江苏省南京市江宁区天禄大道1号(宁溧路188号机场高速禄口出口500米),江苏省,南京市,江宁区,1,090496aab80eef5617764330,118.86399301818857,31.80520200164256,15
9133,翠屏城,118.865973,31.802656,江苏省南京市江宁区天禄大道1号(宁溧路188号机场高速禄口出口500米),江苏省,南京市,江宁区,1,090496aab80eef5617764330,118.86438000820226,31.80581597197456,16
9133,翠屏城,118.865973,31.802656,江苏省南京市江宁区天禄大道1号(宁溧路188号机场高速禄口出口500米),江苏省,南京市,江宁区,1,090496aab80eef5617764330,118.86463997781684,31.80621497759986,17
9133,翠屏城,118.865973,31.802656,江苏省南京市江宁区天禄大道1号(宁溧路188号机场高速禄口出口500米),江苏省,南京市,江宁区,1,090496aab80eef5617764330,118.86553900197123,31.806329976206314,18
9133,翠屏城,118.865973,31.802656,江苏省南京市江宁区天禄大道1号(宁溧路188号机场高速禄口出口500米),江苏省,南京市,江宁区,1,090496aab80eef5617764330,118.86868199328954,31.79987395014485,19
9133,翠屏城,118.865973,31.802656,江苏省南京市江宁区天禄大道1号(宁溧路188号机场高速禄口出口500米),江苏省,南京市,江宁区,1,090496aab80eef5617764330,118.86825502868065,31.79800198489221,20
9133,翠屏城,118.865973,31.802656,江苏省南京市江宁区天禄大道1号(宁溧路188号机场高速禄口出口500米),江苏省,南京市,江宁区,1,090496aab80eef5617764330,118.86714598069804,31.79761099948828,21
9133,翠屏城,118.865973,31.802656,江苏省南京市江宁区天禄大道1号(宁溧路188号机场高速禄口出口500米),江苏省,南京市,江宁区,1,090496aab80eef5617764330,118.86697997383979,31.797668005509706,22
9139,大才大厦,118.779244,31.791382,南京市江宁区横溪街道陶建路28号,江苏省,南京市,江宁区,1,450e723d93e7091b43e19285,118.77881999081922,31.791497041906428,1
9139,大才大厦,118.779244,31.791382,南京市江宁区横溪街道陶建路28号,江苏省,南京市,江宁区,1,450e723d93e7091b43e19285,118.77936742807837,31.791721248776874,2
9139,大才大厦,118.779244,31.791382,南京市江宁区横溪街道陶建路28号,江苏省,南京市,江宁区,1,450e723d93e7091b43e19285,118.77940818240275,31.791663993364985,3
9139,大才大厦,118.779244,31.791382,南京市江宁区横溪街道陶建路28号,江苏省,南京市,江宁区,1,450e723d93e7091b43e19285,118.7794897566278,31.79163649893519,4
9139,大才大厦,118.779244,31.791382,南京市江宁区横溪街道陶建路28号,江苏省,南京市,江宁区,1,450e723d93e7091b43e19285,118.77966960547565,31.791283761681647,5
9139,大才大厦,118.779244,31.791382,南京市江宁区横溪街道陶建路28号,江苏省,南京市,江宁区,1,450e723d93e7091b43e19285,118.77907338034596,31.791020666461353,6
9139,大才大厦,118.779244,31.791382,南京市江宁区横溪街道陶建路28号,江苏省,南京市,江宁区,1,450e723d93e7091b43e19285,118.77881999081922,31.791497041906428,7
9140,空港青年公寓,118.819102,31.793148,江苏省南京市江宁区将军大道,江苏省,南京市,江宁区,1,f3c2373c9ac2c32cd22dd60a,118.8185905916116,31.794984464170582,1
9140,空港青年公寓,118.819102,31.793148,江苏省南京市江宁区将军大道,江苏省,南京市,江宁区,1,f3c2373c9ac2c32cd22dd60a,118.81859759839458,31.794995359311077,2
9140,空港青年公寓,118.819102,31.793148,江苏省南京市江宁区将军大道,江苏省,南京市,江宁区,1,f3c2373c9ac2c32cd22dd60a,118.81860667128024,31.795005257008,3
9140,空港青年公寓,118.819102,31.793148,江苏省南京市江宁区将军大道,江苏省,南京市,江宁区,1,f3c2373c9ac2c32cd22dd60a,118.818617720438,31.7950101674929,4
9140,空港青年公寓,118.819102,31.793148,江苏省南京市江宁区将军大道,江苏省,南京市,江宁区,1,f3c2373c9ac2c32cd22dd60a,118.81863784248142,31.79513108810047,5
9140,空港青年公寓,118.819102,31.793148,江苏省南京市江宁区将军大道,江苏省,南京市,江宁区,1,f3c2373c9ac2c32cd22dd60a,118.81995386005354,31.79490474546231,6
9140,空港青年公寓,118.819102,31.793148,江苏省南京市江宁区将军大道,江苏省,南京市,江宁区,1,f3c2373c9ac2c32cd22dd60a,118.8194998564488,31.79177034110418,7
9140,空港青年公寓,118.819102,31.793148,江苏省南京市江宁区将军大道,江苏省,南京市,江宁区,1,f3c2373c9ac2c32cd22dd60a,118.81949383780189,31.791749394073804,8
9140,空港青年公寓,118.819102,31.793148,江苏省南京市江宁区将军大道,江苏省,南京市,江宁区,1,f3c2373c9ac2c32cd22dd60a,118.81948584288284,31.79174049350267,9
9140,空港青年公寓,118.819102,31.793148,江苏省南京市江宁区将军大道,江苏省,南京市,江宁区,1,f3c2373c9ac2c32cd22dd60a,118.81947479372506,31.791733664615606,10
9140,空港青年公寓,118.819102,31.793148,江苏省南京市江宁区将军大道,江苏省,南京市,江宁区,1,f3c2373c9ac2c32cd22dd60a,118.81945871405645,31.791731823117892,11
9140,空港青年公寓,118.819102,31.793148,江苏省南京市江宁区将军大道,江苏省,南京市,江宁区,1,f3c2373c9ac2c32cd22dd60a,118.81822004058873,31.791839780859263,12
9140,空港青年公寓,118.819102,31.793148,江苏省南京市江宁区将军大道,江苏省,南京市,江宁区,1,f3c2373c9ac2c32cd22dd60a,118.8181979422732,31.791845075158864,13
9140,空港青年公寓,118.819102,31.793148,江苏省南京市江宁区将军大道,江苏省,南京市,江宁区,1,f3c2373c9ac2c32cd22dd60a,118.81818895921809,31.791850139271244,14
9140,空港青年公寓,118.819102,31.793148,江苏省南京市江宁区将军大道,江苏省,南京市,江宁区,1,f3c2373c9ac2c32cd22dd60a,118.81818294057116,31.79185819581308,15
9140,空港青年公寓,118.819102,31.793148,江苏省南京市江宁区将军大道,江苏省,南京市,江宁区,1,f3c2373c9ac2c32cd22dd60a,118.81818195243511,31.791870242260046,16
9140,空港青年公寓,118.819102,31.793148,江苏省南京市江宁区将军大道,江苏省,南京市,江宁区,1,f3c2373c9ac2c32cd22dd60a,118.8185905916116,31.794984464170582,17
9141,空港公寓,118.819007,31.799151,江苏省南京市江宁区乾清路(座上客附近),江苏省,南京市,江宁区,1,f696a62f1b49468f5d17c3c7,118.81628879962369,31.796015893391274,1
9141,空港公寓,118.819007,31.799151,江苏省南京市江宁区乾清路(座上客附近),江苏省,南京市,江宁区,1,f696a62f1b49468f5d17c3c7,118.81779322150533,31.79917630633862,2
9141,空港公寓,118.819007,31.799151,江苏省南京市江宁区乾清路(座上客附近),江苏省,南京市,江宁区,1,f696a62f1b49468f5d17c3c7,118.81838632143017,31.80188430319907,3
9141,空港公寓,118.819007,31.799151,江苏省南京市江宁区乾清路(座上客附近),江苏省,南京市,江宁区,1,f696a62f1b49468f5d17c3c7,118.82484755987855,31.801786122309288,4
9141,空港公寓,118.819007,31.799151,江苏省南京市江宁区乾清路(座上客附近),江苏省,南京市,江宁区,1,f696a62f1b49468f5d17c3c7,118.82456265060809,31.799556236860486,5
9141,空港公寓,118.819007,31.799151,江苏省南京市江宁区乾清路(座上客附近),江苏省,南京市,江宁区,1,f696a62f1b49468f5d17c3c7,118.82309125852174,31.799565032175565,6
9141,空港公寓,118.819007,31.799151,江苏省南京市江宁区乾清路(座上客附近),江苏省,南京市,江宁区,1,f696a62f1b49468f5d17c3c7,118.82304568927985,31.798931911492108,7
9141,空港公寓,118.819007,31.799151,江苏省南京市江宁区乾清路(座上客附近),江苏省,南京市,江宁区,1,f696a62f1b49468f5d17c3c7,118.82090675469105,31.79896081412966,8
9141,空港公寓,118.819007,31.799151,江苏省南京市江宁区乾清路(座上客附近),江苏省,南京市,江宁区,1,f696a62f1b49468f5d17c3c7,118.82077118152517,31.798194341041874,9
9141,空港公寓,118.819007,31.799151,江苏省南京市江宁区乾清路(座上客附近),江苏省,南京市,江宁区,1,f696a62f1b49468f5d17c3c7,118.82060979375386,31.79726814319715,10
9141,空港公寓,118.819007,31.799151,江苏省南京市江宁区乾清路(座上客附近),江苏省,南京市,江宁区,1,f696a62f1b49468f5d17c3c7,118.8202618575722,31.79593454547034,11
9141,空港公寓,118.819007,31.799151,江苏省南京市江宁区乾清路(座上客附近),江苏省,南京市,江宁区,1,f696a62f1b49468f5d17c3c7,118.81628879962369,31.796015893391274,12
9142,人才公寓,118.817473,31.793628,江苏省南京市江宁区空港青年公寓人才公寓(越秀路南),江苏省,南京市,江宁区,1,396dff2d07f144fa764ff1c7,118.81365045388324,31.7922585307762,1
9142,人才公寓,118.817473,31.793628,江苏省南京市江宁区空港青年公寓人才公寓(越秀路南),江苏省,南京市,江宁区,1,396dff2d07f144fa764ff1c7,118.81454898846113,31.793271182741673,2
9142,人才公寓,118.817473,31.793628,江苏省南京市江宁区空港青年公寓人才公寓(越秀路南),江苏省,南京市,江宁区,1,396dff2d07f144fa764ff1c7,118.81570800738265,31.795081074788765,3
9142,人才公寓,118.817473,31.793628,江苏省南京市江宁区空港青年公寓人才公寓(越秀路南),江苏省,南京市,江宁区,1,396dff2d07f144fa764ff1c7,118.81587763980194,31.795357649538637,4
9142,人才公寓,118.817473,31.793628,江苏省南京市江宁区空港青年公寓人才公寓(越秀路南),江苏省,南京市,江宁区,1,396dff2d07f144fa764ff1c7,118.81625581654028,31.7956653127422,5
9142,人才公寓,118.817473,31.793628,江苏省南京市江宁区空港青年公寓人才公寓(越秀路南),江苏省,南京市,江宁区,1,396dff2d07f144fa764ff1c7,118.82010887614386,31.795610944764935,6
9142,人才公寓,118.817473,31.793628,江苏省南京市江宁区空港青年公寓人才公寓(越秀路南),江苏省,南京市,江宁区,1,396dff2d07f144fa764ff1c7,118.82023524527149,31.79555638202512,7
9142,人才公寓,118.817473,31.793628,江苏省南京市江宁区空港青年公寓人才公寓(越秀路南),江苏省,南京市,江宁区,1,396dff2d07f144fa764ff1c7,118.82028026475042,31.795403790645242,8
9142,人才公寓,118.817473,31.793628,江苏省南京市江宁区空港青年公寓人才公寓(越秀路南),江苏省,南京市,江宁区,1,396dff2d07f144fa764ff1c7,118.81979482135114,31.791789891815,9
9142,人才公寓,118.817473,31.793628,江苏省南京市江宁区空港青年公寓人才公寓(越秀路南),江苏省,南京市,江宁区,1,396dff2d07f144fa764ff1c7,118.81975057261833,31.791643391591432,10
9142,人才公寓,118.817473,31.793628,江苏省南京市江宁区空港青年公寓人才公寓(越秀路南),江苏省,南京市,江宁区,1,396dff2d07f144fa764ff1c7,118.81959706118973,31.79161321209486,11
9142,人才公寓,118.817473,31.793628,江苏省南京市江宁区空港青年公寓人才公寓(越秀路南),江苏省,南京市,江宁区,1,396dff2d07f144fa764ff1c7,118.8136513926125,31.792173506819932,12
9142,人才公寓,118.817473,31.793628,江苏省南京市江宁区空港青年公寓人才公寓(越秀路南),江苏省,南京市,江宁区,1,396dff2d07f144fa764ff1c7,118.81365045388324,31.7922585307762,13
9143,新城保利天地,118.82265,31.797214,南京市江宁区越秀路与乾清路交汇处,江苏省,南京市,江宁区,1,d40bc840d7ac30fa0a69d9ba,118.82111195144319,31.798625287818076,1
9143,新城保利天地,118.82265,31.797214,南京市江宁区越秀路与乾清路交汇处,江苏省,南京市,江宁区,1,d40bc840d7ac30fa0a69d9ba,118.82071785421417,31.796012068137976,2
9143,新城保利天地,118.82265,31.797214,南京市江宁区越秀路与乾清路交汇处,江苏省,南京市,江宁区,1,d40bc840d7ac30fa0a69d9ba,118.82412885802303,31.795977812357123,3
9143,新城保利天地,118.82265,31.797214,南京市江宁区越秀路与乾清路交汇处,江苏省,南京市,江宁区,1,d40bc840d7ac30fa0a69d9ba,118.82427250796424,31.798517118928707,4
9143,新城保利天地,118.82265,31.797214,南京市江宁区越秀路与乾清路交汇处,江苏省,南京市,江宁区,1,d40bc840d7ac30fa0a69d9ba,118.82111195144319,31.798625287818076,5
9145,空港公寓-D组团,118.823052,31.800343,南京市江宁区乾清路东200米,江苏省,南京市,江宁区,1,755101ca52868d8346e274a0,118.82215830177503,31.80142909687927,1
9145,空港公寓-D组团,118.823052,31.800343,南京市江宁区乾清路东200米,江苏省,南京市,江宁区,1,755101ca52868d8346e274a0,118.82212686108218,31.801229622209355,2
9145,空港公寓-D组团,118.823052,31.800343,南京市江宁区乾清路东200米,江苏省,南京市,江宁区,1,755101ca52868d8346e274a0,118.82185736942918,31.801214277985963,3
9145,空港公寓-D组团,118.823052,31.800343,南京市江宁区乾清路东200米,江苏省,南京市,江宁区,1,755101ca52868d8346e274a0,118.8215160133354,31.79894330455549,4
9145,空港公寓-D组团,118.823052,31.800343,南京市江宁区乾清路东200米,江苏省,南京市,江宁区,1,755101ca52868d8346e274a0,118.82317787852885,31.79891261533941,5
9145,空港公寓-D组团,118.823052,31.800343,南京市江宁区乾清路东200米,江苏省,南京市,江宁区,1,755101ca52868d8346e274a0,118.82324075991455,31.799453511264943,6
9145,空港公寓-D组团,118.823052,31.800343,南京市江宁区乾清路东200米,江苏省,南京市,江宁区,1,755101ca52868d8346e274a0,118.82455677748666,31.799430494482174,7
9145,空港公寓-D组团,118.823052,31.800343,南京市江宁区乾清路东200米,江苏省,南京市,江宁区,1,755101ca52868d8346e274a0,118.82473643858866,31.801501981746345,8
9145,空港公寓-D组团,118.823052,31.800343,南京市江宁区乾清路东200米,江苏省,南京市,江宁区,1,755101ca52868d8346e274a0,118.82234245440458,31.80154034217938,9
9145,空港公寓-D组团,118.823052,31.800343,南京市江宁区乾清路东200米,江苏省,南京市,江宁区,1,755101ca52868d8346e274a0,118.82234245440458,31.801425260832026,10
9145,空港公寓-D组团,118.823052,31.800343,南京市江宁区乾清路东200米,江苏省,南京市,江宁区,1,755101ca52868d8346e274a0,118.82215830177503,31.80142909687927,11
9149,君驰华庭,118.864793,31.794982,南京市江宁区禄口街道天禄大道45号,江苏省,南京市,江宁区,1,2cc3c8e8e60ae9ab4c2fdfa7,118.86388432322185,31.794999502533166,1
9149,君驰华庭,118.864793,31.794982,南京市江宁区禄口街道天禄大道45号,江苏省,南京市,江宁区,1,2cc3c8e8e60ae9ab4c2fdfa7,118.86432449292175,31.794489270993562,2
9149,君驰华庭,118.864793,31.794982,南京市江宁区禄口街道天禄大道45号,江苏省,南京市,江宁区,1,2cc3c8e8e60ae9ab4c2fdfa7,118.86457601846455,31.794542979710613,3
9149,君驰华庭,118.864793,31.794982,南京市江宁区禄口街道天禄大道45号,江苏省,南京市,江宁区,1,2cc3c8e8e60ae9ab4c2fdfa7,118.86562703591122,31.794869067673353,4
9149,君驰华庭,118.864793,31.794982,南京市江宁区禄口街道天禄大道45号,江苏省,南京市,江宁区,1,2cc3c8e8e60ae9ab4c2fdfa7,118.86537551036842,31.795525076408385,5
9149,君驰华庭,118.864793,31.794982,南京市江宁区禄口街道天禄大道45号,江苏省,南京市,江宁区,1,2cc3c8e8e60ae9ab4c2fdfa7,118.86417178098505,31.795172136620646,6
9149,君驰华庭,118.864793,31.794982,南京市江宁区禄口街道天禄大道45号,江苏省,南京市,江宁区,1,2cc3c8e8e60ae9ab4c2fdfa7,118.86388432322185,31.794999502533166,7
9152,江山星汉城,118.871563,31.791623,南京市江宁区天禄大道139号,江苏省,南京市,江宁区,1,0d86fac7bfec077c2afc48da,118.87034017543041,31.79237089733207,1
9152,江山星汉城,118.871563,31.791623,南京市江宁区天禄大道139号,江苏省,南京市,江宁区,1,0d86fac7bfec077c2afc48da,118.87048884499231,31.792197413945875,2
9152,江山星汉城,118.871563,31.791623,南京市江宁区天禄大道139号,江苏省,南京市,江宁区,1,0d86fac7bfec077c2afc48da,118.87001328205533,31.791627011144822,3
9152,江山星汉城,118.871563,31.791623,南京市江宁区天禄大道139号,江苏省,南京市,江宁区,1,0d86fac7bfec077c2afc48da,118.87005370580327,31.791569464256465,4
9152,江山星汉城,118.871563,31.791623,南京市江宁区天禄大道139号,江苏省,南京市,江宁区,1,0d86fac7bfec077c2afc48da,118.86965845137888,31.791040031186142,5
9152,江山星汉城,118.871563,31.791623,南京市江宁区天禄大道139号,江苏省,南京市,江宁区,1,0d86fac7bfec077c2afc48da,118.87007167191348,31.79074462154791,6
9152,江山星汉城,118.871563,31.791623,南京市江宁区天禄大道139号,江苏省,南京市,江宁区,1,0d86fac7bfec077c2afc48da,118.87047590939297,31.79050292204396,7
9152,江山星汉城,118.871563,31.791623,南京市江宁区天禄大道139号,江苏省,南京市,江宁区,1,0d86fac7bfec077c2afc48da,118.87199602197695,31.78936968814547,8
9152,江山星汉城,118.871563,31.791623,南京市江宁区天禄大道139号,江苏省,南京市,江宁区,1,0d86fac7bfec077c2afc48da,118.87261163074294,31.789977319332657,9
9152,江山星汉城,118.871563,31.791623,南京市江宁区天禄大道139号,江苏省,南京市,江宁区,1,0d86fac7bfec077c2afc48da,118.87323819883615,31.790625690125704,10
9152,江山星汉城,118.871563,31.791623,南京市江宁区天禄大道139号,江苏省,南京市,江宁区,1,0d86fac7bfec077c2afc48da,118.87273514775056,31.791201163314284,11
9152,江山星汉城,118.871563,31.791623,南京市江宁区天禄大道139号,江苏省,南京市,江宁区,1,0d86fac7bfec077c2afc48da,118.87358781934063,31.792637835522534,12
9152,江山星汉城,118.871563,31.791623,南京市江宁区天禄大道139号,江苏省,南京市,江宁区,1,0d86fac7bfec077c2afc48da,118.87279353760871,31.793130890334595,13
9152,江山星汉城,118.871563,31.791623,南京市江宁区天禄大道139号,江苏省,南京市,江宁区,1,0d86fac7bfec077c2afc48da,118.87180791680315,31.792945438812904,14
9152,江山星汉城,118.871563,31.791623,南京市江宁区天禄大道139号,江苏省,南京市,江宁区,1,0d86fac7bfec077c2afc48da,118.8714326047611,31.79318467657656,15
9152,江山星汉城,118.871563,31.791623,南京市江宁区天禄大道139号,江苏省,南京市,江宁区,1,0d86fac7bfec077c2afc48da,118.87034017543041,31.79237089733207,16
9157,金宁花园,118.782334,31.786138,金宁街与陶建路交叉口东100米,江苏省,南京市,江宁区,1,59d5692f832166cbacee7ac1,118.78222143579241,31.785738206262135,1
9157,金宁花园,118.782334,31.786138,金宁街与陶建路交叉口东100米,江苏省,南京市,江宁区,1,59d5692f832166cbacee7ac1,118.78287677567866,31.785872986078722,2
9157,金宁花园,118.782334,31.786138,金宁街与陶建路交叉口东100米,江苏省,南京市,江宁区,1,59d5692f832166cbacee7ac1,118.78288782461365,31.78587568188853,3
9157,金宁花园,118.782334,31.786138,金宁街与陶建路交叉口东100米,江苏省,南京市,江宁区,1,59d5692f832166cbacee7ac1,118.78289807841531,31.785880563866165,4
9157,金宁花园,118.782334,31.786138,金宁街与陶建路交叉口东100米,江苏省,南京市,江宁区,1,59d5692f832166cbacee7ac1,118.7829072383953,31.785887426712595,5
9157,金宁花园,118.782334,31.786138,金宁街与陶建路交叉口东100米,江苏省,南京市,江宁区,1,59d5692f832166cbacee7ac1,118.78291480681054,31.785896061610476,6
9157,金宁花园,118.782334,31.786138,金宁街与陶建路交叉口东100米,江苏省,南京市,江宁区,1,59d5692f832166cbacee7ac1,118.78292048487211,31.785906063241352,7
9157,金宁花园,118.782334,31.786138,金宁街与陶建路交叉口东100米,江苏省,南京市,江宁区,1,59d5692f832166cbacee7ac1,118.78292407327476,31.785916928028286,8
9157,金宁花园,118.782334,31.786138,金宁街与陶建路交叉口东100米,江苏省,南京市,江宁区,1,59d5692f832166cbacee7ac1,118.78292527327974,31.785928350661205,9
9157,金宁花园,118.782334,31.786138,金宁街与陶建路交叉口东100米,江苏省,南京市,江宁区,1,59d5692f832166cbacee7ac1,118.78289950899739,31.786348548353754,10
9157,金宁花园,118.782334,31.786138,金宁街与陶建路交叉口东100米,江苏省,南京市,江宁区,1,59d5692f832166cbacee7ac1,118.782896428706,31.786358395145935,11
9157,金宁花园,118.782334,31.786138,金宁街与陶建路交叉口东100米,江苏省,南京市,江宁区,1,59d5692f832166cbacee7ac1,118.78289125774508,31.78636710480696,12
9157,金宁花园,118.782334,31.786138,金宁街与陶建路交叉口东100米,江苏省,南京市,江宁区,1,59d5692f832166cbacee7ac1,118.78288409543758,31.78637427903318,13
9157,金宁花园,118.782334,31.786138,金宁街与陶建路交叉口东100米,江苏省,南京市,江宁区,1,59d5692f832166cbacee7ac1,118.78287543922374,31.786379526561316,14
9157,金宁花园,118.782334,31.786138,金宁街与陶建路交叉口东100米,江苏省,南京市,江宁区,1,59d5692f832166cbacee7ac1,118.78286240292795,31.78638309632992,15
9157,金宁花园,118.782334,31.786138,金宁街与陶建路交叉口东100米,江苏省,南京市,江宁区,1,59d5692f832166cbacee7ac1,118.78284876725218,31.786382354874288,16
9157,金宁花园,118.782334,31.786138,金宁街与陶建路交叉口东100米,江苏省,南京市,江宁区,1,59d5692f832166cbacee7ac1,118.78204997578943,31.786170087156137,17
9157,金宁花园,118.782334,31.786138,金宁街与陶建路交叉口东100米,江苏省,南京市,江宁区,1,59d5692f832166cbacee7ac1,118.78204081712099,31.78616472209137,18
9157,金宁花园,118.782334,31.786138,金宁街与陶建路交叉口东100米,江苏省,南京市,江宁区,1,59d5692f832166cbacee7ac1,118.78203324979538,31.786157385321296,19
9157,金宁花园,118.782334,31.786138,金宁街与陶建路交叉口东100米,江苏省,南京市,江宁区,1,59d5692f832166cbacee7ac1,118.78202757252971,31.78614838225649,20
9157,金宁花园,118.782334,31.786138,金宁街与陶建路交叉口东100米,江苏省,南京市,江宁区,1,59d5692f832166cbacee7ac1,118.78202428323677,31.786138321925435,21
9157,金宁花园,118.782334,31.786138,金宁街与陶建路交叉口东100米,江苏省,南京市,江宁区,1,59d5692f832166cbacee7ac1,118.78202348169224,31.786127706188875,22
9157,金宁花园,118.782334,31.786138,金宁街与陶建路交叉口东100米,江苏省,南京市,江宁区,1,59d5692f832166cbacee7ac1,118.78202536739539,31.786117438744938,23
9157,金宁花园,118.782334,31.786138,金宁街与陶建路交叉口东100米,江苏省,南京市,江宁区,1,59d5692f832166cbacee7ac1,118.78215427391628,31.785770207502985,24
9157,金宁花园,118.782334,31.786138,金宁街与陶建路交叉口东100米,江苏省,南京市,江宁区,1,59d5692f832166cbacee7ac1,118.78216014087174,31.785760311403443,25
9157,金宁花园,118.782334,31.786138,金宁街与陶建路交叉口东100米,江苏省,南京市,江宁区,1,59d5692f832166cbacee7ac1,118.7821677998344,31.78575164754713,26
9157,金宁花园,118.782334,31.786138,金宁街与陶建路交叉口东100米,江苏省,南京市,江宁区,1,59d5692f832166cbacee7ac1,118.78217695253,31.78574481065043,27
9157,金宁花园,118.782334,31.786138,金宁街与陶建路交叉口东100米,江苏省,南京市,江宁区,1,59d5692f832166cbacee7ac1,118.78218730039053,31.78573979535543,28
9157,金宁花园,118.782334,31.786138,金宁街与陶建路交叉口东100米,江苏省,南京市,江宁区,1,59d5692f832166cbacee7ac1,118.78219844552058,31.785736994573977,29
9157,金宁花园,118.782334,31.786138,金宁街与陶建路交叉口东100米,江苏省,南京市,江宁区,1,59d5692f832166cbacee7ac1,118.78220998987645,31.78573650118447,30
9157,金宁花园,118.782334,31.786138,金宁街与陶建路交叉口东100米,江苏省,南京市,江宁区,1,59d5692f832166cbacee7ac1,118.78222143579241,31.785738206262135,31
9158,陶茂小区,118.785903,31.782097,南京市江宁区陶禄路46号,江苏省,南京市,江宁区,1,e4976fabcaf96868b320a837,118.78486766378371,31.782509751812785,1
9158,陶茂小区,118.785903,31.782097,南京市江宁区陶禄路46号,江苏省,南京市,江宁区,1,e4976fabcaf96868b320a837,118.78537520639685,31.781443104061857,2
9158,陶茂小区,118.785903,31.782097,南京市江宁区陶禄路46号,江苏省,南京市,江宁区,1,e4976fabcaf96868b320a837,118.78595299650087,31.781626967394914,3
9158,陶茂小区,118.785903,31.782097,南京市江宁区陶禄路46号,江苏省,南京市,江宁区,1,e4976fabcaf96868b320a837,118.78592101682472,31.781768931735915,4
9158,陶茂小区,118.785903,31.782097,南京市江宁区陶禄路46号,江苏省,南京市,江宁区,1,e4976fabcaf96868b320a837,118.78601596771712,31.78178496985575,5
9158,陶茂小区,118.785903,31.782097,南京市江宁区陶禄路46号,江苏省,南京市,江宁区,1,e4976fabcaf96868b320a837,118.78629902378331,31.781987940076835,6
9158,陶茂小区,118.785903,31.782097,南京市江宁区陶禄路46号,江苏省,南京市,江宁区,1,e4976fabcaf96868b320a837,118.78657300696385,31.782088005381326,7
9158,陶茂小区,118.785903,31.782097,南京市江宁区陶禄路46号,江苏省,南京市,江宁区,1,e4976fabcaf96868b320a837,118.78622859663133,31.78283204581135,8
9158,陶茂小区,118.785903,31.782097,南京市江宁区陶禄路46号,江苏省,南京市,江宁区,1,e4976fabcaf96868b320a837,118.78486766378371,31.782509751812785,9
9160,同坤大厦,118.82857,31.786922,南京市江宁区信诚大道,江苏省,南京市,江宁区,1,93447d20dbeeec3bc16c14ed,118.82731949093005,31.785998653015337,1
9160,同坤大厦,118.82857,31.786922,南京市江宁区信诚大道,江苏省,南京市,江宁区,1,93447d20dbeeec3bc16c14ed,118.82761306345886,31.788183569782746,2
9160,同坤大厦,118.82857,31.786922,南京市江宁区信诚大道,江苏省,南京市,江宁区,1,93447d20dbeeec3bc16c14ed,118.82982459550571,31.78786417545839,3
9160,同坤大厦,118.82857,31.786922,南京市江宁区信诚大道,江苏省,南京市,江宁区,1,93447d20dbeeec3bc16c14ed,118.82952764175498,31.78566741275447,4
9160,同坤大厦,118.82857,31.786922,南京市江宁区信诚大道,江苏省,南京市,江宁区,1,93447d20dbeeec3bc16c14ed,118.82734580319674,31.785969635787975,5
9160,同坤大厦,118.82857,31.786922,南京市江宁区信诚大道,江苏省,南京市,江宁区,1,93447d20dbeeec3bc16c14ed,118.82732366176252,31.78599345091869,6
9160,同坤大厦,118.82857,31.786922,南京市江宁区信诚大道,江苏省,南京市,江宁区,1,93447d20dbeeec3bc16c14ed,118.82731949093005,31.785998653015337,7
9161,南京空港枢纽经济区临空创造中心,118.840485,31.783909,江苏省南京市江宁区丰盛医疗科技产业园北门(信诚大道南),江苏省,南京市,江宁区,1,a13ce4c5214e875eaecb668f,118.8397688887046,31.7846265860621,1
9161,南京空港枢纽经济区临空创造中心,118.840485,31.783909,江苏省南京市江宁区丰盛医疗科技产业园北门(信诚大道南),江苏省,南京市,江宁区,1,a13ce4c5214e875eaecb668f,118.84029444683475,31.784598987844902,2
9161,南京空港枢纽经济区临空创造中心,118.840485,31.783909,江苏省南京市江宁区丰盛医疗科技产业园北门(信诚大道南),江苏省,南京市,江宁区,1,a13ce4c5214e875eaecb668f,118.8411817606785,31.784613913424906,3
9161,南京空港枢纽经济区临空创造中心,118.840485,31.783909,江苏省南京市江宁区丰盛医疗科技产业园北门(信诚大道南),江苏省,南京市,江宁区,1,a13ce4c5214e875eaecb668f,118.84123745562012,31.783215745696996,4
9161,南京空港枢纽经济区临空创造中心,118.840485,31.783909,江苏省南京市江宁区丰盛医疗科技产业园北门(信诚大道南),江苏省,南京市,江宁区,1,a13ce4c5214e875eaecb668f,118.8397934268179,31.783201969858112,5
9161,南京空港枢纽经济区临空创造中心,118.840485,31.783909,江苏省南京市江宁区丰盛医疗科技产业园北门(信诚大道南),江苏省,南京市,江宁区,1,a13ce4c5214e875eaecb668f,118.83973270495865,31.78461224650966,6
9161,南京空港枢纽经济区临空创造中心,118.840485,31.783909,江苏省南京市江宁区丰盛医疗科技产业园北门(信诚大道南),江苏省,南京市,江宁区,1,a13ce4c5214e875eaecb668f,118.8397688887046,31.7846265860621,7
9163,朗诗青春街区,118.857931,31.782605,江苏省南京市江宁区路禄口镇来凤路18号(禄口派出所对面),江苏省,南京市,江宁区,1,ff70fe21e6d4ecaaa8f0cd81,118.85446918317176,31.78370476622297,1
9163,朗诗青春街区,118.857931,31.782605,江苏省南京市江宁区路禄口镇来凤路18号(禄口派出所对面),江苏省,南京市,江宁区,1,ff70fe21e6d4ecaaa8f0cd81,118.8543591407468,31.783562728147096,2
9163,朗诗青春街区,118.857931,31.782605,江苏省南京市江宁区路禄口镇来凤路18号(禄口派出所对面),江苏省,南京市,江宁区,1,ff70fe21e6d4ecaaa8f0cd81,118.85536524291797,31.781851501164926,3
9163,朗诗青春街区,118.857931,31.782605,江苏省南京市江宁区路禄口镇来凤路18号(禄口派出所对面),江苏省,南京市,江宁区,1,ff70fe21e6d4ecaaa8f0cd81,118.85735049809502,31.78193591221427,4
9163,朗诗青春街区,118.857931,31.782605,江苏省南京市江宁区路禄口镇来凤路18号(禄口派出所对面),江苏省,南京市,江宁区,1,ff70fe21e6d4ecaaa8f0cd81,118.85741337948072,31.78061602144847,5
9163,朗诗青春街区,118.857931,31.782605,江苏省南京市江宁区路禄口镇来凤路18号(禄口派出所对面),江苏省,南京市,江宁区,1,ff70fe21e6d4ecaaa8f0cd81,118.86005439768006,31.780669738304457,6
9163,朗诗青春街区,118.857931,31.782605,江苏省南京市江宁区路禄口镇来凤路18号(禄口派出所对面),江苏省,南京市,江宁区,1,ff70fe21e6d4ecaaa8f0cd81,118.86075507597783,31.783716199856446,7
9163,朗诗青春街区,118.857931,31.782605,江苏省南京市江宁区路禄口镇来凤路18号(禄口派出所对面),江苏省,南京市,江宁区,1,ff70fe21e6d4ecaaa8f0cd81,118.86046761821464,31.783969427614544,8
9163,朗诗青春街区,118.857931,31.782605,江苏省南京市江宁区路禄口镇来凤路18号(禄口派出所对面),江苏省,南京市,江宁区,1,ff70fe21e6d4ecaaa8f0cd81,118.85792226955212,31.784196641379598,9
9163,朗诗青春街区,118.857931,31.782605,江苏省南京市江宁区路禄口镇来凤路18号(禄口派出所对面),江苏省,南京市,江宁区,1,ff70fe21e6d4ecaaa8f0cd81,118.85681870123312,31.784154129964904,10
9163,朗诗青春街区,118.857931,31.782605,江苏省南京市江宁区路禄口镇来凤路18号(禄口派出所对面),江苏省,南京市,江宁区,1,ff70fe21e6d4ecaaa8f0cd81,118.85446918317176,31.78370476622297,11
9164,招商依云郡,118.853066,31.781935,江苏省南京市江宁区禄口街道鸣鹤路8号,江苏省,南京市,江宁区,1,a3983f4544a98d726140a90d,118.85120743586504,31.7834428665632,1
9164,招商依云郡,118.853066,31.781935,江苏省南京市江宁区禄口街道鸣鹤路8号,江苏省,南京市,江宁区,1,a3983f4544a98d726140a90d,118.85412297622823,31.783611992593833,2
9164,招商依云郡,118.853066,31.781935,江苏省南京市江宁区禄口街道鸣鹤路8号,江苏省,南京市,江宁区,1,a3983f4544a98d726140a90d,118.85511955636099,31.781770082797244,3
9164,招商依云郡,118.853066,31.781935,江苏省南京市江宁区禄口街道鸣鹤路8号,江苏省,南京市,江宁区,1,a3983f4544a98d726140a90d,118.85443235264586,31.781735550951204,4
9164,招商依云郡,118.853066,31.781935,江苏省南京市江宁区禄口街道鸣鹤路8号,江苏省,南京市,江宁区,1,a3983f4544a98d726140a90d,118.8544458272285,31.780603666567128,5
9164,招商依云郡,118.853066,31.781935,江苏省南京市江宁区禄口街道鸣鹤路8号,江苏省,南京市,江宁区,1,a3983f4544a98d726140a90d,118.85139608002213,31.78060358982873,6
9164,招商依云郡,118.853066,31.781935,江苏省南京市江宁区禄口街道鸣鹤路8号,江苏省,南京市,江宁区,1,a3983f4544a98d726140a90d,118.85128379183338,31.78069567586079,7
9164,招商依云郡,118.853066,31.781935,江苏省南京市江宁区禄口街道鸣鹤路8号,江苏省,南京市,江宁区,1,a3983f4544a98d726140a90d,118.85110413073139,31.783389151333843,8
9164,招商依云郡,118.853066,31.781935,江苏省南京市江宁区禄口街道鸣鹤路8号,江苏省,南京市,江宁区,1,a3983f4544a98d726140a90d,118.85120743586504,31.7834428665632,9
9165,百利华府,118.862262,31.782255,正阳路与茅亭路交叉口西南150米,江苏省,南京市,江宁区,1,ce1b2ae315c9210d4f6d469e,118.8634244330211,31.783754535207635,1
9165,百利华府,118.862262,31.782255,正阳路与茅亭路交叉口西南150米,江苏省,南京市,江宁区,1,ce1b2ae315c9210d4f6d469e,118.86398031255543,31.782361834986073,2
9165,百利华府,118.862262,31.782255,正阳路与茅亭路交叉口西南150米,江苏省,南京市,江宁区,1,ce1b2ae315c9210d4f6d469e,118.86119814720453,31.781478504151384,3
9165,百利华府,118.862262,31.782255,正阳路与茅亭路交叉口西南150米,江苏省,南京市,江宁区,1,ce1b2ae315c9210d4f6d469e,118.86059635797051,31.781764814773133,4
9165,百利华府,118.862262,31.782255,正阳路与茅亭路交叉口西南150米,江苏省,南京市,江宁区,1,ce1b2ae315c9210d4f6d469e,118.86071472768755,31.782331193159305,5
9165,百利华府,118.862262,31.782255,正阳路与茅亭路交叉口西南150米,江苏省,南京市,江宁区,1,ce1b2ae315c9210d4f6d469e,118.86107723079135,31.782254205783282,6
9165,百利华府,118.862262,31.782255,正阳路与茅亭路交叉口西南150米,江苏省,南京市,江宁区,1,ce1b2ae315c9210d4f6d469e,118.86121143314303,31.78229650774394,7
9165,百利华府,118.862262,31.782255,正阳路与茅亭路交叉口西南150米,江苏省,南京市,江宁区,1,ce1b2ae315c9210d4f6d469e,118.86142975551756,31.782371408837854,8
9165,百利华府,118.862262,31.782255,正阳路与茅亭路交叉口西南150米,江苏省,南京市,江宁区,1,ce1b2ae315c9210d4f6d469e,118.86235799885526,31.782704239648048,9
9165,百利华府,118.862262,31.782255,正阳路与茅亭路交叉口西南150米,江苏省,南京市,江宁区,1,ce1b2ae315c9210d4f6d469e,118.86248758212,31.78382583766276,10
9165,百利华府,118.862262,31.782255,正阳路与茅亭路交叉口西南150米,江苏省,南京市,江宁区,1,ce1b2ae315c9210d4f6d469e,118.8634244330211,31.783754535207635,11
9166,颐家春天花园,118.867872,31.787291,南京市江宁区来凤路3号,江苏省,南京市,江宁区,1,dffd631c2e3fc3bc38221c78,118.86810034047184,31.789130517142834,1
9166,颐家春天花园,118.867872,31.787291,南京市江宁区来凤路3号,江苏省,南京市,江宁区,1,dffd631c2e3fc3bc38221c78,118.86860994918763,31.78882435893216,2
9166,颐家春天花园,118.867872,31.787291,南京市江宁区来凤路3号,江苏省,南京市,江宁区,1,dffd631c2e3fc3bc38221c78,118.86820678967477,31.788379622023342,3
9166,颐家春天花园,118.867872,31.787291,南京市江宁区来凤路3号,江苏省,南京市,江宁区,1,dffd631c2e3fc3bc38221c78,118.86765064873354,31.787780727724265,4
9166,颐家春天花园,118.867872,31.787291,南京市江宁区来凤路3号,江苏省,南京市,江宁区,1,dffd631c2e3fc3bc38221c78,118.87042659242047,31.785496069215753,5
9166,颐家春天花园,118.867872,31.787291,南京市江宁区来凤路3号,江苏省,南京市,江宁区,1,dffd631c2e3fc3bc38221c78,118.86986551079895,31.78506359368637,6
9166,颐家春天花园,118.867872,31.787291,南京市江宁区来凤路3号,江苏省,南京市,江宁区,1,dffd631c2e3fc3bc38221c78,118.8696544090041,31.78522473633316,7
9166,颐家春天花园,118.867872,31.787291,南京市江宁区来凤路3号,江苏省,南京市,江宁区,1,dffd631c2e3fc3bc38221c78,118.86942084957151,31.785263103588225,8
9166,颐家春天花园,118.867872,31.787291,南京市江宁区来凤路3号,江苏省,南京市,江宁区,1,dffd631c2e3fc3bc38221c78,118.8690615273675,31.785531673923472,9
9166,颐家春天花园,118.867872,31.787291,南京市江宁区来凤路3号,江苏省,南京市,江宁区,1,dffd631c2e3fc3bc38221c78,118.86837899484102,31.78518237886491,10
9166,颐家春天花园,118.867872,31.787291,南京市江宁区来凤路3号,江苏省,南京市,江宁区,1,dffd631c2e3fc3bc38221c78,118.86784863526793,31.78602469027425,11
9166,颐家春天花园,118.867872,31.787291,南京市江宁区来凤路3号,江苏省,南京市,江宁区,1,dffd631c2e3fc3bc38221c78,118.86718020613796,31.786792255816426,12
9166,颐家春天花园,118.867872,31.787291,南京市江宁区来凤路3号,江苏省,南京市,江宁区,1,dffd631c2e3fc3bc38221c78,118.86619144126314,31.78810223584912,13
9166,颐家春天花园,118.867872,31.787291,南京市江宁区来凤路3号,江苏省,南京市,江宁区,1,dffd631c2e3fc3bc38221c78,118.86585008516934,31.788424510163402,14
9166,颐家春天花园,118.867872,31.787291,南京市江宁区来凤路3号,江苏省,南京市,江宁区,1,dffd631c2e3fc3bc38221c78,118.8657018647602,31.788696907806294,15
9166,颐家春天花园,118.867872,31.787291,南京市江宁区来凤路3号,江苏省,南京市,江宁区,1,dffd631c2e3fc3bc38221c78,118.86623635653864,31.78899999718874,16
9166,颐家春天花园,118.867872,31.787291,南京市江宁区来凤路3号,江苏省,南京市,江宁区,1,dffd631c2e3fc3bc38221c78,118.86674839067932,31.788996237351924,17
9166,颐家春天花园,118.867872,31.787291,南京市江宁区来凤路3号,江苏省,南京市,江宁区,1,dffd631c2e3fc3bc38221c78,118.86690110261601,31.789038439593142,18
9166,颐家春天花园,118.867872,31.787291,南京市江宁区来凤路3号,江苏省,南京市,江宁区,1,dffd631c2e3fc3bc38221c78,118.86704033997006,31.789191825393313,19
9166,颐家春天花园,118.867872,31.787291,南京市江宁区来凤路3号,江苏省,南京市,江宁区,1,dffd631c2e3fc3bc38221c78,118.86759728938625,31.789326104897352,20
9166,颐家春天花园,118.867872,31.787291,南京市江宁区来凤路3号,江苏省,南京市,江宁区,1,dffd631c2e3fc3bc38221c78,118.86769538434794,31.78900697974244,21
9166,颐家春天花园,118.867872,31.787291,南京市江宁区来凤路3号,江苏省,南京市,江宁区,1,dffd631c2e3fc3bc38221c78,118.86810034047184,31.789130517142834,22
9175,玺禄苑,118.87112,31.777873,南京市江宁区禄口街道信陵路59号,江苏省,南京市,江宁区,1,5e8d14adbd5245f5b65f1e49,118.87003484138756,31.77768740751499,1
9175,玺禄苑,118.87112,31.777873,南京市江宁区禄口街道信陵路59号,江苏省,南京市,江宁区,1,5e8d14adbd5245f5b65f1e49,118.87038221612828,31.777263259898675,2
9175,玺禄苑,118.87112,31.777873,南京市江宁区禄口街道信陵路59号,江苏省,南京市,江宁区,1,5e8d14adbd5245f5b65f1e49,118.87059592300909,31.77728405676083,3
9175,玺禄苑,118.87112,31.777873,南京市江宁区禄口街道信陵路59号,江苏省,南京市,江宁区,1,5e8d14adbd5245f5b65f1e49,118.8708478078741,31.777119523523044,4
9175,玺禄苑,118.87112,31.777873,南京市江宁区禄口街道信陵路59号,江苏省,南京市,江宁区,1,5e8d14adbd5245f5b65f1e49,118.87122060466075,31.77738428068713,5
9175,玺禄苑,118.87112,31.777873,南京市江宁区禄口街道信陵路59号,江苏省,南京市,江宁区,1,5e8d14adbd5245f5b65f1e49,118.87200231011552,31.777761539138442,6
9175,玺禄苑,118.87112,31.777873,南京市江宁区禄口街道信陵路59号,江苏省,南京市,江宁区,1,5e8d14adbd5245f5b65f1e49,118.87208917625834,31.7779790222507,7
9175,玺禄苑,118.87112,31.777873,南京市江宁区禄口街道信陵路59号,江苏省,南京市,江宁区,1,5e8d14adbd5245f5b65f1e49,118.87211891017073,31.778182384608975,8
9175,玺禄苑,118.87112,31.777873,南京市江宁区禄口街道信陵路59号,江苏省,南京市,江宁区,1,5e8d14adbd5245f5b65f1e49,118.87171018116368,31.77862364100338,9
9175,玺禄苑,118.87112,31.777873,南京市江宁区禄口街道信陵路59号,江苏省,南京市,江宁区,1,5e8d14adbd5245f5b65f1e49,118.87003484138756,31.77768740751499,10
9176,金禄雅居,118.871874,31.78354,南京市江宁区金禄路81号,江苏省,南京市,江宁区,1,937794d2154ac8440a5cb302,118.87182005560553,31.78352300686432,1
9176,金禄雅居,118.871874,31.78354,南京市江宁区金禄路81号,江苏省,南京市,江宁区,1,937794d2154ac8440a5cb302,118.87215672164625,31.783853802372356,2
9176,金禄雅居,118.871874,31.78354,南京市江宁区金禄路81号,江苏省,南京市,江宁区,1,937794d2154ac8440a5cb302,118.87237333095217,31.783681972080966,3
9176,金禄雅居,118.871874,31.78354,南京市江宁区金禄路81号,江苏省,南京市,江宁区,1,937794d2154ac8440a5cb302,118.87200173699661,31.783354925507982,4
9176,金禄雅居,118.871874,31.78354,南京市江宁区金禄路81号,江苏省,南京市,江宁区,1,937794d2154ac8440a5cb302,118.87182005560553,31.78352300686432,5
9178,文豪花园,118.881024,31.783142,南京市江宁区禄口街道天禄路508号,江苏省,南京市,江宁区,1,2e00c5dda060a41cd7851f78,118.88042401410212,31.78267895630347,1
9178,文豪花园,118.881024,31.783142,南京市江宁区禄口街道天禄路508号,江苏省,南京市,江宁区,1,2e00c5dda060a41cd7851f78,118.87966332899627,31.784181371036162,2
9178,文豪花园,118.881024,31.783142,南京市江宁区禄口街道天禄路508号,江苏省,南京市,江宁区,1,2e00c5dda060a41cd7851f78,118.8811019652705,31.784351953672715,3
9178,文豪花园,118.881024,31.783142,南京市江宁区禄口街道天禄路508号,江苏省,南京市,江宁区,1,2e00c5dda060a41cd7851f78,118.88124802974642,31.784177150589027,4
9178,文豪花园,118.881024,31.783142,南京市江宁区禄口街道天禄路508号,江苏省,南京市,江宁区,1,2e00c5dda060a41cd7851f78,118.88150198071409,31.783817951457955,5
9178,文豪花园,118.881024,31.783142,南京市江宁区禄口街道天禄路508号,江苏省,南京市,江宁区,1,2e00c5dda060a41cd7851f78,118.88200503179968,31.782490951294527,6
9178,文豪花园,118.881024,31.783142,南京市江宁区禄口街道天禄路508号,江苏省,南京市,江宁区,1,2e00c5dda060a41cd7851f78,118.88205901996082,31.782125990265065,7
9178,文豪花园,118.881024,31.783142,南京市江宁区禄口街道天禄路508号,江苏省,南京市,江宁区,1,2e00c5dda060a41cd7851f78,118.88214903017291,31.781899999159137,8
9178,文豪花园,118.881024,31.783142,南京市江宁区禄口街道天禄路508号,江苏省,南京市,江宁区,1,2e00c5dda060a41cd7851f78,118.88232716415554,31.78167937912049,9
9178,文豪花园,118.881024,31.783142,南京市江宁区禄口街道天禄路508号,江苏省,南京市,江宁区,1,2e00c5dda060a41cd7851f78,118.88198697585892,31.781577932093033,10
9178,文豪花园,118.881024,31.783142,南京市江宁区禄口街道天禄路508号,江苏省,南京市,江宁区,1,2e00c5dda060a41cd7851f78,118.88042401410212,31.78267895630347,11
9179,宁徽小园,118.608735,31.772477,南京市江宁区,江苏省,南京市,江宁区,1,f9eb9e5abaaa1f09b54f544f,118.6088641923331,31.772649923381227,1
9179,宁徽小园,118.608735,31.772477,南京市江宁区,江苏省,南京市,江宁区,1,f9eb9e5abaaa1f09b54f544f,118.60855427693215,31.772296895413493,2
9179,宁徽小园,118.608735,31.772477,南京市江宁区,江苏省,南京市,江宁区,1,f9eb9e5abaaa1f09b54f544f,118.60886536013027,31.771940796259106,3
9179,宁徽小园,118.608735,31.772477,南京市江宁区,江苏省,南京市,江宁区,1,f9eb9e5abaaa1f09b54f544f,118.60898384662703,31.771963052496805,4
9179,宁徽小园,118.608735,31.772477,南京市江宁区,江苏省,南京市,江宁区,1,f9eb9e5abaaa1f09b54f544f,118.60908427718304,31.771895593056236,5
9179,宁徽小园,118.608735,31.772477,南京市江宁区,江苏省,南京市,江宁区,1,f9eb9e5abaaa1f09b54f544f,118.60950198924519,31.772181777303786,6
9179,宁徽小园,118.608735,31.772477,南京市江宁区,江苏省,南京市,江宁区,1,f9eb9e5abaaa1f09b54f544f,118.60946156549724,31.77226619726504,7
9179,宁徽小园,118.608735,31.772477,南京市江宁区,江苏省,南京市,江宁区,1,f9eb9e5abaaa1f09b54f544f,118.60942563327684,31.772358291679513,8
9179,宁徽小园,118.608735,31.772477,南京市江宁区,江苏省,南京市,江宁区,1,f9eb9e5abaaa1f09b54f544f,118.60937173494624,31.772435036954185,9
9179,宁徽小园,118.608735,31.772477,南京市江宁区,江苏省,南京市,江宁区,1,f9eb9e5abaaa1f09b54f544f,118.60929088745034,31.772492595868002,10
9179,宁徽小园,118.608735,31.772477,南京市江宁区,江苏省,南京市,江宁区,1,f9eb9e5abaaa1f09b54f544f,118.60921902300954,31.77253096845712,11
9179,宁徽小园,118.608735,31.772477,南京市江宁区,江苏省,南京市,江宁区,1,f9eb9e5abaaa1f09b54f544f,118.6088641923331,31.772649923381227,12
9181,弘景新寓,118.788465,31.774459,南京市江宁区东方文理研修学院,江苏省,南京市,江宁区,1,a2d169d0ea5b781472455bea,118.78654858652857,31.774659855746215,1
9181,弘景新寓,118.788465,31.774459,南京市江宁区东方文理研修学院,江苏省,南京市,江宁区,1,a2d169d0ea5b781472455bea,118.79061520389426,31.775132999785967,2
9181,弘景新寓,118.788465,31.774459,南京市江宁区东方文理研修学院,江苏省,南京市,江宁区,1,a2d169d0ea5b781472455bea,118.79074482848105,31.774012806398588,3
9181,弘景新寓,118.788465,31.774459,南京市江宁区东方文理研修学院,江苏省,南京市,江宁区,1,a2d169d0ea5b781472455bea,118.78649195645092,31.773543969680105,4
9181,弘景新寓,118.788465,31.774459,南京市江宁区东方文理研修学院,江苏省,南京市,江宁区,1,a2d169d0ea5b781472455bea,118.78645610867123,31.773561387951556,5
9181,弘景新寓,118.788465,31.774459,南京市江宁区东方文理研修学院,江苏省,南京市,江宁区,1,a2d169d0ea5b781472455bea,118.78644813890475,31.77359625748458,6
9181,弘景新寓,118.788465,31.774459,南京市江宁区东方文理研修学院,江苏省,南京市,江宁区,1,a2d169d0ea5b781472455bea,118.78654858652857,31.774659855746215,7
9182,狮子山花苑-A区,118.78706,31.776182,南京市江宁区陶吴镇狮山路98号,江苏省,南京市,江宁区,1,e042e3324e0a13812cb17e0e,118.78737600225924,31.77752203085098,1
9182,狮子山花苑-A区,118.78706,31.776182,南京市江宁区陶吴镇狮山路98号,江苏省,南京市,江宁区,1,e042e3324e0a13812cb17e0e,118.78691786644914,31.77683888009356,2
9182,狮子山花苑-A区,118.78706,31.776182,南京市江宁区陶吴镇狮山路98号,江苏省,南京市,江宁区,1,e042e3324e0a13812cb17e0e,118.78645973063905,31.776915621614442,3
9182,狮子山花苑-A区,118.78706,31.776182,南京市江宁区陶吴镇狮山路98号,江苏省,南京市,江宁区,1,e042e3324e0a13812cb17e0e,118.78616328982076,31.77688883883096,4
9182,狮子山花苑-A区,118.78706,31.776182,南京市江宁区陶吴镇狮山路98号,江苏省,南京市,江宁区,1,e042e3324e0a13812cb17e0e,118.78600159482896,31.775100744167656,5
9182,狮子山花苑-A区,118.78706,31.776182,南京市江宁区陶吴镇狮山路98号,江苏省,南京市,江宁区,1,e042e3324e0a13812cb17e0e,118.78806320597437,31.77531946148296,6
9182,狮子山花苑-A区,118.78706,31.776182,南京市江宁区陶吴镇狮山路98号,江苏省,南京市,江宁区,1,e042e3324e0a13812cb17e0e,118.78808404666219,31.776407054356742,7
9182,狮子山花苑-A区,118.78706,31.776182,南京市江宁区陶吴镇狮山路98号,江苏省,南京市,江宁区,1,e042e3324e0a13812cb17e0e,118.78796888389581,31.77649361919577,8
9182,狮子山花苑-A区,118.78706,31.776182,南京市江宁区陶吴镇狮山路98号,江苏省,南京市,江宁区,1,e042e3324e0a13812cb17e0e,118.78797786695091,31.777103714810195,9
9182,狮子山花苑-A区,118.78706,31.776182,南京市江宁区陶吴镇狮山路98号,江苏省,南京市,江宁区,1,e042e3324e0a13812cb17e0e,118.7877654176978,31.777471151566676,10
9182,狮子山花苑-A区,118.78706,31.776182,南京市江宁区陶吴镇狮山路98号,江苏省,南京市,江宁区,1,e042e3324e0a13812cb17e0e,118.78737600225924,31.77752203085098,11
9183,狮子山花苑-B区,118.784774,31.774302,南京市江宁区狮山路,江苏省,南京市,江宁区,1,2ad32cc3d9d17ff29c95dea7,118.783537363154,31.774933674484103,1
9183,狮子山花苑-B区,118.784774,31.774302,南京市江宁区狮山路,江苏省,南京市,江宁区,1,2ad32cc3d9d17ff29c95dea7,118.78353889027336,31.774964064766156,2
9183,狮子山花苑-B区,118.784774,31.774302,南京市江宁区狮山路,江苏省,南京市,江宁区,1,2ad32cc3d9d17ff29c95dea7,118.7857610286134,31.774898986574065,3
9183,狮子山花苑-B区,118.784774,31.774302,南京市江宁区狮山路,江苏省,南京市,江宁区,1,2ad32cc3d9d17ff29c95dea7,118.7856209827844,31.773689966564387,4
9183,狮子山花苑-B区,118.784774,31.774302,南京市江宁区狮山路,江苏省,南京市,江宁区,1,2ad32cc3d9d17ff29c95dea7,118.78522258429071,31.773653743298976,5
9183,狮子山花苑-B区,118.784774,31.774302,南京市江宁区狮山路,江苏省,南京市,江宁区,1,2ad32cc3d9d17ff29c95dea7,118.78484026546568,31.773591350225608,6
9183,狮子山花苑-B区,118.784774,31.774302,南京市江宁区狮山路,江苏省,南京市,江宁区,1,2ad32cc3d9d17ff29c95dea7,118.7845058263243,31.773528036177833,7
9183,狮子山花苑-B区,118.784774,31.774302,南京市江宁区狮山路,江苏省,南京市,江宁区,1,2ad32cc3d9d17ff29c95dea7,118.7842812499468,31.773533792002162,8
9183,狮子山花苑-B区,118.784774,31.774302,南京市江宁区狮山路,江苏省,南京市,江宁区,1,2ad32cc3d9d17ff29c95dea7,118.78417129735239,31.773579915328096,9
9183,狮子山花苑-B区,118.784774,31.774302,南京市江宁区狮山路,江苏省,南京市,江宁区,1,2ad32cc3d9d17ff29c95dea7,118.78390054807167,31.77367599912053,10
9183,狮子山花苑-B区,118.784774,31.774302,南京市江宁区狮山路,江苏省,南京市,江宁区,1,2ad32cc3d9d17ff29c95dea7,118.78382248532286,31.773741845622954,11
9183,狮子山花苑-B区,118.784774,31.774302,南京市江宁区狮山路,江苏省,南京市,江宁区,1,2ad32cc3d9d17ff29c95dea7,118.78380182429613,31.77382472926502,12
9183,狮子山花苑-B区,118.784774,31.774302,南京市江宁区狮山路,江苏省,南京市,江宁区,1,2ad32cc3d9d17ff29c95dea7,118.78386147178199,31.77400814742854,13
9183,狮子山花苑-B区,118.784774,31.774302,南京市江宁区狮山路,江苏省,南京市,江宁区,1,2ad32cc3d9d17ff29c95dea7,118.78394752944985,31.77418158853403,14
9183,狮子山花苑-B区,118.784774,31.774302,南京市江宁区狮山路,江苏省,南京市,江宁区,1,2ad32cc3d9d17ff29c95dea7,118.78396100403249,31.77427866936345,15
9183,狮子山花苑-B区,118.784774,31.774302,南京市江宁区狮山路,江苏省,南京市,江宁区,1,2ad32cc3d9d17ff29c95dea7,118.78393872605585,31.774415886992713,16
9183,狮子山花苑-B区,118.784774,31.774302,南京市江宁区狮山路,江苏省,南京市,江宁区,1,2ad32cc3d9d17ff29c95dea7,118.7838781802645,31.774594008675763,17
9183,狮子山花苑-B区,118.784774,31.774302,南京市江宁区狮山路,江苏省,南京市,江宁区,1,2ad32cc3d9d17ff29c95dea7,118.78375394461246,31.77470705168404,18
9183,狮子山花苑-B区,118.784774,31.774302,南京市江宁区狮山路,江苏省,南京市,江宁区,1,2ad32cc3d9d17ff29c95dea7,118.783537363154,31.774933674484103,19
9184,大学生公寓,118.791605,31.778758,南京市江宁区石坝路与西坝路交叉路口往东南约180米,江苏省,南京市,江宁区,1,4c7cef0e16a441f25fbe860e,118.79298037492913,31.780218757615273,1
9184,大学生公寓,118.791605,31.778758,南京市江宁区石坝路与西坝路交叉路口往东南约180米,江苏省,南京市,江宁区,1,4c7cef0e16a441f25fbe860e,118.79309187530394,31.77947206670956,2
9184,大学生公寓,118.791605,31.778758,南京市江宁区石坝路与西坝路交叉路口往东南约180米,江苏省,南京市,江宁区,1,4c7cef0e16a441f25fbe860e,118.79226857740574,31.779384912871105,3
9184,大学生公寓,118.791605,31.778758,南京市江宁区石坝路与西坝路交叉路口往东南约180米,江苏省,南京市,江宁区,1,4c7cef0e16a441f25fbe860e,118.79254144758576,31.777486276837408,4
9184,大学生公寓,118.791605,31.778758,南京市江宁区石坝路与西坝路交叉路口往东南约180米,江苏省,南京市,江宁区,1,4c7cef0e16a441f25fbe860e,118.79073973778374,31.777275710926897,5
9184,大学生公寓,118.791605,31.778758,南京市江宁区石坝路与西坝路交叉路口往东南约180米,江苏省,南京市,江宁区,1,4c7cef0e16a441f25fbe860e,118.79038238736034,31.779929855443047,6
9184,大学生公寓,118.791605,31.778758,南京市江宁区石坝路与西坝路交叉路口往东南约180米,江苏省,南京市,江宁区,1,4c7cef0e16a441f25fbe860e,118.79298037492913,31.780218757615273,7
9185,学府佳园,118.791832,31.77968,石坝路与西坝路交叉口东南100米,江苏省,南京市,江宁区,1,28124de81deaa93983a00c68,118.79316360499891,31.779479902563917,1
9185,学府佳园,118.791832,31.77968,石坝路与西坝路交叉口东南100米,江苏省,南京市,江宁区,1,28124de81deaa93983a00c68,118.79058852242402,31.77920064767923,2
9185,学府佳园,118.791832,31.77968,石坝路与西坝路交叉口东南100米,江苏省,南京市,江宁区,1,28124de81deaa93983a00c68,118.79050893255582,31.779872576925854,3
9185,学府佳园,118.791832,31.77968,石坝路与西坝路交叉口东南100米,江苏省,南京市,江宁区,1,28124de81deaa93983a00c68,118.79160899748335,31.78001247203636,4
9185,学府佳园,118.791832,31.77968,石坝路与西坝路交叉口东南100米,江苏省,南京市,江宁区,1,28124de81deaa93983a00c68,118.79303999816074,31.78016794490353,5
9185,学府佳园,118.791832,31.77968,石坝路与西坝路交叉口东南100米,江苏省,南京市,江宁区,1,28124de81deaa93983a00c68,118.79316360499891,31.779479902563917,6
9186,百丽明珠花园,118.861132,31.775735,南京市江宁区禄口街道信陵路448号,江苏省,南京市,江宁区,1,fe88f13d6f4a9e9b364aae42,118.8616730543785,31.7763842620052,1
9186,百丽明珠花园,118.861132,31.775735,南京市江宁区禄口街道信陵路448号,江苏省,南京市,江宁区,1,fe88f13d6f4a9e9b364aae42,118.86124186773371,31.776491854133376,2
9186,百丽明珠花园,118.861132,31.775735,南京市江宁区禄口街道信陵路448号,江苏省,南京市,江宁区,1,fe88f13d6f4a9e9b364aae42,118.86031661305843,31.776407438066318,3
9186,百丽明珠花园,118.861132,31.775735,南京市江宁区禄口街道信陵路448号,江苏省,南京市,江宁区,1,fe88f13d6f4a9e9b364aae42,118.86021330792478,31.775755129470298,4
9186,百丽明珠花园,118.861132,31.775735,南京市江宁区禄口街道信陵路448号,江苏省,南京市,江宁区,1,fe88f13d6f4a9e9b364aae42,118.86059957929407,31.774999213110107,5
9186,百丽明珠花园,118.861132,31.775735,南京市江宁区禄口街道信陵路448号,江苏省,南京市,江宁区,1,fe88f13d6f4a9e9b364aae42,118.86075229123077,31.774742123383298,6
9186,百丽明珠花园,118.861132,31.775735,南京市江宁区禄口街道信陵路448号,江苏省,南京市,江宁区,1,fe88f13d6f4a9e9b364aae42,118.86196500366924,31.77511425093629,7
9186,百丽明珠花园,118.861132,31.775735,南京市江宁区禄口街道信陵路448号,江苏省,南京市,江宁区,1,fe88f13d6f4a9e9b364aae42,118.86187517311824,31.775520987922445,8
9186,百丽明珠花园,118.861132,31.775735,南京市江宁区禄口街道信陵路448号,江苏省,南京市,江宁区,1,fe88f13d6f4a9e9b364aae42,118.86189763075599,31.775943071564534,9
9186,百丽明珠花园,118.861132,31.775735,南京市江宁区禄口街道信陵路448号,江苏省,南京市,江宁区,1,fe88f13d6f4a9e9b364aae42,118.8616730543785,31.7763842620052,10
9187,百利华府-三期,118.861143,31.77982,南京市江宁区来凤路29号,江苏省,南京市,江宁区,1,6fb1212a5c036a66c7effb16,118.86215797765888,31.780060861344676,1
9187,百利华府-三期,118.861143,31.77982,南京市江宁区来凤路29号,江苏省,南京市,江宁区,1,6fb1212a5c036a66c7effb16,118.86235209249654,31.7796010216425,2
9187,百利华府-三期,118.861143,31.77982,南京市江宁区来凤路29号,江苏省,南京市,江宁区,1,6fb1212a5c036a66c7effb16,118.86118357040101,31.77924542943049,3
9187,百利华府-三期,118.861143,31.77982,南京市江宁区来凤路29号,江苏省,南京市,江宁区,1,6fb1212a5c036a66c7effb16,118.85994961034233,31.77893352957075,4
9187,百利华府-三期,118.861143,31.77982,南京市江宁区来凤路29号,江苏省,南京市,江宁区,1,6fb1212a5c036a66c7effb16,118.86022832849122,31.78016586850604,5
9187,百利华府-三期,118.861143,31.77982,南京市江宁区来凤路29号,江苏省,南京市,江宁区,1,6fb1212a5c036a66c7effb16,118.86040660979594,31.780148798119562,6
9187,百利华府-三期,118.861143,31.77982,南京市江宁区来凤路29号,江苏省,南京市,江宁区,1,6fb1212a5c036a66c7effb16,118.86059189788365,31.780142717568662,7
9187,百利华府-三期,118.861143,31.77982,南京市江宁区来凤路29号,江苏省,南京市,江宁区,1,6fb1212a5c036a66c7effb16,118.86072810884644,31.78015994481033,8
9187,百利华府-三期,118.861143,31.77982,南京市江宁区来凤路29号,江苏省,南京市,江宁区,1,6fb1212a5c036a66c7effb16,118.86093043689137,31.780280835075704,9
9187,百利华府-三期,118.861143,31.77982,南京市江宁区来凤路29号,江苏省,南京市,江宁区,1,6fb1212a5c036a66c7effb16,118.86106366727647,31.780436130374746,10
9187,百利华府-三期,118.861143,31.77982,南京市江宁区来凤路29号,江苏省,南京市,江宁区,1,6fb1212a5c036a66c7effb16,118.86117885789032,31.780550533268244,11
9187,百利华府-三期,118.861143,31.77982,南京市江宁区来凤路29号,江苏省,南京市,江宁区,1,6fb1212a5c036a66c7effb16,118.86144726349194,31.780707182848115,12
9187,百利华府-三期,118.861143,31.77982,南京市江宁区来凤路29号,江苏省,南京市,江宁区,1,6fb1212a5c036a66c7effb16,118.86160949207722,31.780771397368202,13
9187,百利华府-三期,118.861143,31.77982,南京市江宁区来凤路29号,江苏省,南京市,江宁区,1,6fb1212a5c036a66c7effb16,118.86167057056376,31.78077310640593,14
9187,百利华府-三期,118.861143,31.77982,南京市江宁区来凤路29号,江苏省,南京市,江宁区,1,6fb1212a5c036a66c7effb16,118.86173364688175,31.78076180869215,15
9187,百利华府-三期,118.861143,31.77982,南京市江宁区来凤路29号,江苏省,南京市,江宁区,1,6fb1212a5c036a66c7effb16,118.86178270334565,31.780745579161344,16
9187,百利华府-三期,118.861143,31.77982,南京市江宁区来凤路29号,江苏省,南京市,江宁区,1,6fb1212a5c036a66c7effb16,118.86182774977375,31.78071136899967,17
9187,百利华府-三期,118.861143,31.77982,南京市江宁区来凤路29号,江苏省,南京市,江宁区,1,6fb1212a5c036a66c7effb16,118.86190580982765,31.780578004245452,18
9187,百利华府-三期,118.861143,31.77982,南京市江宁区来凤路29号,江苏省,南京市,江宁区,1,6fb1212a5c036a66c7effb16,118.86215797765888,31.780060861344676,19
9188,祥福乐园,118.866023,31.778196,南京市江宁区正阳路175号,江苏省,南京市,江宁区,1,a58e75398a23dfbe48cc4ab9,118.86516229216579,31.780212350085318,1
9188,祥福乐园,118.866023,31.778196,南京市江宁区正阳路175号,江苏省,南京市,江宁区,1,a58e75398a23dfbe48cc4ab9,118.86786953793884,31.780986235922253,2
9188,祥福乐园,118.866023,31.778196,南京市江宁区正阳路175号,江苏省,南京市,江宁区,1,a58e75398a23dfbe48cc4ab9,118.86834210412864,31.780039876335415,3
9188,祥福乐园,118.866023,31.778196,南京市江宁区正阳路175号,江苏省,南京市,江宁区,1,a58e75398a23dfbe48cc4ab9,118.86836199440926,31.779585884289233,4
9188,祥福乐园,118.866023,31.778196,南京市江宁区正阳路175号,江苏省,南京市,江宁区,1,a58e75398a23dfbe48cc4ab9,118.86869372785442,31.779093490086684,5
9188,祥福乐园,118.866023,31.778196,南京市江宁区正阳路175号,江苏省,南京市,江宁区,1,a58e75398a23dfbe48cc4ab9,118.86972983163302,31.777899102792293,6
9188,祥福乐园,118.866023,31.778196,南京市江宁区正阳路175号,江苏省,南京市,江宁区,1,a58e75398a23dfbe48cc4ab9,118.86710697088294,31.776460362575175,7
9188,祥福乐园,118.866023,31.778196,南京市江宁区正阳路175号,江苏省,南京市,江宁区,1,a58e75398a23dfbe48cc4ab9,118.8666460045122,31.776384227701556,8
9188,祥福乐园,118.866023,31.778196,南京市江宁区正阳路175号,江苏省,南京市,江宁区,1,a58e75398a23dfbe48cc4ab9,118.86516229216579,31.780212350085318,9
9191,里外城,118.875079,31.779838,南京市江宁区禄口街道金石路99号,江苏省,南京市,江宁区,1,79ebea940397e00dbd484237,118.87377759446437,31.77906137867562,1
9191,里外城,118.875079,31.779838,南京市江宁区禄口街道金石路99号,江苏省,南京市,江宁区,1,79ebea940397e00dbd484237,118.87348124527323,31.779645406533053,2
9191,里外城,118.875079,31.779838,南京市江宁区禄口街道金石路99号,江苏省,南京市,江宁区,1,79ebea940397e00dbd484237,118.87589071624431,31.781365090108842,3
9191,里外城,118.875079,31.779838,南京市江宁区禄口街道金石路99号,江苏省,南京市,江宁区,1,79ebea940397e00dbd484237,118.87628067605603,31.78099955120563,4
9191,里外城,118.875079,31.779838,南京市江宁区禄口街道金石路99号,江苏省,南京市,江宁区,1,79ebea940397e00dbd484237,118.87639036454864,31.78084754524715,5
9191,里外城,118.875079,31.779838,南京市江宁区禄口街道金石路99号,江苏省,南京市,江宁区,1,79ebea940397e00dbd484237,118.87650106543154,31.78075356331857,6
9191,里外城,118.875079,31.779838,南京市江宁区禄口街道金石路99号,江苏省,南京市,江宁区,1,79ebea940397e00dbd484237,118.87667659253158,31.780633201176776,7
9191,里外城,118.875079,31.779838,南京市江宁区禄口街道金石路99号,江苏省,南京市,江宁区,1,79ebea940397e00dbd484237,118.87493717482684,31.778332947975866,8
9191,里外城,118.875079,31.779838,南京市江宁区禄口街道金石路99号,江苏省,南京市,江宁区,1,79ebea940397e00dbd484237,118.87424464236342,31.778686679715964,9
9191,里外城,118.875079,31.779838,南京市江宁区禄口街道金石路99号,江苏省,南京市,江宁区,1,79ebea940397e00dbd484237,118.87377759446437,31.77906137867562,10
9193,永欣新寓百合苑,118.877314,31.771685,南京市江宁区禄口大街188号,江苏省,南京市,江宁区,1,a1a167c07eb3405fede4a5cf,118.87522452748829,31.773114261835286,1
9193,永欣新寓百合苑,118.877314,31.771685,南京市江宁区禄口大街188号,江苏省,南京市,江宁区,1,a1a167c07eb3405fede4a5cf,118.87588303213899,31.773133847150614,2
9193,永欣新寓百合苑,118.877314,31.771685,南京市江宁区禄口大街188号,江苏省,南京市,江宁区,1,a1a167c07eb3405fede4a5cf,118.87741809342496,31.77374530240954,3
9193,永欣新寓百合苑,118.877314,31.771685,南京市江宁区禄口大街188号,江苏省,南京市,江宁区,1,a1a167c07eb3405fede4a5cf,118.87844539380957,31.772411135182505,4
9193,永欣新寓百合苑,118.877314,31.771685,南京市江宁区禄口大街188号,江苏省,南京市,江宁区,1,a1a167c07eb3405fede4a5cf,118.87881528906941,31.772479224398325,5
9193,永欣新寓百合苑,118.877314,31.771685,南京市江宁区禄口大街188号,江苏省,南京市,江宁区,1,a1a167c07eb3405fede4a5cf,118.87930192901163,31.771822804110652,6
9193,永欣新寓百合苑,118.877314,31.771685,南京市江宁区禄口大街188号,江苏省,南京市,江宁区,1,a1a167c07eb3405fede4a5cf,118.87997601027988,31.770882846900232,7
9193,永欣新寓百合苑,118.877314,31.771685,南京市江宁区禄口大街188号,江苏省,南京市,江宁区,1,a1a167c07eb3405fede4a5cf,118.87977770215211,31.770670475002216,8
9193,永欣新寓百合苑,118.877314,31.771685,南京市江宁区禄口大街188号,江苏省,南京市,江宁区,1,a1a167c07eb3405fede4a5cf,118.87828539481858,31.7700925377549,9
9193,永欣新寓百合苑,118.877314,31.771685,南京市江宁区禄口大街188号,江苏省,南京市,江宁区,1,a1a167c07eb3405fede4a5cf,118.87710378531008,31.769628398955156,10
9193,永欣新寓百合苑,118.877314,31.771685,南京市江宁区禄口大街188号,江苏省,南京市,江宁区,1,a1a167c07eb3405fede4a5cf,118.87664877111165,31.77024397298871,11
9193,永欣新寓百合苑,118.877314,31.771685,南京市江宁区禄口大街188号,江苏省,南京市,江宁区,1,a1a167c07eb3405fede4a5cf,118.87631649239502,31.770619860142176,12
9193,永欣新寓百合苑,118.877314,31.771685,南京市江宁区禄口大街188号,江苏省,南京市,江宁区,1,a1a167c07eb3405fede4a5cf,118.87599515773444,31.77104593791686,13
9193,永欣新寓百合苑,118.877314,31.771685,南京市江宁区禄口大街188号,江苏省,南京市,江宁区,1,a1a167c07eb3405fede4a5cf,118.875738669952,31.77142666898626,14
9193,永欣新寓百合苑,118.877314,31.771685,南京市江宁区禄口大街188号,江苏省,南京市,江宁区,1,a1a167c07eb3405fede4a5cf,118.8752457733119,31.771454512769463,15
9193,永欣新寓百合苑,118.877314,31.771685,南京市江宁区禄口大街188号,江苏省,南京市,江宁区,1,a1a167c07eb3405fede4a5cf,118.8746948551189,31.77188809991331,16
9193,永欣新寓百合苑,118.877314,31.771685,南京市江宁区禄口大街188号,江苏省,南京市,江宁区,1,a1a167c07eb3405fede4a5cf,118.87505301761048,31.772337900909694,17
9193,永欣新寓百合苑,118.877314,31.771685,南京市江宁区禄口大街188号,江苏省,南京市,江宁区,1,a1a167c07eb3405fede4a5cf,118.87520362302077,31.772758104078413,18
9193,永欣新寓百合苑,118.877314,31.771685,南京市江宁区禄口大街188号,江苏省,南京市,江宁区,1,a1a167c07eb3405fede4a5cf,118.87522452748829,31.773114261835286,19
9196,东日生华,118.678052,31.767021,南京市江宁区江横线,江苏省,南京市,江宁区,1,d24e48eb49308cb4afee7a78,118.67750200957005,31.767418984079082,1
9196,东日生华,118.678052,31.767021,南京市江宁区江横线,江苏省,南京市,江宁区,1,d24e48eb49308cb4afee7a78,118.67804503525083,31.767457972788527,2
9196,东日生华,118.678052,31.767021,南京市江宁区江横线,江苏省,南京市,江宁区,1,d24e48eb49308cb4afee7a78,118.67922999004904,31.767425968278243,3
9196,东日生华,118.678052,31.767021,南京市江宁区江横线,江苏省,南京市,江宁区,1,d24e48eb49308cb4afee7a78,118.67924301547895,31.766816959459685,4
9196,东日生华,118.678052,31.767021,南京市江宁区江横线,江苏省,南京市,江宁区,1,d24e48eb49308cb4afee7a78,118.67676297362699,31.76638999850068,5
9196,东日生华,118.678052,31.767021,南京市江宁区江横线,江苏省,南京市,江宁区,1,d24e48eb49308cb4afee7a78,118.67671096173797,31.766609964614403,6
9196,东日生华,118.678052,31.767021,南京市江宁区江横线,江苏省,南京市,江宁区,1,d24e48eb49308cb4afee7a78,118.67676998040997,31.76673199722715,7
9196,东日生华,118.678052,31.767021,南京市江宁区江横线,江苏省,南京市,江宁区,1,d24e48eb49308cb4afee7a78,118.67734103322266,31.76733793662997,8
9196,东日生华,118.678052,31.767021,南京市江宁区江横线,江苏省,南京市,江宁区,1,d24e48eb49308cb4afee7a78,118.67750200957005,31.767418984079082,9
9198,江宁台湾农民创业园,118.78677,31.766855,科一路与002县道交叉口西南50米,江苏省,南京市,江宁区,1,2172a0f01d7abf93c056acd8,118.7877238611866,31.76846825502991,1
9198,江宁台湾农民创业园,118.78677,31.766855,科一路与002县道交叉口西南50米,江苏省,南京市,江宁区,1,2172a0f01d7abf93c056acd8,118.78932669333517,31.76619634115578,2
9198,江宁台湾农民创业园,118.78677,31.766855,科一路与002县道交叉口西南50米,江苏省,南京市,江宁区,1,2172a0f01d7abf93c056acd8,118.78672994363137,31.765079561539167,3
9198,江宁台湾农民创业园,118.78677,31.766855,科一路与002县道交叉口西南50米,江苏省,南京市,江宁区,1,2172a0f01d7abf93c056acd8,118.78513969584469,31.765506312473192,4
9198,江宁台湾农民创业园,118.78677,31.766855,科一路与002县道交叉口西南50米,江苏省,南京市,江宁区,1,2172a0f01d7abf93c056acd8,118.78476803721114,31.768331693979892,5
9198,江宁台湾农民创业园,118.78677,31.766855,科一路与002县道交叉口西南50米,江苏省,南京市,江宁区,1,2172a0f01d7abf93c056acd8,118.78765228150866,31.768494681245667,6
9198,江宁台湾农民创业园,118.78677,31.766855,科一路与002县道交叉口西南50米,江苏省,南京市,江宁区,1,2172a0f01d7abf93c056acd8,118.7877238611866,31.76846825502991,7
9199,平安科技园,118.840424,31.765731,南京市江宁区,江苏省,南京市,江宁区,1,f924a2e3089c7df431f71dee,118.83901464534755,31.76630549637452,1
9199,平安科技园,118.840424,31.765731,南京市江宁区,江苏省,南京市,江宁区,1,f924a2e3089c7df431f71dee,118.83986354405448,31.764578596618943,2
9199,平安科技园,118.840424,31.765731,南京市江宁区,江苏省,南京市,江宁区,1,f924a2e3089c7df431f71dee,118.84189820603459,31.76522330966797,3
9199,平安科技园,118.840424,31.765731,南京市江宁区,江苏省,南京市,江宁区,1,f924a2e3089c7df431f71dee,118.8409729513593,31.766796697470994,4
9199,平安科技园,118.840424,31.765731,南京市江宁区,江苏省,南京市,江宁区,1,f924a2e3089c7df431f71dee,118.84029571883534,31.76670597896675,5
9199,平安科技园,118.840424,31.765731,南京市江宁区,江苏省,南京市,江宁区,1,f924a2e3089c7df431f71dee,118.83901464534755,31.76630549637452,6
9200,海棠苑,118.867585,31.766933,江苏省南京市江宁区海棠苑(正阳路西310米),江苏省,南京市,江宁区,1,86848a3b80da22e9067ce820,118.86421148608859,31.76695556976209,1
9200,海棠苑,118.867585,31.766933,江苏省南京市江宁区海棠苑(正阳路西310米),江苏省,南京市,江宁区,1,86848a3b80da22e9067ce820,118.86513251872796,31.765101965808476,2
9200,海棠苑,118.867585,31.766933,江苏省南京市江宁区海棠苑(正阳路西310米),江苏省,南京市,江宁区,1,86848a3b80da22e9067ce820,118.86799910144084,31.765921820436443,3
9200,海棠苑,118.867585,31.766933,江苏省南京市江宁区海棠苑(正阳路西310米),江苏省,南京市,江宁区,1,86848a3b80da22e9067ce820,118.87089550789666,31.766985809191116,4
9200,海棠苑,118.867585,31.766933,江苏省南京市江宁区海棠苑(正阳路西310米),江苏省,南京市,江宁区,1,86848a3b80da22e9067ce820,118.87119608092031,31.767147060394162,5
9200,海棠苑,118.867585,31.766933,江苏省南京市江宁区海棠苑(正阳路西310米),江苏省,南京市,江宁区,1,86848a3b80da22e9067ce820,118.87065682812268,31.76817204653263,6
9200,海棠苑,118.867585,31.766933,江苏省南京市江宁区海棠苑(正阳路西310米),江苏省,南京市,江宁区,1,86848a3b80da22e9067ce820,118.8699202176045,31.767922612548958,7
9200,海棠苑,118.867585,31.766933,江苏省南京市江宁区海棠苑(正阳路西310米),江苏省,南京市,江宁区,1,86848a3b80da22e9067ce820,118.86985284469125,31.76787656312387,8
9200,海棠苑,118.867585,31.766933,江苏省南京市江宁区海棠苑(正阳路西310米),江苏省,南京市,江宁区,1,86848a3b80da22e9067ce820,118.86961030220355,31.767792139117777,9
9200,海棠苑,118.867585,31.766933,江苏省南京市江宁区海棠苑(正阳路西310米),江苏省,南京市,江宁区,1,86848a3b80da22e9067ce820,118.86914632740765,31.768751728487892,10
9200,海棠苑,118.867585,31.766933,江苏省南京市江宁区海棠苑(正阳路西310米),江苏省,南京市,江宁区,1,86848a3b80da22e9067ce820,118.86421148608859,31.76695556976209,11
9201,紫荆苑,118.866724,31.769329,江苏省南京市江宁区禄口街道高伏社区大伏译路紫荆苑,江苏省,南京市,江宁区,1,064b39ca79dd45ee2fb96dbb,118.86528037981492,31.77022021922776,1
9201,紫荆苑,118.866724,31.769329,江苏省南京市江宁区禄口街道高伏社区大伏译路紫荆苑,江苏省,南京市,江宁区,1,064b39ca79dd45ee2fb96dbb,118.86523546453941,31.77010893586821,2
9201,紫荆苑,118.866724,31.769329,江苏省南京市江宁区禄口街道高伏社区大伏译路紫荆苑,江苏省,南京市,江宁区,1,064b39ca79dd45ee2fb96dbb,118.86532080356287,31.76993241715856,3
9201,紫荆苑,118.866724,31.769329,江苏省南京市江宁区禄口街道高伏社区大伏译路紫荆苑,江苏省,南京市,江宁区,1,064b39ca79dd45ee2fb96dbb,118.86515012551597,31.769824970820967,4
9201,紫荆苑,118.866724,31.769329,江苏省南京市江宁区禄口街道高伏社区大伏译路紫荆苑,江苏省,南京市,江宁区,1,064b39ca79dd45ee2fb96dbb,118.86446292180084,31.76941437115576,5
9201,紫荆苑,118.866724,31.769329,江苏省南京市江宁区禄口街道高伏社区大伏译路紫荆苑,江苏省,南京市,江宁区,1,064b39ca79dd45ee2fb96dbb,118.8642697861162,31.769141916156702,6
9201,紫荆苑,118.866724,31.769329,江苏省南京市江宁区禄口街道高伏社区大伏译路紫荆苑,江苏省,南京市,江宁区,1,064b39ca79dd45ee2fb96dbb,118.86400478599074,31.768969232991324,7
9201,紫荆苑,118.866724,31.769329,江苏省南京市江宁区禄口街道高伏社区大伏译路紫荆苑,江苏省,南京市,江宁区,1,064b39ca79dd45ee2fb96dbb,118.86354665018065,31.768616190840365,8
9201,紫荆苑,118.866724,31.769329,江苏省南京市江宁区禄口街道高伏社区大伏译路紫荆苑,江苏省,南京市,江宁区,1,064b39ca79dd45ee2fb96dbb,118.86371732822755,31.76814418670906,9
9201,紫荆苑,118.866724,31.769329,江苏省南京市江宁区禄口街道高伏社区大伏译路紫荆苑,江苏省,南京市,江宁区,1,064b39ca79dd45ee2fb96dbb,118.8636858875347,31.768006038698456,10
9201,紫荆苑,118.866724,31.769329,江苏省南京市江宁区禄口街道高伏社区大伏译路紫荆苑,江苏省,南京市,江宁区,1,064b39ca79dd45ee2fb96dbb,118.8639463961326,31.767491819272838,11
9201,紫荆苑,118.866724,31.769329,江苏省南京市江宁区禄口街道高伏社区大伏译路紫荆苑,江苏省,南京市,江宁区,1,064b39ca79dd45ee2fb96dbb,118.86368139600715,31.767388207546713,12
9201,紫荆苑,118.866724,31.769329,江苏省南京市江宁区禄口街道高伏社区大伏译路紫荆苑,江苏省,南京市,江宁区,1,064b39ca79dd45ee2fb96dbb,118.8637936841959,31.7671234214921,13
9201,紫荆苑,118.866724,31.769329,江苏省南京市江宁区禄口街道高伏社区大伏译路紫荆苑,江苏省,南京市,江宁区,1,064b39ca79dd45ee2fb96dbb,118.86415300639989,31.7672193585568,14
9201,紫荆苑,118.866724,31.769329,江苏省南京市江宁区禄口街道高伏社区大伏译路紫荆苑,江苏省,南京市,江宁区,1,064b39ca79dd45ee2fb96dbb,118.87002549901025,31.769298251701702,15
9201,紫荆苑,118.866724,31.769329,江苏省南京市江宁区禄口街道高伏社区大伏译路紫荆苑,江苏省,南京市,江宁区,1,064b39ca79dd45ee2fb96dbb,118.86874783908343,31.77158239334187,16
9201,紫荆苑,118.866724,31.769329,江苏省南京市江宁区禄口街道高伏社区大伏译路紫荆苑,江苏省,南京市,江宁区,1,064b39ca79dd45ee2fb96dbb,118.86528037981492,31.77022021922776,17
